# 260410_14:46:02.964474
t	CH1	CH2
0.000000e+00	5.488034e-04	-6.616691e-02
1.000000e-08	1.080075e-02	-3.289235e-01
2.000000e-08	-8.313727e-03	-6.102381e-01
3.000000e-08	6.054135e-03	-8.657983e-01
4.000000e-08	-6.321851e-03	-1.169055e+00
5.000000e-08	5.013322e-03	-1.515921e+00
6.000000e-08	-4.786538e-03	-1.708351e+00
7.000000e-08	2.640316e-02	-2.001026e+00
8.000000e-08	7.661398e-02	-2.224068e+00
9.000000e-08	1.966167e-02	-2.591962e+00
1.000000e-07	-9.891391e-02	-2.950982e+00
1.100000e-07	2.474402e-02	-3.335349e+00
1.200000e-07	-5.536590e-02	-3.539424e+00
1.300000e-07	-1.623294e-02	-3.840432e+00
1.400000e-07	-7.343553e-02	-4.063611e+00
1.500000e-07	2.215934e-01	-4.222111e+00
1.600000e-07	-1.890430e-01	-4.518205e+00
1.700000e-07	9.530134e-02	-4.832004e+00
1.800000e-07	6.396958e-02	-5.056217e+00
1.900000e-07	-1.568657e-01	-5.484215e+00
2.000000e-07	1.822297e-01	-5.703695e+00
2.100000e-07	-1.879516e-01	-5.950980e+00
2.200000e-07	1.706040e-01	-6.283616e+00
2.300000e-07	-3.338043e-02	-6.536349e+00
2.400000e-07	-7.588580e-02	-6.830087e+00
2.500000e-07	1.121262e-01	-7.087318e+00
2.600000e-07	-1.556382e-01	-7.359910e+00
2.700000e-07	1.526867e-01	-7.663011e+00
2.800000e-07	-1.130525e-01	-7.938778e+00
2.900000e-07	1.045603e-01	-8.242478e+00
3.000000e-07	-8.891117e-03	-8.443386e+00
3.100000e-07	-8.136357e-02	-8.718746e+00
3.200000e-07	1.090455e-01	-8.950349e+00
3.300000e-07	-1.100246e-01	-9.190859e+00
3.400000e-07	1.099090e-01	-9.422062e+00
3.500000e-07	-1.056070e-01	-9.675039e+00
3.600000e-07	8.621574e-02	-9.906570e+00
3.700000e-07	-3.544067e-02	-1.015572e+01
3.800000e-07	7.170934e-03	-1.044076e+01
3.900000e-07	2.413909e-03	-1.060038e+01
4.000000e-07	-2.383538e-02	-1.086138e+01
4.100000e-07	5.161295e-02	-1.100980e+01
4.200000e-07	-5.421480e-02	-1.126349e+01
4.300000e-07	5.291572e-02	-1.148349e+01
4.400000e-07	-4.435254e-02	-1.170510e+01
4.500000e-07	3.306572e-02	-1.189711e+01
4.600000e-07	-3.973147e-02	-1.208669e+01
4.700000e-07	3.973538e-02	-1.233804e+01
4.800000e-07	-7.169499e-03	-1.250307e+01
4.900000e-07	7.571858e-03	-1.270604e+01
5.000000e-07	-1.534813e-02	-1.286343e+01
5.100000e-07	5.556068e-03	-1.303140e+01
5.200000e-07	3.993334e-03	-1.317028e+01
5.300000e-07	-8.688720e-03	-1.334724e+01
5.400000e-07	8.572937e-03	-1.352556e+01
5.500000e-07	-3.442142e-03	-1.365346e+01
5.600000e-07	9.517667e-03	-1.381035e+01
5.700000e-07	-1.317093e-02	-1.399775e+01
5.800000e-07	1.330995e-02	-1.412607e+01
5.900000e-07	-7.272107e-03	-1.431438e+01
6.000000e-07	5.593680e-03	-1.441027e+01
6.100000e-07	-5.680401e-03	-1.451611e+01
6.200000e-07	8.907492e-03	-1.467340e+01
6.300000e-07	-6.431408e-03	-1.470709e+01
6.400000e-07	-3.480778e-03	-1.489288e+01
6.500000e-07	-1.160871e-04	-1.496764e+01
6.600000e-07	4.878495e-03	-1.507393e+01
6.700000e-07	4.468634e-03	-1.514709e+01
6.800000e-07	-1.982426e-03	-1.526225e+01
6.900000e-07	3.381409e-04	-1.534554e+01
7.000000e-07	-3.525674e-03	-1.538927e+01
7.100000e-07	2.193829e-03	-1.543240e+01
7.200000e-07	1.062128e-03	-1.552544e+01
7.300000e-07	5.226148e-04	-1.558717e+01
7.400000e-07	-2.280838e-03	-1.561178e+01
7.500000e-07	9.130959e-04	-1.574383e+01
7.600000e-07	7.366870e-04	-1.575603e+01
7.700000e-07	-6.206322e-04	-1.571714e+01
7.800000e-07	1.479409e-03	-1.580969e+01
7.900000e-07	5.110149e-04	-1.583080e+01
8.000000e-07	7.156476e-04	-1.583032e+01
8.100000e-07	-1.033333e-03	-1.582235e+01
8.200000e-07	1.214946e-05	-1.588232e+01
8.300000e-07	-2.900417e-03	-1.586328e+01
8.400000e-07	-1.207084e-03	-1.588330e+01
8.500000e-07	5.240868e-04	-1.583287e+01
8.600000e-07	1.863368e-03	-1.583030e+01
8.700000e-07	-2.183615e-04	-1.583022e+01
8.800000e-07	-1.689311e-03	-1.579709e+01
8.900000e-07	-9.626191e-04	-1.575706e+01
9.000000e-07	-1.502264e-03	-1.570541e+01
9.100000e-07	-6.457571e-04	-1.565125e+01
9.200000e-07	3.667122e-04	-1.558919e+01
9.300000e-07	3.049364e-04	-1.555857e+01
9.400000e-07	-2.061959e-03	-1.550343e+01
9.500000e-07	-1.168700e-03	-1.542932e+01
9.600000e-07	-8.657540e-04	-1.534801e+01
9.700000e-07	-4.988531e-04	-1.527232e+01
9.800000e-07	-6.316846e-04	-1.523812e+01
9.900000e-07	-4.712195e-04	-1.511295e+01
1.000000e-06	3.166215e-04	-1.501017e+01
1.010000e-06	-2.659621e-03	-1.495651e+01
1.020000e-06	-2.501051e-03	-1.482877e+01
1.030000e-06	-2.453714e-03	-1.471343e+01
1.040000e-06	-1.017334e-04	-1.459721e+01
1.050000e-06	-4.066154e-04	-1.448027e+01
1.060000e-06	-8.528384e-04	-1.438658e+01
1.070000e-06	-2.189346e-03	-1.419767e+01
1.080000e-06	-2.525512e-03	-1.409485e+01
1.090000e-06	-7.900339e-04	-1.394443e+01
1.100000e-06	-2.414747e-03	-1.376761e+01
1.110000e-06	-1.719484e-03	-1.366119e+01
1.120000e-06	-1.997763e-03	-1.341122e+01
1.130000e-06	-7.118552e-04	-1.330390e+01
1.140000e-06	-2.300625e-03	-1.310498e+01
1.150000e-06	-2.286235e-03	-1.296666e+01
1.160000e-06	-1.375825e-03	-1.281961e+01
1.170000e-06	-1.813243e-03	-1.262975e+01
1.180000e-06	-1.951036e-03	-1.243877e+01
1.190000e-06	-2.382606e-03	-1.227088e+01
1.200000e-06	-1.695517e-03	-1.205078e+01
1.210000e-06	-2.983148e-03	-1.190035e+01
1.220000e-06	-4.625633e-03	-1.162032e+01
1.230000e-06	-1.753322e-03	-1.142762e+01
1.240000e-06	-7.145369e-04	-1.114813e+01
1.250000e-06	-2.439280e-03	-1.090708e+01
1.260000e-06	-2.708853e-03	-1.074456e+01
1.270000e-06	-3.362640e-03	-1.054509e+01
1.280000e-06	-2.369884e-03	-1.029495e+01
1.290000e-06	-3.367957e-03	-1.007445e+01
1.300000e-06	-3.003379e-03	-9.841822e+00
1.310000e-06	-1.788905e-03	-9.641195e+00
1.320000e-06	-2.964885e-03	-9.377111e+00
1.330000e-06	-3.626134e-03	-9.145606e+00
1.340000e-06	-3.380419e-03	-8.925557e+00
1.350000e-06	-2.566499e-03	-8.702823e+00
1.360000e-06	-3.239831e-03	-8.409318e+00
1.370000e-06	-2.757704e-03	-8.138662e+00
1.380000e-06	-2.429933e-03	-7.924529e+00
1.390000e-06	-2.894122e-03	-7.622369e+00
1.400000e-06	-3.983989e-03	-7.344181e+00
1.410000e-06	-3.434423e-03	-7.132443e+00
1.420000e-06	-4.310106e-03	-6.851266e+00
1.430000e-06	-2.953942e-03	-6.536687e+00
1.440000e-06	-3.809562e-03	-6.273474e+00
1.450000e-06	-2.552092e-03	-6.000844e+00
1.460000e-06	-5.073708e-03	-5.716608e+00
1.470000e-06	-3.713157e-03	-5.490864e+00
1.480000e-06	-3.986401e-03	-5.145677e+00
1.490000e-06	-4.366155e-03	-4.849817e+00
1.500000e-06	-3.883646e-03	-4.524684e+00
1.510000e-06	-3.000624e-03	-4.272927e+00
1.520000e-06	-4.723348e-03	-3.999718e+00
1.530000e-06	-3.748279e-03	-3.663104e+00
1.540000e-06	-4.838427e-03	-3.440894e+00
1.550000e-06	-4.503440e-03	-3.153832e+00
1.560000e-06	-5.759718e-03	-2.840998e+00
1.570000e-06	-3.418381e-03	-2.565286e+00
1.580000e-06	-5.211915e-03	-2.274573e+00
1.590000e-06	-3.799847e-03	-1.977812e+00
1.600000e-06	-6.133193e-03	-1.694153e+00
1.610000e-06	-3.814291e-03	-1.338761e+00
1.620000e-06	-4.604496e-03	-1.070974e+00
1.630000e-06	-4.129170e-03	-7.858609e-01
1.640000e-06	-5.131707e-03	-4.204988e-01
1.650000e-06	-3.705188e-03	-1.993382e-01
1.660000e-06	1.549432e-03	9.522586e-02
1.670000e-06	6.587158e-03	3.820041e-01
1.680000e-06	-7.164051e-03	6.732906e-01
1.690000e-06	5.780411e-03	8.964560e-01
1.700000e-06	-6.478562e-03	1.242039e+00
1.710000e-06	2.840491e-03	1.499980e+00
1.720000e-06	-5.452427e-03	1.833110e+00
1.730000e-06	1.802492e-02	2.043639e+00
1.740000e-06	3.410859e-02	2.305896e+00
1.750000e-06	8.926600e-02	2.603220e+00
1.760000e-06	-9.326308e-02	2.988456e+00
1.770000e-06	-1.346171e-02	3.236242e+00
1.780000e-06	-4.347363e-02	3.579853e+00
1.790000e-06	1.033340e-02	3.822588e+00
1.800000e-06	-5.621323e-02	4.023570e+00
1.810000e-06	7.525055e-03	4.297274e+00
1.820000e-06	8.435402e-02	4.558483e+00
1.830000e-06	-5.649413e-02	4.885714e+00
1.840000e-06	-1.367743e-02	5.169429e+00
1.850000e-06	1.322744e-01	5.455116e+00
1.860000e-06	-1.801120e-01	5.757875e+00
1.870000e-06	1.116480e-01	6.032536e+00
1.880000e-06	-6.117498e-02	6.294747e+00
1.890000e-06	6.849548e-02	6.570900e+00
1.900000e-06	-2.961734e-02	6.872113e+00
1.910000e-06	-4.656268e-02	7.139776e+00
1.920000e-06	5.148361e-02	7.394057e+00
1.930000e-06	-5.181291e-02	7.747245e+00
1.940000e-06	5.254429e-02	7.969304e+00
1.950000e-06	-5.881496e-02	8.264091e+00
1.960000e-06	5.153967e-02	8.496666e+00
1.970000e-06	-4.713322e-03	8.715743e+00
1.980000e-06	-3.459319e-02	9.010274e+00
1.990000e-06	3.287485e-02	9.191908e+00
2.000000e-06	-4.024603e-02	9.462485e+00
2.010000e-06	2.958334e-02	9.684669e+00
2.020000e-06	-2.844937e-02	9.937195e+00
2.030000e-06	2.963688e-02	1.016980e+01
2.040000e-06	-3.218414e-02	1.037980e+01
2.050000e-06	4.742416e-03	1.069198e+01
2.060000e-06	-6.221772e-03	1.086193e+01
2.070000e-06	3.323998e-03	1.104203e+01
2.080000e-06	2.359103e-03	1.134404e+01
2.090000e-06	-1.905251e-02	1.147657e+01
2.100000e-06	9.776328e-03	1.176806e+01
2.110000e-06	-7.036662e-03	1.193722e+01
2.120000e-06	3.213273e-03	1.215567e+01
2.130000e-06	-2.178469e-02	1.233751e+01
2.140000e-06	1.467517e-02	1.251769e+01
2.150000e-06	-1.563442e-03	1.272399e+01
2.160000e-06	-3.119573e-03	1.287351e+01
2.170000e-06	-1.688278e-02	1.303283e+01
2.180000e-06	-5.471023e-04	1.321975e+01
2.190000e-06	1.531797e-04	1.340029e+01
2.200000e-06	-7.945709e-03	1.350762e+01
2.210000e-06	-2.617124e-03	1.373392e+01
2.220000e-06	-4.616904e-03	1.386333e+01
2.230000e-06	1.456619e-03	1.402073e+01
2.240000e-06	-1.004728e-02	1.417054e+01
2.250000e-06	-1.369449e-04	1.431504e+01
2.260000e-06	-8.854386e-03	1.439333e+01
2.270000e-06	-1.462451e-03	1.457914e+01
2.280000e-06	-4.352833e-03	1.468343e+01
2.290000e-06	-3.326533e-03	1.479972e+01
2.300000e-06	-9.430768e-03	1.491349e+01
2.310000e-06	-1.025926e-02	1.497824e+01
2.320000e-06	1.426678e-03	1.502443e+01
2.330000e-06	-3.787405e-03	1.518817e+01
2.340000e-06	-2.525526e-03	1.526198e+01
2.350000e-06	-9.051389e-03	1.538656e+01
2.360000e-06	-1.748004e-03	1.542025e+01
2.370000e-06	-7.668358e-03	1.546445e+01
2.380000e-06	-4.692134e-03	1.552861e+01
2.390000e-06	-8.355759e-03	1.561920e+01
2.400000e-06	-6.138173e-03	1.570587e+01
2.410000e-06	-4.098048e-03	1.570653e+01
2.420000e-06	-5.939805e-03	1.573651e+01
2.430000e-06	-6.121442e-03	1.576869e+01
2.440000e-06	-8.366262e-03	1.586132e+01
2.450000e-06	-1.991393e-03	1.584185e+01
2.460000e-06	-3.887239e-03	1.586088e+01
2.470000e-06	-5.558811e-03	1.585186e+01
2.480000e-06	-7.831057e-03	1.588443e+01
2.490000e-06	-5.399270e-03	1.584298e+01
2.500000e-06	-5.535088e-03	1.590238e+01
2.510000e-06	-7.780562e-03	1.585240e+01
2.520000e-06	-4.926431e-03	1.587190e+01
2.530000e-06	-5.896657e-03	1.580027e+01
2.540000e-06	-4.572456e-03	1.575767e+01
2.550000e-06	-6.521504e-03	1.578811e+01
2.560000e-06	-5.354801e-03	1.570506e+01
2.570000e-06	-6.908946e-03	1.568433e+01
2.580000e-06	-6.425626e-03	1.563070e+01
2.590000e-06	-4.687826e-03	1.559764e+01
2.600000e-06	-5.283314e-03	1.553443e+01
2.610000e-06	-6.944476e-03	1.547972e+01
2.620000e-06	-7.741454e-03	1.537803e+01
2.630000e-06	-3.762833e-03	1.529340e+01
2.640000e-06	-5.175239e-03	1.522117e+01
2.650000e-06	-5.922196e-03	1.511540e+01
2.660000e-06	-5.569905e-03	1.497924e+01
2.670000e-06	-6.000936e-03	1.490445e+01
2.680000e-06	-5.492771e-03	1.480919e+01
2.690000e-06	-8.709979e-03	1.472443e+01
2.700000e-06	-3.734542e-03	1.460814e+01
2.710000e-06	-5.598663e-03	1.446287e+01
2.720000e-06	-3.908162e-03	1.435549e+01
2.730000e-06	-6.744295e-03	1.421021e+01
2.740000e-06	-7.022737e-03	1.405127e+01
2.750000e-06	-6.731699e-03	1.391246e+01
2.760000e-06	-6.347086e-03	1.376801e+01
2.770000e-06	-6.313837e-03	1.365819e+01
2.780000e-06	-4.339690e-03	1.344037e+01
2.790000e-06	-4.802709e-03	1.327293e+01
2.800000e-06	-5.442966e-03	1.313445e+01
2.810000e-06	-8.034153e-03	1.292553e+01
2.820000e-06	-6.905486e-03	1.274772e+01
2.830000e-06	-6.500240e-03	1.256719e+01
2.840000e-06	-5.737550e-03	1.246022e+01
2.850000e-06	-5.652509e-03	1.222077e+01
2.860000e-06	-6.069486e-03	1.206186e+01
2.870000e-06	-4.752140e-03	1.183984e+01
2.880000e-06	-6.219676e-03	1.165937e+01
2.890000e-06	-5.702362e-03	1.139974e+01
2.900000e-06	-5.231833e-03	1.114816e+01
2.910000e-06	-6.355455e-03	1.098672e+01
2.920000e-06	-5.675380e-03	1.077866e+01
2.930000e-06	-6.453963e-03	1.054605e+01
2.940000e-06	-5.873584e-03	1.028705e+01
2.950000e-06	-5.600449e-03	1.010202e+01
2.960000e-06	-5.994099e-03	9.840870e+00
2.970000e-06	-4.137180e-03	9.618687e+00
2.980000e-06	-6.357926e-03	9.378236e+00
2.990000e-06	-5.421909e-03	9.144632e+00
3.000000e-06	-7.741643e-03	8.915026e+00
3.010000e-06	-4.647523e-03	8.672443e+00
3.020000e-06	-5.937808e-03	8.409792e+00
3.030000e-06	-5.929749e-03	8.136216e+00
3.040000e-06	-6.389446e-03	7.882927e+00
3.050000e-06	-6.034236e-03	7.661868e+00
3.060000e-06	-5.685774e-03	7.337756e+00
3.070000e-06	-6.149775e-03	7.082501e+00
3.080000e-06	-5.058367e-03	6.820791e+00
3.090000e-06	-5.736356e-03	6.536632e+00
3.100000e-06	-5.774235e-03	6.292975e+00
3.110000e-06	-6.279537e-03	6.037371e+00
3.120000e-06	-5.055586e-03	5.726706e+00
3.130000e-06	-5.704058e-03	5.482525e+00
3.140000e-06	-6.055226e-03	5.107606e+00
3.150000e-06	-5.564679e-03	4.807817e+00
3.160000e-06	-4.855347e-03	4.547232e+00
3.170000e-06	-5.599097e-03	4.260998e+00
3.180000e-06	-6.413921e-03	3.956312e+00
3.190000e-06	-5.479709e-03	3.693577e+00
3.200000e-06	-5.369959e-03	3.449970e+00
3.210000e-06	-4.550472e-03	3.104703e+00
3.220000e-06	-5.918606e-03	2.860047e+00
3.230000e-06	-5.083392e-03	2.537258e+00
3.240000e-06	-5.868606e-03	2.260524e+00
3.250000e-06	-5.246223e-03	1.966786e+00
3.260000e-06	-5.068893e-03	1.662994e+00
3.270000e-06	-4.673195e-03	1.355836e+00
3.280000e-06	-4.766789e-03	1.070470e+00
3.290000e-06	-4.042618e-03	7.351806e-01
3.300000e-06	-4.379985e-03	4.314713e-01
3.310000e-06	-2.862654e-03	1.862607e-01
3.320000e-06	1.283551e-03	-1.570034e-01
3.330000e-06	8.125720e-03	-4.105601e-01
3.340000e-06	-7.860936e-03	-7.263171e-01
3.350000e-06	6.270616e-03	-9.280826e-01
3.360000e-06	-7.635932e-03	-1.212662e+00
3.370000e-06	4.520985e-03	-1.610976e+00
3.380000e-06	4.223190e-05	-1.791059e+00
3.390000e-06	3.193458e-02	-2.022963e+00
3.400000e-06	1.000143e-01	-2.306325e+00
3.410000e-06	-5.068413e-02	-2.674722e+00
3.420000e-06	-4.729020e-02	-3.094697e+00
3.430000e-06	-1.092426e-02	-3.380003e+00
3.440000e-06	-2.554245e-02	-3.581507e+00
3.450000e-06	-6.091263e-02	-3.876239e+00
3.460000e-06	1.404839e-02	-4.085716e+00
3.470000e-06	1.685799e-01	-4.305191e+00
3.480000e-06	-2.246506e-01	-4.579979e+00
3.490000e-06	2.019242e-01	-4.895691e+00
3.500000e-06	-8.216815e-02	-5.137906e+00
3.510000e-06	-5.016345e-02	-5.557342e+00
3.520000e-06	1.064857e-01	-5.737802e+00
3.530000e-06	-1.600373e-01	-6.031517e+00
3.540000e-06	2.103654e-01	-6.327741e+00
3.550000e-06	-1.360025e-01	-6.591008e+00
3.560000e-06	2.135445e-02	-6.935616e+00
3.570000e-06	3.378471e-02	-7.148901e+00
3.580000e-06	-1.018512e-01	-7.455618e+00
3.590000e-06	1.481327e-01	-7.748170e+00
3.600000e-06	-1.508398e-01	-8.031482e+00
3.610000e-06	1.737627e-01	-8.274560e+00
3.620000e-06	-1.148376e-01	-8.497266e+00
3.630000e-06	2.190644e-02	-8.780881e+00
3.640000e-06	3.368046e-02	-9.021980e+00
3.650000e-06	-6.344205e-02	-9.292537e+00
3.660000e-06	8.814244e-02	-9.485167e+00
3.670000e-06	-1.066031e-01	-9.717248e+00
3.680000e-06	1.159039e-01	-9.917748e+00
3.690000e-06	-8.493118e-02	-1.018335e+01
3.700000e-06	5.484715e-02	-1.046144e+01
3.710000e-06	-4.692414e-02	-1.066299e+01
3.720000e-06	2.876595e-02	-1.086459e+01
3.730000e-06	7.981428e-03	-1.106449e+01
3.740000e-06	-2.431764e-02	-1.129609e+01
3.750000e-06	3.501145e-02	-1.151609e+01
3.760000e-06	-3.532277e-02	-1.175814e+01
3.770000e-06	2.988523e-02	-1.195822e+01
3.780000e-06	-4.126249e-02	-1.217022e+01
3.790000e-06	5.014847e-02	-1.235677e+01
3.800000e-06	-2.281508e-02	-1.253524e+01
3.810000e-06	1.747542e-02	-1.276816e+01
3.820000e-06	-2.642883e-02	-1.287561e+01
3.830000e-06	2.048370e-02	-1.308351e+01
3.840000e-06	-9.157148e-03	-1.317181e+01
3.850000e-06	2.469124e-03	-1.342120e+01
3.860000e-06	1.529665e-03	-1.355859e+01
3.870000e-06	4.511932e-03	-1.372462e+01
3.880000e-06	2.904008e-03	-1.384196e+01
3.890000e-06	-8.096493e-03	-1.403080e+01
3.900000e-06	9.237842e-03	-1.420662e+01
3.910000e-06	-6.181434e-03	-1.427751e+01
3.920000e-06	6.525761e-03	-1.445083e+01
3.930000e-06	-1.722323e-03	-1.453717e+01
3.940000e-06	7.525547e-03	-1.468389e+01
3.950000e-06	-8.991897e-03	-1.476875e+01
3.960000e-06	-1.440681e-03	-1.489296e+01
3.970000e-06	1.681188e-03	-1.497975e+01
3.980000e-06	5.281022e-03	-1.505445e+01
3.990000e-06	2.001955e-03	-1.518660e+01
4.000000e-06	-1.328284e-03	-1.527386e+01
4.010000e-06	7.207315e-04	-1.533919e+01
4.020000e-06	-2.251904e-03	-1.542029e+01
4.030000e-06	8.828265e-04	-1.549195e+01
4.040000e-06	7.940389e-04	-1.553709e+01
4.050000e-06	-2.235966e-04	-1.560015e+01
4.060000e-06	-4.476175e-04	-1.566930e+01
4.070000e-06	-2.558455e-04	-1.568541e+01
4.080000e-06	-4.649233e-04	-1.575551e+01
4.090000e-06	-2.245126e-03	-1.579964e+01
4.100000e-06	1.433950e-03	-1.580922e+01
4.110000e-06	1.747715e-03	-1.584075e+01
4.120000e-06	6.185533e-04	-1.586027e+01
4.130000e-06	-9.899309e-04	-1.587328e+01
4.140000e-06	-2.016914e-03	-1.588080e+01
4.150000e-06	-1.761528e-03	-1.585140e+01
4.160000e-06	-1.759168e-03	-1.584233e+01
4.170000e-06	2.169153e-03	-1.587175e+01
4.180000e-06	5.125770e-04	-1.587072e+01
4.190000e-06	-1.934120e-04	-1.580817e+01
4.200000e-06	-2.384871e-03	-1.577802e+01
4.210000e-06	-6.355762e-04	-1.579757e+01
4.220000e-06	-1.600314e-04	-1.570493e+01
4.230000e-06	-2.600306e-04	-1.567322e+01
4.240000e-06	5.523496e-04	-1.563820e+01
4.250000e-06	-9.201835e-04	-1.555501e+01
4.260000e-06	-1.514726e-03	-1.549093e+01
4.270000e-06	-1.488884e-03	-1.540924e+01
4.280000e-06	-4.584873e-04	-1.535554e+01
4.290000e-06	-6.238295e-04	-1.527025e+01
4.300000e-06	-2.073206e-04	-1.516756e+01
4.310000e-06	-5.073245e-05	-1.511280e+01
4.320000e-06	-7.679329e-04	-1.501761e+01
4.330000e-06	-1.726654e-03	-1.490395e+01
4.340000e-06	-3.711341e-03	-1.477914e+01
4.350000e-06	-1.377414e-03	-1.465298e+01
4.360000e-06	-9.231874e-04	-1.456701e+01
4.370000e-06	-3.985527e-04	-1.444930e+01
4.380000e-06	-2.067722e-03	-1.421293e+01
4.390000e-06	-1.921005e-03	-1.418859e+01
4.400000e-06	-1.429550e-03	-1.402167e+01
4.410000e-06	-1.073124e-03	-1.384183e+01
4.420000e-06	-8.647437e-04	-1.370498e+01
4.430000e-06	-2.601728e-03	-1.356559e+01
4.440000e-06	-1.981251e-03	-1.340672e+01
4.450000e-06	-2.006550e-03	-1.331285e+01
4.460000e-06	-2.006866e-03	-1.308387e+01
4.470000e-06	-1.981497e-03	-1.293398e+01
4.480000e-06	-1.058183e-03	-1.277648e+01
4.490000e-06	-1.654060e-03	-1.257669e+01
4.500000e-06	-1.541848e-03	-1.241809e+01
4.510000e-06	-2.306273e-03	-1.222927e+01
4.520000e-06	-2.797392e-03	-1.202916e+01
4.530000e-06	-2.949132e-03	-1.175814e+01
4.540000e-06	-4.144242e-03	-1.157458e+01
4.550000e-06	-9.642534e-04	-1.137543e+01
4.560000e-06	-1.825862e-03	-1.114401e+01
4.570000e-06	-2.294113e-03	-1.090200e+01
4.580000e-06	-2.403022e-03	-1.069296e+01
4.590000e-06	-2.565912e-03	-1.053344e+01
4.600000e-06	-2.876195e-03	-1.025229e+01
4.610000e-06	-3.358142e-03	-1.004979e+01
4.620000e-06	-2.876301e-03	-9.808770e+00
4.630000e-06	-2.407425e-03	-9.586688e+00
4.640000e-06	-2.668764e-03	-9.324656e+00
4.650000e-06	-2.790169e-03	-9.093425e+00
4.660000e-06	-2.427719e-03	-8.853499e+00
4.670000e-06	-3.774256e-03	-8.588789e+00
4.680000e-06	-3.019173e-03	-8.347682e+00
4.690000e-06	-3.467094e-03	-8.122608e+00
4.700000e-06	-3.482134e-03	-7.840342e+00
4.710000e-06	-3.377538e-03	-7.616161e+00
4.720000e-06	-3.806269e-03	-7.324049e+00
4.730000e-06	-3.368432e-03	-7.019820e+00
4.740000e-06	-4.979984e-03	-6.735632e+00
4.750000e-06	-2.381753e-03	-6.514054e+00
4.760000e-06	-3.415532e-03	-6.209792e+00
4.770000e-06	-2.470823e-03	-5.955706e+00
4.780000e-06	-5.279648e-03	-5.690453e+00
4.790000e-06	-2.135680e-03	-5.325737e+00
4.800000e-06	-5.249206e-03	-5.070000e+00
4.810000e-06	-3.539041e-03	-4.705678e+00
4.820000e-06	-5.707345e-03	-4.470523e+00
4.830000e-06	-2.859670e-03	-4.231471e+00
4.840000e-06	-4.642273e-03	-3.934104e+00
4.850000e-06	-3.336705e-03	-3.620474e+00
4.860000e-06	-4.872609e-03	-3.377813e+00
4.870000e-06	-4.139178e-03	-3.092074e+00
4.880000e-06	-4.934478e-03	-2.767765e+00
4.890000e-06	-3.985799e-03	-2.523150e+00
4.900000e-06	-5.046459e-03	-2.188787e+00
4.910000e-06	-4.919870e-03	-1.935180e+00
4.920000e-06	-5.635204e-03	-1.642074e+00
4.930000e-06	-3.908163e-03	-1.295102e+00
4.940000e-06	-3.754702e-03	-9.877909e-01
4.950000e-06	-4.430685e-03	-7.016530e-01
4.960000e-06	-3.966902e-03	-3.879184e-01
4.970000e-06	-3.716747e-03	-1.142567e-01
4.980000e-06	4.054461e-03	1.300327e-01
4.990000e-06	-6.434197e-05	4.637644e-01
5.000000e-06	-3.499685e-03	7.668711e-01
5.010000e-06	1.211735e-03	1.002013e+00
5.020000e-06	-2.429478e-03	1.287345e+00
5.030000e-06	-2.327855e-03	1.602561e+00
5.040000e-06	4.826585e-03	1.925318e+00
5.050000e-06	1.575179e-02	2.095795e+00
5.060000e-06	5.721200e-02	2.359056e+00
5.070000e-06	5.467428e-02	2.718802e+00
5.080000e-06	-1.016997e-01	3.087667e+00
5.090000e-06	-5.335770e-03	3.337824e+00
5.100000e-06	-4.390524e-02	3.622060e+00
5.110000e-06	9.868077e-03	3.887213e+00
5.120000e-06	-5.992386e-02	4.106325e+00
5.130000e-06	2.836246e-02	4.398879e+00
5.140000e-06	8.934633e-02	4.673062e+00
5.150000e-06	-1.236719e-01	4.978400e+00
5.160000e-06	1.018687e-01	5.253534e+00
5.170000e-06	1.384140e-02	5.567826e+00
5.180000e-06	-1.079688e-01	5.870961e+00
5.190000e-06	8.466161e-02	6.116216e+00
5.200000e-06	-5.301782e-02	6.358958e+00
5.210000e-06	7.423678e-02	6.673058e+00
5.220000e-06	-5.983291e-02	6.946799e+00
5.230000e-06	-7.792517e-03	7.172031e+00
5.240000e-06	2.465084e-02	7.517170e+00
5.250000e-06	-3.519645e-02	7.778850e+00
5.260000e-06	4.498058e-02	8.055608e+00
5.270000e-06	-5.814795e-02	8.325824e+00
5.280000e-06	6.646526e-02	8.525821e+00
5.290000e-06	-3.801835e-02	8.802001e+00
5.300000e-06	-8.712954e-03	9.042334e+00
5.310000e-06	2.029036e-02	9.254663e+00
5.320000e-06	-3.465026e-02	9.525713e+00
5.330000e-06	3.238301e-02	9.769250e+00
5.340000e-06	-3.124204e-02	9.990383e+00
5.350000e-06	3.495210e-02	1.024090e+01
5.360000e-06	-4.392964e-02	1.043503e+01
5.370000e-06	1.669316e-02	1.069609e+01
5.380000e-06	-1.413953e-02	1.090661e+01
5.390000e-06	7.599891e-03	1.110509e+01
5.400000e-06	-1.927724e-03	1.133464e+01
5.410000e-06	-1.607893e-02	1.159865e+01
5.420000e-06	1.451536e-02	1.175043e+01
5.430000e-06	-1.410228e-02	1.197835e+01
5.440000e-06	3.507612e-03	1.220829e+01
5.450000e-06	-2.070297e-02	1.238879e+01
5.460000e-06	1.912080e-02	1.256827e+01
5.470000e-06	-6.636904e-03	1.271666e+01
5.480000e-06	-7.407479e-03	1.292464e+01
5.490000e-06	-1.279660e-02	1.306448e+01
5.500000e-06	-1.501340e-05	1.328245e+01
5.510000e-06	9.024091e-04	1.343033e+01
5.520000e-06	-9.925530e-03	1.353927e+01
5.530000e-06	1.962248e-03	1.374561e+01
5.540000e-06	-6.213435e-03	1.386400e+01
5.550000e-06	1.088075e-03	1.407577e+01
5.560000e-06	-9.916611e-03	1.415923e+01
5.570000e-06	-2.868159e-04	1.434609e+01
5.580000e-06	-8.231789e-03	1.448441e+01
5.590000e-06	-3.118675e-03	1.461022e+01
5.600000e-06	-3.281778e-03	1.469604e+01
5.610000e-06	-5.401719e-03	1.482135e+01
5.620000e-06	-7.784212e-03	1.491603e+01
5.630000e-06	-8.020924e-03	1.500027e+01
5.640000e-06	1.738704e-03	1.507341e+01
5.650000e-06	-5.336896e-03	1.515872e+01
5.660000e-06	-4.072593e-03	1.524181e+01
5.670000e-06	-5.703863e-03	1.538801e+01
5.680000e-06	-4.264735e-03	1.547370e+01
5.690000e-06	-7.149438e-03	1.550451e+01
5.700000e-06	-8.076037e-03	1.552814e+01
5.710000e-06	-4.379803e-03	1.565965e+01
5.720000e-06	-5.567068e-03	1.570383e+01
5.730000e-06	-3.426368e-04	1.571461e+01
5.740000e-06	-6.866897e-03	1.575761e+01
5.750000e-06	-7.064219e-03	1.578870e+01
5.760000e-06	-7.603368e-03	1.582127e+01
5.770000e-06	-2.559489e-03	1.587283e+01
5.780000e-06	-4.184133e-03	1.587338e+01
5.790000e-06	-8.134439e-03	1.586243e+01
5.800000e-06	-5.336388e-03	1.589396e+01
5.810000e-06	-6.310781e-03	1.586345e+01
5.820000e-06	-4.509947e-03	1.586235e+01
5.830000e-06	-8.368552e-03	1.585040e+01
5.840000e-06	-4.298143e-03	1.581028e+01
5.850000e-06	-5.814171e-03	1.583032e+01
5.860000e-06	-5.735964e-03	1.582827e+01
5.870000e-06	-7.149513e-03	1.575616e+01
5.880000e-06	-5.773568e-03	1.572503e+01
5.890000e-06	-5.931333e-03	1.568183e+01
5.900000e-06	-6.883291e-03	1.565117e+01
5.910000e-06	-3.260505e-03	1.558651e+01
5.920000e-06	-5.531739e-03	1.551485e+01
5.930000e-06	-6.241893e-03	1.541969e+01
5.940000e-06	-6.987186e-03	1.538754e+01
5.950000e-06	-5.029900e-03	1.531428e+01
5.960000e-06	-5.881634e-03	1.517809e+01
5.970000e-06	-6.720426e-03	1.511396e+01
5.980000e-06	-4.221357e-03	1.495919e+01
5.990000e-06	-5.704459e-03	1.493393e+01
6.000000e-06	-4.658849e-03	1.479859e+01
6.010000e-06	-7.949539e-03	1.466093e+01
6.020000e-06	-3.753010e-03	1.459649e+01
6.030000e-06	-5.593570e-03	1.445137e+01
6.040000e-06	-4.993298e-03	1.430345e+01
6.050000e-06	-7.327380e-03	1.417559e+01
6.060000e-06	-6.064384e-03	1.403124e+01
6.070000e-06	-6.746440e-03	1.388080e+01
6.080000e-06	-6.186763e-03	1.371648e+01
6.090000e-06	-6.328951e-03	1.354713e+01
6.100000e-06	-5.808774e-03	1.340817e+01
6.110000e-06	-5.368593e-03	1.328182e+01
6.120000e-06	-5.361743e-03	1.310340e+01
6.130000e-06	-5.699721e-03	1.292543e+01
6.140000e-06	-6.810569e-03	1.274456e+01
6.150000e-06	-5.781939e-03	1.257764e+01
6.160000e-06	-5.971606e-03	1.240714e+01
6.170000e-06	-6.141806e-03	1.218764e+01
6.180000e-06	-6.090312e-03	1.200916e+01
6.190000e-06	-6.011132e-03	1.180711e+01
6.200000e-06	-5.905503e-03	1.159709e+01
6.210000e-06	-5.832257e-03	1.134606e+01
6.220000e-06	-5.915887e-03	1.110551e+01
6.230000e-06	-6.378936e-03	1.092460e+01
6.240000e-06	-6.311826e-03	1.072345e+01
6.250000e-06	-5.413882e-03	1.047145e+01
6.260000e-06	-6.322213e-03	1.027097e+01
6.270000e-06	-6.192993e-03	1.005984e+01
6.280000e-06	-7.370221e-03	9.798264e+00
6.290000e-06	-4.846734e-03	9.516634e+00
6.300000e-06	-5.790897e-03	9.346682e+00
6.310000e-06	-5.871310e-03	9.093882e+00
6.320000e-06	-6.111141e-03	8.880813e+00
6.330000e-06	-6.309241e-03	8.599819e+00
6.340000e-06	-7.910037e-03	8.376634e+00
6.350000e-06	-4.726508e-03	8.104001e+00
6.360000e-06	-6.643862e-03	7.860816e+00
6.370000e-06	-2.414266e-03	7.565634e+00
6.380000e-06	-5.718724e-03	7.286024e+00
6.390000e-06	-7.390159e-03	7.010819e+00
6.400000e-06	-5.679509e-03	6.755688e+00
6.410000e-06	-8.229940e-03	6.494399e+00
6.420000e-06	-4.478772e-03	6.220844e+00
6.430000e-06	-6.180401e-03	5.976160e+00
6.440000e-06	-5.664881e-03	5.642146e+00
6.450000e-06	-4.705001e-03	5.399265e+00
6.460000e-06	-5.589923e-03	5.092342e+00
6.470000e-06	-4.562983e-03	4.756705e+00
6.480000e-06	-5.773148e-03	4.481553e+00
6.490000e-06	-4.958169e-03	4.208414e+00
6.500000e-06	-5.594419e-03	3.892653e+00
6.510000e-06	-6.900535e-03	3.629969e+00
6.520000e-06	-6.599349e-03	3.325106e+00
6.530000e-06	-5.392973e-03	3.050944e+00
6.540000e-06	-4.178279e-03	2.808338e+00
6.550000e-06	-4.162609e-03	2.441123e+00
6.560000e-06	-4.258695e-03	2.189261e+00
6.570000e-06	-5.168508e-03	1.954678e+00
6.580000e-06	-5.573011e-03	1.587838e+00
6.590000e-06	-5.558463e-03	1.281149e+00
6.600000e-06	-4.741675e-03	9.577544e-01
6.610000e-06	-5.636618e-03	6.825715e-01
6.620000e-06	-3.884439e-03	3.963859e-01
6.630000e-06	-2.681480e-03	6.155151e-02
6.640000e-06	5.312603e-03	-2.001115e-01
6.650000e-06	2.800628e-03	-4.721672e-01
6.660000e-06	-3.302312e-03	-7.894551e-01
6.670000e-06	1.885561e-03	-1.053062e+00
6.680000e-06	-2.640035e-03	-1.338928e+00
6.690000e-06	-3.897964e-04	-1.611459e+00
6.700000e-06	9.315861e-03	-1.873637e+00
6.710000e-06	3.746284e-02	-2.033768e+00
6.720000e-06	1.049288e-01	-2.391988e+00
6.730000e-06	-1.071556e-01	-2.789929e+00
6.740000e-06	5.753207e-03	-3.179979e+00
6.750000e-06	-4.845249e-02	-3.433659e+00
6.760000e-06	2.574718e-03	-3.622014e+00
6.770000e-06	-1.043046e-01	-3.939400e+00
6.780000e-06	1.210652e-01	-4.127773e+00
6.790000e-06	6.842645e-02	-4.337955e+00
6.800000e-06	-1.735258e-01	-4.694595e+00
6.810000e-06	2.332920e-01	-4.916849e+00
6.820000e-06	-1.979737e-01	-5.233165e+00
6.830000e-06	8.582925e-02	-5.600925e+00
6.840000e-06	-9.703830e-03	-5.801462e+00
6.850000e-06	-6.953533e-02	-6.135749e+00
6.860000e-06	1.764557e-01	-6.369952e+00
6.870000e-06	-1.836039e-01	-6.663641e+00
6.880000e-06	1.063272e-01	-6.997798e+00
6.890000e-06	-6.289251e-02	-7.234486e+00
6.900000e-06	-1.031334e-02	-7.517774e+00
6.910000e-06	8.235269e-02	-7.790432e+00
6.920000e-06	-1.123140e-01	-8.093766e+00
6.930000e-06	1.783643e-01	-8.287641e+00
6.940000e-06	-1.748377e-01	-8.569353e+00
6.950000e-06	1.067423e-01	-8.854886e+00
6.960000e-06	-5.115534e-02	-9.095015e+00
6.970000e-06	1.254078e-02	-9.317198e+00
6.980000e-06	2.660239e-02	-9.567797e+00
6.990000e-06	-6.156892e-02	-9.770403e+00
7.000000e-06	9.403415e-02	-9.970879e+00
7.010000e-06	-9.347091e-02	-1.028443e+01
7.020000e-06	7.580866e-02	-1.050464e+01
7.030000e-06	-7.349154e-02	-1.072619e+01
7.040000e-06	6.831594e-02	-1.093625e+01
7.050000e-06	-3.663269e-02	-1.112712e+01
7.060000e-06	1.501478e-02	-1.131672e+01
7.070000e-06	2.758425e-03	-1.154922e+01
7.080000e-06	-1.094601e-02	-1.183033e+01
7.090000e-06	8.648714e-03	-1.201923e+01
7.100000e-06	-2.232567e-02	-1.220138e+01
7.110000e-06	4.261579e-02	-1.235733e+01
7.120000e-06	-2.248129e-02	-1.260773e+01
7.130000e-06	1.734659e-02	-1.272815e+01
7.140000e-06	-2.632992e-02	-1.294715e+01
7.150000e-06	2.351224e-02	-1.312551e+01
7.160000e-06	-1.751574e-02	-1.330245e+01
7.170000e-06	1.092136e-02	-1.343186e+01
7.180000e-06	-4.677853e-03	-1.361018e+01
7.190000e-06	9.516435e-03	-1.374674e+01
7.200000e-06	-7.238085e-03	-1.390446e+01
7.210000e-06	1.740305e-03	-1.405338e+01
7.220000e-06	3.595919e-03	-1.424015e+01
7.230000e-06	-1.167246e-03	-1.433852e+01
7.240000e-06	7.445263e-04	-1.446240e+01
7.250000e-06	2.315566e-03	-1.456932e+01
7.260000e-06	4.221712e-03	-1.472449e+01
7.270000e-06	-8.365104e-03	-1.483037e+01
7.280000e-06	-9.853419e-04	-1.490601e+01
7.290000e-06	2.077987e-03	-1.504030e+01
7.300000e-06	5.435847e-03	-1.506693e+01
7.310000e-06	3.910415e-04	-1.517917e+01
7.320000e-06	7.828702e-05	-1.529343e+01
7.330000e-06	-5.466026e-04	-1.536757e+01
7.340000e-06	-1.251934e-03	-1.542175e+01
7.350000e-06	6.469376e-04	-1.550346e+01
7.360000e-06	9.417421e-04	-1.554762e+01
7.370000e-06	-1.739538e-03	-1.561075e+01
7.380000e-06	-4.499502e-04	-1.565143e+01
7.390000e-06	2.775928e-04	-1.572503e+01
7.400000e-06	6.962342e-04	-1.577601e+01
7.410000e-06	3.169096e-04	-1.577812e+01
7.420000e-06	9.228092e-04	-1.584877e+01
7.430000e-06	9.467496e-04	-1.584024e+01
7.440000e-06	-1.205385e-03	-1.589082e+01
7.450000e-06	1.543005e-04	-1.584333e+01
7.460000e-06	-2.477476e-03	-1.589385e+01
7.470000e-06	-2.053299e-03	-1.593233e+01
7.480000e-06	-6.083228e-04	-1.587280e+01
7.490000e-06	2.466026e-03	-1.586027e+01
7.500000e-06	4.250226e-04	-1.583010e+01
7.510000e-06	-9.257225e-04	-1.576925e+01
7.520000e-06	-1.924398e-03	-1.578754e+01
7.530000e-06	-9.148454e-04	-1.573598e+01
7.540000e-06	-1.165653e-03	-1.566293e+01
7.550000e-06	-6.851388e-04	-1.564270e+01
7.560000e-06	1.097528e-03	-1.561912e+01
7.570000e-06	-6.843746e-04	-1.555551e+01
7.580000e-06	-2.080691e-03	-1.542183e+01
7.590000e-06	-2.316381e-03	-1.540619e+01
7.600000e-06	4.333646e-05	-1.534586e+01
7.610000e-06	-1.136091e-03	-1.519870e+01
7.620000e-06	-1.474959e-03	-1.513554e+01
7.630000e-06	-8.050178e-04	-1.509942e+01
7.640000e-06	-1.101709e-03	-1.498706e+01
7.650000e-06	-1.646626e-03	-1.490188e+01
7.660000e-06	-2.553309e-03	-1.476756e+01
7.670000e-06	-7.188286e-04	-1.467133e+01
7.680000e-06	-1.404053e-03	-1.452245e+01
7.690000e-06	-5.996545e-04	-1.441969e+01
7.700000e-06	-1.530036e-03	-1.429233e+01
7.710000e-06	-1.101023e-03	-1.412599e+01
7.720000e-06	-1.570863e-03	-1.400961e+01
7.730000e-06	-2.570770e-03	-1.384270e+01
7.740000e-06	-1.870684e-03	-1.369238e+01
7.750000e-06	-2.248035e-03	-1.356598e+01
7.760000e-06	-1.538650e-03	-1.339811e+01
7.770000e-06	-3.018144e-03	-1.319832e+01
7.780000e-06	-2.042175e-03	-1.308185e+01
7.790000e-06	-1.441458e-03	-1.289243e+01
7.800000e-06	-1.589783e-03	-1.270396e+01
7.810000e-06	-2.029549e-03	-1.252448e+01
7.820000e-06	-1.988241e-03	-1.237513e+01
7.830000e-06	-1.849251e-03	-1.218919e+01
7.840000e-06	-2.962215e-03	-1.199714e+01
7.850000e-06	-2.984504e-03	-1.172609e+01
7.860000e-06	-2.060075e-03	-1.154483e+01
7.870000e-06	-1.241360e-03	-1.130040e+01
7.880000e-06	-2.391425e-03	-1.107290e+01
7.890000e-06	-1.962332e-03	-1.086190e+01
7.900000e-06	-2.300679e-03	-1.066127e+01
7.910000e-06	-2.322530e-03	-1.046867e+01
7.920000e-06	-3.153854e-03	-1.021874e+01
7.930000e-06	-2.411267e-03	-9.935185e+00
7.940000e-06	-1.734103e-03	-9.756590e+00
7.950000e-06	-3.261786e-03	-9.525005e+00
7.960000e-06	-3.785611e-03	-9.283298e+00
7.970000e-06	-3.173054e-03	-9.049697e+00
7.980000e-06	-3.369734e-03	-8.818808e+00
7.990000e-06	-3.132310e-03	-8.556156e+00
8.000000e-06	-2.621511e-03	-8.343051e+00
8.010000e-06	-2.736614e-03	-8.079924e+00
8.020000e-06	-3.684684e-03	-7.766633e+00
8.030000e-06	-3.644013e-03	-7.494000e+00
8.040000e-06	-4.170064e-03	-7.199762e+00
8.050000e-06	-3.343435e-03	-6.965181e+00
8.060000e-06	-4.249800e-03	-6.692450e+00
8.070000e-06	-2.183110e-03	-6.409372e+00
8.080000e-06	-6.584762e-03	-6.146108e+00
8.090000e-06	-1.708444e-03	-5.891498e+00
8.100000e-06	-7.237448e-03	-5.618311e+00
8.110000e-06	-2.587329e-04	-5.292978e+00
8.120000e-06	-5.444866e-03	-5.009313e+00
8.130000e-06	-7.581741e-04	-4.632548e+00
8.140000e-06	-6.230729e-03	-4.379369e+00
8.150000e-06	-5.745023e-03	-4.137561e+00
8.160000e-06	-5.520938e-03	-3.811471e+00
8.170000e-06	-5.113270e-03	-3.557861e+00
8.180000e-06	-4.601432e-03	-3.283576e+00
8.190000e-06	-5.547811e-03	-2.958387e+00
8.200000e-06	-4.601661e-03	-2.733631e+00
8.210000e-06	-1.531865e-03	-2.439897e+00
8.220000e-06	-3.093143e-03	-2.144153e+00
8.230000e-06	-4.739471e-03	-1.850499e+00
8.240000e-06	-5.281241e-03	-1.555212e+00
8.250000e-06	-6.474253e-03	-1.208471e+00
8.260000e-06	-4.664720e-03	-9.061553e-01
8.270000e-06	-7.589696e-03	-6.209710e-01
8.280000e-06	-3.338799e-03	-3.541605e-01
8.290000e-06	-3.499363e-03	-6.354457e-02
8.300000e-06	1.034372e-02	2.447405e-01
8.310000e-06	-4.463178e-03	5.068936e-01
8.320000e-06	4.422407e-03	7.405038e-01
8.330000e-06	-2.314653e-03	1.117797e+00
8.340000e-06	1.809370e-03	1.369505e+00
8.350000e-06	-6.901464e-03	1.684844e+00
8.360000e-06	7.769459e-03	1.928850e+00
8.370000e-06	1.295569e-02	2.149530e+00
8.380000e-06	8.182292e-02	2.474594e+00
8.390000e-06	3.454484e-03	2.831588e+00
8.400000e-06	-7.868384e-02	3.147373e+00
8.410000e-06	-1.223061e-02	3.401136e+00
8.420000e-06	-2.518187e-02	3.674717e+00
8.430000e-06	-7.792629e-03	3.997920e+00
8.440000e-06	-4.557635e-02	4.180002e+00
8.450000e-06	4.479877e-02	4.392057e+00
8.460000e-06	6.984000e-02	4.726850e+00
8.470000e-06	-1.553154e-01	5.069412e+00
8.480000e-06	1.871429e-01	5.296171e+00
8.490000e-06	-1.088432e-01	5.610016e+00
8.500000e-06	-3.054835e-03	5.909248e+00
8.510000e-06	3.050499e-02	6.130352e+00
8.520000e-06	-1.406201e-02	6.441033e+00
8.530000e-06	5.265573e-02	6.716824e+00
8.540000e-06	-8.080064e-02	7.000456e+00
8.550000e-06	2.773105e-02	7.314590e+00
8.560000e-06	-1.047836e-02	7.569452e+00
8.570000e-06	2.288723e-04	7.841083e+00
8.580000e-06	1.182733e-02	8.117268e+00
8.590000e-06	-3.262709e-02	8.350477e+00
8.600000e-06	6.109529e-02	8.608931e+00
8.610000e-06	-5.421723e-02	8.802011e+00
8.620000e-06	1.762322e-02	9.105567e+00
8.630000e-06	-2.618167e-03	9.327244e+00
8.640000e-06	-1.751718e-02	9.558252e+00
8.650000e-06	1.586606e-02	9.810479e+00
8.660000e-06	-1.841305e-02	1.008404e+01
8.670000e-06	2.133845e-02	1.025514e+01
8.680000e-06	-3.806059e-02	1.052509e+01
8.690000e-06	1.677322e-02	1.076770e+01
8.700000e-06	-1.221766e-02	1.089575e+01
8.710000e-06	1.158009e-02	1.113872e+01
8.720000e-06	-9.153863e-03	1.136988e+01
8.730000e-06	-9.267394e-03	1.164088e+01
8.740000e-06	8.924458e-03	1.183188e+01
8.750000e-06	-1.213520e-02	1.205238e+01
8.760000e-06	-3.008514e-03	1.223088e+01
8.770000e-06	-1.096383e-02	1.240925e+01
8.780000e-06	1.544748e-02	1.259885e+01
8.790000e-06	-7.620357e-03	1.273880e+01
8.800000e-06	-9.693433e-03	1.296716e+01
8.810000e-06	-6.681913e-03	1.312811e+01
8.820000e-06	-4.643996e-04	1.333511e+01
8.830000e-06	-1.612635e-03	1.343240e+01
8.840000e-06	-1.183061e-02	1.358873e+01
8.850000e-06	1.666308e-03	1.378817e+01
8.860000e-06	-4.826691e-03	1.389796e+01
8.870000e-06	-1.446084e-03	1.404296e+01
8.880000e-06	-7.712620e-03	1.417288e+01
8.890000e-06	-3.755866e-03	1.443062e+01
8.900000e-06	-4.829840e-03	1.453501e+01
8.910000e-06	-4.589405e-03	1.462187e+01
8.920000e-06	-9.508729e-04	1.472819e+01
8.930000e-06	-9.554922e-03	1.489333e+01
8.940000e-06	-7.557885e-03	1.493516e+01
8.950000e-06	-5.613066e-03	1.505230e+01
8.960000e-06	1.732752e-03	1.510754e+01
8.970000e-06	-6.257420e-03	1.517975e+01
8.980000e-06	-6.739398e-03	1.532391e+01
8.990000e-06	-3.234098e-03	1.541722e+01
9.000000e-06	-4.606024e-03	1.546345e+01
9.010000e-06	-4.722403e-03	1.551543e+01
9.020000e-06	-9.596592e-03	1.558119e+01
9.030000e-06	-4.254859e-03	1.565183e+01
9.040000e-06	-6.461651e-03	1.574400e+01
9.050000e-06	-2.792753e-03	1.572657e+01
9.060000e-06	-7.106918e-03	1.576867e+01
9.070000e-06	-7.699196e-03	1.579770e+01
9.080000e-06	-4.229214e-03	1.581127e+01
9.090000e-06	-1.603798e-03	1.585280e+01
9.100000e-06	-2.706965e-03	1.588235e+01
9.110000e-06	-1.050669e-02	1.584148e+01
9.120000e-06	-4.901175e-03	1.587295e+01
9.130000e-06	-6.338760e-03	1.589245e+01
9.140000e-06	-4.105336e-03	1.587288e+01
9.150000e-06	-8.082642e-03	1.585183e+01
9.160000e-06	-4.334667e-03	1.584130e+01
9.170000e-06	-5.053814e-03	1.583882e+01
9.180000e-06	-5.680092e-03	1.577917e+01
9.190000e-06	-4.995132e-03	1.573709e+01
9.200000e-06	-6.432239e-03	1.569541e+01
9.210000e-06	-4.863250e-03	1.565235e+01
9.220000e-06	-6.664473e-03	1.555974e+01
9.230000e-06	-3.705093e-03	1.558606e+01
9.240000e-06	-6.581454e-03	1.548240e+01
9.250000e-06	-6.780756e-03	1.539859e+01
9.260000e-06	-6.673928e-03	1.533543e+01
9.270000e-06	-6.489158e-03	1.528187e+01
9.280000e-06	-4.690903e-03	1.518654e+01
9.290000e-06	-6.286773e-03	1.510235e+01
9.300000e-06	-4.092983e-03	1.495762e+01
9.310000e-06	-7.481483e-03	1.490035e+01
9.320000e-06	-6.696950e-03	1.475761e+01
9.330000e-06	-6.226604e-03	1.463029e+01
9.340000e-06	-4.306760e-03	1.455600e+01
9.350000e-06	-5.665979e-03	1.440020e+01
9.360000e-06	-6.766435e-03	1.430130e+01
9.370000e-06	-5.471616e-03	1.411696e+01
9.380000e-06	-7.011894e-03	1.395819e+01
9.390000e-06	-5.249398e-03	1.385979e+01
9.400000e-06	-6.260600e-03	1.367480e+01
9.410000e-06	-5.109645e-03	1.353543e+01
9.420000e-06	-7.263079e-03	1.336608e+01
9.430000e-06	-4.600926e-03	1.324122e+01
9.440000e-06	-5.670427e-03	1.303879e+01
9.450000e-06	-5.770132e-03	1.288543e+01
9.460000e-06	-7.385776e-03	1.268490e+01
9.470000e-06	-5.526559e-03	1.249511e+01
9.480000e-06	-6.583437e-03	1.234601e+01
9.490000e-06	-5.774391e-03	1.213452e+01
9.500000e-06	-6.762071e-03	1.191656e+01
9.510000e-06	-6.701343e-03	1.174556e+01
9.520000e-06	-6.504932e-03	1.152596e+01
9.530000e-06	-5.538094e-03	1.128340e+01
9.540000e-06	-5.778749e-03	1.107397e+01
9.550000e-06	-5.773432e-03	1.089402e+01
9.560000e-06	-6.536041e-03	1.065232e+01
9.570000e-06	-5.874433e-03	1.044982e+01
9.580000e-06	-5.981943e-03	1.021776e+01
9.590000e-06	-5.565259e-03	9.986737e+00
9.600000e-06	-6.213701e-03	9.745502e+00
9.610000e-06	-5.593945e-03	9.471550e+00
9.620000e-06	-5.548867e-03	9.260523e+00
9.630000e-06	-5.803544e-03	9.059317e+00
9.640000e-06	-5.894253e-03	8.766689e+00
9.650000e-06	-5.980027e-03	8.545182e+00
9.660000e-06	-5.586080e-03	8.294524e+00
9.670000e-06	-5.666124e-03	8.072465e+00
9.680000e-06	-5.689997e-03	7.776286e+00
9.690000e-06	-5.390903e-03	7.482898e+00
9.700000e-06	-5.624966e-03	7.268919e+00
9.710000e-06	-5.566646e-03	6.936235e+00
9.720000e-06	-6.416415e-03	6.673552e+00
9.730000e-06	-5.169543e-03	6.389343e+00
9.740000e-06	-5.387281e-03	6.145681e+00
9.750000e-06	-5.554875e-03	5.882131e+00
9.760000e-06	-6.000133e-03	5.608365e+00
9.770000e-06	-5.720695e-03	5.305600e+00
9.780000e-06	-5.770201e-03	4.986740e+00
9.790000e-06	-4.802404e-03	4.691951e+00
9.800000e-06	-5.461165e-03	4.419339e+00
9.810000e-06	-4.684934e-03	4.145580e+00
9.820000e-06	-5.584297e-03	3.860417e+00
9.830000e-06	-5.295720e-03	3.577787e+00
9.840000e-06	-4.961157e-03	3.261529e+00
9.850000e-06	-5.144961e-03	2.977289e+00
9.860000e-06	-5.664683e-03	2.724129e+00
9.870000e-06	-5.282249e-03	2.379342e+00
9.880000e-06	-5.390720e-03	2.104131e+00
9.890000e-06	-5.849082e-03	1.871973e+00
9.900000e-06	-5.650629e-03	1.505630e+00
9.910000e-06	-4.975481e-03	1.209492e+00
9.920000e-06	-3.344928e-03	8.520527e-01
9.930000e-06	-4.208055e-03	6.274382e-01
9.940000e-06	-3.193947e-03	3.352267e-01
9.950000e-06	-2.178795e-03	-9.840751e-04
9.960000e-06	8.825519e-03	-2.542682e-01
9.970000e-06	-5.309405e-03	-4.773275e-01
9.980000e-06	1.663710e-03	-8.406289e-01
9.990000e-06	-2.807803e-03	-1.076767e+00
1.000000e-05	1.860207e-03	-1.409561e+00
1.001000e-05	-4.926120e-03	-1.672669e+00
1.002000e-05	1.848762e-02	-1.925767e+00
1.003000e-05	5.311485e-02	-2.119331e+00
1.004000e-05	8.376719e-02	-2.475795e+00
1.005000e-05	-1.272199e-01	-2.856171e+00
1.006000e-05	3.211254e-02	-3.231193e+00
1.007000e-05	-6.906013e-02	-3.495768e+00
1.008000e-05	1.097452e-02	-3.715796e+00
1.009000e-05	-1.166763e-01	-3.980505e+00
1.010000e-05	2.005692e-01	-4.171403e+00
1.011000e-05	-6.910262e-02	-4.421562e+00
1.012000e-05	-6.538276e-02	-4.758900e+00
1.013000e-05	1.860206e-01	-4.970879e+00
1.014000e-05	-2.258395e-01	-5.379780e+00
1.015000e-05	1.718781e-01	-5.643056e+00
1.016000e-05	-1.245654e-01	-5.845171e+00
1.017000e-05	5.725769e-02	-6.217928e+00
1.018000e-05	9.395656e-02	-6.454041e+00
1.019000e-05	-1.659902e-01	-6.738304e+00
1.020000e-05	1.417354e-01	-7.054007e+00
1.021000e-05	-1.360493e-01	-7.314772e+00
1.022000e-05	8.808303e-02	-7.597954e+00
1.023000e-05	-1.498466e-02	-7.874613e+00
1.024000e-05	-1.714900e-02	-8.118301e+00
1.025000e-05	1.117613e-01	-8.358803e+00
1.026000e-05	-1.675886e-01	-8.601087e+00
1.027000e-05	1.417274e-01	-8.916169e+00
1.028000e-05	-1.064012e-01	-9.126195e+00
1.029000e-05	7.977228e-02	-9.389823e+00
1.030000e-05	-5.008337e-02	-9.652382e+00
1.031000e-05	1.224142e-02	-9.872486e+00
1.032000e-05	4.104575e-02	-1.008401e+01
1.033000e-05	-5.813848e-02	-1.030567e+01
1.034000e-05	5.531337e-02	-1.052722e+01
1.035000e-05	-6.826696e-02	-1.075878e+01
1.036000e-05	7.962729e-02	-1.097980e+01
1.037000e-05	-6.098117e-02	-1.120928e+01
1.038000e-05	4.580500e-02	-1.138988e+01
1.039000e-05	-2.833596e-02	-1.167335e+01
1.040000e-05	1.571083e-02	-1.187398e+01
1.041000e-05	-1.834612e-02	-1.208299e+01
1.042000e-05	8.125153e-03	-1.223141e+01
1.043000e-05	2.129216e-02	-1.243188e+01
1.044000e-05	-1.076877e-02	-1.265236e+01
1.045000e-05	3.739402e-03	-1.274030e+01
1.046000e-05	-1.427717e-02	-1.296834e+01
1.047000e-05	1.924165e-02	-1.314562e+01
1.048000e-05	-1.672783e-02	-1.332459e+01
1.049000e-05	1.337082e-02	-1.345398e+01
1.050000e-05	-7.027472e-03	-1.365070e+01
1.051000e-05	1.299264e-02	-1.377075e+01
1.052000e-05	-1.245296e-02	-1.395607e+01
1.053000e-05	1.011857e-02	-1.413441e+01
1.054000e-05	-3.033639e-03	-1.420928e+01
1.055000e-05	2.713149e-03	-1.436915e+01
1.056000e-05	-3.365151e-03	-1.449446e+01
1.057000e-05	6.641224e-03	-1.466083e+01
1.058000e-05	-1.334331e-03	-1.471512e+01
1.059000e-05	-6.768727e-03	-1.482288e+01
1.060000e-05	2.290035e-04	-1.492756e+01
1.061000e-05	4.472781e-03	-1.504233e+01
1.062000e-05	5.919887e-03	-1.511693e+01
1.063000e-05	-1.175652e-03	-1.524123e+01
1.064000e-05	3.511941e-05	-1.529401e+01
1.065000e-05	-2.415964e-03	-1.536814e+01
1.066000e-05	1.245558e-03	-1.540183e+01
1.067000e-05	5.591605e-04	-1.552396e+01
1.068000e-05	7.580667e-04	-1.556765e+01
1.069000e-05	-2.484027e-03	-1.561175e+01
1.070000e-05	2.070207e-04	-1.563553e+01
1.071000e-05	-3.176846e-05	-1.571601e+01
1.072000e-05	-6.200508e-04	-1.577699e+01
1.073000e-05	4.550991e-04	-1.578964e+01
1.074000e-05	8.352829e-04	-1.584125e+01
1.075000e-05	1.526764e-03	-1.586277e+01
1.076000e-05	-6.593103e-04	-1.586283e+01
1.077000e-05	6.202710e-04	-1.586028e+01
1.078000e-05	-3.399751e-03	-1.589283e+01
1.079000e-05	-2.198179e-03	-1.584085e+01
1.080000e-05	1.291465e-05	-1.585183e+01
1.081000e-05	2.017646e-03	-1.586980e+01
1.082000e-05	-1.520185e-04	-1.579919e+01
1.083000e-05	-1.903851e-03	-1.579959e+01
1.084000e-05	-3.520042e-04	-1.578609e+01
1.085000e-05	-1.880165e-03	-1.574501e+01
1.086000e-05	-6.534297e-04	-1.563238e+01
1.087000e-05	-4.923965e-04	-1.559167e+01
1.088000e-05	1.038462e-03	-1.558759e+01
1.089000e-05	-2.384743e-03	-1.547596e+01
1.090000e-05	-1.828903e-03	-1.545928e+01
1.091000e-05	-6.329146e-04	-1.538662e+01
1.092000e-05	-5.319513e-04	-1.530328e+01
1.093000e-05	-1.103750e-03	-1.519909e+01
1.094000e-05	-5.434072e-04	-1.512699e+01
1.095000e-05	2.026819e-04	-1.503130e+01
1.096000e-05	-1.386386e-03	-1.491609e+01
1.097000e-05	-2.533281e-03	-1.483182e+01
1.098000e-05	-1.992237e-03	-1.471606e+01
1.099000e-05	-1.356464e-04	-1.464022e+01
1.100000e-05	-6.460747e-04	-1.450393e+01
1.101000e-05	-1.749712e-04	-1.435804e+01
1.102000e-05	-1.123093e-03	-1.426067e+01
1.103000e-05	-2.115281e-03	-1.411450e+01
1.104000e-05	-1.998635e-03	-1.395807e+01
1.105000e-05	-1.631668e-03	-1.379022e+01
1.106000e-05	-1.969817e-04	-1.364078e+01
1.107000e-05	-1.359509e-03	-1.346438e+01
1.108000e-05	-1.500149e-03	-1.337561e+01
1.109000e-05	-1.728284e-03	-1.316656e+01
1.110000e-05	-1.731823e-03	-1.301874e+01
1.111000e-05	-1.898818e-03	-1.288270e+01
1.112000e-05	-1.467948e-03	-1.263238e+01
1.113000e-05	-1.883487e-03	-1.246448e+01
1.114000e-05	-1.440363e-03	-1.229398e+01
1.115000e-05	-1.848828e-03	-1.212440e+01
1.116000e-05	-3.301221e-03	-1.195490e+01
1.117000e-05	-2.644684e-03	-1.168385e+01
1.118000e-05	-1.772147e-03	-1.150035e+01
1.119000e-05	-2.215307e-03	-1.122979e+01
1.120000e-05	-2.292528e-03	-1.102004e+01
1.121000e-05	-1.625810e-03	-1.080066e+01
1.122000e-05	-2.351413e-03	-1.061872e+01
1.123000e-05	-3.676355e-03	-1.041659e+01
1.124000e-05	-3.058297e-03	-1.014613e+01
1.125000e-05	-1.586129e-03	-9.903577e+00
1.126000e-05	-2.521867e-03	-9.702479e+00
1.127000e-05	-3.328396e-03	-9.431773e+00
1.128000e-05	-2.693983e-03	-9.239691e+00
1.129000e-05	-2.666684e-03	-9.009666e+00
1.130000e-05	-4.551616e-03	-8.736511e+00
1.131000e-05	-4.073448e-03	-8.453400e+00
1.132000e-05	-2.147448e-03	-8.261844e+00
1.133000e-05	-2.418380e-03	-7.997117e+00
1.134000e-05	-4.666460e-03	-7.694875e+00
1.135000e-05	-3.890028e-03	-7.439289e+00
1.136000e-05	-3.662936e-03	-7.146610e+00
1.137000e-05	-2.951745e-03	-6.880949e+00
1.138000e-05	-4.674430e-03	-6.628767e+00
1.139000e-05	-3.375077e-03	-6.405663e+00
1.140000e-05	-3.257101e-03	-6.032473e+00
1.141000e-05	-3.185780e-03	-5.840265e+00
1.142000e-05	-4.779263e-03	-5.494653e+00
1.143000e-05	-2.608248e-03	-5.199841e+00
1.144000e-05	-5.869001e-03	-4.901974e+00
1.145000e-05	-3.486581e-03	-4.589266e+00
1.146000e-05	-4.246021e-03	-4.385783e+00
1.147000e-05	-3.401264e-03	-4.084554e+00
1.148000e-05	-4.798336e-03	-3.808790e+00
1.149000e-05	-6.534382e-03	-3.513629e+00
1.150000e-05	-4.417363e-03	-3.260970e+00
1.151000e-05	-6.385015e-03	-2.913583e+00
1.152000e-05	-3.889426e-03	-2.641397e+00
1.153000e-05	-5.503570e-03	-2.405280e+00
1.154000e-05	-2.898760e-03	-2.029946e+00
1.155000e-05	-6.579785e-03	-1.780840e+00
1.156000e-05	-2.701450e-03	-1.443024e+00
1.157000e-05	-5.534567e-03	-1.153234e+00
1.158000e-05	-3.321097e-03	-8.319011e-01
1.159000e-05	-5.907444e-03	-5.656094e-01
1.160000e-05	-3.059922e-03	-3.026501e-01
1.161000e-05	-2.085471e-03	2.115901e-02
1.162000e-05	1.052939e-02	3.368749e-01
1.163000e-05	-8.853480e-03	5.591290e-01
1.164000e-05	6.334021e-03	8.426405e-01
1.165000e-05	-6.556587e-03	1.179525e+00
1.166000e-05	4.948647e-03	1.405239e+00
1.167000e-05	-8.919615e-03	1.777425e+00
1.168000e-05	1.605507e-02	2.030555e+00
1.169000e-05	1.765256e-02	2.232592e+00
1.170000e-05	9.760788e-02	2.547383e+00
1.171000e-05	-5.187510e-02	2.884771e+00
1.172000e-05	-4.470522e-02	3.189101e+00
1.173000e-05	-2.872160e-02	3.495864e+00
1.174000e-05	-5.887319e-03	3.748024e+00
1.175000e-05	-3.326865e-02	3.961579e+00
1.176000e-05	-2.050012e-02	4.303606e+00
1.177000e-05	6.428880e-02	4.475243e+00
1.178000e-05	2.422325e-02	4.831084e+00
1.179000e-05	-1.191489e-01	5.065591e+00
1.180000e-05	2.061789e-01	5.409504e+00
1.181000e-05	-1.877851e-01	5.686637e+00
1.182000e-05	7.929490e-02	5.959425e+00
1.183000e-05	-2.976953e-02	6.212586e+00
1.184000e-05	3.048275e-02	6.485690e+00
1.185000e-05	1.702524e-02	6.779904e+00
1.186000e-05	-7.335290e-02	7.033636e+00
1.187000e-05	5.126466e-02	7.337698e+00
1.188000e-05	-4.408339e-02	7.644108e+00
1.189000e-05	3.474610e-02	7.927143e+00
1.190000e-05	-2.567894e-02	8.212032e+00
1.191000e-05	1.107130e-02	8.422085e+00
1.192000e-05	3.264572e-02	8.635563e+00
1.193000e-05	-5.458612e-02	8.905665e+00
1.194000e-05	3.210445e-02	9.178296e+00
1.195000e-05	-2.668970e-02	9.388402e+00
1.196000e-05	7.393984e-03	9.621433e+00
1.197000e-05	-6.450028e-03	9.905133e+00
1.198000e-05	7.537846e-03	1.013667e+01
1.199000e-05	-4.906071e-03	1.030730e+01
1.200000e-05	-1.903342e-02	1.057829e+01
1.201000e-05	7.284114e-03	1.078923e+01
1.202000e-05	-7.183355e-03	1.100080e+01
1.203000e-05	7.737480e-03	1.118143e+01
1.204000e-05	-1.510282e-02	1.142536e+01
1.205000e-05	1.974929e-04	1.167454e+01
1.206000e-05	2.170870e-03	1.187454e+01
1.207000e-05	-4.752650e-03	1.205499e+01
1.208000e-05	-1.297658e-02	1.226598e+01
1.209000e-05	2.502181e-03	1.247138e+01
1.210000e-05	6.385414e-03	1.266143e+01
1.211000e-05	-4.202111e-03	1.280132e+01
1.212000e-05	-1.471042e-02	1.297880e+01
1.213000e-05	-2.965036e-03	1.314872e+01
1.214000e-05	-1.788041e-03	1.334764e+01
1.215000e-05	-3.160936e-03	1.347491e+01
1.216000e-05	-7.252494e-03	1.359136e+01
1.217000e-05	-1.291584e-03	1.384130e+01
1.218000e-05	-1.459672e-03	1.395754e+01
1.219000e-05	-5.675756e-03	1.410661e+01
1.220000e-05	-2.608932e-03	1.427193e+01
1.221000e-05	-7.888920e-03	1.444177e+01
1.222000e-05	-3.102472e-03	1.451706e+01
1.223000e-05	-5.008910e-03	1.466196e+01
1.224000e-05	-6.617175e-04	1.476867e+01
1.225000e-05	-1.031730e-02	1.487246e+01
1.226000e-05	-8.663723e-03	1.493719e+01
1.227000e-05	-1.684773e-03	1.506235e+01
1.228000e-05	-9.774091e-04	1.514764e+01
1.229000e-05	-3.172909e-03	1.525178e+01
1.230000e-05	-8.420214e-03	1.534443e+01
1.231000e-05	-1.502238e-03	1.540977e+01
1.232000e-05	-7.066834e-03	1.549388e+01
1.233000e-05	-3.235677e-03	1.554661e+01
1.234000e-05	-8.941908e-03	1.557127e+01
1.235000e-05	-4.964088e-03	1.565280e+01
1.236000e-05	-6.045132e-03	1.572599e+01
1.237000e-05	-2.525935e-03	1.573656e+01
1.238000e-05	-5.623358e-03	1.578964e+01
1.239000e-05	-8.493181e-03	1.578980e+01
1.240000e-05	-3.055093e-03	1.585122e+01
1.241000e-05	-3.734814e-03	1.588188e+01
1.242000e-05	-3.690726e-03	1.586388e+01
1.243000e-05	-8.983080e-03	1.587237e+01
1.244000e-05	-4.975942e-03	1.586353e+01
1.245000e-05	-5.081084e-03	1.588242e+01
1.246000e-05	-6.380445e-03	1.586243e+01
1.247000e-05	-6.018193e-03	1.581035e+01
1.248000e-05	-4.297809e-03	1.584077e+01
1.249000e-05	-4.623564e-03	1.576919e+01
1.250000e-05	-6.695529e-03	1.575809e+01
1.251000e-05	-4.689444e-03	1.572654e+01
1.252000e-05	-6.968987e-03	1.568585e+01
1.253000e-05	-5.233263e-03	1.565030e+01
1.254000e-05	-6.261757e-03	1.560069e+01
1.255000e-05	-4.959250e-03	1.555596e+01
1.256000e-05	-6.476594e-03	1.547177e+01
1.257000e-05	-6.995298e-03	1.539859e+01
1.258000e-05	-5.343890e-03	1.533503e+01
1.259000e-05	-5.526927e-03	1.525177e+01
1.260000e-05	-6.048815e-03	1.516646e+01
1.261000e-05	-7.398349e-03	1.502222e+01
1.262000e-05	-4.902832e-03	1.496661e+01
1.263000e-05	-5.755394e-03	1.480277e+01
1.264000e-05	-7.160790e-03	1.471511e+01
1.265000e-05	-5.158807e-03	1.459984e+01
1.266000e-05	-5.133239e-03	1.450490e+01
1.267000e-05	-3.388017e-03	1.436759e+01
1.268000e-05	-8.584876e-03	1.426132e+01
1.269000e-05	-5.177433e-03	1.409340e+01
1.270000e-05	-9.800760e-03	1.398706e+01
1.271000e-05	-2.391860e-03	1.378964e+01
1.272000e-05	-7.730741e-03	1.366185e+01
1.273000e-05	-4.204759e-03	1.348195e+01
1.274000e-05	-7.473467e-03	1.335446e+01
1.275000e-05	-5.040371e-03	1.312811e+01
1.276000e-05	-5.584462e-03	1.300017e+01
1.277000e-05	-7.726822e-03	1.283174e+01
1.278000e-05	-5.001490e-03	1.266180e+01
1.279000e-05	-7.759927e-03	1.249298e+01
1.280000e-05	-6.098175e-03	1.229390e+01
1.281000e-05	-5.271765e-03	1.208548e+01
1.282000e-05	-5.351569e-03	1.188501e+01
1.283000e-05	-5.229054e-03	1.169292e+01
1.284000e-05	-7.691935e-03	1.147085e+01
1.285000e-05	-5.253392e-03	1.120289e+01
1.286000e-05	-5.680962e-03	1.105032e+01
1.287000e-05	-5.069761e-03	1.083984e+01
1.288000e-05	-7.092224e-03	1.064017e+01
1.289000e-05	-7.206946e-03	1.035658e+01
1.290000e-05	-5.141738e-03	1.012514e+01
1.291000e-05	-5.427239e-03	9.914958e+00
1.292000e-05	-6.701901e-03	9.702896e+00
1.293000e-05	-7.625648e-03	9.450268e+00
1.294000e-05	-5.400117e-03	9.230890e+00
1.295000e-05	-3.800026e-03	8.968640e+00
1.296000e-05	-4.210958e-03	8.734976e+00
1.297000e-05	-6.385538e-03	8.472948e+00
1.298000e-05	-7.272642e-03	8.240867e+00
1.299000e-05	-6.055864e-03	7.945208e+00
1.300000e-05	-4.491536e-03	7.704051e+00
1.301000e-05	-6.575979e-03	7.418717e+00
1.302000e-05	-6.940557e-03	7.177131e+00
1.303000e-05	-5.906619e-03	6.902473e+00
1.304000e-05	-3.959972e-03	6.629889e+00
1.305000e-05	-4.143944e-03	6.305681e+00
1.306000e-05	-5.683206e-03	6.085078e+00
1.307000e-05	-6.697503e-03	5.830496e+00
1.308000e-05	-5.775050e-03	5.544756e+00
1.309000e-05	-5.193426e-03	5.230474e+00
1.310000e-05	-5.612690e-03	4.904552e+00
1.311000e-05	-5.174271e-03	4.619890e+00
1.312000e-05	-5.776461e-03	4.366208e+00
1.313000e-05	-4.643472e-03	4.020944e+00
1.314000e-05	-4.551419e-03	3.756782e+00
1.315000e-05	-6.097474e-03	3.525698e+00
1.316000e-05	-5.679910e-03	3.206865e+00
1.317000e-05	-5.745639e-03	2.905206e+00
1.318000e-05	-4.489397e-03	2.672464e+00
1.319000e-05	-5.654439e-03	2.324206e+00
1.320000e-05	-5.473175e-03	2.040973e+00
1.321000e-05	-5.887386e-03	1.746185e+00
1.322000e-05	-4.716202e-03	1.450498e+00
1.323000e-05	-4.055931e-03	1.148633e+00
1.324000e-05	-3.753313e-03	7.768636e-01
1.325000e-05	-4.418286e-03	5.047843e-01
1.326000e-05	-4.973592e-03	2.499410e-01
1.327000e-05	-1.348503e-03	-4.326698e-02
1.328000e-05	1.075880e-02	-3.378997e-01
1.329000e-05	-7.855184e-03	-6.310355e-01
1.330000e-05	5.950241e-03	-8.847934e-01
1.331000e-05	-7.305326e-03	-1.139980e+00
1.332000e-05	5.170233e-03	-1.486342e+00
1.333000e-05	-5.701973e-03	-1.738826e+00
1.334000e-05	2.742427e-02	-1.988454e+00
1.335000e-05	7.438111e-02	-2.184011e+00
1.336000e-05	2.735281e-02	-2.540483e+00
1.337000e-05	-1.052701e-01	-2.951009e+00
1.338000e-05	2.810546e-02	-3.326324e+00
1.339000e-05	-5.851463e-02	-3.528899e+00
1.340000e-05	-1.305805e-02	-3.741308e+00
1.341000e-05	-8.131935e-02	-4.073082e+00
1.342000e-05	2.249039e-01	-4.192011e+00
1.343000e-05	-1.788479e-01	-4.506844e+00
1.344000e-05	7.837768e-02	-4.821557e+00
1.345000e-05	7.872163e-02	-5.045122e+00
1.346000e-05	-1.652656e-01	-5.443137e+00
1.347000e-05	1.881587e-01	-5.655167e+00
1.348000e-05	-1.855611e-01	-5.938899e+00
1.349000e-05	1.619350e-01	-6.274064e+00
1.350000e-05	-2.218844e-02	-6.526220e+00
1.351000e-05	-8.672439e-02	-6.831482e+00
1.352000e-05	1.200947e-01	-7.114142e+00
1.353000e-05	-1.582217e-01	-7.430929e+00
1.354000e-05	1.475082e-01	-7.642558e+00
1.355000e-05	-1.066850e-01	-7.917849e+00
1.356000e-05	9.571377e-02	-8.220982e+00
1.357000e-05	4.757516e-03	-8.430461e+00
1.358000e-05	-9.558520e-02	-8.738148e+00
1.359000e-05	1.136994e-01	-8.958776e+00
1.360000e-05	-1.133045e-01	-9.199934e+00
1.361000e-05	1.123234e-01	-9.433355e+00
1.362000e-05	-1.012386e-01	-9.695065e+00
1.363000e-05	8.145143e-02	-9.895591e+00
1.364000e-05	-2.931380e-02	-1.013525e+01
1.365000e-05	-1.684034e-03	-1.037930e+01
1.366000e-05	7.184173e-03	-1.057988e+01
1.367000e-05	-2.978169e-02	-1.079135e+01
1.368000e-05	5.731585e-02	-1.104040e+01
1.369000e-05	-5.538334e-02	-1.125301e+01
1.370000e-05	5.473525e-02	-1.143248e+01
1.371000e-05	-4.308255e-02	-1.168657e+01
1.372000e-05	3.132170e-02	-1.190671e+01
1.373000e-05	-3.940535e-02	-1.213507e+01
1.374000e-05	3.672274e-02	-1.227404e+01
1.375000e-05	-3.938772e-03	-1.246501e+01
1.376000e-05	6.130756e-03	-1.267391e+01
1.377000e-05	-1.236659e-02	-1.287296e+01
1.378000e-05	4.222267e-03	-1.303030e+01
1.379000e-05	5.214052e-03	-1.317877e+01
1.380000e-05	-1.041001e-02	-1.339719e+01
1.381000e-05	1.040968e-02	-1.346651e+01
1.382000e-05	-1.750630e-03	-1.368339e+01
1.383000e-05	1.069208e-02	-1.385135e+01
1.384000e-05	-1.441144e-02	-1.395880e+01
1.385000e-05	1.120963e-02	-1.413809e+01
1.386000e-05	-7.087534e-03	-1.427398e+01
1.387000e-05	6.643211e-03	-1.442135e+01
1.388000e-05	-4.221882e-03	-1.452554e+01
1.389000e-05	9.288810e-03	-1.467345e+01
1.390000e-05	-6.048144e-03	-1.474662e+01
1.391000e-05	-4.199662e-03	-1.487135e+01
1.392000e-05	5.361649e-04	-1.498662e+01
1.393000e-05	4.687893e-03	-1.506288e+01
1.394000e-05	3.931815e-03	-1.515559e+01
1.395000e-05	-1.234439e-03	-1.526180e+01
1.396000e-05	1.088984e-03	-1.532499e+01
1.397000e-05	-3.054524e-03	-1.542772e+01
1.398000e-05	2.116546e-05	-1.544338e+01
1.399000e-05	4.755173e-04	-1.553599e+01
1.400000e-05	1.845579e-03	-1.555722e+01
1.401000e-05	-7.568996e-04	-1.563128e+01
1.402000e-05	-6.811546e-04	-1.570288e+01
1.403000e-05	-2.109360e-04	-1.573598e+01
1.404000e-05	-4.439278e-03	-1.576757e+01
1.405000e-05	3.044629e-03	-1.580069e+01
1.406000e-05	2.551581e-04	-1.583022e+01
1.407000e-05	1.420071e-03	-1.585025e+01
1.408000e-05	-7.263980e-04	-1.586128e+01
1.409000e-05	-2.421210e-04	-1.587135e+01
1.410000e-05	-1.808519e-03	-1.590077e+01
1.411000e-05	-5.072353e-03	-1.584225e+01
1.412000e-05	7.537677e-04	-1.583128e+01
1.413000e-05	4.061917e-05	-1.584167e+01
1.414000e-05	1.861867e-03	-1.585064e+01
1.415000e-05	-2.205247e-03	-1.579857e+01
1.416000e-05	5.868969e-05	-1.576657e+01
1.417000e-05	4.383952e-05	-1.574393e+01
1.418000e-05	1.563142e-04	-1.568238e+01
1.419000e-05	-5.141166e-04	-1.561973e+01
1.420000e-05	-2.940901e-04	-1.559659e+01
1.421000e-05	-3.395362e-03	-1.550393e+01
1.422000e-05	-1.751685e-03	-1.544027e+01
1.423000e-05	-1.234149e-03	-1.538611e+01
1.424000e-05	7.738438e-04	-1.529383e+01
1.425000e-05	-1.806220e-03	-1.521017e+01
1.426000e-05	3.665870e-05	-1.509388e+01
1.427000e-05	1.707086e-04	-1.500919e+01
1.428000e-05	-1.207316e-03	-1.492599e+01
1.429000e-05	-2.043780e-03	-1.483022e+01
1.430000e-05	-2.272169e-03	-1.473243e+01
1.431000e-05	-1.476632e-03	-1.457824e+01
1.432000e-05	-9.303954e-04	-1.448273e+01
1.433000e-05	-2.176437e-03	-1.434711e+01
1.434000e-05	-7.831787e-04	-1.422919e+01
1.435000e-05	-2.112826e-03	-1.404235e+01
1.436000e-05	-1.509546e-03	-1.391448e+01
1.437000e-05	-1.393366e-03	-1.377764e+01
1.438000e-05	-6.810306e-04	-1.357922e+01
1.439000e-05	-1.706853e-03	-1.342982e+01
1.440000e-05	-1.631587e-03	-1.331590e+01
1.441000e-05	-3.297542e-03	-1.315358e+01
1.442000e-05	-3.054603e-03	-1.299871e+01
1.443000e-05	-2.385620e-03	-1.282017e+01
1.444000e-05	-1.500010e-03	-1.258869e+01
1.445000e-05	-5.132466e-04	-1.244382e+01
1.446000e-05	-1.325491e-03	-1.227182e+01
1.447000e-05	-1.527801e-03	-1.208095e+01
1.448000e-05	-2.972842e-03	-1.187177e+01
1.449000e-05	-3.346240e-03	-1.163777e+01
1.450000e-05	-2.382137e-03	-1.141916e+01
1.451000e-05	-1.573292e-03	-1.114611e+01
1.452000e-05	-2.913062e-03	-1.096711e+01
1.453000e-05	-2.525589e-03	-1.073811e+01
1.454000e-05	-3.971931e-03	-1.053611e+01
1.455000e-05	-1.793883e-03	-1.034356e+01
1.456000e-05	-2.416846e-03	-1.002440e+01
1.457000e-05	-1.694053e-03	-9.841899e+00
1.458000e-05	-2.251352e-03	-9.650324e+00
1.459000e-05	-3.564652e-03	-9.388715e+00
1.460000e-05	-3.553924e-03	-9.146110e+00
1.461000e-05	-4.063191e-03	-8.936606e+00
1.462000e-05	-3.342976e-03	-8.648949e+00
1.463000e-05	-3.779886e-03	-8.419792e+00
1.464000e-05	-1.440909e-03	-8.168265e+00
1.465000e-05	-2.657932e-03	-7.903009e+00
1.466000e-05	-3.246677e-03	-7.581319e+00
1.467000e-05	-4.421251e-03	-7.336185e+00
1.468000e-05	-3.363182e-03	-7.104000e+00
1.469000e-05	-3.816276e-03	-6.778391e+00
1.470000e-05	-2.546096e-03	-6.577081e+00
1.471000e-05	-4.422007e-03	-6.302053e+00
1.472000e-05	-4.350942e-03	-6.028365e+00
1.473000e-05	-5.729772e-03	-5.743653e+00
1.474000e-05	-3.287231e-03	-5.451373e+00
1.475000e-05	-3.938580e-03	-5.164136e+00
1.476000e-05	-3.088255e-03	-4.801298e+00
1.477000e-05	-4.923867e-03	-4.516279e+00
1.478000e-05	-3.984472e-03	-4.303603e+00
1.479000e-05	-5.139741e-03	-3.990865e+00
1.480000e-05	-3.501598e-03	-3.694204e+00
1.481000e-05	-5.459122e-03	-3.461420e+00
1.482000e-05	-3.725543e-03	-3.196737e+00
1.483000e-05	-6.482426e-03	-2.870522e+00
1.484000e-05	-2.704633e-03	-2.567286e+00
1.485000e-05	-4.717694e-03	-2.254126e+00
1.486000e-05	-3.797116e-03	-2.008337e+00
1.487000e-05	-5.895470e-03	-1.705180e+00
1.488000e-05	-3.606737e-03	-1.368751e+00
1.489000e-05	-4.513812e-03	-1.071521e+00
1.490000e-05	-4.563024e-03	-8.063632e-01
1.491000e-05	-5.546063e-03	-4.594989e-01
1.492000e-05	-3.559327e-03	-2.183435e-01
1.493000e-05	1.541348e-03	1.453935e-01
1.494000e-05	6.883928e-03	3.710613e-01
1.495000e-05	-7.344888e-03	6.626632e-01
1.496000e-05	5.858894e-03	9.153484e-01
1.497000e-05	-6.721561e-03	1.202162e+00
1.498000e-05	4.007762e-03	1.516795e+00
1.499000e-05	-6.416136e-03	1.832134e+00
1.500000e-05	1.810895e-02	2.052586e+00
1.501000e-05	3.126645e-02	2.276271e+00
1.502000e-05	9.252261e-02	2.604116e+00
1.503000e-05	-9.007254e-02	2.949930e+00
1.504000e-05	-1.574739e-02	3.274216e+00
1.505000e-05	-4.268058e-02	3.560404e+00
1.506000e-05	9.671137e-03	3.822558e+00
1.507000e-05	-5.367633e-02	4.032688e+00
1.508000e-05	4.997409e-03	4.316195e+00
1.509000e-05	8.332919e-02	4.549378e+00
1.510000e-05	-4.881610e-02	4.918691e+00
1.511000e-05	-2.668838e-02	5.190853e+00
1.512000e-05	1.456476e-01	5.463590e+00
1.513000e-05	-1.869075e-01	5.748799e+00
1.514000e-05	1.120004e-01	6.033009e+00
1.515000e-05	-6.100199e-02	6.285190e+00
1.516000e-05	6.671999e-02	6.549324e+00
1.517000e-05	-2.550082e-02	6.853063e+00
1.518000e-05	-5.056582e-02	7.146844e+00
1.519000e-05	5.356624e-02	7.382034e+00
1.520000e-05	-5.187629e-02	7.725725e+00
1.521000e-05	5.128580e-02	7.990903e+00
1.522000e-05	-5.684809e-02	8.282612e+00
1.523000e-05	4.934106e-02	8.484567e+00
1.524000e-05	-7.007180e-04	8.694768e+00
1.525000e-05	-3.843224e-02	8.958825e+00
1.526000e-05	3.352552e-02	9.181879e+00
1.527000e-05	-3.915139e-02	9.472458e+00
1.528000e-05	2.789349e-02	9.723069e+00
1.529000e-05	-2.719286e-02	9.888165e+00
1.530000e-05	2.867630e-02	1.012772e+01
1.531000e-05	-2.974443e-02	1.039178e+01
1.532000e-05	1.610823e-03	1.061135e+01
1.533000e-05	-4.579832e-03	1.086293e+01
1.534000e-05	2.488489e-03	1.108143e+01
1.535000e-05	1.991881e-03	1.122349e+01
1.536000e-05	-1.967153e-02	1.148452e+01
1.537000e-05	9.713753e-03	1.171809e+01
1.538000e-05	-6.638807e-03	1.195762e+01
1.539000e-05	7.354677e-04	1.213609e+01
1.540000e-05	-2.144539e-02	1.229604e+01
1.541000e-05	1.565668e-02	1.252464e+01
1.542000e-05	-1.268371e-03	1.267396e+01
1.543000e-05	-3.183157e-03	1.283438e+01
1.544000e-05	-1.730365e-02	1.302380e+01
1.545000e-05	2.506747e-04	1.325183e+01
1.546000e-05	-9.541961e-04	1.338837e+01
1.547000e-05	-7.310198e-03	1.349602e+01
1.548000e-05	-3.026832e-03	1.366251e+01
1.549000e-05	-5.294753e-03	1.384994e+01
1.550000e-05	1.807927e-03	1.396112e+01
1.551000e-05	-8.592934e-03	1.411824e+01
1.552000e-05	6.407950e-04	1.432754e+01
1.553000e-05	-9.472454e-03	1.444533e+01
1.554000e-05	-2.215444e-03	1.460712e+01
1.555000e-05	-3.912258e-03	1.466404e+01
1.556000e-05	-2.227428e-03	1.480972e+01
1.557000e-05	-9.705696e-03	1.486501e+01
1.558000e-05	-1.021199e-02	1.496817e+01
1.559000e-05	1.378653e-03	1.507341e+01
1.560000e-05	-2.464856e-03	1.517924e+01
1.561000e-05	-2.243244e-03	1.524288e+01
1.562000e-05	-8.873611e-03	1.534596e+01
1.563000e-05	-2.158976e-03	1.544187e+01
1.564000e-05	-6.710100e-03	1.547408e+01
1.565000e-05	-4.101912e-03	1.554909e+01
1.566000e-05	-8.145665e-03	1.560919e+01
1.567000e-05	-5.874035e-03	1.565285e+01
1.568000e-05	-4.679437e-03	1.572498e+01
1.569000e-05	-4.717420e-03	1.574719e+01
1.570000e-05	-4.846682e-03	1.574920e+01
1.571000e-05	-8.588001e-03	1.579924e+01
1.572000e-05	-1.658250e-03	1.583190e+01
1.573000e-05	-4.470450e-03	1.589195e+01
1.574000e-05	-4.299739e-03	1.584236e+01
1.575000e-05	-7.884032e-03	1.585141e+01
1.576000e-05	-5.478461e-03	1.586390e+01
1.577000e-05	-5.153337e-03	1.587340e+01
1.578000e-05	-7.028854e-03	1.582245e+01
1.579000e-05	-5.335329e-03	1.584188e+01
1.580000e-05	-5.657721e-03	1.582240e+01
1.581000e-05	-4.222182e-03	1.582975e+01
1.582000e-05	-6.535468e-03	1.576761e+01
1.583000e-05	-5.702210e-03	1.569551e+01
1.584000e-05	-6.683383e-03	1.570433e+01
1.585000e-05	-7.241534e-03	1.568082e+01
1.586000e-05	-4.720079e-03	1.560759e+01
1.587000e-05	-5.878885e-03	1.552551e+01
1.588000e-05	-6.005080e-03	1.544167e+01
1.589000e-05	-7.617150e-03	1.543706e+01
1.590000e-05	-5.563901e-03	1.528385e+01
1.591000e-05	-5.965668e-03	1.520027e+01
1.592000e-05	-6.099313e-03	1.512396e+01
1.593000e-05	-5.304795e-03	1.502032e+01
1.594000e-05	-6.059337e-03	1.488490e+01
1.595000e-05	-5.798685e-03	1.482179e+01
1.596000e-05	-8.762271e-03	1.472646e+01
1.597000e-05	-5.107526e-03	1.456872e+01
1.598000e-05	-6.754136e-03	1.451285e+01
1.599000e-05	-2.869782e-03	1.435450e+01
1.600000e-05	-7.179020e-03	1.421972e+01
1.601000e-05	-5.402871e-03	1.406333e+01
1.602000e-05	-7.697014e-03	1.390400e+01
1.603000e-05	-5.459095e-03	1.376713e+01
1.604000e-05	-6.515417e-03	1.361969e+01
1.605000e-05	-6.418312e-03	1.346087e+01
1.606000e-05	-5.503798e-03	1.329305e+01
1.607000e-05	-5.669797e-03	1.307508e+01
1.608000e-05	-6.306319e-03	1.293711e+01
1.609000e-05	-6.637567e-03	1.277811e+01
1.610000e-05	-5.584237e-03	1.261079e+01
1.611000e-05	-6.189600e-03	1.244087e+01
1.612000e-05	-5.479100e-03	1.223185e+01
1.613000e-05	-6.107115e-03	1.208330e+01
1.614000e-05	-5.629710e-03	1.184187e+01
1.615000e-05	-6.629234e-03	1.163125e+01
1.616000e-05	-6.646010e-03	1.140926e+01
1.617000e-05	-4.668764e-03	1.117871e+01
1.618000e-05	-5.694953e-03	1.099766e+01
1.619000e-05	-6.899408e-03	1.079811e+01
1.620000e-05	-5.694897e-03	1.053513e+01
1.621000e-05	-5.963119e-03	1.033603e+01
1.622000e-05	-5.684215e-03	1.010460e+01
1.623000e-05	-7.505595e-03	9.871399e+00
1.624000e-05	-5.361782e-03	9.610216e+00
1.625000e-05	-5.184152e-03	9.377239e+00
1.626000e-05	-6.102572e-03	9.186103e+00
1.627000e-05	-6.640894e-03	8.945629e+00
1.628000e-05	-5.289487e-03	8.651472e+00
1.629000e-05	-5.769701e-03	8.438840e+00
1.630000e-05	-5.175835e-03	8.158686e+00
1.631000e-05	-5.963646e-03	7.863579e+00
1.632000e-05	-5.830422e-03	7.630819e+00
1.633000e-05	-6.096534e-03	7.326158e+00
1.634000e-05	-6.105379e-03	7.083499e+00
1.635000e-05	-5.058347e-03	6.869493e+00
1.636000e-05	-6.274713e-03	6.587133e+00
1.637000e-05	-4.898279e-03	6.302053e+00
1.638000e-05	-5.808622e-03	6.050470e+00
1.639000e-05	-4.968547e-03	5.775656e+00
1.640000e-05	-5.794037e-03	5.490553e+00
1.641000e-05	-5.304332e-03	5.206658e+00
1.642000e-05	-5.902444e-03	4.829319e+00
1.643000e-05	-5.365693e-03	4.545154e+00
1.644000e-05	-5.579137e-03	4.312974e+00
1.645000e-05	-6.006962e-03	3.977732e+00
1.646000e-05	-5.712512e-03	3.704079e+00
1.647000e-05	-6.464309e-03	3.430316e+00
1.648000e-05	-5.131705e-03	3.156157e+00
1.649000e-05	-5.271747e-03	2.852575e+00
1.650000e-05	-4.892809e-03	2.575757e+00
1.651000e-05	-5.899199e-03	2.261473e+00
1.652000e-05	-5.272640e-03	1.976938e+00
1.653000e-05	-5.364018e-03	1.652054e+00
1.654000e-05	-5.002436e-03	1.367265e+00
1.655000e-05	-5.141433e-03	1.059519e+00
1.656000e-05	-4.565956e-03	7.658069e-01
1.657000e-05	-4.438268e-03	4.615202e-01
1.658000e-05	-3.726820e-03	1.567859e-01
1.659000e-05	2.362857e-04	-1.374249e-01
1.660000e-05	7.904671e-03	-3.885102e-01
1.661000e-05	-8.169242e-03	-6.642659e-01
1.662000e-05	6.739204e-03	-9.489249e-01
1.663000e-05	-7.249652e-03	-1.212147e+00
1.664000e-05	3.968342e-03	-1.588449e+00
1.665000e-05	-1.075197e-03	-1.821033e+00
1.666000e-05	3.191166e-02	-2.021106e+00
1.667000e-05	9.744347e-02	-2.306817e+00
1.668000e-05	-4.309485e-02	-2.704220e+00
1.669000e-05	-5.437081e-02	-3.034747e+00
1.670000e-05	-6.188438e-03	-3.389483e+00
1.671000e-05	-2.906001e-02	-3.620004e+00
1.672000e-05	-5.587791e-02	-3.874146e+00
1.673000e-05	1.570516e-03	-4.064213e+00
1.674000e-05	1.785110e-01	-4.305167e+00
1.675000e-05	-2.281777e-01	-4.571987e+00
1.676000e-05	1.952962e-01	-4.893640e+00
1.677000e-05	-6.432225e-02	-5.157452e+00
1.678000e-05	-6.465089e-02	-5.517173e+00
1.679000e-05	1.220478e-01	-5.746347e+00
1.680000e-05	-1.703682e-01	-6.062612e+00
1.681000e-05	2.106815e-01	-6.308218e+00
1.682000e-05	-1.265769e-01	-6.600405e+00
1.683000e-05	1.221973e-02	-6.894169e+00
1.684000e-05	4.564724e-02	-7.148325e+00
1.685000e-05	-1.150031e-01	-7.482613e+00
1.686000e-05	1.523100e-01	-7.705769e+00
1.687000e-05	-1.496611e-01	-8.012009e+00
1.688000e-05	1.706512e-01	-8.274083e+00
1.689000e-05	-1.048353e-01	-8.474218e+00
1.690000e-05	1.025136e-02	-8.781422e+00
1.691000e-05	4.334519e-02	-9.051907e+00
1.692000e-05	-7.044856e-02	-9.283541e+00
1.693000e-05	9.337372e-02	-9.506045e+00
1.694000e-05	-1.098022e-01	-9.737244e+00
1.695000e-05	1.134496e-01	-9.918201e+00
1.696000e-05	-8.083640e-02	-1.015890e+01
1.697000e-05	5.330627e-02	-1.044244e+01
1.698000e-05	-4.047825e-02	-1.069239e+01
1.699000e-05	2.261210e-02	-1.087306e+01
1.700000e-05	1.265911e-02	-1.106251e+01
1.701000e-05	-2.751926e-02	-1.130457e+01
1.702000e-05	3.846833e-02	-1.149519e+01
1.703000e-05	-3.725748e-02	-1.180619e+01
1.704000e-05	3.180108e-02	-1.196762e+01
1.705000e-05	-4.162050e-02	-1.218822e+01
1.706000e-05	5.055863e-02	-1.232715e+01
1.707000e-05	-2.113716e-02	-1.253517e+01
1.708000e-05	1.789054e-02	-1.268807e+01
1.709000e-05	-2.500884e-02	-1.288406e+01
1.710000e-05	1.702012e-02	-1.305291e+01
1.711000e-05	-8.180453e-03	-1.321081e+01
1.712000e-05	2.498035e-03	-1.340030e+01
1.713000e-05	2.634075e-03	-1.355714e+01
1.714000e-05	2.028362e-03	-1.373409e+01
1.715000e-05	3.002110e-03	-1.380186e+01
1.716000e-05	-8.263577e-03	-1.401973e+01
1.717000e-05	1.101118e-02	-1.416764e+01
1.718000e-05	-6.569139e-03	-1.430654e+01
1.719000e-05	4.868830e-03	-1.446143e+01
1.720000e-05	-4.052600e-03	-1.453864e+01
1.721000e-05	7.596349e-03	-1.467296e+01
1.722000e-05	-7.957096e-03	-1.472877e+01
1.723000e-05	-2.307839e-03	-1.485641e+01
1.724000e-05	1.177730e-03	-1.499817e+01
1.725000e-05	6.330528e-03	-1.505345e+01
1.726000e-05	3.603580e-03	-1.516757e+01
1.727000e-05	-9.614020e-04	-1.525288e+01
1.728000e-05	-2.176426e-04	-1.534501e+01
1.729000e-05	-3.266134e-03	-1.539917e+01
1.730000e-05	8.897126e-05	-1.550194e+01
1.731000e-05	5.627631e-04	-1.552554e+01
1.732000e-05	-4.080570e-04	-1.557980e+01
1.733000e-05	-5.369621e-04	-1.565378e+01
1.734000e-05	9.279309e-05	-1.573398e+01
1.735000e-05	5.783665e-05	-1.573606e+01
1.736000e-05	-5.219903e-04	-1.578666e+01
1.737000e-05	1.043637e-03	-1.581919e+01
1.738000e-05	5.107909e-04	-1.584769e+01
1.739000e-05	-4.740802e-04	-1.585127e+01
1.740000e-05	-1.777363e-04	-1.585085e+01
1.741000e-05	-1.213850e-03	-1.585135e+01
1.742000e-05	-1.911436e-03	-1.587177e+01
1.743000e-05	-1.533530e-03	-1.581125e+01
1.744000e-05	1.574161e-03	-1.587125e+01
1.745000e-05	1.327119e-03	-1.584870e+01
1.746000e-05	-6.466400e-04	-1.577859e+01
1.747000e-05	-1.994690e-03	-1.580861e+01
1.748000e-05	-2.568579e-04	-1.573701e+01
1.749000e-05	-1.175780e-03	-1.572298e+01
1.750000e-05	-5.087505e-04	-1.565980e+01
1.751000e-05	4.450839e-04	-1.559917e+01
1.752000e-05	-7.284934e-04	-1.548556e+01
1.753000e-05	-1.701869e-03	-1.547237e+01
1.754000e-05	-2.012963e-03	-1.544835e+01
1.755000e-05	4.882269e-04	-1.534709e+01
1.756000e-05	-6.806665e-04	-1.525287e+01
1.757000e-05	-3.479273e-04	-1.517769e+01
1.758000e-05	-5.780495e-04	-1.508348e+01
1.759000e-05	-3.496600e-04	-1.502807e+01
1.760000e-05	-2.229700e-03	-1.490538e+01
1.761000e-05	-1.788261e-03	-1.484862e+01
1.762000e-05	-1.311480e-03	-1.470151e+01
1.763000e-05	-1.438180e-03	-1.455714e+01
1.764000e-05	-4.230972e-04	-1.445019e+01
1.765000e-05	-1.185503e-03	-1.429396e+01
1.766000e-05	-1.509527e-03	-1.417664e+01
1.767000e-05	-1.731312e-03	-1.409117e+01
1.768000e-05	-2.477736e-03	-1.387045e+01
1.769000e-05	-1.181466e-03	-1.374644e+01
1.770000e-05	-2.008184e-03	-1.359912e+01
1.771000e-05	-7.518003e-04	-1.339832e+01
1.772000e-05	-2.749848e-03	-1.330137e+01
1.773000e-05	-2.104002e-03	-1.311545e+01
1.774000e-05	-1.231922e-03	-1.294506e+01
1.775000e-05	-5.585357e-04	-1.274549e+01
1.776000e-05	-8.733251e-04	-1.259709e+01
1.777000e-05	-2.290701e-03	-1.240824e+01
1.778000e-05	-2.020003e-03	-1.222875e+01
1.779000e-05	-2.832140e-03	-1.201869e+01
1.780000e-05	-3.067492e-03	-1.182074e+01
1.781000e-05	-3.025770e-03	-1.157711e+01
1.782000e-05	-1.981148e-03	-1.135601e+01
1.783000e-05	-2.094288e-03	-1.110298e+01
1.784000e-05	-3.052140e-03	-1.090048e+01
1.785000e-05	-1.607893e-03	-1.069353e+01
1.786000e-05	-2.972116e-03	-1.050300e+01
1.787000e-05	-2.765120e-03	-1.025079e+01
1.788000e-05	-3.140318e-03	-1.000784e+01
1.789000e-05	-2.390546e-03	-9.819814e+00
1.790000e-05	-3.133381e-03	-9.606238e+00
1.791000e-05	-3.789309e-03	-9.335111e+00
1.792000e-05	-4.164486e-03	-9.082054e+00
1.793000e-05	-3.649000e-03	-8.828397e+00
1.794000e-05	-2.809011e-03	-8.638736e+00
1.795000e-05	-3.662956e-03	-8.376607e+00
1.796000e-05	-2.832903e-03	-8.105028e+00
1.797000e-05	-3.753249e-03	-7.861869e+00
1.798000e-05	-3.283462e-03	-7.534611e+00
1.799000e-05	-5.238180e-03	-7.273954e+00
1.800000e-05	-3.440130e-03	-7.029315e+00
1.801000e-05	-4.003566e-03	-6.736708e+00
1.802000e-05	-2.856895e-03	-6.503577e+00
1.803000e-05	-5.105285e-03	-6.240291e+00
1.804000e-05	-2.408639e-03	-5.957756e+00
1.805000e-05	-6.761632e-03	-5.662070e+00
1.806000e-05	-3.162382e-03	-5.425762e+00
1.807000e-05	-4.658451e-03	-5.081499e+00
1.808000e-05	-1.796846e-03	-4.746682e+00
1.809000e-05	-5.854346e-03	-4.442550e+00
1.810000e-05	-2.466141e-03	-4.239995e+00
1.811000e-05	-6.498178e-03	-3.944662e+00
1.812000e-05	-4.237664e-03	-3.659894e+00
1.813000e-05	-5.704417e-03	-3.398287e+00
1.814000e-05	-2.822039e-03	-3.103002e+00
1.815000e-05	-4.787359e-03	-2.767812e+00
1.816000e-05	-3.905805e-03	-2.534530e+00
1.817000e-05	-5.446320e-03	-2.209840e+00
1.818000e-05	-5.227660e-03	-1.923629e+00
1.819000e-05	-5.140603e-03	-1.630576e+00
1.820000e-05	-4.501626e-03	-1.325125e+00
1.821000e-05	-4.555028e-03	-9.873119e-01
1.822000e-05	-4.584282e-03	-7.150753e-01
1.823000e-05	-3.893623e-03	-3.984697e-01
1.824000e-05	-4.450747e-03	-1.137070e-01
1.825000e-05	5.370160e-03	1.695816e-01
1.826000e-05	1.525777e-03	4.842129e-01
1.827000e-05	-1.340505e-03	6.858209e-01
1.828000e-05	2.322339e-03	1.022083e+00
1.829000e-05	-1.944565e-03	1.276765e+00
1.830000e-05	-1.597472e-03	1.601288e+00
1.831000e-05	2.864611e-04	1.884767e+00
1.832000e-05	1.562591e-02	2.094192e+00
1.833000e-05	5.347749e-02	2.349031e+00
1.834000e-05	6.163783e-02	2.688401e+00
1.835000e-05	-1.001927e-01	3.055134e+00
1.836000e-05	-3.128391e-03	3.317377e+00
1.837000e-05	-4.257444e-02	3.631662e+00
1.838000e-05	9.329158e-03	3.933741e+00
1.839000e-05	-6.058492e-02	4.075349e+00
1.840000e-05	2.515521e-02	4.388925e+00
1.841000e-05	8.786569e-02	4.624112e+00
1.842000e-05	-1.195424e-01	4.978397e+00
1.843000e-05	8.846167e-02	5.233584e+00
1.844000e-05	3.300074e-02	5.517777e+00
1.845000e-05	-1.176063e-01	5.822114e+00
1.846000e-05	9.088135e-02	6.066267e+00
1.847000e-05	-5.694452e-02	6.366353e+00
1.848000e-05	7.611552e-02	6.642012e+00
1.849000e-05	-5.974490e-02	6.945773e+00
1.850000e-05	-1.386852e-02	7.210907e+00
1.851000e-05	2.870784e-02	7.486140e+00
1.852000e-05	-3.836264e-02	7.790355e+00
1.853000e-05	4.756061e-02	8.094215e+00
1.854000e-05	-5.864153e-02	8.326719e+00
1.855000e-05	6.801056e-02	8.557770e+00
1.856000e-05	-3.663357e-02	8.778798e+00
1.857000e-05	-1.262248e-02	9.041407e+00
1.858000e-05	2.264879e-02	9.264714e+00
1.859000e-05	-3.648235e-02	9.554665e+00
1.860000e-05	3.087811e-02	9.748771e+00
1.861000e-05	-3.378938e-02	9.990875e+00
1.862000e-05	3.580909e-02	1.022140e+01
1.863000e-05	-4.235555e-02	1.046191e+01
1.864000e-05	1.572985e-02	1.068498e+01
1.865000e-05	-1.353580e-02	1.089461e+01
1.866000e-05	7.799890e-03	1.110444e+01
1.867000e-05	-2.002561e-03	1.132460e+01
1.868000e-05	-1.645784e-02	1.154967e+01
1.869000e-05	1.265841e-02	1.175934e+01
1.870000e-05	-1.364642e-02	1.195973e+01
1.871000e-05	2.302779e-03	1.222082e+01
1.872000e-05	-1.958159e-02	1.241917e+01
1.873000e-05	2.091337e-02	1.254767e+01
1.874000e-05	-7.344144e-03	1.268659e+01
1.875000e-05	-6.115350e-03	1.292509e+01
1.876000e-05	-1.355735e-02	1.306543e+01
1.877000e-05	1.293104e-03	1.326193e+01
1.878000e-05	-4.442383e-04	1.341880e+01
1.879000e-05	-1.173071e-02	1.353820e+01
1.880000e-05	1.386364e-03	1.373507e+01
1.881000e-05	-6.119990e-03	1.391446e+01
1.882000e-05	1.987046e-03	1.407238e+01
1.883000e-05	-1.075399e-02	1.420872e+01
1.884000e-05	2.937879e-04	1.437664e+01
1.885000e-05	-7.717817e-03	1.445550e+01
1.886000e-05	-2.410556e-03	1.461015e+01
1.887000e-05	-3.086581e-03	1.471611e+01
1.888000e-05	-7.308414e-03	1.486088e+01
1.889000e-05	-8.061614e-03	1.490401e+01
1.890000e-05	-8.763550e-03	1.502177e+01
1.891000e-05	3.829196e-03	1.509299e+01
1.892000e-05	-5.307234e-03	1.518915e+01
1.893000e-05	-3.578029e-03	1.525551e+01
1.894000e-05	-6.472917e-03	1.535861e+01
1.895000e-05	-1.862684e-03	1.545230e+01
1.896000e-05	-5.551520e-03	1.549396e+01
1.897000e-05	-6.050606e-03	1.555806e+01
1.898000e-05	-6.190610e-03	1.565027e+01
1.899000e-05	-7.509441e-03	1.570446e+01
1.900000e-05	-2.828001e-03	1.571561e+01
1.901000e-05	-6.593131e-03	1.575911e+01
1.902000e-05	-5.762758e-03	1.577972e+01
1.903000e-05	-6.674938e-03	1.581077e+01
1.904000e-05	-1.794150e-03	1.582188e+01
1.905000e-05	-3.245521e-03	1.586396e+01
1.906000e-05	-7.701808e-03	1.586383e+01
1.907000e-05	-6.526441e-03	1.588388e+01
1.908000e-05	-7.305073e-03	1.586436e+01
1.909000e-05	-4.308711e-03	1.588443e+01
1.910000e-05	-8.875090e-03	1.588240e+01
1.911000e-05	-3.941049e-03	1.589185e+01
1.912000e-05	-5.831149e-03	1.582082e+01
1.913000e-05	-4.251997e-03	1.577924e+01
1.914000e-05	-6.199909e-03	1.575814e+01
1.915000e-05	-5.702095e-03	1.569598e+01
1.916000e-05	-5.672216e-03	1.569278e+01
1.917000e-05	-7.414586e-03	1.563067e+01
1.918000e-05	-3.760897e-03	1.557706e+01
1.919000e-05	-6.757158e-03	1.549545e+01
1.920000e-05	-6.554471e-03	1.541962e+01
1.921000e-05	-7.184398e-03	1.534801e+01
1.922000e-05	-6.101575e-03	1.526438e+01
1.923000e-05	-5.444612e-03	1.516716e+01
1.924000e-05	-6.692374e-03	1.509343e+01
1.925000e-05	-3.696049e-03	1.497811e+01
1.926000e-05	-7.072487e-03	1.490443e+01
1.927000e-05	-5.254375e-03	1.476919e+01
1.928000e-05	-9.616564e-03	1.466297e+01
1.929000e-05	-4.346372e-03	1.458709e+01
1.930000e-05	-6.807914e-03	1.446227e+01
1.931000e-05	-4.788813e-03	1.427488e+01
1.932000e-05	-7.251388e-03	1.415719e+01
1.933000e-05	-6.036575e-03	1.404277e+01
1.934000e-05	-6.192380e-03	1.388237e+01
1.935000e-05	-5.992450e-03	1.375548e+01
1.936000e-05	-5.536975e-03	1.357761e+01
1.937000e-05	-6.781320e-03	1.339021e+01
1.938000e-05	-5.842730e-03	1.324042e+01
1.939000e-05	-6.163902e-03	1.307240e+01
1.940000e-05	-5.898221e-03	1.292596e+01
1.941000e-05	-6.736802e-03	1.272803e+01
1.942000e-05	-5.974249e-03	1.257666e+01
1.943000e-05	-5.682352e-03	1.238821e+01
1.944000e-05	-5.679861e-03	1.220719e+01
1.945000e-05	-5.807032e-03	1.200921e+01
1.946000e-05	-6.350859e-03	1.176721e+01
1.947000e-05	-6.731358e-03	1.158908e+01
1.948000e-05	-6.882909e-03	1.136708e+01
1.949000e-05	-4.692765e-03	1.114550e+01
1.950000e-05	-5.736012e-03	1.091458e+01
1.951000e-05	-6.426241e-03	1.075353e+01
1.952000e-05	-6.041374e-03	1.051242e+01
1.953000e-05	-6.022880e-03	1.026242e+01
1.954000e-05	-5.510360e-03	1.006032e+01
1.955000e-05	-6.183196e-03	9.778210e+00
1.956000e-05	-4.837899e-03	9.545606e+00
1.957000e-05	-6.483470e-03	9.316133e+00
1.958000e-05	-5.468372e-03	9.082954e+00
1.959000e-05	-6.021859e-03	8.830473e+00
1.960000e-05	-5.229998e-03	8.611740e+00
1.961000e-05	-5.708251e-03	8.376187e+00
1.962000e-05	-6.052466e-03	8.113604e+00
1.963000e-05	-4.842796e-03	7.821943e+00
1.964000e-05	-6.300670e-03	7.606689e+00
1.965000e-05	-4.793299e-03	7.303076e+00
1.966000e-05	-5.679712e-03	7.040746e+00
1.967000e-05	-6.043999e-03	6.787281e+00
1.968000e-05	-5.999621e-03	6.484027e+00
1.969000e-05	-5.326611e-03	6.229920e+00
1.970000e-05	-5.253199e-03	5.976814e+00
1.971000e-05	-5.767881e-03	5.662502e+00
1.972000e-05	-6.379546e-03	5.399312e+00
1.973000e-05	-5.573900e-03	5.074148e+00
1.974000e-05	-4.693009e-03	4.766209e+00
1.975000e-05	-5.088600e-03	4.472602e+00
1.976000e-05	-5.511984e-03	4.188341e+00
1.977000e-05	-6.527348e-03	3.923578e+00
1.978000e-05	-5.483757e-03	3.620428e+00
1.979000e-05	-4.819546e-03	3.356660e+00
1.980000e-05	-6.189877e-03	3.073446e+00
1.981000e-05	-5.597647e-03	2.807942e+00
1.982000e-05	-5.671421e-03	2.472094e+00
1.983000e-05	-4.862693e-03	2.179813e+00
1.984000e-05	-5.485137e-03	1.963199e+00
1.985000e-05	-5.443023e-03	1.579363e+00
1.986000e-05	-5.795855e-03	1.324629e+00
1.987000e-05	-4.032842e-03	9.648095e-01
1.988000e-05	-4.769944e-03	6.916239e-01
1.989000e-05	-4.761401e-03	3.979398e-01
1.990000e-05	-3.053464e-03	6.198132e-02
1.991000e-05	4.680847e-03	-1.711813e-01
1.992000e-05	3.193179e-03	-4.416930e-01
1.993000e-05	-4.268388e-03	-7.383221e-01
1.994000e-05	2.612461e-03	-1.012534e+00
1.995000e-05	-4.227993e-03	-1.325895e+00
1.996000e-05	-4.177871e-05	-1.631055e+00
1.997000e-05	7.458748e-03	-1.872612e+00
1.998000e-05	3.790502e-02	-2.051712e+00
1.999000e-05	1.063984e-01	-2.401008e+00
2.000000e-05	-1.024508e-01	-2.738480e+00
2.001000e-05	-7.289363e-04	-3.191379e+00
2.002000e-05	-4.460930e-02	-3.461632e+00
2.003000e-05	1.327938e-03	-3.661590e+00
2.004000e-05	-9.966207e-02	-3.937941e+00
2.005000e-05	1.055392e-01	-4.145320e+00
2.006000e-05	8.017173e-02	-4.317324e+00
2.007000e-05	-1.804359e-01	-4.696237e+00
2.008000e-05	2.353787e-01	-4.887217e+00
2.009000e-05	-1.870362e-01	-5.283142e+00
2.010000e-05	7.218989e-02	-5.608878e+00
2.011000e-05	3.225926e-03	-5.810985e+00
2.012000e-05	-8.467910e-02	-6.175222e+00
2.013000e-05	1.840088e-01	-6.399426e+00
2.014000e-05	-1.798940e-01	-6.674214e+00
2.015000e-05	9.743182e-02	-6.985324e+00
2.016000e-05	-5.437401e-02	-7.203988e+00
2.017000e-05	-2.361833e-02	-7.507851e+00
2.018000e-05	9.522977e-02	-7.779328e+00
2.019000e-05	-1.181547e-01	-8.085688e+00
2.020000e-05	1.822268e-01	-8.313645e+00
2.021000e-05	-1.729869e-01	-8.569827e+00
2.022000e-05	9.887098e-02	-8.853607e+00
2.023000e-05	-4.098315e-02	-9.062643e+00
2.024000e-05	3.151916e-03	-9.334219e+00
2.025000e-05	3.402720e-02	-9.549550e+00
2.026000e-05	-6.850592e-02	-9.800800e+00
2.027000e-05	1.017161e-01	-1.006083e+01
2.028000e-05	-9.321043e-02	-1.026041e+01
2.029000e-05	7.531354e-02	-1.047659e+01
2.030000e-05	-7.331883e-02	-1.069764e+01
2.031000e-05	6.459911e-02	-1.088607e+01
2.032000e-05	-3.228233e-02	-1.110754e+01
2.033000e-05	1.151240e-02	-1.130875e+01
2.034000e-05	7.065899e-03	-1.155022e+01
2.035000e-05	-1.575995e-02	-1.184143e+01
2.036000e-05	1.186114e-02	-1.201090e+01
2.037000e-05	-2.438590e-02	-1.220037e+01
2.038000e-05	4.629227e-02	-1.234828e+01
2.039000e-05	-2.406000e-02	-1.254922e+01
2.040000e-05	1.695335e-02	-1.276763e+01
2.041000e-05	-2.755979e-02	-1.294609e+01
2.042000e-05	2.460271e-02	-1.309554e+01
2.043000e-05	-1.678621e-02	-1.325193e+01
2.044000e-05	9.332435e-03	-1.341932e+01
2.045000e-05	-3.984647e-03	-1.357972e+01
2.046000e-05	9.731644e-03	-1.372616e+01
2.047000e-05	-4.893014e-03	-1.387346e+01
2.048000e-05	3.136531e-04	-1.408338e+01
2.049000e-05	4.804663e-03	-1.419020e+01
2.050000e-05	-2.185639e-03	-1.434559e+01
2.051000e-05	2.474391e-04	-1.446135e+01
2.052000e-05	4.425061e-04	-1.459927e+01
2.053000e-05	4.420648e-03	-1.468308e+01
2.054000e-05	-8.344418e-03	-1.480927e+01
2.055000e-05	-2.744244e-04	-1.493556e+01
2.056000e-05	2.133730e-03	-1.502030e+01
2.057000e-05	5.971854e-03	-1.512389e+01
2.058000e-05	5.414126e-04	-1.522922e+01
2.059000e-05	-8.270641e-04	-1.529493e+01
2.060000e-05	-1.072578e-03	-1.535657e+01
2.061000e-05	-1.856028e-03	-1.542875e+01
2.062000e-05	8.436306e-04	-1.548201e+01
2.063000e-05	5.313868e-04	-1.555757e+01
2.064000e-05	-1.555197e-03	-1.561073e+01
2.065000e-05	1.098471e-04	-1.569141e+01
2.066000e-05	4.470417e-04	-1.572601e+01
2.067000e-05	8.779605e-04	-1.572865e+01
2.068000e-05	-1.482347e-04	-1.577857e+01
2.069000e-05	1.776809e-03	-1.582020e+01
2.070000e-05	8.260940e-04	-1.583177e+01
2.071000e-05	-1.074152e-03	-1.586027e+01
2.072000e-05	2.764243e-04	-1.587127e+01
2.073000e-05	-2.283334e-03	-1.589228e+01
2.074000e-05	-1.537819e-03	-1.586185e+01
2.075000e-05	-6.559363e-04	-1.588275e+01
2.076000e-05	2.828040e-03	-1.586182e+01
2.077000e-05	6.362996e-04	-1.581970e+01
2.078000e-05	-1.298728e-03	-1.581971e+01
2.079000e-05	-1.313833e-03	-1.579806e+01
2.080000e-05	-1.251630e-03	-1.573541e+01
2.081000e-05	-8.818483e-04	-1.569343e+01
2.082000e-05	-8.984787e-04	-1.561123e+01
2.083000e-05	1.397064e-03	-1.558806e+01
2.084000e-05	-5.867550e-04	-1.550694e+01
2.085000e-05	-1.300197e-03	-1.549085e+01
2.086000e-05	-4.825191e-04	-1.536807e+01
2.087000e-05	3.556526e-04	-1.532543e+01
2.088000e-05	-8.669811e-04	-1.522122e+01
2.089000e-05	-8.576805e-04	-1.515659e+01
2.090000e-05	6.382735e-04	-1.506075e+01
2.091000e-05	-5.892261e-04	-1.497659e+01
2.092000e-05	-2.522414e-03	-1.486193e+01
2.093000e-05	-1.199753e-03	-1.474856e+01
2.094000e-05	-6.438271e-05	-1.465137e+01
2.095000e-05	-8.314500e-04	-1.454648e+01
2.096000e-05	7.920648e-05	-1.440074e+01
2.097000e-05	-6.081931e-04	-1.429383e+01
2.098000e-05	-1.287308e-03	-1.414503e+01
2.099000e-05	-1.591320e-03	-1.400714e+01
2.100000e-05	-1.867327e-03	-1.384932e+01
2.101000e-05	-1.997446e-03	-1.368438e+01
2.102000e-05	-1.888735e-03	-1.357399e+01
2.103000e-05	-1.867919e-03	-1.335961e+01
2.104000e-05	-1.814013e-03	-1.323070e+01
2.105000e-05	-1.526078e-03	-1.302137e+01
2.106000e-05	-2.198792e-03	-1.290230e+01
2.107000e-05	-9.222079e-04	-1.270596e+01
2.108000e-05	-1.314424e-03	-1.253653e+01
2.109000e-05	-2.589749e-03	-1.237656e+01
2.110000e-05	-2.404234e-03	-1.217469e+01
2.111000e-05	-2.481624e-03	-1.193616e+01
2.112000e-05	-2.308320e-03	-1.177701e+01
2.113000e-05	-3.162070e-03	-1.149498e+01
2.114000e-05	-1.600011e-03	-1.129887e+01
2.115000e-05	-1.575159e-03	-1.107329e+01
2.116000e-05	-2.136290e-03	-1.086178e+01
2.117000e-05	-2.832719e-03	-1.065192e+01
2.118000e-05	-3.127136e-03	-1.046832e+01
2.119000e-05	-3.218419e-03	-1.019972e+01
2.120000e-05	-2.971479e-03	-9.974615e+00
2.121000e-05	-2.411040e-03	-9.746582e+00
2.122000e-05	-4.036158e-03	-9.533956e+00
2.123000e-05	-3.894063e-03	-9.254500e+00
2.124000e-05	-3.169711e-03	-9.061323e+00
2.125000e-05	-3.182680e-03	-8.838695e+00
2.126000e-05	-3.242703e-03	-8.565660e+00
2.127000e-05	-3.953197e-03	-8.272028e+00
2.128000e-05	-3.142245e-03	-8.080270e+00
2.129000e-05	-3.578325e-03	-7.797210e+00
2.130000e-05	-2.995993e-03	-7.503004e+00
2.131000e-05	-5.210823e-03	-7.259818e+00
2.132000e-05	-3.198284e-03	-6.975581e+00
2.133000e-05	-4.929575e-03	-6.693078e+00
2.134000e-05	-3.430018e-03	-6.440419e+00
2.135000e-05	-5.582407e-03	-6.144685e+00
2.136000e-05	-2.853977e-03	-5.911001e+00
2.137000e-05	-4.997852e-03	-5.638212e+00
2.138000e-05	-1.758990e-03	-5.322574e+00
2.139000e-05	-5.336223e-03	-4.976737e+00
2.140000e-05	-2.687485e-03	-4.664950e+00
2.141000e-05	-5.588269e-03	-4.438894e+00
2.142000e-05	-2.986282e-03	-4.145128e+00
2.143000e-05	-5.007421e-03	-3.872020e+00
2.144000e-05	-4.356724e-03	-3.586765e+00
2.145000e-05	-4.586442e-03	-3.323604e+00
2.146000e-05	-4.737807e-03	-2.989312e+00
2.147000e-05	-4.674149e-03	-2.713681e+00
2.148000e-05	-4.077526e-03	-2.420476e+00
2.149000e-05	-4.261204e-03	-2.115632e+00
2.150000e-05	-5.565195e-03	-1.860548e+00
2.151000e-05	-4.890562e-03	-1.558387e+00
2.152000e-05	-5.147940e-03	-1.221496e+00
2.153000e-05	-3.128757e-03	-9.345527e-01
2.154000e-05	-5.543928e-03	-6.303673e-01
2.155000e-05	-3.121966e-03	-3.456806e-01
2.156000e-05	-3.167013e-03	-5.315013e-02
2.157000e-05	9.512449e-03	2.951858e-01
2.158000e-05	-5.451560e-03	5.073474e-01
2.159000e-05	4.205912e-03	7.484750e-01
2.160000e-05	-2.596847e-03	1.083771e+00
2.161000e-05	7.226334e-04	1.350450e+00
2.162000e-05	-6.463570e-03	1.687795e+00
2.163000e-05	9.636007e-03	1.937869e+00
2.164000e-05	1.426391e-02	2.159900e+00
2.165000e-05	7.909958e-02	2.393773e+00
2.166000e-05	9.763734e-03	2.823084e+00
2.167000e-05	-8.269329e-02	3.098369e+00
2.168000e-05	-9.951153e-03	3.412485e+00
2.169000e-05	-2.898104e-02	3.686764e+00
2.170000e-05	-5.736310e-03	3.918397e+00
2.171000e-05	-4.916091e-02	4.159929e+00
2.172000e-05	4.277187e-02	4.410082e+00
2.173000e-05	7.505180e-02	4.715898e+00
2.174000e-05	-1.541828e-01	5.020506e+00
2.175000e-05	1.805108e-01	5.267245e+00
2.176000e-05	-9.832608e-02	5.651480e+00
2.177000e-05	-1.542270e-02	5.896820e+00
2.178000e-05	3.723160e-02	6.160853e+00
2.179000e-05	-2.058615e-02	6.421983e+00
2.180000e-05	5.625157e-02	6.707219e+00
2.181000e-05	-7.877313e-02	6.999408e+00
2.182000e-05	2.313820e-02	7.223515e+00
2.183000e-05	-7.921830e-03	7.569306e+00
2.184000e-05	-5.109837e-03	7.801457e+00
2.185000e-05	1.737696e-02	8.127097e+00
2.186000e-05	-3.724292e-02	8.358827e+00
2.187000e-05	6.352102e-02	8.590904e+00
2.188000e-05	-5.325067e-02	8.853460e+00
2.189000e-05	1.369459e-02	9.075546e+00
2.190000e-05	2.433217e-04	9.326744e+00
2.191000e-05	-2.033948e-02	9.559254e+00
2.192000e-05	1.935330e-02	9.811903e+00
2.193000e-05	-2.203682e-02	1.004253e+01
2.194000e-05	2.351522e-02	1.029304e+01
2.195000e-05	-3.869185e-02	1.049524e+01
2.196000e-05	1.818995e-02	1.072872e+01
2.197000e-05	-1.437666e-02	1.092625e+01
2.198000e-05	1.023226e-02	1.113817e+01
2.199000e-05	-8.372833e-03	1.136890e+01
2.200000e-05	-1.115897e-02	1.163235e+01
2.201000e-05	9.424887e-03	1.179983e+01
2.202000e-05	-1.259094e-02	1.201035e+01
2.203000e-05	-1.697702e-03	1.223240e+01
2.204000e-05	-1.295425e-02	1.240086e+01
2.205000e-05	1.644282e-02	1.260928e+01
2.206000e-05	-6.783743e-03	1.276970e+01
2.207000e-05	-9.001777e-03	1.295619e+01
2.208000e-05	-8.071877e-03	1.311651e+01
2.209000e-05	-6.762438e-04	1.330751e+01
2.210000e-05	-6.603342e-04	1.345390e+01
2.211000e-05	-1.101887e-02	1.356980e+01
2.212000e-05	9.042185e-04	1.378767e+01
2.213000e-05	-5.367708e-03	1.393861e+01
2.214000e-05	-2.985801e-04	1.407444e+01
2.215000e-05	-6.251442e-03	1.422083e+01
2.216000e-05	-2.397503e-03	1.440875e+01
2.217000e-05	-5.016045e-03	1.451499e+01
2.218000e-05	-3.917238e-03	1.462088e+01
2.219000e-05	-1.037571e-03	1.475714e+01
2.220000e-05	-9.291485e-03	1.482233e+01
2.221000e-05	-8.018973e-03	1.493614e+01
2.222000e-05	-6.307591e-03	1.502132e+01
2.223000e-05	2.564970e-03	1.506649e+01
2.224000e-05	-5.295503e-03	1.516175e+01
2.225000e-05	-5.467135e-03	1.530453e+01
2.226000e-05	-3.229206e-03	1.540869e+01
2.227000e-05	-4.645086e-03	1.546233e+01
2.228000e-05	-4.996217e-03	1.552404e+01
2.229000e-05	-8.210713e-03	1.554971e+01
2.230000e-05	-3.091861e-03	1.568177e+01
2.231000e-05	-6.947115e-03	1.570300e+01
2.232000e-05	-2.864546e-03	1.572559e+01
2.233000e-05	-7.376385e-03	1.574716e+01
2.234000e-05	-7.472496e-03	1.577874e+01
2.235000e-05	-5.011453e-03	1.582132e+01
2.236000e-05	-2.536809e-03	1.587085e+01
2.237000e-05	-3.286759e-03	1.588240e+01
2.238000e-05	-8.616823e-03	1.585241e+01
2.239000e-05	-5.119680e-03	1.584246e+01
2.240000e-05	-5.888627e-03	1.586443e+01
2.241000e-05	-5.569658e-03	1.587193e+01
2.242000e-05	-8.347420e-03	1.587290e+01
2.243000e-05	-5.430938e-03	1.583037e+01
2.244000e-05	-5.094390e-03	1.581040e+01
2.245000e-05	-5.602652e-03	1.576622e+01
2.246000e-05	-5.684785e-03	1.573661e+01
2.247000e-05	-6.036555e-03	1.570401e+01
2.248000e-05	-5.261328e-03	1.565280e+01
2.249000e-05	-6.964312e-03	1.563969e+01
2.250000e-05	-3.822735e-03	1.557761e+01
2.251000e-05	-6.728411e-03	1.550385e+01
2.252000e-05	-6.807689e-03	1.540771e+01
2.253000e-05	-5.915427e-03	1.535598e+01
2.254000e-05	-6.372783e-03	1.527135e+01
2.255000e-05	-5.013588e-03	1.517959e+01
2.256000e-05	-7.544184e-03	1.506185e+01
2.257000e-05	-3.903539e-03	1.495656e+01
2.258000e-05	-6.816335e-03	1.490340e+01
2.259000e-05	-6.114171e-03	1.477763e+01
2.260000e-05	-7.332761e-03	1.463222e+01
2.261000e-05	-6.185774e-03	1.457603e+01
2.262000e-05	-5.106171e-03	1.440969e+01
2.263000e-05	-7.378653e-03	1.426290e+01
2.264000e-05	-6.072001e-03	1.412501e+01
2.265000e-05	-6.473812e-03	1.399009e+01
2.266000e-05	-6.026064e-03	1.381122e+01
2.267000e-05	-3.976891e-03	1.369330e+01
2.268000e-05	-6.184309e-03	1.352451e+01
2.269000e-05	-7.281733e-03	1.338664e+01
2.270000e-05	-5.932482e-03	1.321082e+01
2.271000e-05	-6.427451e-03	1.308227e+01
2.272000e-05	-6.000420e-03	1.291145e+01
2.273000e-05	-6.897393e-03	1.269448e+01
2.274000e-05	-5.271318e-03	1.249411e+01
2.275000e-05	-5.230648e-03	1.238713e+01
2.276000e-05	-5.494956e-03	1.215653e+01
2.277000e-05	-6.696905e-03	1.192603e+01
2.278000e-05	-6.095215e-03	1.175713e+01
2.279000e-05	-6.539891e-03	1.150495e+01
2.280000e-05	-5.180828e-03	1.131400e+01
2.281000e-05	-5.730661e-03	1.109337e+01
2.282000e-05	-5.564758e-03	1.087213e+01
2.283000e-05	-6.925300e-03	1.070200e+01
2.284000e-05	-5.151794e-03	1.047132e+01
2.285000e-05	-5.940864e-03	1.022872e+01
2.286000e-05	-5.284561e-03	1.001766e+01
2.287000e-05	-6.253584e-03	9.717156e+00
2.288000e-05	-4.357008e-03	9.452052e+00
2.289000e-05	-5.875965e-03	9.271500e+00
2.290000e-05	-5.610337e-03	9.030320e+00
2.291000e-05	-7.059182e-03	8.797190e+00
2.292000e-05	-5.918363e-03	8.576709e+00
2.293000e-05	-5.167473e-03	8.343951e+00
2.294000e-05	-4.813960e-03	8.031895e+00
2.295000e-05	-5.577790e-03	7.797762e+00
2.296000e-05	-7.024473e-03	7.513524e+00
2.297000e-05	-4.558106e-03	7.221940e+00
2.298000e-05	-4.788914e-03	6.946687e+00
2.299000e-05	-5.963657e-03	6.711950e+00
2.300000e-05	-6.073530e-03	6.431439e+00
2.301000e-05	-5.402667e-03	6.167237e+00
2.302000e-05	-5.076835e-03	5.861999e+00
2.303000e-05	-6.863889e-03	5.598865e+00
2.304000e-05	-6.279486e-03	5.315654e+00
2.305000e-05	-6.052971e-03	5.006235e+00
2.306000e-05	-5.067606e-03	4.683550e+00
2.307000e-05	-5.777007e-03	4.409890e+00
2.308000e-05	-5.777687e-03	4.136727e+00
2.309000e-05	-5.863423e-03	3.850440e+00
2.310000e-05	-6.067651e-03	3.557811e+00
2.311000e-05	-5.468874e-03	3.274471e+00
2.312000e-05	-5.352912e-03	3.007337e+00
2.313000e-05	-5.763530e-03	2.723607e+00
2.314000e-05	-6.397291e-03	2.407891e+00
2.315000e-05	-5.282431e-03	2.115206e+00
2.316000e-05	-5.278762e-03	1.840021e+00
2.317000e-05	-4.889497e-03	1.526755e+00
2.318000e-05	-6.172874e-03	1.229443e+00
2.319000e-05	-4.535816e-03	8.915991e-01
2.320000e-05	-5.182053e-03	5.678645e-01
2.321000e-05	-4.675131e-03	3.762078e-01
2.322000e-05	-2.580663e-03	-2.213151e-02
2.323000e-05	8.872704e-03	-2.547207e-01
2.324000e-05	-3.274886e-03	-5.284761e-01
2.325000e-05	1.160929e-03	-8.325882e-01
2.326000e-05	-3.428644e-03	-1.074266e+00
2.327000e-05	1.546726e-03	-1.410607e+00
2.328000e-05	-3.689653e-03	-1.664193e+00
2.329000e-05	1.784440e-02	-1.885822e+00
2.330000e-05	5.001943e-02	-2.147904e+00
2.331000e-05	8.680360e-02	-2.465245e+00
2.332000e-05	-1.276176e-01	-2.834139e+00
2.333000e-05	3.106782e-02	-3.225139e+00
2.334000e-05	-6.744541e-02	-3.496244e+00
2.335000e-05	1.071424e-02	-3.706324e+00
2.336000e-05	-1.161084e-01	-3.979979e+00
2.337000e-05	1.914754e-01	-4.188882e+00
2.338000e-05	-5.124823e-02	-4.382513e+00
2.339000e-05	-8.612076e-02	-4.788799e+00
2.340000e-05	1.905991e-01	-4.958430e+00
2.341000e-05	-2.265325e-01	-5.348828e+00
2.342000e-05	1.724566e-01	-5.663061e+00
2.343000e-05	-1.125710e-01	-5.886195e+00
2.344000e-05	3.822544e-02	-6.218831e+00
2.345000e-05	1.041140e-01	-6.452564e+00
2.346000e-05	-1.674980e-01	-6.738878e+00
2.347000e-05	1.430392e-01	-7.054409e+00
2.348000e-05	-1.313799e-01	-7.316745e+00
2.349000e-05	7.582430e-02	-7.560380e+00
2.350000e-05	-2.518709e-03	-7.852564e+00
2.351000e-05	-2.800538e-02	-8.147750e+00
2.352000e-05	1.236650e-01	-8.358327e+00
2.353000e-05	-1.738945e-01	-8.674985e+00
2.354000e-05	1.391424e-01	-8.906117e+00
2.355000e-05	-1.007246e-01	-9.088247e+00
2.356000e-05	7.494662e-02	-9.368825e+00
2.357000e-05	-3.944141e-02	-9.601331e+00
2.358000e-05	1.586492e-03	-9.822361e+00
2.359000e-05	4.688851e-02	-1.007301e+01
2.360000e-05	-6.435242e-02	-1.033812e+01
2.361000e-05	6.094049e-02	-1.052820e+01
2.362000e-05	-6.949842e-02	-1.070978e+01
2.363000e-05	7.873672e-02	-1.094722e+01
2.364000e-05	-5.929586e-02	-1.117880e+01
2.365000e-05	4.270449e-02	-1.141935e+01
2.366000e-05	-2.527876e-02	-1.164088e+01
2.367000e-05	1.195190e-02	-1.185341e+01
2.368000e-05	-1.538769e-02	-1.206448e+01
2.369000e-05	4.856292e-03	-1.223291e+01
2.370000e-05	2.500938e-02	-1.242186e+01
2.371000e-05	-1.269740e-02	-1.263993e+01
2.372000e-05	5.662920e-03	-1.281923e+01
2.373000e-05	-1.732311e-02	-1.296927e+01
2.374000e-05	1.966713e-02	-1.312665e+01
2.375000e-05	-1.754105e-02	-1.331459e+01
2.376000e-05	1.362397e-02	-1.349496e+01
2.377000e-05	-6.063811e-03	-1.365081e+01
2.378000e-05	1.215975e-02	-1.376873e+01
2.379000e-05	-1.177886e-02	-1.387700e+01
2.380000e-05	9.315939e-03	-1.411398e+01
2.381000e-05	-2.079297e-03	-1.424135e+01
2.382000e-05	3.207841e-03	-1.432762e+01
2.383000e-05	-4.194163e-03	-1.448486e+01
2.384000e-05	5.358481e-03	-1.461932e+01
2.385000e-05	-1.539825e-03	-1.472604e+01
2.386000e-05	-6.034824e-03	-1.484133e+01
2.387000e-05	-3.170358e-04	-1.490556e+01
2.388000e-05	3.487506e-03	-1.505225e+01
2.389000e-05	5.870790e-03	-1.509598e+01
2.390000e-05	-1.438539e-03	-1.520073e+01
2.391000e-05	-1.888750e-05	-1.529256e+01
2.392000e-05	-2.579672e-03	-1.534810e+01
2.393000e-05	-2.638822e-04	-1.539040e+01
2.394000e-05	4.932505e-04	-1.547656e+01
2.395000e-05	1.346258e-03	-1.554825e+01
2.396000e-05	-1.598726e-03	-1.560077e+01
2.397000e-05	2.231206e-04	-1.571243e+01
2.398000e-05	-5.989675e-04	-1.569606e+01
2.399000e-05	-1.232224e-04	-1.578859e+01
2.400000e-05	6.049727e-04	-1.575872e+01
2.401000e-05	1.216906e-03	-1.581022e+01
2.402000e-05	5.943027e-04	-1.583118e+01
2.403000e-05	-1.043011e-03	-1.585083e+01
2.404000e-05	3.199254e-04	-1.585338e+01
2.405000e-05	-2.713139e-03	-1.587325e+01
2.406000e-05	-1.296037e-03	-1.586128e+01
2.407000e-05	-1.142780e-05	-1.584233e+01
2.408000e-05	2.424748e-03	-1.584125e+01
2.409000e-05	5.721088e-04	-1.579959e+01
2.410000e-05	-1.430208e-03	-1.578719e+01
2.411000e-05	-3.479534e-04	-1.577802e+01
2.412000e-05	-1.677444e-03	-1.570455e+01
2.413000e-05	-1.051677e-03	-1.568226e+01
2.414000e-05	-3.833547e-05	-1.565180e+01
2.415000e-05	9.502411e-04	-1.555614e+01
2.416000e-05	-1.325796e-03	-1.549433e+01
2.417000e-05	-2.010233e-03	-1.547275e+01
2.418000e-05	-1.264439e-04	-1.537764e+01
2.419000e-05	8.954739e-04	-1.528390e+01
2.420000e-05	-3.579059e-04	-1.519824e+01
2.421000e-05	-1.103884e-03	-1.512341e+01
2.422000e-05	6.081250e-04	-1.504080e+01
2.423000e-05	-1.477211e-03	-1.497556e+01
2.424000e-05	-1.819572e-03	-1.483278e+01
2.425000e-05	-1.642662e-03	-1.474843e+01
2.426000e-05	-2.208647e-04	-1.462079e+01
2.427000e-05	-4.948833e-04	-1.450198e+01
2.428000e-05	-8.329685e-04	-1.440921e+01
2.429000e-05	-1.259510e-03	-1.422127e+01
2.430000e-05	-2.540023e-03	-1.413343e+01
2.431000e-05	-2.099198e-03	-1.393553e+01
2.432000e-05	-1.292850e-03	-1.377119e+01
2.433000e-05	-8.429965e-04	-1.364077e+01
2.434000e-05	-1.204819e-03	-1.346193e+01
2.435000e-05	-1.370724e-03	-1.334603e+01
2.436000e-05	-1.710705e-03	-1.318864e+01
2.437000e-05	-2.685814e-03	-1.301977e+01
2.438000e-05	-2.177633e-03	-1.286233e+01
2.439000e-05	4.141662e-04	-1.270332e+01
2.440000e-05	-2.688939e-03	-1.251393e+01
2.441000e-05	-1.186065e-03	-1.230438e+01
2.442000e-05	-2.725307e-03	-1.215398e+01
2.443000e-05	-2.947869e-03	-1.193598e+01
2.444000e-05	-2.212148e-03	-1.173195e+01
2.445000e-05	-1.816562e-03	-1.144077e+01
2.446000e-05	-1.697673e-03	-1.121029e+01
2.447000e-05	-3.327905e-03	-1.101626e+01
2.448000e-05	-4.307093e-03	-1.079877e+01
2.449000e-05	-2.322919e-03	-1.059929e+01
2.450000e-05	-2.876230e-03	-1.041661e+01
2.451000e-05	-5.828679e-04	-1.013606e+01
2.452000e-05	-3.215082e-03	-9.915481e+00
2.453000e-05	-6.178546e-04	-9.722902e+00
2.454000e-05	-4.044623e-03	-9.472402e+00
2.455000e-05	-3.285464e-03	-9.210340e+00
2.456000e-05	-3.844147e-03	-8.968714e+00
2.457000e-05	-4.469306e-03	-8.747032e+00
2.458000e-05	-4.588949e-03	-8.452950e+00
2.459000e-05	-4.261383e-03	-8.260450e+00
2.460000e-05	-2.067699e-03	-8.029741e+00
2.461000e-05	-1.775130e-03	-7.725581e+00
2.462000e-05	-2.892103e-03	-7.439817e+00
2.463000e-05	-3.859872e-03	-7.136539e+00
2.464000e-05	-4.033488e-03	-6.883001e+00
2.465000e-05	-4.357933e-03	-6.640845e+00
2.466000e-05	-3.753873e-03	-6.387213e+00
2.467000e-05	-3.577606e-03	-6.103575e+00
2.468000e-05	-4.146586e-03	-5.840844e+00
2.469000e-05	-5.769953e-03	-5.535599e+00
2.470000e-05	-2.567112e-03	-5.200342e+00
2.471000e-05	-3.958464e-03	-4.903607e+00
2.472000e-05	-2.221362e-03	-4.649316e+00
2.473000e-05	-4.916511e-03	-4.365737e+00
2.474000e-05	-4.097746e-03	-4.103123e+00
2.475000e-05	-4.711283e-03	-3.788267e+00
2.476000e-05	-5.065430e-03	-3.543057e+00
2.477000e-05	-4.445870e-03	-3.270473e+00
2.478000e-05	-5.988358e-03	-2.914711e+00
2.479000e-05	-3.574046e-03	-2.652967e+00
2.480000e-05	-3.562509e-03	-2.366818e+00
2.481000e-05	-2.912238e-03	-2.050571e+00
2.482000e-05	-5.321754e-03	-1.777812e+00
2.483000e-05	-4.104785e-03	-1.521550e+00
2.484000e-05	-5.309202e-03	-1.145184e+00
2.485000e-05	-3.581453e-03	-8.420225e-01
2.486000e-05	-6.201144e-03	-5.462070e-01
2.487000e-05	-3.591347e-03	-2.840778e-01
2.488000e-05	-2.336124e-03	1.215915e-02
2.489000e-05	1.114305e-02	3.288974e-01
2.490000e-05	-9.294900e-03	5.699838e-01
2.491000e-05	6.080700e-03	8.352317e-01
2.492000e-05	-5.885075e-03	1.158081e+00
2.493000e-05	4.163054e-03	1.383138e+00
2.494000e-05	-9.009311e-03	1.779551e+00
2.495000e-05	1.535641e-02	2.008528e+00
2.496000e-05	1.714951e-02	2.212685e+00
2.497000e-05	9.689102e-02	2.497826e+00
2.498000e-05	-4.593470e-02	2.884267e+00
2.499000e-05	-4.896391e-02	3.162075e+00
2.500000e-05	-2.715876e-02	3.455246e+00
2.501000e-05	-7.936287e-03	3.758901e+00
2.502000e-05	-2.986154e-02	3.959529e+00
2.503000e-05	-2.444470e-02	4.254611e+00
2.504000e-05	6.112619e-02	4.474195e+00
2.505000e-05	2.993434e-02	4.770382e+00
2.506000e-05	-1.273583e-01	5.075142e+00
2.507000e-05	2.100242e-01	5.369802e+00
2.508000e-05	-1.847671e-01	5.635692e+00
2.509000e-05	6.961864e-02	5.948475e+00
2.510000e-05	-2.089986e-02	6.252084e+00
2.511000e-05	2.914115e-02	6.464169e+00
2.512000e-05	2.083504e-02	6.769950e+00
2.513000e-05	-7.946566e-02	7.052612e+00
2.514000e-05	4.800169e-02	7.326394e+00
2.515000e-05	-3.823726e-02	7.631584e+00
2.516000e-05	3.151970e-02	7.875217e+00
2.517000e-05	-2.258562e-02	8.189900e+00
2.518000e-05	3.133056e-03	8.422032e+00
2.519000e-05	3.703562e-02	8.652515e+00
2.520000e-05	-5.398836e-02	8.935094e+00
2.521000e-05	3.190807e-02	9.159800e+00
2.522000e-05	-2.317993e-02	9.400377e+00
2.523000e-05	3.191701e-03	9.602483e+00
2.524000e-05	-5.556482e-03	9.884508e+00
2.525000e-05	3.120016e-03	1.010561e+01
2.526000e-05	-1.695192e-03	1.030520e+01
2.527000e-05	-2.273475e-02	1.058970e+01
2.528000e-05	8.322697e-03	1.075175e+01
2.529000e-05	-5.666790e-03	1.096027e+01
2.530000e-05	8.870263e-03	1.118938e+01
2.531000e-05	-1.448529e-02	1.143138e+01
2.532000e-05	-1.929366e-03	1.167491e+01
2.533000e-05	3.283108e-03	1.187243e+01
2.534000e-05	-6.042487e-03	1.212299e+01
2.535000e-05	-1.191862e-02	1.226498e+01
2.536000e-05	2.725636e-04	1.246646e+01
2.537000e-05	6.981786e-03	1.261135e+01
2.538000e-05	-4.728044e-03	1.278028e+01
2.539000e-05	-1.401726e-02	1.299035e+01
2.540000e-05	-1.599443e-03	1.316767e+01
2.541000e-05	-1.023588e-03	1.331576e+01
2.542000e-05	-3.624633e-03	1.347449e+01
2.543000e-05	-8.004784e-03	1.361182e+01
2.544000e-05	-4.498978e-04	1.380080e+01
2.545000e-05	-2.544596e-03	1.397814e+01
2.546000e-05	-5.365372e-03	1.410452e+01
2.547000e-05	-2.993089e-03	1.426495e+01
2.548000e-05	-6.670033e-03	1.440080e+01
2.549000e-05	-3.189748e-03	1.452812e+01
2.550000e-05	-4.290744e-03	1.467185e+01
2.551000e-05	-2.442627e-04	1.471769e+01
2.552000e-05	-9.746871e-03	1.485251e+01
2.553000e-05	-8.053826e-03	1.496764e+01
2.554000e-05	-3.070763e-03	1.503180e+01
2.555000e-05	-7.226953e-04	1.515664e+01
2.556000e-05	-3.729199e-03	1.520128e+01
2.557000e-05	-7.120759e-03	1.535451e+01
2.558000e-05	-4.628044e-04	1.542919e+01
2.559000e-05	-7.124379e-03	1.547195e+01
2.560000e-05	-4.143956e-03	1.555702e+01
2.561000e-05	-9.599035e-03	1.559909e+01
2.562000e-05	-3.697275e-03	1.565282e+01
2.563000e-05	-6.453565e-03	1.571453e+01
2.564000e-05	-3.719930e-03	1.573709e+01
2.565000e-05	-6.375891e-03	1.576962e+01
2.566000e-05	-7.799038e-03	1.580927e+01
2.567000e-05	-3.282846e-03	1.582035e+01
2.568000e-05	-3.999383e-03	1.584188e+01
2.569000e-05	-3.114113e-03	1.586396e+01
2.570000e-05	-8.790533e-03	1.586248e+01
2.571000e-05	-5.450754e-03	1.589393e+01
2.572000e-05	-6.058025e-03	1.588343e+01
2.573000e-05	-5.891714e-03	1.588290e+01
2.574000e-05	-7.214549e-03	1.586233e+01
2.575000e-05	-5.137704e-03	1.581085e+01
2.576000e-05	-3.970504e-03	1.576930e+01
2.577000e-05	-6.238130e-03	1.581809e+01
2.578000e-05	-4.864086e-03	1.574618e+01
2.579000e-05	-7.376097e-03	1.570540e+01
2.580000e-05	-6.142372e-03	1.564330e+01
2.581000e-05	-6.101671e-03	1.556912e+01
2.582000e-05	-4.574434e-03	1.552691e+01
2.583000e-05	-6.477155e-03	1.543228e+01
2.584000e-05	-7.662685e-03	1.535764e+01
2.585000e-05	-4.845794e-03	1.533588e+01
2.586000e-05	-5.474058e-03	1.524027e+01
2.587000e-05	-5.145811e-03	1.512551e+01
2.588000e-05	-6.398250e-03	1.503035e+01
2.589000e-05	-4.924382e-03	1.495748e+01
2.590000e-05	-6.165595e-03	1.485129e+01
2.591000e-05	-7.479791e-03	1.472566e+01
2.592000e-05	-4.912531e-03	1.463927e+01
2.593000e-05	-6.425583e-03	1.449503e+01
2.594000e-05	-4.001836e-03	1.436719e+01
2.595000e-05	-7.372475e-03	1.428027e+01
2.596000e-05	-5.469369e-03	1.412250e+01
2.597000e-05	-7.496967e-03	1.395761e+01
2.598000e-05	-4.725933e-03	1.378959e+01
2.599000e-05	-6.749155e-03	1.365337e+01
2.600000e-05	-4.905659e-03	1.349543e+01
2.601000e-05	-6.605249e-03	1.332466e+01
2.602000e-05	-5.187293e-03	1.317929e+01
2.603000e-05	-6.380963e-03	1.301931e+01
2.604000e-05	-5.854398e-03	1.284032e+01
2.605000e-05	-6.149236e-03	1.266225e+01
2.606000e-05	-5.689874e-03	1.248440e+01
2.607000e-05	-5.970044e-03	1.228498e+01
2.608000e-05	-5.598773e-03	1.210453e+01
2.609000e-05	-5.735189e-03	1.192297e+01
2.610000e-05	-5.505038e-03	1.169298e+01
2.611000e-05	-5.809011e-03	1.149137e+01
2.612000e-05	-5.076892e-03	1.126085e+01
2.613000e-05	-5.616737e-03	1.104987e+01
2.614000e-05	-5.775571e-03	1.085084e+01
2.615000e-05	-6.196036e-03	1.059034e+01
2.616000e-05	-5.561661e-03	1.036724e+01
2.617000e-05	-6.115749e-03	1.014766e+01
2.618000e-05	-5.418226e-03	9.935031e+00
2.619000e-05	-5.478670e-03	9.724476e+00
2.620000e-05	-5.489436e-03	9.429822e+00
2.621000e-05	-5.564248e-03	9.208390e+00
2.622000e-05	-6.176079e-03	8.988685e+00
2.623000e-05	-5.470938e-03	8.694155e+00
2.624000e-05	-6.283186e-03	8.503501e+00
2.625000e-05	-5.799800e-03	8.249842e+00
2.626000e-05	-6.078433e-03	7.978685e+00
2.627000e-05	-5.648025e-03	7.725124e+00
2.628000e-05	-6.378984e-03	7.381343e+00
2.629000e-05	-5.409274e-03	7.158758e+00
2.630000e-05	-5.292543e-03	6.925127e+00
2.631000e-05	-6.180165e-03	6.609969e+00
2.632000e-05	-5.757424e-03	6.327182e+00
2.633000e-05	-5.395437e-03	6.104127e+00
2.634000e-05	-4.437455e-03	5.841418e+00
2.635000e-05	-5.479724e-03	5.543233e+00
2.636000e-05	-5.178501e-03	5.272396e+00
2.637000e-05	-5.794111e-03	4.892053e+00
2.638000e-05	-5.528360e-03	4.579417e+00
2.639000e-05	-5.840608e-03	4.356833e+00
2.640000e-05	-5.658759e-03	4.070845e+00
2.641000e-05	-6.377646e-03	3.747209e+00
2.642000e-05	-5.671497e-03	3.504700e+00
2.643000e-05	-5.484396e-03	3.199387e+00
2.644000e-05	-5.700398e-03	2.905182e+00
2.645000e-05	-5.362634e-03	2.681842e+00
2.646000e-05	-5.142447e-03	2.316177e+00
2.647000e-05	-5.631907e-03	2.071127e+00
2.648000e-05	-5.578640e-03	1.747862e+00
2.649000e-05	-6.545219e-03	1.471025e+00
2.650000e-05	-5.044151e-03	1.185808e+00
2.651000e-05	-5.026917e-03	8.199450e-01
2.652000e-05	-4.135715e-03	5.047566e-01
2.653000e-05	-3.279859e-03	2.920673e-01
2.654000e-05	-1.616861e-03	-5.466579e-02
2.655000e-05	1.042911e-02	-3.164011e-01
2.656000e-05	-8.578916e-03	-5.606843e-01
2.657000e-05	5.877496e-03	-8.447895e-01
2.658000e-05	-6.700315e-03	-1.138904e+00
2.659000e-05	4.310671e-03	-1.464717e+00
2.660000e-05	-5.273229e-03	-1.727427e+00
2.661000e-05	2.494278e-02	-1.958898e+00
2.662000e-05	7.020798e-02	-2.190690e+00
2.663000e-05	3.526441e-02	-2.557428e+00
2.664000e-05	-1.086916e-01	-2.958911e+00
2.665000e-05	3.018645e-02	-3.315796e+00
2.666000e-05	-6.101858e-02	-3.526845e+00
2.667000e-05	-8.058862e-03	-3.801411e+00
2.668000e-05	-8.913275e-02	-4.043557e+00
2.669000e-05	2.257143e-01	-4.211983e+00
2.670000e-05	-1.683023e-01	-4.476174e+00
2.671000e-05	5.985706e-02	-4.840956e+00
2.672000e-05	9.824629e-02	-5.054145e+00
2.673000e-05	-1.729222e-01	-5.404013e+00
2.674000e-05	1.934737e-01	-5.625138e+00
2.675000e-05	-1.816053e-01	-5.928402e+00
2.676000e-05	1.508777e-01	-6.223535e+00
2.677000e-05	-1.019260e-02	-6.474217e+00
2.678000e-05	-9.931797e-02	-6.850008e+00
2.679000e-05	1.275225e-01	-7.064693e+00
2.680000e-05	-1.567173e-01	-7.390952e+00
2.681000e-05	1.440125e-01	-7.662937e+00
2.682000e-05	-9.906546e-02	-7.937273e+00
2.683000e-05	8.126023e-02	-8.209878e+00
2.684000e-05	1.994798e-02	-8.461533e+00
2.685000e-05	-1.036401e-01	-8.716117e+00
2.686000e-05	1.194589e-01	-8.939750e+00
2.687000e-05	-1.171225e-01	-9.191004e+00
2.688000e-05	1.090259e-01	-9.414931e+00
2.689000e-05	-9.556189e-02	-9.666089e+00
2.690000e-05	7.399120e-02	-9.914591e+00
2.691000e-05	-2.150596e-02	-1.010575e+01
2.692000e-05	-8.257756e-03	-1.032833e+01
2.693000e-05	1.587638e-02	-1.059977e+01
2.694000e-05	-3.431033e-02	-1.080185e+01
2.695000e-05	5.912256e-02	-1.101943e+01
2.696000e-05	-5.901657e-02	-1.123246e+01
2.697000e-05	5.417449e-02	-1.145281e+01
2.698000e-05	-4.144072e-02	-1.170501e+01
2.699000e-05	3.085884e-02	-1.188501e+01
2.700000e-05	-3.735417e-02	-1.210454e+01
2.701000e-05	3.299249e-02	-1.230604e+01
2.702000e-05	-7.528678e-04	-1.250294e+01
2.703000e-05	3.574987e-03	-1.267496e+01
2.704000e-05	-1.183699e-02	-1.282188e+01
2.705000e-05	8.792262e-04	-1.305135e+01
2.706000e-05	7.387596e-03	-1.314927e+01
2.707000e-05	-1.108160e-02	-1.330659e+01
2.708000e-05	9.869891e-03	-1.355699e+01
2.709000e-05	-4.827594e-03	-1.366378e+01
2.710000e-05	9.986751e-03	-1.381785e+01
2.711000e-05	-1.434705e-02	-1.396065e+01
2.712000e-05	1.259289e-02	-1.413804e+01
2.713000e-05	-5.010839e-03	-1.424180e+01
2.714000e-05	4.878205e-03	-1.440022e+01
2.715000e-05	-6.375675e-03	-1.452454e+01
2.716000e-05	8.737255e-03	-1.466236e+01
2.717000e-05	-6.120747e-03	-1.471602e+01
2.718000e-05	-4.738114e-03	-1.489291e+01
2.719000e-05	-8.438549e-04	-1.495757e+01
2.720000e-05	4.732520e-03	-1.506388e+01
2.721000e-05	4.745801e-03	-1.513554e+01
2.722000e-05	-2.342099e-03	-1.524020e+01
2.723000e-05	4.986398e-04	-1.532596e+01
2.724000e-05	-3.461987e-03	-1.539927e+01
2.725000e-05	1.140882e-03	-1.542986e+01
2.726000e-05	8.366305e-04	-1.555649e+01
2.727000e-05	2.503038e-04	-1.560877e+01
2.728000e-05	-2.202706e-03	-1.564975e+01
2.729000e-05	6.927093e-04	-1.571493e+01
2.730000e-05	-3.848400e-04	-1.571551e+01
2.731000e-05	-8.923384e-04	-1.577809e+01
2.732000e-05	1.314425e-03	-1.577957e+01
2.733000e-05	8.300150e-04	-1.585025e+01
2.734000e-05	1.098655e-03	-1.582130e+01
2.735000e-05	-5.385599e-04	-1.585187e+01
2.736000e-05	-9.193580e-04	-1.593178e+01
2.737000e-05	-2.548287e-03	-1.585238e+01
2.738000e-05	-2.013535e-03	-1.587335e+01
2.739000e-05	9.749003e-04	-1.585170e+01
2.740000e-05	2.462536e-03	-1.586125e+01
2.741000e-05	-2.678197e-04	-1.576859e+01
2.742000e-05	-1.885604e-03	-1.578761e+01
2.743000e-05	-7.710554e-04	-1.574859e+01
2.744000e-05	-3.286898e-05	-1.573438e+01
2.745000e-05	-7.286827e-04	-1.566176e+01
2.746000e-05	-3.303350e-04	-1.563180e+01
2.747000e-05	2.901801e-04	-1.556657e+01
2.748000e-05	-1.859309e-03	-1.547288e+01
2.749000e-05	-1.661154e-03	-1.542279e+01
2.750000e-05	-1.751580e-05	-1.534552e+01
2.751000e-05	4.233851e-04	-1.531438e+01
2.752000e-05	-6.703409e-04	-1.519962e+01
2.753000e-05	-7.991565e-04	-1.514439e+01
2.754000e-05	-4.858192e-04	-1.498972e+01
2.755000e-05	-2.059612e-03	-1.490548e+01
2.756000e-05	-1.665778e-03	-1.483227e+01
2.757000e-05	-1.928556e-03	-1.471440e+01
2.758000e-05	-4.399648e-04	-1.460967e+01
2.759000e-05	-2.377037e-04	-1.446340e+01
2.760000e-05	-1.099459e-03	-1.438599e+01
2.761000e-05	-3.981495e-04	-1.420865e+01
2.762000e-05	-1.580638e-03	-1.408337e+01
2.763000e-05	-7.265604e-04	-1.391336e+01
2.764000e-05	-1.419115e-03	-1.378661e+01
2.765000e-05	-1.587017e-03	-1.362920e+01
2.766000e-05	-1.864109e-03	-1.345084e+01
2.767000e-05	-1.577326e-03	-1.332440e+01
2.768000e-05	-2.362684e-03	-1.313559e+01
2.769000e-05	-1.469676e-03	-1.297819e+01
2.770000e-05	-1.213657e-03	-1.282965e+01
2.771000e-05	-1.373512e-03	-1.262034e+01
2.772000e-05	-2.365647e-03	-1.245190e+01
2.773000e-05	-1.650061e-03	-1.225188e+01
2.774000e-05	-3.015355e-03	-1.209272e+01
2.775000e-05	-3.262636e-03	-1.188030e+01
2.776000e-05	-3.748479e-03	-1.166087e+01
2.777000e-05	-2.373645e-03	-1.142766e+01
2.778000e-05	-2.435778e-03	-1.119015e+01
2.779000e-05	-3.089710e-03	-1.095558e+01
2.780000e-05	-2.268819e-03	-1.079614e+01
2.781000e-05	-2.939152e-03	-1.054819e+01
2.782000e-05	-2.970604e-03	-1.037496e+01
2.783000e-05	-3.406610e-03	-1.010243e+01
2.784000e-05	-2.450965e-03	-9.860799e+00
2.785000e-05	-2.832427e-03	-9.661372e+00
2.786000e-05	-3.399060e-03	-9.418239e+00
2.787000e-05	-3.773994e-03	-9.156208e+00
2.788000e-05	-2.798923e-03	-8.945132e+00
2.789000e-05	-3.379414e-03	-8.673951e+00
2.790000e-05	-3.059570e-03	-8.468815e+00
2.791000e-05	-2.908416e-03	-8.168742e+00
2.792000e-05	-5.284247e-03	-7.905708e+00
2.793000e-05	-1.995512e-03	-7.640871e+00
2.794000e-05	-6.241171e-03	-7.366709e+00
2.795000e-05	-7.130918e-04	-7.111026e+00
2.796000e-05	-4.031314e-03	-6.819870e+00
2.797000e-05	-2.407007e-03	-6.537208e+00
2.798000e-05	-4.067338e-03	-6.304002e+00
2.799000e-05	-5.041843e-03	-6.070342e+00
2.800000e-05	-4.924880e-03	-5.756211e+00
2.801000e-05	-5.359231e-03	-5.500498e+00
2.802000e-05	-3.147835e-03	-5.165636e+00
2.803000e-05	-4.328920e-03	-4.810941e+00
2.804000e-05	-3.496395e-03	-4.554161e+00
2.805000e-05	-1.418033e-03	-4.323577e+00
2.806000e-05	-2.936578e-03	-4.018294e+00
2.807000e-05	-3.475296e-03	-3.724108e+00
2.808000e-05	-7.139598e-03	-3.472571e+00
2.809000e-05	-4.800377e-03	-3.186841e+00
2.810000e-05	-5.808948e-03	-2.862524e+00
2.811000e-05	-4.892953e-03	-2.579813e+00
2.812000e-05	-5.933047e-03	-2.244145e+00
2.813000e-05	-3.126513e-03	-1.997863e+00
2.814000e-05	-4.112683e-03	-1.704533e+00
2.815000e-05	-1.743545e-03	-1.388912e+00
2.816000e-05	-4.021019e-03	-1.072548e+00
2.817000e-05	-3.690638e-03	-7.799410e-01
2.818000e-05	-7.773678e-03	-4.130464e-01
2.819000e-05	-3.809737e-03	-1.689159e-01
2.820000e-05	4.027470e-04	4.537210e-02
2.821000e-05	8.534322e-03	4.089538e-01
2.822000e-05	-8.938360e-03	6.347132e-01
2.823000e-05	6.484733e-03	8.952436e-01
2.824000e-05	-4.860463e-03	1.242058e+00
2.825000e-05	5.016703e-03	1.435402e+00
2.826000e-05	-6.900280e-03	1.813084e+00
2.827000e-05	1.656443e-02	2.021588e+00
2.828000e-05	2.960992e-02	2.283772e+00
2.829000e-05	9.345458e-02	2.616562e+00
2.830000e-05	-8.662503e-02	2.949503e+00
2.831000e-05	-2.010017e-02	3.254161e+00
2.832000e-05	-4.250856e-02	3.558978e+00
2.833000e-05	8.624574e-03	3.802040e+00
2.834000e-05	-4.985091e-02	4.063637e+00
2.835000e-05	4.275624e-03	4.277187e+00
2.836000e-05	7.928444e-02	4.559851e+00
2.837000e-05	-4.134540e-02	4.843146e+00
2.838000e-05	-4.093436e-02	5.149353e+00
2.839000e-05	1.559894e-01	5.433616e+00
2.840000e-05	-1.922269e-01	5.740374e+00
2.841000e-05	1.117344e-01	6.012013e+00
2.842000e-05	-5.896823e-02	6.286694e+00
2.843000e-05	6.342469e-02	6.558275e+00
2.844000e-05	-2.114219e-02	6.823037e+00
2.845000e-05	-5.426760e-02	7.109270e+00
2.846000e-05	5.384173e-02	7.401881e+00
2.847000e-05	-5.267379e-02	7.656120e+00
2.848000e-05	5.152767e-02	7.959332e+00
2.849000e-05	-5.332405e-02	8.273159e+00
2.850000e-05	4.325559e-02	8.464615e+00
2.851000e-05	1.033327e-03	8.677169e+00
2.852000e-05	-3.950617e-02	8.948769e+00
2.853000e-05	3.636263e-02	9.211504e+00
2.854000e-05	-3.760194e-02	9.432411e+00
2.855000e-05	2.448402e-02	9.653568e+00
2.856000e-05	-2.695034e-02	9.927270e+00
2.857000e-05	2.621932e-02	1.014875e+01
2.858000e-05	-2.692522e-02	1.038918e+01
2.859000e-05	7.359833e-04	1.061246e+01
2.860000e-05	-4.854841e-03	1.085096e+01
2.861000e-05	1.345107e-03	1.105993e+01
2.862000e-05	4.081188e-03	1.125439e+01
2.863000e-05	-1.802845e-02	1.145512e+01
2.864000e-05	7.709097e-03	1.172512e+01
2.865000e-05	-6.230431e-03	1.190715e+01
2.866000e-05	1.095683e-03	1.216612e+01
2.867000e-05	-1.897929e-02	1.230609e+01
2.868000e-05	1.349613e-02	1.250611e+01
2.869000e-05	-1.982529e-03	1.266351e+01
2.870000e-05	-3.368133e-03	1.288293e+01
2.871000e-05	-1.622310e-02	1.304982e+01
2.872000e-05	1.390200e-03	1.317033e+01
2.873000e-05	-4.268806e-04	1.339819e+01
2.874000e-05	-7.047221e-03	1.348714e+01
2.875000e-05	-4.343016e-03	1.368243e+01
2.876000e-05	-3.592852e-03	1.382433e+01
2.877000e-05	2.003513e-03	1.405970e+01
2.878000e-05	-1.025804e-02	1.411910e+01
2.879000e-05	-2.839541e-04	1.430551e+01
2.880000e-05	-8.801594e-03	1.444283e+01
2.881000e-05	-1.360903e-03	1.458867e+01
2.882000e-05	-4.877814e-03	1.469358e+01
2.883000e-05	-2.499507e-03	1.482870e+01
2.884000e-05	-9.675131e-03	1.488351e+01
2.885000e-05	-9.329545e-03	1.501973e+01
2.886000e-05	5.356855e-04	1.507438e+01
2.887000e-05	-3.191213e-03	1.514767e+01
2.888000e-05	-3.405990e-03	1.526280e+01
2.889000e-05	-8.742630e-03	1.531654e+01
2.890000e-05	-2.401707e-04	1.543283e+01
2.891000e-05	-6.165823e-03	1.546403e+01
2.892000e-05	-4.436093e-03	1.555809e+01
2.893000e-05	-7.823463e-03	1.558120e+01
2.894000e-05	-4.990054e-03	1.569337e+01
2.895000e-05	-4.257823e-03	1.571496e+01
2.896000e-05	-6.118427e-03	1.575667e+01
2.897000e-05	-5.637742e-03	1.580022e+01
2.898000e-05	-8.116810e-03	1.580930e+01
2.899000e-05	-9.235169e-04	1.580485e+01
2.900000e-05	-4.245376e-03	1.589286e+01
2.901000e-05	-6.137315e-03	1.585138e+01
2.902000e-05	-8.424964e-03	1.585143e+01
2.903000e-05	-4.640002e-03	1.589288e+01
2.904000e-05	-5.753881e-03	1.585240e+01
2.905000e-05	-7.094839e-03	1.587347e+01
2.906000e-05	-5.389054e-03	1.584185e+01
2.907000e-05	-5.891150e-03	1.579037e+01
2.908000e-05	-5.214130e-03	1.577922e+01
2.909000e-05	-6.979129e-03	1.577612e+01
2.910000e-05	-4.722448e-03	1.571596e+01
2.911000e-05	-6.265514e-03	1.567337e+01
2.912000e-05	-6.081127e-03	1.564967e+01
2.913000e-05	-4.937032e-03	1.559866e+01
2.914000e-05	-5.590266e-03	1.551546e+01
2.915000e-05	-6.311415e-03	1.544075e+01
2.916000e-05	-6.988986e-03	1.537756e+01
2.917000e-05	-4.540097e-03	1.529435e+01
2.918000e-05	-5.563284e-03	1.520967e+01
2.919000e-05	-7.003389e-03	1.513445e+01
2.920000e-05	-5.855651e-03	1.502129e+01
2.921000e-05	-6.136788e-03	1.490545e+01
2.922000e-05	-4.848670e-03	1.486130e+01
2.923000e-05	-8.137196e-03	1.473443e+01
2.924000e-05	-4.010671e-03	1.459809e+01
2.925000e-05	-7.211374e-03	1.452245e+01
2.926000e-05	-3.584288e-03	1.431758e+01
2.927000e-05	-8.300784e-03	1.420029e+01
2.928000e-05	-4.893915e-03	1.404080e+01
2.929000e-05	-6.760743e-03	1.391446e+01
2.930000e-05	-4.854454e-03	1.376909e+01
2.931000e-05	-7.297085e-03	1.359872e+01
2.932000e-05	-6.065391e-03	1.347092e+01
2.933000e-05	-5.803412e-03	1.330340e+01
2.934000e-05	-4.983309e-03	1.313513e+01
2.935000e-05	-5.615236e-03	1.294608e+01
2.936000e-05	-5.791031e-03	1.278864e+01
2.937000e-05	-5.634259e-03	1.260932e+01
2.938000e-05	-5.504222e-03	1.244129e+01
2.939000e-05	-6.703894e-03	1.224037e+01
2.940000e-05	-5.847687e-03	1.208087e+01
2.941000e-05	-6.330826e-03	1.186185e+01
2.942000e-05	-6.430129e-03	1.165182e+01
2.943000e-05	-5.577012e-03	1.141919e+01
2.944000e-05	-4.697862e-03	1.120871e+01
2.945000e-05	-5.616612e-03	1.100819e+01
2.946000e-05	-4.942891e-03	1.078876e+01
2.947000e-05	-5.066098e-03	1.053668e+01
2.948000e-05	-5.204848e-03	1.030453e+01
2.949000e-05	-6.479601e-03	1.014505e+01
2.950000e-05	-6.784776e-03	9.851319e+00
2.951000e-05	-5.720321e-03	9.598739e+00
2.952000e-05	-4.002924e-03	9.379164e+00
2.953000e-05	-7.393866e-03	9.186710e+00
2.954000e-05	-5.109773e-03	8.895630e+00
2.955000e-05	-6.160958e-03	8.650949e+00
2.956000e-05	-4.498438e-03	8.438944e+00
2.957000e-05	-4.483152e-03	8.168131e+00
2.958000e-05	-4.391383e-03	7.913529e+00
2.959000e-05	-6.018325e-03	7.670847e+00
2.960000e-05	-6.841504e-03	7.375737e+00
2.961000e-05	-7.269143e-03	7.091522e+00
2.962000e-05	-6.255670e-03	6.880920e+00
2.963000e-05	-5.701723e-03	6.570281e+00
2.964000e-05	-4.935420e-03	6.294053e+00
2.965000e-05	-5.757888e-03	6.080995e+00
2.966000e-05	-3.574132e-03	5.758731e+00
2.967000e-05	-5.006643e-03	5.493599e+00
2.968000e-05	-6.009685e-03	5.187157e+00
2.969000e-05	-7.043699e-03	4.870489e+00
2.970000e-05	-6.041931e-03	4.556658e+00
2.971000e-05	-6.660597e-03	4.311549e+00
2.972000e-05	-6.290949e-03	3.938786e+00
2.973000e-05	-5.539957e-03	3.704579e+00
2.974000e-05	-5.550709e-03	3.432389e+00
2.975000e-05	-4.142862e-03	3.145729e+00
2.976000e-05	-4.980648e-03	2.872500e+00
2.977000e-05	-4.774720e-03	2.597737e+00
2.978000e-05	-5.582869e-03	2.222473e+00
2.979000e-05	-5.861398e-03	2.009864e+00
2.980000e-05	-5.671370e-03	1.651148e+00
2.981000e-05	-7.065737e-03	1.366712e+00
2.982000e-05	-5.144128e-03	1.092570e+00
2.983000e-05	-5.713102e-03	7.557582e-01
2.984000e-05	-4.094133e-03	4.820037e-01
2.985000e-05	-2.753119e-03	1.878869e-01
2.986000e-05	1.868117e-03	-1.078722e-01
2.987000e-05	1.021052e-02	-3.900838e-01
2.988000e-05	-8.950467e-03	-6.758209e-01
2.989000e-05	6.736557e-03	-9.180524e-01
2.990000e-05	-8.790838e-03	-1.202609e+00
2.991000e-05	3.820444e-03	-1.547951e+00
2.992000e-05	-1.697789e-03	-1.809530e+00
2.993000e-05	3.262773e-02	-2.012030e+00
2.994000e-05	9.431166e-02	-2.274745e+00
2.995000e-05	-3.396751e-02	-2.634301e+00
2.996000e-05	-6.160586e-02	-3.046270e+00
2.997000e-05	-2.100857e-04	-3.398980e+00
2.998000e-05	-3.256940e-02	-3.599558e+00
2.999000e-05	-5.002705e-02	-3.854197e+00
3.000000e-05	-1.221688e-02	-4.094238e+00
3.001000e-05	1.850804e-01	-4.274567e+00
3.002000e-05	-2.275962e-01	-4.548938e+00
3.003000e-05	1.839167e-01	-4.902641e+00
3.004000e-05	-4.487654e-02	-5.117878e+00
3.005000e-05	-7.763159e-02	-5.537222e+00
3.006000e-05	1.337065e-01	-5.694774e+00
3.007000e-05	-1.767679e-01	-5.982534e+00
3.008000e-05	2.089706e-01	-6.348171e+00
3.009000e-05	-1.163148e-01	-6.579512e+00
3.010000e-05	-1.310069e-05	-6.895591e+00
3.011000e-05	5.559887e-02	-7.139832e+00
3.012000e-05	-1.215782e-01	-7.443640e+00
3.013000e-05	1.546682e-01	-7.725695e+00
3.014000e-05	-1.477896e-01	-8.011331e+00
3.015000e-05	1.639719e-01	-8.253562e+00
3.016000e-05	-9.152701e-02	-8.453671e+00
3.017000e-05	-3.850086e-03	-8.810399e+00
3.018000e-05	5.294514e-02	-9.011330e+00
3.019000e-05	-7.672142e-02	-9.261088e+00
3.020000e-05	9.781033e-02	-9.455490e+00
3.021000e-05	-1.125150e-01	-9.718169e+00
3.022000e-05	1.103173e-01	-9.947223e+00
3.023000e-05	-7.467184e-02	-1.020081e+01
3.024000e-05	4.871424e-02	-1.045041e+01
3.025000e-05	-3.482193e-02	-1.065195e+01
3.026000e-05	1.623600e-02	-1.086246e+01
3.027000e-05	1.811086e-02	-1.105201e+01
3.028000e-05	-3.238118e-02	-1.128566e+01
3.029000e-05	3.922515e-02	-1.147510e+01
3.030000e-05	-3.906471e-02	-1.178872e+01
3.031000e-05	3.182500e-02	-1.197067e+01
3.032000e-05	-4.148144e-02	-1.215717e+01
3.033000e-05	5.001962e-02	-1.232719e+01
3.034000e-05	-2.034048e-02	-1.252722e+01
3.035000e-05	1.437024e-02	-1.273559e+01
3.036000e-05	-2.462390e-02	-1.288451e+01
3.037000e-05	1.771530e-02	-1.299198e+01
3.038000e-05	-4.518156e-03	-1.321035e+01
3.039000e-05	-1.433568e-03	-1.340025e+01
3.040000e-05	1.286108e-03	-1.353812e+01
3.041000e-05	2.487771e-03	-1.371619e+01
3.042000e-05	5.167108e-03	-1.387243e+01
3.043000e-05	-9.318032e-03	-1.401032e+01
3.044000e-05	9.569636e-03	-1.417804e+01
3.045000e-05	-6.001335e-03	-1.425549e+01
3.046000e-05	5.359174e-03	-1.446188e+01
3.047000e-05	-3.962900e-03	-1.454667e+01
3.048000e-05	7.511527e-03	-1.467348e+01
3.049000e-05	-8.843162e-03	-1.478825e+01
3.050000e-05	-2.065020e-03	-1.490403e+01
3.051000e-05	1.426218e-03	-1.498967e+01
3.052000e-05	5.486736e-03	-1.508286e+01
3.053000e-05	2.181336e-03	-1.514709e+01
3.054000e-05	-2.026642e-03	-1.528441e+01
3.055000e-05	8.391641e-04	-1.534556e+01
3.056000e-05	-1.693330e-03	-1.538130e+01
3.057000e-05	1.032442e-03	-1.550333e+01
3.058000e-05	9.461348e-05	-1.554559e+01
3.059000e-05	-2.202358e-04	-1.559922e+01
3.060000e-05	-5.932761e-04	-1.564433e+01
3.061000e-05	2.606955e-04	-1.575356e+01
3.062000e-05	-5.026641e-04	-1.571557e+01
3.063000e-05	7.062841e-05	-1.580814e+01
3.064000e-05	2.243013e-03	-1.580769e+01
3.065000e-05	1.477306e-03	-1.585222e+01
3.066000e-05	1.932211e-04	-1.586277e+01
3.067000e-05	-6.015289e-04	-1.586138e+01
3.068000e-05	-9.620336e-04	-1.585400e+01
3.069000e-05	-1.227488e-03	-1.586228e+01
3.070000e-05	-2.187729e-03	-1.587040e+01
3.071000e-05	1.896424e-03	-1.582068e+01
3.072000e-05	6.753302e-04	-1.583972e+01
3.073000e-05	-2.111195e-04	-1.579862e+01
3.074000e-05	-1.380183e-03	-1.576709e+01
3.075000e-05	2.814042e-04	-1.578702e+01
3.076000e-05	-1.085162e-03	-1.569486e+01
3.077000e-05	-6.427076e-04	-1.566322e+01
3.078000e-05	4.613621e-04	-1.563974e+01
3.079000e-05	-2.275873e-04	-1.555554e+01
3.080000e-05	-1.163896e-03	-1.544235e+01
3.081000e-05	-1.493462e-03	-1.542072e+01
3.082000e-05	2.319094e-04	-1.534503e+01
3.083000e-05	-3.800162e-05	-1.526338e+01
3.084000e-05	-9.174210e-04	-1.519654e+01
3.085000e-05	-5.164681e-04	-1.507490e+01
3.086000e-05	-3.693840e-04	-1.503912e+01
3.087000e-05	-1.594617e-03	-1.490393e+01
3.088000e-05	-2.537334e-03	-1.483865e+01
3.089000e-05	-1.052919e-03	-1.467193e+01
3.090000e-05	-1.214830e-03	-1.456714e+01
3.091000e-05	-6.253115e-04	-1.443183e+01
3.092000e-05	-6.461707e-04	-1.429390e+01
3.093000e-05	-1.843930e-03	-1.420716e+01
3.094000e-05	-1.855185e-03	-1.405072e+01
3.095000e-05	-1.625921e-03	-1.388300e+01
3.096000e-05	-1.599436e-03	-1.372551e+01
3.097000e-05	-1.479601e-03	-1.359766e+01
3.098000e-05	-9.438369e-04	-1.341879e+01
3.099000e-05	-2.680450e-03	-1.327285e+01
3.100000e-05	-1.880238e-03	-1.307040e+01
3.101000e-05	-2.409266e-03	-1.296558e+01
3.102000e-05	-1.556666e-03	-1.278756e+01
3.103000e-05	-2.227722e-03	-1.256966e+01
3.104000e-05	-2.601375e-03	-1.241882e+01
3.105000e-05	-2.674328e-03	-1.223932e+01
3.106000e-05	-2.060576e-03	-1.204812e+01
3.107000e-05	-3.118042e-03	-1.180864e+01
3.108000e-05	-3.432922e-03	-1.156761e+01
3.109000e-05	-2.336267e-03	-1.135551e+01
3.110000e-05	-3.352255e-03	-1.107450e+01
3.111000e-05	-3.080465e-03	-1.091453e+01
3.112000e-05	-2.216610e-03	-1.068558e+01
3.113000e-05	-1.933193e-03	-1.050403e+01
3.114000e-05	-3.599647e-03	-1.024187e+01
3.115000e-05	-3.487621e-03	-1.005884e+01
3.116000e-05	-2.493304e-03	-9.849171e+00
3.117000e-05	-2.853866e-03	-9.617785e+00
3.118000e-05	-3.554659e-03	-9.355587e+00
3.119000e-05	-3.049410e-03	-9.125054e+00
3.120000e-05	-2.069632e-03	-8.891949e+00
3.121000e-05	-2.723442e-03	-8.608765e+00
3.122000e-05	-3.626930e-03	-8.347712e+00
3.123000e-05	-3.164898e-03	-8.154608e+00
3.124000e-05	-3.682370e-03	-7.861922e+00
3.125000e-05	-2.972755e-03	-7.567585e+00
3.126000e-05	-3.330810e-03	-7.314554e+00
3.127000e-05	-2.286711e-03	-7.070869e+00
3.128000e-05	-4.702739e-03	-6.745762e+00
3.129000e-05	-3.045906e-03	-6.501529e+00
3.130000e-05	-4.002752e-03	-6.230795e+00
3.131000e-05	-2.565652e-03	-5.966185e+00
3.132000e-05	-6.179763e-03	-5.702500e+00
3.133000e-05	-2.991502e-03	-5.407712e+00
3.134000e-05	-4.872946e-03	-5.103074e+00
3.135000e-05	-2.071339e-03	-4.715753e+00
3.136000e-05	-5.854409e-03	-4.453575e+00
3.137000e-05	-2.386375e-03	-4.260368e+00
3.138000e-05	-4.116930e-03	-3.987306e+00
3.139000e-05	-2.885615e-03	-3.660473e+00
3.140000e-05	-5.932362e-03	-3.358289e+00
3.141000e-05	-4.651071e-03	-3.104698e+00
3.142000e-05	-5.308252e-03	-2.777815e+00
3.143000e-05	-2.994276e-03	-2.523107e+00
3.144000e-05	-5.060928e-03	-2.278316e+00
3.145000e-05	-4.301106e-03	-1.915706e+00
3.146000e-05	-5.136855e-03	-1.661499e+00
3.147000e-05	-3.716167e-03	-1.313678e+00
3.148000e-05	-4.344991e-03	-9.504197e-01
3.149000e-05	-4.626646e-03	-7.152827e-01
3.150000e-05	-3.564118e-03	-3.884172e-01
3.151000e-05	-4.584986e-03	-1.031830e-01
3.152000e-05	4.294859e-03	1.314612e-01
3.153000e-05	1.985616e-03	4.535881e-01
3.154000e-05	-2.643035e-03	7.067948e-01
3.155000e-05	2.323289e-03	9.516290e-01
3.156000e-05	-3.375887e-03	1.265272e+00
3.157000e-05	5.210246e-04	1.601713e+00
3.158000e-05	-1.062458e-03	1.896693e+00
3.159000e-05	1.473149e-02	2.086821e+00
3.160000e-05	5.070059e-02	2.338502e+00
3.161000e-05	6.526903e-02	2.736897e+00
3.162000e-05	-1.005208e-01	3.043659e+00
3.163000e-05	-4.755378e-03	3.295822e+00
3.164000e-05	-4.413544e-02	3.622082e+00
3.165000e-05	9.460121e-03	3.853668e+00
3.166000e-05	-6.133685e-02	4.116768e+00
3.167000e-05	2.324038e-02	4.359379e+00
3.168000e-05	8.971379e-02	4.662486e+00
3.169000e-05	-1.110023e-01	4.928779e+00
3.170000e-05	7.333193e-02	5.223033e+00
3.171000e-05	4.647398e-02	5.547303e+00
3.172000e-05	-1.308944e-01	5.831456e+00
3.173000e-05	9.704452e-02	6.065167e+00
3.174000e-05	-5.600272e-02	6.358849e+00
3.175000e-05	7.503009e-02	6.641559e+00
3.176000e-05	-5.807205e-02	6.937274e+00
3.177000e-05	-1.894077e-02	7.179949e+00
3.178000e-05	3.438990e-02	7.476196e+00
3.179000e-05	-3.979781e-02	7.768298e+00
3.180000e-05	4.738976e-02	8.013486e+00
3.181000e-05	-6.083125e-02	8.305746e+00
3.182000e-05	6.703998e-02	8.538295e+00
3.183000e-05	-3.139092e-02	8.768802e+00
3.184000e-05	-1.592488e-02	9.022880e+00
3.185000e-05	2.348337e-02	9.257016e+00
3.186000e-05	-3.632357e-02	9.496141e+00
3.187000e-05	3.198484e-02	9.736245e+00
3.188000e-05	-3.359452e-02	9.968353e+00
3.189000e-05	3.519533e-02	1.021093e+01
3.190000e-05	-4.095226e-02	1.039350e+01
3.191000e-05	1.535558e-02	1.068399e+01
3.192000e-05	-1.285371e-02	1.090311e+01
3.193000e-05	7.880918e-03	1.109457e+01
3.194000e-05	-1.508548e-03	1.128559e+01
3.195000e-05	-1.684059e-02	1.155652e+01
3.196000e-05	1.338064e-02	1.174127e+01
3.197000e-05	-1.278489e-02	1.196780e+01
3.198000e-05	3.262563e-03	1.218767e+01
3.199000e-05	-2.095981e-02	1.235965e+01
3.200000e-05	1.975748e-02	1.255724e+01
3.201000e-05	-5.604410e-03	1.270725e+01
3.202000e-05	-5.165539e-03	1.292457e+01
3.203000e-05	-1.421840e-02	1.304596e+01
3.204000e-05	1.730920e-03	1.324233e+01
3.205000e-05	2.210306e-04	1.339932e+01
3.206000e-05	-1.087922e-02	1.355812e+01
3.207000e-05	9.713318e-04	1.374562e+01
3.208000e-05	-5.406940e-03	1.386443e+01
3.209000e-05	2.175565e-03	1.402178e+01
3.210000e-05	-1.113816e-02	1.414915e+01
3.211000e-05	-4.065377e-04	1.434807e+01
3.212000e-05	-8.351366e-03	1.444500e+01
3.213000e-05	-2.595584e-03	1.459934e+01
3.214000e-05	-2.263516e-03	1.468596e+01
3.215000e-05	-6.042913e-03	1.481985e+01
3.216000e-05	-8.454977e-03	1.494516e+01
3.217000e-05	-8.952620e-03	1.499075e+01
3.218000e-05	2.663133e-03	1.507444e+01
3.219000e-05	-4.543072e-03	1.518782e+01
3.220000e-05	-4.126361e-03	1.524338e+01
3.221000e-05	-7.137176e-03	1.534559e+01
3.222000e-05	-1.033018e-03	1.545282e+01
3.223000e-05	-5.268292e-03	1.550296e+01
3.224000e-05	-7.883525e-03	1.556707e+01
3.225000e-05	-6.940590e-03	1.565174e+01
3.226000e-05	-6.268976e-03	1.571190e+01
3.227000e-05	-1.444360e-03	1.573451e+01
3.228000e-05	-6.293688e-03	1.573606e+01
3.229000e-05	-6.251994e-03	1.578917e+01
3.230000e-05	-8.901788e-03	1.580925e+01
3.231000e-05	-1.654939e-03	1.590088e+01
3.232000e-05	-3.805276e-03	1.583238e+01
3.233000e-05	-7.281514e-03	1.586440e+01
3.234000e-05	-6.430472e-03	1.583195e+01
3.235000e-05	-6.844151e-03	1.584448e+01
3.236000e-05	-5.062157e-03	1.587243e+01
3.237000e-05	-7.729695e-03	1.583140e+01
3.238000e-05	-4.572077e-03	1.583132e+01
3.239000e-05	-5.709768e-03	1.579177e+01
3.240000e-05	-4.918696e-03	1.579819e+01
3.241000e-05	-5.356403e-03	1.576814e+01
3.242000e-05	-6.040342e-03	1.573491e+01
3.243000e-05	-6.618420e-03	1.570330e+01
3.244000e-05	-6.956351e-03	1.566132e+01
3.245000e-05	-3.875542e-03	1.556559e+01
3.246000e-05	-5.474045e-03	1.549295e+01
3.247000e-05	-6.807750e-03	1.543920e+01
3.248000e-05	-8.425344e-03	1.535701e+01
3.249000e-05	-3.089831e-03	1.526338e+01
3.250000e-05	-7.519641e-03	1.519814e+01
3.251000e-05	-4.430191e-03	1.509495e+01
3.252000e-05	-5.754862e-03	1.498964e+01
3.253000e-05	-5.962849e-03	1.490393e+01
3.254000e-05	-4.480024e-03	1.481969e+01
3.255000e-05	-9.872100e-03	1.465190e+01
3.256000e-05	-3.732452e-03	1.459861e+01
3.257000e-05	-6.327062e-03	1.443074e+01
3.258000e-05	-2.887609e-03	1.434395e+01
3.259000e-05	-7.049679e-03	1.417771e+01
3.260000e-05	-5.770609e-03	1.402117e+01
3.261000e-05	-6.127611e-03	1.387545e+01
3.262000e-05	-5.914860e-03	1.371701e+01
3.263000e-05	-5.894230e-03	1.355866e+01
3.264000e-05	-6.547077e-03	1.340074e+01
3.265000e-05	-4.562444e-03	1.323235e+01
3.266000e-05	-4.813681e-03	1.309243e+01
3.267000e-05	-6.234690e-03	1.292548e+01
3.268000e-05	-6.356723e-03	1.274698e+01
3.269000e-05	-6.238700e-03	1.259709e+01
3.270000e-05	-5.778284e-03	1.239929e+01
3.271000e-05	-4.964515e-03	1.218779e+01
3.272000e-05	-5.384236e-03	1.201176e+01
3.273000e-05	-5.972115e-03	1.180862e+01
3.274000e-05	-6.364825e-03	1.158661e+01
3.275000e-05	-6.357710e-03	1.136706e+01
3.276000e-05	-4.891641e-03	1.112608e+01
3.277000e-05	-6.074629e-03	1.093611e+01
3.278000e-05	-5.946291e-03	1.072454e+01
3.279000e-05	-5.931448e-03	1.052447e+01
3.280000e-05	-5.486546e-03	1.026397e+01
3.281000e-05	-5.870212e-03	1.009092e+01
3.282000e-05	-6.395513e-03	9.769688e+00
3.283000e-05	-5.410960e-03	9.537610e+00
3.284000e-05	-5.374753e-03	9.315182e+00
3.285000e-05	-6.066191e-03	9.073972e+00
3.286000e-05	-5.954835e-03	8.833393e+00
3.287000e-05	-6.779394e-03	8.601290e+00
3.288000e-05	-5.628649e-03	8.379713e+00
3.289000e-05	-5.775275e-03	8.083527e+00
3.290000e-05	-4.982861e-03	7.850894e+00
3.291000e-05	-5.749536e-03	7.597735e+00
3.292000e-05	-7.133702e-03	7.335576e+00
3.293000e-05	-5.635977e-03	7.069323e+00
3.294000e-05	-5.173038e-03	6.807710e+00
3.295000e-05	-5.763605e-03	6.494527e+00
3.296000e-05	-6.066907e-03	6.241339e+00
3.297000e-05	-5.724621e-03	5.977685e+00
3.298000e-05	-6.610953e-03	5.694098e+00
3.299000e-05	-6.033714e-03	5.408865e+00
3.300000e-05	-5.883915e-03	5.083948e+00
3.301000e-05	-5.038381e-03	4.767281e+00
3.302000e-05	-5.709888e-03	4.482053e+00
3.303000e-05	-4.587723e-03	4.230747e+00
3.304000e-05	-5.244937e-03	3.904605e+00
3.305000e-05	-5.204445e-03	3.640495e+00
3.306000e-05	-6.949868e-03	3.326132e+00
3.307000e-05	-5.777344e-03	3.051446e+00
3.308000e-05	-5.727320e-03	2.818865e+00
3.309000e-05	-4.514890e-03	2.481543e+00
3.310000e-05	-6.084458e-03	2.198787e+00
3.311000e-05	-5.394197e-03	1.923677e+00
3.312000e-05	-4.332472e-03	1.580788e+00
3.313000e-05	-4.337706e-03	1.324703e+00
3.314000e-05	-4.543816e-03	9.668370e-01
3.315000e-05	-5.427251e-03	6.735477e-01
3.316000e-05	-4.219947e-03	3.779161e-01
3.317000e-05	-3.476780e-03	4.462402e-02
3.318000e-05	3.785520e-03	-1.816055e-01
3.319000e-05	3.468071e-03	-4.831644e-01
3.320000e-05	-3.446910e-03	-7.588515e-01
3.321000e-05	4.509357e-03	-9.825603e-01
3.322000e-05	-5.031029e-03	-1.325274e+00
3.323000e-05	5.579970e-04	-1.620029e+00
3.324000e-05	7.414229e-03	-1.852566e+00
3.325000e-05	3.611812e-02	-2.044268e+00
3.326000e-05	1.050395e-01	-2.373034e+00
3.327000e-05	-9.655630e-02	-2.746404e+00
3.328000e-05	-5.175343e-03	-3.148945e+00
3.329000e-05	-3.862842e-02	-3.424161e+00
3.330000e-05	-2.532102e-03	-3.632587e+00
3.331000e-05	-9.631356e-02	-3.958246e+00
3.332000e-05	9.319752e-02	-4.106842e+00
3.333000e-05	9.952618e-02	-4.318896e+00
3.334000e-05	-1.886293e-01	-4.676089e+00
3.335000e-05	2.354290e-01	-4.916245e+00
3.336000e-05	-1.752043e-01	-5.241488e+00
3.337000e-05	5.621159e-02	-5.589429e+00
3.338000e-05	2.035781e-02	-5.801483e+00
3.339000e-05	-9.535794e-02	-6.135325e+00
3.340000e-05	1.877333e-01	-6.370430e+00
3.341000e-05	-1.784099e-01	-6.663617e+00
3.342000e-05	8.726096e-02	-6.939298e+00
3.343000e-05	-3.965762e-02	-7.232060e+00
3.344000e-05	-3.449773e-02	-7.536792e+00
3.345000e-05	1.036985e-01	-7.797904e+00
3.346000e-05	-1.263471e-01	-8.074667e+00
3.347000e-05	1.826905e-01	-8.315194e+00
3.348000e-05	-1.660945e-01	-8.528902e+00
3.349000e-05	8.936594e-02	-8.873933e+00
3.350000e-05	-3.142376e-02	-9.043664e+00
3.351000e-05	-7.859308e-03	-9.346219e+00
3.352000e-05	4.285850e-02	-9.548094e+00
3.353000e-05	-7.490827e-02	-9.808899e+00
3.354000e-05	1.041574e-01	-9.991433e+00
3.355000e-05	-9.478085e-02	-1.026343e+01
3.356000e-05	7.315126e-02	-1.049556e+01
3.357000e-05	-7.048896e-02	-1.065407e+01
3.358000e-05	6.117470e-02	-1.092516e+01
3.359000e-05	-2.652241e-02	-1.113617e+01
3.360000e-05	5.754794e-03	-1.135680e+01
3.361000e-05	9.256305e-03	-1.157728e+01
3.362000e-05	-1.789369e-02	-1.181286e+01
3.363000e-05	1.491559e-02	-1.203120e+01
3.364000e-05	-2.821466e-02	-1.221085e+01
3.365000e-05	4.514259e-02	-1.239080e+01
3.366000e-05	-2.380323e-02	-1.256820e+01
3.367000e-05	1.797232e-02	-1.275962e+01
3.368000e-05	-2.762994e-02	-1.291474e+01
3.369000e-05	2.334312e-02	-1.310307e+01
3.370000e-05	-1.617317e-02	-1.327241e+01
3.371000e-05	9.269970e-03	-1.343383e+01
3.372000e-05	-3.414484e-03	-1.359867e+01
3.373000e-05	7.981017e-03	-1.374677e+01
3.374000e-05	-5.359446e-03	-1.386454e+01
3.375000e-05	-6.308538e-04	-1.401336e+01
3.376000e-05	5.556244e-03	-1.419020e+01
3.377000e-05	-3.734051e-03	-1.436612e+01
3.378000e-05	1.153048e-03	-1.449140e+01
3.379000e-05	2.784468e-04	-1.457924e+01
3.380000e-05	6.049659e-03	-1.467346e+01
3.381000e-05	-7.880926e-03	-1.481128e+01
3.382000e-05	-1.345667e-03	-1.491498e+01
3.383000e-05	1.543969e-03	-1.500925e+01
3.384000e-05	6.686206e-03	-1.509601e+01
3.385000e-05	2.352426e-03	-1.520965e+01
3.386000e-05	-1.766764e-03	-1.526336e+01
3.387000e-05	-2.520147e-03	-1.537670e+01
3.388000e-05	2.271904e-04	-1.542978e+01
3.389000e-05	1.003531e-03	-1.549251e+01
3.390000e-05	6.032256e-04	-1.553660e+01
3.391000e-05	-1.602937e-03	-1.562130e+01
3.392000e-05	-1.402467e-03	-1.565240e+01
3.393000e-05	3.492042e-03	-1.569596e+01
3.394000e-05	-1.025253e-04	-1.575756e+01
3.395000e-05	1.455184e-04	-1.579864e+01
3.396000e-05	-1.292750e-04	-1.581915e+01
3.397000e-05	3.257517e-04	-1.584087e+01
3.398000e-05	-8.879287e-05	-1.585033e+01
3.399000e-05	5.506975e-04	-1.585285e+01
3.400000e-05	-6.260468e-04	-1.588233e+01
3.401000e-05	-2.024343e-03	-1.586287e+01
3.402000e-05	-1.719631e-03	-1.587282e+01
3.403000e-05	3.134601e-03	-1.585238e+01
3.404000e-05	-6.616835e-04	-1.584882e+01
3.405000e-05	-8.560997e-04	-1.575904e+01
3.406000e-05	-1.262088e-03	-1.574761e+01
3.407000e-05	1.030344e-03	-1.578551e+01
3.408000e-05	-6.899774e-04	-1.567395e+01
3.409000e-05	-7.608254e-04	-1.568025e+01
3.410000e-05	-4.339662e-05	-1.559911e+01
3.411000e-05	-1.434913e-03	-1.556496e+01
3.412000e-05	-1.859328e-03	-1.540335e+01
3.413000e-05	-6.216243e-04	-1.537622e+01
3.414000e-05	1.220223e-03	-1.530551e+01
3.415000e-05	-1.340503e-03	-1.528075e+01
3.416000e-05	-1.426912e-03	-1.515759e+01
3.417000e-05	-1.475204e-04	-1.504185e+01
3.418000e-05	-7.244688e-04	-1.500709e+01
3.419000e-05	-1.200270e-03	-1.491243e+01
3.420000e-05	-2.095504e-03	-1.479714e+01
3.421000e-05	-6.923697e-04	-1.464030e+01
3.422000e-05	-2.463813e-04	-1.453796e+01
3.423000e-05	-5.003732e-04	-1.440874e+01
3.424000e-05	-2.179962e-03	-1.431188e+01
3.425000e-05	-1.861004e-03	-1.416658e+01
3.426000e-05	-9.970870e-04	-1.402974e+01
3.427000e-05	-1.700746e-03	-1.385088e+01
3.428000e-05	-2.485359e-03	-1.367493e+01
3.429000e-05	-2.888149e-03	-1.353648e+01
3.430000e-05	-1.584127e-03	-1.338771e+01
3.431000e-05	-1.892581e-03	-1.320969e+01
3.432000e-05	-1.722053e-03	-1.307242e+01
3.433000e-05	-1.730609e-03	-1.293291e+01
3.434000e-05	-1.182723e-03	-1.277551e+01
3.435000e-05	-1.092656e-03	-1.255508e+01
3.436000e-05	-1.691265e-03	-1.236611e+01
3.437000e-05	-1.944786e-03	-1.214618e+01
3.438000e-05	-3.031197e-03	-1.199859e+01
3.439000e-05	-3.565881e-03	-1.177604e+01
3.440000e-05	-2.968551e-03	-1.158655e+01
3.441000e-05	-5.822315e-04	-1.127293e+01
3.442000e-05	-2.660416e-03	-1.110187e+01
3.443000e-05	-2.664056e-03	-1.085188e+01
3.444000e-05	-2.301305e-03	-1.066243e+01
3.445000e-05	-1.730928e-03	-1.044142e+01
3.446000e-05	-3.081462e-03	-1.020672e+01
3.447000e-05	-3.462763e-03	-1.001616e+01
3.448000e-05	-2.978517e-03	-9.786164e+00
3.449000e-05	-2.909159e-03	-9.515506e+00
3.450000e-05	-3.913526e-03	-9.314004e+00
3.451000e-05	-2.666130e-03	-9.082874e+00
3.452000e-05	-2.731471e-03	-8.839890e+00
3.453000e-05	-3.048707e-03	-8.577185e+00
3.454000e-05	-3.991183e-03	-8.302553e+00
3.455000e-05	-2.676527e-03	-8.081423e+00
3.456000e-05	-2.289738e-03	-7.806238e+00
3.457000e-05	-3.361786e-03	-7.524028e+00
3.458000e-05	-4.414220e-03	-7.241372e+00
3.459000e-05	-3.045714e-03	-6.987678e+00
3.460000e-05	-3.493261e-03	-6.703554e+00
3.461000e-05	-3.384006e-03	-6.469466e+00
3.462000e-05	-4.609910e-03	-6.176640e+00
3.463000e-05	-2.236259e-03	-5.912526e+00
3.464000e-05	-4.984621e-03	-5.628846e+00
3.465000e-05	-2.583993e-03	-5.323048e+00
3.466000e-05	-4.974040e-03	-5.038766e+00
3.467000e-05	-2.853194e-03	-4.682024e+00
3.468000e-05	-5.036229e-03	-4.420446e+00
3.469000e-05	-2.888032e-03	-4.176710e+00
3.470000e-05	-4.594802e-03	-3.853427e+00
3.471000e-05	-4.113307e-03	-3.578344e+00
3.472000e-05	-5.025033e-03	-3.313184e+00
3.473000e-05	-5.308892e-03	-3.038312e+00
3.474000e-05	-4.828629e-03	-2.724157e+00
3.475000e-05	-3.793904e-03	-2.439923e+00
3.476000e-05	-4.555139e-03	-2.086258e+00
3.477000e-05	-4.309194e-03	-1.901025e+00
3.478000e-05	-3.955238e-03	-1.565886e+00
3.479000e-05	-4.090743e-03	-1.230943e+00
3.480000e-05	-4.988985e-03	-9.051829e-01
3.481000e-05	-5.756622e-03	-6.413976e-01
3.482000e-05	-2.641648e-03	-3.352329e-01
3.483000e-05	-3.126808e-03	-8.207527e-02
3.484000e-05	9.062683e-03	2.341605e-01
3.485000e-05	-4.481569e-03	4.768732e-01
3.486000e-05	2.445008e-03	7.300074e-01
3.487000e-05	-2.675329e-03	1.083765e+00
3.488000e-05	8.979689e-04	1.338401e+00
3.489000e-05	-4.412595e-03	1.683269e+00
3.490000e-05	7.714370e-03	1.927872e+00
3.491000e-05	1.297397e-02	2.147978e+00
3.492000e-05	7.562498e-02	2.422661e+00
3.493000e-05	1.696896e-02	2.821056e+00
3.494000e-05	-8.682884e-02	3.106775e+00
3.495000e-05	-9.647411e-03	3.371005e+00
3.496000e-05	-3.104859e-02	3.665192e+00
3.497000e-05	-2.476580e-03	3.958344e+00
3.498000e-05	-5.064623e-02	4.207854e+00
3.499000e-05	3.892732e-02	4.401511e+00
3.500000e-05	7.599630e-02	4.675778e+00
3.501000e-05	-1.505664e-01	5.071582e+00
3.502000e-05	1.716609e-01	5.316245e+00
3.503000e-05	-8.156192e-02	5.561009e+00
3.504000e-05	-3.055209e-02	5.884592e+00
3.505000e-05	4.362526e-02	6.148878e+00
3.506000e-05	-2.531091e-02	6.400980e+00
3.507000e-05	6.121234e-02	6.725795e+00
3.508000e-05	-7.629218e-02	6.988502e+00
3.509000e-05	1.822827e-02	7.291092e+00
3.510000e-05	-3.704025e-03	7.548223e+00
3.511000e-05	-1.086598e-02	7.812510e+00
3.512000e-05	2.386330e-02	8.078341e+00
3.513000e-05	-4.158689e-02	8.358827e+00
3.514000e-05	6.618063e-02	8.558379e+00
3.515000e-05	-5.168772e-02	8.833007e+00
3.516000e-05	1.178418e-02	9.074088e+00
3.517000e-05	3.028178e-03	9.316720e+00
3.518000e-05	-2.432705e-02	9.548748e+00
3.519000e-05	2.130329e-02	9.831926e+00
3.520000e-05	-2.292750e-02	1.006048e+01
3.521000e-05	2.799469e-02	1.023304e+01
3.522000e-05	-3.909855e-02	1.049414e+01
3.523000e-05	1.705281e-02	1.072820e+01
3.524000e-05	-1.469180e-02	1.096722e+01
3.525000e-05	9.970004e-03	1.109672e+01
3.526000e-05	-5.943939e-03	1.138822e+01
3.527000e-05	-1.262825e-02	1.159029e+01
3.528000e-05	1.075259e-02	1.181985e+01
3.529000e-05	-1.260932e-02	1.203186e+01
3.530000e-05	-8.349363e-04	1.221038e+01
3.531000e-05	-1.306125e-02	1.238987e+01
3.532000e-05	1.803347e-02	1.261085e+01
3.533000e-05	-6.917193e-03	1.270967e+01
3.534000e-05	-8.882757e-03	1.292609e+01
3.535000e-05	-9.665684e-03	1.309651e+01
3.536000e-05	-1.842318e-03	1.328409e+01
3.537000e-05	-1.993165e-03	1.344335e+01
3.538000e-05	-1.393403e-02	1.359925e+01
3.539000e-05	2.528094e-03	1.373875e+01
3.540000e-05	-2.636072e-03	1.388616e+01
3.541000e-05	1.882648e-03	1.408446e+01
3.542000e-05	-8.124026e-03	1.425177e+01
3.543000e-05	-3.694259e-03	1.434975e+01
3.544000e-05	-5.869437e-03	1.450553e+01
3.545000e-05	-4.585868e-03	1.468085e+01
3.546000e-05	-2.130059e-03	1.472512e+01
3.547000e-05	-1.074509e-02	1.479180e+01
3.548000e-05	-8.093924e-03	1.495614e+01
3.549000e-05	-5.836374e-03	1.505237e+01
3.550000e-05	3.835401e-03	1.515444e+01
3.551000e-05	-3.989313e-03	1.520025e+01
3.552000e-05	-5.920136e-03	1.532443e+01
3.553000e-05	-4.816478e-03	1.540814e+01
3.554000e-05	-5.758350e-03	1.543233e+01
3.555000e-05	-4.760130e-03	1.553501e+01
3.556000e-05	-9.826166e-03	1.553906e+01
3.557000e-05	-5.912200e-03	1.561135e+01
3.558000e-05	-6.509131e-03	1.565436e+01
3.559000e-05	-1.235457e-03	1.572557e+01
3.560000e-05	-5.970526e-03	1.577811e+01
3.561000e-05	-7.175471e-03	1.575769e+01
3.562000e-05	-5.692499e-03	1.582082e+01
3.563000e-05	-2.587818e-03	1.581280e+01
3.564000e-05	-4.881912e-03	1.590188e+01
3.565000e-05	-9.168048e-03	1.586388e+01
3.566000e-05	-5.454050e-03	1.583348e+01
3.567000e-05	-6.474318e-03	1.585438e+01
3.568000e-05	-4.797204e-03	1.586243e+01
3.569000e-05	-6.949590e-03	1.586283e+01
3.570000e-05	-4.658112e-03	1.581038e+01
3.571000e-05	-5.079583e-03	1.579072e+01
3.572000e-05	-6.732474e-03	1.578814e+01
3.573000e-05	-5.683551e-03	1.572804e+01
3.574000e-05	-6.727679e-03	1.569546e+01
3.575000e-05	-5.055437e-03	1.567282e+01
3.576000e-05	-7.436408e-03	1.561167e+01
3.577000e-05	-3.529986e-03	1.556662e+01
3.578000e-05	-6.454438e-03	1.548489e+01
3.579000e-05	-5.951243e-03	1.543124e+01
3.580000e-05	-5.131817e-03	1.533658e+01
3.581000e-05	-6.912243e-03	1.526125e+01
3.582000e-05	-4.727905e-03	1.516914e+01
3.583000e-05	-6.883783e-03	1.505140e+01
3.584000e-05	-3.403186e-03	1.498609e+01
3.585000e-05	-8.143567e-03	1.487240e+01
3.586000e-05	-5.911792e-03	1.474711e+01
3.587000e-05	-7.346157e-03	1.467273e+01
3.588000e-05	-3.864041e-03	1.454698e+01
3.589000e-05	-5.017382e-03	1.442025e+01
3.590000e-05	-4.810887e-03	1.429290e+01
3.591000e-05	-5.892360e-03	1.413604e+01
3.592000e-05	-6.876937e-03	1.401867e+01
3.593000e-05	-6.236322e-03	1.383977e+01
3.594000e-05	-6.440759e-03	1.369436e+01
3.595000e-05	-5.113920e-03	1.349498e+01
3.596000e-05	-7.243388e-03	1.340808e+01
3.597000e-05	-5.378668e-03	1.323264e+01
3.598000e-05	-6.508376e-03	1.307130e+01
3.599000e-05	-5.120946e-03	1.291338e+01
3.600000e-05	-5.449800e-03	1.268405e+01
3.601000e-05	-5.356013e-03	1.250550e+01
3.602000e-05	-5.295701e-03	1.236756e+01
3.603000e-05	-5.784301e-03	1.217906e+01
3.604000e-05	-5.190955e-03	1.195753e+01
3.605000e-05	-7.191497e-03	1.173758e+01
3.606000e-05	-7.519477e-03	1.149453e+01
3.607000e-05	-4.660436e-03	1.133595e+01
3.608000e-05	-4.867205e-03	1.110447e+01
3.609000e-05	-5.665527e-03	1.087396e+01
3.610000e-05	-6.210725e-03	1.067088e+01
3.611000e-05	-5.147435e-03	1.050282e+01
3.612000e-05	-5.775456e-03	1.020882e+01
3.613000e-05	-5.325443e-03	1.000814e+01
3.614000e-05	-7.323402e-03	9.728580e+00
3.615000e-05	-5.573206e-03	9.483500e+00
3.616000e-05	-6.134396e-03	9.272923e+00
3.617000e-05	-5.887401e-03	9.071320e+00
3.618000e-05	-5.188897e-03	8.809838e+00
3.619000e-05	-5.095313e-03	8.555659e+00
3.620000e-05	-5.466214e-03	8.284553e+00
3.621000e-05	-6.498889e-03	8.030895e+00
3.622000e-05	-5.649896e-03	7.807770e+00
3.623000e-05	-6.076978e-03	7.504977e+00
3.624000e-05	-5.496739e-03	7.220794e+00
3.625000e-05	-5.804825e-03	6.958686e+00
3.626000e-05	-4.882245e-03	6.717501e+00
3.627000e-05	-5.767745e-03	6.439318e+00
3.628000e-05	-5.984248e-03	6.158662e+00
3.629000e-05	-5.778382e-03	5.955123e+00
3.630000e-05	-5.057484e-03	5.578362e+00
3.631000e-05	-5.558926e-03	5.335708e+00
3.632000e-05	-5.935450e-03	4.977765e+00
3.633000e-05	-5.203410e-03	4.673953e+00
3.634000e-05	-5.300020e-03	4.410994e+00
3.635000e-05	-5.537359e-03	4.145136e+00
3.636000e-05	-5.652170e-03	3.891393e+00
3.637000e-05	-4.901650e-03	3.537810e+00
3.638000e-05	-5.109431e-03	3.273049e+00
3.639000e-05	-5.272371e-03	2.998413e+00
3.640000e-05	-5.516957e-03	2.734603e+00
3.641000e-05	-5.340976e-03	2.451816e+00
3.642000e-05	-4.156945e-03	2.104133e+00
3.643000e-05	-5.404356e-03	1.851443e+00
3.644000e-05	-5.185360e-03	1.564683e+00
3.645000e-05	-5.600432e-03	1.190644e+00
3.646000e-05	-4.363431e-03	8.725228e-01
3.647000e-05	-4.950790e-03	6.003609e-01
3.648000e-05	-4.675842e-03	3.357267e-01
3.649000e-05	-2.389870e-03	2.941849e-02
3.650000e-05	8.339963e-03	-2.827670e-01
3.651000e-05	-1.397836e-03	-5.249510e-01
3.652000e-05	1.905337e-03	-8.301117e-01
3.653000e-05	-1.907032e-03	-1.105270e+00
3.654000e-05	-4.235819e-05	-1.392610e+00
3.655000e-05	-4.199003e-03	-1.664169e+00
3.656000e-05	1.608573e-02	-1.915772e+00
3.657000e-05	4.852399e-02	-2.136751e+00
3.658000e-05	9.068902e-02	-2.424170e+00
3.659000e-05	-1.249008e-01	-2.864198e+00
3.660000e-05	2.856213e-02	-3.261688e+00
3.661000e-05	-6.426972e-02	-3.515241e+00
3.662000e-05	1.132703e-02	-3.684725e+00
3.663000e-05	-1.157933e-01	-3.981356e+00
3.664000e-05	1.829146e-01	-4.207479e+00
3.665000e-05	-3.240036e-02	-4.391014e+00
3.666000e-05	-1.015353e-01	-4.746771e+00
3.667000e-05	1.968955e-01	-4.940980e+00
3.668000e-05	-2.261997e-01	-5.378855e+00
3.669000e-05	1.631004e-01	-5.653084e+00
3.670000e-05	-9.684662e-02	-5.866168e+00
3.671000e-05	2.415387e-02	-6.200029e+00
3.672000e-05	1.168886e-01	-6.430588e+00
3.673000e-05	-1.723287e-01	-6.737901e+00
3.674000e-05	1.385749e-01	-7.001911e+00
3.675000e-05	-1.232413e-01	-7.306174e+00
3.676000e-05	6.372260e-02	-7.541928e+00
3.677000e-05	9.148206e-03	-7.834990e+00
3.678000e-05	-4.235963e-02	-8.139220e+00
3.679000e-05	1.339960e-01	-8.358754e+00
3.680000e-05	-1.729786e-01	-8.634888e+00
3.681000e-05	1.354530e-01	-8.874715e+00
3.682000e-05	-9.650865e-02	-9.127777e+00
3.683000e-05	6.578838e-02	-9.339348e+00
3.684000e-05	-2.990996e-02	-9.590378e+00
3.685000e-05	-8.900755e-03	-9.851581e+00
3.686000e-05	5.357817e-02	-1.006406e+01
3.687000e-05	-7.049261e-02	-1.026664e+01
3.688000e-05	6.355244e-02	-1.054659e+01
3.689000e-05	-7.010241e-02	-1.072723e+01
3.690000e-05	7.588360e-02	-1.096770e+01
3.691000e-05	-5.576839e-02	-1.118075e+01
3.692000e-05	3.786592e-02	-1.137126e+01
3.693000e-05	-1.936981e-02	-1.162088e+01
3.694000e-05	9.012298e-03	-1.185343e+01
3.695000e-05	-1.140488e-02	-1.207188e+01
3.696000e-05	5.761629e-04	-1.224293e+01
3.697000e-05	2.511039e-02	-1.239091e+01
3.698000e-05	-1.440908e-02	-1.263128e+01
3.699000e-05	4.775255e-03	-1.283022e+01
3.700000e-05	-1.871799e-02	-1.296822e+01
3.701000e-05	2.100584e-02	-1.312612e+01
3.702000e-05	-1.669359e-02	-1.330359e+01
3.703000e-05	1.558236e-02	-1.344348e+01
3.704000e-05	-6.926666e-03	-1.360025e+01
3.705000e-05	1.200697e-02	-1.378980e+01
3.706000e-05	-1.247511e-02	-1.394299e+01
3.707000e-05	6.200083e-03	-1.408496e+01
3.708000e-05	-1.556138e-03	-1.421283e+01
3.709000e-05	1.781576e-03	-1.434807e+01
3.710000e-05	-1.622798e-03	-1.448246e+01
3.711000e-05	4.567260e-03	-1.460927e+01
3.712000e-05	9.497750e-04	-1.470459e+01
3.713000e-05	-6.019430e-03	-1.485035e+01
3.714000e-05	-2.756108e-04	-1.494559e+01
3.715000e-05	3.456365e-03	-1.505235e+01
3.716000e-05	4.961048e-03	-1.509502e+01
3.717000e-05	-8.470072e-04	-1.520913e+01
3.718000e-05	-2.190902e-03	-1.533506e+01
3.719000e-05	-1.235617e-03	-1.535755e+01
3.720000e-05	-1.026796e-03	-1.538238e+01
3.721000e-05	2.447899e-03	-1.548596e+01
3.722000e-05	7.759337e-04	-1.558712e+01
3.723000e-05	-1.675398e-03	-1.564027e+01
3.724000e-05	8.992629e-04	-1.570298e+01
3.725000e-05	3.430722e-04	-1.574536e+01
3.726000e-05	-1.123833e-04	-1.577609e+01
3.727000e-05	-9.774112e-04	-1.579962e+01
3.728000e-05	2.369406e-03	-1.580917e+01
3.729000e-05	3.367053e-04	-1.588125e+01
3.730000e-05	1.564824e-04	-1.586230e+01
3.731000e-05	-4.011865e-04	-1.588388e+01
3.732000e-05	-1.623378e-03	-1.588283e+01
3.733000e-05	-1.714123e-03	-1.587087e+01
3.734000e-05	2.807629e-04	-1.585278e+01
3.735000e-05	1.906758e-03	-1.588074e+01
3.736000e-05	9.592967e-04	-1.586012e+01
3.737000e-05	-2.596807e-03	-1.575714e+01
3.738000e-05	-3.748828e-04	-1.582749e+01
3.739000e-05	-3.572378e-03	-1.574556e+01
3.740000e-05	8.781396e-04	-1.567180e+01
3.741000e-05	-1.360299e-03	-1.563782e+01
3.742000e-05	1.482037e-03	-1.559765e+01
3.743000e-05	-1.173975e-03	-1.553548e+01
3.744000e-05	-1.614100e-03	-1.546032e+01
3.745000e-05	2.557190e-03	-1.536867e+01
3.746000e-05	-1.437413e-04	-1.529341e+01
3.747000e-05	-1.299526e-03	-1.520875e+01
3.748000e-05	-3.010496e-03	-1.513653e+01
3.749000e-05	-2.496510e-03	-1.501977e+01
3.750000e-05	-1.149796e-03	-1.495653e+01
3.751000e-05	-1.901843e-03	-1.487138e+01
3.752000e-05	1.693513e-03	-1.474751e+01
3.753000e-05	-1.262105e-03	-1.462984e+01
3.754000e-05	-1.796891e-03	-1.452448e+01
3.755000e-05	-6.031784e-04	-1.443709e+01
3.756000e-05	-5.922565e-05	-1.426080e+01
3.757000e-05	-1.302204e-03	-1.413593e+01
3.758000e-05	-3.399926e-03	-1.398503e+01
3.759000e-05	-2.885414e-03	-1.379722e+01
3.760000e-05	-5.390035e-04	-1.365088e+01
3.761000e-05	-1.106482e-03	-1.353445e+01
3.762000e-05	-1.270584e-03	-1.335506e+01
3.763000e-05	-1.742124e-03	-1.320714e+01
3.764000e-05	-2.322029e-03	-1.303982e+01
3.765000e-05	-1.486126e-03	-1.286230e+01
3.766000e-05	1.475546e-04	-1.270090e+01
3.767000e-05	-1.718124e-03	-1.248393e+01
3.768000e-05	-3.586639e-03	-1.231251e+01
3.769000e-05	-4.522876e-03	-1.214510e+01
3.770000e-05	-2.064430e-03	-1.190655e+01
3.771000e-05	1.317559e-04	-1.172403e+01
3.772000e-05	-2.505960e-03	-1.146220e+01
3.773000e-05	-3.110090e-03	-1.126132e+01
3.774000e-05	-3.571479e-03	-1.099882e+01
3.775000e-05	-5.440752e-04	-1.086977e+01
3.776000e-05	-2.123831e-03	-1.062129e+01
3.777000e-05	-3.362635e-03	-1.041614e+01
3.778000e-05	-3.298629e-03	-1.019463e+01
3.779000e-05	-1.228053e-03	-9.965002e+00
3.780000e-05	-1.207933e-03	-9.733525e+00
3.781000e-05	-4.631215e-03	-9.462976e+00
3.782000e-05	-4.694911e-03	-9.239797e+00
3.783000e-05	-2.974929e-03	-9.009767e+00
3.784000e-05	-1.580207e-03	-8.776605e+00
3.785000e-05	-2.061917e-03	-8.514527e+00
3.786000e-05	-4.430873e-03	-8.260420e+00
3.787000e-05	-4.137640e-03	-8.068741e+00
3.788000e-05	-3.599026e-03	-7.735473e+00
3.789000e-05	-2.096397e-03	-7.450316e+00
3.790000e-05	-3.880266e-03	-7.147235e+00
3.791000e-05	-3.943550e-03	-6.892627e+00
3.792000e-05	-3.679471e-03	-6.658921e+00
3.793000e-05	-2.814666e-03	-6.408765e+00
3.794000e-05	-2.889145e-03	-6.092575e+00
3.795000e-05	-4.169464e-03	-5.839373e+00
3.796000e-05	-5.355076e-03	-5.538581e+00
3.797000e-05	-2.659323e-03	-5.230446e+00
3.798000e-05	-4.126306e-03	-4.975057e+00
3.799000e-05	-3.044085e-03	-4.627767e+00
3.800000e-05	-4.513468e-03	-4.346237e+00
3.801000e-05	-3.402033e-03	-4.113603e+00
3.802000e-05	-4.444504e-03	-3.819863e+00
3.803000e-05	-5.253716e-03	-3.525106e+00
3.804000e-05	-5.304163e-03	-3.251001e+00
3.805000e-05	-6.154219e-03	-2.954656e+00
3.806000e-05	-3.347517e-03	-2.682570e+00
3.807000e-05	-4.168247e-03	-2.386360e+00
3.808000e-05	-3.269674e-03	-2.061476e+00
3.809000e-05	-5.849985e-03	-1.769341e+00
3.810000e-05	-3.567952e-03	-1.522852e+00
3.811000e-05	-5.543606e-03	-1.155783e+00
3.812000e-05	-3.681360e-03	-8.830490e-01
3.813000e-05	-5.061459e-03	-5.362569e-01
3.814000e-05	-3.462250e-03	-3.220465e-01
3.815000e-05	-2.617288e-03	-1.894475e-02
3.816000e-05	1.012914e-02	3.273211e-01
3.817000e-05	-8.146983e-03	5.609539e-01
3.818000e-05	5.158991e-03	8.225653e-01
3.819000e-05	-6.187193e-03	1.139475e+00
3.820000e-05	4.561692e-03	1.421108e+00
3.821000e-05	-8.014713e-03	1.759448e+00
3.822000e-05	1.564017e-02	1.970954e+00
3.823000e-05	1.716068e-02	2.253038e+00
3.824000e-05	9.551481e-02	2.486980e+00
3.825000e-05	-3.939760e-02	2.864870e+00
3.826000e-05	-5.429345e-02	3.170876e+00
3.827000e-05	-2.584755e-02	3.465264e+00
3.828000e-05	-1.136081e-02	3.739374e+00
3.829000e-05	-2.684128e-02	3.990455e+00
3.830000e-05	-2.692465e-02	4.243084e+00
3.831000e-05	6.077741e-02	4.464217e+00
3.832000e-05	3.904528e-02	4.769613e+00
3.833000e-05	-1.326560e-01	5.074159e+00
3.834000e-05	2.091322e-01	5.358378e+00
3.835000e-05	-1.771432e-01	5.663112e+00
3.836000e-05	5.962964e-02	5.949750e+00
3.837000e-05	-1.490823e-02	6.221507e+00
3.838000e-05	2.310319e-02	6.502593e+00
3.839000e-05	2.610483e-02	6.770402e+00
3.840000e-05	-7.894857e-02	7.052087e+00
3.841000e-05	4.712348e-02	7.366196e+00
3.842000e-05	-3.289357e-02	7.642007e+00
3.843000e-05	2.796461e-02	7.892593e+00
3.844000e-05	-1.781354e-02	8.180478e+00
3.845000e-05	-1.923208e-03	8.391978e+00
3.846000e-05	4.052563e-02	8.652032e+00
3.847000e-05	-5.474497e-02	8.865265e+00
3.848000e-05	2.722192e-02	9.107726e+00
3.849000e-05	-2.127969e-02	9.389374e+00
3.850000e-05	2.161851e-03	9.601331e+00
3.851000e-05	9.271913e-04	9.864511e+00
3.852000e-05	1.808825e-03	1.007516e+01
3.853000e-05	1.677254e-03	1.031712e+01
3.854000e-05	-2.425017e-02	1.055828e+01
3.855000e-05	9.919863e-03	1.077980e+01
3.856000e-05	-7.599825e-03	1.097885e+01
3.857000e-05	7.325665e-03	1.115082e+01
3.858000e-05	-1.563422e-02	1.142038e+01
3.859000e-05	-2.954576e-03	1.166346e+01
3.860000e-05	5.768785e-03	1.186451e+01
3.861000e-05	-5.204876e-03	1.206251e+01
3.862000e-05	-1.015715e-02	1.225341e+01
3.863000e-05	-2.748895e-03	1.246254e+01
3.864000e-05	9.263169e-03	1.263242e+01
3.865000e-05	-3.898024e-03	1.277980e+01
3.866000e-05	-1.420926e-02	1.299967e+01
3.867000e-05	-4.865034e-03	1.309805e+01
3.868000e-05	-2.292141e-03	1.334464e+01
3.869000e-05	-2.225905e-03	1.349247e+01
3.870000e-05	-8.417508e-03	1.361187e+01
3.871000e-05	-3.905989e-04	1.379078e+01
3.872000e-05	-3.743381e-03	1.395664e+01
3.873000e-05	-4.110128e-03	1.410706e+01
3.874000e-05	-2.590992e-03	1.422298e+01
3.875000e-05	-6.722016e-03	1.444975e+01
3.876000e-05	-5.041456e-03	1.452811e+01
3.877000e-05	-6.736036e-03	1.464236e+01
3.878000e-05	3.209662e-04	1.474814e+01
3.879000e-05	-8.291494e-03	1.484241e+01
3.880000e-05	-8.213735e-03	1.494772e+01
3.881000e-05	-3.858506e-03	1.504280e+01
3.882000e-05	-1.370407e-03	1.514554e+01
3.883000e-05	-4.580865e-03	1.521233e+01
3.884000e-05	-8.530656e-03	1.530553e+01
3.885000e-05	-2.153740e-03	1.539954e+01
3.886000e-05	-6.711926e-03	1.547138e+01
3.887000e-05	-3.186355e-03	1.552549e+01
3.888000e-05	-9.478170e-03	1.558865e+01
3.889000e-05	-5.131265e-03	1.566280e+01
3.890000e-05	-6.536930e-03	1.573483e+01
3.891000e-05	-2.929138e-03	1.572754e+01
3.892000e-05	-6.318404e-03	1.575819e+01
3.893000e-05	-8.924145e-03	1.576872e+01
3.894000e-05	-4.023821e-03	1.579925e+01
3.895000e-05	-3.003257e-03	1.584395e+01
3.896000e-05	-3.794233e-03	1.587341e+01
3.897000e-05	-8.751884e-03	1.588343e+01
3.898000e-05	-5.138518e-03	1.586343e+01
3.899000e-05	-5.688288e-03	1.584293e+01
3.900000e-05	-6.339899e-03	1.587343e+01
3.901000e-05	-7.793631e-03	1.582287e+01
3.902000e-05	-5.163280e-03	1.584130e+01
3.903000e-05	-4.239602e-03	1.579080e+01
3.904000e-05	-7.390562e-03	1.578809e+01
3.905000e-05	-5.655055e-03	1.574704e+01
3.906000e-05	-7.240587e-03	1.572500e+01
3.907000e-05	-5.240503e-03	1.568335e+01
3.908000e-05	-6.783145e-03	1.559972e+01
3.909000e-05	-4.544137e-03	1.556511e+01
3.910000e-05	-6.617314e-03	1.548135e+01
3.911000e-05	-6.157645e-03	1.541017e+01
3.912000e-05	-4.654672e-03	1.534593e+01
3.913000e-05	-5.310162e-03	1.521324e+01
3.914000e-05	-4.949573e-03	1.512458e+01
3.915000e-05	-6.140396e-03	1.503074e+01
3.916000e-05	-4.732069e-03	1.495559e+01
3.917000e-05	-6.426235e-03	1.487185e+01
3.918000e-05	-7.161256e-03	1.473498e+01
3.919000e-05	-5.577419e-03	1.462027e+01
3.920000e-05	-6.096969e-03	1.450445e+01
3.921000e-05	-4.264812e-03	1.439709e+01
3.922000e-05	-7.505083e-03	1.422190e+01
3.923000e-05	-4.745184e-03	1.408595e+01
3.924000e-05	-7.191368e-03	1.396661e+01
3.925000e-05	-5.104744e-03	1.375967e+01
3.926000e-05	-7.730291e-03	1.365184e+01
3.927000e-05	-5.897585e-03	1.350493e+01
3.928000e-05	-7.566403e-03	1.334601e+01
3.929000e-05	-4.406995e-03	1.319666e+01
3.930000e-05	-6.590318e-03	1.302969e+01
3.931000e-05	-5.311428e-03	1.283075e+01
3.932000e-05	-6.016163e-03	1.265095e+01
3.933000e-05	-5.556397e-03	1.250395e+01
3.934000e-05	-6.368672e-03	1.231390e+01
3.935000e-05	-5.504961e-03	1.211403e+01
3.936000e-05	-6.222069e-03	1.191451e+01
3.937000e-05	-5.700467e-03	1.169548e+01
3.938000e-05	-6.481001e-03	1.145330e+01
3.939000e-05	-5.023318e-03	1.129132e+01
3.940000e-05	-5.268988e-03	1.107134e+01
3.941000e-05	-5.419187e-03	1.084039e+01
3.942000e-05	-6.338988e-03	1.060782e+01
3.943000e-05	-5.633923e-03	1.039716e+01
3.944000e-05	-6.290962e-03	1.021721e+01
3.945000e-05	-6.194978e-03	9.925531e+00
3.946000e-05	-6.598710e-03	9.681899e+00
3.947000e-05	-5.638172e-03	9.461393e+00
3.948000e-05	-6.123465e-03	9.229841e+00
3.949000e-05	-5.904963e-03	8.977706e+00
3.950000e-05	-5.494661e-03	8.705129e+00
3.951000e-05	-7.264138e-03	8.495547e+00
3.952000e-05	-6.535722e-03	8.261815e+00
3.953000e-05	-5.727500e-03	7.959187e+00
3.954000e-05	-4.300761e-03	7.724182e+00
3.955000e-05	-6.719152e-03	7.411890e+00
3.956000e-05	-6.863201e-03	7.166210e+00
3.957000e-05	-4.785407e-03	6.913553e+00
3.958000e-05	-5.536747e-03	6.621295e+00
3.959000e-05	-5.656194e-03	6.328178e+00
3.960000e-05	-6.167224e-03	6.103604e+00
3.961000e-05	-5.484821e-03	5.810466e+00
3.962000e-05	-6.193490e-03	5.546204e+00
3.963000e-05	-5.204562e-03	5.272944e+00
3.964000e-05	-5.583162e-03	4.854503e+00
3.965000e-05	-4.565112e-03	4.619490e+00
3.966000e-05	-6.261337e-03	4.366283e+00
3.967000e-05	-5.496018e-03	4.021469e+00
3.968000e-05	-5.368420e-03	3.756787e+00
3.969000e-05	-4.964686e-03	3.523556e+00
3.970000e-05	-5.672854e-03	3.198417e+00
3.971000e-05	-5.577976e-03	2.925730e+00
3.972000e-05	-4.684530e-03	2.671469e+00
3.973000e-05	-4.894453e-03	2.325627e+00
3.974000e-05	-4.903888e-03	2.072095e+00
3.975000e-05	-5.258861e-03	1.816337e+00
3.976000e-05	-4.752449e-03	1.461047e+00
3.977000e-05	-4.841836e-03	1.157758e+00
3.978000e-05	-4.848385e-03	7.884936e-01
3.979000e-05	-4.417310e-03	5.152331e-01
3.980000e-05	-3.825829e-03	2.514201e-01
3.981000e-05	-1.372841e-03	-5.521434e-02
3.982000e-05	1.123261e-02	-3.067984e-01
3.983000e-05	-7.449451e-03	-6.305877e-01
3.984000e-05	5.710047e-03	-8.742933e-01
3.985000e-05	-6.780221e-03	-1.156880e+00
3.986000e-05	4.369235e-03	-1.463837e+00
3.987000e-05	-5.117074e-03	-1.735347e+00
3.988000e-05	2.538948e-02	-1.939426e+00
3.989000e-05	6.821755e-02	-2.191063e+00
3.990000e-05	4.293062e-02	-2.549957e+00
3.991000e-05	-1.124154e-01	-2.940454e+00
3.992000e-05	3.009914e-02	-3.336349e+00
3.993000e-05	-6.414871e-02	-3.556851e+00
3.994000e-05	-5.664560e-03	-3.797935e+00
3.995000e-05	-9.177711e-02	-4.041612e+00
3.996000e-05	2.260762e-01	-4.211009e+00
3.997000e-05	-1.534242e-01	-4.525249e+00
3.998000e-05	3.735243e-02	-4.830478e+00
3.999000e-05	1.113465e-01	-5.032642e+00
4.000000e-05	-1.819493e-01	-5.464017e+00
4.001000e-05	1.917922e-01	-5.684591e+00
4.002000e-05	-1.747681e-01	-5.946857e+00
4.003000e-05	1.420815e-01	-6.232615e+00
4.004000e-05	7.416346e-03	-6.494822e+00
4.005000e-05	-1.090000e-01	-6.779960e+00
4.006000e-05	1.275689e-01	-7.117091e+00
4.007000e-05	-1.562679e-01	-7.409927e+00
4.008000e-05	1.375957e-01	-7.642963e+00
4.009000e-05	-8.678631e-02	-7.927170e+00
4.010000e-05	6.891649e-02	-8.231354e+00
4.011000e-05	3.219286e-02	-8.430511e+00
4.012000e-05	-1.163212e-01	-8.716698e+00
4.013000e-05	1.226630e-01	-8.958296e+00
4.014000e-05	-1.158365e-01	-9.180858e+00
4.015000e-05	1.078052e-01	-9.449358e+00
4.016000e-05	-9.035381e-02	-9.662614e+00
4.017000e-05	6.670949e-02	-9.913643e+00
4.018000e-05	-1.342440e-02	-1.014565e+01
4.019000e-05	-1.902001e-02	-1.034930e+01
4.020000e-05	1.874248e-02	-1.053985e+01
4.021000e-05	-3.877164e-02	-1.080991e+01
4.022000e-05	6.557775e-02	-1.101988e+01
4.023000e-05	-5.855323e-02	-1.122239e+01
4.024000e-05	5.148638e-02	-1.148144e+01
4.025000e-05	-4.060745e-02	-1.168404e+01
4.026000e-05	2.839164e-02	-1.188604e+01
4.027000e-05	-3.502512e-02	-1.209362e+01
4.028000e-05	2.964799e-02	-1.227304e+01
4.029000e-05	2.428510e-03	-1.247244e+01
4.030000e-05	2.002829e-03	-1.266351e+01
4.031000e-05	-9.441697e-03	-1.287236e+01
4.032000e-05	-9.009274e-04	-1.302038e+01
4.033000e-05	8.904082e-03	-1.318775e+01
4.034000e-05	-1.290459e-02	-1.336667e+01
4.035000e-05	1.111058e-02	-1.349501e+01
4.036000e-05	-2.589470e-03	-1.363444e+01
4.037000e-05	1.157773e-02	-1.380983e+01
4.038000e-05	-1.474646e-02	-1.398675e+01
4.039000e-05	1.035066e-02	-1.409601e+01
4.040000e-05	-5.410304e-03	-1.425248e+01
4.041000e-05	5.913225e-03	-1.443027e+01
4.042000e-05	-4.624712e-03	-1.449559e+01
4.043000e-05	7.628375e-03	-1.468133e+01
4.044000e-05	-5.258288e-03	-1.474710e+01
4.045000e-05	-3.872378e-03	-1.488235e+01
4.046000e-05	2.241809e-04	-1.496862e+01
4.047000e-05	4.094677e-03	-1.506335e+01
4.048000e-05	4.533316e-03	-1.512651e+01
4.049000e-05	-1.119636e-03	-1.524075e+01
4.050000e-05	1.495799e-03	-1.534449e+01
4.051000e-05	-2.802513e-03	-1.538872e+01
4.052000e-05	2.835301e-04	-1.545236e+01
4.053000e-05	-2.927464e-04	-1.554454e+01
4.054000e-05	7.314269e-04	-1.558907e+01
4.055000e-05	-4.577074e-04	-1.564077e+01
4.056000e-05	1.263755e-03	-1.570546e+01
4.057000e-05	-7.417794e-04	-1.570601e+01
4.058000e-05	-1.806505e-03	-1.573864e+01
4.059000e-05	8.916187e-04	-1.580872e+01
4.060000e-05	9.552301e-04	-1.581030e+01
4.061000e-05	5.746705e-05	-1.587087e+01
4.062000e-05	-9.438017e-04	-1.583283e+01
4.063000e-05	-1.971097e-04	-1.586233e+01
4.064000e-05	-2.710803e-03	-1.585988e+01
4.065000e-05	-1.574044e-03	-1.585285e+01
4.066000e-05	4.683649e-04	-1.585180e+01
4.067000e-05	2.449864e-03	-1.582279e+01
4.068000e-05	4.900179e-04	-1.579722e+01
4.069000e-05	-9.444389e-04	-1.581012e+01
4.070000e-05	-2.262228e-04	-1.576506e+01
4.071000e-05	-3.057505e-03	-1.571486e+01
4.072000e-05	-2.113651e-03	-1.568283e+01
4.073000e-05	7.402871e-04	-1.560927e+01
4.074000e-05	1.929244e-03	-1.557762e+01
4.075000e-05	-1.283364e-03	-1.548396e+01
4.076000e-05	-1.866707e-03	-1.541030e+01
4.077000e-05	-1.114119e-03	-1.535764e+01
4.078000e-05	-7.898494e-04	-1.526290e+01
4.079000e-05	-1.469390e-03	-1.519819e+01
4.080000e-05	-6.959022e-04	-1.510438e+01
4.081000e-05	6.814401e-04	-1.502969e+01
4.082000e-05	-1.567013e-03	-1.492553e+01
4.083000e-05	-2.606290e-03	-1.481127e+01
4.084000e-05	-1.984775e-03	-1.472495e+01
4.085000e-05	-1.055810e-03	-1.458724e+01
4.086000e-05	-9.305428e-04	-1.449382e+01
4.087000e-05	-8.483918e-04	-1.432449e+01
4.088000e-05	-6.873356e-04	-1.423972e+01
4.089000e-05	-3.127903e-03	-1.404335e+01
4.090000e-05	-1.670366e-03	-1.391550e+01
4.091000e-05	-2.361513e-03	-1.376604e+01
4.092000e-05	-9.496586e-04	-1.364917e+01
4.093000e-05	-2.279481e-03	-1.345127e+01
4.094000e-05	-2.100000e-03	-1.333353e+01
4.095000e-05	-1.241446e-03	-1.316651e+01
4.096000e-05	-2.110964e-03	-1.297814e+01
4.097000e-05	-1.493860e-03	-1.281932e+01
4.098000e-05	-1.730366e-03	-1.262924e+01
4.099000e-05	-1.602256e-03	-1.247185e+01
4.100000e-05	-2.170410e-03	-1.228032e+01
4.101000e-05	-2.623964e-03	-1.207255e+01
4.102000e-05	-3.083649e-03	-1.188130e+01
4.103000e-05	-3.157554e-03	-1.169082e+01
4.104000e-05	-3.081325e-03	-1.139817e+01
4.105000e-05	-2.117375e-03	-1.117911e+01
4.106000e-05	-1.657211e-03	-1.097461e+01
4.107000e-05	-1.964424e-03	-1.075566e+01
4.108000e-05	-2.675158e-03	-1.053664e+01
4.109000e-05	-2.922041e-03	-1.031500e+01
4.110000e-05	-3.258292e-03	-1.009350e+01
4.111000e-05	-1.729113e-03	-9.871429e+00
4.112000e-05	-2.852746e-03	-9.662397e+00
4.113000e-05	-2.903668e-03	-9.419268e+00
4.114000e-05	-3.120494e-03	-9.146737e+00
4.115000e-05	-2.583104e-03	-8.927707e+00
4.116000e-05	-3.619132e-03	-8.692906e+00
4.117000e-05	-2.828115e-03	-8.429347e+00
4.118000e-05	-4.932564e-03	-8.219214e+00
4.119000e-05	-1.467022e-03	-7.935657e+00
4.120000e-05	-5.151350e-03	-7.633797e+00
4.121000e-05	-2.507457e-03	-7.368712e+00
4.122000e-05	-4.749018e-03	-7.084631e+00
4.123000e-05	-1.701744e-03	-6.857445e+00
4.124000e-05	-4.067223e-03	-6.548212e+00
4.125000e-05	-3.984202e-03	-6.284602e+00
4.126000e-05	-3.544769e-03	-6.039844e+00
4.127000e-05	-3.325497e-03	-5.785185e+00
4.128000e-05	-4.236926e-03	-5.480974e+00
4.129000e-05	-3.610869e-03	-5.165711e+00
4.130000e-05	-5.280509e-03	-4.858470e+00
4.131000e-05	-2.248628e-03	-4.525233e+00
4.132000e-05	-4.152616e-03	-4.312631e+00
4.133000e-05	-4.526995e-03	-4.040395e+00
4.134000e-05	-4.229237e-03	-3.743100e+00
4.135000e-05	-4.954149e-03	-3.470500e+00
4.136000e-05	-3.928056e-03	-3.216864e+00
4.137000e-05	-6.784397e-03	-2.861499e+00
4.138000e-05	-2.769263e-03	-2.557865e+00
4.139000e-05	-5.927034e-03	-2.344123e+00
4.140000e-05	-3.871107e-03	-1.977318e+00
4.141000e-05	-6.883884e-03	-1.725104e+00
4.142000e-05	-3.190598e-03	-1.469745e+00
4.143000e-05	-4.446805e-03	-1.082547e+00
4.144000e-05	-4.341030e-03	-8.388959e-01
4.145000e-05	-5.157206e-03	-5.225542e-01
4.146000e-05	-4.015823e-03	-2.169409e-01
4.147000e-05	2.266464e-04	5.314084e-02
4.148000e-05	8.910307e-03	3.589538e-01
4.149000e-05	-6.615629e-03	6.331355e-01
4.150000e-05	5.938600e-03	8.858221e-01
4.151000e-05	-7.656406e-03	1.212134e+00
4.152000e-05	3.611985e-03	1.478225e+00
4.153000e-05	-6.708649e-03	1.791630e+00
4.154000e-05	1.663244e-02	2.064037e+00
4.155000e-05	2.636890e-02	2.265191e+00
4.156000e-05	9.534924e-02	2.585057e+00
4.157000e-05	-8.056145e-02	2.949980e+00
4.158000e-05	-2.254095e-02	3.262587e+00
4.159000e-05	-4.016580e-02	3.561398e+00
4.160000e-05	6.697405e-03	3.822509e+00
4.161000e-05	-4.874949e-02	4.011609e+00
4.162000e-05	-2.198952e-03	4.287244e+00
4.163000e-05	7.566905e-02	4.545375e+00
4.164000e-05	-2.960725e-02	4.833163e+00
4.165000e-05	-5.100786e-02	5.159878e+00
4.166000e-05	1.649015e-01	5.434112e+00
4.167000e-05	-1.943230e-01	5.777874e+00
4.168000e-05	1.057668e-01	6.021532e+00
4.169000e-05	-5.620528e-02	6.243163e+00
4.170000e-05	6.132205e-02	6.537326e+00
4.171000e-05	-1.392765e-02	6.812561e+00
4.172000e-05	-5.750456e-02	7.097194e+00
4.173000e-05	5.236467e-02	7.390482e+00
4.174000e-05	-5.226738e-02	7.686147e+00
4.175000e-05	5.144171e-02	7.959773e+00
4.176000e-05	-4.734431e-02	8.244086e+00
4.177000e-05	3.873545e-02	8.475114e+00
4.178000e-05	5.349392e-03	8.707170e+00
4.179000e-05	-4.221736e-02	8.978801e+00
4.180000e-05	3.499020e-02	9.200382e+00
4.181000e-05	-3.678904e-02	9.471536e+00
4.182000e-05	2.294305e-02	9.683486e+00
4.183000e-05	-2.363706e-02	9.916297e+00
4.184000e-05	2.358438e-02	1.013722e+01
4.185000e-05	-2.408321e-02	1.033085e+01
4.186000e-05	-2.144105e-03	1.060188e+01
4.187000e-05	-2.580140e-03	1.084038e+01
4.188000e-05	9.140486e-04	1.106191e+01
4.189000e-05	4.335584e-03	1.121193e+01
4.190000e-05	-1.740255e-02	1.148511e+01
4.191000e-05	6.927039e-03	1.168869e+01
4.192000e-05	-5.661740e-03	1.190664e+01
4.193000e-05	1.808942e-04	1.217417e+01
4.194000e-05	-1.929945e-02	1.227609e+01
4.195000e-05	1.234567e-02	1.248612e+01
4.196000e-05	-5.492788e-04	1.267301e+01
4.197000e-05	-3.300363e-03	1.284248e+01
4.198000e-05	-1.722184e-02	1.303183e+01
4.199000e-05	1.661631e-03	1.317032e+01
4.200000e-05	-5.276364e-04	1.337774e+01
4.201000e-05	-7.724696e-03	1.350552e+01
4.202000e-05	-5.239676e-03	1.364151e+01
4.203000e-05	-3.707746e-03	1.385285e+01
4.204000e-05	1.342860e-03	1.403964e+01
4.205000e-05	-8.260785e-03	1.410709e+01
4.206000e-05	-7.150419e-04	1.428448e+01
4.207000e-05	-8.806323e-03	1.445338e+01
4.208000e-05	-2.224934e-03	1.455869e+01
4.209000e-05	-5.069495e-03	1.466441e+01
4.210000e-05	-3.378892e-03	1.478029e+01
4.211000e-05	-1.000617e-02	1.491445e+01
4.212000e-05	-9.089205e-03	1.496775e+01
4.213000e-05	3.523911e-04	1.506388e+01
4.214000e-05	-2.712840e-03	1.514772e+01
4.215000e-05	-3.713106e-03	1.523190e+01
4.216000e-05	-9.804355e-03	1.531599e+01
4.217000e-05	-4.740943e-04	1.541017e+01
4.218000e-05	-5.595412e-03	1.547501e+01
4.219000e-05	-4.152229e-03	1.554659e+01
4.220000e-05	-9.239393e-03	1.562074e+01
4.221000e-05	-5.387822e-03	1.568323e+01
4.222000e-05	-3.858093e-03	1.571553e+01
4.223000e-05	-4.073405e-03	1.575649e+01
4.224000e-05	-5.821513e-03	1.577970e+01
4.225000e-05	-9.186111e-03	1.579077e+01
4.226000e-05	-2.093308e-03	1.585230e+01
4.227000e-05	-4.121638e-03	1.583390e+01
4.228000e-05	-4.731277e-03	1.584388e+01
4.229000e-05	-8.501279e-03	1.584298e+01
4.230000e-05	-5.470424e-03	1.585598e+01
4.231000e-05	-5.194133e-03	1.587282e+01
4.232000e-05	-7.689446e-03	1.585293e+01
4.233000e-05	-5.877113e-03	1.585035e+01
4.234000e-05	-5.686403e-03	1.581027e+01
4.235000e-05	-4.619217e-03	1.578772e+01
4.236000e-05	-6.862240e-03	1.578868e+01
4.237000e-05	-4.665498e-03	1.574593e+01
4.238000e-05	-6.151207e-03	1.569298e+01
4.239000e-05	-5.258648e-03	1.565032e+01
4.240000e-05	-5.712291e-03	1.561966e+01
4.241000e-05	-5.116402e-03	1.555493e+01
4.242000e-05	-6.509537e-03	1.545235e+01
4.243000e-05	-6.314500e-03	1.537858e+01
4.244000e-05	-4.532785e-03	1.529440e+01
4.245000e-05	-5.275917e-03	1.522920e+01
4.246000e-05	-5.860356e-03	1.513593e+01
4.247000e-05	-5.843678e-03	1.502125e+01
4.248000e-05	-5.083040e-03	1.490503e+01
4.249000e-05	-5.059424e-03	1.480172e+01
4.250000e-05	-7.675284e-03	1.472345e+01
4.251000e-05	-4.161390e-03	1.459769e+01
4.252000e-05	-7.600139e-03	1.448285e+01
4.253000e-05	-3.545593e-03	1.433710e+01
4.254000e-05	-8.376823e-03	1.421979e+01
4.255000e-05	-5.560233e-03	1.412332e+01
4.256000e-05	-7.546732e-03	1.394646e+01
4.257000e-05	-2.964783e-03	1.378603e+01
4.258000e-05	-6.187431e-03	1.365164e+01
4.259000e-05	-6.398467e-03	1.347187e+01
4.260000e-05	-7.150442e-03	1.330395e+01
4.261000e-05	-4.968726e-03	1.316651e+01
4.262000e-05	-6.035748e-03	1.296763e+01
4.263000e-05	-5.963938e-03	1.278969e+01
4.264000e-05	-7.698938e-03	1.262979e+01
4.265000e-05	-5.691399e-03	1.243182e+01
4.266000e-05	-5.172012e-03	1.224177e+01
4.267000e-05	-5.157262e-03	1.206229e+01
4.268000e-05	-6.495529e-03	1.184985e+01
4.269000e-05	-6.392127e-03	1.165082e+01
4.270000e-05	-6.124237e-03	1.141876e+01
4.271000e-05	-4.799209e-03	1.117871e+01
4.272000e-05	-6.559378e-03	1.096822e+01
4.273000e-05	-6.368676e-03	1.078819e+01
4.274000e-05	-6.309550e-03	1.058818e+01
4.275000e-05	-5.357929e-03	1.033410e+01
4.276000e-05	-5.845649e-03	1.009455e+01
4.277000e-05	-6.470638e-03	9.851344e+00
4.278000e-05	-6.181280e-03	9.649789e+00
4.279000e-05	-5.467304e-03	9.399294e+00
4.280000e-05	-5.155591e-03	9.174610e+00
4.281000e-05	-7.010022e-03	8.894604e+00
4.282000e-05	-5.488398e-03	8.681448e+00
4.283000e-05	-7.209851e-03	8.460422e+00
4.284000e-05	-5.880625e-03	8.179110e+00
4.285000e-05	-5.366009e-03	7.884078e+00
4.286000e-05	-5.009334e-03	7.670345e+00
4.287000e-05	-6.389803e-03	7.347135e+00
4.288000e-05	-5.894703e-03	7.083177e+00
4.289000e-05	-5.275412e-03	6.880924e+00
4.290000e-05	-6.316022e-03	6.577582e+00
4.291000e-05	-6.446858e-03	6.283502e+00
4.292000e-05	-6.600419e-03	6.061420e+00
4.293000e-05	-4.302982e-03	5.738158e+00
4.294000e-05	-5.293137e-03	5.471502e+00
4.295000e-05	-6.255502e-03	5.217257e+00
4.296000e-05	-5.147605e-03	4.839346e+00
4.297000e-05	-5.520196e-03	4.536763e+00
4.298000e-05	-4.394312e-03	4.334548e+00
4.299000e-05	-5.774684e-03	3.967762e+00
4.300000e-05	-5.181508e-03	3.673653e+00
4.301000e-05	-6.099793e-03	3.442466e+00
4.302000e-05	-5.438087e-03	3.125177e+00
4.303000e-05	-6.060594e-03	2.854575e+00
4.304000e-05	-4.770403e-03	2.575758e+00
4.305000e-05	-5.282283e-03	2.281569e+00
4.306000e-05	-4.658433e-03	2.028916e+00
4.307000e-05	-5.173710e-03	1.692652e+00
4.308000e-05	-4.263956e-03	1.367864e+00
4.309000e-05	-5.539195e-03	1.031993e+00
4.310000e-05	-5.406530e-03	7.367595e-01
4.311000e-05	-5.208714e-03	4.410490e-01
4.312000e-05	-2.266294e-03	1.357844e-01
4.313000e-05	1.961246e-03	-9.732217e-02
4.314000e-05	1.051098e-02	-3.905562e-01
4.315000e-05	-9.638759e-03	-6.643710e-01
4.316000e-05	5.961874e-03	-9.683500e-01
4.317000e-05	-7.409009e-03	-1.212039e+00
4.318000e-05	5.946573e-03	-1.539924e+00
4.319000e-05	-2.385822e-03	-1.821926e+00
4.320000e-05	2.949029e-02	-2.000986e+00
4.321000e-05	9.010712e-02	-2.296317e+00
4.322000e-05	-2.574138e-02	-2.653721e+00
4.323000e-05	-6.775583e-02	-3.073166e+00
4.324000e-05	4.649142e-03	-3.380052e+00
4.325000e-05	-3.633378e-02	-3.580428e+00
4.326000e-05	-4.400668e-02	-3.854187e+00
4.327000e-05	-2.179347e-02	-4.064142e+00
4.328000e-05	1.898428e-01	-4.254739e+00
4.329000e-05	-2.273138e-01	-4.568481e+00
4.330000e-05	1.687333e-01	-4.852709e+00
4.331000e-05	-2.521774e-02	-5.126852e+00
4.332000e-05	-9.561325e-02	-5.498321e+00
4.333000e-05	1.411687e-01	-5.756269e+00
4.334000e-05	-1.789048e-01	-6.042039e+00
4.335000e-05	2.051805e-01	-6.337799e+00
4.336000e-05	-1.019546e-01	-6.548907e+00
4.337000e-05	-1.074061e-02	-6.843617e+00
4.338000e-05	6.521057e-02	-7.149820e+00
4.339000e-05	-1.296295e-01	-7.434113e+00
4.340000e-05	1.545490e-01	-7.734691e+00
4.341000e-05	-1.422909e-01	-8.000933e+00
4.342000e-05	1.549047e-01	-8.243059e+00
4.343000e-05	-8.091162e-02	-8.484743e+00
4.344000e-05	-1.605047e-02	-8.787299e+00
4.345000e-05	6.432906e-02	-9.020855e+00
4.346000e-05	-8.107600e-02	-9.242612e+00
4.347000e-05	9.862966e-02	-9.484139e+00
4.348000e-05	-1.127350e-01	-9.726767e+00
4.349000e-05	1.079449e-01	-9.928174e+00
4.350000e-05	-6.752519e-02	-1.016930e+01
4.351000e-05	4.151540e-02	-1.042101e+01
4.352000e-05	-2.960378e-02	-1.062293e+01
4.353000e-05	1.003875e-02	-1.088154e+01
4.354000e-05	2.274966e-02	-1.106253e+01
4.355000e-05	-3.655934e-02	-1.130554e+01
4.356000e-05	4.276527e-02	-1.149499e+01
4.357000e-05	-3.947186e-02	-1.176822e+01
4.358000e-05	3.256293e-02	-1.195722e+01
4.359000e-05	-4.198835e-02	-1.212830e+01
4.360000e-05	4.700895e-02	-1.234667e+01
4.361000e-05	-1.874774e-02	-1.255714e+01
4.362000e-05	1.370469e-02	-1.271662e+01
4.363000e-05	-2.257940e-02	-1.289346e+01
4.364000e-05	1.659681e-02	-1.304199e+01
4.365000e-05	-3.836135e-03	-1.319033e+01
4.366000e-05	-2.429106e-03	-1.341020e+01
4.367000e-05	3.130908e-03	-1.353612e+01
4.368000e-05	2.388661e-03	-1.371459e+01
4.369000e-05	5.735756e-03	-1.388084e+01
4.370000e-05	-8.215720e-03	-1.399983e+01
4.371000e-05	1.101617e-02	-1.417915e+01
4.372000e-05	-6.122348e-03	-1.426696e+01
4.373000e-05	4.831831e-03	-1.442881e+01
4.374000e-05	-3.944151e-03	-1.455662e+01
4.375000e-05	8.761329e-03	-1.467486e+01
4.376000e-05	-8.456569e-03	-1.473777e+01
4.377000e-05	-2.236539e-03	-1.493501e+01
4.378000e-05	2.121010e-03	-1.502817e+01
4.379000e-05	4.982086e-03	-1.507601e+01
4.380000e-05	2.395445e-03	-1.510815e+01
4.381000e-05	-2.092628e-03	-1.529335e+01
4.382000e-05	8.755240e-04	-1.534504e+01
4.383000e-05	-2.498595e-03	-1.539925e+01
4.384000e-05	6.883948e-04	-1.549193e+01
4.385000e-05	3.585062e-04	-1.555559e+01
4.386000e-05	5.813783e-04	-1.562020e+01
4.387000e-05	-6.959360e-04	-1.563175e+01
4.388000e-05	1.008543e-04	-1.567446e+01
4.389000e-05	-2.907750e-04	-1.575704e+01
4.390000e-05	-1.114096e-03	-1.581659e+01
4.391000e-05	1.427619e-03	-1.579765e+01
4.392000e-05	2.766092e-04	-1.584122e+01
4.393000e-05	-7.178617e-05	-1.588183e+01
4.394000e-05	-8.632417e-04	-1.583133e+01
4.395000e-05	-4.962405e-04	-1.587193e+01
4.396000e-05	-2.718667e-03	-1.587225e+01
4.397000e-05	-1.268137e-03	-1.587327e+01
4.398000e-05	1.330960e-03	-1.585275e+01
4.399000e-05	1.050357e-03	-1.582975e+01
4.400000e-05	-1.141653e-03	-1.580917e+01
4.401000e-05	-1.289915e-03	-1.575857e+01
4.402000e-05	-7.384408e-04	-1.571654e+01
4.403000e-05	-1.681918e-03	-1.570298e+01
4.404000e-05	-1.813935e-03	-1.567220e+01
4.405000e-05	5.216911e-05	-1.560817e+01
4.406000e-05	-2.042625e-05	-1.553606e+01
4.407000e-05	-1.799365e-03	-1.548343e+01
4.408000e-05	-2.839434e-03	-1.542015e+01
4.409000e-05	-1.299866e-05	-1.537546e+01
4.410000e-05	-7.266192e-04	-1.528180e+01
4.411000e-05	-8.533204e-04	-1.519864e+01
4.412000e-05	-1.420606e-04	-1.509443e+01
4.413000e-05	-4.153828e-04	-1.499869e+01
4.414000e-05	-2.026283e-03	-1.489398e+01
4.415000e-05	-2.525619e-03	-1.481867e+01
4.416000e-05	-9.543861e-04	-1.468390e+01
4.417000e-05	-1.344431e-03	-1.457609e+01
4.418000e-05	-3.474878e-04	-1.448182e+01
4.419000e-05	-9.379212e-04	-1.434443e+01
4.420000e-05	-1.174428e-03	-1.417753e+01
4.421000e-05	-1.625113e-03	-1.405030e+01
4.422000e-05	-9.238803e-04	-1.386443e+01
4.423000e-05	-3.166369e-03	-1.374654e+01
4.424000e-05	-8.076234e-05	-1.359956e+01
4.425000e-05	-2.959739e-03	-1.340982e+01
4.426000e-05	6.771738e-04	-1.323182e+01
4.427000e-05	-2.392371e-03	-1.310401e+01
4.428000e-05	-1.980773e-03	-1.299551e+01
4.429000e-05	-1.007422e-03	-1.278659e+01
4.430000e-05	-4.185400e-03	-1.259764e+01
4.431000e-05	-1.133752e-05	-1.242024e+01
4.432000e-05	-3.216888e-03	-1.223977e+01
4.433000e-05	-3.009043e-04	-1.204072e+01
4.434000e-05	-3.569440e-03	-1.182869e+01
4.435000e-05	-2.306015e-03	-1.158916e+01
4.436000e-05	-1.378697e-03	-1.138701e+01
4.437000e-05	-1.024884e-04	-1.115601e+01
4.438000e-05	-4.008915e-03	-1.091448e+01
4.439000e-05	-4.917681e-03	-1.071398e+01
4.440000e-05	-4.412360e-03	-1.051448e+01
4.441000e-05	-8.284353e-04	-1.028292e+01
4.442000e-05	-2.016668e-03	-1.002334e+01
4.443000e-05	-1.385601e-03	-9.849194e+00
4.444000e-05	-3.570528e-03	-9.609239e+00
4.445000e-05	-2.883744e-03	-9.377587e+00
4.446000e-05	-2.795208e-03	-9.103554e+00
4.447000e-05	-2.796661e-03	-8.923504e+00
4.448000e-05	-3.989397e-03	-8.631301e+00
4.449000e-05	-6.272461e-03	-8.356660e+00
4.450000e-05	-3.261709e-03	-8.137131e+00
4.451000e-05	-2.263441e-03	-7.891899e+00
4.452000e-05	-7.686563e-04	-7.577735e+00
4.453000e-05	-5.117535e-03	-7.345054e+00
4.454000e-05	-4.076707e-03	-7.050416e+00
4.455000e-05	-4.349128e-03	-6.776212e+00
4.456000e-05	-1.659974e-03	-6.505654e+00
4.457000e-05	-3.002341e-03	-6.250923e+00
4.458000e-05	-3.548011e-03	-5.957208e+00
4.459000e-05	-6.849390e-03	-5.704031e+00
4.460000e-05	-3.242645e-03	-5.408240e+00
4.461000e-05	-2.788687e-03	-5.103550e+00
4.462000e-05	-2.265744e-03	-4.766207e+00
4.463000e-05	-4.973398e-03	-4.464551e+00
4.464000e-05	-4.041081e-03	-4.271523e+00
4.465000e-05	-4.342733e-03	-3.995287e+00
4.466000e-05	-3.461181e-03	-3.641025e+00
4.467000e-05	-5.779399e-03	-3.419242e+00
4.468000e-05	-5.336116e-03	-3.112126e+00
4.469000e-05	-6.151859e-03	-2.798890e+00
4.470000e-05	-2.705214e-03	-2.515681e+00
4.471000e-05	-4.317152e-03	-2.249869e+00
4.472000e-05	-4.934516e-03	-1.935659e+00
4.473000e-05	-6.129919e-03	-1.651999e+00
4.474000e-05	-2.992131e-03	-1.316182e+00
4.475000e-05	-3.325613e-03	-1.009418e+00
4.476000e-05	-5.033658e-03	-7.451555e-01
4.477000e-05	-5.183249e-03	-4.084447e-01
4.478000e-05	-4.075644e-03	-1.262305e-01
4.479000e-05	4.179399e-03	1.295587e-01
4.480000e-05	2.408714e-03	4.317157e-01
4.481000e-05	-3.272733e-03	6.753684e-01
4.482000e-05	3.309531e-03	9.300328e-01
4.483000e-05	-4.052477e-03	1.264762e+00
4.484000e-05	8.801268e-04	1.570005e+00
4.485000e-05	-1.164659e-03	1.873690e+00
4.486000e-05	1.571570e-02	2.076270e+00
4.487000e-05	4.694823e-02	2.308425e+00
4.488000e-05	6.904808e-02	2.688299e+00
4.489000e-05	-9.944460e-02	3.023066e+00
4.490000e-05	-5.315645e-03	3.305325e+00
4.491000e-05	-4.251737e-02	3.642485e+00
4.492000e-05	1.114100e-02	3.884663e+00
4.493000e-05	-5.872617e-02	4.113272e+00
4.494000e-05	1.915318e-02	4.337421e+00
4.495000e-05	8.628749e-02	4.631562e+00
4.496000e-05	-1.017180e-01	4.948401e+00
4.497000e-05	5.983331e-02	5.212537e+00
4.498000e-05	6.511489e-02	5.506321e+00
4.499000e-05	-1.389362e-01	5.832879e+00
4.500000e-05	1.009034e-01	6.093690e+00
4.501000e-05	-5.987820e-02	6.317873e+00
4.502000e-05	7.450257e-02	6.601984e+00
4.503000e-05	-5.078443e-02	6.915243e+00
4.504000e-05	-2.220919e-02	7.160375e+00
4.505000e-05	3.545132e-02	7.493537e+00
4.506000e-05	-4.497993e-02	7.767774e+00
4.507000e-05	5.086672e-02	8.032557e+00
4.508000e-05	-5.973585e-02	8.307214e+00
4.509000e-05	6.461341e-02	8.547244e+00
4.510000e-05	-2.886385e-02	8.718250e+00
4.511000e-05	-1.727013e-02	9.032453e+00
4.512000e-05	2.664876e-02	9.272639e+00
4.513000e-05	-3.753181e-02	9.493611e+00
4.514000e-05	3.124782e-02	9.717748e+00
4.515000e-05	-3.359011e-02	9.999798e+00
4.516000e-05	3.472771e-02	1.018035e+01
4.517000e-05	-3.941045e-02	1.045235e+01
4.518000e-05	1.450725e-02	1.067446e+01
4.519000e-05	-1.241871e-02	1.090461e+01
4.520000e-05	6.310847e-03	1.110549e+01
4.521000e-05	-1.485195e-03	1.127359e+01
4.522000e-05	-1.587306e-02	1.153819e+01
4.523000e-05	1.212022e-02	1.179934e+01
4.524000e-05	-1.187116e-02	1.197867e+01
4.525000e-05	2.409602e-03	1.216767e+01
4.526000e-05	-2.111137e-02	1.237712e+01
4.527000e-05	1.967402e-02	1.255717e+01
4.528000e-05	-6.579517e-03	1.271557e+01
4.529000e-05	-4.527597e-03	1.290559e+01
4.530000e-05	-1.490889e-02	1.303398e+01
4.531000e-05	1.300084e-03	1.321390e+01
4.532000e-05	3.872274e-04	1.346087e+01
4.533000e-05	-1.043423e-02	1.354715e+01
4.534000e-05	2.720149e-05	1.370606e+01
4.535000e-05	-5.848165e-03	1.383451e+01
4.536000e-05	2.573966e-03	1.403027e+01
4.537000e-05	-1.035410e-02	1.416870e+01
4.538000e-05	-4.556399e-04	1.435599e+01
4.539000e-05	-8.773006e-03	1.445238e+01
4.540000e-05	-2.449808e-03	1.462022e+01
4.541000e-05	-2.950237e-03	1.470546e+01
4.542000e-05	-4.465314e-03	1.479080e+01
4.543000e-05	-8.691986e-03	1.489548e+01
4.544000e-05	-1.059591e-02	1.499125e+01
4.545000e-05	2.044070e-03	1.508439e+01
4.546000e-05	-4.348586e-03	1.517915e+01
4.547000e-05	-3.294966e-03	1.527441e+01
4.548000e-05	-6.613852e-03	1.537607e+01
4.549000e-05	-1.378918e-03	1.542978e+01
4.550000e-05	-5.309783e-03	1.549593e+01
4.551000e-05	-6.967968e-03	1.557907e+01
4.552000e-05	-7.082621e-03	1.564020e+01
4.553000e-05	-6.189157e-03	1.567385e+01
4.554000e-05	-2.734376e-03	1.572546e+01
4.555000e-05	-6.954899e-03	1.579719e+01
4.556000e-05	-6.512590e-03	1.577769e+01
4.557000e-05	-6.547670e-03	1.581017e+01
4.558000e-05	-1.427492e-03	1.582088e+01
4.559000e-05	-3.625163e-03	1.585235e+01
4.560000e-05	-6.756492e-03	1.587296e+01
4.561000e-05	-6.094721e-03	1.589288e+01
4.562000e-05	-6.294516e-03	1.586341e+01
4.563000e-05	-4.517107e-03	1.587443e+01
4.564000e-05	-8.018734e-03	1.584285e+01
4.565000e-05	-4.129325e-03	1.581230e+01
4.566000e-05	-5.892192e-03	1.581932e+01
4.567000e-05	-4.587778e-03	1.580869e+01
4.568000e-05	-6.412774e-03	1.578809e+01
4.569000e-05	-5.464788e-03	1.571546e+01
4.570000e-05	-6.406223e-03	1.571338e+01
4.571000e-05	-6.836323e-03	1.564027e+01
4.572000e-05	-4.091556e-03	1.554816e+01
4.573000e-05	-6.725658e-03	1.550340e+01
4.574000e-05	-5.733558e-03	1.545072e+01
4.575000e-05	-7.176985e-03	1.535561e+01
4.576000e-05	-5.284974e-03	1.526387e+01
4.577000e-05	-6.058070e-03	1.517809e+01
4.578000e-05	-6.660734e-03	1.508543e+01
4.579000e-05	-4.575851e-03	1.501864e+01
4.580000e-05	-6.904055e-03	1.490548e+01
4.581000e-05	-5.429221e-03	1.484867e+01
4.582000e-05	-8.525043e-03	1.469538e+01
4.583000e-05	-3.997153e-03	1.455857e+01
4.584000e-05	-6.583693e-03	1.447085e+01
4.585000e-05	-4.288166e-03	1.436390e+01
4.586000e-05	-6.722184e-03	1.419761e+01
4.587000e-05	-5.517790e-03	1.403027e+01
4.588000e-05	-7.168595e-03	1.391235e+01
4.589000e-05	-5.309075e-03	1.376751e+01
4.590000e-05	-6.876211e-03	1.354613e+01
4.591000e-05	-6.710653e-03	1.341122e+01
4.592000e-05	-6.135358e-03	1.325135e+01
4.593000e-05	-6.206450e-03	1.306300e+01
4.594000e-05	-5.474413e-03	1.291595e+01
4.595000e-05	-6.460510e-03	1.274751e+01
4.596000e-05	-5.858116e-03	1.259616e+01
4.597000e-05	-5.925450e-03	1.240926e+01
4.598000e-05	-6.089665e-03	1.220919e+01
4.599000e-05	-6.363708e-03	1.203019e+01
4.600000e-05	-6.291982e-03	1.181931e+01
4.601000e-05	-6.247575e-03	1.157814e+01
4.602000e-05	-5.987971e-03	1.139661e+01
4.603000e-05	-5.219387e-03	1.112603e+01
4.604000e-05	-6.476503e-03	1.091766e+01
4.605000e-05	-5.789793e-03	1.075560e+01
4.606000e-05	-4.972729e-03	1.050495e+01
4.607000e-05	-5.586213e-03	1.025295e+01
4.608000e-05	-5.802026e-03	1.009234e+01
4.609000e-05	-7.710377e-03	9.790190e+00
4.610000e-05	-5.382472e-03	9.546188e+00
4.611000e-05	-5.841477e-03	9.324657e+00
4.612000e-05	-5.951662e-03	9.053503e+00
4.613000e-05	-7.120758e-03	8.853319e+00
4.614000e-05	-5.597993e-03	8.639319e+00
4.615000e-05	-5.284535e-03	8.366190e+00
4.616000e-05	-5.516998e-03	8.154022e+00
4.617000e-05	-5.113739e-03	7.841445e+00
4.618000e-05	-6.833849e-03	7.627210e+00
4.619000e-05	-5.812362e-03	7.294573e+00
4.620000e-05	-6.162460e-03	7.071899e+00
4.621000e-05	-4.865459e-03	6.777736e+00
4.622000e-05	-6.210546e-03	6.495053e+00
4.623000e-05	-4.837824e-03	6.209421e+00
4.624000e-05	-5.925686e-03	5.986262e+00
4.625000e-05	-4.493189e-03	5.694499e+00
4.626000e-05	-6.069168e-03	5.449416e+00
4.627000e-05	-5.772718e-03	5.123369e+00
4.628000e-05	-5.028125e-03	4.736283e+00
4.629000e-05	-5.220638e-03	4.473025e+00
4.630000e-05	-5.193394e-03	4.209287e+00
4.631000e-05	-5.878192e-03	3.893630e+00
4.632000e-05	-5.383313e-03	3.651546e+00
4.633000e-05	-5.175547e-03	3.367657e+00
4.634000e-05	-4.763404e-03	3.072970e+00
4.635000e-05	-5.192607e-03	2.799946e+00
4.636000e-05	-5.771979e-03	2.461100e+00
4.637000e-05	-6.054860e-03	2.148316e+00
4.638000e-05	-5.312083e-03	1.956226e+00
4.639000e-05	-3.899030e-03	1.597417e+00
4.640000e-05	-5.293511e-03	1.313677e+00
4.641000e-05	-4.385904e-03	9.673131e-01
4.642000e-05	-5.492005e-03	7.040727e-01
4.643000e-05	-3.754881e-03	4.094184e-01
4.644000e-05	-2.906187e-03	1.126552e-01
4.645000e-05	3.586574e-03	-1.880350e-01
4.646000e-05	5.153389e-03	-4.342155e-01
4.647000e-05	-5.118396e-03	-7.405038e-01
4.648000e-05	4.254824e-03	-1.030555e+00
4.649000e-05	-5.637542e-03	-1.293800e+00
4.650000e-05	1.547321e-03	-1.621558e+00
4.651000e-05	5.139853e-03	-1.823161e+00
4.652000e-05	3.687603e-02	-2.094142e+00
4.653000e-05	1.056448e-01	-2.380507e+00
4.654000e-05	-8.799388e-02	-2.727876e+00
4.655000e-05	-1.334467e-02	-3.180406e+00
4.656000e-05	-3.559601e-02	-3.452534e+00
4.657000e-05	-6.012903e-03	-3.630612e+00
4.658000e-05	-8.888712e-02	-3.908370e+00
4.659000e-05	7.979601e-02	-4.126770e+00
4.660000e-05	1.096175e-01	-4.327350e+00
4.661000e-05	-1.948475e-01	-4.674193e+00
4.662000e-05	2.344791e-01	-4.886795e+00
4.663000e-05	-1.616276e-01	-5.233593e+00
4.664000e-05	3.434686e-02	-5.509825e+00
4.665000e-05	3.351513e-02	-5.760532e+00
4.666000e-05	-1.060559e-01	-6.106795e+00
4.667000e-05	1.933636e-01	-6.369877e+00
4.668000e-05	-1.732450e-01	-6.644013e+00
4.669000e-05	7.688408e-02	-6.995850e+00
4.670000e-05	-2.784770e-02	-7.202035e+00
4.671000e-05	-4.577381e-02	-7.526742e+00
4.672000e-05	1.104320e-01	-7.760804e+00
4.673000e-05	-1.303830e-01	-8.066586e+00
4.674000e-05	1.829755e-01	-8.304670e+00
4.675000e-05	-1.577426e-01	-8.537802e+00
4.676000e-05	7.819002e-02	-8.843011e+00
4.677000e-05	-2.075689e-02	-9.064587e+00
4.678000e-05	-1.458441e-02	-9.325719e+00
4.679000e-05	4.941717e-02	-9.546672e+00
4.680000e-05	-8.069880e-02	-9.739852e+00
4.681000e-05	1.063369e-01	-9.970407e+00
4.682000e-05	-9.208653e-02	-1.025396e+01
4.683000e-05	7.110744e-02	-1.047409e+01
4.684000e-05	-6.619313e-02	-1.066504e+01
4.685000e-05	5.658682e-02	-1.091422e+01
4.686000e-05	-2.092827e-02	-1.112662e+01
4.687000e-05	1.079672e-03	-1.133777e+01
4.688000e-05	1.437932e-02	-1.155870e+01
4.689000e-05	-2.073794e-02	-1.183080e+01
4.690000e-05	1.718979e-02	-1.202025e+01
4.691000e-05	-2.907481e-02	-1.220085e+01
4.692000e-05	4.826394e-02	-1.236973e+01
4.693000e-05	-2.313841e-02	-1.257885e+01
4.694000e-05	1.679626e-02	-1.277815e+01
4.695000e-05	-2.718016e-02	-1.290809e+01
4.696000e-05	2.349539e-02	-1.304502e+01
4.697000e-05	-1.465686e-02	-1.325246e+01
4.698000e-05	6.909162e-03	-1.344126e+01
4.699000e-05	-2.716503e-03	-1.353762e+01
4.700000e-05	8.831485e-03	-1.373812e+01
4.701000e-05	-2.963871e-03	-1.388449e+01
4.702000e-05	-1.986039e-03	-1.406238e+01
4.703000e-05	5.169415e-03	-1.419762e+01
4.704000e-05	-2.759029e-03	-1.431761e+01
4.705000e-05	2.338381e-03	-1.449128e+01
4.706000e-05	3.802386e-04	-1.456880e+01
4.707000e-05	5.277836e-03	-1.469499e+01
4.708000e-05	-9.168471e-03	-1.483880e+01
4.709000e-05	-1.241680e-03	-1.490359e+01
4.710000e-05	2.153790e-03	-1.502977e+01
4.711000e-05	6.023592e-03	-1.512649e+01
4.712000e-05	1.021421e-03	-1.519912e+01
4.713000e-05	-1.334195e-03	-1.530338e+01
4.714000e-05	-7.626687e-04	-1.534811e+01
4.715000e-05	-1.660244e-03	-1.541027e+01
4.716000e-05	1.120502e-03	-1.549346e+01
4.717000e-05	4.440562e-04	-1.554669e+01
4.718000e-05	-1.538256e-03	-1.560967e+01
4.719000e-05	-5.176320e-04	-1.570343e+01
4.720000e-05	1.518447e-04	-1.573444e+01
4.721000e-05	-3.282220e-05	-1.574646e+01
4.722000e-05	-5.797200e-04	-1.580864e+01
4.723000e-05	7.846735e-04	-1.581977e+01
4.724000e-05	8.825123e-04	-1.586137e+01
4.725000e-05	-3.628394e-04	-1.583130e+01
4.726000e-05	-6.826387e-04	-1.588140e+01
4.727000e-05	-1.786211e-03	-1.586278e+01
4.728000e-05	-2.998947e-03	-1.586928e+01
4.729000e-05	-5.137940e-04	-1.585278e+01
4.730000e-05	2.199849e-03	-1.586223e+01
4.731000e-05	3.621663e-04	-1.585063e+01
4.732000e-05	-1.851273e-03	-1.582012e+01
4.733000e-05	-8.895114e-04	-1.580707e+01
4.734000e-05	-8.926219e-04	-1.576756e+01
4.735000e-05	-5.275108e-04	-1.568378e+01
4.736000e-05	-1.874334e-03	-1.563127e+01
4.737000e-05	1.081328e-03	-1.561875e+01
4.738000e-05	-1.555828e-03	-1.554351e+01
4.739000e-05	-1.471495e-03	-1.548243e+01
4.740000e-05	-2.259992e-03	-1.537917e+01
4.741000e-05	7.899004e-04	-1.533541e+01
4.742000e-05	-7.363962e-04	-1.527079e+01
4.743000e-05	-7.561294e-04	-1.518861e+01
4.744000e-05	8.676177e-05	-1.506230e+01
4.745000e-05	-1.537121e-03	-1.500859e+01
4.746000e-05	-1.667975e-03	-1.487338e+01
4.747000e-05	-2.659762e-03	-1.475664e+01
4.748000e-05	8.717130e-05	-1.466085e+01
4.749000e-05	-6.167251e-04	-1.452654e+01
4.750000e-05	-1.695921e-05	-1.444122e+01
4.751000e-05	-1.849376e-03	-1.429331e+01
4.752000e-05	-1.431088e-03	-1.415764e+01
4.753000e-05	-2.471483e-03	-1.406017e+01
4.754000e-05	-1.650742e-03	-1.385282e+01
4.755000e-05	-2.053454e-03	-1.368235e+01
4.756000e-05	-2.034098e-03	-1.354649e+01
4.757000e-05	-1.280151e-03	-1.337864e+01
4.758000e-05	-2.600766e-03	-1.329082e+01
4.759000e-05	-1.861533e-03	-1.305237e+01
4.760000e-05	-2.192729e-03	-1.290440e+01
4.761000e-05	-7.532473e-04	-1.274350e+01
4.762000e-05	-1.234283e-03	-1.256706e+01
4.763000e-05	-1.451582e-03	-1.238706e+01
4.764000e-05	-2.376078e-03	-1.220711e+01
4.765000e-05	-2.527345e-03	-1.200761e+01
4.766000e-05	-3.053118e-03	-1.177753e+01
4.767000e-05	-2.018612e-03	-1.156786e+01
4.768000e-05	-1.138261e-03	-1.127538e+01
4.769000e-05	-2.130370e-03	-1.109095e+01
4.770000e-05	-2.202620e-03	-1.085298e+01
4.771000e-05	-3.122929e-03	-1.068237e+01
4.772000e-05	-3.018606e-03	-1.049195e+01
4.773000e-05	-3.447669e-03	-1.021017e+01
4.774000e-05	-1.862330e-03	-9.948087e+00
4.775000e-05	-2.367425e-03	-9.745187e+00
4.776000e-05	-2.742082e-03	-9.535505e+00
4.777000e-05	-3.246715e-03	-9.293453e+00
4.778000e-05	-3.640901e-03	-9.040423e+00
4.779000e-05	-3.252154e-03	-8.849895e+00
4.780000e-05	-3.961848e-03	-8.598638e+00
4.781000e-05	-3.357482e-03	-8.304078e+00
4.782000e-05	-2.843752e-03	-8.091504e+00
4.783000e-05	-3.089450e-03	-7.796765e+00
4.784000e-05	-3.584127e-03	-7.534002e+00
4.785000e-05	-4.915704e-03	-7.271370e+00
4.786000e-05	-2.553443e-03	-6.998660e+00
4.787000e-05	-4.959250e-03	-6.693553e+00
4.788000e-05	-2.792024e-03	-6.461545e+00
4.789000e-05	-5.101965e-03	-6.186207e+00
4.790000e-05	-3.068474e-03	-5.902523e+00
4.791000e-05	-5.690167e-03	-5.648494e+00
4.792000e-05	-2.852882e-03	-5.355981e+00
4.793000e-05	-5.536390e-03	-5.058790e+00
4.794000e-05	-1.866203e-03	-4.691021e+00
4.795000e-05	-5.447544e-03	-4.410469e+00
4.796000e-05	-2.835448e-03	-4.187841e+00
4.797000e-05	-5.187498e-03	-3.931575e+00
4.798000e-05	-5.198955e-03	-3.607864e+00
4.799000e-05	-5.351785e-03	-3.335258e+00
4.800000e-05	-4.568553e-03	-3.039816e+00
4.801000e-05	-4.816402e-03	-2.735655e+00
4.802000e-05	-4.523394e-03	-2.420525e+00
4.803000e-05	-3.861679e-03	-2.157184e+00
4.804000e-05	-5.268833e-03	-1.881545e+00
4.805000e-05	-4.601960e-03	-1.607919e+00
4.806000e-05	-4.703391e-03	-1.221444e+00
4.807000e-05	-4.104012e-03	-9.457370e-01
4.808000e-05	-5.243484e-03	-6.510210e-01
4.809000e-05	-3.464100e-03	-3.557832e-01
4.810000e-05	-4.086716e-03	-7.163151e-02
4.811000e-05	7.668175e-03	2.331392e-01
4.812000e-05	-3.369174e-03	5.052470e-01
4.813000e-05	1.339290e-03	7.289025e-01
4.814000e-05	-1.157443e-03	1.026264e+00
4.815000e-05	1.934578e-04	1.317876e+00
4.816000e-05	-4.292907e-03	1.656268e+00
4.817000e-05	7.298602e-03	1.887296e+00
4.818000e-05	1.379038e-02	2.147929e+00
4.819000e-05	7.288847e-02	2.430587e+00
4.820000e-05	2.309337e-02	2.810505e+00
4.821000e-05	-8.781784e-02	3.125292e+00
4.822000e-05	-8.387024e-03	3.382005e+00
4.823000e-05	-3.282374e-02	3.635766e+00
4.824000e-05	-8.839293e-04	3.919844e+00
4.825000e-05	-5.186189e-02	4.167979e+00
4.826000e-05	3.916729e-02	4.382057e+00
4.827000e-05	8.111183e-02	4.705318e+00
4.828000e-05	-1.463210e-01	5.022081e+00
4.829000e-05	1.600433e-01	5.275769e+00
4.830000e-05	-6.700325e-02	5.589432e+00
4.831000e-05	-4.350616e-02	5.876192e+00
4.832000e-05	5.347874e-02	6.136796e+00
4.833000e-05	-2.840417e-02	6.421357e+00
4.834000e-05	6.203857e-02	6.656662e+00
4.835000e-05	-7.548166e-02	6.959303e+00
4.836000e-05	1.582557e-02	7.221535e+00
4.837000e-05	3.821076e-03	7.537796e+00
4.838000e-05	-1.357387e-02	7.802557e+00
4.839000e-05	2.483317e-02	8.106191e+00
4.840000e-05	-4.366358e-02	8.377774e+00
4.841000e-05	6.529661e-02	8.588823e+00
4.842000e-05	-5.037180e-02	8.812063e+00
4.843000e-05	7.706148e-03	9.085687e+00
4.844000e-05	6.236158e-03	9.297194e+00
4.845000e-05	-2.415105e-02	9.527227e+00
4.846000e-05	2.390542e-02	9.842349e+00
4.847000e-05	-2.510611e-02	1.000298e+01
4.848000e-05	2.688165e-02	1.026256e+01
4.849000e-05	-4.172312e-02	1.049559e+01
4.850000e-05	1.816181e-02	1.067661e+01
4.851000e-05	-1.286166e-02	1.091667e+01
4.852000e-05	1.068101e-02	1.110664e+01
4.853000e-05	-8.458977e-03	1.138977e+01
4.854000e-05	-1.310653e-02	1.160031e+01
4.855000e-05	1.202946e-02	1.181133e+01
4.856000e-05	-1.233440e-02	1.201140e+01
4.857000e-05	-4.824208e-04	1.220127e+01
4.858000e-05	-1.532432e-02	1.239130e+01
4.859000e-05	1.805877e-02	1.259030e+01
4.860000e-05	-6.186697e-03	1.275825e+01
4.861000e-05	-9.189191e-03	1.293504e+01
4.862000e-05	-1.067962e-02	1.309496e+01
4.863000e-05	-7.532675e-04	1.328351e+01
4.864000e-05	4.089780e-04	1.343235e+01
4.865000e-05	-1.058138e-02	1.355975e+01
4.866000e-05	1.416731e-03	1.379670e+01
4.867000e-05	-6.273305e-03	1.386603e+01
4.868000e-05	-3.340720e-04	1.406286e+01
4.869000e-05	-7.930794e-03	1.418135e+01
4.870000e-05	-2.056151e-03	1.439765e+01
4.871000e-05	-6.959210e-03	1.449548e+01
4.872000e-05	-4.090257e-03	1.464283e+01
4.873000e-05	-1.395586e-04	1.471659e+01
4.874000e-05	-8.560609e-03	1.484140e+01
4.875000e-05	-7.619055e-03	1.492714e+01
4.876000e-05	-8.228681e-03	1.502172e+01
4.877000e-05	2.520716e-03	1.511709e+01
4.878000e-05	-5.047571e-03	1.519225e+01
4.879000e-05	-5.172923e-03	1.530241e+01
4.880000e-05	-5.520126e-03	1.540914e+01
4.881000e-05	-4.802727e-03	1.544477e+01
4.882000e-05	-4.462229e-03	1.556758e+01
4.883000e-05	-7.376994e-03	1.558957e+01
4.884000e-05	-4.078122e-03	1.568175e+01
4.885000e-05	-6.902415e-03	1.569388e+01
4.886000e-05	-2.714908e-03	1.571556e+01
4.887000e-05	-6.378693e-03	1.575916e+01
4.888000e-05	-6.229458e-03	1.577974e+01
4.889000e-05	-5.151257e-03	1.583073e+01
4.890000e-05	-2.336582e-03	1.586185e+01
4.891000e-05	-3.360968e-03	1.589480e+01
4.892000e-05	-8.321276e-03	1.587295e+01
4.893000e-05	-5.456629e-03	1.584435e+01
4.894000e-05	-5.493140e-03	1.587490e+01
4.895000e-05	-4.892544e-03	1.590137e+01
4.896000e-05	-7.246328e-03	1.585433e+01
4.897000e-05	-4.878158e-03	1.585988e+01
4.898000e-05	-4.524122e-03	1.580880e+01
4.899000e-05	-5.714515e-03	1.576874e+01
4.900000e-05	-6.148009e-03	1.574856e+01
4.901000e-05	-6.572755e-03	1.570446e+01
4.902000e-05	-5.245524e-03	1.567290e+01
4.903000e-05	-6.693286e-03	1.562121e+01
4.904000e-05	-3.686315e-03	1.558616e+01
4.905000e-05	-6.762922e-03	1.548385e+01
4.906000e-05	-6.251374e-03	1.542117e+01
4.907000e-05	-6.829296e-03	1.537700e+01
4.908000e-05	-5.578490e-03	1.529280e+01
4.909000e-05	-4.803288e-03	1.517801e+01
4.910000e-05	-7.501630e-03	1.510397e+01
4.911000e-05	-4.878629e-03	1.495909e+01
4.912000e-05	-6.958153e-03	1.492282e+01
4.913000e-05	-5.123103e-03	1.481924e+01
4.914000e-05	-7.636424e-03	1.469227e+01
4.915000e-05	-4.513720e-03	1.453658e+01
4.916000e-05	-5.632382e-03	1.448822e+01
4.917000e-05	-5.609883e-03	1.430295e+01
4.918000e-05	-6.885813e-03	1.415548e+01
4.919000e-05	-7.079106e-03	1.401861e+01
4.920000e-05	-5.292430e-03	1.385214e+01
4.921000e-05	-6.409076e-03	1.370490e+01
4.922000e-05	-6.046112e-03	1.354508e+01
4.923000e-05	-6.371516e-03	1.336819e+01
4.924000e-05	-5.251931e-03	1.321927e+01
4.925000e-05	-6.600700e-03	1.308077e+01
4.926000e-05	-6.755702e-03	1.286392e+01
4.927000e-05	-6.505089e-03	1.269195e+01
4.928000e-05	-5.324835e-03	1.252655e+01
4.929000e-05	-6.129962e-03	1.233661e+01
4.930000e-05	-6.186876e-03	1.219806e+01
4.931000e-05	-5.830439e-03	1.194709e+01
4.932000e-05	-6.133977e-03	1.177661e+01
4.933000e-05	-6.435487e-03	1.153540e+01
4.934000e-05	-5.963857e-03	1.130643e+01
4.935000e-05	-5.955924e-03	1.109453e+01
4.936000e-05	-5.751548e-03	1.090348e+01
4.937000e-05	-6.364054e-03	1.067290e+01
4.938000e-05	-5.625532e-03	1.048079e+01
4.939000e-05	-6.578223e-03	1.022032e+01
4.940000e-05	-5.691298e-03	9.998761e+00
4.941000e-05	-6.447887e-03	9.780661e+00
4.942000e-05	-4.767332e-03	9.465049e+00
4.943000e-05	-6.005674e-03	9.313020e+00
4.944000e-05	-5.647564e-03	9.060795e+00
4.945000e-05	-5.799971e-03	8.776743e+00
4.946000e-05	-5.669437e-03	8.577709e+00
4.947000e-05	-5.334226e-03	8.294003e+00
4.948000e-05	-6.125716e-03	8.060843e+00
4.949000e-05	-5.184235e-03	7.798815e+00
4.950000e-05	-6.710211e-03	7.525078e+00
4.951000e-05	-5.449809e-03	7.231346e+00
4.952000e-05	-5.473920e-03	6.976710e+00
4.953000e-05	-5.323581e-03	6.754579e+00
4.954000e-05	-5.782831e-03	6.441398e+00
4.955000e-05	-5.403571e-03	6.178762e+00
4.956000e-05	-5.309998e-03	5.934529e+00
4.957000e-05	-6.134251e-03	5.609817e+00
4.958000e-05	-5.785049e-03	5.343684e+00
4.959000e-05	-5.787271e-03	5.018339e+00
4.960000e-05	-4.398082e-03	4.703550e+00
4.961000e-05	-5.162830e-03	4.419494e+00
4.962000e-05	-5.429184e-03	4.157132e+00
4.963000e-05	-5.533423e-03	3.840967e+00
4.964000e-05	-4.839531e-03	3.629290e+00
4.965000e-05	-5.598407e-03	3.283155e+00
4.966000e-05	-5.783761e-03	3.009866e+00
4.967000e-05	-5.462822e-03	2.765778e+00
4.968000e-05	-4.607869e-03	2.399890e+00
4.969000e-05	-4.883195e-03	2.144182e+00
4.970000e-05	-4.796709e-03	1.881923e+00
4.971000e-05	-5.762367e-03	1.545251e+00
4.972000e-05	-5.947789e-03	1.262594e+00
4.973000e-05	-4.857618e-03	8.736280e-01
4.974000e-05	-4.726069e-03	5.784160e-01
4.975000e-05	-3.693927e-03	3.537069e-01
4.976000e-05	-1.721210e-03	1.034224e-02
4.977000e-05	7.787657e-03	-2.636419e-01
4.978000e-05	-4.178431e-04	-4.967747e-01
4.979000e-05	3.954834e-04	-8.430578e-01
4.980000e-05	-1.581167e-03	-1.024272e+00
4.981000e-05	-6.538910e-05	-1.382533e+00
4.982000e-05	-3.558145e-03	-1.655188e+00
4.983000e-05	1.530204e-02	-1.896842e+00
4.984000e-05	4.667419e-02	-2.127346e+00
4.985000e-05	9.336976e-02	-2.473696e+00
4.986000e-05	-1.227459e-01	-2.793723e+00
4.987000e-05	2.487273e-02	-3.234585e+00
4.988000e-05	-6.227696e-02	-3.475267e+00
4.989000e-05	9.986151e-03	-3.683748e+00
4.990000e-05	-1.142467e-01	-3.969454e+00
4.991000e-05	1.728195e-01	-4.148853e+00
4.992000e-05	-1.501421e-02	-4.390538e+00
4.993000e-05	-1.118049e-01	-4.737873e+00
4.994000e-05	2.032739e-01	-4.999878e+00
4.995000e-05	-2.261725e-01	-5.317827e+00
4.996000e-05	1.509775e-01	-5.590532e+00
4.997000e-05	-8.422640e-02	-5.853616e+00
4.998000e-05	9.845492e-03	-6.159428e+00
4.999000e-05	1.269284e-01	-6.441536e+00
