# 260410_14:45:38.847477
t	CH1	CH2
0.000000e+00	2.032328e-03	-1.543707e-01
1.000000e-08	7.330911e-03	-3.794762e-01
2.000000e-08	-6.516104e-03	-7.037667e-01
3.000000e-08	4.276820e-03	-9.558171e-01
4.000000e-08	-4.989389e-03	-1.241156e+00
5.000000e-08	1.576999e-03	-1.536945e+00
6.000000e-08	-9.091663e-04	-1.771551e+00
7.000000e-08	3.033340e-02	-2.001053e+00
8.000000e-08	8.690489e-02	-2.284294e+00
9.000000e-08	-2.001008e-02	-2.621759e+00
1.000000e-07	-6.611744e-02	-3.034690e+00
1.100000e-07	-1.320766e-03	-3.369525e+00
1.200000e-07	-3.735755e-02	-3.558504e+00
1.300000e-07	-4.987781e-02	-3.822285e+00
1.400000e-07	-3.324270e-04	-4.083735e+00
1.500000e-07	1.669553e-01	-4.274284e+00
1.600000e-07	-1.872812e-01	-4.511000e+00
1.700000e-07	1.354558e-01	-4.843133e+00
1.800000e-07	-1.953627e-02	-5.126493e+00
1.900000e-07	-7.319592e-02	-5.515389e+00
2.000000e-07	1.098790e-01	-5.715766e+00
2.100000e-07	-1.318953e-01	-6.012128e+00
2.200000e-07	1.696822e-01	-6.316892e+00
2.300000e-07	-8.068920e-02	-6.547422e+00
2.400000e-07	-2.045861e-02	-6.833310e+00
2.500000e-07	5.041692e-02	-7.096567e+00
2.600000e-07	-9.901921e-02	-7.441284e+00
2.700000e-07	1.197270e-01	-7.674383e+00
2.800000e-07	-1.038902e-01	-7.980643e+00
2.900000e-07	1.262627e-01	-8.262203e+00
3.000000e-07	-6.072041e-02	-8.474388e+00
3.100000e-07	-2.890512e-02	-8.718146e+00
3.200000e-07	5.129053e-02	-8.960626e+00
3.300000e-07	-6.130586e-02	-9.173802e+00
3.400000e-07	8.240635e-02	-9.443333e+00
3.500000e-07	-8.273621e-02	-9.624360e+00
3.600000e-07	7.982093e-02	-9.898437e+00
3.700000e-07	-5.238639e-02	-1.015952e+01
3.800000e-07	2.151493e-02	-1.034110e+01
3.900000e-07	-1.883544e-02	-1.058222e+01
4.000000e-07	8.045045e-03	-1.081218e+01
4.100000e-07	2.554576e-02	-1.100213e+01
4.200000e-07	-3.155964e-02	-1.117391e+01
4.300000e-07	3.198327e-02	-1.140641e+01
4.400000e-07	-3.100821e-02	-1.164592e+01
4.500000e-07	2.354275e-02	-1.189703e+01
4.600000e-07	-3.267254e-02	-1.204539e+01
4.700000e-07	3.528146e-02	-1.228494e+01
4.800000e-07	-7.318657e-03	-1.244648e+01
4.900000e-07	9.649382e-03	-1.264733e+01
5.000000e-07	-1.798031e-02	-1.282335e+01
5.100000e-07	7.023024e-03	-1.299275e+01
5.200000e-07	5.591371e-04	-1.313259e+01
5.300000e-07	-1.702172e-03	-1.329759e+01
5.400000e-07	5.884138e-03	-1.347649e+01
5.500000e-07	8.149559e-04	-1.363541e+01
5.600000e-07	3.412799e-03	-1.380265e+01
5.700000e-07	-1.177411e-02	-1.392022e+01
5.800000e-07	8.818036e-03	-1.406748e+01
5.900000e-07	-1.306361e-03	-1.422478e+01
6.000000e-07	5.435074e-03	-1.433009e+01
6.100000e-07	-4.205667e-03	-1.447598e+01
6.200000e-07	7.186834e-03	-1.461323e+01
6.300000e-07	-4.662999e-03	-1.471909e+01
6.400000e-07	-3.832272e-03	-1.477383e+01
6.500000e-07	-8.699646e-04	-1.490854e+01
6.600000e-07	6.259233e-03	-1.498476e+01
6.700000e-07	4.395516e-03	-1.508699e+01
6.800000e-07	-2.113367e-03	-1.512329e+01
6.900000e-07	-9.468090e-04	-1.527543e+01
7.000000e-07	-2.097096e-03	-1.533917e+01
7.100000e-07	4.486490e-04	-1.537220e+01
7.200000e-07	5.746656e-04	-1.544601e+01
7.300000e-07	2.728424e-03	-1.552114e+01
7.400000e-07	1.045629e-03	-1.554225e+01
7.500000e-07	-6.263960e-04	-1.561590e+01
7.600000e-07	-2.269675e-03	-1.562801e+01
7.700000e-07	4.046688e-04	-1.570953e+01
7.800000e-07	1.916492e-04	-1.572011e+01
7.900000e-07	3.424991e-03	-1.570260e+01
8.000000e-07	-8.920727e-04	-1.576130e+01
8.100000e-07	2.485139e-03	-1.576215e+01
8.200000e-07	-9.100803e-04	-1.580325e+01
8.300000e-07	-2.096783e-03	-1.576272e+01
8.400000e-07	2.186199e-04	-1.577168e+01
8.500000e-07	-1.324979e-03	-1.577219e+01
8.600000e-07	2.197361e-03	-1.573114e+01
8.700000e-07	-3.074277e-03	-1.571098e+01
8.800000e-07	-2.972859e-04	-1.570799e+01
8.900000e-07	-2.128560e-03	-1.569549e+01
9.000000e-07	4.010740e-04	-1.556540e+01
9.100000e-07	1.806696e-03	-1.555182e+01
9.200000e-07	3.244359e-03	-1.551021e+01
9.300000e-07	-1.337896e-03	-1.546801e+01
9.400000e-07	-3.615493e-03	-1.538673e+01
9.500000e-07	-2.661175e-03	-1.539207e+01
9.600000e-07	9.639077e-04	-1.524745e+01
9.700000e-07	-1.581180e-03	-1.517272e+01
9.800000e-07	-1.936850e-03	-1.512961e+01
9.900000e-07	3.423383e-04	-1.502330e+01
1.000000e-06	2.762158e-03	-1.493056e+01
1.010000e-06	1.054444e-04	-1.482480e+01
1.020000e-06	-3.565549e-03	-1.468109e+01
1.030000e-06	-4.647892e-03	-1.465431e+01
1.040000e-06	-5.263165e-04	-1.448696e+01
1.050000e-06	2.012519e-03	-1.441267e+01
1.060000e-06	-5.821315e-04	-1.427418e+01
1.070000e-06	-3.961209e-03	-1.405159e+01
1.080000e-06	-3.333386e-03	-1.397219e+01
1.090000e-06	-3.367097e-04	-1.378578e+01
1.100000e-06	2.206255e-03	-1.364843e+01
1.110000e-06	-1.142218e-05	-1.349954e+01
1.120000e-06	-3.429587e-03	-1.336354e+01
1.130000e-06	-3.707547e-03	-1.320422e+01
1.140000e-06	-9.269513e-04	-1.307528e+01
1.150000e-06	-1.909531e-03	-1.283738e+01
1.160000e-06	-3.389748e-04	-1.268901e+01
1.170000e-06	-4.369991e-03	-1.255011e+01
1.180000e-06	5.557872e-04	-1.236157e+01
1.190000e-06	-4.981539e-04	-1.217971e+01
1.200000e-06	-1.526019e-03	-1.195324e+01
1.210000e-06	-2.251848e-03	-1.175269e+01
1.220000e-06	-6.109302e-03	-1.156099e+01
1.230000e-06	-5.902024e-04	-1.127898e+01
1.240000e-06	-2.230056e-03	-1.107536e+01
1.250000e-06	9.858824e-04	-1.083738e+01
1.260000e-06	-4.557101e-03	-1.066640e+01
1.270000e-06	-3.682574e-03	-1.040635e+01
1.280000e-06	-2.633652e-03	-1.022420e+01
1.290000e-06	-1.222146e-03	-1.002215e+01
1.300000e-06	-2.265603e-03	-9.782621e+00
1.310000e-06	-2.709058e-03	-9.559619e+00
1.320000e-06	-3.954198e-03	-9.319488e+00
1.330000e-06	-2.079341e-03	-9.036859e+00
1.340000e-06	-3.467426e-03	-8.893781e+00
1.350000e-06	-3.377883e-03	-8.632173e+00
1.360000e-06	-5.138918e-03	-8.320462e+00
1.370000e-06	-2.846004e-03	-8.129408e+00
1.380000e-06	-2.457718e-03	-7.804728e+00
1.390000e-06	-3.172434e-03	-7.540016e+00
1.400000e-06	-3.751178e-03	-7.325357e+00
1.410000e-06	-3.987759e-03	-7.023225e+00
1.420000e-06	-3.175441e-03	-6.739991e+00
1.430000e-06	-3.437245e-03	-6.497834e+00
1.440000e-06	-3.812823e-03	-6.191698e+00
1.450000e-06	-2.341140e-03	-5.949943e+00
1.460000e-06	-5.833369e-03	-5.675810e+00
1.470000e-06	-3.853001e-03	-5.369895e+00
1.480000e-06	-5.213081e-03	-5.054784e+00
1.490000e-06	-2.176786e-03	-4.749490e+00
1.500000e-06	-4.233255e-03	-4.444583e+00
1.510000e-06	-3.498896e-03	-4.231624e+00
1.520000e-06	-5.732894e-03	-3.940390e+00
1.530000e-06	-3.815393e-03	-3.655175e+00
1.540000e-06	-5.196184e-03	-3.403645e+00
1.550000e-06	-4.871354e-03	-3.106259e+00
1.560000e-06	-5.365092e-03	-2.811594e+00
1.570000e-06	-4.450473e-03	-2.556840e+00
1.580000e-06	-4.982240e-03	-2.254501e+00
1.590000e-06	-5.205069e-03	-1.906890e+00
1.600000e-06	-5.882843e-03	-1.685204e+00
1.610000e-06	-4.259870e-03	-1.314361e+00
1.620000e-06	-3.966013e-03	-1.061551e+00
1.630000e-06	-5.108509e-03	-7.169620e-01
1.640000e-06	-4.121260e-03	-4.425251e-01
1.650000e-06	-5.242463e-03	-1.593181e-01
1.660000e-06	4.459079e-03	1.138171e-01
1.670000e-06	1.566678e-03	4.416051e-01
1.680000e-06	-4.305969e-03	6.542156e-01
1.690000e-06	3.360876e-03	9.468533e-01
1.700000e-06	-4.281004e-03	1.263160e+00
1.710000e-06	2.350719e-03	1.537894e+00
1.720000e-06	-1.525648e-03	1.851757e+00
1.730000e-06	1.640947e-02	2.050212e+00
1.740000e-06	4.984342e-02	2.317817e+00
1.750000e-06	5.786976e-02	2.654207e+00
1.760000e-06	-8.389132e-02	2.999076e+00
1.770000e-06	-1.639664e-02	3.264161e+00
1.780000e-06	-3.689963e-02	3.599497e+00
1.790000e-06	-1.206448e-03	3.823726e+00
1.800000e-06	-5.206079e-02	4.023231e+00
1.810000e-06	2.796529e-02	4.305339e+00
1.820000e-06	8.661479e-02	4.519022e+00
1.830000e-06	-9.798539e-02	4.875789e+00
1.840000e-06	5.441037e-02	5.109573e+00
1.850000e-06	3.841174e-02	5.433363e+00
1.860000e-06	-1.138012e-01	5.768945e+00
1.870000e-06	7.739951e-02	6.043756e+00
1.880000e-06	-4.106813e-02	6.264884e+00
1.890000e-06	6.249036e-02	6.520548e+00
1.900000e-06	-4.800485e-02	6.843231e+00
1.910000e-06	-1.853134e-02	7.115939e+00
1.920000e-06	3.015132e-02	7.403150e+00
1.930000e-06	-3.230313e-02	7.675239e+00
1.940000e-06	3.286165e-02	7.958997e+00
1.950000e-06	-4.512613e-02	8.254204e+00
1.960000e-06	5.902848e-02	8.435359e+00
1.970000e-06	-2.614719e-02	8.676290e+00
1.980000e-06	-2.298723e-02	8.907546e+00
1.990000e-06	2.024761e-02	9.182699e+00
2.000000e-06	-2.492594e-02	9.432754e+00
2.010000e-06	2.480543e-02	9.606830e+00
2.020000e-06	-2.584240e-02	9.886394e+00
2.030000e-06	2.583046e-02	1.006059e+01
2.040000e-06	-3.233327e-02	1.036902e+01
2.050000e-06	7.088854e-03	1.055163e+01
2.060000e-06	-9.157357e-03	1.076215e+01
2.070000e-06	7.414977e-03	1.097172e+01
2.080000e-06	-1.844610e-03	1.118425e+01
2.090000e-06	-1.619868e-02	1.143478e+01
2.100000e-06	7.900409e-03	1.165598e+01
2.110000e-06	-8.517184e-03	1.189578e+01
2.120000e-06	6.982544e-04	1.203583e+01
2.130000e-06	-1.735718e-02	1.226778e+01
2.140000e-06	1.453000e-02	1.241582e+01
2.150000e-06	-3.729911e-03	1.262270e+01
2.160000e-06	-5.545606e-03	1.278270e+01
2.170000e-06	-1.541191e-02	1.294060e+01
2.180000e-06	-6.563686e-04	1.315149e+01
2.190000e-06	1.514032e-04	1.327791e+01
2.200000e-06	-7.294195e-03	1.343483e+01
2.210000e-06	-1.941828e-03	1.358330e+01
2.220000e-06	-5.000445e-03	1.375465e+01
2.230000e-06	-8.890456e-04	1.389864e+01
2.240000e-06	-1.020945e-02	1.404790e+01
2.250000e-06	-2.209448e-03	1.421388e+01
2.260000e-06	-6.256846e-03	1.435117e+01
2.270000e-06	-3.228406e-03	1.445706e+01
2.280000e-06	-4.817102e-03	1.458374e+01
2.290000e-06	-4.706639e-03	1.469899e+01
2.300000e-06	-8.680440e-03	1.478422e+01
2.310000e-06	-9.571530e-03	1.486746e+01
2.320000e-06	1.705236e-04	1.497367e+01
2.330000e-06	-3.365134e-03	1.506854e+01
2.340000e-06	-4.390068e-03	1.512154e+01
2.350000e-06	-8.472877e-03	1.522537e+01
2.360000e-06	-4.281005e-03	1.527949e+01
2.370000e-06	-5.817902e-03	1.537367e+01
2.380000e-06	-6.027264e-03	1.540683e+01
2.390000e-06	-6.065263e-03	1.548903e+01
2.400000e-06	-5.106738e-03	1.552121e+01
2.410000e-06	-3.983544e-03	1.559420e+01
2.420000e-06	-7.642746e-03	1.560588e+01
2.430000e-06	-8.100770e-03	1.569738e+01
2.440000e-06	-7.065177e-03	1.568794e+01
2.450000e-06	-1.897496e-03	1.575057e+01
2.460000e-06	-4.439228e-03	1.574172e+01
2.470000e-06	-6.960252e-03	1.579114e+01
2.480000e-06	-7.672896e-03	1.574322e+01
2.490000e-06	-6.715577e-03	1.573222e+01
2.500000e-06	-5.512259e-03	1.577217e+01
2.510000e-06	-6.784591e-03	1.576007e+01
2.520000e-06	-4.620259e-03	1.575006e+01
2.530000e-06	-6.207581e-03	1.566846e+01
2.540000e-06	-6.495325e-03	1.567745e+01
2.550000e-06	-6.919097e-03	1.564640e+01
2.560000e-06	-5.723650e-03	1.559419e+01
2.570000e-06	-6.106014e-03	1.556272e+01
2.580000e-06	-6.142592e-03	1.546896e+01
2.590000e-06	-5.554945e-03	1.540545e+01
2.600000e-06	-6.585237e-03	1.539419e+01
2.610000e-06	-7.105686e-03	1.528096e+01
2.620000e-06	-5.833645e-03	1.521538e+01
2.630000e-06	-4.930089e-03	1.517364e+01
2.640000e-06	-4.684272e-03	1.505938e+01
2.650000e-06	-6.387571e-03	1.500425e+01
2.660000e-06	-5.677625e-03	1.486699e+01
2.670000e-06	-6.733133e-03	1.479614e+01
2.680000e-06	-5.793961e-03	1.468936e+01
2.690000e-06	-7.407993e-03	1.459314e+01
2.700000e-06	-4.694944e-03	1.443848e+01
2.710000e-06	-5.432014e-03	1.434221e+01
2.720000e-06	-5.482139e-03	1.419388e+01
2.730000e-06	-7.298645e-03	1.402743e+01
2.740000e-06	-6.625140e-03	1.391111e+01
2.750000e-06	-6.912717e-03	1.377319e+01
2.760000e-06	-6.522901e-03	1.361580e+01
2.770000e-06	-5.790936e-03	1.345736e+01
2.780000e-06	-6.448938e-03	1.331951e+01
2.790000e-06	-5.953501e-03	1.317911e+01
2.800000e-06	-6.307538e-03	1.300470e+01
2.810000e-06	-5.985478e-03	1.281530e+01
2.820000e-06	-6.559963e-03	1.265631e+01
2.830000e-06	-6.375876e-03	1.249891e+01
2.840000e-06	-5.581093e-03	1.227891e+01
2.850000e-06	-5.871216e-03	1.206803e+01
2.860000e-06	-6.386360e-03	1.190848e+01
2.870000e-06	-7.235615e-03	1.171893e+01
2.880000e-06	-5.810167e-03	1.146791e+01
2.890000e-06	-6.209264e-03	1.124938e+01
2.900000e-06	-4.912271e-03	1.103625e+01
2.910000e-06	-7.314461e-03	1.087686e+01
2.920000e-06	-6.270476e-03	1.062585e+01
2.930000e-06	-6.646690e-03	1.039467e+01
2.940000e-06	-6.560214e-03	1.017415e+01
2.950000e-06	-6.524211e-03	9.941550e+00
2.960000e-06	-6.910305e-03	9.710535e+00
2.970000e-06	-4.875270e-03	9.468312e+00
2.980000e-06	-7.054385e-03	9.286330e+00
2.990000e-06	-6.175758e-03	8.995202e+00
3.000000e-06	-6.398505e-03	8.792171e+00
3.010000e-06	-5.899377e-03	8.529542e+00
3.020000e-06	-5.909700e-03	8.327386e+00
3.030000e-06	-6.204051e-03	8.104725e+00
3.040000e-06	-5.346463e-03	7.804547e+00
3.050000e-06	-5.263789e-03	7.520487e+00
3.060000e-06	-6.385512e-03	7.246201e+00
3.070000e-06	-6.996288e-03	6.961066e+00
3.080000e-06	-5.686449e-03	6.739938e+00
3.090000e-06	-5.932277e-03	6.446178e+00
3.100000e-06	-5.353395e-03	6.200517e+00
3.110000e-06	-6.151481e-03	5.959391e+00
3.120000e-06	-5.841923e-03	5.643100e+00
3.130000e-06	-6.800719e-03	5.360019e+00
3.140000e-06	-5.921220e-03	5.013072e+00
3.150000e-06	-5.672676e-03	4.687784e+00
3.160000e-06	-5.055711e-03	4.443075e+00
3.170000e-06	-5.757773e-03	4.181419e+00
3.180000e-06	-6.191286e-03	3.885730e+00
3.190000e-06	-5.686191e-03	3.622675e+00
3.200000e-06	-5.171488e-03	3.308756e+00
3.210000e-06	-5.509387e-03	3.052578e+00
3.220000e-06	-5.383119e-03	2.780019e+00
3.230000e-06	-5.387459e-03	2.484630e+00
3.240000e-06	-6.047989e-03	2.160442e+00
3.250000e-06	-5.375728e-03	1.884812e+00
3.260000e-06	-5.463915e-03	1.590021e+00
3.270000e-06	-4.959970e-03	1.276657e+00
3.280000e-06	-4.872205e-03	9.424196e-01
3.290000e-06	-4.941815e-03	6.446303e-01
3.300000e-06	-4.184245e-03	4.094711e-01
3.310000e-06	-2.839315e-03	1.146028e-01
3.320000e-06	3.746121e-03	-2.001026e-01
3.330000e-06	4.337714e-03	-4.716278e-01
3.340000e-06	-4.057061e-03	-7.259985e-01
3.350000e-06	3.496661e-03	-1.031076e+00
3.360000e-06	-4.866644e-03	-1.313798e+00
3.370000e-06	1.838725e-03	-1.620553e+00
3.380000e-06	4.228293e-03	-1.853210e+00
3.390000e-06	3.894545e-02	-2.043680e+00
3.400000e-06	9.109944e-02	-2.387566e+00
3.410000e-06	-6.973228e-02	-2.738497e+00
3.420000e-06	-2.488266e-02	-3.155972e+00
3.430000e-06	-2.650441e-02	-3.400630e+00
3.440000e-06	-1.778414e-02	-3.621109e+00
3.450000e-06	-8.117692e-02	-3.895866e+00
3.460000e-06	7.346768e-02	-4.136318e+00
3.470000e-06	8.583632e-02	-4.325364e+00
3.480000e-06	-1.616141e-01	-4.631211e+00
3.490000e-06	1.976614e-01	-4.894916e+00
3.500000e-06	-1.241467e-01	-5.182225e+00
3.510000e-06	2.223744e-02	-5.549147e+00
3.520000e-06	2.923846e-02	-5.760024e+00
3.530000e-06	-7.796197e-02	-6.106363e+00
3.540000e-06	1.649241e-01	-6.327619e+00
3.550000e-06	-1.388823e-01	-6.612704e+00
3.560000e-06	5.427936e-02	-6.876998e+00
3.570000e-06	-1.810016e-02	-7.241120e+00
3.580000e-06	-3.970986e-02	-7.475911e+00
3.590000e-06	8.504533e-02	-7.788021e+00
3.600000e-06	-9.536922e-02	-8.009783e+00
3.610000e-06	1.491540e-01	-8.265309e+00
3.620000e-06	-1.237154e-01	-8.528420e+00
3.630000e-06	4.685355e-02	-8.762726e+00
3.640000e-06	-9.202087e-03	-9.002680e+00
3.650000e-06	-1.335528e-02	-9.285414e+00
3.660000e-06	4.561614e-02	-9.485913e+00
3.670000e-06	-6.420762e-02	-9.727574e+00
3.680000e-06	8.178390e-02	-9.949069e+00
3.690000e-06	-7.312363e-02	-1.020270e+01
3.700000e-06	4.864445e-02	-1.042533e+01
3.710000e-06	-4.521314e-02	-1.064479e+01
3.720000e-06	4.254673e-02	-1.083541e+01
3.730000e-06	-1.009557e-02	-1.103586e+01
3.740000e-06	-5.885771e-03	-1.127736e+01
3.750000e-06	1.505807e-02	-1.146899e+01
3.760000e-06	-1.842713e-02	-1.172949e+01
3.770000e-06	1.465217e-02	-1.192867e+01
3.780000e-06	-2.618965e-02	-1.214807e+01
3.790000e-06	3.867229e-02	-1.231856e+01
3.800000e-06	-1.494896e-02	-1.248596e+01
3.810000e-06	1.179741e-02	-1.270593e+01
3.820000e-06	-2.303840e-02	-1.287491e+01
3.830000e-06	1.628067e-02	-1.303276e+01
3.840000e-06	-8.694772e-03	-1.316425e+01
3.850000e-06	5.969042e-03	-1.336915e+01
3.860000e-06	5.583979e-04	-1.349853e+01
3.870000e-06	6.130937e-03	-1.367596e+01
3.880000e-06	-3.829085e-03	-1.380380e+01
3.890000e-06	-5.856131e-03	-1.395227e+01
3.900000e-06	6.613341e-03	-1.410044e+01
3.910000e-06	6.623260e-04	-1.424548e+01
3.920000e-06	2.297586e-03	-1.435172e+01
3.930000e-06	-2.810159e-03	-1.449852e+01
3.940000e-06	5.322241e-03	-1.462338e+01
3.950000e-06	-5.650139e-03	-1.474067e+01
3.960000e-06	-2.440479e-03	-1.481480e+01
3.970000e-06	8.690229e-04	-1.494059e+01
3.980000e-06	6.996854e-03	-1.504491e+01
3.990000e-06	2.524229e-03	-1.510851e+01
4.000000e-06	-1.802029e-03	-1.519282e+01
4.010000e-06	-1.671568e-03	-1.526593e+01
4.020000e-06	-9.566486e-04	-1.539177e+01
4.030000e-06	7.501738e-04	-1.541380e+01
4.040000e-06	2.025167e-03	-1.548846e+01
4.050000e-06	1.426463e-03	-1.551014e+01
4.060000e-06	2.530205e-04	-1.556272e+01
4.070000e-06	-2.119357e-03	-1.562543e+01
4.080000e-06	-1.248695e-03	-1.564903e+01
4.090000e-06	1.586380e-03	-1.567806e+01
4.100000e-06	2.675026e-03	-1.573106e+01
4.110000e-06	-3.097613e-04	-1.575167e+01
4.120000e-06	-2.295114e-04	-1.576220e+01
4.130000e-06	-1.694489e-04	-1.581377e+01
4.140000e-06	-1.817497e-03	-1.579322e+01
4.150000e-06	-2.525965e-03	-1.576182e+01
4.160000e-06	-1.771607e-04	-1.575372e+01
4.170000e-06	2.586287e-03	-1.576166e+01
4.180000e-06	5.373632e-04	-1.576159e+01
4.190000e-06	-9.537904e-04	-1.574061e+01
4.200000e-06	-1.357469e-03	-1.570903e+01
4.210000e-06	-2.998183e-04	-1.562796e+01
4.220000e-06	-2.039712e-03	-1.559533e+01
4.230000e-06	-1.044866e-03	-1.553212e+01
4.240000e-06	1.106121e-03	-1.553059e+01
4.250000e-06	-4.486407e-04	-1.545593e+01
4.260000e-06	-2.566314e-03	-1.539475e+01
4.270000e-06	-2.046778e-03	-1.532054e+01
4.280000e-06	2.310738e-04	-1.520780e+01
4.290000e-06	-4.430932e-04	-1.513167e+01
4.300000e-06	-6.077884e-04	-1.507496e+01
4.310000e-06	-1.306250e-03	-1.501482e+01
4.320000e-06	-3.030938e-04	-1.488751e+01
4.330000e-06	-1.527855e-03	-1.480425e+01
4.340000e-06	-2.216665e-03	-1.468998e+01
4.350000e-06	-7.554413e-04	-1.456212e+01
4.360000e-06	-2.586777e-04	-1.446798e+01
4.370000e-06	-1.500281e-03	-1.437061e+01
4.380000e-06	-7.440225e-04	-1.417438e+01
4.390000e-06	-1.898505e-03	-1.407746e+01
4.400000e-06	-2.056002e-03	-1.390016e+01
4.410000e-06	-2.282031e-03	-1.379218e+01
4.420000e-06	-4.590875e-04	-1.362533e+01
4.430000e-06	-1.095727e-03	-1.345746e+01
4.440000e-06	-1.616186e-03	-1.333166e+01
4.450000e-06	-2.446742e-03	-1.317269e+01
4.460000e-06	-1.483218e-03	-1.298522e+01
4.470000e-06	-2.011660e-03	-1.284588e+01
4.480000e-06	1.950269e-04	-1.262645e+01
4.490000e-06	-2.080255e-03	-1.246894e+01
4.500000e-06	-1.590535e-03	-1.232896e+01
4.510000e-06	-2.684948e-03	-1.212947e+01
4.520000e-06	-2.154694e-03	-1.190158e+01
4.530000e-06	-3.369335e-03	-1.168851e+01
4.540000e-06	-1.853878e-03	-1.148803e+01
4.550000e-06	-1.758033e-03	-1.125635e+01
4.560000e-06	-2.001353e-03	-1.103323e+01
4.570000e-06	-1.510018e-03	-1.075528e+01
4.580000e-06	-2.555833e-03	-1.059525e+01
4.590000e-06	-2.761195e-03	-1.038623e+01
4.600000e-06	-2.686542e-03	-1.016212e+01
4.610000e-06	-2.563805e-03	-9.958993e+00
4.620000e-06	-2.329554e-03	-9.748390e+00
4.630000e-06	-4.122591e-03	-9.497336e+00
4.640000e-06	-2.054435e-03	-9.257306e+00
4.650000e-06	-5.078132e-03	-8.994175e+00
4.660000e-06	-1.643923e-03	-8.751271e+00
4.670000e-06	-4.393684e-03	-8.509086e+00
4.680000e-06	-1.588906e-03	-8.287383e+00
4.690000e-06	-1.636406e-03	-8.073803e+00
4.700000e-06	-1.656682e-03	-7.729138e+00
4.710000e-06	-3.563917e-03	-7.454379e+00
4.720000e-06	-6.121451e-03	-7.243653e+00
4.730000e-06	-5.241601e-03	-6.977390e+00
4.740000e-06	-5.065492e-03	-6.675332e+00
4.750000e-06	-4.507981e-03	-6.454599e+00
4.760000e-06	-4.126926e-03	-6.178035e+00
4.770000e-06	-2.445821e-03	-5.875832e+00
4.780000e-06	-2.549902e-03	-5.571520e+00
4.790000e-06	-8.381317e-04	-5.327858e+00
4.800000e-06	-4.929361e-03	-5.024147e+00
4.810000e-06	-4.066794e-03	-4.645354e+00
4.820000e-06	-6.437961e-03	-4.432126e+00
4.830000e-06	-4.525194e-03	-4.152069e+00
4.840000e-06	-7.007393e-03	-3.916311e+00
4.850000e-06	-4.551367e-03	-3.581495e+00
4.860000e-06	-4.568629e-03	-3.326912e+00
4.870000e-06	-3.608621e-03	-3.003750e+00
4.880000e-06	-4.332269e-03	-2.758866e+00
4.890000e-06	-2.975003e-03	-2.414228e+00
4.900000e-06	-4.174062e-03	-2.177861e+00
4.910000e-06	-6.243746e-03	-1.884705e+00
4.920000e-06	-6.241001e-03	-1.609871e+00
4.930000e-06	-6.627392e-03	-1.264150e+00
4.940000e-06	-4.795673e-03	-9.774110e-01
4.950000e-06	-6.323267e-03	-7.036516e-01
4.960000e-06	-2.468356e-03	-3.499184e-01
4.970000e-06	-3.364899e-03	-9.420821e-02
4.980000e-06	8.257298e-03	1.791251e-01
4.990000e-06	-2.346728e-03	4.737381e-01
5.000000e-06	1.049199e-03	7.368696e-01
5.010000e-06	-1.846282e-03	9.995590e-01
5.020000e-06	-1.435222e-03	1.336343e+00
5.030000e-06	-4.101658e-03	1.591159e+00
5.040000e-06	4.998042e-03	1.934791e+00
5.050000e-06	1.695292e-02	2.095763e+00
5.060000e-06	7.036413e-02	2.369473e+00
5.070000e-06	2.110743e-02	2.758049e+00
5.080000e-06	-8.029332e-02	3.023238e+00
5.090000e-06	-1.392204e-02	3.326394e+00
5.100000e-06	-3.125549e-02	3.621681e+00
5.110000e-06	-1.071480e-02	3.904263e+00
5.120000e-06	-4.668683e-02	4.067314e+00
5.130000e-06	4.985693e-02	4.337469e+00
5.140000e-06	6.725128e-02	4.611233e+00
5.150000e-06	-1.272610e-01	4.926922e+00
5.160000e-06	1.357239e-01	5.243654e+00
5.170000e-06	-5.544909e-02	5.548468e+00
5.180000e-06	-4.039485e-02	5.793127e+00
5.190000e-06	4.306252e-02	6.064944e+00
5.200000e-06	-1.762765e-02	6.348922e+00
5.210000e-06	5.317179e-02	6.590133e+00
5.220000e-06	-6.795212e-02	6.895366e+00
5.230000e-06	1.045261e-02	7.169554e+00
5.240000e-06	4.477632e-03	7.455315e+00
5.250000e-06	-1.133354e-02	7.727418e+00
5.260000e-06	1.508091e-02	8.013806e+00
5.270000e-06	-2.981894e-02	8.285865e+00
5.280000e-06	5.908113e-02	8.506416e+00
5.290000e-06	-4.667181e-02	8.738048e+00
5.300000e-06	-2.237651e-03	9.001129e+00
5.310000e-06	7.092239e-03	9.244308e+00
5.320000e-06	-1.587526e-02	9.465359e+00
5.330000e-06	1.633748e-02	9.687967e+00
5.340000e-06	-2.172167e-02	9.930021e+00
5.350000e-06	2.110076e-02	1.020062e+01
5.360000e-06	-3.337026e-02	1.038273e+01
5.370000e-06	1.205070e-02	1.064183e+01
5.380000e-06	-1.097104e-02	1.081431e+01
5.390000e-06	9.737131e-03	1.103531e+01
5.400000e-06	-7.376337e-03	1.121633e+01
5.410000e-06	-1.315179e-02	1.153789e+01
5.420000e-06	7.762516e-03	1.164792e+01
5.430000e-06	-1.114242e-02	1.189852e+01
5.440000e-06	-2.390204e-03	1.206991e+01
5.450000e-06	-1.396156e-02	1.229701e+01
5.460000e-06	1.580776e-02	1.245794e+01
5.470000e-06	-5.202987e-03	1.264383e+01
5.480000e-06	-8.685706e-03	1.281425e+01
5.490000e-06	-1.153549e-02	1.299427e+01
5.500000e-06	-1.916309e-04	1.315212e+01
5.510000e-06	-1.185783e-03	1.332856e+01
5.520000e-06	-1.008834e-02	1.348839e+01
5.530000e-06	-5.636509e-04	1.358443e+01
5.540000e-06	-5.188118e-03	1.384275e+01
5.550000e-06	-2.445082e-03	1.394127e+01
5.560000e-06	-1.021836e-02	1.410011e+01
5.570000e-06	-1.363671e-03	1.422641e+01
5.580000e-06	-4.026788e-03	1.438415e+01
5.590000e-06	-5.420860e-03	1.449006e+01
5.600000e-06	-4.421077e-03	1.461280e+01
5.610000e-06	-6.142949e-03	1.471004e+01
5.620000e-06	-7.960835e-03	1.483580e+01
5.630000e-06	-8.931702e-03	1.488907e+01
5.640000e-06	-8.496709e-04	1.500527e+01
5.650000e-06	-2.566688e-03	1.507799e+01
5.660000e-06	-4.188673e-03	1.514119e+01
5.670000e-06	-6.134373e-03	1.527593e+01
5.680000e-06	-5.634527e-03	1.531109e+01
5.690000e-06	-5.224076e-03	1.538577e+01
5.700000e-06	-7.263504e-03	1.546593e+01
5.710000e-06	-5.314004e-03	1.547106e+01
5.720000e-06	-5.702171e-03	1.556371e+01
5.730000e-06	-3.552945e-03	1.559432e+01
5.740000e-06	-7.479035e-03	1.561640e+01
5.750000e-06	-7.892239e-03	1.564641e+01
5.760000e-06	-5.893157e-03	1.570054e+01
5.770000e-06	-2.648737e-03	1.573159e+01
5.780000e-06	-4.488930e-03	1.574165e+01
5.790000e-06	-6.743582e-03	1.575114e+01
5.800000e-06	-5.793706e-03	1.573365e+01
5.810000e-06	-7.784988e-03	1.576015e+01
5.820000e-06	-6.207274e-03	1.573260e+01
5.830000e-06	-6.674349e-03	1.571862e+01
5.840000e-06	-3.876490e-03	1.571902e+01
5.850000e-06	-5.377366e-03	1.565998e+01
5.860000e-06	-6.237918e-03	1.562690e+01
5.870000e-06	-6.725852e-03	1.560535e+01
5.880000e-06	-6.270793e-03	1.556372e+01
5.890000e-06	-5.487646e-03	1.552164e+01
5.900000e-06	-6.158214e-03	1.548746e+01
5.910000e-06	-4.433912e-03	1.543682e+01
5.920000e-06	-6.631056e-03	1.537257e+01
5.930000e-06	-6.545547e-03	1.528008e+01
5.940000e-06	-6.252827e-03	1.517337e+01
5.950000e-06	-5.089630e-03	1.513206e+01
5.960000e-06	-5.536322e-03	1.503843e+01
5.970000e-06	-5.738620e-03	1.497412e+01
5.980000e-06	-5.038280e-03	1.488788e+01
5.990000e-06	-5.469858e-03	1.472359e+01
6.000000e-06	-6.723050e-03	1.465528e+01
6.010000e-06	-8.116528e-03	1.454364e+01
6.020000e-06	-5.747881e-03	1.444485e+01
6.030000e-06	-5.686939e-03	1.431056e+01
6.040000e-06	-5.162536e-03	1.417322e+01
6.050000e-06	-7.327868e-03	1.403730e+01
6.060000e-06	-7.347125e-03	1.385841e+01
6.070000e-06	-6.180406e-03	1.373062e+01
6.080000e-06	-5.725844e-03	1.358567e+01
6.090000e-06	-5.187986e-03	1.344523e+01
6.100000e-06	-6.616801e-03	1.329886e+01
6.110000e-06	-6.402635e-03	1.310841e+01
6.120000e-06	-6.673370e-03	1.294069e+01
6.130000e-06	-6.365027e-03	1.281232e+01
6.140000e-06	-6.577842e-03	1.256478e+01
6.150000e-06	-6.308123e-03	1.243425e+01
6.160000e-06	-6.098251e-03	1.223578e+01
6.170000e-06	-5.514025e-03	1.205698e+01
6.180000e-06	-5.666463e-03	1.186835e+01
6.190000e-06	-6.404254e-03	1.163581e+01
6.200000e-06	-6.763093e-03	1.143735e+01
6.210000e-06	-6.933802e-03	1.120522e+01
6.220000e-06	-5.481419e-03	1.098317e+01
6.230000e-06	-6.275003e-03	1.078422e+01
6.240000e-06	-6.187589e-03	1.059467e+01
6.250000e-06	-6.194221e-03	1.033309e+01
6.260000e-06	-6.352712e-03	1.013994e+01
6.270000e-06	-5.627731e-03	9.927856e+00
6.280000e-06	-6.225114e-03	9.677380e+00
6.290000e-06	-5.575147e-03	9.393725e+00
6.300000e-06	-6.556200e-03	9.233171e+00
6.310000e-06	-6.256040e-03	8.962090e+00
6.320000e-06	-5.912829e-03	8.719437e+00
6.330000e-06	-5.356336e-03	8.487830e+00
6.340000e-06	-5.999236e-03	8.254701e+00
6.350000e-06	-5.808300e-03	7.982569e+00
6.360000e-06	-5.148487e-03	7.739967e+00
6.370000e-06	-5.964350e-03	7.454273e+00
6.380000e-06	-5.864528e-03	7.159968e+00
6.390000e-06	-6.131941e-03	6.939415e+00
6.400000e-06	-5.491737e-03	6.655824e+00
6.410000e-06	-6.120799e-03	6.371516e+00
6.420000e-06	-5.383735e-03	6.118862e+00
6.430000e-06	-5.754664e-03	5.826702e+00
6.440000e-06	-5.263798e-03	5.589470e+00
6.450000e-06	-6.099986e-03	5.328408e+00
6.460000e-06	-6.013002e-03	4.979966e+00
6.470000e-06	-4.869174e-03	4.643652e+00
6.480000e-06	-5.475883e-03	4.391073e+00
6.490000e-06	-5.744045e-03	4.077307e+00
6.500000e-06	-5.784456e-03	3.782044e+00
6.510000e-06	-5.659928e-03	3.608395e+00
6.520000e-06	-5.470196e-03	3.234126e+00
6.530000e-06	-5.153507e-03	2.930392e+00
6.540000e-06	-5.599348e-03	2.666237e+00
6.550000e-06	-4.878651e-03	2.350919e+00
6.560000e-06	-5.446743e-03	2.105262e+00
6.570000e-06	-5.628195e-03	1.883572e+00
6.580000e-06	-5.039748e-03	1.516708e+00
6.590000e-06	-5.605733e-03	1.230050e+00
6.600000e-06	-4.861593e-03	8.946293e-01
6.610000e-06	-4.486314e-03	5.599225e-01
6.620000e-06	-3.415737e-03	2.878145e-01
6.630000e-06	-2.203357e-03	-1.896990e-02
6.640000e-06	7.366108e-03	-2.531352e-01
6.650000e-06	-7.625248e-04	-5.168408e-01
6.660000e-06	-6.148949e-04	-8.226275e-01
6.670000e-06	-4.469425e-04	-1.042768e+00
6.680000e-06	-1.388125e-03	-1.428581e+00
6.690000e-06	-1.945785e-03	-1.654658e+00
6.700000e-06	1.374182e-02	-1.874792e+00
6.710000e-06	5.099585e-02	-2.077348e+00
6.720000e-06	7.750404e-02	-2.482734e+00
6.730000e-06	-9.991881e-02	-2.823104e+00
6.740000e-06	5.689395e-03	-3.212133e+00
6.750000e-06	-4.777249e-02	-3.494763e+00
6.760000e-06	-8.097719e-03	-3.675914e+00
6.770000e-06	-9.295047e-02	-3.968025e+00
6.780000e-06	1.496143e-01	-4.147946e+00
6.790000e-06	-6.876794e-03	-4.378623e+00
6.800000e-06	-8.379339e-02	-4.708021e+00
6.810000e-06	1.687471e-01	-4.979022e+00
6.820000e-06	-1.843673e-01	-5.255514e+00
6.830000e-06	1.078180e-01	-5.570653e+00
6.840000e-06	-6.237752e-02	-5.831808e+00
6.850000e-06	1.021992e-02	-6.110077e+00
6.860000e-06	1.112062e-01	-6.402600e+00
6.870000e-06	-1.471481e-01	-6.706391e+00
6.880000e-06	9.777840e-02	-6.999651e+00
6.890000e-06	-8.438373e-02	-7.275834e+00
6.900000e-06	3.647726e-02	-7.550599e+00
6.910000e-06	1.959875e-02	-7.800125e+00
6.920000e-06	-3.892945e-02	-8.106862e+00
6.930000e-06	1.179311e-01	-8.285569e+00
6.940000e-06	-1.437523e-01	-8.591105e+00
6.950000e-06	9.478892e-02	-8.844283e+00
6.960000e-06	-6.012144e-02	-9.096410e+00
6.970000e-06	4.234139e-02	-9.358022e+00
6.980000e-06	-1.082883e-02	-9.529047e+00
6.990000e-06	-1.938069e-02	-9.771679e+00
7.000000e-06	5.281166e-02	-1.000377e+01
7.010000e-06	-6.219340e-02	-1.024533e+01
7.020000e-06	4.924671e-02	-1.045643e+01
7.030000e-06	-5.298869e-02	-1.070596e+01
7.040000e-06	6.290147e-02	-1.086796e+01
7.050000e-06	-3.710751e-02	-1.108804e+01
7.060000e-06	2.106453e-02	-1.131912e+01
7.070000e-06	-1.104564e-02	-1.153017e+01
7.080000e-06	-1.539239e-05	-1.176328e+01
7.090000e-06	-3.228730e-03	-1.198227e+01
7.100000e-06	-7.169646e-03	-1.218115e+01
7.110000e-06	2.851960e-02	-1.234070e+01
7.120000e-06	-1.266878e-02	-1.256167e+01
7.130000e-06	8.557058e-03	-1.272901e+01
7.140000e-06	-1.776395e-02	-1.289994e+01
7.150000e-06	1.781873e-02	-1.310841e+01
7.160000e-06	-1.241291e-02	-1.318428e+01
7.170000e-06	9.700550e-03	-1.339432e+01
7.180000e-06	-4.062682e-03	-1.354064e+01
7.190000e-06	8.154278e-03	-1.366849e+01
7.200000e-06	-1.004798e-02	-1.383636e+01
7.210000e-06	1.463990e-03	-1.399585e+01
7.220000e-06	3.694600e-03	-1.411114e+01
7.230000e-06	4.630827e-03	-1.428706e+01
7.240000e-06	-2.095711e-04	-1.437330e+01
7.250000e-06	1.181078e-03	-1.457114e+01
7.260000e-06	1.494532e-03	-1.465493e+01
7.270000e-06	-5.870173e-03	-1.471070e+01
7.280000e-06	-1.919507e-03	-1.483688e+01
7.290000e-06	1.761195e-03	-1.494172e+01
7.300000e-06	6.223279e-03	-1.504438e+01
7.310000e-06	1.549760e-03	-1.510912e+01
7.320000e-06	-4.292815e-04	-1.521380e+01
7.330000e-06	-1.974653e-03	-1.527854e+01
7.340000e-06	-7.142085e-04	-1.538122e+01
7.350000e-06	5.184278e-04	-1.544728e+01
7.360000e-06	1.011911e-03	-1.548899e+01
7.370000e-06	2.411174e-04	-1.553069e+01
7.380000e-06	-2.023235e-04	-1.556430e+01
7.390000e-06	-2.067654e-03	-1.563533e+01
7.400000e-06	-8.998856e-04	-1.566898e+01
7.410000e-06	6.671887e-04	-1.567796e+01
7.420000e-06	1.698913e-03	-1.572019e+01
7.430000e-06	2.952418e-04	-1.575216e+01
7.440000e-06	1.582043e-04	-1.577222e+01
7.450000e-06	-4.685579e-04	-1.575282e+01
7.460000e-06	-2.439275e-03	-1.583382e+01
7.470000e-06	-3.420628e-03	-1.574172e+01
7.480000e-06	-1.067793e-03	-1.579264e+01
7.490000e-06	2.923814e-03	-1.569372e+01
7.500000e-06	1.850981e-03	-1.573067e+01
7.510000e-06	-1.251121e-03	-1.570906e+01
7.520000e-06	-1.850568e-03	-1.568801e+01
7.530000e-06	-2.741844e-03	-1.563593e+01
7.540000e-06	-1.373106e-03	-1.558419e+01
7.550000e-06	3.629846e-04	-1.553369e+01
7.560000e-06	1.088464e-03	-1.548056e+01
7.570000e-06	-1.175979e-03	-1.544585e+01
7.580000e-06	-1.984438e-03	-1.539330e+01
7.590000e-06	-1.520613e-03	-1.530999e+01
7.600000e-06	-2.572330e-04	-1.519693e+01
7.610000e-06	2.759942e-04	-1.513017e+01
7.620000e-06	2.576589e-04	-1.505644e+01
7.630000e-06	5.599386e-04	-1.495360e+01
7.640000e-06	-1.532133e-03	-1.488644e+01
7.650000e-06	-2.365436e-03	-1.476219e+01
7.660000e-06	-2.873226e-03	-1.466883e+01
7.670000e-06	-1.666830e-03	-1.459064e+01
7.680000e-06	1.727659e-04	-1.437535e+01
7.690000e-06	-4.388775e-04	-1.434054e+01
7.700000e-06	-1.161095e-03	-1.416272e+01
7.710000e-06	-2.746911e-03	-1.403690e+01
7.720000e-06	-1.874695e-03	-1.387946e+01
7.730000e-06	-2.091185e-03	-1.374165e+01
7.740000e-06	-3.437317e-04	-1.358375e+01
7.750000e-06	-8.285310e-04	-1.341627e+01
7.760000e-06	-1.245026e-03	-1.326886e+01
7.770000e-06	-2.416455e-03	-1.316951e+01
7.780000e-06	-2.660465e-03	-1.297115e+01
7.790000e-06	-1.380413e-03	-1.279217e+01
7.800000e-06	-1.156940e-03	-1.262472e+01
7.810000e-06	-1.372451e-03	-1.243791e+01
7.820000e-06	-1.281557e-03	-1.230873e+01
7.830000e-06	-2.807390e-03	-1.207793e+01
7.840000e-06	-3.143795e-03	-1.187548e+01
7.850000e-06	-2.363016e-03	-1.164850e+01
7.860000e-06	-2.551787e-03	-1.143578e+01
7.870000e-06	-9.971135e-04	-1.121365e+01
7.880000e-06	-1.718379e-03	-1.098264e+01
7.890000e-06	-1.383768e-03	-1.077109e+01
7.900000e-06	-2.524317e-03	-1.055265e+01
7.910000e-06	-2.738606e-03	-1.032006e+01
7.920000e-06	-2.937060e-03	-1.008699e+01
7.930000e-06	-1.817838e-03	-9.859359e+00
7.940000e-06	-2.361988e-03	-9.665336e+00
7.950000e-06	-2.012822e-03	-9.425828e+00
7.960000e-06	-4.493151e-03	-9.233624e+00
7.970000e-06	-2.902322e-03	-8.979616e+00
7.980000e-06	-2.598366e-03	-8.759866e+00
7.990000e-06	-3.412372e-03	-8.486332e+00
8.000000e-06	-3.306909e-03	-8.225674e+00
8.010000e-06	-4.112217e-03	-7.971546e+00
8.020000e-06	-3.093952e-03	-7.718931e+00
8.030000e-06	-3.758690e-03	-7.433596e+00
8.040000e-06	-4.344862e-03	-7.143062e+00
8.050000e-06	-4.329417e-03	-6.916884e+00
8.060000e-06	-3.949514e-03	-6.633174e+00
8.070000e-06	-3.293722e-03	-6.389920e+00
8.080000e-06	-3.838735e-03	-6.087730e+00
8.090000e-06	-4.213273e-03	-5.853645e+00
8.100000e-06	-5.114846e-03	-5.529518e+00
8.110000e-06	-3.631393e-03	-5.230650e+00
8.120000e-06	-5.013341e-03	-4.928814e+00
8.130000e-06	-3.648107e-03	-4.590595e+00
8.140000e-06	-4.181477e-03	-4.361018e+00
8.150000e-06	-4.875785e-03	-4.075812e+00
8.160000e-06	-5.118017e-03	-3.823029e+00
8.170000e-06	-5.464145e-03	-3.488366e+00
8.180000e-06	-3.920204e-03	-3.252179e+00
8.190000e-06	-6.079323e-03	-2.948841e+00
8.200000e-06	-4.079815e-03	-2.702783e+00
8.210000e-06	-5.378136e-03	-2.360025e+00
8.220000e-06	-3.640100e-03	-2.093661e+00
8.230000e-06	-5.956500e-03	-1.831020e+00
8.240000e-06	-3.680211e-03	-1.548342e+00
8.250000e-06	-4.879411e-03	-1.169446e+00
8.260000e-06	-4.351714e-03	-9.061355e-01
8.270000e-06	-6.001224e-03	-5.795698e-01
8.280000e-06	-3.832681e-03	-2.842618e-01
8.290000e-06	-2.703292e-03	-6.360117e-02
8.300000e-06	8.540045e-03	2.646930e-01
8.310000e-06	-5.551817e-03	5.063923e-01
8.320000e-06	3.357017e-03	7.890510e-01
8.330000e-06	-3.744339e-03	1.074845e+00
8.340000e-06	1.775585e-03	1.368974e+00
8.350000e-06	-5.970475e-03	1.684819e+00
8.360000e-06	1.032348e-02	1.917948e+00
8.370000e-06	1.881974e-02	2.160000e+00
8.380000e-06	8.393867e-02	2.433282e+00
8.390000e-06	-2.414089e-02	2.832180e+00
8.400000e-06	-5.929004e-02	3.175449e+00
8.410000e-06	-2.273633e-02	3.432105e+00
8.420000e-06	-1.757678e-02	3.706344e+00
8.430000e-06	-2.651786e-02	3.927893e+00
8.440000e-06	-2.766555e-02	4.136896e+00
8.450000e-06	6.932029e-02	4.461201e+00
8.460000e-06	2.724708e-02	4.686395e+00
8.470000e-06	-1.100968e-01	5.012129e+00
8.480000e-06	1.643320e-01	5.286818e+00
8.490000e-06	-1.341519e-01	5.604654e+00
8.500000e-06	3.314837e-02	5.854833e+00
8.510000e-06	1.227659e-03	6.130522e+00
8.520000e-06	1.758208e-02	6.360149e+00
8.530000e-06	2.436656e-02	6.674888e+00
8.540000e-06	-6.983631e-02	6.941046e+00
8.550000e-06	3.555686e-02	7.244858e+00
8.560000e-06	-2.137133e-02	7.538092e+00
8.570000e-06	1.390254e-02	7.803726e+00
8.580000e-06	-1.471808e-02	8.116436e+00
8.590000e-06	1.820976e-03	8.338998e+00
8.600000e-06	4.100626e-02	8.570049e+00
8.610000e-06	-5.379293e-02	8.783201e+00
8.620000e-06	1.353041e-02	9.044303e+00
8.630000e-06	-1.048077e-02	9.247889e+00
8.640000e-06	1.309170e-03	9.538415e+00
8.650000e-06	2.199209e-03	9.749574e+00
8.660000e-06	-4.930351e-03	9.951251e+00
8.670000e-06	3.066195e-03	1.020271e+01
8.680000e-06	-2.563360e-02	1.041479e+01
8.690000e-06	7.816534e-03	1.067594e+01
8.700000e-06	-7.339096e-03	1.090634e+01
8.710000e-06	9.047013e-03	1.106644e+01
8.720000e-06	-1.215557e-02	1.130799e+01
8.730000e-06	-6.497798e-03	1.151068e+01
8.740000e-06	3.875435e-03	1.176107e+01
8.750000e-06	-8.423411e-03	1.196069e+01
8.760000e-06	-8.621411e-03	1.218062e+01
8.770000e-06	-4.403028e-03	1.230999e+01
8.780000e-06	1.199649e-02	1.249904e+01
8.790000e-06	-6.199713e-03	1.271099e+01
8.800000e-06	-1.406184e-02	1.283488e+01
8.810000e-06	-7.901332e-03	1.306483e+01
8.820000e-06	-5.640651e-04	1.316375e+01
8.830000e-06	-1.968753e-03	1.337212e+01
8.840000e-06	-9.080147e-03	1.350006e+01
8.850000e-06	-4.958577e-04	1.368746e+01
8.860000e-06	-4.282100e-03	1.378291e+01
8.870000e-06	-6.495801e-03	1.400087e+01
8.880000e-06	-6.455224e-03	1.412214e+01
8.890000e-06	-4.076430e-03	1.427844e+01
8.900000e-06	-3.719195e-03	1.438383e+01
8.910000e-06	-5.924288e-03	1.450959e+01
8.920000e-06	-2.446317e-03	1.459745e+01
8.930000e-06	-7.365435e-03	1.476169e+01
8.940000e-06	-8.263789e-03	1.483533e+01
8.950000e-06	-6.688304e-03	1.490259e+01
8.960000e-06	-5.433405e-04	1.501428e+01
8.970000e-06	-4.362031e-03	1.509109e+01
8.980000e-06	-7.278510e-03	1.514373e+01
8.990000e-06	-5.743668e-03	1.523648e+01
9.000000e-06	-6.433996e-03	1.537259e+01
9.010000e-06	-4.141612e-03	1.538423e+01
9.020000e-06	-8.506138e-03	1.543691e+01
9.030000e-06	-5.525128e-03	1.553004e+01
9.040000e-06	-5.537409e-03	1.553077e+01
9.050000e-06	-4.714624e-03	1.560382e+01
9.060000e-06	-7.688222e-03	1.564792e+01
9.070000e-06	-8.654840e-03	1.565743e+01
9.080000e-06	-4.740363e-03	1.572104e+01
9.090000e-06	-3.402615e-03	1.572194e+01
9.100000e-06	-4.486240e-03	1.574217e+01
9.110000e-06	-7.555938e-03	1.575360e+01
9.120000e-06	-5.930805e-03	1.573364e+01
9.130000e-06	-6.856381e-03	1.578119e+01
9.140000e-06	-6.200312e-03	1.576114e+01
9.150000e-06	-5.855623e-03	1.577006e+01
9.160000e-06	-5.141489e-03	1.569953e+01
9.170000e-06	-5.991972e-03	1.569856e+01
9.180000e-06	-6.762534e-03	1.562586e+01
9.190000e-06	-5.883909e-03	1.557532e+01
9.200000e-06	-6.630782e-03	1.554424e+01
9.210000e-06	-5.517204e-03	1.550106e+01
9.220000e-06	-5.610817e-03	1.545496e+01
9.230000e-06	-4.463603e-03	1.538282e+01
9.240000e-06	-7.777352e-03	1.537209e+01
9.250000e-06	-8.061209e-03	1.526946e+01
9.260000e-06	-6.860903e-03	1.515379e+01
9.270000e-06	-6.095588e-03	1.509056e+01
9.280000e-06	-6.712177e-03	1.504680e+01
9.290000e-06	-6.789208e-03	1.495902e+01
9.300000e-06	-5.409831e-03	1.481693e+01
9.310000e-06	-7.464529e-03	1.471907e+01
9.320000e-06	-7.516042e-03	1.461535e+01
9.330000e-06	-6.815808e-03	1.452003e+01
9.340000e-06	-5.142253e-03	1.439377e+01
9.350000e-06	-5.371597e-03	1.427691e+01
9.360000e-06	-7.302426e-03	1.412149e+01
9.370000e-06	-6.453223e-03	1.398175e+01
9.380000e-06	-6.228422e-03	1.386638e+01
9.390000e-06	-5.911659e-03	1.367046e+01
9.400000e-06	-6.606034e-03	1.356197e+01
9.410000e-06	-5.808620e-03	1.340527e+01
9.420000e-06	-5.903096e-03	1.319630e+01
9.430000e-06	-6.282461e-03	1.309591e+01
9.440000e-06	-6.461306e-03	1.290191e+01
9.450000e-06	-6.735280e-03	1.275049e+01
9.460000e-06	-6.589015e-03	1.257120e+01
9.470000e-06	-6.984710e-03	1.236262e+01
9.480000e-06	-5.354201e-03	1.222275e+01
9.490000e-06	-6.141186e-03	1.200532e+01
9.500000e-06	-7.580338e-03	1.180620e+01
9.510000e-06	-6.090605e-03	1.157477e+01
9.520000e-06	-5.880833e-03	1.140422e+01
9.530000e-06	-5.990614e-03	1.118264e+01
9.540000e-06	-6.625521e-03	1.096154e+01
9.550000e-06	-6.108536e-03	1.077156e+01
9.560000e-06	-6.238932e-03	1.052109e+01
9.570000e-06	-6.169138e-03	1.029803e+01
9.580000e-06	-6.485589e-03	1.009591e+01
9.590000e-06	-5.741180e-03	9.844803e+00
9.600000e-06	-6.976113e-03	9.594224e+00
9.610000e-06	-6.083174e-03	9.362148e+00
9.620000e-06	-6.101963e-03	9.140541e+00
9.630000e-06	-4.928831e-03	8.909535e+00
9.640000e-06	-6.304001e-03	8.646306e+00
9.650000e-06	-6.275797e-03	8.412702e+00
9.660000e-06	-7.088986e-03	8.172616e+00
9.670000e-06	-5.709999e-03	7.909386e+00
9.680000e-06	-5.782935e-03	7.657363e+00
9.690000e-06	-6.271026e-03	7.363266e+00
9.700000e-06	-5.668787e-03	7.117334e+00
9.710000e-06	-5.864839e-03	6.867308e+00
9.720000e-06	-5.797014e-03	6.551517e+00
9.730000e-06	-5.500258e-03	6.317385e+00
9.740000e-06	-5.695033e-03	6.057255e+00
9.750000e-06	-6.272434e-03	5.761096e+00
9.760000e-06	-5.389499e-03	5.528339e+00
9.770000e-06	-5.385274e-03	5.221548e+00
9.780000e-06	-5.694173e-03	4.856178e+00
9.790000e-06	-6.332658e-03	4.571545e+00
9.800000e-06	-5.373436e-03	4.327840e+00
9.810000e-06	-5.548997e-03	4.032624e+00
9.820000e-06	-5.853798e-03	3.758391e+00
9.830000e-06	-4.183773e-03	3.484236e+00
9.840000e-06	-7.673659e-03	3.169920e+00
9.850000e-06	-4.374697e-03	2.876783e+00
9.860000e-06	-7.079659e-03	2.624025e+00
9.870000e-06	-3.262883e-03	2.325836e+00
9.880000e-06	-6.463471e-03	2.042078e+00
9.890000e-06	-3.552998e-03	1.739371e+00
9.900000e-06	-5.449109e-03	1.443602e+00
9.910000e-06	-6.012608e-03	1.126336e+00
9.920000e-06	-5.731779e-03	7.806476e-01
9.930000e-06	-4.536843e-03	5.072134e-01
9.940000e-06	-3.610438e-03	2.325503e-01
9.950000e-06	-6.742691e-04	-6.268153e-02
9.960000e-06	7.347655e-03	-2.968170e-01
9.970000e-06	-4.115734e-03	-5.889533e-01
9.980000e-06	3.126207e-03	-8.857091e-01
9.990000e-06	-4.963895e-03	-1.136471e+00
1.000000e-05	1.311363e-03	-1.474665e+00
1.001000e-05	-3.632006e-03	-1.726318e+00
1.002000e-05	2.210901e-02	-1.938446e+00
1.003000e-05	6.794356e-02	-2.189122e+00
1.004000e-05	4.194605e-02	-2.526996e+00
1.005000e-05	-1.015600e-01	-2.936422e+00
1.006000e-05	1.510266e-02	-3.284392e+00
1.007000e-05	-5.134114e-02	-3.517392e+00
1.008000e-05	-1.579489e-02	-3.780475e+00
1.009000e-05	-7.203602e-02	-4.001129e+00
1.010000e-05	1.965788e-01	-4.201098e+00
1.011000e-05	-1.113002e-01	-4.444808e+00
1.012000e-05	5.243492e-03	-4.791602e+00
1.013000e-05	9.160335e-02	-5.021676e+00
1.014000e-05	-1.622055e-01	-5.390206e+00
1.015000e-05	1.471360e-01	-5.624235e+00
1.016000e-05	-1.296590e-01	-5.907342e+00
1.017000e-05	9.837330e-02	-6.253329e+00
1.018000e-05	2.644642e-02	-6.483760e+00
1.019000e-05	-1.042381e-01	-6.790600e+00
1.020000e-05	1.015447e-01	-7.024804e+00
1.021000e-05	-1.186542e-01	-7.336997e+00
1.022000e-05	9.926428e-02	-7.591227e+00
1.023000e-05	-5.339463e-02	-7.853890e+00
1.024000e-05	4.044015e-02	-8.129051e+00
1.025000e-05	4.514282e-02	-8.390077e+00
1.026000e-05	-1.111108e-01	-8.645354e+00
1.027000e-05	9.893321e-02	-8.927389e+00
1.028000e-05	-8.413575e-02	-9.139519e+00
1.029000e-05	8.016611e-02	-9.430600e+00
1.030000e-05	-5.904556e-02	-9.582325e+00
1.031000e-05	3.489213e-02	-9.822733e+00
1.032000e-05	3.263528e-03	-1.005443e+01
1.033000e-05	-2.637445e-02	-1.035856e+01
1.034000e-05	2.381266e-02	-1.055749e+01
1.035000e-05	-3.611599e-02	-1.074067e+01
1.036000e-05	5.732496e-02	-1.093157e+01
1.037000e-05	-4.648332e-02	-1.117215e+01
1.038000e-05	3.605336e-02	-1.136230e+01
1.039000e-05	-2.711395e-02	-1.162338e+01
1.040000e-05	1.817178e-02	-1.181436e+01
1.041000e-05	-2.205611e-02	-1.204335e+01
1.042000e-05	1.466545e-02	-1.223436e+01
1.043000e-05	1.206517e-02	-1.239323e+01
1.044000e-05	-2.340834e-03	-1.256275e+01
1.045000e-05	-2.831060e-03	-1.276062e+01
1.046000e-05	-8.426387e-03	-1.296057e+01
1.047000e-05	1.245825e-02	-1.310054e+01
1.048000e-05	-1.056975e-02	-1.325543e+01
1.049000e-05	1.045953e-02	-1.340333e+01
1.050000e-05	-2.798901e-03	-1.357223e+01
1.051000e-05	9.677531e-03	-1.376112e+01
1.052000e-05	-1.242948e-02	-1.388794e+01
1.053000e-05	6.452890e-03	-1.400633e+01
1.054000e-05	-3.084206e-04	-1.419267e+01
1.055000e-05	5.628916e-03	-1.433011e+01
1.056000e-05	-4.562155e-03	-1.439385e+01
1.057000e-05	4.899242e-03	-1.458230e+01
1.058000e-05	-1.502744e-03	-1.468598e+01
1.059000e-05	-4.109055e-03	-1.475437e+01
1.060000e-05	-1.877033e-03	-1.488846e+01
1.061000e-05	3.010223e-03	-1.498425e+01
1.062000e-05	5.479007e-03	-1.505688e+01
1.063000e-05	-1.372843e-03	-1.516312e+01
1.064000e-05	-1.198757e-04	-1.517490e+01
1.065000e-05	-2.196389e-03	-1.532909e+01
1.066000e-05	2.875477e-04	-1.539412e+01
1.067000e-05	-1.032183e-05	-1.546583e+01
1.068000e-05	2.543918e-03	-1.551956e+01
1.069000e-05	2.962490e-04	-1.553364e+01
1.070000e-05	-1.106196e-03	-1.557440e+01
1.071000e-05	-2.987721e-03	-1.563585e+01
1.072000e-05	-2.426737e-05	-1.569855e+01
1.073000e-05	1.898737e-03	-1.568056e+01
1.074000e-05	1.981153e-03	-1.574112e+01
1.075000e-05	1.812995e-04	-1.577222e+01
1.076000e-05	-4.202342e-04	-1.578167e+01
1.077000e-05	-5.846743e-04	-1.579385e+01
1.078000e-05	-2.633337e-03	-1.578274e+01
1.079000e-05	-2.150241e-03	-1.573229e+01
1.080000e-05	2.087986e-04	-1.581257e+01
1.081000e-05	2.590705e-03	-1.576259e+01
1.082000e-05	-1.193846e-05	-1.568069e+01
1.083000e-05	-1.323137e-03	-1.567056e+01
1.084000e-05	-1.117506e-03	-1.566949e+01
1.085000e-05	-1.044561e-03	-1.559788e+01
1.086000e-05	-6.621492e-04	-1.555382e+01
1.087000e-05	-1.914325e-04	-1.555116e+01
1.088000e-05	-3.055662e-05	-1.550148e+01
1.089000e-05	-1.407394e-03	-1.545638e+01
1.090000e-05	-2.260893e-03	-1.540270e+01
1.091000e-05	-9.317723e-04	-1.522806e+01
1.092000e-05	5.663685e-04	-1.519629e+01
1.093000e-05	1.659189e-04	-1.513964e+01
1.094000e-05	-6.315775e-04	-1.505535e+01
1.095000e-05	-3.256649e-04	-1.495259e+01
1.096000e-05	-1.685735e-03	-1.486746e+01
1.097000e-05	-2.095711e-03	-1.476114e+01
1.098000e-05	-1.593253e-03	-1.464683e+01
1.099000e-05	-1.311268e-03	-1.455854e+01
1.100000e-05	-4.088548e-04	-1.439535e+01
1.101000e-05	-1.054705e-03	-1.429844e+01
1.102000e-05	-6.894139e-04	-1.418259e+01
1.103000e-05	-2.004534e-03	-1.402330e+01
1.104000e-05	-8.537636e-04	-1.386735e+01
1.105000e-05	-1.358755e-03	-1.376953e+01
1.106000e-05	-9.529106e-04	-1.355212e+01
1.107000e-05	-1.148079e-03	-1.340414e+01
1.108000e-05	-1.720828e-03	-1.323693e+01
1.109000e-05	-2.693309e-03	-1.310894e+01
1.110000e-05	-1.610804e-03	-1.294856e+01
1.111000e-05	-8.897673e-04	-1.273109e+01
1.112000e-05	-1.468520e-03	-1.258372e+01
1.113000e-05	-1.392405e-03	-1.239474e+01
1.114000e-05	-4.145969e-04	-1.226523e+01
1.115000e-05	-2.471564e-03	-1.207639e+01
1.116000e-05	-2.738459e-03	-1.184420e+01
1.117000e-05	-3.121899e-03	-1.162323e+01
1.118000e-05	-1.798177e-03	-1.136162e+01
1.119000e-05	-1.998261e-03	-1.115106e+01
1.120000e-05	-1.561263e-03	-1.093694e+01
1.121000e-05	-2.735528e-03	-1.073044e+01
1.122000e-05	-2.336505e-03	-1.049789e+01
1.123000e-05	-2.742922e-03	-1.031986e+01
1.124000e-05	-3.328097e-03	-1.005730e+01
1.125000e-05	-1.351000e-03	-9.814724e+00
1.126000e-05	-1.890754e-03	-9.644771e+00
1.127000e-05	-3.964910e-03	-9.372143e+00
1.128000e-05	-4.128374e-03	-9.161018e+00
1.129000e-05	-2.421992e-03	-8.928464e+00
1.130000e-05	-3.454922e-03	-8.627307e+00
1.131000e-05	-3.243648e-03	-8.443670e+00
1.132000e-05	-2.692869e-03	-8.178491e+00
1.133000e-05	-2.332720e-03	-7.959460e+00
1.134000e-05	-4.374240e-03	-7.654674e+00
1.135000e-05	-5.090975e-03	-7.389492e+00
1.136000e-05	-3.861696e-03	-7.066256e+00
1.137000e-05	-3.234621e-03	-6.811645e+00
1.138000e-05	-3.552785e-03	-6.570490e+00
1.139000e-05	-4.007614e-03	-6.307359e+00
1.140000e-05	-3.681871e-03	-6.024678e+00
1.141000e-05	-4.695602e-03	-5.749991e+00
1.142000e-05	-4.800377e-03	-5.476583e+00
1.143000e-05	-4.843589e-03	-5.179542e+00
1.144000e-05	-4.436725e-03	-4.855772e+00
1.145000e-05	-4.000531e-03	-4.558360e+00
1.146000e-05	-3.226387e-03	-4.336788e+00
1.147000e-05	-4.314441e-03	-4.022178e+00
1.148000e-05	-5.335214e-03	-3.769412e+00
1.149000e-05	-7.168230e-03	-3.484205e+00
1.150000e-05	-4.904066e-03	-3.221595e+00
1.151000e-05	-4.569233e-03	-2.896678e+00
1.152000e-05	-2.377840e-03	-2.621551e+00
1.153000e-05	-5.270443e-03	-2.357893e+00
1.154000e-05	-4.192115e-03	-2.000074e+00
1.155000e-05	-5.880869e-03	-1.748388e+00
1.156000e-05	-3.569404e-03	-1.444803e+00
1.157000e-05	-4.468217e-03	-1.106709e+00
1.158000e-05	-4.042576e-03	-8.306003e-01
1.159000e-05	-5.077640e-03	-5.152331e-01
1.160000e-05	-3.157500e-03	-2.015765e-01
1.161000e-05	5.516115e-04	4.158258e-02
1.162000e-05	6.249616e-03	3.474461e-01
1.163000e-05	-6.882280e-03	6.205290e-01
1.164000e-05	5.285191e-03	8.526855e-01
1.165000e-05	-3.533221e-03	1.168473e+00
1.166000e-05	2.244549e-03	1.472685e+00
1.167000e-05	-6.071993e-03	1.747522e+00
1.168000e-05	1.432211e-02	1.999624e+00
1.169000e-05	2.994677e-02	2.222638e+00
1.170000e-05	8.397501e-02	2.558396e+00
1.171000e-05	-6.134795e-02	2.885315e+00
1.172000e-05	-3.450810e-02	3.171596e+00
1.173000e-05	-3.256531e-02	3.474241e+00
1.174000e-05	-6.188915e-03	3.769521e+00
1.175000e-05	-4.354171e-02	3.960099e+00
1.176000e-05	-2.914977e-03	4.224200e+00
1.177000e-05	8.380359e-02	4.473291e+00
1.178000e-05	-3.166998e-02	4.819648e+00
1.179000e-05	-4.906207e-02	5.056361e+00
1.180000e-05	1.375361e-01	5.359625e+00
1.181000e-05	-1.556288e-01	5.666313e+00
1.182000e-05	7.573755e-02	5.948593e+00
1.183000e-05	-3.636457e-02	6.211679e+00
1.184000e-05	4.747899e-02	6.465212e+00
1.185000e-05	-6.651694e-03	6.720101e+00
1.186000e-05	-5.320465e-02	7.012757e+00
1.187000e-05	4.143168e-02	7.336972e+00
1.188000e-05	-3.965129e-02	7.602226e+00
1.189000e-05	3.349828e-02	7.834488e+00
1.190000e-05	-3.554906e-02	8.138626e+00
1.191000e-05	3.470287e-02	8.400702e+00
1.192000e-05	8.773693e-03	8.603752e+00
1.193000e-05	-4.712900e-02	8.836463e+00
1.194000e-05	2.454599e-02	9.095439e+00
1.195000e-05	-2.085405e-02	9.368495e+00
1.196000e-05	1.592232e-02	9.582075e+00
1.197000e-05	-1.764973e-02	9.843206e+00
1.198000e-05	1.327696e-02	1.007638e+01
1.199000e-05	-1.564482e-02	1.028539e+01
1.200000e-05	-9.016214e-03	1.051794e+01
1.201000e-05	-2.180764e-03	1.072904e+01
1.202000e-05	-1.438228e-03	1.094009e+01
1.203000e-05	4.608138e-03	1.117060e+01
1.204000e-05	-1.466008e-02	1.135215e+01
1.205000e-05	1.856125e-03	1.159320e+01
1.206000e-05	-3.070347e-03	1.180278e+01
1.207000e-05	-3.999245e-03	1.200225e+01
1.208000e-05	-1.521417e-02	1.220470e+01
1.209000e-05	5.571414e-03	1.237322e+01
1.210000e-05	3.970351e-03	1.258115e+01
1.211000e-05	-4.989035e-03	1.275007e+01
1.212000e-05	-1.591539e-02	1.293954e+01
1.213000e-05	-2.400470e-03	1.302797e+01
1.214000e-05	-2.669929e-04	1.322541e+01
1.215000e-05	-4.613766e-03	1.341428e+01
1.216000e-05	-6.164056e-03	1.355219e+01
1.217000e-05	-3.070391e-03	1.370954e+01
1.218000e-05	-1.911816e-03	1.386893e+01
1.219000e-05	-9.270603e-03	1.397645e+01
1.220000e-05	-3.876431e-03	1.417325e+01
1.221000e-05	-5.173652e-03	1.431004e+01
1.222000e-05	-2.588317e-03	1.442585e+01
1.223000e-05	-6.575166e-03	1.457072e+01
1.224000e-05	-2.595566e-03	1.466788e+01
1.225000e-05	-8.618219e-03	1.475419e+01
1.226000e-05	-8.233677e-03	1.489646e+01
1.227000e-05	-4.002182e-03	1.496112e+01
1.228000e-05	-2.905528e-03	1.501638e+01
1.229000e-05	-3.494638e-03	1.509061e+01
1.230000e-05	-7.437372e-03	1.519335e+01
1.231000e-05	-4.551396e-03	1.524746e+01
1.232000e-05	-7.147982e-03	1.538109e+01
1.233000e-05	-4.231802e-03	1.541480e+01
1.234000e-05	-6.921298e-03	1.546649e+01
1.235000e-05	-4.862709e-03	1.554961e+01
1.236000e-05	-5.972057e-03	1.557222e+01
1.237000e-05	-5.454322e-03	1.559437e+01
1.238000e-05	-6.219220e-03	1.561793e+01
1.239000e-05	-7.797077e-03	1.568951e+01
1.240000e-05	-3.581446e-03	1.571857e+01
1.241000e-05	-5.073150e-03	1.575965e+01
1.242000e-05	-5.561866e-03	1.573322e+01
1.243000e-05	-7.295287e-03	1.576259e+01
1.244000e-05	-5.831010e-03	1.577367e+01
1.245000e-05	-5.551351e-03	1.578315e+01
1.246000e-05	-7.107644e-03	1.575112e+01
1.247000e-05	-4.681059e-03	1.576009e+01
1.248000e-05	-5.484461e-03	1.568958e+01
1.249000e-05	-5.232192e-03	1.567894e+01
1.250000e-05	-7.549406e-03	1.563543e+01
1.251000e-05	-5.289069e-03	1.561629e+01
1.252000e-05	-6.162931e-03	1.556464e+01
1.253000e-05	-6.225851e-03	1.550109e+01
1.254000e-05	-5.608183e-03	1.547643e+01
1.255000e-05	-5.071438e-03	1.540372e+01
1.256000e-05	-6.518740e-03	1.534154e+01
1.257000e-05	-7.143048e-03	1.525986e+01
1.258000e-05	-5.746381e-03	1.513172e+01
1.259000e-05	-6.314000e-03	1.511901e+01
1.260000e-05	-6.397985e-03	1.500430e+01
1.261000e-05	-6.663293e-03	1.489801e+01
1.262000e-05	-5.082021e-03	1.480720e+01
1.263000e-05	-6.213900e-03	1.471964e+01
1.264000e-05	-7.102283e-03	1.462474e+01
1.265000e-05	-6.786851e-03	1.447701e+01
1.266000e-05	-7.000713e-03	1.434217e+01
1.267000e-05	-5.872530e-03	1.421528e+01
1.268000e-05	-7.430699e-03	1.404993e+01
1.269000e-05	-6.283346e-03	1.396367e+01
1.270000e-05	-8.090987e-03	1.382480e+01
1.271000e-05	-6.278118e-03	1.364898e+01
1.272000e-05	-7.093146e-03	1.348938e+01
1.273000e-05	-6.009425e-03	1.336207e+01
1.274000e-05	-6.527326e-03	1.322419e+01
1.275000e-05	-6.371795e-03	1.304330e+01
1.276000e-05	-7.184767e-03	1.284791e+01
1.277000e-05	-6.796253e-03	1.269986e+01
1.278000e-05	-6.000464e-03	1.253852e+01
1.279000e-05	-5.519527e-03	1.233259e+01
1.280000e-05	-6.824974e-03	1.215312e+01
1.281000e-05	-5.916000e-03	1.200215e+01
1.282000e-05	-6.111340e-03	1.173357e+01
1.283000e-05	-7.136363e-03	1.153114e+01
1.284000e-05	-7.342737e-03	1.131004e+01
1.285000e-05	-5.284209e-03	1.112856e+01
1.286000e-05	-5.194218e-03	1.092096e+01
1.287000e-05	-5.399803e-03	1.066888e+01
1.288000e-05	-6.889352e-03	1.049746e+01
1.289000e-05	-5.563526e-03	1.030523e+01
1.290000e-05	-6.947343e-03	1.007533e+01
1.291000e-05	-6.940040e-03	9.813171e+00
1.292000e-05	-5.900486e-03	9.571492e+00
1.293000e-05	-5.399526e-03	9.339937e+00
1.294000e-05	-6.195700e-03	9.057832e+00
1.295000e-05	-5.901165e-03	8.876352e+00
1.296000e-05	-5.557536e-03	8.615624e+00
1.297000e-05	-5.784280e-03	8.370969e+00
1.298000e-05	-5.624951e-03	8.199861e+00
1.299000e-05	-6.220465e-03	7.844228e+00
1.300000e-05	-5.579401e-03	7.622196e+00
1.301000e-05	-6.078563e-03	7.292463e+00
1.302000e-05	-6.119788e-03	7.054778e+00
1.303000e-05	-5.395408e-03	6.831574e+00
1.304000e-05	-5.699564e-03	6.509886e+00
1.305000e-05	-5.468717e-03	6.204179e+00
1.306000e-05	-6.005209e-03	6.022049e+00
1.307000e-05	-5.246420e-03	5.727832e+00
1.308000e-05	-5.895863e-03	5.484176e+00
1.309000e-05	-5.469476e-03	5.158961e+00
1.310000e-05	-5.655231e-03	4.802499e+00
1.311000e-05	-5.292647e-03	4.497787e+00
1.312000e-05	-5.849935e-03	4.255229e+00
1.313000e-05	-5.155925e-03	3.967489e+00
1.314000e-05	-4.953177e-03	3.676136e+00
1.315000e-05	-5.581961e-03	3.420600e+00
1.316000e-05	-5.758982e-03	3.116785e+00
1.317000e-05	-5.674916e-03	2.842626e+00
1.318000e-05	-4.852048e-03	2.579813e+00
1.319000e-05	-4.654157e-03	2.263104e+00
1.320000e-05	-5.088170e-03	1.990524e+00
1.321000e-05	-5.338710e-03	1.684736e+00
1.322000e-05	-5.562158e-03	1.360894e+00
1.323000e-05	-4.863168e-03	1.053500e+00
1.324000e-05	-5.127420e-03	7.364132e-01
1.325000e-05	-4.489781e-03	4.635792e-01
1.326000e-05	-3.652361e-03	2.078148e-01
1.327000e-05	4.875005e-04	-9.581948e-02
1.328000e-05	7.751887e-03	-3.789986e-01
1.329000e-05	-7.081088e-03	-6.548129e-01
1.330000e-05	4.663372e-03	-9.058946e-01
1.331000e-05	-5.242200e-03	-1.240480e+00
1.332000e-05	2.293126e-03	-1.555968e+00
1.333000e-05	-6.127376e-04	-1.779526e+00
1.334000e-05	2.783606e-02	-1.959572e+00
1.335000e-05	8.378655e-02	-2.291738e+00
1.336000e-05	-9.527032e-03	-2.643179e+00
1.337000e-05	-7.257207e-02	-3.010161e+00
1.338000e-05	3.358206e-03	-3.367574e+00
1.339000e-05	-4.058121e-02	-3.599947e+00
1.340000e-05	-4.444114e-02	-3.790033e+00
1.341000e-05	-1.705681e-02	-4.093735e+00
1.342000e-05	1.780788e-01	-4.273712e+00
1.343000e-05	-1.830637e-01	-4.507895e+00
1.344000e-05	1.158503e-01	-4.863201e+00
1.345000e-05	1.550616e-03	-5.095937e+00
1.346000e-05	-9.041788e-02	-5.451938e+00
1.347000e-05	1.245792e-01	-5.685917e+00
1.348000e-05	-1.384345e-01	-5.989624e+00
1.349000e-05	1.607521e-01	-6.295915e+00
1.350000e-05	-6.695127e-02	-6.508043e+00
1.351000e-05	-3.465595e-02	-6.843278e+00
1.352000e-05	6.337060e-02	-7.095865e+00
1.353000e-05	-1.062532e-01	-7.392256e+00
1.354000e-05	1.206422e-01	-7.654408e+00
1.355000e-05	-1.012847e-01	-7.948097e+00
1.356000e-05	1.154732e-01	-8.231202e+00
1.357000e-05	-4.288812e-02	-8.415779e+00
1.358000e-05	-4.188356e-02	-8.738592e+00
1.359000e-05	6.143237e-02	-8.968570e+00
1.360000e-05	-7.004592e-02	-9.191202e+00
1.361000e-05	8.507937e-02	-9.403709e+00
1.362000e-05	-8.077213e-02	-9.654757e+00
1.363000e-05	7.684132e-02	-9.904837e+00
1.364000e-05	-4.546809e-02	-1.009857e+01
1.365000e-05	1.413186e-02	-1.036165e+01
1.366000e-05	-1.124520e-02	-1.056155e+01
1.367000e-05	-6.892084e-04	-1.080385e+01
1.368000e-05	3.204616e-02	-1.097218e+01
1.369000e-05	-3.640461e-02	-1.121326e+01
1.370000e-05	3.497542e-02	-1.141531e+01
1.371000e-05	-3.169348e-02	-1.163546e+01
1.372000e-05	2.450871e-02	-1.189701e+01
1.373000e-05	-3.208972e-02	-1.202640e+01
1.374000e-05	3.343608e-02	-1.227599e+01
1.375000e-05	-3.977906e-03	-1.244543e+01
1.376000e-05	8.385760e-03	-1.263596e+01
1.377000e-05	-1.543484e-02	-1.277325e+01
1.378000e-05	4.640823e-03	-1.299220e+01
1.379000e-05	2.320251e-03	-1.313107e+01
1.380000e-05	-3.750841e-03	-1.330909e+01
1.381000e-05	6.507549e-03	-1.344541e+01
1.382000e-05	1.274233e-04	-1.364338e+01
1.383000e-05	3.950579e-03	-1.377119e+01
1.384000e-05	-1.162044e-02	-1.393911e+01
1.385000e-05	8.952100e-03	-1.404646e+01
1.386000e-05	-1.502692e-03	-1.422380e+01
1.387000e-05	5.338940e-03	-1.432104e+01
1.388000e-05	-5.404783e-03	-1.445598e+01
1.389000e-05	6.533529e-03	-1.458473e+01
1.390000e-05	-4.279098e-03	-1.467906e+01
1.391000e-05	-4.556097e-03	-1.480437e+01
1.392000e-05	-7.954238e-04	-1.490798e+01
1.393000e-05	4.844519e-03	-1.500422e+01
1.394000e-05	4.545744e-03	-1.507893e+01
1.395000e-05	-1.425368e-03	-1.516174e+01
1.396000e-05	-7.815702e-05	-1.525549e+01
1.397000e-05	-2.421478e-03	-1.530065e+01
1.398000e-05	5.473387e-04	-1.539420e+01
1.399000e-05	-1.020929e-03	-1.544791e+01
1.400000e-05	9.144003e-04	-1.552011e+01
1.401000e-05	-8.900458e-05	-1.553224e+01
1.402000e-05	-1.058041e-03	-1.562580e+01
1.403000e-05	-2.609450e-03	-1.564788e+01
1.404000e-05	-6.465036e-04	-1.571054e+01
1.405000e-05	2.160458e-03	-1.570011e+01
1.406000e-05	1.501091e-03	-1.574109e+01
1.407000e-05	9.290624e-04	-1.579329e+01
1.408000e-05	-3.399833e-04	-1.573270e+01
1.409000e-05	-9.120515e-04	-1.578382e+01
1.410000e-05	-3.042930e-03	-1.579227e+01
1.411000e-05	-1.586104e-03	-1.576322e+01
1.412000e-05	1.027001e-03	-1.581272e+01
1.413000e-05	1.880772e-03	-1.572267e+01
1.414000e-05	-7.865609e-04	-1.574104e+01
1.415000e-05	-1.823336e-03	-1.572996e+01
1.416000e-05	-8.226973e-04	-1.565858e+01
1.417000e-05	1.670515e-04	-1.563435e+01
1.418000e-05	-4.200768e-04	-1.553274e+01
1.419000e-05	4.220244e-04	-1.551116e+01
1.420000e-05	-4.642839e-04	-1.545961e+01
1.421000e-05	-2.676750e-03	-1.543283e+01
1.422000e-05	-2.664194e-03	-1.536062e+01
1.423000e-05	-8.088440e-04	-1.528801e+01
1.424000e-05	6.881959e-04	-1.518372e+01
1.425000e-05	7.076706e-04	-1.511996e+01
1.426000e-05	-4.114478e-06	-1.499528e+01
1.427000e-05	-1.117429e-03	-1.493114e+01
1.428000e-05	-1.494679e-03	-1.485675e+01
1.429000e-05	-2.240472e-03	-1.473054e+01
1.430000e-05	-1.075358e-03	-1.465783e+01
1.431000e-05	-1.091921e-03	-1.448901e+01
1.432000e-05	-3.313617e-04	-1.435469e+01
1.433000e-05	-1.143141e-03	-1.426381e+01
1.434000e-05	-1.663385e-03	-1.411896e+01
1.435000e-05	-2.486250e-03	-1.399312e+01
1.436000e-05	-8.644757e-04	-1.385583e+01
1.437000e-05	1.527039e-04	-1.372590e+01
1.438000e-05	-6.831155e-04	-1.351149e+01
1.439000e-05	-1.589179e-03	-1.336079e+01
1.440000e-05	-2.503802e-03	-1.321372e+01
1.441000e-05	-3.212815e-03	-1.304783e+01
1.442000e-05	-2.121340e-03	-1.290736e+01
1.443000e-05	-4.630811e-04	-1.269804e+01
1.444000e-05	-7.436486e-04	-1.252059e+01
1.445000e-05	-1.074209e-03	-1.238159e+01
1.446000e-05	-1.817215e-03	-1.218309e+01
1.447000e-05	-1.656849e-03	-1.200119e+01
1.448000e-05	-3.178343e-03	-1.176067e+01
1.449000e-05	-2.747152e-03	-1.157109e+01
1.450000e-05	-1.883477e-03	-1.132899e+01
1.451000e-05	-1.403045e-03	-1.107733e+01
1.452000e-05	-2.931589e-03	-1.091628e+01
1.453000e-05	-3.096630e-03	-1.065739e+01
1.454000e-05	-3.336282e-03	-1.048538e+01
1.455000e-05	-2.827858e-03	-1.024380e+01
1.456000e-05	-3.673231e-03	-1.004465e+01
1.457000e-05	-1.835202e-03	-9.772097e+00
1.458000e-05	-2.182275e-03	-9.581465e+00
1.459000e-05	-3.052672e-03	-9.329036e+00
1.460000e-05	-4.264450e-03	-9.088358e+00
1.461000e-05	-3.379937e-03	-8.886258e+00
1.462000e-05	-2.957633e-03	-8.622592e+00
1.463000e-05	-2.867498e-03	-8.381967e+00
1.464000e-05	-3.452581e-03	-8.154884e+00
1.465000e-05	-3.958357e-03	-7.824151e+00
1.466000e-05	-4.088383e-03	-7.569491e+00
1.467000e-05	-4.626818e-03	-7.295857e+00
1.468000e-05	-2.943095e-03	-7.024275e+00
1.469000e-05	-3.965053e-03	-6.768445e+00
1.470000e-05	-3.346367e-03	-6.538336e+00
1.471000e-05	-4.715340e-03	-6.222730e+00
1.472000e-05	-2.732294e-03	-5.958492e+00
1.473000e-05	-4.860722e-03	-5.686786e+00
1.474000e-05	-3.372950e-03	-5.364071e+00
1.475000e-05	-4.820441e-03	-5.066758e+00
1.476000e-05	-2.837960e-03	-4.728864e+00
1.477000e-05	-3.474693e-03	-4.475809e+00
1.478000e-05	-3.775809e-03	-4.244180e+00
1.479000e-05	-5.141554e-03	-3.962044e+00
1.480000e-05	-4.995653e-03	-3.684629e+00
1.481000e-05	-6.684814e-03	-3.402024e+00
1.482000e-05	-3.294083e-03	-3.148362e+00
1.483000e-05	-6.463521e-03	-2.860998e+00
1.484000e-05	-3.262195e-03	-2.530866e+00
1.485000e-05	-6.173395e-03	-2.254100e+00
1.486000e-05	-4.625584e-03	-1.947918e+00
1.487000e-05	-3.889982e-03	-1.695758e+00
1.488000e-05	-2.680852e-03	-1.339891e+00
1.489000e-05	-4.518155e-03	-1.041628e+00
1.490000e-05	-5.127010e-03	-7.083671e-01
1.491000e-05	-5.120586e-03	-4.625752e-01
1.492000e-05	-3.664285e-03	-1.973197e-01
1.493000e-05	3.191745e-03	1.057422e-01
1.494000e-05	3.797798e-03	4.095300e-01
1.495000e-05	-4.135419e-03	6.631578e-01
1.496000e-05	4.543342e-03	9.262933e-01
1.497000e-05	-3.115573e-03	1.281155e+00
1.498000e-05	-2.757650e-04	1.566418e+00
1.499000e-05	-1.882161e-03	1.852153e+00
1.500000e-05	1.644271e-02	2.021607e+00
1.501000e-05	4.818571e-02	2.395266e+00
1.502000e-05	6.559899e-02	2.613760e+00
1.503000e-05	-8.355479e-02	2.948572e+00
1.504000e-05	-1.889978e-02	3.253180e+00
1.505000e-05	-3.752988e-02	3.578974e+00
1.506000e-05	-9.423770e-05	3.862130e+00
1.507000e-05	-5.102192e-02	4.061133e+00
1.508000e-05	2.409390e-02	4.286812e+00
1.509000e-05	8.893265e-02	4.516896e+00
1.510000e-05	-8.786360e-02	4.864237e+00
1.511000e-05	3.550921e-02	5.128494e+00
1.512000e-05	5.687269e-02	5.433233e+00
1.513000e-05	-1.278452e-01	5.706471e+00
1.514000e-05	8.215029e-02	5.972201e+00
1.515000e-05	-4.168900e-02	6.215266e+00
1.516000e-05	6.301272e-02	6.528542e+00
1.517000e-05	-4.332556e-02	6.812759e+00
1.518000e-05	-2.512950e-02	7.055413e+00
1.519000e-05	3.628111e-02	7.352704e+00
1.520000e-05	-3.493536e-02	7.666360e+00
1.521000e-05	3.372044e-02	7.900505e+00
1.522000e-05	-4.723484e-02	8.235729e+00
1.523000e-05	5.758965e-02	8.463307e+00
1.524000e-05	-1.935672e-02	8.656810e+00
1.525000e-05	-2.847644e-02	8.929041e+00
1.526000e-05	2.008590e-02	9.180621e+00
1.527000e-05	-2.631651e-02	9.422653e+00
1.528000e-05	2.436922e-02	9.624335e+00
1.529000e-05	-2.533884e-02	9.876410e+00
1.530000e-05	2.527489e-02	1.007802e+01
1.531000e-05	-3.181580e-02	1.034802e+01
1.532000e-05	3.188464e-03	1.053865e+01
1.533000e-05	-9.678698e-03	1.074065e+01
1.534000e-05	5.741308e-03	1.100312e+01
1.535000e-05	2.087937e-04	1.117273e+01
1.536000e-05	-1.616122e-02	1.142423e+01
1.537000e-05	7.378420e-03	1.160633e+01
1.538000e-05	-6.785130e-03	1.183533e+01
1.539000e-05	-1.428675e-03	1.201489e+01
1.540000e-05	-1.871545e-02	1.222430e+01
1.541000e-05	1.333935e-02	1.242480e+01
1.542000e-05	-1.595321e-03	1.262275e+01
1.543000e-05	-5.046503e-03	1.277115e+01
1.544000e-05	-1.606058e-02	1.294960e+01
1.545000e-05	-4.021170e-04	1.310062e+01
1.546000e-05	-5.288725e-04	1.327603e+01
1.547000e-05	-7.951186e-03	1.342633e+01
1.548000e-05	-2.748542e-03	1.356287e+01
1.549000e-05	-4.298163e-03	1.375107e+01
1.550000e-05	-1.259428e-03	1.389802e+01
1.551000e-05	-1.163279e-02	1.405588e+01
1.552000e-05	-1.815316e-03	1.420433e+01
1.553000e-05	-6.047583e-03	1.431072e+01
1.554000e-05	-2.928722e-03	1.450746e+01
1.555000e-05	-5.329553e-03	1.456418e+01
1.556000e-05	-3.856819e-03	1.473899e+01
1.557000e-05	-7.794144e-03	1.477520e+01
1.558000e-05	-8.774382e-03	1.488748e+01
1.559000e-05	-1.670118e-03	1.498212e+01
1.560000e-05	-3.261308e-03	1.505638e+01
1.561000e-05	-2.690848e-03	1.514112e+01
1.562000e-05	-7.534788e-03	1.520532e+01
1.563000e-05	-3.526652e-03	1.529999e+01
1.564000e-05	-6.466488e-03	1.536373e+01
1.565000e-05	-5.564145e-03	1.542633e+01
1.566000e-05	-6.756500e-03	1.549951e+01
1.567000e-05	-5.360499e-03	1.552174e+01
1.568000e-05	-3.128409e-03	1.556432e+01
1.569000e-05	-7.048581e-03	1.561493e+01
1.570000e-05	-6.675920e-03	1.564788e+01
1.571000e-05	-7.310173e-03	1.570001e+01
1.572000e-05	-2.988490e-03	1.573009e+01
1.573000e-05	-4.381718e-03	1.571165e+01
1.574000e-05	-5.740288e-03	1.576117e+01
1.575000e-05	-6.371363e-03	1.574364e+01
1.576000e-05	-6.831701e-03	1.574257e+01
1.577000e-05	-5.789198e-03	1.578310e+01
1.578000e-05	-7.337586e-03	1.575907e+01
1.579000e-05	-4.384790e-03	1.573011e+01
1.580000e-05	-5.755750e-03	1.566796e+01
1.581000e-05	-5.663457e-03	1.564799e+01
1.582000e-05	-7.138342e-03	1.561688e+01
1.583000e-05	-5.379097e-03	1.558427e+01
1.584000e-05	-7.150715e-03	1.555312e+01
1.585000e-05	-6.731604e-03	1.548806e+01
1.586000e-05	-5.202365e-03	1.545538e+01
1.587000e-05	-6.026812e-03	1.541470e+01
1.588000e-05	-6.409654e-03	1.530053e+01
1.589000e-05	-7.633252e-03	1.520538e+01
1.590000e-05	-5.686693e-03	1.514314e+01
1.591000e-05	-5.364869e-03	1.508896e+01
1.592000e-05	-6.412870e-03	1.497320e+01
1.593000e-05	-5.433349e-03	1.483893e+01
1.594000e-05	-6.992078e-03	1.476570e+01
1.595000e-05	-6.637886e-03	1.470002e+01
1.596000e-05	-8.107116e-03	1.457422e+01
1.597000e-05	-5.649218e-03	1.446793e+01
1.598000e-05	-6.697864e-03	1.434217e+01
1.599000e-05	-5.523803e-03	1.421573e+01
1.600000e-05	-7.342898e-03	1.405791e+01
1.601000e-05	-6.350662e-03	1.391199e+01
1.602000e-05	-7.861792e-03	1.376429e+01
1.603000e-05	-5.288740e-03	1.362585e+01
1.604000e-05	-6.540956e-03	1.343833e+01
1.605000e-05	-5.718846e-03	1.333951e+01
1.606000e-05	-6.625470e-03	1.314359e+01
1.607000e-05	-6.625434e-03	1.299422e+01
1.608000e-05	-6.869366e-03	1.281633e+01
1.609000e-05	-6.506586e-03	1.263583e+01
1.610000e-05	-6.663436e-03	1.249891e+01
1.611000e-05	-5.867023e-03	1.227851e+01
1.612000e-05	-6.064400e-03	1.207101e+01
1.613000e-05	-5.613456e-03	1.194044e+01
1.614000e-05	-6.380524e-03	1.173906e+01
1.615000e-05	-6.332305e-03	1.150846e+01
1.616000e-05	-6.770091e-03	1.129888e+01
1.617000e-05	-5.366200e-03	1.103875e+01
1.618000e-05	-5.990161e-03	1.084728e+01
1.619000e-05	-5.692864e-03	1.063528e+01
1.620000e-05	-6.087015e-03	1.043425e+01
1.621000e-05	-6.588906e-03	1.019320e+01
1.622000e-05	-6.709994e-03	1.002262e+01
1.623000e-05	-6.109374e-03	9.721486e+00
1.624000e-05	-5.707168e-03	9.520811e+00
1.625000e-05	-5.298842e-03	9.306851e+00
1.626000e-05	-5.730473e-03	9.062804e+00
1.627000e-05	-5.623043e-03	8.791498e+00
1.628000e-05	-5.180513e-03	8.559965e+00
1.629000e-05	-5.569040e-03	8.347912e+00
1.630000e-05	-6.188001e-03	8.036232e+00
1.631000e-05	-5.999156e-03	7.822546e+00
1.632000e-05	-5.816325e-03	7.519510e+00
1.633000e-05	-5.405526e-03	7.244651e+00
1.634000e-05	-5.809331e-03	7.001071e+00
1.635000e-05	-5.572425e-03	6.709341e+00
1.636000e-05	-5.098952e-03	6.483629e+00
1.637000e-05	-4.679442e-03	6.221996e+00
1.638000e-05	-5.281511e-03	5.949990e+00
1.639000e-05	-5.847929e-03	5.665103e+00
1.640000e-05	-6.606451e-03	5.382542e+00
1.641000e-05	-6.490568e-03	5.087124e+00
1.642000e-05	-5.379726e-03	4.749286e+00
1.643000e-05	-4.271909e-03	4.463728e+00
1.644000e-05	-5.281557e-03	4.172547e+00
1.645000e-05	-6.714900e-03	3.886255e+00
1.646000e-05	-5.789352e-03	3.633026e+00
1.647000e-05	-5.194659e-03	3.376412e+00
1.648000e-05	-5.652644e-03	3.053678e+00
1.649000e-05	-6.242860e-03	2.750424e+00
1.650000e-05	-5.336964e-03	2.495227e+00
1.651000e-05	-4.752883e-03	2.139891e+00
1.652000e-05	-4.540182e-03	1.917242e+00
1.653000e-05	-4.760058e-03	1.601446e+00
1.654000e-05	-4.650222e-03	1.326757e+00
1.655000e-05	-8.281380e-03	9.608923e-01
1.656000e-05	-3.835731e-03	6.941079e-01
1.657000e-05	-5.477587e-03	3.694488e-01
1.658000e-05	-5.381920e-04	9.408052e-02
1.659000e-05	2.508311e-03	-1.890209e-01
1.660000e-05	6.203290e-03	-4.230263e-01
1.661000e-05	-4.468893e-03	-7.459710e-01
1.662000e-05	4.241580e-03	-1.001575e+00
1.663000e-05	-5.371776e-03	-1.293918e+00
1.664000e-05	-1.519458e-03	-1.580051e+00
1.665000e-05	2.747290e-03	-1.852205e+00
1.666000e-05	3.726646e-02	-2.072231e+00
1.667000e-05	9.338670e-02	-2.394474e+00
1.668000e-05	-5.935514e-02	-2.705370e+00
1.669000e-05	-3.280245e-02	-3.127365e+00
1.670000e-05	-2.179169e-02	-3.441625e+00
1.671000e-05	-2.172103e-02	-3.639730e+00
1.672000e-05	-7.726097e-02	-3.886388e+00
1.673000e-05	5.866376e-02	-4.104817e+00
1.674000e-05	1.039189e-01	-4.293893e+00
1.675000e-05	-1.708954e-01	-4.641710e+00
1.676000e-05	1.932092e-01	-4.874813e+00
1.677000e-05	-1.057221e-01	-5.190729e+00
1.678000e-05	3.255174e-03	-5.549020e+00
1.679000e-05	4.771328e-02	-5.767920e+00
1.680000e-05	-9.442557e-02	-6.075339e+00
1.681000e-05	1.710118e-01	-6.358592e+00
1.682000e-05	-1.294356e-01	-6.601726e+00
1.683000e-05	4.113339e-02	-6.877437e+00
1.684000e-05	-5.375471e-03	-7.160252e+00
1.685000e-05	-5.414704e-02	-7.485987e+00
1.686000e-05	9.675422e-02	-7.727990e+00
1.687000e-05	-1.003558e-01	-8.033798e+00
1.688000e-05	1.502097e-01	-8.234332e+00
1.689000e-05	-1.138641e-01	-8.477988e+00
1.690000e-05	3.413280e-02	-8.760095e+00
1.691000e-05	2.103561e-03	-9.041756e+00
1.692000e-05	-2.431749e-02	-9.275829e+00
1.693000e-05	5.565341e-02	-9.486388e+00
1.694000e-05	-7.001284e-02	-9.737518e+00
1.695000e-05	8.576402e-02	-9.930092e+00
1.696000e-05	-7.097632e-02	-1.016212e+01
1.697000e-05	4.565982e-02	-1.040327e+01
1.698000e-05	-4.270342e-02	-1.063431e+01
1.699000e-05	3.728320e-02	-1.083488e+01
1.700000e-05	-2.432626e-03	-1.106479e+01
1.701000e-05	-1.079945e-02	-1.125696e+01
1.702000e-05	1.810533e-02	-1.146793e+01
1.703000e-05	-2.212451e-02	-1.173159e+01
1.704000e-05	1.775187e-02	-1.191862e+01
1.705000e-05	-2.812469e-02	-1.211904e+01
1.706000e-05	3.966851e-02	-1.231702e+01
1.707000e-05	-1.383979e-02	-1.249749e+01
1.708000e-05	1.306031e-02	-1.270751e+01
1.709000e-05	-2.164572e-02	-1.283333e+01
1.710000e-05	1.503420e-02	-1.303381e+01
1.711000e-05	-6.705416e-03	-1.319125e+01
1.712000e-05	3.852571e-03	-1.333077e+01
1.713000e-05	1.264734e-03	-1.353896e+01
1.714000e-05	5.520061e-03	-1.367538e+01
1.715000e-05	-2.006733e-03	-1.380483e+01
1.716000e-05	-6.919565e-03	-1.398029e+01
1.717000e-05	6.904477e-03	-1.405811e+01
1.718000e-05	-2.553881e-04	-1.425493e+01
1.719000e-05	4.469643e-03	-1.436169e+01
1.720000e-05	-2.881737e-03	-1.452644e+01
1.721000e-05	5.514209e-03	-1.464340e+01
1.722000e-05	-6.461780e-03	-1.474051e+01
1.723000e-05	-3.334221e-03	-1.479640e+01
1.724000e-05	2.889218e-04	-1.492967e+01
1.725000e-05	4.436905e-03	-1.504388e+01
1.726000e-05	3.466257e-03	-1.508856e+01
1.727000e-05	-1.979871e-03	-1.518284e+01
1.728000e-05	-1.224170e-03	-1.527596e+01
1.729000e-05	3.416342e-04	-1.532212e+01
1.730000e-05	9.616044e-04	-1.544217e+01
1.731000e-05	1.305181e-03	-1.549756e+01
1.732000e-05	-1.068168e-03	-1.553064e+01
1.733000e-05	-9.940630e-04	-1.555387e+01
1.734000e-05	-2.572855e-03	-1.562493e+01
1.735000e-05	-1.912595e-03	-1.565748e+01
1.736000e-05	-2.420283e-05	-1.570958e+01
1.737000e-05	3.330996e-03	-1.574962e+01
1.738000e-05	2.425281e-03	-1.572069e+01
1.739000e-05	1.389489e-03	-1.577231e+01
1.740000e-05	-9.791834e-04	-1.577382e+01
1.741000e-05	-6.638389e-04	-1.579275e+01
1.742000e-05	-4.292157e-03	-1.580324e+01
1.743000e-05	-2.230323e-03	-1.576324e+01
1.744000e-05	6.154616e-05	-1.578257e+01
1.745000e-05	2.757083e-03	-1.573269e+01
1.746000e-05	4.879406e-04	-1.568061e+01
1.747000e-05	-6.604323e-04	-1.567791e+01
1.748000e-05	-2.348183e-03	-1.567846e+01
1.749000e-05	-1.355271e-03	-1.562437e+01
1.750000e-05	7.875140e-04	-1.553374e+01
1.751000e-05	1.363004e-03	-1.552014e+01
1.752000e-05	-7.965863e-04	-1.544885e+01
1.753000e-05	-3.498758e-03	-1.537620e+01
1.754000e-05	-2.885130e-03	-1.534114e+01
1.755000e-05	1.154492e-04	-1.523738e+01
1.756000e-05	1.464445e-03	-1.515321e+01
1.757000e-05	-1.575819e-04	-1.507848e+01
1.758000e-05	-6.215130e-04	-1.503225e+01
1.759000e-05	-2.268147e-05	-1.492056e+01
1.760000e-05	-1.084025e-03	-1.478580e+01
1.761000e-05	-2.401967e-03	-1.471951e+01
1.762000e-05	-1.872308e-03	-1.459475e+01
1.763000e-05	-1.565101e-03	-1.452646e+01
1.764000e-05	4.101367e-04	-1.435119e+01
1.765000e-05	1.086253e-03	-1.419327e+01
1.766000e-05	-2.384890e-04	-1.408836e+01
1.767000e-05	-2.521511e-03	-1.394117e+01
1.768000e-05	-2.714826e-03	-1.383170e+01
1.769000e-05	-2.446120e-04	-1.357482e+01
1.770000e-05	1.430851e-04	-1.349898e+01
1.771000e-05	-2.169731e-03	-1.334049e+01
1.772000e-05	-2.427619e-03	-1.318369e+01
1.773000e-05	-2.616053e-03	-1.305470e+01
1.774000e-05	-1.004393e-03	-1.286631e+01
1.775000e-05	-8.465380e-04	-1.267733e+01
1.776000e-05	-1.099409e-03	-1.248800e+01
1.777000e-05	-2.564499e-03	-1.228836e+01
1.778000e-05	-2.220519e-03	-1.211999e+01
1.779000e-05	-2.521937e-03	-1.193158e+01
1.780000e-05	-2.823655e-03	-1.171854e+01
1.781000e-05	-2.836797e-03	-1.148041e+01
1.782000e-05	-2.297729e-03	-1.127730e+01
1.783000e-05	-2.013466e-03	-1.102635e+01
1.784000e-05	-2.023038e-03	-1.079625e+01
1.785000e-05	-2.409221e-03	-1.061575e+01
1.786000e-05	-3.224327e-03	-1.043475e+01
1.787000e-05	-3.246578e-03	-1.015169e+01
1.788000e-05	-3.537802e-03	-9.970965e+00
1.789000e-05	-2.546542e-03	-9.708962e+00
1.790000e-05	-2.447945e-03	-9.529435e+00
1.791000e-05	-3.448926e-03	-9.298779e+00
1.792000e-05	-3.453341e-03	-9.024746e+00
1.793000e-05	-3.493153e-03	-8.823650e+00
1.794000e-05	-3.552873e-03	-8.551516e+00
1.795000e-05	-3.118836e-03	-8.277258e+00
1.796000e-05	-2.538838e-03	-8.075305e+00
1.797000e-05	-3.986092e-03	-7.792167e+00
1.798000e-05	-4.278140e-03	-7.487884e+00
1.799000e-05	-3.904889e-03	-7.255250e+00
1.800000e-05	-2.040043e-03	-6.970612e+00
1.801000e-05	-4.446082e-03	-6.715330e+00
1.802000e-05	-4.184021e-03	-6.474604e+00
1.803000e-05	-4.474968e-03	-6.171991e+00
1.804000e-05	-1.706654e-03	-5.887359e+00
1.805000e-05	-4.330020e-03	-5.613495e+00
1.806000e-05	-3.688320e-03	-5.316858e+00
1.807000e-05	-5.168799e-03	-4.993653e+00
1.808000e-05	-2.832152e-03	-4.656254e+00
1.809000e-05	-4.980691e-03	-4.421625e+00
1.810000e-05	-3.745512e-03	-4.181024e+00
1.811000e-05	-5.143070e-03	-3.927313e+00
1.812000e-05	-5.011797e-03	-3.653099e+00
1.813000e-05	-4.244330e-03	-3.358389e+00
1.814000e-05	-4.890374e-03	-3.044200e+00
1.815000e-05	-6.271858e-03	-2.758868e+00
1.816000e-05	-3.062349e-03	-2.484257e+00
1.817000e-05	-7.397543e-03	-2.168890e+00
1.818000e-05	-7.306865e-04	-1.884757e+00
1.819000e-05	-6.467628e-03	-1.631516e+00
1.820000e-05	-1.346382e-03	-1.321581e+00
1.821000e-05	-5.426246e-03	-9.784458e-01
1.822000e-05	-4.580887e-03	-6.932582e-01
1.823000e-05	-4.378710e-03	-3.684198e-01
1.824000e-05	-4.724002e-03	-1.253092e-01
1.825000e-05	7.090846e-03	2.079548e-01
1.826000e-05	-1.786342e-03	4.621606e-01
1.827000e-05	-3.051478e-04	7.267423e-01
1.828000e-05	-1.340224e-04	1.001454e+00
1.829000e-05	8.933808e-04	1.293666e+00
1.830000e-05	-2.781931e-04	1.600730e+00
1.831000e-05	3.138033e-03	1.883748e+00
1.832000e-05	1.265405e-02	2.085343e+00
1.833000e-05	6.344136e-02	2.376973e+00
1.834000e-05	3.139404e-02	2.706925e+00
1.835000e-05	-8.067863e-02	3.032285e+00
1.836000e-05	-1.454371e-02	3.345320e+00
1.837000e-05	-3.315171e-02	3.622653e+00
1.838000e-05	-5.067318e-03	3.864182e+00
1.839000e-05	-4.690122e-02	4.106367e+00
1.840000e-05	4.361815e-02	4.357445e+00
1.841000e-05	6.852969e-02	4.592229e+00
1.842000e-05	-1.232344e-01	4.920036e+00
1.843000e-05	1.230673e-01	5.192173e+00
1.844000e-05	-3.384292e-02	5.546871e+00
1.845000e-05	-5.834605e-02	5.811057e+00
1.846000e-05	4.826789e-02	6.036322e+00
1.847000e-05	-2.442447e-02	6.306918e+00
1.848000e-05	5.847755e-02	6.631082e+00
1.849000e-05	-6.072046e-02	6.884864e+00
1.850000e-05	5.753919e-03	7.171073e+00
1.851000e-05	8.989119e-03	7.484237e+00
1.852000e-05	-1.763433e-02	7.778468e+00
1.853000e-05	2.015916e-02	8.013705e+00
1.854000e-05	-3.384378e-02	8.294893e+00
1.855000e-05	5.972327e-02	8.545887e+00
1.856000e-05	-4.566070e-02	8.747520e+00
1.857000e-05	-6.850236e-03	8.961601e+00
1.858000e-05	1.190245e-02	9.213255e+00
1.859000e-05	-1.838646e-02	9.433705e+00
1.860000e-05	1.796473e-02	9.677912e+00
1.861000e-05	-2.388540e-02	9.929544e+00
1.862000e-05	2.483559e-02	1.015957e+01
1.863000e-05	-3.330233e-02	1.039120e+01
1.864000e-05	1.034734e-02	1.061326e+01
1.865000e-05	-1.310010e-02	1.077426e+01
1.866000e-05	9.001773e-03	1.106526e+01
1.867000e-05	-5.448039e-03	1.121391e+01
1.868000e-05	-1.350791e-02	1.149194e+01
1.869000e-05	8.952381e-03	1.170936e+01
1.870000e-05	-1.062870e-02	1.188849e+01
1.871000e-05	-1.561994e-03	1.207547e+01
1.872000e-05	-1.460249e-02	1.228644e+01
1.873000e-05	1.617595e-02	1.245686e+01
1.874000e-05	-5.578363e-03	1.264529e+01
1.875000e-05	-8.756327e-03	1.280430e+01
1.876000e-05	-1.320439e-02	1.300320e+01
1.877000e-05	-4.967171e-05	1.313159e+01
1.878000e-05	1.066567e-03	1.330014e+01
1.879000e-05	-9.781520e-03	1.345629e+01
1.880000e-05	2.035944e-04	1.361640e+01
1.881000e-05	-4.959792e-03	1.379367e+01
1.882000e-05	-8.525643e-04	1.393915e+01
1.883000e-05	-1.026481e-02	1.407853e+01
1.884000e-05	-1.516689e-03	1.420743e+01
1.885000e-05	-5.066381e-03	1.440267e+01
1.886000e-05	-4.014033e-03	1.447999e+01
1.887000e-05	-3.519052e-03	1.458483e+01
1.888000e-05	-5.383187e-03	1.473106e+01
1.889000e-05	-7.251473e-03	1.482585e+01
1.890000e-05	-9.378798e-03	1.490947e+01
1.891000e-05	-2.344641e-04	1.500470e+01
1.892000e-05	-3.500594e-03	1.507841e+01
1.893000e-05	-4.159039e-03	1.512174e+01
1.894000e-05	-7.384256e-03	1.521538e+01
1.895000e-05	-4.612733e-03	1.532207e+01
1.896000e-05	-4.551094e-03	1.540267e+01
1.897000e-05	-6.064282e-03	1.542601e+01
1.898000e-05	-5.071523e-03	1.550961e+01
1.899000e-05	-6.442661e-03	1.555219e+01
1.900000e-05	-2.957893e-03	1.555475e+01
1.901000e-05	-6.900118e-03	1.566643e+01
1.902000e-05	-7.031714e-03	1.566691e+01
1.903000e-05	-7.007692e-03	1.570954e+01
1.904000e-05	-3.008743e-03	1.571052e+01
1.905000e-05	-4.432586e-03	1.571114e+01
1.906000e-05	-7.841231e-03	1.576117e+01
1.907000e-05	-6.436549e-03	1.575267e+01
1.908000e-05	-6.360709e-03	1.576324e+01
1.909000e-05	-5.393600e-03	1.576267e+01
1.910000e-05	-7.054711e-03	1.571309e+01
1.911000e-05	-4.212793e-03	1.573959e+01
1.912000e-05	-5.398422e-03	1.573701e+01
1.913000e-05	-7.301489e-03	1.566743e+01
1.914000e-05	-7.034449e-03	1.563682e+01
1.915000e-05	-7.104987e-03	1.558422e+01
1.916000e-05	-5.835678e-03	1.550104e+01
1.917000e-05	-7.114169e-03	1.548849e+01
1.918000e-05	-5.169814e-03	1.539637e+01
1.919000e-05	-6.251061e-03	1.534314e+01
1.920000e-05	-7.186152e-03	1.531951e+01
1.921000e-05	-7.808682e-03	1.521388e+01
1.922000e-05	-4.980163e-03	1.511119e+01
1.923000e-05	-5.373925e-03	1.506745e+01
1.924000e-05	-6.750939e-03	1.496325e+01
1.925000e-05	-5.401781e-03	1.485736e+01
1.926000e-05	-7.492846e-03	1.474262e+01
1.927000e-05	-6.375965e-03	1.466685e+01
1.928000e-05	-7.765913e-03	1.458062e+01
1.929000e-05	-4.938691e-03	1.442442e+01
1.930000e-05	-5.634834e-03	1.429153e+01
1.931000e-05	-5.969295e-03	1.416472e+01
1.932000e-05	-7.450019e-03	1.401847e+01
1.933000e-05	-6.356679e-03	1.388743e+01
1.934000e-05	-6.412965e-03	1.375164e+01
1.935000e-05	-7.525767e-03	1.356475e+01
1.936000e-05	-6.683975e-03	1.340631e+01
1.937000e-05	-5.247703e-03	1.328983e+01
1.938000e-05	-4.982381e-03	1.311051e+01
1.939000e-05	-7.852577e-03	1.299262e+01
1.940000e-05	-7.264716e-03	1.279335e+01
1.941000e-05	-6.229283e-03	1.260375e+01
1.942000e-05	-4.972225e-03	1.244680e+01
1.943000e-05	-5.979528e-03	1.225540e+01
1.944000e-05	-6.346527e-03	1.208888e+01
1.945000e-05	-5.107264e-03	1.186843e+01
1.946000e-05	-6.812653e-03	1.168693e+01
1.947000e-05	-6.486705e-03	1.141682e+01
1.948000e-05	-6.258750e-03	1.119580e+01
1.949000e-05	-5.376385e-03	1.101466e+01
1.950000e-05	-5.789220e-03	1.079475e+01
1.951000e-05	-6.419888e-03	1.059367e+01
1.952000e-05	-5.498817e-03	1.038252e+01
1.953000e-05	-6.621574e-03	1.017102e+01
1.954000e-05	-7.283989e-03	9.939962e+00
1.955000e-05	-5.933613e-03	9.685807e+00
1.956000e-05	-4.789711e-03	9.415254e+00
1.957000e-05	-6.008699e-03	9.234128e+00
1.958000e-05	-6.700290e-03	8.963121e+00
1.959000e-05	-6.334534e-03	8.789494e+00
1.960000e-05	-5.798247e-03	8.518835e+00
1.961000e-05	-5.191284e-03	8.225707e+00
1.962000e-05	-6.600598e-03	8.012046e+00
1.963000e-05	-5.205154e-03	7.749439e+00
1.964000e-05	-6.022165e-03	7.457433e+00
1.965000e-05	-5.890563e-03	7.241620e+00
1.966000e-05	-6.015588e-03	6.949812e+00
1.967000e-05	-5.679008e-03	6.657707e+00
1.968000e-05	-5.989399e-03	6.370970e+00
1.969000e-05	-5.677674e-03	6.128938e+00
1.970000e-05	-5.833161e-03	5.886755e+00
1.971000e-05	-5.903883e-03	5.562070e+00
1.972000e-05	-6.085698e-03	5.327837e+00
1.973000e-05	-5.492300e-03	4.930015e+00
1.974000e-05	-4.965134e-03	4.704182e+00
1.975000e-05	-5.997899e-03	4.392073e+00
1.976000e-05	-6.173436e-03	4.108358e+00
1.977000e-05	-5.984738e-03	3.794603e+00
1.978000e-05	-5.280199e-03	3.580017e+00
1.979000e-05	-5.883409e-03	3.243603e+00
1.980000e-05	-5.376684e-03	2.970491e+00
1.981000e-05	-5.758420e-03	2.726866e+00
1.982000e-05	-5.444935e-03	2.391447e+00
1.983000e-05	-5.538424e-03	2.105259e+00
1.984000e-05	-5.083471e-03	1.835078e+00
1.985000e-05	-5.667895e-03	1.527788e+00
1.986000e-05	-5.348159e-03	1.223054e+00
1.987000e-05	-4.427132e-03	9.327593e-01
1.988000e-05	-4.357382e-03	5.804525e-01
1.989000e-05	-4.902413e-03	3.483160e-01
1.990000e-05	-2.988976e-03	1.250018e-02
1.991000e-05	5.893381e-03	-2.442090e-01
1.992000e-05	8.580696e-04	-5.123356e-01
1.993000e-05	-1.688591e-03	-7.901299e-01
1.994000e-05	-3.770936e-04	-1.062714e+00
1.995000e-05	-2.091883e-03	-1.398602e+00
1.996000e-05	-1.401597e-03	-1.671658e+00
1.997000e-05	1.196304e-02	-1.893814e+00
1.998000e-05	4.863866e-02	-2.135737e+00
1.999000e-05	8.143711e-02	-2.430259e+00
2.000000e-05	-9.608201e-02	-2.801177e+00
2.001000e-05	5.628336e-04	-3.181129e+00
2.002000e-05	-4.419334e-02	-3.494288e+00
2.003000e-05	-8.729210e-03	-3.703259e+00
2.004000e-05	-9.301881e-02	-3.927523e+00
2.005000e-05	1.353975e-01	-4.147969e+00
2.006000e-05	1.446936e-02	-4.349046e+00
2.007000e-05	-9.930403e-02	-4.703515e+00
2.008000e-05	1.797504e-01	-4.957045e+00
2.009000e-05	-1.798862e-01	-5.284892e+00
2.010000e-05	9.571027e-02	-5.581144e+00
2.011000e-05	-4.426210e-02	-5.840706e+00
2.012000e-05	-9.038713e-03	-6.156475e+00
2.013000e-05	1.246651e-01	-6.390628e+00
2.014000e-05	-1.490980e-01	-6.684417e+00
2.015000e-05	9.238638e-02	-7.010118e+00
2.016000e-05	-7.251825e-02	-7.262783e+00
2.017000e-05	2.160789e-02	-7.537019e+00
2.018000e-05	3.396605e-02	-7.750700e+00
2.019000e-05	-5.278444e-02	-8.064914e+00
2.020000e-05	1.302809e-01	-8.358020e+00
2.021000e-05	-1.422614e-01	-8.590174e+00
2.022000e-05	8.855036e-02	-8.874755e+00
2.023000e-05	-5.295694e-02	-9.053909e+00
2.024000e-05	3.241008e-02	-9.286420e+00
2.025000e-05	2.327993e-03	-9.520115e+00
2.026000e-05	-2.857257e-02	-9.811204e+00
2.027000e-05	6.089104e-02	-9.992178e+00
2.028000e-05	-6.628910e-02	-1.025483e+01
2.029000e-05	5.127377e-02	-1.044441e+01
2.030000e-05	-5.286990e-02	-1.071541e+01
2.031000e-05	6.112690e-02	-1.088648e+01
2.032000e-05	-3.374149e-02	-1.106706e+01
2.033000e-05	1.621678e-02	-1.131707e+01
2.034000e-05	-4.910041e-03	-1.149012e+01
2.035000e-05	-1.921302e-03	-1.174272e+01
2.036000e-05	-3.859169e-04	-1.195169e+01
2.037000e-05	-1.169358e-02	-1.217107e+01
2.038000e-05	3.269501e-02	-1.235364e+01
2.039000e-05	-1.286668e-02	-1.255000e+01
2.040000e-05	8.658840e-03	-1.269609e+01
2.041000e-05	-2.074137e-02	-1.290643e+01
2.042000e-05	1.818308e-02	-1.307599e+01
2.043000e-05	-1.155615e-02	-1.318430e+01
2.044000e-05	8.917609e-03	-1.341373e+01
2.045000e-05	-2.177712e-03	-1.352959e+01
2.046000e-05	8.726519e-03	-1.367898e+01
2.047000e-05	-9.039067e-03	-1.384543e+01
2.048000e-05	-9.338558e-04	-1.403325e+01
2.049000e-05	4.058898e-03	-1.412969e+01
2.050000e-05	4.404572e-03	-1.427853e+01
2.051000e-05	-1.492258e-04	-1.435330e+01
2.052000e-05	-3.588853e-04	-1.450964e+01
2.053000e-05	1.588889e-03	-1.467440e+01
2.054000e-05	-6.088466e-03	-1.474104e+01
2.055000e-05	-9.457165e-04	-1.482540e+01
2.056000e-05	9.984961e-04	-1.498210e+01
2.057000e-05	6.724420e-03	-1.504593e+01
2.058000e-05	7.310819e-04	-1.509966e+01
2.059000e-05	-1.077841e-03	-1.520537e+01
2.060000e-05	-2.293141e-03	-1.532611e+01
2.061000e-05	-6.471332e-04	-1.538272e+01
2.062000e-05	2.261378e-04	-1.544535e+01
2.063000e-05	9.779367e-04	-1.550856e+01
2.064000e-05	5.188442e-04	-1.552311e+01
2.065000e-05	4.056004e-04	-1.562285e+01
2.066000e-05	-1.774740e-03	-1.564643e+01
2.067000e-05	-2.031218e-03	-1.568845e+01
2.068000e-05	1.057378e-03	-1.567251e+01
2.069000e-05	3.093437e-03	-1.576159e+01
2.070000e-05	1.816206e-03	-1.578009e+01
2.071000e-05	-1.312010e-03	-1.575327e+01
2.072000e-05	-1.399362e-03	-1.578267e+01
2.073000e-05	-2.052065e-03	-1.576427e+01
2.074000e-05	-1.994325e-03	-1.580317e+01
2.075000e-05	-2.627539e-04	-1.573427e+01
2.076000e-05	2.876311e-03	-1.575219e+01
2.077000e-05	1.246956e-03	-1.573166e+01
2.078000e-05	-4.287392e-04	-1.570053e+01
2.079000e-05	-1.698348e-03	-1.566801e+01
2.080000e-05	3.616791e-05	-1.566645e+01
2.081000e-05	-1.341979e-03	-1.557234e+01
2.082000e-05	-3.996870e-04	-1.553214e+01
2.083000e-05	1.123748e-03	-1.549848e+01
2.084000e-05	-4.625703e-04	-1.545651e+01
2.085000e-05	-1.489457e-03	-1.534330e+01
2.086000e-05	-1.948115e-03	-1.529853e+01
2.087000e-05	-1.509225e-05	-1.521578e+01
2.088000e-05	2.052313e-04	-1.511019e+01
2.089000e-05	-6.468375e-04	-1.505693e+01
2.090000e-05	-4.184893e-04	-1.501370e+01
2.091000e-05	-1.628970e-03	-1.487046e+01
2.092000e-05	-1.601771e-03	-1.478374e+01
2.093000e-05	-2.271976e-03	-1.469988e+01
2.094000e-05	-2.437488e-04	-1.460217e+01
2.095000e-05	-1.221019e-03	-1.445533e+01
2.096000e-05	-1.464093e-03	-1.432851e+01
2.097000e-05	-1.048901e-03	-1.420319e+01
2.098000e-05	-1.064224e-03	-1.409490e+01
2.099000e-05	-1.565728e-03	-1.386051e+01
2.100000e-05	-1.188727e-03	-1.374114e+01
2.101000e-05	-1.802070e-03	-1.357377e+01
2.102000e-05	-1.357880e-03	-1.344581e+01
2.103000e-05	-1.994661e-03	-1.329805e+01
2.104000e-05	-2.332959e-03	-1.314108e+01
2.105000e-05	-2.405945e-03	-1.299017e+01
2.106000e-05	-1.778243e-03	-1.280373e+01
2.107000e-05	-1.785731e-03	-1.264435e+01
2.108000e-05	-2.403696e-03	-1.245691e+01
2.109000e-05	-2.764149e-03	-1.225791e+01
2.110000e-05	-1.290081e-03	-1.211848e+01
2.111000e-05	-3.497111e-03	-1.187786e+01
2.112000e-05	-2.948053e-03	-1.165550e+01
2.113000e-05	-2.356036e-03	-1.143725e+01
2.114000e-05	-1.981273e-03	-1.119379e+01
2.115000e-05	-2.379427e-03	-1.099222e+01
2.116000e-05	-2.747869e-03	-1.077162e+01
2.117000e-05	-2.613309e-03	-1.057072e+01
2.118000e-05	-3.492154e-03	-1.040114e+01
2.119000e-05	-3.868157e-03	-1.013846e+01
2.120000e-05	-2.836997e-03	-9.898907e+00
2.121000e-05	-1.349798e-03	-9.697811e+00
2.122000e-05	-3.539558e-03	-9.474852e+00
2.123000e-05	-4.275223e-03	-9.222201e+00
2.124000e-05	-3.317937e-03	-8.981620e+00
2.125000e-05	-3.172214e-03	-8.748066e+00
2.126000e-05	-4.092187e-03	-8.467308e+00
2.127000e-05	-3.310603e-03	-8.235200e+00
2.128000e-05	-3.597076e-03	-8.022141e+00
2.129000e-05	-3.184248e-03	-7.677406e+00
2.130000e-05	-4.275753e-03	-7.394226e+00
2.131000e-05	-4.619926e-03	-7.132073e+00
2.132000e-05	-3.547247e-03	-6.905808e+00
2.133000e-05	-3.487777e-03	-6.623673e+00
2.134000e-05	-3.563676e-03	-6.371022e+00
2.135000e-05	-3.999299e-03	-6.107257e+00
2.136000e-05	-3.264196e-03	-5.865173e+00
2.137000e-05	-4.729599e-03	-5.570468e+00
2.138000e-05	-2.953014e-03	-5.224300e+00
2.139000e-05	-4.866704e-03	-4.947491e+00
2.140000e-05	-3.238846e-03	-4.518621e+00
2.141000e-05	-5.337772e-03	-4.400522e+00
2.142000e-05	-3.754837e-03	-4.088787e+00
2.143000e-05	-4.671854e-03	-3.872604e+00
2.144000e-05	-4.863528e-03	-3.550339e+00
2.145000e-05	-4.840627e-03	-3.275282e+00
2.146000e-05	-5.464124e-03	-2.968938e+00
2.147000e-05	-4.015536e-03	-2.694262e+00
2.148000e-05	-4.917870e-03	-2.381596e+00
2.149000e-05	-3.600721e-03	-2.096181e+00
2.150000e-05	-5.684345e-03	-1.822623e+00
2.151000e-05	-3.939703e-03	-1.567443e+00
2.152000e-05	-5.039128e-03	-1.209446e+00
2.153000e-05	-4.082664e-03	-8.852329e-01
2.154000e-05	-4.089685e-03	-6.389760e-01
2.155000e-05	-5.381608e-03	-3.168331e-01
2.156000e-05	-1.654113e-03	-4.307781e-02
2.157000e-05	7.288481e-03	2.527919e-01
2.158000e-05	-2.620448e-03	5.167934e-01
2.159000e-05	2.770536e-03	7.289034e-01
2.160000e-05	-2.682508e-03	1.065213e+00
2.161000e-05	3.045293e-04	1.327422e+00
2.162000e-05	-6.270878e-03	1.693341e+00
2.163000e-05	1.093131e-02	1.915966e+00
2.164000e-05	1.882910e-02	2.150018e+00
2.165000e-05	8.168792e-02	2.432684e+00
2.166000e-05	-1.577629e-02	2.782156e+00
2.167000e-05	-6.467223e-02	3.096520e+00
2.168000e-05	-2.020664e-02	3.362603e+00
2.169000e-05	-2.020271e-02	3.664740e+00
2.170000e-05	-2.423270e-02	3.926041e+00
2.171000e-05	-3.297868e-02	4.131024e+00
2.172000e-05	6.615697e-02	4.411150e+00
2.173000e-05	3.639435e-02	4.695917e+00
2.174000e-05	-1.170352e-01	5.022608e+00
2.175000e-05	1.652077e-01	5.295762e+00
2.176000e-05	-1.201088e-01	5.549676e+00
2.177000e-05	1.563410e-02	5.865286e+00
2.178000e-05	4.519764e-03	6.138049e+00
2.179000e-05	1.136052e-02	6.389278e+00
2.180000e-05	3.582970e-02	6.674663e+00
2.181000e-05	-7.100122e-02	6.949577e+00
2.182000e-05	2.960981e-02	7.224433e+00
2.183000e-05	-1.729665e-02	7.539518e+00
2.184000e-05	9.648519e-03	7.803600e+00
2.185000e-05	-8.023947e-03	8.116510e+00
2.186000e-05	-5.623411e-03	8.318067e+00
2.187000e-05	4.320729e-02	8.589995e+00
2.188000e-05	-5.360033e-02	8.791302e+00
2.189000e-05	1.198457e-02	9.065254e+00
2.190000e-05	-4.658693e-03	9.306837e+00
2.191000e-05	-2.200193e-03	9.518466e+00
2.192000e-05	4.169561e-03	9.720043e+00
2.193000e-05	-8.378136e-03	9.963154e+00
2.194000e-05	9.198418e-03	1.018323e+01
2.195000e-05	-2.725865e-02	1.049539e+01
2.196000e-05	7.276640e-03	1.065591e+01
2.197000e-05	-8.240685e-03	1.089636e+01
2.198000e-05	1.083769e-02	1.106746e+01
2.199000e-05	-1.016884e-02	1.129699e+01
2.200000e-05	-7.552733e-03	1.153104e+01
2.201000e-05	4.544306e-03	1.172109e+01
2.202000e-05	-9.216801e-03	1.192117e+01
2.203000e-05	-7.702774e-03	1.213902e+01
2.204000e-05	-6.782378e-03	1.232064e+01
2.205000e-05	1.269030e-02	1.248894e+01
2.206000e-05	-4.949945e-03	1.267846e+01
2.207000e-05	-1.125496e-02	1.286443e+01
2.208000e-05	-7.499990e-03	1.302478e+01
2.209000e-05	1.972076e-04	1.316577e+01
2.210000e-05	-2.151124e-03	1.336312e+01
2.211000e-05	-8.990464e-03	1.347961e+01
2.212000e-05	-5.387339e-04	1.365096e+01
2.213000e-05	-3.095417e-03	1.386535e+01
2.214000e-05	-5.691921e-03	1.396262e+01
2.215000e-05	-7.470144e-03	1.413164e+01
2.216000e-05	-2.806590e-03	1.426004e+01
2.217000e-05	-2.075404e-03	1.443435e+01
2.218000e-05	-5.131127e-03	1.450004e+01
2.219000e-05	-2.281214e-03	1.466633e+01
2.220000e-05	-7.831457e-03	1.473209e+01
2.221000e-05	-8.393640e-03	1.485581e+01
2.222000e-05	-7.312598e-03	1.492914e+01
2.223000e-05	-8.360234e-04	1.505370e+01
2.224000e-05	-2.818491e-03	1.508906e+01
2.225000e-05	-5.446083e-03	1.518377e+01
2.226000e-05	-4.458215e-03	1.528740e+01
2.227000e-05	-4.859999e-03	1.532009e+01
2.228000e-05	-4.762604e-03	1.541430e+01
2.229000e-05	-9.296655e-03	1.545543e+01
2.230000e-05	-5.418793e-03	1.552254e+01
2.231000e-05	-4.821223e-03	1.556222e+01
2.232000e-05	-3.450592e-03	1.561382e+01
2.233000e-05	-8.548342e-03	1.566746e+01
2.234000e-05	-8.903259e-03	1.566796e+01
2.235000e-05	-4.240237e-03	1.572861e+01
2.236000e-05	-3.065536e-03	1.570110e+01
2.237000e-05	-4.786261e-03	1.575217e+01
2.238000e-05	-7.765121e-03	1.575262e+01
2.239000e-05	-5.752676e-03	1.576317e+01
2.240000e-05	-6.857888e-03	1.573365e+01
2.241000e-05	-7.003230e-03	1.575109e+01
2.242000e-05	-7.437175e-03	1.573109e+01
2.243000e-05	-4.582811e-03	1.568002e+01
2.244000e-05	-5.459164e-03	1.573006e+01
2.245000e-05	-6.937155e-03	1.560691e+01
2.246000e-05	-5.409496e-03	1.562483e+01
2.247000e-05	-6.498083e-03	1.554272e+01
2.248000e-05	-6.673740e-03	1.550071e+01
2.249000e-05	-6.810187e-03	1.548696e+01
2.250000e-05	-4.809803e-03	1.544585e+01
2.251000e-05	-6.608316e-03	1.533312e+01
2.252000e-05	-7.240250e-03	1.531891e+01
2.253000e-05	-6.595166e-03	1.519527e+01
2.254000e-05	-6.114749e-03	1.510014e+01
2.255000e-05	-5.152851e-03	1.504643e+01
2.256000e-05	-6.658724e-03	1.497259e+01
2.257000e-05	-4.817630e-03	1.481681e+01
2.258000e-05	-7.877185e-03	1.471161e+01
2.259000e-05	-7.057136e-03	1.464586e+01
2.260000e-05	-7.257762e-03	1.450999e+01
2.261000e-05	-5.866751e-03	1.441424e+01
2.262000e-05	-5.877894e-03	1.430943e+01
2.263000e-05	-7.074152e-03	1.415419e+01
2.264000e-05	-5.803434e-03	1.398327e+01
2.265000e-05	-6.454310e-03	1.386748e+01
2.266000e-05	-5.937974e-03	1.372051e+01
2.267000e-05	-7.968367e-03	1.353316e+01
2.268000e-05	-6.369151e-03	1.344322e+01
2.269000e-05	-7.155340e-03	1.319633e+01
2.270000e-05	-5.077684e-03	1.309798e+01
2.271000e-05	-6.827917e-03	1.290006e+01
2.272000e-05	-5.874578e-03	1.276109e+01
2.273000e-05	-6.537132e-03	1.256267e+01
2.274000e-05	-6.499481e-03	1.239565e+01
2.275000e-05	-5.626940e-03	1.225473e+01
2.276000e-05	-5.289833e-03	1.206677e+01
2.277000e-05	-6.296151e-03	1.184588e+01
2.278000e-05	-7.040402e-03	1.159618e+01
2.279000e-05	-7.225117e-03	1.142277e+01
2.280000e-05	-5.393942e-03	1.121214e+01
2.281000e-05	-5.895270e-03	1.098254e+01
2.282000e-05	-5.936028e-03	1.074157e+01
2.283000e-05	-6.141348e-03	1.056001e+01
2.284000e-05	-5.498683e-03	1.029996e+01
2.285000e-05	-6.600561e-03	1.013888e+01
2.286000e-05	-6.658319e-03	9.864830e+00
2.287000e-05	-6.090332e-03	9.664122e+00
2.288000e-05	-5.409735e-03	9.361096e+00
2.289000e-05	-5.456443e-03	9.182542e+00
2.290000e-05	-5.919524e-03	8.930433e+00
2.291000e-05	-5.994734e-03	8.677281e+00
2.292000e-05	-5.865015e-03	8.435301e+00
2.293000e-05	-6.259488e-03	8.222669e+00
2.294000e-05	-5.917559e-03	7.920387e+00
2.295000e-05	-5.728681e-03	7.667303e+00
2.296000e-05	-5.840216e-03	7.392491e+00
2.297000e-05	-5.645679e-03	7.116368e+00
2.298000e-05	-6.118301e-03	6.865682e+00
2.299000e-05	-5.988001e-03	6.631576e+00
2.300000e-05	-6.053435e-03	6.327936e+00
2.301000e-05	-5.595703e-03	6.056230e+00
2.302000e-05	-5.940185e-03	5.803070e+00
2.303000e-05	-5.734436e-03	5.497462e+00
2.304000e-05	-5.899941e-03	5.204677e+00
2.305000e-05	-5.624509e-03	4.916179e+00
2.306000e-05	-5.991662e-03	4.611570e+00
2.307000e-05	-5.269723e-03	4.318970e+00
2.308000e-05	-5.668959e-03	4.063129e+00
2.309000e-05	-5.096796e-03	3.779340e+00
2.310000e-05	-6.492913e-03	3.495831e+00
2.311000e-05	-5.654650e-03	3.220523e+00
2.312000e-05	-6.525736e-03	2.887307e+00
2.313000e-05	-5.055454e-03	2.603105e+00
2.314000e-05	-5.618695e-03	2.328790e+00
2.315000e-05	-5.033374e-03	2.063128e+00
2.316000e-05	-5.647083e-03	1.778815e+00
2.317000e-05	-5.963887e-03	1.463205e+00
2.318000e-05	-5.548150e-03	1.148791e+00
2.319000e-05	-4.727229e-03	7.750001e-01
2.320000e-05	-5.332803e-03	5.492157e-01
2.321000e-05	-4.133411e-03	2.721293e-01
2.322000e-05	-1.834026e-03	-6.220415e-02
2.323000e-05	8.445358e-03	-2.958630e-01
2.324000e-05	-4.124093e-03	-5.364537e-01
2.325000e-05	2.066058e-03	-8.702067e-01
2.326000e-05	-3.600658e-03	-1.136893e+00
2.327000e-05	1.408800e-03	-1.442214e+00
2.328000e-05	-3.620093e-03	-1.725739e+00
2.329000e-05	1.961335e-02	-1.945870e+00
2.330000e-05	6.401198e-02	-2.150552e+00
2.331000e-05	4.949743e-02	-2.486498e+00
2.332000e-05	-1.018518e-01	-2.924914e+00
2.333000e-05	1.625680e-02	-3.294762e+00
2.334000e-05	-5.261602e-02	-3.485864e+00
2.335000e-05	-1.419019e-02	-3.757974e+00
2.336000e-05	-7.981232e-02	-4.031554e+00
2.337000e-05	1.926159e-01	-4.200652e+00
2.338000e-05	-8.722944e-02	-4.463833e+00
2.339000e-05	-1.402652e-02	-4.791126e+00
2.340000e-05	1.069597e-01	-5.011057e+00
2.341000e-05	-1.712354e-01	-5.361148e+00
2.342000e-05	1.475042e-01	-5.644731e+00
2.343000e-05	-1.163727e-01	-5.885918e+00
2.344000e-05	8.080294e-02	-6.169604e+00
2.345000e-05	3.926076e-02	-6.415283e+00
2.346000e-05	-1.161126e-01	-6.750221e+00
2.347000e-05	1.068853e-01	-7.051231e+00
2.348000e-05	-1.133776e-01	-7.318997e+00
2.349000e-05	8.676024e-02	-7.592805e+00
2.350000e-05	-4.050374e-02	-7.882884e+00
2.351000e-05	2.590424e-02	-8.139491e+00
2.352000e-05	6.307896e-02	-8.358550e+00
2.353000e-05	-1.206985e-01	-8.662809e+00
2.354000e-05	1.007363e-01	-8.897414e+00
2.355000e-05	-8.276614e-02	-9.139096e+00
2.356000e-05	7.615346e-02	-9.370571e+00
2.357000e-05	-4.852305e-02	-9.571724e+00
2.358000e-05	2.574789e-02	-9.833255e+00
2.359000e-05	1.221294e-02	-1.006686e+01
2.360000e-05	-3.580615e-02	-1.029756e+01
2.361000e-05	3.106813e-02	-1.054644e+01
2.362000e-05	-4.030362e-02	-1.075052e+01
2.363000e-05	6.051922e-02	-1.092889e+01
2.364000e-05	-4.616948e-02	-1.109319e+01
2.365000e-05	3.422873e-02	-1.140070e+01
2.366000e-05	-2.427142e-02	-1.159335e+01
2.367000e-05	1.485003e-02	-1.183383e+01
2.368000e-05	-1.920089e-02	-1.200383e+01
2.369000e-05	9.345867e-03	-1.224233e+01
2.370000e-05	1.594404e-02	-1.237182e+01
2.371000e-05	-4.739023e-03	-1.256223e+01
2.372000e-05	-8.350293e-04	-1.273119e+01
2.373000e-05	-1.132128e-02	-1.292904e+01
2.374000e-05	1.375375e-02	-1.308807e+01
2.375000e-05	-1.158125e-02	-1.321646e+01
2.376000e-05	1.044397e-02	-1.344227e+01
2.377000e-05	-3.370826e-03	-1.355322e+01
2.378000e-05	1.002850e-02	-1.372962e+01
2.379000e-05	-1.336172e-02	-1.387653e+01
2.380000e-05	4.610732e-03	-1.402788e+01
2.381000e-05	2.201658e-04	-1.417070e+01
2.382000e-05	5.302489e-03	-1.429959e+01
2.383000e-05	-3.036635e-03	-1.441388e+01
2.384000e-05	4.319385e-03	-1.457005e+01
2.385000e-05	-1.563399e-03	-1.469543e+01
2.386000e-05	-5.497337e-03	-1.476227e+01
2.387000e-05	-1.525356e-03	-1.487593e+01
2.388000e-05	3.493187e-03	-1.499270e+01
2.389000e-05	6.092526e-03	-1.506888e+01
2.390000e-05	-1.207602e-03	-1.514014e+01
2.391000e-05	-1.111921e-03	-1.523295e+01
2.392000e-05	-2.105726e-03	-1.531057e+01
2.393000e-05	3.167767e-04	-1.535175e+01
2.394000e-05	5.167117e-04	-1.544585e+01
2.395000e-05	1.784681e-03	-1.550956e+01
2.396000e-05	7.266961e-04	-1.554117e+01
2.397000e-05	8.774079e-05	-1.562575e+01
2.398000e-05	-2.708216e-03	-1.564488e+01
2.399000e-05	-7.183563e-04	-1.573904e+01
2.400000e-05	1.569344e-03	-1.568006e+01
2.401000e-05	2.089460e-03	-1.574269e+01
2.402000e-05	7.599651e-04	-1.573122e+01
2.403000e-05	-5.153388e-04	-1.575272e+01
2.404000e-05	-4.949678e-04	-1.582379e+01
2.405000e-05	-1.947618e-03	-1.578480e+01
2.406000e-05	-1.769262e-03	-1.578232e+01
2.407000e-05	4.212577e-04	-1.578369e+01
2.408000e-05	2.391969e-03	-1.576267e+01
2.409000e-05	2.299973e-04	-1.571064e+01
2.410000e-05	-1.691400e-03	-1.572851e+01
2.411000e-05	-1.369077e-03	-1.564758e+01
2.412000e-05	-8.193435e-04	-1.563678e+01
2.413000e-05	-1.047429e-03	-1.558325e+01
2.414000e-05	6.102550e-04	-1.550111e+01
2.415000e-05	1.342271e-03	-1.549998e+01
2.416000e-05	-1.189619e-03	-1.545585e+01
2.417000e-05	-2.501077e-03	-1.540219e+01
2.418000e-05	-1.532346e-03	-1.523798e+01
2.419000e-05	5.755473e-04	-1.519325e+01
2.420000e-05	-3.051691e-04	-1.510059e+01
2.421000e-05	7.896155e-05	-1.504633e+01
2.422000e-05	-8.989489e-04	-1.497215e+01
2.423000e-05	-1.516403e-03	-1.488695e+01
2.424000e-05	-1.985044e-03	-1.472019e+01
2.425000e-05	-1.298254e-03	-1.470641e+01
2.426000e-05	-6.875961e-04	-1.457207e+01
2.427000e-05	-2.852840e-05	-1.439582e+01
2.428000e-05	-1.090328e-03	-1.432693e+01
2.429000e-05	-1.082587e-03	-1.414169e+01
2.430000e-05	-1.834252e-03	-1.400532e+01
2.431000e-05	-2.313439e-03	-1.388793e+01
2.432000e-05	-1.422742e-03	-1.370096e+01
2.433000e-05	-1.504753e-03	-1.355109e+01
2.434000e-05	-1.837387e-03	-1.341322e+01
2.435000e-05	-2.163470e-03	-1.324830e+01
2.436000e-05	-2.338313e-03	-1.309038e+01
2.437000e-05	-2.431888e-03	-1.294101e+01
2.438000e-05	-1.741638e-03	-1.276254e+01
2.439000e-05	-1.803646e-03	-1.257417e+01
2.440000e-05	-1.488983e-03	-1.238380e+01
2.441000e-05	-2.321486e-03	-1.222375e+01
2.442000e-05	-2.224355e-03	-1.200683e+01
2.443000e-05	-3.127790e-03	-1.179430e+01
2.444000e-05	-2.648603e-03	-1.160327e+01
2.445000e-05	-3.527123e-03	-1.133957e+01
2.446000e-05	-2.153971e-03	-1.119111e+01
2.447000e-05	-2.696213e-03	-1.093049e+01
2.448000e-05	-2.143442e-03	-1.072656e+01
2.449000e-05	-2.993572e-03	-1.053094e+01
2.450000e-05	-3.225994e-03	-1.028741e+01
2.451000e-05	-3.527454e-03	-1.005488e+01
2.452000e-05	-2.368252e-03	-9.845757e+00
2.453000e-05	-3.121683e-03	-9.634224e+00
2.454000e-05	-3.156887e-03	-9.370646e+00
2.455000e-05	-4.001221e-03	-9.161443e+00
2.456000e-05	-3.352579e-03	-8.895393e+00
2.457000e-05	-3.744480e-03	-8.646830e+00
2.458000e-05	-2.846611e-03	-8.454721e+00
2.459000e-05	-3.180148e-03	-8.181617e+00
2.460000e-05	-3.252934e-03	-7.939286e+00
2.461000e-05	-3.997184e-03	-7.655725e+00
2.462000e-05	-3.389269e-03	-7.370495e+00
2.463000e-05	-4.178459e-03	-7.147887e+00
2.464000e-05	-3.470549e-03	-6.834801e+00
2.465000e-05	-3.318231e-03	-6.589447e+00
2.466000e-05	-4.257088e-03	-6.327858e+00
2.467000e-05	-3.278107e-03	-6.044628e+00
2.468000e-05	-4.196103e-03	-5.781018e+00
2.469000e-05	-3.800887e-03	-5.447932e+00
2.470000e-05	-2.999213e-03	-5.169990e+00
2.471000e-05	-4.791564e-03	-4.896230e+00
2.472000e-05	-3.485627e-03	-4.527391e+00
2.473000e-05	-4.343985e-03	-4.316865e+00
2.474000e-05	-4.770920e-03	-4.073206e+00
2.475000e-05	-4.555471e-03	-3.738490e+00
2.476000e-05	-5.395273e-03	-3.494332e+00
2.477000e-05	-3.740186e-03	-3.209621e+00
2.478000e-05	-6.020509e-03	-2.936707e+00
2.479000e-05	-3.698884e-03	-2.612024e+00
2.480000e-05	-5.093219e-03	-2.316441e+00
2.481000e-05	-3.194193e-03	-2.031050e+00
2.482000e-05	-5.453488e-03	-1.739842e+00
2.483000e-05	-4.073453e-03	-1.463182e+00
2.484000e-05	-5.893186e-03	-1.104283e+00
2.485000e-05	-3.801825e-03	-7.820697e-01
2.486000e-05	-5.278380e-03	-5.341872e-01
2.487000e-05	-3.348668e-03	-2.630803e-01
2.488000e-05	-8.503484e-04	7.160415e-02
2.489000e-05	7.610588e-03	3.458721e-01
2.490000e-05	-5.639069e-03	6.105523e-01
2.491000e-05	5.386725e-03	8.126838e-01
2.492000e-05	-6.356117e-03	1.128979e+00
2.493000e-05	1.058936e-03	1.422653e+00
2.494000e-05	-5.630439e-03	1.767423e+00
2.495000e-05	1.544795e-02	1.941047e+00
2.496000e-05	2.841157e-02	2.210685e+00
2.497000e-05	8.450805e-02	2.515422e+00
2.498000e-05	-5.596880e-02	2.894391e+00
2.499000e-05	-3.997853e-02	3.150100e+00
2.500000e-05	-3.126749e-02	3.433884e+00
2.501000e-05	-7.039485e-03	3.736971e+00
2.502000e-05	-4.060669e-02	3.970997e+00
2.503000e-05	-8.934345e-03	4.202004e+00
2.504000e-05	8.124306e-02	4.474758e+00
2.505000e-05	-1.788679e-02	4.799574e+00
2.506000e-05	-6.369896e-02	5.035788e+00
2.507000e-05	1.429506e-01	5.330550e+00
2.508000e-05	-1.571813e-01	5.625337e+00
2.509000e-05	7.226682e-02	5.948945e+00
2.510000e-05	-2.771448e-02	6.170675e+00
2.511000e-05	4.146750e-02	6.455305e+00
2.512000e-05	-4.751847e-03	6.719092e+00
2.513000e-05	-5.840550e-02	7.032830e+00
2.514000e-05	4.288533e-02	7.276490e+00
2.515000e-05	-3.547316e-02	7.561650e+00
2.516000e-05	2.942846e-02	7.864907e+00
2.517000e-05	-3.341876e-02	8.121046e+00
2.518000e-05	2.743986e-02	8.350674e+00
2.519000e-05	1.520169e-02	8.611780e+00
2.520000e-05	-4.740878e-02	8.805906e+00
2.521000e-05	2.289433e-02	9.096916e+00
2.522000e-05	-1.832221e-02	9.329995e+00
2.523000e-05	1.367536e-02	9.572522e+00
2.524000e-05	-1.398428e-02	9.822153e+00
2.525000e-05	8.472581e-03	1.005483e+01
2.526000e-05	-1.195252e-02	1.024541e+01
2.527000e-05	-1.117579e-02	1.047709e+01
2.528000e-05	1.119585e-03	1.070797e+01
2.529000e-05	-1.850847e-03	1.093957e+01
2.530000e-05	6.068055e-03	1.113897e+01
2.531000e-05	-1.452470e-02	1.135070e+01
2.532000e-05	2.436503e-04	1.156224e+01
2.533000e-05	-1.026676e-03	1.177028e+01
2.534000e-05	-4.781833e-03	1.196277e+01
2.535000e-05	-1.298655e-02	1.216270e+01
2.536000e-05	3.736766e-03	1.236117e+01
2.537000e-05	6.347424e-03	1.254015e+01
2.538000e-05	-4.859114e-03	1.272901e+01
2.539000e-05	-1.534114e-02	1.289847e+01
2.540000e-05	-3.056497e-03	1.309646e+01
2.541000e-05	3.164929e-04	1.320587e+01
2.542000e-05	-4.291492e-03	1.339073e+01
2.543000e-05	-6.765697e-03	1.353159e+01
2.544000e-05	-1.451660e-03	1.371846e+01
2.545000e-05	-2.391885e-03	1.385794e+01
2.546000e-05	-8.001377e-03	1.397478e+01
2.547000e-05	-3.568662e-03	1.413174e+01
2.548000e-05	-4.221690e-03	1.431999e+01
2.549000e-05	-1.889632e-03	1.440483e+01
2.550000e-05	-7.161271e-03	1.454267e+01
2.551000e-05	-3.007977e-03	1.462894e+01
2.552000e-05	-7.904696e-03	1.475317e+01
2.553000e-05	-8.206452e-03	1.483541e+01
2.554000e-05	-4.057612e-03	1.493107e+01
2.555000e-05	-2.819638e-03	1.503578e+01
2.556000e-05	-2.802373e-03	1.512061e+01
2.557000e-05	-8.264777e-03	1.515380e+01
2.558000e-05	-4.142402e-03	1.527943e+01
2.559000e-05	-6.769033e-03	1.533174e+01
2.560000e-05	-4.387437e-03	1.538390e+01
2.561000e-05	-8.129758e-03	1.543851e+01
2.562000e-05	-4.928154e-03	1.555056e+01
2.563000e-05	-5.183035e-03	1.557220e+01
2.564000e-05	-5.787997e-03	1.563335e+01
2.565000e-05	-7.910575e-03	1.564641e+01
2.566000e-05	-7.674851e-03	1.568796e+01
2.567000e-05	-2.955847e-03	1.574951e+01
2.568000e-05	-5.144160e-03	1.573257e+01
2.569000e-05	-5.623536e-03	1.576310e+01
2.570000e-05	-7.210984e-03	1.572304e+01
2.571000e-05	-5.835972e-03	1.575157e+01
2.572000e-05	-7.037016e-03	1.578212e+01
2.573000e-05	-6.730445e-03	1.574209e+01
2.574000e-05	-6.209929e-03	1.575007e+01
2.575000e-05	-6.061721e-03	1.568904e+01
2.576000e-05	-6.051268e-03	1.563848e+01
2.577000e-05	-7.331757e-03	1.563785e+01
2.578000e-05	-5.975389e-03	1.555479e+01
2.579000e-05	-6.721908e-03	1.558169e+01
2.580000e-05	-6.277554e-03	1.550911e+01
2.581000e-05	-6.084738e-03	1.545641e+01
2.582000e-05	-5.449856e-03	1.537372e+01
2.583000e-05	-7.935299e-03	1.532014e+01
2.584000e-05	-8.555461e-03	1.528745e+01
2.585000e-05	-5.183061e-03	1.519429e+01
2.586000e-05	-5.914157e-03	1.508051e+01
2.587000e-05	-6.253536e-03	1.503520e+01
2.588000e-05	-6.892790e-03	1.490904e+01
2.589000e-05	-5.459773e-03	1.481525e+01
2.590000e-05	-6.401999e-03	1.471809e+01
2.591000e-05	-8.186372e-03	1.459477e+01
2.592000e-05	-6.269652e-03	1.447745e+01
2.593000e-05	-6.273011e-03	1.436314e+01
2.594000e-05	-4.997553e-03	1.425688e+01
2.595000e-05	-8.200491e-03	1.414904e+01
2.596000e-05	-6.415909e-03	1.396317e+01
2.597000e-05	-7.378186e-03	1.381425e+01
2.598000e-05	-5.622237e-03	1.366743e+01
2.599000e-05	-5.867259e-03	1.352896e+01
2.600000e-05	-5.998924e-03	1.336214e+01
2.601000e-05	-7.084472e-03	1.318425e+01
2.602000e-05	-5.957732e-03	1.303778e+01
2.603000e-05	-6.321243e-03	1.286793e+01
2.604000e-05	-6.213255e-03	1.274889e+01
2.605000e-05	-6.710001e-03	1.255102e+01
2.606000e-05	-5.798588e-03	1.234269e+01
2.607000e-05	-6.265453e-03	1.215215e+01
2.608000e-05	-5.500172e-03	1.200422e+01
2.609000e-05	-6.707375e-03	1.177265e+01
2.610000e-05	-6.117244e-03	1.153114e+01
2.611000e-05	-6.954569e-03	1.131009e+01
2.612000e-05	-5.113162e-03	1.109984e+01
2.613000e-05	-5.894461e-03	1.094039e+01
2.614000e-05	-5.870247e-03	1.068997e+01
2.615000e-05	-7.320288e-03	1.044794e+01
2.616000e-05	-6.273923e-03	1.024878e+01
2.617000e-05	-6.259278e-03	1.004575e+01
2.618000e-05	-6.298741e-03	9.844173e+00
2.619000e-05	-6.194589e-03	9.561519e+00
2.620000e-05	-5.672257e-03	9.358939e+00
2.621000e-05	-5.906237e-03	9.098387e+00
2.622000e-05	-6.199975e-03	8.866675e+00
2.623000e-05	-5.903260e-03	8.622152e+00
2.624000e-05	-6.405153e-03	8.361049e+00
2.625000e-05	-5.685436e-03	8.178913e+00
2.626000e-05	-6.277959e-03	7.847304e+00
2.627000e-05	-6.495109e-03	7.624601e+00
2.628000e-05	-6.993628e-03	7.339912e+00
2.629000e-05	-5.491505e-03	7.036729e+00
2.630000e-05	-5.883687e-03	6.814655e+00
2.631000e-05	-5.710509e-03	6.539486e+00
2.632000e-05	-6.162231e-03	6.276313e+00
2.633000e-05	-5.976252e-03	6.020650e+00
2.634000e-05	-5.388858e-03	5.728907e+00
2.635000e-05	-5.476023e-03	5.443152e+00
2.636000e-05	-6.888961e-03	5.100062e+00
2.637000e-05	-5.976697e-03	4.813049e+00
2.638000e-05	-5.363133e-03	4.548366e+00
2.639000e-05	-5.495996e-03	4.296785e+00
2.640000e-05	-5.870470e-03	3.979492e+00
2.641000e-05	-5.770178e-03	3.706284e+00
2.642000e-05	-5.654187e-03	3.423049e+00
2.643000e-05	-5.663974e-03	3.108313e+00
2.644000e-05	-5.548582e-03	2.853602e+00
2.645000e-05	-5.877207e-03	2.561416e+00
2.646000e-05	-5.585129e-03	2.265678e+00
2.647000e-05	-4.737918e-03	1.981501e+00
2.648000e-05	-5.567351e-03	1.665211e+00
2.649000e-05	-5.333396e-03	1.380369e+00
2.650000e-05	-5.969112e-03	1.075082e+00
2.651000e-05	-4.852405e-03	7.288684e-01
2.652000e-05	-4.424892e-03	4.841305e-01
2.653000e-05	-3.409334e-03	1.399748e-01
2.654000e-05	1.294209e-04	-1.058457e-01
2.655000e-05	7.880654e-03	-3.689511e-01
2.656000e-05	-6.910397e-03	-6.202393e-01
2.657000e-05	4.236319e-03	-9.163946e-01
2.658000e-05	-5.171193e-03	-1.221603e+00
2.659000e-05	2.151554e-03	-1.517323e+00
2.660000e-05	-1.904421e-03	-1.778520e+00
2.661000e-05	2.641699e-02	-1.989077e+00
2.662000e-05	8.144087e-02	-2.263237e+00
2.663000e-05	8.011015e-04	-2.591658e+00
2.664000e-05	-7.942717e-02	-2.999206e+00
2.665000e-05	7.426824e-03	-3.348945e+00
2.666000e-05	-4.371477e-02	-3.549545e+00
2.667000e-05	-3.795392e-02	-3.811208e+00
2.668000e-05	-3.050017e-02	-4.052262e+00
2.669000e-05	1.827849e-01	-4.241229e+00
2.670000e-05	-1.762704e-01	-4.568374e+00
2.671000e-05	9.468324e-02	-4.812203e+00
2.672000e-05	2.001889e-02	-5.104839e+00
2.673000e-05	-1.063054e-01	-5.464339e+00
2.674000e-05	1.301635e-01	-5.693366e+00
2.675000e-05	-1.389748e-01	-5.989103e+00
2.676000e-05	1.556756e-01	-6.243808e+00
2.677000e-05	-4.774771e-02	-6.525418e+00
2.678000e-05	-4.979826e-02	-6.822830e+00
2.679000e-05	7.045504e-02	-7.086437e+00
2.680000e-05	-1.085231e-01	-7.379678e+00
2.681000e-05	1.184335e-01	-7.643931e+00
2.682000e-05	-9.151319e-02	-7.958543e+00
2.683000e-05	1.017282e-01	-8.182225e+00
2.684000e-05	-2.441954e-02	-8.422779e+00
2.685000e-05	-5.759942e-02	-8.685942e+00
2.686000e-05	7.010850e-02	-8.968071e+00
2.687000e-05	-7.612583e-02	-9.202701e+00
2.688000e-05	8.566852e-02	-9.423201e+00
2.689000e-05	-8.018383e-02	-9.655327e+00
2.690000e-05	7.400383e-02	-9.865436e+00
2.691000e-05	-3.543576e-02	-1.008949e+01
2.692000e-05	6.789095e-03	-1.032717e+01
2.693000e-05	-6.258869e-03	-1.060015e+01
2.694000e-05	-5.608020e-03	-1.080277e+01
2.695000e-05	3.936023e-02	-1.097009e+01
2.696000e-05	-4.100592e-02	-1.116275e+01
2.697000e-05	3.510422e-02	-1.144378e+01
2.698000e-05	-3.290452e-02	-1.164643e+01
2.699000e-05	2.807146e-02	-1.187591e+01
2.700000e-05	-3.042652e-02	-1.208588e+01
2.701000e-05	3.000483e-02	-1.225491e+01
2.702000e-05	-3.583843e-03	-1.242493e+01
2.703000e-05	6.275452e-03	-1.264438e+01
2.704000e-05	-1.286780e-02	-1.277372e+01
2.705000e-05	2.223222e-03	-1.298117e+01
2.706000e-05	2.153860e-03	-1.315022e+01
2.707000e-05	-6.620904e-03	-1.328804e+01
2.708000e-05	7.772587e-03	-1.345686e+01
2.709000e-05	2.508719e-03	-1.359330e+01
2.710000e-05	5.657264e-03	-1.379220e+01
2.711000e-05	-1.291013e-02	-1.392854e+01
2.712000e-05	6.761796e-03	-1.403546e+01
2.713000e-05	-2.142914e-04	-1.421385e+01
2.714000e-05	5.279609e-03	-1.434106e+01
2.715000e-05	-5.813295e-03	-1.445538e+01
2.716000e-05	5.949067e-03	-1.460325e+01
2.717000e-05	-1.501978e-03	-1.473609e+01
2.718000e-05	-2.538846e-03	-1.482343e+01
2.719000e-05	-1.954452e-03	-1.489701e+01
2.720000e-05	2.547323e-03	-1.498325e+01
2.721000e-05	4.947248e-03	-1.509596e+01
2.722000e-05	-1.584606e-03	-1.515324e+01
2.723000e-05	2.147483e-04	-1.523696e+01
2.724000e-05	-1.775537e-03	-1.531965e+01
2.725000e-05	3.544504e-04	-1.545270e+01
2.726000e-05	-2.014959e-04	-1.547585e+01
2.727000e-05	1.369611e-03	-1.551114e+01
2.728000e-05	3.042790e-04	-1.555329e+01
2.729000e-05	-1.333142e-03	-1.560535e+01
2.730000e-05	-1.500345e-03	-1.564593e+01
2.731000e-05	8.452086e-04	-1.571008e+01
2.732000e-05	2.216072e-03	-1.572099e+01
2.733000e-05	2.567050e-04	-1.571114e+01
2.734000e-05	-1.023709e-03	-1.579167e+01
2.735000e-05	-5.905724e-04	-1.577282e+01
2.736000e-05	3.087831e-04	-1.579370e+01
2.737000e-05	-2.341865e-03	-1.580320e+01
2.738000e-05	-9.004225e-04	-1.577275e+01
2.739000e-05	9.528672e-04	-1.577174e+01
2.740000e-05	1.197872e-03	-1.574976e+01
2.741000e-05	-2.898097e-04	-1.572962e+01
2.742000e-05	-1.752185e-03	-1.572956e+01
2.743000e-05	4.196158e-04	-1.561903e+01
2.744000e-05	-1.193883e-03	-1.559538e+01
2.745000e-05	-1.017121e-03	-1.555082e+01
2.746000e-05	5.481859e-04	-1.552069e+01
2.747000e-05	-1.728925e-04	-1.547846e+01
2.748000e-05	-2.502467e-03	-1.542393e+01
2.749000e-05	-4.583019e-04	-1.536212e+01
2.750000e-05	2.545831e-04	-1.527796e+01
2.751000e-05	-2.972258e-04	-1.518320e+01
2.752000e-05	-9.940278e-04	-1.510849e+01
2.753000e-05	-4.650758e-04	-1.501495e+01
2.754000e-05	-1.408514e-03	-1.492221e+01
2.755000e-05	-1.401934e-03	-1.486645e+01
2.756000e-05	-1.778266e-03	-1.473267e+01
2.757000e-05	-7.563290e-04	-1.466631e+01
2.758000e-05	-1.126916e-03	-1.453844e+01
2.759000e-05	-1.451479e-03	-1.436274e+01
2.760000e-05	-1.116910e-03	-1.425696e+01
2.761000e-05	-1.372233e-03	-1.412964e+01
2.762000e-05	-1.682790e-03	-1.397422e+01
2.763000e-05	-1.123628e-03	-1.385893e+01
2.764000e-05	-1.705212e-03	-1.368843e+01
2.765000e-05	-2.173083e-03	-1.350806e+01
2.766000e-05	-1.940516e-03	-1.336227e+01
2.767000e-05	-1.751198e-03	-1.324433e+01
2.768000e-05	-2.329001e-03	-1.303740e+01
2.769000e-05	-1.965994e-03	-1.293001e+01
2.770000e-05	-1.488326e-03	-1.270846e+01
2.771000e-05	-1.560228e-03	-1.255214e+01
2.772000e-05	-1.467650e-03	-1.238157e+01
2.773000e-05	-2.829326e-03	-1.219112e+01
2.774000e-05	-2.501733e-03	-1.196282e+01
2.775000e-05	-3.146618e-03	-1.180322e+01
2.776000e-05	-2.347066e-03	-1.156007e+01
2.777000e-05	-1.870962e-03	-1.132704e+01
2.778000e-05	-2.693985e-03	-1.113781e+01
2.779000e-05	-2.881597e-03	-1.084848e+01
2.780000e-05	-2.542590e-03	-1.067696e+01
2.781000e-05	-2.819060e-03	-1.048798e+01
2.782000e-05	-3.242150e-03	-1.028483e+01
2.783000e-05	-3.844358e-03	-1.001520e+01
2.784000e-05	-2.079775e-03	-9.779585e+00
2.785000e-05	-2.014807e-03	-9.590674e+00
2.786000e-05	-2.872885e-03	-9.330084e+00
2.787000e-05	-4.099285e-03	-9.099286e+00
2.788000e-05	-3.948468e-03	-8.874384e+00
2.789000e-05	-3.443124e-03	-8.602675e+00
2.790000e-05	-3.434307e-03	-8.400044e+00
2.791000e-05	-3.183345e-03	-8.148465e+00
2.792000e-05	-3.660758e-03	-7.855752e+00
2.793000e-05	-2.562912e-03	-7.581645e+00
2.794000e-05	-4.091939e-03	-7.307437e+00
2.795000e-05	-3.976881e-03	-6.984304e+00
2.796000e-05	-5.106399e-03	-6.780972e+00
2.797000e-05	-2.005598e-03	-6.486934e+00
2.798000e-05	-4.096894e-03	-6.255150e+00
2.799000e-05	-2.248780e-03	-5.970518e+00
2.800000e-05	-6.248713e-03	-5.697385e+00
2.801000e-05	-3.394097e-03	-5.413652e+00
2.802000e-05	-4.903117e-03	-5.097812e+00
2.803000e-05	-2.909154e-03	-4.751522e+00
2.804000e-05	-4.156922e-03	-4.487708e+00
2.805000e-05	-2.871882e-03	-4.282705e+00
2.806000e-05	-4.796669e-03	-4.031464e+00
2.807000e-05	-4.400260e-03	-3.694708e+00
2.808000e-05	-5.200432e-03	-3.451624e+00
2.809000e-05	-4.436765e-03	-3.147893e+00
2.810000e-05	-5.600175e-03	-2.843103e+00
2.811000e-05	-3.187951e-03	-2.549993e+00
2.812000e-05	-4.473805e-03	-2.284755e+00
2.813000e-05	-4.210013e-03	-1.949470e+00
2.814000e-05	-5.482734e-03	-1.695779e+00
2.815000e-05	-4.597867e-03	-1.388415e+00
2.816000e-05	-4.762074e-03	-1.043177e+00
2.817000e-05	-4.407046e-03	-7.904186e-01
2.818000e-05	-4.710650e-03	-4.730527e-01
2.819000e-05	-4.250493e-03	-1.905160e-01
2.820000e-05	2.424637e-03	8.476591e-02
2.821000e-05	3.550930e-03	4.299988e-01
2.822000e-05	-3.665455e-03	6.521603e-01
2.823000e-05	3.019042e-03	9.272195e-01
2.824000e-05	-4.582712e-03	1.220603e+00
2.825000e-05	-3.015937e-05	1.514345e+00
2.826000e-05	-2.264632e-03	1.821153e+00
2.827000e-05	1.591884e-02	2.051658e+00
2.828000e-05	4.325458e-02	2.304821e+00
2.829000e-05	7.016278e-02	2.612133e+00
2.830000e-05	-8.000412e-02	2.968001e+00
2.831000e-05	-2.080154e-02	3.231705e+00
2.832000e-05	-3.669701e-02	3.538990e+00
2.833000e-05	4.016007e-04	3.771653e+00
2.834000e-05	-5.030972e-02	4.051185e+00
2.835000e-05	1.697435e-02	4.294787e+00
2.836000e-05	8.712241e-02	4.577471e+00
2.837000e-05	-7.863766e-02	4.853708e+00
2.838000e-05	1.970909e-02	5.097039e+00
2.839000e-05	7.793769e-02	5.412730e+00
2.840000e-05	-1.349529e-01	5.709396e+00
2.841000e-05	8.070911e-02	5.992126e+00
2.842000e-05	-4.222008e-02	6.283809e+00
2.843000e-05	6.331824e-02	6.537447e+00
2.844000e-05	-3.660911e-02	6.832680e+00
2.845000e-05	-3.336464e-02	7.054838e+00
2.846000e-05	3.721967e-02	7.350201e+00
2.847000e-05	-3.611432e-02	7.653330e+00
2.848000e-05	3.661272e-02	7.967994e+00
2.849000e-05	-4.529178e-02	8.232176e+00
2.850000e-05	5.331578e-02	8.404236e+00
2.851000e-05	-1.620299e-02	8.637309e+00
2.852000e-05	-3.196216e-02	8.919508e+00
2.853000e-05	2.387467e-02	9.150670e+00
2.854000e-05	-2.368927e-02	9.411126e+00
2.855000e-05	2.240327e-02	9.602682e+00
2.856000e-05	-2.583927e-02	9.876360e+00
2.857000e-05	2.319032e-02	1.004747e+01
2.858000e-05	-2.779324e-02	1.032949e+01
2.859000e-05	1.777714e-03	1.057067e+01
2.860000e-05	-7.525445e-03	1.078273e+01
2.861000e-05	5.478805e-03	1.096015e+01
2.862000e-05	1.480462e-03	1.121315e+01
2.863000e-05	-1.584631e-02	1.140376e+01
2.864000e-05	6.809551e-03	1.162593e+01
2.865000e-05	-6.528756e-03	1.182733e+01
2.866000e-05	-1.039734e-03	1.202383e+01
2.867000e-05	-1.739093e-02	1.220434e+01
2.868000e-05	1.327037e-02	1.237423e+01
2.869000e-05	-7.840768e-04	1.260120e+01
2.870000e-05	-5.826520e-03	1.276272e+01
2.871000e-05	-1.597698e-02	1.294110e+01
2.872000e-05	6.369783e-04	1.311851e+01
2.873000e-05	1.649604e-03	1.328843e+01
2.874000e-05	-7.085474e-03	1.343677e+01
2.875000e-05	-3.676288e-03	1.357619e+01
2.876000e-05	-3.988961e-03	1.374262e+01
2.877000e-05	-1.780857e-03	1.389749e+01
2.878000e-05	-1.065152e-02	1.403590e+01
2.879000e-05	-1.117177e-03	1.415277e+01
2.880000e-05	-4.512127e-03	1.434064e+01
2.881000e-05	-2.191233e-03	1.443998e+01
2.882000e-05	-5.642082e-03	1.461120e+01
2.883000e-05	-3.013550e-03	1.467903e+01
2.884000e-05	-7.276772e-03	1.479377e+01
2.885000e-05	-1.013475e-02	1.487704e+01
2.886000e-05	-2.681478e-03	1.500367e+01
2.887000e-05	-2.731971e-03	1.508744e+01
2.888000e-05	-2.349200e-03	1.515059e+01
2.889000e-05	-8.921447e-03	1.519433e+01
2.890000e-05	-3.782402e-03	1.528994e+01
2.891000e-05	-6.555015e-03	1.537372e+01
2.892000e-05	-5.102895e-03	1.544538e+01
2.893000e-05	-7.476630e-03	1.547949e+01
2.894000e-05	-5.180248e-03	1.551119e+01
2.895000e-05	-4.007059e-03	1.557374e+01
2.896000e-05	-7.062349e-03	1.561537e+01
2.897000e-05	-8.211040e-03	1.562796e+01
2.898000e-05	-7.600661e-03	1.567896e+01
2.899000e-05	-2.152695e-03	1.571152e+01
2.900000e-05	-4.826393e-03	1.578864e+01
2.901000e-05	-6.105288e-03	1.573110e+01
2.902000e-05	-7.221852e-03	1.577262e+01
2.903000e-05	-6.516014e-03	1.577205e+01
2.904000e-05	-6.519888e-03	1.574370e+01
2.905000e-05	-6.870610e-03	1.577314e+01
2.906000e-05	-5.335693e-03	1.573354e+01
2.907000e-05	-6.209837e-03	1.567041e+01
2.908000e-05	-5.866346e-03	1.563991e+01
2.909000e-05	-6.276771e-03	1.562538e+01
2.910000e-05	-6.049661e-03	1.561477e+01
2.911000e-05	-7.007093e-03	1.554107e+01
2.912000e-05	-6.418944e-03	1.552018e+01
2.913000e-05	-5.351070e-03	1.543850e+01
2.914000e-05	-5.453961e-03	1.541269e+01
2.915000e-05	-6.813028e-03	1.529203e+01
2.916000e-05	-8.199800e-03	1.524693e+01
2.917000e-05	-5.688848e-03	1.513319e+01
2.918000e-05	-5.254584e-03	1.507993e+01
2.919000e-05	-6.386563e-03	1.497523e+01
2.920000e-05	-5.949133e-03	1.491954e+01
2.921000e-05	-6.788180e-03	1.480365e+01
2.922000e-05	-5.313422e-03	1.470861e+01
2.923000e-05	-8.305278e-03	1.461372e+01
2.924000e-05	-5.190950e-03	1.450741e+01
2.925000e-05	-6.932220e-03	1.434206e+01
2.926000e-05	-4.063451e-03	1.422580e+01
2.927000e-05	-8.293131e-03	1.409895e+01
2.928000e-05	-5.965951e-03	1.388108e+01
2.929000e-05	-7.253607e-03	1.380475e+01
2.930000e-05	-5.086838e-03	1.362682e+01
2.931000e-05	-7.306364e-03	1.349938e+01
2.932000e-05	-6.686547e-03	1.333001e+01
2.933000e-05	-5.462198e-03	1.317267e+01
2.934000e-05	-4.614888e-03	1.302428e+01
2.935000e-05	-6.743870e-03	1.286588e+01
2.936000e-05	-7.125664e-03	1.265630e+01
2.937000e-05	-6.083935e-03	1.251853e+01
2.938000e-05	-5.095795e-03	1.229701e+01
2.939000e-05	-6.191749e-03	1.210011e+01
2.940000e-05	-5.791549e-03	1.197057e+01
2.941000e-05	-6.444928e-03	1.172996e+01
2.942000e-05	-6.309716e-03	1.150858e+01
2.943000e-05	-6.046877e-03	1.131934e+01
2.944000e-05	-5.153557e-03	1.105741e+01
2.945000e-05	-6.125031e-03	1.088738e+01
2.946000e-05	-6.195039e-03	1.064426e+01
2.947000e-05	-6.717977e-03	1.045525e+01
2.948000e-05	-6.186771e-03	1.022413e+01
2.949000e-05	-6.210250e-03	9.962146e+00
2.950000e-05	-6.611055e-03	9.750115e+00
2.951000e-05	-6.175123e-03	9.488838e+00
2.952000e-05	-5.676233e-03	9.287836e+00
2.953000e-05	-5.793746e-03	9.035727e+00
2.954000e-05	-6.110846e-03	8.773120e+00
2.955000e-05	-6.364100e-03	8.551539e+00
2.956000e-05	-6.689949e-03	8.301364e+00
2.957000e-05	-6.478835e-03	8.069304e+00
2.958000e-05	-5.800289e-03	7.765121e+00
2.959000e-05	-5.862186e-03	7.569992e+00
2.960000e-05	-5.415732e-03	7.296254e+00
2.961000e-05	-7.219999e-03	7.002144e+00
2.962000e-05	-5.477671e-03	6.759941e+00
2.963000e-05	-5.684987e-03	6.436309e+00
2.964000e-05	-5.323684e-03	6.232099e+00
2.965000e-05	-6.704712e-03	5.929495e+00
2.966000e-05	-4.984958e-03	5.674228e+00
2.967000e-05	-6.815175e-03	5.403041e+00
2.968000e-05	-6.165248e-03	5.095704e+00
2.969000e-05	-5.798660e-03	4.729865e+00
2.970000e-05	-5.580427e-03	4.476207e+00
2.971000e-05	-6.063635e-03	4.212670e+00
2.972000e-05	-6.865272e-03	3.906259e+00
2.973000e-05	-5.985221e-03	3.635155e+00
2.974000e-05	-5.412589e-03	3.309340e+00
2.975000e-05	-5.079158e-03	3.044625e+00
2.976000e-05	-6.143509e-03	2.792049e+00
2.977000e-05	-5.433689e-03	2.475624e+00
2.978000e-05	-5.487110e-03	2.169349e+00
2.979000e-05	-5.412984e-03	1.936313e+00
2.980000e-05	-5.761942e-03	1.621023e+00
2.981000e-05	-5.023172e-03	1.305685e+00
2.982000e-05	-4.790359e-03	9.494450e-01
2.983000e-05	-4.566884e-03	6.872094e-01
2.984000e-05	-4.625790e-03	4.315724e-01
2.985000e-05	-3.279054e-03	8.562927e-02
2.986000e-05	2.981167e-03	-1.684235e-01
2.987000e-05	5.923281e-03	-4.311064e-01
2.988000e-05	-5.634260e-03	-6.958734e-01
2.989000e-05	3.109235e-03	-9.785002e-01
2.990000e-05	-4.387420e-03	-1.303315e+00
2.991000e-05	1.628070e-03	-1.608549e+00
2.992000e-05	3.199572e-03	-1.821608e+00
2.993000e-05	3.517801e-02	-2.031153e+00
2.994000e-05	9.088070e-02	-2.315970e+00
2.995000e-05	-5.237023e-02	-2.734344e+00
2.996000e-05	-4.069892e-02	-3.124916e+00
2.997000e-05	-1.615539e-02	-3.381151e+00
2.998000e-05	-2.538147e-02	-3.600129e+00
2.999000e-05	-6.990826e-02	-3.885314e+00
3.000000e-05	4.480933e-02	-4.104313e+00
3.001000e-05	1.214469e-01	-4.294488e+00
3.002000e-05	-1.772650e-01	-4.580758e+00
3.003000e-05	1.885862e-01	-4.845785e+00
3.004000e-05	-8.009431e-02	-5.179723e+00
3.005000e-05	-1.914012e-02	-5.568995e+00
3.006000e-05	6.220390e-02	-5.739047e+00
3.007000e-05	-1.048866e-01	-6.066284e+00
3.008000e-05	1.746899e-01	-6.358363e+00
3.009000e-05	-1.195732e-01	-6.591625e+00
3.010000e-05	2.661352e-02	-6.915417e+00
3.011000e-05	9.676677e-03	-7.148647e+00
3.012000e-05	-6.315974e-02	-7.475811e+00
3.013000e-05	1.027937e-01	-7.668964e+00
3.014000e-05	-1.047004e-01	-7.989228e+00
3.015000e-05	1.456060e-01	-8.283811e+00
3.016000e-05	-1.022137e-01	-8.437940e+00
3.017000e-05	1.920603e-02	-8.750222e+00
3.018000e-05	1.527104e-02	-8.981227e+00
3.019000e-05	-3.419460e-02	-9.184405e+00
3.020000e-05	6.206059e-02	-9.465409e+00
3.021000e-05	-7.474563e-02	-9.758489e+00
3.022000e-05	8.733464e-02	-9.938013e+00
3.023000e-05	-6.658269e-02	-1.019109e+01
3.024000e-05	3.850011e-02	-1.036240e+01
3.025000e-05	-3.825919e-02	-1.065275e+01
3.026000e-05	3.079994e-02	-1.084286e+01
3.027000e-05	3.549711e-03	-1.102288e+01
3.028000e-05	-1.671736e-02	-1.127589e+01
3.029000e-05	2.231433e-02	-1.144442e+01
3.030000e-05	-2.441602e-02	-1.171861e+01
3.031000e-05	1.884974e-02	-1.190806e+01
3.032000e-05	-3.095850e-02	-1.211049e+01
3.033000e-05	3.899038e-02	-1.230754e+01
3.034000e-05	-1.214376e-02	-1.246656e+01
3.035000e-05	1.197917e-02	-1.267496e+01
3.036000e-05	-2.164550e-02	-1.283481e+01
3.037000e-05	1.437458e-02	-1.304285e+01
3.038000e-05	-4.891476e-03	-1.316170e+01
3.039000e-05	2.682232e-03	-1.334805e+01
3.040000e-05	2.319499e-03	-1.348603e+01
3.041000e-05	4.795717e-03	-1.363548e+01
3.042000e-05	-4.793071e-04	-1.381483e+01
3.043000e-05	-9.055903e-03	-1.393124e+01
3.044000e-05	6.674961e-03	-1.409894e+01
3.045000e-05	-3.558363e-04	-1.423388e+01
3.046000e-05	4.688053e-03	-1.435172e+01
3.047000e-05	-3.346119e-03	-1.447798e+01
3.048000e-05	6.334551e-03	-1.462531e+01
3.049000e-05	-5.207041e-03	-1.473859e+01
3.050000e-05	-2.411334e-03	-1.479443e+01
3.051000e-05	1.932081e-04	-1.489764e+01
3.052000e-05	6.093830e-03	-1.503380e+01
3.053000e-05	3.198534e-03	-1.509859e+01
3.054000e-05	-1.270057e-03	-1.518432e+01
3.055000e-05	-4.136258e-04	-1.528543e+01
3.056000e-05	-1.363852e-03	-1.533064e+01
3.057000e-05	3.001352e-05	-1.540225e+01
3.058000e-05	1.527199e-03	-1.549806e+01
3.059000e-05	1.929259e-03	-1.550166e+01
3.060000e-05	8.098315e-04	-1.559222e+01
3.061000e-05	-1.032536e-03	-1.559528e+01
3.062000e-05	-1.901800e-03	-1.565643e+01
3.063000e-05	-4.201675e-04	-1.572961e+01
3.064000e-05	2.795892e-03	-1.569961e+01
3.065000e-05	1.206915e-03	-1.574117e+01
3.066000e-05	2.892171e-05	-1.578271e+01
3.067000e-05	3.188891e-05	-1.581227e+01
3.068000e-05	-8.287185e-04	-1.578437e+01
3.069000e-05	-2.346028e-03	-1.578270e+01
3.070000e-05	-1.090295e-03	-1.575319e+01
3.071000e-05	2.458261e-03	-1.577232e+01
3.072000e-05	9.452528e-04	-1.572264e+01
3.073000e-05	2.278967e-04	-1.573058e+01
3.074000e-05	-1.437860e-03	-1.569803e+01
3.075000e-05	-1.125978e-03	-1.563946e+01
3.076000e-05	-1.647940e-03	-1.560537e+01
3.077000e-05	-9.930896e-04	-1.556319e+01
3.078000e-05	1.661859e-03	-1.552109e+01
3.079000e-05	-1.135573e-05	-1.547786e+01
3.080000e-05	-2.068814e-03	-1.542478e+01
3.081000e-05	-2.310664e-03	-1.532012e+01
3.082000e-05	4.900600e-04	-1.523638e+01
3.083000e-05	2.819100e-04	-1.514269e+01
3.084000e-05	-2.175285e-04	-1.508793e+01
3.085000e-05	-2.250406e-04	-1.502427e+01
3.086000e-05	-1.151117e-03	-1.495108e+01
3.087000e-05	-1.899209e-03	-1.481380e+01
3.088000e-05	-1.635213e-03	-1.469901e+01
3.089000e-05	-9.423310e-04	-1.458425e+01
3.090000e-05	-8.683360e-04	-1.447936e+01
3.091000e-05	-1.541639e-03	-1.435219e+01
3.092000e-05	-1.109556e-03	-1.421683e+01
3.093000e-05	-1.007745e-03	-1.412898e+01
3.094000e-05	-2.499249e-03	-1.392117e+01
3.095000e-05	-3.024477e-03	-1.379480e+01
3.096000e-05	-1.487649e-03	-1.367675e+01
3.097000e-05	-5.642053e-04	-1.349941e+01
3.098000e-05	-1.670419e-03	-1.336116e+01
3.099000e-05	-2.376027e-03	-1.315172e+01
3.100000e-05	-2.181239e-03	-1.300475e+01
3.101000e-05	-1.757774e-03	-1.288738e+01
3.102000e-05	-1.834395e-03	-1.268586e+01
3.103000e-05	-2.629747e-03	-1.250998e+01
3.104000e-05	-1.605008e-03	-1.234999e+01
3.105000e-05	-2.599267e-03	-1.216061e+01
3.106000e-05	-2.191608e-03	-1.192058e+01
3.107000e-05	-3.109172e-03	-1.172998e+01
3.108000e-05	-1.842077e-03	-1.151654e+01
3.109000e-05	-1.945408e-03	-1.129633e+01
3.110000e-05	-2.112202e-03	-1.099728e+01
3.111000e-05	-3.357543e-03	-1.087678e+01
3.112000e-05	-2.400341e-03	-1.065573e+01
3.113000e-05	-2.461642e-03	-1.044228e+01
3.114000e-05	-2.769132e-03	-1.024265e+01
3.115000e-05	-5.143855e-03	-9.951468e+00
3.116000e-05	-2.789005e-03	-9.707415e+00
3.117000e-05	-3.357432e-03	-9.575935e+00
3.118000e-05	-1.938575e-03	-9.307307e+00
3.119000e-05	-2.414229e-03	-9.065754e+00
3.120000e-05	-4.233132e-03	-8.773168e+00
3.121000e-05	-2.884582e-03	-8.569587e+00
3.122000e-05	-2.374733e-03	-8.346866e+00
3.123000e-05	-3.326970e-03	-8.075858e+00
3.124000e-05	-3.074974e-03	-7.782700e+00
3.125000e-05	-5.652422e-03	-7.517439e+00
3.126000e-05	-2.610838e-03	-7.213779e+00
3.127000e-05	-4.306199e-03	-6.993045e+00
3.128000e-05	-2.113050e-03	-6.726813e+00
3.129000e-05	-2.553419e-03	-6.474754e+00
3.130000e-05	-3.451012e-03	-6.161491e+00
3.131000e-05	-3.957855e-03	-5.926862e+00
3.132000e-05	-5.506220e-03	-5.654149e+00
3.133000e-05	-2.463350e-03	-5.298889e+00
3.134000e-05	-3.937446e-03	-5.063151e+00
3.135000e-05	-4.950343e-03	-4.693753e+00
3.136000e-05	-5.755974e-03	-4.432603e+00
3.137000e-05	-2.351145e-03	-4.171022e+00
3.138000e-05	-4.350328e-03	-3.935734e+00
3.139000e-05	-3.994025e-03	-3.601079e+00
3.140000e-05	-5.089181e-03	-3.329842e+00
3.141000e-05	-4.231686e-03	-3.063202e+00
3.142000e-05	-4.773541e-03	-2.748444e+00
3.143000e-05	-3.976001e-03	-2.494233e+00
3.144000e-05	-5.057448e-03	-2.171046e+00
3.145000e-05	-5.392209e-03	-1.904212e+00
3.146000e-05	-6.060792e-03	-1.631573e+00
3.147000e-05	-3.511958e-03	-1.286204e+00
3.148000e-05	-4.316452e-03	-9.875174e-01
3.149000e-05	-5.849454e-03	-7.166087e-01
3.150000e-05	-4.891324e-03	-3.788724e-01
3.151000e-05	-3.600323e-03	-1.453096e-01
3.152000e-05	5.681696e-03	1.579723e-01
3.153000e-05	-1.312562e-03	4.431069e-01
3.154000e-05	-1.027703e-03	7.062685e-01
3.155000e-05	4.357585e-04	9.795537e-01
3.156000e-05	-2.060481e-03	1.264762e+00
3.157000e-05	-2.998202e-03	1.612178e+00
3.158000e-05	2.920759e-03	1.913188e+00
3.159000e-05	1.632719e-02	2.076309e+00
3.160000e-05	6.213930e-02	2.319446e+00
3.161000e-05	3.657464e-02	2.727014e+00
3.162000e-05	-8.396385e-02	3.043203e+00
3.163000e-05	-1.322642e-02	3.327391e+00
3.164000e-05	-3.364124e-02	3.612152e+00
3.165000e-05	-5.632289e-03	3.855260e+00
3.166000e-05	-5.044077e-02	4.085336e+00
3.167000e-05	4.085277e-02	4.356495e+00
3.168000e-05	7.616795e-02	4.622083e+00
3.169000e-05	-1.192940e-01	4.897345e+00
3.170000e-05	1.065596e-01	5.186103e+00
3.171000e-05	-1.698708e-02	5.465489e+00
3.172000e-05	-7.219416e-02	5.800030e+00
3.173000e-05	5.747943e-02	6.074289e+00
3.174000e-05	-2.999296e-02	6.337921e+00
3.175000e-05	5.948932e-02	6.562080e+00
3.176000e-05	-5.940304e-02	6.889388e+00
3.177000e-05	2.042021e-04	7.119474e+00
3.178000e-05	1.553076e-02	7.434760e+00
3.179000e-05	-2.176115e-02	7.747568e+00
3.180000e-05	2.349037e-02	7.992174e+00
3.181000e-05	-3.763413e-02	8.295887e+00
3.182000e-05	6.154166e-02	8.495362e+00
3.183000e-05	-4.008450e-02	8.718467e+00
3.184000e-05	-1.108810e-02	9.000597e+00
3.185000e-05	1.354586e-02	9.203251e+00
3.186000e-05	-1.886829e-02	9.443858e+00
3.187000e-05	2.093323e-02	9.666388e+00
3.188000e-05	-2.509232e-02	9.907990e+00
3.189000e-05	2.477279e-02	1.017905e+01
3.190000e-05	-3.325219e-02	1.037330e+01
3.191000e-05	1.119789e-02	1.064373e+01
3.192000e-05	-1.217210e-02	1.079325e+01
3.193000e-05	8.033304e-03	1.103325e+01
3.194000e-05	-4.552881e-03	1.123543e+01
3.195000e-05	-1.244135e-02	1.149551e+01
3.196000e-05	9.514816e-03	1.167941e+01
3.197000e-05	-9.000671e-03	1.189896e+01
3.198000e-05	-1.909393e-03	1.209801e+01
3.199000e-05	-1.558199e-02	1.228641e+01
3.200000e-05	1.547406e-02	1.246441e+01
3.201000e-05	-3.735559e-03	1.264376e+01
3.202000e-05	-8.215202e-03	1.280540e+01
3.203000e-05	-1.385928e-02	1.302177e+01
3.204000e-05	7.938306e-04	1.312224e+01
3.205000e-05	1.722907e-03	1.330856e+01
3.206000e-05	-9.676983e-03	1.345749e+01
3.207000e-05	-1.421315e-03	1.358528e+01
3.208000e-05	-4.848801e-03	1.377322e+01
3.209000e-05	-1.453909e-03	1.395062e+01
3.210000e-05	-9.869202e-03	1.404751e+01
3.211000e-05	-1.492343e-03	1.421533e+01
3.212000e-05	-5.484074e-03	1.436172e+01
3.213000e-05	-4.114840e-03	1.447766e+01
3.214000e-05	-4.837517e-03	1.461280e+01
3.215000e-05	-5.240583e-03	1.472214e+01
3.216000e-05	-7.273737e-03	1.481437e+01
3.217000e-05	-8.734514e-03	1.491009e+01
3.218000e-05	-9.576008e-05	1.499377e+01
3.219000e-05	-3.086494e-03	1.507756e+01
3.220000e-05	-4.196299e-03	1.511224e+01
3.221000e-05	-8.342578e-03	1.522540e+01
3.222000e-05	-4.910430e-03	1.533216e+01
3.223000e-05	-5.119144e-03	1.536570e+01
3.224000e-05	-6.388697e-03	1.542895e+01
3.225000e-05	-6.347524e-03	1.549063e+01
3.226000e-05	-5.596600e-03	1.555326e+01
3.227000e-05	-3.313409e-03	1.556375e+01
3.228000e-05	-7.795000e-03	1.565685e+01
3.229000e-05	-7.476426e-03	1.564693e+01
3.230000e-05	-6.182145e-03	1.566949e+01
3.231000e-05	-2.811207e-03	1.570157e+01
3.232000e-05	-5.190827e-03	1.575412e+01
3.233000e-05	-7.752003e-03	1.577065e+01
3.234000e-05	-5.939059e-03	1.574119e+01
3.235000e-05	-6.666921e-03	1.578469e+01
3.236000e-05	-6.019924e-03	1.576212e+01
3.237000e-05	-6.658310e-03	1.573109e+01
3.238000e-05	-4.289241e-03	1.572259e+01
3.239000e-05	-5.732813e-03	1.570949e+01
3.240000e-05	-5.795798e-03	1.562748e+01
3.241000e-05	-6.321753e-03	1.560687e+01
3.242000e-05	-6.191256e-03	1.558374e+01
3.243000e-05	-6.681990e-03	1.553159e+01
3.244000e-05	-7.060270e-03	1.549839e+01
3.245000e-05	-4.643842e-03	1.541483e+01
3.246000e-05	-6.934944e-03	1.534409e+01
3.247000e-05	-6.520269e-03	1.530854e+01
3.248000e-05	-6.504936e-03	1.520737e+01
3.249000e-05	-5.296286e-03	1.514173e+01
3.250000e-05	-5.427912e-03	1.506788e+01
3.251000e-05	-6.980965e-03	1.497454e+01
3.252000e-05	-4.963143e-03	1.488756e+01
3.253000e-05	-7.572699e-03	1.481172e+01
3.254000e-05	-5.682685e-03	1.470793e+01
3.255000e-05	-7.291313e-03	1.454121e+01
3.256000e-05	-4.402907e-03	1.442725e+01
3.257000e-05	-6.591602e-03	1.432904e+01
3.258000e-05	-4.742834e-03	1.417477e+01
3.259000e-05	-6.756589e-03	1.404840e+01
3.260000e-05	-6.437651e-03	1.390746e+01
3.261000e-05	-6.466242e-03	1.376162e+01
3.262000e-05	-6.747583e-03	1.360424e+01
3.263000e-05	-6.108736e-03	1.340533e+01
3.264000e-05	-6.282163e-03	1.330858e+01
3.265000e-05	-5.653185e-03	1.310151e+01
3.266000e-05	-6.365546e-03	1.295107e+01
3.267000e-05	-5.948192e-03	1.278425e+01
3.268000e-05	-6.816286e-03	1.263473e+01
3.269000e-05	-5.855021e-03	1.243730e+01
3.270000e-05	-6.151654e-03	1.225538e+01
3.271000e-05	-5.787051e-03	1.212041e+01
3.272000e-05	-5.660217e-03	1.190934e+01
3.273000e-05	-6.531262e-03	1.168786e+01
3.274000e-05	-7.301944e-03	1.144692e+01
3.275000e-05	-5.854181e-03	1.124625e+01
3.276000e-05	-5.547132e-03	1.100772e+01
3.277000e-05	-6.289923e-03	1.084520e+01
3.278000e-05	-6.136181e-03	1.060372e+01
3.279000e-05	-6.499590e-03	1.040257e+01
3.280000e-05	-5.695275e-03	1.017114e+01
3.281000e-05	-6.891361e-03	9.948962e+00
3.282000e-05	-6.116982e-03	9.728855e+00
3.283000e-05	-5.663734e-03	9.434253e+00
3.284000e-05	-5.904658e-03	9.245701e+00
3.285000e-05	-6.488774e-03	9.003648e+00
3.286000e-05	-6.324793e-03	8.729464e+00
3.287000e-05	-5.890390e-03	8.529412e+00
3.288000e-05	-5.575110e-03	8.297262e+00
3.289000e-05	-6.415384e-03	8.012147e+00
3.290000e-05	-5.969266e-03	7.730466e+00
3.291000e-05	-6.340124e-03	7.469255e+00
3.292000e-05	-6.167338e-03	7.173025e+00
3.293000e-05	-6.330587e-03	6.928312e+00
3.294000e-05	-5.673803e-03	6.666754e+00
3.295000e-05	-6.090173e-03	6.412124e+00
3.296000e-05	-6.058848e-03	6.131916e+00
3.297000e-05	-6.207926e-03	5.935684e+00
3.298000e-05	-5.663912e-03	5.571498e+00
3.299000e-05	-5.581590e-03	5.318362e+00
3.300000e-05	-6.055486e-03	4.960868e+00
3.301000e-05	-5.863449e-03	4.684705e+00
3.302000e-05	-6.008111e-03	4.402552e+00
3.303000e-05	-5.749022e-03	4.107288e+00
3.304000e-05	-5.780419e-03	3.803675e+00
3.305000e-05	-5.464163e-03	3.570046e+00
3.306000e-05	-5.098626e-03	3.305204e+00
3.307000e-05	-5.763682e-03	3.002974e+00
3.308000e-05	-5.558346e-03	2.738338e+00
3.309000e-05	-5.764459e-03	2.412501e+00
3.310000e-05	-5.598496e-03	2.128184e+00
3.311000e-05	-5.159023e-03	1.883682e+00
3.312000e-05	-5.773449e-03	1.596837e+00
3.313000e-05	-5.552964e-03	1.262179e+00
3.314000e-05	-4.649692e-03	8.862545e-01
3.315000e-05	-4.933105e-03	5.999977e-01
3.316000e-05	-4.239967e-03	3.383635e-01
3.317000e-05	-2.948067e-03	7.204769e-02
3.318000e-05	6.572765e-03	-2.316364e-01
3.319000e-05	1.224667e-03	-4.933416e-01
3.320000e-05	-2.039761e-03	-8.205525e-01
3.321000e-05	3.289008e-04	-1.081258e+00
3.322000e-05	-2.368261e-03	-1.376502e+00
3.323000e-05	-8.900288e-04	-1.642158e+00
3.324000e-05	9.964607e-03	-1.894812e+00
3.325000e-05	4.601372e-02	-2.084762e+00
3.326000e-05	8.507401e-02	-2.432130e+00
3.327000e-05	-9.021344e-02	-2.788654e+00
3.328000e-05	-5.276983e-03	-3.180152e+00
3.329000e-05	-3.962109e-02	-3.463260e+00
3.330000e-05	-9.921434e-03	-3.662259e+00
3.331000e-05	-9.102654e-02	-3.919043e+00
3.332000e-05	1.204377e-01	-4.137021e+00
3.333000e-05	3.195593e-02	-4.347043e+00
3.334000e-05	-1.147276e-01	-4.694364e+00
3.335000e-05	1.839249e-01	-4.947343e+00
3.336000e-05	-1.700257e-01	-5.262385e+00
3.337000e-05	7.860534e-02	-5.569199e+00
3.338000e-05	-2.271086e-02	-5.861703e+00
3.339000e-05	-2.866218e-02	-6.139522e+00
3.340000e-05	1.350487e-01	-6.369122e+00
3.341000e-05	-1.480563e-01	-6.693863e+00
3.342000e-05	8.569028e-02	-6.931444e+00
3.343000e-05	-6.049924e-02	-7.193802e+00
3.344000e-05	5.700161e-03	-7.548993e+00
3.345000e-05	4.555861e-02	-7.790574e+00
3.346000e-05	-6.492898e-02	-8.105388e+00
3.347000e-05	1.350956e-01	-8.286513e+00
3.348000e-05	-1.383499e-01	-8.519047e+00
3.349000e-05	8.083093e-02	-8.792655e+00
3.350000e-05	-4.309463e-02	-9.085287e+00
3.351000e-05	1.983974e-02	-9.295964e+00
3.352000e-05	1.092112e-02	-9.538093e+00
3.353000e-05	-3.685394e-02	-9.789626e+00
3.354000e-05	6.590316e-02	-9.961694e+00
3.355000e-05	-6.748992e-02	-1.023381e+01
3.356000e-05	5.111794e-02	-1.044333e+01
3.357000e-05	-5.269352e-02	-1.063428e+01
3.358000e-05	5.575200e-02	-1.087649e+01
3.359000e-05	-2.897367e-02	-1.109604e+01
3.360000e-05	1.260734e-02	-1.133807e+01
3.361000e-05	-1.148144e-03	-1.154014e+01
3.362000e-05	-5.431902e-03	-1.174020e+01
3.363000e-05	2.306943e-03	-1.198217e+01
3.364000e-05	-1.517046e-02	-1.214112e+01
3.365000e-05	3.187036e-02	-1.234106e+01
3.366000e-05	-1.356236e-02	-1.258009e+01
3.367000e-05	1.107321e-02	-1.271859e+01
3.368000e-05	-2.033399e-02	-1.287551e+01
3.369000e-05	1.820530e-02	-1.307636e+01
3.370000e-05	-1.186645e-02	-1.319433e+01
3.371000e-05	8.129340e-03	-1.338170e+01
3.372000e-05	-2.028426e-03	-1.350907e+01
3.373000e-05	8.052466e-03	-1.366951e+01
3.374000e-05	-6.787209e-03	-1.385693e+01
3.375000e-05	-1.184621e-03	-1.399282e+01
3.376000e-05	3.877039e-03	-1.409809e+01
3.377000e-05	1.531738e-03	-1.425756e+01
3.378000e-05	9.265751e-04	-1.435429e+01
3.379000e-05	7.495333e-04	-1.450904e+01
3.380000e-05	3.621237e-03	-1.463583e+01
3.381000e-05	-6.199300e-03	-1.473122e+01
3.382000e-05	-1.576905e-03	-1.484638e+01
3.383000e-05	1.401795e-03	-1.496014e+01
3.384000e-05	7.042380e-03	-1.504636e+01
3.385000e-05	1.685320e-03	-1.510907e+01
3.386000e-05	-3.889812e-04	-1.522337e+01
3.387000e-05	-1.283101e-03	-1.522903e+01
3.388000e-05	-3.083227e-04	-1.537264e+01
3.389000e-05	8.831597e-04	-1.541418e+01
3.390000e-05	1.412722e-03	-1.548859e+01
3.391000e-05	1.435522e-03	-1.554059e+01
3.392000e-05	1.512550e-04	-1.557539e+01
3.393000e-05	-1.250013e-03	-1.562840e+01
3.394000e-05	-8.581204e-04	-1.564851e+01
3.395000e-05	1.251636e-03	-1.569953e+01
3.396000e-05	2.353446e-03	-1.576119e+01
3.397000e-05	9.768661e-04	-1.577369e+01
3.398000e-05	8.166433e-05	-1.579374e+01
3.399000e-05	-3.531713e-04	-1.574264e+01
3.400000e-05	-1.821774e-03	-1.578380e+01
3.401000e-05	-1.580582e-03	-1.579377e+01
3.402000e-05	-4.740271e-04	-1.579269e+01
3.403000e-05	1.710116e-03	-1.578217e+01
3.404000e-05	4.703141e-04	-1.575164e+01
3.405000e-05	-3.665742e-04	-1.573956e+01
3.406000e-05	-1.531429e-03	-1.570948e+01
3.407000e-05	-1.492448e-03	-1.564898e+01
3.408000e-05	-1.510263e-03	-1.557219e+01
3.409000e-05	4.033059e-04	-1.555222e+01
3.410000e-05	7.436887e-04	-1.552749e+01
3.411000e-05	-8.355403e-04	-1.547585e+01
3.412000e-05	-1.764260e-03	-1.539473e+01
3.413000e-05	-1.663625e-03	-1.535008e+01
3.414000e-05	-4.414431e-04	-1.519533e+01
3.415000e-05	-8.736276e-04	-1.514967e+01
3.416000e-05	-2.015729e-04	-1.507891e+01
3.417000e-05	-5.314583e-04	-1.499227e+01
3.418000e-05	-1.145887e-03	-1.491808e+01
3.419000e-05	-1.545252e-03	-1.481264e+01
3.420000e-05	-1.640047e-03	-1.467846e+01
3.421000e-05	-1.302752e-03	-1.455250e+01
3.422000e-05	-2.091628e-03	-1.445593e+01
3.423000e-05	3.577376e-04	-1.435901e+01
3.424000e-05	-3.683290e-04	-1.422482e+01
3.425000e-05	-2.463698e-03	-1.406841e+01
3.426000e-05	-3.350841e-03	-1.386808e+01
3.427000e-05	-2.141003e-03	-1.380172e+01
3.428000e-05	-1.629235e-03	-1.362425e+01
3.429000e-05	-1.038107e-03	-1.347488e+01
3.430000e-05	-1.258743e-03	-1.328948e+01
3.431000e-05	-2.180638e-03	-1.314061e+01
3.432000e-05	-2.085080e-03	-1.294205e+01
3.433000e-05	-2.366929e-03	-1.283529e+01
3.434000e-05	-1.632651e-03	-1.263480e+01
3.435000e-05	-1.875500e-03	-1.245746e+01
3.436000e-05	-2.171747e-03	-1.228641e+01
3.437000e-05	-1.268338e-03	-1.208844e+01
3.438000e-05	-1.797672e-03	-1.191646e+01
3.439000e-05	-2.846643e-03	-1.166638e+01
3.440000e-05	-2.406293e-03	-1.147625e+01
3.441000e-05	-1.354959e-03	-1.125328e+01
3.442000e-05	-2.076238e-03	-1.103105e+01
3.443000e-05	-2.974325e-03	-1.079260e+01
3.444000e-05	-2.378530e-03	-1.059217e+01
3.445000e-05	-3.543510e-03	-1.038364e+01
3.446000e-05	-3.218600e-03	-1.012051e+01
3.447000e-05	-2.415801e-03	-9.939336e+00
3.448000e-05	-2.565848e-03	-9.716857e+00
3.449000e-05	-3.158383e-03	-9.466854e+00
3.450000e-05	-3.398887e-03	-9.224275e+00
3.451000e-05	-3.277458e-03	-8.972621e+00
3.452000e-05	-3.251897e-03	-8.739967e+00
3.453000e-05	-3.304959e-03	-8.527358e+00
3.454000e-05	-3.874667e-03	-8.264779e+00
3.455000e-05	-1.933018e-03	-8.032622e+00
3.456000e-05	-3.072801e-03	-7.749537e+00
3.457000e-05	-3.499765e-03	-7.485179e+00
3.458000e-05	-4.901346e-03	-7.191547e+00
3.459000e-05	-2.843120e-03	-6.954858e+00
3.460000e-05	-3.697591e-03	-6.655151e+00
3.461000e-05	-2.953651e-03	-6.410700e+00
3.462000e-05	-3.805087e-03	-6.126232e+00
3.463000e-05	-3.198520e-03	-5.852254e+00
3.464000e-05	-4.905866e-03	-5.550017e+00
3.465000e-05	-2.892404e-03	-5.235679e+00
3.466000e-05	-4.943191e-03	-4.931472e+00
3.467000e-05	-3.329738e-03	-4.662153e+00
3.468000e-05	-5.126758e-03	-4.390122e+00
3.469000e-05	-3.244588e-03	-4.098268e+00
3.470000e-05	-4.999317e-03	-3.845203e+00
3.471000e-05	-4.418046e-03	-3.558891e+00
3.472000e-05	-4.379353e-03	-3.296207e+00
3.473000e-05	-6.081470e-03	-2.980495e+00
3.474000e-05	-4.635334e-03	-2.726209e+00
3.475000e-05	-5.505404e-03	-2.442524e+00
3.476000e-05	-3.912954e-03	-2.145284e+00
3.477000e-05	-5.740540e-03	-1.832052e+00
3.478000e-05	-4.093934e-03	-1.568941e+00
3.479000e-05	-4.283046e-03	-1.230994e+00
3.480000e-05	-3.793379e-03	-9.266805e-01
3.481000e-05	-5.081035e-03	-6.509989e-01
3.482000e-05	-4.132671e-03	-3.277894e-01
3.483000e-05	-3.798129e-03	-6.360519e-02
3.484000e-05	7.082115e-03	2.646330e-01
3.485000e-05	-4.394376e-03	5.063982e-01
3.486000e-05	3.091792e-03	7.694686e-01
3.487000e-05	-3.744723e-03	1.052737e+00
3.488000e-05	5.977843e-04	1.346492e+00
3.489000e-05	-4.650406e-03	1.713837e+00
3.490000e-05	1.040887e-02	1.916395e+00
3.491000e-05	1.890072e-02	2.128895e+00
3.492000e-05	7.781588e-02	2.454154e+00
3.493000e-05	-8.916942e-03	2.780625e+00
3.494000e-05	-6.951157e-02	3.095892e+00
3.495000e-05	-1.968447e-02	3.352000e+00
3.496000e-05	-2.266029e-02	3.683812e+00
3.497000e-05	-1.946690e-02	3.926846e+00
3.498000e-05	-3.571467e-02	4.159370e+00
3.499000e-05	6.186897e-02	4.380100e+00
3.500000e-05	4.405197e-02	4.654842e+00
3.501000e-05	-1.215247e-01	5.012601e+00
3.502000e-05	1.600630e-01	5.275834e+00
3.503000e-05	-1.062912e-01	5.548150e+00
3.504000e-05	4.384538e-03	5.843360e+00
3.505000e-05	1.475637e-02	6.106942e+00
3.506000e-05	2.997338e-03	6.371197e+00
3.507000e-05	3.664989e-02	6.676859e+00
3.508000e-05	-6.910771e-02	6.978496e+00
3.509000e-05	2.816995e-02	7.193734e+00
3.510000e-05	-1.040907e-02	7.518464e+00
3.511000e-05	2.824562e-03	7.772197e+00
3.512000e-05	-3.430399e-03	8.045885e+00
3.513000e-05	-1.237605e-02	8.287468e+00
3.514000e-05	4.919830e-02	8.548521e+00
3.515000e-05	-5.223241e-02	8.753168e+00
3.516000e-05	9.469132e-03	9.033735e+00
3.517000e-05	-2.125797e-03	9.287312e+00
3.518000e-05	-5.867030e-03	9.487966e+00
3.519000e-05	8.990521e-03	9.710544e+00
3.520000e-05	-1.192396e-02	9.930670e+00
3.521000e-05	1.271755e-02	1.020020e+01
3.522000e-05	-2.918171e-02	1.045428e+01
3.523000e-05	9.043839e-03	1.066584e+01
3.524000e-05	-1.028066e-02	1.087546e+01
3.525000e-05	9.221111e-03	1.105789e+01
3.526000e-05	-1.038697e-02	1.127804e+01
3.527000e-05	-7.782346e-03	1.150956e+01
3.528000e-05	6.785147e-03	1.176917e+01
3.529000e-05	-8.820918e-03	1.193114e+01
3.530000e-05	-5.964135e-03	1.213059e+01
3.531000e-05	-7.756961e-03	1.232856e+01
3.532000e-05	1.404883e-02	1.250851e+01
3.533000e-05	-5.752634e-03	1.263638e+01
3.534000e-05	-1.200760e-02	1.283733e+01
3.535000e-05	-9.100305e-03	1.304535e+01
3.536000e-05	4.455569e-04	1.316280e+01
3.537000e-05	-1.137042e-03	1.337960e+01
3.538000e-05	-8.730212e-03	1.348902e+01
3.539000e-05	-2.229684e-04	1.364845e+01
3.540000e-05	-3.703609e-03	1.378575e+01
3.541000e-05	-4.451892e-03	1.396317e+01
3.542000e-05	-7.485872e-03	1.409903e+01
3.543000e-05	-3.287557e-03	1.427798e+01
3.544000e-05	-3.311659e-03	1.437277e+01
3.545000e-05	-5.298090e-03	1.450053e+01
3.546000e-05	-3.373327e-03	1.462632e+01
3.547000e-05	-7.638508e-03	1.476103e+01
3.548000e-05	-7.642277e-03	1.484636e+01
3.549000e-05	-7.387452e-03	1.491907e+01
3.550000e-05	-9.144408e-04	1.502627e+01
3.551000e-05	-3.218942e-03	1.509949e+01
3.552000e-05	-5.840172e-03	1.518229e+01
3.553000e-05	-7.214994e-03	1.521790e+01
3.554000e-05	-6.106122e-03	1.536061e+01
3.555000e-05	-4.084302e-03	1.541335e+01
3.556000e-05	-7.453067e-03	1.543589e+01
3.557000e-05	-5.434689e-03	1.551058e+01
3.558000e-05	-6.316826e-03	1.555234e+01
3.559000e-05	-4.139549e-03	1.559475e+01
3.560000e-05	-6.837237e-03	1.561630e+01
3.561000e-05	-8.249762e-03	1.565946e+01
3.562000e-05	-5.219165e-03	1.572951e+01
3.563000e-05	-3.652198e-03	1.572257e+01
3.564000e-05	-4.301068e-03	1.579167e+01
3.565000e-05	-7.706278e-03	1.575419e+01
3.566000e-05	-5.565222e-03	1.573257e+01
3.567000e-05	-7.066383e-03	1.577310e+01
3.568000e-05	-5.890300e-03	1.576119e+01
3.569000e-05	-6.633082e-03	1.579104e+01
3.570000e-05	-4.168520e-03	1.570949e+01
3.571000e-05	-5.283045e-03	1.564896e+01
3.572000e-05	-6.772017e-03	1.565796e+01
3.573000e-05	-5.908385e-03	1.561478e+01
3.574000e-05	-6.363322e-03	1.558324e+01
3.575000e-05	-6.704980e-03	1.552946e+01
3.576000e-05	-6.307193e-03	1.548644e+01
3.577000e-05	-3.790844e-03	1.538642e+01
3.578000e-05	-6.011590e-03	1.534169e+01
3.579000e-05	-6.563651e-03	1.523841e+01
3.580000e-05	-6.489245e-03	1.517429e+01
3.581000e-05	-6.456276e-03	1.510999e+01
3.582000e-05	-5.469410e-03	1.505535e+01
3.583000e-05	-7.774194e-03	1.492310e+01
3.584000e-05	-4.921381e-03	1.484640e+01
3.585000e-05	-6.842993e-03	1.474162e+01
3.586000e-05	-6.626678e-03	1.467535e+01
3.587000e-05	-7.270813e-03	1.453111e+01
3.588000e-05	-5.601059e-03	1.441479e+01
3.589000e-05	-5.105934e-03	1.426994e+01
3.590000e-05	-5.193448e-03	1.417364e+01
3.591000e-05	-7.977453e-03	1.400377e+01
3.592000e-05	-5.773914e-03	1.386741e+01
3.593000e-05	-7.763095e-03	1.373106e+01
3.594000e-05	-3.568707e-03	1.356364e+01
3.595000e-05	-5.742686e-03	1.340225e+01
3.596000e-05	-4.437583e-03	1.326638e+01
3.597000e-05	-5.073870e-03	1.311788e+01
3.598000e-05	-9.122327e-03	1.294056e+01
3.599000e-05	-6.948652e-03	1.275164e+01
3.600000e-05	-6.474499e-03	1.259467e+01
3.601000e-05	-5.885264e-03	1.243410e+01
3.602000e-05	-5.411656e-03	1.225477e+01
3.603000e-05	-6.450500e-03	1.202483e+01
3.604000e-05	-3.854896e-03	1.183328e+01
3.605000e-05	-5.827681e-03	1.161630e+01
3.606000e-05	-7.266802e-03	1.138470e+01
3.607000e-05	-7.189010e-03	1.119227e+01
3.608000e-05	-6.549370e-03	1.098312e+01
3.609000e-05	-6.185229e-03	1.078359e+01
3.610000e-05	-6.110331e-03	1.052249e+01
3.611000e-05	-5.962463e-03	1.032849e+01
3.612000e-05	-5.974525e-03	1.008786e+01
3.613000e-05	-6.480695e-03	9.856306e+00
3.614000e-05	-5.806740e-03	9.604773e+00
3.615000e-05	-6.385486e-03	9.432170e+00
3.616000e-05	-5.694061e-03	9.230569e+00
3.617000e-05	-7.210002e-03	8.899435e+00
3.618000e-05	-6.019675e-03	8.696255e+00
3.619000e-05	-6.981239e-03	8.485159e+00
3.620000e-05	-6.289985e-03	8.223249e+00
3.621000e-05	-5.799050e-03	7.969990e+00
3.622000e-05	-5.058248e-03	7.676863e+00
3.623000e-05	-5.459775e-03	7.393220e+00
3.624000e-05	-6.683190e-03	7.149867e+00
3.625000e-05	-6.843973e-03	6.876759e+00
3.626000e-05	-5.898498e-03	6.593550e+00
3.627000e-05	-6.166021e-03	6.350364e+00
3.628000e-05	-6.621791e-03	6.134733e+00
3.629000e-05	-5.073703e-03	5.812573e+00
3.630000e-05	-7.038202e-03	5.528937e+00
3.631000e-05	-3.373700e-03	5.273649e+00
3.632000e-05	-5.102033e-03	4.916307e+00
3.633000e-05	-4.697496e-03	4.632546e+00
3.634000e-05	-5.974760e-03	4.349945e+00
3.635000e-05	-7.770012e-03	4.073750e+00
3.636000e-05	-5.712589e-03	3.770394e+00
3.637000e-05	-7.408908e-03	3.476335e+00
3.638000e-05	-4.979133e-03	3.181473e+00
3.639000e-05	-5.471821e-03	2.956807e+00
3.640000e-05	-4.267497e-03	2.665154e+00
3.641000e-05	-4.764248e-03	2.329317e+00
3.642000e-05	-5.447649e-03	2.062605e+00
3.643000e-05	-5.073684e-03	1.800447e+00
3.644000e-05	-5.563444e-03	1.483655e+00
3.645000e-05	-5.453105e-03	1.168972e+00
3.646000e-05	-5.455382e-03	8.209513e-01
3.647000e-05	-4.854310e-03	5.577147e-01
3.648000e-05	-4.393800e-03	2.841817e-01
3.649000e-05	-7.637392e-04	-2.163015e-02
3.650000e-05	8.424067e-03	-2.748157e-01
3.651000e-05	-2.808218e-03	-5.583794e-01
3.652000e-05	2.016886e-03	-8.525853e-01
3.653000e-05	-2.651108e-03	-1.145292e+00
3.654000e-05	1.086436e-03	-1.430211e+00
3.655000e-05	-3.630781e-03	-1.663337e+00
3.656000e-05	1.769823e-02	-1.925871e+00
3.657000e-05	5.996795e-02	-2.178572e+00
3.658000e-05	5.689211e-02	-2.523868e+00
3.659000e-05	-1.028162e-01	-2.886340e+00
3.660000e-05	1.537682e-02	-3.262807e+00
3.661000e-05	-5.121017e-02	-3.524842e+00
3.662000e-05	-1.143104e-02	-3.727393e+00
3.663000e-05	-8.466393e-02	-4.009676e+00
3.664000e-05	1.847654e-01	-4.200599e+00
3.665000e-05	-6.652435e-02	-4.431281e+00
3.666000e-05	-3.371550e-02	-4.759121e+00
3.667000e-05	1.209823e-01	-4.972125e+00
3.668000e-05	-1.724663e-01	-5.379126e+00
3.669000e-05	1.397964e-01	-5.653631e+00
3.670000e-05	-1.065167e-01	-5.884889e+00
3.671000e-05	6.531593e-02	-6.170127e+00
3.672000e-05	5.972649e-02	-6.474829e+00
3.673000e-05	-1.254779e-01	-6.759043e+00
3.674000e-05	1.051737e-01	-7.052131e+00
3.675000e-05	-1.077896e-01	-7.284992e+00
3.676000e-05	7.593931e-02	-7.592199e+00
3.677000e-05	-2.842651e-02	-7.845757e+00
3.678000e-05	1.035878e-02	-8.127994e+00
3.679000e-05	7.718657e-02	-8.339600e+00
3.680000e-05	-1.266309e-01	-8.632858e+00
3.681000e-05	9.899829e-02	-8.835410e+00
3.682000e-05	-7.856524e-02	-9.127491e+00
3.683000e-05	6.776257e-02	-9.338600e+00
3.684000e-05	-4.079961e-02	-9.600721e+00
3.685000e-05	1.439769e-02	-9.813254e+00
3.686000e-05	2.254479e-02	-1.002431e+01
3.687000e-05	-4.223899e-02	-1.027746e+01
3.688000e-05	3.538008e-02	-1.050694e+01
3.689000e-05	-4.400731e-02	-1.074907e+01
3.690000e-05	6.083421e-02	-1.094954e+01
3.691000e-05	-4.522434e-02	-1.112102e+01
3.692000e-05	3.189132e-02	-1.135060e+01
3.693000e-05	-2.129942e-02	-1.158223e+01
3.694000e-05	1.167734e-02	-1.183333e+01
3.695000e-05	-1.608346e-02	-1.197233e+01
3.696000e-05	6.687486e-03	-1.218273e+01
3.697000e-05	1.876877e-02	-1.238222e+01
3.698000e-05	-6.273942e-03	-1.257210e+01
3.699000e-05	2.828782e-04	-1.274067e+01
3.700000e-05	-1.314991e-02	-1.291011e+01
3.701000e-05	1.475838e-02	-1.308911e+01
3.702000e-05	-1.112477e-02	-1.323486e+01
3.703000e-05	1.027125e-02	-1.340385e+01
3.704000e-05	-3.646143e-03	-1.354167e+01
3.705000e-05	9.505994e-03	-1.372861e+01
3.706000e-05	-1.121695e-02	-1.387849e+01
3.707000e-05	4.375768e-03	-1.400438e+01
3.708000e-05	5.878091e-04	-1.414167e+01
3.709000e-05	4.582935e-03	-1.429804e+01
3.710000e-05	-1.905361e-03	-1.443482e+01
3.711000e-05	4.001145e-03	-1.458068e+01
3.712000e-05	2.803555e-04	-1.468636e+01
3.713000e-05	-5.534231e-03	-1.476272e+01
3.714000e-05	-9.668303e-04	-1.488746e+01
3.715000e-05	3.022868e-03	-1.495125e+01
3.716000e-05	6.809318e-03	-1.502693e+01
3.717000e-05	1.728979e-05	-1.513219e+01
3.718000e-05	-4.053405e-04	-1.521537e+01
3.719000e-05	-2.230915e-03	-1.530862e+01
3.720000e-05	4.911396e-04	-1.539227e+01
3.721000e-05	4.153111e-04	-1.543541e+01
3.722000e-05	2.594215e-03	-1.547864e+01
3.723000e-05	8.201418e-04	-1.556117e+01
3.724000e-05	2.394451e-05	-1.558587e+01
3.725000e-05	-1.716174e-03	-1.564598e+01
3.726000e-05	-1.051519e-03	-1.566748e+01
3.727000e-05	1.938946e-03	-1.567951e+01
3.728000e-05	1.487989e-03	-1.576256e+01
3.729000e-05	4.095104e-04	-1.580116e+01
3.730000e-05	-5.747713e-04	-1.577080e+01
3.731000e-05	8.662641e-04	-1.583473e+01
3.732000e-05	-2.637138e-03	-1.578382e+01
3.733000e-05	-2.019136e-03	-1.577127e+01
3.734000e-05	-1.887455e-04	-1.577372e+01
3.735000e-05	2.136278e-03	-1.577114e+01
3.736000e-05	2.544481e-04	-1.573114e+01
3.737000e-05	-1.041282e-03	-1.569906e+01
3.738000e-05	-1.425815e-03	-1.567886e+01
3.739000e-05	-7.959849e-04	-1.563645e+01
3.740000e-05	-6.808942e-04	-1.556277e+01
3.741000e-05	7.316214e-04	-1.552022e+01
3.742000e-05	4.389615e-04	-1.550154e+01
3.743000e-05	-1.660982e-03	-1.543428e+01
3.744000e-05	-1.394213e-03	-1.538072e+01
3.745000e-05	-9.425550e-04	-1.527796e+01
3.746000e-05	1.709965e-04	-1.521382e+01
3.747000e-05	-8.248409e-04	-1.514044e+01
3.748000e-05	-6.229064e-04	-1.507593e+01
3.749000e-05	-1.373256e-03	-1.495224e+01
3.750000e-05	-1.926696e-03	-1.485591e+01
3.751000e-05	-9.474179e-05	-1.476222e+01
3.752000e-05	-1.265447e-03	-1.466846e+01
3.753000e-05	-5.892254e-04	-1.454010e+01
3.754000e-05	-5.555795e-04	-1.441424e+01
3.755000e-05	-3.811187e-04	-1.428801e+01
3.756000e-05	-1.944165e-03	-1.416275e+01
3.757000e-05	-2.339195e-03	-1.405678e+01
3.758000e-05	-1.649052e-03	-1.386833e+01
3.759000e-05	-4.897645e-04	-1.376956e+01
3.760000e-05	-7.691242e-04	-1.352167e+01
3.761000e-05	-1.356656e-03	-1.342432e+01
3.762000e-05	-3.250772e-03	-1.324840e+01
3.763000e-05	-2.187015e-03	-1.312746e+01
3.764000e-05	-2.097973e-03	-1.294007e+01
3.765000e-05	-9.434849e-04	-1.277267e+01
3.766000e-05	-1.373389e-03	-1.259372e+01
3.767000e-05	-1.884025e-03	-1.242628e+01
3.768000e-05	-1.890859e-03	-1.225625e+01
3.769000e-05	-3.202076e-03	-1.204585e+01
3.770000e-05	-2.193033e-03	-1.183532e+01
3.771000e-05	-2.609158e-03	-1.164527e+01
3.772000e-05	-1.548687e-03	-1.137164e+01
3.773000e-05	-1.546697e-03	-1.118207e+01
3.774000e-05	-2.425540e-03	-1.092259e+01
3.775000e-05	-2.370828e-03	-1.073849e+01
3.776000e-05	-2.920181e-03	-1.054099e+01
3.777000e-05	-2.483320e-03	-1.028854e+01
3.778000e-05	-2.394110e-03	-1.008841e+01
3.779000e-05	-8.947770e-04	-9.875779e+00
3.780000e-05	-3.057266e-03	-9.665804e+00
3.781000e-05	-3.964179e-03	-9.401198e+00
3.782000e-05	-3.171158e-03	-9.192440e+00
3.783000e-05	-2.146271e-03	-8.948891e+00
3.784000e-05	-3.312549e-03	-8.686933e+00
3.785000e-05	-3.149945e-03	-8.454276e+00
3.786000e-05	-2.762177e-03	-8.181472e+00
3.787000e-05	-2.481354e-03	-7.961042e+00
3.788000e-05	-4.014876e-03	-7.635701e+00
3.789000e-05	-4.302288e-03	-7.352092e+00
3.790000e-05	-3.990685e-03	-7.149886e+00
3.791000e-05	-3.115506e-03	-6.863178e+00
3.792000e-05	-3.619636e-03	-6.601122e+00
3.793000e-05	-3.713974e-03	-6.348358e+00
3.794000e-05	-3.131378e-03	-6.074704e+00
3.795000e-05	-3.814599e-03	-5.762520e+00
3.796000e-05	-4.620889e-03	-5.525454e+00
3.797000e-05	-4.041702e-03	-5.162971e+00
3.798000e-05	-4.401075e-03	-4.938307e+00
3.799000e-05	-3.374022e-03	-4.588463e+00
3.800000e-05	-4.612800e-03	-4.336815e+00
3.801000e-05	-4.715802e-03	-4.065228e+00
3.802000e-05	-4.738313e-03	-3.780915e+00
3.803000e-05	-5.789996e-03	-3.516812e+00
3.804000e-05	-4.805176e-03	-3.203973e+00
3.805000e-05	-5.975011e-03	-2.915784e+00
3.806000e-05	-3.286148e-03	-2.632099e+00
3.807000e-05	-5.634232e-03	-2.359044e+00
3.808000e-05	-3.954387e-03	-2.082154e+00
3.809000e-05	-6.555539e-03	-1.778447e+00
3.810000e-05	-4.254365e-03	-1.504207e+00
3.811000e-05	-6.059193e-03	-1.125742e+00
3.812000e-05	-3.409023e-03	-8.830303e-01
3.813000e-05	-4.968655e-03	-5.468407e-01
3.814000e-05	-2.781613e-03	-2.647553e-01
3.815000e-05	-2.360471e-03	-8.067312e-03
3.816000e-05	7.442460e-03	3.058945e-01
3.817000e-05	-6.166387e-03	5.709998e-01
3.818000e-05	4.379347e-03	8.316077e-01
3.819000e-05	-4.580414e-03	1.148450e+00
3.820000e-05	2.149804e-03	1.401606e+00
3.821000e-05	-6.061406e-03	1.736950e+00
3.822000e-05	1.338712e-02	1.978975e+00
3.823000e-05	2.530631e-02	2.210054e+00
3.824000e-05	8.494482e-02	2.517345e+00
3.825000e-05	-4.866310e-02	2.864913e+00
3.826000e-05	-4.492033e-02	3.169497e+00
3.827000e-05	-2.795723e-02	3.423212e+00
3.828000e-05	-9.342072e-03	3.676817e+00
3.829000e-05	-3.843841e-02	3.968071e+00
3.830000e-05	-1.503390e-02	4.181477e+00
3.831000e-05	7.822660e-02	4.444261e+00
3.832000e-05	-7.936865e-03	4.738922e+00
3.833000e-05	-7.639978e-02	5.033734e+00
3.834000e-05	1.512027e-01	5.327946e+00
3.835000e-05	-1.503619e-01	5.613332e+00
3.836000e-05	6.306206e-02	5.888039e+00
3.837000e-05	-2.415607e-02	6.160676e+00
3.838000e-05	3.573771e-02	6.444682e+00
3.839000e-05	3.875401e-03	6.717916e+00
3.840000e-05	-6.142656e-02	6.980154e+00
3.841000e-05	4.228903e-02	7.225861e+00
3.842000e-05	-3.263873e-02	7.579647e+00
3.843000e-05	2.548073e-02	7.812834e+00
3.844000e-05	-2.973706e-02	8.128020e+00
3.845000e-05	2.272079e-02	8.390698e+00
3.846000e-05	2.236069e-02	8.583107e+00
3.847000e-05	-5.068894e-02	8.803333e+00
3.848000e-05	2.164974e-02	9.087863e+00
3.849000e-05	-1.647942e-02	9.338516e+00
3.850000e-05	1.070509e-02	9.570119e+00
3.851000e-05	-9.406487e-03	9.761180e+00
3.852000e-05	6.124633e-03	1.004573e+01
3.853000e-05	-7.373365e-03	1.022539e+01
3.854000e-05	-1.541145e-02	1.043696e+01
3.855000e-05	2.517161e-03	1.069011e+01
3.856000e-05	-1.973916e-03	1.090902e+01
3.857000e-05	7.098640e-03	1.109712e+01
3.858000e-05	-1.524813e-02	1.133065e+01
3.859000e-05	-2.739222e-03	1.156320e+01
3.860000e-05	1.251786e-03	1.175222e+01
3.861000e-05	-4.425024e-03	1.197217e+01
3.862000e-05	-1.283674e-02	1.221370e+01
3.863000e-05	1.941337e-03	1.233077e+01
3.864000e-05	6.821980e-03	1.257062e+01
3.865000e-05	-4.155386e-03	1.273096e+01
3.866000e-05	-1.614157e-02	1.289804e+01
3.867000e-05	-4.266803e-03	1.305741e+01
3.868000e-05	-6.080274e-04	1.319583e+01
3.869000e-05	-3.477816e-03	1.342225e+01
3.870000e-05	-7.579253e-03	1.354012e+01
3.871000e-05	-1.474302e-03	1.371957e+01
3.872000e-05	-3.309372e-03	1.387388e+01
3.873000e-05	-7.576584e-03	1.399625e+01
3.874000e-05	-4.795923e-03	1.415124e+01
3.875000e-05	-4.319797e-03	1.427904e+01
3.876000e-05	-2.838097e-03	1.443585e+01
3.877000e-05	-6.173081e-03	1.455017e+01
3.878000e-05	-2.456794e-03	1.463695e+01
3.879000e-05	-8.672012e-03	1.472367e+01
3.880000e-05	-9.304845e-03	1.486694e+01
3.881000e-05	-4.662969e-03	1.496317e+01
3.882000e-05	-1.199437e-03	1.503580e+01
3.883000e-05	-3.314367e-03	1.510111e+01
3.884000e-05	-7.756831e-03	1.518425e+01
3.885000e-05	-4.705801e-03	1.525843e+01
3.886000e-05	-6.232496e-03	1.535214e+01
3.887000e-05	-4.285121e-03	1.542336e+01
3.888000e-05	-7.588861e-03	1.549698e+01
3.889000e-05	-4.932882e-03	1.550956e+01
3.890000e-05	-4.795627e-03	1.555372e+01
3.891000e-05	-5.701009e-03	1.560382e+01
3.892000e-05	-7.263243e-03	1.568643e+01
3.893000e-05	-7.895654e-03	1.563751e+01
3.894000e-05	-3.000269e-03	1.576107e+01
3.895000e-05	-4.716234e-03	1.575107e+01
3.896000e-05	-4.968142e-03	1.574055e+01
3.897000e-05	-7.689337e-03	1.579109e+01
3.898000e-05	-5.784472e-03	1.579115e+01
3.899000e-05	-6.431092e-03	1.575170e+01
3.900000e-05	-5.704185e-03	1.575202e+01
3.901000e-05	-6.119987e-03	1.570164e+01
3.902000e-05	-4.960423e-03	1.571954e+01
3.903000e-05	-5.532695e-03	1.566896e+01
3.904000e-05	-6.457006e-03	1.562585e+01
3.905000e-05	-5.266896e-03	1.560577e+01
3.906000e-05	-6.766086e-03	1.554326e+01
3.907000e-05	-4.854074e-03	1.550059e+01
3.908000e-05	-6.110540e-03	1.546741e+01
3.909000e-05	-5.518929e-03	1.537475e+01
3.910000e-05	-6.462087e-03	1.535164e+01
3.911000e-05	-6.383991e-03	1.523938e+01
3.912000e-05	-5.022985e-03	1.518377e+01
3.913000e-05	-6.354367e-03	1.512849e+01
3.914000e-05	-5.477338e-03	1.501325e+01
3.915000e-05	-7.022218e-03	1.490049e+01
3.916000e-05	-5.078219e-03	1.483372e+01
3.917000e-05	-6.202030e-03	1.469051e+01
3.918000e-05	-6.257733e-03	1.461432e+01
3.919000e-05	-6.503088e-03	1.446006e+01
3.920000e-05	-6.067327e-03	1.438322e+01
3.921000e-05	-4.811943e-03	1.427838e+01
3.922000e-05	-7.456020e-03	1.409954e+01
3.923000e-05	-5.112411e-03	1.397267e+01
3.924000e-05	-7.499684e-03	1.384575e+01
3.925000e-05	-5.363376e-03	1.366843e+01
3.926000e-05	-6.786112e-03	1.351141e+01
3.927000e-05	-5.955698e-03	1.337365e+01
3.928000e-05	-7.009554e-03	1.320320e+01
3.929000e-05	-5.476601e-03	1.306533e+01
3.930000e-05	-7.003279e-03	1.286951e+01
3.931000e-05	-6.930815e-03	1.273941e+01
3.932000e-05	-5.512686e-03	1.253994e+01
3.933000e-05	-5.921101e-03	1.238264e+01
3.934000e-05	-6.469237e-03	1.218167e+01
3.935000e-05	-6.590224e-03	1.199417e+01
3.936000e-05	-5.285538e-03	1.177272e+01
3.937000e-05	-6.161406e-03	1.157211e+01
3.938000e-05	-7.201293e-03	1.133214e+01
3.939000e-05	-6.762833e-03	1.111151e+01
3.940000e-05	-6.530745e-03	1.094047e+01
3.941000e-05	-5.610795e-03	1.072096e+01
3.942000e-05	-6.821007e-03	1.047941e+01
3.943000e-05	-6.199678e-03	1.024684e+01
3.944000e-05	-6.005236e-03	1.005627e+01
3.945000e-05	-5.490212e-03	9.814674e+00
3.946000e-05	-6.239945e-03	9.552093e+00
3.947000e-05	-6.053311e-03	9.330013e+00
3.948000e-05	-5.584850e-03	9.107937e+00
3.949000e-05	-5.501827e-03	8.856929e+00
3.950000e-05	-5.839337e-03	8.634730e+00
3.951000e-05	-6.439741e-03	8.433075e+00
3.952000e-05	-5.834753e-03	8.148987e+00
3.953000e-05	-6.225537e-03	7.856256e+00
3.954000e-05	-6.433707e-03	7.604723e+00
3.955000e-05	-5.839578e-03	7.299912e+00
3.956000e-05	-5.019358e-03	7.056804e+00
3.957000e-05	-5.660402e-03	6.832623e+00
3.958000e-05	-6.483737e-03	6.526440e+00
3.959000e-05	-7.007897e-03	6.275758e+00
3.960000e-05	-5.366089e-03	6.022124e+00
3.961000e-05	-5.421701e-03	5.730438e+00
3.962000e-05	-6.599550e-03	5.474708e+00
3.963000e-05	-4.972214e-03	5.150492e+00
3.964000e-05	-7.548961e-03	4.834076e+00
3.965000e-05	-3.206722e-03	4.529941e+00
3.966000e-05	-6.445206e-03	4.274777e+00
3.967000e-05	-5.262789e-03	3.981470e+00
3.968000e-05	-5.009039e-03	3.686687e+00
3.969000e-05	-6.310248e-03	3.441958e+00
3.970000e-05	-4.982816e-03	3.117816e+00
3.971000e-05	-6.569945e-03	2.863154e+00
3.972000e-05	-5.058181e-03	2.592371e+00
3.973000e-05	-5.659280e-03	2.254129e+00
3.974000e-05	-5.358239e-03	2.030523e+00
3.975000e-05	-4.752150e-03	1.677157e+00
3.976000e-05	-5.261868e-03	1.392026e+00
3.977000e-05	-5.483643e-03	1.027127e+00
3.978000e-05	-5.233331e-03	7.369161e-01
3.979000e-05	-3.647951e-03	5.046567e-01
3.980000e-05	-2.789700e-03	1.718938e-01
3.981000e-05	-4.689243e-04	-1.138156e-01
3.982000e-05	7.556275e-03	-3.369959e-01
3.983000e-05	-6.037428e-03	-6.512614e-01
3.984000e-05	4.083990e-03	-9.153906e-01
3.985000e-05	-5.579762e-03	-1.187576e+00
3.986000e-05	1.562217e-03	-1.486942e+00
3.987000e-05	-2.374486e-03	-1.759021e+00
3.988000e-05	2.579741e-02	-1.980021e+00
3.989000e-05	7.756004e-02	-2.232890e+00
3.990000e-05	1.007104e-02	-2.590655e+00
3.991000e-05	-8.513990e-02	-2.969181e+00
3.992000e-05	9.422225e-03	-3.317018e+00
3.993000e-05	-4.726619e-02	-3.557520e+00
3.994000e-05	-3.254741e-02	-3.809579e+00
3.995000e-05	-4.090680e-02	-4.043713e+00
3.996000e-05	1.884236e-01	-4.221154e+00
3.997000e-05	-1.642707e-01	-4.555921e+00
3.998000e-05	7.252525e-02	-4.801654e+00
3.999000e-05	3.880729e-02	-5.054335e+00
4.000000e-05	-1.217187e-01	-5.462241e+00
4.001000e-05	1.370423e-01	-5.685862e+00
4.002000e-05	-1.369356e-01	-5.978597e+00
4.003000e-05	1.406833e-01	-6.275381e+00
4.004000e-05	-3.254259e-02	-6.496869e+00
4.005000e-05	-6.442842e-02	-6.782778e+00
4.006000e-05	8.144127e-02	-7.116410e+00
4.007000e-05	-1.144362e-01	-7.400176e+00
4.008000e-05	1.152142e-01	-7.615805e+00
4.009000e-05	-8.511577e-02	-7.948070e+00
4.010000e-05	8.918572e-02	-8.172145e+00
4.011000e-05	-9.628489e-03	-8.422229e+00
4.012000e-05	-7.223269e-02	-8.707017e+00
4.013000e-05	7.747840e-02	-8.969521e+00
4.014000e-05	-7.819598e-02	-9.161700e+00
4.015000e-05	8.651451e-02	-9.422253e+00
4.016000e-05	-7.491536e-02	-9.644309e+00
4.017000e-05	6.371760e-02	-9.896388e+00
4.018000e-05	-2.814945e-02	-1.007841e+01
4.019000e-05	-2.044645e-03	-1.035069e+01
4.020000e-05	2.269209e-03	-1.052962e+01
4.021000e-05	-1.401315e-02	-1.077322e+01
4.022000e-05	4.346189e-02	-1.099270e+01
4.023000e-05	-4.205774e-02	-1.116282e+01
4.024000e-05	3.672417e-02	-1.141330e+01
4.025000e-05	-3.057765e-02	-1.165439e+01
4.026000e-05	2.277461e-02	-1.184646e+01
4.027000e-05	-2.971135e-02	-1.206648e+01
4.028000e-05	2.676628e-02	-1.225491e+01
4.029000e-05	2.209610e-03	-1.245389e+01
4.030000e-05	4.004484e-03	-1.265425e+01
4.031000e-05	-1.225939e-02	-1.276077e+01
4.032000e-05	3.092235e-04	-1.299008e+01
4.033000e-05	6.644917e-03	-1.309209e+01
4.034000e-05	-4.670828e-03	-1.327856e+01
4.035000e-05	6.426130e-03	-1.345441e+01
4.036000e-05	-6.816268e-04	-1.360290e+01
4.037000e-05	7.394085e-03	-1.374213e+01
4.038000e-05	-1.111717e-02	-1.389919e+01
4.039000e-05	7.665051e-03	-1.401696e+01
4.040000e-05	-1.160242e-03	-1.420338e+01
4.041000e-05	5.118578e-03	-1.430211e+01
4.042000e-05	-4.108368e-03	-1.445493e+01
4.043000e-05	5.365093e-03	-1.459325e+01
4.044000e-05	-2.208604e-03	-1.469949e+01
4.045000e-05	-3.784373e-03	-1.478430e+01
4.046000e-05	-5.044862e-04	-1.491646e+01
4.047000e-05	4.561795e-03	-1.501325e+01
4.048000e-05	5.805097e-03	-1.506549e+01
4.049000e-05	-2.033922e-03	-1.514122e+01
4.050000e-05	-1.034457e-03	-1.527533e+01
4.051000e-05	-2.820719e-03	-1.531015e+01
4.052000e-05	1.033171e-03	-1.538280e+01
4.053000e-05	1.488021e-03	-1.546598e+01
4.054000e-05	2.397080e-03	-1.548959e+01
4.055000e-05	7.072690e-04	-1.557219e+01
4.056000e-05	-6.171212e-04	-1.561490e+01
4.057000e-05	-2.198541e-03	-1.567690e+01
4.058000e-05	-7.116079e-04	-1.567859e+01
4.059000e-05	1.721741e-03	-1.572806e+01
4.060000e-05	1.227873e-03	-1.577916e+01
4.061000e-05	4.807732e-04	-1.577167e+01
4.062000e-05	-9.575366e-05	-1.580277e+01
4.063000e-05	-3.698031e-04	-1.582272e+01
4.064000e-05	-2.651167e-03	-1.580330e+01
4.065000e-05	-6.741670e-04	-1.579472e+01
4.066000e-05	1.063681e-03	-1.575164e+01
4.067000e-05	1.796989e-03	-1.577122e+01
4.068000e-05	9.402626e-05	-1.574008e+01
4.069000e-05	-1.969446e-03	-1.569764e+01
4.070000e-05	-1.922925e-03	-1.564893e+01
4.071000e-05	-1.584340e-03	-1.563680e+01
4.072000e-05	-6.312380e-04	-1.554327e+01
4.073000e-05	1.630603e-03	-1.552216e+01
4.074000e-05	7.520717e-04	-1.545651e+01
4.075000e-05	-1.777027e-03	-1.542587e+01
4.076000e-05	-2.560490e-03	-1.537160e+01
4.077000e-05	-1.128589e-03	-1.525598e+01
4.078000e-05	-7.748152e-04	-1.521274e+01
4.079000e-05	-8.681803e-05	-1.510898e+01
4.080000e-05	-3.879655e-05	-1.500435e+01
4.081000e-05	-4.145073e-04	-1.493014e+01
4.082000e-05	-1.800330e-03	-1.484478e+01
4.083000e-05	-1.988737e-03	-1.474017e+01
4.084000e-05	-1.128998e-03	-1.463733e+01
4.085000e-05	-5.996506e-04	-1.453014e+01
4.086000e-05	-3.213662e-04	-1.434275e+01
4.087000e-05	-6.028004e-04	-1.431693e+01
4.088000e-05	-1.362897e-03	-1.413206e+01
4.089000e-05	-2.002534e-03	-1.398379e+01
4.090000e-05	-2.303888e-03	-1.385788e+01
4.091000e-05	-1.950363e-03	-1.370796e+01
4.092000e-05	4.523026e-05	-1.351901e+01
4.093000e-05	-1.448419e-03	-1.339419e+01
4.094000e-05	-2.219601e-03	-1.321485e+01
4.095000e-05	-2.491281e-03	-1.307686e+01
4.096000e-05	-1.720298e-03	-1.293999e+01
4.097000e-05	-8.646966e-04	-1.274904e+01
4.098000e-05	-1.554789e-03	-1.258217e+01
4.099000e-05	-8.002844e-04	-1.241267e+01
4.100000e-05	-2.230220e-03	-1.219269e+01
4.101000e-05	-2.178752e-03	-1.203165e+01
4.102000e-05	-3.291870e-03	-1.181374e+01
4.103000e-05	-2.677642e-03	-1.158262e+01
4.104000e-05	-2.223518e-03	-1.130907e+01
4.105000e-05	-1.549444e-03	-1.109893e+01
4.106000e-05	-2.107752e-03	-1.091736e+01
4.107000e-05	-2.522039e-03	-1.068639e+01
4.108000e-05	-2.639917e-03	-1.052744e+01
4.109000e-05	-2.826619e-03	-1.028530e+01
4.110000e-05	-3.272182e-03	-1.005475e+01
4.111000e-05	-1.861968e-03	-9.813074e+00
4.112000e-05	-2.237185e-03	-9.601146e+00
4.113000e-05	-3.007183e-03	-9.350038e+00
4.114000e-05	-3.041201e-03	-9.115837e+00
4.115000e-05	-2.278052e-03	-8.917812e+00
4.116000e-05	-3.363699e-03	-8.646299e+00
4.117000e-05	-3.661394e-03	-8.370996e+00
4.118000e-05	-3.052906e-03	-8.159490e+00
4.119000e-05	-3.258436e-03	-7.926283e+00
4.120000e-05	-3.243901e-03	-7.613049e+00
4.121000e-05	-4.406853e-03	-7.307412e+00
4.122000e-05	-3.451867e-03	-7.076705e+00
4.123000e-05	-4.009059e-03	-6.789993e+00
4.124000e-05	-3.557882e-03	-6.518837e+00
4.125000e-05	-4.501583e-03	-6.248275e+00
4.126000e-05	-3.199442e-03	-5.989995e+00
4.127000e-05	-4.471617e-03	-5.728859e+00
4.128000e-05	-3.573832e-03	-5.453576e+00
4.129000e-05	-4.244545e-03	-5.126837e+00
4.130000e-05	-5.114444e-03	-4.821071e+00
4.131000e-05	-4.799055e-03	-4.507259e+00
4.132000e-05	-3.555597e-03	-4.294303e+00
4.133000e-05	-4.440593e-03	-4.011626e+00
4.134000e-05	-4.600439e-03	-3.696284e+00
4.135000e-05	-6.552374e-03	-3.452601e+00
4.136000e-05	-4.309689e-03	-3.168870e+00
4.137000e-05	-5.574064e-03	-2.841580e+00
4.138000e-05	-3.560133e-03	-2.610944e+00
4.139000e-05	-5.553944e-03	-2.286259e+00
4.140000e-05	-4.305260e-03	-1.998995e+00
4.141000e-05	-5.882723e-03	-1.706732e+00
4.142000e-05	-3.678879e-03	-1.451446e+00
4.143000e-05	-5.546104e-03	-1.053654e+00
4.144000e-05	-4.717615e-03	-7.894234e-01
4.145000e-05	-4.554326e-03	-4.636040e-01
4.146000e-05	-3.558853e-03	-2.404737e-01
4.147000e-05	2.681292e-03	1.032355e-01
4.148000e-05	4.283128e-03	3.800723e-01
4.149000e-05	-5.216120e-03	6.511303e-01
4.150000e-05	3.943909e-03	9.138120e-01
4.151000e-05	-4.252611e-03	1.210608e+00
4.152000e-05	1.798058e-04	1.494338e+00
4.153000e-05	-4.421525e-03	1.820628e+00
4.154000e-05	1.522280e-02	2.032655e+00
4.155000e-05	3.983604e-02	2.264237e+00
4.156000e-05	7.449716e-02	2.580605e+00
4.157000e-05	-7.695064e-02	2.927920e+00
4.158000e-05	-2.371685e-02	3.212124e+00
4.159000e-05	-3.555461e-02	3.517492e+00
4.160000e-05	-8.627776e-04	3.788101e+00
4.161000e-05	-4.884917e-02	4.042078e+00
4.162000e-05	1.233484e-02	4.262760e+00
4.163000e-05	8.726383e-02	4.537866e+00
4.164000e-05	-6.696642e-02	4.812280e+00
4.165000e-05	2.250315e-03	5.107488e+00
4.166000e-05	9.231511e-02	5.432228e+00
4.167000e-05	-1.404929e-01	5.698466e+00
4.168000e-05	8.470641e-02	6.000101e+00
4.169000e-05	-4.326599e-02	6.223784e+00
4.170000e-05	5.527688e-02	6.497441e+00
4.171000e-05	-2.927851e-02	6.802223e+00
4.172000e-05	-3.747260e-02	7.044908e+00
4.173000e-05	4.260886e-02	7.309947e+00
4.174000e-05	-3.871742e-02	7.604274e+00
4.175000e-05	3.623777e-02	7.916964e+00
4.176000e-05	-4.356771e-02	8.182249e+00
4.177000e-05	4.950521e-02	8.432677e+00
4.178000e-05	-8.842613e-03	8.634758e+00
4.179000e-05	-3.749627e-02	8.859440e+00
4.180000e-05	2.190422e-02	9.170047e+00
4.181000e-05	-2.419514e-02	9.390600e+00
4.182000e-05	2.259065e-02	9.603728e+00
4.183000e-05	-2.212215e-02	9.885437e+00
4.184000e-05	2.108496e-02	1.009791e+01
4.185000e-05	-2.466678e-02	1.029841e+01
4.186000e-05	-2.399379e-04	1.053859e+01
4.187000e-05	-8.242651e-03	1.075014e+01
4.188000e-05	2.428636e-03	1.100107e+01
4.189000e-05	1.861547e-03	1.117327e+01
4.190000e-05	-1.508745e-02	1.136428e+01
4.191000e-05	4.756097e-03	1.160528e+01
4.192000e-05	-4.826741e-03	1.183286e+01
4.193000e-05	-1.711692e-03	1.201288e+01
4.194000e-05	-1.640108e-02	1.222478e+01
4.195000e-05	1.153600e-02	1.241422e+01
4.196000e-05	1.833801e-04	1.255268e+01
4.197000e-05	-5.193079e-03	1.276212e+01
4.198000e-05	-1.668844e-02	1.291959e+01
4.199000e-05	-1.307979e-03	1.308901e+01
4.200000e-05	-1.182802e-03	1.327643e+01
4.201000e-05	-7.376141e-03	1.344479e+01
4.202000e-05	-4.007460e-03	1.354162e+01
4.203000e-05	-2.262406e-03	1.372807e+01
4.204000e-05	2.921449e-04	1.386794e+01
4.205000e-05	-1.192626e-02	1.403740e+01
4.206000e-05	-4.227889e-03	1.418422e+01
4.207000e-05	-6.816870e-03	1.431057e+01
4.208000e-05	-1.481553e-03	1.444688e+01
4.209000e-05	-5.176953e-03	1.457219e+01
4.210000e-05	-3.067661e-03	1.468799e+01
4.211000e-05	-7.807133e-03	1.479425e+01
4.212000e-05	-8.737351e-03	1.487799e+01
4.213000e-05	-3.419268e-03	1.494167e+01
4.214000e-05	-5.305592e-03	1.507841e+01
4.215000e-05	-3.155623e-03	1.513121e+01
4.216000e-05	-6.406912e-03	1.519385e+01
4.217000e-05	-2.547638e-03	1.529844e+01
4.218000e-05	-7.699372e-03	1.539222e+01
4.219000e-05	-6.737484e-03	1.543533e+01
4.220000e-05	-6.898645e-03	1.549746e+01
4.221000e-05	-4.076521e-03	1.556061e+01
4.222000e-05	-4.019136e-03	1.558419e+01
4.223000e-05	-6.717304e-03	1.565535e+01
4.224000e-05	-7.200345e-03	1.564540e+01
4.225000e-05	-7.057829e-03	1.571949e+01
4.226000e-05	-1.934611e-03	1.569862e+01
4.227000e-05	-4.868408e-03	1.577964e+01
4.228000e-05	-4.784787e-03	1.571067e+01
4.229000e-05	-6.632047e-03	1.573404e+01
4.230000e-05	-5.826326e-03	1.576317e+01
4.231000e-05	-6.335226e-03	1.575117e+01
4.232000e-05	-8.333257e-03	1.574114e+01
4.233000e-05	-4.941284e-03	1.572011e+01
4.234000e-05	-4.695285e-03	1.567901e+01
4.235000e-05	-4.550652e-03	1.566895e+01
4.236000e-05	-6.821166e-03	1.563545e+01
4.237000e-05	-5.562738e-03	1.557522e+01
4.238000e-05	-7.255078e-03	1.554174e+01
4.239000e-05	-5.832470e-03	1.550106e+01
4.240000e-05	-5.167668e-03	1.539540e+01
4.241000e-05	-4.861098e-03	1.539429e+01
4.242000e-05	-6.439425e-03	1.533956e+01
4.243000e-05	-7.403138e-03	1.519838e+01
4.244000e-05	-5.255720e-03	1.513376e+01
4.245000e-05	-5.279771e-03	1.507846e+01
4.246000e-05	-5.505003e-03	1.498375e+01
4.247000e-05	-5.664707e-03	1.486949e+01
4.248000e-05	-6.535861e-03	1.479372e+01
4.249000e-05	-6.300814e-03	1.469884e+01
4.250000e-05	-8.244477e-03	1.458225e+01
4.251000e-05	-4.714858e-03	1.446740e+01
4.252000e-05	-7.150100e-03	1.435314e+01
4.253000e-05	-4.826652e-03	1.422472e+01
4.254000e-05	-8.088151e-03	1.404851e+01
4.255000e-05	-5.835167e-03	1.392051e+01
4.256000e-05	-7.351829e-03	1.372425e+01
4.257000e-05	-5.559800e-03	1.362630e+01
4.258000e-05	-6.711196e-03	1.347786e+01
4.259000e-05	-5.685251e-03	1.332006e+01
4.260000e-05	-6.189962e-03	1.318174e+01
4.261000e-05	-6.692564e-03	1.299322e+01
4.262000e-05	-6.180515e-03	1.284530e+01
4.263000e-05	-6.165928e-03	1.268786e+01
4.264000e-05	-6.013972e-03	1.251849e+01
4.265000e-05	-6.124765e-03	1.231946e+01
4.266000e-05	-5.989350e-03	1.212154e+01
4.267000e-05	-5.575112e-03	1.190096e+01
4.268000e-05	-6.941765e-03	1.170956e+01
4.269000e-05	-6.311217e-03	1.151897e+01
4.270000e-05	-6.215814e-03	1.129843e+01
4.271000e-05	-5.437919e-03	1.106733e+01
4.272000e-05	-5.880436e-03	1.090788e+01
4.273000e-05	-6.424911e-03	1.066828e+01
4.274000e-05	-6.835277e-03	1.047526e+01
4.275000e-05	-6.200289e-03	1.022460e+01
4.276000e-05	-6.189948e-03	1.000412e+01
4.277000e-05	-6.001004e-03	9.750063e+00
4.278000e-05	-4.973899e-03	9.498808e+00
4.279000e-05	-5.727024e-03	9.297857e+00
4.280000e-05	-5.759276e-03	9.056205e+00
4.281000e-05	-7.436738e-03	8.835096e+00
4.282000e-05	-6.019889e-03	8.579993e+00
4.283000e-05	-6.166037e-03	8.388415e+00
4.284000e-05	-5.620103e-03	8.074878e+00
4.285000e-05	-6.119497e-03	7.832674e+00
4.286000e-05	-6.235315e-03	7.550617e+00
4.287000e-05	-6.182064e-03	7.256302e+00
4.288000e-05	-5.484568e-03	6.991099e+00
4.289000e-05	-5.618169e-03	6.730865e+00
4.290000e-05	-6.162550e-03	6.466278e+00
4.291000e-05	-5.388396e-03	6.211574e+00
4.292000e-05	-6.241239e-03	5.950471e+00
4.293000e-05	-6.020384e-03	5.672226e+00
4.294000e-05	-5.640362e-03	5.412023e+00
4.295000e-05	-5.632525e-03	5.057103e+00
4.296000e-05	-5.758888e-03	4.729342e+00
4.297000e-05	-6.048433e-03	4.496257e+00
4.298000e-05	-5.413891e-03	4.203046e+00
4.299000e-05	-5.639776e-03	3.867363e+00
4.300000e-05	-5.434901e-03	3.683604e+00
4.301000e-05	-5.379716e-03	3.358815e+00
4.302000e-05	-5.391946e-03	3.064129e+00
4.303000e-05	-5.442479e-03	2.811546e+00
4.304000e-05	-6.000431e-03	2.465182e+00
4.305000e-05	-5.662968e-03	2.192497e+00
4.306000e-05	-4.774756e-03	1.937362e+00
4.307000e-05	-5.062974e-03	1.592628e+00
4.308000e-05	-4.864699e-03	1.327367e+00
4.309000e-05	-5.321592e-03	1.020495e+00
4.310000e-05	-4.505781e-03	6.951580e-01
4.311000e-05	-4.501428e-03	4.419253e-01
4.312000e-05	-3.359545e-03	1.066820e-01
4.313000e-05	2.920903e-03	-1.759485e-01
4.314000e-05	5.631651e-03	-4.496051e-01
4.315000e-05	-6.085903e-03	-7.358971e-01
4.316000e-05	4.464853e-03	-9.969761e-01
4.317000e-05	-4.971392e-03	-1.283759e+00
4.318000e-05	9.789803e-04	-1.579023e+00
4.319000e-05	1.364232e-03	-1.831579e+00
4.320000e-05	3.358263e-02	-2.021676e+00
4.321000e-05	8.896744e-02	-2.335946e+00
4.322000e-05	-4.293824e-02	-2.655840e+00
4.323000e-05	-4.905274e-02	-3.085013e+00
4.324000e-05	-1.207998e-02	-3.401648e+00
4.325000e-05	-2.900887e-02	-3.601175e+00
4.326000e-05	-6.473165e-02	-3.884314e+00
4.327000e-05	3.011294e-02	-4.105359e+00
4.328000e-05	1.365903e-01	-4.275839e+00
4.329000e-05	-1.812305e-01	-4.600553e+00
4.330000e-05	1.756171e-01	-4.882859e+00
4.331000e-05	-6.318912e-02	-5.159100e+00
4.332000e-05	-3.852063e-02	-5.536391e+00
4.333000e-05	7.866637e-02	-5.746394e+00
4.334000e-05	-1.129149e-01	-6.014334e+00
4.335000e-05	1.721550e-01	-6.307544e+00
4.336000e-05	-1.083167e-01	-6.589602e+00
4.337000e-05	1.221878e-02	-6.906890e+00
4.338000e-05	2.244538e-02	-7.109622e+00
4.339000e-05	-7.619276e-02	-7.475283e+00
4.340000e-05	1.078288e-01	-7.687464e+00
4.341000e-05	-1.050560e-01	-7.991249e+00
4.342000e-05	1.404631e-01	-8.233807e+00
4.343000e-05	-8.860641e-02	-8.475389e+00
4.344000e-05	4.729724e-03	-8.770196e+00
4.345000e-05	2.549741e-02	-9.011675e+00
4.346000e-05	-4.329018e-02	-9.224380e+00
4.347000e-05	6.838822e-02	-9.465357e+00
4.348000e-05	-7.712117e-02	-9.687943e+00
4.349000e-05	8.484092e-02	-9.948617e+00
4.350000e-05	-6.345025e-02	-1.014217e+01
4.351000e-05	3.456757e-02	-1.038077e+01
4.352000e-05	-3.178939e-02	-1.062228e+01
4.353000e-05	2.366527e-02	-1.081441e+01
4.354000e-05	9.832118e-03	-1.100430e+01
4.355000e-05	-2.171816e-02	-1.124493e+01
4.356000e-05	2.527614e-02	-1.145748e+01
4.357000e-05	-2.528024e-02	-1.167702e+01
4.358000e-05	2.085079e-02	-1.190696e+01
4.359000e-05	-3.149498e-02	-1.209799e+01
4.360000e-05	3.822728e-02	-1.226761e+01
4.361000e-05	-1.054753e-02	-1.246691e+01
4.362000e-05	1.243051e-02	-1.266494e+01
4.363000e-05	-2.026608e-02	-1.281443e+01
4.364000e-05	1.098387e-02	-1.302578e+01
4.365000e-05	-4.123242e-03	-1.316271e+01
4.366000e-05	2.506731e-03	-1.335962e+01
4.367000e-05	3.102119e-03	-1.349801e+01
4.368000e-05	3.033047e-03	-1.368498e+01
4.369000e-05	8.068599e-04	-1.383527e+01
4.370000e-05	-8.046484e-03	-1.395024e+01
4.371000e-05	7.762316e-03	-1.409704e+01
4.372000e-05	-9.236686e-04	-1.424386e+01
4.373000e-05	3.707893e-03	-1.434067e+01
4.374000e-05	-3.285948e-03	-1.448694e+01
4.375000e-05	6.230378e-03	-1.463388e+01
4.376000e-05	-5.641989e-03	-1.471916e+01
4.377000e-05	-2.805515e-03	-1.485488e+01
4.378000e-05	-2.853975e-04	-1.489708e+01
4.379000e-05	5.366001e-03	-1.503336e+01
4.380000e-05	3.205634e-03	-1.508651e+01
4.381000e-05	-1.483178e-03	-1.517124e+01
4.382000e-05	-4.350732e-04	-1.528648e+01
4.383000e-05	-2.308169e-03	-1.536162e+01
4.384000e-05	6.205223e-05	-1.542480e+01
4.385000e-05	7.413321e-04	-1.545653e+01
4.386000e-05	1.232665e-03	-1.552211e+01
4.387000e-05	2.991270e-04	-1.558277e+01
4.388000e-05	-1.640049e-03	-1.564681e+01
4.389000e-05	-1.795725e-03	-1.567743e+01
4.390000e-05	-4.565618e-04	-1.573903e+01
4.391000e-05	1.626311e-03	-1.573064e+01
4.392000e-05	7.168560e-04	-1.572116e+01
4.393000e-05	-3.282135e-04	-1.576219e+01
4.394000e-05	7.410628e-04	-1.578380e+01
4.395000e-05	-1.108359e-03	-1.579370e+01
4.396000e-05	-2.226755e-03	-1.576369e+01
4.397000e-05	-1.662604e-03	-1.577220e+01
4.398000e-05	8.118083e-04	-1.577119e+01
4.399000e-05	1.485919e-03	-1.578312e+01
4.400000e-05	-8.543195e-04	-1.572007e+01
4.401000e-05	-1.054059e-03	-1.570848e+01
4.402000e-05	-9.239133e-04	-1.568751e+01
4.403000e-05	-1.478422e-03	-1.562627e+01
4.404000e-05	-1.061353e-03	-1.559269e+01
4.405000e-05	1.159512e-03	-1.552011e+01
4.406000e-05	2.269115e-04	-1.546746e+01
4.407000e-05	-1.675228e-03	-1.541273e+01
4.408000e-05	-1.711687e-03	-1.531002e+01
4.409000e-05	-5.122932e-04	-1.520635e+01
4.410000e-05	-5.363340e-04	-1.519127e+01
4.411000e-05	-8.616936e-04	-1.511851e+01
4.412000e-05	-5.292969e-04	-1.499382e+01
4.413000e-05	-1.159840e-04	-1.492051e+01
4.414000e-05	-2.349451e-03	-1.480330e+01
4.415000e-05	-2.407569e-03	-1.470956e+01
4.416000e-05	-1.472834e-03	-1.466625e+01
4.417000e-05	-4.302261e-04	-1.446738e+01
4.418000e-05	-6.176301e-04	-1.434069e+01
4.419000e-05	-7.426094e-04	-1.426485e+01
4.420000e-05	-7.631298e-04	-1.411953e+01
4.421000e-05	-1.995545e-03	-1.394306e+01
4.422000e-05	-2.383800e-03	-1.381315e+01
4.423000e-05	-1.670162e-03	-1.365635e+01
4.424000e-05	-3.725315e-05	-1.350901e+01
4.425000e-05	-9.180906e-04	-1.336209e+01
4.426000e-05	-2.147559e-03	-1.317224e+01
4.427000e-05	-2.485700e-03	-1.304278e+01
4.428000e-05	-2.073240e-03	-1.286890e+01
4.429000e-05	-1.754015e-03	-1.269689e+01
4.430000e-05	-9.015088e-04	-1.248893e+01
4.431000e-05	-1.473094e-03	-1.232049e+01
4.432000e-05	-2.159549e-03	-1.216104e+01
4.433000e-05	-2.396104e-03	-1.194012e+01
4.434000e-05	-2.788170e-03	-1.174112e+01
4.435000e-05	-2.646597e-03	-1.150946e+01
4.436000e-05	-2.103103e-03	-1.130685e+01
4.437000e-05	-1.494806e-03	-1.105441e+01
4.438000e-05	-1.917851e-03	-1.088623e+01
4.439000e-05	-2.091817e-03	-1.065330e+01
4.440000e-05	-2.954056e-03	-1.046635e+01
4.441000e-05	-3.043167e-03	-1.022223e+01
4.442000e-05	-3.352386e-03	-9.972496e+00
4.443000e-05	-2.190318e-03	-9.762015e+00
4.444000e-05	-3.038528e-03	-9.519991e+00
4.445000e-05	-3.051926e-03	-9.287308e+00
4.446000e-05	-3.246732e-03	-9.044705e+00
4.447000e-05	-4.132027e-03	-8.844724e+00
4.448000e-05	-3.339662e-03	-8.560566e+00
4.449000e-05	-3.590202e-03	-8.307938e+00
4.450000e-05	-2.360362e-03	-8.066233e+00
4.451000e-05	-3.560695e-03	-7.812144e+00
4.452000e-05	-3.346451e-03	-7.488783e+00
4.453000e-05	-5.221595e-03	-7.275732e+00
4.454000e-05	-3.378796e-03	-7.022544e+00
4.455000e-05	-4.966790e-03	-6.757814e+00
4.456000e-05	-3.107916e-03	-6.484758e+00
4.457000e-05	-4.299831e-03	-6.162467e+00
4.458000e-05	-2.942376e-03	-5.918335e+00
4.459000e-05	-5.261707e-03	-5.664703e+00
4.460000e-05	-3.336605e-03	-5.368883e+00
4.461000e-05	-5.116972e-03	-5.052703e+00
4.462000e-05	-3.546330e-03	-4.718358e+00
4.463000e-05	-5.040941e-03	-4.464678e+00
4.464000e-05	-3.758944e-03	-4.272625e+00
4.465000e-05	-5.442648e-03	-3.918841e+00
4.466000e-05	-4.504531e-03	-3.622523e+00
4.467000e-05	-5.043458e-03	-3.370420e+00
4.468000e-05	-4.920692e-03	-3.074233e+00
4.469000e-05	-5.473144e-03	-2.778844e+00
4.470000e-05	-4.301280e-03	-2.516233e+00
4.471000e-05	-3.957078e-03	-2.202425e+00
4.472000e-05	-5.593654e-03	-1.926285e+00
4.473000e-05	-5.363630e-03	-1.662603e+00
4.474000e-05	-4.416385e-03	-1.335758e+00
4.475000e-05	-3.909790e-03	-9.799449e-01
4.476000e-05	-5.611972e-03	-6.753118e-01
4.477000e-05	-4.404978e-03	-4.089736e-01
4.478000e-05	-3.965822e-03	-1.152421e-01
4.479000e-05	5.541039e-03	1.068724e-01
4.480000e-05	-2.561531e-04	4.321567e-01
4.481000e-05	-1.194418e-03	6.738143e-01
4.482000e-05	1.268525e-03	9.789984e-01
4.483000e-05	-2.356802e-03	1.273709e+00
4.484000e-05	-2.486346e-03	1.550549e+00
4.485000e-05	1.981803e-03	1.852685e+00
4.486000e-05	1.602091e-02	2.085262e+00
4.487000e-05	5.819256e-02	2.316946e+00
4.488000e-05	4.440805e-02	2.657867e+00
4.489000e-05	-8.390338e-02	3.031601e+00
4.490000e-05	-1.403585e-02	3.285809e+00
4.491000e-05	-3.489589e-02	3.570128e+00
4.492000e-05	-4.078550e-03	3.853714e+00
4.493000e-05	-5.073804e-02	4.052785e+00
4.494000e-05	3.552041e-02	4.327468e+00
4.495000e-05	7.982127e-02	4.562703e+00
4.496000e-05	-1.125570e-01	4.866487e+00
4.497000e-05	8.999845e-02	5.200049e+00
4.498000e-05	1.623719e-04	5.436416e+00
4.499000e-05	-8.630461e-02	5.759523e+00
4.500000e-05	6.601822e-02	6.053283e+00
4.501000e-05	-3.264416e-02	6.315039e+00
4.502000e-05	6.109504e-02	6.550101e+00
4.503000e-05	-5.749281e-02	6.875864e+00
4.504000e-05	-6.939971e-03	7.128516e+00
4.505000e-05	1.893119e-02	7.373205e+00
4.506000e-05	-2.539021e-02	7.667466e+00
4.507000e-05	2.658060e-02	7.970750e+00
4.508000e-05	-3.965025e-02	8.255286e+00
4.509000e-05	6.156283e-02	8.476812e+00
4.510000e-05	-3.519571e-02	8.688542e+00
4.511000e-05	-1.524718e-02	8.971070e+00
4.512000e-05	1.515162e-02	9.202724e+00
4.513000e-05	-2.184261e-02	9.444809e+00
4.514000e-05	2.173861e-02	9.665961e+00
4.515000e-05	-2.552336e-02	9.896941e+00
4.516000e-05	2.505113e-02	1.010062e+01
4.517000e-05	-3.321557e-02	1.036012e+01
4.518000e-05	9.811510e-03	1.061172e+01
4.519000e-05	-1.207947e-02	1.080470e+01
4.520000e-05	8.023981e-03	1.099268e+01
4.521000e-05	-3.356383e-03	1.123440e+01
4.522000e-05	-1.405480e-02	1.145486e+01
4.523000e-05	7.877034e-03	1.162689e+01
4.524000e-05	-9.830618e-03	1.189846e+01
4.525000e-05	-1.215424e-03	1.206394e+01
4.526000e-05	-1.674985e-02	1.224646e+01
4.527000e-05	1.468598e-02	1.249686e+01
4.528000e-05	-4.763499e-03	1.264433e+01
4.529000e-05	-6.726302e-03	1.277475e+01
4.530000e-05	-1.370092e-02	1.299222e+01
4.531000e-05	5.401852e-04	1.315114e+01
4.532000e-05	2.669117e-04	1.327847e+01
4.533000e-05	-8.931145e-03	1.346638e+01
4.534000e-05	-1.448786e-03	1.361380e+01
4.535000e-05	-5.649336e-03	1.375380e+01
4.536000e-05	-1.613735e-03	1.389861e+01
4.537000e-05	-1.066523e-02	1.404951e+01
4.538000e-05	-1.269561e-03	1.424440e+01
4.539000e-05	-5.092625e-03	1.432212e+01
4.540000e-05	-3.065099e-03	1.450856e+01
4.541000e-05	-4.110951e-03	1.457282e+01
4.542000e-05	-4.531545e-03	1.472954e+01
4.543000e-05	-7.755820e-03	1.478423e+01
4.544000e-05	-9.354388e-03	1.489849e+01
4.545000e-05	-9.181438e-04	1.499277e+01
4.546000e-05	-4.012222e-03	1.508849e+01
4.547000e-05	-3.913895e-03	1.514119e+01
4.548000e-05	-7.122509e-03	1.523538e+01
4.549000e-05	-5.032630e-03	1.530954e+01
4.550000e-05	-5.991936e-03	1.540320e+01
4.551000e-05	-5.893715e-03	1.545533e+01
4.552000e-05	-5.383399e-03	1.551101e+01
4.553000e-05	-5.341864e-03	1.554064e+01
4.554000e-05	-4.202544e-03	1.558477e+01
4.555000e-05	-7.649321e-03	1.559432e+01
4.556000e-05	-7.067409e-03	1.564001e+01
4.557000e-05	-6.264786e-03	1.574953e+01
4.558000e-05	-2.035711e-03	1.569901e+01
4.559000e-05	-4.536767e-03	1.573961e+01
4.560000e-05	-6.508654e-03	1.575159e+01
4.561000e-05	-6.514087e-03	1.575920e+01
4.562000e-05	-6.869622e-03	1.577217e+01
4.563000e-05	-5.318537e-03	1.578114e+01
4.564000e-05	-6.795172e-03	1.576054e+01
4.565000e-05	-4.479303e-03	1.575806e+01
4.566000e-05	-5.383949e-03	1.566845e+01
4.567000e-05	-5.296473e-03	1.565753e+01
4.568000e-05	-6.826773e-03	1.562487e+01
4.569000e-05	-6.454339e-03	1.556332e+01
4.570000e-05	-5.694769e-03	1.552961e+01
4.571000e-05	-5.867919e-03	1.550903e+01
4.572000e-05	-5.757953e-03	1.545540e+01
4.573000e-05	-6.740562e-03	1.537274e+01
4.574000e-05	-6.073551e-03	1.529901e+01
4.575000e-05	-6.063950e-03	1.521535e+01
4.576000e-05	-4.959042e-03	1.513114e+01
4.577000e-05	-5.387363e-03	1.509793e+01
4.578000e-05	-7.312629e-03	1.499207e+01
4.579000e-05	-5.367013e-03	1.488790e+01
4.580000e-05	-6.948458e-03	1.474009e+01
4.581000e-05	-6.370139e-03	1.469641e+01
4.582000e-05	-8.559858e-03	1.454209e+01
4.583000e-05	-5.329971e-03	1.447478e+01
4.584000e-05	-5.716524e-03	1.430096e+01
4.585000e-05	-5.943080e-03	1.418527e+01
4.586000e-05	-7.025556e-03	1.404740e+01
4.587000e-05	-6.456042e-03	1.388998e+01
4.588000e-05	-6.501656e-03	1.376209e+01
4.589000e-05	-6.792313e-03	1.361527e+01
4.590000e-05	-6.907751e-03	1.344728e+01
4.591000e-05	-6.916876e-03	1.330003e+01
4.592000e-05	-5.788969e-03	1.314054e+01
4.593000e-05	-5.977363e-03	1.299214e+01
4.594000e-05	-6.405005e-03	1.279275e+01
4.595000e-05	-5.910844e-03	1.261530e+01
4.596000e-05	-6.289200e-03	1.248691e+01
4.597000e-05	-6.240374e-03	1.229538e+01
4.598000e-05	-6.314235e-03	1.209893e+01
4.599000e-05	-5.310956e-03	1.190739e+01
4.600000e-05	-6.105616e-03	1.167688e+01
4.601000e-05	-6.130883e-03	1.143738e+01
4.602000e-05	-6.784738e-03	1.124428e+01
4.603000e-05	-5.494395e-03	1.102576e+01
4.604000e-05	-6.199164e-03	1.088430e+01
4.605000e-05	-6.256907e-03	1.061478e+01
4.606000e-05	-6.335575e-03	1.039305e+01
4.607000e-05	-6.296737e-03	1.016202e+01
4.608000e-05	-6.194451e-03	9.940962e+00
4.609000e-05	-6.540549e-03	9.700358e+00
4.610000e-05	-5.221758e-03	9.435676e+00
4.611000e-05	-5.060532e-03	9.254755e+00
4.612000e-05	-5.805089e-03	9.003197e+00
4.613000e-05	-6.632556e-03	8.720416e+00
4.614000e-05	-5.728976e-03	8.537916e+00
4.615000e-05	-5.810752e-03	8.296783e+00
4.616000e-05	-6.329326e-03	8.023620e+00
4.617000e-05	-6.109893e-03	7.749943e+00
4.618000e-05	-6.081574e-03	7.498384e+00
4.619000e-05	-5.625063e-03	7.184123e+00
4.620000e-05	-5.903833e-03	6.969890e+00
4.621000e-05	-6.197986e-03	6.687307e+00
4.622000e-05	-6.143748e-03	6.403025e+00
4.623000e-05	-4.819218e-03	6.170465e+00
4.624000e-05	-5.564110e-03	5.937332e+00
4.625000e-05	-5.250195e-03	5.612499e+00
4.626000e-05	-6.572076e-03	5.347966e+00
4.627000e-05	-6.345318e-03	4.950516e+00
4.628000e-05	-5.367621e-03	4.686736e+00
4.629000e-05	-4.868209e-03	4.430598e+00
4.630000e-05	-4.853696e-03	4.098161e+00
4.631000e-05	-6.421198e-03	3.833626e+00
4.632000e-05	-6.244158e-03	3.610521e+00
4.633000e-05	-5.459222e-03	3.254129e+00
4.634000e-05	-4.993699e-03	3.000025e+00
4.635000e-05	-4.994440e-03	2.728918e+00
4.636000e-05	-5.143906e-03	2.422049e+00
4.637000e-05	-4.802456e-03	2.128238e+00
4.638000e-05	-5.374042e-03	1.874657e+00
4.639000e-05	-5.344101e-03	1.528338e+00
4.640000e-05	-5.460459e-03	1.241604e+00
4.641000e-05	-5.132550e-03	9.251532e-01
4.642000e-05	-4.560840e-03	6.220014e-01
4.643000e-05	-4.575844e-03	3.378411e-01
4.644000e-05	-3.236803e-03	3.252413e-02
4.645000e-05	4.912650e-03	-2.422338e-01
4.646000e-05	2.100637e-03	-5.032878e-01
4.647000e-05	-3.204250e-03	-8.195273e-01
4.648000e-05	1.332767e-03	-1.052159e+00
4.649000e-05	-3.129420e-03	-1.356030e+00
4.650000e-05	-9.203232e-04	-1.651607e+00
4.651000e-05	8.316436e-03	-1.874263e+00
4.652000e-05	4.342980e-02	-2.134314e+00
4.653000e-05	8.733811e-02	-2.422135e+00
4.654000e-05	-8.504495e-02	-2.809526e+00
4.655000e-05	-1.180409e-02	-3.229099e+00
4.656000e-05	-3.682765e-02	-3.422259e+00
4.657000e-05	-1.281526e-02	-3.653284e+00
4.658000e-05	-8.835252e-02	-3.939020e+00
4.659000e-05	1.055741e-01	-4.137968e+00
4.660000e-05	4.861395e-02	-4.358470e+00
4.661000e-05	-1.306625e-01	-4.684837e+00
4.662000e-05	1.893784e-01	-4.946891e+00
4.663000e-05	-1.585162e-01	-5.253788e+00
4.664000e-05	5.914144e-02	-5.571102e+00
4.665000e-05	-9.276728e-03	-5.830176e+00
4.666000e-05	-4.160896e-02	-6.147446e+00
4.667000e-05	1.459443e-01	-6.370102e+00
4.668000e-05	-1.469273e-01	-6.664835e+00
4.669000e-05	7.498456e-02	-6.970172e+00
4.670000e-05	-4.809418e-02	-7.212834e+00
4.671000e-05	-8.433201e-03	-7.498439e+00
4.672000e-05	5.977547e-02	-7.740568e+00
4.673000e-05	-7.539761e-02	-8.033862e+00
4.674000e-05	1.412219e-01	-8.285938e+00
4.675000e-05	-1.357458e-01	-8.528599e+00
4.676000e-05	6.986127e-02	-8.814329e+00
4.677000e-05	-3.225351e-02	-9.084382e+00
4.678000e-05	1.033559e-02	-9.277938e+00
4.679000e-05	2.191008e-02	-9.518041e+00
4.680000e-05	-4.607926e-02	-9.770672e+00
4.681000e-05	7.284490e-02	-9.982697e+00
4.682000e-05	-6.976021e-02	-1.022331e+01
4.683000e-05	5.103112e-02	-1.043436e+01
4.684000e-05	-5.043765e-02	-1.065393e+01
4.685000e-05	5.329067e-02	-1.087651e+01
4.686000e-05	-2.322554e-02	-1.110549e+01
4.687000e-05	5.434981e-03	-1.132654e+01
4.688000e-05	3.605143e-03	-1.151867e+01
4.689000e-05	-1.047380e-02	-1.177164e+01
4.690000e-05	6.521718e-03	-1.195119e+01
4.691000e-05	-1.839731e-02	-1.221065e+01
4.692000e-05	3.614601e-02	-1.235962e+01
4.693000e-05	-1.261965e-02	-1.254949e+01
4.694000e-05	1.031271e-02	-1.269812e+01
4.695000e-05	-2.189020e-02	-1.286553e+01
4.696000e-05	1.701440e-02	-1.306491e+01
4.697000e-05	-1.081416e-02	-1.319480e+01
4.698000e-05	7.527758e-03	-1.337172e+01
4.699000e-05	-1.418520e-03	-1.353864e+01
4.700000e-05	8.268573e-03	-1.367749e+01
4.701000e-05	-5.487973e-03	-1.382636e+01
4.702000e-05	-2.651254e-03	-1.399283e+01
4.703000e-05	4.796735e-03	-1.408007e+01
4.704000e-05	2.171402e-03	-1.422654e+01
4.705000e-05	1.826056e-03	-1.437225e+01
4.706000e-05	-2.523617e-04	-1.453759e+01
4.707000e-05	3.612876e-03	-1.466581e+01
4.708000e-05	-5.903725e-03	-1.474264e+01
4.709000e-05	-2.510968e-03	-1.483750e+01
4.710000e-05	7.326536e-04	-1.497972e+01
4.711000e-05	7.120131e-03	-1.505691e+01
4.712000e-05	2.401139e-03	-1.507909e+01
4.713000e-05	-1.789069e-03	-1.520430e+01
4.714000e-05	-2.771969e-03	-1.528851e+01
4.715000e-05	-1.409994e-03	-1.537167e+01
4.716000e-05	7.412947e-04	-1.539437e+01
4.717000e-05	9.546105e-04	-1.546999e+01
4.718000e-05	8.032693e-04	-1.551217e+01
4.719000e-05	4.008183e-04	-1.558287e+01
4.720000e-05	-1.575187e-03	-1.562645e+01
4.721000e-05	-2.060710e-03	-1.568545e+01
4.722000e-05	-6.282331e-05	-1.569909e+01
4.723000e-05	1.715538e-03	-1.572067e+01
4.724000e-05	-6.449389e-07	-1.578214e+01
4.725000e-05	-4.360237e-04	-1.578180e+01
4.726000e-05	6.968539e-04	-1.580227e+01
4.727000e-05	-1.853601e-03	-1.580375e+01
4.728000e-05	-2.434582e-03	-1.577167e+01
4.729000e-05	-1.040455e-03	-1.578264e+01
4.730000e-05	2.132018e-03	-1.578367e+01
4.731000e-05	8.883280e-04	-1.575011e+01
4.732000e-05	-9.339796e-04	-1.576006e+01
4.733000e-05	-1.403656e-03	-1.569901e+01
4.734000e-05	-3.854194e-04	-1.566600e+01
4.735000e-05	-1.613645e-03	-1.557377e+01
4.736000e-05	-1.156259e-03	-1.556219e+01
4.737000e-05	8.222856e-04	-1.549956e+01
4.738000e-05	4.438598e-04	-1.545645e+01
4.739000e-05	-1.581002e-03	-1.541265e+01
4.740000e-05	-1.038364e-03	-1.531006e+01
4.741000e-05	-3.884226e-04	-1.522635e+01
4.742000e-05	5.949342e-04	-1.515117e+01
4.743000e-05	-7.291569e-04	-1.509746e+01
4.744000e-05	1.095245e-04	-1.503072e+01
4.745000e-05	-1.398847e-03	-1.491801e+01
4.746000e-05	-1.000053e-03	-1.478227e+01
4.747000e-05	-2.500027e-03	-1.468888e+01
4.748000e-05	-5.276818e-04	-1.457275e+01
4.749000e-05	-6.490830e-05	-1.444686e+01
4.750000e-05	-2.373651e-04	-1.433866e+01
4.751000e-05	-6.744224e-05	-1.420475e+01
4.752000e-05	-6.989189e-04	-1.407738e+01
4.753000e-05	-2.532793e-03	-1.395069e+01
4.754000e-05	-2.038001e-03	-1.377120e+01
4.755000e-05	-1.369134e-03	-1.363482e+01
4.756000e-05	-1.374367e-03	-1.347633e+01
4.757000e-05	-2.617716e-04	-1.329959e+01
4.758000e-05	-1.784354e-03	-1.317064e+01
4.759000e-05	-1.091691e-03	-1.299117e+01
4.760000e-05	-2.118705e-03	-1.282583e+01
4.761000e-05	-5.853955e-04	-1.265635e+01
4.762000e-05	-4.708631e-04	-1.247838e+01
4.763000e-05	-1.201061e-03	-1.229848e+01
4.764000e-05	-3.302700e-03	-1.212646e+01
4.765000e-05	-3.031342e-03	-1.188996e+01
4.766000e-05	-3.235823e-03	-1.170843e+01
4.767000e-05	-2.038169e-03	-1.143686e+01
4.768000e-05	-1.266708e-03	-1.125618e+01
4.769000e-05	-1.116528e-03	-1.103427e+01
4.770000e-05	-1.348003e-03	-1.082220e+01
4.771000e-05	-2.029781e-03	-1.062420e+01
4.772000e-05	-2.646243e-03	-1.039167e+01
4.773000e-05	-3.927599e-03	-1.013997e+01
4.774000e-05	-3.051627e-03	-9.907363e+00
4.775000e-05	-3.430143e-03	-9.728438e+00
4.776000e-05	-2.326094e-03	-9.485833e+00
4.777000e-05	-2.858162e-03	-9.243704e+00
4.778000e-05	-3.194717e-03	-9.032546e+00
4.779000e-05	-3.262199e-03	-8.751023e+00
4.780000e-05	-2.440191e-03	-8.477487e+00
4.781000e-05	-2.753070e-03	-8.285253e+00
4.782000e-05	-3.429192e-03	-8.033125e+00
4.783000e-05	-3.094663e-03	-7.708411e+00
4.784000e-05	-4.146952e-03	-7.476205e+00
4.785000e-05	-4.601461e-03	-7.231096e+00
4.786000e-05	-3.547547e-03	-6.929437e+00
4.787000e-05	-4.706576e-03	-6.654707e+00
4.788000e-05	-2.641633e-03	-6.442103e+00
4.789000e-05	-4.095701e-03	-6.167864e+00
4.790000e-05	-3.321194e-03	-5.864203e+00
4.791000e-05	-4.675660e-03	-5.579994e+00
4.792000e-05	-3.246521e-03	-5.275204e+00
4.793000e-05	-5.335556e-03	-4.961021e+00
4.794000e-05	-3.445097e-03	-4.673102e+00
4.795000e-05	-5.307862e-03	-4.430050e+00
4.796000e-05	-3.451501e-03	-4.138866e+00
4.797000e-05	-4.844317e-03	-3.864633e+00
4.798000e-05	-3.927009e-03	-3.539874e+00
4.799000e-05	-5.422265e-03	-3.316285e+00
4.800000e-05	-5.043996e-03	-3.011501e+00
4.801000e-05	-4.911500e-03	-2.724737e+00
4.802000e-05	-3.262472e-03	-2.432103e+00
4.803000e-05	-4.222926e-03	-2.167262e+00
4.804000e-05	-5.459503e-03	-1.832102e+00
4.805000e-05	-5.826289e-03	-1.608524e+00
4.806000e-05	-4.828170e-03	-1.200000e+00
4.807000e-05	-4.298235e-03	-9.467882e-01
4.808000e-05	-4.350047e-03	-6.745528e-01
4.809000e-05	-3.058365e-03	-3.068383e-01
4.810000e-05	-2.433520e-03	-6.315525e-02
4.811000e-05	7.124516e-03	2.210565e-01
4.812000e-05	-4.743901e-03	4.842645e-01
4.813000e-05	1.922270e-03	7.289973e-01
4.814000e-05	-2.118727e-03	1.051789e+00
4.815000e-05	-1.063700e-04	1.337921e+00
4.816000e-05	-5.609655e-03	1.672766e+00
4.817000e-05	8.675414e-03	1.896367e+00
4.818000e-05	1.734431e-02	2.157470e+00
4.819000e-05	7.616584e-02	2.452124e+00
4.820000e-05	1.356008e-03	2.768152e+00
4.821000e-05	-7.181559e-02	3.094865e+00
4.822000e-05	-1.697749e-02	3.358551e+00
4.823000e-05	-2.567724e-02	3.683739e+00
4.824000e-05	-1.763318e-02	3.925914e+00
4.825000e-05	-4.018888e-02	4.128417e+00
4.826000e-05	5.841067e-02	4.379050e+00
4.827000e-05	5.325585e-02	4.634816e+00
4.828000e-05	-1.225354e-01	4.961124e+00
4.829000e-05	1.531103e-01	5.245331e+00
4.830000e-05	-9.072625e-02	5.538047e+00
4.831000e-05	-9.977498e-03	5.833782e+00
4.832000e-05	2.488686e-02	6.116893e+00
4.833000e-05	-3.964502e-03	6.358672e+00
4.834000e-05	4.007518e-02	6.634341e+00
4.835000e-05	-6.817517e-02	6.937521e+00
4.836000e-05	2.416148e-02	7.193724e+00
4.837000e-05	-4.990897e-03	7.507013e+00
4.838000e-05	-2.178883e-03	7.771072e+00
4.839000e-05	1.894174e-03	8.075385e+00
4.840000e-05	-1.703979e-02	8.306039e+00
4.841000e-05	5.140903e-02	8.529470e+00
4.842000e-05	-5.310010e-02	8.751628e+00
4.843000e-05	2.761926e-03	9.013775e+00
4.844000e-05	7.410615e-04	9.254285e+00
4.845000e-05	-7.516344e-03	9.477387e+00
4.846000e-05	1.182221e-02	9.729041e+00
4.847000e-05	-1.446436e-02	9.941121e+00
4.848000e-05	1.530588e-02	1.022170e+01
4.849000e-05	-3.116372e-02	1.040480e+01
4.850000e-05	9.809223e-03	1.064643e+01
4.851000e-05	-1.013797e-02	1.083541e+01
4.852000e-05	8.663241e-03	1.106541e+01
4.853000e-05	-1.014762e-02	1.124746e+01
4.854000e-05	-1.059703e-02	1.150861e+01
4.855000e-05	7.685137e-03	1.175709e+01
4.856000e-05	-9.930346e-03	1.194157e+01
4.857000e-05	-5.542784e-03	1.213107e+01
4.858000e-05	-1.073234e-02	1.231909e+01
4.859000e-05	1.498794e-02	1.250706e+01
4.860000e-05	-5.397515e-03	1.264696e+01
4.861000e-05	-1.091529e-02	1.284495e+01
4.862000e-05	-1.082301e-02	1.305488e+01
4.863000e-05	2.018267e-04	1.316227e+01
4.864000e-05	-2.182350e-03	1.334017e+01
4.865000e-05	-9.985735e-03	1.349646e+01
4.866000e-05	-6.628326e-04	1.364735e+01
4.867000e-05	-4.355650e-03	1.381430e+01
4.868000e-05	-4.343732e-03	1.400322e+01
4.869000e-05	-8.122873e-03	1.408908e+01
4.870000e-05	-1.967187e-03	1.425696e+01
4.871000e-05	-4.513749e-03	1.437382e+01
4.872000e-05	-5.412058e-03	1.451006e+01
4.873000e-05	-3.817163e-03	1.461480e+01
4.874000e-05	-6.936060e-03	1.471164e+01
4.875000e-05	-8.031999e-03	1.483530e+01
4.876000e-05	-7.789352e-03	1.492856e+01
4.877000e-05	1.401631e-04	1.501627e+01
4.878000e-05	-2.809243e-03	1.508914e+01
4.879000e-05	-4.106248e-03	1.514372e+01
4.880000e-05	-5.560686e-03	1.524538e+01
4.881000e-05	-6.087125e-03	1.531009e+01
4.882000e-05	-5.342746e-03	1.538380e+01
4.883000e-05	-7.830573e-03	1.545643e+01
4.884000e-05	-5.015820e-03	1.550959e+01
4.885000e-05	-6.173572e-03	1.554214e+01
4.886000e-05	-3.375399e-03	1.560434e+01
4.887000e-05	-7.163985e-03	1.561693e+01
4.888000e-05	-6.836958e-03	1.567843e+01
4.889000e-05	-4.790681e-03	1.567051e+01
4.890000e-05	-3.481143e-03	1.572209e+01
4.891000e-05	-4.625699e-03	1.575367e+01
4.892000e-05	-8.004564e-03	1.573357e+01
4.893000e-05	-5.346210e-03	1.577017e+01
4.894000e-05	-6.859758e-03	1.576012e+01
4.895000e-05	-5.795711e-03	1.577114e+01
4.896000e-05	-7.461983e-03	1.575156e+01
4.897000e-05	-3.650864e-03	1.572006e+01
4.898000e-05	-5.394794e-03	1.567843e+01
4.899000e-05	-6.317932e-03	1.566691e+01
4.900000e-05	-6.394804e-03	1.559683e+01
4.901000e-05	-6.290771e-03	1.556322e+01
4.902000e-05	-6.147223e-03	1.552154e+01
4.903000e-05	-7.671115e-03	1.547748e+01
4.904000e-05	-4.910535e-03	1.544533e+01
4.905000e-05	-6.777253e-03	1.537062e+01
4.906000e-05	-7.363111e-03	1.528898e+01
4.907000e-05	-7.914994e-03	1.520377e+01
4.908000e-05	-5.918942e-03	1.512054e+01
4.909000e-05	-4.852373e-03	1.503628e+01
4.910000e-05	-6.564891e-03	1.492114e+01
4.911000e-05	-5.558030e-03	1.487735e+01
4.912000e-05	-6.967731e-03	1.476061e+01
4.913000e-05	-6.915783e-03	1.463595e+01
4.914000e-05	-7.992345e-03	1.456056e+01
4.915000e-05	-5.318423e-03	1.442527e+01
4.916000e-05	-5.132344e-03	1.430146e+01
4.917000e-05	-5.432443e-03	1.415257e+01
4.918000e-05	-6.375914e-03	1.404475e+01
4.919000e-05	-6.664205e-03	1.386681e+01
4.920000e-05	-6.758011e-03	1.369196e+01
4.921000e-05	-7.138144e-03	1.356262e+01
4.922000e-05	-6.482891e-03	1.342478e+01
4.923000e-05	-6.748863e-03	1.325682e+01
4.924000e-05	-5.768210e-03	1.311948e+01
4.925000e-05	-6.410240e-03	1.295051e+01
4.926000e-05	-6.053780e-03	1.278307e+01
4.927000e-05	-6.576253e-03	1.260310e+01
4.928000e-05	-5.518738e-03	1.239520e+01
4.929000e-05	-6.126238e-03	1.225573e+01
4.930000e-05	-5.520316e-03	1.203633e+01
4.931000e-05	-6.200050e-03	1.185375e+01
4.932000e-05	-6.622942e-03	1.160430e+01
4.933000e-05	-6.550872e-03	1.141375e+01
4.934000e-05	-5.464186e-03	1.119367e+01
4.935000e-05	-5.999193e-03	1.096152e+01
4.936000e-05	-6.198740e-03	1.080362e+01
4.937000e-05	-5.611448e-03	1.058367e+01
4.938000e-05	-6.069259e-03	1.033101e+01
4.939000e-05	-6.337724e-03	1.015846e+01
4.940000e-05	-6.306254e-03	9.918336e+00
4.941000e-05	-5.515827e-03	9.645201e+00
4.942000e-05	-5.259038e-03	9.432146e+00
4.943000e-05	-6.219254e-03	9.221068e+00
4.944000e-05	-6.316047e-03	8.918567e+00
4.945000e-05	-5.314522e-03	8.666833e+00
4.946000e-05	-5.779499e-03	8.457883e+00
4.947000e-05	-6.114212e-03	8.202651e+00
4.948000e-05	-6.006353e-03	7.922467e+00
4.949000e-05	-5.599750e-03	7.708881e+00
4.950000e-05	-5.984097e-03	7.403121e+00
4.951000e-05	-5.574411e-03	7.138864e+00
4.952000e-05	-6.074188e-03	6.906810e+00
4.953000e-05	-5.584759e-03	6.603176e+00
4.954000e-05	-5.774533e-03	6.337892e+00
4.955000e-05	-5.769238e-03	6.116759e+00
4.956000e-05	-5.479999e-03	5.842099e+00
4.957000e-05	-5.656708e-03	5.528417e+00
4.958000e-05	-5.901722e-03	5.236778e+00
4.959000e-05	-5.184715e-03	4.899962e+00
4.960000e-05	-5.062427e-03	4.643501e+00
4.961000e-05	-5.063476e-03	4.380419e+00
4.962000e-05	-5.549687e-03	4.104631e+00
4.963000e-05	-5.393180e-03	3.780921e+00
4.964000e-05	-5.357423e-03	3.517266e+00
4.965000e-05	-5.543955e-03	3.203949e+00
4.966000e-05	-5.656463e-03	2.927866e+00
4.967000e-05	-5.269986e-03	2.626159e+00
4.968000e-05	-5.195146e-03	2.339347e+00
4.969000e-05	-5.343425e-03	2.073655e+00
4.970000e-05	-5.578450e-03	1.810923e+00
4.971000e-05	-5.666624e-03	1.483656e+00
4.972000e-05	-5.366605e-03	1.218971e+00
4.973000e-05	-4.505868e-03	8.135263e-01
4.974000e-05	-4.707593e-03	5.288661e-01
4.975000e-05	-4.464072e-03	2.547616e-01
4.976000e-05	-1.696525e-03	-2.168014e-02
4.977000e-05	6.977094e-03	-2.932907e-01
4.978000e-05	-2.334392e-03	-5.159208e-01
4.979000e-05	8.857766e-04	-8.722265e-01
4.980000e-05	-2.687345e-03	-1.115689e+00
4.981000e-05	-3.690908e-04	-1.422156e+00
4.982000e-05	-3.262092e-03	-1.694785e+00
4.983000e-05	1.649569e-02	-1.915916e+00
4.984000e-05	5.796289e-02	-2.197444e+00
4.985000e-05	6.372170e-02	-2.494363e+00
4.986000e-05	-1.022784e-01	-2.873339e+00
4.987000e-05	1.103703e-02	-3.273313e+00
4.988000e-05	-5.059297e-02	-3.495392e+00
4.989000e-05	-1.051266e-02	-3.746443e+00
4.990000e-05	-8.808258e-02	-3.982155e+00
4.991000e-05	1.765324e-01	-4.169072e+00
4.992000e-05	-4.412047e-02	-4.380203e+00
4.993000e-05	-5.186364e-02	-4.746896e+00
4.994000e-05	1.373408e-01	-5.000598e+00
4.995000e-05	-1.768999e-01	-5.307600e+00
4.996000e-05	1.308873e-01	-5.601183e+00
4.997000e-05	-9.059715e-02	-5.893364e+00
4.998000e-05	4.682154e-02	-6.200702e+00
4.999000e-05	7.361953e-02	-6.432805e+00
