# 260410_14:45:40.351175
t	CH1	CH2
0.000000e+00	7.177541e-04	-1.382943e-01
1.000000e-08	8.561917e-03	-3.905474e-01
2.000000e-08	-7.030815e-03	-6.772380e-01
3.000000e-08	5.717785e-03	-9.583195e-01
4.000000e-08	-6.224624e-03	-1.214205e+00
5.000000e-08	3.692447e-03	-1.559442e+00
6.000000e-08	-1.996114e-03	-1.771997e+00
7.000000e-08	2.925704e-02	-2.012550e+00
8.000000e-08	8.925862e-02	-2.318236e+00
9.000000e-08	-1.942875e-02	-2.645078e+00
1.000000e-07	-6.795527e-02	-3.046504e+00
1.100000e-07	1.921335e-03	-3.368846e+00
1.200000e-07	-3.703617e-02	-3.583395e+00
1.300000e-07	-4.784199e-02	-3.855528e+00
1.400000e-07	-1.513004e-02	-4.107111e+00
1.500000e-07	1.902091e-01	-4.266610e+00
1.600000e-07	-1.861374e-01	-4.583264e+00
1.700000e-07	1.293722e-01	-4.884606e+00
1.800000e-07	-2.244094e-02	-5.090291e+00
1.900000e-07	-8.021915e-02	-5.528089e+00
2.000000e-07	1.265500e-01	-5.740840e+00
2.100000e-07	-1.582607e-01	-6.026002e+00
2.200000e-07	1.748755e-01	-6.349740e+00
2.300000e-07	-8.383534e-02	-6.550318e+00
2.400000e-07	-1.886256e-02	-6.839629e+00
2.500000e-07	6.495755e-02	-7.121312e+00
2.600000e-07	-1.142656e-01	-7.456055e+00
2.700000e-07	1.316662e-01	-7.729184e+00
2.800000e-07	-1.248215e-01	-7.991423e+00
2.900000e-07	1.398848e-01	-8.244508e+00
3.000000e-07	-6.270959e-02	-8.519085e+00
3.100000e-07	-2.637736e-02	-8.770740e+00
3.200000e-07	5.699991e-02	-8.992420e+00
3.300000e-07	-7.319717e-02	-9.256997e+00
3.400000e-07	9.336755e-02	-9.467081e+00
3.500000e-07	-9.872060e-02	-9.709628e+00
3.600000e-07	9.370823e-02	-9.928687e+00
3.700000e-07	-5.926530e-02	-1.024277e+01
3.800000e-07	3.432244e-02	-1.042547e+01
3.900000e-07	-2.669236e-02	-1.064397e+01
4.000000e-07	6.227256e-03	-1.082548e+01
4.100000e-07	2.393369e-02	-1.108548e+01
4.200000e-07	-3.449020e-02	-1.129700e+01
4.300000e-07	3.940525e-02	-1.149910e+01
4.400000e-07	-3.435838e-02	-1.177158e+01
4.500000e-07	3.116169e-02	-1.192221e+01
4.600000e-07	-4.217959e-02	-1.217273e+01
4.700000e-07	4.046116e-02	-1.231021e+01
4.800000e-07	-1.191917e-02	-1.245813e+01
4.900000e-07	1.540546e-02	-1.271803e+01
5.000000e-07	-2.259050e-02	-1.289790e+01
5.100000e-07	1.122388e-02	-1.306645e+01
5.200000e-07	-2.176680e-03	-1.317437e+01
5.300000e-07	-2.210213e-03	-1.339326e+01
5.400000e-07	2.839236e-03	-1.354016e+01
5.500000e-07	2.489102e-03	-1.370750e+01
5.600000e-07	6.582427e-03	-1.383543e+01
5.700000e-07	-1.022572e-02	-1.404527e+01
5.800000e-07	8.305353e-03	-1.413213e+01
5.900000e-07	-4.285413e-03	-1.426940e+01
6.000000e-07	5.608430e-03	-1.439332e+01
6.100000e-07	-6.776526e-03	-1.454913e+01
6.200000e-07	9.358149e-03	-1.466698e+01
6.300000e-07	-4.563083e-03	-1.472029e+01
6.400000e-07	-2.271229e-03	-1.489687e+01
6.500000e-07	-1.755609e-03	-1.501471e+01
6.600000e-07	5.308533e-03	-1.506800e+01
6.700000e-07	4.373550e-03	-1.513071e+01
6.800000e-07	-1.168514e-03	-1.525492e+01
6.900000e-07	3.566317e-04	-1.536006e+01
7.000000e-07	-1.199012e-03	-1.544379e+01
7.100000e-07	7.065561e-04	-1.545592e+01
7.200000e-07	-6.731782e-04	-1.552958e+01
7.300000e-07	1.134591e-03	-1.556319e+01
7.400000e-07	7.946307e-04	-1.566684e+01
7.500000e-07	-5.993283e-04	-1.568790e+01
7.600000e-07	-1.234534e-03	-1.571960e+01
7.700000e-07	-7.469938e-05	-1.582509e+01
7.800000e-07	1.580274e-03	-1.580314e+01
7.900000e-07	-3.075719e-04	-1.583531e+01
8.000000e-07	3.883885e-04	-1.589692e+01
8.100000e-07	-1.255439e-03	-1.584687e+01
8.200000e-07	1.975886e-03	-1.586593e+01
8.300000e-07	-4.667762e-03	-1.590590e+01
8.400000e-07	4.310273e-04	-1.586582e+01
8.500000e-07	1.100334e-03	-1.588687e+01
8.600000e-07	2.192775e-03	-1.581482e+01
8.700000e-07	7.003657e-04	-1.578376e+01
8.800000e-07	-3.433787e-03	-1.581214e+01
8.900000e-07	-4.037661e-04	-1.576111e+01
9.000000e-07	-2.148200e-03	-1.570597e+01
9.100000e-07	3.024759e-04	-1.567434e+01
9.200000e-07	4.415552e-05	-1.558179e+01
9.300000e-07	4.155828e-04	-1.555313e+01
9.400000e-07	-1.382202e-03	-1.546495e+01
9.500000e-07	-7.215826e-04	-1.547380e+01
9.600000e-07	-2.823795e-04	-1.533906e+01
9.700000e-07	-1.223698e-03	-1.525687e+01
9.800000e-07	-2.420242e-03	-1.519072e+01
9.900000e-07	5.122928e-04	-1.511750e+01
1.000000e-06	-6.276547e-04	-1.505027e+01
1.010000e-06	-1.168737e-03	-1.492743e+01
1.020000e-06	-2.284946e-03	-1.484426e+01
1.030000e-06	-1.742831e-03	-1.472501e+01
1.040000e-06	-1.728316e-03	-1.460026e+01
1.050000e-06	9.847516e-04	-1.447530e+01
1.060000e-06	-9.023228e-04	-1.433758e+01
1.070000e-06	-1.853245e-03	-1.422176e+01
1.080000e-06	-2.470417e-03	-1.410437e+01
1.090000e-06	-2.769292e-03	-1.388707e+01
1.100000e-06	-1.786724e-03	-1.374848e+01
1.110000e-06	-1.531001e-03	-1.361071e+01
1.120000e-06	-7.831787e-04	-1.343240e+01
1.130000e-06	-2.056464e-03	-1.330500e+01
1.140000e-06	-2.480616e-03	-1.310658e+01
1.150000e-06	-9.609888e-04	-1.297815e+01
1.160000e-06	-1.096292e-03	-1.279071e+01
1.170000e-06	-2.103296e-03	-1.260329e+01
1.180000e-06	-3.120181e-03	-1.240172e+01
1.190000e-06	-2.405062e-03	-1.222400e+01
1.200000e-06	-2.597691e-03	-1.205327e+01
1.210000e-06	-2.340782e-03	-1.184174e+01
1.220000e-06	-2.968014e-03	-1.160137e+01
1.230000e-06	-2.320074e-03	-1.136026e+01
1.240000e-06	-2.300279e-03	-1.116813e+01
1.250000e-06	-2.054627e-03	-1.094663e+01
1.260000e-06	-1.224070e-03	-1.072563e+01
1.270000e-06	-2.176210e-03	-1.055725e+01
1.280000e-06	-3.477079e-03	-1.031495e+01
1.290000e-06	-3.658653e-03	-1.009095e+01
1.300000e-06	-1.841533e-03	-9.812398e+00
1.310000e-06	-1.971589e-03	-9.601270e+00
1.320000e-06	-2.657994e-03	-9.389140e+00
1.330000e-06	-3.877760e-03	-9.146605e+00
1.340000e-06	-2.856434e-03	-8.906062e+00
1.350000e-06	-2.994422e-03	-8.642904e+00
1.360000e-06	-2.680643e-03	-8.388815e+00
1.370000e-06	-3.296856e-03	-8.147766e+00
1.380000e-06	-2.548807e-03	-7.904651e+00
1.390000e-06	-3.498647e-03	-7.619818e+00
1.400000e-06	-3.387969e-03	-7.366191e+00
1.410000e-06	-2.868499e-03	-7.013403e+00
1.420000e-06	-4.011397e-03	-6.818818e+00
1.430000e-06	-3.893180e-03	-6.556737e+00
1.440000e-06	-3.832977e-03	-6.281574e+00
1.450000e-06	-2.650293e-03	-6.008869e+00
1.460000e-06	-4.597479e-03	-5.705110e+00
1.470000e-06	-4.883732e-03	-5.419971e+00
1.480000e-06	-4.143402e-03	-5.135182e+00
1.490000e-06	-3.252272e-03	-4.798794e+00
1.500000e-06	-4.243279e-03	-4.503156e+00
1.510000e-06	-2.982437e-03	-4.271154e+00
1.520000e-06	-3.823717e-03	-4.029793e+00
1.530000e-06	-4.464227e-03	-3.723157e+00
1.540000e-06	-6.171150e-03	-3.438601e+00
1.550000e-06	-5.618609e-03	-3.155238e+00
1.560000e-06	-5.486921e-03	-2.819451e+00
1.570000e-06	-3.265306e-03	-2.525795e+00
1.580000e-06	-3.533623e-03	-2.251132e+00
1.590000e-06	-4.402151e-03	-1.996338e+00
1.600000e-06	-5.343236e-03	-1.702686e+00
1.610000e-06	-5.229533e-03	-1.358814e+00
1.620000e-06	-4.717246e-03	-1.041058e+00
1.630000e-06	-4.822389e-03	-7.547896e-01
1.640000e-06	-4.050265e-03	-4.396053e-01
1.650000e-06	-3.829655e-03	-2.173449e-01
1.660000e-06	3.999558e-03	8.026423e-02
1.670000e-06	3.228946e-03	3.725802e-01
1.680000e-06	-3.295538e-03	6.761318e-01
1.690000e-06	2.467670e-03	9.583934e-01
1.700000e-06	-3.934785e-03	1.224558e+00
1.710000e-06	-3.349561e-04	1.551292e+00
1.720000e-06	-1.474191e-03	1.835632e+00
1.730000e-06	1.635380e-02	2.045156e+00
1.740000e-06	4.762448e-02	2.318315e+00
1.750000e-06	6.659324e-02	2.636007e+00
1.760000e-06	-9.078749e-02	2.981925e+00
1.770000e-06	-1.056455e-02	3.257758e+00
1.780000e-06	-3.977036e-02	3.562975e+00
1.790000e-06	3.953099e-03	3.824078e+00
1.800000e-06	-5.790151e-02	4.017653e+00
1.810000e-06	2.369750e-02	4.308213e+00
1.820000e-06	8.865658e-02	4.601790e+00
1.830000e-06	-9.968425e-02	4.907660e+00
1.840000e-06	5.244555e-02	5.170939e+00
1.850000e-06	5.464980e-02	5.458129e+00
1.860000e-06	-1.192795e-01	5.743346e+00
1.870000e-06	8.163493e-02	6.025581e+00
1.880000e-06	-5.075064e-02	6.327133e+00
1.890000e-06	6.620456e-02	6.552865e+00
1.900000e-06	-4.483300e-02	6.857556e+00
1.910000e-06	-2.086307e-02	7.139840e+00
1.920000e-06	3.409577e-02	7.436525e+00
1.930000e-06	-4.257179e-02	7.700209e+00
1.940000e-06	4.176011e-02	7.983920e+00
1.950000e-06	-5.290489e-02	8.327632e+00
1.960000e-06	6.226488e-02	8.487655e+00
1.970000e-06	-2.716377e-02	8.719185e+00
1.980000e-06	-1.976537e-02	8.963288e+00
1.990000e-06	2.499978e-02	9.214973e+00
2.000000e-06	-3.063112e-02	9.455029e+00
2.010000e-06	2.584885e-02	9.688601e+00
2.020000e-06	-3.343798e-02	9.941686e+00
2.030000e-06	3.392198e-02	1.015136e+01
2.040000e-06	-3.457079e-02	1.040482e+01
2.050000e-06	1.071514e-02	1.061484e+01
2.060000e-06	-1.393890e-02	1.085647e+01
2.070000e-06	7.934177e-03	1.104452e+01
2.080000e-06	-1.117981e-03	1.122842e+01
2.090000e-06	-1.480403e-02	1.148858e+01
2.100000e-06	8.524238e-03	1.173156e+01
2.110000e-06	-9.369565e-03	1.190164e+01
2.120000e-06	2.438337e-03	1.214108e+01
2.130000e-06	-2.018317e-02	1.231863e+01
2.140000e-06	1.395232e-02	1.250860e+01
2.150000e-06	-4.200216e-03	1.270650e+01
2.160000e-06	-2.329693e-03	1.282537e+01
2.170000e-06	-1.456243e-02	1.302534e+01
2.180000e-06	1.746680e-04	1.319427e+01
2.190000e-06	-1.223231e-03	1.338061e+01
2.200000e-06	-8.109912e-03	1.348163e+01
2.210000e-06	-1.250993e-03	1.369895e+01
2.220000e-06	-5.131375e-03	1.382534e+01
2.230000e-06	-8.738612e-04	1.398369e+01
2.240000e-06	-1.117653e-02	1.415108e+01
2.250000e-06	3.689738e-04	1.428845e+01
2.260000e-06	-5.831782e-03	1.444529e+01
2.270000e-06	-3.631654e-03	1.455016e+01
2.280000e-06	-5.749352e-03	1.469642e+01
2.290000e-06	-3.313838e-03	1.475224e+01
2.300000e-06	-6.477335e-03	1.485690e+01
2.310000e-06	-9.673697e-03	1.497221e+01
2.320000e-06	-1.607979e-03	1.506742e+01
2.330000e-06	-4.354171e-03	1.514163e+01
2.340000e-06	-2.931799e-03	1.520332e+01
2.350000e-06	-6.759809e-03	1.528835e+01
2.360000e-06	-4.123785e-03	1.539564e+01
2.370000e-06	-6.795727e-03	1.549782e+01
2.380000e-06	-5.143504e-03	1.553948e+01
2.390000e-06	-6.224508e-03	1.556114e+01
2.400000e-06	-6.233139e-03	1.561529e+01
2.410000e-06	-3.984998e-03	1.570547e+01
2.420000e-06	-6.712206e-03	1.571795e+01
2.430000e-06	-6.236763e-03	1.574964e+01
2.440000e-06	-7.404633e-03	1.581056e+01
2.450000e-06	-3.000737e-03	1.580124e+01
2.460000e-06	-4.616555e-03	1.581477e+01
2.470000e-06	-6.369120e-03	1.582325e+01
2.480000e-06	-5.901709e-03	1.582387e+01
2.490000e-06	-6.549590e-03	1.585529e+01
2.500000e-06	-6.004189e-03	1.580497e+01
2.510000e-06	-7.398348e-03	1.582217e+01
2.520000e-06	-4.227828e-03	1.580429e+01
2.530000e-06	-6.055026e-03	1.578166e+01
2.540000e-06	-5.827562e-03	1.574903e+01
2.550000e-06	-7.544115e-03	1.572856e+01
2.560000e-06	-4.303966e-03	1.567587e+01
2.570000e-06	-5.405263e-03	1.560430e+01
2.580000e-06	-6.834268e-03	1.559021e+01
2.590000e-06	-4.157694e-03	1.552803e+01
2.600000e-06	-5.329573e-03	1.546535e+01
2.610000e-06	-5.926388e-03	1.542216e+01
2.620000e-06	-7.436229e-03	1.532905e+01
2.630000e-06	-6.080367e-03	1.526377e+01
2.640000e-06	-4.689086e-03	1.519968e+01
2.650000e-06	-7.261549e-03	1.505538e+01
2.660000e-06	-6.584210e-03	1.496961e+01
2.670000e-06	-4.761092e-03	1.487447e+01
2.680000e-06	-6.529724e-03	1.477016e+01
2.690000e-06	-5.221176e-03	1.465645e+01
2.700000e-06	-4.667587e-03	1.454713e+01
2.710000e-06	-6.010679e-03	1.440369e+01
2.720000e-06	-3.686185e-03	1.427555e+01
2.730000e-06	-1.040941e-02	1.414908e+01
2.740000e-06	-6.430328e-03	1.402224e+01
2.750000e-06	-8.917114e-03	1.385435e+01
2.760000e-06	-5.146316e-03	1.371653e+01
2.770000e-06	-4.476474e-03	1.355763e+01
2.780000e-06	-4.749056e-03	1.338079e+01
2.790000e-06	-4.457994e-03	1.325130e+01
2.800000e-06	-6.946289e-03	1.309438e+01
2.810000e-06	-6.520748e-03	1.292600e+01
2.820000e-06	-6.806070e-03	1.273551e+01
2.830000e-06	-6.329547e-03	1.253716e+01
2.840000e-06	-6.810198e-03	1.231864e+01
2.850000e-06	-7.100984e-03	1.221023e+01
2.860000e-06	-5.310298e-03	1.198036e+01
2.870000e-06	-6.005405e-03	1.177082e+01
2.880000e-06	-5.101726e-03	1.154866e+01
2.890000e-06	-7.094776e-03	1.132913e+01
2.900000e-06	-4.178114e-03	1.109810e+01
2.910000e-06	-5.189914e-03	1.092906e+01
2.920000e-06	-6.404034e-03	1.069548e+01
2.930000e-06	-8.896331e-03	1.046647e+01
2.940000e-06	-7.089570e-03	1.023295e+01
2.950000e-06	-5.886066e-03	1.003284e+01
2.960000e-06	-3.620114e-03	9.799789e+00
2.970000e-06	-4.965109e-03	9.547634e+00
2.980000e-06	-5.994632e-03	9.306661e+00
2.990000e-06	-6.494772e-03	9.103499e+00
3.000000e-06	-5.840050e-03	8.853374e+00
3.010000e-06	-6.554988e-03	8.590367e+00
3.020000e-06	-6.378489e-03	8.368166e+00
3.030000e-06	-6.705276e-03	8.085613e+00
3.040000e-06	-4.978668e-03	7.792926e+00
3.050000e-06	-5.765908e-03	7.549240e+00
3.060000e-06	-6.318548e-03	7.264456e+00
3.070000e-06	-6.094625e-03	6.990395e+00
3.080000e-06	-4.984711e-03	6.748693e+00
3.090000e-06	-5.555242e-03	6.474081e+00
3.100000e-06	-5.420169e-03	6.221425e+00
3.110000e-06	-5.727269e-03	5.967320e+00
3.120000e-06	-5.087230e-03	5.685080e+00
3.130000e-06	-6.386100e-03	5.376845e+00
3.140000e-06	-5.580490e-03	5.054027e+00
3.150000e-06	-5.851959e-03	4.777761e+00
3.160000e-06	-4.874382e-03	4.483055e+00
3.170000e-06	-5.694470e-03	4.199873e+00
3.180000e-06	-5.500274e-03	3.885686e+00
3.190000e-06	-5.403211e-03	3.611428e+00
3.200000e-06	-5.763397e-03	3.376364e+00
3.210000e-06	-4.273439e-03	3.042032e+00
3.220000e-06	-5.488673e-03	2.789922e+00
3.230000e-06	-4.999424e-03	2.512161e+00
3.240000e-06	-5.768006e-03	2.157895e+00
3.250000e-06	-5.401922e-03	1.943161e+00
3.260000e-06	-4.802683e-03	1.610049e+00
3.270000e-06	-5.348870e-03	1.281710e+00
3.280000e-06	-5.163109e-03	9.958678e-01
3.290000e-06	-4.586868e-03	6.505806e-01
3.300000e-06	-4.239773e-03	4.184762e-01
3.310000e-06	-2.007355e-03	6.213933e-02
3.320000e-06	3.663968e-03	-2.010000e-01
3.330000e-06	4.372292e-03	-4.146090e-01
3.340000e-06	-4.773007e-03	-7.209908e-01
3.350000e-06	3.360937e-03	-1.001504e+00
3.360000e-06	-3.092608e-03	-1.258839e+00
3.370000e-06	3.854798e-04	-1.571553e+00
3.380000e-06	4.532529e-03	-1.854107e+00
3.390000e-06	3.381887e-02	-2.065655e+00
3.400000e-06	1.027826e-01	-2.389974e+00
3.410000e-06	-7.785422e-02	-2.759892e+00
3.420000e-06	-1.993436e-02	-3.139345e+00
3.430000e-06	-3.103306e-02	-3.434550e+00
3.440000e-06	-1.189047e-02	-3.654028e+00
3.450000e-06	-8.757590e-02	-3.918712e+00
3.460000e-06	7.564944e-02	-4.127767e+00
3.470000e-06	1.084770e-01	-4.368866e+00
3.480000e-06	-1.892667e-01	-4.707079e+00
3.490000e-06	1.962390e-01	-4.918687e+00
3.500000e-06	-1.229625e-01	-5.204548e+00
3.510000e-06	2.467128e-02	-5.561844e+00
3.520000e-06	3.587091e-02	-5.811845e+00
3.530000e-06	-1.003900e-01	-6.158688e+00
3.540000e-06	1.785284e-01	-6.381466e+00
3.550000e-06	-1.493549e-01	-6.666552e+00
3.560000e-06	6.415554e-02	-6.960735e+00
3.570000e-06	-1.499676e-02	-7.264080e+00
3.580000e-06	-4.792972e-02	-7.497184e+00
3.590000e-06	9.623038e-02	-7.762299e+00
3.600000e-06	-1.159779e-01	-8.096501e+00
3.610000e-06	1.705427e-01	-8.335683e+00
3.620000e-06	-1.394660e-01	-8.582266e+00
3.630000e-06	5.838586e-02	-8.846020e+00
3.640000e-06	-1.481740e-02	-9.075475e+00
3.650000e-06	-1.325467e-02	-9.300111e+00
3.660000e-06	5.048945e-02	-9.510186e+00
3.670000e-06	-7.633778e-02	-9.751741e+00
3.680000e-06	9.732373e-02	-9.972419e+00
3.690000e-06	-8.318914e-02	-1.026698e+01
3.700000e-06	6.310833e-02	-1.050855e+01
3.710000e-06	-6.050615e-02	-1.069758e+01
3.720000e-06	5.027732e-02	-1.091808e+01
3.730000e-06	-1.641776e-02	-1.112808e+01
3.740000e-06	-6.489860e-04	-1.134866e+01
3.750000e-06	1.432438e-02	-1.152171e+01
3.760000e-06	-1.917505e-02	-1.183219e+01
3.770000e-06	1.718958e-02	-1.199222e+01
3.780000e-06	-3.221603e-02	-1.221272e+01
3.790000e-06	4.432959e-02	-1.238222e+01
3.800000e-06	-1.823462e-02	-1.257269e+01
3.810000e-06	1.889298e-02	-1.274064e+01
3.820000e-06	-2.791988e-02	-1.294911e+01
3.830000e-06	2.132404e-02	-1.309805e+01
3.840000e-06	-1.264809e-02	-1.326690e+01
3.850000e-06	6.350496e-03	-1.340680e+01
3.860000e-06	-3.394180e-03	-1.358224e+01
3.870000e-06	9.870517e-03	-1.376113e+01
3.880000e-06	-2.453729e-03	-1.384895e+01
3.890000e-06	-5.139732e-03	-1.403629e+01
3.900000e-06	5.482577e-03	-1.420276e+01
3.910000e-06	5.228329e-04	-1.435956e+01
3.920000e-06	2.630787e-03	-1.446579e+01
3.930000e-06	-2.128101e-03	-1.458064e+01
3.940000e-06	6.810166e-03	-1.470950e+01
3.950000e-06	-5.833706e-03	-1.481279e+01
3.960000e-06	-2.531055e-03	-1.483898e+01
3.970000e-06	-1.149891e-03	-1.499422e+01
3.980000e-06	6.051125e-03	-1.508703e+01
3.990000e-06	2.097566e-03	-1.514024e+01
4.000000e-06	-8.744753e-04	-1.527597e+01
4.010000e-06	2.732911e-04	-1.539163e+01
4.020000e-06	-5.888696e-04	-1.544235e+01
4.030000e-06	2.068438e-04	-1.547898e+01
4.040000e-06	1.570031e-04	-1.553219e+01
4.050000e-06	2.364283e-04	-1.560481e+01
4.060000e-06	4.390316e-04	-1.565687e+01
4.070000e-06	-1.186765e-03	-1.572648e+01
4.080000e-06	-7.661561e-04	-1.574106e+01
4.090000e-06	1.121448e-03	-1.579221e+01
4.100000e-06	2.099834e-03	-1.586469e+01
4.110000e-06	1.252113e-04	-1.588329e+01
4.120000e-06	7.007213e-04	-1.584687e+01
4.130000e-06	5.847288e-04	-1.587635e+01
4.140000e-06	-1.957727e-03	-1.588800e+01
4.150000e-06	-2.011316e-03	-1.588677e+01
4.160000e-06	-1.066272e-03	-1.589684e+01
4.170000e-06	1.932823e-03	-1.585580e+01
4.180000e-06	5.403172e-04	-1.586275e+01
4.190000e-06	-2.566192e-04	-1.579282e+01
4.200000e-06	-1.163170e-03	-1.580219e+01
4.210000e-06	-7.955375e-04	-1.577808e+01
4.220000e-06	-1.425505e-03	-1.569790e+01
4.230000e-06	-1.113881e-03	-1.567484e+01
4.240000e-06	6.281383e-04	-1.557274e+01
4.250000e-06	-2.160561e-04	-1.552161e+01
4.260000e-06	-2.272571e-03	-1.550492e+01
4.270000e-06	-1.578256e-03	-1.544327e+01
4.280000e-06	-2.547112e-05	-1.532953e+01
4.290000e-06	-5.360554e-04	-1.526237e+01
4.300000e-06	-1.948260e-04	-1.513013e+01
4.310000e-06	-3.266633e-04	-1.506788e+01
4.320000e-06	-1.275288e-03	-1.499071e+01
4.330000e-06	-1.280191e-03	-1.489703e+01
4.340000e-06	-1.943027e-03	-1.482161e+01
4.350000e-06	-5.318445e-04	-1.470500e+01
4.360000e-06	-1.522282e-03	-1.457061e+01
4.370000e-06	-7.511876e-04	-1.444125e+01
4.380000e-06	-1.438093e-03	-1.431695e+01
4.390000e-06	-1.358987e-03	-1.421013e+01
4.400000e-06	-1.399507e-03	-1.402276e+01
4.410000e-06	-1.898035e-03	-1.386547e+01
4.420000e-06	-1.468807e-03	-1.366345e+01
4.430000e-06	-1.457637e-03	-1.357816e+01
4.440000e-06	-6.189520e-04	-1.338227e+01
4.450000e-06	-1.568556e-03	-1.325447e+01
4.460000e-06	-2.395185e-03	-1.307442e+01
4.470000e-06	-3.040502e-03	-1.292711e+01
4.480000e-06	-4.689756e-04	-1.275710e+01
4.490000e-06	-1.316260e-03	-1.254868e+01
4.500000e-06	-2.383699e-03	-1.240022e+01
4.510000e-06	-1.851336e-03	-1.218984e+01
4.520000e-06	-1.666019e-03	-1.202226e+01
4.530000e-06	-2.646921e-03	-1.180126e+01
4.540000e-06	-3.640982e-03	-1.159919e+01
4.550000e-06	-2.403970e-03	-1.132761e+01
4.560000e-06	-2.018250e-03	-1.109413e+01
4.570000e-06	-1.920189e-03	-1.088347e+01
4.580000e-06	-2.457070e-03	-1.066197e+01
4.590000e-06	-2.462345e-03	-1.047407e+01
4.600000e-06	-3.334586e-03	-1.025997e+01
4.610000e-06	-2.746071e-03	-1.000037e+01
4.620000e-06	-2.084291e-03	-9.769294e+00
4.630000e-06	-2.257265e-03	-9.567137e+00
4.640000e-06	-3.264007e-03	-9.336632e+00
4.650000e-06	-4.369385e-03	-9.082574e+00
4.660000e-06	-2.998706e-03	-8.854369e+00
4.670000e-06	-2.772299e-03	-8.600239e+00
4.680000e-06	-3.967699e-03	-8.336611e+00
4.690000e-06	-3.057705e-03	-8.104609e+00
4.700000e-06	-2.883457e-03	-7.871341e+00
4.710000e-06	-3.508196e-03	-7.575532e+00
4.720000e-06	-4.371765e-03	-7.253456e+00
4.730000e-06	-3.078905e-03	-7.008897e+00
4.740000e-06	-3.319883e-03	-6.735259e+00
4.750000e-06	-2.792314e-03	-6.531957e+00
4.760000e-06	-5.075016e-03	-6.199772e+00
4.770000e-06	-2.842556e-03	-5.915685e+00
4.780000e-06	-4.811319e-03	-5.682021e+00
4.790000e-06	-3.361105e-03	-5.325216e+00
4.800000e-06	-5.462116e-03	-5.050453e+00
4.810000e-06	-2.667258e-03	-4.733656e+00
4.820000e-06	-5.129305e-03	-4.461004e+00
4.830000e-06	-3.288816e-03	-4.208894e+00
4.840000e-06	-5.324376e-03	-3.944690e+00
4.850000e-06	-3.911569e-03	-3.638948e+00
4.860000e-06	-5.592821e-03	-3.376366e+00
4.870000e-06	-4.634701e-03	-3.082575e+00
4.880000e-06	-5.101042e-03	-2.776870e+00
4.890000e-06	-3.631372e-03	-2.481652e+00
4.900000e-06	-4.175772e-03	-2.206447e+00
4.910000e-06	-5.073781e-03	-1.892236e+00
4.920000e-06	-4.302280e-03	-1.619901e+00
4.930000e-06	-4.643329e-03	-1.271108e+00
4.940000e-06	-4.065100e-03	-9.478722e-01
4.950000e-06	-5.678791e-03	-6.611630e-01
4.960000e-06	-3.143309e-03	-3.659437e-01
4.970000e-06	-3.872921e-03	-7.178678e-02
4.980000e-06	8.436032e-03	1.714974e-01
4.990000e-06	-3.135043e-03	4.652342e-01
5.000000e-06	9.573813e-04	7.077171e-01
5.010000e-06	-1.333731e-03	1.015525e+00
5.020000e-06	5.675706e-04	1.327217e+00
5.030000e-06	-4.722763e-03	1.633974e+00
5.040000e-06	6.219625e-03	1.885717e+00
5.050000e-06	1.420037e-02	2.138237e+00
5.060000e-06	7.170580e-02	2.381446e+00
5.070000e-06	2.480864e-02	2.770445e+00
5.080000e-06	-8.321579e-02	3.076653e+00
5.090000e-06	-1.102774e-02	3.310766e+00
5.100000e-06	-3.136066e-02	3.645028e+00
5.110000e-06	-6.367589e-03	3.906188e+00
5.120000e-06	-4.916334e-02	4.099259e+00
5.130000e-06	4.516448e-02	4.352792e+00
5.140000e-06	7.727216e-02	4.685576e+00
5.150000e-06	-1.378932e-01	4.992366e+00
5.160000e-06	1.392217e-01	5.225531e+00
5.170000e-06	-5.433368e-02	5.550294e+00
5.180000e-06	-4.057505e-02	5.864999e+00
5.190000e-06	4.393463e-02	6.108708e+00
5.200000e-06	-2.556370e-02	6.351494e+00
5.210000e-06	5.765690e-02	6.621924e+00
5.220000e-06	-6.877175e-02	6.949687e+00
5.230000e-06	1.470956e-02	7.202946e+00
5.240000e-06	5.065810e-03	7.508107e+00
5.250000e-06	-1.680692e-02	7.792841e+00
5.260000e-06	1.853264e-02	8.097527e+00
5.270000e-06	-3.554673e-02	8.338736e+00
5.280000e-06	6.510189e-02	8.530214e+00
5.290000e-06	-4.794459e-02	8.802867e+00
5.300000e-06	1.953970e-03	9.015475e+00
5.310000e-06	7.327887e-03	9.297106e+00
5.320000e-06	-1.905474e-02	9.499109e+00
5.330000e-06	1.869029e-02	9.772686e+00
5.340000e-06	-2.513322e-02	9.962391e+00
5.350000e-06	2.721314e-02	1.018438e+01
5.360000e-06	-3.503342e-02	1.038490e+01
5.370000e-06	1.443776e-02	1.066696e+01
5.380000e-06	-1.557687e-02	1.088703e+01
5.390000e-06	1.145972e-02	1.107765e+01
5.400000e-06	-6.489172e-03	1.131153e+01
5.410000e-06	-1.212064e-02	1.153219e+01
5.420000e-06	9.702971e-03	1.176218e+01
5.430000e-06	-1.014764e-02	1.197276e+01
5.440000e-06	-4.075488e-04	1.217311e+01
5.450000e-06	-1.651000e-02	1.237274e+01
5.460000e-06	1.558573e-02	1.251918e+01
5.470000e-06	-5.472151e-03	1.270066e+01
5.480000e-06	-5.899836e-03	1.288848e+01
5.490000e-06	-1.411894e-02	1.305845e+01
5.500000e-06	1.649476e-03	1.321539e+01
5.510000e-06	-2.400148e-03	1.339637e+01
5.520000e-06	-6.998511e-03	1.353109e+01
5.530000e-06	6.336796e-04	1.368000e+01
5.540000e-06	-3.532149e-03	1.386793e+01
5.550000e-06	-1.005056e-03	1.401472e+01
5.560000e-06	-1.184803e-02	1.420374e+01
5.570000e-06	-1.060671e-03	1.431045e+01
5.580000e-06	-6.141504e-03	1.445592e+01
5.590000e-06	-4.836928e-03	1.458069e+01
5.600000e-06	-2.416553e-03	1.467758e+01
5.610000e-06	-4.544768e-03	1.481274e+01
5.620000e-06	-5.558495e-03	1.489903e+01
5.630000e-06	-9.452367e-03	1.504274e+01
5.640000e-06	-1.930606e-03	1.506748e+01
5.650000e-06	-4.158071e-03	1.514111e+01
5.660000e-06	-4.685024e-03	1.525477e+01
5.670000e-06	-6.119017e-03	1.532848e+01
5.680000e-06	-5.580955e-03	1.543534e+01
5.690000e-06	-3.998403e-03	1.547535e+01
5.700000e-06	-6.478158e-03	1.555048e+01
5.710000e-06	-4.014164e-03	1.559156e+01
5.720000e-06	-6.591213e-03	1.562435e+01
5.730000e-06	-3.730444e-03	1.569495e+01
5.740000e-06	-6.728685e-03	1.572855e+01
5.750000e-06	-5.965987e-03	1.578008e+01
5.760000e-06	-6.350987e-03	1.578229e+01
5.770000e-06	-4.077581e-03	1.582522e+01
5.780000e-06	-5.396561e-03	1.581422e+01
5.790000e-06	-7.189843e-03	1.581527e+01
5.800000e-06	-4.983474e-03	1.586482e+01
5.810000e-06	-6.453223e-03	1.585430e+01
5.820000e-06	-5.383026e-03	1.584382e+01
5.830000e-06	-6.843085e-03	1.584219e+01
5.840000e-06	-4.650735e-03	1.581072e+01
5.850000e-06	-5.693172e-03	1.580111e+01
5.860000e-06	-5.639780e-03	1.575855e+01
5.870000e-06	-7.251091e-03	1.568645e+01
5.880000e-06	-6.405534e-03	1.567637e+01
5.890000e-06	-5.191186e-03	1.562284e+01
5.900000e-06	-5.140020e-03	1.557019e+01
5.910000e-06	-3.630554e-03	1.553648e+01
5.920000e-06	-6.429829e-03	1.548382e+01
5.930000e-06	-7.048318e-03	1.541114e+01
5.940000e-06	-8.029032e-03	1.532655e+01
5.950000e-06	-6.185136e-03	1.524327e+01
5.960000e-06	-6.764192e-03	1.509065e+01
5.970000e-06	-8.216468e-03	1.503282e+01
5.980000e-06	-4.593380e-03	1.493869e+01
5.990000e-06	-5.427184e-03	1.487442e+01
6.000000e-06	-4.840090e-03	1.475906e+01
6.010000e-06	-8.097765e-03	1.465377e+01
6.020000e-06	-5.412219e-03	1.451653e+01
6.030000e-06	-5.754211e-03	1.440221e+01
6.040000e-06	-4.461395e-03	1.427440e+01
6.050000e-06	-6.278416e-03	1.410805e+01
6.060000e-06	-6.276919e-03	1.398913e+01
6.070000e-06	-6.350523e-03	1.380427e+01
6.080000e-06	-6.745716e-03	1.366442e+01
6.090000e-06	-5.765149e-03	1.350551e+01
6.100000e-06	-6.459827e-03	1.336119e+01
6.110000e-06	-5.985551e-03	1.319069e+01
6.120000e-06	-6.308334e-03	1.303289e+01
6.130000e-06	-5.371046e-03	1.284503e+01
6.140000e-06	-6.064572e-03	1.267442e+01
6.150000e-06	-6.349539e-03	1.248705e+01
6.160000e-06	-7.255513e-03	1.232658e+01
6.170000e-06	-6.400939e-03	1.214756e+01
6.180000e-06	-5.694958e-03	1.192766e+01
6.190000e-06	-6.237301e-03	1.173803e+01
6.200000e-06	-6.336596e-03	1.149695e+01
6.210000e-06	-5.835117e-03	1.127598e+01
6.220000e-06	-5.614185e-03	1.107297e+01
6.230000e-06	-6.180285e-03	1.088507e+01
6.240000e-06	-6.263774e-03	1.067297e+01
6.250000e-06	-5.555024e-03	1.041302e+01
6.260000e-06	-6.056294e-03	1.020982e+01
6.270000e-06	-6.791204e-03	9.957166e+00
6.280000e-06	-5.310528e-03	9.755735e+00
6.290000e-06	-5.292947e-03	9.484050e+00
6.300000e-06	-6.015320e-03	9.284479e+00
6.310000e-06	-6.476282e-03	9.021470e+00
6.320000e-06	-5.533989e-03	8.789265e+00
6.330000e-06	-5.348420e-03	8.577236e+00
6.340000e-06	-5.804750e-03	8.283682e+00
6.350000e-06	-7.045226e-03	8.020873e+00
6.360000e-06	-5.032894e-03	7.779293e+00
6.370000e-06	-6.088746e-03	7.504582e+00
6.380000e-06	-6.828483e-03	7.211970e+00
6.390000e-06	-6.066267e-03	6.978818e+00
6.400000e-06	-4.783437e-03	6.664057e+00
6.410000e-06	-6.388265e-03	6.441447e+00
6.420000e-06	-5.743923e-03	6.157315e+00
6.430000e-06	-5.263719e-03	5.923653e+00
6.440000e-06	-3.667658e-03	5.610449e+00
6.450000e-06	-6.579513e-03	5.357241e+00
6.460000e-06	-6.104502e-03	4.979848e+00
6.470000e-06	-5.188859e-03	4.691606e+00
6.480000e-06	-5.224935e-03	4.440474e+00
6.490000e-06	-6.342968e-03	4.153160e+00
6.500000e-06	-5.822973e-03	3.831598e+00
6.510000e-06	-4.588708e-03	3.617951e+00
6.520000e-06	-4.299434e-03	3.264029e+00
6.530000e-06	-5.746144e-03	2.978891e+00
6.540000e-06	-5.852450e-03	2.724283e+00
6.550000e-06	-5.742110e-03	2.417394e+00
6.560000e-06	-5.512181e-03	2.104263e+00
6.570000e-06	-4.789204e-03	1.840060e+00
6.580000e-06	-4.897880e-03	1.535765e+00
6.590000e-06	-5.269951e-03	1.228554e+00
6.600000e-06	-5.910108e-03	8.715118e-01
6.610000e-06	-5.132561e-03	5.774200e-01
6.620000e-06	-3.562427e-03	3.438110e-01
6.630000e-06	-1.493525e-03	3.849763e-02
6.640000e-06	6.782171e-03	-2.146316e-01
6.650000e-06	-3.013453e-04	-5.262646e-01
6.660000e-06	-1.748268e-04	-7.831028e-01
6.670000e-06	-1.570806e-03	-1.086255e+00
6.680000e-06	-1.347174e-03	-1.362854e+00
6.690000e-06	-2.186493e-03	-1.655132e+00
6.700000e-06	1.479372e-02	-1.897659e+00
6.710000e-06	4.601463e-02	-2.059285e+00
6.720000e-06	8.999869e-02	-2.467085e+00
6.730000e-06	-1.116612e-01	-2.856678e+00
6.740000e-06	1.669446e-02	-3.243052e+00
6.750000e-06	-5.615447e-02	-3.496187e+00
6.760000e-06	1.867488e-03	-3.678235e+00
6.770000e-06	-1.096919e-01	-4.010446e+00
6.780000e-06	1.548300e-01	-4.180344e+00
6.790000e-06	-8.677861e-03	-4.422472e+00
6.800000e-06	-1.022437e-01	-4.737214e+00
6.810000e-06	2.004583e-01	-4.981347e+00
6.820000e-06	-1.851763e-01	-5.337682e+00
6.830000e-06	1.226030e-01	-5.623021e+00
6.840000e-06	-6.860080e-02	-5.856104e+00
6.850000e-06	1.138779e-03	-6.212839e+00
6.860000e-06	1.259764e-01	-6.475975e+00
6.870000e-06	-1.592117e-01	-6.719213e+00
6.880000e-06	1.166665e-01	-7.023925e+00
6.890000e-06	-9.540580e-02	-7.289210e+00
6.900000e-06	3.747906e-02	-7.573319e+00
6.910000e-06	2.030445e-02	-7.853975e+00
6.920000e-06	-4.795312e-02	-8.159213e+00
6.930000e-06	1.388577e-01	-8.320236e+00
6.940000e-06	-1.607382e-01	-8.614474e+00
6.950000e-06	1.123579e-01	-8.889031e+00
6.960000e-06	-7.688202e-02	-9.168637e+00
6.970000e-06	5.064079e-02	-9.381170e+00
6.980000e-06	-1.435410e-02	-9.602916e+00
6.990000e-06	-1.819692e-02	-9.843447e+00
7.000000e-06	6.123510e-02	-1.005545e+01
7.010000e-06	-6.938278e-02	-1.029866e+01
7.020000e-06	5.925416e-02	-1.048961e+01
7.030000e-06	-6.749538e-02	-1.073769e+01
7.040000e-06	7.444937e-02	-1.097421e+01
7.050000e-06	-4.967389e-02	-1.115321e+01
7.060000e-06	3.284163e-02	-1.146322e+01
7.070000e-06	-1.804488e-02	-1.158432e+01
7.080000e-06	8.608998e-03	-1.187692e+01
7.090000e-06	-7.150404e-03	-1.204490e+01
7.100000e-06	-8.103147e-03	-1.229535e+01
7.110000e-06	3.163257e-02	-1.235382e+01
7.120000e-06	-1.454933e-02	-1.263377e+01
7.130000e-06	1.251432e-02	-1.280129e+01
7.140000e-06	-2.419422e-02	-1.299016e+01
7.150000e-06	2.268123e-02	-1.315961e+01
7.160000e-06	-1.704180e-02	-1.328947e+01
7.170000e-06	1.275296e-02	-1.344587e+01
7.180000e-06	-5.165008e-03	-1.362224e+01
7.190000e-06	1.513452e-02	-1.381228e+01
7.200000e-06	-1.005401e-02	-1.390005e+01
7.210000e-06	1.369933e-03	-1.409990e+01
7.220000e-06	-1.276788e-03	-1.419424e+01
7.230000e-06	2.314329e-03	-1.436169e+01
7.240000e-06	-9.277763e-04	-1.446632e+01
7.250000e-06	1.943398e-03	-1.462385e+01
7.260000e-06	2.835687e-03	-1.469816e+01
7.270000e-06	-3.519234e-03	-1.480634e+01
7.280000e-06	-1.439990e-03	-1.494900e+01
7.290000e-06	2.015220e-03	-1.505429e+01
7.300000e-06	4.801028e-03	-1.508913e+01
7.310000e-06	1.815194e-03	-1.522171e+01
7.320000e-06	-2.075304e-03	-1.529745e+01
7.330000e-06	-1.337747e-03	-1.540314e+01
7.340000e-06	-3.870892e-04	-1.545432e+01
7.350000e-06	2.708148e-04	-1.548751e+01
7.360000e-06	3.458765e-04	-1.557169e+01
7.370000e-06	2.494030e-03	-1.560484e+01
7.380000e-06	9.894747e-04	-1.569735e+01
7.390000e-06	-1.280759e-03	-1.573093e+01
7.400000e-06	-1.357113e-03	-1.574061e+01
7.410000e-06	1.341083e-03	-1.583256e+01
7.420000e-06	-4.755376e-04	-1.583422e+01
7.430000e-06	-7.732131e-04	-1.584682e+01
7.440000e-06	-8.294803e-04	-1.587632e+01
7.450000e-06	1.320191e-03	-1.586587e+01
7.460000e-06	-1.306055e-03	-1.589735e+01
7.470000e-06	-2.839928e-03	-1.586792e+01
7.480000e-06	5.038665e-04	-1.586687e+01
7.490000e-06	2.974866e-03	-1.584536e+01
7.500000e-06	4.629814e-04	-1.581324e+01
7.510000e-06	-1.959156e-03	-1.583414e+01
7.520000e-06	-2.727313e-04	-1.581214e+01
7.530000e-06	-6.428427e-04	-1.575903e+01
7.540000e-06	-2.581422e-03	-1.565530e+01
7.550000e-06	-6.045462e-05	-1.561427e+01
7.560000e-06	2.947886e-03	-1.560219e+01
7.570000e-06	2.336030e-04	-1.551748e+01
7.580000e-06	-2.328998e-03	-1.548632e+01
7.590000e-06	-2.452940e-03	-1.540161e+01
7.600000e-06	-2.410282e-03	-1.529750e+01
7.610000e-06	-1.651216e-03	-1.522474e+01
7.620000e-06	-8.827179e-04	-1.513806e+01
7.630000e-06	1.140070e-03	-1.507739e+01
7.640000e-06	-1.108942e-03	-1.497054e+01
7.650000e-06	-2.013796e-03	-1.487427e+01
7.660000e-06	-2.564859e-03	-1.476768e+01
7.670000e-06	-1.355208e-03	-1.467332e+01
7.680000e-06	-4.962284e-04	-1.451955e+01
7.690000e-06	-9.780549e-04	-1.443062e+01
7.700000e-06	-7.839515e-05	-1.430587e+01
7.710000e-06	-1.487093e-03	-1.412850e+01
7.720000e-06	-2.025484e-03	-1.397009e+01
7.730000e-06	-1.614261e-03	-1.377292e+01
7.740000e-06	2.670704e-05	-1.368490e+01
7.750000e-06	-1.837604e-03	-1.353753e+01
7.760000e-06	-6.926557e-04	-1.336771e+01
7.770000e-06	-3.234552e-03	-1.324130e+01
7.780000e-06	-2.017333e-03	-1.307382e+01
7.790000e-06	-2.426423e-03	-1.287692e+01
7.800000e-06	-1.230395e-03	-1.271598e+01
7.810000e-06	-1.074672e-03	-1.249651e+01
7.820000e-06	-3.190410e-03	-1.234711e+01
7.830000e-06	5.603992e-04	-1.211811e+01
7.840000e-06	-4.180643e-03	-1.197766e+01
7.850000e-06	-3.654533e-05	-1.174803e+01
7.860000e-06	-2.193319e-03	-1.150595e+01
7.870000e-06	-1.316625e-03	-1.123443e+01
7.880000e-06	-2.951965e-03	-1.103332e+01
7.890000e-06	-4.226673e-03	-1.085192e+01
7.900000e-06	-1.952316e-03	-1.064339e+01
7.910000e-06	-3.756842e-03	-1.040179e+01
7.920000e-06	-1.083117e-03	-1.014826e+01
7.930000e-06	-2.626477e-03	-9.997583e+00
7.940000e-06	-3.935045e-03	-9.745633e+00
7.950000e-06	-2.897002e-03	-9.485553e+00
7.960000e-06	-1.883312e-03	-9.272554e+00
7.970000e-06	-1.953363e-03	-9.031397e+00
7.980000e-06	-4.198075e-03	-8.779245e+00
7.990000e-06	-5.495677e-03	-8.556186e+00
8.000000e-06	-3.769164e-03	-8.273503e+00
8.010000e-06	-2.348264e-03	-8.071896e+00
8.020000e-06	-2.069387e-03	-7.768765e+00
8.030000e-06	-3.799720e-03	-7.442104e+00
8.040000e-06	-3.479293e-03	-7.229318e+00
8.050000e-06	-3.254041e-03	-6.916690e+00
8.060000e-06	-3.189744e-03	-6.670079e+00
8.070000e-06	-2.898912e-03	-6.429374e+00
8.080000e-06	-4.796230e-03	-6.134211e+00
8.090000e-06	-3.604777e-03	-5.871007e+00
8.100000e-06	-6.307890e-03	-5.627266e+00
8.110000e-06	-3.062454e-03	-5.271604e+00
8.120000e-06	-4.519127e-03	-4.956291e+00
8.130000e-06	-1.800206e-03	-4.639999e+00
8.140000e-06	-4.678523e-03	-4.387420e+00
8.150000e-06	-4.184110e-03	-4.136335e+00
8.160000e-06	-4.107390e-03	-3.859503e+00
8.170000e-06	-5.267933e-03	-3.536861e+00
8.180000e-06	-4.820490e-03	-3.252157e+00
8.190000e-06	-6.948510e-03	-2.968894e+00
8.200000e-06	-4.805260e-03	-2.692163e+00
8.210000e-06	-3.957922e-03	-2.408920e+00
8.220000e-06	-3.268455e-03	-2.124187e+00
8.230000e-06	-6.375495e-03	-1.840029e+00
8.240000e-06	-3.889460e-03	-1.586844e+00
8.250000e-06	-4.927110e-03	-1.207971e+00
8.260000e-06	-2.803044e-03	-9.036883e-01
8.270000e-06	-5.735000e-03	-5.974725e-01
8.280000e-06	-4.083729e-03	-3.028105e-01
8.290000e-06	-2.725588e-03	-5.000795e-02
8.300000e-06	9.889818e-03	3.252081e-01
8.310000e-06	-6.501194e-03	5.393133e-01
8.320000e-06	5.918170e-03	8.019736e-01
8.330000e-06	-8.032218e-03	1.098384e+00
8.340000e-06	4.673972e-03	1.360971e+00
8.350000e-06	-9.198247e-03	1.728736e+00
8.360000e-06	1.646529e-02	1.968840e+00
8.370000e-06	1.470035e-02	2.160920e+00
8.380000e-06	9.091675e-02	2.448204e+00
8.390000e-06	-2.843027e-02	2.793654e+00
8.400000e-06	-5.903866e-02	3.119347e+00
8.410000e-06	-2.237384e-02	3.394554e+00
8.420000e-06	-1.520595e-02	3.698188e+00
8.430000e-06	-2.707557e-02	3.978366e+00
8.440000e-06	-2.830721e-02	4.160267e+00
8.450000e-06	6.382767e-02	4.413558e+00
8.460000e-06	3.934141e-02	4.749711e+00
8.470000e-06	-1.261040e-01	5.072927e+00
8.480000e-06	1.844070e-01	5.319711e+00
8.490000e-06	-1.390728e-01	5.645951e+00
8.500000e-06	3.460715e-02	5.907707e+00
8.510000e-06	-1.103560e-02	6.182366e+00
8.520000e-06	1.552295e-02	6.433945e+00
8.530000e-06	3.397355e-02	6.730159e+00
8.540000e-06	-7.150048e-02	7.002868e+00
8.550000e-06	4.128970e-02	7.258081e+00
8.560000e-06	-2.875867e-02	7.580342e+00
8.570000e-06	1.583899e-02	7.818001e+00
8.580000e-06	-1.320484e-02	8.138665e+00
8.590000e-06	9.977278e-04	8.371368e+00
8.600000e-06	4.355588e-02	8.591822e+00
8.610000e-06	-5.582398e-02	8.817948e+00
8.620000e-06	1.807844e-02	9.097080e+00
8.630000e-06	-1.016356e-02	9.340706e+00
8.640000e-06	4.204135e-04	9.552168e+00
8.650000e-06	-2.132251e-04	9.834869e+00
8.660000e-06	-4.319116e-03	1.001644e+01
8.670000e-06	1.028088e-02	1.027650e+01
8.680000e-06	-2.474571e-02	1.051908e+01
8.690000e-06	6.543477e-03	1.072918e+01
8.700000e-06	-1.064917e-02	1.093019e+01
8.710000e-06	1.144838e-02	1.115071e+01
8.720000e-06	-1.142327e-02	1.139469e+01
8.730000e-06	-5.162813e-03	1.164376e+01
8.740000e-06	4.657485e-03	1.182330e+01
8.750000e-06	-7.246553e-03	1.197537e+01
8.760000e-06	-9.012828e-03	1.220470e+01
8.770000e-06	-6.596301e-03	1.242426e+01
8.780000e-06	1.227250e-02	1.258281e+01
8.790000e-06	-3.526025e-03	1.275924e+01
8.800000e-06	-1.212476e-02	1.293163e+01
8.810000e-06	-6.517488e-03	1.307856e+01
8.820000e-06	-6.523205e-04	1.328797e+01
8.830000e-06	-2.169496e-03	1.344427e+01
8.840000e-06	-9.210635e-03	1.353326e+01
8.850000e-06	1.150438e-03	1.377266e+01
8.860000e-06	-1.916285e-03	1.391900e+01
8.870000e-06	-5.260562e-03	1.405683e+01
8.880000e-06	-6.262557e-03	1.419414e+01
8.890000e-06	-3.802260e-03	1.436411e+01
8.900000e-06	-2.889215e-03	1.450890e+01
8.910000e-06	-6.704991e-03	1.464479e+01
8.920000e-06	-6.790558e-04	1.473907e+01
8.930000e-06	-6.650171e-03	1.480487e+01
8.940000e-06	-7.008033e-03	1.492960e+01
8.950000e-06	-7.877086e-03	1.500276e+01
8.960000e-06	-8.365679e-04	1.512798e+01
8.970000e-06	-3.340045e-03	1.520321e+01
8.980000e-06	-6.350160e-03	1.523682e+01
8.990000e-06	-4.417218e-03	1.532958e+01
9.000000e-06	-6.134554e-03	1.541380e+01
9.010000e-06	-2.975768e-03	1.548740e+01
9.020000e-06	-8.664814e-03	1.555263e+01
9.030000e-06	-4.066941e-03	1.560374e+01
9.040000e-06	-5.664692e-03	1.565334e+01
9.050000e-06	-3.880589e-03	1.571648e+01
9.060000e-06	-7.362961e-03	1.571963e+01
9.070000e-06	-6.303332e-03	1.580006e+01
9.080000e-06	-3.980093e-03	1.580274e+01
9.090000e-06	-4.057175e-03	1.581322e+01
9.100000e-06	-4.906561e-03	1.584534e+01
9.110000e-06	-7.699945e-03	1.585349e+01
9.120000e-06	-5.172742e-03	1.581682e+01
9.130000e-06	-7.257107e-03	1.583492e+01
9.140000e-06	-5.302025e-03	1.582377e+01
9.150000e-06	-5.616482e-03	1.582480e+01
9.160000e-06	-4.462393e-03	1.577314e+01
9.170000e-06	-5.658749e-03	1.578061e+01
9.180000e-06	-6.162595e-03	1.574903e+01
9.190000e-06	-5.390486e-03	1.571750e+01
9.200000e-06	-6.588579e-03	1.564592e+01
9.210000e-06	-5.501190e-03	1.562326e+01
9.220000e-06	-6.453202e-03	1.557116e+01
9.230000e-06	-4.848558e-03	1.549700e+01
9.240000e-06	-6.854222e-03	1.546332e+01
9.250000e-06	-6.442758e-03	1.537108e+01
9.260000e-06	-5.862858e-03	1.529532e+01
9.270000e-06	-5.798512e-03	1.522079e+01
9.280000e-06	-5.791089e-03	1.515856e+01
9.290000e-06	-6.603099e-03	1.502232e+01
9.300000e-06	-4.099176e-03	1.488798e+01
9.310000e-06	-6.727183e-03	1.481384e+01
9.320000e-06	-5.986440e-03	1.473753e+01
9.330000e-06	-5.730602e-03	1.461317e+01
9.340000e-06	-4.907393e-03	1.451590e+01
9.350000e-06	-4.684922e-03	1.435856e+01
9.360000e-06	-6.693663e-03	1.424082e+01
9.370000e-06	-6.518557e-03	1.410640e+01
9.380000e-06	-8.169029e-03	1.392808e+01
9.390000e-06	-5.074489e-03	1.378173e+01
9.400000e-06	-6.872576e-03	1.362382e+01
9.410000e-06	-5.661226e-03	1.347450e+01
9.420000e-06	-7.058238e-03	1.332652e+01
9.430000e-06	-4.611285e-03	1.311966e+01
9.440000e-06	-5.892058e-03	1.300219e+01
9.450000e-06	-5.821592e-03	1.283227e+01
9.460000e-06	-7.090074e-03	1.263295e+01
9.470000e-06	-5.929373e-03	1.249437e+01
9.480000e-06	-6.326169e-03	1.223595e+01
9.490000e-06	-5.670268e-03	1.209598e+01
9.500000e-06	-6.110448e-03	1.191495e+01
9.510000e-06	-5.614761e-03	1.169685e+01
9.520000e-06	-6.520485e-03	1.143343e+01
9.530000e-06	-5.460749e-03	1.125382e+01
9.540000e-06	-5.588078e-03	1.103040e+01
9.550000e-06	-5.774514e-03	1.083127e+01
9.560000e-06	-6.212030e-03	1.060974e+01
9.570000e-06	-5.319521e-03	1.037216e+01
9.580000e-06	-6.799311e-03	1.014816e+01
9.590000e-06	-6.184468e-03	9.917106e+00
9.600000e-06	-5.846872e-03	9.681900e+00
9.610000e-06	-4.965010e-03	9.451421e+00
9.620000e-06	-5.410013e-03	9.180318e+00
9.630000e-06	-5.914616e-03	9.017164e+00
9.640000e-06	-6.095538e-03	8.716556e+00
9.650000e-06	-6.099535e-03	8.484552e+00
9.660000e-06	-5.788386e-03	8.249822e+00
9.670000e-06	-5.682964e-03	7.938314e+00
9.680000e-06	-5.270473e-03	7.746157e+00
9.690000e-06	-6.699284e-03	7.420471e+00
9.700000e-06	-6.120459e-03	7.157715e+00
9.710000e-06	-6.126983e-03	6.955134e+00
9.720000e-06	-5.809475e-03	6.660444e+00
9.730000e-06	-5.253938e-03	6.396290e+00
9.740000e-06	-5.597962e-03	6.103182e+00
9.750000e-06	-5.112284e-03	5.831495e+00
9.760000e-06	-5.464674e-03	5.557266e+00
9.770000e-06	-6.010173e-03	5.289478e+00
9.780000e-06	-6.293962e-03	4.915082e+00
9.790000e-06	-4.994292e-03	4.609446e+00
9.800000e-06	-5.989672e-03	4.357266e+00
9.810000e-06	-4.299194e-03	4.032529e+00
9.820000e-06	-5.795482e-03	3.757770e+00
9.830000e-06	-5.623773e-03	3.512611e+00
9.840000e-06	-5.890959e-03	3.167921e+00
9.850000e-06	-5.382047e-03	2.925735e+00
9.860000e-06	-5.388635e-03	2.650053e+00
9.870000e-06	-5.277908e-03	2.336791e+00
9.880000e-06	-5.539558e-03	2.051055e+00
9.890000e-06	-5.269194e-03	1.809892e+00
9.900000e-06	-5.406931e-03	1.510580e+00
9.910000e-06	-5.610252e-03	1.105341e+00
9.920000e-06	-4.447467e-03	8.189476e-01
9.930000e-06	-4.490067e-03	5.158134e-01
9.940000e-06	-3.185451e-03	2.800791e-01
9.950000e-06	-1.134834e-03	-7.515784e-02
9.960000e-06	1.002817e-02	-3.162871e-01
9.970000e-06	-6.782015e-03	-5.719986e-01
9.980000e-06	4.609891e-03	-8.761607e-01
9.990000e-06	-4.752871e-03	-1.118792e+00
1.000000e-05	2.508914e-03	-1.475209e+00
1.001000e-05	-5.212704e-03	-1.727791e+00
1.002000e-05	2.304326e-02	-1.958867e+00
1.003000e-05	6.522450e-02	-2.192974e+00
1.004000e-05	4.890649e-02	-2.560841e+00
1.005000e-05	-1.098105e-01	-2.919267e+00
1.006000e-05	2.629514e-02	-3.317761e+00
1.007000e-05	-5.795767e-02	-3.547765e+00
1.008000e-05	-7.018975e-03	-3.762448e+00
1.009000e-05	-9.293451e-02	-4.042050e+00
1.010000e-05	1.992003e-01	-4.222975e+00
1.011000e-05	-1.174964e-01	-4.455656e+00
1.012000e-05	1.950741e-02	-4.782499e+00
1.013000e-05	1.143742e-01	-4.994553e+00
1.014000e-05	-1.834110e-01	-5.416499e+00
1.015000e-05	1.691674e-01	-5.704178e+00
1.016000e-05	-1.485462e-01	-5.909688e+00
1.017000e-05	1.087001e-01	-6.276007e+00
1.018000e-05	2.605430e-02	-6.508160e+00
1.019000e-05	-1.140723e-01	-6.784424e+00
1.020000e-05	1.221442e-01	-7.036978e+00
1.021000e-05	-1.353958e-01	-7.382892e+00
1.022000e-05	1.092672e-01	-7.633524e+00
1.023000e-05	-6.785568e-02	-7.919107e+00
1.024000e-05	4.735231e-02	-8.201816e+00
1.025000e-05	5.478040e-02	-8.391974e+00
1.026000e-05	-1.196314e-01	-8.707581e+00
1.027000e-05	1.142606e-01	-8.970816e+00
1.028000e-05	-1.034648e-01	-9.153267e+00
1.029000e-05	9.444228e-02	-9.432404e+00
1.030000e-05	-7.367888e-02	-9.674998e+00
1.031000e-05	4.721336e-02	-9.897128e+00
1.032000e-05	2.379079e-04	-1.011071e+01
1.033000e-05	-2.346555e-02	-1.035870e+01
1.034000e-05	2.721748e-02	-1.055127e+01
1.035000e-05	-4.442052e-02	-1.079389e+01
1.036000e-05	6.456642e-02	-1.102134e+01
1.037000e-05	-5.640456e-02	-1.120292e+01
1.038000e-05	4.813126e-02	-1.141637e+01
1.039000e-05	-3.499164e-02	-1.162793e+01
1.040000e-05	2.641677e-02	-1.191763e+01
1.041000e-05	-3.069501e-02	-1.210846e+01
1.042000e-05	1.966258e-02	-1.229850e+01
1.043000e-05	8.174758e-03	-1.244700e+01
1.044000e-05	1.720707e-03	-1.266690e+01
1.045000e-05	-4.473354e-03	-1.283582e+01
1.046000e-05	-6.288804e-03	-1.302432e+01
1.047000e-05	1.229656e-02	-1.317226e+01
1.048000e-05	-1.162307e-02	-1.336061e+01
1.049000e-05	1.045856e-02	-1.350748e+01
1.050000e-05	-4.188600e-03	-1.366595e+01
1.051000e-05	1.268671e-02	-1.379385e+01
1.052000e-05	-1.391980e-02	-1.397219e+01
1.053000e-05	9.352307e-03	-1.409055e+01
1.054000e-05	-3.148289e-03	-1.424587e+01
1.055000e-05	7.314954e-03	-1.439329e+01
1.056000e-05	-5.804820e-03	-1.449802e+01
1.057000e-05	6.830863e-03	-1.466590e+01
1.058000e-05	-1.697188e-03	-1.469009e+01
1.059000e-05	-3.782514e-03	-1.483789e+01
1.060000e-05	-2.935235e-03	-1.494064e+01
1.061000e-05	3.465876e-03	-1.505537e+01
1.062000e-05	5.746685e-03	-1.510008e+01
1.063000e-05	1.865784e-04	-1.518430e+01
1.064000e-05	8.454851e-04	-1.530802e+01
1.065000e-05	-1.362775e-03	-1.543334e+01
1.066000e-05	5.747860e-04	-1.546497e+01
1.067000e-05	-1.328251e-03	-1.549856e+01
1.068000e-05	1.573568e-03	-1.559177e+01
1.069000e-05	-1.229213e-03	-1.565579e+01
1.070000e-05	1.220112e-03	-1.571750e+01
1.071000e-05	-1.502873e-03	-1.572000e+01
1.072000e-05	-8.927531e-04	-1.578211e+01
1.073000e-05	2.699737e-03	-1.580314e+01
1.074000e-05	7.694977e-04	-1.583524e+01
1.075000e-05	1.182023e-03	-1.583475e+01
1.076000e-05	-8.243025e-04	-1.586727e+01
1.077000e-05	8.066770e-04	-1.590737e+01
1.078000e-05	-4.186829e-03	-1.589682e+01
1.079000e-05	-3.481019e-03	-1.589674e+01
1.080000e-05	-1.236224e-03	-1.584573e+01
1.081000e-05	3.375574e-03	-1.585730e+01
1.082000e-05	1.392499e-03	-1.582321e+01
1.083000e-05	8.300846e-04	-1.581168e+01
1.084000e-05	-1.802390e-03	-1.577071e+01
1.085000e-05	-2.129881e-03	-1.572740e+01
1.086000e-05	-1.921583e-03	-1.566529e+01
1.087000e-05	1.941226e-03	-1.565174e+01
1.088000e-05	-1.465039e-04	-1.558321e+01
1.089000e-05	-2.238676e-03	-1.552753e+01
1.090000e-05	-3.177533e-03	-1.545333e+01
1.091000e-05	1.463884e-03	-1.535023e+01
1.092000e-05	2.665321e-03	-1.527735e+01
1.093000e-05	-1.305979e-03	-1.522127e+01
1.094000e-05	-3.915829e-03	-1.511851e+01
1.095000e-05	-5.975408e-04	-1.507377e+01
1.096000e-05	7.357893e-04	-1.498018e+01
1.097000e-05	-8.832620e-04	-1.484235e+01
1.098000e-05	-3.365949e-03	-1.471906e+01
1.099000e-05	-2.799914e-03	-1.461380e+01
1.100000e-05	-9.848012e-04	-1.449600e+01
1.101000e-05	-7.331318e-04	-1.438964e+01
1.102000e-05	4.206638e-04	-1.426427e+01
1.103000e-05	-9.057506e-04	-1.407500e+01
1.104000e-05	-2.716857e-03	-1.397908e+01
1.105000e-05	-3.006670e-03	-1.376112e+01
1.106000e-05	1.941309e-04	-1.362484e+01
1.107000e-05	3.235648e-05	-1.347550e+01
1.108000e-05	-2.406465e-03	-1.334653e+01
1.109000e-05	-2.595087e-03	-1.311914e+01
1.110000e-05	-2.459701e-03	-1.300029e+01
1.111000e-05	-5.866112e-04	-1.282179e+01
1.112000e-05	-7.104336e-04	-1.265285e+01
1.113000e-05	-2.175424e-03	-1.249392e+01
1.114000e-05	-1.913552e-03	-1.229356e+01
1.115000e-05	-1.914559e-03	-1.208603e+01
1.116000e-05	-2.452592e-03	-1.188506e+01
1.117000e-05	-2.864640e-03	-1.169550e+01
1.118000e-05	-2.598975e-03	-1.144335e+01
1.119000e-05	-1.759250e-03	-1.123072e+01
1.120000e-05	-2.342945e-03	-1.097024e+01
1.121000e-05	-1.867342e-03	-1.077137e+01
1.122000e-05	-2.298292e-03	-1.059081e+01
1.123000e-05	-2.891593e-03	-1.037962e+01
1.124000e-05	-2.472416e-03	-1.012711e+01
1.125000e-05	-2.638669e-03	-9.906027e+00
1.126000e-05	-2.214236e-03	-9.703081e+00
1.127000e-05	-3.134996e-03	-9.432947e+00
1.128000e-05	-3.883516e-03	-9.200820e+00
1.129000e-05	-3.642053e-03	-8.977366e+00
1.130000e-05	-2.849182e-03	-8.717129e+00
1.131000e-05	-2.666406e-03	-8.443006e+00
1.132000e-05	-3.154087e-03	-8.230397e+00
1.133000e-05	-3.436792e-03	-7.947745e+00
1.134000e-05	-3.549547e-03	-7.682982e+00
1.135000e-05	-4.065136e-03	-7.388924e+00
1.136000e-05	-2.672233e-03	-7.137783e+00
1.137000e-05	-3.798904e-03	-6.852452e+00
1.138000e-05	-2.976694e-03	-6.609371e+00
1.139000e-05	-3.915251e-03	-6.366788e+00
1.140000e-05	-3.923710e-03	-6.072003e+00
1.141000e-05	-4.610587e-03	-5.758819e+00
1.142000e-05	-4.091850e-03	-5.534660e+00
1.143000e-05	-3.311106e-03	-5.196923e+00
1.144000e-05	-4.010555e-03	-4.832107e+00
1.145000e-05	-3.530750e-03	-4.566370e+00
1.146000e-05	-3.856653e-03	-4.346292e+00
1.147000e-05	-4.686039e-03	-4.113053e+00
1.148000e-05	-4.354667e-03	-3.768796e+00
1.149000e-05	-5.361146e-03	-3.483711e+00
1.150000e-05	-4.060613e-03	-3.268328e+00
1.151000e-05	-6.070071e-03	-2.905312e+00
1.152000e-05	-3.365297e-03	-2.607528e+00
1.153000e-05	-4.992659e-03	-2.375370e+00
1.154000e-05	-3.218024e-03	-2.047600e+00
1.155000e-05	-5.962985e-03	-1.774844e+00
1.156000e-05	-4.026446e-03	-1.420106e+00
1.157000e-05	-5.156059e-03	-1.103663e+00
1.158000e-05	-4.054505e-03	-8.487038e-01
1.159000e-05	-5.017635e-03	-5.043144e-01
1.160000e-05	-3.574895e-03	-2.212252e-01
1.161000e-05	-8.843106e-05	3.400520e-02
1.162000e-05	7.128281e-03	3.378934e-01
1.163000e-05	-6.521861e-03	5.819026e-01
1.164000e-05	4.965161e-03	8.147316e-01
1.165000e-05	-5.101942e-03	1.190421e+00
1.166000e-05	3.145781e-03	1.467634e+00
1.167000e-05	-7.363759e-03	1.730918e+00
1.168000e-05	1.625004e-02	1.970975e+00
1.169000e-05	2.607049e-02	2.283578e+00
1.170000e-05	9.462575e-02	2.549820e+00
1.171000e-05	-7.078917e-02	2.900186e+00
1.172000e-05	-2.997731e-02	3.212947e+00
1.173000e-05	-3.649732e-02	3.509684e+00
1.174000e-05	-3.240238e-04	3.761846e+00
1.175000e-05	-4.888069e-02	3.984920e+00
1.176000e-05	-3.605865e-03	4.245528e+00
1.177000e-05	8.247598e-02	4.457109e+00
1.178000e-05	-2.266571e-02	4.795428e+00
1.179000e-05	-6.126489e-02	5.118157e+00
1.180000e-05	1.559839e-01	5.423895e+00
1.181000e-05	-1.670997e-01	5.638658e+00
1.182000e-05	8.670847e-02	5.982419e+00
1.183000e-05	-4.676255e-02	6.223377e+00
1.184000e-05	5.029494e-02	6.498583e+00
1.185000e-05	-6.162332e-03	6.793965e+00
1.186000e-05	-5.644940e-02	7.076602e+00
1.187000e-05	5.149518e-02	7.350692e+00
1.188000e-05	-4.734621e-02	7.644450e+00
1.189000e-05	4.035819e-02	7.919104e+00
1.190000e-05	-4.369220e-02	8.224317e+00
1.191000e-05	3.911234e-02	8.415100e+00
1.192000e-05	1.061785e-02	8.674476e+00
1.193000e-05	-4.596839e-02	8.899630e+00
1.194000e-05	2.657932e-02	9.139837e+00
1.195000e-05	-2.597686e-02	9.403871e+00
1.196000e-05	2.010699e-02	9.565873e+00
1.197000e-05	-2.271621e-02	9.866506e+00
1.198000e-05	1.866941e-02	1.008061e+01
1.199000e-05	-1.566096e-02	1.033814e+01
1.200000e-05	-3.531877e-03	1.056164e+01
1.201000e-05	-2.797773e-03	1.077279e+01
1.202000e-05	-1.622430e-03	1.097222e+01
1.203000e-05	4.775576e-03	1.117480e+01
1.204000e-05	-1.612833e-02	1.142547e+01
1.205000e-05	2.311732e-03	1.167637e+01
1.206000e-05	-3.729634e-03	1.187693e+01
1.207000e-05	-1.099250e-03	1.205698e+01
1.208000e-05	-1.661465e-02	1.226650e+01
1.209000e-05	8.402197e-03	1.243387e+01
1.210000e-05	4.543997e-03	1.260537e+01
1.211000e-05	-1.629124e-03	1.277329e+01
1.212000e-05	-1.686299e-02	1.301367e+01
1.213000e-05	-3.658550e-03	1.313068e+01
1.214000e-05	-2.343283e-03	1.331955e+01
1.215000e-05	-5.210077e-03	1.346695e+01
1.216000e-05	-5.872021e-03	1.360524e+01
1.217000e-05	-1.529884e-03	1.379309e+01
1.218000e-05	8.001098e-05	1.396116e+01
1.219000e-05	-7.577659e-03	1.406747e+01
1.220000e-05	-1.467985e-03	1.427687e+01
1.221000e-05	-5.981647e-03	1.439479e+01
1.222000e-05	-3.101074e-03	1.454950e+01
1.223000e-05	-8.432822e-03	1.466532e+01
1.224000e-05	-1.936325e-03	1.476013e+01
1.225000e-05	-7.100078e-03	1.481384e+01
1.226000e-05	-8.025779e-03	1.494909e+01
1.227000e-05	-3.043250e-03	1.503577e+01
1.228000e-05	-2.046863e-03	1.510058e+01
1.229000e-05	-1.348687e-03	1.522324e+01
1.230000e-05	-8.259930e-03	1.528740e+01
1.231000e-05	-4.202819e-03	1.538306e+01
1.232000e-05	-7.911394e-03	1.543482e+01
1.233000e-05	-3.583779e-03	1.551833e+01
1.234000e-05	-7.629365e-03	1.555918e+01
1.235000e-05	-5.386858e-03	1.562327e+01
1.236000e-05	-4.814747e-03	1.566540e+01
1.237000e-05	-4.263182e-03	1.570740e+01
1.238000e-05	-5.571528e-03	1.574958e+01
1.239000e-05	-7.583975e-03	1.580164e+01
1.240000e-05	-3.032448e-03	1.581374e+01
1.241000e-05	-5.240384e-03	1.580322e+01
1.242000e-05	-4.891945e-03	1.585632e+01
1.243000e-05	-7.850412e-03	1.585285e+01
1.244000e-05	-5.088729e-03	1.586587e+01
1.245000e-05	-6.225444e-03	1.584590e+01
1.246000e-05	-6.824639e-03	1.582477e+01
1.247000e-05	-4.754085e-03	1.579467e+01
1.248000e-05	-4.488186e-03	1.580321e+01
1.249000e-05	-5.373904e-03	1.578214e+01
1.250000e-05	-7.504944e-03	1.573945e+01
1.251000e-05	-5.093411e-03	1.570650e+01
1.252000e-05	-6.693021e-03	1.564392e+01
1.253000e-05	-6.030028e-03	1.561069e+01
1.254000e-05	-5.744201e-03	1.555908e+01
1.255000e-05	-4.903134e-03	1.549830e+01
1.256000e-05	-6.730815e-03	1.541317e+01
1.257000e-05	-7.697893e-03	1.534908e+01
1.258000e-05	-4.844718e-03	1.530574e+01
1.259000e-05	-5.175289e-03	1.516019e+01
1.260000e-05	-5.543800e-03	1.508643e+01
1.261000e-05	-6.016833e-03	1.501131e+01
1.262000e-05	-5.493135e-03	1.490705e+01
1.263000e-05	-6.092027e-03	1.482164e+01
1.264000e-05	-9.011638e-03	1.468540e+01
1.265000e-05	-5.801099e-03	1.457961e+01
1.266000e-05	-6.616625e-03	1.447384e+01
1.267000e-05	-3.044484e-03	1.432953e+01
1.268000e-05	-7.754179e-03	1.419021e+01
1.269000e-05	-5.620286e-03	1.402237e+01
1.270000e-05	-8.108762e-03	1.389698e+01
1.271000e-05	-5.209785e-03	1.375761e+01
1.272000e-05	-7.816887e-03	1.359116e+01
1.273000e-05	-5.108501e-03	1.343340e+01
1.274000e-05	-6.177066e-03	1.328603e+01
1.275000e-05	-5.980547e-03	1.310708e+01
1.276000e-05	-6.519398e-03	1.296761e+01
1.277000e-05	-6.310850e-03	1.275966e+01
1.278000e-05	-5.292500e-03	1.262029e+01
1.279000e-05	-5.309940e-03	1.243984e+01
1.280000e-05	-5.264353e-03	1.224539e+01
1.281000e-05	-6.144490e-03	1.204295e+01
1.282000e-05	-6.585264e-03	1.183189e+01
1.283000e-05	-6.545892e-03	1.162337e+01
1.284000e-05	-6.915168e-03	1.138979e+01
1.285000e-05	-5.570411e-03	1.119974e+01
1.286000e-05	-6.128149e-03	1.099879e+01
1.287000e-05	-5.328175e-03	1.073721e+01
1.288000e-05	-5.985361e-03	1.057866e+01
1.289000e-05	-5.580446e-03	1.031606e+01
1.290000e-05	-6.316119e-03	1.012761e+01
1.291000e-05	-5.733618e-03	9.812427e+00
1.292000e-05	-6.379238e-03	9.571772e+00
1.293000e-05	-6.265175e-03	9.408843e+00
1.294000e-05	-6.194275e-03	9.137157e+00
1.295000e-05	-5.844238e-03	8.927135e+00
1.296000e-05	-5.695445e-03	8.662002e+00
1.297000e-05	-5.600473e-03	8.420422e+00
1.298000e-05	-4.778703e-03	8.177750e+00
1.299000e-05	-5.778278e-03	7.865081e+00
1.300000e-05	-5.603948e-03	7.701928e+00
1.301000e-05	-6.240760e-03	7.397287e+00
1.302000e-05	-6.025765e-03	7.113657e+00
1.303000e-05	-5.773425e-03	6.880479e+00
1.304000e-05	-5.635213e-03	6.537364e+00
1.305000e-05	-4.928684e-03	6.293076e+00
1.306000e-05	-5.890001e-03	6.051028e+00
1.307000e-05	-5.363656e-03	5.747741e+00
1.308000e-05	-5.395237e-03	5.493036e+00
1.309000e-05	-5.708434e-03	5.198345e+00
1.310000e-05	-5.704207e-03	4.800900e+00
1.311000e-05	-5.968412e-03	4.546337e+00
1.312000e-05	-5.339481e-03	4.314182e+00
1.313000e-05	-5.654395e-03	3.976871e+00
1.314000e-05	-5.389869e-03	3.674685e+00
1.315000e-05	-5.369698e-03	3.491503e+00
1.316000e-05	-4.537470e-03	3.144765e+00
1.317000e-05	-4.727709e-03	2.841555e+00
1.318000e-05	-5.663857e-03	2.597898e+00
1.319000e-05	-5.048832e-03	2.260508e+00
1.320000e-05	-5.663386e-03	1.999449e+00
1.321000e-05	-4.857667e-03	1.694211e+00
1.322000e-05	-5.340195e-03	1.408845e+00
1.323000e-05	-4.654108e-03	1.083607e+00
1.324000e-05	-5.455391e-03	6.963421e-01
1.325000e-05	-4.210311e-03	4.631330e-01
1.326000e-05	-3.453957e-03	1.264510e-01
1.327000e-05	5.570610e-04	-9.678698e-02
1.328000e-05	8.686469e-03	-3.494974e-01
1.329000e-05	-7.164385e-03	-6.656819e-01
1.330000e-05	5.876083e-03	-9.388632e-01
1.331000e-05	-6.710656e-03	-1.204555e+00
1.332000e-05	3.186287e-03	-1.499370e+00
1.333000e-05	-3.241827e-03	-1.791472e+00
1.334000e-05	2.826198e-02	-2.001920e+00
1.335000e-05	8.642673e-02	-2.256612e+00
1.336000e-05	-1.189894e-02	-2.655080e+00
1.337000e-05	-7.395982e-02	-3.034526e+00
1.338000e-05	7.432170e-03	-3.381421e+00
1.339000e-05	-3.957007e-02	-3.540450e+00
1.340000e-05	-4.131881e-02	-3.883499e+00
1.341000e-05	-2.942063e-02	-4.107187e+00
1.342000e-05	1.983140e-01	-4.264134e+00
1.343000e-05	-1.880041e-01	-4.560864e+00
1.344000e-05	1.229280e-01	-4.874033e+00
1.345000e-05	-7.475559e-03	-5.130762e+00
1.346000e-05	-9.991730e-02	-5.516231e+00
1.347000e-05	1.376283e-01	-5.707736e+00
1.348000e-05	-1.682268e-01	-6.011424e+00
1.349000e-05	1.776343e-01	-6.325737e+00
1.350000e-05	-7.365087e-02	-6.572814e+00
1.351000e-05	-3.223608e-02	-6.846631e+00
1.352000e-05	7.469342e-02	-7.149262e+00
1.353000e-05	-1.230290e-01	-7.427374e+00
1.354000e-05	1.363326e-01	-7.657607e+00
1.355000e-05	-1.264012e-01	-8.011869e+00
1.356000e-05	1.342302e-01	-8.274029e+00
1.357000e-05	-5.015636e-02	-8.488002e+00
1.358000e-05	-3.710349e-02	-8.759218e+00
1.359000e-05	6.859643e-02	-8.992821e+00
1.360000e-05	-8.152776e-02	-9.256474e+00
1.361000e-05	9.687764e-02	-9.498576e+00
1.362000e-05	-1.028696e-01	-9.717657e+00
1.363000e-05	9.476886e-02	-9.950188e+00
1.364000e-05	-5.534369e-02	-1.020174e+01
1.365000e-05	2.985752e-02	-1.042535e+01
1.366000e-05	-2.240741e-02	-1.062437e+01
1.367000e-05	9.151641e-04	-1.082605e+01
1.368000e-05	3.183401e-02	-1.102487e+01
1.369000e-05	-3.747830e-02	-1.128703e+01
1.370000e-05	4.339712e-02	-1.146958e+01
1.371000e-05	-3.679371e-02	-1.177260e+01
1.372000e-05	3.280682e-02	-1.192116e+01
1.373000e-05	-4.322901e-02	-1.215013e+01
1.374000e-05	3.975093e-02	-1.231863e+01
1.375000e-05	-1.128925e-02	-1.252003e+01
1.376000e-05	1.525455e-02	-1.270755e+01
1.377000e-05	-1.995868e-02	-1.286680e+01
1.378000e-05	9.479580e-03	-1.305747e+01
1.379000e-05	-7.549601e-04	-1.315329e+01
1.380000e-05	-2.824469e-03	-1.340266e+01
1.381000e-05	4.543814e-03	-1.350096e+01
1.382000e-05	2.419266e-03	-1.370693e+01
1.383000e-05	7.556744e-03	-1.382595e+01
1.384000e-05	-1.191720e-02	-1.402522e+01
1.385000e-05	8.992369e-03	-1.417061e+01
1.386000e-05	-4.084438e-03	-1.430693e+01
1.387000e-05	6.521918e-03	-1.438427e+01
1.388000e-05	-4.946426e-03	-1.453003e+01
1.389000e-05	8.974567e-03	-1.469545e+01
1.390000e-05	-4.660285e-03	-1.476321e+01
1.391000e-05	-1.728570e-03	-1.489795e+01
1.392000e-05	-2.798850e-03	-1.498166e+01
1.393000e-05	4.391356e-03	-1.509750e+01
1.394000e-05	3.498068e-03	-1.516263e+01
1.395000e-05	-8.521782e-04	-1.525592e+01
1.396000e-05	5.744903e-04	-1.534006e+01
1.397000e-05	-2.352553e-03	-1.540391e+01
1.398000e-05	4.555684e-04	-1.544547e+01
1.399000e-05	5.063724e-04	-1.557163e+01
1.400000e-05	2.039864e-03	-1.559472e+01
1.401000e-05	6.579889e-04	-1.563729e+01
1.402000e-05	-6.293823e-04	-1.569793e+01
1.403000e-05	-1.755326e-03	-1.572951e+01
1.404000e-05	-1.128581e-03	-1.579114e+01
1.405000e-05	1.520020e-03	-1.580424e+01
1.406000e-05	7.831877e-04	-1.584577e+01
1.407000e-05	-9.813387e-05	-1.588585e+01
1.408000e-05	-1.157925e-04	-1.583632e+01
1.409000e-05	3.373860e-04	-1.587837e+01
1.410000e-05	-1.797630e-03	-1.586740e+01
1.411000e-05	-1.442698e-03	-1.585592e+01
1.412000e-05	5.131284e-04	-1.588733e+01
1.413000e-05	1.170985e-03	-1.586634e+01
1.414000e-05	1.415169e-05	-1.581312e+01
1.415000e-05	-5.534779e-04	-1.581172e+01
1.416000e-05	-6.013529e-04	-1.575108e+01
1.417000e-05	-1.587729e-03	-1.570698e+01
1.418000e-05	-3.868025e-04	-1.566424e+01
1.419000e-05	1.427553e-03	-1.561171e+01
1.420000e-05	7.446920e-04	-1.555211e+01
1.421000e-05	-6.935846e-04	-1.548645e+01
1.422000e-05	-2.005333e-03	-1.544377e+01
1.423000e-05	-6.423511e-04	-1.535054e+01
1.424000e-05	-5.391640e-04	-1.527540e+01
1.425000e-05	-4.454116e-04	-1.520267e+01
1.426000e-05	-7.102505e-04	-1.511795e+01
1.427000e-05	-6.678897e-04	-1.504222e+01
1.428000e-05	-9.311869e-04	-1.493796e+01
1.429000e-05	-1.103530e-03	-1.485069e+01
1.430000e-05	-1.657384e-03	-1.470548e+01
1.431000e-05	-1.164887e-03	-1.459019e+01
1.432000e-05	-5.597914e-04	-1.444394e+01
1.433000e-05	-1.244143e-03	-1.432906e+01
1.434000e-05	-1.882079e-04	-1.420224e+01
1.435000e-05	-1.570311e-03	-1.403432e+01
1.436000e-05	-2.696608e-03	-1.393651e+01
1.437000e-05	-9.759810e-04	-1.370764e+01
1.438000e-05	-8.518354e-04	-1.361129e+01
1.439000e-05	-9.824487e-04	-1.343487e+01
1.440000e-05	-1.604813e-03	-1.330498e+01
1.441000e-05	-1.659152e-03	-1.313858e+01
1.442000e-05	-2.448765e-03	-1.291924e+01
1.443000e-05	-1.854308e-03	-1.276976e+01
1.444000e-05	-2.051593e-03	-1.264227e+01
1.445000e-05	-2.209134e-03	-1.247197e+01
1.446000e-05	-1.697477e-03	-1.223192e+01
1.447000e-05	-2.087957e-03	-1.208435e+01
1.448000e-05	-1.939647e-03	-1.185292e+01
1.449000e-05	-2.961343e-03	-1.159180e+01
1.450000e-05	-1.473735e-03	-1.136127e+01
1.451000e-05	-5.874254e-04	-1.112816e+01
1.452000e-05	-2.022117e-03	-1.096809e+01
1.453000e-05	-3.988637e-03	-1.071721e+01
1.454000e-05	-2.485167e-03	-1.058666e+01
1.455000e-05	-2.227354e-03	-1.028501e+01
1.456000e-05	-3.038459e-03	-1.009346e+01
1.457000e-05	-3.159980e-03	-9.891022e+00
1.458000e-05	-2.263023e-03	-9.652398e+00
1.459000e-05	-3.382632e-03	-9.379316e+00
1.460000e-05	-2.558283e-03	-9.147186e+00
1.461000e-05	-2.231923e-03	-8.944686e+00
1.462000e-05	-2.953370e-03	-8.651553e+00
1.463000e-05	-4.364109e-03	-8.390748e+00
1.464000e-05	-3.326432e-03	-8.177769e+00
1.465000e-05	-3.922995e-03	-7.904653e+00
1.466000e-05	-3.843761e-03	-7.599871e+00
1.467000e-05	-3.512078e-03	-7.335237e+00
1.468000e-05	-3.163618e-03	-7.072078e+00
1.469000e-05	-3.978746e-03	-6.799846e+00
1.470000e-05	-3.696168e-03	-6.547267e+00
1.471000e-05	-4.915840e-03	-6.281653e+00
1.472000e-05	-3.961092e-03	-5.987820e+00
1.473000e-05	-5.449358e-03	-5.735136e+00
1.474000e-05	-3.200672e-03	-5.420571e+00
1.475000e-05	-3.335853e-03	-5.113284e+00
1.476000e-05	-4.352355e-03	-4.799191e+00
1.477000e-05	-4.851434e-03	-4.533709e+00
1.478000e-05	-3.861722e-03	-4.272556e+00
1.479000e-05	-4.671393e-03	-3.976320e+00
1.480000e-05	-3.910625e-03	-3.713161e+00
1.481000e-05	-5.954086e-03	-3.449525e+00
1.482000e-05	-4.289162e-03	-3.166844e+00
1.483000e-05	-5.393058e-03	-2.870033e+00
1.484000e-05	-2.879408e-03	-2.556291e+00
1.485000e-05	-4.918522e-03	-2.260607e+00
1.486000e-05	-4.151078e-03	-1.956344e+00
1.487000e-05	-4.958486e-03	-1.681737e+00
1.488000e-05	-3.105085e-03	-1.396868e+00
1.489000e-05	-4.456065e-03	-1.069530e+00
1.490000e-05	-5.974641e-03	-7.853886e-01
1.491000e-05	-4.451140e-03	-4.505078e-01
1.492000e-05	-3.599208e-03	-1.768497e-01
1.493000e-05	3.148149e-03	6.726322e-02
1.494000e-05	3.173975e-03	4.120012e-01
1.495000e-05	-3.684517e-03	6.156579e-01
1.496000e-05	3.684318e-03	9.507908e-01
1.497000e-05	-3.409140e-03	1.224085e+00
1.498000e-05	6.344655e-04	1.539321e+00
1.499000e-05	-2.134235e-03	1.803107e+00
1.500000e-05	1.531956e-02	2.064128e+00
1.501000e-05	4.438903e-02	2.267749e+00
1.502000e-05	7.259070e-02	2.636527e+00
1.503000e-05	-9.313845e-02	2.991919e+00
1.504000e-05	-1.156011e-02	3.238207e+00
1.505000e-05	-4.069694e-02	3.570372e+00
1.506000e-05	5.788989e-03	3.824633e+00
1.507000e-05	-5.969713e-02	4.015108e+00
1.508000e-05	1.969151e-02	4.336186e+00
1.509000e-05	8.860762e-02	4.572790e+00
1.510000e-05	-9.239724e-02	4.938708e+00
1.511000e-05	3.868119e-02	5.190341e+00
1.512000e-05	7.143611e-02	5.475604e+00
1.513000e-05	-1.318560e-01	5.752413e+00
1.514000e-05	8.783327e-02	6.054572e+00
1.515000e-05	-5.355871e-02	6.287127e+00
1.516000e-05	6.912213e-02	6.542766e+00
1.517000e-05	-4.332967e-02	6.856527e+00
1.518000e-05	-2.768014e-02	7.139607e+00
1.519000e-05	3.860204e-02	7.443894e+00
1.520000e-05	-4.462537e-02	7.707108e+00
1.521000e-05	4.380922e-02	7.992413e+00
1.522000e-05	-5.562941e-02	8.276505e+00
1.523000e-05	6.362295e-02	8.477583e+00
1.524000e-05	-2.425717e-02	8.710707e+00
1.525000e-05	-2.518956e-02	8.973841e+00
1.526000e-05	2.511201e-02	9.185448e+00
1.527000e-05	-3.087529e-02	9.425503e+00
1.528000e-05	2.786480e-02	9.668553e+00
1.529000e-05	-3.370417e-02	9.928710e+00
1.530000e-05	3.368766e-02	1.015066e+01
1.531000e-05	-3.389148e-02	1.037324e+01
1.532000e-05	1.032190e-02	1.061334e+01
1.533000e-05	-1.412821e-02	1.084484e+01
1.534000e-05	6.993968e-03	1.101450e+01
1.535000e-05	4.775262e-04	1.121847e+01
1.536000e-05	-1.645552e-02	1.145853e+01
1.537000e-05	7.762173e-03	1.171003e+01
1.538000e-05	-9.053849e-03	1.192860e+01
1.539000e-05	2.583071e-03	1.212005e+01
1.540000e-05	-2.028609e-02	1.232905e+01
1.541000e-05	1.461367e-02	1.248753e+01
1.542000e-05	-2.923700e-03	1.267600e+01
1.543000e-05	-1.527631e-03	1.283585e+01
1.544000e-05	-1.560726e-02	1.301529e+01
1.545000e-05	-5.530502e-04	1.314389e+01
1.546000e-05	-1.648066e-03	1.337271e+01
1.547000e-05	-8.642994e-03	1.351948e+01
1.548000e-05	-9.630936e-04	1.368640e+01
1.549000e-05	-3.303787e-03	1.379482e+01
1.550000e-05	6.909258e-05	1.399129e+01
1.551000e-05	-1.086970e-02	1.411016e+01
1.552000e-05	4.347731e-04	1.424698e+01
1.553000e-05	-5.680756e-03	1.444424e+01
1.554000e-05	-3.768116e-03	1.458061e+01
1.555000e-05	-6.057416e-03	1.466540e+01
1.556000e-05	-4.077482e-03	1.480172e+01
1.557000e-05	-6.358974e-03	1.485645e+01
1.558000e-05	-1.056835e-02	1.496219e+01
1.559000e-05	-8.702088e-04	1.507692e+01
1.560000e-05	-3.482158e-03	1.512316e+01
1.561000e-05	-1.381336e-03	1.523472e+01
1.562000e-05	-7.400692e-03	1.530938e+01
1.563000e-05	-2.842191e-03	1.541426e+01
1.564000e-05	-6.709809e-03	1.546645e+01
1.565000e-05	-5.399696e-03	1.553003e+01
1.566000e-05	-6.812845e-03	1.559309e+01
1.567000e-05	-6.121920e-03	1.562482e+01
1.568000e-05	-3.675641e-03	1.570637e+01
1.569000e-05	-5.861631e-03	1.573900e+01
1.570000e-05	-5.004085e-03	1.577908e+01
1.571000e-05	-7.263414e-03	1.578216e+01
1.572000e-05	-2.632374e-03	1.577424e+01
1.573000e-05	-4.522548e-03	1.582591e+01
1.574000e-05	-5.089718e-03	1.580335e+01
1.575000e-05	-6.411547e-03	1.584477e+01
1.576000e-05	-6.339104e-03	1.585387e+01
1.577000e-05	-6.118474e-03	1.581532e+01
1.578000e-05	-7.394167e-03	1.583425e+01
1.579000e-05	-4.104298e-03	1.581474e+01
1.580000e-05	-6.068970e-03	1.577206e+01
1.581000e-05	-5.480208e-03	1.577061e+01
1.582000e-05	-5.826892e-03	1.572950e+01
1.583000e-05	-4.799173e-03	1.570790e+01
1.584000e-05	-6.401394e-03	1.569427e+01
1.585000e-05	-7.158092e-03	1.561119e+01
1.586000e-05	-5.124150e-03	1.553003e+01
1.587000e-05	-5.267253e-03	1.547535e+01
1.588000e-05	-6.885051e-03	1.542374e+01
1.589000e-05	-7.876454e-03	1.536045e+01
1.590000e-05	-5.562211e-03	1.524527e+01
1.591000e-05	-4.260421e-03	1.515216e+01
1.592000e-05	-6.794802e-03	1.502742e+01
1.593000e-05	-5.766179e-03	1.498013e+01
1.594000e-05	-7.462624e-03	1.486632e+01
1.595000e-05	-5.492080e-03	1.477064e+01
1.596000e-05	-8.387264e-03	1.467582e+01
1.597000e-05	-4.569706e-03	1.451006e+01
1.598000e-05	-7.179837e-03	1.443179e+01
1.599000e-05	-3.495191e-03	1.427793e+01
1.600000e-05	-7.620918e-03	1.412958e+01
1.601000e-05	-5.728044e-03	1.400031e+01
1.602000e-05	-7.562983e-03	1.383552e+01
1.603000e-05	-4.845161e-03	1.369705e+01
1.604000e-05	-5.515818e-03	1.354113e+01
1.605000e-05	-6.712465e-03	1.340219e+01
1.606000e-05	-6.747078e-03	1.324432e+01
1.607000e-05	-6.508828e-03	1.306540e+01
1.608000e-05	-6.415109e-03	1.295658e+01
1.609000e-05	-5.594063e-03	1.272800e+01
1.610000e-05	-5.986583e-03	1.253919e+01
1.611000e-05	-5.701484e-03	1.239919e+01
1.612000e-05	-5.914008e-03	1.221968e+01
1.613000e-05	-5.653952e-03	1.196074e+01
1.614000e-05	-6.706298e-03	1.180084e+01
1.615000e-05	-7.235542e-03	1.156026e+01
1.616000e-05	-6.501596e-03	1.136759e+01
1.617000e-05	-5.293921e-03	1.115715e+01
1.618000e-05	-6.038499e-03	1.092773e+01
1.619000e-05	-5.727712e-03	1.071708e+01
1.620000e-05	-5.559011e-03	1.048508e+01
1.621000e-05	-5.798324e-03	1.028297e+01
1.622000e-05	-5.910589e-03	1.007285e+01
1.623000e-05	-6.041514e-03	9.820240e+00
1.624000e-05	-5.895214e-03	9.537165e+00
1.625000e-05	-6.680663e-03	9.334664e+00
1.626000e-05	-5.209716e-03	9.106558e+00
1.627000e-05	-6.393953e-03	8.829524e+00
1.628000e-05	-6.380648e-03	8.649445e+00
1.629000e-05	-5.779696e-03	8.388744e+00
1.630000e-05	-4.885024e-03	8.096480e+00
1.631000e-05	-6.118250e-03	7.849928e+00
1.632000e-05	-5.815227e-03	7.598290e+00
1.633000e-05	-5.906426e-03	7.327506e+00
1.634000e-05	-6.255726e-03	7.051500e+00
1.635000e-05	-6.022447e-03	6.810789e+00
1.636000e-05	-6.416388e-03	6.484586e+00
1.637000e-05	-4.792585e-03	6.189453e+00
1.638000e-05	-6.098910e-03	5.987344e+00
1.639000e-05	-5.749981e-03	5.703133e+00
1.640000e-05	-5.950576e-03	5.430973e+00
1.641000e-05	-4.900811e-03	5.103161e+00
1.642000e-05	-4.804923e-03	4.756344e+00
1.643000e-05	-5.405034e-03	4.493108e+00
1.644000e-05	-5.995910e-03	4.247997e+00
1.645000e-05	-5.614590e-03	3.943211e+00
1.646000e-05	-5.811474e-03	3.650079e+00
1.647000e-05	-5.773899e-03	3.355322e+00
1.648000e-05	-5.278957e-03	3.091107e+00
1.649000e-05	-4.555030e-03	2.808894e+00
1.650000e-05	-4.733417e-03	2.503612e+00
1.651000e-05	-5.439094e-03	2.178418e+00
1.652000e-05	-5.158318e-03	1.923790e+00
1.653000e-05	-5.678595e-03	1.608400e+00
1.654000e-05	-5.358331e-03	1.352741e+00
1.655000e-05	-4.953785e-03	9.879201e-01
1.656000e-05	-4.857980e-03	6.707118e-01
1.657000e-05	-4.726685e-03	4.283712e-01
1.658000e-05	-2.971567e-03	1.127368e-01
1.659000e-05	3.210814e-03	-1.715736e-01
1.660000e-05	5.594776e-03	-4.636779e-01
1.661000e-05	-5.094059e-03	-7.699433e-01
1.662000e-05	4.659280e-03	-9.915752e-01
1.663000e-05	-4.532922e-03	-1.295737e+00
1.664000e-05	4.085600e-04	-1.579898e+00
1.665000e-05	3.214344e-03	-1.854507e+00
1.666000e-05	3.363616e-02	-2.053134e+00
1.667000e-05	1.025487e-01	-2.352949e+00
1.668000e-05	-7.300992e-02	-2.748338e+00
1.669000e-05	-2.488210e-02	-3.150741e+00
1.670000e-05	-2.656273e-02	-3.440955e+00
1.671000e-05	-1.347897e-02	-3.665130e+00
1.672000e-05	-8.460291e-02	-3.935661e+00
1.673000e-05	6.328133e-02	-4.128263e+00
1.674000e-05	1.256640e-01	-4.339787e+00
1.675000e-05	-1.986644e-01	-4.655930e+00
1.676000e-05	1.949887e-01	-4.888709e+00
1.677000e-05	-1.173222e-01	-5.226424e+00
1.678000e-05	1.189116e-02	-5.540819e+00
1.679000e-05	5.376072e-02	-5.782346e+00
1.680000e-05	-1.145051e-01	-6.099110e+00
1.681000e-05	1.882556e-01	-6.350370e+00
1.682000e-05	-1.482759e-01	-6.655100e+00
1.683000e-05	5.488965e-02	-6.970835e+00
1.684000e-05	-4.191421e-03	-7.232345e+00
1.685000e-05	-5.938627e-02	-7.527111e+00
1.686000e-05	1.076421e-01	-7.783741e+00
1.687000e-05	-1.276078e-01	-8.047529e+00
1.688000e-05	1.734498e-01	-8.297080e+00
1.689000e-05	-1.346482e-01	-8.580710e+00
1.690000e-05	5.158577e-02	-8.843920e+00
1.691000e-05	-6.239238e-03	-9.074980e+00
1.692000e-05	-2.358054e-02	-9.309560e+00
1.693000e-05	6.037096e-02	-9.500661e+00
1.694000e-05	-8.294276e-02	-9.750717e+00
1.695000e-05	1.020345e-01	-9.971891e+00
1.696000e-05	-8.544838e-02	-1.024592e+01
1.697000e-05	6.320671e-02	-1.046750e+01
1.698000e-05	-6.083459e-02	-1.066658e+01
1.699000e-05	4.794141e-02	-1.091903e+01
1.700000e-05	-1.110180e-02	-1.112953e+01
1.701000e-05	-4.514100e-03	-1.131963e+01
1.702000e-05	1.733001e-02	-1.154058e+01
1.703000e-05	-2.213302e-02	-1.181369e+01
1.704000e-05	2.127522e-02	-1.196281e+01
1.705000e-05	-3.537027e-02	-1.221189e+01
1.706000e-05	4.428896e-02	-1.236329e+01
1.707000e-05	-1.941398e-02	-1.261214e+01
1.708000e-05	2.024838e-02	-1.275969e+01
1.709000e-05	-2.822771e-02	-1.293858e+01
1.710000e-05	2.089463e-02	-1.307905e+01
1.711000e-05	-1.180384e-02	-1.323782e+01
1.712000e-05	7.366232e-03	-1.341434e+01
1.713000e-05	-2.235842e-03	-1.355169e+01
1.714000e-05	8.967441e-03	-1.374056e+01
1.715000e-05	-1.898751e-03	-1.386895e+01
1.716000e-05	-5.500365e-03	-1.405687e+01
1.717000e-05	5.721613e-03	-1.420266e+01
1.718000e-05	-1.258282e-03	-1.433951e+01
1.719000e-05	2.113309e-03	-1.445580e+01
1.720000e-05	-2.853860e-03	-1.460324e+01
1.721000e-05	7.402189e-03	-1.468851e+01
1.722000e-05	-5.110308e-03	-1.480272e+01
1.723000e-05	-2.454417e-03	-1.490852e+01
1.724000e-05	-1.739214e-03	-1.501512e+01
1.725000e-05	5.575805e-03	-1.509848e+01
1.726000e-05	3.116183e-03	-1.518224e+01
1.727000e-05	-1.448248e-03	-1.526537e+01
1.728000e-05	-2.811530e-04	-1.536956e+01
1.729000e-05	-1.312707e-03	-1.543427e+01
1.730000e-05	6.083702e-04	-1.546696e+01
1.731000e-05	4.759132e-04	-1.558061e+01
1.732000e-05	1.331367e-03	-1.559377e+01
1.733000e-05	3.137576e-05	-1.564587e+01
1.734000e-05	-1.281322e-03	-1.570840e+01
1.735000e-05	-1.022739e-03	-1.578108e+01
1.736000e-05	6.349697e-05	-1.580214e+01
1.737000e-05	1.723166e-03	-1.581522e+01
1.738000e-05	-5.889468e-04	-1.587374e+01
1.739000e-05	6.146737e-04	-1.584542e+01
1.740000e-05	5.496276e-04	-1.587677e+01
1.741000e-05	-4.463330e-04	-1.586587e+01
1.742000e-05	-2.410037e-03	-1.587883e+01
1.743000e-05	-8.275288e-04	-1.588590e+01
1.744000e-05	1.289508e-03	-1.585632e+01
1.745000e-05	1.268595e-03	-1.583529e+01
1.746000e-05	-2.409390e-04	-1.578174e+01
1.747000e-05	-8.490826e-04	-1.583263e+01
1.748000e-05	-6.152936e-04	-1.574159e+01
1.749000e-05	-1.676419e-03	-1.566490e+01
1.750000e-05	-3.129016e-04	-1.564382e+01
1.751000e-05	1.231170e-03	-1.561267e+01
1.752000e-05	-3.903496e-04	-1.556016e+01
1.753000e-05	-2.008187e-03	-1.546642e+01
1.754000e-05	-1.677111e-03	-1.542429e+01
1.755000e-05	-7.502356e-04	-1.535005e+01
1.756000e-05	4.468306e-05	-1.526387e+01
1.757000e-05	-4.350197e-04	-1.514911e+01
1.758000e-05	-1.098277e-04	-1.512643e+01
1.759000e-05	-3.725028e-04	-1.503174e+01
1.760000e-05	-1.417886e-03	-1.494745e+01
1.761000e-05	-2.233550e-03	-1.479072e+01
1.762000e-05	-1.372984e-03	-1.469647e+01
1.763000e-05	-4.556956e-04	-1.455964e+01
1.764000e-05	1.145513e-04	-1.442084e+01
1.765000e-05	-1.411864e-03	-1.433700e+01
1.766000e-05	-1.349030e-03	-1.419111e+01
1.767000e-05	-2.114815e-03	-1.402282e+01
1.768000e-05	-1.539839e-03	-1.386435e+01
1.769000e-05	-2.066281e-03	-1.371660e+01
1.770000e-05	-2.023482e-03	-1.355756e+01
1.771000e-05	-6.292712e-04	-1.341179e+01
1.772000e-05	-1.609554e-03	-1.321342e+01
1.773000e-05	-9.710770e-04	-1.307348e+01
1.774000e-05	-1.460376e-03	-1.292716e+01
1.775000e-05	-1.235356e-03	-1.273868e+01
1.776000e-05	-2.127638e-03	-1.257874e+01
1.777000e-05	-1.558321e-03	-1.236919e+01
1.778000e-05	-2.171278e-03	-1.222837e+01
1.779000e-05	-2.536815e-03	-1.195079e+01
1.780000e-05	-2.966103e-03	-1.179024e+01
1.781000e-05	-2.901605e-03	-1.153824e+01
1.782000e-05	-1.877787e-03	-1.133606e+01
1.783000e-05	-1.912502e-03	-1.106508e+01
1.784000e-05	-2.296003e-03	-1.090492e+01
1.785000e-05	-2.267551e-03	-1.072553e+01
1.786000e-05	-2.442403e-03	-1.052510e+01
1.787000e-05	-3.517906e-03	-1.027187e+01
1.788000e-05	-3.192192e-03	-9.963296e+00
1.789000e-05	-2.892318e-03	-9.789839e+00
1.790000e-05	-2.455556e-03	-9.549191e+00
1.791000e-05	-3.333181e-03	-9.335637e+00
1.792000e-05	-3.144182e-03	-9.043928e+00
1.793000e-05	-3.463187e-03	-8.833003e+00
1.794000e-05	-2.197694e-03	-8.619944e+00
1.795000e-05	-3.857640e-03	-8.356735e+00
1.796000e-05	-3.506567e-03	-8.066159e+00
1.797000e-05	-3.624498e-03	-7.871374e+00
1.798000e-05	-2.771785e-03	-7.515761e+00
1.799000e-05	-4.603738e-03	-7.282032e+00
1.800000e-05	-3.740005e-03	-7.019346e+00
1.801000e-05	-4.205306e-03	-6.735189e+00
1.802000e-05	-2.459273e-03	-6.513609e+00
1.803000e-05	-5.014559e-03	-6.206822e+00
1.804000e-05	-2.710963e-03	-5.965686e+00
1.805000e-05	-5.312041e-03	-5.672552e+00
1.806000e-05	-2.956461e-03	-5.355840e+00
1.807000e-05	-5.356646e-03	-5.091549e+00
1.808000e-05	-2.556354e-03	-4.715682e+00
1.809000e-05	-4.707873e-03	-4.481528e+00
1.810000e-05	-3.633718e-03	-4.228973e+00
1.811000e-05	-5.231393e-03	-3.944216e+00
1.812000e-05	-3.207877e-03	-3.610982e+00
1.813000e-05	-5.067781e-03	-3.395345e+00
1.814000e-05	-4.546611e-03	-3.073056e+00
1.815000e-05	-5.631784e-03	-2.746870e+00
1.816000e-05	-4.192883e-03	-2.472661e+00
1.817000e-05	-3.412425e-03	-2.197421e+00
1.818000e-05	-6.607842e-03	-1.882711e+00
1.819000e-05	-2.042808e-03	-1.628479e+00
1.820000e-05	-4.252668e-03	-1.271590e+00
1.821000e-05	-3.331178e-03	-9.864223e-01
1.822000e-05	-5.409323e-03	-6.891867e-01
1.823000e-05	-4.274047e-03	-3.874711e-01
1.824000e-05	-4.353591e-03	-1.363157e-01
1.825000e-05	6.101387e-03	1.739760e-01
1.826000e-05	-1.861723e-03	4.651578e-01
1.827000e-05	1.318962e-03	7.262909e-01
1.828000e-05	6.148323e-05	1.011975e+00
1.829000e-05	5.061168e-05	1.276187e+00
1.830000e-05	-3.635035e-03	1.641975e+00
1.831000e-05	5.463393e-03	1.877186e+00
1.832000e-05	1.362433e-02	2.057786e+00
1.833000e-05	6.773093e-02	2.411022e+00
1.834000e-05	3.174593e-02	2.770338e+00
1.835000e-05	-8.668159e-02	3.054579e+00
1.836000e-05	-8.652568e-03	3.311818e+00
1.837000e-05	-3.404240e-02	3.606053e+00
1.838000e-05	-3.677134e-03	3.908258e+00
1.839000e-05	-5.205361e-02	4.139213e+00
1.840000e-05	4.178845e-02	4.380820e+00
1.841000e-05	8.293957e-02	4.635599e+00
1.842000e-05	-1.373982e-01	4.961240e+00
1.843000e-05	1.324909e-01	5.224549e+00
1.844000e-05	-4.248148e-02	5.520318e+00
1.845000e-05	-5.380429e-02	5.823876e+00
1.846000e-05	5.087554e-02	6.108655e+00
1.847000e-05	-2.995255e-02	6.351763e+00
1.848000e-05	6.239481e-02	6.616004e+00
1.849000e-05	-6.781359e-02	6.940711e+00
1.850000e-05	8.694219e-03	7.163847e+00
1.851000e-05	8.084124e-03	7.499086e+00
1.852000e-05	-1.954495e-02	7.763747e+00
1.853000e-05	2.490227e-02	8.054977e+00
1.854000e-05	-3.982173e-02	8.339562e+00
1.855000e-05	6.461697e-02	8.541194e+00
1.856000e-05	-4.785696e-02	8.741269e+00
1.857000e-05	-1.377856e-03	9.034795e+00
1.858000e-05	1.063974e-02	9.297052e+00
1.859000e-05	-2.210705e-02	9.487530e+00
1.860000e-05	2.193250e-02	9.791285e+00
1.861000e-05	-2.738374e-02	9.972266e+00
1.862000e-05	3.106161e-02	1.022342e+01
1.863000e-05	-3.901991e-02	1.041485e+01
1.864000e-05	1.463629e-02	1.069598e+01
1.865000e-05	-1.642314e-02	1.093750e+01
1.866000e-05	1.226238e-02	1.109653e+01
1.867000e-05	-6.226181e-03	1.130905e+01
1.868000e-05	-1.359169e-02	1.158266e+01
1.869000e-05	8.653619e-03	1.176171e+01
1.870000e-05	-1.120483e-02	1.190134e+01
1.871000e-05	2.253047e-04	1.215268e+01
1.872000e-05	-1.739858e-02	1.235214e+01
1.873000e-05	1.778077e-02	1.254021e+01
1.874000e-05	-5.437697e-03	1.268066e+01
1.875000e-05	-5.212845e-03	1.286743e+01
1.876000e-05	-1.187815e-02	1.305535e+01
1.877000e-05	2.334939e-04	1.321537e+01
1.878000e-05	-1.771367e-03	1.340379e+01
1.879000e-05	-1.145522e-02	1.351866e+01
1.880000e-05	-2.244746e-04	1.369913e+01
1.881000e-05	-3.675870e-03	1.388842e+01
1.882000e-05	-2.551066e-04	1.402482e+01
1.883000e-05	-9.597534e-03	1.421118e+01
1.884000e-05	-6.586896e-04	1.435955e+01
1.885000e-05	-4.806883e-03	1.446745e+01
1.886000e-05	-5.002752e-03	1.458311e+01
1.887000e-05	-4.199190e-03	1.467545e+01
1.888000e-05	-6.010923e-03	1.478329e+01
1.889000e-05	-5.880157e-03	1.489800e+01
1.890000e-05	-9.595173e-03	1.499174e+01
1.891000e-05	-5.095293e-04	1.508648e+01
1.892000e-05	-2.561688e-03	1.516266e+01
1.893000e-05	-3.839770e-03	1.525582e+01
1.894000e-05	-6.671173e-03	1.529940e+01
1.895000e-05	-5.802077e-03	1.542322e+01
1.896000e-05	-4.039319e-03	1.550688e+01
1.897000e-05	-7.328758e-03	1.557008e+01
1.898000e-05	-5.350884e-03	1.561221e+01
1.899000e-05	-6.998556e-03	1.565634e+01
1.900000e-05	-2.547870e-03	1.568394e+01
1.901000e-05	-6.663613e-03	1.573003e+01
1.902000e-05	-6.405629e-03	1.577116e+01
1.903000e-05	-6.585626e-03	1.577966e+01
1.904000e-05	-2.233626e-03	1.580426e+01
1.905000e-05	-3.736554e-03	1.582526e+01
1.906000e-05	-6.571480e-03	1.583575e+01
1.907000e-05	-6.108805e-03	1.581537e+01
1.908000e-05	-7.612295e-03	1.584532e+01
1.909000e-05	-5.350174e-03	1.581480e+01
1.910000e-05	-6.421132e-03	1.583681e+01
1.911000e-05	-4.052277e-03	1.577467e+01
1.912000e-05	-6.135175e-03	1.579119e+01
1.913000e-05	-6.058913e-03	1.574108e+01
1.914000e-05	-5.134629e-03	1.573753e+01
1.915000e-05	-4.999388e-03	1.566545e+01
1.916000e-05	-7.048980e-03	1.562429e+01
1.917000e-05	-7.339140e-03	1.556071e+01
1.918000e-05	-3.756896e-03	1.552850e+01
1.919000e-05	-6.277032e-03	1.545632e+01
1.920000e-05	-5.950648e-03	1.538264e+01
1.921000e-05	-7.414726e-03	1.532688e+01
1.922000e-05	-7.801373e-03	1.524426e+01
1.923000e-05	-3.530422e-03	1.514916e+01
1.924000e-05	-9.687094e-03	1.503482e+01
1.925000e-05	5.713248e-04	1.494011e+01
1.926000e-05	-8.771687e-03	1.484184e+01
1.927000e-05	-4.281047e-03	1.469961e+01
1.928000e-05	-1.010522e-02	1.465387e+01
1.929000e-05	-6.166118e-03	1.449700e+01
1.930000e-05	-6.338955e-03	1.435376e+01
1.931000e-05	-6.373246e-03	1.426535e+01
1.932000e-05	-4.985681e-03	1.411745e+01
1.933000e-05	-5.710295e-03	1.396814e+01
1.934000e-05	-5.327552e-03	1.385424e+01
1.935000e-05	-7.176941e-03	1.369485e+01
1.936000e-05	-5.574086e-03	1.351655e+01
1.937000e-05	-7.500906e-03	1.335959e+01
1.938000e-05	-5.298373e-03	1.322919e+01
1.939000e-05	-6.285732e-03	1.303130e+01
1.940000e-05	-4.691408e-03	1.287440e+01
1.941000e-05	-7.483279e-03	1.268695e+01
1.942000e-05	-5.546872e-03	1.250808e+01
1.943000e-05	-6.297498e-03	1.232763e+01
1.944000e-05	-4.464793e-03	1.216716e+01
1.945000e-05	-5.523639e-03	1.192051e+01
1.946000e-05	-5.230352e-03	1.174756e+01
1.947000e-05	-6.817061e-03	1.148600e+01
1.948000e-05	-6.096282e-03	1.128400e+01
1.949000e-05	-6.613172e-03	1.107403e+01
1.950000e-05	-6.520724e-03	1.087402e+01
1.951000e-05	-6.024803e-03	1.068395e+01
1.952000e-05	-4.890437e-03	1.043192e+01
1.953000e-05	-5.354078e-03	1.022135e+01
1.954000e-05	-5.799661e-03	9.949668e+00
1.955000e-05	-6.765742e-03	9.767661e+00
1.956000e-05	-6.173099e-03	9.484002e+00
1.957000e-05	-5.194251e-03	9.284079e+00
1.958000e-05	-5.229588e-03	9.070870e+00
1.959000e-05	-5.831292e-03	8.769274e+00
1.960000e-05	-6.751975e-03	8.547715e+00
1.961000e-05	-7.205649e-03	8.325154e+00
1.962000e-05	-5.606075e-03	8.031052e+00
1.963000e-05	-3.100901e-03	7.789869e+00
1.964000e-05	-5.308003e-03	7.474657e+00
1.965000e-05	-7.974237e-03	7.200880e+00
1.966000e-05	-7.069502e-03	6.988369e+00
1.967000e-05	-3.633710e-03	6.702557e+00
1.968000e-05	-4.179999e-03	6.402946e+00
1.969000e-05	-6.984960e-03	6.208316e+00
1.970000e-05	-7.165979e-03	5.903586e+00
1.971000e-05	-5.212988e-03	5.670395e+00
1.972000e-05	-4.508261e-03	5.366791e+00
1.973000e-05	-5.189187e-03	5.019916e+00
1.974000e-05	-4.333121e-03	4.693163e+00
1.975000e-05	-5.253500e-03	4.420924e+00
1.976000e-05	-6.068772e-03	4.147264e+00
1.977000e-05	-5.489998e-03	3.830074e+00
1.978000e-05	-5.079410e-03	3.588298e+00
1.979000e-05	-6.088486e-03	3.331581e+00
1.980000e-05	-7.659422e-03	3.009421e+00
1.981000e-05	-5.950970e-03	2.774216e+00
1.982000e-05	-3.417931e-03	2.417899e+00
1.983000e-05	-4.361442e-03	2.134163e+00
1.984000e-05	-5.699886e-03	1.840604e+00
1.985000e-05	-5.418709e-03	1.524791e+00
1.986000e-05	-4.928169e-03	1.250528e+00
1.987000e-05	-5.273304e-03	8.711666e-01
1.988000e-05	-4.681795e-03	5.784726e-01
1.989000e-05	-3.204113e-03	3.842685e-01
1.990000e-05	-3.180374e-03	4.955156e-02
1.991000e-05	5.449487e-03	-2.841555e-01
1.992000e-05	-3.468927e-04	-5.192391e-01
1.993000e-05	1.602890e-04	-8.026238e-01
1.994000e-05	4.270288e-05	-1.034708e+00
1.995000e-05	-1.301262e-03	-1.310225e+00
1.996000e-05	-2.867425e-03	-1.645559e+00
1.997000e-05	1.331725e-02	-1.896737e+00
1.998000e-05	4.313558e-02	-2.130342e+00
1.999000e-05	9.459018e-02	-2.436104e+00
2.000000e-05	-1.126008e-01	-2.825600e+00
2.001000e-05	1.505132e-02	-3.224548e+00
2.002000e-05	-5.562753e-02	-3.475612e+00
2.003000e-05	3.688659e-03	-3.648138e+00
2.004000e-05	-1.112519e-01	-3.970766e+00
2.005000e-05	1.500944e-01	-4.150369e+00
2.006000e-05	6.311308e-03	-4.382944e+00
2.007000e-05	-1.215409e-01	-4.759288e+00
2.008000e-05	2.079567e-01	-4.940845e+00
2.009000e-05	-1.870527e-01	-5.289186e+00
2.010000e-05	1.179400e-01	-5.613973e+00
2.011000e-05	-5.632453e-02	-5.856505e+00
2.012000e-05	-1.465913e-02	-6.198820e+00
2.013000e-05	1.377908e-01	-6.434474e+00
2.014000e-05	-1.651061e-01	-6.738761e+00
2.015000e-05	1.188488e-01	-7.021951e+00
2.016000e-05	-8.901657e-02	-7.277008e+00
2.017000e-05	2.881345e-02	-7.572342e+00
2.018000e-05	3.135100e-02	-7.846494e+00
2.019000e-05	-6.103485e-02	-8.150658e+00
2.020000e-05	1.476660e-01	-8.360795e+00
2.021000e-05	-1.647693e-01	-8.626824e+00
2.022000e-05	1.110783e-01	-8.888059e+00
2.023000e-05	-7.128262e-02	-9.109532e+00
2.024000e-05	4.476480e-02	-9.351586e+00
2.025000e-05	-5.502710e-03	-9.612865e+00
2.026000e-05	-2.915707e-02	-9.831952e+00
2.027000e-05	6.901961e-02	-1.001695e+01
2.028000e-05	-7.459279e-02	-1.026801e+01
2.029000e-05	6.429591e-02	-1.052013e+01
2.030000e-05	-7.048436e-02	-1.072914e+01
2.031000e-05	7.228614e-02	-1.096176e+01
2.032000e-05	-4.555997e-02	-1.118171e+01
2.033000e-05	2.773253e-02	-1.140239e+01
2.034000e-05	-1.132486e-02	-1.158374e+01
2.035000e-05	3.616510e-03	-1.187599e+01
2.036000e-05	-3.412299e-03	-1.205634e+01
2.037000e-05	-1.227421e-02	-1.224590e+01
2.038000e-05	3.245959e-02	-1.239342e+01
2.039000e-05	-1.369311e-02	-1.261424e+01
2.040000e-05	1.287933e-02	-1.278419e+01
2.041000e-05	-2.267884e-02	-1.295066e+01
2.042000e-05	2.120977e-02	-1.311013e+01
2.043000e-05	-1.633445e-02	-1.329800e+01
2.044000e-05	1.150712e-02	-1.347643e+01
2.045000e-05	-5.796522e-03	-1.361277e+01
2.046000e-05	1.291134e-02	-1.379311e+01
2.047000e-05	-9.480630e-03	-1.392103e+01
2.048000e-05	2.123383e-03	-1.408790e+01
2.049000e-05	1.472008e-03	-1.423472e+01
2.050000e-05	3.708551e-03	-1.435159e+01
2.051000e-05	-1.658269e-03	-1.446597e+01
2.052000e-05	1.221955e-03	-1.461374e+01
2.053000e-05	2.330699e-03	-1.470906e+01
2.054000e-05	-4.914011e-03	-1.483529e+01
2.055000e-05	-1.678868e-03	-1.493908e+01
2.056000e-05	1.239625e-03	-1.504625e+01
2.057000e-05	6.499091e-03	-1.512956e+01
2.058000e-05	6.238414e-04	-1.521421e+01
2.059000e-05	-6.313847e-04	-1.531545e+01
2.060000e-05	-1.454787e-03	-1.539209e+01
2.061000e-05	-1.963309e-04	-1.543572e+01
2.062000e-05	2.727829e-05	-1.549846e+01
2.063000e-05	5.766223e-04	-1.555106e+01
2.064000e-05	6.345649e-04	-1.559379e+01
2.065000e-05	1.105551e-03	-1.563848e+01
2.066000e-05	-1.961972e-03	-1.572908e+01
2.067000e-05	-6.625389e-05	-1.578064e+01
2.068000e-05	-1.608678e-04	-1.578266e+01
2.069000e-05	1.374887e-03	-1.583530e+01
2.070000e-05	3.569771e-04	-1.584527e+01
2.071000e-05	-8.039140e-04	-1.589637e+01
2.072000e-05	1.428825e-03	-1.585632e+01
2.073000e-05	-2.228507e-03	-1.585687e+01
2.074000e-05	-2.115999e-03	-1.586640e+01
2.075000e-05	-1.028033e-03	-1.588682e+01
2.076000e-05	3.298610e-03	-1.585572e+01
2.077000e-05	7.529059e-04	-1.583619e+01
2.078000e-05	-9.923036e-04	-1.580361e+01
2.079000e-05	-1.461462e-03	-1.577116e+01
2.080000e-05	-1.820496e-03	-1.575953e+01
2.081000e-05	-2.315668e-03	-1.567550e+01
2.082000e-05	1.190200e-03	-1.565427e+01
2.083000e-05	2.559141e-03	-1.559174e+01
2.084000e-05	-1.768078e-04	-1.551003e+01
2.085000e-05	-1.152186e-03	-1.547582e+01
2.086000e-05	-5.049935e-04	-1.539216e+01
2.087000e-05	-1.640019e-04	-1.530698e+01
2.088000e-05	-1.834724e-03	-1.525336e+01
2.089000e-05	-2.706581e-03	-1.510851e+01
2.090000e-05	7.654477e-04	-1.508735e+01
2.091000e-05	6.562964e-04	-1.494863e+01
2.092000e-05	-8.259503e-04	-1.486495e+01
2.093000e-05	-3.829534e-03	-1.476059e+01
2.094000e-05	-9.825305e-04	-1.465333e+01
2.095000e-05	2.508474e-04	-1.456856e+01
2.096000e-05	6.345670e-04	-1.443072e+01
2.097000e-05	-1.361631e-03	-1.425545e+01
2.098000e-05	-1.237633e-03	-1.419899e+01
2.099000e-05	-2.485196e-03	-1.394178e+01
2.100000e-05	-1.804899e-03	-1.382329e+01
2.101000e-05	-6.864753e-04	-1.366437e+01
2.102000e-05	-1.756420e-03	-1.351858e+01
2.103000e-05	-1.468749e-03	-1.337969e+01
2.104000e-05	-2.000042e-03	-1.319129e+01
2.105000e-05	-1.125801e-03	-1.303297e+01
2.106000e-05	-1.299472e-03	-1.288585e+01
2.107000e-05	-2.056973e-03	-1.272601e+01
2.108000e-05	-3.041301e-03	-1.251556e+01
2.109000e-05	-1.564096e-03	-1.234711e+01
2.110000e-05	-1.460411e-03	-1.216021e+01
2.111000e-05	-2.431937e-03	-1.193776e+01
2.112000e-05	-3.324119e-03	-1.173856e+01
2.113000e-05	-3.705545e-03	-1.154345e+01
2.114000e-05	-1.271248e-03	-1.128345e+01
2.115000e-05	-1.526047e-03	-1.106245e+01
2.116000e-05	-2.231844e-03	-1.089295e+01
2.117000e-05	-2.742327e-03	-1.063350e+01
2.118000e-05	-3.149937e-03	-1.048195e+01
2.119000e-05	-3.027234e-03	-1.019869e+01
2.120000e-05	-2.796855e-03	-9.937212e+00
2.121000e-05	-3.328669e-03	-9.757712e+00
2.122000e-05	-2.735193e-03	-9.486085e+00
2.123000e-05	-3.041035e-03	-9.224453e+00
2.124000e-05	-2.863665e-03	-9.061948e+00
2.125000e-05	-3.641397e-03	-8.780344e+00
2.126000e-05	-3.228762e-03	-8.556234e+00
2.127000e-05	-3.411164e-03	-8.262105e+00
2.128000e-05	-3.162700e-03	-8.060978e+00
2.129000e-05	-3.987398e-03	-7.777835e+00
2.130000e-05	-3.317535e-03	-7.483449e+00
2.131000e-05	-4.051078e-03	-7.229342e+00
2.132000e-05	-4.027694e-03	-6.965688e+00
2.133000e-05	-4.378686e-03	-6.703078e+00
2.134000e-05	-2.538946e-03	-6.461421e+00
2.135000e-05	-3.229250e-03	-6.186839e+00
2.136000e-05	-2.981908e-03	-5.901058e+00
2.137000e-05	-4.820341e-03	-5.627846e+00
2.138000e-05	-2.653369e-03	-5.293653e+00
2.139000e-05	-5.273858e-03	-4.977294e+00
2.140000e-05	-2.929405e-03	-4.647515e+00
2.141000e-05	-5.101667e-03	-4.416875e+00
2.142000e-05	-3.170469e-03	-4.146311e+00
2.143000e-05	-4.678084e-03	-3.841034e+00
2.144000e-05	-4.945608e-03	-3.567844e+00
2.145000e-05	-4.679605e-03	-3.294184e+00
2.146000e-05	-5.482433e-03	-2.998896e+00
2.147000e-05	-4.102252e-03	-2.723137e+00
2.148000e-05	-4.961615e-03	-2.440598e+00
2.149000e-05	-4.451950e-03	-2.083687e+00
2.150000e-05	-6.248211e-03	-1.870078e+00
2.151000e-05	-4.426243e-03	-1.584846e+00
2.152000e-05	-3.728130e-03	-1.219426e+00
2.153000e-05	-3.712760e-03	-8.837857e-01
2.154000e-05	-5.032511e-03	-6.266549e-01
2.155000e-05	-4.219173e-03	-3.128396e-01
2.156000e-05	-3.207457e-03	-7.900539e-02
2.157000e-05	9.588412e-03	2.382066e-01
2.158000e-05	-5.708578e-03	4.983396e-01
2.159000e-05	5.062347e-03	8.014411e-01
2.160000e-05	-4.421835e-03	1.085658e+00
2.161000e-05	3.522538e-03	1.371341e+00
2.162000e-05	-7.814034e-03	1.740237e+00
2.163000e-05	1.245987e-02	1.948265e+00
2.164000e-05	1.597285e-02	2.170394e+00
2.165000e-05	8.958822e-02	2.427129e+00
2.166000e-05	-2.075022e-02	2.824098e+00
2.167000e-05	-6.218434e-02	3.138262e+00
2.168000e-05	-2.104328e-02	3.422420e+00
2.169000e-05	-1.754303e-02	3.648658e+00
2.170000e-05	-2.430753e-02	3.968866e+00
2.171000e-05	-3.189837e-02	4.169817e+00
2.172000e-05	6.221727e-02	4.414001e+00
2.173000e-05	4.826005e-02	4.698787e+00
2.174000e-05	-1.364006e-01	5.014453e+00
2.175000e-05	1.837044e-01	5.279187e+00
2.176000e-05	-1.364535e-01	5.593519e+00
2.177000e-05	3.525096e-02	5.927133e+00
2.178000e-05	-7.749351e-04	6.172342e+00
2.179000e-05	7.298420e-03	6.395449e+00
2.180000e-05	3.302323e-02	6.740109e+00
2.181000e-05	-7.259788e-02	6.951944e+00
2.182000e-05	4.160395e-02	7.316403e+00
2.183000e-05	-2.556491e-02	7.592742e+00
2.184000e-05	1.072171e-02	7.795976e+00
2.185000e-05	-9.633754e-03	8.120714e+00
2.186000e-05	-3.843953e-03	8.341890e+00
2.187000e-05	4.885115e-02	8.552374e+00
2.188000e-05	-5.724545e-02	8.815374e+00
2.189000e-05	1.635675e-02	9.118133e+00
2.190000e-05	-9.158833e-03	9.289564e+00
2.191000e-05	-1.747025e-03	9.550690e+00
2.192000e-05	3.327021e-03	9.812815e+00
2.193000e-05	-9.236798e-03	1.004537e+01
2.194000e-05	1.127065e-02	1.025655e+01
2.195000e-05	-2.700916e-02	1.053949e+01
2.196000e-05	9.970160e-03	1.067968e+01
2.197000e-05	-1.155678e-02	1.092964e+01
2.198000e-05	1.106661e-02	1.118916e+01
2.199000e-05	-1.062727e-02	1.134364e+01
2.200000e-05	-5.889194e-03	1.165324e+01
2.201000e-05	6.138318e-03	1.178382e+01
2.202000e-05	-8.178902e-03	1.199484e+01
2.203000e-05	-7.590463e-03	1.223379e+01
2.204000e-05	-7.786348e-03	1.239329e+01
2.205000e-05	1.295734e-02	1.257269e+01
2.206000e-05	-3.507369e-03	1.275009e+01
2.207000e-05	-1.226591e-02	1.293003e+01
2.208000e-05	-8.322438e-03	1.311068e+01
2.209000e-05	-9.344753e-04	1.327690e+01
2.210000e-05	-8.500189e-04	1.346382e+01
2.211000e-05	-9.193874e-03	1.356226e+01
2.212000e-05	6.066827e-04	1.375303e+01
2.213000e-05	-3.260887e-03	1.389946e+01
2.214000e-05	-3.789962e-03	1.404740e+01
2.215000e-05	-6.383434e-03	1.422527e+01
2.216000e-05	-3.335851e-03	1.435166e+01
2.217000e-05	-2.772760e-03	1.448840e+01
2.218000e-05	-5.829642e-03	1.461379e+01
2.219000e-05	-9.175352e-04	1.472701e+01
2.220000e-05	-6.376729e-03	1.479324e+01
2.221000e-05	-7.564299e-03	1.492943e+01
2.222000e-05	-7.922914e-03	1.499372e+01
2.223000e-05	1.211455e-04	1.507898e+01
2.224000e-05	-2.227602e-03	1.517264e+01
2.225000e-05	-5.935181e-03	1.524687e+01
2.226000e-05	-5.718807e-03	1.532194e+01
2.227000e-05	-6.135108e-03	1.540524e+01
2.228000e-05	-2.922095e-03	1.547793e+01
2.229000e-05	-7.279912e-03	1.554058e+01
2.230000e-05	-4.771678e-03	1.563319e+01
2.231000e-05	-6.238853e-03	1.560535e+01
2.232000e-05	-2.446681e-03	1.572748e+01
2.233000e-05	-6.940819e-03	1.576006e+01
2.234000e-05	-7.627613e-03	1.574016e+01
2.235000e-05	-4.864530e-03	1.582314e+01
2.236000e-05	-3.398133e-03	1.581421e+01
2.237000e-05	-3.797848e-03	1.585429e+01
2.238000e-05	-6.854971e-03	1.578572e+01
2.239000e-05	-5.168719e-03	1.586485e+01
2.240000e-05	-7.624607e-03	1.585472e+01
2.241000e-05	-6.649876e-03	1.580329e+01
2.242000e-05	-6.565930e-03	1.581117e+01
2.243000e-05	-4.220073e-03	1.581269e+01
2.244000e-05	-5.229183e-03	1.579267e+01
2.245000e-05	-6.847617e-03	1.572848e+01
2.246000e-05	-5.159426e-03	1.568798e+01
2.247000e-05	-6.832063e-03	1.567644e+01
2.248000e-05	-6.386834e-03	1.564284e+01
2.249000e-05	-6.395851e-03	1.551114e+01
2.250000e-05	-4.184601e-03	1.549898e+01
2.251000e-05	-6.021826e-03	1.541522e+01
2.252000e-05	-6.172905e-03	1.537112e+01
2.253000e-05	-4.422075e-03	1.527540e+01
2.254000e-05	-5.562265e-03	1.525426e+01
2.255000e-05	-5.483394e-03	1.511848e+01
2.256000e-05	-7.703333e-03	1.501425e+01
2.257000e-05	-4.295852e-03	1.491813e+01
2.258000e-05	-5.473735e-03	1.482381e+01
2.259000e-05	-6.115882e-03	1.474698e+01
2.260000e-05	-6.705908e-03	1.462219e+01
2.261000e-05	-6.182734e-03	1.447490e+01
2.262000e-05	-4.473735e-03	1.432164e+01
2.263000e-05	-7.338635e-03	1.421282e+01
2.264000e-05	-4.696226e-03	1.407545e+01
2.265000e-05	-8.587557e-03	1.393908e+01
2.266000e-05	-4.970242e-03	1.378017e+01
2.267000e-05	-7.026746e-03	1.365272e+01
2.268000e-05	-4.524796e-03	1.347456e+01
2.269000e-05	-7.512645e-03	1.333555e+01
2.270000e-05	-4.980385e-03	1.321716e+01
2.271000e-05	-6.305854e-03	1.300074e+01
2.272000e-05	-5.765484e-03	1.285285e+01
2.273000e-05	-6.825817e-03	1.265240e+01
2.274000e-05	-5.209313e-03	1.248442e+01
2.275000e-05	-5.497954e-03	1.228401e+01
2.276000e-05	-5.804161e-03	1.213498e+01
2.277000e-05	-5.784537e-03	1.192498e+01
2.278000e-05	-5.576630e-03	1.171550e+01
2.279000e-05	-5.854903e-03	1.148490e+01
2.280000e-05	-5.274424e-03	1.121535e+01
2.281000e-05	-5.749237e-03	1.103240e+01
2.282000e-05	-5.699492e-03	1.081237e+01
2.283000e-05	-5.781018e-03	1.063080e+01
2.284000e-05	-4.628687e-03	1.036916e+01
2.285000e-05	-5.925575e-03	1.015927e+01
2.286000e-05	-5.400082e-03	9.976533e+00
2.287000e-05	-6.075762e-03	9.687958e+00
2.288000e-05	-6.060176e-03	9.461920e+00
2.289000e-05	-6.433682e-03	9.180398e+00
2.290000e-05	-6.584740e-03	8.999366e+00
2.291000e-05	-5.305249e-03	8.727135e+00
2.292000e-05	-5.385233e-03	8.504580e+00
2.293000e-05	-5.235783e-03	8.262528e+00
2.294000e-05	-6.544490e-03	7.968365e+00
2.295000e-05	-6.219466e-03	7.726633e+00
2.296000e-05	-7.069230e-03	7.469899e+00
2.297000e-05	-5.065706e-03	7.148690e+00
2.298000e-05	-5.676515e-03	6.915683e+00
2.299000e-05	-4.703249e-03	6.649954e+00
2.300000e-05	-5.524007e-03	6.406316e+00
2.301000e-05	-5.809950e-03	6.123157e+00
2.302000e-05	-5.933743e-03	5.819600e+00
2.303000e-05	-5.560217e-03	5.537712e+00
2.304000e-05	-5.429988e-03	5.262526e+00
2.305000e-05	-5.629703e-03	4.924640e+00
2.306000e-05	-5.549999e-03	4.610051e+00
2.307000e-05	-5.409659e-03	4.357765e+00
2.308000e-05	-5.654209e-03	4.101983e+00
2.309000e-05	-5.658387e-03	3.787397e+00
2.310000e-05	-5.985312e-03	3.483187e+00
2.311000e-05	-4.588957e-03	3.198428e+00
2.312000e-05	-5.478566e-03	2.915261e+00
2.313000e-05	-5.536382e-03	2.662000e+00
2.314000e-05	-5.654452e-03	2.363816e+00
2.315000e-05	-5.244629e-03	2.061633e+00
2.316000e-05	-5.973456e-03	1.856372e+00
2.317000e-05	-5.031496e-03	1.483608e+00
2.318000e-05	-4.958694e-03	1.166344e+00
2.319000e-05	-4.942841e-03	8.090219e-01
2.320000e-05	-4.521167e-03	5.538937e-01
2.321000e-05	-3.931267e-03	2.601090e-01
2.322000e-05	-2.577729e-03	-3.463278e-02
2.323000e-05	9.117056e-03	-3.167870e-01
2.324000e-05	-5.294266e-03	-5.284421e-01
2.325000e-05	3.904758e-03	-8.651838e-01
2.326000e-05	-4.321200e-03	-1.129867e+00
2.327000e-05	1.346926e-03	-1.455630e+00
2.328000e-05	-5.111953e-03	-1.707641e+00
2.329000e-05	2.231070e-02	-1.969893e+00
2.330000e-05	6.177850e-02	-2.210444e+00
2.331000e-05	5.753744e-02	-2.531386e+00
2.332000e-05	-1.140947e-01	-2.919816e+00
2.333000e-05	2.815528e-02	-3.298187e+00
2.334000e-05	-6.042383e-02	-3.548286e+00
2.335000e-05	-3.295024e-03	-3.772345e+00
2.336000e-05	-1.014872e-01	-4.013554e+00
2.337000e-05	1.986553e-01	-4.191450e+00
2.338000e-05	-1.100757e-01	-4.467083e+00
2.339000e-05	2.815247e-03	-4.762924e+00
2.340000e-05	1.336034e-01	-5.033976e+00
2.341000e-05	-1.937659e-01	-5.425395e+00
2.342000e-05	1.703927e-01	-5.686056e+00
2.343000e-05	-1.437731e-01	-5.899736e+00
2.344000e-05	1.001609e-01	-6.222996e+00
2.345000e-05	4.023441e-02	-6.519152e+00
2.346000e-05	-1.260753e-01	-6.782819e+00
2.347000e-05	1.265576e-01	-7.086557e+00
2.348000e-05	-1.352537e-01	-7.421740e+00
2.349000e-05	1.062339e-01	-7.616399e+00
2.350000e-05	-5.859282e-02	-7.908610e+00
2.351000e-05	3.525199e-02	-8.172867e+00
2.352000e-05	6.805939e-02	-8.393870e+00
2.353000e-05	-1.307386e-01	-8.716533e+00
2.354000e-05	1.203903e-01	-8.930737e+00
2.355000e-05	-1.052566e-01	-9.172392e+00
2.356000e-05	9.373577e-02	-9.425397e+00
2.357000e-05	-7.012907e-02	-9.644922e+00
2.358000e-05	3.981122e-02	-9.876529e+00
2.359000e-05	8.829777e-03	-1.012811e+01
2.360000e-05	-2.916273e-02	-1.039916e+01
2.361000e-05	3.358539e-02	-1.056169e+01
2.362000e-05	-4.920604e-02	-1.080387e+01
2.363000e-05	6.767357e-02	-1.099387e+01
2.364000e-05	-5.863852e-02	-1.125531e+01
2.365000e-05	4.869778e-02	-1.142585e+01
2.366000e-05	-3.402829e-02	-1.167795e+01
2.367000e-05	2.640961e-02	-1.188758e+01
2.368000e-05	-2.913815e-02	-1.204855e+01
2.369000e-05	1.706442e-02	-1.228716e+01
2.370000e-05	1.054024e-02	-1.243742e+01
2.371000e-05	-1.693424e-04	-1.266652e+01
2.372000e-05	-3.091104e-03	-1.285487e+01
2.373000e-05	-8.844666e-03	-1.301392e+01
2.374000e-05	1.366172e-02	-1.316026e+01
2.375000e-05	-1.311820e-02	-1.333058e+01
2.376000e-05	9.673806e-03	-1.349743e+01
2.377000e-05	-4.807172e-03	-1.367489e+01
2.378000e-05	1.318550e-02	-1.383374e+01
2.379000e-05	-1.363692e-02	-1.394258e+01
2.380000e-05	8.629577e-03	-1.416005e+01
2.381000e-05	-2.773723e-03	-1.427582e+01
2.382000e-05	6.699913e-03	-1.444181e+01
2.383000e-05	-5.919630e-03	-1.449848e+01
2.384000e-05	6.133290e-03	-1.466545e+01
2.385000e-05	-2.254695e-03	-1.470966e+01
2.386000e-05	-4.072187e-03	-1.489737e+01
2.387000e-05	-2.798941e-03	-1.495151e+01
2.388000e-05	3.446937e-03	-1.503892e+01
2.389000e-05	6.384012e-03	-1.515056e+01
2.390000e-05	-1.011510e-04	-1.523582e+01
2.391000e-05	-1.753890e-04	-1.533800e+01
2.392000e-05	-2.806013e-03	-1.542419e+01
2.393000e-05	7.952896e-04	-1.548454e+01
2.394000e-05	-3.946854e-04	-1.547901e+01
2.395000e-05	1.130723e-03	-1.556221e+01
2.396000e-05	6.053408e-04	-1.566627e+01
2.397000e-05	6.982610e-04	-1.568740e+01
2.398000e-05	-5.605885e-04	-1.570898e+01
2.399000e-05	-7.185898e-04	-1.577119e+01
2.400000e-05	1.389946e-03	-1.584259e+01
2.401000e-05	1.164761e-03	-1.584522e+01
2.402000e-05	4.308450e-04	-1.585729e+01
2.403000e-05	-7.793144e-04	-1.588644e+01
2.404000e-05	-1.310619e-04	-1.590743e+01
2.405000e-05	-2.921494e-03	-1.588792e+01
2.406000e-05	-1.940221e-03	-1.587740e+01
2.407000e-05	1.005553e-03	-1.588685e+01
2.408000e-05	2.771549e-03	-1.584527e+01
2.409000e-05	5.027788e-04	-1.582374e+01
2.410000e-05	-4.246142e-05	-1.580324e+01
2.411000e-05	6.182888e-05	-1.576313e+01
2.412000e-05	-1.122352e-03	-1.578905e+01
2.413000e-05	-1.282631e-03	-1.568637e+01
2.414000e-05	-1.749237e-04	-1.563271e+01
2.415000e-05	1.304418e-03	-1.558166e+01
2.416000e-05	-7.011487e-04	-1.553898e+01
2.417000e-05	-1.714063e-03	-1.542288e+01
2.418000e-05	-4.281915e-04	-1.538068e+01
2.419000e-05	1.735720e-04	-1.530382e+01
2.420000e-05	-2.450382e-04	-1.519226e+01
2.421000e-05	-9.249902e-04	-1.512911e+01
2.422000e-05	2.498876e-04	-1.506435e+01
2.423000e-05	-1.495690e-03	-1.496861e+01
2.424000e-05	-1.995498e-03	-1.485239e+01
2.425000e-05	-1.689662e-03	-1.470759e+01
2.426000e-05	-6.273360e-04	-1.460277e+01
2.427000e-05	-7.310036e-04	-1.449497e+01
2.428000e-05	-1.213863e-04	-1.437867e+01
2.429000e-05	-4.463853e-04	-1.423427e+01
2.430000e-05	-1.487979e-03	-1.411805e+01
2.431000e-05	-2.339289e-03	-1.392719e+01
2.432000e-05	-1.526678e-03	-1.380024e+01
2.433000e-05	-1.185688e-03	-1.363534e+01
2.434000e-05	-9.309797e-04	-1.347748e+01
2.435000e-05	-1.200770e-03	-1.335763e+01
2.436000e-05	-2.490792e-03	-1.317061e+01
2.437000e-05	-2.083554e-03	-1.302077e+01
2.438000e-05	-1.453218e-03	-1.285487e+01
2.439000e-05	-1.319476e-03	-1.264347e+01
2.440000e-05	-7.741862e-04	-1.249650e+01
2.441000e-05	-2.210790e-03	-1.229395e+01
2.442000e-05	-1.810528e-03	-1.209700e+01
2.443000e-05	-2.770891e-03	-1.189347e+01
2.444000e-05	-3.300081e-03	-1.172453e+01
2.445000e-05	-2.598691e-03	-1.143639e+01
2.446000e-05	-1.648269e-03	-1.125082e+01
2.447000e-05	-2.096337e-03	-1.098087e+01
2.448000e-05	-1.922518e-03	-1.071982e+01
2.449000e-05	-3.148124e-03	-1.064882e+01
2.450000e-05	-3.143153e-03	-1.039019e+01
2.451000e-05	-3.213441e-03	-1.013516e+01
2.452000e-05	-2.075796e-03	-9.942531e+00
2.453000e-05	-2.388890e-03	-9.703055e+00
2.454000e-05	-3.373645e-03	-9.472497e+00
2.455000e-05	-3.353000e-03	-9.220345e+00
2.456000e-05	-3.787669e-03	-8.989287e+00
2.457000e-05	-2.759468e-03	-8.735731e+00
2.458000e-05	-3.933106e-03	-8.472532e+00
2.459000e-05	-3.240398e-03	-8.212023e+00
2.460000e-05	-2.932407e-03	-7.988792e+00
2.461000e-05	-3.072250e-03	-7.696632e+00
2.462000e-05	-3.656924e-03	-7.360396e+00
2.463000e-05	-3.993022e-03	-7.187194e+00
2.464000e-05	-4.362184e-03	-6.874154e+00
2.465000e-05	-2.937915e-03	-6.589949e+00
2.466000e-05	-3.600282e-03	-6.385791e+00
2.467000e-05	-3.398660e-03	-6.083581e+00
2.468000e-05	-4.176025e-03	-5.769948e+00
2.469000e-05	-4.140475e-03	-5.464631e+00
2.470000e-05	-3.474875e-03	-5.218971e+00
2.471000e-05	-4.410349e-03	-4.942637e+00
2.472000e-05	-4.004936e-03	-4.565891e+00
2.473000e-05	-3.004293e-03	-4.335740e+00
2.474000e-05	-3.708846e-03	-4.082559e+00
2.475000e-05	-4.042320e-03	-3.778392e+00
2.476000e-05	-5.902425e-03	-3.514712e+00
2.477000e-05	-4.135468e-03	-3.228951e+00
2.478000e-05	-5.083753e-03	-2.874317e+00
2.479000e-05	-3.007712e-03	-2.620602e+00
2.480000e-05	-5.147887e-03	-2.384390e+00
2.481000e-05	-3.618149e-03	-2.038979e+00
2.482000e-05	-5.014932e-03	-1.737318e+00
2.483000e-05	-3.443509e-03	-1.492108e+00
2.484000e-05	-5.704237e-03	-1.106263e+00
2.485000e-05	-3.676725e-03	-8.412228e-01
2.486000e-05	-5.759660e-03	-5.349168e-01
2.487000e-05	-2.504669e-03	-2.827579e-01
2.488000e-05	-1.521106e-03	1.508395e-02
2.489000e-05	8.980702e-03	3.272682e-01
2.490000e-05	-7.910705e-03	5.914763e-01
2.491000e-05	6.089424e-03	8.145766e-01
2.492000e-05	-6.483795e-03	1.190891e+00
2.493000e-05	3.859632e-03	1.414053e+00
2.494000e-05	-7.780454e-03	1.729371e+00
2.495000e-05	1.752343e-02	2.000918e+00
2.496000e-05	2.386280e-02	2.234601e+00
2.497000e-05	9.412707e-02	2.531740e+00
2.498000e-05	-6.805425e-02	2.912162e+00
2.499000e-05	-3.224100e-02	3.172419e+00
2.500000e-05	-3.475091e-02	3.487179e+00
2.501000e-05	-1.156298e-04	3.720392e+00
2.502000e-05	-4.673008e-02	4.012971e+00
2.503000e-05	-6.975117e-03	4.265625e+00
2.504000e-05	7.782766e-02	4.547159e+00
2.505000e-05	-1.398249e-02	4.773975e+00
2.506000e-05	-7.494422e-02	5.109655e+00
2.507000e-05	1.686241e-01	5.404341e+00
2.508000e-05	-1.728299e-01	5.648078e+00
2.509000e-05	8.724179e-02	5.949394e+00
2.510000e-05	-4.686297e-02	6.233997e+00
2.511000e-05	4.585669e-02	6.480057e+00
2.512000e-05	-3.612594e-03	6.794315e+00
2.513000e-05	-5.810405e-02	7.086979e+00
2.514000e-05	5.505186e-02	7.342160e+00
2.515000e-05	-4.708569e-02	7.613420e+00
2.516000e-05	3.672718e-02	7.898083e+00
2.517000e-05	-4.443818e-02	8.213415e+00
2.518000e-05	3.558993e-02	8.424469e+00
2.519000e-05	1.458840e-02	8.646052e+00
2.520000e-05	-4.770118e-02	8.909551e+00
2.521000e-05	2.747636e-02	9.141162e+00
2.522000e-05	-2.491854e-02	9.362792e+00
2.523000e-05	1.731371e-02	9.566897e+00
2.524000e-05	-2.110550e-02	9.836953e+00
2.525000e-05	1.716681e-02	1.011956e+01
2.526000e-05	-1.365474e-02	1.030813e+01
2.527000e-05	-6.441147e-03	1.060208e+01
2.528000e-05	-2.698610e-03	1.076231e+01
2.529000e-05	-1.834732e-03	1.100277e+01
2.530000e-05	5.796509e-03	1.117272e+01
2.531000e-05	-1.501932e-02	1.143529e+01
2.532000e-05	1.657781e-03	1.164437e+01
2.533000e-05	-1.967878e-03	1.186547e+01
2.534000e-05	-2.162098e-03	1.207940e+01
2.535000e-05	-1.537087e-02	1.226637e+01
2.536000e-05	5.355217e-03	1.246540e+01
2.537000e-05	3.451544e-03	1.265422e+01
2.538000e-05	-2.278857e-03	1.279429e+01
2.539000e-05	-1.590117e-02	1.301116e+01
2.540000e-05	-1.033632e-03	1.311961e+01
2.541000e-05	-4.534604e-04	1.328848e+01
2.542000e-05	-4.884537e-03	1.351695e+01
2.543000e-05	-6.616096e-03	1.363482e+01
2.544000e-05	-9.846815e-04	1.381419e+01
2.545000e-05	-7.554895e-05	1.392896e+01
2.546000e-05	-9.411251e-03	1.409947e+01
2.547000e-05	-3.030446e-03	1.426639e+01
2.548000e-05	-5.618528e-03	1.441414e+01
2.549000e-05	-1.085236e-03	1.456093e+01
2.550000e-05	-6.563895e-03	1.463434e+01
2.551000e-05	-2.478626e-03	1.470858e+01
2.552000e-05	-6.715988e-03	1.486434e+01
2.553000e-05	-8.013526e-03	1.492963e+01
2.554000e-05	-4.254257e-03	1.501434e+01
2.555000e-05	-2.997353e-03	1.515008e+01
2.556000e-05	-1.828350e-03	1.519469e+01
2.557000e-05	-7.366033e-03	1.529832e+01
2.558000e-05	-3.157518e-03	1.535151e+01
2.559000e-05	-7.091596e-03	1.543627e+01
2.560000e-05	-3.123799e-03	1.553895e+01
2.561000e-05	-8.374016e-03	1.558156e+01
2.562000e-05	-4.364866e-03	1.562329e+01
2.563000e-05	-5.004148e-03	1.567585e+01
2.564000e-05	-4.364724e-03	1.572790e+01
2.565000e-05	-6.649739e-03	1.574998e+01
2.566000e-05	-7.673710e-03	1.581261e+01
2.567000e-05	-4.029120e-03	1.579359e+01
2.568000e-05	-4.606393e-03	1.580574e+01
2.569000e-05	-4.161703e-03	1.581367e+01
2.570000e-05	-7.642902e-03	1.585634e+01
2.571000e-05	-5.599230e-03	1.583539e+01
2.572000e-05	-5.542880e-03	1.587437e+01
2.573000e-05	-6.540592e-03	1.583324e+01
2.574000e-05	-5.540776e-03	1.581422e+01
2.575000e-05	-5.357258e-03	1.579166e+01
2.576000e-05	-4.988257e-03	1.576956e+01
2.577000e-05	-7.481417e-03	1.571905e+01
2.578000e-05	-5.562997e-03	1.571799e+01
2.579000e-05	-5.959840e-03	1.563485e+01
2.580000e-05	-6.278535e-03	1.559269e+01
2.581000e-05	-5.772511e-03	1.556003e+01
2.582000e-05	-4.600681e-03	1.549685e+01
2.583000e-05	-6.339992e-03	1.544422e+01
2.584000e-05	-7.731070e-03	1.536956e+01
2.585000e-05	-4.862398e-03	1.529682e+01
2.586000e-05	-4.730989e-03	1.522316e+01
2.587000e-05	-5.186782e-03	1.509753e+01
2.588000e-05	-7.076362e-03	1.499221e+01
2.589000e-05	-6.065433e-03	1.493603e+01
2.590000e-05	-5.197300e-03	1.482021e+01
2.591000e-05	-7.508524e-03	1.471645e+01
2.592000e-05	-3.849784e-03	1.457108e+01
2.593000e-05	-6.543034e-03	1.450537e+01
2.594000e-05	-2.996875e-03	1.433911e+01
2.595000e-05	-8.918525e-03	1.418222e+01
2.596000e-05	-4.816552e-03	1.408182e+01
2.597000e-05	-8.809923e-03	1.394708e+01
2.598000e-05	-5.001453e-03	1.376813e+01
2.599000e-05	-6.680984e-03	1.361267e+01
2.600000e-05	-4.353500e-03	1.344240e+01
2.601000e-05	-6.367886e-03	1.328647e+01
2.602000e-05	-5.559995e-03	1.311708e+01
2.603000e-05	-6.605540e-03	1.295811e+01
2.604000e-05	-5.056527e-03	1.277927e+01
2.605000e-05	-5.749589e-03	1.259084e+01
2.606000e-05	-5.329225e-03	1.239374e+01
2.607000e-05	-5.664033e-03	1.222239e+01
2.608000e-05	-5.705438e-03	1.209343e+01
2.609000e-05	-6.066839e-03	1.183390e+01
2.610000e-05	-5.374515e-03	1.164327e+01
2.611000e-05	-5.535119e-03	1.141226e+01
2.612000e-05	-4.262139e-03	1.116171e+01
2.613000e-05	-6.131237e-03	1.101034e+01
2.614000e-05	-5.504984e-03	1.074769e+01
2.615000e-05	-5.843915e-03	1.057858e+01
2.616000e-05	-5.304534e-03	1.032558e+01
2.617000e-05	-6.148533e-03	1.010651e+01
2.618000e-05	-5.165037e-03	9.872981e+00
2.619000e-05	-5.444524e-03	9.619846e+00
2.620000e-05	-5.590459e-03	9.390395e+00
2.621000e-05	-6.115488e-03	9.128112e+00
2.622000e-05	-5.460275e-03	8.915633e+00
2.623000e-05	-5.535488e-03	8.671953e+00
2.624000e-05	-5.840051e-03	8.410420e+00
2.625000e-05	-5.878961e-03	8.219323e+00
2.626000e-05	-5.655035e-03	7.905706e+00
2.627000e-05	-5.464062e-03	7.690928e+00
2.628000e-05	-5.405874e-03	7.409818e+00
2.629000e-05	-6.093687e-03	7.114130e+00
2.630000e-05	-5.453736e-03	6.862527e+00
2.631000e-05	-5.881214e-03	6.568343e+00
2.632000e-05	-5.369520e-03	6.322660e+00
2.633000e-05	-5.864247e-03	6.071978e+00
2.634000e-05	-5.060174e-03	5.808266e+00
2.635000e-05	-6.141685e-03	5.473080e+00
2.636000e-05	-5.949361e-03	5.166313e+00
2.637000e-05	-5.692247e-03	4.860402e+00
2.638000e-05	-5.373670e-03	4.577344e+00
2.639000e-05	-5.493937e-03	4.272287e+00
2.640000e-05	-5.094234e-03	3.968947e+00
2.641000e-05	-4.489221e-03	3.725188e+00
2.642000e-05	-5.813207e-03	3.452028e+00
2.643000e-05	-5.681458e-03	3.127264e+00
2.644000e-05	-5.588694e-03	2.860632e+00
2.645000e-05	-5.242485e-03	2.567870e+00
2.646000e-05	-5.999198e-03	2.253033e+00
2.647000e-05	-5.202092e-03	1.977973e+00
2.648000e-05	-4.997946e-03	1.683208e+00
2.649000e-05	-5.036667e-03	1.367848e+00
2.650000e-05	-5.908746e-03	1.041159e+00
2.651000e-05	-4.921357e-03	7.373661e-01
2.652000e-05	-3.357053e-03	5.012105e-01
2.653000e-05	-3.627926e-03	1.969675e-01
2.654000e-05	-4.594838e-04	-6.888823e-02
2.655000e-05	8.955235e-03	-3.479961e-01
2.656000e-05	-8.075114e-03	-6.661775e-01
2.657000e-05	6.096530e-03	-9.483146e-01
2.658000e-05	-7.233147e-03	-1.220978e+00
2.659000e-05	3.975519e-03	-1.546290e+00
2.660000e-05	-3.235988e-03	-1.750422e+00
2.661000e-05	2.817855e-02	-2.032524e+00
2.662000e-05	8.538993e-02	-2.265683e+00
2.663000e-05	-4.047150e-03	-2.634474e+00
2.664000e-05	-8.138518e-02	-3.075000e+00
2.665000e-05	1.043343e-02	-3.390844e+00
2.666000e-05	-4.235747e-02	-3.560919e+00
2.667000e-05	-3.407275e-02	-3.884951e+00
2.668000e-05	-4.308281e-02	-4.095657e+00
2.669000e-05	2.059581e-01	-4.275105e+00
2.670000e-05	-1.844550e-01	-4.570746e+00
2.671000e-05	1.154828e-01	-4.864077e+00
2.672000e-05	8.533750e-03	-5.079238e+00
2.673000e-05	-1.191343e-01	-5.466058e+00
2.674000e-05	1.504268e-01	-5.688762e+00
2.675000e-05	-1.725111e-01	-5.964999e+00
2.676000e-05	1.721347e-01	-6.298206e+00
2.677000e-05	-6.471572e-02	-6.540716e+00
2.678000e-05	-4.442623e-02	-6.869103e+00
2.679000e-05	8.579756e-02	-7.150736e+00
2.680000e-05	-1.306316e-01	-7.485972e+00
2.681000e-05	1.414563e-01	-7.719556e+00
2.682000e-05	-1.246257e-01	-8.012170e+00
2.683000e-05	1.277890e-01	-8.254423e+00
2.684000e-05	-3.983205e-02	-8.488403e+00
2.685000e-05	-4.850770e-02	-8.771186e+00
2.686000e-05	7.740377e-02	-8.992371e+00
2.687000e-05	-8.861002e-02	-9.216425e+00
2.688000e-05	1.016097e-01	-9.498078e+00
2.689000e-05	-1.038615e-01	-9.718007e+00
2.690000e-05	9.247375e-02	-9.920208e+00
2.691000e-05	-5.161493e-02	-1.019271e+01
2.692000e-05	2.535835e-02	-1.039372e+01
2.693000e-05	-1.532953e-02	-1.063338e+01
2.694000e-05	-4.312951e-03	-1.084503e+01
2.695000e-05	3.504542e-02	-1.105690e+01
2.696000e-05	-4.313813e-02	-1.128737e+01
2.697000e-05	4.458139e-02	-1.145856e+01
2.698000e-05	-3.808886e-02	-1.174001e+01
2.699000e-05	3.462201e-02	-1.195008e+01
2.700000e-05	-4.209556e-02	-1.214109e+01
2.701000e-05	3.966700e-02	-1.230016e+01
2.702000e-05	-1.052945e-02	-1.250000e+01
2.703000e-05	1.472754e-02	-1.271756e+01
2.704000e-05	-1.947961e-02	-1.284895e+01
2.705000e-05	8.973778e-03	-1.304640e+01
2.706000e-05	1.075519e-03	-1.316427e+01
2.707000e-05	-4.292328e-03	-1.340364e+01
2.708000e-05	3.815472e-03	-1.355013e+01
2.709000e-05	7.883137e-04	-1.366800e+01
2.710000e-05	8.381958e-03	-1.385637e+01
2.711000e-05	-1.282861e-02	-1.401417e+01
2.712000e-05	9.708846e-03	-1.417963e+01
2.713000e-05	-4.713527e-03	-1.428943e+01
2.714000e-05	8.047660e-03	-1.440479e+01
2.715000e-05	-7.747227e-03	-1.452006e+01
2.716000e-05	9.218994e-03	-1.468693e+01
2.717000e-05	-4.923188e-03	-1.470117e+01
2.718000e-05	-2.950067e-03	-1.490693e+01
2.719000e-05	-9.239942e-04	-1.497221e+01
2.720000e-05	4.556319e-03	-1.509747e+01
2.721000e-05	5.419369e-03	-1.516104e+01
2.722000e-05	-2.566948e-03	-1.523634e+01
2.723000e-05	-3.009732e-04	-1.537000e+01
2.724000e-05	-1.820472e-03	-1.543229e+01
2.725000e-05	8.872944e-04	-1.546696e+01
2.726000e-05	9.082249e-04	-1.553056e+01
2.727000e-05	1.268421e-03	-1.561376e+01
2.728000e-05	-9.471197e-05	-1.567537e+01
2.729000e-05	-1.782667e-03	-1.570943e+01
2.730000e-05	-9.741876e-04	-1.577043e+01
2.731000e-05	-3.033944e-04	-1.577174e+01
2.732000e-05	2.652277e-03	-1.581317e+01
2.733000e-05	1.478032e-03	-1.583536e+01
2.734000e-05	1.041221e-04	-1.589535e+01
2.735000e-05	6.541762e-04	-1.588792e+01
2.736000e-05	-1.027461e-03	-1.591787e+01
2.737000e-05	-2.561793e-03	-1.585530e+01
2.738000e-05	-1.868613e-03	-1.586680e+01
2.739000e-05	2.613369e-03	-1.588682e+01
2.740000e-05	2.030400e-03	-1.582284e+01
2.741000e-05	5.896378e-05	-1.578424e+01
2.742000e-05	-2.071969e-03	-1.577317e+01
2.743000e-05	-9.324476e-04	-1.574953e+01
2.744000e-05	-3.893993e-04	-1.572750e+01
2.745000e-05	-2.726272e-04	-1.565542e+01
2.746000e-05	3.333185e-04	-1.564224e+01
2.747000e-05	1.789784e-04	-1.558109e+01
2.748000e-05	-1.655313e-03	-1.550753e+01
2.749000e-05	-1.495807e-03	-1.540622e+01
2.750000e-05	1.010318e-04	-1.534063e+01
2.751000e-05	-4.005372e-04	-1.527542e+01
2.752000e-05	4.316258e-04	-1.522916e+01
2.753000e-05	9.344189e-05	-1.509850e+01
2.754000e-05	-2.586761e-04	-1.501422e+01
2.755000e-05	-1.889425e-03	-1.494751e+01
2.756000e-05	-1.811472e-03	-1.480322e+01
2.757000e-05	-1.236845e-03	-1.473743e+01
2.758000e-05	-1.082641e-03	-1.461922e+01
2.759000e-05	-5.074315e-04	-1.451440e+01
2.760000e-05	-9.523897e-04	-1.436761e+01
2.761000e-05	-1.801922e-03	-1.423284e+01
2.762000e-05	-1.721210e-03	-1.405545e+01
2.763000e-05	-2.586891e-03	-1.389463e+01
2.764000e-05	-7.547132e-04	-1.373919e+01
2.765000e-05	-1.622022e-03	-1.361164e+01
2.766000e-05	-1.451993e-03	-1.346342e+01
2.767000e-05	-2.443469e-03	-1.328703e+01
2.768000e-05	-1.606541e-03	-1.313863e+01
2.769000e-05	-2.881996e-03	-1.294972e+01
2.770000e-05	-2.024186e-03	-1.284919e+01
2.771000e-05	-2.062945e-03	-1.262034e+01
2.772000e-05	-1.131433e-03	-1.245235e+01
2.773000e-05	-1.428104e-03	-1.226245e+01
2.774000e-05	-1.939063e-03	-1.204395e+01
2.775000e-05	-3.525893e-03	-1.189333e+01
2.776000e-05	-3.106293e-03	-1.163390e+01
2.777000e-05	-2.580734e-03	-1.136772e+01
2.778000e-05	-1.358337e-03	-1.117872e+01
2.779000e-05	-3.057860e-03	-1.094668e+01
2.780000e-05	-2.470568e-03	-1.072916e+01
2.781000e-05	-2.117102e-03	-1.052824e+01
2.782000e-05	-3.124155e-03	-1.027506e+01
2.783000e-05	-2.581231e-03	-1.006398e+01
2.784000e-05	-2.507260e-03	-9.841473e+00
2.785000e-05	-2.009502e-03	-9.660924e+00
2.786000e-05	-2.517109e-03	-9.398867e+00
2.787000e-05	-4.147763e-03	-9.176212e+00
2.788000e-05	-2.577744e-03	-8.925659e+00
2.789000e-05	-2.913930e-03	-8.723476e+00
2.790000e-05	-3.354429e-03	-8.389900e+00
2.791000e-05	-3.420648e-03	-8.158869e+00
2.792000e-05	-3.353958e-03	-7.936107e+00
2.793000e-05	-2.691570e-03	-7.639923e+00
2.794000e-05	-4.736512e-03	-7.366239e+00
2.795000e-05	-3.291997e-03	-7.023498e+00
2.796000e-05	-3.894888e-03	-6.770898e+00
2.797000e-05	-3.486001e-03	-6.536611e+00
2.798000e-05	-4.636512e-03	-6.302582e+00
2.799000e-05	-2.501531e-03	-6.019896e+00
2.800000e-05	-4.950281e-03	-5.766212e+00
2.801000e-05	-3.177424e-03	-5.422077e+00
2.802000e-05	-4.540863e-03	-5.195262e+00
2.803000e-05	-3.500864e-03	-4.858444e+00
2.804000e-05	-4.151520e-03	-4.481186e+00
2.805000e-05	-2.327859e-03	-4.323561e+00
2.806000e-05	-5.161100e-03	-4.009454e+00
2.807000e-05	-3.543550e-03	-3.745562e+00
2.808000e-05	-5.803900e-03	-3.450507e+00
2.809000e-05	-4.435805e-03	-3.145269e+00
2.810000e-05	-5.299450e-03	-2.839480e+00
2.811000e-05	-2.502649e-03	-2.576394e+00
2.812000e-05	-5.048559e-03	-2.280636e+00
2.813000e-05	-4.102776e-03	-1.976944e+00
2.814000e-05	-6.004936e-03	-1.705237e+00
2.815000e-05	-3.124825e-03	-1.417649e+00
2.816000e-05	-4.325595e-03	-1.040655e+00
2.817000e-05	-3.528051e-03	-7.459488e-01
2.818000e-05	-4.230839e-03	-4.510341e-01
2.819000e-05	-4.524531e-03	-2.063988e-01
2.820000e-05	1.900553e-03	9.626060e-02
2.821000e-05	4.106444e-03	4.024538e-01
2.822000e-05	-3.183708e-03	6.240815e-01
2.823000e-05	3.938127e-03	8.872409e-01
2.824000e-05	-4.307323e-03	1.244053e+00
2.825000e-05	1.097496e-03	1.469264e+00
2.826000e-05	-3.507283e-03	1.824978e+00
2.827000e-05	1.658299e-02	2.025081e+00
2.828000e-05	4.067916e-02	2.307788e+00
2.829000e-05	7.848752e-02	2.635627e+00
2.830000e-05	-9.286251e-02	2.981921e+00
2.831000e-05	-1.211510e-02	3.275104e+00
2.832000e-05	-4.216259e-02	3.580267e+00
2.833000e-05	7.947051e-03	3.804471e+00
2.834000e-05	-5.975429e-02	4.005556e+00
2.835000e-05	1.600737e-02	4.296612e+00
2.836000e-05	9.019614e-02	4.571322e+00
2.837000e-05	-8.616483e-02	4.877057e+00
2.838000e-05	2.569746e-02	5.169737e+00
2.839000e-05	8.643749e-02	5.464602e+00
2.840000e-05	-1.420331e-01	5.750189e+00
2.841000e-05	9.253659e-02	6.056099e+00
2.842000e-05	-5.729353e-02	6.278086e+00
2.843000e-05	6.900517e-02	6.530267e+00
2.844000e-05	-3.783308e-02	6.856004e+00
2.845000e-05	-3.188117e-02	7.097157e+00
2.846000e-05	4.081990e-02	7.443894e+00
2.847000e-05	-4.789977e-02	7.707657e+00
2.848000e-05	4.677383e-02	7.972771e+00
2.849000e-05	-5.657766e-02	8.306979e+00
2.850000e-05	6.191292e-02	8.436501e+00
2.851000e-05	-2.100628e-02	8.699580e+00
2.852000e-05	-2.850825e-02	9.011815e+00
2.853000e-05	2.723624e-02	9.222394e+00
2.854000e-05	-3.163971e-02	9.454477e+00
2.855000e-05	2.852630e-02	9.637951e+00
2.856000e-05	-3.476873e-02	9.947135e+00
2.857000e-05	3.294090e-02	1.015073e+01
2.858000e-05	-3.365673e-02	1.036529e+01
2.859000e-05	9.971972e-03	1.060497e+01
2.860000e-05	-1.338194e-02	1.084592e+01
2.861000e-05	6.572185e-03	1.101337e+01
2.862000e-05	1.033685e-03	1.125848e+01
2.863000e-05	-1.551498e-02	1.146535e+01
2.864000e-05	8.544352e-03	1.175955e+01
2.865000e-05	-9.033066e-03	1.187923e+01
2.866000e-05	2.898120e-03	1.209903e+01
2.867000e-05	-2.135867e-02	1.231810e+01
2.868000e-05	1.492466e-02	1.249747e+01
2.869000e-05	-3.182348e-03	1.266598e+01
2.870000e-05	-1.452478e-03	1.281537e+01
2.871000e-05	-1.640525e-02	1.303392e+01
2.872000e-05	-9.342040e-05	1.316476e+01
2.873000e-05	-4.827938e-04	1.333061e+01
2.874000e-05	-7.848136e-03	1.349900e+01
2.875000e-05	-2.156210e-03	1.363740e+01
2.876000e-05	-4.543249e-03	1.380424e+01
2.877000e-05	9.565274e-04	1.394269e+01
2.878000e-05	-1.146633e-02	1.413305e+01
2.879000e-05	4.163604e-04	1.428039e+01
2.880000e-05	-7.289814e-03	1.444482e+01
2.881000e-05	-3.066524e-03	1.457018e+01
2.882000e-05	-6.478205e-03	1.466485e+01
2.883000e-05	-1.757877e-03	1.478221e+01
2.884000e-05	-5.980910e-03	1.490495e+01
2.885000e-05	-9.241767e-03	1.494971e+01
2.886000e-05	-1.356835e-03	1.500733e+01
2.887000e-05	-3.822842e-03	1.514159e+01
2.888000e-05	-1.498794e-03	1.521422e+01
2.889000e-05	-8.896115e-03	1.528850e+01
2.890000e-05	-3.723973e-03	1.538361e+01
2.891000e-05	-6.551320e-03	1.546687e+01
2.892000e-05	-4.317138e-03	1.552006e+01
2.893000e-05	-7.293435e-03	1.557066e+01
2.894000e-05	-6.409898e-03	1.563529e+01
2.895000e-05	-3.421251e-03	1.567542e+01
2.896000e-05	-5.536383e-03	1.572950e+01
2.897000e-05	-6.540027e-03	1.574203e+01
2.898000e-05	-7.288700e-03	1.577119e+01
2.899000e-05	-2.111769e-03	1.578371e+01
2.900000e-05	-4.952853e-03	1.580325e+01
2.901000e-05	-5.617763e-03	1.584279e+01
2.902000e-05	-6.508653e-03	1.585525e+01
2.903000e-05	-6.019565e-03	1.582685e+01
2.904000e-05	-4.811565e-03	1.584629e+01
2.905000e-05	-7.147609e-03	1.583427e+01
2.906000e-05	-4.631917e-03	1.582277e+01
2.907000e-05	-7.494276e-03	1.582066e+01
2.908000e-05	-4.978483e-03	1.575961e+01
2.909000e-05	-6.707035e-03	1.571843e+01
2.910000e-05	-5.358506e-03	1.570493e+01
2.911000e-05	-6.715626e-03	1.563334e+01
2.912000e-05	-6.244553e-03	1.561222e+01
2.913000e-05	-4.954169e-03	1.551951e+01
2.914000e-05	-6.179932e-03	1.547680e+01
2.915000e-05	-6.822602e-03	1.541224e+01
2.916000e-05	-8.347525e-03	1.531801e+01
2.917000e-05	-5.646961e-03	1.525437e+01
2.918000e-05	-5.870407e-03	1.517119e+01
2.919000e-05	-6.344799e-03	1.505642e+01
2.920000e-05	-4.868744e-03	1.500014e+01
2.921000e-05	-7.014599e-03	1.488545e+01
2.922000e-05	-5.144664e-03	1.476021e+01
2.923000e-05	-8.967539e-03	1.465733e+01
2.924000e-05	-4.061399e-03	1.454764e+01
2.925000e-05	-7.010867e-03	1.441517e+01
2.926000e-05	-3.581258e-03	1.431705e+01
2.927000e-05	-7.913537e-03	1.414916e+01
2.928000e-05	-4.834746e-03	1.402329e+01
2.929000e-05	-6.955907e-03	1.389595e+01
2.930000e-05	-5.657386e-03	1.370655e+01
2.931000e-05	-6.995164e-03	1.353051e+01
2.932000e-05	-5.729586e-03	1.337967e+01
2.933000e-05	-5.501433e-03	1.326380e+01
2.934000e-05	-6.474327e-03	1.308693e+01
2.935000e-05	-6.596093e-03	1.291556e+01
2.936000e-05	-5.147641e-03	1.274656e+01
2.937000e-05	-5.305261e-03	1.257974e+01
2.938000e-05	-6.893637e-03	1.239869e+01
2.939000e-05	-6.394774e-03	1.219224e+01
2.940000e-05	-5.436724e-03	1.198990e+01
2.941000e-05	-5.635556e-03	1.178979e+01
2.942000e-05	-6.825289e-03	1.157979e+01
2.943000e-05	-6.501006e-03	1.135662e+01
2.944000e-05	-4.974894e-03	1.115608e+01
2.945000e-05	-6.613266e-03	1.093764e+01
2.946000e-05	-5.789274e-03	1.072611e+01
2.947000e-05	-5.867340e-03	1.051601e+01
2.948000e-05	-5.332273e-03	1.027345e+01
2.949000e-05	-6.639027e-03	1.008190e+01
2.950000e-05	-6.043327e-03	9.831319e+00
2.951000e-05	-5.138272e-03	9.549186e+00
2.952000e-05	-5.909960e-03	9.336736e+00
2.953000e-05	-5.803974e-03	9.126054e+00
2.954000e-05	-5.857764e-03	8.844047e+00
2.955000e-05	-4.570296e-03	8.630894e+00
2.956000e-05	-5.979836e-03	8.397313e+00
2.957000e-05	-5.869560e-03	8.125559e+00
2.958000e-05	-5.962475e-03	7.861971e+00
2.959000e-05	-5.769233e-03	7.529296e+00
2.960000e-05	-5.929677e-03	7.314587e+00
2.961000e-05	-5.564153e-03	7.050450e+00
2.962000e-05	-5.258435e-03	6.779845e+00
2.963000e-05	-5.556461e-03	6.492055e+00
2.964000e-05	-5.458416e-03	6.240429e+00
2.965000e-05	-5.661588e-03	5.969891e+00
2.966000e-05	-5.573873e-03	5.684659e+00
2.967000e-05	-5.488102e-03	5.421975e+00
2.968000e-05	-5.312271e-03	5.144737e+00
2.969000e-05	-5.445475e-03	4.747891e+00
2.970000e-05	-5.692948e-03	4.505260e+00
2.971000e-05	-5.678258e-03	4.248927e+00
2.972000e-05	-6.069108e-03	3.925213e+00
2.973000e-05	-5.767998e-03	3.651054e+00
2.974000e-05	-5.773427e-03	3.385339e+00
2.975000e-05	-4.732385e-03	3.072631e+00
2.976000e-05	-5.056018e-03	2.809524e+00
2.977000e-05	-5.463179e-03	2.482185e+00
2.978000e-05	-6.065686e-03	2.218496e+00
2.979000e-05	-5.153177e-03	1.944792e+00
2.980000e-05	-5.078970e-03	1.629128e+00
2.981000e-05	-5.377628e-03	1.304313e+00
2.982000e-05	-5.347849e-03	1.046069e+00
2.983000e-05	-4.330071e-03	6.916609e-01
2.984000e-05	-4.368578e-03	4.089790e-01
2.985000e-05	-3.468410e-03	5.223570e-02
2.986000e-05	2.428373e-03	-1.604961e-01
2.987000e-05	6.710991e-03	-4.151539e-01
2.988000e-05	-5.335454e-03	-7.478870e-01
2.989000e-05	3.233639e-03	-9.924223e-01
2.990000e-05	-6.077299e-03	-1.280763e+00
2.991000e-05	1.529704e-03	-1.571501e+00
2.992000e-05	2.595400e-03	-1.844053e+00
2.993000e-05	3.268490e-02	-2.034654e+00
2.994000e-05	1.036104e-01	-2.321340e+00
2.995000e-05	-6.709455e-02	-2.690317e+00
2.996000e-05	-3.030384e-02	-3.129216e+00
2.997000e-05	-2.452177e-02	-3.463448e+00
2.998000e-05	-1.586517e-02	-3.613575e+00
2.999000e-05	-7.915774e-02	-3.917136e+00
3.000000e-05	5.263735e-02	-4.108763e+00
3.001000e-05	1.450224e-01	-4.337762e+00
3.002000e-05	-2.047329e-01	-4.636473e+00
3.003000e-05	1.919063e-01	-4.907656e+00
3.004000e-05	-1.105238e-01	-5.215448e+00
3.005000e-05	-9.728920e-04	-5.532821e+00
3.006000e-05	6.974753e-02	-5.779842e+00
3.007000e-05	-1.269944e-01	-6.090133e+00
3.008000e-05	1.926356e-01	-6.382745e+00
3.009000e-05	-1.435737e-01	-6.624399e+00
3.010000e-05	4.876233e-02	-6.940215e+00
3.011000e-05	5.070210e-03	-7.183369e+00
3.012000e-05	-7.300315e-02	-7.517609e+00
3.013000e-05	1.165649e-01	-7.803259e+00
3.014000e-05	-1.311483e-01	-8.045974e+00
3.015000e-05	1.771057e-01	-8.306586e+00
3.016000e-05	-1.312308e-01	-8.522180e+00
3.017000e-05	4.286990e-02	-8.844294e+00
3.018000e-05	3.098408e-03	-9.074973e+00
3.019000e-05	-3.202103e-02	-9.269498e+00
3.020000e-05	6.735626e-02	-9.530183e+00
3.021000e-05	-8.966885e-02	-9.742195e+00
3.022000e-05	1.055862e-01	-9.951242e+00
3.023000e-05	-8.677908e-02	-1.022585e+01
3.024000e-05	6.183932e-02	-1.048590e+01
3.025000e-05	-5.820929e-02	-1.066703e+01
3.026000e-05	4.428035e-02	-1.089008e+01
3.027000e-05	-6.994057e-03	-1.108960e+01
3.028000e-05	-9.305340e-03	-1.136901e+01
3.029000e-05	2.119904e-02	-1.154163e+01
3.030000e-05	-2.482505e-02	-1.182374e+01
3.031000e-05	2.246986e-02	-1.201379e+01
3.032000e-05	-3.807537e-02	-1.218276e+01
3.033000e-05	4.626813e-02	-1.235026e+01
3.034000e-05	-1.968827e-02	-1.257163e+01
3.035000e-05	2.108675e-02	-1.278106e+01
3.036000e-05	-2.799096e-02	-1.295948e+01
3.037000e-05	2.010755e-02	-1.307648e+01
3.038000e-05	-1.169561e-02	-1.325635e+01
3.039000e-05	5.735086e-03	-1.343437e+01
3.040000e-05	-1.884210e-03	-1.357109e+01
3.041000e-05	8.683350e-03	-1.374098e+01
3.042000e-05	-7.358099e-04	-1.387840e+01
3.043000e-05	-6.678382e-03	-1.407587e+01
3.044000e-05	5.745835e-03	-1.420266e+01
3.045000e-05	-1.086044e-03	-1.433115e+01
3.046000e-05	3.801086e-03	-1.444587e+01
3.047000e-05	-3.793418e-03	-1.460071e+01
3.048000e-05	7.878042e-03	-1.468703e+01
3.049000e-05	-5.564651e-03	-1.479177e+01
3.050000e-05	-1.349301e-03	-1.493997e+01
3.051000e-05	-1.583726e-03	-1.502411e+01
3.052000e-05	5.018262e-03	-1.513855e+01
3.053000e-05	1.793400e-03	-1.517209e+01
3.054000e-05	-7.506588e-04	-1.524777e+01
3.055000e-05	-1.005517e-04	-1.536009e+01
3.056000e-05	-9.369205e-04	-1.545387e+01
3.057000e-05	1.880038e-04	-1.546798e+01
3.058000e-05	1.202441e-03	-1.551064e+01
3.059000e-05	9.014912e-04	-1.564381e+01
3.060000e-05	1.724851e-03	-1.567642e+01
3.061000e-05	-1.484879e-03	-1.572795e+01
3.062000e-05	-9.839877e-04	-1.574001e+01
3.063000e-05	1.871975e-04	-1.580269e+01
3.064000e-05	2.353850e-03	-1.574414e+01
3.065000e-05	-3.073491e-04	-1.587482e+01
3.066000e-05	-9.317464e-04	-1.590632e+01
3.067000e-05	2.030040e-04	-1.585688e+01
3.068000e-05	1.071464e-04	-1.589840e+01
3.069000e-05	-2.336043e-03	-1.588735e+01
3.070000e-05	-1.625636e-03	-1.586734e+01
3.071000e-05	1.899057e-03	-1.589582e+01
3.072000e-05	6.186182e-04	-1.582572e+01
3.073000e-05	-7.479715e-04	-1.580172e+01
3.074000e-05	-1.535680e-03	-1.575221e+01
3.075000e-05	4.521093e-04	-1.576951e+01
3.076000e-05	-1.617456e-03	-1.568795e+01
3.077000e-05	-6.938742e-04	-1.564487e+01
3.078000e-05	1.347208e-03	-1.559127e+01
3.079000e-05	7.127486e-04	-1.556116e+01
3.080000e-05	-1.705509e-03	-1.550655e+01
3.081000e-05	-1.810039e-03	-1.543384e+01
3.082000e-05	-1.234387e-04	-1.530853e+01
3.083000e-05	-3.442148e-04	-1.528582e+01
3.084000e-05	-1.018277e-03	-1.517964e+01
3.085000e-05	-1.007781e-04	-1.509745e+01
3.086000e-05	5.433561e-04	-1.499182e+01
3.087000e-05	-2.105488e-03	-1.491548e+01
3.088000e-05	-2.584705e-03	-1.478324e+01
3.089000e-05	-1.197368e-03	-1.466545e+01
3.090000e-05	-3.816086e-04	-1.456716e+01
3.091000e-05	-2.219427e-04	-1.445284e+01
3.092000e-05	-9.518887e-04	-1.431795e+01
3.093000e-05	-1.064876e-03	-1.419959e+01
3.094000e-05	-2.049812e-03	-1.398477e+01
3.095000e-05	-1.992378e-03	-1.387492e+01
3.096000e-05	-9.589360e-04	-1.373756e+01
3.097000e-05	-9.530706e-04	-1.359061e+01
3.098000e-05	-1.926459e-03	-1.341127e+01
3.099000e-05	-1.504047e-03	-1.324397e+01
3.100000e-05	-2.078523e-03	-1.310355e+01
3.101000e-05	-1.999470e-03	-1.291769e+01
3.102000e-05	-1.147479e-03	-1.274816e+01
3.103000e-05	-1.563829e-03	-1.260111e+01
3.104000e-05	-1.768201e-03	-1.240184e+01
3.105000e-05	-1.964575e-03	-1.223087e+01
3.106000e-05	-2.721274e-03	-1.202979e+01
3.107000e-05	-2.838389e-03	-1.183174e+01
3.108000e-05	-2.823730e-03	-1.157021e+01
3.109000e-05	-1.850743e-03	-1.133066e+01
3.110000e-05	-2.200014e-03	-1.111752e+01
3.111000e-05	-2.745920e-03	-1.089453e+01
3.112000e-05	-2.544800e-03	-1.071508e+01
3.113000e-05	-2.446308e-03	-1.047551e+01
3.114000e-05	-2.352096e-03	-1.024346e+01
3.115000e-05	-3.236643e-03	-1.004237e+01
3.116000e-05	-2.315849e-03	-9.810364e+00
3.117000e-05	-2.836920e-03	-9.580272e+00
3.118000e-05	-3.157492e-03	-9.355614e+00
3.119000e-05	-3.182552e-03	-9.124583e+00
3.120000e-05	-2.871279e-03	-8.922997e+00
3.121000e-05	-2.803861e-03	-8.611422e+00
3.122000e-05	-2.697047e-03	-8.357719e+00
3.123000e-05	-2.731916e-03	-8.114709e+00
3.124000e-05	-2.996885e-03	-7.869473e+00
3.125000e-05	-2.812707e-03	-7.577790e+00
3.126000e-05	-3.567326e-03	-7.324477e+00
3.127000e-05	-3.563288e-03	-7.020974e+00
3.128000e-05	-4.744264e-03	-6.714716e+00
3.129000e-05	-3.570569e-03	-6.512634e+00
3.130000e-05	-4.891932e-03	-6.180470e+00
3.131000e-05	-2.933495e-03	-5.936741e+00
3.132000e-05	-5.390438e-03	-5.651032e+00
3.133000e-05	-2.095058e-03	-5.358812e+00
3.134000e-05	-4.801992e-03	-5.062583e+00
3.135000e-05	-2.669119e-03	-4.715137e+00
3.136000e-05	-5.537470e-03	-4.473079e+00
3.137000e-05	-3.387544e-03	-4.229322e+00
3.138000e-05	-5.398044e-03	-3.945267e+00
3.139000e-05	-4.544499e-03	-3.661500e+00
3.140000e-05	-5.433136e-03	-3.346866e+00
3.141000e-05	-4.766279e-03	-3.101583e+00
3.142000e-05	-4.353097e-03	-2.767394e+00
3.143000e-05	-3.964247e-03	-2.503637e+00
3.144000e-05	-3.897382e-03	-2.156521e+00
3.145000e-05	-4.451924e-03	-1.892713e+00
3.146000e-05	-5.011258e-03	-1.630054e+00
3.147000e-05	-5.544189e-03	-1.271686e+00
3.148000e-05	-4.703040e-03	-1.007423e+00
3.149000e-05	-5.437731e-03	-7.233896e-01
3.150000e-05	-3.169612e-03	-3.979724e-01
3.151000e-05	-3.923450e-03	-1.143432e-01
3.152000e-05	6.867961e-03	1.219697e-01
3.153000e-05	-1.893414e-03	4.551304e-01
3.154000e-05	7.333716e-04	7.272883e-01
3.155000e-05	2.908046e-04	9.614225e-01
3.156000e-05	-1.522758e-03	1.287183e+00
3.157000e-05	-2.996125e-03	1.572602e+00
3.158000e-05	4.451865e-03	1.876114e+00
3.159000e-05	1.298354e-02	2.087285e+00
3.160000e-05	6.569252e-02	2.372340e+00
3.161000e-05	3.615882e-02	2.730266e+00
3.162000e-05	-8.867550e-02	3.033030e+00
3.163000e-05	-9.510154e-03	3.309266e+00
3.164000e-05	-3.520571e-02	3.624977e+00
3.165000e-05	7.377962e-04	3.906182e+00
3.166000e-05	-5.347106e-02	4.067711e+00
3.167000e-05	3.742711e-02	4.369345e+00
3.168000e-05	8.355878e-02	4.656028e+00
3.169000e-05	-1.389919e-01	4.889737e+00
3.170000e-05	1.258178e-01	5.213948e+00
3.171000e-05	-2.944387e-02	5.549683e+00
3.172000e-05	-6.550803e-02	5.824500e+00
3.173000e-05	5.755544e-02	6.110134e+00
3.174000e-05	-3.292975e-02	6.350817e+00
3.175000e-05	6.741019e-02	6.624895e+00
3.176000e-05	-6.530518e-02	6.939686e+00
3.177000e-05	3.845026e-03	7.202990e+00
3.178000e-05	9.223442e-03	7.496054e+00
3.179000e-05	-2.606322e-02	7.730269e+00
3.180000e-05	2.866844e-02	8.057424e+00
3.181000e-05	-4.349646e-02	8.298587e+00
3.182000e-05	6.758120e-02	8.531687e+00
3.183000e-05	-4.465226e-02	8.751240e+00
3.184000e-05	-2.051886e-03	9.064500e+00
3.185000e-05	1.424044e-02	9.295576e+00
3.186000e-05	-2.563036e-02	9.477056e+00
3.187000e-05	2.199287e-02	9.740659e+00
3.188000e-05	-3.032739e-02	9.980739e+00
3.189000e-05	3.259135e-02	1.022340e+01
3.190000e-05	-3.966591e-02	1.039437e+01
3.191000e-05	1.565190e-02	1.065706e+01
3.192000e-05	-1.736602e-02	1.086702e+01
3.193000e-05	1.213125e-02	1.110748e+01
3.194000e-05	-4.048569e-03	1.130898e+01
3.195000e-05	-1.263081e-02	1.154066e+01
3.196000e-05	9.821440e-03	1.173369e+01
3.197000e-05	-1.261338e-02	1.195164e+01
3.198000e-05	9.415113e-04	1.213269e+01
3.199000e-05	-1.945445e-02	1.234109e+01
3.200000e-05	1.803444e-02	1.252913e+01
3.201000e-05	-5.685967e-03	1.271756e+01
3.202000e-05	-4.503027e-03	1.286745e+01
3.203000e-05	-1.245748e-02	1.302645e+01
3.204000e-05	4.985993e-04	1.323584e+01
3.205000e-05	-1.080535e-03	1.341271e+01
3.206000e-05	-1.053946e-02	1.351058e+01
3.207000e-05	2.675723e-04	1.369047e+01
3.208000e-05	-4.863106e-03	1.386582e+01
3.209000e-05	3.520683e-04	1.397324e+01
3.210000e-05	-1.111173e-02	1.415113e+01
3.211000e-05	-2.554365e-04	1.440055e+01
3.212000e-05	-4.916186e-03	1.443482e+01
3.213000e-05	-3.853264e-03	1.460163e+01
3.214000e-05	-4.050355e-03	1.467600e+01
3.215000e-05	-5.006405e-03	1.480422e+01
3.216000e-05	-6.471909e-03	1.487845e+01
3.217000e-05	-1.078084e-02	1.496121e+01
3.218000e-05	-1.032012e-03	1.509940e+01
3.219000e-05	-3.833136e-03	1.515258e+01
3.220000e-05	-2.723025e-03	1.526424e+01
3.221000e-05	-6.373543e-03	1.530898e+01
3.222000e-05	-4.170614e-03	1.540422e+01
3.223000e-05	-4.764640e-03	1.545635e+01
3.224000e-05	-6.978799e-03	1.553958e+01
3.225000e-05	-5.560044e-03	1.559421e+01
3.226000e-05	-6.124700e-03	1.563434e+01
3.227000e-05	-3.076664e-03	1.567742e+01
3.228000e-05	-8.014225e-03	1.572851e+01
3.229000e-05	-6.046935e-03	1.577153e+01
3.230000e-05	-6.355773e-03	1.579018e+01
3.231000e-05	-2.777851e-03	1.579276e+01
3.232000e-05	-5.423399e-03	1.582487e+01
3.233000e-05	-6.677469e-03	1.585637e+01
3.234000e-05	-4.649743e-03	1.585337e+01
3.235000e-05	-6.913084e-03	1.586492e+01
3.236000e-05	-5.814753e-03	1.587335e+01
3.237000e-05	-7.652333e-03	1.582532e+01
3.238000e-05	-3.994036e-03	1.581322e+01
3.239000e-05	-5.673967e-03	1.577216e+01
3.240000e-05	-5.830725e-03	1.577960e+01
3.241000e-05	-5.987040e-03	1.573708e+01
3.242000e-05	-5.293524e-03	1.565345e+01
3.243000e-05	-6.221085e-03	1.563332e+01
3.244000e-05	-7.058883e-03	1.561011e+01
3.245000e-05	-4.131831e-03	1.552793e+01
3.246000e-05	-6.405617e-03	1.548689e+01
3.247000e-05	-5.757315e-03	1.538169e+01
3.248000e-05	-6.324563e-03	1.531800e+01
3.249000e-05	-5.793162e-03	1.521327e+01
3.250000e-05	-5.674179e-03	1.514953e+01
3.251000e-05	-6.560123e-03	1.505492e+01
3.252000e-05	-4.603871e-03	1.492909e+01
3.253000e-05	-6.856197e-03	1.480480e+01
3.254000e-05	-5.555210e-03	1.478809e+01
3.255000e-05	-8.063662e-03	1.464442e+01
3.256000e-05	-5.432551e-03	1.452700e+01
3.257000e-05	-5.552824e-03	1.441164e+01
3.258000e-05	-4.575093e-03	1.429547e+01
3.259000e-05	-5.971095e-03	1.410908e+01
3.260000e-05	-6.709055e-03	1.400914e+01
3.261000e-05	-5.875059e-03	1.383425e+01
3.262000e-05	-6.123594e-03	1.366550e+01
3.263000e-05	-5.958264e-03	1.351808e+01
3.264000e-05	-7.240786e-03	1.338811e+01
3.265000e-05	-5.060457e-03	1.320874e+01
3.266000e-05	-6.460046e-03	1.300332e+01
3.267000e-05	-5.011494e-03	1.284392e+01
3.268000e-05	-6.922852e-03	1.266600e+01
3.269000e-05	-5.403232e-03	1.254613e+01
3.270000e-05	-6.202769e-03	1.236763e+01
3.271000e-05	-6.160724e-03	1.216762e+01
3.272000e-05	-5.712208e-03	1.196756e+01
3.273000e-05	-6.020067e-03	1.177716e+01
3.274000e-05	-6.269163e-03	1.150601e+01
3.275000e-05	-5.815982e-03	1.129508e+01
3.276000e-05	-5.295444e-03	1.106450e+01
3.277000e-05	-5.741286e-03	1.091506e+01
3.278000e-05	-5.980267e-03	1.065448e+01
3.279000e-05	-5.795063e-03	1.044393e+01
3.280000e-05	-6.315962e-03	1.021992e+01
3.281000e-05	-6.049862e-03	9.978219e+00
3.282000e-05	-6.610765e-03	9.756266e+00
3.283000e-05	-5.388708e-03	9.495030e+00
3.284000e-05	-5.369988e-03	9.284081e+00
3.285000e-05	-5.385061e-03	9.042475e+00
3.286000e-05	-5.991291e-03	8.800266e+00
3.287000e-05	-5.314236e-03	8.579317e+00
3.288000e-05	-6.179197e-03	8.324137e+00
3.289000e-05	-6.110052e-03	8.071502e+00
3.290000e-05	-6.380246e-03	7.789816e+00
3.291000e-05	-5.459543e-03	7.516109e+00
3.292000e-05	-6.486021e-03	7.241422e+00
3.293000e-05	-6.320541e-03	6.967291e+00
3.294000e-05	-5.568959e-03	6.715658e+00
3.295000e-05	-5.389261e-03	6.430427e+00
3.296000e-05	-5.164257e-03	6.168342e+00
3.297000e-05	-4.414776e-03	5.914167e+00
3.298000e-05	-5.553208e-03	5.599896e+00
3.299000e-05	-5.785948e-03	5.368265e+00
3.300000e-05	-5.584257e-03	5.058320e+00
3.301000e-05	-7.788483e-03	4.683611e+00
3.302000e-05	-4.472751e-03	4.461575e+00
3.303000e-05	-7.528719e-03	4.139439e+00
3.304000e-05	-2.654223e-03	3.861625e+00
3.305000e-05	-6.782933e-03	3.608471e+00
3.306000e-05	-3.787887e-03	3.292538e+00
3.307000e-05	-5.469721e-03	3.049450e+00
3.308000e-05	-5.894195e-03	2.776867e+00
3.309000e-05	-5.663221e-03	2.401452e+00
3.310000e-05	-6.868200e-03	2.104216e+00
3.311000e-05	-5.077645e-03	1.870135e+00
3.312000e-05	-5.392972e-03	1.564850e+00
3.313000e-05	-4.656194e-03	1.260608e+00
3.314000e-05	-3.846581e-03	8.928108e-01
3.315000e-05	-4.439117e-03	6.395250e-01
3.316000e-05	-4.209530e-03	3.452923e-01
3.317000e-05	-2.898869e-03	1.015901e-02
3.318000e-05	6.371822e-03	-2.536040e-01
3.319000e-05	6.404031e-04	-5.252367e-01
3.320000e-05	-1.842005e-03	-7.810526e-01
3.321000e-05	-6.397089e-04	-1.056185e+00
3.322000e-05	-1.163546e-03	-1.342397e+00
3.323000e-05	-2.115611e-03	-1.633605e+00
3.324000e-05	1.222525e-02	-1.906212e+00
3.325000e-05	4.061700e-02	-2.117261e+00
3.326000e-05	1.003894e-01	-2.455179e+00
3.327000e-05	-1.116120e-01	-2.795524e+00
3.328000e-05	1.316009e-02	-3.214048e+00
3.329000e-05	-5.489271e-02	-3.466708e+00
3.330000e-05	4.217010e-03	-3.688208e+00
3.331000e-05	-1.124724e-01	-3.981940e+00
3.332000e-05	1.427286e-01	-4.149317e+00
3.333000e-05	2.379799e-02	-4.372818e+00
3.334000e-05	-1.405136e-01	-4.736612e+00
3.335000e-05	2.137377e-01	-4.960818e+00
3.336000e-05	-1.818133e-01	-5.299133e+00
3.337000e-05	1.075813e-01	-5.622971e+00
3.338000e-05	-4.581284e-02	-5.835508e+00
3.339000e-05	-2.757308e-02	-6.181818e+00
3.340000e-05	1.503101e-01	-6.414821e+00
3.341000e-05	-1.682338e-01	-6.687687e+00
3.342000e-05	1.126805e-01	-7.014342e+00
3.343000e-05	-8.080032e-02	-7.299999e+00
3.344000e-05	1.880521e-02	-7.542294e+00
3.345000e-05	4.519620e-02	-7.844949e+00
3.346000e-05	-7.462337e-02	-8.120188e+00
3.347000e-05	1.581929e-01	-8.341311e+00
3.348000e-05	-1.700571e-01	-8.635790e+00
3.349000e-05	1.082271e-01	-8.906574e+00
3.350000e-05	-6.824714e-02	-9.108611e+00
3.351000e-05	3.891323e-02	-9.361187e+00
3.352000e-05	2.559115e-03	-9.570243e+00
3.353000e-05	-3.493661e-02	-9.822349e+00
3.354000e-05	7.501024e-02	-9.996395e+00
3.355000e-05	-7.948219e-02	-1.030805e+01
3.356000e-05	6.630739e-02	-1.048868e+01
3.357000e-05	-7.298359e-02	-1.073010e+01
3.358000e-05	7.301022e-02	-1.093961e+01
3.359000e-05	-4.449237e-02	-1.116276e+01
3.360000e-05	2.526283e-02	-1.138319e+01
3.361000e-05	-9.427394e-03	-1.159677e+01
3.362000e-05	6.603209e-04	-1.185484e+01
3.363000e-05	-1.704461e-03	-1.204427e+01
3.364000e-05	-1.610040e-02	-1.224529e+01
3.365000e-05	3.510174e-02	-1.239284e+01
3.366000e-05	-1.610320e-02	-1.264530e+01
3.367000e-05	1.471338e-02	-1.281222e+01
3.368000e-05	-2.521954e-02	-1.298021e+01
3.369000e-05	2.152853e-02	-1.311861e+01
3.370000e-05	-1.673548e-02	-1.327790e+01
3.371000e-05	1.101452e-02	-1.346640e+01
3.372000e-05	-4.605254e-03	-1.359374e+01
3.373000e-05	1.387876e-02	-1.377118e+01
3.374000e-05	-8.362599e-03	-1.390998e+01
3.375000e-05	4.878519e-04	-1.408935e+01
3.376000e-05	1.313735e-03	-1.421426e+01
3.377000e-05	2.886942e-03	-1.438108e+01
3.378000e-05	-1.571884e-03	-1.447692e+01
3.379000e-05	1.234844e-03	-1.464274e+01
3.380000e-05	4.328953e-03	-1.469713e+01
3.381000e-05	-4.800525e-03	-1.480484e+01
3.382000e-05	-3.144197e-03	-1.493951e+01
3.383000e-05	1.836752e-04	-1.505477e+01
3.384000e-05	6.976631e-03	-1.515848e+01
3.385000e-05	1.514711e-03	-1.521274e+01
3.386000e-05	-7.475487e-04	-1.530835e+01
3.387000e-05	-1.193410e-03	-1.538160e+01
3.388000e-05	7.421146e-05	-1.543485e+01
3.389000e-05	9.768604e-04	-1.547848e+01
3.390000e-05	1.443427e-03	-1.557214e+01
3.391000e-05	1.819294e-04	-1.561427e+01
3.392000e-05	8.747689e-04	-1.567645e+01
3.393000e-05	-1.494406e-03	-1.571648e+01
3.394000e-05	-6.621073e-04	-1.576308e+01
3.395000e-05	4.526565e-04	-1.577569e+01
3.396000e-05	1.565794e-03	-1.582717e+01
3.397000e-05	-3.013779e-04	-1.581635e+01
3.398000e-05	-4.249898e-04	-1.584737e+01
3.399000e-05	1.303706e-03	-1.587787e+01
3.400000e-05	-1.214728e-03	-1.588842e+01
3.401000e-05	-1.984698e-03	-1.584735e+01
3.402000e-05	-1.599059e-03	-1.587735e+01
3.403000e-05	2.511214e-03	-1.585732e+01
3.404000e-05	2.803088e-04	-1.580472e+01
3.405000e-05	-5.205458e-04	-1.579319e+01
3.406000e-05	-6.456914e-04	-1.576006e+01
3.407000e-05	-6.293656e-05	-1.573013e+01
3.408000e-05	-1.218189e-03	-1.569387e+01
3.409000e-05	-4.621996e-04	-1.566479e+01
3.410000e-05	2.287843e-03	-1.559219e+01
3.411000e-05	-4.946045e-04	-1.552908e+01
3.412000e-05	-1.269721e-03	-1.547542e+01
3.413000e-05	-1.959958e-03	-1.541164e+01
3.414000e-05	1.224448e-04	-1.532797e+01
3.415000e-05	-1.698359e-03	-1.522384e+01
3.416000e-05	-8.425252e-04	-1.519111e+01
3.417000e-05	6.006836e-04	-1.506637e+01
3.418000e-05	1.301068e-04	-1.499069e+01
3.419000e-05	-2.092943e-03	-1.490295e+01
3.420000e-05	-2.289955e-03	-1.479021e+01
3.421000e-05	1.633716e-05	-1.468039e+01
3.422000e-05	-6.897615e-04	-1.455798e+01
3.423000e-05	-5.184553e-04	-1.441182e+01
3.424000e-05	-6.517961e-04	-1.429493e+01
3.425000e-05	-5.628080e-04	-1.416861e+01
3.426000e-05	-1.941669e-03	-1.399161e+01
3.427000e-05	-2.172768e-03	-1.388218e+01
3.428000e-05	-1.528204e-03	-1.368655e+01
3.429000e-05	-1.000380e-03	-1.354766e+01
3.430000e-05	-2.040657e-03	-1.336014e+01
3.431000e-05	-1.869773e-03	-1.322227e+01
3.432000e-05	-1.299761e-03	-1.309299e+01
3.433000e-05	-1.903296e-03	-1.291305e+01
3.434000e-05	-1.893204e-03	-1.272698e+01
3.435000e-05	-1.555485e-03	-1.253708e+01
3.436000e-05	-1.004522e-03	-1.233911e+01
3.437000e-05	-2.024909e-03	-1.219814e+01
3.438000e-05	-2.872975e-03	-1.195874e+01
3.439000e-05	-2.846856e-03	-1.178711e+01
3.440000e-05	-1.810551e-03	-1.150606e+01
3.441000e-05	-2.074669e-03	-1.131496e+01
3.442000e-05	-2.308760e-03	-1.106330e+01
3.443000e-05	-2.840622e-03	-1.087292e+01
3.444000e-05	-2.161297e-03	-1.065400e+01
3.445000e-05	-3.292443e-03	-1.046037e+01
3.446000e-05	-3.589902e-03	-1.020779e+01
3.447000e-05	-2.705552e-03	-9.977717e+00
3.448000e-05	-2.407071e-03	-9.737815e+00
3.449000e-05	-3.052145e-03	-9.525684e+00
3.450000e-05	-2.207425e-03	-9.283928e+00
3.451000e-05	-3.701660e-03	-9.061372e+00
3.452000e-05	-3.510157e-03	-8.851793e+00
3.453000e-05	-3.563163e-03	-8.558216e+00
3.454000e-05	-2.846234e-03	-8.273108e+00
3.455000e-05	-1.635992e-03	-8.073079e+00
3.456000e-05	-2.650134e-03	-7.797294e+00
3.457000e-05	-5.360188e-03	-7.474036e+00
3.458000e-05	-3.836863e-03	-7.221324e+00
3.459000e-05	-4.257106e-03	-7.006744e+00
3.460000e-05	-2.459462e-03	-6.694032e+00
3.461000e-05	-4.540619e-03	-6.451451e+00
3.462000e-05	-2.379976e-03	-6.158341e+00
3.463000e-05	-3.420900e-03	-5.873057e+00
3.464000e-05	-3.724113e-03	-5.618919e+00
3.465000e-05	-3.089362e-03	-5.335105e+00
3.466000e-05	-4.722868e-03	-4.998817e+00
3.467000e-05	-3.378416e-03	-4.672133e+00
3.468000e-05	-3.496391e-03	-4.398474e+00
3.469000e-05	-2.247156e-03	-4.176362e+00
3.470000e-05	-4.722125e-03	-3.902631e+00
3.471000e-05	-5.222552e-03	-3.575895e+00
3.472000e-05	-4.977048e-03	-3.275737e+00
3.473000e-05	-4.877760e-03	-2.999623e+00
3.474000e-05	-3.766080e-03	-2.693741e+00
3.475000e-05	-5.148938e-03	-2.461030e+00
3.476000e-05	-3.104739e-03	-2.154793e+00
3.477000e-05	-5.069468e-03	-1.860654e+00
3.478000e-05	-4.200762e-03	-1.575896e+00
3.479000e-05	-6.229536e-03	-1.238579e+00
3.480000e-05	-3.783724e-03	-8.853408e-01
3.481000e-05	-4.948385e-03	-6.069814e-01
3.482000e-05	-2.252267e-03	-3.543160e-01
3.483000e-05	-3.671975e-03	-5.010795e-02
3.484000e-05	1.002239e-02	2.346831e-01
3.485000e-05	-6.487799e-03	5.067633e-01
3.486000e-05	5.626637e-03	7.804962e-01
3.487000e-05	-4.089718e-03	1.065682e+00
3.488000e-05	2.253325e-03	1.369343e+00
3.489000e-05	-8.222082e-03	1.696314e+00
3.490000e-05	1.275155e-02	1.929715e+00
3.491000e-05	1.535986e-02	2.150416e+00
3.492000e-05	8.789398e-02	2.446757e+00
3.493000e-05	-1.458161e-02	2.784073e+00
3.494000e-05	-6.588394e-02	3.117712e+00
3.495000e-05	-1.875696e-02	3.364394e+00
3.496000e-05	-1.936333e-02	3.647136e+00
3.497000e-05	-2.163218e-02	3.947291e+00
3.498000e-05	-3.513397e-02	4.141845e+00
3.499000e-05	5.846674e-02	4.423573e+00
3.500000e-05	5.568401e-02	4.710257e+00
3.501000e-05	-1.424519e-01	5.014527e+00
3.502000e-05	1.863878e-01	5.311185e+00
3.503000e-05	-1.290528e-01	5.553369e+00
3.504000e-05	2.350430e-02	5.887155e+00
3.505000e-05	1.937595e-03	6.162389e+00
3.506000e-05	4.120125e-03	6.384446e+00
3.507000e-05	4.014833e-02	6.700635e+00
3.508000e-05	-7.548139e-02	6.992847e+00
3.509000e-05	3.783302e-02	7.288074e+00
3.510000e-05	-2.126680e-02	7.521240e+00
3.511000e-05	9.551353e-03	7.807947e+00
3.512000e-05	-6.910929e-03	8.119131e+00
3.513000e-05	-1.071880e-02	8.372261e+00
3.514000e-05	5.157940e-02	8.572794e+00
3.515000e-05	-5.591628e-02	8.855969e+00
3.516000e-05	1.637043e-02	9.106454e+00
3.517000e-05	-6.448766e-03	9.331236e+00
3.518000e-05	-5.347984e-03	9.550661e+00
3.519000e-05	5.533374e-03	9.833189e+00
3.520000e-05	-1.123724e-02	1.003337e+01
3.521000e-05	1.511759e-02	1.025548e+01
3.522000e-05	-2.981465e-02	1.045761e+01
3.523000e-05	1.123888e-02	1.071161e+01
3.524000e-05	-1.173829e-02	1.092863e+01
3.525000e-05	1.116865e-02	1.112066e+01
3.526000e-05	-1.035155e-02	1.138221e+01
3.527000e-05	-8.197973e-03	1.158224e+01
3.528000e-05	7.944098e-03	1.182332e+01
3.529000e-05	-8.198603e-03	1.197332e+01
3.530000e-05	-5.674996e-03	1.221317e+01
3.531000e-05	-9.745720e-03	1.242329e+01
3.532000e-05	1.336001e-02	1.258376e+01
3.533000e-05	-4.546719e-03	1.276018e+01
3.534000e-05	-9.611501e-03	1.296110e+01
3.535000e-05	-7.583388e-03	1.309901e+01
3.536000e-05	-3.504443e-04	1.326540e+01
3.537000e-05	-2.243921e-04	1.343435e+01
3.538000e-05	-1.017109e-02	1.354126e+01
3.539000e-05	1.569222e-03	1.370958e+01
3.540000e-05	-3.679463e-03	1.388797e+01
3.541000e-05	-2.923557e-03	1.402630e+01
3.542000e-05	-8.145186e-03	1.421269e+01
3.543000e-05	-2.622411e-03	1.439206e+01
3.544000e-05	-3.439164e-03	1.448840e+01
3.545000e-05	-6.036912e-03	1.459326e+01
3.546000e-05	-2.592672e-03	1.470910e+01
3.547000e-05	-6.329455e-03	1.483480e+01
3.548000e-05	-6.290206e-03	1.488798e+01
3.549000e-05	-7.979424e-03	1.499271e+01
3.550000e-05	-2.716143e-04	1.504993e+01
3.551000e-05	-3.086152e-03	1.518266e+01
3.552000e-05	-5.431230e-03	1.527727e+01
3.553000e-05	-4.807652e-03	1.535905e+01
3.554000e-05	-7.833514e-03	1.545567e+01
3.555000e-05	-3.528761e-03	1.547888e+01
3.556000e-05	-7.691932e-03	1.556003e+01
3.557000e-05	-4.658429e-03	1.561174e+01
3.558000e-05	-6.775290e-03	1.568387e+01
3.559000e-05	-2.386767e-03	1.570897e+01
3.560000e-05	-6.724355e-03	1.576800e+01
3.561000e-05	-7.525531e-03	1.579013e+01
3.562000e-05	-5.463653e-03	1.580224e+01
3.563000e-05	-3.466207e-03	1.579279e+01
3.564000e-05	-4.713288e-03	1.581182e+01
3.565000e-05	-8.803964e-03	1.582434e+01
3.566000e-05	-4.790446e-03	1.581382e+01
3.567000e-05	-6.632884e-03	1.583530e+01
3.568000e-05	-4.820736e-03	1.580382e+01
3.569000e-05	-7.320329e-03	1.582425e+01
3.570000e-05	-4.368771e-03	1.583071e+01
3.571000e-05	-5.055161e-03	1.580018e+01
3.572000e-05	-6.055347e-03	1.572911e+01
3.573000e-05	-6.397489e-03	1.570648e+01
3.574000e-05	-7.087546e-03	1.566645e+01
3.575000e-05	-5.640588e-03	1.563329e+01
3.576000e-05	-6.921039e-03	1.559119e+01
3.577000e-05	-3.831724e-03	1.552892e+01
3.578000e-05	-7.036502e-03	1.541577e+01
3.579000e-05	-6.773821e-03	1.537063e+01
3.580000e-05	-5.952561e-03	1.526592e+01
3.581000e-05	-5.480557e-03	1.523324e+01
3.582000e-05	-5.288934e-03	1.511958e+01
3.583000e-05	-7.803222e-03	1.503274e+01
3.584000e-05	-4.940865e-03	1.491763e+01
3.585000e-05	-6.745106e-03	1.482329e+01
3.586000e-05	-6.312579e-03	1.471711e+01
3.587000e-05	-5.994909e-03	1.459074e+01
3.588000e-05	-4.782200e-03	1.449595e+01
3.589000e-05	-3.635388e-03	1.438018e+01
3.590000e-05	-6.868649e-03	1.422277e+01
3.591000e-05	-5.180747e-03	1.408598e+01
3.592000e-05	-7.879972e-03	1.397818e+01
3.593000e-05	-5.697471e-03	1.384124e+01
3.594000e-05	-7.642446e-03	1.362282e+01
3.595000e-05	-5.090218e-03	1.350595e+01
3.596000e-05	-6.519805e-03	1.334561e+01
3.597000e-05	-4.293384e-03	1.314716e+01
3.598000e-05	-6.822641e-03	1.298072e+01
3.599000e-05	-5.546119e-03	1.282277e+01
3.600000e-05	-6.474310e-03	1.267385e+01
3.601000e-05	-5.789986e-03	1.249440e+01
3.602000e-05	-5.199927e-03	1.225608e+01
3.603000e-05	-5.546556e-03	1.210605e+01
3.604000e-05	-5.516482e-03	1.188603e+01
3.605000e-05	-6.625479e-03	1.169443e+01
3.606000e-05	-6.096909e-03	1.149595e+01
3.607000e-05	-6.270149e-03	1.123340e+01
3.608000e-05	-5.274319e-03	1.101192e+01
3.609000e-05	-5.581023e-03	1.084040e+01
3.610000e-05	-5.681014e-03	1.063994e+01
3.611000e-05	-5.074495e-03	1.036077e+01
3.612000e-05	-6.011247e-03	1.015919e+01
3.613000e-05	-5.801060e-03	9.925532e+00
3.614000e-05	-5.562476e-03	9.704051e+00
3.615000e-05	-5.558548e-03	9.451879e+00
3.616000e-05	-6.073212e-03	9.209854e+00
3.617000e-05	-5.431401e-03	8.991387e+00
3.618000e-05	-5.915003e-03	8.726187e+00
3.619000e-05	-6.479623e-03	8.505686e+00
3.620000e-05	-5.267786e-03	8.262528e+00
3.621000e-05	-4.855225e-03	7.969796e+00
3.622000e-05	-5.165632e-03	7.726710e+00
3.623000e-05	-6.216433e-03	7.430524e+00
3.624000e-05	-6.108586e-03	7.178819e+00
3.625000e-05	-5.805106e-03	6.925685e+00
3.626000e-05	-5.888987e-03	6.630949e+00
3.627000e-05	-5.864771e-03	6.377294e+00
3.628000e-05	-5.798328e-03	6.123617e+00
3.629000e-05	-5.237384e-03	5.860077e+00
3.630000e-05	-5.094380e-03	5.575816e+00
3.631000e-05	-5.595172e-03	5.263134e+00
3.632000e-05	-5.789888e-03	4.934565e+00
3.633000e-05	-5.863337e-03	4.629479e+00
3.634000e-05	-5.209247e-03	4.338344e+00
3.635000e-05	-4.968471e-03	4.100534e+00
3.636000e-05	-4.793464e-03	3.788946e+00
3.637000e-05	-5.485176e-03	3.544260e+00
3.638000e-05	-5.885373e-03	3.198398e+00
3.639000e-05	-5.486934e-03	2.935270e+00
3.640000e-05	-5.063784e-03	2.671683e+00
3.641000e-05	-5.182596e-03	2.355341e+00
3.642000e-05	-4.752431e-03	2.091108e+00
3.643000e-05	-4.200384e-03	1.816475e+00
3.644000e-05	-5.889946e-03	1.451685e+00
3.645000e-05	-6.597432e-03	1.166346e+00
3.646000e-05	-5.159932e-03	8.320776e-01
3.647000e-05	-3.846357e-03	5.247697e-01
3.648000e-05	-2.876049e-03	2.637105e-01
3.649000e-05	-1.382096e-03	-1.462770e-02
3.650000e-05	1.071880e-02	-3.467094e-01
3.651000e-05	-5.266601e-03	-5.814198e-01
3.652000e-05	3.465752e-03	-8.452566e-01
3.653000e-05	-4.660581e-03	-1.120293e+00
3.654000e-05	2.725636e-03	-1.454054e+00
3.655000e-05	-5.331454e-03	-1.717733e+00
3.656000e-05	2.126796e-02	-1.939341e+00
3.657000e-05	5.854825e-02	-2.193297e+00
3.658000e-05	6.554337e-02	-2.529291e+00
3.659000e-05	-1.171189e-01	-2.868736e+00
3.660000e-05	2.988367e-02	-3.278158e+00
3.661000e-05	-6.286490e-02	-3.528241e+00
3.662000e-05	4.423212e-04	-3.740341e+00
3.663000e-05	-1.074376e-01	-4.023526e+00
3.664000e-05	1.969546e-01	-4.211900e+00
3.665000e-05	-9.943382e-02	-4.476054e+00
3.666000e-05	-1.401471e-02	-4.841270e+00
3.667000e-05	1.506219e-01	-5.015472e+00
3.668000e-05	-2.018841e-01	-5.412372e+00
3.669000e-05	1.724127e-01	-5.644507e+00
3.670000e-05	-1.388911e-01	-5.909211e+00
3.671000e-05	8.797892e-02	-6.275471e+00
3.672000e-05	5.290722e-02	-6.508709e+00
3.673000e-05	-1.347694e-01	-6.804295e+00
3.674000e-05	1.322457e-01	-7.034482e+00
3.675000e-05	-1.363425e-01	-7.362286e+00
3.676000e-05	9.986575e-02	-7.652949e+00
3.677000e-05	-5.109855e-02	-7.939556e+00
3.678000e-05	2.341180e-02	-8.160291e+00
3.679000e-05	8.093390e-02	-8.392918e+00
3.680000e-05	-1.385303e-01	-8.728029e+00
3.681000e-05	1.235109e-01	-8.911155e+00
3.682000e-05	-1.071223e-01	-9.150791e+00
3.683000e-05	9.097497e-02	-9.424843e+00
3.684000e-05	-6.398285e-02	-9.635975e+00
3.685000e-05	3.403955e-02	-9.876077e+00
3.686000e-05	1.551357e-02	-1.006708e+01
3.687000e-05	-3.701453e-02	-1.032966e+01
3.688000e-05	3.866692e-02	-1.056066e+01
3.689000e-05	-5.328150e-02	-1.077334e+01
3.690000e-05	7.132186e-02	-1.099327e+01
3.691000e-05	-5.974766e-02	-1.117577e+01
3.692000e-05	4.752924e-02	-1.146539e+01
3.693000e-05	-3.216566e-02	-1.163850e+01
3.694000e-05	2.477521e-02	-1.189945e+01
3.695000e-05	-2.704776e-02	-1.207802e+01
3.696000e-05	1.242559e-02	-1.228907e+01
3.697000e-05	1.287685e-02	-1.244740e+01
3.698000e-05	-3.792843e-04	-1.267792e+01
3.699000e-05	-1.206715e-03	-1.280529e+01
3.700000e-05	-1.083314e-02	-1.301424e+01
3.701000e-05	1.532385e-02	-1.313224e+01
3.702000e-05	-1.367764e-02	-1.334910e+01
3.703000e-05	1.183978e-02	-1.351795e+01
3.704000e-05	-5.171706e-03	-1.365532e+01
3.705000e-05	1.304269e-02	-1.378227e+01
3.706000e-05	-1.381215e-02	-1.396163e+01
3.707000e-05	7.835797e-03	-1.412045e+01
3.708000e-05	-2.498927e-03	-1.425574e+01
3.709000e-05	6.707323e-03	-1.437169e+01
3.710000e-05	-4.412988e-03	-1.446795e+01
3.711000e-05	6.604750e-03	-1.464527e+01
3.712000e-05	-1.446496e-05	-1.470011e+01
3.713000e-05	-4.506692e-03	-1.481790e+01
3.714000e-05	-3.020371e-03	-1.496156e+01
3.715000e-05	2.205628e-03	-1.506589e+01
3.716000e-05	5.922101e-03	-1.509955e+01
3.717000e-05	-7.782479e-04	-1.524367e+01
3.718000e-05	8.644494e-04	-1.531945e+01
3.719000e-05	-1.708279e-03	-1.540261e+01
3.720000e-05	-7.326886e-04	-1.546687e+01
3.721000e-05	-3.956981e-04	-1.549908e+01
3.722000e-05	1.801324e-03	-1.557414e+01
3.723000e-05	1.001103e-03	-1.562480e+01
3.724000e-05	9.500031e-04	-1.570635e+01
3.725000e-05	-1.282715e-03	-1.572008e+01
3.726000e-05	-1.230131e-03	-1.577258e+01
3.727000e-05	1.183992e-03	-1.576361e+01
3.728000e-05	6.511861e-04	-1.586522e+01
3.729000e-05	6.223012e-04	-1.586428e+01
3.730000e-05	2.376782e-04	-1.584780e+01
3.731000e-05	8.791083e-04	-1.589685e+01
3.732000e-05	-1.303330e-03	-1.588747e+01
3.733000e-05	-9.565024e-04	-1.590795e+01
3.734000e-05	4.807264e-04	-1.586785e+01
3.735000e-05	2.595017e-03	-1.587617e+01
3.736000e-05	1.235032e-03	-1.583572e+01
3.737000e-05	-6.401302e-04	-1.579316e+01
3.738000e-05	-1.550928e-03	-1.580214e+01
3.739000e-05	-2.684100e-03	-1.571805e+01
3.740000e-05	-1.903585e-03	-1.569477e+01
3.741000e-05	-4.329086e-04	-1.562329e+01
3.742000e-05	1.698805e-03	-1.558266e+01
3.743000e-05	3.225424e-04	-1.550650e+01
3.744000e-05	-5.999243e-04	-1.544590e+01
3.745000e-05	-3.681178e-04	-1.542161e+01
3.746000e-05	1.927138e-05	-1.532698e+01
3.747000e-05	-1.726853e-03	-1.523182e+01
3.748000e-05	-1.476078e-03	-1.513906e+01
3.749000e-05	3.783284e-04	-1.502474e+01
3.750000e-05	-1.087741e-03	-1.498811e+01
3.751000e-05	-1.494262e-03	-1.485480e+01
3.752000e-05	-1.410658e-03	-1.471658e+01
3.753000e-05	-9.315737e-04	-1.464239e+01
3.754000e-05	1.805293e-07	-1.452738e+01
3.755000e-05	-1.429764e-05	-1.440116e+01
3.756000e-05	-6.927430e-04	-1.424427e+01
3.757000e-05	-2.004792e-03	-1.415606e+01
3.758000e-05	-2.478706e-03	-1.395166e+01
3.759000e-05	-2.844811e-03	-1.382227e+01
3.760000e-05	-9.528462e-04	-1.368289e+01
3.761000e-05	-1.026170e-03	-1.351490e+01
3.762000e-05	-9.016564e-04	-1.336761e+01
3.763000e-05	-2.139273e-03	-1.320017e+01
3.764000e-05	-2.546012e-03	-1.300924e+01
3.765000e-05	-7.468680e-04	-1.284385e+01
3.766000e-05	-1.091922e-03	-1.270597e+01
3.767000e-05	-1.664236e-03	-1.253510e+01
3.768000e-05	-2.849236e-03	-1.231808e+01
3.769000e-05	-1.953900e-03	-1.214556e+01
3.770000e-05	-2.867274e-03	-1.191590e+01
3.771000e-05	-2.296076e-03	-1.170451e+01
3.772000e-05	-2.096944e-03	-1.142187e+01
3.773000e-05	-1.282943e-03	-1.123040e+01
3.774000e-05	-1.635553e-03	-1.102229e+01
3.775000e-05	-1.448046e-03	-1.077884e+01
3.776000e-05	-2.313865e-03	-1.060092e+01
3.777000e-05	-2.751311e-03	-1.036871e+01
3.778000e-05	-3.292049e-03	-1.016771e+01
3.779000e-05	-2.370112e-03	-9.903660e+00
3.780000e-05	-2.091632e-03	-9.715358e+00
3.781000e-05	-3.146496e-03	-9.472975e+00
3.782000e-05	-2.986896e-03	-9.169974e+00
3.783000e-05	-3.296768e-03	-8.977894e+00
3.784000e-05	-2.599914e-03	-8.698186e+00
3.785000e-05	-3.470144e-03	-8.494632e+00
3.786000e-05	-2.962095e-03	-8.250423e+00
3.787000e-05	-3.236560e-03	-7.981320e+00
3.788000e-05	-3.084252e-03	-7.704629e+00
3.789000e-05	-4.051288e-03	-7.419944e+00
3.790000e-05	-2.896249e-03	-7.148344e+00
3.791000e-05	-3.983640e-03	-6.892583e+00
3.792000e-05	-3.968703e-03	-6.631425e+00
3.793000e-05	-4.435714e-03	-6.369219e+00
3.794000e-05	-2.174642e-03	-6.132559e+00
3.795000e-05	-2.904977e-03	-5.810445e+00
3.796000e-05	-4.086328e-03	-5.446241e+00
3.797000e-05	-3.695755e-03	-5.208895e+00
3.798000e-05	-5.523550e-03	-4.903667e+00
3.799000e-05	-3.484672e-03	-4.567424e+00
3.800000e-05	-4.584577e-03	-4.364267e+00
3.801000e-05	-3.801340e-03	-4.114683e+00
3.802000e-05	-3.586592e-03	-3.790473e+00
3.803000e-05	-4.859224e-03	-3.494190e+00
3.804000e-05	-3.852601e-03	-3.240051e+00
3.805000e-05	-5.334747e-03	-2.944264e+00
3.806000e-05	-3.365161e-03	-2.639079e+00
3.807000e-05	-4.749454e-03	-2.377920e+00
3.808000e-05	-3.944744e-03	-2.080485e+00
3.809000e-05	-6.490570e-03	-1.777947e+00
3.810000e-05	-4.173282e-03	-1.500238e+00
3.811000e-05	-5.833008e-03	-1.174791e+00
3.812000e-05	-3.172426e-03	-8.701854e-01
3.813000e-05	-4.643371e-03	-5.159434e-01
3.814000e-05	-2.845348e-03	-2.693081e-01
3.815000e-05	-1.319295e-03	2.109899e-02
3.816000e-05	8.918931e-03	2.867882e-01
3.817000e-05	-7.258771e-03	5.733714e-01
3.818000e-05	6.411798e-03	8.245540e-01
3.819000e-05	-7.087823e-03	1.208869e+00
3.820000e-05	3.500519e-03	1.385050e+00
3.821000e-05	-8.001508e-03	1.798317e+00
3.822000e-05	1.715067e-02	1.970922e+00
3.823000e-05	2.207691e-02	2.173476e+00
3.824000e-05	9.744887e-02	2.499240e+00
3.825000e-05	-6.365384e-02	2.886708e+00
3.826000e-05	-3.485162e-02	3.181371e+00
3.827000e-05	-3.538050e-02	3.486703e+00
3.828000e-05	-1.954168e-03	3.739835e+00
3.829000e-05	-4.600806e-02	3.991896e+00
3.830000e-05	-8.910380e-03	4.204923e+00
3.831000e-05	7.798478e-02	4.446631e+00
3.832000e-05	-4.102992e-03	4.734342e+00
3.833000e-05	-8.782380e-02	5.076579e+00
3.834000e-05	1.784444e-01	5.370291e+00
3.835000e-05	-1.749761e-01	5.648077e+00
3.836000e-05	8.409139e-02	5.961761e+00
3.837000e-05	-4.252577e-02	6.192920e+00
3.838000e-05	4.499397e-02	6.447581e+00
3.839000e-05	2.777985e-03	6.770715e+00
3.840000e-05	-6.412793e-02	7.044948e+00
3.841000e-05	5.264479e-02	7.330753e+00
3.842000e-05	-4.501183e-02	7.623872e+00
3.843000e-05	3.660494e-02	7.941102e+00
3.844000e-05	-3.815522e-02	8.181791e+00
3.845000e-05	3.058984e-02	8.422874e+00
3.846000e-05	1.932455e-02	8.665498e+00
3.847000e-05	-4.965684e-02	8.856976e+00
3.848000e-05	2.673646e-02	9.161736e+00
3.849000e-05	-2.269156e-02	9.381743e+00
3.850000e-05	1.393634e-02	9.595847e+00
3.851000e-05	-1.884643e-02	9.875970e+00
3.852000e-05	1.540727e-02	1.009846e+01
3.853000e-05	-9.258422e-03	1.035008e+01
3.854000e-05	-7.450927e-03	1.054108e+01
3.855000e-05	-1.346935e-03	1.073236e+01
3.856000e-05	-2.444497e-03	1.098019e+01
3.857000e-05	6.199638e-03	1.117429e+01
3.858000e-05	-1.580666e-02	1.143479e+01
3.859000e-05	-9.460926e-04	1.164637e+01
3.860000e-05	4.115650e-05	1.186599e+01
3.861000e-05	-2.740531e-04	1.203692e+01
3.862000e-05	-1.504761e-02	1.227645e+01
3.863000e-05	3.640993e-03	1.242584e+01
3.864000e-05	4.914353e-03	1.262437e+01
3.865000e-05	-3.127694e-04	1.278369e+01
3.866000e-05	-1.552502e-02	1.293274e+01
3.867000e-05	-3.274283e-03	1.314066e+01
3.868000e-05	-4.221826e-03	1.332895e+01
3.869000e-05	-4.579685e-03	1.347538e+01
3.870000e-05	-6.026198e-03	1.362534e+01
3.871000e-05	6.828158e-04	1.377362e+01
3.872000e-05	-6.696637e-04	1.395053e+01
3.873000e-05	-8.926697e-03	1.404950e+01
3.874000e-05	-2.551600e-03	1.423624e+01
3.875000e-05	-4.641040e-03	1.439266e+01
3.876000e-05	-1.622105e-03	1.451798e+01
3.877000e-05	-8.776522e-03	1.463337e+01
3.878000e-05	-2.896557e-03	1.472013e+01
3.879000e-05	-7.860334e-03	1.486547e+01
3.880000e-05	-7.125663e-03	1.495961e+01
3.881000e-05	-3.043833e-03	1.501330e+01
3.882000e-05	-3.628400e-03	1.512005e+01
3.883000e-05	-2.422164e-03	1.520429e+01
3.884000e-05	-7.019220e-03	1.527687e+01
3.885000e-05	-2.453838e-03	1.536146e+01
3.886000e-05	-8.089529e-03	1.546477e+01
3.887000e-05	-4.750536e-03	1.554843e+01
3.888000e-05	-8.480449e-03	1.560066e+01
3.889000e-05	-4.865867e-03	1.559474e+01
3.890000e-05	-5.254850e-03	1.566587e+01
3.891000e-05	-4.481963e-03	1.570745e+01
3.892000e-05	-6.902658e-03	1.570904e+01
3.893000e-05	-7.347987e-03	1.576103e+01
3.894000e-05	-2.279875e-03	1.579380e+01
3.895000e-05	-3.590840e-03	1.581524e+01
3.896000e-05	-4.541371e-03	1.582439e+01
3.897000e-05	-8.169461e-03	1.581535e+01
3.898000e-05	-5.893473e-03	1.584390e+01
3.899000e-05	-6.210554e-03	1.584527e+01
3.900000e-05	-6.540213e-03	1.583332e+01
3.901000e-05	-5.851265e-03	1.581229e+01
3.902000e-05	-4.864370e-03	1.578267e+01
3.903000e-05	-4.397692e-03	1.576961e+01
3.904000e-05	-6.981307e-03	1.577903e+01
3.905000e-05	-4.808159e-03	1.571850e+01
3.906000e-05	-6.452846e-03	1.565279e+01
3.907000e-05	-6.064357e-03	1.557279e+01
3.908000e-05	-6.355514e-03	1.556056e+01
3.909000e-05	-3.654940e-03	1.550742e+01
3.910000e-05	-8.211558e-03	1.544624e+01
3.911000e-05	-6.700798e-03	1.538903e+01
3.912000e-05	-6.112128e-03	1.525540e+01
3.913000e-05	-3.392294e-03	1.524172e+01
3.914000e-05	-3.416685e-03	1.509695e+01
3.915000e-05	-6.813378e-03	1.499266e+01
3.916000e-05	-5.627635e-03	1.492700e+01
3.917000e-05	-6.967525e-03	1.478026e+01
3.918000e-05	-6.262032e-03	1.471790e+01
3.919000e-05	-7.523813e-03	1.460026e+01
3.920000e-05	-7.525509e-03	1.450497e+01
3.921000e-05	-3.363852e-03	1.431759e+01
3.922000e-05	-5.926432e-03	1.423171e+01
3.923000e-05	-2.769389e-03	1.407527e+01
3.924000e-05	-6.447688e-03	1.389553e+01
3.925000e-05	-6.084421e-03	1.378961e+01
3.926000e-05	-9.048099e-03	1.357216e+01
3.927000e-05	-5.139995e-03	1.342245e+01
3.928000e-05	-5.549126e-03	1.326598e+01
3.929000e-05	-6.314935e-03	1.312701e+01
3.930000e-05	-7.527376e-03	1.295861e+01
3.931000e-05	-6.075866e-03	1.277919e+01
3.932000e-05	-3.435189e-03	1.258134e+01
3.933000e-05	-3.283990e-03	1.245245e+01
3.934000e-05	-5.676059e-03	1.226347e+01
3.935000e-05	-8.071324e-03	1.205295e+01
3.936000e-05	-7.205161e-03	1.181295e+01
3.937000e-05	-5.061270e-03	1.166330e+01
3.938000e-05	-6.531400e-03	1.139077e+01
3.939000e-05	-6.904596e-03	1.120974e+01
3.940000e-05	-6.735317e-03	1.097029e+01
3.941000e-05	-6.088702e-03	1.077727e+01
3.942000e-05	-4.972853e-03	1.059816e+01
3.943000e-05	-4.845025e-03	1.030661e+01
3.944000e-05	-6.030751e-03	1.013511e+01
3.945000e-05	-6.989686e-03	9.853977e+00
3.946000e-05	-6.564780e-03	9.609894e+00
3.947000e-05	-6.155007e-03	9.389791e+00
3.948000e-05	-5.110198e-03	9.187189e+00
3.949000e-05	-7.125938e-03	8.945057e+00
3.950000e-05	-7.314980e-03	8.673030e+00
3.951000e-05	-5.490805e-03	8.432480e+00
3.952000e-05	-3.474229e-03	8.167919e+00
3.953000e-05	-5.409778e-03	7.924607e+00
3.954000e-05	-6.093804e-03	7.673101e+00
3.955000e-05	-6.625480e-03	7.388188e+00
3.956000e-05	-6.536378e-03	7.105082e+00
3.957000e-05	-4.758458e-03	6.871554e+00
3.958000e-05	-5.379561e-03	6.598391e+00
3.959000e-05	-5.699126e-03	6.303160e+00
3.960000e-05	-6.394921e-03	6.052078e+00
3.961000e-05	-5.228178e-03	5.756766e+00
3.962000e-05	-5.420325e-03	5.503659e+00
3.963000e-05	-5.259872e-03	5.237419e+00
3.964000e-05	-5.215694e-03	4.831004e+00
3.965000e-05	-4.684401e-03	4.576341e+00
3.966000e-05	-5.408056e-03	4.281734e+00
3.967000e-05	-5.812408e-03	3.958398e+00
3.968000e-05	-6.649126e-03	3.735236e+00
3.969000e-05	-5.884289e-03	3.451680e+00
3.970000e-05	-5.517873e-03	3.166840e+00
3.971000e-05	-4.702321e-03	2.862133e+00
3.972000e-05	-3.759132e-03	2.566524e+00
3.973000e-05	-4.846958e-03	2.291107e+00
3.974000e-05	-5.498420e-03	2.030004e+00
3.975000e-05	-5.687844e-03	1.703610e+00
3.976000e-05	-5.129658e-03	1.388474e+00
3.977000e-05	-4.968686e-03	1.121678e+00
3.978000e-05	-5.265154e-03	7.548671e-01
3.979000e-05	-4.416706e-03	5.227631e-01
3.980000e-05	-3.679849e-03	1.850465e-01
3.981000e-05	-8.005587e-04	-1.171642e-01
3.982000e-05	1.008569e-02	-3.593921e-01
3.983000e-05	-7.200505e-03	-6.455564e-01
3.984000e-05	7.359011e-03	-8.882644e-01
3.985000e-05	-6.852698e-03	-1.230548e+00
3.986000e-05	3.689695e-03	-1.537161e+00
3.987000e-05	-4.206047e-03	-1.771370e+00
3.988000e-05	2.699598e-02	-1.980898e+00
3.989000e-05	8.279020e-02	-2.256679e+00
3.990000e-05	5.962760e-03	-2.614449e+00
3.991000e-05	-8.670265e-02	-2.994846e+00
3.992000e-05	1.478793e-02	-3.390915e+00
3.993000e-05	-4.781241e-02	-3.581345e+00
3.994000e-05	-2.996807e-02	-3.844001e+00
3.995000e-05	-5.389662e-02	-4.064631e+00
3.996000e-05	2.136751e-01	-4.264128e+00
3.997000e-05	-1.777238e-01	-4.559270e+00
3.998000e-05	1.100708e-01	-4.855950e+00
3.999000e-05	2.348960e-02	-5.098182e+00
4.000000e-05	-1.325182e-01	-5.457083e+00
4.001000e-05	1.607606e-01	-5.718236e+00
4.002000e-05	-1.761154e-01	-6.004447e+00
4.003000e-05	1.701783e-01	-6.318060e+00
4.004000e-05	-5.380032e-02	-6.540762e+00
4.005000e-05	-5.483981e-02	-6.826048e+00
4.006000e-05	9.469743e-02	-7.151640e+00
4.007000e-05	-1.374101e-01	-7.445500e+00
4.008000e-05	1.412952e-01	-7.668527e+00
4.009000e-05	-1.236721e-01	-7.981344e+00
4.010000e-05	1.223629e-01	-8.224922e+00
4.011000e-05	-2.622570e-02	-8.438553e+00
4.012000e-05	-6.100503e-02	-8.781189e+00
4.013000e-05	8.347394e-02	-8.981771e+00
4.014000e-05	-9.466453e-02	-9.255445e+00
4.015000e-05	1.056621e-01	-9.467478e+00
4.016000e-05	-1.028226e-01	-9.709106e+00
4.017000e-05	8.987122e-02	-9.929187e+00
4.018000e-05	-4.586927e-02	-1.020266e+01
4.019000e-05	1.808000e-02	-1.045434e+01
4.020000e-05	-1.111197e-02	-1.060539e+01
4.021000e-05	-1.038600e-02	-1.087440e+01
4.022000e-05	4.188993e-02	-1.103595e+01
4.023000e-05	-4.667401e-02	-1.126892e+01
4.024000e-05	4.705209e-02	-1.151008e+01
4.025000e-05	-3.879182e-02	-1.175158e+01
4.026000e-05	3.512635e-02	-1.192106e+01
4.027000e-05	-4.381047e-02	-1.211901e+01
4.028000e-05	3.679435e-02	-1.233861e+01
4.029000e-05	-8.505974e-03	-1.251906e+01
4.030000e-05	1.290800e-02	-1.272711e+01
4.031000e-05	-1.828003e-02	-1.288700e+01
4.032000e-05	5.618289e-03	-1.305640e+01
4.033000e-05	1.809581e-03	-1.320479e+01
4.034000e-05	-4.017334e-03	-1.341369e+01
4.035000e-05	4.763803e-03	-1.350806e+01
4.036000e-05	3.247665e-03	-1.368845e+01
4.037000e-05	9.337175e-03	-1.385737e+01
4.038000e-05	-1.260639e-02	-1.399321e+01
4.039000e-05	7.999958e-03	-1.412198e+01
4.040000e-05	-5.940145e-03	-1.430005e+01
4.041000e-05	8.308890e-03	-1.443431e+01
4.042000e-05	-7.000764e-03	-1.455106e+01
4.043000e-05	1.037592e-02	-1.467842e+01
4.044000e-05	-5.465276e-03	-1.479116e+01
4.045000e-05	-2.778973e-03	-1.491835e+01
4.046000e-05	-2.096813e-03	-1.496369e+01
4.047000e-05	6.861071e-03	-1.509893e+01
4.048000e-05	5.623726e-03	-1.517113e+01
4.049000e-05	-4.543254e-03	-1.522532e+01
4.050000e-05	-2.042379e-03	-1.531968e+01
4.051000e-05	-1.496103e-03	-1.545264e+01
4.052000e-05	3.735629e-03	-1.544742e+01
4.053000e-05	-8.203140e-04	-1.554008e+01
4.054000e-05	-1.602004e-04	-1.561269e+01
4.055000e-05	6.210884e-04	-1.561580e+01
4.056000e-05	2.515173e-03	-1.574140e+01
4.057000e-05	2.349752e-04	-1.577156e+01
4.058000e-05	-1.235089e-03	-1.581411e+01
4.059000e-05	-1.652285e-03	-1.582417e+01
4.060000e-05	-3.090965e-04	-1.585630e+01
4.061000e-05	3.111310e-03	-1.585935e+01
4.062000e-05	2.602988e-03	-1.587785e+01
4.063000e-05	-1.191546e-03	-1.590730e+01
4.064000e-05	-5.770582e-03	-1.589780e+01
4.065000e-05	-1.702584e-03	-1.588682e+01
4.066000e-05	1.757133e-03	-1.587784e+01
4.067000e-05	2.408725e-03	-1.586540e+01
4.068000e-05	-9.449882e-04	-1.584419e+01
4.069000e-05	-7.019962e-04	-1.579401e+01
4.070000e-05	3.577596e-04	-1.580058e+01
4.071000e-05	-1.549198e-03	-1.573700e+01
4.072000e-05	-3.762579e-03	-1.566587e+01
4.073000e-05	-9.440462e-04	-1.562474e+01
4.074000e-05	1.820094e-03	-1.555066e+01
4.075000e-05	9.252785e-05	-1.548700e+01
4.076000e-05	-2.042570e-03	-1.543432e+01
4.077000e-05	-1.765391e-03	-1.539863e+01
4.078000e-05	-9.190969e-04	-1.530543e+01
4.079000e-05	-4.092609e-04	-1.517129e+01
4.080000e-05	4.444952e-04	-1.512853e+01
4.081000e-05	-2.763018e-04	-1.501529e+01
4.082000e-05	-1.503225e-03	-1.494601e+01
4.083000e-05	-2.398999e-03	-1.485229e+01
4.084000e-05	-2.037891e-03	-1.471660e+01
4.085000e-05	-2.928250e-04	-1.462272e+01
4.086000e-05	-5.375402e-04	-1.450587e+01
4.087000e-05	-6.963254e-04	-1.433909e+01
4.088000e-05	-1.016170e-03	-1.421582e+01
4.089000e-05	-9.847504e-04	-1.408445e+01
4.090000e-05	-2.615788e-03	-1.393758e+01
4.091000e-05	-2.314244e-03	-1.376066e+01
4.092000e-05	-1.433744e-03	-1.360129e+01
4.093000e-05	-3.256811e-04	-1.348535e+01
4.094000e-05	-1.664778e-03	-1.327550e+01
4.095000e-05	-2.212311e-03	-1.314706e+01
4.096000e-05	-2.508715e-03	-1.298967e+01
4.097000e-05	-1.057608e-03	-1.280969e+01
4.098000e-05	-1.048444e-03	-1.263142e+01
4.099000e-05	-6.138501e-04	-1.247330e+01
4.100000e-05	-2.305529e-03	-1.227345e+01
4.101000e-05	-2.035522e-03	-1.208505e+01
4.102000e-05	-2.926162e-03	-1.186293e+01
4.103000e-05	-2.975835e-03	-1.170332e+01
4.104000e-05	-1.723278e-03	-1.141131e+01
4.105000e-05	-8.384437e-04	-1.122879e+01
4.106000e-05	-2.630764e-03	-1.096969e+01
4.107000e-05	-2.552815e-03	-1.073911e+01
4.108000e-05	-2.676580e-03	-1.056869e+01
4.109000e-05	-2.625353e-03	-1.036621e+01
4.110000e-05	-3.999909e-03	-1.009506e+01
4.111000e-05	-2.478733e-03	-9.893477e+00
4.112000e-05	-2.128030e-03	-9.661425e+00
4.113000e-05	-3.198376e-03	-9.440844e+00
4.114000e-05	-4.549130e-03	-9.168740e+00
4.115000e-05	-2.394285e-03	-8.966665e+00
4.116000e-05	-2.599171e-03	-8.673031e+00
4.117000e-05	-2.730958e-03	-8.432297e+00
4.118000e-05	-2.881382e-03	-8.156795e+00
4.119000e-05	-3.121407e-03	-7.914091e+00
4.120000e-05	-2.741906e-03	-7.651927e+00
4.121000e-05	-4.258301e-03	-7.368264e+00
4.122000e-05	-3.372432e-03	-7.124610e+00
4.123000e-05	-3.964001e-03	-6.808949e+00
4.124000e-05	-2.408945e-03	-6.566315e+00
4.125000e-05	-4.092063e-03	-6.334131e+00
4.126000e-05	-2.955400e-03	-6.008349e+00
4.127000e-05	-4.319309e-03	-5.756741e+00
4.128000e-05	-4.577947e-03	-5.440532e+00
4.129000e-05	-4.791281e-03	-5.175291e+00
4.130000e-05	-4.041139e-03	-4.821003e+00
4.131000e-05	-3.604350e-03	-4.515238e+00
4.132000e-05	-2.526695e-03	-4.314187e+00
4.133000e-05	-4.968805e-03	-4.041552e+00
4.134000e-05	-3.631575e-03	-3.705237e+00
4.135000e-05	-5.313069e-03	-3.442082e+00
4.136000e-05	-2.923039e-03	-3.186296e+00
4.137000e-05	-6.276447e-03	-2.850005e+00
4.138000e-05	-3.263445e-03	-2.556401e+00
4.139000e-05	-5.289194e-03	-2.312161e+00
4.140000e-05	-3.202288e-03	-1.957400e+00
4.141000e-05	-5.579986e-03	-1.713763e+00
4.142000e-05	-4.340460e-03	-1.416031e+00
4.143000e-05	-5.613693e-03	-1.072157e+00
4.144000e-05	-3.901090e-03	-8.078987e-01
4.145000e-05	-4.720569e-03	-4.826580e-01
4.146000e-05	-2.541695e-03	-2.184801e-01
4.147000e-05	2.272585e-03	5.568791e-02
4.148000e-05	6.490286e-03	4.214975e-01
4.149000e-05	-4.898902e-03	6.146314e-01
4.150000e-05	4.383743e-03	8.562642e-01
4.151000e-05	-5.015032e-03	1.204051e+00
4.152000e-05	1.586523e-03	1.456237e+00
4.153000e-05	-4.106303e-03	1.802503e+00
4.154000e-05	1.669815e-02	2.045054e+00
4.155000e-05	3.811948e-02	2.306683e+00
4.156000e-05	8.299007e-02	2.624348e+00
4.157000e-05	-9.190587e-02	2.930766e+00
4.158000e-05	-1.356197e-02	3.213627e+00
4.159000e-05	-4.388895e-02	3.541315e+00
4.160000e-05	7.522893e-03	3.812948e+00
4.161000e-05	-6.003311e-02	4.013555e+00
4.162000e-05	1.482154e-02	4.306758e+00
4.163000e-05	9.209716e-02	4.522292e+00
4.164000e-05	-7.688412e-02	4.837552e+00
4.165000e-05	1.211353e-02	5.131664e+00
4.166000e-05	9.940604e-02	5.473954e+00
4.167000e-05	-1.525323e-01	5.730662e+00
4.168000e-05	9.879059e-02	6.023000e+00
4.169000e-05	-5.614966e-02	6.257553e+00
4.170000e-05	7.046016e-02	6.570162e+00
4.171000e-05	-3.760391e-02	6.845550e+00
4.172000e-05	-3.743194e-02	7.099656e+00
4.173000e-05	4.744883e-02	7.404339e+00
4.174000e-05	-4.728334e-02	7.668076e+00
4.175000e-05	4.731278e-02	7.972265e+00
4.176000e-05	-6.039295e-02	8.234398e+00
4.177000e-05	6.132669e-02	8.446004e+00
4.178000e-05	-1.717361e-02	8.709605e+00
4.179000e-05	-3.092669e-02	8.921183e+00
4.180000e-05	2.754674e-02	9.192346e+00
4.181000e-05	-3.222328e-02	9.404949e+00
4.182000e-05	2.867207e-02	9.688951e+00
4.183000e-05	-3.398727e-02	9.908511e+00
4.184000e-05	3.390214e-02	1.014226e+01
4.185000e-05	-3.334533e-02	1.033274e+01
4.186000e-05	7.043220e-03	1.063484e+01
4.187000e-05	-1.301353e-02	1.082282e+01
4.188000e-05	7.822804e-03	1.101498e+01
4.189000e-05	1.579483e-03	1.121540e+01
4.190000e-05	-1.736514e-02	1.146690e+01
4.191000e-05	7.440095e-03	1.169840e+01
4.192000e-05	-7.800854e-03	1.188853e+01
4.193000e-05	2.945036e-03	1.210058e+01
4.194000e-05	-2.161930e-02	1.232700e+01
4.195000e-05	1.398694e-02	1.246848e+01
4.196000e-05	-2.525227e-03	1.266587e+01
4.197000e-05	-1.337899e-03	1.282735e+01
4.198000e-05	-1.753709e-02	1.302224e+01
4.199000e-05	-7.024135e-04	1.317269e+01
4.200000e-05	-1.354398e-03	1.336006e+01
4.201000e-05	-7.568922e-03	1.351858e+01
4.202000e-05	-2.508001e-03	1.361589e+01
4.203000e-05	-3.845533e-03	1.382679e+01
4.204000e-05	6.830365e-04	1.396208e+01
4.205000e-05	-1.217524e-02	1.408050e+01
4.206000e-05	1.307215e-04	1.429740e+01
4.207000e-05	-5.668102e-03	1.444484e+01
4.208000e-05	-2.788935e-03	1.459061e+01
4.209000e-05	-6.645647e-03	1.462635e+01
4.210000e-05	-2.409134e-03	1.479221e+01
4.211000e-05	-6.841976e-03	1.486550e+01
4.212000e-05	-9.841342e-03	1.498166e+01
4.213000e-05	-2.042177e-03	1.505582e+01
4.214000e-05	-3.852413e-03	1.513161e+01
4.215000e-05	-1.049895e-03	1.520477e+01
4.216000e-05	-8.228301e-03	1.529790e+01
4.217000e-05	-2.908069e-03	1.537169e+01
4.218000e-05	-6.931463e-03	1.546630e+01
4.219000e-05	-5.367342e-03	1.552953e+01
4.220000e-05	-6.879363e-03	1.557156e+01
4.221000e-05	-5.843010e-03	1.564377e+01
4.222000e-05	-3.420253e-03	1.563597e+01
4.223000e-05	-6.554340e-03	1.575701e+01
4.224000e-05	-6.004650e-03	1.571956e+01
4.225000e-05	-7.960132e-03	1.578054e+01
4.226000e-05	-2.903242e-03	1.579324e+01
4.227000e-05	-5.049359e-03	1.586432e+01
4.228000e-05	-4.420348e-03	1.583531e+01
4.229000e-05	-6.142579e-03	1.584539e+01
4.230000e-05	-7.196229e-03	1.583532e+01
4.231000e-05	-6.057042e-03	1.586527e+01
4.232000e-05	-7.470792e-03	1.582279e+01
4.233000e-05	-3.763368e-03	1.580424e+01
4.234000e-05	-6.023837e-03	1.579169e+01
4.235000e-05	-5.077819e-03	1.574953e+01
4.236000e-05	-6.427603e-03	1.572750e+01
4.237000e-05	-4.743695e-03	1.568542e+01
4.238000e-05	-5.953657e-03	1.562287e+01
4.239000e-05	-6.324729e-03	1.559266e+01
4.240000e-05	-5.274146e-03	1.552952e+01
4.241000e-05	-6.077608e-03	1.546582e+01
4.242000e-05	-6.092055e-03	1.541269e+01
4.243000e-05	-7.697176e-03	1.531655e+01
4.244000e-05	-6.501907e-03	1.524592e+01
4.245000e-05	-6.129160e-03	1.514863e+01
4.246000e-05	-6.430688e-03	1.507592e+01
4.247000e-05	-3.896708e-03	1.494921e+01
4.248000e-05	-6.934817e-03	1.488447e+01
4.249000e-05	-5.776038e-03	1.481016e+01
4.250000e-05	-8.707781e-03	1.467587e+01
4.251000e-05	-3.775089e-03	1.454866e+01
4.252000e-05	-7.201644e-03	1.441432e+01
4.253000e-05	-3.521603e-03	1.431653e+01
4.254000e-05	-7.673261e-03	1.414166e+01
4.255000e-05	-5.724980e-03	1.404134e+01
4.256000e-05	-7.324669e-03	1.385392e+01
4.257000e-05	-5.054695e-03	1.372660e+01
4.258000e-05	-6.037839e-03	1.354074e+01
4.259000e-05	-6.426211e-03	1.340137e+01
4.260000e-05	-6.441774e-03	1.326287e+01
4.261000e-05	-6.079587e-03	1.308542e+01
4.262000e-05	-5.400523e-03	1.291803e+01
4.263000e-05	-6.141271e-03	1.272859e+01
4.264000e-05	-6.155752e-03	1.254872e+01
4.265000e-05	-5.689516e-03	1.239022e+01
4.266000e-05	-5.650999e-03	1.221029e+01
4.267000e-05	-5.954447e-03	1.203181e+01
4.268000e-05	-5.685618e-03	1.184034e+01
4.269000e-05	-6.200789e-03	1.155924e+01
4.270000e-05	-5.440777e-03	1.138824e+01
4.271000e-05	-6.758680e-03	1.111658e+01
4.272000e-05	-5.765985e-03	1.093769e+01
4.273000e-05	-6.849553e-03	1.075618e+01
4.274000e-05	-6.150605e-03	1.053498e+01
4.275000e-05	-5.229275e-03	1.026350e+01
4.276000e-05	-5.916024e-03	1.008293e+01
4.277000e-05	-6.583000e-03	9.850819e+00
4.278000e-05	-5.929622e-03	9.577738e+00
4.279000e-05	-5.914716e-03	9.367287e+00
4.280000e-05	-5.230220e-03	9.054607e+00
4.281000e-05	-6.236180e-03	8.891504e+00
4.282000e-05	-5.749503e-03	8.588923e+00
4.283000e-05	-5.859271e-03	8.399374e+00
4.284000e-05	-5.924453e-03	8.125659e+00
4.285000e-05	-5.544765e-03	7.841629e+00
4.286000e-05	-5.483030e-03	7.600944e+00
4.287000e-05	-5.735773e-03	7.314532e+00
4.288000e-05	-6.205936e-03	7.021999e+00
4.289000e-05	-5.365202e-03	6.800391e+00
4.290000e-05	-6.022520e-03	6.523608e+00
4.291000e-05	-5.244924e-03	6.242527e+00
4.292000e-05	-5.930030e-03	5.988894e+00
4.293000e-05	-5.463003e-03	5.733159e+00
4.294000e-05	-5.753705e-03	5.428952e+00
4.295000e-05	-5.355204e-03	5.104632e+00
4.296000e-05	-5.679470e-03	4.747341e+00
4.297000e-05	-5.358756e-03	4.504237e+00
4.298000e-05	-4.867927e-03	4.239576e+00
4.299000e-05	-5.129205e-03	3.934708e+00
4.300000e-05	-5.364179e-03	3.651061e+00
4.301000e-05	-5.498173e-03	3.357395e+00
4.302000e-05	-5.477924e-03	3.083608e+00
4.303000e-05	-5.682680e-03	2.829451e+00
4.304000e-05	-4.573000e-03	2.480658e+00
4.305000e-05	-5.038958e-03	2.208474e+00
4.306000e-05	-4.868347e-03	1.934342e+00
4.307000e-05	-5.263883e-03	1.648524e+00
4.308000e-05	-4.768608e-03	1.364741e+00
4.309000e-05	-4.917415e-03	1.026503e+00
4.310000e-05	-5.157563e-03	6.811869e-01
4.311000e-05	-4.186313e-03	4.085802e-01
4.312000e-05	-3.436920e-03	1.117633e-01
4.313000e-05	1.925115e-03	-1.599220e-01
4.314000e-05	6.604954e-03	-4.046312e-01
4.315000e-05	-6.349261e-03	-7.402170e-01
4.316000e-05	5.245058e-03	-9.719496e-01
4.317000e-05	-5.952622e-03	-1.257185e+00
4.318000e-05	3.015623e-03	-1.570972e+00
4.319000e-05	1.289421e-03	-1.784504e+00
4.320000e-05	3.144570e-02	-2.023128e+00
4.321000e-05	1.026829e-01	-2.330317e+00
4.322000e-05	-6.062562e-02	-2.659707e+00
4.323000e-05	-3.623088e-02	-3.109611e+00
4.324000e-05	-2.144251e-02	-3.423475e+00
4.325000e-05	-1.927388e-02	-3.594500e+00
4.326000e-05	-7.387885e-02	-3.948661e+00
4.327000e-05	3.959427e-02	-4.118713e+00
4.328000e-05	1.586518e-01	-4.319185e+00
4.329000e-05	-2.081294e-01	-4.623475e+00
4.330000e-05	1.881972e-01	-4.908135e+00
4.331000e-05	-9.878790e-02	-5.204370e+00
4.332000e-05	-1.871206e-02	-5.599767e+00
4.333000e-05	7.765634e-02	-5.762393e+00
4.334000e-05	-1.373819e-01	-6.088077e+00
4.335000e-05	1.980585e-01	-6.341764e+00
4.336000e-05	-1.381753e-01	-6.655474e+00
4.337000e-05	3.644653e-02	-6.961139e+00
4.338000e-05	1.528381e-02	-7.203814e+00
4.339000e-05	-8.051028e-02	-7.536559e+00
4.340000e-05	1.266250e-01	-7.791711e+00
4.341000e-05	-1.389361e-01	-8.044949e+00
4.342000e-05	1.742386e-01	-8.316055e+00
4.343000e-05	-1.250983e-01	-8.522635e+00
4.344000e-05	3.429884e-02	-8.823421e+00
4.345000e-05	1.297469e-02	-9.054476e+00
4.346000e-05	-4.098366e-02	-9.298028e+00
4.347000e-05	7.329155e-02	-9.518634e+00
4.348000e-05	-9.530589e-02	-9.732736e+00
4.349000e-05	1.097211e-01	-9.973819e+00
4.350000e-05	-8.456968e-02	-1.025632e+01
4.351000e-05	5.880932e-02	-1.045592e+01
4.352000e-05	-5.576148e-02	-1.069800e+01
4.353000e-05	3.984896e-02	-1.088755e+01
4.354000e-05	-2.008521e-03	-1.109790e+01
4.355000e-05	-1.499647e-02	-1.134953e+01
4.356000e-05	2.363216e-02	-1.154208e+01
4.357000e-05	-2.649441e-02	-1.179471e+01
4.358000e-05	2.720386e-02	-1.198426e+01
4.359000e-05	-3.971294e-02	-1.221179e+01
4.360000e-05	4.602178e-02	-1.234271e+01
4.361000e-05	-2.055032e-02	-1.257163e+01
4.362000e-05	2.116405e-02	-1.275066e+01
4.363000e-05	-2.780153e-02	-1.292795e+01
4.364000e-05	2.000287e-02	-1.311848e+01
4.365000e-05	-1.042777e-02	-1.324735e+01
4.366000e-05	4.182813e-03	-1.343422e+01
4.367000e-05	-1.567362e-03	-1.358274e+01
4.368000e-05	7.433130e-03	-1.375056e+01
4.369000e-05	1.780351e-03	-1.386743e+01
4.370000e-05	-7.953506e-03	-1.404627e+01
4.371000e-05	5.792720e-03	-1.417271e+01
4.372000e-05	-1.629865e-03	-1.437106e+01
4.373000e-05	4.705464e-03	-1.441537e+01
4.374000e-05	-4.318661e-03	-1.459216e+01
4.375000e-05	7.091029e-03	-1.469853e+01
4.376000e-05	-5.328705e-03	-1.475227e+01
4.377000e-05	-2.257851e-03	-1.491693e+01
4.378000e-05	-9.385357e-04	-1.500619e+01
4.379000e-05	5.720921e-03	-1.511843e+01
4.380000e-05	2.886401e-03	-1.520261e+01
4.381000e-05	-9.774354e-04	-1.528640e+01
4.382000e-05	-3.555544e-04	-1.535164e+01
4.383000e-05	-1.963789e-03	-1.546530e+01
4.384000e-05	1.543008e-03	-1.549740e+01
4.385000e-05	-4.640732e-05	-1.553071e+01
4.386000e-05	5.159041e-04	-1.564274e+01
4.387000e-05	8.417874e-04	-1.564732e+01
4.388000e-05	-3.187050e-04	-1.571843e+01
4.389000e-05	-6.414745e-04	-1.579151e+01
4.390000e-05	-1.469057e-03	-1.580422e+01
4.391000e-05	1.284953e-03	-1.582327e+01
4.392000e-05	4.093396e-04	-1.586634e+01
4.393000e-05	3.870897e-05	-1.589530e+01
4.394000e-05	7.310927e-04	-1.590592e+01
4.395000e-05	1.986148e-05	-1.587692e+01
4.396000e-05	-2.678278e-03	-1.589532e+01
4.397000e-05	-1.802958e-03	-1.587580e+01
4.398000e-05	2.028102e-03	-1.590637e+01
4.399000e-05	5.384358e-04	-1.584530e+01
4.400000e-05	-9.731068e-04	-1.584364e+01
4.401000e-05	-1.233632e-03	-1.580214e+01
4.402000e-05	-4.261155e-04	-1.581119e+01
4.403000e-05	-1.449185e-03	-1.571695e+01
4.404000e-05	-1.336883e-03	-1.565535e+01
4.405000e-05	1.467895e-03	-1.560122e+01
4.406000e-05	1.123278e-03	-1.558208e+01
4.407000e-05	-1.200209e-03	-1.548655e+01
4.408000e-05	-2.075964e-03	-1.541371e+01
4.409000e-05	2.444360e-04	-1.536910e+01
4.410000e-05	-2.993170e-04	-1.526380e+01
4.411000e-05	-3.235771e-05	-1.517964e+01
4.412000e-05	-1.998162e-04	-1.506787e+01
4.413000e-05	-5.251449e-05	-1.505174e+01
4.414000e-05	-2.389044e-03	-1.491895e+01
4.415000e-05	-2.401551e-03	-1.478169e+01
4.416000e-05	-2.114341e-04	-1.468638e+01
4.417000e-05	-5.478038e-04	-1.456811e+01
4.418000e-05	-1.122327e-03	-1.445192e+01
4.419000e-05	-2.493428e-04	-1.429843e+01
4.420000e-05	-1.605954e-04	-1.420972e+01
4.421000e-05	-2.738000e-03	-1.404422e+01
4.422000e-05	-2.920548e-03	-1.386653e+01
4.423000e-05	-1.695459e-03	-1.373853e+01
4.424000e-05	-4.062547e-04	-1.364924e+01
4.425000e-05	-1.604365e-03	-1.342077e+01
4.426000e-05	-2.072769e-03	-1.327395e+01
4.427000e-05	-2.296811e-03	-1.308656e+01
4.428000e-05	-1.054259e-03	-1.293966e+01
4.429000e-05	-1.287219e-03	-1.273914e+01
4.430000e-05	-2.241863e-03	-1.254976e+01
4.431000e-05	-1.222684e-03	-1.241127e+01
4.432000e-05	-1.625270e-03	-1.223097e+01
4.433000e-05	-2.719050e-03	-1.204177e+01
4.434000e-05	-3.477599e-03	-1.182079e+01
4.435000e-05	-2.141081e-03	-1.154976e+01
4.436000e-05	-1.421263e-03	-1.138814e+01
4.437000e-05	-1.747187e-03	-1.111656e+01
4.438000e-05	-2.144490e-03	-1.090556e+01
4.439000e-05	-2.635512e-03	-1.072511e+01
4.440000e-05	-2.447869e-03	-1.054461e+01
4.441000e-05	-3.282381e-03	-1.027295e+01
4.442000e-05	-2.822919e-03	-1.003185e+01
4.443000e-05	-2.210524e-03	-9.840870e+00
4.444000e-05	-2.484380e-03	-9.589815e+00
4.445000e-05	-3.201132e-03	-9.385711e+00
4.446000e-05	-3.677156e-03	-9.074056e+00
4.447000e-05	-3.295267e-03	-8.864631e+00
4.448000e-05	-3.192668e-03	-8.650920e+00
4.449000e-05	-3.469949e-03	-8.348214e+00
4.450000e-05	-2.318295e-03	-8.127208e+00
4.451000e-05	-3.962945e-03	-7.882077e+00
4.452000e-05	-3.744668e-03	-7.578236e+00
4.453000e-05	-4.840153e-03	-7.283160e+00
4.454000e-05	-3.592422e-03	-7.058903e+00
4.455000e-05	-3.405871e-03	-6.745270e+00
4.456000e-05	-2.946889e-03	-6.534636e+00
4.457000e-05	-4.187038e-03	-6.261445e+00
4.458000e-05	-3.449618e-03	-5.956790e+00
4.459000e-05	-5.253908e-03	-5.702233e+00
4.460000e-05	-2.711917e-03	-5.419746e+00
4.461000e-05	-4.386640e-03	-5.073107e+00
4.462000e-05	-3.634193e-03	-4.747765e+00
4.463000e-05	-4.866380e-03	-4.463183e+00
4.464000e-05	-3.251970e-03	-4.239009e+00
4.465000e-05	-5.234180e-03	-3.988740e+00
4.466000e-05	-4.401313e-03	-3.652028e+00
4.467000e-05	-5.040631e-03	-3.377421e+00
4.468000e-05	-4.127365e-03	-3.082709e+00
4.469000e-05	-5.613684e-03	-2.776872e+00
4.470000e-05	-3.829538e-03	-2.512765e+00
4.471000e-05	-4.256495e-03	-2.248100e+00
4.472000e-05	-4.445199e-03	-1.924766e+00
4.473000e-05	-5.407421e-03	-1.649658e+00
4.474000e-05	-4.983302e-03	-1.305717e+00
4.475000e-05	-3.882239e-03	-1.008998e+00
4.476000e-05	-4.971202e-03	-7.333094e-01
4.477000e-05	-3.980301e-03	-3.979761e-01
4.478000e-05	-4.177246e-03	-1.437894e-01
4.479000e-05	7.269943e-03	1.393134e-01
4.480000e-05	-1.191782e-03	4.441790e-01
4.481000e-05	9.985072e-05	6.966842e-01
4.482000e-05	6.944086e-04	9.833974e-01
4.483000e-05	-1.246545e-03	1.256159e+00
4.484000e-05	-3.775061e-03	1.573444e+00
4.485000e-05	3.063498e-03	1.876182e+00
4.486000e-05	1.551800e-02	2.097711e+00
4.487000e-05	6.175528e-02	2.359365e+00
4.488000e-05	4.477930e-02	2.717732e+00
4.489000e-05	-9.261274e-02	3.033004e+00
4.490000e-05	-7.158005e-03	3.347261e+00
4.491000e-05	-3.860611e-02	3.622971e+00
4.492000e-05	2.111740e-03	3.865557e+00
4.493000e-05	-5.644334e-02	4.069182e+00
4.494000e-05	3.566044e-02	4.360191e+00
4.495000e-05	8.822273e-02	4.663870e+00
4.496000e-05	-1.369536e-01	4.950808e+00
4.497000e-05	1.171640e-01	5.213475e+00
4.498000e-05	-1.371823e-02	5.537230e+00
4.499000e-05	-7.405554e-02	5.833920e+00
4.500000e-05	6.647976e-02	6.079132e+00
4.501000e-05	-4.037508e-02	6.370689e+00
4.502000e-05	6.570414e-02	6.633894e+00
4.503000e-05	-6.585244e-02	6.899710e+00
4.504000e-05	8.513244e-05	7.141841e+00
4.505000e-05	1.687137e-02	7.506047e+00
4.506000e-05	-2.819393e-02	7.751834e+00
4.507000e-05	3.360982e-02	8.055971e+00
4.508000e-05	-4.799921e-02	8.338082e+00
4.509000e-05	6.822370e-02	8.539135e+00
4.510000e-05	-4.348590e-02	8.752736e+00
4.511000e-05	-6.081656e-03	9.031871e+00
4.512000e-05	1.641264e-02	9.265951e+00
4.513000e-05	-2.764173e-02	9.487481e+00
4.514000e-05	2.611347e-02	9.739158e+00
4.515000e-05	-3.253994e-02	9.952737e+00
4.516000e-05	3.370388e-02	1.018279e+01
4.517000e-05	-4.076340e-02	1.041580e+01
4.518000e-05	1.744298e-02	1.064448e+01
4.519000e-05	-1.662101e-02	1.086698e+01
4.520000e-05	1.114450e-02	1.106695e+01
4.521000e-05	-4.666670e-03	1.127093e+01
4.522000e-05	-1.466776e-02	1.154108e+01
4.523000e-05	1.002574e-02	1.175063e+01
4.524000e-05	-1.179873e-02	1.192361e+01
4.525000e-05	3.283348e-03	1.217008e+01
4.526000e-05	-1.937259e-02	1.235971e+01
4.527000e-05	1.790434e-02	1.251864e+01
4.528000e-05	-7.158846e-03	1.269656e+01
4.529000e-05	-4.103591e-03	1.287895e+01
4.530000e-05	-1.463746e-02	1.305642e+01
4.531000e-05	-3.099325e-04	1.322377e+01
4.532000e-05	2.527834e-04	1.338366e+01
4.533000e-05	-9.842367e-03	1.353068e+01
4.534000e-05	-2.051811e-04	1.366903e+01
4.535000e-05	-5.203956e-03	1.384797e+01
4.536000e-05	-4.442017e-04	1.400426e+01
4.537000e-05	-1.119733e-02	1.416153e+01
4.538000e-05	-5.799087e-04	1.434038e+01
4.539000e-05	-4.487887e-03	1.446522e+01
4.540000e-05	-3.920383e-03	1.458316e+01
4.541000e-05	-4.823514e-03	1.470450e+01
4.542000e-05	-5.733567e-03	1.479127e+01
4.543000e-05	-5.379970e-03	1.488652e+01
4.544000e-05	-8.913420e-03	1.498164e+01
4.545000e-05	-1.062365e-03	1.506637e+01
4.546000e-05	-5.182752e-03	1.518164e+01
4.547000e-05	-3.232489e-03	1.524682e+01
4.548000e-05	-6.753391e-03	1.532800e+01
4.549000e-05	-4.217129e-03	1.541221e+01
4.550000e-05	-4.215749e-03	1.547638e+01
4.551000e-05	-5.914987e-03	1.553006e+01
4.552000e-05	-5.254673e-03	1.560216e+01
4.553000e-05	-6.849418e-03	1.563434e+01
4.554000e-05	-3.134275e-03	1.569682e+01
4.555000e-05	-7.577956e-03	1.573000e+01
4.556000e-05	-6.216634e-03	1.579163e+01
4.557000e-05	-5.691533e-03	1.578117e+01
4.558000e-05	-2.575755e-03	1.581579e+01
4.559000e-05	-4.297567e-03	1.581374e+01
4.560000e-05	-6.946314e-03	1.585432e+01
4.561000e-05	-5.204564e-03	1.585690e+01
4.562000e-05	-6.443859e-03	1.584435e+01
4.563000e-05	-5.105165e-03	1.582440e+01
4.564000e-05	-7.169600e-03	1.584270e+01
4.565000e-05	-3.886560e-03	1.581127e+01
4.566000e-05	-6.028423e-03	1.576068e+01
4.567000e-05	-6.412162e-03	1.575956e+01
4.568000e-05	-6.937854e-03	1.574953e+01
4.569000e-05	-5.107057e-03	1.569642e+01
4.570000e-05	-5.464462e-03	1.566327e+01
4.571000e-05	-6.320734e-03	1.559174e+01
4.572000e-05	-3.933470e-03	1.553803e+01
4.573000e-05	-6.518593e-03	1.548582e+01
4.574000e-05	-6.456259e-03	1.540219e+01
4.575000e-05	-7.830508e-03	1.534795e+01
4.576000e-05	-6.196870e-03	1.525379e+01
4.577000e-05	-5.564424e-03	1.519066e+01
4.578000e-05	-6.839664e-03	1.504625e+01
4.579000e-05	-3.858171e-03	1.496861e+01
4.580000e-05	-7.806369e-03	1.485487e+01
4.581000e-05	-5.193546e-03	1.475901e+01
4.582000e-05	-8.994070e-03	1.465384e+01
4.583000e-05	-4.705166e-03	1.451701e+01
4.584000e-05	-6.660465e-03	1.440274e+01
4.585000e-05	-6.011743e-03	1.427495e+01
4.586000e-05	-6.786878e-03	1.413701e+01
4.587000e-05	-6.747307e-03	1.400014e+01
4.588000e-05	-5.472563e-03	1.382377e+01
4.589000e-05	-5.860099e-03	1.369553e+01
4.590000e-05	-5.538114e-03	1.350813e+01
4.591000e-05	-7.007615e-03	1.336914e+01
4.592000e-05	-5.802724e-03	1.318172e+01
4.593000e-05	-7.201997e-03	1.304480e+01
4.594000e-05	-5.715551e-03	1.288492e+01
4.595000e-05	-6.354489e-03	1.265405e+01
4.596000e-05	-5.296286e-03	1.252711e+01
4.597000e-05	-6.660780e-03	1.233666e+01
4.598000e-05	-6.375039e-03	1.213861e+01
4.599000e-05	-6.175664e-03	1.193919e+01
4.600000e-05	-5.783513e-03	1.175866e+01
4.601000e-05	-6.013267e-03	1.155608e+01
4.602000e-05	-5.839848e-03	1.127453e+01
4.603000e-05	-5.476687e-03	1.113405e+01
4.604000e-05	-5.897525e-03	1.090604e+01
4.605000e-05	-6.785532e-03	1.067448e+01
4.606000e-05	-6.312042e-03	1.048390e+01
4.607000e-05	-6.418787e-03	1.023037e+01
4.608000e-05	-4.889274e-03	1.002979e+01
4.609000e-05	-6.200818e-03	9.776638e+00
4.610000e-05	-5.700403e-03	9.493605e+00
4.611000e-05	-6.441133e-03	9.305132e+00
4.612000e-05	-5.941226e-03	9.050975e+00
4.613000e-05	-6.476329e-03	8.801265e+00
4.614000e-05	-5.776966e-03	8.567218e+00
4.615000e-05	-5.423726e-03	8.324762e+00
4.616000e-05	-6.112541e-03	8.064028e+00
4.617000e-05	-6.493764e-03	7.808869e+00
4.618000e-05	-6.919010e-03	7.556112e+00
4.619000e-05	-5.144453e-03	7.260423e+00
4.620000e-05	-5.221738e-03	6.978821e+00
4.621000e-05	-5.100525e-03	6.745211e+00
4.622000e-05	-6.084768e-03	6.451475e+00
4.623000e-05	-5.503103e-03	6.176846e+00
4.624000e-05	-5.789946e-03	5.933742e+00
4.625000e-05	-5.592906e-03	5.651427e+00
4.626000e-05	-6.195072e-03	5.396769e+00
4.627000e-05	-4.606293e-03	5.017819e+00
4.628000e-05	-4.950921e-03	4.733686e+00
4.629000e-05	-5.638859e-03	4.443079e+00
4.630000e-05	-5.573357e-03	4.166337e+00
4.631000e-05	-6.003053e-03	3.892529e+00
4.632000e-05	-5.794031e-03	3.598901e+00
4.633000e-05	-5.380433e-03	3.301207e+00
4.634000e-05	-4.784874e-03	3.038475e+00
4.635000e-05	-4.903874e-03	2.746891e+00
4.636000e-05	-5.254893e-03	2.438503e+00
4.637000e-05	-5.772600e-03	2.174766e+00
4.638000e-05	-5.958672e-03	1.862159e+00
4.639000e-05	-5.307918e-03	1.535441e+00
4.640000e-05	-5.373433e-03	1.231155e+00
4.641000e-05	-3.852892e-03	9.032657e-01
4.642000e-05	-5.118570e-03	6.285278e-01
4.643000e-05	-4.613072e-03	3.748172e-01
4.644000e-05	-2.092905e-03	2.905407e-02
4.645000e-05	6.388864e-03	-2.430803e-01
4.646000e-05	1.627013e-03	-4.972629e-01
4.647000e-05	-1.528401e-03	-7.920775e-01
4.648000e-05	1.099667e-03	-1.054007e+00
4.649000e-05	-3.164391e-03	-1.381870e+00
4.650000e-05	-2.058865e-03	-1.635606e+00
4.651000e-05	1.072729e-02	-1.896134e+00
4.652000e-05	3.962593e-02	-2.089242e+00
4.653000e-05	1.032459e-01	-2.414578e+00
4.654000e-05	-1.085629e-01	-2.814401e+00
4.655000e-05	9.715525e-03	-3.214979e+00
4.656000e-05	-5.268886e-02	-3.466103e+00
4.657000e-05	3.390398e-03	-3.638207e+00
4.658000e-05	-1.109233e-01	-3.960367e+00
4.659000e-05	1.348550e-01	-4.170317e+00
4.660000e-05	4.152633e-02	-4.364370e+00
4.661000e-05	-1.588326e-01	-4.708211e+00
4.662000e-05	2.171144e-01	-4.949268e+00
4.663000e-05	-1.772098e-01	-5.298582e+00
4.664000e-05	9.807865e-02	-5.613971e+00
4.665000e-05	-3.447241e-02	-5.835004e+00
4.666000e-05	-4.427545e-02	-6.130719e+00
4.667000e-05	1.611052e-01	-6.393971e+00
4.668000e-05	-1.688571e-01	-6.708608e+00
4.669000e-05	1.095046e-01	-7.004346e+00
4.670000e-05	-7.378927e-02	-7.298052e+00
4.671000e-05	6.601196e-03	-7.572787e+00
4.672000e-05	5.676697e-02	-7.833368e+00
4.673000e-05	-8.492043e-02	-8.130154e+00
4.674000e-05	1.650209e-01	-8.319261e+00
4.675000e-05	-1.712075e-01	-8.604291e+00
4.676000e-05	1.043465e-01	-8.865402e+00
4.677000e-05	-6.053878e-02	-9.099610e+00
4.678000e-05	3.031279e-02	-9.351710e+00
4.679000e-05	1.077599e-02	-9.583290e+00
4.680000e-05	-4.427301e-02	-9.814372e+00
4.681000e-05	8.230661e-02	-9.995348e+00
4.682000e-05	-8.227047e-02	-1.032005e+01
4.683000e-05	6.883138e-02	-1.052008e+01
4.684000e-05	-7.514356e-02	-1.075011e+01
4.685000e-05	7.184441e-02	-1.095961e+01
4.686000e-05	-4.116740e-02	-1.117209e+01
4.687000e-05	2.315668e-02	-1.136279e+01
4.688000e-05	-6.497799e-03	-1.157369e+01
4.689000e-05	-3.038309e-03	-1.183537e+01
4.690000e-05	3.072065e-03	-1.204584e+01
4.691000e-05	-1.891705e-02	-1.224383e+01
4.692000e-05	3.788352e-02	-1.238630e+01
4.693000e-05	-1.687958e-02	-1.261424e+01
4.694000e-05	1.597029e-02	-1.279264e+01
4.695000e-05	-2.620499e-02	-1.298158e+01
4.696000e-05	2.286613e-02	-1.312048e+01
4.697000e-05	-1.695185e-02	-1.329792e+01
4.698000e-05	1.105419e-02	-1.349692e+01
4.699000e-05	-5.632677e-03	-1.359379e+01
4.700000e-05	1.312003e-02	-1.379211e+01
4.701000e-05	-8.090436e-03	-1.391803e+01
4.702000e-05	6.439187e-04	-1.407892e+01
4.703000e-05	2.139600e-03	-1.420474e+01
4.704000e-05	2.805522e-03	-1.439070e+01
4.705000e-05	-6.782718e-04	-1.445637e+01
4.706000e-05	1.034718e-03	-1.460532e+01
4.707000e-05	4.130202e-03	-1.470756e+01
4.708000e-05	-5.189488e-03	-1.482427e+01
4.709000e-05	-2.538314e-03	-1.492005e+01
4.710000e-05	-1.921584e-04	-1.506520e+01
4.711000e-05	6.004390e-03	-1.513751e+01
4.712000e-05	2.439050e-03	-1.518266e+01
4.713000e-05	-7.289737e-04	-1.530648e+01
4.714000e-05	-1.734347e-03	-1.537269e+01
4.715000e-05	-5.781763e-04	-1.547632e+01
4.716000e-05	-5.340733e-05	-1.550745e+01
4.717000e-05	1.180119e-03	-1.556218e+01
4.718000e-05	-7.093996e-04	-1.564381e+01
4.719000e-05	8.188001e-04	-1.565787e+01
4.720000e-05	-1.344697e-03	-1.573940e+01
4.721000e-05	-1.202258e-03	-1.578254e+01
4.722000e-05	7.927422e-04	-1.582009e+01
4.723000e-05	1.370964e-03	-1.585472e+01
4.724000e-05	-6.597501e-04	-1.586432e+01
4.725000e-05	-4.945545e-04	-1.586742e+01
4.726000e-05	8.538371e-04	-1.589728e+01
4.727000e-05	-9.924817e-04	-1.587683e+01
4.728000e-05	-2.680804e-03	-1.589832e+01
4.729000e-05	-1.201130e-03	-1.585582e+01
4.730000e-05	2.090767e-03	-1.586577e+01
4.731000e-05	1.117111e-03	-1.586522e+01
4.732000e-05	-6.068668e-04	-1.584470e+01
4.733000e-05	-1.558926e-03	-1.580014e+01
4.734000e-05	-1.195298e-03	-1.576163e+01
4.735000e-05	-1.283952e-03	-1.568737e+01
4.736000e-05	-1.390895e-03	-1.565277e+01
4.737000e-05	1.482353e-03	-1.560219e+01
4.738000e-05	-8.366946e-04	-1.557958e+01
4.739000e-05	-2.138698e-03	-1.547490e+01
4.740000e-05	-2.174130e-03	-1.540384e+01
4.741000e-05	4.202015e-04	-1.532855e+01
4.742000e-05	-4.094257e-04	-1.524234e+01
4.743000e-05	-7.263412e-04	-1.515961e+01
4.744000e-05	-4.864863e-04	-1.508488e+01
4.745000e-05	-5.079249e-04	-1.497061e+01
4.746000e-05	-1.473375e-03	-1.485597e+01
4.747000e-05	-2.155063e-03	-1.478069e+01
4.748000e-05	-8.003160e-04	-1.467387e+01
4.749000e-05	-3.327581e-04	-1.456958e+01
4.750000e-05	-1.120030e-03	-1.441174e+01
4.751000e-05	-1.188008e-03	-1.430650e+01
4.752000e-05	-4.980874e-04	-1.421011e+01
4.753000e-05	-1.213567e-03	-1.397172e+01
4.754000e-05	-1.793755e-03	-1.383485e+01
4.755000e-05	-1.663171e-03	-1.369645e+01
4.756000e-05	-9.889218e-04	-1.353863e+01
4.757000e-05	-1.533283e-03	-1.339171e+01
4.758000e-05	-2.729723e-03	-1.321177e+01
4.759000e-05	-2.265137e-03	-1.308447e+01
4.760000e-05	-1.119515e-03	-1.290505e+01
4.761000e-05	-1.185573e-03	-1.270553e+01
4.762000e-05	-2.438059e-03	-1.255759e+01
4.763000e-05	-1.279650e-03	-1.235759e+01
4.764000e-05	-1.352663e-03	-1.218977e+01
4.765000e-05	-2.508629e-03	-1.198866e+01
4.766000e-05	-2.994655e-03	-1.175814e+01
4.767000e-05	-2.419005e-03	-1.155698e+01
4.768000e-05	-1.712658e-03	-1.131598e+01
4.769000e-05	-1.397640e-03	-1.107495e+01
4.770000e-05	-2.101419e-03	-1.089240e+01
4.771000e-05	-1.828754e-03	-1.062298e+01
4.772000e-05	-2.119581e-03	-1.045295e+01
4.773000e-05	-2.852491e-03	-1.024072e+01
4.774000e-05	-2.586382e-03	-1.000979e+01
4.775000e-05	-1.915929e-03	-9.769766e+00
4.776000e-05	-2.937291e-03	-9.536186e+00
4.777000e-05	-3.234357e-03	-9.283556e+00
4.778000e-05	-3.550899e-03	-9.060904e+00
4.779000e-05	-3.496908e-03	-8.831394e+00
4.780000e-05	-3.661805e-03	-8.576735e+00
4.781000e-05	-3.322344e-03	-8.303611e+00
4.782000e-05	-2.886679e-03	-8.081504e+00
4.783000e-05	-3.380387e-03	-7.788864e+00
4.784000e-05	-3.515269e-03	-7.483610e+00
4.785000e-05	-3.913575e-03	-7.242004e+00
4.786000e-05	-3.061944e-03	-6.998216e+00
4.787000e-05	-4.405338e-03	-6.694082e+00
4.788000e-05	-3.481830e-03	-6.461030e+00
4.789000e-05	-4.135012e-03	-6.147746e+00
4.790000e-05	-2.362415e-03	-5.893633e+00
4.791000e-05	-5.431085e-03	-5.639923e+00
4.792000e-05	-3.574406e-03	-5.333610e+00
4.793000e-05	-5.048667e-03	-5.021895e+00
4.794000e-05	-2.774931e-03	-4.681384e+00
4.795000e-05	-4.610914e-03	-4.439479e+00
4.796000e-05	-3.346682e-03	-4.167918e+00
4.797000e-05	-5.232106e-03	-3.882733e+00
4.798000e-05	-5.337741e-03	-3.597368e+00
4.799000e-05	-4.801678e-03	-3.333715e+00
4.800000e-05	-5.272881e-03	-3.027951e+00
4.801000e-05	-3.986614e-03	-2.725266e+00
4.802000e-05	-4.048408e-03	-2.441054e+00
4.803000e-05	-3.378778e-03	-2.133796e+00
4.804000e-05	-5.905433e-03	-1.881629e+00
4.805000e-05	-4.195228e-03	-1.626901e+00
4.806000e-05	-5.190604e-03	-1.267975e+00
4.807000e-05	-3.986037e-03	-9.447934e-01
4.808000e-05	-5.598794e-03	-6.676093e-01
4.809000e-05	-2.764132e-03	-3.538384e-01
4.810000e-05	-2.803054e-03	-7.113290e-02
4.811000e-05	9.181641e-03	2.335526e-01
4.812000e-05	-6.684593e-03	5.177605e-01
4.813000e-05	4.014990e-03	7.823911e-01
4.814000e-05	-3.415015e-03	1.065657e+00
4.815000e-05	3.162237e-03	1.369342e+00
4.816000e-05	-7.405701e-03	1.685584e+00
4.817000e-05	1.169434e-02	1.890837e+00
4.818000e-05	1.399992e-02	2.160345e+00
4.819000e-05	8.664077e-02	2.384982e+00
4.820000e-05	-7.704831e-03	2.793546e+00
4.821000e-05	-6.907123e-02	3.107187e+00
4.822000e-05	-1.733587e-02	3.411870e+00
4.823000e-05	-2.176096e-02	3.667686e+00
4.824000e-05	-1.843095e-02	3.927241e+00
4.825000e-05	-3.806602e-02	4.172341e+00
4.826000e-05	5.510205e-02	4.413372e+00
4.827000e-05	6.278641e-02	4.697154e+00
4.828000e-05	-1.476781e-01	5.021895e+00
4.829000e-05	1.843854e-01	5.306106e+00
4.830000e-05	-1.236253e-01	5.580967e+00
4.831000e-05	1.402450e-02	5.898554e+00
4.832000e-05	9.292110e-03	6.149740e+00
4.833000e-05	3.172542e-04	6.363345e+00
4.834000e-05	4.444551e-02	6.687579e+00
4.835000e-05	-7.678853e-02	6.973792e+00
4.836000e-05	3.463077e-02	7.195949e+00
4.837000e-05	-1.770137e-02	7.569138e+00
4.838000e-05	6.185728e-03	7.796971e+00
4.839000e-05	-3.830126e-04	8.127559e+00
4.840000e-05	-1.506213e-02	8.341814e+00
4.841000e-05	5.451018e-02	8.582392e+00
4.842000e-05	-5.632914e-02	8.865894e+00
4.843000e-05	1.414760e-02	9.077477e+00
4.844000e-05	-4.020658e-03	9.308607e+00
4.845000e-05	-8.649690e-03	9.530735e+00
4.846000e-05	9.021978e-03	9.813716e+00
4.847000e-05	-1.380106e-02	1.002584e+01
4.848000e-05	1.808941e-02	1.023443e+01
4.849000e-05	-3.188090e-02	1.047898e+01
4.850000e-05	1.118598e-02	1.071913e+01
4.851000e-05	-1.245202e-02	1.090958e+01
4.852000e-05	1.136458e-02	1.114016e+01
4.853000e-05	-9.392019e-03	1.135358e+01
4.854000e-05	-9.258075e-03	1.161226e+01
4.855000e-05	7.353461e-03	1.182374e+01
4.856000e-05	-9.410742e-03	1.197372e+01
4.857000e-05	-3.655443e-03	1.221319e+01
4.858000e-05	-1.073134e-02	1.237372e+01
4.859000e-05	1.423187e-02	1.255116e+01
4.860000e-05	-4.813425e-03	1.272018e+01
4.861000e-05	-9.817865e-03	1.288046e+01
4.862000e-05	-7.857603e-03	1.309753e+01
4.863000e-05	-2.529975e-03	1.326642e+01
4.864000e-05	-1.330523e-03	1.341432e+01
4.865000e-05	-1.036325e-02	1.359469e+01
4.866000e-05	2.075667e-03	1.370053e+01
4.867000e-05	-4.109045e-03	1.389830e+01
4.868000e-05	-3.240793e-03	1.405740e+01
4.869000e-05	-7.044016e-03	1.419576e+01
4.870000e-05	-2.432246e-03	1.432913e+01
4.871000e-05	-4.096564e-03	1.448790e+01
4.872000e-05	-6.834677e-03	1.459174e+01
4.873000e-05	-1.994477e-03	1.470858e+01
4.874000e-05	-6.152117e-03	1.479284e+01
4.875000e-05	-6.298004e-03	1.486648e+01
4.876000e-05	-7.714224e-03	1.501129e+01
4.877000e-05	-7.167325e-04	1.504890e+01
4.878000e-05	-3.630351e-03	1.517321e+01
4.879000e-05	-4.710013e-03	1.524487e+01
4.880000e-05	-4.873195e-03	1.534941e+01
4.881000e-05	-5.923261e-03	1.545421e+01
4.882000e-05	-3.232168e-03	1.548792e+01
4.883000e-05	-8.320479e-03	1.556963e+01
4.884000e-05	-4.476627e-03	1.562069e+01
4.885000e-05	-6.271022e-03	1.566589e+01
4.886000e-05	-3.851672e-03	1.569743e+01
4.887000e-05	-7.460146e-03	1.575995e+01
4.888000e-05	-6.518355e-03	1.578011e+01
4.889000e-05	-4.417349e-03	1.582063e+01
4.890000e-05	-3.601435e-03	1.583324e+01
4.891000e-05	-3.735828e-03	1.581637e+01
4.892000e-05	-8.233001e-03	1.583582e+01
4.893000e-05	-4.604168e-03	1.583525e+01
4.894000e-05	-6.933358e-03	1.583432e+01
4.895000e-05	-5.239975e-03	1.582335e+01
4.896000e-05	-7.069183e-03	1.584579e+01
4.897000e-05	-4.371956e-03	1.581267e+01
4.898000e-05	-5.295174e-03	1.574266e+01
4.899000e-05	-6.330290e-03	1.580003e+01
4.900000e-05	-5.180550e-03	1.570797e+01
4.901000e-05	-6.926037e-03	1.567445e+01
4.902000e-05	-4.902519e-03	1.563274e+01
4.903000e-05	-6.581459e-03	1.559108e+01
4.904000e-05	-4.337614e-03	1.552846e+01
4.905000e-05	-6.806597e-03	1.547582e+01
4.906000e-05	-5.403421e-03	1.538064e+01
4.907000e-05	-4.969490e-03	1.528690e+01
4.908000e-05	-6.436990e-03	1.524369e+01
4.909000e-05	-5.348357e-03	1.514848e+01
4.910000e-05	-7.822571e-03	1.500534e+01
4.911000e-05	-4.387695e-03	1.493806e+01
4.912000e-05	-6.463621e-03	1.484282e+01
4.913000e-05	-6.141115e-03	1.475705e+01
4.914000e-05	-6.531499e-03	1.459325e+01
4.915000e-05	-5.414415e-03	1.451643e+01
4.916000e-05	-5.219642e-03	1.440014e+01
4.917000e-05	-6.847679e-03	1.426337e+01
4.918000e-05	-5.816047e-03	1.410501e+01
4.919000e-05	-7.846833e-03	1.396948e+01
4.920000e-05	-5.564845e-03	1.382366e+01
4.921000e-05	-7.425142e-03	1.362330e+01
4.922000e-05	-4.754060e-03	1.345445e+01
4.923000e-05	-7.327344e-03	1.335818e+01
4.924000e-05	-4.886471e-03	1.316961e+01
4.925000e-05	-6.086301e-03	1.299074e+01
4.926000e-05	-5.785007e-03	1.283332e+01
4.927000e-05	-6.984572e-03	1.267195e+01
4.928000e-05	-5.799690e-03	1.248350e+01
4.929000e-05	-5.270516e-03	1.229503e+01
4.930000e-05	-5.870690e-03	1.210658e+01
4.931000e-05	-6.003525e-03	1.193598e+01
4.932000e-05	-6.451078e-03	1.169610e+01
4.933000e-05	-6.220069e-03	1.146340e+01
4.934000e-05	-5.869933e-03	1.124232e+01
4.935000e-05	-5.173500e-03	1.104090e+01
4.936000e-05	-5.710775e-03	1.088245e+01
4.937000e-05	-6.017452e-03	1.062035e+01
4.938000e-05	-5.409759e-03	1.043077e+01
4.939000e-05	-5.909542e-03	1.017832e+01
4.940000e-05	-5.824288e-03	9.936090e+00
4.941000e-05	-6.115440e-03	9.685606e+00
4.942000e-05	-5.652158e-03	9.452929e+00
4.943000e-05	-5.604028e-03	9.231453e+00
4.944000e-05	-6.214790e-03	9.018790e+00
4.945000e-05	-6.011414e-03	8.744634e+00
4.946000e-05	-5.435973e-03	8.495108e+00
4.947000e-05	-5.170514e-03	8.252950e+00
4.948000e-05	-5.215251e-03	7.978815e+00
4.949000e-05	-5.458450e-03	7.775714e+00
4.950000e-05	-6.169998e-03	7.461050e+00
4.951000e-05	-6.702447e-03	7.199318e+00
4.952000e-05	-5.713509e-03	6.907213e+00
4.953000e-05	-5.708698e-03	6.630050e+00
4.954000e-05	-4.900472e-03	6.408267e+00
4.955000e-05	-5.303971e-03	6.113240e+00
4.956000e-05	-5.668935e-03	5.860155e+00
4.957000e-05	-6.290707e-03	5.617841e+00
4.958000e-05	-6.225488e-03	5.313580e+00
4.959000e-05	-5.158148e-03	4.955163e+00
4.960000e-05	-5.403133e-03	4.641030e+00
4.961000e-05	-5.799383e-03	4.388423e+00
4.962000e-05	-6.172944e-03	4.073113e+00
4.963000e-05	-5.754674e-03	3.806923e+00
4.964000e-05	-5.382420e-03	3.525315e+00
4.965000e-05	-4.980943e-03	3.229501e+00
4.966000e-05	-5.300457e-03	2.964341e+00
4.967000e-05	-5.073409e-03	2.680128e+00
4.968000e-05	-5.498150e-03	2.375367e+00
4.969000e-05	-4.988668e-03	2.093109e+00
4.970000e-05	-5.658697e-03	1.798051e+00
4.971000e-05	-5.143208e-03	1.482210e+00
4.972000e-05	-4.864421e-03	1.195027e+00
4.973000e-05	-4.548063e-03	8.399767e-01
4.974000e-05	-5.123589e-03	5.453661e-01
4.975000e-05	-4.361558e-03	2.637068e-01
4.976000e-05	-2.121712e-03	-1.455271e-02
4.977000e-05	9.104872e-03	-3.062367e-01
4.978000e-05	-4.969042e-03	-5.578895e-01
4.979000e-05	3.791111e-03	-8.750340e-01
4.980000e-05	-3.704336e-03	-1.129289e+00
4.981000e-05	1.458454e-03	-1.465928e+00
4.982000e-05	-5.399908e-03	-1.717262e+00
4.983000e-05	1.996681e-02	-1.937240e+00
4.984000e-05	5.496975e-02	-2.221800e+00
4.985000e-05	7.308822e-02	-2.530812e+00
4.986000e-05	-1.196438e-01	-2.879734e+00
4.987000e-05	3.028638e-02	-3.296209e+00
4.988000e-05	-6.552858e-02	-3.517162e+00
4.989000e-05	2.998436e-03	-3.699243e+00
4.990000e-05	-1.117213e-01	-3.983473e+00
4.991000e-05	1.947528e-01	-4.211421e+00
4.992000e-05	-8.956877e-02	-4.444498e+00
4.993000e-05	-3.413523e-02	-4.779743e+00
4.994000e-05	1.695842e-01	-5.023975e+00
4.995000e-05	-2.041539e-01	-5.383789e+00
4.996000e-05	1.695256e-01	-5.645625e+00
4.997000e-05	-1.327948e-01	-5.879262e+00
4.998000e-05	7.672611e-02	-6.274950e+00
4.999000e-05	6.832596e-02	-6.496554e+00
