# 260410_14:45:12.519629
t	CH1	CH2
0.000000e+00	1.723687e-03	-1.257974e-01
1.000000e-08	7.566064e-03	-4.004764e-01
2.000000e-08	-7.336010e-03	-7.458169e-01
3.000000e-08	6.446433e-03	-9.783773e-01
4.000000e-08	-6.261915e-03	-1.251139e+00
5.000000e-08	2.325860e-03	-1.566527e+00
6.000000e-08	-4.044478e-04	-1.829430e+00
7.000000e-08	3.234875e-02	-1.999482e+00
8.000000e-08	1.004324e-01	-2.334323e+00
9.000000e-08	-5.305498e-02	-2.703189e+00
1.000000e-07	-4.206081e-02	-3.083717e+00
1.100000e-07	-1.657227e-02	-3.388430e+00
1.200000e-07	-2.206751e-02	-3.577981e+00
1.300000e-07	-6.578578e-02	-3.921694e+00
1.400000e-07	3.337462e-02	-4.084269e+00
1.500000e-07	1.592637e-01	-4.293164e+00
1.600000e-07	-2.062342e-01	-4.598434e+00
1.700000e-07	1.856352e-01	-4.872143e+00
1.800000e-07	-1.009260e-01	-5.164926e+00
1.900000e-07	-3.387459e-02	-5.546844e+00
2.000000e-07	9.168050e-02	-5.765925e+00
2.100000e-07	-1.347258e-01	-6.071139e+00
2.200000e-07	1.965111e-01	-6.367273e+00
2.300000e-07	-1.351499e-01	-6.588484e+00
2.400000e-07	2.559191e-02	-6.884319e+00
2.500000e-07	2.253287e-02	-7.177381e+00
2.600000e-07	-8.410149e-02	-7.462743e+00
2.700000e-07	1.339737e-01	-7.754248e+00
2.800000e-07	-1.387665e-01	-8.029064e+00
2.900000e-07	1.684897e-01	-8.252167e+00
3.000000e-07	-1.163641e-01	-8.503799e+00
3.100000e-07	2.828981e-02	-8.799982e+00
3.200000e-07	1.894187e-02	-9.059611e+00
3.300000e-07	-4.744616e-02	-9.261738e+00
3.400000e-07	8.345795e-02	-9.525671e+00
3.500000e-07	-9.492009e-02	-9.766399e+00
3.600000e-07	1.079261e-01	-9.986348e+00
3.700000e-07	-8.968466e-02	-1.021754e+01
3.800000e-07	5.697581e-02	-1.046157e+01
3.900000e-07	-4.761237e-02	-1.068162e+01
4.000000e-07	3.884943e-02	-1.088120e+01
4.100000e-07	1.797430e-03	-1.112055e+01
4.200000e-07	-1.754506e-02	-1.133162e+01
4.300000e-07	2.875201e-02	-1.151482e+01
4.400000e-07	-3.000293e-02	-1.177585e+01
4.500000e-07	2.859845e-02	-1.196791e+01
4.600000e-07	-3.861938e-02	-1.218638e+01
4.700000e-07	5.158068e-02	-1.236597e+01
4.800000e-07	-2.209771e-02	-1.253430e+01
4.900000e-07	2.226635e-02	-1.275485e+01
5.000000e-07	-2.900216e-02	-1.290417e+01
5.100000e-07	2.173967e-02	-1.307224e+01
5.200000e-07	-9.248334e-03	-1.323011e+01
5.300000e-07	8.495382e-03	-1.339749e+01
5.400000e-07	2.133368e-03	-1.355683e+01
5.500000e-07	4.793983e-03	-1.374638e+01
5.600000e-07	4.578201e-04	-1.386056e+01
5.700000e-07	-6.108968e-03	-1.402011e+01
5.800000e-07	9.552996e-03	-1.416343e+01
5.900000e-07	-3.596889e-03	-1.434220e+01
6.000000e-07	7.048843e-03	-1.445114e+01
6.100000e-07	-1.248127e-03	-1.454740e+01
6.200000e-07	9.156944e-03	-1.471317e+01
6.300000e-07	-7.273536e-03	-1.476696e+01
6.400000e-07	4.331652e-05	-1.487283e+01
6.500000e-07	2.339942e-03	-1.501741e+01
6.600000e-07	7.649562e-03	-1.511414e+01
6.700000e-07	3.845017e-03	-1.516641e+01
6.800000e-07	-6.679496e-04	-1.526064e+01
6.900000e-07	2.607053e-04	-1.535585e+01
7.000000e-07	-1.102694e-03	-1.542999e+01
7.100000e-07	3.725472e-03	-1.547277e+01
7.200000e-07	3.024701e-03	-1.556688e+01
7.300000e-07	1.600458e-03	-1.563753e+01
7.400000e-07	9.382048e-04	-1.566017e+01
7.500000e-07	1.648155e-03	-1.575378e+01
7.600000e-07	4.617289e-04	-1.572440e+01
7.700000e-07	-3.671278e-04	-1.576595e+01
7.800000e-07	3.055276e-03	-1.584756e+01
7.900000e-07	2.695559e-03	-1.586216e+01
8.000000e-07	2.197218e-03	-1.585157e+01
8.100000e-07	4.576877e-04	-1.586265e+01
8.200000e-07	3.058221e-04	-1.591377e+01
8.300000e-07	1.516526e-04	-1.585110e+01
8.400000e-07	8.398857e-05	-1.586214e+01
8.500000e-07	2.751874e-03	-1.585164e+01
8.600000e-07	2.832961e-03	-1.583909e+01
8.700000e-07	7.878357e-04	-1.584141e+01
8.800000e-07	-5.093307e-04	-1.581691e+01
8.900000e-07	5.701619e-04	-1.576636e+01
9.000000e-07	9.170661e-04	-1.570372e+01
9.100000e-07	5.412649e-04	-1.566912e+01
9.200000e-07	2.695642e-03	-1.560906e+01
9.300000e-07	1.480274e-03	-1.559740e+01
9.400000e-07	1.113198e-04	-1.548129e+01
9.500000e-07	-1.316065e-03	-1.541861e+01
9.600000e-07	1.093063e-03	-1.535580e+01
9.700000e-07	1.282871e-03	-1.528317e+01
9.800000e-07	8.571432e-04	-1.515993e+01
9.900000e-07	4.482896e-04	-1.510324e+01
1.000000e-06	2.662300e-04	-1.499898e+01
1.010000e-06	-9.656273e-04	-1.490270e+01
1.020000e-06	-7.314256e-04	-1.477058e+01
1.030000e-06	4.068467e-04	-1.471377e+01
1.040000e-06	5.559450e-04	-1.461743e+01
1.050000e-06	1.162304e-03	-1.445206e+01
1.060000e-06	-4.605785e-04	-1.433339e+01
1.070000e-06	2.302405e-05	-1.420940e+01
1.080000e-06	-1.809711e-03	-1.404121e+01
1.090000e-06	-7.044593e-05	-1.393277e+01
1.100000e-06	2.021075e-04	-1.375637e+01
1.110000e-06	9.123344e-04	-1.357833e+01
1.120000e-06	-3.723150e-04	-1.346098e+01
1.130000e-06	-5.632103e-04	-1.324124e+01
1.140000e-06	-2.906704e-04	-1.311384e+01
1.150000e-06	-3.830300e-04	-1.294682e+01
1.160000e-06	-7.531335e-04	-1.277747e+01
1.170000e-06	-1.440725e-03	-1.261855e+01
1.180000e-06	-9.193905e-05	-1.241953e+01
1.190000e-06	-2.145278e-04	-1.224021e+01
1.200000e-06	-1.870769e-03	-1.207261e+01
1.210000e-06	-2.307667e-03	-1.181948e+01
1.220000e-06	-9.483100e-04	-1.161846e+01
1.230000e-06	-7.861985e-04	-1.136583e+01
1.240000e-06	-5.332527e-04	-1.113637e+01
1.250000e-06	-2.438847e-03	-1.093629e+01
1.260000e-06	-1.455373e-03	-1.071622e+01
1.270000e-06	-1.746503e-03	-1.048584e+01
1.280000e-06	-1.488004e-03	-1.029366e+01
1.290000e-06	-1.592377e-03	-1.006066e+01
1.300000e-06	-3.524957e-04	-9.831554e+00
1.310000e-06	-1.688597e-03	-9.600053e+00
1.320000e-06	-2.645107e-03	-9.338869e+00
1.330000e-06	-2.735712e-03	-9.135220e+00
1.340000e-06	-1.918481e-03	-8.913732e+00
1.350000e-06	-2.624380e-03	-8.651535e+00
1.360000e-06	-2.460153e-03	-8.357897e+00
1.370000e-06	-2.489714e-03	-8.126841e+00
1.380000e-06	-1.849945e-03	-7.883713e+00
1.390000e-06	-3.061120e-03	-7.578448e+00
1.400000e-06	-4.213267e-03	-7.316314e+00
1.410000e-06	-2.204264e-03	-7.031707e+00
1.420000e-06	-3.014780e-03	-6.757897e+00
1.430000e-06	-1.886497e-03	-6.525262e+00
1.440000e-06	-4.344200e-03	-6.172056e+00
1.450000e-06	-3.038581e-03	-5.926919e+00
1.460000e-06	-5.278307e-03	-5.704792e+00
1.470000e-06	-9.871229e-04	-5.400598e+00
1.480000e-06	-5.638137e-03	-5.106258e+00
1.490000e-06	-2.825937e-03	-4.756914e+00
1.500000e-06	-5.353885e-03	-4.445757e+00
1.510000e-06	-1.696501e-03	-4.272104e+00
1.520000e-06	-4.626804e-03	-3.977319e+00
1.530000e-06	-5.014073e-03	-3.691451e+00
1.540000e-06	-6.252386e-03	-3.400498e+00
1.550000e-06	-4.296462e-03	-3.104787e+00
1.560000e-06	-4.638885e-03	-2.830472e+00
1.570000e-06	-4.183909e-03	-2.467863e+00
1.580000e-06	-5.045274e-03	-2.231605e+00
1.590000e-06	-4.796398e-03	-1.928346e+00
1.600000e-06	-4.716751e-03	-1.643505e+00
1.610000e-06	-5.016692e-03	-1.326814e+00
1.620000e-06	-3.500297e-03	-1.020046e+00
1.630000e-06	-5.269780e-03	-7.473620e-01
1.640000e-06	-3.465098e-03	-4.000761e-01
1.650000e-06	-4.284135e-03	-1.273646e-01
1.660000e-06	5.338105e-03	1.557945e-01
1.670000e-06	-7.576225e-04	4.616103e-01
1.680000e-06	-1.433789e-03	6.746668e-01
1.690000e-06	6.336536e-04	9.483448e-01
1.700000e-06	-2.373444e-03	1.283167e+00
1.710000e-06	-2.046340e-03	1.569959e+00
1.720000e-06	1.759921e-03	1.852660e+00
1.730000e-06	1.356851e-02	2.083713e+00
1.740000e-06	5.723838e-02	2.336352e+00
1.750000e-06	5.371069e-02	2.745192e+00
1.760000e-06	-9.510823e-02	3.031558e+00
1.770000e-06	-6.985302e-03	3.283718e+00
1.780000e-06	-4.143791e-02	3.610008e+00
1.790000e-06	5.275697e-03	3.882191e+00
1.800000e-06	-5.619219e-02	4.094242e+00
1.810000e-06	3.000466e-02	4.366247e+00
1.820000e-06	8.518138e-02	4.610556e+00
1.830000e-06	-1.184831e-01	4.905250e+00
1.840000e-06	9.704691e-02	5.220930e+00
1.850000e-06	-3.351144e-04	5.556321e+00
1.860000e-06	-9.478576e-02	5.809056e+00
1.870000e-06	7.732980e-02	6.063689e+00
1.880000e-06	-4.154603e-02	6.359268e+00
1.890000e-06	6.679198e-02	6.607934e+00
1.900000e-06	-6.232893e-02	6.924743e+00
1.910000e-06	-1.097588e-02	7.166850e+00
1.920000e-06	2.526708e-02	7.484743e+00
1.930000e-06	-3.022483e-02	7.715273e+00
1.940000e-06	3.853774e-02	8.068585e+00
1.950000e-06	-5.445108e-02	8.333793e+00
1.960000e-06	6.407382e-02	8.545300e+00
1.970000e-06	-3.692955e-02	8.756925e+00
1.980000e-06	-1.336022e-02	9.009560e+00
1.990000e-06	1.632518e-02	9.231691e+00
2.000000e-06	-3.271276e-02	9.472742e+00
2.010000e-06	3.344543e-02	9.735253e+00
2.020000e-06	-3.318197e-02	9.996926e+00
2.030000e-06	2.962690e-02	1.019795e+01
2.040000e-06	-4.531532e-02	1.044148e+01
2.050000e-06	1.692920e-02	1.068069e+01
2.060000e-06	-1.244117e-02	1.089319e+01
2.070000e-06	7.118857e-03	1.110264e+01
2.080000e-06	-6.463496e-03	1.129219e+01
2.090000e-06	-1.661872e-02	1.153480e+01
2.100000e-06	1.354981e-02	1.176732e+01
2.110000e-06	-1.555940e-02	1.192837e+01
2.120000e-06	-1.038764e-03	1.213588e+01
2.130000e-06	-2.091566e-02	1.231735e+01
2.140000e-06	2.159815e-02	1.254585e+01
2.150000e-06	-7.913815e-03	1.268430e+01
2.160000e-06	-8.076537e-03	1.288214e+01
2.170000e-06	-1.579486e-02	1.300311e+01
2.180000e-06	2.981723e-04	1.321153e+01
2.190000e-06	7.817968e-04	1.338741e+01
2.200000e-06	-1.177158e-02	1.355838e+01
2.210000e-06	-1.588212e-03	1.368122e+01
2.220000e-06	-8.007700e-03	1.389174e+01
2.230000e-06	7.955421e-04	1.398838e+01
2.240000e-06	-1.171949e-02	1.419538e+01
2.250000e-06	-3.197028e-03	1.432380e+01
2.260000e-06	-9.998721e-03	1.444156e+01
2.270000e-06	-2.678314e-03	1.458798e+01
2.280000e-06	-3.149968e-03	1.466374e+01
2.290000e-06	-8.631229e-03	1.479943e+01
2.300000e-06	-9.967840e-03	1.489467e+01
2.310000e-06	-9.840216e-03	1.499938e+01
2.320000e-06	8.671330e-04	1.510321e+01
2.330000e-06	-5.926102e-03	1.518637e+01
2.340000e-06	-5.911369e-03	1.522166e+01
2.350000e-06	-8.768024e-03	1.533472e+01
2.360000e-06	-4.263237e-03	1.544009e+01
2.370000e-06	-6.343361e-03	1.548317e+01
2.380000e-06	-8.228516e-03	1.556582e+01
2.390000e-06	-7.241408e-03	1.558841e+01
2.400000e-06	-7.779936e-03	1.569409e+01
2.410000e-06	-2.055635e-03	1.569420e+01
2.420000e-06	-8.337079e-03	1.573682e+01
2.430000e-06	-8.583842e-03	1.577795e+01
2.440000e-06	-9.746270e-03	1.579053e+01
2.450000e-06	-3.158613e-03	1.582106e+01
2.460000e-06	-4.376103e-03	1.584113e+01
2.470000e-06	-8.700786e-03	1.585316e+01
2.480000e-06	-6.369232e-03	1.585256e+01
2.490000e-06	-8.023928e-03	1.591319e+01
2.500000e-06	-5.467975e-03	1.586311e+01
2.510000e-06	-1.027565e-02	1.585154e+01
2.520000e-06	-4.715142e-03	1.580065e+01
2.530000e-06	-7.224385e-03	1.581946e+01
2.540000e-06	-6.282715e-03	1.577685e+01
2.550000e-06	-7.772689e-03	1.573527e+01
2.560000e-06	-7.559302e-03	1.569625e+01
2.570000e-06	-7.260217e-03	1.564318e+01
2.580000e-06	-7.666726e-03	1.560846e+01
2.590000e-06	-4.448698e-03	1.549788e+01
2.600000e-06	-7.602067e-03	1.546367e+01
2.610000e-06	-7.403892e-03	1.542798e+01
2.620000e-06	-9.005025e-03	1.533475e+01
2.630000e-06	-6.250634e-03	1.525359e+01
2.640000e-06	-6.152533e-03	1.516795e+01
2.650000e-06	-8.044547e-03	1.505211e+01
2.660000e-06	-6.340388e-03	1.497710e+01
2.670000e-06	-7.776177e-03	1.487363e+01
2.680000e-06	-5.500530e-03	1.472753e+01
2.690000e-06	-1.030551e-02	1.464309e+01
2.700000e-06	-4.979233e-03	1.451642e+01
2.710000e-06	-7.514530e-03	1.441953e+01
2.720000e-06	-4.212125e-03	1.430329e+01
2.730000e-06	-8.153591e-03	1.416688e+01
2.740000e-06	-7.112814e-03	1.402200e+01
2.750000e-06	-8.431616e-03	1.384274e+01
2.760000e-06	-7.611588e-03	1.374669e+01
2.770000e-06	-7.438785e-03	1.354732e+01
2.780000e-06	-7.762937e-03	1.337800e+01
2.790000e-06	-5.465822e-03	1.326246e+01
2.800000e-06	-6.719048e-03	1.310426e+01
2.810000e-06	-6.365251e-03	1.292366e+01
2.820000e-06	-7.648827e-03	1.274679e+01
2.830000e-06	-7.085527e-03	1.253740e+01
2.840000e-06	-7.213110e-03	1.234787e+01
2.850000e-06	-7.001612e-03	1.216948e+01
2.860000e-06	-6.615269e-03	1.198898e+01
2.870000e-06	-7.987265e-03	1.175798e+01
2.880000e-06	-6.778280e-03	1.154600e+01
2.890000e-06	-6.147048e-03	1.131684e+01
2.900000e-06	-5.875550e-03	1.111486e+01
2.910000e-06	-6.678542e-03	1.092534e+01
2.920000e-06	-7.159909e-03	1.069722e+01
2.930000e-06	-6.344799e-03	1.047631e+01
2.940000e-06	-7.114319e-03	1.023358e+01
2.950000e-06	-7.786591e-03	9.991479e+00
2.960000e-06	-7.789853e-03	9.761977e+00
2.970000e-06	-6.005718e-03	9.577893e+00
2.980000e-06	-6.073373e-03	9.326336e+00
2.990000e-06	-6.975564e-03	9.054235e+00
3.000000e-06	-6.428210e-03	8.849652e+00
3.010000e-06	-6.381866e-03	8.580954e+00
3.020000e-06	-6.226466e-03	8.348371e+00
3.030000e-06	-6.902435e-03	8.106262e+00
3.040000e-06	-6.197292e-03	7.822151e+00
3.050000e-06	-6.126960e-03	7.579499e+00
3.060000e-06	-6.552365e-03	7.292228e+00
3.070000e-06	-6.038498e-03	7.011627e+00
3.080000e-06	-5.730283e-03	6.747870e+00
3.090000e-06	-7.330784e-03	6.483259e+00
3.100000e-06	-5.665868e-03	6.199049e+00
3.110000e-06	-6.605866e-03	5.958470e+00
3.120000e-06	-4.635099e-03	5.644681e+00
3.130000e-06	-6.080894e-03	5.390472e+00
3.140000e-06	-5.859625e-03	5.064183e+00
3.150000e-06	-6.068050e-03	4.746338e+00
3.160000e-06	-5.423768e-03	4.474682e+00
3.170000e-06	-5.411218e-03	4.208974e+00
3.180000e-06	-5.905811e-03	3.914758e+00
3.190000e-06	-5.812997e-03	3.621023e+00
3.200000e-06	-5.687445e-03	3.378363e+00
3.210000e-06	-5.918988e-03	3.052528e+00
3.220000e-06	-6.249212e-03	2.789440e+00
3.230000e-06	-5.972724e-03	2.460101e+00
3.240000e-06	-4.478133e-03	2.159493e+00
3.250000e-06	-4.571974e-03	1.897289e+00
3.260000e-06	-5.595409e-03	1.591516e+00
3.270000e-06	-5.892414e-03	1.304706e+00
3.280000e-06	-4.357154e-03	9.389409e-01
3.290000e-06	-4.131361e-03	6.422305e-01
3.300000e-06	-3.206277e-03	4.004149e-01
3.310000e-06	-2.636781e-03	7.217670e-02
3.320000e-06	5.341549e-03	-1.999549e-01
3.330000e-06	2.628394e-03	-4.106341e-01
3.340000e-06	-3.240175e-03	-7.963510e-01
3.350000e-06	1.456156e-03	-1.042534e+00
3.360000e-06	-2.722737e-03	-1.354825e+00
3.370000e-06	-1.185125e-03	-1.632583e+00
3.380000e-06	9.717949e-03	-1.862661e+00
3.390000e-06	3.767302e-02	-2.114269e+00
3.400000e-06	1.046071e-01	-2.418456e+00
3.410000e-06	-1.050410e-01	-2.766026e+00
3.420000e-06	6.242989e-03	-3.176406e+00
3.430000e-06	-5.181287e-02	-3.440089e+00
3.440000e-06	3.313385e-03	-3.662689e+00
3.450000e-06	-1.024829e-01	-3.947226e+00
3.460000e-06	1.292232e-01	-4.155796e+00
3.470000e-06	5.145897e-02	-4.365351e+00
3.480000e-06	-1.587632e-01	-4.675697e+00
3.490000e-06	2.148104e-01	-4.925847e+00
3.500000e-06	-1.766094e-01	-5.253121e+00
3.510000e-06	8.743679e-02	-5.588003e+00
3.520000e-06	-1.773003e-02	-5.789585e+00
3.530000e-06	-4.763835e-02	-6.162825e+00
3.540000e-06	1.644695e-01	-6.430484e+00
3.550000e-06	-1.711301e-01	-6.661141e+00
3.560000e-06	1.022480e-01	-6.986376e+00
3.570000e-06	-6.643663e-02	-7.232590e+00
3.580000e-06	3.840749e-03	-7.575321e+00
3.590000e-06	6.922540e-02	-7.789484e+00
3.600000e-06	-9.376155e-02	-8.134795e+00
3.610000e-06	1.639013e-01	-8.304797e+00
3.620000e-06	-1.691496e-01	-8.585978e+00
3.630000e-06	1.029279e-01	-8.841060e+00
3.640000e-06	-5.521967e-02	-9.082116e+00
3.650000e-06	2.498459e-02	-9.316323e+00
3.660000e-06	2.152406e-02	-9.589427e+00
3.670000e-06	-4.957836e-02	-9.807956e+00
3.680000e-06	8.383134e-02	-1.001011e+01
3.690000e-06	-9.073935e-02	-1.031119e+01
3.700000e-06	7.229141e-02	-1.054327e+01
3.710000e-06	-6.951249e-02	-1.072524e+01
3.720000e-06	7.255268e-02	-1.090422e+01
3.730000e-06	-3.885017e-02	-1.116730e+01
3.740000e-06	1.933755e-02	-1.133583e+01
3.750000e-06	-2.531683e-03	-1.154796e+01
3.760000e-06	-5.451102e-03	-1.179903e+01
3.770000e-06	6.052659e-03	-1.204004e+01
3.780000e-06	-1.825089e-02	-1.220754e+01
3.790000e-06	4.234413e-02	-1.240893e+01
3.800000e-06	-2.111237e-02	-1.258593e+01
3.810000e-06	1.799794e-02	-1.276736e+01
3.820000e-06	-2.689847e-02	-1.291733e+01
3.830000e-06	2.624297e-02	-1.308527e+01
3.840000e-06	-1.553143e-02	-1.328112e+01
3.850000e-06	1.522521e-02	-1.346049e+01
3.860000e-06	-4.720943e-03	-1.357593e+01
3.870000e-06	1.024854e-02	-1.375537e+01
3.880000e-06	-7.748214e-03	-1.392372e+01
3.890000e-06	2.080994e-03	-1.409022e+01
3.900000e-06	4.915342e-03	-1.421943e+01
3.910000e-06	1.417496e-03	-1.434735e+01
3.920000e-06	2.041881e-03	-1.447062e+01
3.930000e-06	2.864780e-03	-1.460693e+01
3.940000e-06	4.371296e-03	-1.474282e+01
3.950000e-06	-5.653241e-03	-1.479848e+01
3.960000e-06	1.556374e-04	-1.493327e+01
3.970000e-06	2.641547e-03	-1.500946e+01
3.980000e-06	6.542757e-03	-1.515535e+01
3.990000e-06	2.212167e-03	-1.519844e+01
4.000000e-06	8.003429e-04	-1.532267e+01
4.010000e-06	-1.342420e-03	-1.540693e+01
4.020000e-06	3.026899e-04	-1.545111e+01
4.030000e-06	3.401031e-03	-1.550422e+01
4.040000e-06	3.828858e-03	-1.558635e+01
4.050000e-06	-1.028795e-04	-1.563956e+01
4.060000e-06	8.773595e-04	-1.567014e+01
4.070000e-06	1.374874e-04	-1.572178e+01
4.080000e-06	4.036297e-04	-1.573536e+01
4.090000e-06	8.536193e-04	-1.581846e+01
4.100000e-06	2.515890e-03	-1.580067e+01
4.110000e-06	2.622997e-03	-1.583004e+01
4.120000e-06	5.479824e-04	-1.587066e+01
4.130000e-06	6.465981e-04	-1.590114e+01
4.140000e-06	-9.137742e-04	-1.587317e+01
4.150000e-06	-3.643700e-04	-1.587222e+01
4.160000e-06	6.793145e-04	-1.588115e+01
4.170000e-06	3.546203e-03	-1.584164e+01
4.180000e-06	1.334044e-03	-1.585909e+01
4.190000e-06	8.633944e-04	-1.581858e+01
4.200000e-06	-7.723163e-04	-1.576791e+01
4.210000e-06	2.916073e-04	-1.576480e+01
4.220000e-06	8.049807e-04	-1.570115e+01
4.230000e-06	1.130549e-03	-1.564114e+01
4.240000e-06	2.283208e-03	-1.558841e+01
4.250000e-06	-1.443695e-04	-1.557642e+01
4.260000e-06	-2.277373e-05	-1.547221e+01
4.270000e-06	-9.102961e-04	-1.544911e+01
4.280000e-06	1.468856e-03	-1.536680e+01
4.290000e-06	4.927690e-04	-1.524054e+01
4.300000e-06	4.648045e-04	-1.520543e+01
4.310000e-06	5.022133e-04	-1.506369e+01
4.320000e-06	-1.169172e-03	-1.500738e+01
4.330000e-06	1.235537e-04	-1.489167e+01
4.340000e-06	-1.225842e-04	-1.478743e+01
4.350000e-06	7.468297e-05	-1.468216e+01
4.360000e-06	8.112178e-04	-1.456585e+01
4.370000e-06	1.632396e-03	-1.444251e+01
4.380000e-06	4.813472e-04	-1.431429e+01
4.390000e-06	-1.146192e-03	-1.413475e+01
4.400000e-06	-1.233331e-03	-1.403008e+01
4.410000e-06	-2.934734e-04	-1.388261e+01
4.420000e-06	1.410412e-04	-1.369484e+01
4.430000e-06	-3.676367e-04	-1.355525e+01
4.440000e-06	-5.921614e-04	-1.339896e+01
4.450000e-06	-8.323955e-04	-1.326961e+01
4.460000e-06	-5.438728e-04	-1.308211e+01
4.470000e-06	-1.217192e-04	-1.289582e+01
4.480000e-06	3.213706e-04	-1.271627e+01
4.490000e-06	-5.342068e-06	-1.256685e+01
4.500000e-06	-1.082785e-03	-1.237593e+01
4.510000e-06	-4.029264e-04	-1.218493e+01
4.520000e-06	-1.244496e-03	-1.193843e+01
4.530000e-06	-1.000454e-03	-1.176745e+01
4.540000e-06	-2.192018e-03	-1.152437e+01
4.550000e-06	4.200418e-04	-1.128379e+01
4.560000e-06	-9.274389e-04	-1.109969e+01
4.570000e-06	-9.453496e-04	-1.086379e+01
4.580000e-06	-2.335478e-03	-1.058406e+01
4.590000e-06	-2.571297e-03	-1.045218e+01
4.600000e-06	-3.237793e-03	-1.019206e+01
4.610000e-06	-1.479716e-03	-9.986973e+00
4.620000e-06	-1.149587e-03	-9.768423e+00
4.630000e-06	-1.558602e-03	-9.538896e+00
4.640000e-06	-3.043981e-03	-9.274285e+00
4.650000e-06	-2.834265e-03	-9.093158e+00
4.660000e-06	-2.225400e-03	-8.872527e+00
4.670000e-06	-2.655739e-03	-8.554847e+00
4.680000e-06	-2.700232e-03	-8.344241e+00
4.690000e-06	-6.855570e-04	-8.081213e+00
4.700000e-06	-3.149272e-03	-7.802080e+00
4.710000e-06	-3.225640e-03	-7.526293e+00
4.720000e-06	-3.773921e-03	-7.271530e+00
4.730000e-06	-3.130557e-03	-7.009875e+00
4.740000e-06	-2.664007e-03	-6.684688e+00
4.750000e-06	-2.695005e-03	-6.472684e+00
4.760000e-06	-4.061432e-03	-6.156947e+00
4.770000e-06	-3.011190e-03	-5.906259e+00
4.780000e-06	-4.512981e-03	-5.601602e+00
4.790000e-06	-3.101957e-03	-5.285316e+00
4.800000e-06	-4.143560e-03	-5.000527e+00
4.810000e-06	-3.083332e-03	-4.715213e+00
4.820000e-06	-4.731290e-03	-4.400577e+00
4.830000e-06	-3.491088e-03	-4.179474e+00
4.840000e-06	-4.708709e-03	-3.874783e+00
4.850000e-06	-5.057283e-03	-3.599995e+00
4.860000e-06	-4.666073e-03	-3.356288e+00
4.870000e-06	-4.678239e-03	-3.011979e+00
4.880000e-06	-3.393729e-03	-2.715891e+00
4.890000e-06	-3.892084e-03	-2.453157e+00
4.900000e-06	-4.201678e-03	-2.086893e+00
4.910000e-06	-5.183654e-03	-1.844205e+00
4.920000e-06	-4.417737e-03	-1.590424e+00
4.930000e-06	-4.758359e-03	-1.242550e+00
4.940000e-06	-4.265268e-03	-9.463382e-01
4.950000e-06	-5.093986e-03	-6.237315e-01
4.960000e-06	-3.051253e-03	-3.564159e-01
4.970000e-06	-2.405622e-03	-8.118165e-02
4.980000e-06	8.362634e-03	2.010053e-01
4.990000e-06	-5.457022e-03	4.942883e-01
5.000000e-06	3.168855e-03	7.768472e-01
5.010000e-06	-3.569875e-03	1.060710e+00
5.020000e-06	1.017523e-03	1.326320e+00
5.030000e-06	-7.216899e-03	1.724139e+00
5.040000e-06	9.390416e-03	1.936714e+00
5.050000e-06	1.414089e-02	2.146326e+00
5.060000e-06	8.281781e-02	2.442059e+00
5.070000e-06	1.908172e-03	2.789527e+00
5.080000e-06	-7.555599e-02	3.124714e+00
5.090000e-06	-1.587571e-02	3.378426e+00
5.100000e-06	-2.601161e-02	3.672660e+00
5.110000e-06	-1.242217e-02	3.957746e+00
5.120000e-06	-4.028569e-02	4.136423e+00
5.130000e-06	4.935557e-02	4.410054e+00
5.140000e-06	6.901714e-02	4.723771e+00
5.150000e-06	-1.423991e-01	5.010531e+00
5.160000e-06	1.686962e-01	5.302721e+00
5.170000e-06	-1.133913e-01	5.608433e+00
5.180000e-06	-1.124098e-03	5.893136e+00
5.190000e-06	2.977095e-02	6.145898e+00
5.200000e-06	-8.080800e-03	6.357957e+00
5.210000e-06	4.521610e-02	6.702668e+00
5.220000e-06	-8.015182e-02	6.988447e+00
5.230000e-06	2.789410e-02	7.232109e+00
5.240000e-06	-8.392195e-03	7.576774e+00
5.250000e-06	1.913571e-03	7.802033e+00
5.260000e-06	3.856736e-03	8.156198e+00
5.270000e-06	-2.562446e-02	8.388346e+00
5.280000e-06	5.704595e-02	8.567977e+00
5.290000e-06	-5.268236e-02	8.810033e+00
5.300000e-06	8.524630e-03	9.053661e+00
5.310000e-06	-4.611568e-03	9.345797e+00
5.320000e-06	-1.105494e-02	9.547821e+00
5.330000e-06	1.801871e-02	9.776007e+00
5.340000e-06	-1.923868e-02	1.002011e+01
5.350000e-06	1.369393e-02	1.026259e+01
5.360000e-06	-3.690598e-02	1.047317e+01
5.370000e-06	1.570998e-02	1.072722e+01
5.380000e-06	-1.107313e-02	1.092535e+01
5.390000e-06	6.944819e-03	1.110525e+01
5.400000e-06	-1.153976e-02	1.136638e+01
5.410000e-06	-1.015614e-02	1.158798e+01
5.420000e-06	1.022879e-02	1.179846e+01
5.430000e-06	-1.380469e-02	1.199095e+01
5.440000e-06	-6.699058e-03	1.218948e+01
5.450000e-06	-1.149875e-02	1.238643e+01
5.460000e-06	1.680711e-02	1.255995e+01
5.470000e-06	-7.132386e-03	1.274837e+01
5.480000e-06	-1.363992e-02	1.293330e+01
5.490000e-06	-1.052030e-02	1.310424e+01
5.500000e-06	-1.139350e-03	1.330321e+01
5.510000e-06	6.131401e-04	1.342906e+01
5.520000e-06	-1.159927e-02	1.357696e+01
5.530000e-06	-1.293704e-03	1.373435e+01
5.540000e-06	-6.924079e-03	1.391472e+01
5.550000e-06	-3.404753e-03	1.409204e+01
5.560000e-06	-8.920415e-03	1.420893e+01
5.570000e-06	-5.707364e-03	1.435541e+01
5.580000e-06	-5.666116e-03	1.449424e+01
5.590000e-06	-4.254075e-03	1.460953e+01
5.600000e-06	-1.574708e-03	1.468430e+01
5.610000e-06	-1.171945e-02	1.480006e+01
5.620000e-06	-9.883066e-03	1.490580e+01
5.630000e-06	-7.448185e-03	1.499858e+01
5.640000e-06	7.737244e-04	1.508379e+01
5.650000e-06	-5.702424e-03	1.519845e+01
5.660000e-06	-7.534240e-03	1.523222e+01
5.670000e-06	-5.005958e-03	1.535531e+01
5.680000e-06	-6.984641e-03	1.547206e+01
5.690000e-06	-5.359775e-03	1.545367e+01
5.700000e-06	-9.958780e-03	1.549535e+01
5.710000e-06	-5.216528e-03	1.559958e+01
5.720000e-06	-6.991664e-03	1.570259e+01
5.730000e-06	-3.746498e-03	1.571422e+01
5.740000e-06	-8.774745e-03	1.576632e+01
5.750000e-06	-9.961700e-03	1.576793e+01
5.760000e-06	-5.322491e-03	1.583003e+01
5.770000e-06	-2.767308e-03	1.587113e+01
5.780000e-06	-5.128483e-03	1.588966e+01
5.790000e-06	-1.030602e-02	1.584202e+01
5.800000e-06	-6.102298e-03	1.586122e+01
5.810000e-06	-7.690237e-03	1.586164e+01
5.820000e-06	-6.612698e-03	1.588121e+01
5.830000e-06	-9.545077e-03	1.587059e+01
5.840000e-06	-5.455511e-03	1.579856e+01
5.850000e-06	-5.522210e-03	1.582055e+01
5.860000e-06	-7.031010e-03	1.578888e+01
5.870000e-06	-7.245534e-03	1.571627e+01
5.880000e-06	-8.080385e-03	1.571514e+01
5.890000e-06	-6.547468e-03	1.561254e+01
5.900000e-06	-7.392580e-03	1.557900e+01
5.910000e-06	-5.127563e-03	1.552577e+01
5.920000e-06	-7.251052e-03	1.545306e+01
5.930000e-06	-8.278689e-03	1.538701e+01
5.940000e-06	-7.813590e-03	1.532427e+01
5.950000e-06	-7.473951e-03	1.521063e+01
5.960000e-06	-5.520434e-03	1.516588e+01
5.970000e-06	-9.223025e-03	1.508114e+01
5.980000e-06	-4.678105e-03	1.493648e+01
5.990000e-06	-8.326245e-03	1.487361e+01
6.000000e-06	-6.913014e-03	1.473627e+01
6.010000e-06	-9.067260e-03	1.463268e+01
6.020000e-06	-6.778366e-03	1.451679e+01
6.030000e-06	-5.854104e-03	1.439899e+01
6.040000e-06	-7.742331e-03	1.426217e+01
6.050000e-06	-6.827990e-03	1.413615e+01
6.060000e-06	-8.885964e-03	1.394688e+01
6.070000e-06	-6.219560e-03	1.384096e+01
6.080000e-06	-8.331688e-03	1.366262e+01
6.090000e-06	-5.928528e-03	1.352482e+01
6.100000e-06	-7.799185e-03	1.335640e+01
6.110000e-06	-5.904593e-03	1.316998e+01
6.120000e-06	-8.956672e-03	1.303108e+01
6.130000e-06	-6.660639e-03	1.287063e+01
6.140000e-06	-7.930399e-03	1.271163e+01
6.150000e-06	-6.218380e-03	1.250634e+01
6.160000e-06	-6.251006e-03	1.229630e+01
6.170000e-06	-5.707073e-03	1.213842e+01
6.180000e-06	-6.203724e-03	1.197489e+01
6.190000e-06	-7.712687e-03	1.171682e+01
6.200000e-06	-7.783476e-03	1.151527e+01
6.210000e-06	-7.216029e-03	1.127426e+01
6.220000e-06	-5.949955e-03	1.103258e+01
6.230000e-06	-6.435931e-03	1.090369e+01
6.240000e-06	-9.487255e-03	1.070306e+01
6.250000e-06	-4.683257e-03	1.042960e+01
6.260000e-06	-8.414863e-03	1.018901e+01
6.270000e-06	-3.059945e-03	9.978397e+00
6.280000e-06	-7.226022e-03	9.729793e+00
6.290000e-06	-5.766951e-03	9.474686e+00
6.300000e-06	-5.473613e-03	9.273184e+00
6.310000e-06	-7.712706e-03	8.980958e+00
6.320000e-06	-5.616475e-03	8.758375e+00
6.330000e-06	-8.090879e-03	8.536867e+00
6.340000e-06	-5.903149e-03	8.306241e+00
6.350000e-06	-5.834133e-03	8.052604e+00
6.360000e-06	-5.960337e-03	7.748421e+00
6.370000e-06	-5.380418e-03	7.474737e+00
6.380000e-06	-7.527350e-03	7.230647e+00
6.390000e-06	-5.527018e-03	6.958320e+00
6.400000e-06	-5.953465e-03	6.645761e+00
6.410000e-06	-4.880437e-03	6.411054e+00
6.420000e-06	-5.080090e-03	6.138444e+00
6.430000e-06	-6.780479e-03	5.845286e+00
6.440000e-06	-7.170878e-03	5.580422e+00
6.450000e-06	-6.111391e-03	5.296888e+00
6.460000e-06	-4.808651e-03	4.988942e+00
6.470000e-06	-5.078240e-03	4.665258e+00
6.480000e-06	-5.603764e-03	4.420528e+00
6.490000e-06	-4.965041e-03	4.116384e+00
6.500000e-06	-5.294528e-03	3.813580e+00
6.510000e-06	-5.964469e-03	3.599370e+00
6.520000e-06	-5.883000e-03	3.292624e+00
6.530000e-06	-5.573224e-03	2.967966e+00
6.540000e-06	-5.458696e-03	2.726815e+00
6.550000e-06	-5.467459e-03	2.358896e+00
6.560000e-06	-5.573137e-03	2.085739e+00
6.570000e-06	-5.364647e-03	1.782230e+00
6.580000e-06	-4.568697e-03	1.496837e+00
6.590000e-06	-4.576313e-03	1.201075e+00
6.600000e-06	-4.936336e-03	8.932028e-01
6.610000e-06	-4.651081e-03	5.999699e-01
6.620000e-06	-3.664765e-03	3.063131e-01
6.630000e-06	-1.496643e-03	-2.763095e-05
6.640000e-06	8.133212e-03	-2.841368e-01
6.650000e-06	-5.038126e-03	-5.467457e-01
6.660000e-06	2.552320e-03	-8.115578e-01
6.670000e-06	-2.688510e-03	-1.053738e+00
6.680000e-06	2.018022e-03	-1.443033e+00
6.690000e-06	-5.331976e-03	-1.663687e+00
6.700000e-06	1.851002e-02	-1.934297e+00
6.710000e-06	5.123546e-02	-2.146396e+00
6.720000e-06	7.928422e-02	-2.501691e+00
6.730000e-06	-1.216079e-01	-2.860608e+00
6.740000e-06	3.069686e-02	-3.232563e+00
6.750000e-06	-6.683432e-02	-3.492741e+00
6.760000e-06	7.935921e-03	-3.715842e+00
6.770000e-06	-1.080696e-01	-3.999981e+00
6.780000e-06	1.913749e-01	-4.177830e+00
6.790000e-06	-7.754121e-02	-4.429534e+00
6.800000e-06	-4.296499e-02	-4.785427e+00
6.810000e-06	1.662718e-01	-4.988929e+00
6.820000e-06	-2.039137e-01	-5.346346e+00
6.830000e-06	1.663606e-01	-5.641534e+00
6.840000e-06	-1.153508e-01	-5.903168e+00
6.850000e-06	6.546851e-02	-6.229081e+00
6.860000e-06	7.751589e-02	-6.470110e+00
6.870000e-06	-1.490181e-01	-6.756952e+00
6.880000e-06	1.320339e-01	-7.080563e+00
6.890000e-06	-1.316153e-01	-7.304893e+00
6.900000e-06	9.084470e-02	-7.648529e+00
6.910000e-06	-2.385229e-02	-7.890621e+00
6.920000e-06	2.994019e-04	-8.197449e+00
6.930000e-06	9.844048e-02	-8.368826e+00
6.940000e-06	-1.531212e-01	-8.670617e+00
6.950000e-06	1.289030e-01	-8.904695e+00
6.960000e-06	-1.029260e-01	-9.166345e+00
6.970000e-06	8.702894e-02	-9.396477e+00
6.980000e-06	-4.809447e-02	-9.618435e+00
6.990000e-06	1.986028e-02	-9.871118e+00
7.000000e-06	2.614338e-02	-1.002207e+01
7.010000e-06	-5.205701e-02	-1.035432e+01
7.020000e-06	5.134873e-02	-1.054585e+01
7.030000e-06	-5.763556e-02	-1.077592e+01
7.040000e-06	7.712993e-02	-1.095648e+01
7.050000e-06	-5.866801e-02	-1.118546e+01
7.060000e-06	4.657537e-02	-1.142806e+01
7.070000e-06	-2.988767e-02	-1.167012e+01
7.080000e-06	1.959616e-02	-1.188214e+01
7.090000e-06	-2.100716e-02	-1.209207e+01
7.100000e-06	1.258308e-02	-1.227117e+01
7.110000e-06	1.931654e-02	-1.244059e+01
7.120000e-06	-5.653147e-03	-1.263906e+01
7.130000e-06	3.166334e-03	-1.284996e+01
7.140000e-06	-1.434229e-02	-1.298801e+01
7.150000e-06	1.843104e-02	-1.313633e+01
7.160000e-06	-1.264816e-02	-1.334383e+01
7.170000e-06	1.681924e-02	-1.350222e+01
7.180000e-06	-6.174191e-03	-1.363049e+01
7.190000e-06	1.192254e-02	-1.380943e+01
7.200000e-06	-1.266192e-02	-1.396433e+01
7.210000e-06	1.058644e-02	-1.413075e+01
7.220000e-06	-1.263949e-03	-1.424861e+01
7.230000e-06	6.325848e-03	-1.440836e+01
7.240000e-06	-2.060730e-03	-1.450317e+01
7.250000e-06	7.057970e-03	-1.464904e+01
7.260000e-06	-1.481529e-03	-1.476535e+01
7.270000e-06	-4.366298e-03	-1.489054e+01
7.280000e-06	1.212871e-03	-1.495330e+01
7.290000e-06	5.616351e-03	-1.505017e+01
7.300000e-06	6.321445e-03	-1.512525e+01
7.310000e-06	6.048036e-04	-1.523001e+01
7.320000e-06	3.391361e-04	-1.535430e+01
7.330000e-06	-1.854558e-03	-1.538848e+01
7.340000e-06	1.694534e-03	-1.550959e+01
7.350000e-06	1.801042e-03	-1.554482e+01
7.360000e-06	2.942347e-03	-1.558793e+01
7.370000e-06	5.654330e-05	-1.562862e+01
7.380000e-06	8.645554e-04	-1.571065e+01
7.390000e-06	9.655891e-05	-1.576375e+01
7.400000e-06	5.222023e-04	-1.576538e+01
7.410000e-06	2.365048e-03	-1.581749e+01
7.420000e-06	2.276541e-03	-1.584762e+01
7.430000e-06	1.725254e-03	-1.584112e+01
7.440000e-06	-5.982919e-05	-1.587164e+01
7.450000e-06	9.043908e-04	-1.588376e+01
7.460000e-06	-1.159683e-03	-1.589259e+01
7.470000e-06	-3.354608e-04	-1.587367e+01
7.480000e-06	1.312948e-03	-1.588164e+01
7.490000e-06	3.957947e-03	-1.586061e+01
7.500000e-06	1.760324e-03	-1.585999e+01
7.510000e-06	2.282232e-04	-1.580951e+01
7.520000e-06	-7.618891e-04	-1.578741e+01
7.530000e-06	9.029073e-04	-1.574530e+01
7.540000e-06	4.180977e-04	-1.569072e+01
7.550000e-06	1.692574e-03	-1.563912e+01
7.560000e-06	2.038296e-03	-1.558791e+01
7.570000e-06	-1.948847e-04	-1.556335e+01
7.580000e-06	-6.185092e-04	-1.545219e+01
7.590000e-06	4.134560e-04	-1.542891e+01
7.600000e-06	1.297710e-03	-1.532422e+01
7.610000e-06	1.828198e-03	-1.521909e+01
7.620000e-06	6.185023e-04	-1.516478e+01
7.630000e-06	1.783894e-03	-1.508061e+01
7.640000e-06	-9.497457e-04	-1.497530e+01
7.650000e-06	-4.680001e-04	-1.485954e+01
7.660000e-06	-9.276988e-04	-1.474640e+01
7.670000e-06	1.435693e-03	-1.464106e+01
7.680000e-06	6.557857e-04	-1.450732e+01
7.690000e-06	1.657171e-03	-1.440745e+01
7.700000e-06	9.796595e-05	-1.426212e+01
7.710000e-06	2.660112e-04	-1.411392e+01
7.720000e-06	-6.186289e-04	-1.398601e+01
7.730000e-06	-1.128596e-04	-1.385911e+01
7.740000e-06	5.390891e-04	-1.370161e+01
7.750000e-06	-6.939512e-04	-1.350327e+01
7.760000e-06	-2.855934e-04	-1.337687e+01
7.770000e-06	-1.151684e-03	-1.320798e+01
7.780000e-06	5.068705e-05	-1.300963e+01
7.790000e-06	2.001245e-05	-1.286251e+01
7.800000e-06	3.064259e-04	-1.266272e+01
7.810000e-06	-4.963288e-04	-1.255484e+01
7.820000e-06	-1.004467e-03	-1.233589e+01
7.830000e-06	-9.261136e-04	-1.215692e+01
7.840000e-06	-7.691322e-04	-1.193580e+01
7.850000e-06	-1.806293e-03	-1.173472e+01
7.860000e-06	-2.052608e-03	-1.148334e+01
7.870000e-06	-7.175454e-04	-1.124001e+01
7.880000e-06	-1.263664e-03	-1.106163e+01
7.890000e-06	-7.007995e-04	-1.081050e+01
7.900000e-06	-1.802594e-03	-1.063953e+01
7.910000e-06	-1.460769e-03	-1.037095e+01
7.920000e-06	-2.319647e-03	-1.015640e+01
7.930000e-06	-8.741736e-04	-9.945191e+00
7.940000e-06	-2.942898e-03	-9.735713e+00
7.950000e-06	-2.688589e-03	-9.475240e+00
7.960000e-06	-2.242314e-03	-9.220134e+00
7.970000e-06	-2.420392e-03	-9.019027e+00
7.980000e-06	-3.148768e-03	-8.758420e+00
7.990000e-06	-3.246261e-03	-8.534290e+00
8.000000e-06	-2.046109e-03	-8.234155e+00
8.010000e-06	-2.574020e-03	-8.050527e+00
8.020000e-06	-2.652465e-03	-7.717344e+00
8.030000e-06	-3.223632e-03	-7.462584e+00
8.040000e-06	-3.683160e-03	-7.187576e+00
8.050000e-06	-3.110923e-03	-6.924768e+00
8.060000e-06	-3.269304e-03	-6.652081e+00
8.070000e-06	-3.958029e-03	-6.398972e+00
8.080000e-06	-3.453539e-03	-6.124733e+00
8.090000e-06	-3.593275e-03	-5.802656e+00
8.100000e-06	-3.414962e-03	-5.555490e+00
8.110000e-06	-3.742355e-03	-5.230631e+00
8.120000e-06	-4.126241e-03	-4.937386e+00
8.130000e-06	-3.546653e-03	-4.630054e+00
8.140000e-06	-3.379476e-03	-4.380447e+00
8.150000e-06	-3.814681e-03	-4.124364e+00
8.160000e-06	-4.201234e-03	-3.799584e+00
8.170000e-06	-5.439168e-03	-3.526869e+00
8.180000e-06	-4.478728e-03	-3.292734e+00
8.190000e-06	-5.723960e-03	-2.936320e+00
8.200000e-06	-3.159153e-03	-2.663183e+00
8.210000e-06	-4.516993e-03	-2.411470e+00
8.220000e-06	-3.234435e-03	-2.093185e+00
8.230000e-06	-5.216751e-03	-1.839973e+00
8.240000e-06	-3.565033e-03	-1.533364e+00
8.250000e-06	-4.652759e-03	-1.138993e+00
8.260000e-06	-3.749999e-03	-8.932328e-01
8.270000e-06	-5.672146e-03	-5.369438e-01
8.280000e-06	-3.899987e-03	-2.947593e-01
8.290000e-06	-1.057953e-03	-1.207269e-02
8.300000e-06	9.616270e-03	2.947644e-01
8.310000e-06	-7.913455e-03	5.778473e-01
8.320000e-06	6.604200e-03	7.899650e-01
8.330000e-06	-6.408491e-03	1.125744e+00
8.340000e-06	2.930605e-03	1.389504e+00
8.350000e-06	-9.191970e-03	1.757372e+00
8.360000e-06	1.550766e-02	1.967875e+00
8.370000e-06	1.845382e-02	2.200105e+00
8.380000e-06	9.752905e-02	2.512846e+00
8.390000e-06	-5.193522e-02	2.893212e+00
8.400000e-06	-4.325776e-02	3.227398e+00
8.410000e-06	-3.079540e-02	3.482532e+00
8.420000e-06	-4.979229e-03	3.755269e+00
8.430000e-06	-3.528765e-02	3.985873e+00
8.440000e-06	-1.540687e-02	4.231036e+00
8.450000e-06	6.385150e-02	4.462160e+00
8.460000e-06	1.837238e-02	4.819375e+00
8.470000e-06	-1.072838e-01	5.063692e+00
8.480000e-06	1.858225e-01	5.377848e+00
8.490000e-06	-1.736757e-01	5.636187e+00
8.500000e-06	7.306429e-02	5.934426e+00
8.510000e-06	-2.402245e-02	6.219980e+00
8.520000e-06	3.051799e-02	6.453710e+00
8.530000e-06	1.504447e-02	6.778376e+00
8.540000e-06	-7.387229e-02	7.051008e+00
8.550000e-06	5.164695e-02	7.283796e+00
8.560000e-06	-4.142245e-02	7.608958e+00
8.570000e-06	3.309637e-02	7.893139e+00
8.580000e-06	-3.068025e-02	8.197927e+00
8.590000e-06	1.595275e-02	8.411006e+00
8.600000e-06	2.934344e-02	8.619609e+00
8.610000e-06	-5.449887e-02	8.904313e+00
8.620000e-06	2.449083e-02	9.123321e+00
8.630000e-06	-2.381933e-02	9.377401e+00
8.640000e-06	1.289861e-02	9.609954e+00
8.650000e-06	-8.928573e-03	9.839539e+00
8.660000e-06	3.246370e-03	1.010419e+01
8.670000e-06	-1.018939e-02	1.029519e+01
8.680000e-06	-1.628376e-02	1.053780e+01
8.690000e-06	4.648933e-03	1.075866e+01
8.700000e-06	-6.045571e-03	1.098835e+01
8.710000e-06	4.886337e-03	1.114840e+01
8.720000e-06	-1.436783e-02	1.141896e+01
8.730000e-06	-5.594561e-04	1.164211e+01
8.740000e-06	2.645593e-04	1.187164e+01
8.750000e-06	-7.877733e-03	1.206111e+01
8.760000e-06	-1.340062e-02	1.225009e+01
8.770000e-06	3.093957e-03	1.247058e+01
8.780000e-06	6.314138e-03	1.262001e+01
8.790000e-06	-5.471140e-03	1.276848e+01
8.800000e-06	-1.745642e-02	1.294840e+01
8.810000e-06	-3.290365e-03	1.318627e+01
8.820000e-06	-1.497202e-03	1.333380e+01
8.830000e-06	-3.863367e-03	1.351162e+01
8.840000e-06	-9.496974e-03	1.358853e+01
8.850000e-06	-4.081702e-03	1.377598e+01
8.860000e-06	-2.482015e-03	1.393425e+01
8.870000e-06	-6.783437e-03	1.407322e+01
8.880000e-06	-4.831454e-03	1.419956e+01
8.890000e-06	-7.990649e-03	1.439094e+01
8.900000e-06	-2.210032e-03	1.453580e+01
8.910000e-06	-5.719464e-03	1.463208e+01
8.920000e-06	-2.292048e-03	1.470692e+01
8.930000e-06	-1.301185e-02	1.486111e+01
8.940000e-06	-1.000583e-02	1.495632e+01
8.950000e-06	-3.444656e-03	1.501171e+01
8.960000e-06	-2.440939e-03	1.513534e+01
8.970000e-06	-4.847870e-03	1.520951e+01
8.980000e-06	-1.029700e-02	1.525330e+01
8.990000e-06	-1.578992e-03	1.536690e+01
9.000000e-06	-8.055700e-03	1.545209e+01
9.010000e-06	-4.797844e-03	1.553432e+01
9.020000e-06	-1.081518e-02	1.557748e+01
9.030000e-06	-5.348715e-03	1.560948e+01
9.040000e-06	-5.753886e-03	1.570264e+01
9.050000e-06	-5.007248e-03	1.575527e+01
9.060000e-06	-8.766089e-03	1.574840e+01
9.070000e-06	-1.041273e-02	1.574798e+01
9.080000e-06	-3.485330e-03	1.580961e+01
9.090000e-06	-4.430083e-03	1.581208e+01
9.100000e-06	-5.689289e-03	1.585124e+01
9.110000e-06	-9.557860e-03	1.587209e+01
9.120000e-06	-5.650151e-03	1.588311e+01
9.130000e-06	-6.789216e-03	1.586153e+01
9.140000e-06	-8.422635e-03	1.587163e+01
9.150000e-06	-8.037314e-03	1.583058e+01
9.160000e-06	-5.971490e-03	1.579098e+01
9.170000e-06	-5.278479e-03	1.577003e+01
9.180000e-06	-9.361218e-03	1.577783e+01
9.190000e-06	-6.330811e-03	1.571682e+01
9.200000e-06	-9.886864e-03	1.567562e+01
9.210000e-06	-4.009117e-03	1.566051e+01
9.220000e-06	-8.575777e-03	1.556690e+01
9.230000e-06	-4.026957e-03	1.552527e+01
9.240000e-06	-8.527274e-03	1.545211e+01
9.250000e-06	-7.428057e-03	1.538838e+01
9.260000e-06	-5.034136e-03	1.530274e+01
9.270000e-06	-7.273023e-03	1.520001e+01
9.280000e-06	-6.122856e-03	1.514529e+01
9.290000e-06	-9.271197e-03	1.505061e+01
9.300000e-06	-5.675151e-03	1.492732e+01
9.310000e-06	-6.694368e-03	1.484096e+01
9.320000e-06	-8.696462e-03	1.470627e+01
9.330000e-06	-5.018684e-03	1.459053e+01
9.340000e-06	-6.936568e-03	1.448422e+01
9.350000e-06	-3.768331e-03	1.434840e+01
9.360000e-06	-1.010314e-02	1.421959e+01
9.370000e-06	-7.453597e-03	1.406424e+01
9.380000e-06	-1.004967e-02	1.389682e+01
9.390000e-06	-6.412618e-03	1.380006e+01
9.400000e-06	-7.637645e-03	1.363065e+01
9.410000e-06	-5.931392e-03	1.349362e+01
9.420000e-06	-7.373314e-03	1.333585e+01
9.430000e-06	-5.679272e-03	1.317633e+01
9.440000e-06	-6.958427e-03	1.299985e+01
9.450000e-06	-6.646996e-03	1.280908e+01
9.460000e-06	-8.083909e-03	1.263206e+01
9.470000e-06	-6.001677e-03	1.247324e+01
9.480000e-06	-7.722304e-03	1.226357e+01
9.490000e-06	-6.942098e-03	1.209475e+01
9.500000e-06	-6.739867e-03	1.184519e+01
9.510000e-06	-6.644989e-03	1.167472e+01
9.520000e-06	-6.838597e-03	1.147214e+01
9.530000e-06	-5.981584e-03	1.122063e+01
9.540000e-06	-6.392190e-03	1.101253e+01
9.550000e-06	-5.220952e-03	1.081146e+01
9.560000e-06	-7.351797e-03	1.061000e+01
9.570000e-06	-7.378918e-03	1.034793e+01
9.580000e-06	-8.071357e-03	1.015687e+01
9.590000e-06	-6.734132e-03	9.875268e+00
9.600000e-06	-7.322025e-03	9.652183e+00
9.610000e-06	-5.587172e-03	9.412029e+00
9.620000e-06	-5.709232e-03	9.189580e+00
9.630000e-06	-6.348876e-03	8.967921e+00
9.640000e-06	-5.615424e-03	8.765291e+00
9.650000e-06	-6.612231e-03	8.504661e+00
9.660000e-06	-5.911539e-03	8.232575e+00
9.670000e-06	-6.447746e-03	7.988393e+00
9.680000e-06	-6.579565e-03	7.706241e+00
9.690000e-06	-6.000882e-03	7.423000e+00
9.700000e-06	-6.711532e-03	7.147843e+00
9.710000e-06	-5.305665e-03	6.855817e+00
9.720000e-06	-4.992168e-03	6.613530e+00
9.730000e-06	-5.565864e-03	6.317942e+00
9.740000e-06	-6.396440e-03	6.135711e+00
9.750000e-06	-5.588370e-03	5.810103e+00
9.760000e-06	-6.322096e-03	5.506367e+00
9.770000e-06	-5.990607e-03	5.235155e+00
9.780000e-06	-6.202552e-03	4.924811e+00
9.790000e-06	-6.277214e-03	4.611072e+00
9.800000e-06	-4.728974e-03	4.319390e+00
9.810000e-06	-4.788529e-03	4.052582e+00
9.820000e-06	-5.874539e-03	3.758443e+00
9.830000e-06	-5.612924e-03	3.495937e+00
9.840000e-06	-5.578425e-03	3.210996e+00
9.850000e-06	-4.464180e-03	2.914712e+00
9.860000e-06	-5.138186e-03	2.612128e+00
9.870000e-06	-5.894713e-03	2.315258e+00
9.880000e-06	-6.256199e-03	2.052627e+00
9.890000e-06	-5.308229e-03	1.708816e+00
9.900000e-06	-4.762748e-03	1.403103e+00
9.910000e-06	-4.479650e-03	1.147367e+00
9.920000e-06	-4.136121e-03	8.330978e-01
9.930000e-06	-4.735304e-03	4.968119e-01
9.940000e-06	-3.703873e-03	2.621502e-01
9.950000e-06	-1.405312e-03	-9.266176e-02
9.960000e-06	1.076318e-02	-3.568444e-01
9.970000e-06	-8.650852e-03	-5.974274e-01
9.980000e-06	6.271979e-03	-9.247105e-01
9.990000e-06	-7.574838e-03	-1.177351e+00
1.000000e-05	5.153777e-03	-1.533222e+00
1.001000e-05	-5.294988e-03	-1.756321e+00
1.002000e-05	2.685395e-02	-1.968925e+00
1.003000e-05	7.502549e-02	-2.247938e+00
1.004000e-05	2.379520e-02	-2.588403e+00
1.005000e-05	-9.802770e-02	-2.964825e+00
1.006000e-05	2.153199e-02	-3.325796e+00
1.007000e-05	-5.511043e-02	-3.577350e+00
1.008000e-05	-1.726016e-02	-3.787929e+00
1.009000e-05	-6.540144e-02	-4.071134e+00
1.010000e-05	2.084930e-01	-4.230009e+00
1.011000e-05	-1.745766e-01	-4.523771e+00
1.012000e-05	9.146277e-02	-4.849579e+00
1.013000e-05	5.220280e-02	-5.061115e+00
1.014000e-05	-1.561508e-01	-5.450511e+00
1.015000e-05	1.706895e-01	-5.671193e+00
1.016000e-05	-1.676887e-01	-5.976455e+00
1.017000e-05	1.580379e-01	-6.281140e+00
1.018000e-05	-3.106798e-02	-6.533297e+00
1.019000e-05	-7.624296e-02	-6.840938e+00
1.020000e-05	1.057449e-01	-7.082722e+00
1.021000e-05	-1.426384e-01	-7.407531e+00
1.022000e-05	1.444497e-01	-7.681115e+00
1.023000e-05	-1.068752e-01	-7.935874e+00
1.024000e-05	1.009110e-01	-8.218485e+00
1.025000e-05	-5.745454e-03	-8.411563e+00
1.026000e-05	-7.854670e-02	-8.743748e+00
1.027000e-05	9.955641e-02	-8.956850e+00
1.028000e-05	-1.034462e-01	-9.200460e+00
1.029000e-05	1.106438e-01	-9.459688e+00
1.030000e-05	-9.670050e-02	-9.682568e+00
1.031000e-05	8.076643e-02	-9.913769e+00
1.032000e-05	-3.766322e-02	-1.014473e+01
1.033000e-05	8.274028e-03	-1.038903e+01
1.034000e-05	4.288811e-03	-1.057801e+01
1.035000e-05	-1.847733e-02	-1.082951e+01
1.036000e-05	5.024306e-02	-1.100756e+01
1.037000e-05	-5.066767e-02	-1.124104e+01
1.038000e-05	5.189942e-02	-1.147166e+01
1.039000e-05	-4.158508e-02	-1.172127e+01
1.040000e-05	3.490795e-02	-1.190470e+01
1.041000e-05	-3.912087e-02	-1.211375e+01
1.042000e-05	4.008944e-02	-1.231377e+01
1.043000e-05	-6.899247e-03	-1.251270e+01
1.044000e-05	1.045775e-02	-1.268274e+01
1.045000e-05	-1.528562e-02	-1.285063e+01
1.046000e-05	6.040010e-03	-1.301098e+01
1.047000e-05	6.123674e-03	-1.318640e+01
1.048000e-05	-5.582991e-03	-1.334386e+01
1.049000e-05	1.009966e-02	-1.349684e+01
1.050000e-05	-3.276353e-03	-1.369214e+01
1.051000e-05	9.685283e-03	-1.382911e+01
1.052000e-05	-1.283662e-02	-1.399751e+01
1.053000e-05	1.345644e-02	-1.415430e+01
1.054000e-05	-7.443668e-03	-1.426312e+01
1.055000e-05	1.047987e-02	-1.441991e+01
1.056000e-05	-5.727814e-03	-1.451530e+01
1.057000e-05	1.166224e-02	-1.466112e+01
1.058000e-05	-5.802422e-03	-1.473288e+01
1.059000e-05	-1.232002e-03	-1.489179e+01
1.060000e-05	2.321573e-03	-1.494438e+01
1.061000e-05	3.368536e-03	-1.504117e+01
1.062000e-05	6.519978e-03	-1.511532e+01
1.063000e-05	-3.021708e-03	-1.524016e+01
1.064000e-05	3.027255e-03	-1.535432e+01
1.065000e-05	-2.901032e-03	-1.541036e+01
1.066000e-05	3.456508e-03	-1.550166e+01
1.067000e-05	1.208486e-03	-1.554587e+01
1.068000e-05	2.419722e-03	-1.562648e+01
1.069000e-05	-1.790498e-04	-1.564114e+01
1.070000e-05	1.559798e-03	-1.571225e+01
1.071000e-05	2.677544e-05	-1.572425e+01
1.072000e-05	1.675502e-04	-1.580640e+01
1.073000e-05	1.718068e-03	-1.580738e+01
1.074000e-05	-2.074610e-04	-1.585121e+01
1.075000e-05	3.352882e-03	-1.582012e+01
1.076000e-05	-2.273191e-03	-1.587157e+01
1.077000e-05	4.124938e-03	-1.587225e+01
1.078000e-05	-1.345583e-03	-1.589164e+01
1.079000e-05	2.785160e-03	-1.584222e+01
1.080000e-05	2.490054e-03	-1.587067e+01
1.081000e-05	1.298304e-04	-1.586115e+01
1.082000e-05	8.051267e-05	-1.579859e+01
1.083000e-05	-2.829154e-03	-1.583648e+01
1.084000e-05	1.538517e-03	-1.575738e+01
1.085000e-05	-9.335451e-05	-1.574340e+01
1.086000e-05	2.716839e-03	-1.566915e+01
1.087000e-05	3.875670e-03	-1.563851e+01
1.088000e-05	4.618512e-03	-1.557638e+01
1.089000e-05	-2.426021e-04	-1.552282e+01
1.090000e-05	-2.156082e-03	-1.546106e+01
1.091000e-05	-9.032704e-04	-1.535633e+01
1.092000e-05	6.846409e-04	-1.531175e+01
1.093000e-05	-9.762453e-04	-1.524886e+01
1.094000e-05	2.677664e-04	-1.509335e+01
1.095000e-05	8.537285e-04	-1.505061e+01
1.096000e-05	2.337966e-03	-1.494532e+01
1.097000e-05	4.371381e-04	-1.481014e+01
1.098000e-05	5.751303e-04	-1.473572e+01
1.099000e-05	1.322369e-04	-1.462008e+01
1.100000e-05	1.089519e-03	-1.448330e+01
1.101000e-05	-1.023475e-04	-1.434843e+01
1.102000e-05	-2.749558e-03	-1.421221e+01
1.103000e-05	-4.188858e-04	-1.409274e+01
1.104000e-05	-1.146385e-03	-1.392582e+01
1.105000e-05	3.379469e-03	-1.380700e+01
1.106000e-05	9.334675e-04	-1.360098e+01
1.107000e-05	-4.193099e-04	-1.344116e+01
1.108000e-05	-1.128377e-04	-1.330382e+01
1.109000e-05	-4.123240e-03	-1.315689e+01
1.110000e-05	1.859511e-03	-1.299691e+01
1.111000e-05	-2.567279e-03	-1.285101e+01
1.112000e-05	1.580458e-03	-1.264019e+01
1.113000e-05	-2.401806e-03	-1.246274e+01
1.114000e-05	1.001988e-04	-1.230376e+01
1.115000e-05	-1.602015e-04	-1.205429e+01
1.116000e-05	-1.497211e-03	-1.189369e+01
1.117000e-05	-2.464987e-03	-1.169171e+01
1.118000e-05	-1.291907e-03	-1.141951e+01
1.119000e-05	-6.604499e-04	-1.120198e+01
1.120000e-05	-5.852948e-04	-1.097450e+01
1.121000e-05	-1.437453e-03	-1.076845e+01
1.122000e-05	-1.505616e-03	-1.057900e+01
1.123000e-05	-3.669402e-03	-1.031592e+01
1.124000e-05	-2.500815e-03	-1.010529e+01
1.125000e-05	4.610024e-04	-9.914163e+00
1.126000e-05	-1.122005e-03	-9.673039e+00
1.127000e-05	-2.048650e-03	-9.411109e+00
1.128000e-05	-4.393279e-03	-9.226447e+00
1.129000e-05	-5.617620e-03	-8.978348e+00
1.130000e-05	-1.389500e-03	-8.703243e+00
1.131000e-05	-2.389923e-03	-8.461205e+00
1.132000e-05	-8.951000e-04	-8.190552e+00
1.133000e-05	-3.671233e-03	-7.939349e+00
1.134000e-05	-3.244326e-03	-7.681640e+00
1.135000e-05	-1.653778e-03	-7.358597e+00
1.136000e-05	-3.200325e-03	-7.114242e+00
1.137000e-05	-3.813253e-03	-6.830106e+00
1.138000e-05	-3.672154e-03	-6.579474e+00
1.139000e-05	-3.393653e-03	-6.326416e+00
1.140000e-05	-6.369011e-04	-6.041130e+00
1.141000e-05	-5.226351e-03	-5.749943e+00
1.142000e-05	-4.300463e-03	-5.473709e+00
1.143000e-05	-4.939078e-03	-5.128400e+00
1.144000e-05	-2.175055e-03	-4.874115e+00
1.145000e-05	-3.717397e-03	-4.557341e+00
1.146000e-05	-1.474475e-03	-4.347364e+00
1.147000e-05	-4.894990e-03	-4.052654e+00
1.148000e-05	-5.143701e-03	-3.755393e+00
1.149000e-05	-5.039136e-03	-3.464286e+00
1.150000e-05	-3.999382e-03	-3.208000e+00
1.151000e-05	-5.670022e-03	-2.834211e+00
1.152000e-05	-4.535620e-03	-2.591025e+00
1.153000e-05	-4.239420e-03	-2.318335e+00
1.154000e-05	-2.486055e-03	-2.020426e+00
1.155000e-05	-4.966260e-03	-1.727318e+00
1.156000e-05	-4.368922e-03	-1.422570e+00
1.157000e-05	-4.573668e-03	-1.064210e+00
1.158000e-05	-3.887876e-03	-7.920513e-01
1.159000e-05	-4.233266e-03	-4.338092e-01
1.160000e-05	-4.883649e-03	-2.019964e-01
1.161000e-05	1.324086e-04	7.268777e-02
1.162000e-05	7.013044e-03	3.874986e-01
1.163000e-05	-4.580599e-03	6.209800e-01
1.164000e-05	5.599145e-03	8.826880e-01
1.165000e-05	-5.350071e-03	1.220557e+00
1.166000e-05	2.141513e-03	1.513209e+00
1.167000e-05	-6.085698e-03	1.820079e+00
1.168000e-05	1.573476e-02	1.989554e+00
1.169000e-05	3.143576e-02	2.304219e+00
1.170000e-05	9.025728e-02	2.589397e+00
1.171000e-05	-8.774844e-02	2.946294e+00
1.172000e-05	-1.623789e-02	3.201555e+00
1.173000e-05	-4.379316e-02	3.538298e+00
1.174000e-05	8.702915e-03	3.831030e+00
1.175000e-05	-5.355166e-02	3.991006e+00
1.176000e-05	8.206627e-03	4.293693e+00
1.177000e-05	7.790941e-02	4.526771e+00
1.178000e-05	-4.977358e-02	4.852113e+00
1.179000e-05	-2.054763e-02	5.146296e+00
1.180000e-05	1.249254e-01	5.441034e+00
1.181000e-05	-1.708874e-01	5.753349e+00
1.182000e-05	1.010414e-01	6.030581e+00
1.183000e-05	-5.177280e-02	6.292140e+00
1.184000e-05	6.139831e-02	6.518346e+00
1.185000e-05	-2.295321e-02	6.801058e+00
1.186000e-05	-5.200971e-02	7.123644e+00
1.187000e-05	5.182925e-02	7.407476e+00
1.188000e-05	-5.132046e-02	7.701691e+00
1.189000e-05	4.945187e-02	7.934823e+00
1.190000e-05	-5.667575e-02	8.261483e+00
1.191000e-05	4.926722e-02	8.462664e+00
1.192000e-05	-5.966393e-03	8.692094e+00
1.193000e-05	-3.959834e-02	8.905872e+00
1.194000e-05	2.986846e-02	9.217955e+00
1.195000e-05	-3.593689e-02	9.428530e+00
1.196000e-05	3.006103e-02	9.675539e+00
1.197000e-05	-2.975274e-02	9.923697e+00
1.198000e-05	2.437918e-02	1.012575e+01
1.199000e-05	-3.241335e-02	1.039543e+01
1.200000e-05	4.609083e-03	1.061941e+01
1.201000e-05	-7.310925e-03	1.082998e+01
1.202000e-05	1.389740e-03	1.102053e+01
1.203000e-05	-4.150963e-04	1.124101e+01
1.204000e-05	-1.620035e-02	1.148314e+01
1.205000e-05	7.749649e-03	1.169222e+01
1.206000e-05	-9.683778e-03	1.192322e+01
1.207000e-05	-1.153949e-03	1.215225e+01
1.208000e-05	-2.017049e-02	1.229317e+01
1.209000e-05	1.516861e-02	1.248366e+01
1.210000e-05	-3.784839e-03	1.261106e+01
1.211000e-05	-5.128270e-03	1.283113e+01
1.212000e-05	-1.966479e-02	1.298851e+01
1.213000e-05	5.738284e-04	1.316795e+01
1.214000e-05	-9.711258e-04	1.334678e+01
1.215000e-05	-7.959730e-03	1.350529e+01
1.216000e-05	-5.475167e-03	1.368169e+01
1.217000e-05	-5.982516e-03	1.381996e+01
1.218000e-05	4.383777e-04	1.395780e+01
1.219000e-05	-1.233418e-02	1.416672e+01
1.220000e-05	-2.812190e-03	1.431210e+01
1.221000e-05	-9.708315e-03	1.444003e+01
1.222000e-05	-9.910244e-04	1.456683e+01
1.223000e-05	-5.267650e-03	1.470106e+01
1.224000e-05	-5.788766e-03	1.473940e+01
1.225000e-05	-1.106193e-02	1.487208e+01
1.226000e-05	-9.827194e-03	1.495608e+01
1.227000e-05	7.332224e-04	1.507121e+01
1.228000e-05	-5.392134e-03	1.518533e+01
1.229000e-05	-4.388452e-03	1.520946e+01
1.230000e-05	-1.044542e-02	1.533327e+01
1.231000e-05	-2.981438e-03	1.539896e+01
1.232000e-05	-8.843419e-03	1.548319e+01
1.233000e-05	-5.682037e-03	1.551785e+01
1.234000e-05	-8.313176e-03	1.555895e+01
1.235000e-05	-5.725814e-03	1.562051e+01
1.236000e-05	-4.646957e-03	1.569417e+01
1.237000e-05	-6.617564e-03	1.574883e+01
1.238000e-05	-7.964882e-03	1.577840e+01
1.239000e-05	-9.689269e-03	1.574900e+01
1.240000e-05	-2.861562e-03	1.579156e+01
1.241000e-05	-5.099834e-03	1.590106e+01
1.242000e-05	-6.629887e-03	1.586409e+01
1.243000e-05	-9.302958e-03	1.588064e+01
1.244000e-05	-7.101014e-03	1.589219e+01
1.245000e-05	-6.134255e-03	1.586956e+01
1.246000e-05	-9.135413e-03	1.586161e+01
1.247000e-05	-5.977424e-03	1.587056e+01
1.248000e-05	-6.837942e-03	1.578898e+01
1.249000e-05	-5.521638e-03	1.577838e+01
1.250000e-05	-8.903316e-03	1.577887e+01
1.251000e-05	-6.763117e-03	1.570634e+01
1.252000e-05	-8.301041e-03	1.565261e+01
1.253000e-05	-6.945845e-03	1.563098e+01
1.254000e-05	-5.440349e-03	1.552838e+01
1.255000e-05	-6.006209e-03	1.552320e+01
1.256000e-05	-8.368226e-03	1.543054e+01
1.257000e-05	-9.949646e-03	1.536733e+01
1.258000e-05	-6.098364e-03	1.529372e+01
1.259000e-05	-6.466254e-03	1.519851e+01
1.260000e-05	-8.036063e-03	1.515479e+01
1.261000e-05	-7.331986e-03	1.501895e+01
1.262000e-05	-7.206637e-03	1.492566e+01
1.263000e-05	-6.186071e-03	1.481948e+01
1.264000e-05	-1.082534e-02	1.467424e+01
1.265000e-05	-5.697623e-03	1.458793e+01
1.266000e-05	-7.964345e-03	1.447214e+01
1.267000e-05	-3.187276e-03	1.435580e+01
1.268000e-05	-1.047850e-02	1.420000e+01
1.269000e-05	-6.325076e-03	1.404256e+01
1.270000e-05	-9.918187e-03	1.390475e+01
1.271000e-05	-5.629000e-03	1.373787e+01
1.272000e-05	-7.786566e-03	1.362848e+01
1.273000e-05	-6.838429e-03	1.340163e+01
1.274000e-05	-7.585012e-03	1.329376e+01
1.275000e-05	-6.644957e-03	1.311579e+01
1.276000e-05	-7.352363e-03	1.296737e+01
1.277000e-05	-6.828419e-03	1.276745e+01
1.278000e-05	-7.813311e-03	1.260008e+01
1.279000e-05	-6.220808e-03	1.239253e+01
1.280000e-05	-5.952720e-03	1.221109e+01
1.281000e-05	-6.355166e-03	1.205113e+01
1.282000e-05	-7.970765e-03	1.182058e+01
1.283000e-05	-7.054009e-03	1.161153e+01
1.284000e-05	-7.044334e-03	1.140055e+01
1.285000e-05	-5.170890e-03	1.120648e+01
1.286000e-05	-7.820799e-03	1.097795e+01
1.287000e-05	-7.124089e-03	1.077845e+01
1.288000e-05	-6.341966e-03	1.054730e+01
1.289000e-05	-5.904394e-03	1.030582e+01
1.290000e-05	-7.945468e-03	1.011587e+01
1.291000e-05	-6.919244e-03	9.834061e+00
1.292000e-05	-5.814304e-03	9.630499e+00
1.293000e-05	-7.219710e-03	9.388423e+00
1.294000e-05	-5.947806e-03	9.158872e+00
1.295000e-05	-8.439256e-03	8.905761e+00
1.296000e-05	-3.288824e-03	8.623105e+00
1.297000e-05	-6.019497e-03	8.471078e+00
1.298000e-05	-6.600178e-03	8.199873e+00
1.299000e-05	-6.124671e-03	7.855188e+00
1.300000e-05	-8.512526e-03	7.642080e+00
1.301000e-05	-5.226581e-03	7.398890e+00
1.302000e-05	-6.790769e-03	7.054638e+00
1.303000e-05	-4.297644e-03	6.821133e+00
1.304000e-05	-7.299836e-03	6.548420e+00
1.305000e-05	-5.978781e-03	6.264758e+00
1.306000e-05	-4.596370e-03	6.052030e+00
1.307000e-05	-3.880090e-03	5.779870e+00
1.308000e-05	-5.829058e-03	5.454686e+00
1.309000e-05	-8.389634e-03	5.118896e+00
1.310000e-05	-8.194193e-03	4.841025e+00
1.311000e-05	-4.588223e-03	4.556845e+00
1.312000e-05	-3.889738e-03	4.276259e+00
1.313000e-05	-3.481529e-03	3.989945e+00
1.314000e-05	-9.078027e-03	3.706816e+00
1.315000e-05	-6.703564e-03	3.423976e+00
1.316000e-05	-3.652915e-03	3.097412e+00
1.317000e-05	-3.474693e-03	2.870706e+00
1.318000e-05	-4.987698e-03	2.547921e+00
1.319000e-05	-7.783972e-03	2.272077e+00
1.320000e-05	-6.758234e-03	1.980446e+00
1.321000e-05	-3.373848e-03	1.674278e+00
1.322000e-05	-4.574672e-03	1.349417e+00
1.323000e-05	-6.151600e-03	1.062658e+00
1.324000e-05	-8.437171e-03	7.298659e-01
1.325000e-05	-2.417325e-03	4.326040e-01
1.326000e-05	-6.292570e-04	1.285677e-01
1.327000e-05	2.415663e-03	-1.462921e-01
1.328000e-05	6.272711e-03	-4.089773e-01
1.329000e-05	-7.342869e-03	-6.741619e-01
1.330000e-05	7.464990e-03	-9.778661e-01
1.331000e-05	-6.453250e-03	-1.221085e+00
1.332000e-05	1.333831e-03	-1.547946e+00
1.333000e-05	-3.299697e-03	-1.787455e+00
1.334000e-05	3.252185e-02	-2.010580e+00
1.335000e-05	1.012079e-01	-2.322819e+00
1.336000e-05	-4.547912e-02	-2.680610e+00
1.337000e-05	-5.110326e-02	-3.092136e+00
1.338000e-05	-1.152105e-02	-3.356502e+00
1.339000e-05	-2.214040e-02	-3.598476e+00
1.340000e-05	-5.829222e-02	-3.873615e+00
1.341000e-05	1.596420e-02	-4.072236e+00
1.342000e-05	1.667478e-01	-4.291613e+00
1.343000e-05	-2.063538e-01	-4.587426e+00
1.344000e-05	1.842520e-01	-4.871064e+00
1.345000e-05	-8.283984e-02	-5.124375e+00
1.346000e-05	-5.375126e-02	-5.535221e+00
1.347000e-05	1.051312e-01	-5.735342e+00
1.348000e-05	-1.438109e-01	-6.051114e+00
1.349000e-05	1.982961e-01	-6.335820e+00
1.350000e-05	-1.278140e-01	-6.588982e+00
1.351000e-05	1.339839e-02	-6.872242e+00
1.352000e-05	3.112099e-02	-7.195726e+00
1.353000e-05	-9.238525e-02	-7.462188e+00
1.354000e-05	1.437013e-01	-7.713776e+00
1.355000e-05	-1.398963e-01	-8.019964e+00
1.356000e-05	1.636353e-01	-8.281144e+00
1.357000e-05	-1.077540e-01	-8.494743e+00
1.358000e-05	1.983597e-02	-8.768012e+00
1.359000e-05	3.091997e-02	-9.038507e+00
1.360000e-05	-5.770065e-02	-9.272164e+00
1.361000e-05	8.751415e-02	-9.483197e+00
1.362000e-05	-9.778290e-02	-9.715272e+00
1.363000e-05	1.095294e-01	-9.947797e+00
1.364000e-05	-8.542549e-02	-1.021843e+01
1.365000e-05	5.293986e-02	-1.045057e+01
1.366000e-05	-4.371842e-02	-1.066056e+01
1.367000e-05	3.442851e-02	-1.086069e+01
1.368000e-05	8.310892e-03	-1.109157e+01
1.369000e-05	-2.173838e-02	-1.133369e+01
1.370000e-05	3.096594e-02	-1.152419e+01
1.371000e-05	-3.220673e-02	-1.177483e+01
1.372000e-05	3.185504e-02	-1.203638e+01
1.373000e-05	-4.055873e-02	-1.214588e+01
1.374000e-05	4.995664e-02	-1.236582e+01
1.375000e-05	-2.158654e-02	-1.254333e+01
1.376000e-05	2.342832e-02	-1.275534e+01
1.377000e-05	-2.703662e-02	-1.289219e+01
1.378000e-05	2.005502e-02	-1.309116e+01
1.379000e-05	-9.207656e-03	-1.324061e+01
1.380000e-05	6.938355e-03	-1.336743e+01
1.381000e-05	3.921554e-03	-1.353590e+01
1.382000e-05	4.737577e-03	-1.375425e+01
1.383000e-05	9.130736e-04	-1.387209e+01
1.384000e-05	-7.369356e-03	-1.400806e+01
1.385000e-05	1.031522e-02	-1.416443e+01
1.386000e-05	-3.426367e-03	-1.429512e+01
1.387000e-05	6.607448e-03	-1.444149e+01
1.388000e-05	-1.942889e-03	-1.456685e+01
1.389000e-05	8.897309e-03	-1.471177e+01
1.390000e-05	-6.947205e-03	-1.481698e+01
1.391000e-05	-3.393479e-04	-1.490182e+01
1.392000e-05	1.707109e-03	-1.500748e+01
1.393000e-05	6.874620e-03	-1.508220e+01
1.394000e-05	4.221107e-03	-1.520639e+01
1.395000e-05	-1.049948e-03	-1.529119e+01
1.396000e-05	1.429032e-04	-1.533575e+01
1.397000e-05	-1.377460e-03	-1.545853e+01
1.398000e-05	3.721061e-03	-1.552219e+01
1.399000e-05	2.824062e-03	-1.556588e+01
1.400000e-05	2.168881e-03	-1.563843e+01
1.401000e-05	1.252545e-03	-1.566064e+01
1.402000e-05	4.837724e-04	-1.575288e+01
1.403000e-05	1.657793e-05	-1.576325e+01
1.404000e-05	-3.241474e-04	-1.579646e+01
1.405000e-05	2.932503e-03	-1.583649e+01
1.406000e-05	2.319908e-03	-1.585211e+01
1.407000e-05	1.691933e-03	-1.587161e+01
1.408000e-05	-3.972357e-04	-1.591207e+01
1.409000e-05	8.521921e-04	-1.588372e+01
1.410000e-05	-7.240071e-04	-1.588120e+01
1.411000e-05	4.046989e-04	-1.586366e+01
1.412000e-05	2.838511e-03	-1.586069e+01
1.413000e-05	2.697898e-03	-1.587154e+01
1.414000e-05	6.681822e-04	-1.585846e+01
1.415000e-05	-9.454081e-04	-1.575800e+01
1.416000e-05	3.495599e-04	-1.574538e+01
1.417000e-05	-4.670858e-04	-1.569474e+01
1.418000e-05	4.600449e-04	-1.568062e+01
1.419000e-05	1.912226e-03	-1.562806e+01
1.420000e-05	1.087492e-03	-1.558388e+01
1.421000e-05	5.736228e-04	-1.550274e+01
1.422000e-05	-1.710327e-04	-1.541966e+01
1.423000e-05	1.493894e-03	-1.537688e+01
1.424000e-05	3.864794e-04	-1.527411e+01
1.425000e-05	5.698358e-04	-1.516744e+01
1.426000e-05	6.441529e-04	-1.512372e+01
1.427000e-05	1.633046e-03	-1.500211e+01
1.428000e-05	-6.291979e-04	-1.491372e+01
1.429000e-05	-3.377805e-04	-1.482853e+01
1.430000e-05	-1.957742e-04	-1.469524e+01
1.431000e-05	5.608399e-04	-1.460695e+01
1.432000e-05	1.094243e-03	-1.445366e+01
1.433000e-05	7.281227e-04	-1.432637e+01
1.434000e-05	2.218987e-04	-1.423101e+01
1.435000e-05	-7.886283e-04	-1.406111e+01
1.436000e-05	-8.670886e-04	-1.388084e+01
1.437000e-05	4.190047e-05	-1.375632e+01
1.438000e-05	5.280306e-05	-1.359743e+01
1.439000e-05	-2.372794e-06	-1.342306e+01
1.440000e-05	-8.799445e-04	-1.328324e+01
1.441000e-05	-2.266905e-04	-1.309520e+01
1.442000e-05	-8.297303e-04	-1.294692e+01
1.443000e-05	-2.093464e-04	-1.275990e+01
1.444000e-05	-6.402993e-04	-1.258848e+01
1.445000e-05	-1.149597e-03	-1.245853e+01
1.446000e-05	6.242775e-05	-1.224103e+01
1.447000e-05	-8.828388e-04	-1.201166e+01
1.448000e-05	-2.485345e-03	-1.181001e+01
1.449000e-05	-1.982762e-03	-1.159008e+01
1.450000e-05	-8.732752e-04	-1.136600e+01
1.451000e-05	-9.447549e-04	-1.110425e+01
1.452000e-05	-1.809142e-03	-1.094777e+01
1.453000e-05	-1.559488e-03	-1.074632e+01
1.454000e-05	-1.500931e-03	-1.052529e+01
1.455000e-05	-2.612693e-03	-1.028271e+01
1.456000e-05	-2.322697e-03	-1.007171e+01
1.457000e-05	-1.605658e-03	-9.831103e+00
1.458000e-05	-2.163246e-03	-9.639582e+00
1.459000e-05	-2.610468e-03	-9.352953e+00
1.460000e-05	-2.443616e-03	-9.156293e+00
1.461000e-05	-3.443408e-03	-8.913240e+00
1.462000e-05	-3.681785e-03	-8.642512e+00
1.463000e-05	-2.546903e-03	-8.377376e+00
1.464000e-05	-1.715880e-03	-8.146916e+00
1.465000e-05	-2.585474e-03	-7.854742e+00
1.466000e-05	-3.422295e-03	-7.596977e+00
1.467000e-05	-4.344561e-03	-7.275844e+00
1.468000e-05	-2.110671e-03	-7.062058e+00
1.469000e-05	-3.789150e-03	-6.738447e+00
1.470000e-05	-2.596403e-03	-6.513841e+00
1.471000e-05	-4.791396e-03	-6.223634e+00
1.472000e-05	-1.825471e-03	-5.947950e+00
1.473000e-05	-5.517826e-03	-5.724613e+00
1.474000e-05	-2.830444e-03	-5.440077e+00
1.475000e-05	-4.571226e-03	-5.113741e+00
1.476000e-05	-2.118084e-03	-4.780900e+00
1.477000e-05	-4.422310e-03	-4.481764e+00
1.478000e-05	-1.940381e-03	-4.243153e+00
1.479000e-05	-4.822344e-03	-3.958397e+00
1.480000e-05	-3.825647e-03	-3.663205e+00
1.481000e-05	-5.148220e-03	-3.382053e+00
1.482000e-05	-4.894487e-03	-3.118245e+00
1.483000e-05	-4.353164e-03	-2.790026e+00
1.484000e-05	-3.689647e-03	-2.557846e+00
1.485000e-05	-4.436058e-03	-2.223179e+00
1.486000e-05	-5.374215e-03	-1.929319e+00
1.487000e-05	-4.351992e-03	-1.643232e+00
1.488000e-05	-4.722271e-03	-1.325822e+00
1.489000e-05	-3.800355e-03	-1.040974e+00
1.490000e-05	-5.347320e-03	-7.179172e-01
1.491000e-05	-3.096069e-03	-4.205002e-01
1.492000e-05	-4.270981e-03	-1.384160e-01
1.493000e-05	4.945665e-03	1.537932e-01
1.494000e-05	-3.196030e-04	4.305788e-01
1.495000e-05	-1.602205e-03	6.741632e-01
1.496000e-05	1.261445e-03	9.799183e-01
1.497000e-05	-1.084720e-03	1.272610e+00
1.498000e-05	-3.289162e-04	1.570417e+00
1.499000e-05	3.010945e-04	1.863607e+00
1.500000e-05	1.360365e-02	2.062661e+00
1.501000e-05	5.353112e-02	2.316822e+00
1.502000e-05	5.986302e-02	2.713163e+00
1.503000e-05	-9.689630e-02	3.009984e+00
1.504000e-05	-6.532863e-03	3.304216e+00
1.505000e-05	-4.300286e-02	3.598478e+00
1.506000e-05	7.191237e-03	3.912665e+00
1.507000e-05	-5.783273e-02	4.074260e+00
1.508000e-05	2.787255e-02	4.377294e+00
1.509000e-05	8.590545e-02	4.600930e+00
1.510000e-05	-1.124858e-01	4.885767e+00
1.511000e-05	8.272875e-02	5.239454e+00
1.512000e-05	1.639362e-02	5.493844e+00
1.513000e-05	-1.044873e-01	5.818030e+00
1.514000e-05	8.594299e-02	6.052163e+00
1.515000e-05	-4.639360e-02	6.376792e+00
1.516000e-05	6.548137e-02	6.606904e+00
1.517000e-05	-5.845914e-02	6.893664e+00
1.518000e-05	-1.544764e-02	7.138872e+00
1.519000e-05	2.959555e-02	7.511559e+00
1.520000e-05	-3.599764e-02	7.726653e+00
1.521000e-05	4.030885e-02	8.008958e+00
1.522000e-05	-5.682779e-02	8.303691e+00
1.523000e-05	6.458272e-02	8.525747e+00
1.524000e-05	-3.431445e-02	8.766300e+00
1.525000e-05	-1.679977e-02	9.007008e+00
1.526000e-05	1.951239e-02	9.252086e+00
1.527000e-05	-3.440730e-02	9.482664e+00
1.528000e-05	3.355216e-02	9.735301e+00
1.529000e-05	-3.502601e-02	9.968402e+00
1.530000e-05	3.135197e-02	1.017743e+01
1.531000e-05	-4.454810e-02	1.044095e+01
1.532000e-05	1.582655e-02	1.066361e+01
1.533000e-05	-1.254307e-02	1.086211e+01
1.534000e-05	6.630001e-03	1.108319e+01
1.535000e-05	-4.745810e-03	1.130216e+01
1.536000e-05	-1.780899e-02	1.156430e+01
1.537000e-05	1.192843e-02	1.181630e+01
1.538000e-05	-1.525264e-02	1.194790e+01
1.539000e-05	2.372744e-03	1.212583e+01
1.540000e-05	-2.169079e-02	1.234582e+01
1.541000e-05	1.944207e-02	1.252575e+01
1.542000e-05	-9.347952e-03	1.272167e+01
1.543000e-05	-5.293229e-03	1.289264e+01
1.544000e-05	-1.598634e-02	1.307176e+01
1.545000e-05	-4.283936e-04	1.324106e+01
1.546000e-05	-5.416548e-04	1.337791e+01
1.547000e-05	-1.060051e-02	1.353685e+01
1.548000e-05	-1.286625e-03	1.371382e+01
1.549000e-05	-8.764742e-03	1.386214e+01
1.550000e-05	1.256686e-03	1.405799e+01
1.551000e-05	-1.145288e-02	1.415740e+01
1.552000e-05	-1.143668e-03	1.437475e+01
1.553000e-05	-8.904631e-03	1.443111e+01
1.554000e-05	-3.086917e-03	1.457935e+01
1.555000e-05	-4.492852e-03	1.468314e+01
1.556000e-05	-7.815021e-03	1.480138e+01
1.557000e-05	-8.564469e-03	1.491269e+01
1.558000e-05	-9.257743e-03	1.501090e+01
1.559000e-05	5.029761e-04	1.509319e+01
1.560000e-05	-6.854941e-03	1.515887e+01
1.561000e-05	-5.036468e-03	1.521016e+01
1.562000e-05	-8.682021e-03	1.532383e+01
1.563000e-05	-3.719046e-03	1.542946e+01
1.564000e-05	-6.774692e-03	1.552320e+01
1.565000e-05	-7.483522e-03	1.554628e+01
1.566000e-05	-7.011673e-03	1.561739e+01
1.567000e-05	-7.755830e-03	1.568311e+01
1.568000e-05	-3.153414e-03	1.569325e+01
1.569000e-05	-7.720786e-03	1.575530e+01
1.570000e-05	-7.377370e-03	1.577738e+01
1.571000e-05	-8.968214e-03	1.585903e+01
1.572000e-05	-2.700101e-03	1.586011e+01
1.573000e-05	-5.706905e-03	1.585216e+01
1.574000e-05	-8.719102e-03	1.582176e+01
1.575000e-05	-7.704811e-03	1.587259e+01
1.576000e-05	-6.636946e-03	1.589219e+01
1.577000e-05	-5.263141e-03	1.583059e+01
1.578000e-05	-9.701950e-03	1.586021e+01
1.579000e-05	-6.195319e-03	1.584203e+01
1.580000e-05	-7.144483e-03	1.581101e+01
1.581000e-05	-6.174500e-03	1.577805e+01
1.582000e-05	-8.313772e-03	1.572635e+01
1.583000e-05	-7.655244e-03	1.565524e+01
1.584000e-05	-7.191126e-03	1.568312e+01
1.585000e-05	-7.590760e-03	1.562051e+01
1.586000e-05	-5.180138e-03	1.550778e+01
1.587000e-05	-7.554747e-03	1.551269e+01
1.588000e-05	-7.976968e-03	1.541103e+01
1.589000e-05	-9.041791e-03	1.531537e+01
1.590000e-05	-7.019611e-03	1.526106e+01
1.591000e-05	-6.767077e-03	1.517740e+01
1.592000e-05	-9.055447e-03	1.512376e+01
1.593000e-05	-5.420566e-03	1.497848e+01
1.594000e-05	-8.576225e-03	1.490214e+01
1.595000e-05	-5.707223e-03	1.477850e+01
1.596000e-05	-1.102077e-02	1.467464e+01
1.597000e-05	-5.309782e-03	1.454885e+01
1.598000e-05	-7.988958e-03	1.443214e+01
1.599000e-05	-5.280230e-03	1.431464e+01
1.600000e-05	-9.258853e-03	1.415740e+01
1.601000e-05	-6.879307e-03	1.400158e+01
1.602000e-05	-7.800667e-03	1.387372e+01
1.603000e-05	-7.169969e-03	1.369629e+01
1.604000e-05	-7.766509e-03	1.355775e+01
1.605000e-05	-6.408709e-03	1.340898e+01
1.606000e-05	-5.842079e-03	1.328209e+01
1.607000e-05	-7.022302e-03	1.308411e+01
1.608000e-05	-7.070499e-03	1.292569e+01
1.609000e-05	-6.794658e-03	1.276632e+01
1.610000e-05	-6.755748e-03	1.258735e+01
1.611000e-05	-6.695900e-03	1.235845e+01
1.612000e-05	-6.890965e-03	1.221898e+01
1.613000e-05	-6.375905e-03	1.199995e+01
1.614000e-05	-7.163838e-03	1.179143e+01
1.615000e-05	-7.270205e-03	1.156735e+01
1.616000e-05	-6.334520e-03	1.136737e+01
1.617000e-05	-5.483472e-03	1.112639e+01
1.618000e-05	-6.652151e-03	1.092587e+01
1.619000e-05	-6.071100e-03	1.069473e+01
1.620000e-05	-6.734302e-03	1.049777e+01
1.621000e-05	-6.393767e-03	1.024314e+01
1.622000e-05	-6.845480e-03	1.004306e+01
1.623000e-05	-6.744971e-03	9.760980e+00
1.624000e-05	-5.612365e-03	9.515841e+00
1.625000e-05	-6.714291e-03	9.326366e+00
1.626000e-05	-6.423334e-03	9.094617e+00
1.627000e-05	-7.270948e-03	8.883134e+00
1.628000e-05	-6.399268e-03	8.600002e+00
1.629000e-05	-5.601157e-03	8.357822e+00
1.630000e-05	-5.823156e-03	8.137338e+00
1.631000e-05	-5.699584e-03	7.891104e+00
1.632000e-05	-6.100569e-03	7.590972e+00
1.633000e-05	-6.327305e-03	7.293760e+00
1.634000e-05	-6.428231e-03	7.022033e+00
1.635000e-05	-6.268582e-03	6.788446e+00
1.636000e-05	-7.025626e-03	6.525238e+00
1.637000e-05	-5.898321e-03	6.232026e+00
1.638000e-05	-6.480802e-03	5.999924e+00
1.639000e-05	-5.208293e-03	5.662164e+00
1.640000e-05	-6.308881e-03	5.419997e+00
1.641000e-05	-6.615779e-03	5.053738e+00
1.642000e-05	-6.238821e-03	4.778992e+00
1.643000e-05	-5.170537e-03	4.504160e+00
1.644000e-05	-5.568003e-03	4.193600e+00
1.645000e-05	-6.524189e-03	3.865191e+00
1.646000e-05	-6.585453e-03	3.661603e+00
1.647000e-05	-5.399474e-03	3.357773e+00
1.648000e-05	-4.972406e-03	3.034179e+00
1.649000e-05	-4.967353e-03	2.800520e+00
1.650000e-05	-5.543689e-03	2.445239e+00
1.651000e-05	-5.959906e-03	2.160997e+00
1.652000e-05	-5.254238e-03	1.886765e+00
1.653000e-05	-4.327676e-03	1.569971e+00
1.654000e-05	-5.188145e-03	1.295738e+00
1.655000e-05	-5.247405e-03	9.609212e-01
1.656000e-05	-5.342360e-03	6.542067e-01
1.657000e-05	-4.294188e-03	3.994698e-01
1.658000e-05	-2.926507e-03	1.516065e-02
1.659000e-05	4.168867e-03	-1.899800e-01
1.660000e-05	2.559115e-03	-4.326125e-01
1.661000e-05	-3.408070e-03	-7.603521e-01
1.662000e-05	2.674193e-03	-1.008556e+00
1.663000e-05	-3.411935e-03	-1.292318e+00
1.664000e-05	-9.799692e-04	-1.590554e+00
1.665000e-05	7.344742e-03	-1.852188e+00
1.666000e-05	3.629058e-02	-2.061664e+00
1.667000e-05	1.061833e-01	-2.419927e+00
1.668000e-05	-1.002780e-01	-2.795372e+00
1.669000e-05	1.918059e-03	-3.176852e+00
1.670000e-05	-4.903066e-02	-3.470634e+00
1.671000e-05	2.544517e-03	-3.632708e+00
1.672000e-05	-9.954696e-02	-3.936695e+00
1.673000e-05	1.167077e-01	-4.134896e+00
1.674000e-05	6.806666e-02	-4.335872e+00
1.675000e-05	-1.704922e-01	-4.741837e+00
1.676000e-05	2.131516e-01	-4.934273e+00
1.677000e-05	-1.764972e-01	-5.259188e+00
1.678000e-05	7.734271e-02	-5.598478e+00
1.679000e-05	1.344345e-03	-5.789505e+00
1.680000e-05	-6.327583e-02	-6.133771e+00
1.681000e-05	1.732991e-01	-6.398929e+00
1.682000e-05	-1.718267e-01	-6.662136e+00
1.683000e-05	9.676020e-02	-6.964448e+00
1.684000e-05	-5.717949e-02	-7.280565e+00
1.685000e-05	-1.033764e-02	-7.533895e+00
1.686000e-05	8.087106e-02	-7.795455e+00
1.687000e-05	-1.016050e-01	-8.092146e+00
1.688000e-05	1.711533e-01	-8.315244e+00
1.689000e-05	-1.662123e-01	-8.594928e+00
1.690000e-05	9.604383e-02	-8.861635e+00
1.691000e-05	-4.906433e-02	-9.060666e+00
1.692000e-05	1.631531e-02	-9.284322e+00
1.693000e-05	3.128659e-02	-9.574276e+00
1.694000e-05	-5.635560e-02	-9.798533e+00
1.695000e-05	8.941222e-02	-9.979631e+00
1.696000e-05	-9.277941e-02	-1.028019e+01
1.697000e-05	7.381196e-02	-1.050469e+01
1.698000e-05	-7.005058e-02	-1.071369e+01
1.699000e-05	7.058381e-02	-1.091375e+01
1.700000e-05	-3.443815e-02	-1.114527e+01
1.701000e-05	1.678071e-02	-1.135435e+01
1.702000e-05	1.380671e-03	-1.157641e+01
1.703000e-05	-1.004291e-02	-1.174899e+01
1.704000e-05	9.183641e-03	-1.202943e+01
1.705000e-05	-2.092308e-02	-1.220951e+01
1.706000e-05	4.492243e-02	-1.238742e+01
1.707000e-05	-2.160262e-02	-1.259596e+01
1.708000e-05	1.951430e-02	-1.276635e+01
1.709000e-05	-2.833645e-02	-1.295630e+01
1.710000e-05	2.529837e-02	-1.312272e+01
1.711000e-05	-1.641520e-02	-1.328014e+01
1.712000e-05	1.505112e-02	-1.342914e+01
1.713000e-05	-3.698038e-03	-1.357748e+01
1.714000e-05	1.142555e-02	-1.378685e+01
1.715000e-05	-6.260226e-03	-1.390284e+01
1.716000e-05	2.269521e-04	-1.409014e+01
1.717000e-05	4.472415e-03	-1.417696e+01
1.718000e-05	1.248089e-03	-1.435487e+01
1.719000e-05	2.822335e-03	-1.447159e+01
1.720000e-05	1.640098e-03	-1.456741e+01
1.721000e-05	5.195018e-03	-1.469530e+01
1.722000e-05	-6.354048e-03	-1.480958e+01
1.723000e-05	-8.935545e-05	-1.491377e+01
1.724000e-05	2.472006e-03	-1.500851e+01
1.725000e-05	7.091157e-03	-1.512480e+01
1.726000e-05	2.402661e-03	-1.519901e+01
1.727000e-05	7.247241e-04	-1.527169e+01
1.728000e-05	-7.284019e-04	-1.538585e+01
1.729000e-05	-7.690033e-05	-1.542961e+01
1.730000e-05	2.120884e-03	-1.550380e+01
1.731000e-05	2.109778e-03	-1.554738e+01
1.732000e-05	7.525217e-04	-1.565901e+01
1.733000e-05	2.283480e-03	-1.566222e+01
1.734000e-05	4.629415e-04	-1.576523e+01
1.735000e-05	6.161031e-05	-1.575436e+01
1.736000e-05	-1.261258e-04	-1.578703e+01
1.737000e-05	3.064416e-03	-1.581951e+01
1.738000e-05	2.899119e-03	-1.584071e+01
1.739000e-05	1.071147e-03	-1.583217e+01
1.740000e-05	1.453430e-03	-1.587222e+01
1.741000e-05	-4.685556e-04	-1.592412e+01
1.742000e-05	-2.250374e-04	-1.589212e+01
1.743000e-05	3.182631e-04	-1.586114e+01
1.744000e-05	3.776595e-03	-1.589914e+01
1.745000e-05	1.516265e-03	-1.584801e+01
1.746000e-05	1.382850e-03	-1.580656e+01
1.747000e-05	7.316092e-04	-1.575846e+01
1.748000e-05	2.097673e-04	-1.571480e+01
1.749000e-05	-9.202711e-04	-1.569217e+01
1.750000e-05	1.066194e-03	-1.562062e+01
1.751000e-05	3.144832e-03	-1.560796e+01
1.752000e-05	8.175266e-04	-1.558542e+01
1.753000e-05	-8.846226e-04	-1.550127e+01
1.754000e-05	-8.211079e-04	-1.542901e+01
1.755000e-05	1.438470e-03	-1.533577e+01
1.756000e-05	5.643004e-04	-1.524057e+01
1.757000e-05	1.152689e-03	-1.515645e+01
1.758000e-05	1.954097e-03	-1.509269e+01
1.759000e-05	1.093860e-03	-1.503798e+01
1.760000e-05	-5.475032e-06	-1.490117e+01
1.761000e-05	-7.158077e-04	-1.479748e+01
1.762000e-05	1.179065e-03	-1.466211e+01
1.763000e-05	4.631175e-04	-1.453685e+01
1.764000e-05	9.784943e-04	-1.443114e+01
1.765000e-05	1.039368e-04	-1.426477e+01
1.766000e-05	-5.545373e-05	-1.417640e+01
1.767000e-05	-8.977542e-04	-1.400006e+01
1.768000e-05	-1.914969e-04	-1.383271e+01
1.769000e-05	8.344719e-04	-1.369477e+01
1.770000e-05	-1.242678e-04	-1.354730e+01
1.771000e-05	-1.116830e-04	-1.343101e+01
1.772000e-05	-9.340268e-04	-1.327009e+01
1.773000e-05	-9.240239e-04	-1.308321e+01
1.774000e-05	-1.466339e-03	-1.291525e+01
1.775000e-05	-2.917164e-06	-1.269537e+01
1.776000e-05	-7.289801e-04	-1.257585e+01
1.777000e-05	-1.488181e-03	-1.240695e+01
1.778000e-05	-1.567198e-03	-1.218645e+01
1.779000e-05	-1.190361e-03	-1.199056e+01
1.780000e-05	-2.169764e-03	-1.176843e+01
1.781000e-05	-1.741016e-03	-1.158690e+01
1.782000e-05	-2.856283e-04	-1.131327e+01
1.783000e-05	-1.565055e-03	-1.103274e+01
1.784000e-05	-1.793862e-03	-1.085064e+01
1.785000e-05	-2.554703e-03	-1.064416e+01
1.786000e-05	-2.503921e-03	-1.049363e+01
1.787000e-05	-2.418260e-03	-1.021051e+01
1.788000e-05	-1.760414e-03	-1.002895e+01
1.789000e-05	-1.536425e-03	-9.780377e+00
1.790000e-05	-1.967556e-03	-9.576871e+00
1.791000e-05	-2.955205e-03	-9.335318e+00
1.792000e-05	-2.541476e-03	-9.094134e+00
1.793000e-05	-2.485354e-03	-8.762082e+00
1.794000e-05	-2.693434e-03	-8.588422e+00
1.795000e-05	-2.868876e-03	-8.345294e+00
1.796000e-05	-2.722519e-03	-8.134239e+00
1.797000e-05	-2.928536e-03	-7.812058e+00
1.798000e-05	-3.240652e-03	-7.546842e+00
1.799000e-05	-3.813418e-03	-7.234735e+00
1.800000e-05	-2.012210e-03	-6.937502e+00
1.801000e-05	-3.453354e-03	-6.747242e+00
1.802000e-05	-2.911215e-03	-6.433108e+00
1.803000e-05	-4.490068e-03	-6.129977e+00
1.804000e-05	-3.129679e-03	-5.906288e+00
1.805000e-05	-4.257702e-03	-5.661634e+00
1.806000e-05	-2.933639e-03	-5.296323e+00
1.807000e-05	-5.070032e-03	-5.030130e+00
1.808000e-05	-2.266095e-03	-4.683270e+00
1.809000e-05	-3.903403e-03	-4.450055e+00
1.810000e-05	-2.511308e-03	-4.199003e+00
1.811000e-05	-4.871778e-03	-3.904287e+00
1.812000e-05	-4.867986e-03	-3.628526e+00
1.813000e-05	-4.531879e-03	-3.337888e+00
1.814000e-05	-4.787103e-03	-3.011710e+00
1.815000e-05	-4.130594e-03	-2.718443e+00
1.816000e-05	-4.068698e-03	-2.444154e+00
1.817000e-05	-3.910197e-03	-2.147420e+00
1.818000e-05	-5.238596e-03	-1.863785e+00
1.819000e-05	-4.245713e-03	-1.620578e+00
1.820000e-05	-4.735067e-03	-1.241507e+00
1.821000e-05	-3.449454e-03	-9.062694e-01
1.822000e-05	-5.200265e-03	-6.621845e-01
1.823000e-05	-2.937719e-03	-3.379448e-01
1.824000e-05	-3.198356e-03	-9.523566e-02
1.825000e-05	8.545313e-03	2.210311e-01
1.826000e-05	-5.239924e-03	4.536630e-01
1.827000e-05	2.915648e-03	7.764195e-01
1.828000e-05	-3.287734e-03	1.071082e+00
1.829000e-05	1.562361e-03	1.345792e+00
1.830000e-05	-8.127453e-03	1.712060e+00
1.831000e-05	9.475831e-03	1.924341e+00
1.832000e-05	1.338137e-02	2.105366e+00
1.833000e-05	7.928723e-02	2.441926e+00
1.834000e-05	1.032991e-02	2.799526e+00
1.835000e-05	-7.804604e-02	3.104789e+00
1.836000e-05	-1.314089e-02	3.399475e+00
1.837000e-05	-2.976200e-02	3.673236e+00
1.838000e-05	-1.010515e-02	3.895790e+00
1.839000e-05	-4.325050e-02	4.117344e+00
1.840000e-05	4.307678e-02	4.407502e+00
1.841000e-05	6.904189e-02	4.702237e+00
1.842000e-05	-1.413769e-01	4.991501e+00
1.843000e-05	1.670472e-01	5.302614e+00
1.844000e-05	-9.770371e-02	5.539500e+00
1.845000e-05	-1.526842e-02	5.882136e+00
1.846000e-05	3.286583e-02	6.155846e+00
1.847000e-05	-1.522299e-02	6.387998e+00
1.848000e-05	5.177227e-02	6.682186e+00
1.849000e-05	-7.713549e-02	6.957446e+00
1.850000e-05	2.055341e-02	7.252511e+00
1.851000e-05	-7.394961e-03	7.546924e+00
1.852000e-05	-2.450203e-03	7.790605e+00
1.853000e-05	1.266385e-02	8.105215e+00
1.854000e-05	-2.941323e-02	8.337872e+00
1.855000e-05	5.909380e-02	8.576476e+00
1.856000e-05	-5.266993e-02	8.799551e+00
1.857000e-05	6.542621e-03	9.060563e+00
1.858000e-05	-1.385893e-03	9.324243e+00
1.859000e-05	-1.634880e-02	9.537773e+00
1.860000e-05	1.924333e-02	9.788927e+00
1.861000e-05	-2.344643e-02	1.004098e+01
1.862000e-05	1.701420e-02	1.023058e+01
1.863000e-05	-3.766208e-02	1.046214e+01
1.864000e-05	1.779825e-02	1.073520e+01
1.865000e-05	-1.147275e-02	1.091532e+01
1.866000e-05	6.500760e-03	1.111379e+01
1.867000e-05	-9.878249e-03	1.137490e+01
1.868000e-05	-1.054586e-02	1.157789e+01
1.869000e-05	1.052381e-02	1.181940e+01
1.870000e-05	-1.460776e-02	1.197953e+01
1.871000e-05	-4.787810e-03	1.221790e+01
1.872000e-05	-1.235622e-02	1.237742e+01
1.873000e-05	1.771209e-02	1.257632e+01
1.874000e-05	-7.218859e-03	1.273585e+01
1.875000e-05	-1.246651e-02	1.295380e+01
1.876000e-05	-1.106451e-02	1.306327e+01
1.877000e-05	-1.494637e-03	1.329211e+01
1.878000e-05	4.172572e-04	1.339953e+01
1.879000e-05	-1.180618e-02	1.359835e+01
1.880000e-05	-1.276376e-03	1.377480e+01
1.881000e-05	-6.688047e-03	1.388319e+01
1.882000e-05	-1.340532e-03	1.406214e+01
1.883000e-05	-8.685603e-03	1.418849e+01
1.884000e-05	-5.932090e-03	1.435780e+01
1.885000e-05	-6.447774e-03	1.448312e+01
1.886000e-05	-3.617303e-03	1.461051e+01
1.887000e-05	-5.118345e-04	1.471524e+01
1.888000e-05	-1.223281e-02	1.483153e+01
1.889000e-05	-1.012681e-02	1.494522e+01
1.890000e-05	-7.468789e-03	1.500856e+01
1.891000e-05	1.767914e-03	1.512267e+01
1.892000e-05	-4.916728e-03	1.518991e+01
1.893000e-05	-8.398764e-03	1.528162e+01
1.894000e-05	-6.951079e-03	1.535583e+01
1.895000e-05	-6.208767e-03	1.544096e+01
1.896000e-05	-4.285217e-03	1.551472e+01
1.897000e-05	-8.747486e-03	1.554688e+01
1.898000e-05	-6.756711e-03	1.563101e+01
1.899000e-05	-7.981400e-03	1.567211e+01
1.900000e-05	-3.551115e-03	1.573422e+01
1.901000e-05	-7.065502e-03	1.575738e+01
1.902000e-05	-9.347445e-03	1.577748e+01
1.903000e-05	-7.198259e-03	1.582845e+01
1.904000e-05	-4.532176e-03	1.586058e+01
1.905000e-05	-3.940293e-03	1.584304e+01
1.906000e-05	-9.306859e-03	1.584166e+01
1.907000e-05	-6.452001e-03	1.586164e+01
1.908000e-05	-9.000987e-03	1.584056e+01
1.909000e-05	-6.622144e-03	1.583314e+01
1.910000e-05	-9.615089e-03	1.586114e+01
1.911000e-05	-5.465922e-03	1.582100e+01
1.912000e-05	-6.764699e-03	1.580803e+01
1.913000e-05	-7.551309e-03	1.577845e+01
1.914000e-05	-7.704441e-03	1.574827e+01
1.915000e-05	-8.266009e-03	1.567559e+01
1.916000e-05	-6.029577e-03	1.569414e+01
1.917000e-05	-8.397596e-03	1.554898e+01
1.918000e-05	-6.147350e-03	1.550675e+01
1.919000e-05	-8.264389e-03	1.546364e+01
1.920000e-05	-7.579016e-03	1.541946e+01
1.921000e-05	-7.855172e-03	1.535375e+01
1.922000e-05	-8.313414e-03	1.523106e+01
1.923000e-05	-6.928479e-03	1.514688e+01
1.924000e-05	-8.530303e-03	1.504266e+01
1.925000e-05	-3.818915e-03	1.493745e+01
1.926000e-05	-9.111638e-03	1.488159e+01
1.927000e-05	-7.314404e-03	1.471688e+01
1.928000e-05	-9.417913e-03	1.467108e+01
1.929000e-05	-5.919850e-03	1.456723e+01
1.930000e-05	-6.510300e-03	1.438798e+01
1.931000e-05	-6.736772e-03	1.428421e+01
1.932000e-05	-7.957237e-03	1.414582e+01
1.933000e-05	-8.392220e-03	1.392995e+01
1.934000e-05	-6.420461e-03	1.384008e+01
1.935000e-05	-8.006424e-03	1.369377e+01
1.936000e-05	-7.433192e-03	1.351475e+01
1.937000e-05	-8.544316e-03	1.338833e+01
1.938000e-05	-5.621237e-03	1.318048e+01
1.939000e-05	-6.896669e-03	1.301111e+01
1.940000e-05	-6.589331e-03	1.288266e+01
1.941000e-05	-7.649102e-03	1.268364e+01
1.942000e-05	-6.846072e-03	1.250477e+01
1.943000e-05	-6.350058e-03	1.231690e+01
1.944000e-05	-5.840671e-03	1.211835e+01
1.945000e-05	-6.494650e-03	1.196742e+01
1.946000e-05	-7.390655e-03	1.172837e+01
1.947000e-05	-7.362738e-03	1.150480e+01
1.948000e-05	-6.531792e-03	1.129579e+01
1.949000e-05	-6.902122e-03	1.103316e+01
1.950000e-05	-7.146222e-03	1.086569e+01
1.951000e-05	-7.049696e-03	1.067426e+01
1.952000e-05	-6.691953e-03	1.043166e+01
1.953000e-05	-7.144838e-03	1.020198e+01
1.954000e-05	-6.858353e-03	9.929447e+00
1.955000e-05	-5.544892e-03	9.737373e+00
1.956000e-05	-4.374889e-03	9.475211e+00
1.957000e-05	-6.913071e-03	9.284236e+00
1.958000e-05	-8.628242e-03	9.052559e+00
1.959000e-05	-7.737398e-03	8.788952e+00
1.960000e-05	-6.248970e-03	8.555396e+00
1.961000e-05	-5.691169e-03	8.295289e+00
1.962000e-05	-5.561361e-03	8.041107e+00
1.963000e-05	-5.084973e-03	7.799525e+00
1.964000e-05	-6.101036e-03	7.486812e+00
1.965000e-05	-7.208501e-03	7.231125e+00
1.966000e-05	-7.320659e-03	6.978424e+00
1.967000e-05	-6.169125e-03	6.676764e+00
1.968000e-05	-5.355854e-03	6.408452e+00
1.969000e-05	-5.900057e-03	6.127972e+00
1.970000e-05	-6.461057e-03	5.917314e+00
1.971000e-05	-6.228535e-03	5.599525e+00
1.972000e-05	-6.460798e-03	5.358413e+00
1.973000e-05	-5.758642e-03	4.969974e+00
1.974000e-05	-5.358715e-03	4.665757e+00
1.975000e-05	-6.155266e-03	4.390001e+00
1.976000e-05	-6.543437e-03	4.136788e+00
1.977000e-05	-5.809791e-03	3.832126e+00
1.978000e-05	-5.078506e-03	3.539945e+00
1.979000e-05	-5.478506e-03	3.343653e+00
1.980000e-05	-5.962978e-03	2.959420e+00
1.981000e-05	-4.768172e-03	2.727815e+00
1.982000e-05	-6.388633e-03	2.381004e+00
1.983000e-05	-6.468448e-03	2.125811e+00
1.984000e-05	-5.638484e-03	1.814149e+00
1.985000e-05	-4.543710e-03	1.507817e+00
1.986000e-05	-4.968699e-03	1.202524e+00
1.987000e-05	-4.738624e-03	8.621554e-01
1.988000e-05	-4.602352e-03	5.804513e-01
1.989000e-05	-3.835524e-03	3.378109e-01
1.990000e-05	-3.244000e-03	-1.945362e-02
1.991000e-05	8.102441e-03	-2.711891e-01
1.992000e-05	-2.967826e-03	-5.247932e-01
1.993000e-05	2.631361e-03	-8.215826e-01
1.994000e-05	-3.370062e-03	-1.052210e+00
1.995000e-05	6.932238e-04	-1.379452e+00
1.996000e-05	-4.056665e-03	-1.652159e+00
1.997000e-05	1.778728e-02	-1.905245e+00
1.998000e-05	4.887457e-02	-2.125897e+00
1.999000e-05	8.541160e-02	-2.472240e+00
2.000000e-05	-1.215226e-01	-2.842134e+00
2.001000e-05	2.982672e-02	-3.278585e+00
2.002000e-05	-6.917879e-02	-3.524190e+00
2.003000e-05	7.678693e-03	-3.734242e+00
2.004000e-05	-1.087853e-01	-4.010355e+00
2.005000e-05	1.916922e-01	-4.177397e+00
2.006000e-05	-5.910987e-02	-4.418484e+00
2.007000e-05	-6.255979e-02	-4.776452e+00
2.008000e-05	1.760620e-01	-4.966977e+00
2.009000e-05	-2.043878e-01	-5.373371e+00
2.010000e-05	1.603606e-01	-5.642456e+00
2.011000e-05	-1.071016e-01	-5.891164e+00
2.012000e-05	5.463614e-02	-6.208538e+00
2.013000e-05	9.532830e-02	-6.472184e+00
2.014000e-05	-1.544506e-01	-6.724848e+00
2.015000e-05	1.294637e-01	-7.039009e+00
2.016000e-05	-1.272045e-01	-7.325324e+00
2.017000e-05	8.390369e-02	-7.579461e+00
2.018000e-05	-1.136760e-02	-7.840080e+00
2.019000e-05	-1.234054e-02	-8.186877e+00
2.020000e-05	1.084436e-01	-8.368950e+00
2.021000e-05	-1.604121e-01	-8.679611e+00
2.022000e-05	1.288677e-01	-8.923218e+00
2.023000e-05	-9.851763e-02	-9.153320e+00
2.024000e-05	8.158005e-02	-9.378006e+00
2.025000e-05	-4.046103e-02	-9.638852e+00
2.026000e-05	1.229242e-02	-9.859613e+00
2.027000e-05	3.580532e-02	-1.006161e+01
2.028000e-05	-5.885490e-02	-1.034222e+01
2.029000e-05	5.304438e-02	-1.056530e+01
2.030000e-05	-6.236865e-02	-1.075680e+01
2.031000e-05	8.048484e-02	-1.097593e+01
2.032000e-05	-5.543450e-02	-1.117696e+01
2.033000e-05	4.515437e-02	-1.139809e+01
2.034000e-05	-2.884709e-02	-1.162956e+01
2.035000e-05	1.697138e-02	-1.188219e+01
2.036000e-05	-1.815859e-02	-1.207099e+01
2.037000e-05	8.395988e-03	-1.228069e+01
2.038000e-05	2.262064e-02	-1.241908e+01
2.039000e-05	-9.237047e-03	-1.262951e+01
2.040000e-05	5.623510e-03	-1.281043e+01
2.041000e-05	-1.580150e-02	-1.298795e+01
2.042000e-05	1.975148e-02	-1.315488e+01
2.043000e-05	-1.555124e-02	-1.331278e+01
2.044000e-05	1.615542e-02	-1.343916e+01
2.045000e-05	-6.656566e-03	-1.364951e+01
2.046000e-05	1.369631e-02	-1.380593e+01
2.047000e-05	-1.323047e-02	-1.396483e+01
2.048000e-05	8.425073e-03	-1.412172e+01
2.049000e-05	-2.462838e-03	-1.423899e+01
2.050000e-05	6.117646e-03	-1.440696e+01
2.051000e-05	-1.494882e-03	-1.450219e+01
2.052000e-05	7.159845e-03	-1.466006e+01
2.053000e-05	-6.120652e-04	-1.471482e+01
2.054000e-05	-3.475070e-03	-1.487009e+01
2.055000e-05	5.698261e-04	-1.494328e+01
2.056000e-05	2.732646e-03	-1.506011e+01
2.057000e-05	6.147088e-03	-1.512530e+01
2.058000e-05	9.379661e-04	-1.523096e+01
2.059000e-05	1.873587e-03	-1.532627e+01
2.060000e-05	-2.014827e-03	-1.535691e+01
2.061000e-05	8.176502e-04	-1.551017e+01
2.062000e-05	2.449715e-03	-1.550432e+01
2.063000e-05	3.720859e-03	-1.561890e+01
2.064000e-05	-4.001077e-04	-1.563761e+01
2.065000e-05	1.473982e-03	-1.569370e+01
2.066000e-05	8.001122e-04	-1.571382e+01
2.067000e-05	1.333147e-05	-1.578483e+01
2.068000e-05	4.745181e-04	-1.581851e+01
2.069000e-05	2.275998e-03	-1.583008e+01
2.070000e-05	3.136385e-03	-1.584114e+01
2.071000e-05	6.919120e-04	-1.588064e+01
2.072000e-05	1.530005e-03	-1.590169e+01
2.073000e-05	-8.197322e-04	-1.592317e+01
2.074000e-05	8.963923e-04	-1.591007e+01
2.075000e-05	9.244204e-04	-1.585219e+01
2.076000e-05	3.263507e-03	-1.588114e+01
2.077000e-05	1.418273e-03	-1.585956e+01
2.078000e-05	-9.634902e-05	-1.587001e+01
2.079000e-05	6.867856e-04	-1.575583e+01
2.080000e-05	1.298645e-03	-1.576532e+01
2.081000e-05	7.024706e-04	-1.572160e+01
2.082000e-05	1.246701e-03	-1.566959e+01
2.083000e-05	2.493319e-03	-1.558846e+01
2.084000e-05	8.289131e-04	-1.556485e+01
2.085000e-05	-1.906130e-04	-1.550066e+01
2.086000e-05	1.162700e-04	-1.538696e+01
2.087000e-05	1.138806e-03	-1.533575e+01
2.088000e-05	-1.325292e-04	-1.522051e+01
2.089000e-05	5.394295e-04	-1.512583e+01
2.090000e-05	1.460866e-03	-1.509169e+01
2.091000e-05	3.003173e-04	-1.497587e+01
2.092000e-05	1.731822e-04	-1.486164e+01
2.093000e-05	-2.759348e-04	-1.477692e+01
2.094000e-05	5.317093e-04	-1.463106e+01
2.095000e-05	-7.231705e-05	-1.453483e+01
2.096000e-05	8.161090e-04	-1.439595e+01
2.097000e-05	8.339097e-04	-1.429257e+01
2.098000e-05	8.770930e-04	-1.411377e+01
2.099000e-05	-1.233391e-03	-1.403796e+01
2.100000e-05	-7.828182e-04	-1.382153e+01
2.101000e-05	-3.920485e-04	-1.369330e+01
2.102000e-05	-1.999313e-04	-1.349425e+01
2.103000e-05	-9.600892e-04	-1.337532e+01
2.104000e-05	-1.010881e-03	-1.319808e+01
2.105000e-05	-5.364349e-04	-1.306163e+01
2.106000e-05	-1.791587e-04	-1.286114e+01
2.107000e-05	-6.645677e-04	-1.268524e+01
2.108000e-05	-1.320885e-03	-1.252125e+01
2.109000e-05	-8.876012e-04	-1.230537e+01
2.110000e-05	-1.334846e-03	-1.212785e+01
2.111000e-05	-1.876845e-03	-1.191588e+01
2.112000e-05	-1.680917e-03	-1.175432e+01
2.113000e-05	-1.327116e-03	-1.150377e+01
2.114000e-05	-1.011109e-03	-1.125159e+01
2.115000e-05	-1.569596e-03	-1.108063e+01
2.116000e-05	-1.394292e-03	-1.086053e+01
2.117000e-05	-2.295355e-03	-1.060146e+01
2.118000e-05	-2.336050e-03	-1.043205e+01
2.119000e-05	-1.735217e-03	-1.018048e+01
2.120000e-05	-5.259981e-04	-9.965392e+00
2.121000e-05	-1.958976e-03	-9.714272e+00
2.122000e-05	-2.722865e-03	-9.503243e+00
2.123000e-05	-3.359598e-03	-9.271586e+00
2.124000e-05	-2.699474e-03	-9.040504e+00
2.125000e-05	-2.708405e-03	-8.819899e+00
2.126000e-05	-2.825861e-03	-8.524295e+00
2.127000e-05	-1.731089e-03	-8.253159e+00
2.128000e-05	-1.894598e-03	-8.041480e+00
2.129000e-05	-2.908759e-03	-7.786924e+00
2.130000e-05	-3.862879e-03	-7.442660e+00
2.131000e-05	-3.438006e-03	-7.158978e+00
2.132000e-05	-2.559107e-03	-6.926814e+00
2.133000e-05	-3.502514e-03	-6.672211e+00
2.134000e-05	-2.584314e-03	-6.399927e+00
2.135000e-05	-3.363999e-03	-6.125834e+00
2.136000e-05	-3.336522e-03	-5.861109e+00
2.137000e-05	-4.321987e-03	-5.525870e+00
2.138000e-05	-2.733549e-03	-5.283108e+00
2.139000e-05	-4.221250e-03	-4.968423e+00
2.140000e-05	-3.541924e-03	-4.590554e+00
2.141000e-05	-4.214663e-03	-4.347972e+00
2.142000e-05	-3.485433e-03	-4.096846e+00
2.143000e-05	-3.594590e-03	-3.812107e+00
2.144000e-05	-4.853555e-03	-3.538392e+00
2.145000e-05	-4.468196e-03	-3.252638e+00
2.146000e-05	-5.402958e-03	-2.925846e+00
2.147000e-05	-3.263397e-03	-2.673638e+00
2.148000e-05	-4.893768e-03	-2.408851e+00
2.149000e-05	-3.448843e-03	-2.072192e+00
2.150000e-05	-5.599949e-03	-1.800480e+00
2.151000e-05	-3.746962e-03	-1.544840e+00
2.152000e-05	-4.542536e-03	-1.168445e+00
2.153000e-05	-4.359009e-03	-9.046881e-01
2.154000e-05	-5.094376e-03	-5.780248e-01
2.155000e-05	-3.558196e-03	-2.842608e-01
2.156000e-05	-1.866383e-03	-2.210150e-02
2.157000e-05	9.124660e-03	3.157580e-01
2.158000e-05	-7.992643e-03	5.483671e-01
2.159000e-05	6.074129e-03	8.521787e-01
2.160000e-05	-6.202594e-03	1.135863e+00
2.161000e-05	3.791349e-03	1.390025e+00
2.162000e-05	-8.329402e-03	1.705268e+00
2.163000e-05	1.470249e-02	1.957896e+00
2.164000e-05	1.620624e-02	2.217929e+00
2.165000e-05	9.626609e-02	2.481795e+00
2.166000e-05	-4.556278e-02	2.833037e+00
2.167000e-05	-4.744573e-02	3.157370e+00
2.168000e-05	-2.997971e-02	3.512059e+00
2.169000e-05	-7.971116e-03	3.715744e+00
2.170000e-05	-3.257483e-02	3.990397e+00
2.171000e-05	-1.849249e-02	4.291129e+00
2.172000e-05	6.173837e-02	4.470161e+00
2.173000e-05	2.615653e-02	4.818949e+00
2.174000e-05	-1.153350e-01	5.052135e+00
2.175000e-05	1.871612e-01	5.357448e+00
2.176000e-05	-1.723429e-01	5.632558e+00
2.177000e-05	6.499246e-02	5.945768e+00
2.178000e-05	-1.862896e-02	6.210504e+00
2.179000e-05	2.688957e-02	6.461633e+00
2.180000e-05	1.829625e-02	6.748250e+00
2.181000e-05	-7.544323e-02	7.009090e+00
2.182000e-05	5.015843e-02	7.293814e+00
2.183000e-05	-3.732726e-02	7.570456e+00
2.184000e-05	2.893611e-02	7.862718e+00
2.185000e-05	-2.808690e-02	8.187878e+00
2.186000e-05	1.014108e-02	8.390451e+00
2.187000e-05	3.398411e-02	8.620083e+00
2.188000e-05	-5.491800e-02	8.872139e+00
2.189000e-05	2.418884e-02	9.105272e+00
2.190000e-05	-2.203989e-02	9.375926e+00
2.191000e-05	8.945423e-03	9.579531e+00
2.192000e-05	-5.938350e-03	9.870535e+00
2.193000e-05	1.720953e-03	1.011416e+01
2.194000e-05	-6.405144e-03	1.030314e+01
2.195000e-05	-1.851376e-02	1.050517e+01
2.196000e-05	6.361527e-03	1.079585e+01
2.197000e-05	-6.559300e-03	1.097795e+01
2.198000e-05	4.429815e-03	1.121693e+01
2.199000e-05	-1.413394e-02	1.140901e+01
2.200000e-05	-1.503880e-03	1.167051e+01
2.201000e-05	2.244832e-03	1.188964e+01
2.202000e-05	-8.315039e-03	1.206261e+01
2.203000e-05	-1.373921e-02	1.226219e+01
2.204000e-05	1.578584e-03	1.242953e+01
2.205000e-05	8.790246e-03	1.264796e+01
2.206000e-05	-5.736866e-03	1.277045e+01
2.207000e-05	-1.832380e-02	1.295681e+01
2.208000e-05	-4.364081e-03	1.317685e+01
2.209000e-05	-9.758129e-04	1.330363e+01
2.210000e-05	-2.785825e-03	1.352374e+01
2.211000e-05	-1.000852e-02	1.364095e+01
2.212000e-05	-2.924588e-03	1.383743e+01
2.213000e-05	-2.710907e-03	1.393585e+01
2.214000e-05	-6.981691e-03	1.411369e+01
2.215000e-05	-4.776778e-03	1.424069e+01
2.216000e-05	-8.511849e-03	1.440701e+01
2.217000e-05	-2.248256e-03	1.450425e+01
2.218000e-05	-6.114880e-03	1.463051e+01
2.219000e-05	-1.297860e-03	1.476540e+01
2.220000e-05	-1.241980e-02	1.483258e+01
2.221000e-05	-9.938467e-03	1.494630e+01
2.222000e-05	-4.499838e-03	1.499009e+01
2.223000e-05	-1.436117e-03	1.515614e+01
2.224000e-05	-4.662866e-03	1.519943e+01
2.225000e-05	-9.732649e-03	1.530164e+01
2.226000e-05	-3.255059e-03	1.535690e+01
2.227000e-05	-8.088224e-03	1.549211e+01
2.228000e-05	-5.046600e-03	1.551337e+01
2.229000e-05	-9.721248e-03	1.555836e+01
2.230000e-05	-4.998133e-03	1.560993e+01
2.231000e-05	-6.254189e-03	1.568402e+01
2.232000e-05	-6.195966e-03	1.573527e+01
2.233000e-05	-7.961613e-03	1.576732e+01
2.234000e-05	-1.202350e-02	1.575748e+01
2.235000e-05	-2.723913e-03	1.578013e+01
2.236000e-05	-6.398687e-03	1.584958e+01
2.237000e-05	-4.121316e-03	1.587116e+01
2.238000e-05	-9.696183e-03	1.588119e+01
2.239000e-05	-5.100285e-03	1.586416e+01
2.240000e-05	-7.765014e-03	1.586173e+01
2.241000e-05	-7.838241e-03	1.587163e+01
2.242000e-05	-8.621367e-03	1.586956e+01
2.243000e-05	-6.802563e-03	1.582903e+01
2.244000e-05	-5.753947e-03	1.580950e+01
2.245000e-05	-7.674252e-03	1.575788e+01
2.246000e-05	-6.419035e-03	1.574580e+01
2.247000e-05	-7.623307e-03	1.570407e+01
2.248000e-05	-5.095186e-03	1.561251e+01
2.249000e-05	-7.357419e-03	1.555838e+01
2.250000e-05	-6.977532e-03	1.549482e+01
2.251000e-05	-9.429178e-03	1.547114e+01
2.252000e-05	-9.015488e-03	1.535993e+01
2.253000e-05	-6.543585e-03	1.528422e+01
2.254000e-05	-7.001844e-03	1.523001e+01
2.255000e-05	-5.184662e-03	1.512582e+01
2.256000e-05	-8.142613e-03	1.505211e+01
2.257000e-05	-4.894269e-03	1.494627e+01
2.258000e-05	-8.163875e-03	1.482003e+01
2.259000e-05	-7.026363e-03	1.474585e+01
2.260000e-05	-7.345179e-03	1.459251e+01
2.261000e-05	-7.289846e-03	1.446417e+01
2.262000e-05	-6.569705e-03	1.434742e+01
2.263000e-05	-9.306985e-03	1.422051e+01
2.264000e-05	-7.066132e-03	1.410437e+01
2.265000e-05	-9.376417e-03	1.393525e+01
2.266000e-05	-5.389361e-03	1.378998e+01
2.267000e-05	-6.667310e-03	1.365064e+01
2.268000e-05	-5.388443e-03	1.348476e+01
2.269000e-05	-8.238968e-03	1.332735e+01
2.270000e-05	-5.915382e-03	1.316840e+01
2.271000e-05	-7.410637e-03	1.298043e+01
2.272000e-05	-6.873671e-03	1.286013e+01
2.273000e-05	-7.921622e-03	1.263151e+01
2.274000e-05	-6.441876e-03	1.251381e+01
2.275000e-05	-6.122697e-03	1.230427e+01
2.276000e-05	-7.022124e-03	1.209324e+01
2.277000e-05	-8.197409e-03	1.186224e+01
2.278000e-05	-6.844263e-03	1.166472e+01
2.279000e-05	-6.194373e-03	1.147217e+01
2.280000e-05	-5.956291e-03	1.126163e+01
2.281000e-05	-6.468574e-03	1.101058e+01
2.282000e-05	-5.974680e-03	1.082103e+01
2.283000e-05	-8.206171e-03	1.057196e+01
2.284000e-05	-6.408933e-03	1.041995e+01
2.285000e-05	-7.098220e-03	1.015897e+01
2.286000e-05	-6.278852e-03	9.867467e+00
2.287000e-05	-6.119119e-03	9.683313e+00
2.288000e-05	-5.837126e-03	9.421159e+00
2.289000e-05	-6.040131e-03	9.210659e+00
2.290000e-05	-6.937507e-03	8.989952e+00
2.291000e-05	-6.690127e-03	8.706291e+00
2.292000e-05	-6.608197e-03	8.515164e+00
2.293000e-05	-6.741099e-03	8.193659e+00
2.294000e-05	-6.391017e-03	7.950423e+00
2.295000e-05	-6.124543e-03	7.724842e+00
2.296000e-05	-5.258860e-03	7.393660e+00
2.297000e-05	-6.517252e-03	7.116896e+00
2.298000e-05	-6.078691e-03	6.936764e+00
2.299000e-05	-6.714972e-03	6.622034e+00
2.300000e-05	-5.869919e-03	6.337345e+00
2.301000e-05	-5.835582e-03	6.124739e+00
2.302000e-05	-6.459695e-03	5.823533e+00
2.303000e-05	-6.541908e-03	5.548392e+00
2.304000e-05	-6.049394e-03	5.233185e+00
2.305000e-05	-6.150271e-03	4.895193e+00
2.306000e-05	-6.049367e-03	4.601053e+00
2.307000e-05	-6.271809e-03	4.338367e+00
2.308000e-05	-5.989551e-03	4.030652e+00
2.309000e-05	-5.497090e-03	3.749372e+00
2.310000e-05	-6.303853e-03	3.496339e+00
2.311000e-05	-5.606224e-03	3.210424e+00
2.312000e-05	-5.960710e-03	2.936766e+00
2.313000e-05	-5.815835e-03	2.604157e+00
2.314000e-05	-5.190724e-03	2.306842e+00
2.315000e-05	-5.064484e-03	2.053058e+00
2.316000e-05	-5.464009e-03	1.789452e+00
2.317000e-05	-6.077736e-03	1.433105e+00
2.318000e-05	-5.343186e-03	1.159942e+00
2.319000e-05	-4.944628e-03	8.310474e-01
2.320000e-05	-4.631103e-03	5.157372e-01
2.321000e-05	-3.264023e-03	2.132266e-01
2.322000e-05	-1.804408e-03	-5.268389e-02
2.323000e-05	9.463934e-03	-3.353433e-01
2.324000e-05	-7.735481e-03	-6.270023e-01
2.325000e-05	6.861952e-03	-8.931592e-01
2.326000e-05	-6.471714e-03	-1.155876e+00
2.327000e-05	3.516137e-03	-1.481682e+00
2.328000e-05	-6.018335e-03	-1.744718e+00
2.329000e-05	2.593397e-02	-1.985424e+00
2.330000e-05	7.225252e-02	-2.228954e+00
2.331000e-05	3.076633e-02	-2.587873e+00
2.332000e-05	-1.031469e-01	-2.934373e+00
2.333000e-05	2.562909e-02	-3.365364e+00
2.334000e-05	-5.740693e-02	-3.556896e+00
2.335000e-05	-1.184919e-02	-3.799423e+00
2.336000e-05	-7.339999e-02	-4.060734e+00
2.337000e-05	2.083648e-01	-4.249079e+00
2.338000e-05	-1.691255e-01	-4.454689e+00
2.339000e-05	7.502416e-02	-4.789106e+00
2.340000e-05	7.090112e-02	-5.061111e+00
2.341000e-05	-1.670940e-01	-5.440503e+00
2.342000e-05	1.741756e-01	-5.692192e+00
2.343000e-05	-1.659395e-01	-5.947349e+00
2.344000e-05	1.516572e-01	-6.250709e+00
2.345000e-05	-1.687484e-02	-6.494792e+00
2.346000e-05	-8.850527e-02	-6.809451e+00
2.347000e-05	1.113645e-01	-7.081666e+00
2.348000e-05	-1.447467e-01	-7.388453e+00
2.349000e-05	1.427631e-01	-7.671141e+00
2.350000e-05	-1.004077e-01	-7.945270e+00
2.351000e-05	8.958146e-02	-8.209456e+00
2.352000e-05	7.405793e-03	-8.429979e+00
2.353000e-05	-9.000328e-02	-8.763794e+00
2.354000e-05	1.062675e-01	-8.946826e+00
2.355000e-05	-1.053899e-01	-9.168451e+00
2.356000e-05	1.110730e-01	-9.439056e+00
2.357000e-05	-9.328502e-02	-9.682141e+00
2.358000e-05	7.521504e-02	-9.872636e+00
2.359000e-05	-3.117585e-02	-1.014274e+01
2.360000e-05	-1.105524e-03	-1.038738e+01
2.361000e-05	1.129396e-02	-1.057695e+01
2.362000e-05	-2.413446e-02	-1.082853e+01
2.363000e-05	5.659388e-02	-1.100858e+01
2.364000e-05	-5.446894e-02	-1.124909e+01
2.365000e-05	5.127432e-02	-1.147918e+01
2.366000e-05	-4.166447e-02	-1.168169e+01
2.367000e-05	3.376413e-02	-1.192580e+01
2.368000e-05	-3.852752e-02	-1.215372e+01
2.369000e-05	3.709548e-02	-1.231425e+01
2.370000e-05	-3.244220e-03	-1.250164e+01
2.371000e-05	9.368592e-03	-1.267019e+01
2.372000e-05	-1.370591e-02	-1.289157e+01
2.373000e-05	2.570041e-03	-1.303901e+01
2.374000e-05	7.619454e-03	-1.317693e+01
2.375000e-05	-4.947388e-03	-1.338292e+01
2.376000e-05	1.070077e-02	-1.351275e+01
2.377000e-05	-4.724107e-03	-1.369261e+01
2.378000e-05	9.589342e-03	-1.384903e+01
2.379000e-05	-1.250859e-02	-1.398698e+01
2.380000e-05	1.333645e-02	-1.414485e+01
2.381000e-05	-5.651987e-03	-1.426062e+01
2.382000e-05	8.110458e-03	-1.441946e+01
2.383000e-05	-3.158067e-03	-1.450435e+01
2.384000e-05	9.748390e-03	-1.468066e+01
2.385000e-05	-4.210413e-03	-1.479530e+01
2.386000e-05	-3.309275e-03	-1.489062e+01
2.387000e-05	8.078916e-04	-1.494593e+01
2.388000e-05	6.023648e-03	-1.510070e+01
2.389000e-05	5.484406e-03	-1.514538e+01
2.390000e-05	-1.827418e-03	-1.523859e+01
2.391000e-05	1.534655e-03	-1.528332e+01
2.392000e-05	-1.833040e-03	-1.539851e+01
2.393000e-05	3.618497e-03	-1.546168e+01
2.394000e-05	1.923463e-03	-1.557685e+01
2.395000e-05	2.652302e-03	-1.558653e+01
2.396000e-05	8.691561e-04	-1.565104e+01
2.397000e-05	2.082251e-03	-1.572215e+01
2.398000e-05	-9.783118e-04	-1.574583e+01
2.399000e-05	-6.562764e-04	-1.575585e+01
2.400000e-05	2.187701e-03	-1.581648e+01
2.401000e-05	3.643129e-03	-1.589072e+01
2.402000e-05	2.634508e-03	-1.584107e+01
2.403000e-05	4.795347e-04	-1.588217e+01
2.404000e-05	5.795613e-04	-1.587217e+01
2.405000e-05	-1.153859e-03	-1.588225e+01
2.406000e-05	-8.861020e-04	-1.589324e+01
2.407000e-05	1.674116e-03	-1.586262e+01
2.408000e-05	3.560916e-03	-1.586112e+01
2.409000e-05	2.253693e-03	-1.584904e+01
2.410000e-05	-3.153310e-05	-1.580796e+01
2.411000e-05	6.984989e-05	-1.582733e+01
2.412000e-05	4.746301e-04	-1.571540e+01
2.413000e-05	-1.069929e-03	-1.567202e+01
2.414000e-05	1.159144e-03	-1.564963e+01
2.415000e-05	1.902858e-03	-1.556648e+01
2.416000e-05	6.721698e-04	-1.549524e+01
2.417000e-05	-1.217584e-03	-1.541021e+01
2.418000e-05	1.470960e-03	-1.539743e+01
2.419000e-05	1.252492e-03	-1.531314e+01
2.420000e-05	2.766728e-04	-1.520904e+01
2.421000e-05	4.811727e-04	-1.512585e+01
2.422000e-05	1.755066e-03	-1.505056e+01
2.423000e-05	-6.187310e-04	-1.495532e+01
2.424000e-05	3.568519e-04	-1.485011e+01
2.425000e-05	-8.588712e-04	-1.474485e+01
2.426000e-05	6.139573e-04	-1.462803e+01
2.427000e-05	6.892112e-04	-1.449522e+01
2.428000e-05	1.572978e-04	-1.434538e+01
2.429000e-05	-2.437828e-04	-1.426206e+01
2.430000e-05	-1.092754e-03	-1.413124e+01
2.431000e-05	-1.164164e-04	-1.394532e+01
2.432000e-05	-7.810289e-04	-1.378695e+01
2.433000e-05	1.441313e-04	-1.361166e+01
2.434000e-05	-2.929404e-04	-1.346109e+01
2.435000e-05	-8.477243e-04	-1.334467e+01
2.436000e-05	-1.244031e-03	-1.318748e+01
2.437000e-05	-1.135702e-03	-1.298898e+01
2.438000e-05	-1.111567e-03	-1.279211e+01
2.439000e-05	-8.204809e-04	-1.264064e+01
2.440000e-05	-1.205703e-03	-1.252374e+01
2.441000e-05	-3.988180e-04	-1.229162e+01
2.442000e-05	-1.530473e-03	-1.209532e+01
2.443000e-05	-2.290987e-03	-1.182169e+01
2.444000e-05	-2.824430e-03	-1.166322e+01
2.445000e-05	-1.193618e-03	-1.145073e+01
2.446000e-05	-4.485000e-04	-1.121893e+01
2.447000e-05	-1.843398e-03	-1.100941e+01
2.448000e-05	-2.695770e-03	-1.078847e+01
2.449000e-05	-1.895618e-03	-1.059840e+01
2.450000e-05	-1.871065e-03	-1.037690e+01
2.451000e-05	-1.993396e-03	-1.012440e+01
2.452000e-05	-1.222736e-03	-9.874212e+00
2.453000e-05	-1.374994e-03	-9.673586e+00
2.454000e-05	-2.625709e-03	-9.421659e+00
2.455000e-05	-2.939742e-03	-9.197976e+00
2.456000e-05	-2.865197e-03	-8.925899e+00
2.457000e-05	-2.854571e-03	-8.735243e+00
2.458000e-05	-2.330911e-03	-8.451663e+00
2.459000e-05	-2.354139e-03	-8.179004e+00
2.460000e-05	-2.290130e-03	-7.954927e+00
2.461000e-05	-3.515160e-03	-7.693317e+00
2.462000e-05	-3.679919e-03	-7.399030e+00
2.463000e-05	-3.436977e-03	-7.127347e+00
2.464000e-05	-3.183509e-03	-6.851082e+00
2.465000e-05	-3.340486e-03	-6.639902e+00
2.466000e-05	-2.908533e-03	-6.347797e+00
2.467000e-05	-2.425537e-03	-6.032133e+00
2.468000e-05	-4.131060e-03	-5.769901e+00
2.469000e-05	-3.627024e-03	-5.474743e+00
2.470000e-05	-4.180654e-03	-5.136924e+00
2.471000e-05	-3.798606e-03	-4.865214e+00
2.472000e-05	-3.612610e-03	-4.556869e+00
2.473000e-05	-3.752816e-03	-4.287790e+00
2.474000e-05	-4.501766e-03	-4.092654e+00
2.475000e-05	-4.167707e-03	-3.727443e+00
2.476000e-05	-5.179110e-03	-3.502114e+00
2.477000e-05	-3.397686e-03	-3.200450e+00
2.478000e-05	-4.361973e-03	-2.894239e+00
2.479000e-05	-2.961096e-03	-2.612026e+00
2.480000e-05	-5.033985e-03	-2.337342e+00
2.481000e-05	-4.093921e-03	-2.010004e+00
2.482000e-05	-5.989387e-03	-1.748820e+00
2.483000e-05	-4.862892e-03	-1.434733e+00
2.484000e-05	-4.941123e-03	-1.075734e+00
2.485000e-05	-3.884056e-03	-8.004765e-01
2.486000e-05	-3.857342e-03	-4.857883e-01
2.487000e-05	-2.919438e-03	-2.421329e-01
2.488000e-05	7.599108e-04	4.165790e-02
2.489000e-05	7.014658e-03	3.679698e-01
2.490000e-05	-6.052755e-03	6.190251e-01
2.491000e-05	5.851970e-03	8.651815e-01
2.492000e-05	-7.064716e-03	1.199972e+00
2.493000e-05	2.274136e-03	1.482633e+00
2.494000e-05	-7.512029e-03	1.798505e+00
2.495000e-05	1.693286e-02	2.000079e+00
2.496000e-05	2.874426e-02	2.244637e+00
2.497000e-05	9.229722e-02	2.617922e+00
2.498000e-05	-8.579059e-02	2.945315e+00
2.499000e-05	-1.831333e-02	3.210558e+00
2.500000e-05	-4.319590e-02	3.545383e+00
2.501000e-05	7.510825e-03	3.767425e+00
2.502000e-05	-5.309046e-02	4.029550e+00
2.503000e-05	5.042024e-03	4.293160e+00
2.504000e-05	7.572028e-02	4.535263e+00
2.505000e-05	-3.994418e-02	4.880133e+00
2.506000e-05	-3.211327e-02	5.134793e+00
2.507000e-05	1.368044e-01	5.450054e+00
2.508000e-05	-1.781820e-01	5.716869e+00
2.509000e-05	1.004767e-01	5.989080e+00
2.510000e-05	-4.911495e-02	6.291108e+00
2.511000e-05	5.900423e-02	6.515819e+00
2.512000e-05	-2.030497e-02	6.851485e+00
2.513000e-05	-5.573251e-02	7.072290e+00
2.514000e-05	5.363222e-02	7.419880e+00
2.515000e-05	-5.089883e-02	7.663187e+00
2.516000e-05	4.933960e-02	7.985272e+00
2.517000e-05	-5.597504e-02	8.220109e+00
2.518000e-05	4.615945e-02	8.471182e+00
2.519000e-05	2.177165e-05	8.694115e+00
2.520000e-05	-4.019206e-02	8.935494e+00
2.521000e-05	3.036734e-02	9.198476e+00
2.522000e-05	-3.578108e-02	9.418954e+00
2.523000e-05	2.793983e-02	9.622659e+00
2.524000e-05	-2.745426e-02	9.913714e+00
2.525000e-05	2.446170e-02	1.015587e+01
2.526000e-05	-3.119421e-02	1.038630e+01
2.527000e-05	1.721047e-03	1.057738e+01
2.528000e-05	-5.832472e-03	1.083043e+01
2.529000e-05	1.276297e-03	1.100753e+01
2.530000e-05	1.526443e-04	1.119913e+01
2.531000e-05	-1.705653e-02	1.147259e+01
2.532000e-05	8.082977e-03	1.172424e+01
2.533000e-05	-6.907886e-03	1.188181e+01
2.534000e-05	-1.677779e-03	1.209272e+01
2.535000e-05	-2.126982e-02	1.230319e+01
2.536000e-05	1.347264e-02	1.249214e+01
2.537000e-05	-1.461318e-03	1.268321e+01
2.538000e-05	-3.011283e-03	1.280006e+01
2.539000e-05	-1.837588e-02	1.299798e+01
2.540000e-05	1.959015e-04	1.319841e+01
2.541000e-05	-9.837634e-04	1.335423e+01
2.542000e-05	-7.538887e-03	1.350477e+01
2.543000e-05	-5.688629e-03	1.368009e+01
2.544000e-05	-6.422798e-03	1.382001e+01
2.545000e-05	4.414333e-04	1.398640e+01
2.546000e-05	-1.112237e-02	1.412427e+01
2.547000e-05	-2.321568e-03	1.430229e+01
2.548000e-05	-1.056799e-02	1.441948e+01
2.549000e-05	-9.031034e-04	1.457740e+01
2.550000e-05	-5.012464e-03	1.467464e+01
2.551000e-05	-4.030722e-03	1.472695e+01
2.552000e-05	-1.237560e-02	1.486166e+01
2.553000e-05	-1.077421e-02	1.495785e+01
2.554000e-05	-3.090091e-04	1.505108e+01
2.555000e-05	-4.569233e-03	1.512430e+01
2.556000e-05	-4.599209e-03	1.523056e+01
2.557000e-05	-1.115001e-02	1.530325e+01
2.558000e-05	-2.011814e-03	1.538846e+01
2.559000e-05	-7.851577e-03	1.547264e+01
2.560000e-05	-5.222057e-03	1.551537e+01
2.561000e-05	-9.088444e-03	1.556741e+01
2.562000e-05	-6.315706e-03	1.566149e+01
2.563000e-05	-4.487710e-03	1.569477e+01
2.564000e-05	-7.575159e-03	1.572487e+01
2.565000e-05	-8.272168e-03	1.575780e+01
2.566000e-05	-1.050247e-02	1.581893e+01
2.567000e-05	-2.338996e-03	1.585016e+01
2.568000e-05	-5.476998e-03	1.585261e+01
2.569000e-05	-6.792086e-03	1.583164e+01
2.570000e-05	-9.742821e-03	1.587114e+01
2.571000e-05	-6.375839e-03	1.588169e+01
2.572000e-05	-6.443443e-03	1.589224e+01
2.573000e-05	-9.192501e-03	1.583154e+01
2.574000e-05	-6.960277e-03	1.582064e+01
2.575000e-05	-6.822414e-03	1.582053e+01
2.576000e-05	-6.674256e-03	1.579905e+01
2.577000e-05	-9.014174e-03	1.572837e+01
2.578000e-05	-6.788424e-03	1.574667e+01
2.579000e-05	-8.522301e-03	1.567519e+01
2.580000e-05	-6.624379e-03	1.562048e+01
2.581000e-05	-5.866287e-03	1.555633e+01
2.582000e-05	-6.281480e-03	1.546584e+01
2.583000e-05	-8.122560e-03	1.546196e+01
2.584000e-05	-9.162022e-03	1.538738e+01
2.585000e-05	-5.115955e-03	1.526217e+01
2.586000e-05	-5.797451e-03	1.523791e+01
2.587000e-05	-7.440054e-03	1.516380e+01
2.588000e-05	-7.319471e-03	1.500908e+01
2.589000e-05	-7.020058e-03	1.493574e+01
2.590000e-05	-6.494132e-03	1.481858e+01
2.591000e-05	-9.034806e-03	1.466369e+01
2.592000e-05	-4.823380e-03	1.456998e+01
2.593000e-05	-8.092749e-03	1.447211e+01
2.594000e-05	-4.228395e-03	1.437587e+01
2.595000e-05	-9.869532e-03	1.422005e+01
2.596000e-05	-5.684541e-03	1.408311e+01
2.597000e-05	-9.097506e-03	1.389374e+01
2.598000e-05	-5.273112e-03	1.375790e+01
2.599000e-05	-8.051622e-03	1.359698e+01
2.600000e-05	-6.029500e-03	1.344063e+01
2.601000e-05	-7.913562e-03	1.331464e+01
2.602000e-05	-6.766119e-03	1.309522e+01
2.603000e-05	-7.136356e-03	1.296785e+01
2.604000e-05	-5.655692e-03	1.275690e+01
2.605000e-05	-6.237883e-03	1.257798e+01
2.606000e-05	-7.023503e-03	1.239116e+01
2.607000e-05	-7.250581e-03	1.221221e+01
2.608000e-05	-5.954213e-03	1.204121e+01
2.609000e-05	-8.426117e-03	1.185224e+01
2.610000e-05	-7.645478e-03	1.163266e+01
2.611000e-05	-7.789642e-03	1.142011e+01
2.612000e-05	-5.235646e-03	1.117948e+01
2.613000e-05	-6.825397e-03	1.097848e+01
2.614000e-05	-6.229805e-03	1.074842e+01
2.615000e-05	-7.579331e-03	1.054693e+01
2.616000e-05	-5.828368e-03	1.030584e+01
2.617000e-05	-6.625473e-03	1.012482e+01
2.618000e-05	-7.126230e-03	9.845606e+00
2.619000e-05	-6.028002e-03	9.630025e+00
2.620000e-05	-6.942511e-03	9.378852e+00
2.621000e-05	-6.607109e-03	9.108398e+00
2.622000e-05	-7.264269e-03	8.926264e+00
2.623000e-05	-6.202129e-03	8.653612e+00
2.624000e-05	-7.041050e-03	8.391181e+00
2.625000e-05	-6.212287e-03	8.139903e+00
2.626000e-05	-6.040502e-03	7.905288e+00
2.627000e-05	-6.392421e-03	7.623083e+00
2.628000e-05	-6.704841e-03	7.327950e+00
2.629000e-05	-6.791111e-03	7.094735e+00
2.630000e-05	-5.894691e-03	6.834105e+00
2.631000e-05	-6.535653e-03	6.558975e+00
2.632000e-05	-5.364099e-03	6.297261e+00
2.633000e-05	-6.225666e-03	6.062155e+00
2.634000e-05	-6.074580e-03	5.750025e+00
2.635000e-05	-7.040305e-03	5.445261e+00
2.636000e-05	-6.405575e-03	5.141427e+00
2.637000e-05	-5.895066e-03	4.792026e+00
2.638000e-05	-5.258027e-03	4.547943e+00
2.639000e-05	-5.233514e-03	4.265762e+00
2.640000e-05	-5.816249e-03	3.968949e+00
2.641000e-05	-5.581261e-03	3.706783e+00
2.642000e-05	-5.968577e-03	3.393754e+00
2.643000e-05	-5.642950e-03	3.136412e+00
2.644000e-05	-6.221277e-03	2.852635e+00
2.645000e-05	-6.068958e-03	2.530351e+00
2.646000e-05	-5.517459e-03	2.273634e+00
2.647000e-05	-5.732649e-03	1.980499e+00
2.648000e-05	-4.788963e-03	1.693734e+00
2.649000e-05	-5.688681e-03	1.379421e+00
2.650000e-05	-4.847759e-03	1.023558e+00
2.651000e-05	-4.627197e-03	7.268673e-01
2.652000e-05	-3.333331e-03	4.431530e-01
2.653000e-05	-3.346705e-03	1.184973e-01
2.654000e-05	4.967824e-04	-1.147406e-01
2.655000e-05	9.389119e-03	-3.669237e-01
2.656000e-05	-8.244752e-03	-6.951602e-01
2.657000e-05	6.685415e-03	-9.563932e-01
2.658000e-05	-7.403804e-03	-1.239503e+00
2.659000e-05	4.019504e-03	-1.588917e+00
2.660000e-05	-1.665559e-03	-1.808501e+00
2.661000e-05	3.080066e-02	-2.000506e+00
2.662000e-05	9.592708e-02	-2.364641e+00
2.663000e-05	-3.711605e-02	-2.682131e+00
2.664000e-05	-5.609321e-02	-3.090561e+00
2.665000e-05	-6.137592e-03	-3.407400e+00
2.666000e-05	-2.916275e-02	-3.610002e+00
2.667000e-05	-5.293836e-02	-3.832085e+00
2.668000e-05	7.210424e-03	-4.093711e+00
2.669000e-05	1.808114e-01	-4.282663e+00
2.670000e-05	-2.048401e-01	-4.617422e+00
2.671000e-05	1.811713e-01	-4.882614e+00
2.672000e-05	-6.672549e-02	-5.135853e+00
2.673000e-05	-7.029556e-02	-5.534718e+00
2.674000e-05	1.126911e-01	-5.725769e+00
2.675000e-05	-1.515984e-01	-6.051084e+00
2.676000e-05	1.988173e-01	-6.355842e+00
2.677000e-05	-1.140700e-01	-6.577872e+00
2.678000e-05	2.158805e-03	-6.904238e+00
2.679000e-05	3.934365e-02	-7.164825e+00
2.680000e-05	-1.036686e-01	-7.443138e+00
2.681000e-05	1.452266e-01	-7.723245e+00
2.682000e-05	-1.388208e-01	-7.989029e+00
2.683000e-05	1.615666e-01	-8.281088e+00
2.684000e-05	-9.595403e-02	-8.492795e+00
2.685000e-05	6.169514e-03	-8.788430e+00
2.686000e-05	3.893889e-02	-8.999102e+00
2.687000e-05	-6.578301e-02	-9.243140e+00
2.688000e-05	9.317362e-02	-9.492643e+00
2.689000e-05	-1.010880e-01	-9.734843e+00
2.690000e-05	1.098494e-01	-9.996343e+00
2.691000e-05	-8.278457e-02	-1.018895e+01
2.692000e-05	4.844900e-02	-1.047104e+01
2.693000e-05	-4.019674e-02	-1.065856e+01
2.694000e-05	2.880466e-02	-1.087111e+01
2.695000e-05	1.446961e-02	-1.109169e+01
2.696000e-05	-2.715524e-02	-1.132272e+01
2.697000e-05	3.434938e-02	-1.150425e+01
2.698000e-05	-3.447904e-02	-1.178635e+01
2.699000e-05	3.208520e-02	-1.199590e+01
2.700000e-05	-4.181718e-02	-1.214643e+01
2.701000e-05	4.997323e-02	-1.235384e+01
2.702000e-05	-2.058402e-02	-1.256380e+01
2.703000e-05	2.198555e-02	-1.272385e+01
2.704000e-05	-2.702353e-02	-1.290215e+01
2.705000e-05	1.803097e-02	-1.309021e+01
2.706000e-05	-7.684795e-03	-1.325961e+01
2.707000e-05	5.424491e-03	-1.342743e+01
2.708000e-05	4.031857e-03	-1.355592e+01
2.709000e-05	3.656709e-03	-1.376437e+01
2.710000e-05	2.019420e-03	-1.388168e+01
2.711000e-05	-9.109204e-03	-1.404859e+01
2.712000e-05	1.141627e-02	-1.416498e+01
2.713000e-05	-3.210110e-03	-1.430322e+01
2.714000e-05	7.617598e-03	-1.441056e+01
2.715000e-05	-2.995867e-03	-1.457483e+01
2.716000e-05	8.674849e-03	-1.471422e+01
2.717000e-05	-6.833957e-03	-1.483846e+01
2.718000e-05	-8.742861e-04	-1.492128e+01
2.719000e-05	9.479400e-04	-1.501848e+01
2.720000e-05	5.916218e-03	-1.509269e+01
2.721000e-05	4.608085e-03	-1.518688e+01
2.722000e-05	6.040872e-04	-1.530059e+01
2.723000e-05	1.067196e-03	-1.536683e+01
2.724000e-05	-1.833266e-03	-1.545961e+01
2.725000e-05	2.516256e-03	-1.551319e+01
2.726000e-05	3.502978e-03	-1.557540e+01
2.727000e-05	2.417971e-03	-1.563848e+01
2.728000e-05	8.021407e-04	-1.568160e+01
2.729000e-05	6.432598e-04	-1.571332e+01
2.730000e-05	3.371044e-04	-1.575483e+01
2.731000e-05	4.431798e-04	-1.576533e+01
2.732000e-05	3.232811e-03	-1.580741e+01
2.733000e-05	2.859954e-03	-1.582004e+01
2.734000e-05	2.472673e-03	-1.585956e+01
2.735000e-05	2.523102e-04	-1.589072e+01
2.736000e-05	4.719134e-05	-1.586269e+01
2.737000e-05	-9.467272e-04	-1.586167e+01
2.738000e-05	5.768588e-04	-1.588374e+01
2.739000e-05	2.675203e-03	-1.586107e+01
2.740000e-05	2.309042e-03	-1.585209e+01
2.741000e-05	7.920338e-04	-1.581999e+01
2.742000e-05	-9.194432e-04	-1.582851e+01
2.743000e-05	9.244337e-04	-1.579393e+01
2.744000e-05	6.699099e-04	-1.568274e+01
2.745000e-05	1.028838e-03	-1.563114e+01
2.746000e-05	1.924305e-03	-1.562896e+01
2.747000e-05	1.458558e-03	-1.556787e+01
2.748000e-05	4.505946e-04	-1.550272e+01
2.749000e-05	-7.667565e-04	-1.543958e+01
2.750000e-05	1.580181e-04	-1.535773e+01
2.751000e-05	1.023862e-03	-1.526219e+01
2.752000e-05	2.413434e-03	-1.519896e+01
2.753000e-05	1.094860e-04	-1.511572e+01
2.754000e-05	4.551108e-04	-1.501950e+01
2.755000e-05	-8.859603e-04	-1.493525e+01
2.756000e-05	-9.586571e-04	-1.480893e+01
2.757000e-05	-8.451374e-05	-1.468427e+01
2.758000e-05	2.629835e-05	-1.457890e+01
2.759000e-05	1.069833e-03	-1.446267e+01
2.760000e-05	7.483096e-04	-1.433590e+01
2.761000e-05	-2.733370e-04	-1.420948e+01
2.762000e-05	-9.136113e-04	-1.406062e+01
2.763000e-05	-4.984393e-04	-1.390436e+01
2.764000e-05	-6.471156e-04	-1.377630e+01
2.765000e-05	-5.029663e-04	-1.361833e+01
2.766000e-05	-1.299209e-04	-1.344156e+01
2.767000e-05	-7.549337e-04	-1.331267e+01
2.768000e-05	-1.591933e-03	-1.312522e+01
2.769000e-05	-1.228597e-03	-1.296695e+01
2.770000e-05	3.022048e-04	-1.277731e+01
2.771000e-05	-5.248504e-04	-1.258796e+01
2.772000e-05	-7.041766e-04	-1.245016e+01
2.773000e-05	-1.922647e-03	-1.227959e+01
2.774000e-05	-1.626320e-03	-1.204411e+01
2.775000e-05	-2.507277e-03	-1.186053e+01
2.776000e-05	-2.501626e-03	-1.159853e+01
2.777000e-05	-4.153149e-04	-1.136738e+01
2.778000e-05	-1.037099e-03	-1.115578e+01
2.779000e-05	-1.016876e-03	-1.093540e+01
2.780000e-05	-1.297420e-03	-1.072685e+01
2.781000e-05	-1.376616e-03	-1.052627e+01
2.782000e-05	-2.390424e-03	-1.029367e+01
2.783000e-05	-2.135037e-03	-1.007064e+01
2.784000e-05	-1.372706e-03	-9.820581e+00
2.785000e-05	-1.771296e-03	-9.601131e+00
2.786000e-05	-3.224686e-03	-9.376952e+00
2.787000e-05	-3.550623e-03	-9.126271e+00
2.788000e-05	-1.935929e-03	-8.896214e+00
2.789000e-05	-2.053461e-03	-8.642038e+00
2.790000e-05	-2.478656e-03	-8.398053e+00
2.791000e-05	-2.970966e-03	-8.147397e+00
2.792000e-05	-1.785068e-03	-7.905119e+00
2.793000e-05	-2.750785e-03	-7.641052e+00
2.794000e-05	-4.028234e-03	-7.345368e+00
2.795000e-05	-3.323883e-03	-7.084693e+00
2.796000e-05	-3.724817e-03	-6.758400e+00
2.797000e-05	-1.941826e-03	-6.527942e+00
2.798000e-05	-4.141921e-03	-6.253060e+00
2.799000e-05	-2.621904e-03	-6.008951e+00
2.800000e-05	-4.161250e-03	-5.694316e+00
2.801000e-05	-1.832613e-03	-5.440656e+00
2.802000e-05	-4.122204e-03	-5.085843e+00
2.803000e-05	-2.861533e-03	-4.778000e+00
2.804000e-05	-5.242002e-03	-4.485265e+00
2.805000e-05	-3.618333e-03	-4.244639e+00
2.806000e-05	-4.933750e-03	-3.988427e+00
2.807000e-05	-3.914626e-03	-3.714191e+00
2.808000e-05	-5.189113e-03	-3.429950e+00
2.809000e-05	-3.904768e-03	-3.097866e+00
2.810000e-05	-3.859572e-03	-2.810624e+00
2.811000e-05	-3.464620e-03	-2.526347e+00
2.812000e-05	-4.451488e-03	-2.222148e+00
2.813000e-05	-4.302129e-03	-1.948417e+00
2.814000e-05	-5.478379e-03	-1.682261e+00
2.815000e-05	-4.695470e-03	-1.358926e+00
2.816000e-05	-4.403237e-03	-1.032105e+00
2.817000e-05	-4.956174e-03	-7.768947e-01
2.818000e-05	-4.015789e-03	-4.290051e-01
2.819000e-05	-4.695192e-03	-1.573225e-01
2.820000e-05	4.267628e-03	1.267131e-01
2.821000e-05	1.674083e-03	4.305038e-01
2.822000e-05	-3.537057e-03	6.741367e-01
2.823000e-05	1.584229e-03	9.359457e-01
2.824000e-05	-3.386213e-03	1.230609e+00
2.825000e-05	-1.325515e-03	1.558793e+00
2.826000e-05	-8.615357e-04	1.859632e+00
2.827000e-05	1.400952e-02	2.053181e+00
2.828000e-05	5.016962e-02	2.345786e+00
2.829000e-05	6.398610e-02	2.724629e+00
2.830000e-05	-9.811668e-02	3.019979e+00
2.831000e-05	-6.297867e-03	3.233159e+00
2.832000e-05	-4.425910e-02	3.580451e+00
2.833000e-05	7.861523e-03	3.851630e+00
2.834000e-05	-5.973573e-02	4.082586e+00
2.835000e-05	2.604132e-02	4.326423e+00
2.836000e-05	8.488112e-02	4.618951e+00
2.837000e-05	-1.067954e-01	4.886316e+00
2.838000e-05	7.068560e-02	5.258431e+00
2.839000e-05	3.325850e-02	5.502712e+00
2.840000e-05	-1.158522e-01	5.788375e+00
2.841000e-05	8.681886e-02	6.042660e+00
2.842000e-05	-5.109020e-02	6.355818e+00
2.843000e-05	6.746445e-02	6.637925e+00
2.844000e-05	-5.298843e-02	6.891685e+00
2.845000e-05	-1.856108e-02	7.156373e+00
2.846000e-05	3.193979e-02	7.481537e+00
2.847000e-05	-3.897787e-02	7.735792e+00
2.848000e-05	4.503465e-02	8.039505e+00
2.849000e-05	-5.773471e-02	8.274710e+00
2.850000e-05	6.347609e-02	8.495216e+00
2.851000e-05	-3.331127e-02	8.767445e+00
2.852000e-05	-1.978132e-02	9.027506e+00
2.853000e-05	2.154656e-02	9.250583e+00
2.854000e-05	-3.354673e-02	9.482664e+00
2.855000e-05	3.475937e-02	9.723747e+00
2.856000e-05	-3.450642e-02	9.958769e+00
2.857000e-05	3.250580e-02	1.015645e+01
2.858000e-05	-4.484077e-02	1.043056e+01
2.859000e-05	1.495782e-02	1.063899e+01
2.860000e-05	-1.440374e-02	1.084121e+01
2.861000e-05	7.325069e-03	1.105321e+01
2.862000e-05	-4.053536e-03	1.128332e+01
2.863000e-05	-1.642346e-02	1.150332e+01
2.864000e-05	1.174385e-02	1.175624e+01
2.865000e-05	-1.445449e-02	1.192875e+01
2.866000e-05	1.112772e-03	1.215532e+01
2.867000e-05	-2.181561e-02	1.234632e+01
2.868000e-05	2.006770e-02	1.255632e+01
2.869000e-05	-7.814388e-03	1.270264e+01
2.870000e-05	-6.150815e-03	1.288919e+01
2.871000e-05	-1.691719e-02	1.306156e+01
2.872000e-05	4.278851e-04	1.328146e+01
2.873000e-05	6.947883e-04	1.337743e+01
2.874000e-05	-1.044327e-02	1.358635e+01
2.875000e-05	-1.563245e-03	1.371119e+01
2.876000e-05	-8.543853e-03	1.386164e+01
2.877000e-05	1.297826e-03	1.402751e+01
2.878000e-05	-1.218801e-02	1.417938e+01
2.879000e-05	-2.152798e-03	1.430530e+01
2.880000e-05	-9.037523e-03	1.444054e+01
2.881000e-05	-2.338902e-03	1.458783e+01
2.882000e-05	-3.936427e-03	1.470269e+01
2.883000e-05	-6.839583e-03	1.478003e+01
2.884000e-05	-1.039439e-02	1.491322e+01
2.885000e-05	-1.084020e-02	1.498895e+01
2.886000e-05	1.195180e-03	1.508227e+01
2.887000e-05	-5.884148e-03	1.517745e+01
2.888000e-05	-3.834794e-03	1.522961e+01
2.889000e-05	-8.929959e-03	1.532525e+01
2.890000e-05	-3.845249e-03	1.540963e+01
2.891000e-05	-7.474549e-03	1.546219e+01
2.892000e-05	-7.255771e-03	1.556535e+01
2.893000e-05	-6.922029e-03	1.559893e+01
2.894000e-05	-7.479584e-03	1.565301e+01
2.895000e-05	-3.499025e-03	1.569572e+01
2.896000e-05	-9.074744e-03	1.573530e+01
2.897000e-05	-8.998172e-03	1.576696e+01
2.898000e-05	-8.378077e-03	1.580001e+01
2.899000e-05	-4.484256e-03	1.588010e+01
2.900000e-05	-4.811817e-03	1.586111e+01
2.901000e-05	-9.349283e-03	1.585061e+01
2.902000e-05	-7.112694e-03	1.585116e+01
2.903000e-05	-6.438348e-03	1.591116e+01
2.904000e-05	-6.214137e-03	1.586111e+01
2.905000e-05	-9.175344e-03	1.584114e+01
2.906000e-05	-7.066204e-03	1.582208e+01
2.907000e-05	-7.177544e-03	1.582851e+01
2.908000e-05	-6.582747e-03	1.578798e+01
2.909000e-05	-8.438143e-03	1.574732e+01
2.910000e-05	-7.080539e-03	1.570517e+01
2.911000e-05	-7.575615e-03	1.564357e+01
2.912000e-05	-6.947981e-03	1.560243e+01
2.913000e-05	-4.834025e-03	1.555732e+01
2.914000e-05	-7.372483e-03	1.545365e+01
2.915000e-05	-8.574767e-03	1.542256e+01
2.916000e-05	-9.457495e-03	1.533680e+01
2.917000e-05	-6.305467e-03	1.524159e+01
2.918000e-05	-5.949343e-03	1.520838e+01
2.919000e-05	-8.320993e-03	1.511219e+01
2.920000e-05	-6.257736e-03	1.499692e+01
2.921000e-05	-8.775586e-03	1.489472e+01
2.922000e-05	-5.898725e-03	1.475793e+01
2.923000e-05	-1.078235e-02	1.469367e+01
2.924000e-05	-4.674549e-03	1.457535e+01
2.925000e-05	-7.605895e-03	1.440961e+01
2.926000e-05	-4.501053e-03	1.433574e+01
2.927000e-05	-9.640158e-03	1.420795e+01
2.928000e-05	-5.264237e-03	1.404256e+01
2.929000e-05	-7.034181e-03	1.387324e+01
2.930000e-05	-7.238419e-03	1.370577e+01
2.931000e-05	-7.460837e-03	1.358785e+01
2.932000e-05	-6.838966e-03	1.338003e+01
2.933000e-05	-6.037192e-03	1.324268e+01
2.934000e-05	-6.661462e-03	1.306516e+01
2.935000e-05	-7.378198e-03	1.289482e+01
2.936000e-05	-6.685583e-03	1.275585e+01
2.937000e-05	-6.553211e-03	1.256688e+01
2.938000e-05	-6.856993e-03	1.236790e+01
2.939000e-05	-6.345173e-03	1.221098e+01
2.940000e-05	-6.120520e-03	1.197906e+01
2.941000e-05	-7.695740e-03	1.178095e+01
2.942000e-05	-7.568323e-03	1.159848e+01
2.943000e-05	-6.681660e-03	1.133737e+01
2.944000e-05	-6.085440e-03	1.114732e+01
2.945000e-05	-6.757372e-03	1.091737e+01
2.946000e-05	-6.895764e-03	1.068534e+01
2.947000e-05	-5.934353e-03	1.048479e+01
2.948000e-05	-7.154044e-03	1.023316e+01
2.949000e-05	-7.191707e-03	1.003206e+01
2.950000e-05	-7.359000e-03	9.790926e+00
2.951000e-05	-5.271046e-03	9.527827e+00
2.952000e-05	-6.416358e-03	9.346371e+00
2.953000e-05	-6.933532e-03	9.065637e+00
2.954000e-05	-6.944166e-03	8.862638e+00
2.955000e-05	-6.186548e-03	8.579530e+00
2.956000e-05	-6.111768e-03	8.359501e+00
2.957000e-05	-7.222292e-03	8.113770e+00
2.958000e-05	-6.704539e-03	7.832658e+00
2.959000e-05	-7.116670e-03	7.549955e+00
2.960000e-05	-5.795719e-03	7.334336e+00
2.961000e-05	-5.818405e-03	7.031510e+00
2.962000e-05	-5.790716e-03	6.739449e+00
2.963000e-05	-6.120633e-03	6.503841e+00
2.964000e-05	-7.174152e-03	6.243534e+00
2.965000e-05	-6.601026e-03	5.969072e+00
2.966000e-05	-5.948387e-03	5.663734e+00
2.967000e-05	-5.616383e-03	5.411030e+00
2.968000e-05	-6.391964e-03	5.099295e+00
2.969000e-05	-5.390630e-03	4.737945e+00
2.970000e-05	-6.168945e-03	4.495213e+00
2.971000e-05	-5.408519e-03	4.212059e+00
2.972000e-05	-5.890651e-03	3.906787e+00
2.973000e-05	-5.559536e-03	3.642128e+00
2.974000e-05	-5.899252e-03	3.349020e+00
2.975000e-05	-4.749011e-03	3.073132e+00
2.976000e-05	-5.375338e-03	2.830049e+00
2.977000e-05	-5.354896e-03	2.485231e+00
2.978000e-05	-6.256323e-03	2.180450e+00
2.979000e-05	-5.268420e-03	1.906316e+00
2.980000e-05	-5.262172e-03	1.671027e+00
2.981000e-05	-4.949706e-03	1.308741e+00
2.982000e-05	-4.566828e-03	1.020943e+00
2.983000e-05	-5.057277e-03	6.852080e-01
2.984000e-05	-4.000303e-03	3.500503e-01
2.985000e-05	-2.710832e-03	8.791243e-02
2.986000e-05	4.628543e-03	-2.089511e-01
2.987000e-05	4.204692e-03	-4.300790e-01
2.988000e-05	-4.439453e-03	-7.847957e-01
2.989000e-05	2.145821e-03	-1.010478e+00
2.990000e-05	-3.864769e-03	-1.303120e+00
2.991000e-05	1.903891e-04	-1.590027e+00
2.992000e-05	6.685243e-03	-1.881105e+00
2.993000e-05	3.648159e-02	-2.052084e+00
2.994000e-05	1.075304e-01	-2.386925e+00
2.995000e-05	-9.546588e-02	-2.767343e+00
2.996000e-05	-3.647720e-03	-3.187849e+00
2.997000e-05	-4.540588e-02	-3.452111e+00
2.998000e-05	7.078270e-05	-3.621660e+00
2.999000e-05	-9.555890e-02	-3.956345e+00
3.000000e-05	1.053525e-01	-4.135892e+00
3.001000e-05	8.437687e-02	-4.344244e+00
3.002000e-05	-1.784900e-01	-4.653133e+00
3.003000e-05	2.128269e-01	-4.926793e+00
3.004000e-05	-1.722384e-01	-5.230039e+00
3.005000e-05	6.453761e-02	-5.608548e+00
3.006000e-05	1.374170e-02	-5.827430e+00
3.007000e-05	-7.603639e-02	-6.104695e+00
3.008000e-05	1.801277e-01	-6.388027e+00
3.009000e-05	-1.682755e-01	-6.651106e+00
3.010000e-05	8.881112e-02	-6.993374e+00
3.011000e-05	-4.845040e-02	-7.239532e+00
3.012000e-05	-2.035458e-02	-7.584745e+00
3.013000e-05	9.089949e-02	-7.755351e+00
3.014000e-05	-1.114769e-01	-8.101241e+00
3.015000e-05	1.731023e-01	-8.334694e+00
3.016000e-05	-1.633224e-01	-8.546452e+00
3.017000e-05	8.907969e-02	-8.829986e+00
3.018000e-05	-3.997881e-02	-9.052211e+00
3.019000e-05	7.585927e-03	-9.333269e+00
3.020000e-05	3.887529e-02	-9.555347e+00
3.021000e-05	-6.489963e-02	-9.787952e+00
3.022000e-05	9.324954e-02	-9.980026e+00
3.023000e-05	-9.353442e-02	-1.028803e+01
3.024000e-05	7.440121e-02	-1.055312e+01
3.025000e-05	-6.841287e-02	-1.069267e+01
3.026000e-05	6.555075e-02	-1.091322e+01
3.027000e-05	-3.111041e-02	-1.109377e+01
3.028000e-05	1.291544e-02	-1.133600e+01
3.029000e-05	4.955212e-03	-1.157638e+01
3.030000e-05	-1.398726e-02	-1.184801e+01
3.031000e-05	1.183286e-02	-1.200793e+01
3.032000e-05	-2.325250e-02	-1.224903e+01
3.033000e-05	4.608343e-02	-1.240743e+01
3.034000e-05	-2.191905e-02	-1.255641e+01
3.035000e-05	1.931764e-02	-1.276683e+01
3.036000e-05	-2.939625e-02	-1.294383e+01
3.037000e-05	2.552206e-02	-1.311374e+01
3.038000e-05	-1.484520e-02	-1.324164e+01
3.039000e-05	1.498311e-02	-1.346996e+01
3.040000e-05	-4.603376e-03	-1.362538e+01
3.041000e-05	9.252050e-03	-1.374383e+01
3.042000e-05	-5.480626e-03	-1.390422e+01
3.043000e-05	8.499658e-04	-1.407114e+01
3.044000e-05	4.640170e-03	-1.420895e+01
3.045000e-05	-5.726545e-04	-1.434385e+01
3.046000e-05	3.697702e-03	-1.446154e+01
3.047000e-05	2.639447e-03	-1.458543e+01
3.048000e-05	5.209846e-03	-1.471329e+01
3.049000e-05	-6.585921e-03	-1.481946e+01
3.050000e-05	5.292185e-04	-1.494325e+01
3.051000e-05	3.124986e-03	-1.502008e+01
3.052000e-05	6.172352e-03	-1.510380e+01
3.053000e-05	3.462437e-03	-1.515746e+01
3.054000e-05	-9.445366e-04	-1.529405e+01
3.055000e-05	-2.789336e-04	-1.537588e+01
3.056000e-05	-4.382998e-04	-1.544956e+01
3.057000e-05	2.716160e-03	-1.552372e+01
3.058000e-05	4.729040e-03	-1.558583e+01
3.059000e-05	1.720234e-03	-1.561951e+01
3.060000e-05	1.762229e-03	-1.566172e+01
3.061000e-05	-2.572624e-04	-1.574417e+01
3.062000e-05	4.431403e-04	-1.575643e+01
3.063000e-05	1.062557e-03	-1.580748e+01
3.064000e-05	2.429333e-03	-1.583896e+01
3.065000e-05	1.045680e-03	-1.586109e+01
3.066000e-05	2.687930e-03	-1.586072e+01
3.067000e-05	3.157025e-03	-1.589165e+01
3.068000e-05	1.895334e-03	-1.590277e+01
3.069000e-05	-2.817687e-03	-1.588320e+01
3.070000e-05	-4.892395e-04	-1.587064e+01
3.071000e-05	3.374313e-03	-1.588064e+01
3.072000e-05	4.206959e-03	-1.585166e+01
3.073000e-05	-5.802672e-04	-1.578904e+01
3.074000e-05	-1.710592e-03	-1.580793e+01
3.075000e-05	6.251889e-04	-1.575785e+01
3.076000e-05	2.828964e-03	-1.567165e+01
3.077000e-05	2.539202e-03	-1.568956e+01
3.078000e-05	9.016931e-04	-1.561003e+01
3.079000e-05	-2.364950e-03	-1.556688e+01
3.080000e-05	-8.054777e-04	-1.544472e+01
3.081000e-05	2.051682e-03	-1.542751e+01
3.082000e-05	2.650641e-03	-1.536633e+01
3.083000e-05	-2.150824e-03	-1.528906e+01
3.084000e-05	-2.432292e-03	-1.516788e+01
3.085000e-05	1.787338e-03	-1.510320e+01
3.086000e-05	2.762510e-03	-1.500093e+01
3.087000e-05	1.685024e-03	-1.491315e+01
3.088000e-05	-1.697654e-03	-1.478843e+01
3.089000e-05	-1.970641e-03	-1.466169e+01
3.090000e-05	1.344249e-03	-1.457695e+01
3.091000e-05	2.563497e-03	-1.446156e+01
3.092000e-05	4.185290e-04	-1.429427e+01
3.093000e-05	-2.801438e-03	-1.414632e+01
3.094000e-05	-1.627861e-03	-1.405004e+01
3.095000e-05	-7.971523e-05	-1.389074e+01
3.096000e-05	2.422578e-03	-1.372585e+01
3.097000e-05	-1.713847e-04	-1.359635e+01
3.098000e-05	-1.575254e-03	-1.341996e+01
3.099000e-05	-2.028518e-03	-1.324111e+01
3.100000e-05	-2.576233e-04	-1.310071e+01
3.101000e-05	-2.983833e-05	-1.291637e+01
3.102000e-05	-3.643467e-04	-1.275730e+01
3.103000e-05	-1.107749e-03	-1.255693e+01
3.104000e-05	-1.538262e-03	-1.238740e+01
3.105000e-05	-6.244815e-04	-1.218848e+01
3.106000e-05	-2.297911e-04	-1.198901e+01
3.107000e-05	-1.528491e-03	-1.180848e+01
3.108000e-05	-3.293175e-03	-1.158745e+01
3.109000e-05	-7.067736e-04	-1.130517e+01
3.110000e-05	-7.378828e-04	-1.108540e+01
3.111000e-05	-1.280009e-03	-1.088274e+01
3.112000e-05	-2.569197e-03	-1.069421e+01
3.113000e-05	-2.273001e-03	-1.051519e+01
3.114000e-05	-1.212289e-03	-1.021859e+01
3.115000e-05	-1.389170e-03	-1.001900e+01
3.116000e-05	-2.140630e-03	-9.777447e+00
3.117000e-05	-2.485182e-03	-9.556873e+00
3.118000e-05	-2.836087e-03	-9.335423e+00
3.119000e-05	-2.236327e-03	-9.063110e+00
3.120000e-05	-1.229845e-03	-8.853634e+00
3.121000e-05	-2.349635e-03	-8.530954e+00
3.122000e-05	-2.639640e-03	-8.325320e+00
3.123000e-05	-2.884568e-03	-8.113217e+00
3.124000e-05	-2.037021e-03	-7.792555e+00
3.125000e-05	-2.528163e-03	-7.555372e+00
3.126000e-05	-4.309022e-03	-7.253190e+00
3.127000e-05	-3.227026e-03	-7.019579e+00
3.128000e-05	-2.452001e-03	-6.725820e+00
3.129000e-05	-1.950149e-03	-6.490664e+00
3.130000e-05	-3.910874e-03	-6.170450e+00
3.131000e-05	-3.079094e-03	-5.915317e+00
3.132000e-05	-4.192817e-03	-5.611563e+00
3.133000e-05	-1.941911e-03	-5.347323e+00
3.134000e-05	-4.870718e-03	-5.043134e+00
3.135000e-05	-3.122193e-03	-4.694291e+00
3.136000e-05	-4.465605e-03	-4.413528e+00
3.137000e-05	-1.822093e-03	-4.189578e+00
3.138000e-05	-4.010777e-03	-3.935318e+00
3.139000e-05	-3.979464e-03	-3.590533e+00
3.140000e-05	-5.377270e-03	-3.367421e+00
3.141000e-05	-5.075789e-03	-3.052236e+00
3.142000e-05	-4.721303e-03	-2.738446e+00
3.143000e-05	-3.453992e-03	-2.474235e+00
3.144000e-05	-3.223113e-03	-2.166351e+00
3.145000e-05	-5.468716e-03	-1.864262e+00
3.146000e-05	-4.601573e-03	-1.620558e+00
3.147000e-05	-4.611534e-03	-1.253187e+00
3.148000e-05	-3.198474e-03	-9.584172e-01
3.149000e-05	-5.292404e-03	-6.752119e-01
3.150000e-05	-3.654577e-03	-3.593711e-01
3.151000e-05	-4.134216e-03	-1.136931e-01
3.152000e-05	8.298577e-03	2.205048e-01
3.153000e-05	-4.536864e-03	5.142103e-01
3.154000e-05	1.731628e-03	7.478159e-01
3.155000e-05	-2.882168e-03	1.021604e+00
3.156000e-05	9.939168e-04	1.316211e+00
3.157000e-05	-4.879254e-03	1.672531e+00
3.158000e-05	8.673014e-03	1.913786e+00
3.159000e-05	1.286184e-02	2.126241e+00
3.160000e-05	7.631434e-02	2.429525e+00
3.161000e-05	1.436385e-02	2.798902e+00
3.162000e-05	-8.276746e-02	3.112709e+00
3.163000e-05	-1.186459e-02	3.357919e+00
3.164000e-05	-3.244160e-02	3.701105e+00
3.165000e-05	-6.556307e-03	3.914314e+00
3.166000e-05	-4.644479e-02	4.115818e+00
3.167000e-05	4.385156e-02	4.380000e+00
3.168000e-05	7.284590e-02	4.682137e+00
3.169000e-05	-1.421518e-01	5.038351e+00
3.170000e-05	1.597840e-01	5.293686e+00
3.171000e-05	-8.661678e-02	5.546401e+00
3.172000e-05	-2.412021e-02	5.864062e+00
3.173000e-05	4.046731e-02	6.125888e+00
3.174000e-05	-2.031149e-02	6.358920e+00
3.175000e-05	5.331559e-02	6.652585e+00
3.176000e-05	-7.434251e-02	6.947871e+00
3.177000e-05	1.930625e-02	7.259549e+00
3.178000e-05	-2.892740e-03	7.516221e+00
3.179000e-05	-8.955409e-03	7.829427e+00
3.180000e-05	1.631834e-02	8.065189e+00
3.181000e-05	-3.368777e-02	8.356821e+00
3.182000e-05	6.097743e-02	8.556325e+00
3.183000e-05	-5.224770e-02	8.760426e+00
3.184000e-05	4.050811e-03	9.020632e+00
3.185000e-05	1.643433e-03	9.305215e+00
3.186000e-05	-1.836123e-02	9.516276e+00
3.187000e-05	2.112848e-02	9.775903e+00
3.188000e-05	-2.364413e-02	1.002095e+01
3.189000e-05	2.171752e-02	1.024818e+01
3.190000e-05	-3.804429e-02	1.047056e+01
3.191000e-05	1.600121e-02	1.070374e+01
3.192000e-05	-1.472374e-02	1.089377e+01
3.193000e-05	6.873598e-03	1.111422e+01
3.194000e-05	-7.969958e-03	1.129375e+01
3.195000e-05	-1.113670e-02	1.156791e+01
3.196000e-05	1.088316e-02	1.177938e+01
3.197000e-05	-1.516711e-02	1.199090e+01
3.198000e-05	-3.483691e-03	1.218690e+01
3.199000e-05	-1.416352e-02	1.239741e+01
3.200000e-05	1.796124e-02	1.254640e+01
3.201000e-05	-8.958717e-03	1.269629e+01
3.202000e-05	-1.082552e-02	1.291722e+01
3.203000e-05	-1.021593e-02	1.310477e+01
3.204000e-05	-1.699539e-04	1.328112e+01
3.205000e-05	-9.869606e-04	1.341946e+01
3.206000e-05	-1.293986e-02	1.358932e+01
3.207000e-05	-4.053618e-04	1.373333e+01
3.208000e-05	-6.710485e-03	1.388469e+01
3.209000e-05	-1.493798e-03	1.405053e+01
3.210000e-05	-1.075096e-02	1.418178e+01
3.211000e-05	-5.485330e-03	1.434637e+01
3.212000e-05	-5.904073e-03	1.444174e+01
3.213000e-05	-4.589369e-03	1.463893e+01
3.214000e-05	-2.230060e-03	1.470574e+01
3.215000e-05	-1.034987e-02	1.484093e+01
3.216000e-05	-9.480555e-03	1.495479e+01
3.217000e-05	-8.867538e-03	1.501963e+01
3.218000e-05	8.361801e-04	1.510367e+01
3.219000e-05	-6.197780e-03	1.519045e+01
3.220000e-05	-6.980487e-03	1.525259e+01
3.221000e-05	-5.288631e-03	1.532480e+01
3.222000e-05	-6.547616e-03	1.543151e+01
3.223000e-05	-4.966494e-03	1.550317e+01
3.224000e-05	-9.588370e-03	1.553887e+01
3.225000e-05	-5.574436e-03	1.561948e+01
3.226000e-05	-8.000475e-03	1.566104e+01
3.227000e-05	-3.342410e-03	1.570580e+01
3.228000e-05	-9.333585e-03	1.576740e+01
3.229000e-05	-8.774546e-03	1.579748e+01
3.230000e-05	-5.882799e-03	1.580048e+01
3.231000e-05	-3.610939e-03	1.586350e+01
3.232000e-05	-5.261194e-03	1.589111e+01
3.233000e-05	-9.898365e-03	1.584456e+01
3.234000e-05	-5.919071e-03	1.586111e+01
3.235000e-05	-7.452509e-03	1.589311e+01
3.236000e-05	-6.677133e-03	1.588208e+01
3.237000e-05	-9.368338e-03	1.581968e+01
3.238000e-05	-4.724390e-03	1.583008e+01
3.239000e-05	-5.180206e-03	1.580100e+01
3.240000e-05	-7.931631e-03	1.576645e+01
3.241000e-05	-8.301044e-03	1.570732e+01
3.242000e-05	-7.400919e-03	1.566514e+01
3.243000e-05	-6.040353e-03	1.565056e+01
3.244000e-05	-7.832376e-03	1.564040e+01
3.245000e-05	-5.547122e-03	1.547582e+01
3.246000e-05	-7.085356e-03	1.545269e+01
3.247000e-05	-7.278666e-03	1.539948e+01
3.248000e-05	-8.200953e-03	1.533628e+01
3.249000e-05	-8.652434e-03	1.522006e+01
3.250000e-05	-6.219091e-03	1.515743e+01
3.251000e-05	-8.533348e-03	1.506104e+01
3.252000e-05	-4.833800e-03	1.498795e+01
3.253000e-05	-8.143864e-03	1.484259e+01
3.254000e-05	-6.758291e-03	1.475740e+01
3.255000e-05	-8.939100e-03	1.464311e+01
3.256000e-05	-5.292564e-03	1.455532e+01
3.257000e-05	-7.248524e-03	1.437906e+01
3.258000e-05	-6.861910e-03	1.423314e+01
3.259000e-05	-6.408734e-03	1.416787e+01
3.260000e-05	-8.316376e-03	1.399888e+01
3.261000e-05	-5.991312e-03	1.384314e+01
3.262000e-05	-7.814965e-03	1.367367e+01
3.263000e-05	-7.127577e-03	1.354630e+01
3.264000e-05	-7.693364e-03	1.333840e+01
3.265000e-05	-5.082558e-03	1.316094e+01
3.266000e-05	-7.096577e-03	1.304306e+01
3.267000e-05	-6.888360e-03	1.289169e+01
3.268000e-05	-7.257516e-03	1.272324e+01
3.269000e-05	-6.421354e-03	1.249732e+01
3.270000e-05	-6.321762e-03	1.230688e+01
3.271000e-05	-7.255766e-03	1.214630e+01
3.272000e-05	-7.250068e-03	1.197590e+01
3.273000e-05	-6.701460e-03	1.173735e+01
3.274000e-05	-6.984819e-03	1.151737e+01
3.275000e-05	-6.990797e-03	1.130425e+01
3.276000e-05	-6.170970e-03	1.107566e+01
3.277000e-05	-6.427632e-03	1.088569e+01
3.278000e-05	-6.663051e-03	1.063414e+01
3.279000e-05	-6.523179e-03	1.045264e+01
3.280000e-05	-6.839266e-03	1.019956e+01
3.281000e-05	-5.825776e-03	9.929982e+00
3.282000e-05	-6.562083e-03	9.728901e+00
3.283000e-05	-6.797829e-03	9.513664e+00
3.284000e-05	-6.544583e-03	9.294762e+00
3.285000e-05	-6.537246e-03	8.962555e+00
3.286000e-05	-6.316867e-03	8.778379e+00
3.287000e-05	-6.925313e-03	8.525850e+00
3.288000e-05	-5.810935e-03	8.305724e+00
3.289000e-05	-6.922935e-03	8.072610e+00
3.290000e-05	-5.656528e-03	7.788479e+00
3.291000e-05	-7.483434e-03	7.527292e+00
3.292000e-05	-6.820618e-03	7.240579e+00
3.293000e-05	-6.426589e-03	6.979001e+00
3.294000e-05	-5.905170e-03	6.666717e+00
3.295000e-05	-5.897305e-03	6.441506e+00
3.296000e-05	-6.691100e-03	6.178895e+00
3.297000e-05	-5.919494e-03	5.926318e+00
3.298000e-05	-5.769776e-03	5.622080e+00
3.299000e-05	-5.875404e-03	5.338820e+00
3.300000e-05	-6.408218e-03	5.020977e+00
3.301000e-05	-5.868314e-03	4.695771e+00
3.302000e-05	-5.790051e-03	4.411134e+00
3.303000e-05	-6.165108e-03	4.147273e+00
3.304000e-05	-5.989837e-03	3.832610e+00
3.305000e-05	-5.684648e-03	3.539499e+00
3.306000e-05	-5.574499e-03	3.273689e+00
3.307000e-05	-5.360624e-03	3.010474e+00
3.308000e-05	-5.477998e-03	2.717795e+00
3.309000e-05	-5.183270e-03	2.379501e+00
3.310000e-05	-4.569486e-03	2.126868e+00
3.311000e-05	-5.564685e-03	1.834184e+00
3.312000e-05	-5.268187e-03	1.539320e+00
3.313000e-05	-5.418832e-03	1.233628e+00
3.314000e-05	-4.666669e-03	8.667145e-01
3.315000e-05	-4.302957e-03	6.004466e-01
3.316000e-05	-3.639979e-03	2.983184e-01
3.317000e-05	-1.930209e-03	2.252514e-02
3.318000e-05	7.796642e-03	-2.406026e-01
3.319000e-05	-2.740477e-03	-5.137342e-01
3.320000e-05	1.848105e-03	-8.390562e-01
3.321000e-05	-1.476335e-03	-1.083184e+00
3.322000e-05	3.889434e-04	-1.416953e+00
3.323000e-05	-4.174374e-03	-1.642180e+00
3.324000e-05	1.748176e-02	-1.933264e+00
3.325000e-05	4.784353e-02	-2.164337e+00
3.326000e-05	8.879944e-02	-2.472609e+00
3.327000e-05	-1.220983e-01	-2.850530e+00
3.328000e-05	2.931125e-02	-3.259557e+00
3.329000e-05	-6.679720e-02	-3.532737e+00
3.330000e-05	9.701025e-03	-3.682667e+00
3.331000e-05	-1.122287e-01	-3.989026e+00
3.332000e-05	1.836405e-01	-4.177900e+00
3.333000e-05	-4.402038e-02	-4.429547e+00
3.334000e-05	-7.850891e-02	-4.766823e+00
3.335000e-05	1.868595e-01	-4.986325e+00
3.336000e-05	-2.043969e-01	-5.314814e+00
3.337000e-05	1.544928e-01	-5.680105e+00
3.338000e-05	-9.537240e-02	-5.881155e+00
3.339000e-05	4.072464e-02	-6.228953e+00
3.340000e-05	1.024419e-01	-6.421056e+00
3.341000e-05	-1.621330e-01	-6.764770e+00
3.342000e-05	1.307454e-01	-7.028956e+00
3.343000e-05	-1.197435e-01	-7.333239e+00
3.344000e-05	7.392449e-02	-7.597027e+00
3.345000e-05	-3.222316e-03	-7.849562e+00
3.346000e-05	-2.630124e-02	-8.145296e+00
3.347000e-05	1.187746e-01	-8.368397e+00
3.348000e-05	-1.627772e-01	-8.640033e+00
3.349000e-05	1.287577e-01	-8.942720e+00
3.350000e-05	-9.781721e-02	-9.123871e+00
3.351000e-05	7.375089e-02	-9.376472e+00
3.352000e-05	-3.267682e-02	-9.608975e+00
3.353000e-05	3.729116e-03	-9.849586e+00
3.354000e-05	4.300404e-02	-1.011211e+01
3.355000e-05	-6.484574e-02	-1.035325e+01
3.356000e-05	5.835292e-02	-1.056474e+01
3.357000e-05	-6.583099e-02	-1.075687e+01
3.358000e-05	7.967784e-02	-1.094492e+01
3.359000e-05	-5.712540e-02	-1.120597e+01
3.360000e-05	4.258321e-02	-1.142900e+01
3.361000e-05	-2.497252e-02	-1.168751e+01
3.362000e-05	1.456968e-02	-1.187319e+01
3.363000e-05	-1.498571e-02	-1.209064e+01
3.364000e-05	4.035241e-03	-1.227116e+01
3.365000e-05	2.331486e-02	-1.244961e+01
3.366000e-05	-9.238987e-03	-1.263857e+01
3.367000e-05	7.966615e-03	-1.280898e+01
3.368000e-05	-1.778720e-02	-1.295498e+01
3.369000e-05	2.106574e-02	-1.311435e+01
3.370000e-05	-1.727323e-02	-1.329220e+01
3.371000e-05	1.828968e-02	-1.348119e+01
3.372000e-05	-5.571382e-03	-1.363048e+01
3.373000e-05	1.301675e-02	-1.382896e+01
3.374000e-05	-1.161937e-02	-1.395380e+01
3.375000e-05	6.186927e-03	-1.408317e+01
3.376000e-05	2.321245e-04	-1.424848e+01
3.377000e-05	3.377775e-03	-1.442738e+01
3.378000e-05	6.641016e-04	-1.448369e+01
3.379000e-05	6.483697e-03	-1.463108e+01
3.380000e-05	1.511163e-03	-1.470577e+01
3.381000e-05	-4.354348e-03	-1.486962e+01
3.382000e-05	1.713450e-03	-1.497428e+01
3.383000e-05	4.312566e-03	-1.506011e+01
3.384000e-05	5.990187e-03	-1.512477e+01
3.385000e-05	-1.262938e-04	-1.521796e+01
3.386000e-05	8.449649e-04	-1.534272e+01
3.387000e-05	-1.670516e-03	-1.537735e+01
3.388000e-05	1.283194e-03	-1.546156e+01
3.389000e-05	1.911532e-03	-1.554529e+01
3.390000e-05	2.925096e-03	-1.559848e+01
3.391000e-05	7.643939e-04	-1.565094e+01
3.392000e-05	2.888076e-03	-1.571169e+01
3.393000e-05	6.187496e-04	-1.574275e+01
3.394000e-05	1.981419e-04	-1.577735e+01
3.395000e-05	1.598679e-03	-1.578649e+01
3.396000e-05	2.356944e-03	-1.585006e+01
3.397000e-05	1.119949e-03	-1.581066e+01
3.398000e-05	-6.209884e-05	-1.588212e+01
3.399000e-05	1.814622e-03	-1.588222e+01
3.400000e-05	5.166464e-05	-1.587220e+01
3.401000e-05	2.208521e-04	-1.586312e+01
3.402000e-05	9.877787e-04	-1.588210e+01
3.403000e-05	4.110101e-03	-1.587264e+01
3.404000e-05	1.430521e-03	-1.586004e+01
3.405000e-05	-1.842404e-03	-1.580803e+01
3.406000e-05	-6.375059e-04	-1.580048e+01
3.407000e-05	3.766774e-05	-1.575645e+01
3.408000e-05	1.151004e-03	-1.567272e+01
3.409000e-05	1.124896e-03	-1.565062e+01
3.410000e-05	2.325294e-03	-1.560749e+01
3.411000e-05	5.148316e-04	-1.557483e+01
3.412000e-05	-4.259149e-04	-1.549276e+01
3.413000e-05	-2.918550e-04	-1.539793e+01
3.414000e-05	7.939168e-04	-1.533580e+01
3.415000e-05	3.484807e-04	-1.520159e+01
3.416000e-05	2.596049e-04	-1.514687e+01
3.417000e-05	1.091530e-03	-1.507257e+01
3.418000e-05	1.231202e-04	-1.498600e+01
3.419000e-05	-8.694961e-04	-1.485364e+01
3.420000e-05	-1.024048e-03	-1.473540e+01
3.421000e-05	9.324324e-04	-1.461161e+01
3.422000e-05	1.155142e-03	-1.451680e+01
3.423000e-05	1.626151e-04	-1.442108e+01
3.424000e-05	-1.980221e-04	-1.426257e+01
3.425000e-05	-1.300429e-03	-1.414427e+01
3.426000e-05	-1.523823e-03	-1.396851e+01
3.427000e-05	-3.787902e-04	-1.384011e+01
3.428000e-05	3.529431e-06	-1.366469e+01
3.429000e-05	6.172734e-04	-1.352420e+01
3.430000e-05	6.762638e-04	-1.335795e+01
3.431000e-05	-2.156480e-04	-1.323809e+01
3.432000e-05	-8.331482e-04	-1.306101e+01
3.433000e-05	-9.747806e-04	-1.290322e+01
3.434000e-05	-1.307844e-03	-1.272272e+01
3.435000e-05	-1.412130e-03	-1.252480e+01
3.436000e-05	5.318334e-05	-1.235590e+01
3.437000e-05	-1.248588e-03	-1.215742e+01
3.438000e-05	-1.401305e-03	-1.191580e+01
3.439000e-05	-1.697027e-03	-1.173492e+01
3.440000e-05	-2.376517e-04	-1.153422e+01
3.441000e-05	-5.044247e-04	-1.126414e+01
3.442000e-05	-1.653023e-03	-1.107008e+01
3.443000e-05	-1.463748e-03	-1.083268e+01
3.444000e-05	-8.705693e-04	-1.063156e+01
3.445000e-05	-2.301124e-03	-1.041308e+01
3.446000e-05	-3.063380e-03	-1.015698e+01
3.447000e-05	-1.378536e-03	-9.965448e+00
3.448000e-05	-6.555837e-04	-9.767366e+00
3.449000e-05	-2.225848e-03	-9.443792e+00
3.450000e-05	-1.779809e-03	-9.302588e+00
3.451000e-05	-2.619075e-03	-9.032056e+00
3.452000e-05	-2.209618e-03	-8.799454e+00
3.453000e-05	-3.111296e-03	-8.556925e+00
3.454000e-05	-1.872196e-03	-8.274138e+00
3.455000e-05	-1.729650e-03	-8.061982e+00
3.456000e-05	-3.239978e-03	-7.748948e+00
3.457000e-05	-2.755948e-03	-7.474162e+00
3.458000e-05	-2.888869e-03	-7.170954e+00
3.459000e-05	-3.170112e-03	-6.925917e+00
3.460000e-05	-3.153718e-03	-6.613637e+00
3.461000e-05	-3.847172e-03	-6.381025e+00
3.462000e-05	-1.888030e-03	-6.127270e+00
3.463000e-05	-3.966950e-03	-5.823184e+00
3.464000e-05	-4.720244e-03	-5.589955e+00
3.465000e-05	-3.078233e-03	-5.272612e+00
3.466000e-05	-3.168541e-03	-4.929399e+00
3.467000e-05	-3.262097e-03	-4.648415e+00
3.468000e-05	-3.073714e-03	-4.379425e+00
3.469000e-05	-3.557133e-03	-4.127396e+00
3.470000e-05	-3.976152e-03	-3.801064e+00
3.471000e-05	-5.571990e-03	-3.538374e+00
3.472000e-05	-3.913988e-03	-3.272217e+00
3.473000e-05	-5.413676e-03	-2.967624e+00
3.474000e-05	-3.378764e-03	-2.664739e+00
3.475000e-05	-4.652439e-03	-2.399528e+00
3.476000e-05	-3.183365e-03	-2.104261e+00
3.477000e-05	-6.193573e-03	-1.843576e+00
3.478000e-05	-4.249661e-03	-1.557920e+00
3.479000e-05	-4.842209e-03	-1.190453e+00
3.480000e-05	-3.795508e-03	-8.837657e-01
3.481000e-05	-5.367992e-03	-5.690740e-01
3.482000e-05	-4.035851e-03	-2.953171e-01
3.483000e-05	-2.749696e-03	-4.098283e-02
3.484000e-05	9.804686e-03	2.933092e-01
3.485000e-05	-8.183554e-03	5.462918e-01
3.486000e-05	5.450383e-03	7.984001e-01
3.487000e-05	-6.050832e-03	1.133914e+00
3.488000e-05	4.330626e-03	1.397547e+00
3.489000e-05	-9.475930e-03	1.766913e+00
3.490000e-05	1.493881e-02	1.968237e+00
3.491000e-05	1.564207e-02	2.198979e+00
3.492000e-05	9.642013e-02	2.461738e+00
3.493000e-05	-3.895000e-02	2.822031e+00
3.494000e-05	-5.170034e-02	3.137368e+00
3.495000e-05	-2.797270e-02	3.461528e+00
3.496000e-05	-1.090027e-02	3.705238e+00
3.497000e-05	-2.960453e-02	3.978897e+00
3.498000e-05	-2.063747e-02	4.229972e+00
3.499000e-05	6.054369e-02	4.463132e+00
3.500000e-05	3.326786e-02	4.797888e+00
3.501000e-05	-1.234518e-01	5.045107e+00
3.502000e-05	1.893707e-01	5.344796e+00
3.503000e-05	-1.654458e-01	5.613158e+00
3.504000e-05	6.049823e-02	5.956748e+00
3.505000e-05	-1.400393e-02	6.199977e+00
3.506000e-05	2.179780e-02	6.452584e+00
3.507000e-05	2.189128e-02	6.745317e+00
3.508000e-05	-7.677660e-02	6.988479e+00
3.509000e-05	4.718672e-02	7.322840e+00
3.510000e-05	-3.551052e-02	7.609348e+00
3.511000e-05	2.717638e-02	7.862611e+00
3.512000e-05	-2.213707e-02	8.146845e+00
3.513000e-05	6.086933e-03	8.398476e+00
3.514000e-05	3.602037e-02	8.620058e+00
3.515000e-05	-5.617893e-02	8.871210e+00
3.516000e-05	2.188729e-02	9.104191e+00
3.517000e-05	-1.901813e-02	9.377348e+00
3.518000e-05	7.511908e-03	9.608427e+00
3.519000e-05	-2.092604e-03	9.861584e+00
3.520000e-05	-2.226118e-03	1.003311e+01
3.521000e-05	-4.670429e-03	1.029416e+01
3.522000e-05	-2.183762e-02	1.054470e+01
3.523000e-05	8.824140e-03	1.075885e+01
3.524000e-05	-7.188958e-03	1.098682e+01
3.525000e-05	6.059486e-03	1.116847e+01
3.526000e-05	-1.262366e-02	1.140785e+01
3.527000e-05	-2.898740e-03	1.164005e+01
3.528000e-05	2.146845e-03	1.187106e+01
3.529000e-05	-9.057117e-03	1.204156e+01
3.530000e-05	-1.208450e-02	1.222101e+01
3.531000e-05	-1.383645e-04	1.243998e+01
3.532000e-05	8.966228e-03	1.264948e+01
3.533000e-05	-6.164775e-03	1.275747e+01
3.534000e-05	-1.692323e-02	1.293280e+01
3.535000e-05	-4.934840e-03	1.308489e+01
3.536000e-05	-1.121208e-03	1.332122e+01
3.537000e-05	-2.576901e-03	1.347111e+01
3.538000e-05	-1.028246e-02	1.358900e+01
3.539000e-05	-2.667168e-03	1.377638e+01
3.540000e-05	-3.660070e-03	1.394414e+01
3.541000e-05	-6.520809e-03	1.409459e+01
3.542000e-05	-6.302865e-03	1.426304e+01
3.543000e-05	-7.721694e-03	1.442645e+01
3.544000e-05	-2.611299e-03	1.448625e+01
3.545000e-05	-6.368665e-03	1.464156e+01
3.546000e-05	-2.253759e-03	1.475740e+01
3.547000e-05	-1.179115e-02	1.487108e+01
3.548000e-05	-9.738416e-03	1.495422e+01
3.549000e-05	-4.803034e-03	1.504103e+01
3.550000e-05	-2.008990e-03	1.514492e+01
3.551000e-05	-4.989234e-03	1.520103e+01
3.552000e-05	-9.828060e-03	1.530272e+01
3.553000e-05	-3.161687e-03	1.538541e+01
3.554000e-05	-8.634385e-03	1.546061e+01
3.555000e-05	-4.977462e-03	1.552327e+01
3.556000e-05	-1.004086e-02	1.553692e+01
3.557000e-05	-5.029281e-03	1.560046e+01
3.558000e-05	-7.300825e-03	1.567417e+01
3.559000e-05	-5.596210e-03	1.572525e+01
3.560000e-05	-8.556259e-03	1.574745e+01
3.561000e-05	-9.386513e-03	1.579693e+01
3.562000e-05	-3.818354e-03	1.580056e+01
3.563000e-05	-4.398917e-03	1.584153e+01
3.564000e-05	-5.569809e-03	1.583966e+01
3.565000e-05	-1.071407e-02	1.586161e+01
3.566000e-05	-6.206182e-03	1.587316e+01
3.567000e-05	-6.766806e-03	1.589224e+01
3.568000e-05	-6.789727e-03	1.583108e+01
3.569000e-05	-8.502519e-03	1.582107e+01
3.570000e-05	-6.602259e-03	1.581058e+01
3.571000e-05	-4.598208e-03	1.581893e+01
3.572000e-05	-6.956497e-03	1.578735e+01
3.573000e-05	-7.021401e-03	1.572632e+01
3.574000e-05	-8.831708e-03	1.568316e+01
3.575000e-05	-6.320577e-03	1.563154e+01
3.576000e-05	-6.788120e-03	1.555790e+01
3.577000e-05	-4.948217e-03	1.552687e+01
3.578000e-05	-7.633613e-03	1.545217e+01
3.579000e-05	-8.129133e-03	1.542695e+01
3.580000e-05	-6.542367e-03	1.531422e+01
3.581000e-05	-6.665459e-03	1.520946e+01
3.582000e-05	-5.227424e-03	1.512637e+01
3.583000e-05	-8.346465e-03	1.504011e+01
3.584000e-05	-5.053937e-03	1.493630e+01
3.585000e-05	-8.146962e-03	1.485258e+01
3.586000e-05	-7.483801e-03	1.474430e+01
3.587000e-05	-8.160330e-03	1.466249e+01
3.588000e-05	-7.122940e-03	1.450624e+01
3.589000e-05	-6.199735e-03	1.441798e+01
3.590000e-05	-7.725425e-03	1.422169e+01
3.591000e-05	-5.564712e-03	1.406519e+01
3.592000e-05	-8.133581e-03	1.393790e+01
3.593000e-05	-6.251992e-03	1.377948e+01
3.594000e-05	-7.599465e-03	1.364112e+01
3.595000e-05	-6.413289e-03	1.352424e+01
3.596000e-05	-7.050876e-03	1.330785e+01
3.597000e-05	-6.021973e-03	1.315841e+01
3.598000e-05	-7.445708e-03	1.300856e+01
3.599000e-05	-8.190806e-03	1.285961e+01
3.600000e-05	-7.273362e-03	1.265311e+01
3.601000e-05	-6.832877e-03	1.250516e+01
3.602000e-05	-6.336179e-03	1.227517e+01
3.603000e-05	-6.706831e-03	1.211677e+01
3.604000e-05	-7.130011e-03	1.189527e+01
3.605000e-05	-6.835398e-03	1.168372e+01
3.606000e-05	-7.267917e-03	1.150111e+01
3.607000e-05	-7.382941e-03	1.126258e+01
3.608000e-05	-7.258871e-03	1.105106e+01
3.609000e-05	-6.061159e-03	1.085153e+01
3.610000e-05	-6.955007e-03	1.056196e+01
3.611000e-05	-5.767680e-03	1.041893e+01
3.612000e-05	-7.646059e-03	1.015850e+01
3.613000e-05	-6.028165e-03	9.905897e+00
3.614000e-05	-6.648950e-03	9.693318e+00
3.615000e-05	-5.997189e-03	9.421985e+00
3.616000e-05	-6.985398e-03	9.222056e+00
3.617000e-05	-7.651260e-03	8.980930e+00
3.618000e-05	-5.827272e-03	8.755868e+00
3.619000e-05	-6.829476e-03	8.506218e+00
3.620000e-05	-5.779526e-03	8.243633e+00
3.621000e-05	-6.693349e-03	7.999376e+00
3.622000e-05	-5.475880e-03	7.768874e+00
3.623000e-05	-6.031090e-03	7.433632e+00
3.624000e-05	-6.500460e-03	7.167925e+00
3.625000e-05	-5.991132e-03	6.915292e+00
3.626000e-05	-6.901206e-03	6.604136e+00
3.627000e-05	-5.580327e-03	6.337324e+00
3.628000e-05	-5.730532e-03	6.135217e+00
3.629000e-05	-5.966006e-03	5.834737e+00
3.630000e-05	-6.421051e-03	5.568351e+00
3.631000e-05	-6.084150e-03	5.302637e+00
3.632000e-05	-5.700416e-03	4.929340e+00
3.633000e-05	-5.239641e-03	4.632084e+00
3.634000e-05	-5.470439e-03	4.387870e+00
3.635000e-05	-6.513811e-03	4.053159e+00
3.636000e-05	-5.914448e-03	3.758971e+00
3.637000e-05	-5.589883e-03	3.546741e+00
3.638000e-05	-5.074239e-03	3.211573e+00
3.639000e-05	-4.998822e-03	2.945817e+00
3.640000e-05	-5.559819e-03	2.646687e+00
3.641000e-05	-5.758386e-03	2.326515e+00
3.642000e-05	-4.989060e-03	2.043057e+00
3.643000e-05	-5.013984e-03	1.749471e+00
3.644000e-05	-4.482934e-03	1.444130e+00
3.645000e-05	-4.308711e-03	1.108445e+00
3.646000e-05	-4.636698e-03	8.316230e-01
3.647000e-05	-4.736207e-03	4.973432e-01
3.648000e-05	-4.619286e-03	2.546893e-01
3.649000e-05	-1.292217e-03	-6.211000e-02
3.650000e-05	1.029524e-02	-3.157631e-01
3.651000e-05	-5.917130e-03	-5.274697e-01
3.652000e-05	5.737823e-03	-8.926866e-01
3.653000e-05	-5.370307e-03	-1.145368e+00
3.654000e-05	4.030130e-03	-1.483158e+00
3.655000e-05	-5.455683e-03	-1.685288e+00
3.656000e-05	2.579859e-02	-1.977919e+00
3.657000e-05	6.908701e-02	-2.207952e+00
3.658000e-05	3.830191e-02	-2.526843e+00
3.659000e-05	-1.081064e-01	-2.955843e+00
3.660000e-05	2.779893e-02	-3.303814e+00
3.661000e-05	-6.068672e-02	-3.554793e+00
3.662000e-05	-9.982849e-03	-3.747976e+00
3.663000e-05	-8.123691e-02	-4.041030e+00
3.664000e-05	2.107049e-01	-4.229478e+00
3.665000e-05	-1.606574e-01	-4.532660e+00
3.666000e-05	5.914520e-02	-4.798503e+00
3.667000e-05	8.638947e-02	-5.050030e+00
3.668000e-05	-1.763065e-01	-5.478908e+00
3.669000e-05	1.774826e-01	-5.742159e+00
3.670000e-05	-1.633270e-01	-5.955346e+00
3.671000e-05	1.433784e-01	-6.297615e+00
3.672000e-05	-4.857710e-03	-6.523691e+00
3.673000e-05	-9.685445e-02	-6.818022e+00
3.674000e-05	1.173286e-01	-7.091763e+00
3.675000e-05	-1.467366e-01	-7.397871e+00
3.676000e-05	1.369197e-01	-7.640604e+00
3.677000e-05	-9.279386e-02	-7.916789e+00
3.678000e-05	7.949648e-02	-8.209430e+00
3.679000e-05	1.991943e-02	-8.409575e+00
3.680000e-05	-1.017837e-01	-8.744748e+00
3.681000e-05	1.106175e-01	-8.976348e+00
3.682000e-05	-1.087309e-01	-9.186526e+00
3.683000e-05	1.105234e-01	-9.398980e+00
3.684000e-05	-8.935499e-02	-9.701560e+00
3.685000e-05	7.058992e-02	-9.903740e+00
3.686000e-05	-2.264441e-02	-1.014322e+01
3.687000e-05	-7.865408e-03	-1.037392e+01
3.688000e-05	1.422910e-02	-1.064748e+01
3.689000e-05	-3.196804e-02	-1.081893e+01
3.690000e-05	6.024860e-02	-1.104600e+01
3.691000e-05	-5.516314e-02	-1.125046e+01
3.692000e-05	5.400417e-02	-1.146116e+01
3.693000e-05	-4.023541e-02	-1.170169e+01
3.694000e-05	3.266548e-02	-1.192367e+01
3.695000e-05	-3.781264e-02	-1.212367e+01
3.696000e-05	3.412653e-02	-1.231316e+01
3.697000e-05	-1.605227e-03	-1.250167e+01
3.698000e-05	7.774098e-03	-1.269024e+01
3.699000e-05	-1.160619e-02	-1.286053e+01
3.700000e-05	1.887765e-03	-1.305903e+01
3.701000e-05	9.321774e-03	-1.317793e+01
3.702000e-05	-7.238394e-03	-1.336482e+01
3.703000e-05	1.024278e-02	-1.352327e+01
3.704000e-05	-3.550140e-03	-1.370106e+01
3.705000e-05	1.217098e-02	-1.386808e+01
3.706000e-05	-1.159822e-02	-1.399580e+01
3.707000e-05	1.215854e-02	-1.414285e+01
3.708000e-05	-6.240055e-03	-1.425262e+01
3.709000e-05	7.955282e-03	-1.445043e+01
3.710000e-05	-2.662023e-03	-1.453332e+01
3.711000e-05	1.123844e-02	-1.466166e+01
3.712000e-05	-4.528516e-03	-1.474590e+01
3.713000e-05	-2.866364e-03	-1.486120e+01
3.714000e-05	-3.954394e-05	-1.497483e+01
3.715000e-05	5.765238e-03	-1.510279e+01
3.716000e-05	5.921168e-03	-1.513590e+01
3.717000e-05	4.144526e-04	-1.527009e+01
3.718000e-05	1.539505e-03	-1.531570e+01
3.719000e-05	-1.528015e-03	-1.544703e+01
3.720000e-05	2.611819e-03	-1.546364e+01
3.721000e-05	1.129767e-03	-1.555625e+01
3.722000e-05	2.102024e-03	-1.561706e+01
3.723000e-05	1.001052e-03	-1.563917e+01
3.724000e-05	2.860541e-03	-1.573415e+01
3.725000e-05	4.282605e-04	-1.573475e+01
3.726000e-05	-7.883070e-04	-1.580595e+01
3.727000e-05	2.160061e-03	-1.583858e+01
3.728000e-05	2.319279e-03	-1.586904e+01
3.729000e-05	2.402974e-03	-1.588016e+01
3.730000e-05	9.136530e-04	-1.587272e+01
3.731000e-05	1.351813e-03	-1.589224e+01
3.732000e-05	-1.716899e-03	-1.589220e+01
3.733000e-05	-1.230571e-03	-1.589525e+01
3.734000e-05	1.920746e-03	-1.586204e+01
3.735000e-05	4.176849e-03	-1.585104e+01
3.736000e-05	8.898318e-04	-1.582049e+01
3.737000e-05	-9.064557e-04	-1.581693e+01
3.738000e-05	-5.379345e-04	-1.578795e+01
3.739000e-05	3.234038e-04	-1.573527e+01
3.740000e-05	4.612376e-05	-1.568110e+01
3.741000e-05	1.819496e-03	-1.566954e+01
3.742000e-05	2.491082e-03	-1.557653e+01
3.743000e-05	6.875329e-04	-1.554574e+01
3.744000e-05	-1.431358e-03	-1.549006e+01
3.745000e-05	-3.504427e-04	-1.539743e+01
3.746000e-05	3.178265e-04	-1.531422e+01
3.747000e-05	1.666700e-03	-1.520754e+01
3.748000e-05	7.683261e-04	-1.511472e+01
3.749000e-05	1.692978e-03	-1.507059e+01
3.750000e-05	-7.804020e-04	-1.495380e+01
3.751000e-05	1.960899e-04	-1.486066e+01
3.752000e-05	-1.053458e-03	-1.474585e+01
3.753000e-05	6.161305e-04	-1.461051e+01
3.754000e-05	6.422127e-04	-1.454577e+01
3.755000e-05	8.249483e-04	-1.435790e+01
3.756000e-05	-3.122712e-04	-1.424259e+01
3.757000e-05	-5.736047e-04	-1.410314e+01
3.758000e-05	-8.039475e-04	-1.397688e+01
3.759000e-05	-7.272943e-04	-1.379750e+01
3.760000e-05	1.599524e-05	-1.361401e+01
3.761000e-05	7.419315e-04	-1.347317e+01
3.762000e-05	-9.990427e-04	-1.333682e+01
3.763000e-05	-1.432683e-03	-1.316597e+01
3.764000e-05	-1.682575e-04	-1.301895e+01
3.765000e-05	7.089805e-04	-1.281114e+01
3.766000e-05	-4.205771e-04	-1.269309e+01
3.767000e-05	-1.317712e-03	-1.247319e+01
3.768000e-05	-2.539028e-04	-1.229325e+01
3.769000e-05	-1.355521e-04	-1.211579e+01
3.770000e-05	-2.334508e-03	-1.190374e+01
3.771000e-05	-2.617154e-03	-1.167372e+01
3.772000e-05	-1.663352e-04	-1.142161e+01
3.773000e-05	2.454163e-04	-1.122994e+01
3.774000e-05	-1.644364e-03	-1.098795e+01
3.775000e-05	-2.139143e-03	-1.081945e+01
3.776000e-05	-1.499607e-03	-1.056953e+01
3.777000e-05	-6.860053e-04	-1.034688e+01
3.778000e-05	-1.691664e-03	-1.015535e+01
3.779000e-05	-1.535896e-03	-9.894265e+00
3.780000e-05	-2.233455e-03	-9.703721e+00
3.781000e-05	-3.076176e-03	-9.453062e+00
3.782000e-05	-3.022077e-03	-9.207554e+00
3.783000e-05	-2.029853e-03	-9.007426e+00
3.784000e-05	-1.965687e-03	-8.694793e+00
3.785000e-05	-2.509963e-03	-8.474614e+00
3.786000e-05	-1.919880e-03	-8.211605e+00
3.787000e-05	-1.453135e-03	-7.988998e+00
3.788000e-05	-2.854313e-03	-7.683742e+00
3.789000e-05	-4.260171e-03	-7.428479e+00
3.790000e-05	-2.867749e-03	-7.186367e+00
3.791000e-05	-2.729474e-03	-6.852090e+00
3.792000e-05	-2.073172e-03	-6.599509e+00
3.793000e-05	-3.886670e-03	-6.297822e+00
3.794000e-05	-2.592998e-03	-6.084633e+00
3.795000e-05	-4.196634e-03	-5.807981e+00
3.796000e-05	-2.466616e-03	-5.495716e+00
3.797000e-05	-3.867100e-03	-5.207073e+00
3.798000e-05	-2.942189e-03	-4.856744e+00
3.799000e-05	-5.433672e-03	-4.587997e+00
3.800000e-05	-3.001141e-03	-4.317819e+00
3.801000e-05	-4.166755e-03	-4.043187e+00
3.802000e-05	-2.964535e-03	-3.797996e+00
3.803000e-05	-5.443387e-03	-3.486788e+00
3.804000e-05	-4.575425e-03	-3.231980e+00
3.805000e-05	-4.980208e-03	-2.914217e+00
3.806000e-05	-3.055919e-03	-2.612105e+00
3.807000e-05	-5.494670e-03	-2.306697e+00
3.808000e-05	-3.624930e-03	-2.000578e+00
3.809000e-05	-5.207936e-03	-1.758847e+00
3.810000e-05	-2.998958e-03	-1.434612e+00
3.811000e-05	-4.974712e-03	-1.115292e+00
3.812000e-05	-4.603686e-03	-8.419802e-01
3.813000e-05	-5.531642e-03	-4.843911e-01
3.814000e-05	-3.950529e-03	-2.621053e-01
3.815000e-05	6.128908e-04	2.062732e-02
3.816000e-05	7.267755e-03	3.767907e-01
3.817000e-05	-7.770933e-03	6.189735e-01
3.818000e-05	5.673960e-03	8.920550e-01
3.819000e-05	-5.462305e-03	1.177451e+00
3.820000e-05	3.091591e-03	1.451603e+00
3.821000e-05	-7.699634e-03	1.778952e+00
3.822000e-05	1.698500e-02	2.000026e+00
3.823000e-05	2.732045e-02	2.262155e+00
3.824000e-05	9.430012e-02	2.567369e+00
3.825000e-05	-8.355696e-02	2.926267e+00
3.826000e-05	-2.078204e-02	3.199975e+00
3.827000e-05	-4.196654e-02	3.525241e+00
3.828000e-05	6.113863e-03	3.768976e+00
3.829000e-05	-5.095554e-02	4.010456e+00
3.830000e-05	3.792516e-03	4.273585e+00
3.831000e-05	7.599170e-02	4.503764e+00
3.832000e-05	-3.127167e-02	4.839554e+00
3.833000e-05	-4.489028e-02	5.096742e+00
3.834000e-05	1.459328e-01	5.439453e+00
3.835000e-05	-1.827582e-01	5.705317e+00
3.836000e-05	1.024101e-01	6.009527e+00
3.837000e-05	-4.696243e-02	6.231606e+00
3.838000e-05	5.600696e-02	6.475765e+00
3.839000e-05	-1.652328e-02	6.818973e+00
3.840000e-05	-5.850047e-02	7.041240e+00
3.841000e-05	5.484300e-02	7.364848e+00
3.842000e-05	-5.080223e-02	7.652630e+00
3.843000e-05	4.883304e-02	7.964799e+00
3.844000e-05	-5.269803e-02	8.230980e+00
3.845000e-05	4.291690e-02	8.431735e+00
3.846000e-05	2.926315e-03	8.663714e+00
3.847000e-05	-4.424129e-02	8.934772e+00
3.848000e-05	3.037702e-02	9.176923e+00
3.849000e-05	-3.349184e-02	9.408079e+00
3.850000e-05	2.779338e-02	9.680609e+00
3.851000e-05	-2.677035e-02	9.894662e+00
3.852000e-05	2.238034e-02	1.014377e+01
3.853000e-05	-2.827100e-02	1.036725e+01
3.854000e-05	5.008787e-04	1.059640e+01
3.855000e-05	-5.266481e-03	1.080045e+01
3.856000e-05	7.785133e-04	1.099896e+01
3.857000e-05	1.146179e-03	1.120951e+01
3.858000e-05	-1.663898e-02	1.146161e+01
3.859000e-05	6.558321e-03	1.168409e+01
3.860000e-05	-6.420772e-03	1.189419e+01
3.861000e-05	-2.641366e-03	1.209219e+01
3.862000e-05	-2.029729e-02	1.226369e+01
3.863000e-05	1.326103e-02	1.246269e+01
3.864000e-05	-7.309923e-04	1.265111e+01
3.865000e-05	-4.852633e-03	1.285110e+01
3.866000e-05	-1.855831e-02	1.295696e+01
3.867000e-05	2.527496e-04	1.318740e+01
3.868000e-05	-1.313502e-03	1.336528e+01
3.869000e-05	-7.172548e-03	1.350372e+01
3.870000e-05	-7.065250e-03	1.361948e+01
3.871000e-05	-5.846640e-03	1.381893e+01
3.872000e-05	-2.909102e-04	1.398525e+01
3.873000e-05	-1.075238e-02	1.413572e+01
3.874000e-05	-2.868158e-03	1.428317e+01
3.875000e-05	-1.036615e-02	1.439893e+01
3.876000e-05	-9.519116e-04	1.458480e+01
3.877000e-05	-5.104316e-03	1.464266e+01
3.878000e-05	-4.323413e-03	1.476835e+01
3.879000e-05	-1.198720e-02	1.487112e+01
3.880000e-05	-1.037165e-02	1.493730e+01
3.881000e-05	-4.985440e-04	1.505158e+01
3.882000e-05	-4.478749e-03	1.519582e+01
3.883000e-05	-4.470282e-03	1.519944e+01
3.884000e-05	-1.119440e-02	1.530327e+01
3.885000e-05	-1.789962e-03	1.539840e+01
3.886000e-05	-7.857659e-03	1.547364e+01
3.887000e-05	-5.410966e-03	1.552725e+01
3.888000e-05	-9.262842e-03	1.559840e+01
3.889000e-05	-6.650638e-03	1.565104e+01
3.890000e-05	-4.762549e-03	1.572462e+01
3.891000e-05	-6.496940e-03	1.571430e+01
3.892000e-05	-7.918310e-03	1.576875e+01
3.893000e-05	-1.079816e-02	1.577753e+01
3.894000e-05	-2.719812e-03	1.585051e+01
3.895000e-05	-5.435309e-03	1.583116e+01
3.896000e-05	-6.275562e-03	1.585061e+01
3.897000e-05	-9.614546e-03	1.585409e+01
3.898000e-05	-5.496553e-03	1.588374e+01
3.899000e-05	-6.390489e-03	1.586366e+01
3.900000e-05	-8.704594e-03	1.585061e+01
3.901000e-05	-6.559588e-03	1.585311e+01
3.902000e-05	-5.784789e-03	1.583008e+01
3.903000e-05	-6.157037e-03	1.580753e+01
3.904000e-05	-8.954052e-03	1.572795e+01
3.905000e-05	-6.528861e-03	1.573617e+01
3.906000e-05	-8.022689e-03	1.566364e+01
3.907000e-05	-6.908331e-03	1.562256e+01
3.908000e-05	-5.926565e-03	1.553735e+01
3.909000e-05	-6.108457e-03	1.548277e+01
3.910000e-05	-8.117471e-03	1.545106e+01
3.911000e-05	-9.115460e-03	1.535785e+01
3.912000e-05	-5.874330e-03	1.531322e+01
3.913000e-05	-6.896459e-03	1.519946e+01
3.914000e-05	-6.404635e-03	1.514433e+01
3.915000e-05	-8.728246e-03	1.501856e+01
3.916000e-05	-5.365749e-03	1.490567e+01
3.917000e-05	-6.321131e-03	1.478903e+01
3.918000e-05	-1.002410e-02	1.469375e+01
3.919000e-05	-5.877011e-03	1.459790e+01
3.920000e-05	-6.648958e-03	1.445269e+01
3.921000e-05	-4.081739e-03	1.437680e+01
3.922000e-05	-9.759658e-03	1.418851e+01
3.923000e-05	-5.959582e-03	1.406472e+01
3.924000e-05	-9.452116e-03	1.393522e+01
3.925000e-05	-5.897956e-03	1.372790e+01
3.926000e-05	-7.648420e-03	1.357946e+01
3.927000e-05	-5.858178e-03	1.344071e+01
3.928000e-05	-7.675850e-03	1.328614e+01
3.929000e-05	-6.540361e-03	1.311425e+01
3.930000e-05	-6.368490e-03	1.295948e+01
3.931000e-05	-7.419753e-03	1.279840e+01
3.932000e-05	-7.645358e-03	1.259163e+01
3.933000e-05	-7.432259e-03	1.244153e+01
3.934000e-05	-6.617521e-03	1.225509e+01
3.935000e-05	-6.655424e-03	1.206121e+01
3.936000e-05	-7.445775e-03	1.187316e+01
3.937000e-05	-7.692551e-03	1.162454e+01
3.938000e-05	-6.809680e-03	1.138106e+01
3.939000e-05	-5.110535e-03	1.115947e+01
3.940000e-05	-7.162535e-03	1.095793e+01
3.941000e-05	-7.101599e-03	1.075098e+01
3.942000e-05	-7.132133e-03	1.056940e+01
3.943000e-05	-6.340005e-03	1.031574e+01
3.944000e-05	-8.482012e-03	1.009579e+01
3.945000e-05	-7.215766e-03	9.835068e+00
3.946000e-05	-6.208889e-03	9.629958e+00
3.947000e-05	-5.996986e-03	9.367500e+00
3.948000e-05	-6.533464e-03	9.158951e+00
3.949000e-05	-6.634838e-03	8.945318e+00
3.950000e-05	-6.092090e-03	8.613638e+00
3.951000e-05	-6.801287e-03	8.432104e+00
3.952000e-05	-5.906270e-03	8.149979e+00
3.953000e-05	-5.998013e-03	7.906865e+00
3.954000e-05	-7.111039e-03	7.651661e+00
3.955000e-05	-6.211792e-03	7.359426e+00
3.956000e-05	-6.711110e-03	7.076813e+00
3.957000e-05	-6.006978e-03	6.863663e+00
3.958000e-05	-6.124744e-03	6.570027e+00
3.959000e-05	-4.998944e-03	6.284241e+00
3.960000e-05	-5.646225e-03	6.052709e+00
3.961000e-05	-4.569305e-03	5.788977e+00
3.962000e-05	-7.434325e-03	5.455737e+00
3.963000e-05	-6.374492e-03	5.199079e+00
3.964000e-05	-6.280020e-03	4.831582e+00
3.965000e-05	-5.840157e-03	4.547374e+00
3.966000e-05	-5.934767e-03	4.276786e+00
3.967000e-05	-5.703366e-03	3.949401e+00
3.968000e-05	-5.670306e-03	3.706315e+00
3.969000e-05	-5.710367e-03	3.424157e+00
3.970000e-05	-4.276904e-03	3.117347e+00
3.971000e-05	-5.584969e-03	2.854659e+00
3.972000e-05	-4.969479e-03	2.530449e+00
3.973000e-05	-5.663981e-03	2.234684e+00
3.974000e-05	-5.457237e-03	1.970979e+00
3.975000e-05	-5.954349e-03	1.674761e+00
3.976000e-05	-4.960175e-03	1.389451e+00
3.977000e-05	-5.167583e-03	1.055639e+00
3.978000e-05	-4.136202e-03	7.673737e-01
3.979000e-05	-4.520730e-03	4.542332e-01
3.980000e-05	-2.678522e-03	1.300015e-01
3.981000e-05	3.313431e-04	-1.558108e-01
3.982000e-05	9.438845e-03	-3.879208e-01
3.983000e-05	-8.804216e-03	-6.932049e-01
3.984000e-05	6.543403e-03	-9.753657e-01
3.985000e-05	-6.799716e-03	-1.218579e+00
3.986000e-05	4.469001e-03	-1.533896e+00
3.987000e-05	-3.731627e-03	-1.807950e+00
3.988000e-05	3.039164e-02	-2.000925e+00
3.989000e-05	9.421101e-02	-2.323136e+00
3.990000e-05	-2.907755e-02	-2.660581e+00
3.991000e-05	-6.121814e-02	-3.050087e+00
3.992000e-05	-3.017848e-03	-3.397396e+00
3.993000e-05	-3.475031e-02	-3.577927e+00
3.994000e-05	-5.129035e-02	-3.901183e+00
3.995000e-05	-3.687201e-03	-4.092238e+00
3.996000e-05	1.875869e-01	-4.292656e+00
3.997000e-05	-2.033335e-01	-4.597420e+00
3.998000e-05	1.697911e-01	-4.872109e+00
3.999000e-05	-5.487990e-02	-5.155293e+00
4.000000e-05	-7.865991e-02	-5.535145e+00
4.001000e-05	1.310344e-01	-5.734821e+00
4.002000e-05	-1.589106e-01	-6.039607e+00
4.003000e-05	1.888748e-01	-6.306268e+00
4.004000e-05	-1.104568e-01	-6.596947e+00
4.005000e-05	-4.934070e-03	-6.872213e+00
4.006000e-05	5.553649e-02	-7.156345e+00
4.007000e-05	-1.113691e-01	-7.438584e+00
4.008000e-05	1.462626e-01	-7.743196e+00
4.009000e-05	-1.404688e-01	-8.039549e+00
4.010000e-05	1.577210e-01	-8.251533e+00
4.011000e-05	-8.459593e-02	-8.492687e+00
4.012000e-05	-5.028593e-03	-8.796399e+00
4.013000e-05	4.604183e-02	-9.008977e+00
4.014000e-05	-7.196391e-02	-9.271165e+00
4.015000e-05	1.010662e-01	-9.522740e+00
4.016000e-05	-1.014577e-01	-9.745218e+00
4.017000e-05	1.084496e-01	-9.985322e+00
4.018000e-05	-7.872079e-02	-1.018743e+01
4.019000e-05	4.457377e-02	-1.044951e+01
4.020000e-05	-3.501395e-02	-1.065051e+01
4.021000e-05	2.158874e-02	-1.089166e+01
4.022000e-05	1.867673e-02	-1.107259e+01
4.023000e-05	-2.995309e-02	-1.132259e+01
4.024000e-05	3.834103e-02	-1.151385e+01
4.025000e-05	-3.535756e-02	-1.177432e+01
4.026000e-05	3.268388e-02	-1.199538e+01
4.027000e-05	-4.317875e-02	-1.216638e+01
4.028000e-05	5.008213e-02	-1.234637e+01
4.029000e-05	-1.759179e-02	-1.253380e+01
4.030000e-05	2.107056e-02	-1.270529e+01
4.031000e-05	-2.750326e-02	-1.293264e+01
4.032000e-05	1.706771e-02	-1.306224e+01
4.033000e-05	-4.692737e-03	-1.323906e+01
4.034000e-05	5.756043e-03	-1.343801e+01
4.035000e-05	4.118564e-03	-1.354587e+01
4.036000e-05	2.562401e-03	-1.375422e+01
4.037000e-05	2.872968e-03	-1.388059e+01
4.038000e-05	-8.577453e-03	-1.400801e+01
4.039000e-05	1.164080e-02	-1.419641e+01
4.040000e-05	-3.585546e-03	-1.431224e+01
4.041000e-05	6.998727e-03	-1.443116e+01
4.042000e-05	-2.920990e-03	-1.453582e+01
4.043000e-05	1.056520e-02	-1.469274e+01
4.044000e-05	-6.792206e-03	-1.477643e+01
4.045000e-05	-9.699663e-04	-1.494127e+01
4.046000e-05	1.067413e-03	-1.501793e+01
4.047000e-05	7.291531e-03	-1.508367e+01
4.048000e-05	4.924576e-03	-1.514885e+01
4.049000e-05	-6.150928e-04	-1.528062e+01
4.050000e-05	9.076297e-04	-1.536532e+01
4.051000e-05	-6.155289e-04	-1.543003e+01
4.052000e-05	3.690379e-03	-1.544071e+01
4.053000e-05	1.699253e-03	-1.559735e+01
4.054000e-05	1.819548e-03	-1.564858e+01
4.055000e-05	5.720900e-05	-1.570007e+01
4.056000e-05	1.467828e-03	-1.571275e+01
4.057000e-05	4.366220e-04	-1.572727e+01
4.058000e-05	1.370758e-04	-1.579748e+01
4.059000e-05	2.748523e-03	-1.584904e+01
4.060000e-05	1.901128e-03	-1.588016e+01
4.061000e-05	1.795439e-03	-1.586164e+01
4.062000e-05	8.228464e-04	-1.588216e+01
4.063000e-05	8.546209e-04	-1.591282e+01
4.064000e-05	-1.032550e-03	-1.588269e+01
4.065000e-05	8.016778e-05	-1.588422e+01
4.066000e-05	2.503180e-03	-1.587104e+01
4.067000e-05	2.527717e-03	-1.588164e+01
4.068000e-05	6.593749e-04	-1.585951e+01
4.069000e-05	-4.364727e-04	-1.580848e+01
4.070000e-05	1.059116e-03	-1.576788e+01
4.071000e-05	7.258869e-04	-1.573280e+01
4.072000e-05	1.244742e-04	-1.566165e+01
4.073000e-05	1.999412e-03	-1.565953e+01
4.074000e-05	1.378815e-03	-1.558700e+01
4.075000e-05	2.070592e-04	-1.549477e+01
4.076000e-05	-1.420455e-03	-1.545963e+01
4.077000e-05	5.615317e-04	-1.538725e+01
4.078000e-05	8.633708e-04	-1.526319e+01
4.079000e-05	1.234953e-03	-1.523850e+01
4.080000e-05	1.183834e-03	-1.510372e+01
4.081000e-05	5.867690e-04	-1.504106e+01
4.082000e-05	7.241305e-04	-1.493325e+01
4.083000e-05	-1.187590e-04	-1.483909e+01
4.084000e-05	-1.917813e-06	-1.476427e+01
4.085000e-05	2.325664e-04	-1.459845e+01
4.086000e-05	9.711344e-04	-1.448967e+01
4.087000e-05	4.666800e-04	-1.432723e+01
4.088000e-05	3.909690e-04	-1.420856e+01
4.089000e-05	-7.299371e-04	-1.407167e+01
4.090000e-05	-3.096220e-04	-1.395435e+01
4.091000e-05	1.973694e-04	-1.377747e+01
4.092000e-05	-3.769696e-04	-1.363006e+01
4.093000e-05	-2.058228e-04	-1.345112e+01
4.094000e-05	-1.102859e-03	-1.330272e+01
4.095000e-05	-4.126673e-04	-1.314583e+01
4.096000e-05	-6.829147e-04	-1.297790e+01
4.097000e-05	6.961233e-04	-1.279748e+01
4.098000e-05	7.721261e-06	-1.261101e+01
4.099000e-05	-7.169060e-04	-1.243069e+01
4.100000e-05	-9.568882e-04	-1.224016e+01
4.101000e-05	-1.400016e-03	-1.205314e+01
4.102000e-05	-1.712987e-03	-1.184266e+01
4.103000e-05	-2.119121e-03	-1.162909e+01
4.104000e-05	-6.796190e-04	-1.139840e+01
4.105000e-05	-8.974883e-04	-1.118790e+01
4.106000e-05	-7.941799e-05	-1.093738e+01
4.107000e-05	-2.867474e-04	-1.073540e+01
4.108000e-05	-1.315973e-03	-1.052840e+01
4.109000e-05	-1.605390e-03	-1.030615e+01
4.110000e-05	-2.331664e-03	-1.009224e+01
4.111000e-05	-1.978296e-03	-9.832112e+00
4.112000e-05	-3.001816e-03	-9.651632e+00
4.113000e-05	-2.845109e-03	-9.399476e+00
4.114000e-05	-2.958293e-03	-9.158320e+00
4.115000e-05	-2.045590e-03	-8.926872e+00
4.116000e-05	-1.636634e-03	-8.683614e+00
4.117000e-05	-1.030320e-03	-8.408980e+00
4.118000e-05	-1.543667e-03	-8.136454e+00
4.119000e-05	-2.417759e-03	-7.904821e+00
4.120000e-05	-3.784546e-03	-7.619005e+00
4.121000e-05	-5.894473e-03	-7.296922e+00
4.122000e-05	-3.463571e-03	-7.114691e+00
4.123000e-05	-4.497811e-03	-6.829525e+00
4.124000e-05	-2.246432e-03	-6.526893e+00
4.125000e-05	-3.276357e-03	-6.253716e+00
4.126000e-05	-1.511906e-03	-5.978501e+00
4.127000e-05	-4.131400e-03	-5.726418e+00
4.128000e-05	-2.321324e-03	-5.412634e+00
4.129000e-05	-5.590411e-03	-5.156343e+00
4.130000e-05	-3.317141e-03	-4.799531e+00
4.131000e-05	-5.525890e-03	-4.503763e+00
4.132000e-05	-2.720567e-03	-4.273718e+00
4.133000e-05	-4.541428e-03	-4.019981e+00
4.134000e-05	-3.469481e-03	-3.704792e+00
4.135000e-05	-4.413570e-03	-3.401533e+00
4.136000e-05	-4.389962e-03	-3.158871e+00
4.137000e-05	-3.884659e-03	-2.809557e+00
4.138000e-05	-3.647469e-03	-2.546447e+00
4.139000e-05	-5.124079e-03	-2.251714e+00
4.140000e-05	-5.173380e-03	-1.969372e+00
4.141000e-05	-5.793953e-03	-1.682761e+00
4.142000e-05	-4.398770e-03	-1.316450e+00
4.143000e-05	-3.846070e-03	-1.043158e+00
4.144000e-05	-4.833656e-03	-7.589225e-01
4.145000e-05	-3.725311e-03	-4.221065e-01
4.146000e-05	-3.319256e-03	-1.588974e-01
4.147000e-05	5.048091e-03	1.241641e-01
4.148000e-05	1.671361e-03	4.105013e-01
4.149000e-05	-3.408879e-03	6.616051e-01
4.150000e-05	1.883964e-03	9.368155e-01
4.151000e-05	-3.576834e-03	1.232606e+00
4.152000e-05	-2.316181e-04	1.494837e+00
4.153000e-05	-1.290256e-03	1.841530e+00
4.154000e-05	1.613238e-02	2.082108e+00
4.155000e-05	4.788739e-02	2.334817e+00
4.156000e-05	6.789200e-02	2.681505e+00
4.157000e-05	-9.840170e-02	2.999448e+00
4.158000e-05	-5.790588e-03	3.263660e+00
4.159000e-05	-4.492138e-02	3.601396e+00
4.160000e-05	9.816618e-03	3.882631e+00
4.161000e-05	-5.978675e-02	4.051710e+00
4.162000e-05	2.314784e-02	4.345789e+00
4.163000e-05	8.396944e-02	4.577921e+00
4.164000e-05	-1.003310e-01	4.895315e+00
4.165000e-05	6.274908e-02	5.169449e+00
4.166000e-05	4.758778e-02	5.523159e+00
4.167000e-05	-1.284228e-01	5.797449e+00
4.168000e-05	9.195014e-02	6.062610e+00
4.169000e-05	-5.129237e-02	6.336138e+00
4.170000e-05	7.042545e-02	6.557371e+00
4.171000e-05	-5.324740e-02	6.881667e+00
4.172000e-05	-2.525488e-02	7.138270e+00
4.173000e-05	3.739464e-02	7.470610e+00
4.174000e-05	-3.787223e-02	7.724215e+00
4.175000e-05	4.612654e-02	8.028953e+00
4.176000e-05	-6.227752e-02	8.303736e+00
4.177000e-05	6.287220e-02	8.495641e+00
4.178000e-05	-2.853823e-02	8.755314e+00
4.179000e-05	-1.975227e-02	8.967427e+00
4.180000e-05	2.356257e-02	9.241552e+00
4.181000e-05	-3.644038e-02	9.490636e+00
4.182000e-05	3.336638e-02	9.744268e+00
4.183000e-05	-3.470257e-02	9.966320e+00
4.184000e-05	3.275762e-02	1.015787e+01
4.185000e-05	-4.367853e-02	1.040885e+01
4.186000e-05	1.408400e-02	1.059964e+01
4.187000e-05	-1.268625e-02	1.085053e+01
4.188000e-05	6.368832e-03	1.105056e+01
4.189000e-05	-4.819505e-03	1.125266e+01
4.190000e-05	-1.730017e-02	1.153417e+01
4.191000e-05	1.275510e-02	1.171467e+01
4.192000e-05	-1.353528e-02	1.192637e+01
4.193000e-05	1.315927e-03	1.216325e+01
4.194000e-05	-2.350058e-02	1.231537e+01
4.195000e-05	1.692698e-02	1.253486e+01
4.196000e-05	-7.612185e-03	1.269372e+01
4.197000e-05	-5.703721e-03	1.287159e+01
4.198000e-05	-1.327853e-02	1.304096e+01
4.199000e-05	6.709389e-05	1.323206e+01
4.200000e-05	-1.480844e-03	1.336650e+01
4.201000e-05	-1.063346e-02	1.353534e+01
4.202000e-05	-3.364471e-03	1.367217e+01
4.203000e-05	-7.095844e-03	1.383108e+01
4.204000e-05	-5.506942e-04	1.405843e+01
4.205000e-05	-1.075421e-02	1.418579e+01
4.206000e-05	-2.025382e-03	1.431227e+01
4.207000e-05	-9.792575e-03	1.442261e+01
4.208000e-05	-2.727157e-03	1.460788e+01
4.209000e-05	-3.506838e-03	1.469316e+01
4.210000e-05	-6.784660e-03	1.480790e+01
4.211000e-05	-1.036699e-02	1.487261e+01
4.212000e-05	-9.692841e-03	1.497990e+01
4.213000e-05	2.410845e-03	1.505166e+01
4.214000e-05	-8.143393e-03	1.516637e+01
4.215000e-05	-5.596640e-03	1.525954e+01
4.216000e-05	-9.150815e-03	1.530372e+01
4.217000e-05	-1.799336e-03	1.541003e+01
4.218000e-05	-8.192265e-03	1.547262e+01
4.219000e-05	-7.262446e-03	1.554730e+01
4.220000e-05	-7.076194e-03	1.560748e+01
4.221000e-05	-6.695743e-03	1.562209e+01
4.222000e-05	-4.061783e-03	1.572474e+01
4.223000e-05	-8.536587e-03	1.575637e+01
4.224000e-05	-6.575556e-03	1.576853e+01
4.225000e-05	-8.980859e-03	1.580948e+01
4.226000e-05	-3.350811e-03	1.584103e+01
4.227000e-05	-5.571434e-03	1.587053e+01
4.228000e-05	-7.930659e-03	1.588011e+01
4.229000e-05	-7.417575e-03	1.587313e+01
4.230000e-05	-7.772872e-03	1.590314e+01
4.231000e-05	-5.172442e-03	1.585264e+01
4.232000e-05	-8.482364e-03	1.587214e+01
4.233000e-05	-5.112117e-03	1.583063e+01
4.234000e-05	-6.737190e-03	1.579996e+01
4.235000e-05	-5.893413e-03	1.578745e+01
4.236000e-05	-8.327419e-03	1.575637e+01
4.237000e-05	-6.855583e-03	1.569570e+01
4.238000e-05	-7.593044e-03	1.563359e+01
4.239000e-05	-6.601567e-03	1.562093e+01
4.240000e-05	-4.534907e-03	1.555790e+01
4.241000e-05	-7.472327e-03	1.550520e+01
4.242000e-05	-7.228185e-03	1.543196e+01
4.243000e-05	-9.098484e-03	1.536775e+01
4.244000e-05	-7.448613e-03	1.528359e+01
4.245000e-05	-7.073001e-03	1.518801e+01
4.246000e-05	-7.115718e-03	1.509222e+01
4.247000e-05	-4.828341e-03	1.495750e+01
4.248000e-05	-9.065909e-03	1.489474e+01
4.249000e-05	-6.445350e-03	1.475941e+01
4.250000e-05	-1.088693e-02	1.470417e+01
4.251000e-05	-5.194685e-03	1.456643e+01
4.252000e-05	-8.199193e-03	1.444249e+01
4.253000e-05	-4.019329e-03	1.433424e+01
4.254000e-05	-9.309070e-03	1.416893e+01
4.255000e-05	-6.765015e-03	1.402248e+01
4.256000e-05	-8.086628e-03	1.386419e+01
4.257000e-05	-7.068165e-03	1.371577e+01
4.258000e-05	-7.671192e-03	1.356690e+01
4.259000e-05	-7.355767e-03	1.340003e+01
4.260000e-05	-6.576579e-03	1.323319e+01
4.261000e-05	-7.240929e-03	1.306422e+01
4.262000e-05	-7.448108e-03	1.290527e+01
4.263000e-05	-7.034903e-03	1.275683e+01
4.264000e-05	-6.461951e-03	1.255803e+01
4.265000e-05	-6.309515e-03	1.237995e+01
4.266000e-05	-6.748158e-03	1.218045e+01
4.267000e-05	-6.319726e-03	1.199848e+01
4.268000e-05	-7.586851e-03	1.175948e+01
4.269000e-05	-8.200295e-03	1.156090e+01
4.270000e-05	-7.300191e-03	1.138840e+01
4.271000e-05	-5.559743e-03	1.112535e+01
4.272000e-05	-4.914641e-03	1.093690e+01
4.273000e-05	-6.375823e-03	1.071742e+01
4.274000e-05	-7.012221e-03	1.049580e+01
4.275000e-05	-7.314757e-03	1.027519e+01
4.276000e-05	-7.514242e-03	1.003316e+01
4.277000e-05	-7.369185e-03	9.811980e+00
4.278000e-05	-5.329162e-03	9.548399e+00
4.279000e-05	-5.779709e-03	9.326422e+00
4.280000e-05	-6.289944e-03	9.096239e+00
4.281000e-05	-7.194281e-03	8.851614e+00
4.282000e-05	-6.726536e-03	8.562010e+00
4.283000e-05	-5.592611e-03	8.358526e+00
4.284000e-05	-6.440568e-03	8.105842e+00
4.285000e-05	-5.690354e-03	7.852634e+00
4.286000e-05	-6.227001e-03	7.551004e+00
4.287000e-05	-6.397476e-03	7.345738e+00
4.288000e-05	-6.541321e-03	7.012661e+00
4.289000e-05	-5.274988e-03	6.779449e+00
4.290000e-05	-5.936058e-03	6.516667e+00
4.291000e-05	-5.563076e-03	6.223033e+00
4.292000e-05	-5.714822e-03	5.979977e+00
4.293000e-05	-5.392942e-03	5.673691e+00
4.294000e-05	-5.892102e-03	5.441560e+00
4.295000e-05	-6.319174e-03	5.096767e+00
4.296000e-05	-5.229514e-03	4.760324e+00
4.297000e-05	-5.924962e-03	4.485762e+00
4.298000e-05	-5.164961e-03	4.203080e+00
4.299000e-05	-5.645814e-03	3.907241e+00
4.300000e-05	-5.688812e-03	3.643134e+00
4.301000e-05	-5.775723e-03	3.347899e+00
4.302000e-05	-4.958334e-03	3.054589e+00
4.303000e-05	-4.791713e-03	2.781549e+00
4.304000e-05	-5.146722e-03	2.424211e+00
4.305000e-05	-5.994526e-03	2.160002e+00
4.306000e-05	-6.063359e-03	1.917866e+00
4.307000e-05	-5.112679e-03	1.610552e+00
4.308000e-05	-4.193709e-03	1.308290e+00
4.309000e-05	-5.136595e-03	9.824478e-01
4.310000e-05	-5.796078e-03	6.652119e-01
4.311000e-05	-3.970206e-03	3.800030e-01
4.312000e-05	-2.261896e-03	3.421329e-02
4.313000e-05	4.391704e-03	-1.989473e-01
4.314000e-05	4.284804e-03	-4.321036e-01
4.315000e-05	-5.415734e-03	-7.973982e-01
4.316000e-05	3.040397e-03	-9.890235e-01
4.317000e-05	-4.495142e-03	-1.302284e+00
4.318000e-05	3.341787e-04	-1.620527e+00
4.319000e-05	6.512462e-03	-1.851607e+00
4.320000e-05	3.604543e-02	-2.063160e+00
4.321000e-05	1.072176e-01	-2.416974e+00
4.322000e-05	-9.072659e-02	-2.745364e+00
4.323000e-05	-9.054711e-03	-3.165793e+00
4.324000e-05	-4.245927e-02	-3.490102e+00
4.325000e-05	-2.549598e-03	-3.660601e+00
4.326000e-05	-9.144095e-02	-3.965245e+00
4.327000e-05	9.325617e-02	-4.174344e+00
4.328000e-05	9.595519e-02	-4.353816e+00
4.329000e-05	-1.855240e-01	-4.690660e+00
4.330000e-05	2.126117e-01	-4.944692e+00
4.331000e-05	-1.683372e-01	-5.249602e+00
4.332000e-05	4.653002e-02	-5.589922e+00
4.333000e-05	2.655187e-02	-5.798500e+00
4.334000e-05	-8.606516e-02	-6.123264e+00
4.335000e-05	1.871149e-01	-6.397478e+00
4.336000e-05	-1.687717e-01	-6.660030e+00
4.337000e-05	7.956437e-02	-6.975828e+00
4.338000e-05	-3.678357e-02	-7.239626e+00
4.339000e-05	-3.001199e-02	-7.594291e+00
4.340000e-05	9.938456e-02	-7.826352e+00
4.341000e-05	-1.191257e-01	-8.073637e+00
4.342000e-05	1.761135e-01	-8.314317e+00
4.343000e-05	-1.588647e-01	-8.593822e+00
4.344000e-05	8.120469e-02	-8.830605e+00
4.345000e-05	-2.993541e-02	-9.069635e+00
4.346000e-05	-3.561415e-03	-9.354219e+00
4.347000e-05	4.896760e-02	-9.556297e+00
4.348000e-05	-6.986317e-02	-9.786976e+00
4.349000e-05	9.808123e-02	-9.987452e+00
4.350000e-05	-9.494702e-02	-1.028161e+01
4.351000e-05	7.017502e-02	-1.052212e+01
4.352000e-05	-6.509519e-02	-1.068169e+01
4.353000e-05	6.367163e-02	-1.088367e+01
4.354000e-05	-2.488789e-02	-1.112327e+01
4.355000e-05	8.189508e-03	-1.136630e+01
4.356000e-05	8.078197e-03	-1.154643e+01
4.357000e-05	-1.485486e-02	-1.179891e+01
4.358000e-05	1.557097e-02	-1.200798e+01
4.359000e-05	-2.696635e-02	-1.222803e+01
4.360000e-05	4.603089e-02	-1.241688e+01
4.361000e-05	-2.288698e-02	-1.258583e+01
4.362000e-05	2.341163e-02	-1.276588e+01
4.363000e-05	-2.881346e-02	-1.295477e+01
4.364000e-05	2.532883e-02	-1.311324e+01
4.365000e-05	-1.493992e-02	-1.325114e+01
4.366000e-05	1.309377e-02	-1.348009e+01
4.367000e-05	-2.198973e-03	-1.358743e+01
4.368000e-05	8.236815e-03	-1.377585e+01
4.369000e-05	-3.479187e-03	-1.387319e+01
4.370000e-05	-3.241970e-04	-1.412069e+01
4.371000e-05	7.631070e-03	-1.417688e+01
4.372000e-05	-8.722098e-04	-1.436485e+01
4.373000e-05	2.733614e-03	-1.448209e+01
4.374000e-05	1.367904e-03	-1.462548e+01
4.375000e-05	6.990431e-03	-1.471522e+01
4.376000e-05	-5.810736e-03	-1.481948e+01
4.377000e-05	-1.403066e-03	-1.494227e+01
4.378000e-05	2.623924e-03	-1.503888e+01
4.379000e-05	7.040363e-03	-1.515374e+01
4.380000e-05	3.351856e-03	-1.520786e+01
4.381000e-05	-1.032614e-03	-1.531462e+01
4.382000e-05	-3.232859e-04	-1.535735e+01
4.383000e-05	-3.887254e-04	-1.550156e+01
4.384000e-05	3.439523e-03	-1.553429e+01
4.385000e-05	2.625847e-03	-1.556630e+01
4.386000e-05	3.345073e-04	-1.565009e+01
4.387000e-05	8.451992e-04	-1.571169e+01
4.388000e-05	1.614848e-04	-1.572280e+01
4.389000e-05	-1.793243e-04	-1.575485e+01
4.390000e-05	5.175238e-04	-1.577798e+01
4.391000e-05	3.398619e-03	-1.582946e+01
4.392000e-05	2.960859e-03	-1.582961e+01
4.393000e-05	8.297804e-04	-1.588064e+01
4.394000e-05	6.286621e-04	-1.590262e+01
4.395000e-05	-9.259218e-04	-1.588322e+01
4.396000e-05	-3.433369e-04	-1.587214e+01
4.397000e-05	-4.501911e-04	-1.585307e+01
4.398000e-05	2.992544e-03	-1.587224e+01
4.399000e-05	2.097651e-03	-1.587061e+01
4.400000e-05	1.109504e-03	-1.581708e+01
4.401000e-05	3.100196e-04	-1.580648e+01
4.402000e-05	3.148405e-04	-1.575693e+01
4.403000e-05	-6.909262e-05	-1.571322e+01
4.404000e-05	8.807186e-04	-1.566112e+01
4.405000e-05	2.681672e-03	-1.556798e+01
4.406000e-05	-1.371252e-04	-1.557543e+01
4.407000e-05	-1.254313e-03	-1.548372e+01
4.408000e-05	4.947900e-04	-1.544853e+01
4.409000e-05	2.203685e-03	-1.535487e+01
4.410000e-05	9.557735e-04	-1.529061e+01
4.411000e-05	2.727060e-05	-1.515883e+01
4.412000e-05	1.305967e-03	-1.510270e+01
4.413000e-05	8.566115e-04	-1.497953e+01
4.414000e-05	-1.050386e-03	-1.489315e+01
4.415000e-05	-8.600946e-04	-1.481848e+01
4.416000e-05	7.622452e-04	-1.470119e+01
4.417000e-05	1.132391e-03	-1.455785e+01
4.418000e-05	1.507376e-03	-1.445167e+01
4.419000e-05	3.773844e-04	-1.431575e+01
4.420000e-05	-8.066787e-04	-1.419891e+01
4.421000e-05	-3.397329e-06	-1.405009e+01
4.422000e-05	-8.280182e-04	-1.392177e+01
4.423000e-05	3.423029e-04	-1.373585e+01
4.424000e-05	-4.318669e-04	-1.357640e+01
4.425000e-05	1.324537e-03	-1.344951e+01
4.426000e-05	-1.162429e-03	-1.328014e+01
4.427000e-05	-3.961401e-04	-1.312416e+01
4.428000e-05	-1.542562e-03	-1.291639e+01
4.429000e-05	4.609613e-04	-1.272730e+01
4.430000e-05	-4.913920e-04	-1.257743e+01
4.431000e-05	-6.221752e-04	-1.241940e+01
4.432000e-05	-5.129185e-04	-1.217803e+01
4.433000e-05	-1.835704e-03	-1.204158e+01
4.434000e-05	-1.787842e-03	-1.179994e+01
4.435000e-05	-2.027015e-03	-1.155848e+01
4.436000e-05	8.752601e-06	-1.133532e+01
4.437000e-05	-2.456534e-04	-1.110429e+01
4.438000e-05	-1.270950e-03	-1.089474e+01
4.439000e-05	-2.890312e-03	-1.065485e+01
4.440000e-05	-3.766043e-04	-1.048477e+01
4.441000e-05	-2.647349e-03	-1.024214e+01
4.442000e-05	-2.787258e-03	-1.001850e+01
4.443000e-05	-2.904580e-04	-9.838533e+00
4.444000e-05	-2.023482e-03	-9.559976e+00
4.445000e-05	-8.355655e-04	-9.345848e+00
4.446000e-05	-2.130614e-03	-9.083738e+00
4.447000e-05	-2.980805e-03	-8.890660e+00
4.448000e-05	-2.311892e-03	-8.598484e+00
4.449000e-05	-5.423953e-03	-8.326246e+00
4.450000e-05	-1.343956e-03	-8.125788e+00
4.451000e-05	-3.646650e-03	-7.823146e+00
4.452000e-05	-2.429318e-04	-7.546747e+00
4.453000e-05	-5.475208e-03	-7.295265e+00
4.454000e-05	-2.944592e-03	-6.972483e+00
4.455000e-05	-2.798704e-03	-6.727273e+00
4.456000e-05	-1.731965e-03	-6.474211e+00
4.457000e-05	-3.905843e-03	-6.210484e+00
4.458000e-05	-4.534054e-03	-5.906845e+00
4.459000e-05	-5.874082e-03	-5.681638e+00
4.460000e-05	-1.816476e-03	-5.346950e+00
4.461000e-05	-3.205805e-03	-5.063158e+00
4.462000e-05	-2.505854e-03	-4.735797e+00
4.463000e-05	-4.819342e-03	-4.441583e+00
4.464000e-05	-3.562334e-03	-4.220059e+00
4.465000e-05	-3.867275e-03	-3.937944e+00
4.466000e-05	-3.435035e-03	-3.640057e+00
4.467000e-05	-4.612508e-03	-3.368901e+00
4.468000e-05	-6.190483e-03	-3.062265e+00
4.469000e-05	-5.061591e-03	-2.728922e+00
4.470000e-05	-3.802222e-03	-2.465761e+00
4.471000e-05	-3.112117e-03	-2.182507e+00
4.472000e-05	-4.311614e-03	-1.884766e+00
4.473000e-05	-5.146242e-03	-1.601132e+00
4.474000e-05	-4.992401e-03	-1.283690e+00
4.475000e-05	-2.595876e-03	-9.674026e-01
4.476000e-05	-4.363491e-03	-7.148146e-01
4.477000e-05	-5.209660e-03	-3.864726e-01
4.478000e-05	-4.716598e-03	-1.357883e-01
4.479000e-05	8.052257e-03	1.924945e-01
4.480000e-05	-2.862666e-03	4.431591e-01
4.481000e-05	2.214664e-03	7.262834e-01
4.482000e-05	-2.922377e-03	1.010978e+00
4.483000e-05	-3.874033e-04	1.315240e+00
4.484000e-05	-5.164394e-03	1.660952e+00
4.485000e-05	8.094292e-03	1.924662e+00
4.486000e-05	1.361661e-02	2.124235e+00
4.487000e-05	7.334483e-02	2.376396e+00
4.488000e-05	2.107971e-02	2.787767e+00
4.489000e-05	-8.568811e-02	3.092630e+00
4.490000e-05	-1.008493e-02	3.384818e+00
4.491000e-05	-3.311435e-02	3.631631e+00
4.492000e-05	-3.540809e-03	3.924261e+00
4.493000e-05	-4.897154e-02	4.104789e+00
4.494000e-05	4.136648e-02	4.409425e+00
4.495000e-05	7.826377e-02	4.652131e+00
4.496000e-05	-1.406956e-01	4.987903e+00
4.497000e-05	1.520094e-01	5.301181e+00
4.498000e-05	-7.699252e-02	5.566343e+00
4.499000e-05	-3.383136e-02	5.900484e+00
4.500000e-05	5.031168e-02	6.134793e+00
4.501000e-05	-2.499148e-02	6.357397e+00
4.502000e-05	5.387333e-02	6.670134e+00
4.503000e-05	-7.568735e-02	6.936344e+00
4.504000e-05	1.567669e-02	7.209023e+00
4.505000e-05	3.222813e-03	7.515714e+00
4.506000e-05	-1.124628e-02	7.797448e+00
4.507000e-05	1.842474e-02	8.062611e+00
4.508000e-05	-3.961417e-02	8.357343e+00
4.509000e-05	6.334704e-02	8.524847e+00
4.510000e-05	-4.998858e-02	8.778848e+00
4.511000e-05	6.932812e-04	9.061584e+00
4.512000e-05	2.565778e-03	9.304691e+00
4.513000e-05	-2.017587e-02	9.544717e+00
4.514000e-05	2.528385e-02	9.796802e+00
4.515000e-05	-2.664025e-02	9.997972e+00
4.516000e-05	2.133941e-02	1.024053e+01
4.517000e-05	-4.173699e-02	1.047101e+01
4.518000e-05	1.807363e-02	1.068519e+01
4.519000e-05	-1.406590e-02	1.090324e+01
4.520000e-05	6.453025e-03	1.109572e+01
4.521000e-05	-8.560907e-03	1.128327e+01
4.522000e-05	-1.251795e-02	1.158783e+01
4.523000e-05	1.233815e-02	1.174740e+01
4.524000e-05	-1.511437e-02	1.198833e+01
4.525000e-05	-1.912680e-03	1.218648e+01
4.526000e-05	-1.615941e-02	1.233837e+01
4.527000e-05	1.769594e-02	1.255787e+01
4.528000e-05	-9.352616e-03	1.275677e+01
4.529000e-05	-1.019607e-02	1.291372e+01
4.530000e-05	-1.161862e-02	1.305169e+01
4.531000e-05	-6.392563e-04	1.325303e+01
4.532000e-05	2.105265e-04	1.336008e+01
4.533000e-05	-1.213869e-02	1.360838e+01
4.534000e-05	2.684645e-04	1.369477e+01
4.535000e-05	-6.698314e-03	1.386416e+01
4.536000e-05	-4.465173e-04	1.404143e+01
4.537000e-05	-1.126725e-02	1.418743e+01
4.538000e-05	-4.694456e-03	1.433482e+01
4.539000e-05	-7.108602e-03	1.448216e+01
4.540000e-05	-3.987309e-03	1.456951e+01
4.541000e-05	-2.334121e-03	1.472514e+01
4.542000e-05	-1.064661e-02	1.482000e+01
4.543000e-05	-9.224065e-03	1.489367e+01
4.544000e-05	-8.699502e-03	1.498853e+01
4.545000e-05	1.094152e-03	1.510361e+01
4.546000e-05	-5.919119e-03	1.518740e+01
4.547000e-05	-6.079264e-03	1.524012e+01
4.548000e-05	-5.896051e-03	1.534535e+01
4.549000e-05	-5.813789e-03	1.542003e+01
4.550000e-05	-6.007439e-03	1.551524e+01
4.551000e-05	-8.609880e-03	1.552790e+01
4.552000e-05	-5.397373e-03	1.561994e+01
4.553000e-05	-8.089674e-03	1.565411e+01
4.554000e-05	-3.177898e-03	1.568525e+01
4.555000e-05	-8.537545e-03	1.576640e+01
4.556000e-05	-8.206179e-03	1.576745e+01
4.557000e-05	-6.684261e-03	1.581793e+01
4.558000e-05	-4.128260e-03	1.586118e+01
4.559000e-05	-4.643132e-03	1.585064e+01
4.560000e-05	-9.522900e-03	1.590016e+01
4.561000e-05	-5.923452e-03	1.585106e+01
4.562000e-05	-8.269141e-03	1.589266e+01
4.563000e-05	-6.121783e-03	1.584269e+01
4.564000e-05	-8.984045e-03	1.586166e+01
4.565000e-05	-5.958582e-03	1.582153e+01
4.566000e-05	-6.237081e-03	1.579006e+01
4.567000e-05	-7.228819e-03	1.576845e+01
4.568000e-05	-7.299329e-03	1.574628e+01
4.569000e-05	-8.038864e-03	1.569467e+01
4.570000e-05	-6.353428e-03	1.564406e+01
4.571000e-05	-8.001020e-03	1.559090e+01
4.572000e-05	-5.141708e-03	1.551530e+01
4.573000e-05	-7.589915e-03	1.548117e+01
4.574000e-05	-8.086703e-03	1.536046e+01
4.575000e-05	-7.457233e-03	1.528325e+01
4.576000e-05	-7.233258e-03	1.523059e+01
4.577000e-05	-5.944065e-03	1.517733e+01
4.578000e-05	-9.911442e-03	1.505269e+01
4.579000e-05	-5.766527e-03	1.495680e+01
4.580000e-05	-9.114439e-03	1.488314e+01
4.581000e-05	-6.434940e-03	1.475735e+01
4.582000e-05	-9.884337e-03	1.460416e+01
4.583000e-05	-5.515738e-03	1.453433e+01
4.584000e-05	-6.851884e-03	1.440088e+01
4.585000e-05	-6.893037e-03	1.425422e+01
4.586000e-05	-8.254141e-03	1.411780e+01
4.587000e-05	-8.350770e-03	1.396803e+01
4.588000e-05	-5.373430e-03	1.385169e+01
4.589000e-05	-8.065439e-03	1.367472e+01
4.590000e-05	-6.472635e-03	1.350642e+01
4.591000e-05	-7.533487e-03	1.334795e+01
4.592000e-05	-5.885595e-03	1.322158e+01
4.593000e-05	-7.370491e-03	1.305049e+01
4.594000e-05	-7.061690e-03	1.287524e+01
4.595000e-05	-7.601266e-03	1.269519e+01
4.596000e-05	-7.187926e-03	1.254640e+01
4.597000e-05	-6.230281e-03	1.233728e+01
4.598000e-05	-7.041979e-03	1.215827e+01
4.599000e-05	-6.927601e-03	1.198688e+01
4.600000e-05	-7.826243e-03	1.171732e+01
4.601000e-05	-7.152102e-03	1.149683e+01
4.602000e-05	-5.800849e-03	1.127679e+01
4.603000e-05	-5.586741e-03	1.108362e+01
4.604000e-05	-6.907060e-03	1.089582e+01
4.605000e-05	-7.357297e-03	1.067519e+01
4.606000e-05	-5.501061e-03	1.043315e+01
4.607000e-05	-6.871109e-03	1.021148e+01
4.608000e-05	-7.282974e-03	9.980009e+00
4.609000e-05	-7.558769e-03	9.747877e+00
4.610000e-05	-5.390830e-03	9.495238e+00
4.611000e-05	-6.223942e-03	9.295663e+00
4.612000e-05	-7.007369e-03	9.002506e+00
4.613000e-05	-6.793940e-03	8.799983e+00
4.614000e-05	-6.193322e-03	8.558428e+00
4.615000e-05	-6.244048e-03	8.284341e+00
4.616000e-05	-5.582602e-03	8.062607e+00
4.617000e-05	-6.148871e-03	7.789482e+00
4.618000e-05	-6.454544e-03	7.486847e+00
4.619000e-05	-5.916004e-03	7.251108e+00
4.620000e-05	-6.741825e-03	6.969029e+00
4.621000e-05	-6.294107e-03	6.696317e+00
4.622000e-05	-6.312936e-03	6.421534e+00
4.623000e-05	-5.279871e-03	6.188976e+00
4.624000e-05	-5.237063e-03	5.916218e+00
4.625000e-05	-5.394065e-03	5.601035e+00
4.626000e-05	-5.731069e-03	5.349452e+00
4.627000e-05	-6.310799e-03	4.990955e+00
4.628000e-05	-5.868177e-03	4.677793e+00
4.629000e-05	-5.521347e-03	4.432058e+00
4.630000e-05	-5.297052e-03	4.166896e+00
4.631000e-05	-5.710296e-03	3.834134e+00
4.632000e-05	-5.894416e-03	3.570499e+00
4.633000e-05	-5.594330e-03	3.235709e+00
4.634000e-05	-5.177924e-03	3.001454e+00
4.635000e-05	-5.078915e-03	2.708846e+00
4.636000e-05	-5.758452e-03	2.389099e+00
4.637000e-05	-4.462949e-03	2.106343e+00
4.638000e-05	-5.699588e-03	1.834264e+00
4.639000e-05	-5.074611e-03	1.497922e+00
4.640000e-05	-5.669172e-03	1.242631e+00
4.641000e-05	-4.753700e-03	8.652396e-01
4.642000e-05	-5.329832e-03	5.720530e-01
4.643000e-05	-4.091265e-03	3.388186e-01
4.644000e-05	-2.334279e-03	4.095290e-02
4.645000e-05	7.263503e-03	-2.610826e-01
4.646000e-05	-1.446976e-03	-5.137353e-01
4.647000e-05	7.379486e-04	-8.079761e-01
4.648000e-05	-1.388185e-03	-1.072161e+00
4.649000e-05	-7.041097e-04	-1.396875e+00
4.650000e-05	-3.601022e-03	-1.662084e+00
4.651000e-05	1.660380e-02	-1.934739e+00
4.652000e-05	4.517859e-02	-2.116817e+00
4.653000e-05	9.154928e-02	-2.459634e+00
4.654000e-05	-1.214369e-01	-2.810052e+00
4.655000e-05	2.893415e-02	-3.210553e+00
4.656000e-05	-6.513596e-02	-3.492687e+00
4.657000e-05	1.006869e-02	-3.743233e+00
4.658000e-05	-1.129578e-01	-4.008398e+00
4.659000e-05	1.783125e-01	-4.145893e+00
4.660000e-05	-2.959242e-02	-4.398001e+00
4.661000e-05	-9.536418e-02	-4.775417e+00
4.662000e-05	1.929558e-01	-4.996896e+00
4.663000e-05	-2.028533e-01	-5.344192e+00
4.664000e-05	1.508277e-01	-5.650556e+00
4.665000e-05	-8.547179e-02	-5.901035e+00
4.666000e-05	2.508350e-02	-6.236399e+00
4.667000e-05	1.149046e-01	-6.441657e+00
4.668000e-05	-1.658988e-01	-6.734291e+00
4.669000e-05	1.296118e-01	-7.038930e+00
4.670000e-05	-1.151423e-01	-7.344218e+00
4.671000e-05	6.294307e-02	-7.637053e+00
4.672000e-05	8.913878e-03	-7.860608e+00
4.673000e-05	-3.564753e-02	-8.145869e+00
4.674000e-05	1.287042e-01	-8.366871e+00
4.675000e-05	-1.682290e-01	-8.668507e+00
4.676000e-05	1.270181e-01	-8.883789e+00
4.677000e-05	-9.145532e-02	-9.115768e+00
4.678000e-05	6.797048e-02	-9.384929e+00
4.679000e-05	-2.569940e-02	-9.586974e+00
4.680000e-05	-5.076674e-03	-9.829107e+00
4.681000e-05	5.147376e-02	-1.007156e+01
4.682000e-05	-6.801706e-02	-1.035322e+01
4.683000e-05	6.241675e-02	-1.052480e+01
4.684000e-05	-6.872960e-02	-1.075642e+01
4.685000e-05	7.925589e-02	-1.095480e+01
4.686000e-05	-5.440160e-02	-1.115588e+01
4.687000e-05	4.080582e-02	-1.139800e+01
4.688000e-05	-2.198073e-02	-1.165951e+01
4.689000e-05	1.141619e-02	-1.185268e+01
4.690000e-05	-1.177325e-02	-1.208251e+01
4.691000e-05	1.870016e-03	-1.230104e+01
4.692000e-05	2.647623e-02	-1.242864e+01
4.693000e-05	-1.291230e-02	-1.265951e+01
4.694000e-05	1.011459e-02	-1.281793e+01
4.695000e-05	-1.772055e-02	-1.297742e+01
4.696000e-05	2.169345e-02	-1.317482e+01
4.697000e-05	-1.582956e-02	-1.332267e+01
4.698000e-05	1.608790e-02	-1.349269e+01
4.699000e-05	-6.313191e-03	-1.365798e+01
4.700000e-05	1.229320e-02	-1.378785e+01
4.701000e-05	-1.106918e-02	-1.394482e+01
4.702000e-05	7.721384e-03	-1.413162e+01
4.703000e-05	-9.883727e-04	-1.423858e+01
4.704000e-05	4.690120e-03	-1.439791e+01
4.705000e-05	-2.309840e-04	-1.451309e+01
4.706000e-05	6.153796e-03	-1.464956e+01
4.707000e-05	1.610441e-05	-1.476485e+01
4.708000e-05	-4.776251e-03	-1.488006e+01
4.709000e-05	9.244061e-04	-1.495425e+01
4.710000e-05	4.058310e-03	-1.506013e+01
4.711000e-05	5.794754e-03	-1.513530e+01
4.712000e-05	1.131692e-03	-1.527046e+01
4.713000e-05	1.627826e-03	-1.530522e+01
4.714000e-05	-1.007161e-03	-1.539740e+01
4.715000e-05	8.699863e-04	-1.544116e+01
4.716000e-05	2.324848e-03	-1.556432e+01
4.717000e-05	2.571031e-03	-1.557792e+01
4.718000e-05	-6.683200e-04	-1.563008e+01
4.719000e-05	7.781778e-04	-1.571217e+01
4.720000e-05	1.120725e-03	-1.574535e+01
4.721000e-05	-6.781986e-04	-1.575445e+01
4.722000e-05	1.599632e-03	-1.579785e+01
4.723000e-05	2.825542e-03	-1.588059e+01
4.724000e-05	2.811669e-03	-1.587007e+01
4.725000e-05	6.521961e-04	-1.588269e+01
4.726000e-05	1.131528e-03	-1.587324e+01
4.727000e-05	-1.248167e-03	-1.590227e+01
4.728000e-05	-5.461188e-04	-1.591067e+01
4.729000e-05	1.803702e-03	-1.588075e+01
4.730000e-05	3.099313e-03	-1.588262e+01
4.731000e-05	8.854391e-04	-1.586209e+01
4.732000e-05	-8.788186e-04	-1.584901e+01
4.733000e-05	1.432664e-03	-1.579588e+01
4.734000e-05	5.406810e-04	-1.575743e+01
4.735000e-05	1.194186e-03	-1.567114e+01
4.736000e-05	2.309969e-04	-1.566162e+01
4.737000e-05	2.917031e-03	-1.563798e+01
4.738000e-05	-1.992385e-04	-1.557637e+01
4.739000e-05	1.987253e-04	-1.548171e+01
4.740000e-05	-4.833959e-04	-1.541101e+01
4.741000e-05	1.054546e-03	-1.534530e+01
4.742000e-05	1.272939e-03	-1.523959e+01
4.743000e-05	1.423324e-03	-1.512582e+01
4.744000e-05	1.161149e-03	-1.506324e+01
4.745000e-05	-2.050858e-04	-1.502798e+01
4.746000e-05	4.845085e-04	-1.487164e+01
4.747000e-05	-5.417209e-04	-1.475838e+01
4.748000e-05	1.230638e-03	-1.468271e+01
4.749000e-05	-4.594121e-04	-1.454720e+01
4.750000e-05	1.967436e-03	-1.444948e+01
4.751000e-05	-3.779030e-04	-1.429270e+01
4.752000e-05	-1.807689e-03	-1.417390e+01
4.753000e-05	-3.522306e-06	-1.400954e+01
4.754000e-05	-1.547377e-03	-1.386961e+01
4.755000e-05	3.498652e-03	-1.368477e+01
4.756000e-05	-8.162252e-04	-1.354430e+01
4.757000e-05	-8.114960e-04	-1.339838e+01
4.758000e-05	1.734086e-04	-1.323916e+01
4.759000e-05	-2.021454e-03	-1.304161e+01
4.760000e-05	1.378536e-03	-1.285370e+01
4.761000e-05	-3.054331e-03	-1.269225e+01
4.762000e-05	1.904493e-03	-1.254483e+01
4.763000e-05	-2.321288e-03	-1.234690e+01
4.764000e-05	-3.497958e-04	-1.218833e+01
4.765000e-05	-3.095903e-03	-1.194840e+01
4.766000e-05	-1.714538e-03	-1.178595e+01
4.767000e-05	-1.051644e-03	-1.149385e+01
4.768000e-05	1.489067e-04	-1.128361e+01
4.769000e-05	-1.977097e-03	-1.106004e+01
4.770000e-05	-1.090191e-03	-1.086111e+01
4.771000e-05	-3.069578e-03	-1.065166e+01
4.772000e-05	-1.781385e-03	-1.043101e+01
4.773000e-05	-2.633336e-03	-1.019958e+01
4.774000e-05	-1.857788e-03	-9.967896e+00
4.775000e-05	-1.277721e-03	-9.746825e+00
4.776000e-05	-2.517698e-03	-9.513768e+00
4.777000e-05	-2.420556e-03	-9.284768e+00
4.778000e-05	-2.695271e-03	-9.041111e+00
4.779000e-05	-2.820430e-03	-8.819405e+00
4.780000e-05	-3.039701e-03	-8.566371e+00
4.781000e-05	-2.518215e-03	-8.293690e+00
4.782000e-05	-2.023053e-03	-8.054137e+00
4.783000e-05	-3.535859e-03	-7.766002e+00
4.784000e-05	-4.243377e-03	-7.494163e+00
4.785000e-05	-3.099756e-03	-7.200505e+00
4.786000e-05	-1.935228e-03	-6.945870e+00
4.787000e-05	-2.681553e-03	-6.673663e+00
4.788000e-05	-2.550708e-03	-6.450606e+00
4.789000e-05	-4.077863e-03	-6.126800e+00
4.790000e-05	-3.315435e-03	-5.883637e+00
4.791000e-05	-4.840267e-03	-5.579429e+00
4.792000e-05	-3.413883e-03	-5.304217e+00
4.793000e-05	-4.757603e-03	-5.009377e+00
4.794000e-05	-3.125013e-03	-4.681166e+00
4.795000e-05	-3.806339e-03	-4.399503e+00
4.796000e-05	-3.258801e-03	-4.116902e+00
4.797000e-05	-4.238265e-03	-3.873690e+00
4.798000e-05	-4.457605e-03	-3.558445e+00
4.799000e-05	-4.091114e-03	-3.296263e+00
4.800000e-05	-4.973402e-03	-2.978979e+00
4.801000e-05	-3.670309e-03	-2.714838e+00
4.802000e-05	-5.152116e-03	-2.409458e+00
4.803000e-05	-4.524443e-03	-2.105717e+00
4.804000e-05	-5.289122e-03	-1.792610e+00
4.805000e-05	-3.292357e-03	-1.539949e+00
4.806000e-05	-4.672257e-03	-1.169003e+00
4.807000e-05	-3.984045e-03	-9.243896e-01
4.808000e-05	-4.682638e-03	-6.010529e-01
4.809000e-05	-2.504120e-03	-3.262196e-01
4.810000e-05	-3.101912e-03	-3.155809e-02
4.811000e-05	9.113292e-03	2.836276e-01
4.812000e-05	-7.675223e-03	5.363131e-01
4.813000e-05	6.320361e-03	8.090444e-01
4.814000e-05	-6.174599e-03	1.114660e+00
4.815000e-05	3.945479e-03	1.377369e+00
4.816000e-05	-7.765956e-03	1.694786e+00
4.817000e-05	1.501622e-02	1.978392e+00
4.818000e-05	1.458089e-02	2.177896e+00
4.819000e-05	9.432922e-02	2.432180e+00
4.820000e-05	-3.368658e-02	2.822101e+00
4.821000e-05	-5.466858e-02	3.147793e+00
4.822000e-05	-2.591739e-02	3.440978e+00
4.823000e-05	-1.344536e-02	3.725134e+00
4.824000e-05	-2.551575e-02	3.978418e+00
4.825000e-05	-2.504536e-02	4.218371e+00
4.826000e-05	5.759893e-02	4.410504e+00
4.827000e-05	3.975357e-02	4.766265e+00
4.828000e-05	-1.283686e-01	5.019110e+00
4.829000e-05	1.907043e-01	5.336315e+00
4.830000e-05	-1.615182e-01	5.629503e+00
4.831000e-05	5.218779e-02	5.924165e+00
4.832000e-05	-6.609291e-03	6.188422e+00
4.833000e-05	1.815822e-02	6.451051e+00
4.834000e-05	2.554094e-02	6.704240e+00
4.835000e-05	-7.986949e-02	6.999530e+00
4.836000e-05	4.437627e-02	7.314131e+00
4.837000e-05	-3.167756e-02	7.566924e+00
4.838000e-05	2.367394e-02	7.839081e+00
4.839000e-05	-1.934837e-02	8.127290e+00
4.840000e-05	1.592460e-04	8.389474e+00
4.841000e-05	4.124344e-02	8.649452e+00
4.842000e-05	-5.477731e-02	8.841154e+00
4.843000e-05	2.071977e-02	9.085165e+00
4.844000e-05	-1.845265e-02	9.377346e+00
4.845000e-05	1.952512e-03	9.587446e+00
4.846000e-05	1.376119e-03	9.850010e+00
4.847000e-05	-3.553571e-03	1.007158e+01
4.848000e-05	-1.468242e-03	1.027514e+01
4.849000e-05	-2.512400e-02	1.048265e+01
4.850000e-05	1.002222e-02	1.072682e+01
4.851000e-05	-7.292540e-03	1.092737e+01
4.852000e-05	4.345101e-03	1.116787e+01
4.853000e-05	-1.479599e-02	1.137841e+01
4.854000e-05	-3.731199e-03	1.163193e+01
4.855000e-05	3.326520e-03	1.185058e+01
4.856000e-05	-7.859404e-03	1.204051e+01
4.857000e-05	-1.296522e-02	1.223003e+01
4.858000e-05	-1.525620e-04	1.243995e+01
4.859000e-05	9.874296e-03	1.258045e+01
4.860000e-05	-6.096420e-03	1.277738e+01
4.861000e-05	-1.645922e-02	1.293580e+01
4.862000e-05	-7.474405e-03	1.313379e+01
4.863000e-05	-1.241532e-03	1.330421e+01
4.864000e-05	-2.746693e-03	1.347061e+01
4.865000e-05	-9.038789e-03	1.362895e+01
4.866000e-05	-2.273261e-03	1.376785e+01
4.867000e-05	-4.470317e-03	1.394430e+01
4.868000e-05	-5.651802e-03	1.412368e+01
4.869000e-05	-6.403035e-03	1.418804e+01
4.870000e-05	-7.330945e-03	1.437690e+01
4.871000e-05	-3.548663e-03	1.448471e+01
4.872000e-05	-6.613877e-03	1.466945e+01
4.873000e-05	-5.902062e-04	1.471584e+01
4.874000e-05	-1.261458e-02	1.485011e+01
4.875000e-05	-8.528770e-03	1.492634e+01
4.876000e-05	-6.415086e-03	1.505061e+01
4.877000e-05	-5.934117e-04	1.513469e+01
4.878000e-05	-5.001087e-03	1.520943e+01
4.879000e-05	-7.613829e-03	1.531267e+01
4.880000e-05	-2.519261e-03	1.537885e+01
4.881000e-05	-9.147910e-03	1.546159e+01
4.882000e-05	-5.367359e-03	1.552479e+01
4.883000e-05	-1.022876e-02	1.557785e+01
4.884000e-05	-4.274141e-03	1.563143e+01
4.885000e-05	-7.299424e-03	1.570359e+01
4.886000e-05	-4.584871e-03	1.574472e+01
4.887000e-05	-8.442125e-03	1.577580e+01
4.888000e-05	-8.423161e-03	1.578000e+01
4.889000e-05	-4.369989e-03	1.576156e+01
4.890000e-05	-4.533017e-03	1.586156e+01
4.891000e-05	-5.267651e-03	1.588166e+01
4.892000e-05	-1.076378e-02	1.585162e+01
4.893000e-05	-5.701234e-03	1.587171e+01
4.894000e-05	-8.091070e-03	1.588064e+01
4.895000e-05	-7.968565e-03	1.586269e+01
4.896000e-05	-9.044022e-03	1.581006e+01
4.897000e-05	-5.186413e-03	1.581908e+01
4.898000e-05	-4.078655e-03	1.579843e+01
4.899000e-05	-6.690696e-03	1.571840e+01
4.900000e-05	-6.343553e-03	1.573783e+01
4.901000e-05	-9.536660e-03	1.570559e+01
4.902000e-05	-7.643978e-03	1.564101e+01
4.903000e-05	-7.983332e-03	1.553946e+01
4.904000e-05	-5.143296e-03	1.548675e+01
4.905000e-05	-7.415049e-03	1.546261e+01
4.906000e-05	-7.505220e-03	1.538786e+01
4.907000e-05	-5.433554e-03	1.525475e+01
4.908000e-05	-8.759249e-03	1.521949e+01
4.909000e-05	-6.004132e-03	1.517535e+01
4.910000e-05	-9.749603e-03	1.507061e+01
4.911000e-05	-4.027073e-03	1.493687e+01
4.912000e-05	-8.356979e-03	1.485056e+01
4.913000e-05	-8.130744e-03	1.468735e+01
4.914000e-05	-8.242652e-03	1.464303e+01
4.915000e-05	-6.581152e-03	1.451427e+01
4.916000e-05	-5.455143e-03	1.438785e+01
4.917000e-05	-7.936824e-03	1.423159e+01
4.918000e-05	-6.986594e-03	1.411577e+01
4.919000e-05	-9.732542e-03	1.396740e+01
4.920000e-05	-5.937836e-03	1.381190e+01
4.921000e-05	-7.242460e-03	1.365314e+01
4.922000e-05	-6.113228e-03	1.347621e+01
4.923000e-05	-8.880106e-03	1.332732e+01
4.924000e-05	-6.028893e-03	1.314838e+01
4.925000e-05	-6.838953e-03	1.299948e+01
4.926000e-05	-6.820660e-03	1.282058e+01
4.927000e-05	-8.435994e-03	1.265151e+01
4.928000e-05	-6.506436e-03	1.250377e+01
4.929000e-05	-6.050042e-03	1.228379e+01
4.930000e-05	-5.916188e-03	1.215532e+01
4.931000e-05	-7.205691e-03	1.188472e+01
4.932000e-05	-7.735662e-03	1.168582e+01
4.933000e-05	-7.925457e-03	1.147319e+01
4.934000e-05	-5.697862e-03	1.126206e+01
4.935000e-05	-7.027720e-03	1.105314e+01
4.936000e-05	-6.131192e-03	1.088264e+01
4.937000e-05	-7.450007e-03	1.065253e+01
4.938000e-05	-5.919965e-03	1.037905e+01
4.939000e-05	-6.324819e-03	1.020995e+01
4.940000e-05	-6.541136e-03	9.956796e+00
4.941000e-05	-6.223208e-03	9.694246e+00
4.942000e-05	-5.971163e-03	9.411612e+00
4.943000e-05	-6.331292e-03	9.223080e+00
4.944000e-05	-6.843866e-03	8.970457e+00
4.945000e-05	-6.306163e-03	8.746274e+00
4.946000e-05	-6.301317e-03	8.504770e+00
4.947000e-05	-6.006304e-03	8.242662e+00
4.948000e-05	-6.297204e-03	7.958979e+00
4.949000e-05	-6.294757e-03	7.725321e+00
4.950000e-05	-6.535857e-03	7.434187e+00
4.951000e-05	-6.320360e-03	7.169447e+00
4.952000e-05	-5.930935e-03	6.916346e+00
4.953000e-05	-5.885571e-03	6.651588e+00
4.954000e-05	-6.190046e-03	6.328377e+00
4.955000e-05	-5.979665e-03	6.105266e+00
4.956000e-05	-5.908519e-03	5.843638e+00
4.957000e-05	-5.903865e-03	5.548421e+00
4.958000e-05	-6.137348e-03	5.254716e+00
4.959000e-05	-5.605010e-03	4.948767e+00
4.960000e-05	-4.998741e-03	4.643109e+00
4.961000e-05	-4.981816e-03	4.369375e+00
4.962000e-05	-5.771267e-03	4.044333e+00
4.963000e-05	-6.394254e-03	3.781478e+00
4.964000e-05	-5.679962e-03	3.488345e+00
4.965000e-05	-5.564584e-03	3.252980e+00
4.966000e-05	-5.645037e-03	2.917372e+00
4.967000e-05	-4.657910e-03	2.655684e+00
4.968000e-05	-5.084425e-03	2.328873e+00
4.969000e-05	-5.388988e-03	2.074184e+00
4.970000e-05	-5.683276e-03	1.760570e+00
4.971000e-05	-5.451900e-03	1.443238e+00
4.972000e-05	-4.938370e-03	1.119373e+00
4.973000e-05	-4.823117e-03	8.115517e-01
4.974000e-05	-5.326295e-03	5.193948e-01
4.975000e-05	-4.288764e-03	2.447582e-01
4.976000e-05	-2.285027e-03	-6.008131e-02
4.977000e-05	1.034475e-02	-3.351655e-01
4.978000e-05	-6.462423e-03	-6.059408e-01
4.979000e-05	5.709012e-03	-8.531328e-01
4.980000e-05	-6.061107e-03	-1.164240e+00
4.981000e-05	3.348735e-03	-1.490581e+00
4.982000e-05	-6.665929e-03	-1.695338e+00
4.983000e-05	2.467810e-02	-1.955371e+00
4.984000e-05	6.605511e-02	-2.197923e+00
4.985000e-05	4.448643e-02	-2.554288e+00
4.986000e-05	-1.112856e-01	-2.924792e+00
4.987000e-05	3.000690e-02	-3.312208e+00
4.988000e-05	-6.329425e-02	-3.557818e+00
4.989000e-05	-5.874438e-03	-3.794852e+00
4.990000e-05	-8.630624e-02	-4.081635e+00
4.991000e-05	2.118771e-01	-4.228029e+00
4.992000e-05	-1.495020e-01	-4.482108e+00
4.993000e-05	4.028156e-02	-4.820548e+00
4.994000e-05	1.025274e-01	-5.070504e+00
4.995000e-05	-1.834907e-01	-5.477503e+00
4.996000e-05	1.823784e-01	-5.681160e+00
4.997000e-05	-1.584816e-01	-5.934366e+00
4.998000e-05	1.332219e-01	-6.281582e+00
4.999000e-05	6.845793e-03	-6.502665e+00
