# 260410_14:45:13.573856
t	CH1	CH2
0.000000e+00	8.343092e-04	-1.148145e-01
1.000000e-08	8.673915e-03	-3.690012e-01
2.000000e-08	-6.858340e-03	-6.733646e-01
3.000000e-08	5.606116e-03	-9.364459e-01
4.000000e-08	-6.735655e-03	-1.190628e+00
5.000000e-08	2.925815e-03	-1.546916e+00
6.000000e-08	-4.210110e-04	-1.800074e+00
7.000000e-08	2.954587e-02	-1.990499e+00
8.000000e-08	9.016609e-02	-2.222836e+00
9.000000e-08	-2.871764e-02	-2.661758e+00
1.000000e-07	-5.654515e-02	-3.043709e+00
1.100000e-07	-5.561431e-03	-3.399471e+00
1.200000e-07	-2.837517e-02	-3.572445e+00
1.300000e-07	-5.169447e-02	-3.822304e+00
1.400000e-07	3.098435e-03	-4.084211e+00
1.500000e-07	1.660132e-01	-4.263733e+00
1.600000e-07	-1.998106e-01	-4.529496e+00
1.700000e-07	1.640291e-01	-4.824680e+00
1.800000e-07	-5.786232e-02	-5.108412e+00
1.900000e-07	-5.980469e-02	-5.507367e+00
2.000000e-07	1.055792e-01	-5.728915e+00
2.100000e-07	-1.371918e-01	-6.032678e+00
2.200000e-07	1.748113e-01	-6.286918e+00
2.300000e-07	-9.994788e-02	-6.548971e+00
2.400000e-07	1.058979e-03	-6.885711e+00
2.500000e-07	4.317633e-02	-7.129944e+00
2.600000e-07	-1.010653e-01	-7.425157e+00
2.700000e-07	1.293449e-01	-7.677886e+00
2.800000e-07	-1.145969e-01	-7.972073e+00
2.900000e-07	1.354912e-01	-8.203631e+00
3.000000e-07	-7.989091e-02	-8.436760e+00
3.100000e-07	-1.989275e-03	-8.759000e+00
3.200000e-07	4.309236e-02	-8.990649e+00
3.300000e-07	-5.970862e-02	-9.215154e+00
3.400000e-07	7.974365e-02	-9.467314e+00
3.500000e-07	-8.678730e-02	-9.698416e+00
3.600000e-07	8.683982e-02	-9.908966e+00
3.700000e-07	-6.119921e-02	-1.012254e+01
3.800000e-07	3.791744e-02	-1.035165e+01
3.900000e-07	-2.524903e-02	-1.057220e+01
4.000000e-07	1.192212e-02	-1.082520e+01
4.100000e-07	1.644449e-02	-1.103580e+01
4.200000e-07	-2.438886e-02	-1.115733e+01
4.300000e-07	3.379188e-02	-1.146879e+01
4.400000e-07	-3.122501e-02	-1.171844e+01
4.500000e-07	2.475150e-02	-1.188992e+01
4.600000e-07	-3.176655e-02	-1.207947e+01
4.700000e-07	4.256895e-02	-1.231942e+01
4.800000e-07	-1.356025e-02	-1.248834e+01
4.900000e-07	1.284567e-02	-1.266689e+01
5.000000e-07	-1.945251e-02	-1.283576e+01
5.100000e-07	1.210935e-02	-1.301618e+01
5.200000e-07	-2.638121e-03	-1.318358e+01
5.300000e-07	8.562385e-04	-1.338099e+01
5.400000e-07	4.535334e-03	-1.346989e+01
5.500000e-07	7.269850e-04	-1.363787e+01
5.600000e-07	5.136145e-03	-1.381615e+01
5.700000e-07	-5.440273e-03	-1.397555e+01
5.800000e-07	1.067888e-02	-1.412241e+01
5.900000e-07	-4.103992e-03	-1.422986e+01
6.000000e-07	5.122622e-03	-1.433413e+01
6.100000e-07	-6.731203e-04	-1.451137e+01
6.200000e-07	7.262893e-03	-1.461628e+01
6.300000e-07	-6.038184e-03	-1.472292e+01
6.400000e-07	-9.898917e-04	-1.484768e+01
6.500000e-07	2.530850e-03	-1.492154e+01
6.600000e-07	5.704124e-03	-1.500679e+01
6.700000e-07	4.024613e-03	-1.512192e+01
6.800000e-07	1.883301e-04	-1.518415e+01
6.900000e-07	8.356518e-04	-1.526939e+01
7.000000e-07	-1.392757e-03	-1.535158e+01
7.100000e-07	3.009314e-03	-1.541568e+01
7.200000e-07	3.112562e-03	-1.549992e+01
7.300000e-07	6.740012e-04	-1.553509e+01
7.400000e-07	2.323455e-04	-1.561715e+01
7.500000e-07	1.469120e-03	-1.565888e+01
7.600000e-07	2.221154e-03	-1.569031e+01
7.700000e-07	-6.309178e-04	-1.567042e+01
7.800000e-07	2.852638e-03	-1.575462e+01
7.900000e-07	2.126739e-03	-1.578616e+01
8.000000e-07	2.260493e-03	-1.578663e+01
8.100000e-07	8.614422e-05	-1.579716e+01
8.200000e-07	-6.423545e-05	-1.580678e+01
8.300000e-07	7.037912e-05	-1.581763e+01
8.400000e-07	1.402100e-04	-1.580466e+01
8.500000e-07	2.611880e-03	-1.578563e+01
8.600000e-07	1.877082e-03	-1.576560e+01
8.700000e-07	9.019696e-04	-1.576310e+01
8.800000e-07	-4.612733e-04	-1.572204e+01
8.900000e-07	1.046425e-03	-1.569192e+01
9.000000e-07	1.542293e-03	-1.562776e+01
9.100000e-07	6.635318e-05	-1.562667e+01
9.200000e-07	1.051739e-03	-1.555302e+01
9.300000e-07	1.668701e-03	-1.551249e+01
9.400000e-07	6.752783e-04	-1.544770e+01
9.500000e-07	-7.382902e-04	-1.535505e+01
9.600000e-07	9.827327e-04	-1.529839e+01
9.700000e-07	2.182072e-04	-1.520471e+01
9.800000e-07	3.221429e-04	-1.509190e+01
9.900000e-07	1.061121e-03	-1.499826e+01
1.000000e-06	1.865666e-03	-1.496200e+01
1.010000e-06	-1.437414e-03	-1.486776e+01
1.020000e-06	-1.261829e-03	-1.472193e+01
1.030000e-06	-4.289829e-04	-1.465628e+01
1.040000e-06	9.063899e-04	-1.451004e+01
1.050000e-06	2.047906e-03	-1.440663e+01
1.060000e-06	2.238486e-04	-1.428883e+01
1.070000e-06	-5.149425e-04	-1.414252e+01
1.080000e-06	-1.179524e-03	-1.399760e+01
1.090000e-06	3.298239e-04	-1.383933e+01
1.100000e-06	-9.994948e-04	-1.370989e+01
1.110000e-06	-1.102719e-03	-1.353145e+01
1.120000e-06	-1.045931e-03	-1.335565e+01
1.130000e-06	2.835920e-04	-1.320560e+01
1.140000e-06	-4.457267e-04	-1.308878e+01
1.150000e-06	-7.559576e-04	-1.290087e+01
1.160000e-06	-1.818829e-04	-1.272244e+01
1.170000e-06	-9.836018e-04	-1.257255e+01
1.180000e-06	-1.795230e-03	-1.237655e+01
1.190000e-06	-1.425536e-03	-1.222360e+01
1.200000e-06	-1.689677e-03	-1.196418e+01
1.210000e-06	-1.970769e-03	-1.177355e+01
1.220000e-06	-1.887371e-03	-1.154205e+01
1.230000e-06	8.930346e-04	-1.133041e+01
1.240000e-06	-1.156333e-03	-1.108184e+01
1.250000e-06	-1.511097e-03	-1.083884e+01
1.260000e-06	-1.218638e-03	-1.071829e+01
1.270000e-06	-1.249366e-03	-1.052971e+01
1.280000e-06	-2.678720e-03	-1.020723e+01
1.290000e-06	-2.023981e-03	-1.001715e+01
1.300000e-06	-3.808812e-04	-9.774579e+00
1.310000e-06	-7.792215e-04	-9.553001e+00
1.320000e-06	-2.166613e-03	-9.330847e+00
1.330000e-06	-3.046839e-03	-9.099338e+00
1.340000e-06	-2.074796e-03	-8.897284e+00
1.350000e-06	-1.921561e-03	-8.626129e+00
1.360000e-06	-2.166150e-03	-8.361895e+00
1.370000e-06	-2.211224e-03	-8.139317e+00
1.380000e-06	-2.919625e-03	-7.897709e+00
1.390000e-06	-3.187653e-03	-7.552446e+00
1.400000e-06	-3.570533e-03	-7.328291e+00
1.410000e-06	-2.025511e-03	-7.005579e+00
1.420000e-06	-3.872537e-03	-6.731395e+00
1.430000e-06	-2.834716e-03	-6.557313e+00
1.440000e-06	-3.850861e-03	-6.245430e+00
1.450000e-06	-1.922597e-03	-5.960317e+00
1.460000e-06	-5.053196e-03	-5.696762e+00
1.470000e-06	-1.827468e-03	-5.344002e+00
1.480000e-06	-4.239095e-03	-5.127266e+00
1.490000e-06	-1.812065e-03	-4.760392e+00
1.500000e-06	-4.623385e-03	-4.444114e+00
1.510000e-06	-3.509241e-03	-4.234180e+00
1.520000e-06	-5.461567e-03	-3.989443e+00
1.530000e-06	-3.762535e-03	-3.647229e+00
1.540000e-06	-5.115631e-03	-3.411501e+00
1.550000e-06	-4.910741e-03	-3.108762e+00
1.560000e-06	-5.006597e-03	-2.831576e+00
1.570000e-06	-3.320460e-03	-2.507670e+00
1.580000e-06	-5.022613e-03	-2.214079e+00
1.590000e-06	-3.936991e-03	-1.927821e+00
1.600000e-06	-5.881792e-03	-1.602609e+00
1.610000e-06	-5.677542e-03	-1.297317e+00
1.620000e-06	-3.958751e-03	-1.021550e+00
1.630000e-06	-6.948175e-03	-7.488684e-01
1.640000e-06	-5.986628e-04	-4.215002e-01
1.650000e-06	-4.690711e-03	-1.583184e-01
1.660000e-06	4.713345e-03	1.148895e-01
1.670000e-06	-2.068941e-04	4.231540e-01
1.680000e-06	-3.628585e-03	6.841867e-01
1.690000e-06	1.646584e-03	9.273709e-01
1.700000e-06	-4.875934e-03	1.264208e+00
1.710000e-06	-1.101159e-04	1.527925e+00
1.720000e-06	1.843999e-04	1.843632e+00
1.730000e-06	1.522892e-02	2.054209e+00
1.740000e-06	5.048810e-02	2.336841e+00
1.750000e-06	5.993428e-02	2.662863e+00
1.760000e-06	-8.682777e-02	3.009579e+00
1.770000e-06	-1.618746e-02	3.236709e+00
1.780000e-06	-3.901360e-02	3.582525e+00
1.790000e-06	2.288189e-03	3.843705e+00
1.800000e-06	-5.446048e-02	4.054736e+00
1.810000e-06	1.896001e-02	4.316916e+00
1.820000e-06	8.622796e-02	4.620026e+00
1.830000e-06	-1.072362e-01	4.948263e+00
1.840000e-06	7.488262e-02	5.201552e+00
1.850000e-06	3.591416e-02	5.497391e+00
1.860000e-06	-1.129270e-01	5.752523e+00
1.870000e-06	7.663333e-02	6.064159e+00
1.880000e-06	-4.218887e-02	6.288398e+00
1.890000e-06	5.989198e-02	6.552020e+00
1.900000e-06	-4.993582e-02	6.846312e+00
1.910000e-06	-1.766744e-02	7.128417e+00
1.920000e-06	2.742817e-02	7.433712e+00
1.930000e-06	-3.629056e-02	7.739288e+00
1.940000e-06	4.117635e-02	7.952672e+00
1.950000e-06	-4.787613e-02	8.256335e+00
1.960000e-06	5.234019e-02	8.487864e+00
1.970000e-06	-2.628732e-02	8.688393e+00
1.980000e-06	-1.888840e-02	8.991024e+00
1.990000e-06	2.190081e-02	9.204579e+00
2.000000e-06	-3.281678e-02	9.425682e+00
2.010000e-06	2.777861e-02	9.667338e+00
2.020000e-06	-3.071796e-02	9.898992e+00
2.030000e-06	2.767907e-02	1.012999e+01
2.040000e-06	-3.593829e-02	1.032410e+01
2.050000e-06	1.054232e-02	1.061370e+01
2.060000e-06	-1.093610e-02	1.084623e+01
2.070000e-06	2.617797e-03	1.102476e+01
2.080000e-06	-2.061159e-03	1.120623e+01
2.090000e-06	-1.592155e-02	1.148934e+01
2.100000e-06	9.063875e-03	1.165092e+01
2.110000e-06	-1.433890e-02	1.188832e+01
2.120000e-06	2.002403e-03	1.209934e+01
2.130000e-06	-1.690229e-02	1.227029e+01
2.140000e-06	1.609400e-02	1.245936e+01
2.150000e-06	-8.419785e-03	1.264821e+01
2.160000e-06	-7.000192e-03	1.280571e+01
2.170000e-06	-1.373949e-02	1.301451e+01
2.180000e-06	-3.092546e-04	1.314253e+01
2.190000e-06	-1.828046e-03	1.330297e+01
2.200000e-06	-1.172443e-02	1.349140e+01
2.210000e-06	-1.813971e-03	1.362670e+01
2.220000e-06	-6.740019e-03	1.376423e+01
2.230000e-06	1.516989e-03	1.395197e+01
2.240000e-06	-1.114430e-02	1.414299e+01
2.250000e-06	-2.912993e-03	1.427931e+01
2.260000e-06	-8.814997e-03	1.436510e+01
2.270000e-06	-3.636696e-03	1.450147e+01
2.280000e-06	-5.347875e-03	1.458566e+01
2.290000e-06	-9.416578e-03	1.473300e+01
2.300000e-06	-9.329920e-03	1.481524e+01
2.310000e-06	-9.049601e-03	1.497350e+01
2.320000e-06	1.317168e-03	1.503776e+01
2.330000e-06	-7.314815e-03	1.509447e+01
2.340000e-06	-5.404779e-03	1.515605e+01
2.350000e-06	-8.246920e-03	1.528884e+01
2.360000e-06	-3.065658e-03	1.532410e+01
2.370000e-06	-7.380859e-03	1.540821e+01
2.380000e-06	-7.760572e-03	1.551841e+01
2.390000e-06	-7.598104e-03	1.551247e+01
2.400000e-06	-7.889450e-03	1.556474e+01
2.410000e-06	-4.070139e-03	1.563674e+01
2.420000e-06	-8.270843e-03	1.569884e+01
2.430000e-06	-7.396460e-03	1.573145e+01
2.440000e-06	-8.989366e-03	1.573048e+01
2.450000e-06	-2.727897e-03	1.580355e+01
2.460000e-06	-5.045940e-03	1.581660e+01
2.470000e-06	-8.886752e-03	1.579763e+01
2.480000e-06	-8.030923e-03	1.578513e+01
2.490000e-06	-6.440060e-03	1.581678e+01
2.500000e-06	-5.658670e-03	1.576516e+01
2.510000e-06	-9.115689e-03	1.579613e+01
2.520000e-06	-7.086788e-03	1.577500e+01
2.530000e-06	-6.648061e-03	1.577455e+01
2.540000e-06	-5.095707e-03	1.572094e+01
2.550000e-06	-8.059432e-03	1.569084e+01
2.560000e-06	-7.103899e-03	1.561674e+01
2.570000e-06	-6.923151e-03	1.555661e+01
2.580000e-06	-6.814167e-03	1.554452e+01
2.590000e-06	-5.766122e-03	1.550274e+01
2.600000e-06	-7.309005e-03	1.544716e+01
2.610000e-06	-7.498510e-03	1.536457e+01
2.620000e-06	-7.427513e-03	1.525234e+01
2.630000e-06	-5.690627e-03	1.519563e+01
2.640000e-06	-6.535381e-03	1.510442e+01
2.650000e-06	-7.885112e-03	1.503663e+01
2.660000e-06	-6.150851e-03	1.492244e+01
2.670000e-06	-7.689441e-03	1.480568e+01
2.680000e-06	-6.608752e-03	1.470132e+01
2.690000e-06	-8.980764e-03	1.464611e+01
2.700000e-06	-5.892448e-03	1.446179e+01
2.710000e-06	-6.728787e-03	1.438505e+01
2.720000e-06	-5.235531e-03	1.423026e+01
2.730000e-06	-7.780384e-03	1.412192e+01
2.740000e-06	-7.262782e-03	1.395456e+01
2.750000e-06	-8.331079e-03	1.382761e+01
2.760000e-06	-6.729029e-03	1.367987e+01
2.770000e-06	-7.033597e-03	1.345937e+01
2.780000e-06	-6.934408e-03	1.334295e+01
2.790000e-06	-6.338665e-03	1.317516e+01
2.800000e-06	-6.321798e-03	1.305726e+01
2.810000e-06	-6.530913e-03	1.286881e+01
2.820000e-06	-7.704122e-03	1.268837e+01
2.830000e-06	-6.862714e-03	1.253134e+01
2.840000e-06	-6.023033e-03	1.228337e+01
2.850000e-06	-6.732504e-03	1.219342e+01
2.860000e-06	-7.041538e-03	1.193397e+01
2.870000e-06	-8.574968e-03	1.176290e+01
2.880000e-06	-7.036946e-03	1.148237e+01
2.890000e-06	-6.860368e-03	1.131029e+01
2.900000e-06	-6.249689e-03	1.110829e+01
2.910000e-06	-6.706697e-03	1.091031e+01
2.920000e-06	-5.727900e-03	1.069974e+01
2.930000e-06	-7.455862e-03	1.040769e+01
2.940000e-06	-7.572786e-03	1.021608e+01
2.950000e-06	-6.724467e-03	1.002498e+01
2.960000e-06	-6.309475e-03	9.763905e+00
2.970000e-06	-6.020014e-03	9.509445e+00
2.980000e-06	-7.205184e-03	9.296816e+00
2.990000e-06	-7.202439e-03	9.057636e+00
3.000000e-06	-6.216071e-03	8.814124e+00
3.010000e-06	-6.435955e-03	8.541953e+00
3.020000e-06	-7.070566e-03	8.338871e+00
3.030000e-06	-5.882256e-03	8.068266e+00
3.040000e-06	-5.795493e-03	7.824555e+00
3.050000e-06	-6.075318e-03	7.551449e+00
3.060000e-06	-7.011381e-03	7.247231e+00
3.070000e-06	-7.020097e-03	6.973529e+00
3.080000e-06	-5.289326e-03	6.768870e+00
3.090000e-06	-6.908327e-03	6.456708e+00
3.100000e-06	-6.439165e-03	6.211498e+00
3.110000e-06	-6.616515e-03	5.959396e+00
3.120000e-06	-5.581588e-03	5.704112e+00
3.130000e-06	-5.880202e-03	5.382976e+00
3.140000e-06	-5.809649e-03	5.077161e+00
3.150000e-06	-5.475170e-03	4.739366e+00
3.160000e-06	-5.803560e-03	4.463187e+00
3.170000e-06	-5.648528e-03	4.223023e+00
3.180000e-06	-5.669765e-03	3.886787e+00
3.190000e-06	-5.884533e-03	3.623053e+00
3.200000e-06	-5.909219e-03	3.319446e+00
3.210000e-06	-6.064798e-03	3.054131e+00
3.220000e-06	-5.295623e-03	2.810474e+00
3.230000e-06	-4.654932e-03	2.475650e+00
3.240000e-06	-4.856195e-03	2.208899e+00
3.250000e-06	-5.166430e-03	1.896743e+00
3.260000e-06	-4.793989e-03	1.629979e+00
3.270000e-06	-4.789731e-03	1.286762e+00
3.280000e-06	-4.285893e-03	9.298474e-01
3.290000e-06	-4.315329e-03	6.841056e-01
3.300000e-06	-3.988016e-03	3.795010e-01
3.310000e-06	-2.766592e-03	7.518044e-02
3.320000e-06	3.403354e-03	-2.184999e-01
3.330000e-06	3.936571e-03	-4.220266e-01
3.340000e-06	-4.433101e-03	-7.584909e-01
3.350000e-06	2.853641e-03	-1.000106e+00
3.360000e-06	-3.001807e-03	-1.254887e+00
3.370000e-06	1.667037e-03	-1.591081e+00
3.380000e-06	6.894295e-03	-1.841157e+00
3.390000e-06	3.654918e-02	-2.043786e+00
3.400000e-06	9.578652e-02	-2.357046e+00
3.410000e-06	-8.037261e-02	-2.735915e+00
3.420000e-06	-1.517439e-02	-3.117441e+00
3.430000e-06	-3.585953e-02	-3.413100e+00
3.440000e-06	-7.471717e-03	-3.634657e+00
3.450000e-06	-8.737621e-02	-3.915868e+00
3.460000e-06	9.263306e-02	-4.136890e+00
3.470000e-06	8.229865e-02	-4.304914e+00
3.480000e-06	-1.656119e-01	-4.633189e+00
3.490000e-06	2.049070e-01	-4.927815e+00
3.500000e-06	-1.521565e-01	-5.233633e+00
3.510000e-06	5.500360e-02	-5.541470e+00
3.520000e-06	9.835675e-03	-5.759474e+00
3.530000e-06	-7.059910e-02	-6.086907e+00
3.540000e-06	1.598912e-01	-6.320576e+00
3.550000e-06	-1.470828e-01	-6.604653e+00
3.560000e-06	7.648062e-02	-6.908966e+00
3.570000e-06	-3.637109e-02	-7.191582e+00
3.580000e-06	-2.880540e-02	-7.509438e+00
3.590000e-06	8.424307e-02	-7.720974e+00
3.600000e-06	-9.469941e-02	-8.025337e+00
3.610000e-06	1.478398e-01	-8.277262e+00
3.620000e-06	-1.365479e-01	-8.519965e+00
3.630000e-06	6.970732e-02	-8.814103e+00
3.640000e-06	-2.219805e-02	-9.044205e+00
3.650000e-06	-2.827540e-03	-9.297291e+00
3.660000e-06	3.748381e-02	-9.469474e+00
3.670000e-06	-6.044395e-02	-9.731020e+00
3.680000e-06	8.068458e-02	-9.971525e+00
3.690000e-06	-7.509685e-02	-1.022328e+01
3.700000e-06	5.990073e-02	-1.045686e+01
3.710000e-06	-5.165878e-02	-1.064731e+01
3.720000e-06	4.738638e-02	-1.088876e+01
3.730000e-06	-1.819713e-02	-1.104942e+01
3.740000e-06	4.513344e-03	-1.130934e+01
3.750000e-06	1.046867e-02	-1.151887e+01
3.760000e-06	-1.642863e-02	-1.175150e+01
3.770000e-06	1.252013e-02	-1.194060e+01
3.780000e-06	-2.066063e-02	-1.212302e+01
3.790000e-06	4.063586e-02	-1.231252e+01
3.800000e-06	-1.811778e-02	-1.257097e+01
3.810000e-06	1.438000e-02	-1.270042e+01
3.820000e-06	-2.216725e-02	-1.288879e+01
3.830000e-06	1.977561e-02	-1.304671e+01
3.840000e-06	-9.058829e-03	-1.319470e+01
3.850000e-06	8.628063e-03	-1.334365e+01
3.860000e-06	-2.001802e-03	-1.350994e+01
3.870000e-06	5.690622e-03	-1.368939e+01
3.880000e-06	-1.064371e-03	-1.384531e+01
3.890000e-06	7.902026e-04	-1.399623e+01
3.900000e-06	6.787289e-03	-1.414305e+01
3.910000e-06	-1.041456e-03	-1.426887e+01
3.920000e-06	3.885105e-03	-1.437618e+01
3.930000e-06	9.371620e-04	-1.455152e+01
3.940000e-06	4.445928e-03	-1.466086e+01
3.950000e-06	-6.414133e-03	-1.471300e+01
3.960000e-06	7.453891e-04	-1.488933e+01
3.970000e-06	2.986604e-03	-1.495352e+01
3.980000e-06	5.496357e-03	-1.504889e+01
3.990000e-06	2.700531e-03	-1.511050e+01
4.000000e-06	1.662001e-03	-1.521531e+01
4.010000e-06	-4.183561e-04	-1.527102e+01
4.020000e-06	2.007567e-04	-1.536413e+01
4.030000e-06	2.793503e-03	-1.545876e+01
4.040000e-06	3.194572e-03	-1.544997e+01
4.050000e-06	-2.571975e-07	-1.554460e+01
4.060000e-06	-1.428066e-04	-1.558668e+01
4.070000e-06	1.120344e-03	-1.566130e+01
4.080000e-06	1.316009e-03	-1.570134e+01
4.090000e-06	1.717134e-03	-1.573305e+01
4.100000e-06	3.246290e-03	-1.574400e+01
4.110000e-06	1.806558e-03	-1.579558e+01
4.120000e-06	4.413700e-04	-1.577768e+01
4.130000e-06	5.966165e-04	-1.582525e+01
4.140000e-06	-1.228442e-05	-1.581818e+01
4.150000e-06	-3.659109e-04	-1.580568e+01
4.160000e-06	3.416983e-04	-1.579670e+01
4.170000e-06	2.918866e-03	-1.578560e+01
4.180000e-06	3.028335e-03	-1.576415e+01
4.190000e-06	-4.678415e-04	-1.575405e+01
4.200000e-06	-2.719308e-04	-1.576142e+01
4.210000e-06	9.072902e-05	-1.566941e+01
4.220000e-06	9.570125e-04	-1.562775e+01
4.230000e-06	-1.717362e-05	-1.561610e+01
4.240000e-06	1.155708e-03	-1.553447e+01
4.250000e-06	8.846391e-04	-1.547094e+01
4.260000e-06	-4.400569e-04	-1.541918e+01
4.270000e-06	4.577243e-04	-1.537112e+01
4.280000e-06	1.578672e-03	-1.527842e+01
4.290000e-06	-3.837681e-04	-1.519510e+01
4.300000e-06	-3.238380e-04	-1.509151e+01
4.310000e-06	7.512556e-04	-1.500566e+01
4.320000e-06	-1.229229e-04	-1.495302e+01
4.330000e-06	-2.196911e-04	-1.485773e+01
4.340000e-06	-1.160306e-03	-1.469097e+01
4.350000e-06	1.010187e-03	-1.462721e+01
4.360000e-06	1.282028e-03	-1.446791e+01
4.370000e-06	1.449081e-03	-1.435461e+01
4.380000e-06	-5.737966e-04	-1.421829e+01
4.390000e-06	-1.447866e-03	-1.413034e+01
4.400000e-06	-9.630834e-04	-1.397408e+01
4.410000e-06	7.926634e-05	-1.380821e+01
4.420000e-06	9.353526e-04	-1.371724e+01
4.430000e-06	-9.759191e-04	-1.349139e+01
4.440000e-06	-9.214804e-04	-1.337300e+01
4.450000e-06	-9.620810e-04	-1.318567e+01
4.460000e-06	-3.213597e-04	-1.303721e+01
4.470000e-06	-9.453043e-04	-1.287824e+01
4.480000e-06	-1.919656e-05	-1.267979e+01
4.490000e-06	5.599867e-04	-1.247992e+01
4.500000e-06	-3.527070e-04	-1.234994e+01
4.510000e-06	-2.386007e-03	-1.215146e+01
4.520000e-06	-1.753111e-03	-1.189135e+01
4.530000e-06	-2.337501e-03	-1.173192e+01
4.540000e-06	-3.004801e-04	-1.150231e+01
4.550000e-06	-6.989499e-04	-1.127721e+01
4.560000e-06	-2.523186e-04	-1.098925e+01
4.570000e-06	-1.607363e-03	-1.082666e+01
4.580000e-06	-1.810839e-03	-1.064546e+01
4.590000e-06	-2.071428e-03	-1.044713e+01
4.600000e-06	-2.158095e-03	-1.019448e+01
4.610000e-06	-1.788699e-03	-9.953467e+00
4.620000e-06	-1.407874e-03	-9.751421e+00
4.630000e-06	-2.013897e-03	-9.521348e+00
4.640000e-06	-2.172610e-03	-9.257186e+00
4.650000e-06	-1.727086e-03	-9.064233e+00
4.660000e-06	-2.205564e-03	-8.803181e+00
4.670000e-06	-2.816639e-03	-8.580887e+00
4.680000e-06	-2.636751e-03	-8.328861e+00
4.690000e-06	-2.301714e-03	-8.056703e+00
4.700000e-06	-3.387873e-03	-7.823505e+00
4.710000e-06	-3.238064e-03	-7.486816e+00
4.720000e-06	-3.109435e-03	-7.234679e+00
4.730000e-06	-2.212826e-03	-6.929025e+00
4.740000e-06	-3.991660e-03	-6.666712e+00
4.750000e-06	-2.441738e-03	-6.462682e+00
4.760000e-06	-3.415154e-03	-6.169392e+00
4.770000e-06	-2.987528e-03	-5.916766e+00
4.780000e-06	-4.671283e-03	-5.633504e+00
4.790000e-06	-2.187755e-03	-5.336213e+00
4.800000e-06	-4.380359e-03	-5.012501e+00
4.810000e-06	-3.002708e-03	-4.705788e+00
4.820000e-06	-4.956828e-03	-4.423002e+00
4.830000e-06	-3.823728e-03	-4.200449e+00
4.840000e-06	-3.961772e-03	-3.947687e+00
4.850000e-06	-4.927643e-03	-3.601500e+00
4.860000e-06	-4.536665e-03	-3.348391e+00
4.870000e-06	-5.516696e-03	-3.023530e+00
4.880000e-06	-4.278484e-03	-2.768790e+00
4.890000e-06	-4.024730e-03	-2.483133e+00
4.900000e-06	-4.060504e-03	-2.107717e+00
4.910000e-06	-5.852959e-03	-1.854111e+00
4.920000e-06	-4.311044e-03	-1.642476e+00
4.930000e-06	-5.161896e-03	-1.254106e+00
4.940000e-06	-3.290663e-03	-9.253659e-01
4.950000e-06	-6.272735e-03	-6.845593e-01
4.960000e-06	-4.182628e-03	-3.688910e-01
4.970000e-06	-3.996014e-03	-1.037030e-01
4.980000e-06	7.830907e-03	2.210025e-01
4.990000e-06	-3.373643e-03	4.642357e-01
5.000000e-06	5.829222e-04	7.869421e-01
5.010000e-06	-3.023925e-03	1.032152e+00
5.020000e-06	6.025438e-04	1.336816e+00
5.030000e-06	-4.228042e-03	1.613310e+00
5.040000e-06	5.928476e-03	1.905842e+00
5.050000e-06	1.300535e-02	2.119366e+00
5.060000e-06	7.063705e-02	2.399605e+00
5.070000e-06	1.829477e-02	2.759474e+00
5.080000e-06	-7.731889e-02	3.087812e+00
5.090000e-06	-1.521969e-02	3.329946e+00
5.100000e-06	-2.806503e-02	3.643682e+00
5.110000e-06	-5.531055e-03	3.915394e+00
5.120000e-06	-4.508072e-02	4.098841e+00
5.130000e-06	3.712839e-02	4.372025e+00
5.140000e-06	6.981255e-02	4.693310e+00
5.150000e-06	-1.387810e-01	4.960526e+00
5.160000e-06	1.527667e-01	5.212757e+00
5.170000e-06	-7.509348e-02	5.580521e+00
5.180000e-06	-2.960281e-02	5.822733e+00
5.190000e-06	3.935443e-02	6.088865e+00
5.200000e-06	-1.628520e-02	6.349895e+00
5.210000e-06	4.680304e-02	6.612757e+00
5.220000e-06	-6.768538e-02	6.920471e+00
5.230000e-06	1.634974e-02	7.244080e+00
5.240000e-06	-4.125981e-03	7.488942e+00
5.250000e-06	-1.077522e-02	7.733005e+00
5.260000e-06	1.649464e-02	8.005891e+00
5.270000e-06	-3.060406e-02	8.316971e+00
5.280000e-06	5.097262e-02	8.518920e+00
5.290000e-06	-4.149171e-02	8.793025e+00
5.300000e-06	4.976312e-03	9.004634e+00
5.310000e-06	4.028472e-03	9.279365e+00
5.320000e-06	-2.157264e-02	9.499370e+00
5.330000e-06	1.674005e-02	9.689940e+00
5.340000e-06	-2.212810e-02	9.993050e+00
5.350000e-06	1.852424e-02	1.019216e+01
5.360000e-06	-3.288227e-02	1.044568e+01
5.370000e-06	1.353428e-02	1.063682e+01
5.380000e-06	-1.166768e-02	1.085731e+01
5.390000e-06	3.522362e-03	1.108876e+01
5.400000e-06	-4.938850e-03	1.133042e+01
5.410000e-06	-1.222539e-02	1.156097e+01
5.420000e-06	9.305572e-03	1.176300e+01
5.430000e-06	-1.503451e-02	1.192298e+01
5.440000e-06	-1.181748e-03	1.214397e+01
5.450000e-06	-1.304875e-02	1.232947e+01
5.460000e-06	1.346202e-02	1.250940e+01
5.470000e-06	-8.877831e-03	1.266937e+01
5.480000e-06	-1.085410e-02	1.283733e+01
5.490000e-06	-8.576301e-03	1.305526e+01
5.500000e-06	-2.782848e-03	1.317626e+01
5.510000e-06	-1.878467e-03	1.336207e+01
5.520000e-06	-1.326900e-02	1.352244e+01
5.530000e-06	-3.823423e-05	1.366884e+01
5.540000e-06	-6.472310e-03	1.381679e+01
5.550000e-06	-1.398512e-03	1.394573e+01
5.560000e-06	-8.727301e-03	1.412252e+01
5.570000e-06	-5.249269e-03	1.429089e+01
5.580000e-06	-6.569166e-03	1.442574e+01
5.590000e-06	-5.705635e-03	1.454202e+01
5.600000e-06	-2.478937e-03	1.469671e+01
5.610000e-06	-1.183930e-02	1.477300e+01
5.620000e-06	-8.304708e-03	1.485826e+01
5.630000e-06	-7.618621e-03	1.497400e+01
5.640000e-06	4.319343e-04	1.504621e+01
5.650000e-06	-6.564256e-03	1.511200e+01
5.660000e-06	-6.948836e-03	1.519808e+01
5.670000e-06	-5.307515e-03	1.529089e+01
5.680000e-06	-6.177462e-03	1.537568e+01
5.690000e-06	-6.248400e-03	1.542813e+01
5.700000e-06	-9.709897e-03	1.553124e+01
5.710000e-06	-6.063041e-03	1.557250e+01
5.720000e-06	-8.092479e-03	1.558576e+01
5.730000e-06	-4.129366e-03	1.563879e+01
5.740000e-06	-8.781937e-03	1.563992e+01
5.750000e-06	-8.449904e-03	1.571092e+01
5.760000e-06	-6.518306e-03	1.574408e+01
5.770000e-06	-3.356918e-03	1.577568e+01
5.780000e-06	-4.577821e-03	1.579622e+01
5.790000e-06	-9.490765e-03	1.580661e+01
5.800000e-06	-6.520256e-03	1.580665e+01
5.810000e-06	-7.249226e-03	1.582665e+01
5.820000e-06	-6.511532e-03	1.579720e+01
5.830000e-06	-8.853863e-03	1.580568e+01
5.840000e-06	-5.748639e-03	1.577300e+01
5.850000e-06	-6.088806e-03	1.574305e+01
5.860000e-06	-6.612578e-03	1.566997e+01
5.870000e-06	-7.463114e-03	1.569779e+01
5.880000e-06	-7.670201e-03	1.562779e+01
5.890000e-06	-5.951369e-03	1.555503e+01
5.900000e-06	-7.918482e-03	1.550345e+01
5.910000e-06	-5.242819e-03	1.549881e+01
5.920000e-06	-8.348128e-03	1.542663e+01
5.930000e-06	-8.270697e-03	1.536497e+01
5.940000e-06	-7.489534e-03	1.525931e+01
5.950000e-06	-6.813685e-03	1.518553e+01
5.960000e-06	-6.738801e-03	1.509241e+01
5.970000e-06	-8.248058e-03	1.502770e+01
5.980000e-06	-5.491695e-03	1.488134e+01
5.990000e-06	-6.785816e-03	1.482418e+01
6.000000e-06	-6.672283e-03	1.467284e+01
6.010000e-06	-9.372668e-03	1.461408e+01
6.020000e-06	-5.286946e-03	1.448879e+01
6.030000e-06	-6.809635e-03	1.435500e+01
6.040000e-06	-5.739356e-03	1.422616e+01
6.050000e-06	-7.522070e-03	1.406884e+01
6.060000e-06	-7.602215e-03	1.394287e+01
6.070000e-06	-6.830549e-03	1.378410e+01
6.080000e-06	-7.335829e-03	1.361666e+01
6.090000e-06	-6.654822e-03	1.347781e+01
6.100000e-06	-7.474498e-03	1.331039e+01
6.110000e-06	-6.069762e-03	1.317343e+01
6.120000e-06	-7.837392e-03	1.300358e+01
6.130000e-06	-6.901652e-03	1.280718e+01
6.140000e-06	-6.984826e-03	1.263778e+01
6.150000e-06	-6.825546e-03	1.248927e+01
6.160000e-06	-6.320628e-03	1.228024e+01
6.170000e-06	-5.859268e-03	1.215085e+01
6.180000e-06	-6.430509e-03	1.188044e+01
6.190000e-06	-7.794282e-03	1.169079e+01
6.200000e-06	-7.234459e-03	1.146829e+01
6.210000e-06	-6.118040e-03	1.122819e+01
6.220000e-06	-5.279875e-03	1.103458e+01
6.230000e-06	-6.666090e-03	1.086526e+01
6.240000e-06	-7.068718e-03	1.065626e+01
6.250000e-06	-6.906708e-03	1.042757e+01
6.260000e-06	-7.021037e-03	1.016447e+01
6.270000e-06	-6.822650e-03	9.940946e+00
6.280000e-06	-6.728065e-03	9.708825e+00
6.290000e-06	-5.719417e-03	9.466687e+00
6.300000e-06	-6.283684e-03	9.255183e+00
6.310000e-06	-7.019282e-03	9.044952e+00
6.320000e-06	-6.874041e-03	8.760396e+00
6.330000e-06	-6.855227e-03	8.499843e+00
6.340000e-06	-6.229758e-03	8.297766e+00
6.350000e-06	-6.119585e-03	7.983632e+00
6.360000e-06	-4.689901e-03	7.749371e+00
6.370000e-06	-5.808451e-03	7.468187e+00
6.380000e-06	-6.523819e-03	7.180577e+00
6.390000e-06	-6.838818e-03	6.939896e+00
6.400000e-06	-5.574884e-03	6.697614e+00
6.410000e-06	-5.972201e-03	6.392528e+00
6.420000e-06	-5.672700e-03	6.139346e+00
6.430000e-06	-5.891951e-03	5.887113e+00
6.440000e-06	-5.492927e-03	5.591951e+00
6.450000e-06	-5.910279e-03	5.279742e+00
6.460000e-06	-5.952022e-03	4.961973e+00
6.470000e-06	-5.512696e-03	4.685663e+00
6.480000e-06	-5.179010e-03	4.431051e+00
6.490000e-06	-5.157413e-03	4.106791e+00
6.500000e-06	-5.393236e-03	3.864034e+00
6.510000e-06	-6.279911e-03	3.589499e+00
6.520000e-06	-5.759708e-03	3.254232e+00
6.530000e-06	-5.148933e-03	3.010420e+00
6.540000e-06	-4.753647e-03	2.678817e+00
6.550000e-06	-5.083669e-03	2.388897e+00
6.560000e-06	-5.258933e-03	2.136714e+00
6.570000e-06	-5.873412e-03	1.844956e+00
6.580000e-06	-4.786422e-03	1.499742e+00
6.590000e-06	-4.946441e-03	1.224503e+00
6.600000e-06	-4.247341e-03	8.927330e-01
6.610000e-06	-4.681628e-03	5.789999e-01
6.620000e-06	-4.109162e-03	3.457658e-01
6.630000e-06	-2.498742e-03	1.499931e-03
6.640000e-06	7.455333e-03	-2.422103e-01
6.650000e-06	-2.177595e-03	-4.963669e-01
6.660000e-06	2.963808e-04	-7.810289e-01
6.670000e-06	-2.071721e-03	-1.083634e+00
6.680000e-06	1.070045e-03	-1.348608e+00
6.690000e-06	-3.028330e-03	-1.663159e+00
6.700000e-06	1.463128e-02	-1.915836e+00
6.710000e-06	4.722309e-02	-2.086866e+00
6.720000e-06	7.926321e-02	-2.424254e+00
6.730000e-06	-1.039140e-01	-2.832152e+00
6.740000e-06	1.520174e-02	-3.221081e+00
6.750000e-06	-5.393209e-02	-3.504232e+00
6.760000e-06	1.799840e-03	-3.687790e+00
6.770000e-06	-1.018652e-01	-3.930000e+00
6.780000e-06	1.667534e-01	-4.128945e+00
6.790000e-06	-4.376885e-02	-4.400574e+00
6.800000e-06	-7.788241e-02	-4.718964e+00
6.810000e-06	1.787607e-01	-4.949972e+00
6.820000e-06	-1.891348e-01	-5.347366e+00
6.830000e-06	1.356759e-01	-5.563104e+00
6.840000e-06	-8.445838e-02	-5.864258e+00
6.850000e-06	2.663867e-02	-6.161073e+00
6.860000e-06	9.667379e-02	-6.383675e+00
6.870000e-06	-1.445776e-01	-6.740392e+00
6.880000e-06	1.154201e-01	-6.990702e+00
6.890000e-06	-1.052240e-01	-7.254762e+00
6.900000e-06	5.372711e-02	-7.552621e+00
6.910000e-06	9.465370e-03	-7.834727e+00
6.920000e-06	-2.598425e-02	-8.128494e+00
6.930000e-06	1.068811e-01	-8.337922e+00
6.940000e-06	-1.428728e-01	-8.585177e+00
6.950000e-06	1.105273e-01	-8.867262e+00
6.960000e-06	-7.475732e-02	-9.097416e+00
6.970000e-06	5.370257e-02	-9.369491e+00
6.980000e-06	-2.263024e-02	-9.549546e+00
6.990000e-06	-7.650349e-03	-9.793678e+00
7.000000e-06	4.290036e-02	-1.003556e+01
7.010000e-06	-5.235514e-02	-1.024889e+01
7.020000e-06	5.137337e-02	-1.051836e+01
7.030000e-06	-5.557409e-02	-1.071744e+01
7.040000e-06	5.981283e-02	-1.095239e+01
7.050000e-06	-4.239667e-02	-1.111996e+01
7.060000e-06	3.162644e-02	-1.133157e+01
7.070000e-06	-1.360972e-02	-1.158568e+01
7.080000e-06	5.218991e-03	-1.180671e+01
7.090000e-06	-5.092518e-03	-1.195323e+01
7.100000e-06	1.591458e-03	-1.217368e+01
7.110000e-06	2.489829e-02	-1.239560e+01
7.120000e-06	-1.435913e-02	-1.257460e+01
7.130000e-06	5.662916e-03	-1.274163e+01
7.140000e-06	-1.481586e-02	-1.290947e+01
7.150000e-06	1.865608e-02	-1.307784e+01
7.160000e-06	-1.098662e-02	-1.327736e+01
7.170000e-06	1.156205e-02	-1.339426e+01
7.180000e-06	-3.905436e-03	-1.352508e+01
7.190000e-06	1.057481e-02	-1.373202e+01
7.200000e-06	-6.071655e-03	-1.389041e+01
7.210000e-06	6.591466e-03	-1.403783e+01
7.220000e-06	2.868402e-04	-1.416362e+01
7.230000e-06	1.990815e-03	-1.430102e+01
7.240000e-06	-7.951519e-04	-1.442576e+01
7.250000e-06	4.252645e-03	-1.457312e+01
7.260000e-06	7.012962e-04	-1.467991e+01
7.270000e-06	-4.510916e-03	-1.481573e+01
7.280000e-06	2.923032e-03	-1.488988e+01
7.290000e-06	4.729041e-03	-1.498413e+01
7.300000e-06	6.615804e-03	-1.505981e+01
7.310000e-06	1.701512e-03	-1.514258e+01
7.320000e-06	-1.964152e-03	-1.522789e+01
7.330000e-06	-1.169636e-03	-1.528097e+01
7.340000e-06	-1.060764e-03	-1.539427e+01
7.350000e-06	4.714503e-03	-1.543736e+01
7.360000e-06	2.687356e-03	-1.553297e+01
7.370000e-06	6.801414e-04	-1.557507e+01
7.380000e-06	2.047161e-03	-1.561678e+01
7.390000e-06	-2.649759e-03	-1.565041e+01
7.400000e-06	8.213055e-04	-1.569041e+01
7.410000e-06	-1.334087e-03	-1.573354e+01
7.420000e-06	4.210691e-03	-1.579412e+01
7.430000e-06	7.943132e-04	-1.579610e+01
7.440000e-06	3.248504e-04	-1.580668e+01
7.450000e-06	2.187261e-03	-1.582721e+01
7.460000e-06	8.771009e-04	-1.580673e+01
7.470000e-06	2.591614e-04	-1.582668e+01
7.480000e-06	8.232824e-04	-1.580620e+01
7.490000e-06	5.498949e-04	-1.580565e+01
7.500000e-06	1.009401e-03	-1.575465e+01
7.510000e-06	-2.114430e-03	-1.574352e+01
7.520000e-06	5.630953e-04	-1.570297e+01
7.530000e-06	7.222573e-04	-1.569086e+01
7.540000e-06	1.246045e-03	-1.562623e+01
7.550000e-06	1.109232e-03	-1.560610e+01
7.560000e-06	2.710096e-03	-1.550347e+01
7.570000e-06	1.094513e-03	-1.545891e+01
7.580000e-06	-1.256546e-03	-1.541713e+01
7.590000e-06	-7.739664e-04	-1.530207e+01
7.600000e-06	5.332442e-04	-1.527631e+01
7.610000e-06	-5.604295e-04	-1.519455e+01
7.620000e-06	-3.734537e-04	-1.503891e+01
7.630000e-06	5.944598e-04	-1.496620e+01
7.640000e-06	7.126256e-04	-1.489194e+01
7.650000e-06	6.838300e-04	-1.478415e+01
7.660000e-06	-2.573193e-04	-1.468137e+01
7.670000e-06	-3.964108e-04	-1.460410e+01
7.680000e-06	8.066395e-04	-1.443827e+01
7.690000e-06	-4.708571e-04	-1.433252e+01
7.700000e-06	-5.647551e-04	-1.419616e+01
7.710000e-06	-1.649335e-03	-1.412879e+01
7.720000e-06	-4.415466e-04	-1.393147e+01
7.730000e-06	4.447179e-04	-1.377565e+01
7.740000e-06	1.361348e-03	-1.361625e+01
7.750000e-06	7.982652e-04	-1.341826e+01
7.760000e-06	-1.257140e-04	-1.331094e+01
7.770000e-06	-1.267879e-03	-1.315302e+01
7.780000e-06	-1.239873e-03	-1.299402e+01
7.790000e-06	4.250501e-04	-1.283616e+01
7.800000e-06	-1.923392e-05	-1.263666e+01
7.810000e-06	-6.912408e-04	-1.242889e+01
7.820000e-06	-1.402511e-03	-1.232934e+01
7.830000e-06	-2.823153e-04	-1.214839e+01
7.840000e-06	-6.519229e-04	-1.188034e+01
7.850000e-06	-1.184516e-03	-1.170934e+01
7.860000e-06	-1.925132e-03	-1.145671e+01
7.870000e-06	-8.967939e-04	-1.123560e+01
7.880000e-06	-1.733159e-03	-1.099415e+01
7.890000e-06	-1.066752e-03	-1.076403e+01
7.900000e-06	-2.749507e-03	-1.056360e+01
7.910000e-06	-2.118652e-03	-1.038243e+01
7.920000e-06	-1.685799e-03	-1.016189e+01
7.930000e-06	-7.021855e-04	-9.898863e+00
7.940000e-06	-1.642357e-03	-9.679340e+00
7.950000e-06	-1.616722e-03	-9.466188e+00
7.960000e-06	-2.165606e-03	-9.199050e+00
7.970000e-06	-2.451051e-03	-8.963548e+00
7.980000e-06	-2.552872e-03	-8.759396e+00
7.990000e-06	-2.813116e-03	-8.458336e+00
8.000000e-06	-2.475115e-03	-8.235585e+00
8.010000e-06	-2.356435e-03	-7.995626e+00
8.020000e-06	-2.941631e-03	-7.679793e+00
8.030000e-06	-3.378059e-03	-7.373657e+00
8.040000e-06	-2.554208e-03	-7.150469e+00
8.050000e-06	-2.507777e-03	-6.878312e+00
8.060000e-06	-2.643173e-03	-6.605630e+00
8.070000e-06	-3.814895e-03	-6.411498e+00
8.080000e-06	-3.783634e-03	-6.097812e+00
8.090000e-06	-3.778983e-03	-5.814007e+00
8.100000e-06	-3.678538e-03	-5.539389e+00
8.110000e-06	-2.799356e-03	-5.242577e+00
8.120000e-06	-5.210316e-03	-4.938844e+00
8.130000e-06	-3.773867e-03	-4.612075e+00
8.140000e-06	-3.223449e-03	-4.360451e+00
8.150000e-06	-3.229537e-03	-4.126811e+00
8.160000e-06	-4.130503e-03	-3.831499e+00
8.170000e-06	-5.303598e-03	-3.547817e+00
8.180000e-06	-4.766197e-03	-3.265732e+00
8.190000e-06	-5.234310e-03	-2.948341e+00
8.200000e-06	-3.637898e-03	-2.666158e+00
8.210000e-06	-5.366293e-03	-2.420529e+00
8.220000e-06	-3.373086e-03	-2.064233e+00
8.230000e-06	-5.328042e-03	-1.841600e+00
8.240000e-06	-3.063913e-03	-1.537833e+00
8.250000e-06	-5.071632e-03	-1.158848e+00
8.260000e-06	-4.219375e-03	-8.852331e-01
8.270000e-06	-4.989180e-03	-5.913424e-01
8.280000e-06	-3.119750e-03	-3.247369e-01
8.290000e-06	-2.522645e-03	-2.053018e-02
8.300000e-06	8.539041e-03	2.847369e-01
8.310000e-06	-6.659784e-03	5.574446e-01
8.320000e-06	5.026511e-03	7.684749e-01
8.330000e-06	-4.661021e-03	1.096314e+00
8.340000e-06	2.427327e-03	1.378974e+00
8.350000e-06	-7.442980e-03	1.699893e+00
8.360000e-06	1.243377e-02	1.946920e+00
8.370000e-06	1.753114e-02	2.179000e+00
8.380000e-06	8.681883e-02	2.454782e+00
8.390000e-06	-2.975984e-02	2.844733e+00
8.400000e-06	-5.420815e-02	3.157069e+00
8.410000e-06	-2.521199e-02	3.381206e+00
8.420000e-06	-1.246245e-02	3.706888e+00
8.430000e-06	-2.631822e-02	3.908465e+00
8.440000e-06	-2.766852e-02	4.210578e+00
8.450000e-06	5.924963e-02	4.415155e+00
8.460000e-06	3.043593e-02	4.709549e+00
8.470000e-06	-1.149582e-01	5.033659e+00
8.480000e-06	1.812446e-01	5.328945e+00
8.490000e-06	-1.509342e-01	5.604590e+00
8.500000e-06	4.646266e-02	5.905836e+00
8.510000e-06	-7.140057e-03	6.140050e+00
8.520000e-06	1.716630e-02	6.414634e+00
8.530000e-06	1.909761e-02	6.716946e+00
8.540000e-06	-6.845468e-02	6.971628e+00
8.550000e-06	4.268412e-02	7.257210e+00
8.560000e-06	-3.163856e-02	7.581522e+00
8.570000e-06	1.976774e-02	7.845733e+00
8.580000e-06	-1.613170e-02	8.118495e+00
8.590000e-06	5.598820e-04	8.340528e+00
8.600000e-06	3.395836e-02	8.562049e+00
8.610000e-06	-4.653625e-02	8.804261e+00
8.620000e-06	1.984623e-02	9.038308e+00
8.630000e-06	-1.721955e-02	9.318944e+00
8.640000e-06	2.312247e-03	9.552525e+00
8.650000e-06	-1.847322e-03	9.792099e+00
8.660000e-06	-2.441884e-03	1.001376e+01
8.670000e-06	-2.755474e-03	1.023774e+01
8.680000e-06	-1.875071e-02	1.048284e+01
8.690000e-06	6.616623e-03	1.067740e+01
8.700000e-06	-6.940114e-03	1.094097e+01
8.710000e-06	2.702216e-03	1.110137e+01
8.720000e-06	-9.195920e-03	1.134255e+01
8.730000e-06	-4.811399e-03	1.156261e+01
8.740000e-06	1.975661e-03	1.179418e+01
8.750000e-06	-9.969695e-03	1.199515e+01
8.760000e-06	-9.363502e-03	1.219363e+01
8.770000e-06	-2.437265e-03	1.237318e+01
8.780000e-06	6.400786e-03	1.255155e+01
8.790000e-06	-6.308678e-03	1.273142e+01
8.800000e-06	-1.539364e-02	1.288937e+01
8.810000e-06	-4.723226e-03	1.309097e+01
8.820000e-06	-2.728743e-03	1.324483e+01
8.830000e-06	-3.214658e-03	1.342628e+01
8.840000e-06	-1.123374e-02	1.356397e+01
8.850000e-06	-2.630204e-03	1.371194e+01
8.860000e-06	-3.131205e-03	1.392684e+01
8.870000e-06	-5.991959e-03	1.397618e+01
8.880000e-06	-6.132079e-03	1.417400e+01
8.890000e-06	-8.704977e-03	1.432098e+01
8.900000e-06	-2.915525e-03	1.445684e+01
8.910000e-06	-6.359299e-03	1.453308e+01
8.920000e-06	-2.765730e-03	1.467877e+01
8.930000e-06	-1.288753e-02	1.478415e+01
8.940000e-06	-8.735015e-03	1.485889e+01
8.950000e-06	-4.013612e-03	1.495503e+01
8.960000e-06	-2.971102e-03	1.505884e+01
8.970000e-06	-5.087120e-03	1.512402e+01
8.980000e-06	-9.090743e-03	1.523813e+01
8.990000e-06	-3.073948e-03	1.528092e+01
9.000000e-06	-7.625140e-03	1.542413e+01
9.010000e-06	-7.046995e-03	1.542834e+01
9.020000e-06	-8.842038e-03	1.548194e+01
9.030000e-06	-8.373372e-03	1.553402e+01
9.040000e-06	-3.869385e-03	1.559576e+01
9.050000e-06	-5.597518e-03	1.563889e+01
9.060000e-06	-7.176915e-03	1.569937e+01
9.070000e-06	-1.063103e-02	1.576287e+01
9.080000e-06	-5.463714e-03	1.575252e+01
9.090000e-06	-3.931075e-03	1.576403e+01
9.100000e-06	-6.349223e-03	1.581563e+01
9.110000e-06	-1.157890e-02	1.579568e+01
9.120000e-06	-5.804126e-03	1.581771e+01
9.130000e-06	-5.671973e-03	1.582715e+01
9.140000e-06	-4.136057e-03	1.581418e+01
9.150000e-06	-8.225094e-03	1.575408e+01
9.160000e-06	-6.504929e-03	1.574398e+01
9.170000e-06	-6.658196e-03	1.573293e+01
9.180000e-06	-8.968403e-03	1.570094e+01
9.190000e-06	-7.605827e-03	1.565929e+01
9.200000e-06	-8.849717e-03	1.563619e+01
9.210000e-06	-5.650023e-03	1.555465e+01
9.220000e-06	-6.466440e-03	1.551292e+01
9.230000e-06	-4.860068e-03	1.545831e+01
9.240000e-06	-8.281318e-03	1.537613e+01
9.250000e-06	-9.128571e-03	1.531297e+01
9.260000e-06	-6.027586e-03	1.523726e+01
9.270000e-06	-7.978183e-03	1.514550e+01
9.280000e-06	-7.350307e-03	1.507236e+01
9.290000e-06	-1.006318e-02	1.496613e+01
9.300000e-06	-5.279188e-03	1.489832e+01
9.310000e-06	-6.771736e-03	1.476410e+01
9.320000e-06	-7.791741e-03	1.464977e+01
9.330000e-06	-8.512547e-03	1.455448e+01
9.340000e-06	-6.977342e-03	1.441671e+01
9.350000e-06	-5.579421e-03	1.430187e+01
9.360000e-06	-7.880258e-03	1.421455e+01
9.370000e-06	-6.438634e-03	1.403766e+01
9.380000e-06	-9.415125e-03	1.390024e+01
9.390000e-06	-7.031032e-03	1.372350e+01
9.400000e-06	-7.479094e-03	1.363558e+01
9.410000e-06	-6.939829e-03	1.342823e+01
9.420000e-06	-7.693434e-03	1.328834e+01
9.430000e-06	-7.224198e-03	1.309094e+01
9.440000e-06	-6.707396e-03	1.295250e+01
9.450000e-06	-7.256618e-03	1.275452e+01
9.460000e-06	-6.255210e-03	1.259458e+01
9.470000e-06	-7.965004e-03	1.246518e+01
9.480000e-06	-6.704306e-03	1.227766e+01
9.490000e-06	-6.752356e-03	1.202974e+01
9.500000e-06	-7.946850e-03	1.183861e+01
9.510000e-06	-7.761613e-03	1.161769e+01
9.520000e-06	-7.252097e-03	1.143618e+01
9.530000e-06	-5.819954e-03	1.115305e+01
9.540000e-06	-6.630981e-03	1.100353e+01
9.550000e-06	-6.803053e-03	1.079403e+01
9.560000e-06	-7.313380e-03	1.060203e+01
9.570000e-06	-5.583447e-03	1.035137e+01
9.580000e-06	-7.465179e-03	1.010889e+01
9.590000e-06	-7.351836e-03	9.859188e+00
9.600000e-06	-6.738305e-03	9.636131e+00
9.610000e-06	-5.148968e-03	9.392030e+00
9.620000e-06	-6.334273e-03	9.202974e+00
9.630000e-06	-6.625872e-03	8.900420e+00
9.640000e-06	-6.194039e-03	8.727413e+00
9.650000e-06	-6.406531e-03	8.447262e+00
9.660000e-06	-6.104779e-03	8.185582e+00
9.670000e-06	-5.991120e-03	7.939471e+00
9.680000e-06	-6.191449e-03	7.679266e+00
9.690000e-06	-6.710002e-03	7.415558e+00
9.700000e-06	-6.551779e-03	7.129370e+00
9.710000e-06	-5.813264e-03	6.867140e+00
9.720000e-06	-5.247480e-03	6.613534e+00
9.730000e-06	-5.598915e-03	6.337795e+00
9.740000e-06	-5.885991e-03	6.066839e+00
9.750000e-06	-6.153971e-03	5.835025e+00
9.760000e-06	-5.500805e-03	5.539266e+00
9.770000e-06	-6.889977e-03	5.225588e+00
9.780000e-06	-5.995506e-03	4.896812e+00
9.790000e-06	-5.790693e-03	4.593028e+00
9.800000e-06	-4.991823e-03	4.358799e+00
9.810000e-06	-5.661972e-03	4.046132e+00
9.820000e-06	-5.459686e-03	3.720896e+00
9.830000e-06	-5.879032e-03	3.517240e+00
9.840000e-06	-4.818946e-03	3.190528e+00
9.850000e-06	-5.171161e-03	2.916287e+00
9.860000e-06	-5.352846e-03	2.685030e+00
9.870000e-06	-5.059737e-03	2.325788e+00
9.880000e-06	-5.265641e-03	2.053132e+00
9.890000e-06	-5.058271e-03	1.748772e+00
9.900000e-06	-4.451907e-03	1.453508e+00
9.910000e-06	-4.861199e-03	1.158868e+00
9.920000e-06	-4.860340e-03	8.310828e-01
9.930000e-06	-4.296838e-03	5.362420e-01
9.940000e-06	-3.349260e-03	2.226554e-01
9.950000e-06	-1.583513e-03	-3.731654e-03
9.960000e-06	9.331908e-03	-3.268921e-01
9.970000e-06	-6.331627e-03	-6.089936e-01
9.980000e-06	4.620680e-03	-8.653118e-01
9.990000e-06	-4.958937e-03	-1.125943e+00
1.000000e-05	3.652885e-03	-1.484333e+00
1.001000e-05	-4.508238e-03	-1.745391e+00
1.002000e-05	2.121714e-02	-1.956922e+00
1.003000e-05	6.699757e-02	-2.189120e+00
1.004000e-05	3.752949e-02	-2.567971e+00
1.005000e-05	-9.703507e-02	-2.917912e+00
1.006000e-05	1.723883e-02	-3.275815e+00
1.007000e-05	-5.187778e-02	-3.525943e+00
1.008000e-05	-1.259815e-02	-3.741470e+00
1.009000e-05	-7.587851e-02	-3.992678e+00
1.010000e-05	2.011412e-01	-4.191075e+00
1.011000e-05	-1.382464e-01	-4.436310e+00
1.012000e-05	5.101366e-02	-4.791124e+00
1.013000e-05	9.128551e-02	-5.013653e+00
1.014000e-05	-1.584604e-01	-5.391126e+00
1.015000e-05	1.578667e-01	-5.673678e+00
1.016000e-05	-1.420892e-01	-5.939441e+00
1.017000e-05	1.167501e-01	-6.222203e+00
1.018000e-05	4.782330e-03	-6.487333e+00
1.019000e-05	-9.039061e-02	-6.781102e+00
1.020000e-05	1.074994e-01	-7.006207e+00
1.021000e-05	-1.325966e-01	-7.369019e+00
1.022000e-05	1.122111e-01	-7.633703e+00
1.023000e-05	-6.735219e-02	-7.836340e+00
1.024000e-05	6.062228e-02	-8.181046e+00
1.025000e-05	2.553064e-02	-8.402029e+00
1.026000e-05	-9.416137e-02	-8.636860e+00
1.027000e-05	9.958890e-02	-8.920392e+00
1.028000e-05	-8.923362e-02	-9.131501e+00
1.029000e-05	8.685661e-02	-9.375149e+00
1.030000e-05	-7.071175e-02	-9.655207e+00
1.031000e-05	4.839692e-02	-9.865285e+00
1.032000e-05	-8.339158e-03	-1.008836e+01
1.033000e-05	-1.281432e-02	-1.030847e+01
1.034000e-05	1.964072e-02	-1.057145e+01
1.035000e-05	-3.133619e-02	-1.078257e+01
1.036000e-05	5.218561e-02	-1.097252e+01
1.037000e-05	-4.359167e-02	-1.117510e+01
1.038000e-05	4.269475e-02	-1.138318e+01
1.039000e-05	-3.115896e-02	-1.163630e+01
1.040000e-05	2.146727e-02	-1.183476e+01
1.041000e-05	-2.628280e-02	-1.203678e+01
1.042000e-05	2.529022e-02	-1.222678e+01
1.043000e-05	6.792752e-03	-1.241728e+01
1.044000e-05	1.411144e-03	-1.261671e+01
1.045000e-05	-4.653214e-03	-1.276363e+01
1.046000e-05	-2.544900e-03	-1.296403e+01
1.047000e-05	1.026531e-02	-1.312197e+01
1.048000e-05	-8.008958e-03	-1.329786e+01
1.049000e-05	1.028025e-02	-1.344524e+01
1.050000e-05	-2.963191e-03	-1.357573e+01
1.051000e-05	9.479214e-03	-1.376407e+01
1.052000e-05	-8.787092e-03	-1.389249e+01
1.053000e-05	1.015864e-02	-1.404889e+01
1.054000e-05	-2.768609e-03	-1.415666e+01
1.055000e-05	5.881200e-03	-1.433205e+01
1.056000e-05	-9.793195e-04	-1.441629e+01
1.057000e-05	6.579156e-03	-1.460515e+01
1.058000e-05	-3.654506e-03	-1.469883e+01
1.059000e-05	-3.623080e-03	-1.483723e+01
1.060000e-05	1.680804e-03	-1.488036e+01
1.061000e-05	3.893421e-03	-1.502460e+01
1.062000e-05	6.121300e-03	-1.508029e+01
1.063000e-05	3.574457e-04	-1.513410e+01
1.064000e-05	1.657568e-03	-1.526789e+01
1.065000e-05	-2.562253e-03	-1.536153e+01
1.066000e-05	1.898641e-03	-1.538575e+01
1.067000e-05	1.878021e-03	-1.549036e+01
1.068000e-05	1.686049e-03	-1.554457e+01
1.069000e-05	-1.090448e-03	-1.557410e+01
1.070000e-05	8.438995e-04	-1.566828e+01
1.071000e-05	2.850670e-04	-1.566081e+01
1.072000e-05	7.854189e-04	-1.572352e+01
1.073000e-05	2.624295e-03	-1.571352e+01
1.074000e-05	2.034481e-03	-1.576513e+01
1.075000e-05	1.303382e-03	-1.584455e+01
1.076000e-05	-6.056830e-04	-1.576718e+01
1.077000e-05	1.670312e-03	-1.582868e+01
1.078000e-05	-8.333640e-04	-1.580623e+01
1.079000e-05	-1.013037e-03	-1.583761e+01
1.080000e-05	4.562251e-04	-1.578718e+01
1.081000e-05	2.740325e-03	-1.580365e+01
1.082000e-05	1.505201e-03	-1.575500e+01
1.083000e-05	-1.387073e-03	-1.571409e+01
1.084000e-05	5.288463e-04	-1.570239e+01
1.085000e-05	-7.152334e-04	-1.566986e+01
1.086000e-05	6.217921e-04	-1.563617e+01
1.087000e-05	4.796892e-04	-1.556560e+01
1.088000e-05	1.511546e-03	-1.555294e+01
1.089000e-05	-9.056065e-04	-1.542831e+01
1.090000e-05	-7.453903e-04	-1.539765e+01
1.091000e-05	6.877418e-04	-1.531989e+01
1.092000e-05	1.246712e-03	-1.521778e+01
1.093000e-05	4.425594e-04	-1.514362e+01
1.094000e-05	-7.893306e-04	-1.508023e+01
1.095000e-05	1.037134e-03	-1.501563e+01
1.096000e-05	-4.141551e-04	-1.492036e+01
1.097000e-05	6.092858e-06	-1.479253e+01
1.098000e-05	-9.385622e-04	-1.464834e+01
1.099000e-05	1.300331e-03	-1.457355e+01
1.100000e-05	2.272381e-05	-1.444671e+01
1.101000e-05	6.297442e-04	-1.434087e+01
1.102000e-05	-7.218739e-04	-1.418553e+01
1.103000e-05	-1.460472e-04	-1.405923e+01
1.104000e-05	-7.128660e-04	-1.386231e+01
1.105000e-05	-1.655133e-05	-1.379252e+01
1.106000e-05	8.173337e-04	-1.352450e+01
1.107000e-05	-1.006048e-03	-1.342710e+01
1.108000e-05	-9.302821e-04	-1.325026e+01
1.109000e-05	-4.003081e-04	-1.308189e+01
1.110000e-05	-7.603512e-04	-1.297199e+01
1.111000e-05	4.385818e-04	-1.277463e+01
1.112000e-05	-7.210489e-04	-1.259410e+01
1.113000e-05	-3.460045e-04	-1.241766e+01
1.114000e-05	-1.274750e-03	-1.224576e+01
1.115000e-05	-6.854005e-04	-1.208814e+01
1.116000e-05	-2.318743e-03	-1.186723e+01
1.117000e-05	-2.851163e-03	-1.163823e+01
1.118000e-05	-5.182298e-04	-1.138505e+01
1.119000e-05	-1.616511e-04	-1.117350e+01
1.120000e-05	-1.466463e-03	-1.095994e+01
1.121000e-05	-2.183594e-03	-1.072192e+01
1.122000e-05	-1.193764e-03	-1.054195e+01
1.123000e-05	-1.704174e-03	-1.032029e+01
1.124000e-05	-3.416252e-03	-1.004026e+01
1.125000e-05	-1.368848e-03	-9.813786e+00
1.126000e-05	-1.892805e-03	-9.656683e+00
1.127000e-05	-2.095122e-03	-9.364528e+00
1.128000e-05	-3.340983e-03	-9.130566e+00
1.129000e-05	-2.834044e-03	-8.961446e+00
1.130000e-05	-2.543474e-03	-8.687758e+00
1.131000e-05	-2.155975e-03	-8.405153e+00
1.132000e-05	-3.187238e-03	-8.172976e+00
1.133000e-05	-2.649178e-03	-7.949848e+00
1.134000e-05	-3.198111e-03	-7.657204e+00
1.135000e-05	-3.799135e-03	-7.381897e+00
1.136000e-05	-2.883001e-03	-7.128786e+00
1.137000e-05	-4.054533e-03	-6.833575e+00
1.138000e-05	-3.359181e-03	-6.571449e+00
1.139000e-05	-3.703484e-03	-6.329816e+00
1.140000e-05	-2.596592e-03	-6.023103e+00
1.141000e-05	-5.108066e-03	-5.781875e+00
1.142000e-05	-3.910751e-03	-5.515684e+00
1.143000e-05	-3.992348e-03	-5.139821e+00
1.144000e-05	-3.215438e-03	-4.905185e+00
1.145000e-05	-4.589294e-03	-4.518893e+00
1.146000e-05	-3.473686e-03	-4.328369e+00
1.147000e-05	-3.532238e-03	-4.063132e+00
1.148000e-05	-3.062859e-03	-3.728389e+00
1.149000e-05	-5.447598e-03	-3.485661e+00
1.150000e-05	-4.329999e-03	-3.200520e+00
1.151000e-05	-5.699175e-03	-2.884586e+00
1.152000e-05	-3.121339e-03	-2.601978e+00
1.153000e-05	-4.975599e-03	-2.335796e+00
1.154000e-05	-4.576215e-03	-2.031051e+00
1.155000e-05	-6.267416e-03	-1.747318e+00
1.156000e-05	-4.210922e-03	-1.464056e+00
1.157000e-05	-4.246434e-03	-1.115161e+00
1.158000e-05	-3.729720e-03	-8.209801e-01
1.159000e-05	-4.655583e-03	-5.355845e-01
1.160000e-05	-4.142209e-03	-1.900050e-01
1.161000e-05	2.353311e-04	5.168172e-02
1.162000e-05	6.137533e-03	3.569688e-01
1.163000e-05	-6.406452e-03	5.790525e-01
1.164000e-05	4.168998e-03	8.647067e-01
1.165000e-05	-4.668375e-03	1.217551e+00
1.166000e-05	2.795354e-03	1.442783e+00
1.167000e-05	-5.210214e-03	1.789550e+00
1.168000e-05	1.529934e-02	2.020974e+00
1.169000e-05	2.731859e-02	2.253261e+00
1.170000e-05	8.610565e-02	2.571474e+00
1.171000e-05	-6.822937e-02	2.905366e+00
1.172000e-05	-2.876560e-02	3.202004e+00
1.173000e-05	-3.513448e-02	3.474846e+00
1.174000e-05	1.436758e-03	3.788078e+00
1.175000e-05	-4.448888e-02	4.020978e+00
1.176000e-05	-5.019484e-03	4.194734e+00
1.177000e-05	7.591478e-02	4.496817e+00
1.178000e-05	-3.470944e-02	4.822130e+00
1.179000e-05	-4.140637e-02	5.107366e+00
1.180000e-05	1.456073e-01	5.413103e+00
1.181000e-05	-1.624772e-01	5.705883e+00
1.182000e-05	8.564261e-02	5.971577e+00
1.183000e-05	-3.986943e-02	6.254731e+00
1.184000e-05	4.613350e-02	6.486796e+00
1.185000e-05	-1.260738e-02	6.821003e+00
1.186000e-05	-5.132503e-02	7.105809e+00
1.187000e-05	4.602958e-02	7.350519e+00
1.188000e-05	-4.802830e-02	7.643254e+00
1.189000e-05	4.068863e-02	7.917837e+00
1.190000e-05	-4.037169e-02	8.222654e+00
1.191000e-05	3.382817e-02	8.413157e+00
1.192000e-05	5.310084e-03	8.645731e+00
1.193000e-05	-3.965900e-02	8.878765e+00
1.194000e-05	2.689467e-02	9.190545e+00
1.195000e-05	-3.036984e-02	9.382071e+00
1.196000e-05	2.027015e-02	9.603689e+00
1.197000e-05	-2.135938e-02	9.834809e+00
1.198000e-05	1.781095e-02	1.009731e+01
1.199000e-05	-2.321603e-02	1.030899e+01
1.200000e-05	-1.833477e-03	1.053955e+01
1.201000e-05	-4.263278e-03	1.075308e+01
1.202000e-05	-1.631526e-03	1.096255e+01
1.203000e-05	7.639622e-04	1.114210e+01
1.204000e-05	-1.384050e-02	1.139571e+01
1.205000e-05	2.929374e-03	1.163573e+01
1.206000e-05	-8.009210e-03	1.184981e+01
1.207000e-05	-2.772885e-03	1.206588e+01
1.208000e-05	-1.605043e-02	1.223723e+01
1.209000e-05	9.612922e-03	1.241521e+01
1.210000e-05	-1.134462e-03	1.260553e+01
1.211000e-05	-5.957821e-03	1.279358e+01
1.212000e-05	-1.713916e-02	1.295247e+01
1.213000e-05	-1.738565e-03	1.309092e+01
1.214000e-05	-2.212428e-03	1.331837e+01
1.215000e-05	-7.729900e-03	1.342826e+01
1.216000e-05	-6.338688e-03	1.359470e+01
1.217000e-05	-5.329956e-03	1.371455e+01
1.218000e-05	-1.239041e-04	1.390939e+01
1.219000e-05	-8.795836e-03	1.404192e+01
1.220000e-05	-2.467031e-03	1.420628e+01
1.221000e-05	-1.002927e-02	1.432510e+01
1.222000e-05	-2.382478e-03	1.448642e+01
1.223000e-05	-5.183169e-03	1.456575e+01
1.224000e-05	-5.424472e-03	1.470935e+01
1.225000e-05	-1.158266e-02	1.483568e+01
1.226000e-05	-9.969568e-03	1.490139e+01
1.227000e-05	-5.231670e-04	1.496518e+01
1.228000e-05	-4.323480e-03	1.507846e+01
1.229000e-05	-4.760971e-03	1.514402e+01
1.230000e-05	-9.871114e-03	1.522733e+01
1.231000e-05	-3.222454e-03	1.529150e+01
1.232000e-05	-8.817109e-03	1.541571e+01
1.233000e-05	-5.584205e-03	1.547029e+01
1.234000e-05	-8.375783e-03	1.549090e+01
1.235000e-05	-6.424315e-03	1.555355e+01
1.236000e-05	-5.951618e-03	1.558724e+01
1.237000e-05	-7.391544e-03	1.563937e+01
1.238000e-05	-7.569913e-03	1.569045e+01
1.239000e-05	-8.934223e-03	1.576437e+01
1.240000e-05	-2.582154e-03	1.579098e+01
1.241000e-05	-5.347750e-03	1.576475e+01
1.242000e-05	-6.101575e-03	1.578566e+01
1.243000e-05	-9.558258e-03	1.580620e+01
1.244000e-05	-6.727753e-03	1.580623e+01
1.245000e-05	-6.985336e-03	1.578567e+01
1.246000e-05	-8.582839e-03	1.578665e+01
1.247000e-05	-6.784944e-03	1.578568e+01
1.248000e-05	-6.937095e-03	1.575297e+01
1.249000e-05	-5.328804e-03	1.575145e+01
1.250000e-05	-9.222259e-03	1.565895e+01
1.251000e-05	-7.161908e-03	1.563677e+01
1.252000e-05	-7.740753e-03	1.560563e+01
1.253000e-05	-6.537365e-03	1.550558e+01
1.254000e-05	-7.498601e-03	1.551132e+01
1.255000e-05	-7.620016e-03	1.546731e+01
1.256000e-05	-7.470921e-03	1.540458e+01
1.257000e-05	-1.045487e-02	1.530092e+01
1.258000e-05	-4.490246e-03	1.520873e+01
1.259000e-05	-8.381166e-03	1.511400e+01
1.260000e-05	-5.265090e-03	1.503989e+01
1.261000e-05	-7.288330e-03	1.495505e+01
1.262000e-05	-6.408017e-03	1.486831e+01
1.263000e-05	-7.070465e-03	1.472255e+01
1.264000e-05	-9.842064e-03	1.468869e+01
1.265000e-05	-7.789244e-03	1.456247e+01
1.266000e-05	-8.954911e-03	1.438668e+01
1.267000e-05	-6.452969e-03	1.427139e+01
1.268000e-05	-8.566197e-03	1.415300e+01
1.269000e-05	-6.460813e-03	1.399711e+01
1.270000e-05	-7.324796e-03	1.387726e+01
1.271000e-05	-5.709073e-03	1.372034e+01
1.272000e-05	-7.664467e-03	1.352207e+01
1.273000e-05	-8.137096e-03	1.337450e+01
1.274000e-05	-7.353963e-03	1.321773e+01
1.275000e-05	-7.626613e-03	1.305829e+01
1.276000e-05	-8.063381e-03	1.293142e+01
1.277000e-05	-8.157071e-03	1.273192e+01
1.278000e-05	-7.039534e-03	1.256350e+01
1.279000e-05	-5.830552e-03	1.237398e+01
1.280000e-05	-6.389882e-03	1.219503e+01
1.281000e-05	-6.295888e-03	1.201613e+01
1.282000e-05	-6.924927e-03	1.178655e+01
1.283000e-05	-6.377635e-03	1.155403e+01
1.284000e-05	-7.647611e-03	1.139400e+01
1.285000e-05	-7.057927e-03	1.114252e+01
1.286000e-05	-7.519552e-03	1.095144e+01
1.287000e-05	-7.437811e-03	1.074095e+01
1.288000e-05	-6.960855e-03	1.050037e+01
1.289000e-05	-5.589761e-03	1.030676e+01
1.290000e-05	-6.244864e-03	1.008779e+01
1.291000e-05	-6.542298e-03	9.825085e+00
1.292000e-05	-6.919536e-03	9.583577e+00
1.293000e-05	-5.808049e-03	9.351971e+00
1.294000e-05	-7.104870e-03	9.148897e+00
1.295000e-05	-7.156098e-03	8.868765e+00
1.296000e-05	-6.098222e-03	8.616058e+00
1.297000e-05	-6.135049e-03	8.353678e+00
1.298000e-05	-5.471501e-03	8.102500e+00
1.299000e-05	-6.620312e-03	7.886138e+00
1.300000e-05	-5.891281e-03	7.646605e+00
1.301000e-05	-5.963067e-03	7.352997e+00
1.302000e-05	-5.726977e-03	7.117637e+00
1.303000e-05	-5.380744e-03	6.825553e+00
1.304000e-05	-6.078250e-03	6.510871e+00
1.305000e-05	-6.279947e-03	6.305162e+00
1.306000e-05	-6.866491e-03	6.044130e+00
1.307000e-05	-6.764700e-03	5.729950e+00
1.308000e-05	-5.644573e-03	5.467137e+00
1.309000e-05	-5.220974e-03	5.140797e+00
1.310000e-05	-4.855486e-03	4.822603e+00
1.311000e-05	-5.211471e-03	4.538392e+00
1.312000e-05	-5.854725e-03	4.327191e+00
1.313000e-05	-5.368704e-03	3.991975e+00
1.314000e-05	-5.822695e-03	3.676267e+00
1.315000e-05	-6.546759e-03	3.393060e+00
1.316000e-05	-5.709132e-03	3.096744e+00
1.317000e-05	-4.518687e-03	2.842177e+00
1.318000e-05	-5.192469e-03	2.558370e+00
1.319000e-05	-4.864460e-03	2.244180e+00
1.320000e-05	-5.331896e-03	1.999451e+00
1.321000e-05	-4.798435e-03	1.653686e+00
1.322000e-05	-5.286437e-03	1.378374e+00
1.323000e-05	-5.385379e-03	1.042657e+00
1.324000e-05	-4.916093e-03	7.373247e-01
1.325000e-05	-4.276043e-03	4.750815e-01
1.326000e-05	-3.146573e-03	1.788214e-01
1.327000e-05	-6.439609e-04	-1.173657e-01
1.328000e-05	8.505682e-03	-3.995225e-01
1.329000e-05	-6.008357e-03	-6.731854e-01
1.330000e-05	6.048663e-03	-9.159447e-01
1.331000e-05	-6.031133e-03	-1.220553e+00
1.332000e-05	2.883335e-03	-1.535870e+00
1.333000e-05	-2.278249e-03	-1.780469e+00
1.334000e-05	2.782631e-02	-1.990026e+00
1.335000e-05	8.547802e-02	-2.303307e+00
1.336000e-05	-1.962870e-02	-2.662202e+00
1.337000e-05	-6.304276e-02	-3.001230e+00
1.338000e-05	-1.848803e-03	-3.347891e+00
1.339000e-05	-3.181035e-02	-3.579496e+00
1.340000e-05	-4.500073e-02	-3.752184e+00
1.341000e-05	-1.092009e-02	-4.096181e+00
1.342000e-05	1.703269e-01	-4.252729e+00
1.343000e-05	-1.955209e-01	-4.529469e+00
1.344000e-05	1.486306e-01	-4.864178e+00
1.345000e-05	-3.866710e-02	-5.118311e+00
1.346000e-05	-7.856438e-02	-5.446338e+00
1.347000e-05	1.168378e-01	-5.718838e+00
1.348000e-05	-1.391845e-01	-6.022128e+00
1.349000e-05	1.688207e-01	-6.276840e+00
1.350000e-05	-8.781454e-02	-6.550473e+00
1.351000e-05	-1.275651e-02	-6.865181e+00
1.352000e-05	5.437781e-02	-7.116989e+00
1.353000e-05	-1.071410e-01	-7.434156e+00
1.354000e-05	1.280993e-01	-7.697784e+00
1.355000e-05	-1.100697e-01	-7.953050e+00
1.356000e-05	1.269991e-01	-8.215203e+00
1.357000e-05	-6.454939e-02	-8.476237e+00
1.358000e-05	-1.628541e-02	-8.717920e+00
1.359000e-05	5.372730e-02	-8.962596e+00
1.360000e-05	-6.510425e-02	-9.243681e+00
1.361000e-05	8.298879e-02	-9.465208e+00
1.362000e-05	-8.735446e-02	-9.697288e+00
1.363000e-05	8.206883e-02	-9.880370e+00
1.364000e-05	-5.396357e-02	-1.013955e+01
1.365000e-05	3.214235e-02	-1.039263e+01
1.366000e-05	-1.747930e-02	-1.062265e+01
1.367000e-05	6.861071e-03	-1.078515e+01
1.368000e-05	2.176578e-02	-1.103323e+01
1.369000e-05	-2.824435e-02	-1.122733e+01
1.370000e-05	3.558242e-02	-1.145631e+01
1.371000e-05	-3.235052e-02	-1.170844e+01
1.372000e-05	2.496964e-02	-1.191059e+01
1.373000e-05	-3.135640e-02	-1.213036e+01
1.374000e-05	4.082489e-02	-1.226891e+01
1.375000e-05	-9.593967e-03	-1.244936e+01
1.376000e-05	1.087857e-02	-1.265939e+01
1.377000e-05	-1.720259e-02	-1.281423e+01
1.378000e-05	1.062014e-02	-1.297523e+01
1.379000e-05	2.669808e-04	-1.316260e+01
1.380000e-05	1.073459e-04	-1.333192e+01
1.381000e-05	6.064804e-03	-1.346984e+01
1.382000e-05	-7.281560e-04	-1.360789e+01
1.383000e-05	4.907283e-03	-1.380468e+01
1.384000e-05	-5.473424e-03	-1.396502e+01
1.385000e-05	1.103079e-02	-1.407041e+01
1.386000e-05	-4.198566e-03	-1.422724e+01
1.387000e-05	5.106519e-03	-1.438410e+01
1.388000e-05	-1.439857e-03	-1.447842e+01
1.389000e-05	7.287244e-03	-1.461578e+01
1.390000e-05	-6.597368e-03	-1.470204e+01
1.391000e-05	-2.400848e-03	-1.484825e+01
1.392000e-05	2.904268e-03	-1.493002e+01
1.393000e-05	5.702187e-03	-1.505571e+01
1.394000e-05	4.865553e-03	-1.511152e+01
1.395000e-05	1.273752e-04	-1.519523e+01
1.396000e-05	6.203573e-04	-1.530984e+01
1.397000e-05	-2.373444e-03	-1.534515e+01
1.398000e-05	3.349303e-03	-1.543731e+01
1.399000e-05	1.822060e-03	-1.549091e+01
1.400000e-05	6.454222e-04	-1.555360e+01
1.401000e-05	-9.618687e-04	-1.562615e+01
1.402000e-05	4.912095e-04	-1.563788e+01
1.403000e-05	3.400415e-04	-1.566091e+01
1.404000e-05	5.741897e-04	-1.571299e+01
1.405000e-05	3.447331e-03	-1.575259e+01
1.406000e-05	2.230800e-03	-1.580363e+01
1.407000e-05	1.299230e-03	-1.576418e+01
1.408000e-05	2.190069e-04	-1.579578e+01
1.409000e-05	-9.286952e-05	-1.585771e+01
1.410000e-05	-1.071810e-03	-1.581670e+01
1.411000e-05	-1.023988e-03	-1.582616e+01
1.412000e-05	2.667096e-03	-1.581465e+01
1.413000e-05	2.871745e-03	-1.579618e+01
1.414000e-05	1.646671e-03	-1.576415e+01
1.415000e-05	-1.027364e-03	-1.573290e+01
1.416000e-05	5.158739e-04	-1.574236e+01
1.417000e-05	2.138323e-04	-1.567674e+01
1.418000e-05	1.206150e-03	-1.558820e+01
1.419000e-05	1.419781e-03	-1.556307e+01
1.420000e-05	1.177719e-03	-1.552196e+01
1.421000e-05	-2.985660e-04	-1.544776e+01
1.422000e-05	-5.154276e-04	-1.540305e+01
1.423000e-05	9.287348e-04	-1.529944e+01
1.424000e-05	8.659662e-04	-1.521669e+01
1.425000e-05	5.714246e-04	-1.510342e+01
1.426000e-05	4.516104e-04	-1.503731e+01
1.427000e-05	1.779083e-03	-1.501351e+01
1.428000e-05	-6.465730e-04	-1.488778e+01
1.429000e-05	-1.270845e-03	-1.474307e+01
1.430000e-05	-4.894356e-07	-1.462774e+01
1.431000e-05	1.011402e-03	-1.452152e+01
1.432000e-05	1.287736e-03	-1.440663e+01
1.433000e-05	1.556820e-03	-1.424982e+01
1.434000e-05	-3.144453e-04	-1.414308e+01
1.435000e-05	-7.869716e-04	-1.402615e+01
1.436000e-05	3.678323e-04	-1.386970e+01
1.437000e-05	-2.798953e-04	-1.370089e+01
1.438000e-05	-4.298680e-04	-1.351149e+01
1.439000e-05	-1.400059e-04	-1.340256e+01
1.440000e-05	-7.121999e-04	-1.322771e+01
1.441000e-05	-1.130567e-03	-1.306974e+01
1.442000e-05	-1.077074e-03	-1.292137e+01
1.443000e-05	8.694767e-04	-1.272090e+01
1.444000e-05	7.833993e-04	-1.258447e+01
1.445000e-05	-7.178740e-04	-1.236315e+01
1.446000e-05	-1.874844e-03	-1.221460e+01
1.447000e-05	-5.822071e-04	-1.202553e+01
1.448000e-05	-1.836213e-03	-1.178253e+01
1.449000e-05	-2.794957e-03	-1.156398e+01
1.450000e-05	-1.452183e-03	-1.132092e+01
1.451000e-05	6.576381e-04	-1.112026e+01
1.452000e-05	-1.069523e-03	-1.091037e+01
1.453000e-05	-2.673899e-03	-1.067787e+01
1.454000e-05	-2.508752e-03	-1.053981e+01
1.455000e-05	-2.006532e-03	-1.026871e+01
1.456000e-05	-2.195807e-03	-9.993679e+00
1.457000e-05	-1.214014e-03	-9.774078e+00
1.458000e-05	-2.205408e-03	-9.581599e+00
1.459000e-05	-3.136526e-03	-9.310882e+00
1.460000e-05	-3.101109e-03	-9.117891e+00
1.461000e-05	-3.148609e-03	-8.858783e+00
1.462000e-05	-2.644205e-03	-8.623607e+00
1.463000e-05	-2.736367e-03	-8.392444e+00
1.464000e-05	-2.814290e-03	-8.140367e+00
1.465000e-05	-3.171464e-03	-7.907637e+00
1.466000e-05	-3.163556e-03	-7.551492e+00
1.467000e-05	-4.705862e-03	-7.309190e+00
1.468000e-05	-3.015277e-03	-7.076155e+00
1.469000e-05	-3.919473e-03	-6.760346e+00
1.470000e-05	-3.011491e-03	-6.497785e+00
1.471000e-05	-4.131979e-03	-6.235059e+00
1.472000e-05	-2.369564e-03	-5.980370e+00
1.473000e-05	-5.088795e-03	-5.707812e+00
1.474000e-05	-3.302076e-03	-5.425100e+00
1.475000e-05	-5.241428e-03	-5.097784e+00
1.476000e-05	-2.935295e-03	-4.770952e+00
1.477000e-05	-4.166056e-03	-4.457204e+00
1.478000e-05	-1.794851e-03	-4.233108e+00
1.479000e-05	-4.752056e-03	-3.989896e+00
1.480000e-05	-4.309564e-03	-3.655158e+00
1.481000e-05	-4.902871e-03	-3.421955e+00
1.482000e-05	-4.682236e-03	-3.178296e+00
1.483000e-05	-5.645883e-03	-2.811975e+00
1.484000e-05	-4.079224e-03	-2.568895e+00
1.485000e-05	-4.361090e-03	-2.262058e+00
1.486000e-05	-4.388436e-03	-1.917823e+00
1.487000e-05	-5.340880e-03	-1.675108e+00
1.488000e-05	-4.446806e-03	-1.328315e+00
1.489000e-05	-4.034501e-03	-1.042102e+00
1.490000e-05	-4.923368e-03	-7.067948e-01
1.491000e-05	-4.387740e-03	-5.005513e-01
1.492000e-05	-4.105678e-03	-1.473460e-01
1.493000e-05	4.572364e-03	9.638448e-02
1.494000e-05	2.024201e-03	4.305765e-01
1.495000e-05	-3.269006e-03	6.646854e-01
1.496000e-05	1.523154e-03	9.299498e-01
1.497000e-05	-2.492712e-03	1.224182e+00
1.498000e-05	-4.258223e-04	1.517926e+00
1.499000e-05	-5.342472e-04	1.861659e+00
1.500000e-05	1.379401e-02	2.073157e+00
1.501000e-05	4.633883e-02	2.295292e+00
1.502000e-05	6.388966e-02	2.623283e+00
1.503000e-05	-8.504724e-02	2.981025e+00
1.504000e-05	-1.545133e-02	3.235761e+00
1.505000e-05	-3.779251e-02	3.570496e+00
1.506000e-05	4.297978e-03	3.833782e+00
1.507000e-05	-5.274958e-02	4.045686e+00
1.508000e-05	1.583968e-02	4.276443e+00
1.509000e-05	8.388477e-02	4.550002e+00
1.510000e-05	-9.820122e-02	4.846215e+00
1.511000e-05	5.713182e-02	5.120599e+00
1.512000e-05	5.167599e-02	5.465235e+00
1.513000e-05	-1.220662e-01	5.769545e+00
1.514000e-05	8.334486e-02	6.034131e+00
1.515000e-05	-4.059599e-02	6.289442e+00
1.516000e-05	5.823371e-02	6.531517e+00
1.517000e-05	-4.568115e-02	6.844734e+00
1.518000e-05	-2.382362e-02	7.118847e+00
1.519000e-05	3.225399e-02	7.384279e+00
1.520000e-05	-4.028000e-02	7.719317e+00
1.521000e-05	3.987577e-02	7.941022e+00
1.522000e-05	-4.875707e-02	8.226259e+00
1.523000e-05	5.217646e-02	8.446815e+00
1.524000e-05	-2.124079e-02	8.688916e+00
1.525000e-05	-2.071200e-02	8.962018e+00
1.526000e-05	2.256878e-02	9.164130e+00
1.527000e-05	-3.311102e-02	9.405207e+00
1.528000e-05	2.594888e-02	9.666339e+00
1.529000e-05	-3.108757e-02	9.877421e+00
1.530000e-05	2.576838e-02	1.015144e+01
1.531000e-05	-3.543637e-02	1.036360e+01
1.532000e-05	9.554566e-03	1.056416e+01
1.533000e-05	-9.931358e-03	1.082566e+01
1.534000e-05	2.951575e-03	1.102521e+01
1.535000e-05	-1.281865e-03	1.123726e+01
1.536000e-05	-1.659952e-02	1.146791e+01
1.537000e-05	8.664822e-03	1.164704e+01
1.538000e-05	-1.394313e-02	1.190987e+01
1.539000e-05	4.009319e-04	1.206031e+01
1.540000e-05	-1.825423e-02	1.229786e+01
1.541000e-05	1.590861e-02	1.246031e+01
1.542000e-05	-6.918370e-03	1.261580e+01
1.543000e-05	-6.498233e-03	1.278773e+01
1.544000e-05	-1.477997e-02	1.298368e+01
1.545000e-05	-9.210710e-04	1.316260e+01
1.546000e-05	-1.641354e-03	1.331944e+01
1.547000e-05	-1.113650e-02	1.346984e+01
1.548000e-05	-2.043217e-03	1.360728e+01
1.549000e-05	-7.096912e-03	1.379466e+01
1.550000e-05	7.581418e-04	1.396365e+01
1.551000e-05	-1.051363e-02	1.408939e+01
1.552000e-05	-2.462859e-03	1.426944e+01
1.553000e-05	-8.272262e-03	1.437458e+01
1.554000e-05	-3.532717e-03	1.453095e+01
1.555000e-05	-4.316232e-03	1.460421e+01
1.556000e-05	-8.519538e-03	1.471100e+01
1.557000e-05	-9.921412e-03	1.483678e+01
1.558000e-05	-9.343145e-03	1.496103e+01
1.559000e-05	1.256258e-03	1.502573e+01
1.560000e-05	-6.467138e-03	1.507090e+01
1.561000e-05	-4.797591e-03	1.515403e+01
1.562000e-05	-8.491705e-03	1.525831e+01
1.563000e-05	-3.014298e-03	1.536307e+01
1.564000e-05	-7.256937e-03	1.543781e+01
1.565000e-05	-7.518709e-03	1.551087e+01
1.566000e-05	-6.962529e-03	1.550104e+01
1.567000e-05	-8.004390e-03	1.559421e+01
1.568000e-05	-4.537884e-03	1.563773e+01
1.569000e-05	-7.764302e-03	1.567989e+01
1.570000e-05	-6.998444e-03	1.571044e+01
1.571000e-05	-8.972421e-03	1.574365e+01
1.572000e-05	-2.826750e-03	1.575465e+01
1.573000e-05	-5.334267e-03	1.579463e+01
1.574000e-05	-7.791798e-03	1.579505e+01
1.575000e-05	-7.839262e-03	1.578568e+01
1.576000e-05	-6.956593e-03	1.581823e+01
1.577000e-05	-6.208158e-03	1.580508e+01
1.578000e-05	-9.179255e-03	1.578515e+01
1.579000e-05	-6.410489e-03	1.577461e+01
1.580000e-05	-6.502861e-03	1.572253e+01
1.581000e-05	-6.565436e-03	1.574145e+01
1.582000e-05	-7.955785e-03	1.570982e+01
1.583000e-05	-7.149138e-03	1.563714e+01
1.584000e-05	-6.337978e-03	1.557521e+01
1.585000e-05	-7.573977e-03	1.553305e+01
1.586000e-05	-6.197951e-03	1.549077e+01
1.587000e-05	-8.483887e-03	1.541828e+01
1.588000e-05	-7.559943e-03	1.535553e+01
1.589000e-05	-8.122605e-03	1.528029e+01
1.590000e-05	-6.722549e-03	1.520615e+01
1.591000e-05	-6.251918e-03	1.512294e+01
1.592000e-05	-7.472639e-03	1.502781e+01
1.593000e-05	-6.828552e-03	1.496245e+01
1.594000e-05	-7.581441e-03	1.482726e+01
1.595000e-05	-7.474268e-03	1.471245e+01
1.596000e-05	-9.992552e-03	1.462469e+01
1.597000e-05	-5.788275e-03	1.449087e+01
1.598000e-05	-7.364973e-03	1.434608e+01
1.599000e-05	-5.473201e-03	1.423029e+01
1.600000e-05	-9.133147e-03	1.408989e+01
1.601000e-05	-6.967198e-03	1.395600e+01
1.602000e-05	-8.164502e-03	1.384568e+01
1.603000e-05	-7.217925e-03	1.368874e+01
1.604000e-05	-7.954417e-03	1.351139e+01
1.605000e-05	-7.001022e-03	1.335452e+01
1.606000e-05	-7.534606e-03	1.320471e+01
1.607000e-05	-6.322556e-03	1.304671e+01
1.608000e-05	-7.712677e-03	1.288831e+01
1.609000e-05	-7.066987e-03	1.267892e+01
1.610000e-05	-6.661890e-03	1.253097e+01
1.611000e-05	-8.901740e-03	1.234190e+01
1.612000e-05	-5.422228e-03	1.218155e+01
1.613000e-05	-8.200940e-03	1.199400e+01
1.614000e-05	-4.607910e-03	1.176248e+01
1.615000e-05	-7.363176e-03	1.156192e+01
1.616000e-05	-6.255836e-03	1.129992e+01
1.617000e-05	-5.763709e-03	1.108882e+01
1.618000e-05	-7.841631e-03	1.090981e+01
1.619000e-05	-6.950178e-03	1.068774e+01
1.620000e-05	-8.226836e-03	1.043674e+01
1.621000e-05	-7.015985e-03	1.021461e+01
1.622000e-05	-5.802114e-03	1.000461e+01
1.623000e-05	-6.071863e-03	9.763903e+00
1.624000e-05	-4.714031e-03	9.518790e+00
1.625000e-05	-6.316786e-03	9.328816e+00
1.626000e-05	-5.926058e-03	9.057737e+00
1.627000e-05	-7.538178e-03	8.834708e+00
1.628000e-05	-6.140998e-03	8.542500e+00
1.629000e-05	-7.014003e-03	8.341395e+00
1.630000e-05	-6.099558e-03	8.088343e+00
1.631000e-05	-5.779249e-03	7.805228e+00
1.632000e-05	-5.430252e-03	7.561977e+00
1.633000e-05	-5.510818e-03	7.247235e+00
1.634000e-05	-6.321071e-03	7.024555e+00
1.635000e-05	-5.280672e-03	6.750471e+00
1.636000e-05	-5.817564e-03	6.476813e+00
1.637000e-05	-5.109746e-03	6.202580e+00
1.638000e-05	-6.816202e-03	5.999000e+00
1.639000e-05	-6.323021e-03	5.685655e+00
1.640000e-05	-6.310772e-03	5.403050e+00
1.641000e-05	-5.296540e-03	5.096134e+00
1.642000e-05	-5.600597e-03	4.749448e+00
1.643000e-05	-5.862926e-03	4.465760e+00
1.644000e-05	-4.853920e-03	4.210984e+00
1.645000e-05	-5.091311e-03	3.887663e+00
1.646000e-05	-5.906464e-03	3.631154e+00
1.647000e-05	-5.818499e-03	3.317895e+00
1.648000e-05	-6.292431e-03	3.044585e+00
1.649000e-05	-6.672418e-03	2.831001e+00
1.650000e-05	-6.038859e-03	2.506613e+00
1.651000e-05	-5.144900e-03	2.168903e+00
1.652000e-05	-4.883136e-03	1.928217e+00
1.653000e-05	-4.980819e-03	1.648925e+00
1.654000e-05	-4.962970e-03	1.315239e+00
1.655000e-05	-4.543119e-03	9.614023e-01
1.656000e-05	-4.748356e-03	6.856355e-01
1.657000e-05	-5.650736e-03	4.099987e-01
1.658000e-05	-3.742316e-03	6.553790e-02
1.659000e-05	2.955422e-03	-1.889750e-01
1.660000e-05	4.966398e-03	-4.110815e-01
1.661000e-05	-4.448520e-03	-7.059009e-01
1.662000e-05	2.406686e-03	-1.018521e+00
1.663000e-05	-4.818530e-03	-1.304731e+00
1.664000e-05	8.375502e-04	-1.580976e+00
1.665000e-05	5.258362e-03	-1.841131e+00
1.666000e-05	3.519073e-02	-2.043654e+00
1.667000e-05	9.513046e-02	-2.388550e+00
1.668000e-05	-7.208070e-02	-2.746488e+00
1.669000e-05	-2.097521e-02	-3.126442e+00
1.670000e-05	-3.110758e-02	-3.441677e+00
1.671000e-05	-9.908639e-03	-3.641082e+00
1.672000e-05	-8.209387e-02	-3.905842e+00
1.673000e-05	7.711677e-02	-4.117337e+00
1.674000e-05	9.593017e-02	-4.296340e+00
1.675000e-05	-1.712612e-01	-4.622355e+00
1.676000e-05	1.993129e-01	-4.877836e+00
1.677000e-05	-1.393462e-01	-5.152648e+00
1.678000e-05	3.895836e-02	-5.538496e+00
1.679000e-05	2.908336e-02	-5.770974e+00
1.680000e-05	-8.122819e-02	-6.047835e+00
1.681000e-05	1.630333e-01	-6.358997e+00
1.682000e-05	-1.425796e-01	-6.613655e+00
1.683000e-05	6.404690e-02	-6.938911e+00
1.684000e-05	-2.352295e-02	-7.193202e+00
1.685000e-05	-4.031585e-02	-7.486335e+00
1.686000e-05	9.298718e-02	-7.739489e+00
1.687000e-05	-9.760902e-02	-8.054230e+00
1.688000e-05	1.480329e-01	-8.264288e+00
1.689000e-05	-1.282305e-01	-8.528988e+00
1.690000e-05	5.974011e-02	-8.822654e+00
1.691000e-05	-1.147766e-02	-9.024652e+00
1.692000e-05	-1.309421e-02	-9.276211e+00
1.693000e-05	4.478322e-02	-9.489436e+00
1.694000e-05	-6.475589e-02	-9.740497e+00
1.695000e-05	8.246853e-02	-9.941949e+00
1.696000e-05	-7.328695e-02	-1.019520e+01
1.697000e-05	5.804953e-02	-1.044676e+01
1.698000e-05	-4.694513e-02	-1.062628e+01
1.699000e-05	4.142146e-02	-1.086628e+01
1.700000e-05	-1.344610e-02	-1.106786e+01
1.701000e-05	-3.280481e-04	-1.130989e+01
1.702000e-05	1.481345e-02	-1.147094e+01
1.703000e-05	-1.883011e-02	-1.173287e+01
1.704000e-05	1.378796e-02	-1.192107e+01
1.705000e-05	-2.181231e-02	-1.217002e+01
1.706000e-05	3.937731e-02	-1.231147e+01
1.707000e-05	-1.445901e-02	-1.253099e+01
1.708000e-05	1.409879e-02	-1.270042e+01
1.709000e-05	-2.131584e-02	-1.287739e+01
1.710000e-05	1.852325e-02	-1.304731e+01
1.711000e-05	-1.149104e-02	-1.322470e+01
1.712000e-05	9.457628e-03	-1.339457e+01
1.713000e-05	-2.179245e-03	-1.354244e+01
1.714000e-05	6.748564e-03	-1.372097e+01
1.715000e-05	-1.250651e-03	-1.381676e+01
1.716000e-05	6.305674e-04	-1.400673e+01
1.717000e-05	5.571181e-03	-1.413244e+01
1.718000e-05	-1.666880e-03	-1.427939e+01
1.719000e-05	3.037056e-03	-1.438418e+01
1.720000e-05	7.741003e-04	-1.448992e+01
1.721000e-05	4.672988e-03	-1.461824e+01
1.722000e-05	-5.645885e-03	-1.477352e+01
1.723000e-05	-7.352234e-04	-1.484878e+01
1.724000e-05	1.426180e-03	-1.492202e+01
1.725000e-05	6.067728e-03	-1.503881e+01
1.726000e-05	3.806007e-03	-1.512250e+01
1.727000e-05	7.318119e-04	-1.521618e+01
1.728000e-05	-1.006821e-03	-1.527146e+01
1.729000e-05	1.548077e-04	-1.536507e+01
1.730000e-05	2.725302e-03	-1.543876e+01
1.731000e-05	2.210275e-03	-1.553237e+01
1.732000e-05	-8.481187e-04	-1.558465e+01
1.733000e-05	9.807088e-04	-1.563816e+01
1.734000e-05	4.861574e-04	-1.568991e+01
1.735000e-05	3.751541e-04	-1.571139e+01
1.736000e-05	8.696847e-04	-1.572097e+01
1.737000e-05	2.862661e-03	-1.575305e+01
1.738000e-05	2.327248e-03	-1.580560e+01
1.739000e-05	-6.232213e-05	-1.581508e+01
1.740000e-05	9.386336e-04	-1.580718e+01
1.741000e-05	-7.111714e-04	-1.583781e+01
1.742000e-05	-8.205626e-04	-1.582673e+01
1.743000e-05	1.007957e-04	-1.583615e+01
1.744000e-05	2.659442e-03	-1.581825e+01
1.745000e-05	2.518791e-03	-1.581462e+01
1.746000e-05	-5.365429e-04	-1.576152e+01
1.747000e-05	8.682903e-05	-1.571140e+01
1.748000e-05	5.055245e-04	-1.570229e+01
1.749000e-05	1.442699e-03	-1.566673e+01
1.750000e-05	7.026655e-04	-1.559555e+01
1.751000e-05	1.822862e-03	-1.552502e+01
1.752000e-05	3.320438e-04	-1.547946e+01
1.753000e-05	-3.022116e-04	-1.542825e+01
1.754000e-05	-3.320528e-04	-1.538307e+01
1.755000e-05	1.838596e-03	-1.530084e+01
1.756000e-05	1.136411e-03	-1.516410e+01
1.757000e-05	7.178818e-04	-1.510189e+01
1.758000e-05	6.698853e-04	-1.506723e+01
1.759000e-05	-7.726535e-05	-1.499260e+01
1.760000e-05	-9.000137e-04	-1.486775e+01
1.761000e-05	-3.317895e-04	-1.474249e+01
1.762000e-05	6.479477e-04	-1.461666e+01
1.763000e-05	9.861578e-04	-1.452034e+01
1.764000e-05	1.347446e-03	-1.440458e+01
1.765000e-05	2.802599e-04	-1.424766e+01
1.766000e-05	-9.901387e-04	-1.412144e+01
1.767000e-05	-8.472444e-04	-1.394300e+01
1.768000e-05	5.595213e-04	-1.380708e+01
1.769000e-05	5.820862e-04	-1.369824e+01
1.770000e-05	-5.403107e-04	-1.349137e+01
1.771000e-05	-5.952792e-04	-1.336308e+01
1.772000e-05	-1.787335e-03	-1.319568e+01
1.773000e-05	-5.573101e-04	-1.302421e+01
1.774000e-05	1.213342e-04	-1.287029e+01
1.775000e-05	1.549927e-04	-1.270924e+01
1.776000e-05	-7.418225e-04	-1.253044e+01
1.777000e-05	-9.287205e-04	-1.235052e+01
1.778000e-05	-1.043918e-03	-1.213997e+01
1.779000e-05	-1.837976e-03	-1.196298e+01
1.780000e-05	-2.585424e-03	-1.173092e+01
1.781000e-05	-1.154353e-03	-1.153097e+01
1.782000e-05	-3.571407e-05	-1.128828e+01
1.783000e-05	-5.589127e-04	-1.102708e+01
1.784000e-05	-1.704485e-03	-1.080613e+01
1.785000e-05	-2.521387e-03	-1.065661e+01
1.786000e-05	-2.456260e-03	-1.045573e+01
1.787000e-05	-2.551046e-03	-1.021503e+01
1.788000e-05	-1.244401e-03	-9.951572e+00
1.789000e-05	-1.813841e-03	-9.750951e+00
1.790000e-05	-2.739919e-03	-9.549943e+00
1.791000e-05	-2.892388e-03	-9.257338e+00
1.792000e-05	-2.311354e-03	-9.064235e+00
1.793000e-05	-1.766213e-03	-8.832405e+00
1.794000e-05	-2.281734e-03	-8.582971e+00
1.795000e-05	-2.412172e-03	-8.317363e+00
1.796000e-05	-3.091806e-03	-8.076336e+00
1.797000e-05	-2.832321e-03	-7.833530e+00
1.798000e-05	-2.918102e-03	-7.527367e+00
1.799000e-05	-3.649534e-03	-7.234087e+00
1.800000e-05	-3.470031e-03	-6.982344e+00
1.801000e-05	-3.883633e-03	-6.738368e+00
1.802000e-05	-1.937278e-03	-6.455083e+00
1.803000e-05	-3.681225e-03	-6.142825e+00
1.804000e-05	-3.177824e-03	-5.916766e+00
1.805000e-05	-5.335644e-03	-5.633154e+00
1.806000e-05	-2.212334e-03	-5.289241e+00
1.807000e-05	-4.877675e-03	-5.014075e+00
1.808000e-05	-2.185665e-03	-4.716708e+00
1.809000e-05	-4.969759e-03	-4.432625e+00
1.810000e-05	-3.501278e-03	-4.182498e+00
1.811000e-05	-4.942180e-03	-3.917261e+00
1.812000e-05	-4.802170e-03	-3.610571e+00
1.813000e-05	-4.086330e-03	-3.389345e+00
1.814000e-05	-5.731968e-03	-3.043529e+00
1.815000e-05	-4.305327e-03	-2.768296e+00
1.816000e-05	-4.170172e-03	-2.465110e+00
1.817000e-05	-3.674776e-03	-2.169869e+00
1.818000e-05	-6.068097e-03	-1.885660e+00
1.819000e-05	-4.515614e-03	-1.601551e+00
1.820000e-05	-4.626838e-03	-1.264104e+00
1.821000e-05	-3.023624e-03	-9.382657e-01
1.822000e-05	-5.623001e-03	-6.941555e-01
1.823000e-05	-3.507344e-03	-3.883449e-01
1.824000e-05	-3.882996e-03	-9.523809e-02
1.825000e-05	7.616364e-03	1.695526e-01
1.826000e-05	-2.343100e-03	4.831342e-01
1.827000e-05	1.197289e-03	6.854411e-01
1.828000e-05	-1.863219e-03	1.030678e+00
1.829000e-05	-1.260941e-04	1.294864e+00
1.830000e-05	-4.830319e-03	1.652780e+00
1.831000e-05	5.403690e-03	1.895811e+00
1.832000e-05	1.451345e-02	2.115763e+00
1.833000e-05	6.812822e-02	2.380605e+00
1.834000e-05	2.532583e-02	2.747499e+00
1.835000e-05	-7.963512e-02	3.044262e+00
1.836000e-05	-1.436785e-02	3.338999e+00
1.837000e-05	-3.007941e-02	3.652183e+00
1.838000e-05	-4.740263e-03	3.916239e+00
1.839000e-05	-4.829813e-02	4.127793e+00
1.840000e-05	3.665769e-02	4.340019e+00
1.841000e-05	7.619261e-02	4.612756e+00
1.842000e-05	-1.339234e-01	4.960979e+00
1.843000e-05	1.367226e-01	5.215257e+00
1.844000e-05	-6.031926e-02	5.549849e+00
1.845000e-05	-4.312817e-02	5.823205e+00
1.846000e-05	4.698717e-02	6.108390e+00
1.847000e-05	-2.219306e-02	6.329970e+00
1.848000e-05	4.760443e-02	6.594706e+00
1.849000e-05	-6.519284e-02	6.889394e+00
1.850000e-05	1.157138e-02	7.193131e+00
1.851000e-05	2.546513e-03	7.506867e+00
1.852000e-05	-1.505613e-02	7.750977e+00
1.853000e-05	2.114166e-02	7.999263e+00
1.854000e-05	-3.450853e-02	8.277845e+00
1.855000e-05	5.268274e-02	8.509942e+00
1.856000e-05	-4.067168e-02	8.740499e+00
1.857000e-05	-1.853644e-03	8.984651e+00
1.858000e-05	5.831535e-03	9.255811e+00
1.859000e-05	-2.068087e-02	9.497345e+00
1.860000e-05	2.125311e-02	9.741473e+00
1.861000e-05	-2.469362e-02	9.919603e+00
1.862000e-05	1.760754e-02	1.020408e+01
1.863000e-05	-3.444416e-02	1.039616e+01
1.864000e-05	1.327950e-02	1.061784e+01
1.865000e-05	-1.065368e-02	1.087629e+01
1.866000e-05	3.376252e-03	1.106728e+01
1.867000e-05	-5.699696e-03	1.128894e+01
1.868000e-05	-1.345137e-02	1.153994e+01
1.869000e-05	9.351310e-03	1.167405e+01
1.870000e-05	-1.478652e-02	1.192095e+01
1.871000e-05	-1.056970e-03	1.212204e+01
1.872000e-05	-1.465589e-02	1.229994e+01
1.873000e-05	1.376428e-02	1.251044e+01
1.874000e-05	-7.758047e-03	1.264034e+01
1.875000e-05	-1.072617e-02	1.287788e+01
1.876000e-05	-9.427662e-03	1.303566e+01
1.877000e-05	-1.223737e-03	1.315423e+01
1.878000e-05	-1.113957e-03	1.334250e+01
1.879000e-05	-1.287952e-02	1.351100e+01
1.880000e-05	-9.431909e-04	1.368844e+01
1.881000e-05	-6.371720e-03	1.382671e+01
1.882000e-05	-1.228351e-03	1.397666e+01
1.883000e-05	-1.061171e-02	1.415497e+01
1.884000e-05	-4.074830e-03	1.426889e+01
1.885000e-05	-6.986120e-03	1.442821e+01
1.886000e-05	-4.044043e-03	1.451453e+01
1.887000e-05	-2.731280e-03	1.460679e+01
1.888000e-05	-1.188058e-02	1.474358e+01
1.889000e-05	-6.495317e-03	1.477736e+01
1.890000e-05	-8.258672e-03	1.491202e+01
1.891000e-05	2.744198e-04	1.503881e+01
1.892000e-05	-7.322292e-03	1.508097e+01
1.893000e-05	-5.920997e-03	1.518620e+01
1.894000e-05	-5.867378e-03	1.528039e+01
1.895000e-05	-6.945522e-03	1.536510e+01
1.896000e-05	-6.040713e-03	1.544829e+01
1.897000e-05	-8.141869e-03	1.548087e+01
1.898000e-05	-5.496892e-03	1.556408e+01
1.899000e-05	-8.429954e-03	1.557318e+01
1.900000e-05	-5.083878e-03	1.563884e+01
1.901000e-05	-8.162664e-03	1.567039e+01
1.902000e-05	-8.053369e-03	1.572994e+01
1.903000e-05	-5.917996e-03	1.575207e+01
1.904000e-05	-2.931331e-03	1.579415e+01
1.905000e-05	-5.909851e-03	1.581411e+01
1.906000e-05	-1.009327e-02	1.580610e+01
1.907000e-05	-6.146130e-03	1.579865e+01
1.908000e-05	-6.542503e-03	1.581710e+01
1.909000e-05	-6.646556e-03	1.578458e+01
1.910000e-05	-9.989038e-03	1.576665e+01
1.911000e-05	-4.813665e-03	1.575405e+01
1.912000e-05	-5.426912e-03	1.575202e+01
1.913000e-05	-6.868879e-03	1.569245e+01
1.914000e-05	-8.824261e-03	1.569737e+01
1.915000e-05	-7.955665e-03	1.563569e+01
1.916000e-05	-6.375074e-03	1.555524e+01
1.917000e-05	-7.625994e-03	1.554337e+01
1.918000e-05	-6.575369e-03	1.548027e+01
1.919000e-05	-8.260661e-03	1.542666e+01
1.920000e-05	-7.578948e-03	1.534405e+01
1.921000e-05	-7.464638e-03	1.524888e+01
1.922000e-05	-6.305784e-03	1.519608e+01
1.923000e-05	-6.537321e-03	1.505137e+01
1.924000e-05	-8.831326e-03	1.502861e+01
1.925000e-05	-5.994547e-03	1.492184e+01
1.926000e-05	-8.367779e-03	1.483620e+01
1.927000e-05	-7.113286e-03	1.469179e+01
1.928000e-05	-9.723545e-03	1.460368e+01
1.929000e-05	-5.539800e-03	1.449942e+01
1.930000e-05	-7.576276e-03	1.433497e+01
1.931000e-05	-6.951842e-03	1.422721e+01
1.932000e-05	-8.574893e-03	1.403836e+01
1.933000e-05	-6.980981e-03	1.394232e+01
1.934000e-05	-7.321051e-03	1.379510e+01
1.935000e-05	-6.755016e-03	1.364823e+01
1.936000e-05	-7.943583e-03	1.343979e+01
1.937000e-05	-7.301361e-03	1.334097e+01
1.938000e-05	-7.319053e-03	1.313345e+01
1.939000e-05	-6.912242e-03	1.300503e+01
1.940000e-05	-6.641474e-03	1.283721e+01
1.941000e-05	-6.679123e-03	1.261571e+01
1.942000e-05	-7.262115e-03	1.250876e+01
1.943000e-05	-6.915875e-03	1.226979e+01
1.944000e-05	-7.439602e-03	1.209230e+01
1.945000e-05	-6.291237e-03	1.189042e+01
1.946000e-05	-7.263477e-03	1.174082e+01
1.947000e-05	-6.258407e-03	1.147026e+01
1.948000e-05	-6.891330e-03	1.124824e+01
1.949000e-05	-6.992256e-03	1.105558e+01
1.950000e-05	-6.547866e-03	1.086766e+01
1.951000e-05	-6.247624e-03	1.062719e+01
1.952000e-05	-5.596730e-03	1.040658e+01
1.953000e-05	-6.912862e-03	1.018251e+01
1.954000e-05	-6.822146e-03	9.982824e+00
1.955000e-05	-6.328862e-03	9.699844e+00
1.956000e-05	-5.530937e-03	9.426688e+00
1.957000e-05	-8.817283e-03	9.257211e+00
1.958000e-05	-4.211571e-03	9.025631e+00
1.959000e-05	-8.634344e-03	8.740973e+00
1.960000e-05	-4.235623e-03	8.539389e+00
1.961000e-05	-7.234228e-03	8.256738e+00
1.962000e-05	-5.233904e-03	8.014103e+00
1.963000e-05	-5.122713e-03	7.771999e+00
1.964000e-05	-7.025253e-03	7.518217e+00
1.965000e-05	-4.533021e-03	7.222578e+00
1.966000e-05	-6.883302e-03	6.958946e+00
1.967000e-05	-5.945423e-03	6.707192e+00
1.968000e-05	-6.973390e-03	6.412021e+00
1.969000e-05	-7.029750e-03	6.149820e+00
1.970000e-05	-5.271153e-03	5.937793e+00
1.971000e-05	-6.595572e-03	5.581499e+00
1.972000e-05	-5.306152e-03	5.328396e+00
1.973000e-05	-7.039397e-03	4.972425e+00
1.974000e-05	-4.783397e-03	4.696664e+00
1.975000e-05	-4.710388e-03	4.411475e+00
1.976000e-05	-6.706359e-03	4.116342e+00
1.977000e-05	-6.499525e-03	3.814080e+00
1.978000e-05	-6.152696e-03	3.609850e+00
1.979000e-05	-4.878696e-03	3.335859e+00
1.980000e-05	-5.779908e-03	2.989899e+00
1.981000e-05	-6.006921e-03	2.738320e+00
1.982000e-05	-5.385972e-03	2.410953e+00
1.983000e-05	-5.146171e-03	2.086815e+00
1.984000e-05	-4.759096e-03	1.825535e+00
1.985000e-05	-6.181360e-03	1.557270e+00
1.986000e-05	-5.692422e-03	1.213006e+00
1.987000e-05	-5.151847e-03	9.056554e-01
1.988000e-05	-5.131506e-03	5.794511e-01
1.989000e-05	-4.494589e-03	3.448445e-01
1.990000e-05	-2.498110e-03	1.195137e-02
1.991000e-05	6.920256e-03	-2.511780e-01
1.992000e-05	-3.024195e-04	-4.563120e-01
1.993000e-05	1.415784e-04	-8.100540e-01
1.994000e-05	-1.518425e-03	-1.063131e+00
1.995000e-05	-5.282670e-04	-1.359949e+00
1.996000e-05	-2.365142e-03	-1.643130e+00
1.997000e-05	1.399447e-02	-1.895263e+00
1.998000e-05	4.630719e-02	-2.125815e+00
1.999000e-05	8.125853e-02	-2.454681e+00
2.000000e-05	-1.011938e-01	-2.841605e+00
2.001000e-05	1.146957e-02	-3.231197e+00
2.002000e-05	-5.053795e-02	-3.485311e+00
2.003000e-05	-1.408029e-04	-3.694836e+00
2.004000e-05	-1.006370e-01	-3.980526e+00
2.005000e-05	1.556092e-01	-4.148444e+00
2.006000e-05	-2.428777e-02	-4.381546e+00
2.007000e-05	-9.594640e-02	-4.718941e+00
2.008000e-05	1.825102e-01	-4.929918e+00
2.009000e-05	-1.872210e-01	-5.307934e+00
2.010000e-05	1.240059e-01	-5.613606e+00
2.011000e-05	-6.987276e-02	-5.823728e+00
2.012000e-05	1.053159e-02	-6.160521e+00
2.013000e-05	1.080983e-01	-6.433181e+00
2.014000e-05	-1.450611e-01	-6.708312e+00
2.015000e-05	1.097337e-01	-6.981098e+00
2.016000e-05	-9.382802e-02	-7.246313e+00
2.017000e-05	4.091476e-02	-7.551449e+00
2.018000e-05	2.124158e-02	-7.793600e+00
2.019000e-05	-3.701085e-02	-8.119467e+00
2.020000e-05	1.143261e-01	-8.307923e+00
2.021000e-05	-1.402210e-01	-8.573199e+00
2.022000e-05	1.039422e-01	-8.865808e+00
2.023000e-05	-6.530630e-02	-9.107883e+00
2.024000e-05	4.384895e-02	-9.379945e+00
2.025000e-05	-1.270616e-02	-9.538097e+00
2.026000e-05	-1.626927e-02	-9.792649e+00
2.027000e-05	5.074452e-02	-1.003515e+01
2.028000e-05	-5.767714e-02	-1.021736e+01
2.029000e-05	5.432261e-02	-1.046991e+01
2.030000e-05	-5.404592e-02	-1.070039e+01
2.031000e-05	5.966621e-02	-1.091894e+01
2.032000e-05	-3.857859e-02	-1.113144e+01
2.033000e-05	2.635289e-02	-1.133100e+01
2.034000e-05	-1.065212e-02	-1.159407e+01
2.035000e-05	1.552428e-03	-1.180421e+01
2.036000e-05	-3.780397e-03	-1.199568e+01
2.037000e-05	-2.744010e-03	-1.221370e+01
2.038000e-05	2.924155e-02	-1.237205e+01
2.039000e-05	-1.323809e-02	-1.256357e+01
2.040000e-05	8.459059e-03	-1.273403e+01
2.041000e-05	-1.649450e-02	-1.294097e+01
2.042000e-05	1.833938e-02	-1.307939e+01
2.043000e-05	-1.181388e-02	-1.326878e+01
2.044000e-05	1.039039e-02	-1.337660e+01
2.045000e-05	-4.146642e-03	-1.355312e+01
2.046000e-05	9.539241e-03	-1.372302e+01
2.047000e-05	-6.233076e-03	-1.387991e+01
2.048000e-05	5.276063e-03	-1.402730e+01
2.049000e-05	3.273843e-03	-1.414310e+01
2.050000e-05	1.302941e-04	-1.429052e+01
2.051000e-05	2.886263e-03	-1.441776e+01
2.052000e-05	3.227900e-03	-1.458215e+01
2.053000e-05	8.484699e-04	-1.466079e+01
2.054000e-05	-6.378688e-03	-1.478468e+01
2.055000e-05	1.364245e-04	-1.487886e+01
2.056000e-05	3.911832e-03	-1.497515e+01
2.057000e-05	4.065368e-03	-1.507031e+01
2.058000e-05	2.317345e-03	-1.511158e+01
2.059000e-05	2.659684e-03	-1.525832e+01
2.060000e-05	1.419963e-03	-1.527989e+01
2.061000e-05	1.157044e-03	-1.540478e+01
2.062000e-05	-6.038758e-04	-1.542926e+01
2.063000e-05	9.393021e-04	-1.550405e+01
2.064000e-05	-9.010003e-04	-1.558459e+01
2.065000e-05	2.493685e-03	-1.566673e+01
2.066000e-05	-5.429998e-04	-1.564978e+01
2.067000e-05	-1.399667e-04	-1.570146e+01
2.068000e-05	2.451186e-03	-1.572255e+01
2.069000e-05	5.335690e-03	-1.573258e+01
2.070000e-05	1.932841e-03	-1.579560e+01
2.071000e-05	-2.868270e-03	-1.581470e+01
2.072000e-05	-9.161751e-04	-1.579575e+01
2.073000e-05	1.497951e-03	-1.581781e+01
2.074000e-05	1.787241e-03	-1.585578e+01
2.075000e-05	-6.076889e-04	-1.583563e+01
2.076000e-05	7.731587e-04	-1.580520e+01
2.077000e-05	2.218546e-03	-1.575565e+01
2.078000e-05	2.494759e-03	-1.575368e+01
2.079000e-05	1.396717e-03	-1.571239e+01
2.080000e-05	-5.317534e-04	-1.567941e+01
2.081000e-05	-1.513244e-03	-1.565980e+01
2.082000e-05	8.481168e-04	-1.553617e+01
2.083000e-05	3.696233e-03	-1.552397e+01
2.084000e-05	1.317072e-03	-1.547991e+01
2.085000e-05	-1.185477e-03	-1.542625e+01
2.086000e-05	-1.429709e-03	-1.535447e+01
2.087000e-05	2.572847e-03	-1.520784e+01
2.088000e-05	2.409669e-03	-1.514555e+01
2.089000e-05	-4.936515e-04	-1.510281e+01
2.090000e-05	-1.971348e-03	-1.501473e+01
2.091000e-05	-7.242492e-04	-1.488244e+01
2.092000e-05	2.110433e-03	-1.482515e+01
2.093000e-05	1.139310e-03	-1.474194e+01
2.094000e-05	-4.286708e-04	-1.459358e+01
2.095000e-05	-9.551809e-04	-1.447884e+01
2.096000e-05	1.312040e-03	-1.432199e+01
2.097000e-05	1.182085e-03	-1.421773e+01
2.098000e-05	-2.228073e-04	-1.407978e+01
2.099000e-05	-2.528084e-03	-1.392360e+01
2.100000e-05	-1.536957e-03	-1.381405e+01
2.101000e-05	7.340199e-04	-1.361673e+01
2.102000e-05	1.504500e-03	-1.346874e+01
2.103000e-05	-1.157400e-03	-1.333094e+01
2.104000e-05	-2.952527e-03	-1.316500e+01
2.105000e-05	-1.771341e-03	-1.302565e+01
2.106000e-05	1.539552e-03	-1.281615e+01
2.107000e-05	7.033386e-04	-1.266771e+01
2.108000e-05	-1.028302e-03	-1.242880e+01
2.109000e-05	-3.082219e-03	-1.228926e+01
2.110000e-05	-2.098337e-03	-1.212032e+01
2.111000e-05	-1.934692e-03	-1.190929e+01
2.112000e-05	-1.539202e-03	-1.168989e+01
2.113000e-05	-2.208318e-03	-1.145726e+01
2.114000e-05	-7.175278e-04	-1.121663e+01
2.115000e-05	-1.658924e-03	-1.100570e+01
2.116000e-05	-1.133486e-03	-1.078415e+01
2.117000e-05	-2.755738e-03	-1.059350e+01
2.118000e-05	-2.510840e-03	-1.042308e+01
2.119000e-05	-4.074338e-03	-1.009095e+01
2.120000e-05	-7.913150e-04	-9.908914e+00
2.121000e-05	-1.414897e-03	-9.717286e+00
2.122000e-05	-2.721807e-03	-9.507758e+00
2.123000e-05	-5.043399e-03	-9.187179e+00
2.124000e-05	-2.961749e-03	-8.994601e+00
2.125000e-05	-1.711771e-03	-8.782550e+00
2.126000e-05	-1.352065e-03	-8.517811e+00
2.127000e-05	-2.849328e-03	-8.256133e+00
2.128000e-05	-3.989737e-03	-8.034104e+00
2.129000e-05	-3.557272e-03	-7.751967e+00
2.130000e-05	-4.289657e-03	-7.444107e+00
2.131000e-05	-2.658595e-03	-7.201898e+00
2.132000e-05	-3.511398e-03	-6.889317e+00
2.133000e-05	-3.583756e-03	-6.665681e+00
2.134000e-05	-3.876461e-03	-6.392000e+00
2.135000e-05	-3.373410e-03	-6.106815e+00
2.136000e-05	-2.938341e-03	-5.854153e+00
2.137000e-05	-4.320805e-03	-5.570315e+00
2.138000e-05	-1.856834e-03	-5.274708e+00
2.139000e-05	-4.360553e-03	-4.969421e+00
2.140000e-05	-2.558855e-03	-4.591976e+00
2.141000e-05	-4.825537e-03	-4.411370e+00
2.142000e-05	-4.273714e-03	-4.088242e+00
2.143000e-05	-4.283987e-03	-3.853030e+00
2.144000e-05	-4.787134e-03	-3.549346e+00
2.145000e-05	-4.006171e-03	-3.276632e+00
2.146000e-05	-5.383508e-03	-2.987815e+00
2.147000e-05	-2.878159e-03	-2.685684e+00
2.148000e-05	-4.172235e-03	-2.422022e+00
2.149000e-05	-3.158622e-03	-2.096181e+00
2.150000e-05	-5.434000e-03	-1.852501e+00
2.151000e-05	-3.384368e-03	-1.557362e+00
2.152000e-05	-5.851357e-03	-1.168421e+00
2.153000e-05	-4.075898e-03	-9.147617e-01
2.154000e-05	-6.322736e-03	-6.104451e-01
2.155000e-05	-2.968896e-03	-3.147107e-01
2.156000e-05	-1.944666e-03	-5.255525e-02
2.157000e-05	8.482812e-03	2.732894e-01
2.158000e-05	-5.949982e-03	5.458709e-01
2.159000e-05	3.835185e-03	7.496305e-01
2.160000e-05	-4.335507e-03	1.075340e+00
2.161000e-05	1.414478e-03	1.359975e+00
2.162000e-05	-6.770824e-03	1.679263e+00
2.163000e-05	1.146176e-02	1.936895e+00
2.164000e-05	1.772552e-02	2.170045e+00
2.165000e-05	8.476067e-02	2.435205e+00
2.166000e-05	-2.353391e-02	2.852583e+00
2.167000e-05	-5.870862e-02	3.127893e+00
2.168000e-05	-2.292995e-02	3.414280e+00
2.169000e-05	-1.457493e-02	3.676289e+00
2.170000e-05	-2.327144e-02	3.917976e+00
2.171000e-05	-3.204123e-02	4.161228e+00
2.172000e-05	5.541435e-02	4.414175e+00
2.173000e-05	3.811539e-02	4.690047e+00
2.174000e-05	-1.187233e-01	5.031631e+00
2.175000e-05	1.796279e-01	5.267394e+00
2.176000e-05	-1.406659e-01	5.624581e+00
2.177000e-05	3.205248e-02	5.816864e+00
2.178000e-05	-2.156573e-03	6.160526e+00
2.179000e-05	1.394222e-02	6.394654e+00
2.180000e-05	2.450574e-02	6.697871e+00
2.181000e-05	-6.847361e-02	6.981023e+00
2.182000e-05	3.811040e-02	7.285735e+00
2.183000e-05	-2.862832e-02	7.540426e+00
2.184000e-05	1.480234e-02	7.836657e+00
2.185000e-05	-1.085022e-02	8.096470e+00
2.186000e-05	-4.094648e-03	8.360476e+00
2.187000e-05	3.632996e-02	8.591051e+00
2.188000e-05	-4.786230e-02	8.805681e+00
2.189000e-05	1.691547e-02	9.076763e+00
2.190000e-05	-1.360510e-02	9.319440e+00
2.191000e-05	-1.862636e-03	9.563949e+00
2.192000e-05	2.265154e-03	9.773177e+00
2.193000e-05	-5.925698e-03	1.000379e+01
2.194000e-05	1.028987e-03	1.020476e+01
2.195000e-05	-2.332129e-02	1.047626e+01
2.196000e-05	7.050904e-03	1.063899e+01
2.197000e-05	-7.466399e-03	1.088944e+01
2.198000e-05	4.146075e-03	1.109054e+01
2.199000e-05	-9.295335e-03	1.130302e+01
2.200000e-05	-5.783760e-03	1.158268e+01
2.201000e-05	4.185612e-03	1.179322e+01
2.202000e-05	-1.058079e-02	1.201716e+01
2.203000e-05	-7.394348e-03	1.217416e+01
2.204000e-05	-3.101054e-03	1.235307e+01
2.205000e-05	7.786976e-03	1.254162e+01
2.206000e-05	-7.834342e-03	1.273093e+01
2.207000e-05	-1.443081e-02	1.288889e+01
2.208000e-05	-2.950910e-03	1.307794e+01
2.209000e-05	-9.774396e-04	1.322676e+01
2.210000e-05	-3.146965e-03	1.340681e+01
2.211000e-05	-1.134002e-02	1.354360e+01
2.212000e-05	-1.772312e-03	1.371209e+01
2.213000e-05	-3.666777e-03	1.386684e+01
2.214000e-05	-5.002454e-03	1.397578e+01
2.215000e-05	-6.541942e-03	1.416460e+01
2.216000e-05	-7.046280e-03	1.431152e+01
2.217000e-05	-2.300621e-03	1.444526e+01
2.218000e-05	-4.810287e-03	1.456358e+01
2.219000e-05	-2.828245e-03	1.468891e+01
2.220000e-05	-1.321105e-02	1.476608e+01
2.221000e-05	-9.059846e-03	1.485887e+01
2.222000e-05	-3.131250e-03	1.494298e+01
2.223000e-05	-3.635902e-04	1.505839e+01
2.224000e-05	-5.786657e-03	1.510500e+01
2.225000e-05	-8.709332e-03	1.522675e+01
2.226000e-05	-2.603138e-03	1.532139e+01
2.227000e-05	-7.340221e-03	1.537423e+01
2.228000e-05	-5.942617e-03	1.542978e+01
2.229000e-05	-1.090430e-02	1.548140e+01
2.230000e-05	-4.807495e-03	1.554303e+01
2.231000e-05	-6.350636e-03	1.560921e+01
2.232000e-05	-4.770490e-03	1.565734e+01
2.233000e-05	-8.134904e-03	1.571042e+01
2.234000e-05	-9.575059e-03	1.576039e+01
2.235000e-05	-4.491810e-03	1.577245e+01
2.236000e-05	-4.405997e-03	1.576562e+01
2.237000e-05	-5.220303e-03	1.577518e+01
2.238000e-05	-1.020424e-02	1.577520e+01
2.239000e-05	-7.392751e-03	1.578416e+01
2.240000e-05	-6.344413e-03	1.579515e+01
2.241000e-05	-6.244596e-03	1.579718e+01
2.242000e-05	-7.466554e-03	1.576417e+01
2.243000e-05	-8.012007e-03	1.580457e+01
2.244000e-05	-7.669385e-03	1.574052e+01
2.245000e-05	-8.404186e-03	1.572839e+01
2.246000e-05	-6.216048e-03	1.568836e+01
2.247000e-05	-7.239059e-03	1.560626e+01
2.248000e-05	-7.812738e-03	1.556403e+01
2.249000e-05	-7.823394e-03	1.547040e+01
2.250000e-05	-5.967444e-03	1.546824e+01
2.251000e-05	-8.203573e-03	1.540568e+01
2.252000e-05	-8.542539e-03	1.534190e+01
2.253000e-05	-7.566359e-03	1.524871e+01
2.254000e-05	-8.032505e-03	1.515408e+01
2.255000e-05	-5.737962e-03	1.506981e+01
2.256000e-05	-8.610357e-03	1.500613e+01
2.257000e-05	-6.062236e-03	1.488887e+01
2.258000e-05	-8.720410e-03	1.478455e+01
2.259000e-05	-7.642566e-03	1.465986e+01
2.260000e-05	-8.793363e-03	1.457298e+01
2.261000e-05	-5.738225e-03	1.443766e+01
2.262000e-05	-6.701424e-03	1.431437e+01
2.263000e-05	-7.898268e-03	1.418555e+01
2.264000e-05	-8.372666e-03	1.400826e+01
2.265000e-05	-7.188441e-03	1.390184e+01
2.266000e-05	-5.813473e-03	1.374398e+01
2.267000e-05	-8.066669e-03	1.361613e+01
2.268000e-05	-7.613471e-03	1.343721e+01
2.269000e-05	-7.130598e-03	1.326982e+01
2.270000e-05	-6.374789e-03	1.309092e+01
2.271000e-05	-6.433527e-03	1.297195e+01
2.272000e-05	-7.187184e-03	1.279465e+01
2.273000e-05	-6.774804e-03	1.258508e+01
2.274000e-05	-7.841105e-03	1.246678e+01
2.275000e-05	-7.000307e-03	1.229776e+01
2.276000e-05	-7.352556e-03	1.208623e+01
2.277000e-05	-6.730494e-03	1.186616e+01
2.278000e-05	-7.467111e-03	1.165616e+01
2.279000e-05	-6.955486e-03	1.140468e+01
2.280000e-05	-5.804891e-03	1.117515e+01
2.281000e-05	-5.926172e-03	1.097403e+01
2.282000e-05	-6.539937e-03	1.077355e+01
2.283000e-05	-7.430516e-03	1.057293e+01
2.284000e-05	-6.906023e-03	1.035405e+01
2.285000e-05	-7.057746e-03	1.011940e+01
2.286000e-05	-6.360697e-03	9.918669e+00
2.287000e-05	-6.100298e-03	9.616709e+00
2.288000e-05	-5.839593e-03	9.403553e+00
2.289000e-05	-5.605100e-03	9.193027e+00
2.290000e-05	-5.912344e-03	8.920975e+00
2.291000e-05	-5.821726e-03	8.708766e+00
2.292000e-05	-7.546521e-03	8.455788e+00
2.293000e-05	-6.926853e-03	8.225984e+00
2.294000e-05	-7.690978e-03	7.970876e+00
2.295000e-05	-5.300312e-03	7.717812e+00
2.296000e-05	-8.543147e-03	7.406984e+00
2.297000e-05	-6.611293e-03	7.149292e+00
2.298000e-05	-6.095197e-03	6.895342e+00
2.299000e-05	-4.661788e-03	6.634555e+00
2.300000e-05	-2.959675e-03	6.298344e+00
2.301000e-05	-5.194589e-03	6.077812e+00
2.302000e-05	-6.321149e-03	5.886059e+00
2.303000e-05	-8.161355e-03	5.538871e+00
2.304000e-05	-8.665124e-03	5.235583e+00
2.305000e-05	-6.575376e-03	4.916738e+00
2.306000e-05	-7.520124e-03	4.642503e+00
2.307000e-05	-5.945680e-03	4.379346e+00
2.308000e-05	-5.789974e-03	4.012077e+00
2.309000e-05	-2.118743e-03	3.740873e+00
2.310000e-05	-3.660760e-03	3.527741e+00
2.311000e-05	-4.619016e-03	3.230526e+00
2.312000e-05	-7.129902e-03	2.897842e+00
2.313000e-05	-6.794540e-03	2.695010e+00
2.314000e-05	-8.012977e-03	2.367267e+00
2.315000e-05	-7.097661e-03	2.085633e+00
2.316000e-05	-6.703660e-03	1.729474e+00
2.317000e-05	-4.690194e-03	1.453083e+00
2.318000e-05	-3.598358e-03	1.189900e+00
2.319000e-05	-2.642362e-03	8.215776e-01
2.320000e-05	-4.331578e-03	5.862894e-01
2.321000e-05	-3.503160e-03	2.435331e-01
2.322000e-05	-3.244511e-03	-6.313171e-02
2.323000e-05	8.513660e-03	-3.363384e-01
2.324000e-05	-6.834339e-03	-5.265675e-01
2.325000e-05	3.572155e-03	-8.632329e-01
2.326000e-05	-5.261179e-03	-1.147390e+00
2.327000e-05	3.353790e-03	-1.463204e+00
2.328000e-05	-3.460046e-03	-1.706362e+00
2.329000e-05	2.212984e-02	-1.906964e+00
2.330000e-05	6.390563e-02	-2.211572e+00
2.331000e-05	4.458192e-02	-2.507470e+00
2.332000e-05	-9.963787e-02	-2.887336e+00
2.333000e-05	1.596907e-02	-3.244913e+00
2.334000e-05	-5.259352e-02	-3.516392e+00
2.335000e-05	-9.289623e-03	-3.719499e+00
2.336000e-05	-8.086350e-02	-4.014652e+00
2.337000e-05	1.971459e-01	-4.172123e+00
2.338000e-05	-1.252728e-01	-4.476137e+00
2.339000e-05	3.282256e-02	-4.800973e+00
2.340000e-05	1.097773e-01	-4.981153e+00
2.341000e-05	-1.636177e-01	-5.373601e+00
2.342000e-05	1.546404e-01	-5.655731e+00
2.343000e-05	-1.354849e-01	-5.900368e+00
2.344000e-05	1.040841e-01	-6.193127e+00
2.345000e-05	1.932781e-02	-6.497737e+00
2.346000e-05	-1.008913e-01	-6.771024e+00
2.347000e-05	1.090934e-01	-7.034204e+00
2.348000e-05	-1.257869e-01	-7.349471e+00
2.349000e-05	1.068719e-01	-7.594178e+00
2.350000e-05	-5.469102e-02	-7.896363e+00
2.351000e-05	4.474896e-02	-8.181024e+00
2.352000e-05	3.677852e-02	-8.383575e+00
2.353000e-05	-1.020600e-01	-8.654910e+00
2.354000e-05	1.033657e-01	-8.878367e+00
2.355000e-05	-8.686848e-02	-9.150421e+00
2.356000e-05	8.168769e-02	-9.383098e+00
2.357000e-05	-6.207322e-02	-9.612206e+00
2.358000e-05	4.046304e-02	-9.845682e+00
2.359000e-05	4.170608e-04	-1.006736e+01
2.360000e-05	-1.861276e-02	-1.030997e+01
2.361000e-05	2.614824e-02	-1.053794e+01
2.362000e-05	-3.585534e-02	-1.077257e+01
2.363000e-05	5.248649e-02	-1.096502e+01
2.364000e-05	-4.494617e-02	-1.120262e+01
2.365000e-05	3.965819e-02	-1.139220e+01
2.366000e-05	-2.863916e-02	-1.165620e+01
2.367000e-05	1.950941e-02	-1.184631e+01
2.368000e-05	-2.079132e-02	-1.205688e+01
2.369000e-05	2.180274e-02	-1.223579e+01
2.370000e-05	8.711890e-03	-1.241775e+01
2.371000e-05	-2.381579e-03	-1.260468e+01
2.372000e-05	-4.534265e-03	-1.276323e+01
2.373000e-05	-4.998575e-03	-1.298160e+01
2.374000e-05	1.229905e-02	-1.312944e+01
2.375000e-05	-9.272369e-03	-1.329946e+01
2.376000e-05	9.996752e-03	-1.343778e+01
2.377000e-05	-3.166810e-03	-1.356573e+01
2.378000e-05	1.085397e-02	-1.374362e+01
2.379000e-05	-8.341272e-03	-1.391097e+01
2.380000e-05	1.109334e-02	-1.403836e+01
2.381000e-05	-1.869130e-03	-1.423365e+01
2.382000e-05	4.595276e-03	-1.432255e+01
2.383000e-05	-3.632895e-03	-1.444626e+01
2.384000e-05	5.859371e-03	-1.463670e+01
2.385000e-05	-2.805526e-03	-1.467149e+01
2.386000e-05	-2.893273e-03	-1.483623e+01
2.387000e-05	1.847020e-03	-1.487136e+01
2.388000e-05	4.740059e-03	-1.503525e+01
2.389000e-05	5.873711e-03	-1.510036e+01
2.390000e-05	2.654315e-04	-1.516410e+01
2.391000e-05	1.443837e-03	-1.527821e+01
2.392000e-05	-3.009583e-03	-1.537250e+01
2.393000e-05	2.409046e-03	-1.538665e+01
2.394000e-05	1.869809e-03	-1.544144e+01
2.395000e-05	1.811631e-03	-1.551347e+01
2.396000e-05	-9.128271e-04	-1.560713e+01
2.397000e-05	4.302056e-04	-1.567731e+01
2.398000e-05	1.507554e-03	-1.567036e+01
2.399000e-05	1.288359e-03	-1.570189e+01
2.400000e-05	3.140469e-03	-1.570404e+01
2.401000e-05	2.484108e-03	-1.580673e+01
2.402000e-05	1.531586e-03	-1.580560e+01
2.403000e-05	-9.188012e-04	-1.579671e+01
2.404000e-05	1.306449e-03	-1.583568e+01
2.405000e-05	-2.478846e-04	-1.579521e+01
2.406000e-05	-1.222153e-04	-1.585623e+01
2.407000e-05	1.129185e-03	-1.578516e+01
2.408000e-05	3.513902e-03	-1.581565e+01
2.409000e-05	2.035634e-03	-1.577462e+01
2.410000e-05	-6.400789e-04	-1.574402e+01
2.411000e-05	2.251746e-04	-1.573007e+01
2.412000e-05	6.061866e-04	-1.566879e+01
2.413000e-05	1.347325e-03	-1.564568e+01
2.414000e-05	1.467898e-03	-1.557512e+01
2.415000e-05	1.544757e-03	-1.549292e+01
2.416000e-05	1.766804e-04	-1.547974e+01
2.417000e-05	-1.680440e-04	-1.540503e+01
2.418000e-05	1.328677e-03	-1.534099e+01
2.419000e-05	8.431313e-04	-1.524828e+01
2.420000e-05	1.130692e-03	-1.512302e+01
2.421000e-05	-6.879706e-05	-1.507981e+01
2.422000e-05	8.243877e-04	-1.502413e+01
2.423000e-05	3.734532e-04	-1.488989e+01
2.424000e-05	-3.241079e-04	-1.476613e+01
2.425000e-05	-9.221472e-04	-1.468886e+01
2.426000e-05	7.515349e-04	-1.458507e+01
2.427000e-05	9.117231e-04	-1.440724e+01
2.428000e-05	6.403933e-04	-1.433236e+01
2.429000e-05	-2.256095e-04	-1.419516e+01
2.430000e-05	-1.087732e-03	-1.405733e+01
2.431000e-05	-1.802910e-04	-1.387136e+01
2.432000e-05	-1.169526e-04	-1.375397e+01
2.433000e-05	-2.446397e-04	-1.360503e+01
2.434000e-05	-5.707324e-04	-1.341615e+01
2.435000e-05	2.288067e-05	-1.327936e+01
2.436000e-05	-1.368110e-03	-1.314147e+01
2.437000e-05	-6.728393e-04	-1.297097e+01
2.438000e-05	-1.107779e-03	-1.279198e+01
2.439000e-05	-8.170512e-04	-1.260610e+01
2.440000e-05	-8.230143e-04	-1.241781e+01
2.441000e-05	-1.070997e-03	-1.224573e+01
2.442000e-05	-2.063826e-03	-1.206824e+01
2.443000e-05	-2.380728e-03	-1.185705e+01
2.444000e-05	-2.447061e-03	-1.157666e+01
2.445000e-05	-1.187984e-03	-1.141413e+01
2.446000e-05	-1.421121e-03	-1.119455e+01
2.447000e-05	-2.259609e-03	-1.093352e+01
2.448000e-05	-1.401739e-03	-1.077147e+01
2.449000e-05	-1.799739e-03	-1.056200e+01
2.450000e-05	-2.279678e-03	-1.029994e+01
2.451000e-05	-3.419984e-03	-1.011881e+01
2.452000e-05	-1.613057e-03	-9.856686e+00
2.453000e-05	-2.233438e-03	-9.714184e+00
2.454000e-05	-2.596564e-03	-9.405554e+00
2.455000e-05	-3.117349e-03	-9.131995e+00
2.456000e-05	-2.132163e-03	-8.941315e+00
2.457000e-05	-2.237137e-03	-8.717838e+00
2.458000e-05	-2.985827e-03	-8.456630e+00
2.459000e-05	-2.675885e-03	-8.192948e+00
2.460000e-05	-1.615725e-03	-7.940887e+00
2.461000e-05	-2.988788e-03	-7.665733e+00
2.462000e-05	-4.369200e-03	-7.370498e+00
2.463000e-05	-2.968593e-03	-7.156819e+00
2.464000e-05	-3.872959e-03	-6.854628e+00
2.465000e-05	-3.043351e-03	-6.600100e+00
2.466000e-05	-4.212271e-03	-6.297370e+00
2.467000e-05	-1.631064e-03	-6.033080e+00
2.468000e-05	-4.110328e-03	-5.820925e+00
2.469000e-05	-2.854068e-03	-5.468687e+00
2.470000e-05	-3.190452e-03	-5.191343e+00
2.471000e-05	-2.574497e-03	-4.866163e+00
2.472000e-05	-4.524032e-03	-4.541392e+00
2.473000e-05	-2.519382e-03	-4.330220e+00
2.474000e-05	-4.906255e-03	-4.065732e+00
2.475000e-05	-2.175419e-03	-3.747819e+00
2.476000e-05	-5.182948e-03	-3.496755e+00
2.477000e-05	-3.528494e-03	-3.212001e+00
2.478000e-05	-5.485905e-03	-2.885236e+00
2.479000e-05	-2.377403e-03	-2.611530e+00
2.480000e-05	-4.727585e-03	-2.357843e+00
2.481000e-05	-3.780235e-03	-2.002025e+00
2.482000e-05	-5.564974e-03	-1.778372e+00
2.483000e-05	-3.602157e-03	-1.433087e+00
2.484000e-05	-4.722353e-03	-1.146689e+00
2.485000e-05	-4.939710e-03	-8.005012e-01
2.486000e-05	-5.249644e-03	-5.067145e-01
2.487000e-05	-4.292299e-03	-2.421053e-01
2.488000e-05	9.689981e-05	6.360415e-02
2.489000e-05	6.742537e-03	3.674199e-01
2.490000e-05	-6.675132e-03	6.085476e-01
2.491000e-05	5.219630e-03	8.736630e-01
2.492000e-05	-5.662662e-03	1.178000e+00
2.493000e-05	2.480685e-03	1.412207e+00
2.494000e-05	-5.948780e-03	1.768996e+00
2.495000e-05	1.404233e-02	1.990000e+00
2.496000e-05	2.570686e-02	2.212612e+00
2.497000e-05	8.640575e-02	2.570545e+00
2.498000e-05	-6.213948e-02	2.925363e+00
2.499000e-05	-3.351079e-02	3.199526e+00
2.500000e-05	-3.413799e-02	3.464364e+00
2.501000e-05	-9.162228e-04	3.739919e+00
2.502000e-05	-4.157773e-02	3.978074e+00
2.503000e-05	-9.737395e-03	4.253233e+00
2.504000e-05	7.322930e-02	4.485838e+00
2.505000e-05	-2.457986e-02	4.802200e+00
2.506000e-05	-5.467529e-02	5.077337e+00
2.507000e-05	1.514370e-01	5.363125e+00
2.508000e-05	-1.621555e-01	5.696292e+00
2.509000e-05	8.074620e-02	5.939473e+00
2.510000e-05	-3.451279e-02	6.193228e+00
2.511000e-05	4.123751e-02	6.459290e+00
2.512000e-05	-8.305763e-03	6.741129e+00
2.513000e-05	-5.488933e-02	7.004681e+00
2.514000e-05	4.543408e-02	7.380050e+00
2.515000e-05	-4.668725e-02	7.591158e+00
2.516000e-05	3.738835e-02	7.886963e+00
2.517000e-05	-3.803494e-02	8.183050e+00
2.518000e-05	2.738540e-02	8.435178e+00
2.519000e-05	1.010505e-02	8.643736e+00
2.520000e-05	-3.994548e-02	8.887339e+00
2.521000e-05	2.751592e-02	9.119496e+00
2.522000e-05	-2.856945e-02	9.362548e+00
2.523000e-05	1.608985e-02	9.603057e+00
2.524000e-05	-1.958364e-02	9.826784e+00
2.525000e-05	1.305115e-02	1.007639e+01
2.526000e-05	-1.866799e-02	1.028947e+01
2.527000e-05	-4.850698e-03	1.052944e+01
2.528000e-05	-2.209581e-03	1.075208e+01
2.529000e-05	-3.091809e-03	1.097102e+01
2.530000e-05	1.395382e-03	1.114400e+01
2.531000e-05	-1.160764e-02	1.134468e+01
2.532000e-05	2.160207e-03	1.161631e+01
2.533000e-05	-6.357270e-03	1.182620e+01
2.534000e-05	-3.684195e-03	1.204623e+01
2.535000e-05	-1.413818e-02	1.223476e+01
2.536000e-05	7.803682e-03	1.241473e+01
2.537000e-05	-3.236533e-04	1.259421e+01
2.538000e-05	-5.442528e-03	1.274250e+01
2.539000e-05	-1.542094e-02	1.290300e+01
2.540000e-05	-1.389510e-03	1.311950e+01
2.541000e-05	-1.912460e-03	1.330889e+01
2.542000e-05	-6.713847e-03	1.341776e+01
2.543000e-05	-6.379222e-03	1.356670e+01
2.544000e-05	-5.446057e-03	1.373405e+01
2.545000e-05	1.411037e-04	1.393247e+01
2.546000e-05	-8.302806e-03	1.401731e+01
2.547000e-05	-2.985804e-03	1.421676e+01
2.548000e-05	-9.506420e-03	1.433455e+01
2.549000e-05	-1.692258e-03	1.447794e+01
2.550000e-05	-4.882531e-03	1.456369e+01
2.551000e-05	-4.760077e-03	1.472032e+01
2.552000e-05	-1.230594e-02	1.479515e+01
2.553000e-05	-9.066936e-03	1.496239e+01
2.554000e-05	-8.907725e-04	1.499513e+01
2.555000e-05	-4.281423e-03	1.507981e+01
2.556000e-05	-4.116498e-03	1.516458e+01
2.557000e-05	-9.107875e-03	1.525726e+01
2.558000e-05	-2.070030e-03	1.530247e+01
2.559000e-05	-7.204629e-03	1.536618e+01
2.560000e-05	-5.878055e-03	1.545929e+01
2.561000e-05	-8.937721e-03	1.551142e+01
2.562000e-05	-7.035789e-03	1.555465e+01
2.563000e-05	-6.171219e-03	1.561724e+01
2.564000e-05	-5.893938e-03	1.569931e+01
2.565000e-05	-7.900681e-03	1.572939e+01
2.566000e-05	-9.946256e-03	1.573255e+01
2.567000e-05	-2.755848e-03	1.579263e+01
2.568000e-05	-4.638693e-03	1.578363e+01
2.569000e-05	-6.171980e-03	1.579558e+01
2.570000e-05	-1.028436e-02	1.580418e+01
2.571000e-05	-6.190940e-03	1.582570e+01
2.572000e-05	-6.631109e-03	1.579623e+01
2.573000e-05	-8.392981e-03	1.577658e+01
2.574000e-05	-7.697401e-03	1.578305e+01
2.575000e-05	-6.737056e-03	1.577305e+01
2.576000e-05	-5.401686e-03	1.571150e+01
2.577000e-05	-8.112536e-03	1.571982e+01
2.578000e-05	-6.301971e-03	1.565737e+01
2.579000e-05	-7.496306e-03	1.560869e+01
2.580000e-05	-7.606561e-03	1.556305e+01
2.581000e-05	-7.949666e-03	1.549189e+01
2.582000e-05	-6.565704e-03	1.544766e+01
2.583000e-05	-6.655307e-03	1.538516e+01
2.584000e-05	-8.117905e-03	1.535297e+01
2.585000e-05	-5.942790e-03	1.522766e+01
2.586000e-05	-8.309494e-03	1.510559e+01
2.587000e-05	-6.538600e-03	1.503741e+01
2.588000e-05	-7.828299e-03	1.496402e+01
2.589000e-05	-6.542550e-03	1.485784e+01
2.590000e-05	-7.791236e-03	1.474405e+01
2.591000e-05	-8.322587e-03	1.466766e+01
2.592000e-05	-6.797059e-03	1.456243e+01
2.593000e-05	-6.225232e-03	1.443768e+01
2.594000e-05	-6.270571e-03	1.427344e+01
2.595000e-05	-8.799674e-03	1.416405e+01
2.596000e-05	-6.999212e-03	1.396471e+01
2.597000e-05	-7.767744e-03	1.388923e+01
2.598000e-05	-5.648183e-03	1.372040e+01
2.599000e-05	-8.110129e-03	1.354399e+01
2.600000e-05	-7.395074e-03	1.340410e+01
2.601000e-05	-8.124784e-03	1.322779e+01
2.602000e-05	-6.671916e-03	1.306924e+01
2.603000e-05	-6.572841e-03	1.288092e+01
2.604000e-05	-7.229139e-03	1.271289e+01
2.605000e-05	-7.395595e-03	1.256295e+01
2.606000e-05	-5.822559e-03	1.238298e+01
2.607000e-05	-6.083127e-03	1.221653e+01
2.608000e-05	-6.809886e-03	1.201660e+01
2.609000e-05	-7.621066e-03	1.182563e+01
2.610000e-05	-7.004114e-03	1.162558e+01
2.611000e-05	-7.169474e-03	1.138405e+01
2.612000e-05	-5.948089e-03	1.114245e+01
2.613000e-05	-6.257064e-03	1.096195e+01
2.614000e-05	-6.565575e-03	1.073037e+01
2.615000e-05	-6.643949e-03	1.054087e+01
2.616000e-05	-5.979571e-03	1.029776e+01
2.617000e-05	-6.956564e-03	1.006731e+01
2.618000e-05	-6.772816e-03	9.867114e+00
2.619000e-05	-6.535070e-03	9.572575e+00
2.620000e-05	-6.457356e-03	9.341947e+00
2.621000e-05	-6.796518e-03	9.120271e+00
2.622000e-05	-7.158161e-03	8.846816e+00
2.623000e-05	-5.440505e-03	8.625134e+00
2.624000e-05	-6.537603e-03	8.433478e+00
2.625000e-05	-6.010531e-03	8.112850e+00
2.626000e-05	-7.225102e-03	7.887263e+00
2.627000e-05	-5.700981e-03	7.614558e+00
2.628000e-05	-6.926762e-03	7.330820e+00
2.629000e-05	-6.746978e-03	7.066237e+00
2.630000e-05	-6.764737e-03	6.833585e+00
2.631000e-05	-6.416339e-03	6.599898e+00
2.632000e-05	-5.963410e-03	6.245243e+00
2.633000e-05	-5.775564e-03	6.054155e+00
2.634000e-05	-5.695187e-03	5.761375e+00
2.635000e-05	-6.527601e-03	5.495613e+00
2.636000e-05	-5.956014e-03	5.142354e+00
2.637000e-05	-6.014738e-03	4.823480e+00
2.638000e-05	-5.868145e-03	4.530370e+00
2.639000e-05	-6.573084e-03	4.296165e+00
2.640000e-05	-6.104541e-03	3.991922e+00
2.641000e-05	-5.358953e-03	3.685267e+00
2.642000e-05	-5.969922e-03	3.453984e+00
2.643000e-05	-5.799108e-03	3.169341e+00
2.644000e-05	-5.720553e-03	2.823132e+00
2.645000e-05	-5.025173e-03	2.590326e+00
2.646000e-05	-6.253794e-03	2.234184e+00
2.647000e-05	-6.399332e-03	1.989951e+00
2.648000e-05	-5.401973e-03	1.685734e+00
2.649000e-05	-5.794222e-03	1.388949e+00
2.650000e-05	-4.602120e-03	1.073559e+00
2.651000e-05	-4.961568e-03	7.493172e-01
2.652000e-05	-4.023333e-03	4.836079e-01
2.653000e-05	-2.763367e-03	1.492962e-01
2.654000e-05	2.212420e-04	-1.167869e-01
2.655000e-05	7.948473e-03	-3.789173e-01
2.656000e-05	-7.290612e-03	-5.922379e-01
2.657000e-05	4.966714e-03	-8.853910e-01
2.658000e-05	-5.923510e-03	-1.230599e+00
2.659000e-05	4.055049e-03	-1.516472e+00
2.660000e-05	-1.809164e-03	-1.779521e+00
2.661000e-05	2.756700e-02	-2.020501e+00
2.662000e-05	8.297482e-02	-2.301912e+00
2.663000e-05	-1.032779e-02	-2.611205e+00
2.664000e-05	-6.858524e-02	-3.001726e+00
2.665000e-05	2.004656e-03	-3.349019e+00
2.666000e-05	-3.537791e-02	-3.538525e+00
2.667000e-05	-4.119235e-02	-3.841580e+00
2.668000e-05	-2.138198e-02	-4.084734e+00
2.669000e-05	1.782470e-01	-4.244707e+00
2.670000e-05	-1.880771e-01	-4.550044e+00
2.671000e-05	1.340479e-01	-4.865207e+00
2.672000e-05	-1.626181e-02	-5.087340e+00
2.673000e-05	-9.407074e-02	-5.486337e+00
2.674000e-05	1.245167e-01	-5.726814e+00
2.675000e-05	-1.425240e-01	-5.973128e+00
2.676000e-05	1.620571e-01	-6.297390e+00
2.677000e-05	-7.204518e-02	-6.539945e+00
2.678000e-05	-2.595460e-02	-6.823261e+00
2.679000e-05	6.282836e-02	-7.056412e+00
2.680000e-05	-1.100292e-01	-7.394608e+00
2.681000e-05	1.289931e-01	-7.677308e+00
2.682000e-05	-1.039571e-01	-7.960473e+00
2.683000e-05	1.155689e-01	-8.203703e+00
2.684000e-05	-5.035989e-02	-8.424732e+00
2.685000e-05	-2.811958e-02	-8.728971e+00
2.686000e-05	6.040735e-02	-8.981498e+00
2.687000e-05	-7.073446e-02	-9.214608e+00
2.688000e-05	8.370294e-02	-9.434232e+00
2.689000e-05	-8.346272e-02	-9.689337e+00
2.690000e-05	7.841963e-02	-9.918991e+00
2.691000e-05	-4.628196e-02	-1.011297e+01
2.692000e-05	2.499612e-02	-1.041168e+01
2.693000e-05	-1.278549e-02	-1.060415e+01
2.694000e-05	-8.798820e-05	-1.080618e+01
2.695000e-05	2.682618e-02	-1.098473e+01
2.696000e-05	-3.122289e-02	-1.123581e+01
2.697000e-05	3.602587e-02	-1.143626e+01
2.698000e-05	-3.160120e-02	-1.171897e+01
2.699000e-05	2.507521e-02	-1.190999e+01
2.700000e-05	-3.110954e-02	-1.210737e+01
2.701000e-05	3.751993e-02	-1.224838e+01
2.702000e-05	-8.016461e-03	-1.248991e+01
2.703000e-05	8.389964e-03	-1.266681e+01
2.704000e-05	-1.644256e-02	-1.282626e+01
2.705000e-05	9.265078e-03	-1.300523e+01
2.706000e-05	2.820788e-03	-1.317315e+01
2.707000e-05	-2.166439e-03	-1.335057e+01
2.708000e-05	5.940080e-03	-1.348889e+01
2.709000e-05	-6.758583e-04	-1.362691e+01
2.710000e-05	7.320049e-03	-1.376520e+01
2.711000e-05	-7.602773e-03	-1.396462e+01
2.712000e-05	1.052854e-02	-1.406041e+01
2.713000e-05	-4.463025e-03	-1.421576e+01
2.714000e-05	5.324044e-03	-1.436453e+01
2.715000e-05	-2.832490e-03	-1.445994e+01
2.716000e-05	7.496687e-03	-1.462629e+01
2.717000e-05	-4.562085e-03	-1.469060e+01
2.718000e-05	-9.471857e-04	-1.486830e+01
2.719000e-05	2.572370e-03	-1.492155e+01
2.720000e-05	6.829791e-03	-1.501773e+01
2.721000e-05	4.591520e-03	-1.511297e+01
2.722000e-05	-1.048490e-03	-1.519575e+01
2.723000e-05	-6.823321e-04	-1.526992e+01
2.724000e-05	-1.984583e-03	-1.536265e+01
2.725000e-05	2.046291e-03	-1.540578e+01
2.726000e-05	2.203758e-03	-1.547094e+01
2.727000e-05	5.610450e-04	-1.554410e+01
2.728000e-05	9.670054e-04	-1.559620e+01
2.729000e-05	2.881608e-03	-1.561028e+01
2.730000e-05	2.530843e-03	-1.567039e+01
2.731000e-05	1.231108e-03	-1.573141e+01
2.732000e-05	1.538082e-03	-1.574402e+01
2.733000e-05	1.717150e-03	-1.583405e+01
2.734000e-05	1.861817e-04	-1.577765e+01
2.735000e-05	2.656308e-04	-1.576523e+01
2.736000e-05	1.670118e-03	-1.582766e+01
2.737000e-05	6.876332e-04	-1.582615e+01
2.738000e-05	1.441442e-03	-1.583521e+01
2.739000e-05	3.146688e-03	-1.578665e+01
2.740000e-05	2.510773e-03	-1.577613e+01
2.741000e-05	7.769801e-04	-1.577255e+01
2.742000e-05	-1.547299e-03	-1.571257e+01
2.743000e-05	-1.826889e-04	-1.570099e+01
2.744000e-05	-1.083325e-03	-1.561971e+01
2.745000e-05	7.475721e-04	-1.560658e+01
2.746000e-05	2.234811e-03	-1.552507e+01
2.747000e-05	2.393646e-03	-1.547142e+01
2.748000e-05	2.161265e-04	-1.542876e+01
2.749000e-05	5.280831e-04	-1.542310e+01
2.750000e-05	1.635395e-03	-1.532889e+01
2.751000e-05	-7.440335e-06	-1.521566e+01
2.752000e-05	-7.389664e-04	-1.511100e+01
2.753000e-05	-6.197263e-04	-1.504929e+01
2.754000e-05	-9.838623e-04	-1.499205e+01
2.755000e-05	1.297785e-03	-1.485084e+01
2.756000e-05	-2.232397e-03	-1.479352e+01
2.757000e-05	3.409789e-03	-1.461871e+01
2.758000e-05	9.650658e-04	-1.459145e+01
2.759000e-05	1.182675e-03	-1.441516e+01
2.760000e-05	1.211871e-03	-1.429034e+01
2.761000e-05	-3.270684e-03	-1.417202e+01
2.762000e-05	4.877160e-04	-1.404665e+01
2.763000e-05	-3.531246e-03	-1.384926e+01
2.764000e-05	1.193382e-03	-1.375044e+01
2.765000e-05	-1.276258e-03	-1.357305e+01
2.766000e-05	-1.353248e-04	-1.344510e+01
2.767000e-05	-1.441887e-03	-1.322778e+01
2.768000e-05	1.410202e-04	-1.307781e+01
2.769000e-05	-4.580715e-04	-1.291992e+01
2.770000e-05	-2.242445e-04	-1.276194e+01
2.771000e-05	-1.346312e-03	-1.257347e+01
2.772000e-05	-5.217605e-04	-1.238363e+01
2.773000e-05	-2.959807e-03	-1.223620e+01
2.774000e-05	-1.954066e-03	-1.205511e+01
2.775000e-05	-3.476268e-03	-1.184565e+01
2.776000e-05	-1.516254e-03	-1.155400e+01
2.777000e-05	-6.360383e-04	-1.136992e+01
2.778000e-05	-7.125928e-04	-1.117039e+01
2.779000e-05	-8.775422e-04	-1.088184e+01
2.780000e-05	-1.113244e-03	-1.071732e+01
2.781000e-05	-2.613442e-03	-1.052032e+01
2.782000e-05	-2.890976e-03	-1.025473e+01
2.783000e-05	-2.680338e-03	-1.001718e+01
2.784000e-05	-8.834318e-04	-9.794052e+00
2.785000e-05	-3.134428e-03	-9.583003e+00
2.786000e-05	-2.748062e-03	-9.382443e+00
2.787000e-05	-2.833877e-03	-9.127316e+00
2.788000e-05	-1.494840e-03	-8.887741e+00
2.789000e-05	-2.055134e-03	-8.655605e+00
2.790000e-05	-2.051197e-03	-8.392496e+00
2.791000e-05	-2.697428e-03	-8.147868e+00
2.792000e-05	-2.964463e-03	-7.906263e+00
2.793000e-05	-3.241877e-03	-7.612603e+00
2.794000e-05	-4.295071e-03	-7.329364e+00
2.795000e-05	-2.538310e-03	-7.065712e+00
2.796000e-05	-3.599312e-03	-6.790896e+00
2.797000e-05	-2.014855e-03	-6.557320e+00
2.798000e-05	-4.040355e-03	-6.256133e+00
2.799000e-05	-1.621555e-03	-5.991522e+00
2.800000e-05	-5.225403e-03	-5.715236e+00
2.801000e-05	-2.289582e-03	-5.373102e+00
2.802000e-05	-4.550306e-03	-5.088715e+00
2.803000e-05	-3.602154e-03	-4.771945e+00
2.804000e-05	-5.538105e-03	-4.516713e+00
2.805000e-05	-1.449046e-03	-4.254112e+00
2.806000e-05	-3.962335e-03	-3.979471e+00
2.807000e-05	-3.009787e-03	-3.673786e+00
2.808000e-05	-6.037973e-03	-3.413075e+00
2.809000e-05	-3.899762e-03	-3.169245e+00
2.810000e-05	-5.149649e-03	-2.781027e+00
2.811000e-05	-3.068662e-03	-2.558316e+00
2.812000e-05	-5.961129e-03	-2.263555e+00
2.813000e-05	-3.980755e-03	-1.939371e+00
2.814000e-05	-4.928696e-03	-1.674206e+00
2.815000e-05	-3.791739e-03	-1.329397e+00
2.816000e-05	-4.356008e-03	-1.023080e+00
2.817000e-05	-4.737391e-03	-7.884422e-01
2.818000e-05	-4.825040e-03	-4.615725e-01
2.819000e-05	-3.896738e-03	-1.483933e-01
2.820000e-05	3.295669e-03	8.681678e-02
2.821000e-05	1.814185e-03	4.205763e-01
2.822000e-05	-4.088843e-03	6.531854e-01
2.823000e-05	2.953961e-03	9.063399e-01
2.824000e-05	-3.043466e-03	1.203077e+00
2.825000e-05	-3.313775e-06	1.516397e+00
2.826000e-05	-2.592154e-03	1.832149e+00
2.827000e-05	1.446002e-02	2.042633e+00
2.828000e-05	4.318543e-02	2.304365e+00
2.829000e-05	6.783497e-02	2.625312e+00
2.830000e-05	-8.362529e-02	2.970550e+00
2.831000e-05	-1.826575e-02	3.255583e+00
2.832000e-05	-3.757065e-02	3.540451e+00
2.833000e-05	4.824654e-03	3.802129e+00
2.834000e-05	-5.255434e-02	4.033707e+00
2.835000e-05	1.167510e-02	4.274316e+00
2.836000e-05	8.271721e-02	4.540047e+00
2.837000e-05	-8.860199e-02	4.887216e+00
2.838000e-05	4.135172e-02	5.139146e+00
2.839000e-05	6.723815e-02	5.466257e+00
2.840000e-05	-1.288046e-01	5.759471e+00
2.841000e-05	8.518705e-02	6.002607e+00
2.842000e-05	-4.195273e-02	6.256890e+00
2.843000e-05	5.482866e-02	6.540095e+00
2.844000e-05	-4.037747e-02	6.835229e+00
2.845000e-05	-2.783140e-02	7.099891e+00
2.846000e-05	3.332985e-02	7.383704e+00
2.847000e-05	-4.225745e-02	7.708340e+00
2.848000e-05	4.106259e-02	7.930099e+00
2.849000e-05	-4.822434e-02	8.224687e+00
2.850000e-05	4.885369e-02	8.477238e+00
2.851000e-05	-1.790328e-02	8.687419e+00
2.852000e-05	-2.358445e-02	8.931069e+00
2.853000e-05	2.436387e-02	9.160627e+00
2.854000e-05	-3.293887e-02	9.404207e+00
2.855000e-05	2.581690e-02	9.665810e+00
2.856000e-05	-3.017127e-02	9.909397e+00
2.857000e-05	2.336127e-02	1.012889e+01
2.858000e-05	-3.287210e-02	1.033158e+01
2.859000e-05	8.302395e-03	1.056260e+01
2.860000e-05	-8.011010e-03	1.083260e+01
2.861000e-05	1.813313e-03	1.097313e+01
2.862000e-05	-1.560134e-03	1.123671e+01
2.863000e-05	-1.592606e-02	1.144676e+01
2.864000e-05	8.254360e-03	1.162039e+01
2.865000e-05	-1.107114e-02	1.185932e+01
2.866000e-05	1.527782e-03	1.208789e+01
2.867000e-05	-1.790954e-02	1.228987e+01
2.868000e-05	1.471517e-02	1.249889e+01
2.869000e-05	-6.334536e-03	1.262676e+01
2.870000e-05	-6.195377e-03	1.278622e+01
2.871000e-05	-1.471229e-02	1.297365e+01
2.872000e-05	2.560698e-04	1.315420e+01
2.873000e-05	-1.582629e-04	1.331894e+01
2.874000e-05	-1.104611e-02	1.345947e+01
2.875000e-05	-2.358908e-03	1.361778e+01
2.876000e-05	-6.056360e-03	1.379515e+01
2.877000e-05	1.028245e-03	1.388207e+01
2.878000e-05	-1.075047e-02	1.413045e+01
2.879000e-05	-2.200382e-03	1.424776e+01
2.880000e-05	-8.097594e-03	1.439310e+01
2.881000e-05	-3.740847e-03	1.448047e+01
2.882000e-05	-5.649841e-03	1.464626e+01
2.883000e-05	-7.842099e-03	1.475295e+01
2.884000e-05	-8.950986e-03	1.481578e+01
2.885000e-05	-8.912101e-03	1.492097e+01
2.886000e-05	9.529880e-04	1.498721e+01
2.887000e-05	-7.049711e-03	1.510094e+01
2.888000e-05	-4.834587e-03	1.517407e+01
2.889000e-05	-8.707325e-03	1.524781e+01
2.890000e-05	-3.359613e-03	1.533402e+01
2.891000e-05	-7.888687e-03	1.541916e+01
2.892000e-05	-7.348140e-03	1.544141e+01
2.893000e-05	-6.817305e-03	1.552350e+01
2.894000e-05	-7.648699e-03	1.557463e+01
2.895000e-05	-4.983748e-03	1.565774e+01
2.896000e-05	-8.487687e-03	1.566834e+01
2.897000e-05	-7.002496e-03	1.574992e+01
2.898000e-05	-8.370945e-03	1.573250e+01
2.899000e-05	-3.311211e-03	1.576470e+01
2.900000e-05	-5.487030e-03	1.578465e+01
2.901000e-05	-8.398373e-03	1.580763e+01
2.902000e-05	-7.837782e-03	1.578463e+01
2.903000e-05	-7.086096e-03	1.578678e+01
2.904000e-05	-6.535536e-03	1.580615e+01
2.905000e-05	-9.822939e-03	1.578310e+01
2.906000e-05	-6.212666e-03	1.576256e+01
2.907000e-05	-7.057944e-03	1.577507e+01
2.908000e-05	-6.261457e-03	1.577097e+01
2.909000e-05	-8.896096e-03	1.573887e+01
2.910000e-05	-6.937702e-03	1.565926e+01
2.911000e-05	-6.653939e-03	1.561461e+01
2.912000e-05	-7.467370e-03	1.553201e+01
2.913000e-05	-6.042085e-03	1.548189e+01
2.914000e-05	-7.693431e-03	1.543713e+01
2.915000e-05	-8.756437e-03	1.533256e+01
2.916000e-05	-8.493644e-03	1.532134e+01
2.917000e-05	-5.540764e-03	1.522660e+01
2.918000e-05	-6.749874e-03	1.514402e+01
2.919000e-05	-7.945803e-03	1.502028e+01
2.920000e-05	-7.045645e-03	1.495199e+01
2.921000e-05	-7.126939e-03	1.483674e+01
2.922000e-05	-6.769747e-03	1.472290e+01
2.923000e-05	-9.436956e-03	1.461423e+01
2.924000e-05	-5.701687e-03	1.448144e+01
2.925000e-05	-6.734015e-03	1.436502e+01
2.926000e-05	-6.006253e-03	1.423834e+01
2.927000e-05	-8.699101e-03	1.415102e+01
2.928000e-05	-6.438161e-03	1.396411e+01
2.929000e-05	-7.057586e-03	1.381568e+01
2.930000e-05	-6.763096e-03	1.369876e+01
2.931000e-05	-7.673652e-03	1.352147e+01
2.932000e-05	-6.567098e-03	1.337345e+01
2.933000e-05	-6.520093e-03	1.322411e+01
2.934000e-05	-6.811654e-03	1.303766e+01
2.935000e-05	-7.063446e-03	1.288074e+01
2.936000e-05	-6.981714e-03	1.265939e+01
2.937000e-05	-6.336383e-03	1.252092e+01
2.938000e-05	-5.792143e-03	1.230042e+01
2.939000e-05	-7.280863e-03	1.218453e+01
2.940000e-05	-6.420302e-03	1.194545e+01
2.941000e-05	-8.314240e-03	1.178295e+01
2.942000e-05	-6.733921e-03	1.157200e+01
2.943000e-05	-6.971704e-03	1.132984e+01
2.944000e-05	-5.610214e-03	1.111987e+01
2.945000e-05	-6.286894e-03	1.093779e+01
2.946000e-05	-6.612240e-03	1.072021e+01
2.947000e-05	-6.729836e-03	1.042771e+01
2.948000e-05	-6.612885e-03	1.023658e+01
2.949000e-05	-6.677979e-03	1.001458e+01
2.950000e-05	-7.058398e-03	9.762478e+00
2.951000e-05	-6.598178e-03	9.551820e+00
2.952000e-05	-7.396041e-03	9.308866e+00
2.953000e-05	-6.132334e-03	9.067664e+00
2.954000e-05	-6.337361e-03	8.794657e+00
2.955000e-05	-6.500467e-03	8.592949e+00
2.956000e-05	-7.655280e-03	8.369399e+00
2.957000e-05	-6.323056e-03	8.069784e+00
2.958000e-05	-5.716761e-03	7.814582e+00
2.959000e-05	-6.432792e-03	7.531375e+00
2.960000e-05	-6.824489e-03	7.266336e+00
2.961000e-05	-6.834546e-03	7.012079e+00
2.962000e-05	-5.614477e-03	6.810349e+00
2.963000e-05	-6.390302e-03	6.447760e+00
2.964000e-05	-5.687935e-03	6.212109e+00
2.965000e-05	-6.351503e-03	5.990423e+00
2.966000e-05	-6.689871e-03	5.654159e+00
2.967000e-05	-5.994041e-03	5.392528e+00
2.968000e-05	-5.985980e-03	5.098248e+00
2.969000e-05	-5.873477e-03	4.731345e+00
2.970000e-05	-5.880423e-03	4.475738e+00
2.971000e-05	-6.513521e-03	4.194030e+00
2.972000e-05	-5.709727e-03	3.897267e+00
2.973000e-05	-5.183899e-03	3.633605e+00
2.974000e-05	-6.109748e-03	3.357873e+00
2.975000e-05	-6.156873e-03	3.063683e+00
2.976000e-05	-5.008438e-03	2.831075e+00
2.977000e-05	-5.158387e-03	2.474713e+00
2.978000e-05	-5.665641e-03	2.220951e+00
2.979000e-05	-6.623171e-03	1.968266e+00
2.980000e-05	-5.103156e-03	1.642178e+00
2.981000e-05	-4.852374e-03	1.347772e+00
2.982000e-05	-5.156417e-03	9.405524e-01
2.983000e-05	-5.327643e-03	7.047130e-01
2.984000e-05	-4.555001e-03	4.608751e-01
2.985000e-05	-2.161777e-03	1.262198e-01
2.986000e-05	3.311571e-03	-1.880224e-01
2.987000e-05	5.050512e-03	-4.190752e-01
2.988000e-05	-5.231099e-03	-7.569620e-01
2.989000e-05	3.215365e-03	-9.800262e-01
2.990000e-05	-4.399662e-03	-1.245758e+00
2.991000e-05	1.055476e-03	-1.590475e+00
2.992000e-05	4.586713e-03	-1.823203e+00
2.993000e-05	3.405621e-02	-2.052630e+00
2.994000e-05	9.382383e-02	-2.307467e+00
2.995000e-05	-6.399367e-02	-2.676418e+00
2.996000e-05	-2.710912e-02	-3.116970e+00
2.997000e-05	-2.518352e-02	-3.401130e+00
2.998000e-05	-1.445482e-02	-3.621054e+00
2.999000e-05	-7.425390e-02	-3.875391e+00
3.000000e-05	6.122838e-02	-4.096340e+00
3.001000e-05	1.123759e-01	-4.306361e+00
3.002000e-05	-1.780562e-01	-4.642133e+00
3.003000e-05	1.925721e-01	-4.915317e+00
3.004000e-05	-1.259856e-01	-5.182575e+00
3.005000e-05	2.059635e-02	-5.530521e+00
3.006000e-05	4.313936e-02	-5.750569e+00
3.007000e-05	-9.169009e-02	-6.057762e+00
3.008000e-05	1.649153e-01	-6.327470e+00
3.009000e-05	-1.328157e-01	-6.603128e+00
3.010000e-05	5.163203e-02	-6.887484e+00
3.011000e-05	-1.085113e-02	-7.170099e+00
3.012000e-05	-5.198089e-02	-7.458462e+00
3.013000e-05	9.969725e-02	-7.758888e+00
3.014000e-05	-9.997370e-02	-8.015253e+00
3.015000e-05	1.457078e-01	-8.267337e+00
3.016000e-05	-1.186633e-01	-8.500366e+00
3.017000e-05	4.548770e-02	-8.811075e+00
3.018000e-05	-1.154948e-03	-9.031131e+00
3.019000e-05	-2.194604e-02	-9.275833e+00
3.020000e-05	5.071719e-02	-9.466888e+00
3.021000e-05	-6.966725e-02	-9.730470e+00
3.022000e-05	8.395313e-02	-9.942450e+00
3.023000e-05	-6.893384e-02	-1.017422e+01
3.024000e-05	5.260600e-02	-1.039588e+01
3.025000e-05	-4.390103e-02	-1.063473e+01
3.026000e-05	3.543388e-02	-1.083828e+01
3.027000e-05	-6.697776e-03	-1.107723e+01
3.028000e-05	-5.142711e-03	-1.130984e+01
3.029000e-05	1.731739e-02	-1.148794e+01
3.030000e-05	-2.086997e-02	-1.173212e+01
3.031000e-05	1.595458e-02	-1.189052e+01
3.032000e-05	-2.422313e-02	-1.218062e+01
3.033000e-05	4.030021e-02	-1.230202e+01
3.034000e-05	-1.577480e-02	-1.252089e+01
3.035000e-05	1.370829e-02	-1.267992e+01
3.036000e-05	-2.109849e-02	-1.287886e+01
3.037000e-05	1.700881e-02	-1.305778e+01
3.038000e-05	-7.362113e-03	-1.321460e+01
3.039000e-05	4.317458e-03	-1.337417e+01
3.040000e-05	7.484917e-04	-1.349906e+01
3.041000e-05	3.783130e-03	-1.366986e+01
3.042000e-05	1.586298e-03	-1.382626e+01
3.043000e-05	-1.842875e-03	-1.403568e+01
3.044000e-05	7.971601e-03	-1.411152e+01
3.045000e-05	-1.251432e-03	-1.428936e+01
3.046000e-05	3.594244e-03	-1.435565e+01
3.047000e-05	-1.133401e-03	-1.446996e+01
3.048000e-05	4.733025e-03	-1.462978e+01
3.049000e-05	-5.081465e-03	-1.472455e+01
3.050000e-05	6.863231e-04	-1.484836e+01
3.051000e-05	2.312813e-03	-1.492255e+01
3.052000e-05	5.765431e-03	-1.502726e+01
3.053000e-05	3.808656e-03	-1.510139e+01
3.054000e-05	8.026387e-04	-1.523474e+01
3.055000e-05	-5.406973e-04	-1.524094e+01
3.056000e-05	-6.310958e-04	-1.538512e+01
3.057000e-05	2.561790e-03	-1.544781e+01
3.058000e-05	2.211823e-03	-1.550296e+01
3.059000e-05	1.593006e-04	-1.557405e+01
3.060000e-05	3.494056e-04	-1.560815e+01
3.061000e-05	9.543569e-04	-1.561836e+01
3.062000e-05	1.306108e-03	-1.570089e+01
3.063000e-05	2.232656e-03	-1.572252e+01
3.064000e-05	3.961073e-03	-1.575510e+01
3.065000e-05	1.222614e-03	-1.578815e+01
3.066000e-05	2.617199e-04	-1.581665e+01
3.067000e-05	1.282893e-03	-1.579573e+01
3.068000e-05	1.204738e-03	-1.583826e+01
3.069000e-05	4.229558e-04	-1.579671e+01
3.070000e-05	-1.026223e-03	-1.579418e+01
3.071000e-05	2.573436e-03	-1.578470e+01
3.072000e-05	2.040517e-03	-1.579563e+01
3.073000e-05	7.685494e-04	-1.572347e+01
3.074000e-05	3.057235e-04	-1.572452e+01
3.075000e-05	5.215630e-04	-1.569089e+01
3.076000e-05	1.152072e-03	-1.562668e+01
3.077000e-05	5.763480e-04	-1.558622e+01
3.078000e-05	1.787254e-03	-1.557403e+01
3.079000e-05	9.240877e-04	-1.548242e+01
3.080000e-05	-9.470137e-04	-1.540811e+01
3.081000e-05	-4.898708e-04	-1.537407e+01
3.082000e-05	1.616627e-03	-1.529942e+01
3.083000e-05	1.129623e-03	-1.517472e+01
3.084000e-05	-1.080718e-06	-1.509242e+01
3.085000e-05	1.289468e-03	-1.504726e+01
3.086000e-05	7.019063e-04	-1.496400e+01
3.087000e-05	-2.057875e-04	-1.484728e+01
3.088000e-05	-1.254244e-03	-1.477347e+01
3.089000e-05	-8.492661e-05	-1.464815e+01
3.090000e-05	3.433606e-04	-1.449994e+01
3.091000e-05	3.914088e-04	-1.438515e+01
3.092000e-05	-6.839537e-04	-1.422924e+01
3.093000e-05	-1.492004e-03	-1.415087e+01
3.094000e-05	-7.740697e-04	-1.397463e+01
3.095000e-05	-5.001993e-04	-1.383723e+01
3.096000e-05	-1.394356e-05	-1.366031e+01
3.097000e-05	-1.490429e-03	-1.351149e+01
3.098000e-05	-1.013938e-03	-1.340355e+01
3.099000e-05	-1.160071e-03	-1.318810e+01
3.100000e-05	-2.065644e-03	-1.305625e+01
3.101000e-05	-5.000746e-04	-1.288929e+01
3.102000e-05	1.304089e-03	-1.271889e+01
3.103000e-05	-1.227769e-03	-1.254139e+01
3.104000e-05	-1.333846e-03	-1.233297e+01
3.105000e-05	-1.061561e-03	-1.216297e+01
3.106000e-05	-2.055575e-03	-1.193097e+01
3.107000e-05	-2.513821e-03	-1.177302e+01
3.108000e-05	-1.208233e-03	-1.149097e+01
3.109000e-05	-7.117670e-04	-1.132926e+01
3.110000e-05	-2.106845e-03	-1.106621e+01
3.111000e-05	-2.578200e-03	-1.084621e+01
3.112000e-05	-1.376423e-03	-1.066624e+01
3.113000e-05	-1.720683e-03	-1.047829e+01
3.114000e-05	-1.603031e-03	-1.021555e+01
3.115000e-05	-2.268473e-03	-9.993548e+00
3.116000e-05	-1.785352e-03	-9.781944e+00
3.117000e-05	-2.211213e-03	-9.548393e+00
3.118000e-05	-2.717090e-03	-9.298839e+00
3.119000e-05	-3.415591e-03	-9.095658e+00
3.120000e-05	-2.063075e-03	-8.846634e+00
3.121000e-05	-1.930874e-03	-8.573828e+00
3.122000e-05	-2.261599e-03	-8.318813e+00
3.123000e-05	-2.712212e-03	-8.068783e+00
3.124000e-05	-3.070093e-03	-7.805481e+00
3.125000e-05	-2.436321e-03	-7.519388e+00
3.126000e-05	-3.125773e-03	-7.265633e+00
3.127000e-05	-2.818068e-03	-6.974049e+00
3.128000e-05	-4.086130e-03	-6.738315e+00
3.129000e-05	-2.219875e-03	-6.437727e+00
3.130000e-05	-3.719777e-03	-6.211426e+00
3.131000e-05	-2.472698e-03	-5.958288e+00
3.132000e-05	-5.895482e-03	-5.645029e+00
3.133000e-05	-3.044855e-03	-5.359368e+00
3.134000e-05	-4.802177e-03	-5.044608e+00
3.135000e-05	-1.697806e-03	-4.707736e+00
3.136000e-05	-5.796164e-03	-4.423034e+00
3.137000e-05	-3.099555e-03	-4.211474e+00
3.138000e-05	-4.490027e-03	-3.977338e+00
3.139000e-05	-3.454949e-03	-3.640976e+00
3.140000e-05	-5.193443e-03	-3.357419e+00
3.141000e-05	-5.957690e-03	-3.025131e+00
3.142000e-05	-4.506803e-03	-2.788846e+00
3.143000e-05	-3.268635e-03	-2.462686e+00
3.144000e-05	-4.348058e-03	-2.159916e+00
3.145000e-05	-5.523672e-03	-1.935161e+00
3.146000e-05	-4.381504e-03	-1.661551e+00
3.147000e-05	-4.556529e-03	-1.285633e+00
3.148000e-05	-3.962996e-03	-9.488960e-01
3.149000e-05	-5.463231e-03	-6.931880e-01
3.150000e-05	-3.824137e-03	-3.993984e-01
3.151000e-05	-4.895336e-03	-1.037842e-01
3.152000e-05	6.450747e-03	1.875513e-01
3.153000e-05	-2.291342e-03	4.647855e-01
3.154000e-05	-3.306710e-04	7.078696e-01
3.155000e-05	-1.452205e-03	1.041554e+00
3.156000e-05	-5.925152e-04	1.284291e+00
3.157000e-05	-3.547198e-03	1.572681e+00
3.158000e-05	4.456683e-03	1.874285e+00
3.159000e-05	1.337716e-02	2.096316e+00
3.160000e-05	6.309079e-02	2.368574e+00
3.161000e-05	3.061091e-02	2.708497e+00
3.162000e-05	-8.101192e-02	3.075282e+00
3.163000e-05	-1.465466e-02	3.347895e+00
3.164000e-05	-3.195611e-02	3.613253e+00
3.165000e-05	-3.666391e-03	3.887286e+00
3.166000e-05	-4.922111e-02	4.150290e+00
3.167000e-05	3.198963e-02	4.349450e+00
3.168000e-05	7.674212e-02	4.621705e+00
3.169000e-05	-1.298854e-01	4.980596e+00
3.170000e-05	1.249295e-01	5.234234e+00
3.171000e-05	-4.167155e-02	5.529366e+00
3.172000e-05	-5.570530e-02	5.802660e+00
3.173000e-05	5.253117e-02	6.115815e+00
3.174000e-05	-2.605078e-02	6.349397e+00
3.175000e-05	4.948329e-02	6.613132e+00
3.176000e-05	-6.188586e-02	6.929370e+00
3.177000e-05	6.153266e-03	7.182649e+00
3.178000e-05	6.807768e-03	7.468291e+00
3.179000e-05	-2.007739e-02	7.711574e+00
3.180000e-05	2.383080e-02	8.003663e+00
3.181000e-05	-3.548922e-02	8.337892e+00
3.182000e-05	5.208745e-02	8.519891e+00
3.183000e-05	-3.784562e-02	8.781901e+00
3.184000e-05	-5.009873e-03	9.014552e+00
3.185000e-05	9.114109e-03	9.266263e+00
3.186000e-05	-2.342090e-02	9.467291e+00
3.187000e-05	2.090782e-02	9.681440e+00
3.188000e-05	-2.523911e-02	9.931553e+00
3.189000e-05	2.077429e-02	1.019212e+01
3.190000e-05	-3.267011e-02	1.040468e+01
3.191000e-05	1.383000e-02	1.062676e+01
3.192000e-05	-1.147681e-02	1.087673e+01
3.193000e-05	1.317184e-03	1.104029e+01
3.194000e-05	-5.119925e-03	1.126823e+01
3.195000e-05	-1.263784e-02	1.150942e+01
3.196000e-05	9.822208e-03	1.172045e+01
3.197000e-05	-1.486292e-02	1.189948e+01
3.198000e-05	-3.787092e-04	1.212147e+01
3.199000e-05	-1.389041e-02	1.229099e+01
3.200000e-05	1.539490e-02	1.252087e+01
3.201000e-05	-9.082397e-03	1.270924e+01
3.202000e-05	-9.927064e-03	1.285779e+01
3.203000e-05	-1.067554e-02	1.301526e+01
3.204000e-05	-1.255425e-03	1.318520e+01
3.205000e-05	-1.247467e-03	1.335255e+01
3.206000e-05	-1.270735e-02	1.353247e+01
3.207000e-05	-6.510135e-04	1.366833e+01
3.208000e-05	-6.376776e-03	1.383721e+01
3.209000e-05	3.412655e-04	1.392513e+01
3.210000e-05	-9.521878e-03	1.412195e+01
3.211000e-05	-4.058713e-03	1.429887e+01
3.212000e-05	-7.799760e-03	1.443460e+01
3.213000e-05	-5.056474e-03	1.452210e+01
3.214000e-05	-3.690575e-03	1.463726e+01
3.215000e-05	-9.825875e-03	1.475510e+01
3.216000e-05	-9.108702e-03	1.481839e+01
3.217000e-05	-8.072169e-03	1.496255e+01
3.218000e-05	5.070905e-04	1.502876e+01
3.219000e-05	-6.350495e-03	1.510348e+01
3.220000e-05	-6.197451e-03	1.516613e+01
3.221000e-05	-6.558222e-03	1.526931e+01
3.222000e-05	-5.306369e-03	1.537358e+01
3.223000e-05	-6.937416e-03	1.541776e+01
3.224000e-05	-8.628971e-03	1.549085e+01
3.225000e-05	-5.938936e-03	1.555205e+01
3.226000e-05	-7.895001e-03	1.556565e+01
3.227000e-05	-4.963356e-03	1.564676e+01
3.228000e-05	-8.898334e-03	1.567942e+01
3.229000e-05	-8.406937e-03	1.575049e+01
3.230000e-05	-6.304707e-03	1.575550e+01
3.231000e-05	-3.949027e-03	1.577616e+01
3.232000e-05	-5.468153e-03	1.580423e+01
3.233000e-05	-9.644746e-03	1.580611e+01
3.234000e-05	-7.059798e-03	1.581665e+01
3.235000e-05	-7.768632e-03	1.580673e+01
3.236000e-05	-6.456693e-03	1.579821e+01
3.237000e-05	-9.248421e-03	1.579355e+01
3.238000e-05	-5.496811e-03	1.581258e+01
3.239000e-05	-6.212951e-03	1.574250e+01
3.240000e-05	-7.509829e-03	1.567292e+01
3.241000e-05	-6.945753e-03	1.568977e+01
3.242000e-05	-7.603502e-03	1.564716e+01
3.243000e-05	-6.615101e-03	1.559513e+01
3.244000e-05	-7.579581e-03	1.552410e+01
3.245000e-05	-5.948868e-03	1.546969e+01
3.246000e-05	-8.307714e-03	1.540613e+01
3.247000e-05	-7.883197e-03	1.531600e+01
3.248000e-05	-6.285503e-03	1.523984e+01
3.249000e-05	-6.186631e-03	1.519655e+01
3.250000e-05	-6.730548e-03	1.508239e+01
3.251000e-05	-8.456334e-03	1.499815e+01
3.252000e-05	-5.322085e-03	1.490097e+01
3.253000e-05	-7.975360e-03	1.479661e+01
3.254000e-05	-6.866896e-03	1.471239e+01
3.255000e-05	-9.042348e-03	1.459611e+01
3.256000e-05	-5.098232e-03	1.451339e+01
3.257000e-05	-6.898122e-03	1.435345e+01
3.258000e-05	-6.262155e-03	1.420758e+01
3.259000e-05	-8.191022e-03	1.407892e+01
3.260000e-05	-7.080791e-03	1.393400e+01
3.261000e-05	-7.959979e-03	1.381511e+01
3.262000e-05	-6.954538e-03	1.361718e+01
3.263000e-05	-7.017819e-03	1.348037e+01
3.264000e-05	-7.479234e-03	1.332035e+01
3.265000e-05	-6.227707e-03	1.315390e+01
3.266000e-05	-6.397742e-03	1.301511e+01
3.267000e-05	-6.782221e-03	1.283623e+01
3.268000e-05	-6.778144e-03	1.265631e+01
3.269000e-05	-6.926054e-03	1.248924e+01
3.270000e-05	-5.375805e-03	1.229077e+01
3.271000e-05	-7.123140e-03	1.214037e+01
3.272000e-05	-6.803125e-03	1.194094e+01
3.273000e-05	-8.806754e-03	1.170884e+01
3.274000e-05	-6.952462e-03	1.149029e+01
3.275000e-05	-7.312477e-03	1.126776e+01
3.276000e-05	-5.870428e-03	1.103569e+01
3.277000e-05	-6.136069e-03	1.087571e+01
3.278000e-05	-6.446658e-03	1.062559e+01
3.279000e-05	-6.056308e-03	1.041763e+01
3.280000e-05	-6.642098e-03	1.018200e+01
3.281000e-05	-6.554565e-03	9.991825e+00
3.282000e-05	-7.411406e-03	9.699823e+00
3.283000e-05	-7.061995e-03	9.456785e+00
3.284000e-05	-6.661362e-03	9.256737e+00
3.285000e-05	-7.411343e-03	9.034906e+00
3.286000e-05	-7.260792e-03	8.762446e+00
3.287000e-05	-6.572313e-03	8.519815e+00
3.288000e-05	-5.734527e-03	8.308265e+00
3.289000e-05	-6.272307e-03	8.012182e+00
3.290000e-05	-5.969141e-03	7.770471e+00
3.291000e-05	-6.878709e-03	7.510318e+00
3.292000e-05	-7.052052e-03	7.232102e+00
3.293000e-05	-7.311067e-03	6.930948e+00
3.294000e-05	-5.784763e-03	6.748667e+00
3.295000e-05	-6.034743e-03	6.423104e+00
3.296000e-05	-5.716728e-03	6.149947e+00
3.297000e-05	-7.014799e-03	5.907816e+00
3.298000e-05	-6.074425e-03	5.600555e+00
3.299000e-05	-6.659689e-03	5.318847e+00
3.300000e-05	-6.126021e-03	4.982053e+00
3.301000e-05	-5.724671e-03	4.696239e+00
3.302000e-05	-5.289475e-03	4.442528e+00
3.303000e-05	-6.275413e-03	4.118368e+00
3.304000e-05	-6.639975e-03	3.835081e+00
3.305000e-05	-6.374212e-03	3.610349e+00
3.306000e-05	-6.028936e-03	3.254184e+00
3.307000e-05	-5.558402e-03	3.012526e+00
3.308000e-05	-5.143695e-03	2.747794e+00
3.309000e-05	-6.287958e-03	2.444449e+00
3.310000e-05	-5.871424e-03	2.137317e+00
3.311000e-05	-5.763912e-03	1.862585e+00
3.312000e-05	-4.963171e-03	1.547348e+00
3.313000e-05	-5.133547e-03	1.264084e+00
3.314000e-05	-5.166667e-03	9.056668e-01
3.315000e-05	-5.730758e-03	6.000011e-01
3.316000e-05	-3.889100e-03	3.977458e-01
3.317000e-05	-2.609826e-03	9.056313e-03
3.318000e-05	6.379492e-03	-2.326015e-01
3.319000e-05	6.281489e-04	-4.952843e-01
3.320000e-05	-4.803798e-04	-7.525977e-01
3.321000e-05	-5.536909e-04	-1.074208e+00
3.322000e-05	-1.004028e-03	-1.358042e+00
3.323000e-05	-2.390436e-03	-1.643105e+00
3.324000e-05	1.248870e-02	-1.845833e+00
3.325000e-05	4.499961e-02	-2.096911e+00
3.326000e-05	8.442200e-02	-2.412682e+00
3.327000e-05	-9.659025e-02	-2.831626e+00
3.328000e-05	5.703279e-03	-3.202149e+00
3.329000e-05	-4.803699e-02	-3.464332e+00
3.330000e-05	-1.455748e-03	-3.707207e+00
3.331000e-05	-9.762058e-02	-3.969473e+00
3.332000e-05	1.445341e-01	-4.148445e+00
3.333000e-05	-4.390051e-03	-4.350574e+00
3.334000e-05	-1.089113e-01	-4.687917e+00
3.335000e-05	1.859672e-01	-4.928966e+00
3.336000e-05	-1.829660e-01	-5.286787e+00
3.337000e-05	1.110162e-01	-5.588700e+00
3.338000e-05	-5.584843e-02	-5.823703e+00
3.339000e-05	-4.338190e-03	-6.161072e+00
3.340000e-05	1.160361e-01	-6.371553e+00
3.341000e-05	-1.461403e-01	-6.658412e+00
3.342000e-05	1.022969e-01	-6.941073e+00
3.343000e-05	-8.191436e-02	-7.243833e+00
3.344000e-05	2.880481e-02	-7.540493e+00
3.345000e-05	3.264695e-02	-7.793124e+00
3.346000e-05	-4.852075e-02	-8.098863e+00
3.347000e-05	1.202169e-01	-8.288921e+00
3.348000e-05	-1.398019e-01	-8.582100e+00
3.349000e-05	9.569690e-02	-8.834857e+00
3.350000e-05	-5.791455e-02	-9.065810e+00
3.351000e-05	3.461938e-02	-9.330441e+00
3.352000e-05	-2.046693e-03	-9.602523e+00
3.353000e-05	-2.531568e-02	-9.762624e+00
3.354000e-05	5.544251e-02	-9.985780e+00
3.355000e-05	-6.106212e-02	-1.024738e+01
3.356000e-05	5.449088e-02	-1.047741e+01
3.357000e-05	-5.286958e-02	-1.066839e+01
3.358000e-05	5.633920e-02	-1.093936e+01
3.359000e-05	-3.461281e-02	-1.108002e+01
3.360000e-05	2.160146e-02	-1.132107e+01
3.361000e-05	-6.682431e-03	-1.156472e+01
3.362000e-05	-1.528576e-03	-1.177268e+01
3.363000e-05	-1.282464e-03	-1.196523e+01
3.364000e-05	-5.354912e-03	-1.218418e+01
3.365000e-05	3.128329e-02	-1.235512e+01
3.366000e-05	-1.351810e-02	-1.258210e+01
3.367000e-05	8.669917e-03	-1.270202e+01
3.368000e-05	-1.745947e-02	-1.292989e+01
3.369000e-05	1.872767e-02	-1.304879e+01
3.370000e-05	-1.110818e-02	-1.327773e+01
3.371000e-05	9.195725e-03	-1.339570e+01
3.372000e-05	-3.313929e-03	-1.355358e+01
3.373000e-05	9.332542e-03	-1.373157e+01
3.374000e-05	-4.574048e-03	-1.388138e+01
3.375000e-05	4.265468e-03	-1.404621e+01
3.376000e-05	2.660580e-03	-1.411212e+01
3.377000e-05	2.083445e-03	-1.427057e+01
3.378000e-05	7.916603e-04	-1.439721e+01
3.379000e-05	3.286209e-03	-1.458258e+01
3.380000e-05	1.493778e-03	-1.462926e+01
3.381000e-05	-5.070886e-03	-1.480467e+01
3.382000e-05	1.479284e-03	-1.487094e+01
3.383000e-05	3.780782e-03	-1.499465e+01
3.384000e-05	7.209976e-03	-1.505881e+01
3.385000e-05	1.889684e-03	-1.512105e+01
3.386000e-05	1.527112e-03	-1.525736e+01
3.387000e-05	-2.254176e-03	-1.529094e+01
3.388000e-05	1.358208e-03	-1.537515e+01
3.389000e-05	2.524779e-03	-1.543836e+01
3.390000e-05	2.767313e-03	-1.550400e+01
3.391000e-05	3.069110e-04	-1.552563e+01
3.392000e-05	1.147220e-03	-1.562828e+01
3.393000e-05	1.081547e-03	-1.564886e+01
3.394000e-05	6.704954e-04	-1.572244e+01
3.395000e-05	1.923997e-03	-1.575297e+01
3.396000e-05	2.920892e-03	-1.576513e+01
3.397000e-05	2.032800e-03	-1.582553e+01
3.398000e-05	-2.015524e-05	-1.575571e+01
3.399000e-05	1.699537e-03	-1.585821e+01
3.400000e-05	-4.498708e-04	-1.579818e+01
3.401000e-05	-7.744479e-04	-1.579616e+01
3.402000e-05	8.274695e-04	-1.580571e+01
3.403000e-05	3.775275e-03	-1.580718e+01
3.404000e-05	2.573576e-03	-1.578315e+01
3.405000e-05	-5.896060e-04	-1.573452e+01
3.406000e-05	-5.659377e-05	-1.567150e+01
3.407000e-05	7.200942e-04	-1.567339e+01
3.408000e-05	1.522878e-03	-1.562668e+01
3.409000e-05	1.062812e-03	-1.554513e+01
3.410000e-05	2.210813e-03	-1.551202e+01
3.411000e-05	-6.637130e-04	-1.544094e+01
3.412000e-05	-9.606479e-05	-1.539773e+01
3.413000e-05	-8.572963e-05	-1.534249e+01
3.414000e-05	8.069848e-04	-1.524984e+01
3.415000e-05	2.258712e-04	-1.515400e+01
3.416000e-05	2.006490e-04	-1.510087e+01
3.417000e-05	1.672729e-03	-1.504418e+01
3.418000e-05	-1.409692e-03	-1.493147e+01
3.419000e-05	-1.507174e-03	-1.481613e+01
3.420000e-05	-1.187560e-03	-1.465134e+01
3.421000e-05	1.922331e-03	-1.462553e+01
3.422000e-05	7.428879e-04	-1.446779e+01
3.423000e-05	1.004065e-04	-1.436155e+01
3.424000e-05	-1.025495e-03	-1.421716e+01
3.425000e-05	-3.825107e-05	-1.407786e+01
3.426000e-05	-1.338096e-04	-1.389292e+01
3.427000e-05	-1.030947e-03	-1.377510e+01
3.428000e-05	-3.899912e-04	-1.364516e+01
3.429000e-05	-4.134568e-04	-1.343831e+01
3.430000e-05	-3.483094e-04	-1.333940e+01
3.431000e-05	-1.420539e-03	-1.316510e+01
3.432000e-05	-1.352083e-03	-1.296515e+01
3.433000e-05	2.275631e-04	-1.286776e+01
3.434000e-05	-2.782696e-04	-1.256881e+01
3.435000e-05	-9.335304e-04	-1.245781e+01
3.436000e-05	-1.979867e-03	-1.230939e+01
3.437000e-05	-1.808122e-03	-1.211989e+01
3.438000e-05	-2.748503e-03	-1.191079e+01
3.439000e-05	-2.189243e-03	-1.166184e+01
3.440000e-05	-1.580594e-03	-1.144684e+01
3.441000e-05	5.037390e-04	-1.123616e+01
3.442000e-05	-2.474133e-03	-1.093618e+01
3.443000e-05	-1.013659e-03	-1.080458e+01
3.444000e-05	-1.332176e-03	-1.060408e+01
3.445000e-05	-2.385753e-03	-1.039453e+01
3.446000e-05	-3.102659e-03	-1.014139e+01
3.447000e-05	-1.958446e-03	-9.937914e+00
3.448000e-05	-7.016390e-04	-9.708419e+00
3.449000e-05	-1.335565e-03	-9.478110e+00
3.450000e-05	-3.429450e-03	-9.234257e+00
3.451000e-05	-2.246548e-03	-9.023580e+00
3.452000e-05	-2.505524e-03	-8.722499e+00
3.453000e-05	-2.747778e-03	-8.509893e+00
3.454000e-05	-3.029681e-03	-8.225185e+00
3.455000e-05	-1.104324e-03	-8.055155e+00
3.456000e-05	-3.153100e-03	-7.672372e+00
3.457000e-05	-3.281890e-03	-7.435685e+00
3.458000e-05	-3.392222e-03	-7.153928e+00
3.459000e-05	-2.942925e-03	-6.899815e+00
3.460000e-05	-3.387884e-03	-6.654534e+00
3.461000e-05	-3.079618e-03	-6.391453e+00
3.462000e-05	-3.159720e-03	-6.108318e+00
3.463000e-05	-3.279917e-03	-5.844558e+00
3.464000e-05	-3.926801e-03	-5.528475e+00
3.465000e-05	-3.312696e-03	-5.274682e+00
3.466000e-05	-3.897921e-03	-4.959824e+00
3.467000e-05	-2.733155e-03	-4.622621e+00
3.468000e-05	-4.767684e-03	-4.392949e+00
3.469000e-05	-3.393893e-03	-4.127819e+00
3.470000e-05	-4.424941e-03	-3.834503e+00
3.471000e-05	-4.918930e-03	-3.569346e+00
3.472000e-05	-5.024785e-03	-3.236681e+00
3.473000e-05	-5.868534e-03	-2.940419e+00
3.474000e-05	-3.353447e-03	-2.685162e+00
3.475000e-05	-3.956631e-03	-2.441999e+00
3.476000e-05	-4.157959e-03	-2.115761e+00
3.477000e-05	-5.545484e-03	-1.832609e+00
3.478000e-05	-4.505624e-03	-1.535895e+00
3.479000e-05	-5.052106e-03	-1.199476e+00
3.480000e-05	-3.869489e-03	-8.952094e-01
3.481000e-05	-5.493420e-03	-6.099227e-01
3.482000e-05	-4.080090e-03	-3.452383e-01
3.483000e-05	-3.671874e-03	-3.060246e-02
3.484000e-05	7.944512e-03	2.617333e-01
3.485000e-05	-6.015459e-03	5.158657e-01
3.486000e-05	2.893626e-03	8.379960e-01
3.487000e-05	-4.425127e-03	1.074335e+00
3.488000e-05	2.010827e-03	1.358994e+00
3.489000e-05	-6.658690e-03	1.715417e+00
3.490000e-05	9.732348e-03	1.895421e+00
3.491000e-05	1.551411e-02	2.169497e+00
3.492000e-05	8.124605e-02	2.414654e+00
3.493000e-05	-1.573738e-02	2.812555e+00
3.494000e-05	-6.285425e-02	3.086343e+00
3.495000e-05	-2.172993e-02	3.391154e+00
3.496000e-05	-1.714725e-02	3.705263e+00
3.497000e-05	-1.921901e-02	3.927947e+00
3.498000e-05	-3.364159e-02	4.151575e+00
3.499000e-05	5.047136e-02	4.442658e+00
3.500000e-05	4.173317e-02	4.717495e+00
3.501000e-05	-1.245536e-01	5.011613e+00
3.502000e-05	1.757434e-01	5.308362e+00
3.503000e-05	-1.268136e-01	5.603033e+00
3.504000e-05	2.293625e-02	5.856892e+00
3.505000e-05	6.169990e-03	6.159500e+00
3.506000e-05	7.064495e-03	6.393632e+00
3.507000e-05	2.810473e-02	6.655863e+00
3.508000e-05	-6.747194e-02	7.041471e+00
3.509000e-05	3.281297e-02	7.235807e+00
3.510000e-05	-2.453878e-02	7.519023e+00
3.511000e-05	9.807942e-03	7.793157e+00
3.512000e-05	-5.415343e-03	8.077367e+00
3.513000e-05	-8.744783e-03	8.359496e+00
3.514000e-05	3.958005e-02	8.581550e+00
3.515000e-05	-4.576545e-02	8.824678e+00
3.516000e-05	1.565472e-02	9.067261e+00
3.517000e-05	-8.797546e-03	9.288444e+00
3.518000e-05	-6.226220e-03	9.532021e+00
3.519000e-05	3.074768e-03	9.771654e+00
3.520000e-05	-9.450566e-03	1.001408e+01
3.521000e-05	4.738324e-03	1.026424e+01
3.522000e-05	-2.275459e-02	1.045636e+01
3.523000e-05	8.202061e-03	1.066190e+01
3.524000e-05	-8.587973e-03	1.091847e+01
3.525000e-05	3.065149e-03	1.108792e+01
3.526000e-05	-7.971560e-03	1.132102e+01
3.527000e-05	-7.042247e-03	1.153160e+01
3.528000e-05	4.900367e-03	1.178468e+01
3.529000e-05	-1.052264e-02	1.196460e+01
3.530000e-05	-6.780212e-03	1.217355e+01
3.531000e-05	-4.730346e-03	1.234160e+01
3.532000e-05	8.792416e-03	1.254312e+01
3.533000e-05	-7.260412e-03	1.269089e+01
3.534000e-05	-1.386731e-02	1.287983e+01
3.535000e-05	-5.437337e-03	1.304971e+01
3.536000e-05	-2.292803e-03	1.323730e+01
3.537000e-05	-3.256442e-03	1.338518e+01
3.538000e-05	-1.189571e-02	1.353397e+01
3.539000e-05	-1.266668e-03	1.372244e+01
3.540000e-05	-4.484150e-03	1.383936e+01
3.541000e-05	-3.736302e-03	1.399674e+01
3.542000e-05	-7.130757e-03	1.415366e+01
3.543000e-05	-6.864304e-03	1.429057e+01
3.544000e-05	-4.411528e-03	1.444622e+01
3.545000e-05	-5.710922e-03	1.451210e+01
3.546000e-05	-3.285635e-03	1.468039e+01
3.547000e-05	-1.234948e-02	1.476518e+01
3.548000e-05	-8.719346e-03	1.484839e+01
3.549000e-05	-6.022008e-03	1.497510e+01
3.550000e-05	-1.035022e-03	1.505036e+01
3.551000e-05	-5.972473e-03	1.511350e+01
3.552000e-05	-7.689570e-03	1.522526e+01
3.553000e-05	-4.232904e-03	1.531096e+01
3.554000e-05	-8.171586e-03	1.536765e+01
3.555000e-05	-5.232444e-03	1.545831e+01
3.556000e-05	-9.375102e-03	1.550184e+01
3.557000e-05	-6.412573e-03	1.555300e+01
3.558000e-05	-8.068252e-03	1.559769e+01
3.559000e-05	-4.793991e-03	1.564931e+01
3.560000e-05	-8.241391e-03	1.567937e+01
3.561000e-05	-9.203467e-03	1.574199e+01
3.562000e-05	-4.079546e-03	1.577250e+01
3.563000e-05	-3.820997e-03	1.574410e+01
3.564000e-05	-6.338925e-03	1.581560e+01
3.565000e-05	-1.061179e-02	1.577615e+01
3.566000e-05	-5.660516e-03	1.577418e+01
3.567000e-05	-6.746917e-03	1.579623e+01
3.568000e-05	-7.466975e-03	1.580558e+01
3.569000e-05	-8.981257e-03	1.579705e+01
3.570000e-05	-6.396506e-03	1.577303e+01
3.571000e-05	-5.356496e-03	1.574955e+01
3.572000e-05	-8.272392e-03	1.564847e+01
3.573000e-05	-6.752554e-03	1.567932e+01
3.574000e-05	-7.407079e-03	1.559621e+01
3.575000e-05	-5.620802e-03	1.553508e+01
3.576000e-05	-7.726971e-03	1.549139e+01
3.577000e-05	-5.247371e-03	1.547732e+01
3.578000e-05	-7.779084e-03	1.539663e+01
3.579000e-05	-7.870323e-03	1.532157e+01
3.580000e-05	-6.786356e-03	1.525729e+01
3.581000e-05	-7.191664e-03	1.515602e+01
3.582000e-05	-5.913069e-03	1.507132e+01
3.583000e-05	-8.385866e-03	1.500560e+01
3.584000e-05	-5.517635e-03	1.487084e+01
3.585000e-05	-8.210368e-03	1.479763e+01
3.586000e-05	-7.303710e-03	1.467886e+01
3.587000e-05	-8.790401e-03	1.457266e+01
3.588000e-05	-4.712807e-03	1.446927e+01
3.589000e-05	-5.940500e-03	1.431105e+01
3.590000e-05	-7.034314e-03	1.420705e+01
3.591000e-05	-7.858912e-03	1.404716e+01
3.592000e-05	-7.310334e-03	1.389934e+01
3.593000e-05	-6.105630e-03	1.377395e+01
3.594000e-05	-7.148999e-03	1.360610e+01
3.595000e-05	-7.756034e-03	1.343731e+01
3.596000e-05	-6.967627e-03	1.331027e+01
3.597000e-05	-6.200055e-03	1.314290e+01
3.598000e-05	-6.763615e-03	1.299302e+01
3.599000e-05	-7.295477e-03	1.278265e+01
3.600000e-05	-6.228184e-03	1.260613e+01
3.601000e-05	-6.737082e-03	1.243726e+01
3.602000e-05	-6.335841e-03	1.225669e+01
3.603000e-05	-7.301767e-03	1.208879e+01
3.604000e-05	-7.437825e-03	1.185874e+01
3.605000e-05	-7.247089e-03	1.168821e+01
3.606000e-05	-7.738170e-03	1.140725e+01
3.607000e-05	-6.558458e-03	1.118516e+01
3.608000e-05	-6.083147e-03	1.097463e+01
3.609000e-05	-6.600153e-03	1.077613e+01
3.610000e-05	-7.022388e-03	1.058341e+01
3.611000e-05	-6.079419e-03	1.034205e+01
3.612000e-05	-6.944115e-03	1.014040e+01
3.613000e-05	-7.135071e-03	9.908765e+00
3.614000e-05	-7.141623e-03	9.646234e+00
3.615000e-05	-5.869993e-03	9.403555e+00
3.616000e-05	-6.917464e-03	9.214555e+00
3.617000e-05	-7.364128e-03	8.981452e+00
3.618000e-05	-7.249568e-03	8.698390e+00
3.619000e-05	-6.127074e-03	8.468266e+00
3.620000e-05	-6.094449e-03	8.234609e+00
3.621000e-05	-6.516734e-03	7.969998e+00
3.622000e-05	-5.968690e-03	7.678422e+00
3.623000e-05	-6.405078e-03	7.395084e+00
3.624000e-05	-6.451251e-03	7.150920e+00
3.625000e-05	-6.349978e-03	6.878788e+00
3.626000e-05	-5.907253e-03	6.584510e+00
3.627000e-05	-6.353951e-03	6.350343e+00
3.628000e-05	-6.109326e-03	6.067838e+00
3.629000e-05	-5.914915e-03	5.904587e+00
3.630000e-05	-6.291053e-03	5.518421e+00
3.631000e-05	-6.300211e-03	5.286757e+00
3.632000e-05	-6.279251e-03	4.906324e+00
3.633000e-05	-5.168099e-03	4.633580e+00
3.634000e-05	-5.858676e-03	4.389470e+00
3.635000e-05	-6.086285e-03	4.055633e+00
3.636000e-05	-6.119786e-03	3.749897e+00
3.637000e-05	-5.303975e-03	3.578867e+00
3.638000e-05	-5.297686e-03	3.212529e+00
3.639000e-05	-6.297497e-03	2.928865e+00
3.640000e-05	-5.083900e-03	2.656617e+00
3.641000e-05	-5.344396e-03	2.366816e+00
3.642000e-05	-5.547473e-03	2.072608e+00
3.643000e-05	-6.297535e-03	1.778874e+00
3.644000e-05	-4.971207e-03	1.477110e+00
3.645000e-05	-5.395772e-03	1.178771e+00
3.646000e-05	-4.926592e-03	8.535791e-01
3.647000e-05	-4.031841e-03	5.482434e-01
3.648000e-05	-3.091548e-03	2.831367e-01
3.649000e-05	-2.108231e-03	-2.365528e-02
3.650000e-05	8.745738e-03	-2.857894e-01
3.651000e-05	-4.159793e-03	-5.688187e-01
3.652000e-05	4.209345e-03	-8.637317e-01
3.653000e-05	-5.133426e-03	-1.127363e+00
3.654000e-05	1.580075e-03	-1.462708e+00
3.655000e-05	-3.593639e-03	-1.685213e+00
3.656000e-05	2.090950e-02	-1.946945e+00
3.657000e-05	6.042272e-02	-2.139520e+00
3.658000e-05	5.145076e-02	-2.527817e+00
3.659000e-05	-9.947527e-02	-2.906890e+00
3.660000e-05	1.732950e-02	-3.264760e+00
3.661000e-05	-5.157172e-02	-3.496887e+00
3.662000e-05	-8.634957e-03	-3.738870e+00
3.663000e-05	-8.510310e-02	-4.003103e+00
3.664000e-05	1.930918e-01	-4.172574e+00
3.665000e-05	-1.078516e-01	-4.474832e+00
3.666000e-05	1.331286e-02	-4.753496e+00
3.667000e-05	1.216760e-01	-5.042125e+00
3.668000e-05	-1.687458e-01	-5.381197e+00
3.669000e-05	1.529587e-01	-5.653855e+00
3.670000e-05	-1.241383e-01	-5.897388e+00
3.671000e-05	8.920345e-02	-6.232744e+00
3.672000e-05	3.272786e-02	-6.455809e+00
3.673000e-05	-1.094771e-01	-6.772545e+00
3.674000e-05	1.102983e-01	-6.994730e+00
3.675000e-05	-1.220568e-01	-7.289495e+00
3.676000e-05	9.563730e-02	-7.615602e+00
3.677000e-05	-4.507199e-02	-7.836792e+00
3.678000e-05	3.046874e-02	-8.179524e+00
3.679000e-05	5.034980e-02	-8.352524e+00
3.680000e-05	-1.082745e-01	-8.636862e+00
3.681000e-05	1.032565e-01	-8.887941e+00
3.682000e-05	-8.583183e-02	-9.129466e+00
3.683000e-05	7.498631e-02	-9.380998e+00
3.684000e-05	-5.315839e-02	-9.592254e+00
3.685000e-05	3.084148e-02	-9.836760e+00
3.686000e-05	7.518389e-03	-1.007686e+01
3.687000e-05	-2.706967e-02	-1.029944e+01
3.688000e-05	3.042057e-02	-1.053062e+01
3.689000e-05	-3.730992e-02	-1.078205e+01
3.690000e-05	5.458062e-02	-1.097012e+01
3.691000e-05	-4.403791e-02	-1.113313e+01
3.692000e-05	3.780501e-02	-1.137415e+01
3.693000e-05	-2.516559e-02	-1.163725e+01
3.694000e-05	1.603166e-02	-1.182581e+01
3.695000e-05	-1.964453e-02	-1.201681e+01
3.696000e-05	1.676032e-02	-1.222678e+01
3.697000e-05	1.214599e-02	-1.245625e+01
3.698000e-05	-3.550565e-03	-1.260423e+01
3.699000e-05	-1.544016e-03	-1.276365e+01
3.700000e-05	-7.080281e-03	-1.298115e+01
3.701000e-05	1.276830e-02	-1.310144e+01
3.702000e-05	-9.193097e-03	-1.330091e+01
3.703000e-05	1.142561e-02	-1.347681e+01
3.704000e-05	-3.833876e-03	-1.354425e+01
3.705000e-05	9.550428e-03	-1.379417e+01
3.706000e-05	-8.758996e-03	-1.389349e+01
3.707000e-05	1.010540e-02	-1.406936e+01
3.708000e-05	-1.135600e-03	-1.416713e+01
3.709000e-05	3.774888e-03	-1.435363e+01
3.710000e-05	-1.131655e-03	-1.441733e+01
3.711000e-05	5.663096e-03	-1.459315e+01
3.712000e-05	-2.596321e-03	-1.467187e+01
3.713000e-05	-3.337166e-03	-1.479715e+01
3.714000e-05	2.299901e-03	-1.487894e+01
3.715000e-05	4.819413e-03	-1.497676e+01
3.716000e-05	6.029803e-03	-1.508034e+01
3.717000e-05	2.960361e-04	-1.516468e+01
3.718000e-05	1.973849e-03	-1.525079e+01
3.719000e-05	-1.803820e-03	-1.536112e+01
3.720000e-05	1.971530e-03	-1.539616e+01
3.721000e-05	3.407825e-03	-1.544039e+01
3.722000e-05	2.210255e-03	-1.552454e+01
3.723000e-05	-7.524974e-04	-1.557510e+01
3.724000e-05	6.021514e-04	-1.562834e+01
3.725000e-05	1.026071e-03	-1.565984e+01
3.726000e-05	2.730292e-04	-1.571202e+01
3.727000e-05	2.305400e-03	-1.572360e+01
3.728000e-05	3.040798e-03	-1.580417e+01
3.729000e-05	2.001007e-03	-1.580520e+01
3.730000e-05	6.722842e-04	-1.580768e+01
3.731000e-05	1.418380e-03	-1.580623e+01
3.732000e-05	-1.044292e-03	-1.583523e+01
3.733000e-05	-5.080765e-04	-1.585724e+01
3.734000e-05	1.539802e-03	-1.579716e+01
3.735000e-05	2.850442e-03	-1.579313e+01
3.736000e-05	1.402225e-03	-1.572255e+01
3.737000e-05	-4.222661e-04	-1.569554e+01
3.738000e-05	2.136552e-04	-1.571097e+01
3.739000e-05	1.395809e-03	-1.565984e+01
3.740000e-05	1.225115e-03	-1.558770e+01
3.741000e-05	2.299549e-03	-1.555617e+01
3.742000e-05	1.676228e-03	-1.552444e+01
3.743000e-05	-1.982812e-04	-1.541786e+01
3.744000e-05	-9.585784e-04	-1.539623e+01
3.745000e-05	-7.087610e-05	-1.533199e+01
3.746000e-05	3.257946e-04	-1.523779e+01
3.747000e-05	-3.083324e-05	-1.514352e+01
3.748000e-05	8.369209e-04	-1.508079e+01
3.749000e-05	6.692325e-04	-1.498218e+01
3.750000e-05	-3.419510e-04	-1.490088e+01
3.751000e-05	-2.445098e-04	-1.480465e+01
3.752000e-05	-2.176336e-04	-1.467186e+01
3.753000e-05	-7.345968e-05	-1.456603e+01
3.754000e-05	5.466056e-04	-1.445786e+01
3.755000e-05	6.520624e-04	-1.432239e+01
3.756000e-05	-2.707807e-04	-1.419561e+01
3.757000e-05	-1.011434e-03	-1.403976e+01
3.758000e-05	4.579902e-04	-1.388144e+01
3.759000e-05	4.031818e-04	-1.378349e+01
3.760000e-05	4.550400e-04	-1.358404e+01
3.761000e-05	-9.031452e-04	-1.342768e+01
3.762000e-05	-1.597498e-03	-1.328934e+01
3.763000e-05	-1.733582e-03	-1.310091e+01
3.764000e-05	-1.220421e-03	-1.298305e+01
3.765000e-05	-9.822755e-05	-1.281353e+01
3.766000e-05	-7.810515e-04	-1.258523e+01
3.767000e-05	8.767058e-04	-1.241668e+01
3.768000e-05	-2.506348e-04	-1.224773e+01
3.769000e-05	-3.503389e-04	-1.209829e+01
3.770000e-05	-2.300836e-03	-1.187826e+01
3.771000e-05	-2.541543e-03	-1.162818e+01
3.772000e-05	-1.720416e-03	-1.140355e+01
3.773000e-05	-1.304387e-03	-1.115357e+01
3.774000e-05	-2.249111e-03	-1.094247e+01
3.775000e-05	-1.160348e-03	-1.075205e+01
3.776000e-05	-4.037490e-04	-1.058192e+01
3.777000e-05	-7.917151e-04	-1.034137e+01
3.778000e-05	-8.292292e-04	-1.011789e+01
3.779000e-05	-1.368840e-03	-9.877736e+00
3.780000e-05	-1.590584e-03	-9.656760e+00
3.781000e-05	-3.837691e-03	-9.434633e+00
3.782000e-05	-4.047555e-03	-9.162019e+00
3.783000e-05	-3.300075e-03	-8.970519e+00
3.784000e-05	-2.084914e-03	-8.708237e+00
3.785000e-05	-2.976275e-03	-8.425187e+00
3.786000e-05	-1.234800e-03	-8.243529e+00
3.787000e-05	-7.236329e-04	-7.971972e+00
3.788000e-05	-2.667136e-03	-7.628209e+00
3.789000e-05	-3.900651e-03	-7.412571e+00
3.790000e-05	-2.962170e-03	-7.130466e+00
3.791000e-05	-3.676824e-03	-6.865630e+00
3.792000e-05	-2.750183e-03	-6.610999e+00
3.793000e-05	-4.769717e-03	-6.329745e+00
3.794000e-05	-1.746483e-03	-6.052712e+00
3.795000e-05	-3.695492e-03	-5.802020e+00
3.796000e-05	-1.186167e-03	-5.498239e+00
3.797000e-05	-4.149668e-03	-5.172018e+00
3.798000e-05	-4.292356e-03	-4.875642e+00
3.799000e-05	-4.803584e-03	-4.570970e+00
3.800000e-05	-1.802503e-03	-4.329795e+00
3.801000e-05	-5.020417e-03	-4.074108e+00
3.802000e-05	-3.777411e-03	-3.779995e+00
3.803000e-05	-5.953609e-03	-3.485217e+00
3.804000e-05	-3.426439e-03	-3.252580e+00
3.805000e-05	-5.602451e-03	-2.875286e+00
3.806000e-05	-3.052640e-03	-2.622030e+00
3.807000e-05	-6.173737e-03	-2.378767e+00
3.808000e-05	-4.884062e-03	-2.021001e+00
3.809000e-05	-5.918020e-03	-1.787897e+00
3.810000e-05	-3.257497e-03	-1.545087e+00
3.811000e-05	-4.682437e-03	-1.126788e+00
3.812000e-05	-5.076509e-03	-8.531050e-01
3.813000e-05	-5.073829e-03	-4.872110e-01
3.814000e-05	-4.339876e-03	-2.431553e-01
3.815000e-05	-6.334678e-04	-8.948432e-03
3.816000e-05	7.098170e-03	2.954420e-01
3.817000e-05	-5.944428e-03	5.500475e-01
3.818000e-05	4.429185e-03	8.127301e-01
3.819000e-05	-5.358656e-03	1.188444e+00
3.820000e-05	1.557729e-03	1.444129e+00
3.821000e-05	-6.099249e-03	1.699947e+00
3.822000e-05	1.307746e-02	1.970500e+00
3.823000e-05	2.416830e-02	2.212155e+00
3.824000e-05	8.674075e-02	2.519918e+00
3.825000e-05	-5.557390e-02	2.876316e+00
3.826000e-05	-3.870696e-02	3.140000e+00
3.827000e-05	-3.231492e-02	3.475813e+00
3.828000e-05	-3.019716e-03	3.757922e+00
3.829000e-05	-3.875239e-02	4.020526e+00
3.830000e-05	-1.372552e-02	4.202684e+00
3.831000e-05	7.037498e-02	4.465759e+00
3.832000e-05	-1.408818e-02	4.771099e+00
3.833000e-05	-6.609723e-02	5.065242e+00
3.834000e-05	1.564798e-01	5.391599e+00
3.835000e-05	-1.590569e-01	5.675763e+00
3.836000e-05	7.625603e-02	5.940024e+00
3.837000e-05	-3.008741e-02	6.192079e+00
3.838000e-05	3.495002e-02	6.446190e+00
3.839000e-05	-3.871308e-03	6.751048e+00
3.840000e-05	-5.582625e-02	7.043603e+00
3.841000e-05	4.592211e-02	7.299412e+00
3.842000e-05	-4.374701e-02	7.581632e+00
3.843000e-05	3.316208e-02	7.855912e+00
3.844000e-05	-3.307175e-02	8.151078e+00
3.845000e-05	2.396229e-02	8.382580e+00
3.846000e-05	1.440732e-02	8.663660e+00
3.847000e-05	-4.197060e-02	8.867337e+00
3.848000e-05	2.565094e-02	9.089942e+00
3.849000e-05	-2.554873e-02	9.341020e+00
3.850000e-05	1.379948e-02	9.584702e+00
3.851000e-05	-1.605193e-02	9.802737e+00
3.852000e-05	9.545951e-03	1.004786e+01
3.853000e-05	-1.640568e-02	1.026792e+01
3.854000e-05	-6.383748e-03	1.051049e+01
3.855000e-05	2.968340e-04	1.072100e+01
3.856000e-05	-2.968054e-03	1.094200e+01
3.857000e-05	-1.171346e-04	1.112252e+01
3.858000e-05	-1.231160e-02	1.136415e+01
3.859000e-05	-1.636042e-04	1.157521e+01
3.860000e-05	-2.801052e-03	1.180524e+01
3.861000e-05	-6.056604e-03	1.202673e+01
3.862000e-05	-1.374074e-02	1.216466e+01
3.863000e-05	6.853153e-03	1.240366e+01
3.864000e-05	1.443173e-03	1.259413e+01
3.865000e-05	-5.522132e-03	1.275463e+01
3.866000e-05	-1.654140e-02	1.292039e+01
3.867000e-05	-1.559368e-03	1.310097e+01
3.868000e-05	-3.238284e-03	1.322791e+01
3.869000e-05	-6.797932e-03	1.342726e+01
3.870000e-05	-7.982664e-03	1.356505e+01
3.871000e-05	-3.509617e-03	1.372355e+01
3.872000e-05	-1.275727e-03	1.388096e+01
3.873000e-05	-8.381881e-03	1.406834e+01
3.874000e-05	-4.497170e-03	1.419571e+01
3.875000e-05	-9.325916e-03	1.432200e+01
3.876000e-05	-3.567380e-03	1.449846e+01
3.877000e-05	-6.612761e-03	1.457511e+01
3.878000e-05	-4.460809e-03	1.468142e+01
3.879000e-05	-1.210497e-02	1.476618e+01
3.880000e-05	-9.565929e-03	1.489084e+01
3.881000e-05	-1.811246e-03	1.502413e+01
3.882000e-05	-4.591197e-03	1.506199e+01
3.883000e-05	-4.361176e-03	1.513350e+01
3.884000e-05	-8.682986e-03	1.522826e+01
3.885000e-05	-2.284475e-03	1.532150e+01
3.886000e-05	-9.714644e-03	1.541618e+01
3.887000e-05	-6.178528e-03	1.544032e+01
3.888000e-05	-8.268157e-03	1.550150e+01
3.889000e-05	-6.191627e-03	1.553463e+01
3.890000e-05	-6.391907e-03	1.558631e+01
3.891000e-05	-7.376243e-03	1.567879e+01
3.892000e-05	-6.789796e-03	1.566042e+01
3.893000e-05	-9.801996e-03	1.573194e+01
3.894000e-05	-3.541800e-03	1.578313e+01
3.895000e-05	-5.263588e-03	1.576408e+01
3.896000e-05	-5.885689e-03	1.578613e+01
3.897000e-05	-1.002904e-02	1.579414e+01
3.898000e-05	-5.883742e-03	1.579571e+01
3.899000e-05	-6.610977e-03	1.581566e+01
3.900000e-05	-8.236762e-03	1.582463e+01
3.901000e-05	-7.926399e-03	1.576413e+01
3.902000e-05	-6.024462e-03	1.580308e+01
3.903000e-05	-5.190393e-03	1.573102e+01
3.904000e-05	-7.467385e-03	1.571982e+01
3.905000e-05	-7.486322e-03	1.565884e+01
3.906000e-05	-7.000057e-03	1.559616e+01
3.907000e-05	-6.387271e-03	1.552456e+01
3.908000e-05	-6.549817e-03	1.549184e+01
3.909000e-05	-6.820271e-03	1.547971e+01
3.910000e-05	-7.370294e-03	1.536463e+01
3.911000e-05	-8.002789e-03	1.531039e+01
3.912000e-05	-6.304686e-03	1.521728e+01
3.913000e-05	-7.922241e-03	1.513400e+01
3.914000e-05	-6.101012e-03	1.504786e+01
3.915000e-05	-7.371821e-03	1.490555e+01
3.916000e-05	-6.123415e-03	1.488776e+01
3.917000e-05	-6.595803e-03	1.474447e+01
3.918000e-05	-8.370061e-03	1.462873e+01
3.919000e-05	-6.924693e-03	1.452350e+01
3.920000e-05	-6.536623e-03	1.442763e+01
3.921000e-05	-5.395205e-03	1.428994e+01
3.922000e-05	-8.779400e-03	1.417347e+01
3.923000e-05	-7.229899e-03	1.398616e+01
3.924000e-05	-8.278631e-03	1.384984e+01
3.925000e-05	-5.329745e-03	1.372132e+01
3.926000e-05	-7.764121e-03	1.352095e+01
3.927000e-05	-7.014646e-03	1.337560e+01
3.928000e-05	-7.369190e-03	1.322772e+01
3.929000e-05	-6.171351e-03	1.307929e+01
3.930000e-05	-6.935921e-03	1.290140e+01
3.931000e-05	-8.063550e-03	1.273350e+01
3.932000e-05	-6.324114e-03	1.258298e+01
3.933000e-05	-6.453581e-03	1.239460e+01
3.934000e-05	-6.526544e-03	1.221564e+01
3.935000e-05	-6.711639e-03	1.199665e+01
3.936000e-05	-7.383615e-03	1.182468e+01
3.937000e-05	-6.589232e-03	1.159456e+01
3.938000e-05	-6.867024e-03	1.134345e+01
3.939000e-05	-6.187776e-03	1.117240e+01
3.940000e-05	-7.297907e-03	1.095189e+01
3.941000e-05	-7.342754e-03	1.076088e+01
3.942000e-05	-6.897831e-03	1.050042e+01
3.943000e-05	-6.605850e-03	1.029879e+01
3.944000e-05	-6.966205e-03	1.010824e+01
3.945000e-05	-6.753040e-03	9.826088e+00
3.946000e-05	-6.930522e-03	9.593575e+00
3.947000e-05	-5.769993e-03	9.340919e+00
3.948000e-05	-6.591334e-03	9.139897e+00
3.949000e-05	-6.636587e-03	8.899863e+00
3.950000e-05	-7.020230e-03	8.646534e+00
3.951000e-05	-6.537003e-03	8.403581e+00
3.952000e-05	-6.179766e-03	8.151375e+00
3.953000e-05	-6.009995e-03	7.908267e+00
3.954000e-05	-6.697778e-03	7.645629e+00
3.955000e-05	-7.005530e-03	7.331399e+00
3.956000e-05	-5.911778e-03	7.098692e+00
3.957000e-05	-6.295018e-03	6.834659e+00
3.958000e-05	-5.830312e-03	6.550925e+00
3.959000e-05	-5.662497e-03	6.306711e+00
3.960000e-05	-5.864116e-03	6.063132e+00
3.961000e-05	-6.156423e-03	5.789472e+00
3.962000e-05	-5.918586e-03	5.457139e+00
3.963000e-05	-5.815936e-03	5.172998e+00
3.964000e-05	-6.380700e-03	4.831579e+00
3.965000e-05	-5.674601e-03	4.568868e+00
3.966000e-05	-5.174837e-03	4.337192e+00
3.967000e-05	-4.884259e-03	4.009374e+00
3.968000e-05	-5.569176e-03	3.695766e+00
3.969000e-05	-6.774276e-03	3.474061e+00
3.970000e-05	-5.275692e-03	3.137793e+00
3.971000e-05	-5.698963e-03	2.875137e+00
3.972000e-05	-5.452424e-03	2.571326e+00
3.973000e-05	-5.759160e-03	2.256587e+00
3.974000e-05	-4.573643e-03	2.041427e+00
3.975000e-05	-4.964886e-03	1.684687e+00
3.976000e-05	-4.582401e-03	1.430474e+00
3.977000e-05	-4.642919e-03	1.085639e+00
3.978000e-05	-5.235341e-03	7.369184e-01
3.979000e-05	-4.701302e-03	4.841356e-01
3.980000e-05	-3.751696e-03	1.888250e-01
3.981000e-05	6.908284e-04	-9.538953e-02
3.982000e-05	8.858597e-03	-3.579698e-01
3.983000e-05	-6.792011e-03	-6.522330e-01
3.984000e-05	4.696359e-03	-9.279384e-01
3.985000e-05	-5.626999e-03	-1.159546e+00
3.986000e-05	3.601173e-03	-1.495835e+00
3.987000e-05	-1.839329e-03	-1.760020e+00
3.988000e-05	2.725598e-02	-1.999002e+00
3.989000e-05	7.892553e-02	-2.252308e+00
3.990000e-05	-1.567694e-03	-2.590652e+00
3.991000e-05	-7.519805e-02	-3.011625e+00
3.992000e-05	4.722455e-03	-3.328494e+00
3.993000e-05	-3.779688e-02	-3.580445e+00
3.994000e-05	-3.483823e-02	-3.821753e+00
3.995000e-05	-3.169922e-02	-4.064231e+00
3.996000e-05	1.796890e-01	-4.244732e+00
3.997000e-05	-1.795133e-01	-4.518494e+00
3.998000e-05	1.195495e-01	-4.813180e+00
3.999000e-05	8.927994e-04	-5.068888e+00
4.000000e-05	-1.067367e-01	-5.436838e+00
4.001000e-05	1.293876e-01	-5.686337e+00
4.002000e-05	-1.416873e-01	-5.993599e+00
4.003000e-05	1.539822e-01	-6.256266e+00
4.004000e-05	-5.742114e-02	-6.549492e+00
4.005000e-05	-3.927234e-02	-6.876181e+00
4.006000e-05	7.078884e-02	-7.077891e+00
4.007000e-05	-1.134834e-01	-7.393597e+00
4.008000e-05	1.247157e-01	-7.676858e+00
4.009000e-05	-9.764118e-02	-7.950599e+00
4.010000e-05	1.037193e-01	-8.223629e+00
4.011000e-05	-3.711649e-02	-8.425732e+00
4.012000e-05	-4.164257e-02	-8.690491e+00
4.013000e-05	6.937511e-02	-8.931523e+00
4.014000e-05	-7.145491e-02	-9.193678e+00
4.015000e-05	8.461767e-02	-9.424307e+00
4.016000e-05	-8.226365e-02	-9.646363e+00
4.017000e-05	7.095113e-02	-9.898963e+00
4.018000e-05	-3.984180e-02	-1.013147e+01
4.019000e-05	1.809143e-02	-1.034212e+01
4.020000e-05	-6.087535e-03	-1.060213e+01
4.021000e-05	-5.021029e-03	-1.081423e+01
4.022000e-05	3.079169e-02	-1.099318e+01
4.023000e-05	-3.373488e-02	-1.123631e+01
4.024000e-05	3.566085e-02	-1.146678e+01
4.025000e-05	-3.136840e-02	-1.168994e+01
4.026000e-05	2.559671e-02	-1.188899e+01
4.027000e-05	-2.820795e-02	-1.207842e+01
4.028000e-05	3.446021e-02	-1.226887e+01
4.029000e-05	-5.988980e-03	-1.248733e+01
4.030000e-05	7.937677e-03	-1.264826e+01
4.031000e-05	-1.285876e-02	-1.281533e+01
4.032000e-05	7.277670e-03	-1.299366e+01
4.033000e-05	3.323268e-03	-1.320460e+01
4.034000e-05	-3.215610e-03	-1.332210e+01
4.035000e-05	7.685297e-03	-1.345886e+01
4.036000e-05	-1.338594e-03	-1.360689e+01
4.037000e-05	7.237183e-03	-1.378670e+01
4.038000e-05	-7.241444e-03	-1.390302e+01
4.039000e-05	1.063910e-02	-1.406999e+01
4.040000e-05	-3.168964e-03	-1.420778e+01
4.041000e-05	5.442497e-03	-1.435258e+01
4.042000e-05	-1.887303e-03	-1.445934e+01
4.043000e-05	6.651413e-03	-1.460673e+01
4.044000e-05	-3.681981e-03	-1.468094e+01
4.045000e-05	-6.824249e-04	-1.480685e+01
4.046000e-05	1.717669e-03	-1.492104e+01
4.047000e-05	5.958229e-03	-1.501771e+01
4.048000e-05	5.142312e-03	-1.511187e+01
4.049000e-05	2.884623e-04	-1.514620e+01
4.050000e-05	7.722691e-04	-1.522891e+01
4.051000e-05	-8.465388e-04	-1.534208e+01
4.052000e-05	2.809226e-03	-1.540760e+01
4.053000e-05	2.169248e-03	-1.541199e+01
4.054000e-05	7.895490e-04	-1.554462e+01
4.055000e-05	-5.748570e-04	-1.558575e+01
4.056000e-05	1.038670e-03	-1.566978e+01
4.057000e-05	7.110916e-04	-1.566882e+01
4.058000e-05	1.600343e-03	-1.571199e+01
4.059000e-05	3.251871e-03	-1.573412e+01
4.060000e-05	1.884753e-03	-1.576420e+01
4.061000e-05	6.594886e-04	-1.580665e+01
4.062000e-05	5.270571e-04	-1.580671e+01
4.063000e-05	3.671366e-04	-1.582578e+01
4.064000e-05	-1.177581e-03	-1.582921e+01
4.065000e-05	-6.447996e-04	-1.585421e+01
4.066000e-05	2.301258e-03	-1.580718e+01
4.067000e-05	2.266319e-03	-1.582470e+01
4.068000e-05	1.141648e-03	-1.577365e+01
4.069000e-05	-5.109118e-05	-1.572202e+01
4.070000e-05	6.076478e-04	-1.571242e+01
4.071000e-05	-4.181853e-04	-1.567733e+01
4.072000e-05	3.053112e-04	-1.561665e+01
4.073000e-05	2.069999e-03	-1.557565e+01
4.074000e-05	1.083447e-03	-1.548147e+01
4.075000e-05	-1.219482e-03	-1.546924e+01
4.076000e-05	-1.373551e-03	-1.537315e+01
4.077000e-05	1.076404e-03	-1.530097e+01
4.078000e-05	1.322158e-03	-1.520616e+01
4.079000e-05	-2.919126e-04	-1.511260e+01
4.080000e-05	7.959585e-06	-1.501876e+01
4.081000e-05	7.114670e-04	-1.498460e+01
4.082000e-05	-1.631897e-04	-1.485833e+01
4.083000e-05	-3.029690e-05	-1.476560e+01
4.084000e-05	-1.300048e-04	-1.466791e+01
4.085000e-05	1.145581e-03	-1.456250e+01
4.086000e-05	7.824279e-04	-1.441572e+01
4.087000e-05	-7.383330e-05	-1.430182e+01
4.088000e-05	-7.040226e-04	-1.417302e+01
4.089000e-05	-1.376825e-03	-1.398668e+01
4.090000e-05	-6.357741e-04	-1.381939e+01
4.091000e-05	1.049342e-05	-1.370894e+01
4.092000e-05	3.390576e-04	-1.357308e+01
4.093000e-05	-5.514557e-06	-1.339463e+01
4.094000e-05	-1.577572e-04	-1.326776e+01
4.095000e-05	-1.321032e-03	-1.307886e+01
4.096000e-05	-6.417073e-04	-1.292094e+01
4.097000e-05	-1.128260e-03	-1.280099e+01
4.098000e-05	-4.299807e-04	-1.257403e+01
4.099000e-05	2.332078e-04	-1.240508e+01
4.100000e-05	-1.423922e-04	-1.222410e+01
4.101000e-05	-1.323500e-03	-1.201463e+01
4.102000e-05	-2.154283e-03	-1.182611e+01
4.103000e-05	-1.940298e-03	-1.156507e+01
4.104000e-05	6.383010e-04	-1.136250e+01
4.105000e-05	5.627563e-04	-1.111047e+01
4.106000e-05	-1.355199e-03	-1.091084e+01
4.107000e-05	-7.107169e-04	-1.072934e+01
4.108000e-05	-2.088290e-03	-1.053032e+01
4.109000e-05	-2.184014e-03	-1.027777e+01
4.110000e-05	-2.170829e-03	-1.001623e+01
4.111000e-05	-8.799458e-04	-9.834080e+00
4.112000e-05	-1.862505e-03	-9.573629e+00
4.113000e-05	-2.167113e-03	-9.342499e+00
4.114000e-05	-2.877396e-03	-9.118896e+00
4.115000e-05	-2.545114e-03	-8.908317e+00
4.116000e-05	-2.459092e-03	-8.627209e+00
4.117000e-05	-2.427576e-03	-8.364523e+00
4.118000e-05	-2.698859e-03	-8.141341e+00
4.119000e-05	-3.521044e-03	-7.899262e+00
4.120000e-05	-2.769461e-03	-7.603047e+00
4.121000e-05	-3.439736e-03	-7.318242e+00
4.122000e-05	-2.578659e-03	-7.065787e+00
4.123000e-05	-4.401245e-03	-6.791074e+00
4.124000e-05	-2.410616e-03	-6.559817e+00
4.125000e-05	-4.033191e-03	-6.246134e+00
4.126000e-05	-2.178780e-03	-5.999446e+00
4.127000e-05	-5.650329e-03	-5.708316e+00
4.128000e-05	-3.345803e-03	-5.373532e+00
4.129000e-05	-4.543976e-03	-5.088391e+00
4.130000e-05	-3.468293e-03	-4.783499e+00
4.131000e-05	-5.533815e-03	-4.477759e+00
4.132000e-05	-2.861802e-03	-4.264185e+00
4.133000e-05	-4.391354e-03	-4.023050e+00
4.134000e-05	-4.138674e-03	-3.704762e+00
4.135000e-05	-5.411034e-03	-3.413504e+00
4.136000e-05	-4.620975e-03	-3.169897e+00
4.137000e-05	-5.464712e-03	-2.833524e+00
4.138000e-05	-4.324119e-03	-2.549366e+00
4.139000e-05	-5.222810e-03	-2.283129e+00
4.140000e-05	-4.162934e-03	-1.988923e+00
4.141000e-05	-5.074485e-03	-1.717207e+00
4.142000e-05	-3.565997e-03	-1.398291e+00
4.143000e-05	-3.939615e-03	-1.031608e+00
4.144000e-05	-4.932084e-03	-7.993973e-01
4.145000e-05	-4.939313e-03	-4.435553e-01
4.146000e-05	-4.413298e-03	-2.103972e-01
4.147000e-05	3.282620e-03	1.063104e-01
4.148000e-05	4.164179e-03	4.105263e-01
4.149000e-05	-4.453522e-03	6.521540e-01
4.150000e-05	2.139710e-03	8.763420e-01
4.151000e-05	-4.168942e-03	1.229582e+00
4.152000e-05	-6.755791e-04	1.516237e+00
4.153000e-05	-3.023226e-03	1.812104e+00
4.154000e-05	1.548533e-02	2.020705e+00
4.155000e-05	4.065472e-02	2.294337e+00
4.156000e-05	7.018473e-02	2.621704e+00
4.157000e-05	-8.066101e-02	2.978999e+00
4.158000e-05	-2.107948e-02	3.264159e+00
4.159000e-05	-3.673731e-02	3.567004e+00
4.160000e-05	3.929541e-03	3.832207e+00
4.161000e-05	-5.071447e-02	4.054129e+00
4.162000e-05	9.717870e-03	4.275365e+00
4.163000e-05	8.222993e-02	4.539445e+00
4.164000e-05	-8.165083e-02	4.857238e+00
4.165000e-05	2.896687e-02	5.129924e+00
4.166000e-05	8.054397e-02	5.455308e+00
4.167000e-05	-1.330461e-01	5.719994e+00
4.168000e-05	8.326988e-02	6.033157e+00
4.169000e-05	-4.052323e-02	6.276841e+00
4.170000e-05	5.534607e-02	6.548894e+00
4.171000e-05	-3.752312e-02	6.853204e+00
4.172000e-05	-3.300814e-02	7.078846e+00
4.173000e-05	3.581849e-02	7.392677e+00
4.174000e-05	-4.206468e-02	7.686311e+00
4.175000e-05	4.197532e-02	7.970572e+00
4.176000e-05	-4.651570e-02	8.273760e+00
4.177000e-05	4.805718e-02	8.455239e+00
4.178000e-05	-1.290635e-02	8.649389e+00
4.179000e-05	-2.852438e-02	8.960919e+00
4.180000e-05	2.361391e-02	9.181604e+00
4.181000e-05	-3.309110e-02	9.403727e+00
4.182000e-05	2.420842e-02	9.648861e+00
4.183000e-05	-2.797676e-02	9.888916e+00
4.184000e-05	2.466190e-02	1.014089e+01
4.185000e-05	-2.966420e-02	1.035102e+01
4.186000e-05	6.030210e-03	1.057550e+01
4.187000e-05	-8.566716e-03	1.077113e+01
4.188000e-05	1.200922e-03	1.099313e+01
4.189000e-05	-3.204875e-05	1.119463e+01
4.190000e-05	-1.591325e-02	1.144784e+01
4.191000e-05	6.586888e-03	1.164579e+01
4.192000e-05	-1.124884e-02	1.182932e+01
4.193000e-05	-1.021710e-03	1.208841e+01
4.194000e-05	-1.767875e-02	1.226829e+01
4.195000e-05	1.404732e-02	1.244684e+01
4.196000e-05	-4.579031e-03	1.261673e+01
4.197000e-05	-7.164260e-03	1.278618e+01
4.198000e-05	-1.590820e-02	1.296360e+01
4.199000e-05	-1.039832e-03	1.313258e+01
4.200000e-05	-7.937020e-04	1.328942e+01
4.201000e-05	-1.000158e-02	1.345734e+01
4.202000e-05	-6.443411e-03	1.362618e+01
4.203000e-05	-5.382740e-03	1.374608e+01
4.204000e-05	-8.813768e-04	1.391115e+01
4.205000e-05	-6.861886e-03	1.410996e+01
4.206000e-05	-4.310064e-03	1.423678e+01
4.207000e-05	-8.884482e-03	1.436506e+01
4.208000e-05	-3.651818e-03	1.446002e+01
4.209000e-05	-7.123767e-03	1.459573e+01
4.210000e-05	-6.601962e-03	1.471202e+01
4.211000e-05	-1.092592e-02	1.479518e+01
4.212000e-05	-8.524232e-03	1.490195e+01
4.213000e-05	-4.589729e-04	1.501713e+01
4.214000e-05	-5.615359e-03	1.508192e+01
4.215000e-05	-4.958992e-03	1.515515e+01
4.216000e-05	-8.667877e-03	1.524126e+01
4.217000e-05	-3.569498e-03	1.532253e+01
4.218000e-05	-6.905481e-03	1.538668e+01
4.219000e-05	-6.543156e-03	1.548137e+01
4.220000e-05	-8.342691e-03	1.551302e+01
4.221000e-05	-8.486740e-03	1.554456e+01
4.222000e-05	-6.030155e-03	1.561931e+01
4.223000e-05	-6.966342e-03	1.566089e+01
4.224000e-05	-7.241439e-03	1.573192e+01
4.225000e-05	-8.667452e-03	1.574402e+01
4.226000e-05	-2.718377e-03	1.576360e+01
4.227000e-05	-4.018929e-03	1.579568e+01
4.228000e-05	-7.209827e-03	1.579520e+01
4.229000e-05	-9.268544e-03	1.578718e+01
4.230000e-05	-6.609432e-03	1.577626e+01
4.231000e-05	-6.007931e-03	1.581663e+01
4.232000e-05	-8.901206e-03	1.579568e+01
4.233000e-05	-6.997781e-03	1.577608e+01
4.234000e-05	-6.671843e-03	1.576200e+01
4.235000e-05	-5.879734e-03	1.573147e+01
4.236000e-05	-7.340819e-03	1.568139e+01
4.237000e-05	-6.957139e-03	1.561924e+01
4.238000e-05	-5.663983e-03	1.557558e+01
4.239000e-05	-7.081504e-03	1.553455e+01
4.240000e-05	-6.591337e-03	1.550989e+01
4.241000e-05	-7.713681e-03	1.541776e+01
4.242000e-05	-8.878071e-03	1.534458e+01
4.243000e-05	-5.592746e-03	1.527092e+01
4.244000e-05	-8.338622e-03	1.520721e+01
4.245000e-05	-4.257683e-03	1.511297e+01
4.246000e-05	-7.502790e-03	1.503773e+01
4.247000e-05	-5.732071e-03	1.494139e+01
4.248000e-05	-7.147665e-03	1.481624e+01
4.249000e-05	-9.441114e-03	1.474190e+01
4.250000e-05	-8.467218e-03	1.460676e+01
4.251000e-05	-7.522987e-03	1.447092e+01
4.252000e-05	-7.135498e-03	1.438461e+01
4.253000e-05	-4.915048e-03	1.424884e+01
4.254000e-05	-7.023273e-03	1.414142e+01
4.255000e-05	-6.266913e-03	1.401556e+01
4.256000e-05	-7.745217e-03	1.386766e+01
4.257000e-05	-6.412671e-03	1.365979e+01
4.258000e-05	-8.209178e-03	1.347192e+01
4.259000e-05	-8.318390e-03	1.335250e+01
4.260000e-05	-8.326442e-03	1.321458e+01
4.261000e-05	-7.323103e-03	1.300766e+01
4.262000e-05	-6.638620e-03	1.285926e+01
4.263000e-05	-7.257587e-03	1.268089e+01
4.264000e-05	-6.326155e-03	1.254340e+01
4.265000e-05	-5.350774e-03	1.235145e+01
4.266000e-05	-6.336871e-03	1.217345e+01
4.267000e-05	-6.695799e-03	1.193450e+01
4.268000e-05	-8.388967e-03	1.176340e+01
4.269000e-05	-7.245501e-03	1.155190e+01
4.270000e-05	-7.638251e-03	1.129047e+01
4.271000e-05	-6.243900e-03	1.107881e+01
4.272000e-05	-6.332287e-03	1.090934e+01
4.273000e-05	-7.165940e-03	1.069979e+01
4.274000e-05	-6.437531e-03	1.048774e+01
4.275000e-05	-5.858287e-03	1.025669e+01
4.276000e-05	-6.248786e-03	1.003508e+01
4.277000e-05	-7.108423e-03	9.784530e+00
4.278000e-05	-6.828323e-03	9.531871e+00
4.279000e-05	-6.659450e-03	9.328816e+00
4.280000e-05	-6.720725e-03	9.118241e+00
4.281000e-05	-5.977986e-03	8.815129e+00
4.282000e-05	-5.951817e-03	8.613905e+00
4.283000e-05	-5.843982e-03	8.349897e+00
4.284000e-05	-6.451102e-03	8.086765e+00
4.285000e-05	-6.879226e-03	7.834632e+00
4.286000e-05	-6.655568e-03	7.591878e+00
4.287000e-05	-6.420994e-03	7.256365e+00
4.288000e-05	-6.631353e-03	7.044032e+00
4.289000e-05	-7.083188e-03	6.791449e+00
4.290000e-05	-5.869840e-03	6.484792e+00
4.291000e-05	-4.933908e-03	6.235058e+00
4.292000e-05	-5.289287e-03	5.980950e+00
4.293000e-05	-5.558483e-03	5.686684e+00
4.294000e-05	-5.739730e-03	5.432104e+00
4.295000e-05	-5.990798e-03	5.109242e+00
4.296000e-05	-5.878074e-03	4.759901e+00
4.297000e-05	-5.929813e-03	4.519214e+00
4.298000e-05	-5.372912e-03	4.223508e+00
4.299000e-05	-5.434115e-03	3.938268e+00
4.300000e-05	-5.844222e-03	3.653108e+00
4.301000e-05	-5.274439e-03	3.338870e+00
4.302000e-05	-4.747396e-03	3.036136e+00
4.303000e-05	-5.046979e-03	2.811954e+00
4.304000e-05	-5.827867e-03	2.495061e+00
4.305000e-05	-5.344986e-03	2.180900e+00
4.306000e-05	-5.925159e-03	1.958295e+00
4.307000e-05	-5.872782e-03	1.600526e+00
4.308000e-05	-5.570484e-03	1.347271e+00
4.309000e-05	-4.567842e-03	9.904561e-01
4.310000e-05	-4.099490e-03	7.141630e-01
4.311000e-05	-3.624926e-03	4.299500e-01
4.312000e-05	-2.565655e-03	1.155855e-01
4.313000e-05	2.735979e-03	-1.784974e-01
4.314000e-05	6.060712e-03	-4.115803e-01
4.315000e-05	-5.308539e-03	-7.164935e-01
4.316000e-05	3.217601e-03	-9.709726e-01
4.317000e-05	-6.091238e-03	-1.263756e+00
4.318000e-05	1.835836e-03	-1.561051e+00
4.319000e-05	3.291281e-03	-1.810629e+00
4.320000e-05	3.399012e-02	-2.022658e+00
4.321000e-05	9.188805e-02	-2.328043e+00
4.322000e-05	-5.540182e-02	-2.705863e+00
4.323000e-05	-3.443264e-02	-3.074914e+00
4.324000e-05	-2.126115e-02	-3.372225e+00
4.325000e-05	-1.742137e-02	-3.672152e+00
4.326000e-05	-7.028861e-02	-3.845913e+00
4.327000e-05	4.836814e-02	-4.107436e+00
4.328000e-05	1.187499e-01	-4.275885e+00
4.329000e-05	-1.814088e-01	-4.612727e+00
4.330000e-05	1.843265e-01	-4.886362e+00
4.331000e-05	-1.086158e-01	-5.191124e+00
4.332000e-05	1.606326e-03	-5.499475e+00
4.333000e-05	5.427638e-02	-5.739996e+00
4.334000e-05	-1.007452e-01	-6.056308e+00
4.335000e-05	1.657628e-01	-6.319494e+00
4.336000e-05	-1.235919e-01	-6.642150e+00
4.337000e-05	3.804391e-02	-6.928940e+00
4.338000e-05	-5.969586e-04	-7.141099e+00
4.339000e-05	-6.205003e-02	-7.487486e+00
4.340000e-05	1.047135e-01	-7.709566e+00
4.341000e-05	-1.015328e-01	-8.023684e+00
4.342000e-05	1.404303e-01	-8.275286e+00
4.343000e-05	-1.076222e-01	-8.488985e+00
4.344000e-05	3.421801e-02	-8.772577e+00
4.345000e-05	8.950162e-03	-8.993174e+00
4.346000e-05	-3.031390e-02	-9.289386e+00
4.347000e-05	5.571742e-02	-9.467891e+00
4.348000e-05	-7.116466e-02	-9.749468e+00
4.349000e-05	8.357021e-02	-9.940969e+00
4.350000e-05	-6.520737e-02	-1.020320e+01
4.351000e-05	4.596544e-02	-1.042581e+01
4.352000e-05	-3.893774e-02	-1.063570e+01
4.353000e-05	3.151418e-02	-1.083621e+01
4.354000e-05	-8.072200e-04	-1.107781e+01
4.355000e-05	-9.909527e-03	-1.130942e+01
4.356000e-05	2.034520e-02	-1.148887e+01
4.357000e-05	-2.177714e-02	-1.173250e+01
4.358000e-05	1.885393e-02	-1.193152e+01
4.359000e-05	-2.615742e-02	-1.216057e+01
4.360000e-05	3.960008e-02	-1.230904e+01
4.361000e-05	-1.530722e-02	-1.247046e+01
4.362000e-05	1.345353e-02	-1.270891e+01
4.363000e-05	-1.880703e-02	-1.285739e+01
4.364000e-05	1.703832e-02	-1.302528e+01
4.365000e-05	-5.882350e-03	-1.319363e+01
4.366000e-05	4.062734e-03	-1.338270e+01
4.367000e-05	1.774503e-03	-1.351097e+01
4.368000e-05	3.670592e-03	-1.367794e+01
4.369000e-05	1.886302e-03	-1.379818e+01
4.370000e-05	-3.155811e-03	-1.401530e+01
4.371000e-05	8.634078e-03	-1.409294e+01
4.372000e-05	-2.732181e-03	-1.425841e+01
4.373000e-05	4.461834e-03	-1.437371e+01
4.374000e-05	-1.115802e-04	-1.450056e+01
4.375000e-05	6.367476e-03	-1.460929e+01
4.376000e-05	-5.674527e-03	-1.473355e+01
4.377000e-05	-3.850765e-05	-1.486886e+01
4.378000e-05	2.191560e-03	-1.490360e+01
4.379000e-05	6.272601e-03	-1.506738e+01
4.380000e-05	2.788380e-03	-1.509352e+01
4.381000e-05	9.774185e-04	-1.519629e+01
4.382000e-05	1.519192e-03	-1.531939e+01
4.383000e-05	1.290282e-04	-1.533425e+01
4.384000e-05	1.238599e-03	-1.543584e+01
4.385000e-05	1.171565e-03	-1.550192e+01
4.386000e-05	7.158363e-04	-1.554363e+01
4.387000e-05	1.037113e-03	-1.556628e+01
4.388000e-05	1.275404e-03	-1.564981e+01
4.389000e-05	1.014552e-03	-1.567039e+01
4.390000e-05	1.891294e-03	-1.571245e+01
4.391000e-05	3.233497e-03	-1.575457e+01
4.392000e-05	1.227402e-03	-1.579857e+01
4.393000e-05	1.120744e-04	-1.578670e+01
4.394000e-05	8.315717e-04	-1.582626e+01
4.395000e-05	9.026852e-04	-1.583721e+01
4.396000e-05	-1.405858e-03	-1.583668e+01
4.397000e-05	-5.261255e-04	-1.580563e+01
4.398000e-05	2.607481e-03	-1.580518e+01
4.399000e-05	2.530244e-03	-1.575418e+01
4.400000e-05	8.627738e-04	-1.573654e+01
4.401000e-05	-1.042250e-04	-1.572152e+01
4.402000e-05	8.157871e-04	-1.570089e+01
4.403000e-05	1.482728e-05	-1.567878e+01
4.404000e-05	-4.779822e-05	-1.556465e+01
4.405000e-05	2.186704e-03	-1.556592e+01
4.406000e-05	4.446572e-04	-1.548094e+01
4.407000e-05	-9.081358e-04	-1.539871e+01
4.408000e-05	-8.376302e-05	-1.539412e+01
4.409000e-05	6.505092e-04	-1.532789e+01
4.410000e-05	4.023895e-04	-1.515523e+01
4.411000e-05	4.000682e-04	-1.508240e+01
4.412000e-05	3.432649e-04	-1.503626e+01
4.413000e-05	6.721416e-04	-1.494095e+01
4.414000e-05	5.623741e-04	-1.487873e+01
4.415000e-05	-1.007150e-03	-1.471355e+01
4.416000e-05	9.690562e-05	-1.462775e+01
4.417000e-05	5.378310e-04	-1.451089e+01
4.418000e-05	6.787685e-04	-1.435363e+01
4.419000e-05	1.230944e-03	-1.425829e+01
4.420000e-05	-4.320167e-04	-1.413100e+01
4.421000e-05	-8.750085e-04	-1.399463e+01
4.422000e-05	-4.207004e-05	-1.381680e+01
4.423000e-05	5.958558e-04	-1.364934e+01
4.424000e-05	-2.607967e-05	-1.351144e+01
4.425000e-05	-3.168864e-05	-1.340462e+01
4.426000e-05	-1.152906e-03	-1.318620e+01
4.427000e-05	-1.055990e-03	-1.305781e+01
4.428000e-05	-3.288564e-04	-1.287879e+01
4.429000e-05	7.161524e-04	-1.267982e+01
4.430000e-05	-2.622848e-05	-1.254194e+01
4.431000e-05	-4.315555e-04	-1.234205e+01
4.432000e-05	-2.128231e-05	-1.220295e+01
4.433000e-05	-8.695893e-04	-1.199360e+01
4.434000e-05	-2.634470e-03	-1.179200e+01
4.435000e-05	-1.985068e-03	-1.154190e+01
4.436000e-05	-8.299782e-04	-1.129034e+01
4.437000e-05	1.943859e-04	-1.107726e+01
4.438000e-05	-1.333177e-03	-1.085724e+01
4.439000e-05	-1.192226e-03	-1.067664e+01
4.440000e-05	-9.159415e-04	-1.048721e+01
4.441000e-05	-1.966618e-03	-1.026411e+01
4.442000e-05	-2.201968e-03	-9.983046e+00
4.443000e-05	-1.590726e-03	-9.762097e+00
4.444000e-05	-1.125059e-03	-9.570900e+00
4.445000e-05	-2.532089e-03	-9.280865e+00
4.446000e-05	-2.435327e-03	-9.087209e+00
4.447000e-05	-3.237452e-03	-8.875727e+00
4.448000e-05	-2.550780e-03	-8.593997e+00
4.449000e-05	-2.678560e-03	-8.339816e+00
4.450000e-05	-2.023360e-03	-8.067814e+00
4.451000e-05	-2.879117e-03	-7.815558e+00
4.452000e-05	-2.550607e-03	-7.519867e+00
4.453000e-05	-5.323688e-03	-7.277738e+00
4.454000e-05	-2.952362e-03	-6.993931e+00
4.455000e-05	-3.986997e-03	-6.759318e+00
4.456000e-05	-2.024330e-03	-6.476186e+00
4.457000e-05	-3.924765e-03	-6.212526e+00
4.458000e-05	-2.436335e-03	-5.958767e+00
4.459000e-05	-5.044685e-03	-5.624204e+00
4.460000e-05	-3.414541e-03	-5.318368e+00
4.461000e-05	-5.458015e-03	-5.055658e+00
4.462000e-05	-2.731265e-03	-4.707839e+00
4.463000e-05	-4.827048e-03	-4.443104e+00
4.464000e-05	-3.313906e-03	-4.221050e+00
4.465000e-05	-4.659668e-03	-3.969345e+00
4.466000e-05	-4.378588e-03	-3.621100e+00
4.467000e-05	-5.246531e-03	-3.388922e+00
4.468000e-05	-5.525476e-03	-3.105656e+00
4.469000e-05	-4.152654e-03	-2.790322e+00
4.470000e-05	-3.959506e-03	-2.495164e+00
4.471000e-05	-3.777780e-03	-2.201956e+00
4.472000e-05	-5.820779e-03	-1.895712e+00
4.473000e-05	-5.037866e-03	-1.632503e+00
4.474000e-05	-5.107481e-03	-1.313209e+00
4.475000e-05	-3.376490e-03	-1.020919e+00
4.476000e-05	-5.660909e-03	-7.352871e-01
4.477000e-05	-4.013024e-03	-3.804662e-01
4.478000e-05	-4.316792e-03	-1.343395e-01
4.479000e-05	6.455131e-03	1.179812e-01
4.480000e-05	-1.667157e-03	4.336079e-01
4.481000e-05	-4.144633e-04	6.848157e-01
4.482000e-05	-4.223060e-04	9.795275e-01
4.483000e-05	-1.305969e-03	1.275288e+00
4.484000e-05	-3.342911e-03	1.599652e+00
4.485000e-05	3.100236e-03	1.874812e+00
4.486000e-05	1.385904e-02	2.085811e+00
4.487000e-05	6.025836e-02	2.318441e+00
4.488000e-05	3.750270e-02	2.695969e+00
4.489000e-05	-8.194422e-02	3.032732e+00
4.490000e-05	-1.397521e-02	3.327962e+00
4.491000e-05	-3.270279e-02	3.613079e+00
4.492000e-05	-1.508852e-03	3.854311e+00
4.493000e-05	-5.001743e-02	4.086762e+00
4.494000e-05	2.913342e-02	4.339024e+00
4.495000e-05	7.728066e-02	4.612630e+00
4.496000e-05	-1.237717e-01	4.920470e+00
4.497000e-05	1.130250e-01	5.222753e+00
4.498000e-05	-2.355248e-02	5.516416e+00
4.499000e-05	-6.738458e-02	5.792251e+00
4.500000e-05	5.646578e-02	6.105837e+00
4.501000e-05	-2.849248e-02	6.339394e+00
4.502000e-05	5.240969e-02	6.632675e+00
4.503000e-05	-5.671922e-02	6.868841e+00
4.504000e-05	-3.758085e-04	7.171023e+00
4.505000e-05	9.878058e-03	7.465789e+00
4.506000e-05	-2.427812e-02	7.730994e+00
4.507000e-05	2.795606e-02	7.973657e+00
4.508000e-05	-3.788404e-02	8.268394e+00
4.509000e-05	5.249337e-02	8.508312e+00
4.510000e-05	-3.532997e-02	8.741947e+00
4.511000e-05	-8.093267e-03	8.985154e+00
4.512000e-05	1.247642e-02	9.227262e+00
4.513000e-05	-2.525044e-02	9.447362e+00
4.514000e-05	2.097821e-02	9.700992e+00
4.515000e-05	-2.702660e-02	9.950995e+00
4.516000e-05	2.223835e-02	1.015260e+01
4.517000e-05	-3.284434e-02	1.041468e+01
4.518000e-05	1.154518e-02	1.061471e+01
4.519000e-05	-1.266017e-02	1.084476e+01
4.520000e-05	2.751133e-03	1.102524e+01
4.521000e-05	-4.606403e-03	1.123771e+01
4.522000e-05	-1.371630e-02	1.147997e+01
4.523000e-05	8.530846e-03	1.169887e+01
4.524000e-05	-1.474279e-02	1.191247e+01
4.525000e-05	-6.297818e-04	1.207997e+01
4.526000e-05	-1.481040e-02	1.229985e+01
4.527000e-05	1.443424e-02	1.250939e+01
4.528000e-05	-8.753382e-03	1.262939e+01
4.529000e-05	-1.082049e-02	1.283828e+01
4.530000e-05	-1.157905e-02	1.302613e+01
4.531000e-05	-1.246598e-03	1.317413e+01
4.532000e-05	-1.234474e-03	1.333190e+01
4.533000e-05	-1.287535e-02	1.348152e+01
4.534000e-05	-1.954329e-03	1.364874e+01
4.535000e-05	-6.471746e-03	1.380566e+01
4.536000e-05	2.788837e-04	1.393560e+01
4.537000e-05	-1.061817e-02	1.406247e+01
4.538000e-05	-4.896736e-03	1.425934e+01
4.539000e-05	-7.342772e-03	1.439571e+01
4.540000e-05	-3.539968e-03	1.451242e+01
4.541000e-05	-3.600835e-03	1.465681e+01
4.542000e-05	-1.055162e-02	1.472155e+01
4.543000e-05	-8.893061e-03	1.486773e+01
4.544000e-05	-8.061749e-03	1.494247e+01
4.545000e-05	7.727354e-04	1.501726e+01
4.546000e-05	-7.109798e-03	1.506097e+01
4.547000e-05	-6.485198e-03	1.518610e+01
4.548000e-05	-6.594740e-03	1.529036e+01
4.549000e-05	-4.504535e-03	1.533405e+01
4.550000e-05	-6.040019e-03	1.541879e+01
4.551000e-05	-8.751525e-03	1.547032e+01
4.552000e-05	-6.258494e-03	1.550255e+01
4.553000e-05	-8.275224e-03	1.557464e+01
4.554000e-05	-3.852945e-03	1.560821e+01
4.555000e-05	-7.786344e-03	1.569042e+01
4.556000e-05	-7.345516e-03	1.573242e+01
4.557000e-05	-7.211711e-03	1.576205e+01
4.558000e-05	-3.045321e-03	1.574465e+01
4.559000e-05	-4.536608e-03	1.578413e+01
4.560000e-05	-8.483808e-03	1.581575e+01
4.561000e-05	-7.439809e-03	1.579463e+01
4.562000e-05	-7.440673e-03	1.577523e+01
4.563000e-05	-6.215305e-03	1.583511e+01
4.564000e-05	-8.697460e-03	1.576615e+01
4.565000e-05	-5.484897e-03	1.576455e+01
4.566000e-05	-6.090593e-03	1.573148e+01
4.567000e-05	-6.503072e-03	1.571042e+01
4.568000e-05	-7.778249e-03	1.565937e+01
4.569000e-05	-7.790097e-03	1.561624e+01
4.570000e-05	-6.050884e-03	1.560461e+01
4.571000e-05	-7.475003e-03	1.552198e+01
4.572000e-05	-5.787854e-03	1.546179e+01
4.573000e-05	-6.968975e-03	1.539620e+01
4.574000e-05	-7.195217e-03	1.533290e+01
4.575000e-05	-7.593643e-03	1.524921e+01
4.576000e-05	-6.793083e-03	1.520408e+01
4.577000e-05	-6.194860e-03	1.505294e+01
4.578000e-05	-7.699779e-03	1.497863e+01
4.579000e-05	-5.929416e-03	1.491989e+01
4.580000e-05	-7.997786e-03	1.480471e+01
4.581000e-05	-6.521088e-03	1.468989e+01
4.582000e-05	-9.179711e-03	1.456501e+01
4.583000e-05	-5.268790e-03	1.447984e+01
4.584000e-05	-6.807130e-03	1.436300e+01
4.585000e-05	-6.292233e-03	1.422664e+01
4.586000e-05	-8.820636e-03	1.405979e+01
4.587000e-05	-7.505877e-03	1.391342e+01
4.588000e-05	-7.143434e-03	1.380463e+01
4.589000e-05	-6.445164e-03	1.363769e+01
4.590000e-05	-7.571182e-03	1.345827e+01
4.591000e-05	-8.358834e-03	1.336187e+01
4.592000e-05	-6.404714e-03	1.315405e+01
4.593000e-05	-6.418426e-03	1.300563e+01
4.594000e-05	-7.477654e-03	1.276669e+01
4.595000e-05	-7.664004e-03	1.263824e+01
4.596000e-05	-6.222970e-03	1.249987e+01
4.597000e-05	-6.010576e-03	1.232034e+01
4.598000e-05	-7.027605e-03	1.212040e+01
4.599000e-05	-6.637319e-03	1.194097e+01
4.600000e-05	-7.994566e-03	1.173879e+01
4.601000e-05	-7.762881e-03	1.147924e+01
4.602000e-05	-7.009502e-03	1.126769e+01
4.603000e-05	-6.868967e-03	1.105721e+01
4.604000e-05	-7.232268e-03	1.086674e+01
4.605000e-05	-5.528393e-03	1.065719e+01
4.606000e-05	-5.013753e-03	1.041458e+01
4.607000e-05	-6.697178e-03	1.016203e+01
4.608000e-05	-8.753208e-03	9.961950e+00
4.609000e-05	-7.538897e-03	9.739870e+00
4.610000e-05	-4.873477e-03	9.479238e+00
4.611000e-05	-5.700560e-03	9.256739e+00
4.612000e-05	-6.732519e-03	9.023506e+00
4.613000e-05	-6.136985e-03	8.782000e+00
4.614000e-05	-6.315484e-03	8.529896e+00
4.615000e-05	-5.885610e-03	8.288711e+00
4.616000e-05	-6.138957e-03	8.023657e+00
4.617000e-05	-6.405372e-03	7.781974e+00
4.618000e-05	-6.311137e-03	7.488217e+00
4.619000e-05	-5.734790e-03	7.233128e+00
4.620000e-05	-5.716855e-03	6.981423e+00
4.621000e-05	-6.305735e-03	6.717741e+00
4.622000e-05	-6.415782e-03	6.401054e+00
4.623000e-05	-6.088200e-03	6.159973e+00
4.624000e-05	-5.463093e-03	5.960291e+00
4.625000e-05	-5.483485e-03	5.602503e+00
4.626000e-05	-6.109328e-03	5.359874e+00
4.627000e-05	-6.545777e-03	4.991977e+00
4.628000e-05	-5.364671e-03	4.696195e+00
4.629000e-05	-5.068803e-03	4.433080e+00
4.630000e-05	-5.558243e-03	4.150917e+00
4.631000e-05	-6.719276e-03	3.845585e+00
4.632000e-05	-5.789736e-03	3.630426e+00
4.633000e-05	-5.693986e-03	3.266589e+00
4.634000e-05	-5.767945e-03	3.009504e+00
4.635000e-05	-5.777697e-03	2.787772e+00
4.636000e-05	-5.339396e-03	2.429973e+00
4.637000e-05	-4.461157e-03	2.136266e+00
4.638000e-05	-4.974249e-03	1.834586e+00
4.639000e-05	-4.467687e-03	1.536745e+00
4.640000e-05	-5.759173e-03	1.273107e+00
4.641000e-05	-4.951884e-03	9.061631e-01
4.642000e-05	-5.448325e-03	6.509302e-01
4.643000e-05	-5.840228e-03	3.668471e-01
4.644000e-05	-2.380836e-03	1.260238e-02
4.645000e-05	5.398159e-03	-2.511527e-01
4.646000e-05	8.763825e-04	-4.937843e-01
4.647000e-05	-1.203155e-03	-8.015200e-01
4.648000e-05	7.465296e-04	-1.053180e+00
4.649000e-05	-1.781760e-03	-1.326492e+00
4.650000e-05	-1.289003e-03	-1.651655e+00
4.651000e-05	1.003651e-02	-1.873337e+00
4.652000e-05	4.176795e-02	-2.096792e+00
4.653000e-05	8.522388e-02	-2.431649e+00
4.654000e-05	-9.152360e-02	-2.781025e+00
4.655000e-05	1.823357e-04	-3.202526e+00
4.656000e-05	-4.412784e-02	-3.463732e+00
4.657000e-05	-3.004829e-03	-3.677858e+00
4.658000e-05	-9.425240e-02	-3.909021e+00
4.659000e-05	1.317108e-01	-4.127865e+00
4.660000e-05	1.408102e-02	-4.361495e+00
4.661000e-05	-1.187684e-01	-4.678939e+00
4.662000e-05	1.875374e-01	-4.948992e+00
4.663000e-05	-1.758871e-01	-5.266361e+00
4.664000e-05	9.683707e-02	-5.580626e+00
4.665000e-05	-4.161868e-02	-5.823253e+00
4.666000e-05	-1.983729e-02	-6.140591e+00
4.667000e-05	1.242423e-01	-6.391604e+00
4.668000e-05	-1.434598e-01	-6.695836e+00
4.669000e-05	9.644903e-02	-6.941098e+00
4.670000e-05	-7.092786e-02	-7.274861e+00
4.671000e-05	1.382736e-02	-7.561093e+00
4.672000e-05	4.338229e-02	-7.781652e+00
4.673000e-05	-5.743412e-02	-8.108365e+00
4.674000e-05	1.241968e-01	-8.288917e+00
4.675000e-05	-1.365556e-01	-8.560672e+00
4.676000e-05	8.840755e-02	-8.825710e+00
4.677000e-05	-4.875864e-02	-9.067289e+00
4.678000e-05	2.614993e-02	-9.351462e+00
4.679000e-05	3.220752e-03	-9.510468e+00
4.680000e-05	-3.230769e-02	-9.783573e+00
4.681000e-05	6.045369e-02	-1.000468e+01
4.682000e-05	-5.980504e-02	-1.025738e+01
4.683000e-05	5.574604e-02	-1.045881e+01
4.684000e-05	-5.015183e-02	-1.064039e+01
4.685000e-05	5.163814e-02	-1.093839e+01
4.686000e-05	-3.059600e-02	-1.109939e+01
4.687000e-05	1.641201e-02	-1.133250e+01
4.688000e-05	-3.204952e-03	-1.156315e+01
4.689000e-05	-5.266460e-03	-1.178363e+01
4.690000e-05	3.480567e-03	-1.194371e+01
4.691000e-05	-9.165325e-03	-1.218325e+01
4.692000e-05	3.525619e-02	-1.240407e+01
4.693000e-05	-1.327728e-02	-1.253365e+01
4.694000e-05	1.076529e-02	-1.272105e+01
4.695000e-05	-1.809430e-02	-1.294044e+01
4.696000e-05	1.739423e-02	-1.305894e+01
4.697000e-05	-1.236457e-02	-1.322681e+01
4.698000e-05	7.925220e-03	-1.339573e+01
4.699000e-05	-3.025783e-03	-1.354165e+01
4.700000e-05	8.555734e-03	-1.371147e+01
4.701000e-05	-2.442673e-03	-1.390086e+01
4.702000e-05	5.174304e-03	-1.406883e+01
4.703000e-05	3.707529e-03	-1.415460e+01
4.704000e-05	2.417253e-04	-1.430100e+01
4.705000e-05	5.244226e-04	-1.441428e+01
4.706000e-05	2.410385e-03	-1.455362e+01
4.707000e-05	1.395040e-03	-1.466041e+01
4.708000e-05	-6.606941e-03	-1.477420e+01
4.709000e-05	9.123110e-04	-1.489039e+01
4.710000e-05	4.520146e-03	-1.497565e+01
4.711000e-05	8.754487e-03	-1.505984e+01
4.712000e-05	1.282924e-05	-1.511268e+01
4.713000e-05	2.049070e-03	-1.525726e+01
4.714000e-05	-2.317518e-03	-1.531899e+01
4.715000e-05	1.117175e-03	-1.541610e+01
4.716000e-05	3.330812e-03	-1.544091e+01
4.717000e-05	3.736428e-03	-1.548345e+01
4.718000e-05	-1.731671e-03	-1.556408e+01
4.719000e-05	-1.073055e-03	-1.563778e+01
4.720000e-05	1.287802e-03	-1.564036e+01
4.721000e-05	1.713305e-03	-1.569139e+01
4.722000e-05	1.838999e-03	-1.572299e+01
4.723000e-05	4.220639e-04	-1.575470e+01
4.724000e-05	2.297029e-03	-1.581518e+01
4.725000e-05	5.666305e-04	-1.579721e+01
4.726000e-05	3.722829e-03	-1.578568e+01
4.727000e-05	-1.928120e-03	-1.582876e+01
4.728000e-05	-5.863653e-04	-1.578778e+01
4.729000e-05	-1.885491e-03	-1.579720e+01
4.730000e-05	2.997748e-03	-1.578571e+01
4.731000e-05	1.522214e-03	-1.574416e+01
4.732000e-05	1.828030e-04	-1.575362e+01
4.733000e-05	-3.641832e-05	-1.570299e+01
4.734000e-05	1.376352e-03	-1.566039e+01
4.735000e-05	8.179855e-04	-1.563718e+01
4.736000e-05	1.065578e-03	-1.556715e+01
4.737000e-05	9.772926e-04	-1.554410e+01
4.738000e-05	1.595019e-04	-1.544294e+01
4.739000e-05	4.254968e-04	-1.539720e+01
4.740000e-05	3.437915e-04	-1.539203e+01
4.741000e-05	4.376364e-04	-1.525936e+01
4.742000e-05	-6.818177e-04	-1.517510e+01
4.743000e-05	-5.314417e-04	-1.507031e+01
4.744000e-05	2.277903e-03	-1.501666e+01
4.745000e-05	1.234487e-03	-1.492257e+01
4.746000e-05	1.276211e-03	-1.477668e+01
4.747000e-05	-5.713543e-04	-1.472190e+01
4.748000e-05	1.008077e-03	-1.461471e+01
4.749000e-05	3.688515e-04	-1.447937e+01
4.750000e-05	1.299186e-04	-1.434462e+01
4.751000e-05	1.090552e-04	-1.423623e+01
4.752000e-05	-7.951921e-05	-1.410043e+01
4.753000e-05	4.991195e-06	-1.394302e+01
4.754000e-05	9.113157e-05	-1.380467e+01
4.755000e-05	8.837467e-04	-1.365621e+01
4.756000e-05	-9.120406e-04	-1.349086e+01
4.757000e-05	1.797124e-05	-1.332250e+01
4.758000e-05	-1.149567e-03	-1.315410e+01
4.759000e-05	-1.850536e-04	-1.300460e+01
4.760000e-05	-4.265537e-04	-1.286713e+01
4.761000e-05	-4.276358e-04	-1.265923e+01
4.762000e-05	-1.052388e-04	-1.245986e+01
4.763000e-05	-8.358033e-04	-1.232987e+01
4.764000e-05	-6.358745e-04	-1.211897e+01
4.765000e-05	-8.777398e-04	-1.189187e+01
4.766000e-05	-1.704286e-03	-1.168147e+01
4.767000e-05	-2.407629e-03	-1.145723e+01
4.768000e-05	-5.996278e-04	-1.124621e+01
4.769000e-05	-2.264943e-03	-1.099465e+01
4.770000e-05	-1.257726e-03	-1.080315e+01
4.771000e-05	-2.197674e-03	-1.060413e+01
4.772000e-05	-1.199454e-03	-1.044508e+01
4.773000e-05	-3.151583e-03	-1.013250e+01
4.774000e-05	-1.119645e-03	-9.949420e+00
4.775000e-05	-1.093194e-03	-9.738867e+00
4.776000e-05	-1.906294e-03	-9.519285e+00
4.777000e-05	-4.066052e-03	-9.213212e+00
4.778000e-05	-2.751738e-03	-9.053603e+00
4.779000e-05	-2.342051e-03	-8.773549e+00
4.780000e-05	-2.417599e-03	-8.519916e+00
4.781000e-05	-3.056296e-03	-8.275234e+00
4.782000e-05	-2.505058e-03	-8.055635e+00
4.783000e-05	-3.443840e-03	-7.753915e+00
4.784000e-05	-2.870609e-03	-7.455735e+00
4.785000e-05	-2.512749e-03	-7.223501e+00
4.786000e-05	-3.419838e-03	-6.929865e+00
4.787000e-05	-3.946704e-03	-6.685684e+00
4.788000e-05	-3.736377e-03	-6.422127e+00
4.789000e-05	-2.825195e-03	-6.098817e+00
4.790000e-05	-3.823289e-03	-5.866209e+00
4.791000e-05	-3.637101e-03	-5.581949e+00
4.792000e-05	-3.038535e-03	-5.234761e+00
4.793000e-05	-4.231894e-03	-4.959524e+00
4.794000e-05	-4.027813e-03	-4.625203e+00
4.795000e-05	-4.284516e-03	-4.411499e+00
4.796000e-05	-3.873147e-03	-4.159292e+00
4.797000e-05	-4.270596e-03	-3.925684e+00
4.798000e-05	-5.761144e-03	-3.579396e+00
4.799000e-05	-4.385228e-03	-3.345741e+00
4.800000e-05	-5.562434e-03	-3.009947e+00
4.801000e-05	-3.984176e-03	-2.696787e+00
4.802000e-05	-4.912880e-03	-2.423524e+00
4.803000e-05	-3.581311e-03	-2.125764e+00
4.804000e-05	-5.098223e-03	-1.833482e+00
4.805000e-05	-3.608231e-03	-1.559850e+00
4.806000e-05	-5.031681e-03	-1.221423e+00
4.807000e-05	-3.994960e-03	-9.143110e-01
4.808000e-05	-5.171707e-03	-6.610026e-01
4.809000e-05	-3.331260e-03	-3.453156e-01
4.810000e-05	-2.767755e-03	-7.207890e-02
4.811000e-05	8.257783e-03	2.207091e-01
4.812000e-05	-5.014188e-03	5.063408e-01
4.813000e-05	3.050801e-03	7.395226e-01
4.814000e-05	-3.275437e-03	1.075287e+00
4.815000e-05	1.894864e-03	1.367943e+00
4.816000e-05	-6.394415e-03	1.695237e+00
4.817000e-05	9.532541e-03	1.957946e+00
4.818000e-05	1.653145e-02	2.168945e+00
4.819000e-05	7.945083e-02	2.444581e+00
4.820000e-05	-7.819217e-03	2.781055e+00
4.821000e-05	-6.572667e-02	3.096370e+00
4.822000e-05	-2.006479e-02	3.401103e+00
4.823000e-05	-1.872861e-02	3.686813e+00
4.824000e-05	-1.691879e-02	3.907446e+00
4.825000e-05	-3.629262e-02	4.120046e+00
4.826000e-05	4.912900e-02	4.402026e+00
4.827000e-05	4.962939e-02	4.687416e+00
4.828000e-05	-1.253759e-01	4.992048e+00
4.829000e-05	1.674318e-01	5.277841e+00
4.830000e-05	-1.150688e-01	5.582574e+00
4.831000e-05	8.855469e-03	5.867310e+00
4.832000e-05	1.432848e-02	6.159971e+00
4.833000e-05	3.285396e-03	6.393128e+00
4.834000e-05	3.232885e-02	6.665761e+00
4.835000e-05	-6.763968e-02	6.949999e+00
4.836000e-05	2.749094e-02	7.215785e+00
4.837000e-05	-1.918920e-02	7.549917e+00
4.838000e-05	5.999185e-03	7.792098e+00
4.839000e-05	-6.837114e-05	8.087318e+00
4.840000e-05	-1.448960e-02	8.351974e+00
4.841000e-05	4.063811e-02	8.551624e+00
4.842000e-05	-4.530195e-02	8.785103e+00
4.843000e-05	1.246680e-02	9.073713e+00
4.844000e-05	-6.206132e-03	9.289944e+00
4.845000e-05	-9.515119e-03	9.530969e+00
4.846000e-05	6.568440e-03	9.751125e+00
4.847000e-05	-1.263388e-02	9.982679e+00
4.848000e-05	8.121330e-03	1.021469e+01
4.849000e-05	-2.527281e-02	1.045671e+01
4.850000e-05	8.345056e-03	1.064932e+01
4.851000e-05	-9.298232e-03	1.091032e+01
4.852000e-05	3.785863e-03	1.112042e+01
4.853000e-05	-7.891990e-03	1.130145e+01
4.854000e-05	-8.469328e-03	1.152308e+01
4.855000e-05	4.728317e-03	1.178313e+01
4.856000e-05	-1.228465e-02	1.198510e+01
4.857000e-05	-5.882413e-03	1.214158e+01
4.858000e-05	-7.725382e-03	1.229060e+01
4.859000e-05	8.664686e-03	1.253245e+01
4.860000e-05	-7.915241e-03	1.271094e+01
4.861000e-05	-1.185115e-02	1.287034e+01
4.862000e-05	-4.843686e-03	1.304733e+01
4.863000e-05	-2.828104e-03	1.321726e+01
4.864000e-05	-4.746867e-03	1.336418e+01
4.865000e-05	-1.341260e-02	1.351257e+01
4.866000e-05	-1.235683e-03	1.366142e+01
4.867000e-05	-4.251176e-03	1.383036e+01
4.868000e-05	-4.434130e-03	1.393631e+01
4.869000e-05	-7.211008e-03	1.417447e+01
4.870000e-05	-6.358328e-03	1.431244e+01
4.871000e-05	-4.368872e-03	1.444671e+01
4.872000e-05	-6.286535e-03	1.453267e+01
4.873000e-05	-3.526476e-03	1.466829e+01
4.874000e-05	-1.218154e-02	1.478363e+01
4.875000e-05	-8.206322e-03	1.485882e+01
4.876000e-05	-5.306038e-03	1.493313e+01
4.877000e-05	-1.231484e-03	1.502884e+01
4.878000e-05	-6.317503e-03	1.514352e+01
4.879000e-05	-7.599035e-03	1.519778e+01
4.880000e-05	-3.931298e-03	1.532195e+01
4.881000e-05	-7.857870e-03	1.533415e+01
4.882000e-05	-5.663419e-03	1.544831e+01
4.883000e-05	-9.075572e-03	1.548044e+01
4.884000e-05	-5.295686e-03	1.553408e+01
4.885000e-05	-7.498249e-03	1.557526e+01
4.886000e-05	-4.601462e-03	1.564886e+01
4.887000e-05	-7.491106e-03	1.574094e+01
4.888000e-05	-9.276058e-03	1.571095e+01
4.889000e-05	-5.500925e-03	1.574390e+01
4.890000e-05	-4.026333e-03	1.575515e+01
4.891000e-05	-5.563169e-03	1.580420e+01
4.892000e-05	-9.261910e-03	1.580613e+01
4.893000e-05	-5.989253e-03	1.580518e+01
4.894000e-05	-6.685228e-03	1.579670e+01
4.895000e-05	-7.539922e-03	1.581516e+01
4.896000e-05	-8.352610e-03	1.578453e+01
4.897000e-05	-6.702966e-03	1.574455e+01
4.898000e-05	-5.295197e-03	1.575150e+01
4.899000e-05	-8.791727e-03	1.568080e+01
4.900000e-05	-6.910859e-03	1.570884e+01
4.901000e-05	-7.828842e-03	1.562526e+01
4.902000e-05	-5.414110e-03	1.556460e+01
4.903000e-05	-8.164959e-03	1.551335e+01
4.904000e-05	-6.692858e-03	1.544972e+01
4.905000e-05	-7.308538e-03	1.538866e+01
4.906000e-05	-7.043763e-03	1.530147e+01
4.907000e-05	-6.513584e-03	1.523964e+01
4.908000e-05	-8.576898e-03	1.518505e+01
4.909000e-05	-6.690011e-03	1.507044e+01
4.910000e-05	-8.239374e-03	1.498468e+01
4.911000e-05	-5.180068e-03	1.486784e+01
4.912000e-05	-8.775893e-03	1.480463e+01
4.913000e-05	-7.565327e-03	1.464822e+01
4.914000e-05	-8.940607e-03	1.457511e+01
4.915000e-05	-5.491453e-03	1.442829e+01
4.916000e-05	-6.308638e-03	1.431197e+01
4.917000e-05	-7.929842e-03	1.419858e+01
4.918000e-05	-7.467467e-03	1.400879e+01
4.919000e-05	-8.114332e-03	1.389092e+01
4.920000e-05	-5.834845e-03	1.378453e+01
4.921000e-05	-8.448107e-03	1.357613e+01
4.922000e-05	-7.340283e-03	1.344869e+01
4.923000e-05	-8.592201e-03	1.331182e+01
4.924000e-05	-6.530072e-03	1.311087e+01
4.925000e-05	-6.072098e-03	1.295450e+01
4.926000e-05	-7.037052e-03	1.279305e+01
4.927000e-05	-6.561090e-03	1.258563e+01
4.928000e-05	-7.266266e-03	1.249626e+01
4.929000e-05	-7.185125e-03	1.227621e+01
4.930000e-05	-8.129791e-03	1.205039e+01
4.931000e-05	-7.053015e-03	1.186971e+01
4.932000e-05	-6.774339e-03	1.170621e+01
4.933000e-05	-6.659814e-03	1.148968e+01
4.934000e-05	-6.119245e-03	1.122466e+01
4.935000e-05	-6.427569e-03	1.101413e+01
4.936000e-05	-7.240328e-03	1.081471e+01
4.937000e-05	-6.893625e-03	1.062513e+01
4.938000e-05	-6.264800e-03	1.036295e+01
4.939000e-05	-6.525812e-03	1.014102e+01
4.940000e-05	-6.671353e-03	9.900892e+00
4.941000e-05	-6.755558e-03	9.646736e+00
4.942000e-05	-6.379928e-03	9.445029e+00
4.943000e-05	-6.305828e-03	9.214058e+00
4.944000e-05	-6.852110e-03	8.995426e+00
4.945000e-05	-5.955766e-03	8.698366e+00
4.946000e-05	-7.005753e-03	8.487262e+00
4.947000e-05	-6.210016e-03	8.214607e+00
4.948000e-05	-6.710743e-03	7.990397e+00
4.949000e-05	-5.235737e-03	7.707813e+00
4.950000e-05	-6.216340e-03	7.435586e+00
4.951000e-05	-6.000801e-03	7.210924e+00
4.952000e-05	-5.509827e-03	6.917291e+00
4.953000e-05	-6.454714e-03	6.614629e+00
4.954000e-05	-6.020475e-03	6.339321e+00
4.955000e-05	-6.469949e-03	6.096263e+00
4.956000e-05	-5.384771e-03	5.825109e+00
4.957000e-05	-5.799760e-03	5.560371e+00
4.958000e-05	-6.120344e-03	5.295637e+00
4.959000e-05	-5.594013e-03	4.927372e+00
4.960000e-05	-5.482497e-03	4.613108e+00
4.961000e-05	-5.597455e-03	4.419424e+00
4.962000e-05	-5.489428e-03	4.054111e+00
4.963000e-05	-5.895986e-03	3.740954e+00
4.964000e-05	-5.599200e-03	3.566221e+00
4.965000e-05	-5.343912e-03	3.221633e+00
4.966000e-05	-5.464113e-03	2.956293e+00
4.967000e-05	-5.656645e-03	2.653639e+00
4.968000e-05	-5.392711e-03	2.349322e+00
4.969000e-05	-4.648473e-03	2.083685e+00
4.970000e-05	-5.429208e-03	1.789901e+00
4.971000e-05	-5.753630e-03	1.494608e+00
4.972000e-05	-5.157346e-03	1.229298e+00
4.973000e-05	-4.547058e-03	8.435289e-01
4.974000e-05	-4.848316e-03	5.377985e-01
4.975000e-05	-3.975722e-03	2.956119e-01
4.976000e-05	-2.000713e-03	-9.150203e-03
4.977000e-05	8.360862e-03	-2.748379e-01
4.978000e-05	-4.246156e-03	-5.700149e-01
4.979000e-05	1.924273e-03	-8.521328e-01
4.980000e-05	-4.080153e-03	-1.104911e+00
4.981000e-05	6.283719e-04	-1.412726e+00
4.982000e-05	-4.016665e-03	-1.684238e+00
4.983000e-05	1.834170e-02	-1.895388e+00
4.984000e-05	5.848514e-02	-2.201495e+00
4.985000e-05	5.640122e-02	-2.466886e+00
4.986000e-05	-9.923322e-02	-2.915812e+00
4.987000e-05	1.460002e-02	-3.265281e+00
4.988000e-05	-5.149324e-02	-3.486895e+00
4.989000e-05	-7.299687e-03	-3.749487e+00
4.990000e-05	-8.695577e-02	-4.022204e+00
4.991000e-05	1.849247e-01	-4.181070e+00
4.992000e-05	-9.221376e-02	-4.463705e+00
4.993000e-05	-5.539295e-03	-4.719551e+00
4.994000e-05	1.334713e-01	-4.991176e+00
4.995000e-05	-1.710837e-01	-5.362194e+00
4.996000e-05	1.441660e-01	-5.654203e+00
4.997000e-05	-1.139912e-01	-5.886336e+00
4.998000e-05	7.583806e-02	-6.171204e+00
4.999000e-05	4.933212e-02	-6.426757e+00
