# 260410_15:58:32.686474
t	CH1	CH2
0.000000e+00	-1.518526e-03	-9.058422e-01
1.000000e-08	-1.725645e-03	-1.075616e+00
2.000000e-08	9.171223e-03	-1.221713e+00
3.000000e-08	6.028147e-02	-1.420211e+00
4.000000e-08	3.944920e-02	-1.663716e+00
5.000000e-08	-6.974138e-02	-1.916370e+00
6.000000e-08	-1.813316e-02	-2.107549e+00
7.000000e-08	-9.247960e-02	-2.400948e+00
8.000000e-08	1.867142e-02	-2.502161e+00
9.000000e-08	1.473143e-01	-2.517926e+00
1.000000e-07	-1.358537e-01	-2.768000e+00
1.100000e-07	5.468410e-02	-2.968970e+00
1.200000e-07	7.949954e-02	-3.138289e+00
1.300000e-07	-1.716021e-01	-3.337393e+00
1.400000e-07	1.169672e-01	-3.535841e+00
1.500000e-07	2.628432e-02	-3.641084e+00
1.600000e-07	-1.408744e-01	-3.864816e+00
1.700000e-07	1.571933e-01	-3.962080e+00
1.800000e-07	-1.916964e-02	-4.232081e+00
1.900000e-07	-1.446096e-02	-4.411552e+00
2.000000e-07	3.425961e-03	-4.486892e+00
2.100000e-07	-1.319835e-01	-4.748948e+00
2.200000e-07	1.487756e-01	-4.906292e+00
2.300000e-07	5.196960e-03	-5.085212e+00
2.400000e-07	-4.907443e-02	-5.241783e+00
2.500000e-07	4.019025e-02	-5.473259e+00
2.600000e-07	-6.429182e-02	-5.653160e+00
2.700000e-07	8.801264e-02	-5.831678e+00
2.800000e-07	-6.692973e-02	-5.927869e+00
2.900000e-07	2.634722e-02	-6.096311e+00
3.000000e-07	4.506367e-02	-6.232808e+00
3.100000e-07	-6.950210e-02	-6.481682e+00
3.200000e-07	8.687271e-02	-6.569971e+00
3.300000e-07	-6.116651e-02	-6.727366e+00
3.400000e-07	2.543026e-02	-6.853733e+00
3.500000e-07	-2.101401e-03	-7.020478e+00
3.600000e-07	-4.953934e-03	-7.139998e+00
3.700000e-07	7.596284e-02	-7.285916e+00
3.800000e-07	-6.586510e-02	-7.472809e+00
3.900000e-07	2.927113e-02	-7.589594e+00
4.000000e-07	-2.041810e-02	-7.736495e+00
4.100000e-07	2.967927e-02	-7.906337e+00
4.200000e-07	7.745645e-03	-8.011575e+00
4.300000e-07	-1.526317e-02	-8.137444e+00
4.400000e-07	4.760932e-02	-8.283178e+00
4.500000e-07	-2.628698e-02	-8.328523e+00
4.600000e-07	1.330632e-02	-8.452231e+00
4.700000e-07	-1.339163e-02	-8.599398e+00
4.800000e-07	3.091890e-02	-8.727365e+00
4.900000e-07	1.216645e-02	-8.820577e+00
5.000000e-07	-1.061382e-02	-8.896308e+00
5.100000e-07	1.581598e-02	-8.969971e+00
5.200000e-07	-1.647042e-03	-9.105258e+00
5.300000e-07	1.682900e-02	-9.118392e+00
5.400000e-07	-5.664770e-03	-9.232505e+00
5.500000e-07	1.735174e-02	-9.295337e+00
5.600000e-07	9.141638e-03	-9.413170e+00
5.700000e-07	8.175316e-03	-9.516437e+00
5.800000e-07	6.627355e-03	-9.590051e+00
5.900000e-07	1.567578e-03	-9.633655e+00
6.000000e-07	5.877314e-03	-9.695809e+00
6.100000e-07	9.043626e-03	-9.767919e+00
6.200000e-07	2.289109e-02	-9.852602e+00
6.300000e-07	8.197275e-03	-9.885208e+00
6.400000e-07	-6.857730e-05	-9.967366e+00
6.500000e-07	2.295491e-03	-9.949470e+00
6.600000e-07	1.480708e-02	-1.002010e+01
6.700000e-07	1.551838e-02	-1.003158e+01
6.800000e-07	7.280703e-03	-1.005318e+01
6.900000e-07	6.938792e-03	-1.010531e+01
7.000000e-07	1.042466e-02	-1.015746e+01
7.100000e-07	1.304029e-02	-1.018201e+01
7.200000e-07	1.109787e-02	-1.020420e+01
7.300000e-07	8.176104e-03	-1.023119e+01
7.400000e-07	1.197198e-02	-1.026274e+01
7.500000e-07	1.668849e-02	-1.029683e+01
7.600000e-07	1.341983e-02	-1.033736e+01
7.700000e-07	1.000243e-02	-1.034633e+01
7.800000e-07	6.203049e-03	-1.031725e+01
7.900000e-07	1.538708e-02	-1.032685e+01
8.000000e-07	1.627338e-02	-1.032475e+01
8.100000e-07	1.806572e-02	-1.029535e+01
8.200000e-07	1.643025e-02	-1.029467e+01
8.300000e-07	1.502744e-02	-1.025467e+01
8.400000e-07	1.580737e-02	-1.023204e+01
8.500000e-07	1.785845e-02	-1.020951e+01
8.600000e-07	2.006190e-02	-1.015788e+01
8.700000e-07	1.960973e-02	-1.013436e+01
8.800000e-07	2.203461e-02	-1.008368e+01
8.900000e-07	2.330372e-02	-1.001315e+01
9.000000e-07	2.267796e-02	-1.000902e+01
9.100000e-07	2.138658e-02	-9.968840e+00
9.200000e-07	2.527840e-02	-9.926731e+00
9.300000e-07	2.761403e-02	-9.852727e+00
9.400000e-07	2.786349e-02	-9.822073e+00
9.500000e-07	2.689952e-02	-9.768866e+00
9.600000e-07	2.855204e-02	-9.704707e+00
9.700000e-07	2.995273e-02	-9.611601e+00
9.800000e-07	2.959803e-02	-9.619521e+00
9.900000e-07	3.140934e-02	-9.587856e+00
1.000000e-06	3.419611e-02	-9.464095e+00
1.010000e-06	3.524160e-02	-9.345308e+00
1.020000e-06	3.484251e-02	-9.241646e+00
1.030000e-06	3.530282e-02	-9.178412e+00
1.040000e-06	3.472486e-02	-9.075703e+00
1.050000e-06	3.619298e-02	-8.988412e+00
1.060000e-06	3.888187e-02	-8.882229e+00
1.070000e-06	3.951176e-02	-8.800425e+00
1.080000e-06	3.889439e-02	-8.698332e+00
1.090000e-06	3.889023e-02	-8.569037e+00
1.100000e-06	4.118779e-02	-8.462152e+00
1.110000e-06	4.116080e-02	-8.358311e+00
1.120000e-06	4.162458e-02	-8.232627e+00
1.130000e-06	4.053796e-02	-8.157833e+00
1.140000e-06	4.191369e-02	-8.031049e+00
1.150000e-06	4.049675e-02	-7.945662e+00
1.160000e-06	3.939227e-02	-7.767807e+00
1.170000e-06	3.746895e-02	-7.559371e+00
1.180000e-06	3.767795e-02	-7.463673e+00
1.190000e-06	3.706920e-02	-7.335184e+00
1.200000e-06	3.604550e-02	-7.200993e+00
1.210000e-06	3.294763e-02	-7.084124e+00
1.220000e-06	3.146754e-02	-6.882658e+00
1.230000e-06	3.041520e-02	-6.768360e+00
1.240000e-06	2.786131e-02	-6.611069e+00
1.250000e-06	2.619703e-02	-6.522154e+00
1.260000e-06	2.482058e-02	-6.388819e+00
1.270000e-06	2.313752e-02	-6.208861e+00
1.280000e-06	2.022713e-02	-5.989468e+00
1.290000e-06	1.785232e-02	-5.863105e+00
1.300000e-06	1.683637e-02	-5.683682e+00
1.310000e-06	1.583593e-02	-5.558312e+00
1.320000e-06	1.441595e-02	-5.406815e+00
1.330000e-06	1.248656e-02	-5.138337e+00
1.340000e-06	1.095209e-02	-4.991440e+00
1.350000e-06	1.003469e-02	-4.799314e+00
1.360000e-06	7.349858e-03	-4.590523e+00
1.370000e-06	7.523740e-03	-4.432103e+00
1.380000e-06	7.684206e-03	-4.334679e+00
1.390000e-06	4.290478e-03	-4.136839e+00
1.400000e-06	6.078771e-03	-4.019366e+00
1.410000e-06	2.877700e-03	-3.829442e+00
1.420000e-06	4.925426e-03	-3.590469e+00
1.430000e-06	2.069301e-03	-3.412071e+00
1.440000e-06	3.464142e-03	-3.252128e+00
1.450000e-06	2.916686e-03	-3.053625e+00
1.460000e-06	1.645095e-03	-2.872055e+00
1.470000e-06	5.234668e-04	-2.694730e+00
1.480000e-06	-6.825296e-04	-2.536136e+00
1.490000e-06	5.443045e-04	-2.328390e+00
1.500000e-06	1.240046e-06	-2.114659e+00
1.510000e-06	1.354273e-03	-1.949310e+00
1.520000e-06	-8.546059e-04	-1.777818e+00
1.530000e-06	-1.684305e-04	-1.649971e+00
1.540000e-06	-1.498993e-03	-1.367760e+00
1.550000e-06	-1.198800e-03	-1.128312e+00
1.560000e-06	-2.643692e-03	-9.578146e-01
1.570000e-06	-1.482535e-03	-7.774172e-01
1.580000e-06	-3.874335e-03	-5.788657e-01
1.590000e-06	-2.661761e-03	-3.589173e-01
1.600000e-06	-1.793350e-03	-2.099485e-01
1.610000e-06	1.763604e-03	-1.099888e-02
1.620000e-06	3.487415e-03	1.570514e-01
1.630000e-06	-1.782340e-03	3.685038e-01
1.640000e-06	6.449022e-04	5.368199e-01
1.650000e-06	-1.512082e-03	6.938933e-01
1.660000e-06	-1.727547e-03	8.521054e-01
1.670000e-06	-2.675507e-03	1.084843e+00
1.680000e-06	3.342227e-03	1.243714e+00
1.690000e-06	1.584926e-02	1.461638e+00
1.700000e-06	6.244940e-02	1.695792e+00
1.710000e-06	8.356950e-03	1.904367e+00
1.720000e-06	-5.721711e-02	2.095318e+00
1.730000e-06	-3.575896e-02	2.295739e+00
1.740000e-06	-6.240932e-02	2.390083e+00
1.750000e-06	-2.536602e-02	2.548003e+00
1.760000e-06	1.472103e-01	2.757947e+00
1.770000e-06	-8.318473e-02	2.947417e+00
1.780000e-06	-3.485175e-02	3.053660e+00
1.790000e-06	1.164578e-01	3.223688e+00
1.800000e-06	-1.156163e-01	3.422317e+00
1.810000e-06	2.377089e-02	3.600103e+00
1.820000e-06	5.633756e-02	3.767950e+00
1.830000e-06	-1.128689e-01	3.960124e+00
1.840000e-06	6.184604e-02	4.147919e+00
1.850000e-06	2.932555e-02	4.388496e+00
1.860000e-06	-3.745586e-02	4.514791e+00
1.870000e-06	-1.033443e-02	4.714813e+00
1.880000e-06	-5.790108e-02	4.906390e+00
1.890000e-06	3.476872e-02	5.094314e+00
1.900000e-06	2.786979e-02	5.296342e+00
1.910000e-06	-8.924392e-03	5.484864e+00
1.920000e-06	-2.381886e-02	5.590576e+00
1.930000e-06	-1.869619e-02	5.790754e+00
1.940000e-06	1.698631e-02	5.978020e+00
1.950000e-06	-2.932208e-02	6.125890e+00
1.960000e-06	1.019035e-03	6.262284e+00
1.970000e-06	1.310005e-02	6.371075e+00
1.980000e-06	-2.901020e-02	6.548995e+00
1.990000e-06	1.610691e-02	6.738972e+00
2.000000e-06	-3.125224e-02	6.895336e+00
2.010000e-06	-8.462622e-03	6.989578e+00
2.020000e-06	-1.897241e-03	7.116994e+00
2.030000e-06	-4.594290e-03	7.273259e+00
2.040000e-06	7.309226e-03	7.443576e+00
2.050000e-06	-2.888324e-02	7.628100e+00
2.060000e-06	-4.664870e-03	7.706496e+00
2.070000e-06	-1.381498e-02	7.894714e+00
2.080000e-06	4.289295e-03	8.052677e+00
2.090000e-06	-1.171120e-02	8.158992e+00
2.100000e-06	-1.320481e-02	8.284783e+00
2.110000e-06	1.042488e-04	8.359025e+00
2.120000e-06	-1.153113e-02	8.483234e+00
2.130000e-06	-1.908826e-02	8.568918e+00
2.140000e-06	-2.023991e-02	8.662806e+00
2.150000e-06	-3.981473e-04	8.819522e+00
2.160000e-06	1.153336e-03	8.842155e+00
2.170000e-06	-1.108491e-02	8.937456e+00
2.180000e-06	-1.716417e-02	9.103707e+00
2.190000e-06	-1.447441e-02	9.199020e+00
2.200000e-06	-9.412696e-03	9.253705e+00
2.210000e-06	-1.104293e-02	9.316386e+00
2.220000e-06	-1.150338e-02	9.389996e+00
2.230000e-06	-1.284259e-02	9.423761e+00
2.240000e-06	-1.063006e-02	9.537389e+00
2.250000e-06	-1.265056e-02	9.591102e+00
2.260000e-06	-1.349533e-02	9.683156e+00
2.270000e-06	-1.896085e-02	9.777944e+00
2.280000e-06	-9.526170e-03	9.831675e+00
2.290000e-06	-6.266040e-03	9.944362e+00
2.300000e-06	-1.075607e-02	9.958516e+00
2.310000e-06	-2.139907e-02	1.000910e+01
2.320000e-06	-1.812624e-02	1.004218e+01
2.330000e-06	-1.174344e-02	1.006370e+01
2.340000e-06	-1.131940e-02	1.010431e+01
2.350000e-06	-1.476179e-02	1.017794e+01
2.360000e-06	-1.706453e-02	1.017802e+01
2.370000e-06	-1.412380e-02	1.021967e+01
2.380000e-06	-1.695113e-02	1.025263e+01
2.390000e-06	-1.736842e-02	1.024273e+01
2.400000e-06	-1.918509e-02	1.030273e+01
2.410000e-06	-1.663068e-02	1.031570e+01
2.420000e-06	-1.316675e-02	1.031536e+01
2.430000e-06	-1.548459e-02	1.031426e+01
2.440000e-06	-2.272444e-02	1.028533e+01
2.450000e-06	-2.419409e-02	1.032630e+01
2.460000e-06	-1.826817e-02	1.028331e+01
2.470000e-06	-1.743692e-02	1.029326e+01
2.480000e-06	-2.015318e-02	1.030420e+01
2.490000e-06	-2.415460e-02	1.023125e+01
2.500000e-06	-2.389056e-02	1.026173e+01
2.510000e-06	-2.371547e-02	1.022250e+01
2.520000e-06	-2.467065e-02	1.022055e+01
2.530000e-06	-2.639518e-02	1.018796e+01
2.540000e-06	-2.627583e-02	1.015586e+01
2.550000e-06	-2.568977e-02	1.011421e+01
2.560000e-06	-2.770653e-02	1.007216e+01
2.570000e-06	-3.043081e-02	1.008107e+01
2.580000e-06	-3.327007e-02	1.000844e+01
2.590000e-06	-3.210801e-02	9.907282e+00
2.600000e-06	-3.118822e-02	9.832776e+00
2.610000e-06	-3.205698e-02	9.778982e+00
2.620000e-06	-3.544531e-02	9.754232e+00
2.630000e-06	-3.785303e-02	9.621128e+00
2.640000e-06	-3.659863e-02	9.577918e+00
2.650000e-06	-3.746119e-02	9.515755e+00
2.660000e-06	-3.913419e-02	9.460148e+00
2.670000e-06	-3.942795e-02	9.358359e+00
2.680000e-06	-4.071291e-02	9.284654e+00
2.690000e-06	-4.167903e-02	9.190499e+00
2.700000e-06	-4.426618e-02	9.098438e+00
2.710000e-06	-4.437821e-02	8.980491e+00
2.720000e-06	-4.505871e-02	8.903256e+00
2.730000e-06	-4.404275e-02	8.778966e+00
2.740000e-06	-4.615841e-02	8.706233e+00
2.750000e-06	-4.582471e-02	8.620516e+00
2.760000e-06	-4.857216e-02	8.496282e+00
2.770000e-06	-4.660689e-02	8.410597e+00
2.780000e-06	-4.871032e-02	8.325331e+00
2.790000e-06	-4.754219e-02	8.167366e+00
2.800000e-06	-4.796239e-02	8.042699e+00
2.810000e-06	-4.687592e-02	7.935259e+00
2.820000e-06	-4.717719e-02	7.799093e+00
2.830000e-06	-4.589725e-02	7.683703e+00
2.840000e-06	-4.579250e-02	7.567932e+00
2.850000e-06	-4.383530e-02	7.427961e+00
2.860000e-06	-4.167859e-02	7.191049e+00
2.870000e-06	-4.037169e-02	7.114204e+00
2.880000e-06	-3.960668e-02	6.937464e+00
2.890000e-06	-3.876528e-02	6.841075e+00
2.900000e-06	-3.667392e-02	6.686202e+00
2.910000e-06	-3.248341e-02	6.494232e+00
2.920000e-06	-3.160827e-02	6.388563e+00
2.930000e-06	-2.963887e-02	6.241119e+00
2.940000e-06	-2.727603e-02	6.074630e+00
2.950000e-06	-2.581563e-02	5.957837e+00
2.960000e-06	-2.538804e-02	5.797888e+00
2.970000e-06	-2.325277e-02	5.599966e+00
2.980000e-06	-2.178232e-02	5.451570e+00
2.990000e-06	-2.003947e-02	5.242624e+00
3.000000e-06	-1.878631e-02	5.061599e+00
3.010000e-06	-1.958634e-02	4.841000e+00
3.020000e-06	-1.576061e-02	4.663255e+00
3.030000e-06	-1.677715e-02	4.526782e+00
3.040000e-06	-1.099879e-02	4.368490e+00
3.050000e-06	-1.324581e-02	4.165987e+00
3.060000e-06	-1.282025e-02	3.989440e+00
3.070000e-06	-1.316223e-02	3.810416e+00
3.080000e-06	-1.296150e-02	3.611651e+00
3.090000e-06	-1.067606e-02	3.504353e+00
3.100000e-06	-1.161276e-02	3.244128e+00
3.110000e-06	-1.153208e-02	3.075706e+00
3.120000e-06	-1.029311e-02	2.936388e+00
3.130000e-06	-8.291991e-03	2.748386e+00
3.140000e-06	-6.558443e-03	2.527808e+00
3.150000e-06	-8.800831e-03	2.347387e+00
3.160000e-06	-8.595351e-03	2.158413e+00
3.170000e-06	-9.520984e-03	2.019967e+00
3.180000e-06	-7.586285e-03	1.799495e+00
3.190000e-06	-7.756296e-03	1.630017e+00
3.200000e-06	-7.964207e-03	1.410969e+00
3.210000e-06	-7.467981e-03	1.251499e+00
3.220000e-06	-5.674352e-03	1.008441e+00
3.230000e-06	-4.042257e-03	7.890172e-01
3.240000e-06	-4.990159e-03	5.909172e-01
3.250000e-06	-6.267140e-03	4.515738e-01
3.260000e-06	-5.646907e-03	2.931249e-01
3.270000e-06	-4.377289e-03	3.154486e-02
3.280000e-06	2.409953e-03	-1.474210e-01
3.290000e-06	-1.389829e-03	-3.367683e-01
3.300000e-06	-2.130665e-03	-4.026344e-01
3.310000e-06	-1.999276e-03	-6.133196e-01
3.320000e-06	-1.814893e-03	-8.322105e-01
3.330000e-06	-6.014141e-04	-9.725826e-01
3.340000e-06	2.456597e-03	-1.167900e+00
3.350000e-06	2.937186e-02	-1.367520e+00
3.360000e-06	7.904481e-02	-1.577473e+00
3.370000e-06	-4.991025e-02	-1.820558e+00
3.380000e-06	-3.033499e-02	-2.034242e+00
3.390000e-06	-6.197602e-02	-2.305896e+00
3.400000e-06	-6.601178e-02	-2.451657e+00
3.410000e-06	1.472233e-01	-2.514788e+00
3.420000e-06	-7.524248e-03	-2.683240e+00
3.430000e-06	-1.045892e-01	-2.854337e+00
3.440000e-06	1.793987e-01	-3.093138e+00
3.450000e-06	-1.265849e-01	-3.260636e+00
3.460000e-06	-2.943588e-02	-3.473711e+00
3.470000e-06	1.388852e-01	-3.559501e+00
3.480000e-06	-1.456684e-01	-3.771455e+00
3.490000e-06	4.257955e-02	-3.949049e+00
3.500000e-06	1.047936e-01	-4.117820e+00
3.510000e-06	-9.446887e-02	-4.327997e+00
3.520000e-06	6.622044e-02	-4.443136e+00
3.530000e-06	-1.314405e-01	-4.612712e+00
3.540000e-06	3.688746e-02	-4.842761e+00
3.550000e-06	1.278821e-01	-4.999103e+00
3.560000e-06	-9.809904e-02	-5.210552e+00
3.570000e-06	5.366510e-02	-5.349996e+00
3.580000e-06	-5.308619e-02	-5.549053e+00
3.590000e-06	3.350455e-02	-5.738392e+00
3.600000e-06	2.270566e-02	-5.884785e+00
3.610000e-06	-6.537847e-02	-6.013104e+00
3.620000e-06	1.018315e-01	-6.158949e+00
3.630000e-06	-6.834515e-02	-6.349496e+00
3.640000e-06	3.879661e-02	-6.516318e+00
3.650000e-06	1.181127e-02	-6.633210e+00
3.660000e-06	-4.732102e-02	-6.801524e+00
3.670000e-06	5.491788e-02	-6.956990e+00
3.680000e-06	-4.958805e-02	-7.105842e+00
3.690000e-06	8.180485e-02	-7.281657e+00
3.700000e-06	-2.325509e-02	-7.379998e+00
3.710000e-06	-1.792017e-02	-7.537843e+00
3.720000e-06	1.898876e-02	-7.683183e+00
3.730000e-06	-1.465620e-02	-7.825208e+00
3.740000e-06	4.391123e-02	-8.000516e+00
3.750000e-06	-3.285842e-02	-8.083759e+00
3.760000e-06	4.111907e-02	-8.229526e+00
3.770000e-06	2.077672e-03	-8.305342e+00
3.780000e-06	-1.135988e-02	-8.390552e+00
3.790000e-06	4.933417e-03	-8.514738e+00
3.800000e-06	-2.049299e-04	-8.624157e+00
3.810000e-06	4.203798e-02	-8.779528e+00
3.820000e-06	-1.784564e-02	-8.862707e+00
3.830000e-06	1.306610e-02	-8.988418e+00
3.840000e-06	-9.178340e-04	-9.081707e+00
3.850000e-06	1.237715e-02	-9.157417e+00
3.860000e-06	5.721378e-03	-9.230553e+00
3.870000e-06	3.172346e-03	-9.261781e+00
3.880000e-06	1.834882e-02	-9.389419e+00
3.890000e-06	2.227110e-03	-9.494282e+00
3.900000e-06	1.378700e-02	-9.599318e+00
3.910000e-06	-8.478124e-05	-9.642254e+00
3.920000e-06	4.648155e-03	-9.685282e+00
3.930000e-06	4.857108e-03	-9.727291e+00
3.940000e-06	2.023556e-02	-9.820550e+00
3.950000e-06	1.800413e-02	-9.854706e+00
3.960000e-06	-1.375316e-05	-9.905863e+00
3.970000e-06	4.476448e-04	-9.957887e+00
3.980000e-06	8.017356e-03	-9.999526e+00
3.990000e-06	1.962199e-02	-1.005055e+01
4.000000e-06	1.011173e-02	-1.007181e+01
4.010000e-06	6.848862e-03	-1.008334e+01
4.020000e-06	9.436397e-03	-1.012631e+01
4.030000e-06	1.208445e-02	-1.018941e+01
4.040000e-06	1.169703e-02	-1.017897e+01
4.050000e-06	8.166102e-03	-1.025112e+01
4.060000e-06	9.688958e-03	-1.024362e+01
4.070000e-06	1.575621e-02	-1.029578e+01
4.080000e-06	1.639248e-02	-1.030468e+01
4.090000e-06	1.114808e-02	-1.032578e+01
4.100000e-06	8.553460e-03	-1.031733e+01
4.110000e-06	1.164097e-02	-1.030686e+01
4.120000e-06	1.650759e-02	-1.029623e+01
4.130000e-06	1.752156e-02	-1.029640e+01
4.140000e-06	1.650264e-02	-1.029525e+01
4.150000e-06	1.485834e-02	-1.022462e+01
4.160000e-06	1.502622e-02	-1.023107e+01
4.170000e-06	1.816638e-02	-1.017996e+01
4.180000e-06	1.977308e-02	-1.015739e+01
4.190000e-06	2.016596e-02	-1.012691e+01
4.200000e-06	2.103007e-02	-1.009625e+01
4.210000e-06	2.278585e-02	-1.006175e+01
4.220000e-06	2.249095e-02	-1.004097e+01
4.230000e-06	2.132216e-02	-1.000102e+01
4.240000e-06	2.302099e-02	-9.916310e+00
4.250000e-06	2.742092e-02	-9.853157e+00
4.260000e-06	2.851523e-02	-9.881625e+00
4.270000e-06	2.670368e-02	-9.798990e+00
4.280000e-06	2.672164e-02	-9.734282e+00
4.290000e-06	2.843342e-02	-9.622679e+00
4.300000e-06	3.033466e-02	-9.610072e+00
4.310000e-06	3.119523e-02	-9.559014e+00
4.320000e-06	3.252119e-02	-9.484802e+00
4.330000e-06	3.406231e-02	-9.356786e+00
4.340000e-06	3.443235e-02	-9.282704e+00
4.350000e-06	3.511179e-02	-9.190044e+00
4.360000e-06	3.410250e-02	-9.145282e+00
4.370000e-06	3.710802e-02	-9.010991e+00
4.380000e-06	3.885078e-02	-8.875182e+00
4.390000e-06	3.972830e-02	-8.831128e+00
4.400000e-06	3.849794e-02	-8.759891e+00
4.410000e-06	3.877022e-02	-8.635143e+00
4.420000e-06	4.052350e-02	-8.525705e+00
4.430000e-06	4.037793e-02	-8.380414e+00
4.440000e-06	4.107457e-02	-8.294683e+00
4.450000e-06	4.160722e-02	-8.169990e+00
4.460000e-06	4.230225e-02	-8.074175e+00
4.470000e-06	4.062232e-02	-7.978931e+00
4.480000e-06	3.886038e-02	-7.821044e+00
4.490000e-06	3.929652e-02	-7.673075e+00
4.500000e-06	3.801995e-02	-7.525333e+00
4.510000e-06	3.789039e-02	-7.390466e+00
4.520000e-06	3.555975e-02	-7.273102e+00
4.530000e-06	3.481123e-02	-7.127885e+00
4.540000e-06	3.224003e-02	-6.978338e+00
4.550000e-06	3.004627e-02	-6.840996e+00
4.560000e-06	2.864743e-02	-6.674129e+00
4.570000e-06	2.737305e-02	-6.526912e+00
4.580000e-06	2.591258e-02	-6.399545e+00
4.590000e-06	2.349353e-02	-6.293019e+00
4.600000e-06	2.021291e-02	-6.083023e+00
4.610000e-06	1.867270e-02	-5.945782e+00
4.620000e-06	1.766943e-02	-5.797414e+00
4.630000e-06	1.616099e-02	-5.550501e+00
4.640000e-06	1.488492e-02	-5.462164e+00
4.650000e-06	1.177643e-02	-5.221044e+00
4.660000e-06	1.110913e-02	-5.053074e+00
4.670000e-06	9.792862e-03	-4.852722e+00
4.680000e-06	9.095463e-03	-4.665620e+00
4.690000e-06	6.558896e-03	-4.503257e+00
4.700000e-06	8.524586e-03	-4.388317e+00
4.710000e-06	6.099746e-03	-4.210496e+00
4.720000e-06	6.016222e-03	-4.030549e+00
4.730000e-06	3.297870e-03	-3.886205e+00
4.740000e-06	3.147407e-03	-3.673628e+00
4.750000e-06	3.291718e-03	-3.505758e+00
4.760000e-06	3.867628e-03	-3.323786e+00
4.770000e-06	3.031439e-03	-3.166939e+00
4.780000e-06	2.191468e-03	-2.936335e+00
4.790000e-06	5.409103e-04	-2.759386e+00
4.800000e-06	-5.398966e-04	-2.557891e+00
4.810000e-06	4.063566e-04	-2.399999e+00
4.820000e-06	9.179886e-04	-2.241520e+00
4.830000e-06	5.675353e-04	-2.010521e+00
4.840000e-06	-1.021670e-04	-1.861605e+00
4.850000e-06	-4.846237e-04	-1.693105e+00
4.860000e-06	-1.438687e-03	-1.505350e+00
4.870000e-06	-1.341177e-03	-1.262466e+00
4.880000e-06	-1.342902e-03	-1.031975e+00
4.890000e-06	-1.379094e-03	-8.825764e-01
4.900000e-06	-2.536571e-03	-6.026489e-01
4.910000e-06	-2.931544e-03	-4.420502e-01
4.920000e-06	-3.137731e-03	-2.747040e-01
4.930000e-06	-1.086794e-03	-1.058605e-01
4.940000e-06	3.685754e-03	7.071416e-02
4.950000e-06	2.357063e-03	2.552632e-01
4.960000e-06	-1.119952e-03	4.720880e-01
4.970000e-06	4.950089e-04	6.395590e-01
4.980000e-06	-3.938539e-03	8.110276e-01
4.990000e-06	-2.452853e-03	9.363548e-01
5.000000e-06	-4.505594e-04	1.199031e+00
5.010000e-06	7.429048e-03	1.327449e+00
5.020000e-06	4.091361e-02	1.577579e+00
5.030000e-06	5.333527e-02	1.821712e+00
5.040000e-06	-5.145392e-02	2.051583e+00
5.050000e-06	-3.779062e-02	2.161629e+00
5.060000e-06	-4.978062e-02	2.368500e+00
5.070000e-06	-6.277564e-02	2.456237e+00
5.080000e-06	8.704614e-02	2.673761e+00
5.090000e-06	6.741065e-02	2.862612e+00
5.100000e-06	-1.480724e-01	2.981103e+00
5.110000e-06	1.339908e-01	3.168421e+00
5.120000e-06	-4.156272e-02	3.369582e+00
5.130000e-06	-6.350086e-02	3.568999e+00
5.140000e-06	9.330407e-02	3.673341e+00
5.150000e-06	-6.475785e-02	3.916440e+00
5.160000e-06	-3.878604e-02	4.023712e+00
5.170000e-06	9.158964e-02	4.272814e+00
5.180000e-06	-3.924098e-02	4.442162e+00
5.190000e-06	-6.749413e-03	4.590149e+00
5.200000e-06	-4.622598e-02	4.801584e+00
5.210000e-06	-1.642211e-02	5.021253e+00
5.220000e-06	5.961408e-02	5.232704e+00
5.230000e-06	-1.046621e-02	5.369005e+00
5.240000e-06	-8.386203e-03	5.560041e+00
5.250000e-06	-3.762994e-02	5.704294e+00
5.260000e-06	1.796836e-02	5.916866e+00
5.270000e-06	-8.236382e-03	6.083181e+00
5.280000e-06	-2.506286e-02	6.180079e+00
5.290000e-06	2.455323e-02	6.317893e+00
5.300000e-06	-2.477887e-02	6.483840e+00
5.310000e-06	3.526714e-03	6.625808e+00
5.320000e-06	-1.202155e-02	6.831131e+00
5.330000e-06	-2.501869e-02	6.948370e+00
5.340000e-06	3.274335e-03	7.085736e+00
5.350000e-06	-6.037862e-03	7.200000e+00
5.360000e-06	7.399909e-03	7.346942e+00
5.370000e-06	-1.597409e-02	7.507461e+00
5.380000e-06	-2.007377e-02	7.706713e+00
5.390000e-06	-8.271613e-03	7.819604e+00
5.400000e-06	-6.517735e-03	7.948498e+00
5.410000e-06	-1.255787e-03	8.137237e+00
5.420000e-06	-1.612253e-02	8.199098e+00
5.430000e-06	-3.552258e-03	8.357922e+00
5.440000e-06	-1.064281e-03	8.430082e+00
5.450000e-06	-1.886452e-02	8.536313e+00
5.460000e-06	-1.869241e-02	8.620727e+00
5.470000e-06	-1.240657e-02	8.729342e+00
5.480000e-06	5.080862e-03	8.810526e+00
5.490000e-06	-9.197254e-03	8.864733e+00
5.500000e-06	-1.573449e-02	8.988621e+00
5.510000e-06	-1.676771e-02	9.145863e+00
5.520000e-06	-1.041980e-02	9.231126e+00
5.530000e-06	-7.394039e-03	9.265255e+00
5.540000e-06	-1.344676e-02	9.427947e+00
5.550000e-06	-9.715622e-03	9.411675e+00
5.560000e-06	-1.352993e-02	9.524815e+00
5.570000e-06	-1.028176e-02	9.598902e+00
5.580000e-06	-1.495769e-02	9.631597e+00
5.590000e-06	-1.608361e-02	9.694335e+00
5.600000e-06	-1.429087e-02	9.769544e+00
5.610000e-06	-6.821082e-03	9.895309e+00
5.620000e-06	-6.768362e-03	9.937914e+00
5.630000e-06	-1.809170e-02	9.988067e+00
5.640000e-06	-2.105802e-02	1.006260e+01
5.650000e-06	-1.543963e-02	1.007278e+01
5.660000e-06	-8.961372e-03	1.014423e+01
5.670000e-06	-1.386765e-02	1.009844e+01
5.680000e-06	-1.711197e-02	1.016986e+01
5.690000e-06	-1.608197e-02	1.018902e+01
5.700000e-06	-1.623436e-02	1.021112e+01
5.710000e-06	-1.503444e-02	1.024230e+01
5.720000e-06	-1.783604e-02	1.026275e+01
5.730000e-06	-1.667234e-02	1.027576e+01
5.740000e-06	-1.514657e-02	1.030521e+01
5.750000e-06	-1.338835e-02	1.027426e+01
5.760000e-06	-2.028725e-02	1.029576e+01
5.770000e-06	-2.433436e-02	1.030530e+01
5.780000e-06	-2.128669e-02	1.030426e+01
5.790000e-06	-1.733217e-02	1.028628e+01
5.800000e-06	-1.766527e-02	1.028470e+01
5.810000e-06	-2.317852e-02	1.027375e+01
5.820000e-06	-2.337675e-02	1.024317e+01
5.830000e-06	-2.389849e-02	1.024163e+01
5.840000e-06	-2.328465e-02	1.021905e+01
5.850000e-06	-2.601020e-02	1.016857e+01
5.860000e-06	-2.666610e-02	1.015691e+01
5.870000e-06	-2.616478e-02	1.013481e+01
5.880000e-06	-2.715218e-02	1.004165e+01
5.890000e-06	-2.885838e-02	1.001213e+01
5.900000e-06	-3.246549e-02	1.001005e+01
5.910000e-06	-3.211880e-02	9.938961e+00
5.920000e-06	-3.184649e-02	9.855731e+00
5.930000e-06	-3.074024e-02	9.810644e+00
5.940000e-06	-3.532355e-02	9.766807e+00
5.950000e-06	-3.611641e-02	9.661679e+00
5.960000e-06	-3.737703e-02	9.640544e+00
5.970000e-06	-3.676737e-02	9.535911e+00
5.980000e-06	-3.819711e-02	9.462698e+00
5.990000e-06	-3.985347e-02	9.388486e+00
6.000000e-06	-3.901316e-02	9.304781e+00
6.010000e-06	-4.133178e-02	9.262678e+00
6.020000e-06	-4.235263e-02	9.148391e+00
6.030000e-06	-4.559901e-02	9.086719e+00
6.040000e-06	-4.482204e-02	8.895962e+00
6.050000e-06	-4.322670e-02	8.841623e+00
6.060000e-06	-4.438633e-02	8.748411e+00
6.070000e-06	-4.683833e-02	8.671578e+00
6.080000e-06	-4.847431e-02	8.528810e+00
6.090000e-06	-4.633348e-02	8.461101e+00
6.100000e-06	-4.759157e-02	8.349941e+00
6.110000e-06	-4.750833e-02	8.254069e+00
6.120000e-06	-4.799187e-02	8.125783e+00
6.130000e-06	-4.632160e-02	7.948536e+00
6.140000e-06	-4.725201e-02	7.872152e+00
6.150000e-06	-4.621424e-02	7.737333e+00
6.160000e-06	-4.668747e-02	7.629551e+00
6.170000e-06	-4.442924e-02	7.495526e+00
6.180000e-06	-4.314898e-02	7.325229e+00
6.190000e-06	-3.985311e-02	7.157363e+00
6.200000e-06	-3.988644e-02	7.019545e+00
6.210000e-06	-3.878159e-02	6.914154e+00
6.220000e-06	-3.665158e-02	6.788311e+00
6.230000e-06	-3.390635e-02	6.608311e+00
6.240000e-06	-3.160765e-02	6.401020e+00
6.250000e-06	-3.135609e-02	6.266204e+00
6.260000e-06	-2.764703e-02	6.156812e+00
6.270000e-06	-2.653534e-02	6.011544e+00
6.280000e-06	-2.558343e-02	5.884243e+00
6.290000e-06	-2.496879e-02	5.632627e+00
6.300000e-06	-2.189446e-02	5.473782e+00
6.310000e-06	-1.958747e-02	5.385833e+00
6.320000e-06	-1.898760e-02	5.158331e+00
6.330000e-06	-1.883939e-02	4.925255e+00
6.340000e-06	-1.728777e-02	4.747816e+00
6.350000e-06	-1.599659e-02	4.608913e+00
6.360000e-06	-1.452439e-02	4.421074e+00
6.370000e-06	-1.462068e-02	4.283147e+00
6.380000e-06	-1.267732e-02	4.022020e+00
6.390000e-06	-1.306713e-02	3.884753e+00
6.400000e-06	-1.087954e-02	3.735758e+00
6.410000e-06	-1.139899e-02	3.569416e+00
6.420000e-06	-1.014628e-02	3.354913e+00
6.430000e-06	-1.094068e-02	3.169466e+00
6.440000e-06	-9.425248e-03	3.000920e+00
6.450000e-06	-9.189171e-03	2.822579e+00
6.460000e-06	-8.923682e-03	2.662150e+00
6.470000e-06	-1.088883e-02	2.422972e+00
6.480000e-06	-9.462602e-03	2.254003e+00
6.490000e-06	-8.045075e-03	2.103082e+00
6.500000e-06	-7.851838e-03	1.884255e+00
6.510000e-06	-8.076541e-03	1.736207e+00
6.520000e-06	-6.246016e-03	1.516233e+00
6.530000e-06	-5.215085e-03	1.335708e+00
6.540000e-06	-5.041357e-03	1.094779e+00
6.550000e-06	-6.604893e-03	8.726288e-01
6.560000e-06	-6.934175e-03	7.136792e-01
6.570000e-06	-6.746079e-03	5.146303e-01
6.580000e-06	-6.150615e-03	3.462122e-01
6.590000e-06	-5.654163e-03	1.252078e-01
6.600000e-06	-7.359420e-04	-7.466066e-02
6.610000e-06	1.969417e-03	-2.420866e-01
6.620000e-06	-1.906451e-03	-3.894788e-01
6.630000e-06	2.292616e-03	-5.384577e-01
6.640000e-06	-3.168495e-03	-7.879753e-01
6.650000e-06	-7.402674e-04	-9.444235e-01
6.660000e-06	-3.311736e-03	-1.116788e+00
6.670000e-06	1.109940e-02	-1.274661e+00
6.680000e-06	6.823380e-02	-1.504791e+00
6.690000e-06	1.701184e-02	-1.685322e+00
6.700000e-06	-6.389267e-02	-1.967948e+00
6.710000e-06	-2.314010e-02	-2.220155e+00
6.720000e-06	-9.397534e-02	-2.391028e+00
6.730000e-06	5.392777e-02	-2.443662e+00
6.740000e-06	1.236529e-01	-2.569424e+00
6.750000e-06	-1.547379e-01	-2.761054e+00
6.760000e-06	1.050256e-01	-3.022546e+00
6.770000e-06	3.144869e-02	-3.157866e+00
6.780000e-06	-1.522147e-01	-3.349474e+00
6.790000e-06	1.452807e-01	-3.535820e+00
6.800000e-06	-1.701752e-02	-3.675565e+00
6.810000e-06	-1.069223e-01	-3.933972e+00
6.820000e-06	1.707210e-01	-4.021609e+00
6.830000e-06	-6.029545e-02	-4.252211e+00
6.840000e-06	1.845869e-02	-4.410503e+00
6.850000e-06	-2.832898e-02	-4.527370e+00
6.860000e-06	-1.053573e-01	-4.740599e+00
6.870000e-06	1.668353e-01	-4.947842e+00
6.880000e-06	-3.447267e-02	-5.095813e+00
6.890000e-06	-1.972895e-02	-5.265214e+00
6.900000e-06	2.281918e-02	-5.463736e+00
6.910000e-06	-5.240003e-02	-5.694235e+00
6.920000e-06	8.584028e-02	-5.821603e+00
6.930000e-06	-8.264541e-02	-5.948496e+00
6.940000e-06	5.739026e-02	-6.124289e+00
6.950000e-06	1.603775e-02	-6.295837e+00
6.960000e-06	-5.239807e-02	-6.463257e+00
6.970000e-06	7.842617e-02	-6.589496e+00
6.980000e-06	-7.138395e-02	-6.757470e+00
6.990000e-06	4.743733e-02	-6.864708e+00
7.000000e-06	-1.940983e-02	-7.055252e+00
7.010000e-06	1.452932e-02	-7.199529e+00
7.020000e-06	5.391964e-02	-7.346867e+00
7.030000e-06	-6.234724e-02	-7.484688e+00
7.040000e-06	3.883102e-02	-7.598522e+00
7.050000e-06	-2.704091e-02	-7.769624e+00
7.060000e-06	3.823817e-02	-7.948394e+00
7.070000e-06	-5.972677e-03	-8.042658e+00
7.080000e-06	1.320072e-03	-8.137488e+00
7.090000e-06	4.028999e-02	-8.254713e+00
7.100000e-06	-3.023525e-02	-8.358449e+00
7.110000e-06	1.417965e-02	-8.432130e+00
7.120000e-06	-1.419174e-02	-8.589973e+00
7.130000e-06	4.111054e-02	-8.738366e+00
7.140000e-06	1.476595e-03	-8.821628e+00
7.150000e-06	-6.240608e-03	-8.917316e+00
7.160000e-06	1.047393e-02	-9.011000e+00
7.170000e-06	2.012923e-03	-9.126313e+00
7.180000e-06	1.820626e-02	-9.160471e+00
7.190000e-06	-5.588855e-03	-9.211176e+00
7.200000e-06	1.816107e-02	-9.306937e+00
7.210000e-06	5.613656e-03	-9.420650e+00
7.220000e-06	1.089343e-02	-9.526414e+00
7.230000e-06	5.766645e-03	-9.601074e+00
7.240000e-06	1.541690e-03	-9.684205e+00
7.250000e-06	5.271269e-03	-9.715262e+00
7.260000e-06	1.313169e-02	-9.758445e+00
7.270000e-06	2.331775e-02	-9.861654e+00
7.280000e-06	5.566948e-03	-9.895286e+00
7.290000e-06	-3.786328e-04	-9.966842e+00
7.300000e-06	3.852993e-03	-9.967421e+00
7.310000e-06	1.765286e-02	-1.003000e+01
7.320000e-06	1.486192e-02	-1.005315e+01
7.330000e-06	6.274693e-03	-1.009420e+01
7.340000e-06	6.326123e-03	-1.012333e+01
7.350000e-06	1.103131e-02	-1.016796e+01
7.360000e-06	1.232581e-02	-1.020252e+01
7.370000e-06	9.753499e-03	-1.017014e+01
7.380000e-06	8.041953e-03	-1.029217e+01
7.390000e-06	1.312080e-02	-1.031321e+01
7.400000e-06	1.710929e-02	-1.029783e+01
7.410000e-06	1.270126e-02	-1.026588e+01
7.420000e-06	8.502967e-03	-1.031476e+01
7.430000e-06	9.455476e-03	-1.032737e+01
7.440000e-06	1.491126e-02	-1.032628e+01
7.450000e-06	1.725472e-02	-1.027579e+01
7.460000e-06	1.763282e-02	-1.029468e+01
7.470000e-06	1.544109e-02	-1.028423e+01
7.480000e-06	1.494571e-02	-1.027162e+01
7.490000e-06	1.713901e-02	-1.017304e+01
7.500000e-06	1.966679e-02	-1.016994e+01
7.510000e-06	2.052334e-02	-1.011643e+01
7.520000e-06	2.087743e-02	-1.013335e+01
7.530000e-06	2.132136e-02	-1.007225e+01
7.540000e-06	2.236492e-02	-1.001313e+01
7.550000e-06	2.205510e-02	-1.001902e+01
7.560000e-06	2.177829e-02	-9.918912e+00
7.570000e-06	2.534176e-02	-9.924781e+00
7.580000e-06	2.717570e-02	-9.862154e+00
7.590000e-06	2.723843e-02	-9.830518e+00
7.600000e-06	2.681993e-02	-9.768315e+00
7.610000e-06	2.882208e-02	-9.675230e+00
7.620000e-06	2.936149e-02	-9.640628e+00
7.630000e-06	2.964986e-02	-9.590045e+00
7.640000e-06	3.181619e-02	-9.527281e+00
7.650000e-06	3.458596e-02	-9.421541e+00
7.660000e-06	3.446197e-02	-9.323807e+00
7.670000e-06	3.455095e-02	-9.220628e+00
7.680000e-06	3.402255e-02	-9.138815e+00
7.690000e-06	3.631293e-02	-9.082648e+00
7.700000e-06	3.803370e-02	-8.926835e+00
7.710000e-06	3.945174e-02	-8.872181e+00
7.720000e-06	3.841826e-02	-8.790521e+00
7.730000e-06	3.849110e-02	-8.725703e+00
7.740000e-06	3.920521e-02	-8.556434e+00
7.750000e-06	4.106301e-02	-8.460577e+00
7.760000e-06	4.107483e-02	-8.337364e+00
7.770000e-06	4.087988e-02	-8.212047e+00
7.780000e-06	4.135760e-02	-8.116257e+00
7.790000e-06	4.128772e-02	-8.000550e+00
7.800000e-06	3.994984e-02	-7.885199e+00
7.810000e-06	3.882390e-02	-7.704758e+00
7.820000e-06	3.803842e-02	-7.610387e+00
7.830000e-06	3.803968e-02	-7.482624e+00
7.840000e-06	3.667254e-02	-7.334782e+00
7.850000e-06	3.611013e-02	-7.199968e+00
7.860000e-06	3.341430e-02	-7.054494e+00
7.870000e-06	3.082791e-02	-6.833176e+00
7.880000e-06	2.891952e-02	-6.766309e+00
7.890000e-06	2.859648e-02	-6.571039e+00
7.900000e-06	2.700699e-02	-6.452205e+00
7.910000e-06	2.393026e-02	-6.336882e+00
7.920000e-06	2.163904e-02	-6.116835e+00
7.930000e-06	1.958549e-02	-5.969419e+00
7.940000e-06	1.867106e-02	-5.861525e+00
7.950000e-06	1.524715e-02	-5.692754e+00
7.960000e-06	1.499715e-02	-5.506808e+00
7.970000e-06	1.410775e-02	-5.366754e+00
7.980000e-06	1.344859e-02	-5.126262e+00
7.990000e-06	1.076692e-02	-4.978386e+00
8.000000e-06	8.311890e-03	-4.775708e+00
8.010000e-06	7.339971e-03	-4.591415e+00
8.020000e-06	7.953432e-03	-4.451548e+00
8.030000e-06	6.703353e-03	-4.303654e+00
8.040000e-06	5.614602e-03	-4.175312e+00
8.050000e-06	4.685366e-03	-3.908942e+00
8.060000e-06	3.650140e-03	-3.776387e+00
8.070000e-06	3.498684e-03	-3.588866e+00
8.080000e-06	2.470534e-03	-3.430493e+00
8.090000e-06	3.287856e-03	-3.252569e+00
8.100000e-06	2.826632e-03	-3.064049e+00
8.110000e-06	1.230991e-03	-2.801600e+00
8.120000e-06	1.141266e-04	-2.683155e+00
8.130000e-06	-2.039194e-03	-2.495106e+00
8.140000e-06	1.994125e-03	-2.356805e+00
8.150000e-06	1.328860e-04	-2.104655e+00
8.160000e-06	3.492071e-04	-1.934789e+00
8.170000e-06	-2.243902e-03	-1.727808e+00
8.180000e-06	1.563579e-04	-1.559366e+00
8.190000e-06	-1.201962e-03	-1.375786e+00
8.200000e-06	-7.888339e-04	-1.127762e+00
8.210000e-06	-4.073271e-03	-9.537832e-01
8.220000e-06	-1.200220e-03	-7.674147e-01
8.230000e-06	-2.110576e-03	-5.547341e-01
8.240000e-06	-2.164623e-03	-3.579347e-01
8.250000e-06	-3.244360e-03	-1.598885e-01
8.260000e-06	1.765780e-03	-2.994367e-02
8.270000e-06	3.906575e-03	1.995818e-01
8.280000e-06	-1.870391e-03	3.780013e-01
8.290000e-06	1.065551e-03	5.179424e-01
8.300000e-06	-2.920760e-03	6.569483e-01
8.310000e-06	-1.238545e-03	8.920607e-01
8.320000e-06	-2.657217e-03	1.114364e+00
8.330000e-06	3.209179e-03	1.264239e+00
8.340000e-06	1.908379e-02	1.483246e+00
8.350000e-06	6.583275e-02	1.716947e+00
8.360000e-06	-7.752163e-03	1.966947e+00
8.370000e-06	-5.313206e-02	2.136842e+00
8.380000e-06	-3.861423e-02	2.313294e+00
8.390000e-06	-6.613608e-02	2.451207e+00
8.400000e-06	-2.620106e-03	2.600574e+00
8.410000e-06	1.475069e-01	2.799526e+00
8.420000e-06	-1.208055e-01	2.937870e+00
8.430000e-06	1.439003e-02	3.072687e+00
8.440000e-06	8.387060e-02	3.273187e+00
8.450000e-06	-1.167345e-01	3.516417e+00
8.460000e-06	4.892752e-02	3.621082e+00
8.470000e-06	3.312128e-02	3.791211e+00
8.480000e-06	-1.082139e-01	3.960503e+00
8.490000e-06	8.294111e-02	4.170049e+00
8.500000e-06	4.945617e-03	4.389004e+00
8.510000e-06	-3.014302e-02	4.534445e+00
8.520000e-06	-1.556029e-02	4.746870e+00
8.530000e-06	-5.385998e-02	4.896917e+00
8.540000e-06	4.731703e-02	5.126917e+00
8.550000e-06	1.490020e-02	5.326390e+00
8.560000e-06	-5.508230e-03	5.473311e+00
8.570000e-06	-2.903565e-02	5.631633e+00
8.580000e-06	-9.489172e-03	5.821250e+00
8.590000e-06	1.141877e-02	5.980053e+00
8.600000e-06	-3.216706e-02	6.128917e+00
8.610000e-06	1.045094e-02	6.343316e+00
8.620000e-06	2.451767e-03	6.420102e+00
8.630000e-06	-2.444022e-02	6.601017e+00
8.640000e-06	1.050689e-02	6.719048e+00
8.650000e-06	-3.285981e-02	6.887315e+00
8.660000e-06	-2.786866e-03	7.011601e+00
8.670000e-06	-2.917376e-03	7.167944e+00
8.680000e-06	-3.195907e-04	7.293786e+00
8.690000e-06	2.682330e-03	7.453879e+00
8.700000e-06	-2.850000e-02	7.652625e+00
8.710000e-06	-5.163240e-03	7.758020e+00
8.720000e-06	-1.536788e-02	7.903831e+00
8.730000e-06	2.911999e-03	8.043757e+00
8.740000e-06	-1.361331e-02	8.199025e+00
8.750000e-06	-1.071684e-02	8.285885e+00
8.760000e-06	2.753834e-03	8.420501e+00
8.770000e-06	-1.471774e-02	8.495286e+00
8.780000e-06	-1.849171e-02	8.578519e+00
8.790000e-06	-1.991926e-02	8.671787e+00
8.800000e-06	2.536025e-03	8.768419e+00
8.810000e-06	-2.889206e-03	8.881624e+00
8.820000e-06	-1.335513e-02	8.957641e+00
8.830000e-06	-1.880863e-02	9.043783e+00
8.840000e-06	-1.213684e-02	9.210023e+00
8.850000e-06	-7.140049e-03	9.262203e+00
8.860000e-06	-1.078278e-02	9.337416e+00
8.870000e-06	-1.222030e-02	9.421598e+00
8.880000e-06	-1.255028e-02	9.483782e+00
8.890000e-06	-9.847769e-03	9.559442e+00
8.900000e-06	-1.456956e-02	9.621078e+00
8.910000e-06	-1.637921e-02	9.692728e+00
8.920000e-06	-1.866580e-02	9.749989e+00
8.930000e-06	-9.248001e-03	9.862249e+00
8.940000e-06	-4.024838e-03	9.887332e+00
8.950000e-06	-1.179354e-02	9.997991e+00
8.960000e-06	-2.090313e-02	1.000857e+01
8.970000e-06	-1.911833e-02	1.006268e+01
8.980000e-06	-1.080516e-02	1.007375e+01
8.990000e-06	-1.123900e-02	1.011586e+01
9.000000e-06	-1.735443e-02	1.012746e+01
9.010000e-06	-1.718591e-02	1.017097e+01
9.020000e-06	-1.547394e-02	1.021012e+01
9.030000e-06	-1.422895e-02	1.024310e+01
9.040000e-06	-1.662624e-02	1.029320e+01
9.050000e-06	-1.779458e-02	1.026228e+01
9.060000e-06	-1.654113e-02	1.029421e+01
9.070000e-06	-1.335734e-02	1.031628e+01
9.080000e-06	-1.796748e-02	1.031530e+01
9.090000e-06	-2.210397e-02	1.028686e+01
9.100000e-06	-2.398456e-02	1.029423e+01
9.110000e-06	-1.765505e-02	1.028628e+01
9.120000e-06	-1.836367e-02	1.029523e+01
9.130000e-06	-1.983449e-02	1.028430e+01
9.140000e-06	-2.281489e-02	1.024370e+01
9.150000e-06	-2.338221e-02	1.024165e+01
9.160000e-06	-2.412669e-02	1.020067e+01
9.170000e-06	-2.619825e-02	1.021054e+01
9.180000e-06	-2.628383e-02	1.013844e+01
9.190000e-06	-2.679140e-02	1.014740e+01
9.200000e-06	-2.666981e-02	1.010423e+01
9.210000e-06	-2.794252e-02	1.007270e+01
9.220000e-06	-2.955185e-02	1.003105e+01
9.230000e-06	-3.251094e-02	9.999494e+00
9.240000e-06	-3.133064e-02	9.953837e+00
9.250000e-06	-3.111761e-02	9.822694e+00
9.260000e-06	-3.326587e-02	9.759590e+00
9.270000e-06	-3.555600e-02	9.676253e+00
9.280000e-06	-3.739070e-02	9.652075e+00
9.290000e-06	-3.750578e-02	9.578390e+00
9.300000e-06	-3.776645e-02	9.514776e+00
9.310000e-06	-3.807318e-02	9.410046e+00
9.320000e-06	-3.885392e-02	9.317385e+00
9.330000e-06	-4.054669e-02	9.253156e+00
9.340000e-06	-4.191643e-02	9.221045e+00
9.350000e-06	-4.425991e-02	9.138251e+00
9.360000e-06	-4.474999e-02	8.980962e+00
9.370000e-06	-4.489348e-02	8.884178e+00
9.380000e-06	-4.503867e-02	8.780041e+00
9.390000e-06	-4.550818e-02	8.695229e+00
9.400000e-06	-4.689771e-02	8.600016e+00
9.410000e-06	-4.776761e-02	8.454703e+00
9.420000e-06	-4.784392e-02	8.420997e+00
9.430000e-06	-4.678327e-02	8.295805e+00
9.440000e-06	-4.783180e-02	8.178337e+00
9.450000e-06	-4.699747e-02	8.022072e+00
9.460000e-06	-4.730388e-02	7.935732e+00
9.470000e-06	-4.625054e-02	7.800545e+00
9.480000e-06	-4.566568e-02	7.683127e+00
9.490000e-06	-4.569147e-02	7.557711e+00
9.500000e-06	-4.393635e-02	7.356336e+00
9.510000e-06	-4.092329e-02	7.201569e+00
9.520000e-06	-4.013289e-02	7.073153e+00
9.530000e-06	-3.947381e-02	6.978886e+00
9.540000e-06	-3.914523e-02	6.800023e+00
9.550000e-06	-3.616330e-02	6.683677e+00
9.560000e-06	-3.146511e-02	6.492153e+00
9.570000e-06	-3.084800e-02	6.308361e+00
9.580000e-06	-3.016900e-02	6.210470e+00
9.590000e-06	-2.832700e-02	6.032549e+00
9.600000e-06	-2.526567e-02	5.907882e+00
9.610000e-06	-2.376690e-02	5.745287e+00
9.620000e-06	-2.337961e-02	5.589437e+00
9.630000e-06	-2.131763e-02	5.389948e+00
9.640000e-06	-1.979544e-02	5.272098e+00
9.650000e-06	-1.741655e-02	4.994595e+00
9.660000e-06	-1.727504e-02	4.829969e+00
9.670000e-06	-1.654344e-02	4.652124e+00
9.680000e-06	-1.609075e-02	4.493683e+00
9.690000e-06	-1.439015e-02	4.366841e+00
9.700000e-06	-1.198597e-02	4.125861e+00
9.710000e-06	-1.236583e-02	3.938835e+00
9.720000e-06	-1.261094e-02	3.810965e+00
9.730000e-06	-1.180028e-02	3.631574e+00
9.740000e-06	-1.078297e-02	3.431099e+00
9.750000e-06	-1.183845e-02	3.212049e+00
9.760000e-06	-1.023487e-02	3.095583e+00
9.770000e-06	-9.241972e-03	2.935756e+00
9.780000e-06	-8.437742e-03	2.688915e+00
9.790000e-06	-9.174941e-03	2.526257e+00
9.800000e-06	-8.690241e-03	2.315184e+00
9.810000e-06	-8.983737e-03	2.137715e+00
9.820000e-06	-8.053237e-03	1.999518e+00
9.830000e-06	-8.155346e-03	1.797992e+00
9.840000e-06	-5.785630e-03	1.578872e+00
9.850000e-06	-6.877051e-03	1.409492e+00
9.860000e-06	-7.243124e-03	1.200471e+00
9.870000e-06	-8.405327e-03	9.778596e-01
9.880000e-06	-6.319539e-03	7.478132e-01
9.890000e-06	-5.469705e-03	5.589137e-01
9.900000e-06	-4.652620e-03	4.109962e-01
9.910000e-06	-4.982583e-03	2.835198e-01
9.920000e-06	-3.745659e-03	-5.259408e-06
9.930000e-06	2.490744e-03	-2.084989e-01
9.940000e-06	-2.340447e-03	-3.178484e-01
9.950000e-06	-1.072860e-03	-4.631879e-01
9.960000e-06	-3.416972e-03	-6.752644e-01
9.970000e-06	-2.065745e-03	-8.546883e-01
9.980000e-06	-1.629165e-03	-1.019607e+00
9.990000e-06	4.019372e-03	-1.170005e+00
1.000000e-05	3.729280e-02	-1.378580e+00
1.001000e-05	7.295936e-02	-1.620559e+00
1.002000e-05	-6.296293e-02	-1.851711e+00
1.003000e-05	-2.094288e-02	-2.086346e+00
1.004000e-05	-7.550668e-02	-2.347874e+00
1.005000e-05	-4.525861e-02	-2.453629e+00
1.006000e-05	1.607438e-01	-2.503813e+00
1.007000e-05	-6.041633e-02	-2.706895e+00
1.008000e-05	-5.870179e-02	-2.936220e+00
1.009000e-05	1.566606e-01	-3.064237e+00
1.010000e-05	-1.540914e-01	-3.275787e+00
1.011000e-05	2.038188e-02	-3.504735e+00
1.012000e-05	1.113887e-01	-3.609975e+00
1.013000e-05	-1.600986e-01	-3.822209e+00
1.014000e-05	8.823344e-02	-4.019474e+00
1.015000e-05	7.025962e-02	-4.138001e+00
1.016000e-05	-8.087699e-02	-4.357999e+00
1.017000e-05	5.991213e-02	-4.505163e+00
1.018000e-05	-1.437779e-01	-4.646290e+00
1.019000e-05	7.767403e-02	-4.895232e+00
1.020000e-05	9.283337e-02	-5.001554e+00
1.021000e-05	-9.497785e-02	-5.201577e+00
1.022000e-05	6.352150e-02	-5.362482e+00
1.023000e-05	-6.561490e-02	-5.609478e+00
1.024000e-05	5.639081e-02	-5.768472e+00
1.025000e-05	-9.290943e-03	-5.885262e+00
1.026000e-05	-4.169170e-02	-6.032637e+00
1.027000e-05	9.591853e-02	-6.211602e+00
1.028000e-05	-8.157440e-02	-6.399528e+00
1.029000e-05	6.219356e-02	-6.536892e+00
1.030000e-05	-1.405881e-02	-6.663687e+00
1.031000e-05	-2.346415e-02	-6.843053e+00
1.032000e-05	4.388928e-02	-6.937372e+00
1.033000e-05	-4.558927e-02	-7.117416e+00
1.034000e-05	8.683010e-02	-7.254707e+00
1.035000e-05	-4.482887e-02	-7.431580e+00
1.036000e-05	3.227011e-03	-7.566970e+00
1.037000e-05	6.507415e-03	-7.664761e+00
1.038000e-05	-2.339482e-03	-7.894758e+00
1.039000e-05	3.625476e-02	-7.989525e+00
1.040000e-05	-3.040961e-02	-8.106288e+00
1.041000e-05	4.773058e-02	-8.241079e+00
1.042000e-05	-1.140108e-02	-8.337416e+00
1.043000e-05	-3.798889e-03	-8.440027e+00
1.044000e-05	-1.167568e-03	-8.523471e+00
1.045000e-05	9.861802e-03	-8.715782e+00
1.046000e-05	3.391828e-02	-8.819547e+00
1.047000e-05	-1.925618e-02	-8.863232e+00
1.048000e-05	1.599227e-02	-8.948467e+00
1.049000e-05	-1.777355e-03	-9.063182e+00
1.050000e-05	1.659851e-02	-9.137838e+00
1.051000e-05	1.648064e-03	-9.171075e+00
1.052000e-05	5.992817e-03	-9.273282e+00
1.053000e-05	1.567068e-02	-9.381045e+00
1.054000e-05	2.427859e-03	-9.476307e+00
1.055000e-05	1.259943e-02	-9.609548e+00
1.056000e-05	-1.418766e-04	-9.652176e+00
1.057000e-05	6.178600e-03	-9.694281e+00
1.058000e-05	5.241133e-03	-9.756420e+00
1.059000e-05	2.118500e-02	-9.822098e+00
1.060000e-05	1.465800e-02	-9.864782e+00
1.061000e-05	-8.014243e-04	-9.895763e+00
1.062000e-05	4.222790e-04	-9.918470e+00
1.063000e-05	1.082518e-02	-1.001050e+01
1.064000e-05	1.908537e-02	-1.001210e+01
1.065000e-05	8.509140e-03	-1.006318e+01
1.066000e-05	4.894737e-03	-1.013576e+01
1.067000e-05	9.746392e-03	-1.014733e+01
1.068000e-05	1.319167e-02	-1.020899e+01
1.069000e-05	1.194436e-02	-1.020159e+01
1.070000e-05	7.592815e-03	-1.025167e+01
1.071000e-05	1.045842e-02	-1.030465e+01
1.072000e-05	1.509000e-02	-1.029425e+01
1.073000e-05	1.521083e-02	-1.030678e+01
1.074000e-05	9.970772e-03	-1.032881e+01
1.075000e-05	8.509731e-03	-1.032686e+01
1.076000e-05	1.312652e-02	-1.032570e+01
1.077000e-05	1.725405e-02	-1.034883e+01
1.078000e-05	1.729114e-02	-1.031528e+01
1.079000e-05	1.668290e-02	-1.026522e+01
1.080000e-05	1.408501e-02	-1.028265e+01
1.081000e-05	1.583488e-02	-1.023112e+01
1.082000e-05	1.790688e-02	-1.015009e+01
1.083000e-05	2.078883e-02	-1.017788e+01
1.084000e-05	1.986857e-02	-1.011533e+01
1.085000e-05	2.095518e-02	-1.010325e+01
1.086000e-05	2.242293e-02	-1.005060e+01
1.087000e-05	2.247239e-02	-1.002097e+01
1.088000e-05	2.177606e-02	-9.978887e+00
1.089000e-05	2.444960e-02	-9.917809e+00
1.090000e-05	2.796769e-02	-9.894227e+00
1.091000e-05	2.756126e-02	-9.831127e+00
1.092000e-05	2.626874e-02	-9.768915e+00
1.093000e-05	2.809177e-02	-9.706305e+00
1.094000e-05	2.951437e-02	-9.673152e+00
1.095000e-05	2.907592e-02	-9.610499e+00
1.096000e-05	3.113577e-02	-9.558866e+00
1.097000e-05	3.335399e-02	-9.474671e+00
1.098000e-05	3.555282e-02	-9.368487e+00
1.099000e-05	3.450255e-02	-9.261628e+00
1.100000e-05	3.393907e-02	-9.168418e+00
1.101000e-05	3.470300e-02	-9.124731e+00
1.102000e-05	3.768728e-02	-9.020999e+00
1.103000e-05	3.837627e-02	-8.934753e+00
1.104000e-05	3.853401e-02	-8.811526e+00
1.105000e-05	3.817731e-02	-8.767834e+00
1.106000e-05	4.058416e-02	-8.681073e+00
1.107000e-05	4.087596e-02	-8.493201e+00
1.108000e-05	4.156438e-02	-8.389418e+00
1.109000e-05	3.995335e-02	-8.323754e+00
1.110000e-05	4.183683e-02	-8.179915e+00
1.111000e-05	4.180974e-02	-8.063075e+00
1.112000e-05	4.073974e-02	-7.958862e+00
1.113000e-05	3.939280e-02	-7.839489e+00
1.114000e-05	3.869574e-02	-7.602171e+00
1.115000e-05	3.869396e-02	-7.514253e+00
1.116000e-05	3.716264e-02	-7.388863e+00
1.117000e-05	3.623856e-02	-7.262077e+00
1.118000e-05	3.391246e-02	-7.137231e+00
1.119000e-05	3.081475e-02	-6.935834e+00
1.120000e-05	2.992545e-02	-6.809966e+00
1.121000e-05	2.945885e-02	-6.652148e+00
1.122000e-05	2.763604e-02	-6.533859e+00
1.123000e-05	2.436593e-02	-6.389446e+00
1.124000e-05	2.311906e-02	-6.290594e+00
1.125000e-05	2.048408e-02	-6.041568e+00
1.126000e-05	1.964767e-02	-5.925158e+00
1.127000e-05	1.710672e-02	-5.786907e+00
1.128000e-05	1.569230e-02	-5.588445e+00
1.129000e-05	1.422386e-02	-5.450469e+00
1.130000e-05	1.335197e-02	-5.201540e+00
1.131000e-05	1.185376e-02	-5.034069e+00
1.132000e-05	1.027615e-02	-4.863549e+00
1.133000e-05	7.511325e-03	-4.651974e+00
1.134000e-05	6.991891e-03	-4.445282e+00
1.135000e-05	8.002387e-03	-4.346342e+00
1.136000e-05	5.943121e-03	-4.189965e+00
1.137000e-05	5.183875e-03	-4.051520e+00
1.138000e-05	3.277436e-03	-3.875226e+00
1.139000e-05	4.202330e-03	-3.672599e+00
1.140000e-05	3.574640e-03	-3.473729e+00
1.141000e-05	3.860489e-03	-3.323736e+00
1.142000e-05	2.351292e-03	-3.137783e+00
1.143000e-05	2.599650e-03	-2.955760e+00
1.144000e-05	5.711695e-04	-2.757392e+00
1.145000e-05	1.037207e-03	-2.570338e+00
1.146000e-05	-7.998398e-04	-2.398493e+00
1.147000e-05	7.265461e-04	-2.230391e+00
1.148000e-05	5.585503e-04	-1.979415e+00
1.149000e-05	-6.684338e-04	-1.840423e+00
1.150000e-05	-1.299879e-03	-1.642102e+00
1.151000e-05	-9.597086e-04	-1.432944e+00
1.152000e-05	-1.001372e-03	-1.209439e+00
1.153000e-05	-1.765306e-03	-1.011974e+00
1.154000e-05	-1.661900e-03	-8.419489e-01
1.155000e-05	-2.567336e-03	-6.400510e-01
1.156000e-05	-2.636288e-03	-4.204974e-01
1.157000e-05	-2.457043e-03	-2.621051e-01
1.158000e-05	1.049282e-04	-8.472882e-02
1.159000e-05	3.697963e-03	9.524354e-02
1.160000e-05	3.301825e-04	3.464197e-01
1.161000e-05	-3.070780e-04	4.732380e-01
1.162000e-05	5.049876e-05	6.801619e-01
1.163000e-05	-2.109585e-03	8.196014e-01
1.164000e-05	-2.530592e-03	1.008976e+00
1.165000e-05	1.075127e-03	1.199604e+00
1.166000e-05	8.720848e-03	1.389500e+00
1.167000e-05	4.895105e-02	1.568654e+00
1.168000e-05	4.315389e-02	1.893291e+00
1.169000e-05	-5.669759e-02	2.052608e+00
1.170000e-05	-3.497984e-02	2.232161e+00
1.171000e-05	-5.501764e-02	2.379000e+00
1.172000e-05	-5.711240e-02	2.495364e+00
1.173000e-05	1.133367e-01	2.685291e+00
1.174000e-05	2.204710e-02	2.902314e+00
1.175000e-05	-1.222258e-01	2.950554e+00
1.176000e-05	1.455925e-01	3.208603e+00
1.177000e-05	-7.520203e-02	3.422307e+00
1.178000e-05	-3.919571e-02	3.578528e+00
1.179000e-05	9.186345e-02	3.714366e+00
1.180000e-05	-8.653153e-02	3.905425e+00
1.181000e-05	-3.971936e-03	4.084188e+00
1.182000e-05	7.418319e-02	4.324990e+00
1.183000e-05	-4.641274e-02	4.453208e+00
1.184000e-05	-4.258076e-03	4.651708e+00
1.185000e-05	-5.156297e-02	4.803184e+00
1.186000e-05	-3.305995e-04	5.030757e+00
1.187000e-05	5.087089e-02	5.212682e+00
1.188000e-05	-1.069180e-02	5.410605e+00
1.189000e-05	-1.021277e-02	5.569051e+00
1.190000e-05	-3.237944e-02	5.725515e+00
1.191000e-05	1.858336e-02	5.926865e+00
1.192000e-05	-1.816522e-02	6.042182e+00
1.193000e-05	-1.959031e-02	6.221578e+00
1.194000e-05	2.588797e-02	6.377474e+00
1.195000e-05	-3.002131e-02	6.474890e+00
1.196000e-05	9.331141e-03	6.693839e+00
1.197000e-05	-2.076727e-02	6.801629e+00
1.198000e-05	-1.712722e-02	6.958046e+00
1.199000e-05	2.889155e-03	7.085410e+00
1.200000e-05	-5.594872e-03	7.220702e+00
1.201000e-05	6.300295e-03	7.367573e+00
1.202000e-05	-2.115206e-02	7.539621e+00
1.203000e-05	-1.469767e-02	7.695336e+00
1.204000e-05	-8.962214e-03	7.811729e+00
1.205000e-05	-3.346357e-03	7.938524e+00
1.206000e-05	-4.826562e-03	8.115789e+00
1.207000e-05	-1.538389e-02	8.261603e+00
1.208000e-05	-1.383136e-03	8.359393e+00
1.209000e-05	-3.643260e-03	8.441676e+00
1.210000e-05	-2.008964e-02	8.526863e+00
1.211000e-05	-1.975974e-02	8.640703e+00
1.212000e-05	-8.981044e-03	8.726416e+00
1.213000e-05	4.708620e-03	8.800576e+00
1.214000e-05	-1.088376e-02	8.883307e+00
1.215000e-05	-1.812231e-02	9.002629e+00
1.216000e-05	-1.564683e-02	9.156993e+00
1.217000e-05	-8.916295e-03	9.221178e+00
1.218000e-05	-7.436742e-03	9.294281e+00
1.219000e-05	-1.356104e-02	9.369543e+00
1.220000e-05	-1.080257e-02	9.444229e+00
1.221000e-05	-1.254180e-02	9.496389e+00
1.222000e-05	-1.046733e-02	9.609048e+00
1.223000e-05	-1.545808e-02	9.632703e+00
1.224000e-05	-1.743892e-02	9.694384e+00
1.225000e-05	-1.337513e-02	9.798665e+00
1.226000e-05	-6.317113e-03	9.915256e+00
1.227000e-05	-7.309456e-03	9.928440e+00
1.228000e-05	-1.867634e-02	1.002053e+01
1.229000e-05	-2.161963e-02	1.004063e+01
1.230000e-05	-1.442875e-02	1.005271e+01
1.231000e-05	-9.291279e-03	1.008580e+01
1.232000e-05	-1.339050e-02	1.015589e+01
1.233000e-05	-1.829328e-02	1.014996e+01
1.234000e-05	-1.549608e-02	1.019214e+01
1.235000e-05	-1.598231e-02	1.019160e+01
1.236000e-05	-1.453118e-02	1.028220e+01
1.237000e-05	-1.848648e-02	1.024372e+01
1.238000e-05	-1.718007e-02	1.029428e+01
1.239000e-05	-1.501071e-02	1.028573e+01
1.240000e-05	-1.348363e-02	1.028688e+01
1.241000e-05	-2.077056e-02	1.031530e+01
1.242000e-05	-2.348592e-02	1.028593e+01
1.243000e-05	-2.072049e-02	1.032433e+01
1.244000e-05	-1.725186e-02	1.029325e+01
1.245000e-05	-1.887434e-02	1.029221e+01
1.246000e-05	-2.295313e-02	1.024275e+01
1.247000e-05	-2.416048e-02	1.024265e+01
1.248000e-05	-2.429733e-02	1.020167e+01
1.249000e-05	-2.513642e-02	1.016907e+01
1.250000e-05	-2.616557e-02	1.013901e+01
1.251000e-05	-2.597334e-02	1.010489e+01
1.252000e-05	-2.597238e-02	1.010338e+01
1.253000e-05	-2.681075e-02	1.005315e+01
1.254000e-05	-2.924650e-02	1.005063e+01
1.255000e-05	-3.257752e-02	1.001157e+01
1.256000e-05	-3.222095e-02	9.947315e+00
1.257000e-05	-3.095226e-02	9.875803e+00
1.258000e-05	-3.232540e-02	9.810018e+00
1.259000e-05	-3.423940e-02	9.746306e+00
1.260000e-05	-3.677677e-02	9.673105e+00
1.261000e-05	-3.615197e-02	9.570995e+00
1.262000e-05	-3.778114e-02	9.535805e+00
1.263000e-05	-3.851162e-02	9.472077e+00
1.264000e-05	-4.018601e-02	9.367565e+00
1.265000e-05	-3.938996e-02	9.304281e+00
1.266000e-05	-4.109172e-02	9.212076e+00
1.267000e-05	-4.322945e-02	9.158412e+00
1.268000e-05	-4.479541e-02	8.994597e+00
1.269000e-05	-4.392979e-02	8.943358e+00
1.270000e-05	-4.322968e-02	8.850024e+00
1.271000e-05	-4.656321e-02	8.737883e+00
1.272000e-05	-4.623795e-02	8.661097e+00
1.273000e-05	-4.780645e-02	8.536907e+00
1.274000e-05	-4.614100e-02	8.442602e+00
1.275000e-05	-4.728637e-02	8.358411e+00
1.276000e-05	-4.856157e-02	8.228141e+00
1.277000e-05	-4.749285e-02	8.063804e+00
1.278000e-05	-4.641598e-02	7.967836e+00
1.279000e-05	-4.714328e-02	7.850600e+00
1.280000e-05	-4.842481e-02	7.695807e+00
1.281000e-05	-4.616344e-02	7.610018e+00
1.282000e-05	-4.403475e-02	7.423224e+00
1.283000e-05	-4.202072e-02	7.252257e+00
1.284000e-05	-4.073627e-02	7.137487e+00
1.285000e-05	-3.963496e-02	6.987992e+00
1.286000e-05	-3.916278e-02	6.841154e+00
1.287000e-05	-3.742878e-02	6.725781e+00
1.288000e-05	-3.463999e-02	6.605535e+00
1.289000e-05	-3.180725e-02	6.419540e+00
1.290000e-05	-2.938916e-02	6.284177e+00
1.291000e-05	-2.680702e-02	6.146910e+00
1.292000e-05	-2.704137e-02	6.000497e+00
1.293000e-05	-2.557812e-02	5.862624e+00
1.294000e-05	-2.437770e-02	5.612019e+00
1.295000e-05	-2.177885e-02	5.474677e+00
1.296000e-05	-1.909878e-02	5.334683e+00
1.297000e-05	-1.938347e-02	5.128728e+00
1.298000e-05	-1.847476e-02	4.902756e+00
1.299000e-05	-1.701781e-02	4.726811e+00
1.300000e-05	-1.664736e-02	4.557962e+00
1.301000e-05	-1.473190e-02	4.450549e+00
1.302000e-05	-1.359329e-02	4.220970e+00
1.303000e-05	-1.209599e-02	4.011073e+00
1.304000e-05	-1.223139e-02	3.872576e+00
1.305000e-05	-1.280909e-02	3.675708e+00
1.306000e-05	-1.148338e-02	3.547911e+00
1.307000e-05	-1.104188e-02	3.396313e+00
1.308000e-05	-9.095246e-03	3.127836e+00
1.309000e-05	-1.001419e-02	2.947947e+00
1.310000e-05	-8.949399e-03	2.831549e+00
1.311000e-05	-1.035723e-02	2.642620e+00
1.312000e-05	-9.880031e-03	2.389997e+00
1.313000e-05	-9.326775e-03	2.231021e+00
1.314000e-05	-7.491417e-03	2.092599e+00
1.315000e-05	-6.614694e-03	1.865256e+00
1.316000e-05	-7.941657e-03	1.672504e+00
1.317000e-05	-7.040997e-03	1.463704e+00
1.318000e-05	-6.842232e-03	1.266154e+00
1.319000e-05	-6.652431e-03	1.105279e+00
1.320000e-05	-6.950105e-03	8.325251e-01
1.321000e-05	-6.578123e-03	6.711036e-01
1.322000e-05	-4.258843e-03	4.646314e-01
1.323000e-05	-4.558431e-03	3.242553e-01
1.324000e-05	-3.948983e-03	8.420638e-02
1.325000e-05	-7.949266e-04	-1.033145e-01
1.326000e-05	-1.588144e-04	-2.531843e-01
1.327000e-05	-3.326692e-03	-4.000039e-01
1.328000e-05	9.795662e-04	-6.406077e-01
1.329000e-05	-3.248750e-03	-7.895288e-01
1.330000e-05	-2.685869e-03	-9.678986e-01
1.331000e-05	-1.502582e-03	-1.095866e+00
1.332000e-05	1.680974e-02	-1.275392e+00
1.333000e-05	7.753858e-02	-1.497868e+00
1.334000e-05	-5.523733e-03	-1.726896e+00
1.335000e-05	-5.463502e-02	-1.958553e+00
1.336000e-05	-3.434231e-02	-2.232786e+00
1.337000e-05	-9.255133e-02	-2.411053e+00
1.338000e-05	8.605422e-02	-2.456786e+00
1.339000e-05	9.290778e-02	-2.621554e+00
1.340000e-05	-1.604104e-01	-2.821535e+00
1.341000e-05	1.424246e-01	-2.999153e+00
1.342000e-05	-2.236996e-02	-3.168979e+00
1.343000e-05	-1.186995e-01	-3.380026e+00
1.344000e-05	1.566632e-01	-3.554868e+00
1.345000e-05	-6.499237e-02	-3.675823e+00
1.346000e-05	-6.570925e-02	-3.896996e+00
1.347000e-05	1.646813e-01	-4.064111e+00
1.348000e-05	-8.643540e-02	-4.273815e+00
1.349000e-05	4.595157e-02	-4.410580e+00
1.350000e-05	-6.467741e-02	-4.538525e+00
1.351000e-05	-6.713271e-02	-4.819079e+00
1.352000e-05	1.715378e-01	-4.945843e+00
1.353000e-05	-6.736948e-02	-5.125391e+00
1.354000e-05	8.916394e-03	-5.315320e+00
1.355000e-05	-2.724308e-03	-5.526367e+00
1.356000e-05	-2.814402e-02	-5.704736e+00
1.357000e-05	7.516162e-02	-5.830607e+00
1.358000e-05	-8.937529e-02	-5.978902e+00
1.359000e-05	8.064335e-02	-6.127866e+00
1.360000e-05	-1.447364e-02	-6.327440e+00
1.361000e-05	-2.531220e-02	-6.483734e+00
1.362000e-05	6.661992e-02	-6.609502e+00
1.363000e-05	-7.360250e-02	-6.767920e+00
1.364000e-05	5.934218e-02	-6.813161e+00
1.365000e-05	-3.726615e-02	-7.073281e+00
1.366000e-05	3.998765e-02	-7.220554e+00
1.367000e-05	3.069720e-02	-7.337892e+00
1.368000e-05	-5.531144e-02	-7.496787e+00
1.369000e-05	3.919918e-02	-7.590524e+00
1.370000e-05	-2.726673e-02	-7.768120e+00
1.371000e-05	4.581102e-02	-7.957396e+00
1.372000e-05	-2.041436e-02	-8.053133e+00
1.373000e-05	1.522739e-02	-8.147473e+00
1.374000e-05	3.129979e-02	-8.295258e+00
1.375000e-05	-2.623769e-02	-8.360000e+00
1.376000e-05	1.274254e-02	-8.433661e+00
1.377000e-05	-1.403008e-02	-8.582101e+00
1.378000e-05	4.598195e-02	-8.718393e+00
1.379000e-05	-6.322111e-03	-8.852604e+00
1.380000e-05	2.136945e-05	-8.915362e+00
1.381000e-05	6.174478e-03	-9.030578e+00
1.382000e-05	4.969401e-03	-9.125837e+00
1.383000e-05	1.567823e-02	-9.147422e+00
1.384000e-05	-4.813488e-03	-9.210158e+00
1.385000e-05	1.890447e-02	-9.337367e+00
1.386000e-05	2.822704e-03	-9.472181e+00
1.387000e-05	1.237439e-02	-9.567869e+00
1.388000e-05	3.497339e-03	-9.630177e+00
1.389000e-05	2.698554e-03	-9.682785e+00
1.390000e-05	3.772025e-03	-9.705863e+00
1.391000e-05	1.433781e-02	-9.819591e+00
1.392000e-05	2.245494e-02	-9.852603e+00
1.393000e-05	2.843541e-03	-9.904709e+00
1.394000e-05	-9.817360e-04	-9.937386e+00
1.395000e-05	5.425267e-03	-1.001047e+01
1.396000e-05	1.685408e-02	-1.004055e+01
1.397000e-05	1.399129e-02	-1.005065e+01
1.398000e-05	4.856528e-03	-1.008265e+01
1.399000e-05	8.251609e-03	-1.013491e+01
1.400000e-05	1.220577e-02	-1.018739e+01
1.401000e-05	1.268922e-02	-1.017102e+01
1.402000e-05	9.520385e-03	-1.026307e+01
1.403000e-05	8.222689e-03	-1.021568e+01
1.404000e-05	1.418350e-02	-1.032518e+01
1.405000e-05	1.578278e-02	-1.030573e+01
1.406000e-05	1.171476e-02	-1.026828e+01
1.407000e-05	8.289439e-03	-1.027629e+01
1.408000e-05	1.069893e-02	-1.032676e+01
1.409000e-05	1.478205e-02	-1.035421e+01
1.410000e-05	1.767986e-02	-1.028775e+01
1.411000e-05	1.706229e-02	-1.027432e+01
1.412000e-05	1.653358e-02	-1.029363e+01
1.413000e-05	1.489884e-02	-1.023163e+01
1.414000e-05	1.681029e-02	-1.025102e+01
1.415000e-05	1.848537e-02	-1.017004e+01
1.416000e-05	2.086074e-02	-1.013793e+01
1.417000e-05	2.078530e-02	-1.008533e+01
1.418000e-05	2.225880e-02	-1.006420e+01
1.419000e-05	2.219997e-02	-1.006050e+01
1.420000e-05	2.206377e-02	-9.978942e+00
1.421000e-05	2.356492e-02	-9.967861e+00
1.422000e-05	2.694540e-02	-9.915305e+00
1.423000e-05	2.696121e-02	-9.873625e+00
1.424000e-05	2.599659e-02	-9.821944e+00
1.425000e-05	2.791114e-02	-9.746410e+00
1.426000e-05	2.915173e-02	-9.683728e+00
1.427000e-05	2.990493e-02	-9.612051e+00
1.428000e-05	2.980759e-02	-9.578921e+00
1.429000e-05	3.256948e-02	-9.527755e+00
1.430000e-05	3.374380e-02	-9.390488e+00
1.431000e-05	3.445652e-02	-9.305753e+00
1.432000e-05	3.529741e-02	-9.230520e+00
1.433000e-05	3.525754e-02	-9.186283e+00
1.434000e-05	3.616035e-02	-9.061095e+00
1.435000e-05	3.837480e-02	-8.947287e+00
1.436000e-05	3.893587e-02	-8.810174e+00
1.437000e-05	4.016624e-02	-8.787869e+00
1.438000e-05	3.849683e-02	-8.687672e+00
1.439000e-05	4.013774e-02	-8.547807e+00
1.440000e-05	4.063585e-02	-8.412023e+00
1.441000e-05	4.275084e-02	-8.346312e+00
1.442000e-05	4.095111e-02	-8.221074e+00
1.443000e-05	4.125821e-02	-8.086280e+00
1.444000e-05	4.070117e-02	-8.040021e+00
1.445000e-05	4.117413e-02	-7.865993e+00
1.446000e-05	3.838821e-02	-7.724782e+00
1.447000e-05	3.794443e-02	-7.537362e+00
1.448000e-05	3.747877e-02	-7.441569e+00
1.449000e-05	3.717791e-02	-7.275207e+00
1.450000e-05	3.488888e-02	-7.159942e+00
1.451000e-05	3.192193e-02	-7.018415e+00
1.452000e-05	3.118983e-02	-6.822649e+00
1.453000e-05	2.996388e-02	-6.745232e+00
1.454000e-05	2.892414e-02	-6.588917e+00
1.455000e-05	2.439325e-02	-6.451476e+00
1.456000e-05	2.415883e-02	-6.317805e+00
1.457000e-05	2.098921e-02	-6.106255e+00
1.458000e-05	2.086125e-02	-5.958915e+00
1.459000e-05	1.760667e-02	-5.822996e+00
1.460000e-05	1.635488e-02	-5.672579e+00
1.461000e-05	1.459326e-02	-5.536283e+00
1.462000e-05	1.374865e-02	-5.285679e+00
1.463000e-05	1.237182e-02	-5.145259e+00
1.464000e-05	1.019508e-02	-4.918281e+00
1.465000e-05	9.377027e-03	-4.716761e+00
1.466000e-05	8.161778e-03	-4.577387e+00
1.467000e-05	8.237431e-03	-4.390995e+00
1.468000e-05	5.969838e-03	-4.304503e+00
1.469000e-05	5.024574e-03	-4.103233e+00
1.470000e-05	5.110521e-03	-3.927864e+00
1.471000e-05	3.826366e-03	-3.716259e+00
1.472000e-05	3.353971e-03	-3.557413e+00
1.473000e-05	3.504055e-03	-3.388990e+00
1.474000e-05	3.290326e-03	-3.230496e+00
1.475000e-05	1.406128e-03	-3.031039e+00
1.476000e-05	-6.954635e-05	-2.800020e+00
1.477000e-05	1.092160e-03	-2.692701e+00
1.478000e-05	-7.198406e-04	-2.462154e+00
1.479000e-05	1.277592e-03	-2.314754e+00
1.480000e-05	-2.728721e-04	-2.113650e+00
1.481000e-05	9.416210e-04	-1.914232e+00
1.482000e-05	-1.623240e-03	-1.756684e+00
1.483000e-05	-1.258704e-05	-1.517286e+00
1.484000e-05	-1.409421e-03	-1.312678e+00
1.485000e-05	-9.087527e-04	-1.105178e+00
1.486000e-05	-2.523685e-03	-9.252090e-01
1.487000e-05	-1.463839e-03	-7.372856e-01
1.488000e-05	-2.265435e-03	-5.066067e-01
1.489000e-05	-2.699253e-03	-3.262870e-01
1.490000e-05	-2.806320e-03	-1.578132e-01
1.491000e-05	2.627082e-03	6.968283e-02
1.492000e-05	3.651634e-03	1.995842e-01
1.493000e-05	-2.403649e-03	4.016338e-01
1.494000e-05	1.404299e-03	5.675262e-01
1.495000e-05	-1.943397e-03	7.268672e-01
1.496000e-05	-2.105069e-03	8.936683e-01
1.497000e-05	-2.094585e-03	1.116445e+00
1.498000e-05	2.083269e-03	1.304864e+00
1.499000e-05	2.859331e-02	1.545370e+00
1.500000e-05	6.637995e-02	1.748033e+00
1.501000e-05	-2.422589e-02	1.959528e+00
1.502000e-05	-4.855123e-02	2.127972e+00
1.503000e-05	-4.112732e-02	2.326917e+00
1.504000e-05	-6.686657e-02	2.472157e+00
1.505000e-05	2.222505e-02	2.621679e+00
1.506000e-05	1.333721e-01	2.800004e+00
1.507000e-05	-1.462750e-01	2.959496e+00
1.508000e-05	6.191592e-02	3.084263e+00
1.509000e-05	4.753584e-02	3.284468e+00
1.510000e-05	-1.087251e-01	3.517346e+00
1.511000e-05	6.925292e-02	3.642208e+00
1.512000e-05	5.276494e-03	3.842761e+00
1.513000e-05	-9.301859e-02	3.980029e+00
1.514000e-05	9.448111e-02	4.199155e+00
1.515000e-05	-1.465115e-02	4.399552e+00
1.516000e-05	-2.131662e-02	4.566923e+00
1.517000e-05	-2.497047e-02	4.736969e+00
1.518000e-05	-4.720634e-02	4.926976e+00
1.519000e-05	5.610436e-02	5.178974e+00
1.520000e-05	4.557723e-03	5.367470e+00
1.521000e-05	-4.209475e-03	5.504362e+00
1.522000e-05	-3.540559e-02	5.632108e+00
1.523000e-05	2.803964e-04	5.843258e+00
1.524000e-05	7.261753e-03	6.020079e+00
1.525000e-05	-3.138825e-02	6.135920e+00
1.526000e-05	1.627607e-02	6.304315e+00
1.527000e-05	-8.956459e-03	6.421106e+00
1.528000e-05	-1.553890e-02	6.628653e+00
1.529000e-05	5.708189e-03	6.738578e+00
1.530000e-05	-3.264853e-02	6.916292e+00
1.531000e-05	-8.727313e-04	7.081182e+00
1.532000e-05	-2.758589e-03	7.156995e+00
1.533000e-05	2.796868e-03	7.304786e+00
1.534000e-05	-2.564976e-03	7.494258e+00
1.535000e-05	-2.836770e-02	7.631230e+00
1.536000e-05	-4.471393e-03	7.749496e+00
1.537000e-05	-1.316555e-02	7.908338e+00
1.538000e-05	2.953092e-03	8.104204e+00
1.539000e-05	-1.648728e-02	8.177974e+00
1.540000e-05	-8.021919e-03	8.303261e+00
1.541000e-05	1.443650e-03	8.409552e+00
1.542000e-05	-1.573895e-02	8.485310e+00
1.543000e-05	-1.795659e-02	8.560021e+00
1.544000e-05	-1.805117e-02	8.704286e+00
1.545000e-05	4.150850e-03	8.778599e+00
1.546000e-05	-5.654499e-03	8.832706e+00
1.547000e-05	-1.411872e-02	8.989069e+00
1.548000e-05	-1.732778e-02	9.094857e+00
1.549000e-05	-1.196896e-02	9.209998e+00
1.550000e-05	-7.028349e-03	9.263678e+00
1.551000e-05	-1.303730e-02	9.306412e+00
1.552000e-05	-9.884927e-03	9.430076e+00
1.553000e-05	-1.242094e-02	9.485781e+00
1.554000e-05	-1.015631e-02	9.557995e+00
1.555000e-05	-1.530981e-02	9.621054e+00
1.556000e-05	-1.527228e-02	9.681782e+00
1.557000e-05	-1.642673e-02	9.768014e+00
1.558000e-05	-8.313898e-03	9.863202e+00
1.559000e-05	-5.999610e-03	9.906883e+00
1.560000e-05	-1.506305e-02	9.968970e+00
1.561000e-05	-1.925391e-02	1.001015e+01
1.562000e-05	-1.726100e-02	1.005220e+01
1.563000e-05	-9.656241e-03	1.010428e+01
1.564000e-05	-1.417023e-02	1.012439e+01
1.565000e-05	-1.599747e-02	1.012852e+01
1.566000e-05	-1.625113e-02	1.016949e+01
1.567000e-05	-1.507142e-02	1.024962e+01
1.568000e-05	-1.604317e-02	1.021207e+01
1.569000e-05	-1.787021e-02	1.023223e+01
1.570000e-05	-1.735769e-02	1.024268e+01
1.571000e-05	-1.668387e-02	1.033423e+01
1.572000e-05	-1.361465e-02	1.030533e+01
1.573000e-05	-1.875626e-02	1.029578e+01
1.574000e-05	-2.289144e-02	1.030528e+01
1.575000e-05	-2.275053e-02	1.029578e+01
1.576000e-05	-1.745631e-02	1.027476e+01
1.577000e-05	-1.865573e-02	1.030333e+01
1.578000e-05	-2.182999e-02	1.029225e+01
1.579000e-05	-2.245196e-02	1.027320e+01
1.580000e-05	-2.352727e-02	1.022222e+01
1.581000e-05	-2.368456e-02	1.022147e+01
1.582000e-05	-2.629339e-02	1.018856e+01
1.583000e-05	-2.593307e-02	1.013739e+01
1.584000e-05	-2.745910e-02	1.010383e+01
1.585000e-05	-2.640062e-02	1.008323e+01
1.586000e-05	-2.863978e-02	1.005218e+01
1.587000e-05	-3.042486e-02	1.003055e+01
1.588000e-05	-3.227606e-02	9.958490e+00
1.589000e-05	-3.214297e-02	9.926333e+00
1.590000e-05	-3.139296e-02	9.832219e+00
1.591000e-05	-3.373981e-02	9.759458e+00
1.592000e-05	-3.540130e-02	9.682757e+00
1.593000e-05	-3.767544e-02	9.621071e+00
1.594000e-05	-3.664724e-02	9.568363e+00
1.595000e-05	-3.778124e-02	9.474153e+00
1.596000e-05	-3.886000e-02	9.400569e+00
1.597000e-05	-3.954656e-02	9.336935e+00
1.598000e-05	-4.141877e-02	9.251604e+00
1.599000e-05	-4.222545e-02	9.200496e+00
1.600000e-05	-4.460381e-02	9.085855e+00
1.601000e-05	-4.431323e-02	8.991538e+00
1.602000e-05	-4.468454e-02	8.861680e+00
1.603000e-05	-4.421342e-02	8.748943e+00
1.604000e-05	-4.673081e-02	8.693229e+00
1.605000e-05	-4.733772e-02	8.568985e+00
1.606000e-05	-4.774060e-02	8.483655e+00
1.607000e-05	-4.695207e-02	8.420565e+00
1.608000e-05	-4.720432e-02	8.324773e+00
1.609000e-05	-4.821887e-02	8.165882e+00
1.610000e-05	-4.702731e-02	7.991074e+00
1.611000e-05	-4.641376e-02	7.895282e+00
1.612000e-05	-4.634634e-02	7.747437e+00
1.613000e-05	-4.671089e-02	7.661549e+00
1.614000e-05	-4.512285e-02	7.514777e+00
1.615000e-05	-4.287782e-02	7.386335e+00
1.616000e-05	-4.065723e-02	7.190543e+00
1.617000e-05	-3.917453e-02	7.042129e+00
1.618000e-05	-4.071887e-02	6.925233e+00
1.619000e-05	-3.741609e-02	6.790545e+00
1.620000e-05	-3.428844e-02	6.582623e+00
1.621000e-05	-3.185781e-02	6.473657e+00
1.622000e-05	-3.099299e-02	6.338287e+00
1.623000e-05	-2.903439e-02	6.178992e+00
1.624000e-05	-2.708851e-02	6.021153e+00
1.625000e-05	-2.519349e-02	5.896835e+00
1.626000e-05	-2.460907e-02	5.693758e+00
1.627000e-05	-2.345701e-02	5.536889e+00
1.628000e-05	-2.035177e-02	5.346464e+00
1.629000e-05	-1.879878e-02	5.192018e+00
1.630000e-05	-1.790335e-02	5.018586e+00
1.631000e-05	-1.851944e-02	4.788492e+00
1.632000e-05	-1.702462e-02	4.631574e+00
1.633000e-05	-1.420745e-02	4.463580e+00
1.634000e-05	-1.333902e-02	4.355755e+00
1.635000e-05	-1.321690e-02	4.084679e+00
1.636000e-05	-1.261156e-02	3.946836e+00
1.637000e-05	-1.234703e-02	3.768411e+00
1.638000e-05	-1.212817e-02	3.589549e+00
1.639000e-05	-1.074716e-02	3.442545e+00
1.640000e-05	-1.060385e-02	3.209521e+00
1.641000e-05	-1.023830e-02	3.053651e+00
1.642000e-05	-9.162992e-03	2.894675e+00
1.643000e-05	-9.452953e-03	2.745855e+00
1.644000e-05	-9.658200e-03	2.485178e+00
1.645000e-05	-8.190406e-03	2.285759e+00
1.646000e-05	-8.095701e-03	2.105183e+00
1.647000e-05	-7.784406e-03	1.979392e+00
1.648000e-05	-7.485248e-03	1.757788e+00
1.649000e-05	-7.009095e-03	1.549412e+00
1.650000e-05	-7.311354e-03	1.366337e+00
1.651000e-05	-7.859279e-03	1.198862e+00
1.652000e-05	-6.610567e-03	9.672355e-01
1.653000e-05	-6.106911e-03	7.483858e-01
1.654000e-05	-5.261924e-03	5.363620e-01
1.655000e-05	-4.547816e-03	3.700185e-01
1.656000e-05	-5.591156e-03	2.208710e-01
1.657000e-05	-2.301022e-03	-2.008521e-02
1.658000e-05	1.998914e-03	-1.990251e-01
1.659000e-05	-2.762796e-03	-3.678723e-01
1.660000e-05	-4.965282e-04	-4.558235e-01
1.661000e-05	-2.941861e-03	-7.373474e-01
1.662000e-05	-7.376653e-04	-8.747394e-01
1.663000e-05	-2.702091e-03	-1.020637e+00
1.664000e-05	5.418976e-03	-1.192055e+00
1.665000e-05	4.824438e-02	-1.399628e+00
1.666000e-05	6.103298e-02	-1.641536e+00
1.667000e-05	-7.030449e-02	-1.873241e+00
1.668000e-05	-1.882449e-02	-2.125927e+00
1.669000e-05	-8.484376e-02	-2.368949e+00
1.670000e-05	-1.859134e-02	-2.453178e+00
1.671000e-05	1.630373e-01	-2.516820e+00
1.672000e-05	-1.015131e-01	-2.755945e+00
1.673000e-05	-8.740001e-03	-2.948390e+00
1.674000e-05	1.271967e-01	-3.084366e+00
1.675000e-05	-1.739353e-01	-3.294818e+00
1.676000e-05	7.155316e-02	-3.453762e+00
1.677000e-05	8.051924e-02	-3.570512e+00
1.678000e-05	-1.639889e-01	-3.872735e+00
1.679000e-05	1.221828e-01	-3.989604e+00
1.680000e-05	3.019267e-02	-4.149027e+00
1.681000e-05	-5.068464e-02	-4.398526e+00
1.682000e-05	4.147225e-02	-4.494816e+00
1.683000e-05	-1.487130e-01	-4.706891e+00
1.684000e-05	1.139008e-01	-4.891741e+00
1.685000e-05	5.527496e-02	-5.061135e+00
1.686000e-05	-7.700110e-02	-5.224181e+00
1.687000e-05	6.063659e-02	-5.421054e+00
1.688000e-05	-7.408979e-02	-5.621160e+00
1.689000e-05	7.489918e-02	-5.778945e+00
1.690000e-05	-3.726600e-02	-5.934890e+00
1.691000e-05	-9.689490e-03	-6.056309e+00
1.692000e-05	7.706457e-02	-6.210229e+00
1.693000e-05	-8.574760e-02	-6.391553e+00
1.694000e-05	7.937932e-02	-6.558497e+00
1.695000e-05	-3.510281e-02	-6.714313e+00
1.696000e-05	2.054429e-03	-6.820582e+00
1.697000e-05	2.245107e-02	-7.000045e+00
1.698000e-05	-3.454847e-02	-7.137897e+00
1.699000e-05	8.830986e-02	-7.273838e+00
1.700000e-05	-5.711135e-02	-7.411706e+00
1.701000e-05	1.770507e-02	-7.548421e+00
1.702000e-05	-8.930802e-03	-7.725865e+00
1.703000e-05	1.236366e-02	-7.874788e+00
1.704000e-05	2.636379e-02	-7.990554e+00
1.705000e-05	-2.638329e-02	-8.105813e+00
1.706000e-05	4.899460e-02	-8.213129e+00
1.707000e-05	-2.108185e-02	-8.358390e+00
1.708000e-05	6.353245e-03	-8.400606e+00
1.709000e-05	-7.418816e-03	-8.576942e+00
1.710000e-05	1.898667e-02	-8.685335e+00
1.711000e-05	2.357899e-02	-8.790970e+00
1.712000e-05	-1.629704e-02	-8.905728e+00
1.713000e-05	1.752331e-02	-8.969498e+00
1.714000e-05	-2.711498e-03	-9.034733e+00
1.715000e-05	1.818483e-02	-9.157443e+00
1.716000e-05	-2.665745e-03	-9.251525e+00
1.717000e-05	1.059535e-02	-9.284311e+00
1.718000e-05	1.208656e-02	-9.397618e+00
1.719000e-05	3.424346e-03	-9.507213e+00
1.720000e-05	1.029250e-02	-9.598445e+00
1.721000e-05	7.607512e-04	-9.651707e+00
1.722000e-05	6.697248e-03	-9.655260e+00
1.723000e-05	6.590907e-03	-9.746966e+00
1.724000e-05	2.169368e-02	-9.822125e+00
1.725000e-05	1.151386e-02	-9.854280e+00
1.726000e-05	-4.275076e-04	-9.956837e+00
1.727000e-05	1.978120e-03	-9.959365e+00
1.728000e-05	1.309162e-02	-9.989994e+00
1.729000e-05	1.718035e-02	-1.005215e+01
1.730000e-05	6.846045e-03	-1.005216e+01
1.731000e-05	6.414518e-03	-1.010386e+01
1.732000e-05	9.421386e-03	-1.015943e+01
1.733000e-05	1.250825e-02	-1.019901e+01
1.734000e-05	1.118071e-02	-1.020360e+01
1.735000e-05	7.969668e-03	-1.029110e+01
1.736000e-05	1.108153e-02	-1.024612e+01
1.737000e-05	1.595642e-02	-1.027478e+01
1.738000e-05	1.328095e-02	-1.032666e+01
1.739000e-05	1.028446e-02	-1.032685e+01
1.740000e-05	9.417240e-03	-1.032584e+01
1.741000e-05	1.329231e-02	-1.029578e+01
1.742000e-05	1.722012e-02	-1.031673e+01
1.743000e-05	1.733104e-02	-1.027275e+01
1.744000e-05	1.640099e-02	-1.024525e+01
1.745000e-05	1.506067e-02	-1.023465e+01
1.746000e-05	1.658737e-02	-1.021897e+01
1.747000e-05	1.833639e-02	-1.018910e+01
1.748000e-05	1.966672e-02	-1.017101e+01
1.749000e-05	2.022478e-02	-1.009591e+01
1.750000e-05	2.192386e-02	-1.004313e+01
1.751000e-05	2.227423e-02	-1.002118e+01
1.752000e-05	2.139483e-02	-1.002900e+01
1.753000e-05	2.136236e-02	-9.947465e+00
1.754000e-05	2.522248e-02	-9.915782e+00
1.755000e-05	2.745263e-02	-9.864226e+00
1.756000e-05	2.757349e-02	-9.821025e+00
1.757000e-05	2.720791e-02	-9.767389e+00
1.758000e-05	2.829299e-02	-9.735753e+00
1.759000e-05	3.037670e-02	-9.621153e+00
1.760000e-05	2.960584e-02	-9.611499e+00
1.761000e-05	3.122127e-02	-9.547887e+00
1.762000e-05	3.322526e-02	-9.500119e+00
1.763000e-05	3.518130e-02	-9.347354e+00
1.764000e-05	3.470504e-02	-9.262074e+00
1.765000e-05	3.467975e-02	-9.149417e+00
1.766000e-05	3.478652e-02	-9.104653e+00
1.767000e-05	3.769767e-02	-9.039542e+00
1.768000e-05	3.891076e-02	-8.884701e+00
1.769000e-05	3.921225e-02	-8.801999e+00
1.770000e-05	3.870448e-02	-8.746832e+00
1.771000e-05	3.922992e-02	-8.619989e+00
1.772000e-05	4.014362e-02	-8.454656e+00
1.773000e-05	4.144814e-02	-8.377889e+00
1.774000e-05	4.147910e-02	-8.264200e+00
1.775000e-05	4.117529e-02	-8.147436e+00
1.776000e-05	4.106108e-02	-8.041675e+00
1.777000e-05	4.149474e-02	-7.898354e+00
1.778000e-05	3.986632e-02	-7.749839e+00
1.779000e-05	3.751431e-02	-7.654572e+00
1.780000e-05	3.765526e-02	-7.493229e+00
1.781000e-05	3.787373e-02	-7.378811e+00
1.782000e-05	3.615273e-02	-7.217050e+00
1.783000e-05	3.378046e-02	-7.096725e+00
1.784000e-05	3.124389e-02	-6.915804e+00
1.785000e-05	2.927533e-02	-6.789967e+00
1.786000e-05	2.885587e-02	-6.663096e+00
1.787000e-05	2.622215e-02	-6.535703e+00
1.788000e-05	2.467088e-02	-6.358367e+00
1.789000e-05	2.299306e-02	-6.231044e+00
1.790000e-05	2.093055e-02	-5.999976e+00
1.791000e-05	1.903217e-02	-5.913679e+00
1.792000e-05	1.715328e-02	-5.727734e+00
1.793000e-05	1.607965e-02	-5.551016e+00
1.794000e-05	1.401281e-02	-5.427012e+00
1.795000e-05	1.266478e-02	-5.198416e+00
1.796000e-05	1.145925e-02	-5.021542e+00
1.797000e-05	9.667925e-03	-4.821891e+00
1.798000e-05	7.979522e-03	-4.592469e+00
1.799000e-05	7.056860e-03	-4.484683e+00
1.800000e-05	7.526660e-03	-4.306733e+00
1.801000e-05	5.792242e-03	-4.177940e+00
1.802000e-05	5.292160e-03	-4.031521e+00
1.803000e-05	3.972487e-03	-3.822101e+00
1.804000e-05	4.211824e-03	-3.610973e+00
1.805000e-05	3.292970e-03	-3.443603e+00
1.806000e-05	3.198496e-03	-3.294680e+00
1.807000e-05	2.531256e-03	-3.105811e+00
1.808000e-05	2.448677e-03	-2.894104e+00
1.809000e-05	1.193274e-03	-2.726730e+00
1.810000e-05	-1.442273e-03	-2.548807e+00
1.811000e-05	-4.620510e-04	-2.378345e+00
1.812000e-05	7.821866e-04	-2.177817e+00
1.813000e-05	1.268065e-03	-1.949840e+00
1.814000e-05	-3.396332e-04	-1.829896e+00
1.815000e-05	-6.557596e-04	-1.671569e+00
1.816000e-05	-8.496343e-04	-1.400019e+00
1.817000e-05	-1.245475e-03	-1.168941e+00
1.818000e-05	-1.412632e-03	-1.008868e+00
1.819000e-05	-2.667035e-03	-7.990473e-01
1.820000e-05	-1.803856e-03	-6.489896e-01
1.821000e-05	-2.276078e-03	-4.304711e-01
1.822000e-05	-1.637965e-03	-2.619986e-01
1.823000e-05	-9.712924e-04	-6.312650e-02
1.824000e-05	4.061277e-03	1.058156e-01
1.825000e-05	-1.020119e-03	3.384722e-01
1.826000e-05	1.533636e-03	4.948171e-01
1.827000e-05	-1.139819e-03	6.527880e-01
1.828000e-05	-2.564112e-03	8.105053e-01
1.829000e-05	-3.059068e-03	1.032679e+00
1.830000e-05	1.272834e-03	1.231633e+00
1.831000e-05	1.143655e-02	1.410555e+00
1.832000e-05	5.614456e-02	1.622741e+00
1.833000e-05	2.815371e-02	1.904296e+00
1.834000e-05	-5.844993e-02	2.064261e+00
1.835000e-05	-3.435605e-02	2.272188e+00
1.836000e-05	-5.775180e-02	2.430078e+00
1.837000e-05	-4.603664e-02	2.556870e+00
1.838000e-05	1.347729e-01	2.726925e+00
1.839000e-05	-2.919495e-02	2.895263e+00
1.840000e-05	-8.654344e-02	3.031663e+00
1.841000e-05	1.442231e-01	3.181054e+00
1.842000e-05	-9.711665e-02	3.452161e+00
1.843000e-05	-1.369113e-02	3.580026e+00
1.844000e-05	7.842286e-02	3.726895e+00
1.845000e-05	-1.029593e-01	3.949947e+00
1.846000e-05	2.914360e-02	4.124220e+00
1.847000e-05	5.432938e-02	4.336973e+00
1.848000e-05	-4.405491e-02	4.494760e+00
1.849000e-05	-3.673380e-03	4.642837e+00
1.850000e-05	-5.723616e-02	4.890633e+00
1.851000e-05	1.611067e-02	5.054865e+00
1.852000e-05	4.172364e-02	5.273363e+00
1.853000e-05	-1.049253e-02	5.441155e+00
1.854000e-05	-1.746775e-02	5.580574e+00
1.855000e-05	-2.775598e-02	5.787450e+00
1.856000e-05	2.004525e-02	5.917920e+00
1.857000e-05	-2.312317e-02	6.075763e+00
1.858000e-05	-1.119838e-02	6.201131e+00
1.859000e-05	2.112904e-02	6.358975e+00
1.860000e-05	-3.071485e-02	6.535945e+00
1.861000e-05	1.557408e-02	6.725387e+00
1.862000e-05	-2.709134e-02	6.872233e+00
1.863000e-05	-1.566859e-02	6.980554e+00
1.864000e-05	-9.125890e-05	7.125387e+00
1.865000e-05	-5.165441e-03	7.221655e+00
1.866000e-05	9.550912e-03	7.409627e+00
1.867000e-05	-2.527148e-02	7.580120e+00
1.868000e-05	-1.124587e-02	7.705814e+00
1.869000e-05	-1.322234e-02	7.893259e+00
1.870000e-05	1.048274e-03	7.981123e+00
1.871000e-05	-8.284941e-03	8.086942e+00
1.872000e-05	-1.632811e-02	8.282261e+00
1.873000e-05	3.153536e-05	8.348968e+00
1.874000e-05	-6.195617e-03	8.442178e+00
1.875000e-05	-1.838375e-02	8.555393e+00
1.876000e-05	-1.975326e-02	8.682207e+00
1.877000e-05	-5.933382e-03	8.746920e+00
1.878000e-05	2.583780e-03	8.819653e+00
1.879000e-05	-1.101025e-02	8.916392e+00
1.880000e-05	-1.738596e-02	9.061254e+00
1.881000e-05	-1.503007e-02	9.168018e+00
1.882000e-05	-1.064657e-02	9.221177e+00
1.883000e-05	-9.427561e-03	9.316383e+00
1.884000e-05	-1.208772e-02	9.407997e+00
1.885000e-05	-1.013283e-02	9.471677e+00
1.886000e-05	-1.219568e-02	9.526865e+00
1.887000e-05	-1.224186e-02	9.580545e+00
1.888000e-05	-1.572656e-02	9.663228e+00
1.889000e-05	-1.710079e-02	9.746383e+00
1.890000e-05	-1.197962e-02	9.831123e+00
1.891000e-05	-5.865191e-03	9.875803e+00
1.892000e-05	-9.187817e-03	9.968492e+00
1.893000e-05	-1.901336e-02	1.001007e+01
1.894000e-05	-2.033816e-02	1.000170e+01
1.895000e-05	-1.322784e-02	1.005528e+01
1.896000e-05	-1.062203e-02	1.008631e+01
1.897000e-05	-1.358920e-02	1.012689e+01
1.898000e-05	-1.818968e-02	1.018804e+01
1.899000e-05	-1.577352e-02	1.021147e+01
1.900000e-05	-1.688314e-02	1.021057e+01
1.901000e-05	-1.566293e-02	1.025370e+01
1.902000e-05	-1.920033e-02	1.026270e+01
1.903000e-05	-1.719259e-02	1.030478e+01
1.904000e-05	-1.435809e-02	1.027380e+01
1.905000e-05	-1.610630e-02	1.029378e+01
1.906000e-05	-2.126220e-02	1.028379e+01
1.907000e-05	-2.380017e-02	1.030481e+01
1.908000e-05	-1.848857e-02	1.030476e+01
1.909000e-05	-1.875354e-02	1.029576e+01
1.910000e-05	-1.926658e-02	1.027273e+01
1.911000e-05	-2.346358e-02	1.027370e+01
1.912000e-05	-2.372015e-02	1.025268e+01
1.913000e-05	-2.411170e-02	1.025267e+01
1.914000e-05	-2.558112e-02	1.016852e+01
1.915000e-05	-2.659027e-02	1.017946e+01
1.916000e-05	-2.542961e-02	1.011684e+01
1.917000e-05	-2.607296e-02	1.009368e+01
1.918000e-05	-2.831673e-02	1.008331e+01
1.919000e-05	-2.975853e-02	1.004160e+01
1.920000e-05	-3.240772e-02	1.001049e+01
1.921000e-05	-3.210579e-02	9.946931e+00
1.922000e-05	-3.041566e-02	9.815203e+00
1.923000e-05	-3.125207e-02	9.808897e+00
1.924000e-05	-3.563963e-02	9.695330e+00
1.925000e-05	-3.733536e-02	9.642103e+00
1.926000e-05	-3.730172e-02	9.559019e+00
1.927000e-05	-3.844155e-02	9.517235e+00
1.928000e-05	-3.843282e-02	9.460576e+00
1.929000e-05	-4.025507e-02	9.367389e+00
1.930000e-05	-3.987549e-02	9.284757e+00
1.931000e-05	-4.163385e-02	9.201551e+00
1.932000e-05	-4.409196e-02	9.157456e+00
1.933000e-05	-4.502889e-02	8.985098e+00
1.934000e-05	-4.511306e-02	8.926281e+00
1.935000e-05	-4.380104e-02	8.821047e+00
1.936000e-05	-4.543345e-02	8.715784e+00
1.937000e-05	-4.596412e-02	8.621599e+00
1.938000e-05	-4.767948e-02	8.536759e+00
1.939000e-05	-4.781558e-02	8.431049e+00
1.940000e-05	-4.819082e-02	8.337983e+00
1.941000e-05	-4.709159e-02	8.171019e+00
1.942000e-05	-4.677113e-02	8.104705e+00
1.943000e-05	-4.671551e-02	7.938361e+00
1.944000e-05	-4.692301e-02	7.840594e+00
1.945000e-05	-4.693979e-02	7.704331e+00
1.946000e-05	-4.558352e-02	7.579990e+00
1.947000e-05	-4.430222e-02	7.403096e+00
1.948000e-05	-4.137324e-02	7.272725e+00
1.949000e-05	-4.086611e-02	7.134780e+00
1.950000e-05	-3.926224e-02	6.960392e+00
1.951000e-05	-3.903838e-02	6.842655e+00
1.952000e-05	-3.610559e-02	6.768288e+00
1.953000e-05	-3.448698e-02	6.586912e+00
1.954000e-05	-3.105887e-02	6.377892e+00
1.955000e-05	-2.988418e-02	6.233099e+00
1.956000e-05	-2.727205e-02	6.084255e+00
1.957000e-05	-2.651637e-02	6.009521e+00
1.958000e-05	-2.535223e-02	5.820968e+00
1.959000e-05	-2.386723e-02	5.591520e+00
1.960000e-05	-2.146350e-02	5.462599e+00
1.961000e-05	-1.950474e-02	5.284200e+00
1.962000e-05	-1.887140e-02	5.054794e+00
1.963000e-05	-1.841994e-02	4.903172e+00
1.964000e-05	-1.693914e-02	4.695234e+00
1.965000e-05	-1.588066e-02	4.537337e+00
1.966000e-05	-1.531562e-02	4.380967e+00
1.967000e-05	-1.340164e-02	4.207970e+00
1.968000e-05	-1.319637e-02	4.009472e+00
1.969000e-05	-1.169606e-02	3.842126e+00
1.970000e-05	-1.203525e-02	3.713204e+00
1.971000e-05	-1.021242e-02	3.547381e+00
1.972000e-05	-1.094269e-02	3.305212e+00
1.973000e-05	-9.870011e-03	3.125810e+00
1.974000e-05	-9.938773e-03	2.946838e+00
1.975000e-05	-9.009355e-03	2.810945e+00
1.976000e-05	-9.594932e-03	2.638942e+00
1.977000e-05	-9.522894e-03	2.388892e+00
1.978000e-05	-9.095704e-03	2.200519e+00
1.979000e-05	-6.958335e-03	2.021526e+00
1.980000e-05	-6.992420e-03	1.861724e+00
1.981000e-05	-6.652879e-03	1.661624e+00
1.982000e-05	-7.459085e-03	1.442578e+00
1.983000e-05	-7.138163e-03	1.273229e+00
1.984000e-05	-6.024728e-03	1.023243e+00
1.985000e-05	-6.245171e-03	8.614961e-01
1.986000e-05	-5.886047e-03	6.430463e-01
1.987000e-05	-6.050466e-03	4.625778e-01
1.988000e-05	-6.022443e-03	2.761530e-01
1.989000e-05	-5.122261e-03	4.157620e-02
1.990000e-05	1.962052e-03	-1.158909e-01
1.991000e-05	1.479685e-04	-2.741907e-01
1.992000e-05	-2.732981e-03	-4.110568e-01
1.993000e-05	-7.535129e-04	-6.691767e-01
1.994000e-05	-3.642939e-03	-8.521327e-01
1.995000e-05	-2.174802e-03	-9.374502e-01
1.996000e-05	-1.515499e-04	-1.127921e+00
1.997000e-05	2.060925e-02	-1.325843e+00
1.998000e-05	8.258118e-02	-1.547468e+00
1.999000e-05	-2.774034e-02	-1.748477e+00
2.000000e-05	-4.232196e-02	-2.019558e+00
2.001000e-05	-4.596361e-02	-2.304816e+00
2.002000e-05	-8.408010e-02	-2.401604e+00
2.003000e-05	1.174987e-01	-2.544213e+00
2.004000e-05	5.252372e-02	-2.631634e+00
2.005000e-05	-1.439134e-01	-2.853310e+00
2.006000e-05	1.675106e-01	-3.090155e+00
2.007000e-05	-7.169035e-02	-3.209557e+00
2.008000e-05	-8.213972e-02	-3.429127e+00
2.009000e-05	1.600755e-01	-3.548870e+00
2.010000e-05	-1.090314e-01	-3.755426e+00
2.011000e-05	-2.311951e-02	-3.957425e+00
2.012000e-05	1.440224e-01	-4.104815e+00
2.013000e-05	-9.678229e-02	-4.325315e+00
2.014000e-05	6.195787e-02	-4.441107e+00
2.015000e-05	-9.774045e-02	-4.618003e+00
2.016000e-05	-2.255910e-02	-4.819157e+00
2.017000e-05	1.596994e-01	-4.959001e+00
2.018000e-05	-8.733541e-02	-5.147896e+00
2.019000e-05	3.446363e-02	-5.326891e+00
2.020000e-05	-2.798294e-02	-5.508492e+00
2.021000e-05	-2.810416e-03	-5.724891e+00
2.022000e-05	5.707728e-02	-5.833633e+00
2.023000e-05	-8.461924e-02	-5.950553e+00
2.024000e-05	9.514138e-02	-6.159866e+00
2.025000e-05	-4.524419e-02	-6.337841e+00
2.026000e-05	4.527900e-03	-6.515816e+00
2.027000e-05	4.845178e-02	-6.650532e+00
2.028000e-05	-6.513979e-02	-6.769998e+00
2.029000e-05	6.088648e-02	-6.925287e+00
2.030000e-05	-5.098953e-02	-7.075261e+00
2.031000e-05	6.257910e-02	-7.192631e+00
2.032000e-05	7.188989e-03	-7.358446e+00
2.033000e-05	-3.947646e-02	-7.525838e+00
2.034000e-05	3.206824e-02	-7.601977e+00
2.035000e-05	-2.581002e-02	-7.829679e+00
2.036000e-05	5.007836e-02	-7.987873e+00
2.037000e-05	-2.754835e-02	-8.064183e+00
2.038000e-05	2.785826e-02	-8.148548e+00
2.039000e-05	1.610702e-02	-8.284788e+00
2.040000e-05	-2.141851e-02	-8.390547e+00
2.041000e-05	1.297752e-02	-8.482235e+00
2.042000e-05	-9.151819e-03	-8.621202e+00
2.043000e-05	4.468161e-02	-8.729467e+00
2.044000e-05	-1.551398e-02	-8.842106e+00
2.045000e-05	8.360482e-03	-8.916891e+00
2.046000e-05	4.282890e-03	-9.032099e+00
2.047000e-05	8.200912e-03	-9.105891e+00
2.048000e-05	9.881498e-03	-9.148475e+00
2.049000e-05	-2.852335e-03	-9.252128e+00
2.050000e-05	2.043879e-02	-9.356393e+00
2.051000e-05	3.024168e-03	-9.473727e+00
2.052000e-05	1.264137e-02	-9.558394e+00
2.053000e-05	9.722021e-04	-9.629649e+00
2.054000e-05	4.287229e-03	-9.653758e+00
2.055000e-05	4.416042e-03	-9.755912e+00
2.056000e-05	1.598916e-02	-9.821020e+00
2.057000e-05	2.068004e-02	-9.822203e+00
2.058000e-05	1.856164e-03	-9.907311e+00
2.059000e-05	2.178509e-03	-9.939366e+00
2.060000e-05	5.723983e-03	-9.979969e+00
2.061000e-05	1.822805e-02	-9.999450e+00
2.062000e-05	1.042021e-02	-1.005361e+01
2.063000e-05	6.349984e-03	-1.006486e+01
2.064000e-05	7.962013e-03	-1.009631e+01
2.065000e-05	1.186370e-02	-1.014851e+01
2.066000e-05	1.178019e-02	-1.017150e+01
2.067000e-05	8.886136e-03	-1.020122e+01
2.068000e-05	9.090323e-03	-1.026420e+01
2.069000e-05	1.432506e-02	-1.025021e+01
2.070000e-05	1.545119e-02	-1.027525e+01
2.071000e-05	1.178223e-02	-1.030583e+01
2.072000e-05	8.107626e-03	-1.027628e+01
2.073000e-05	1.183720e-02	-1.034583e+01
2.074000e-05	1.572885e-02	-1.031426e+01
2.075000e-05	1.684705e-02	-1.025181e+01
2.076000e-05	1.633932e-02	-1.028665e+01
2.077000e-05	1.607411e-02	-1.028475e+01
2.078000e-05	1.645745e-02	-1.024214e+01
2.079000e-05	1.760529e-02	-1.019051e+01
2.080000e-05	1.905154e-02	-1.016896e+01
2.081000e-05	1.962150e-02	-1.009736e+01
2.082000e-05	2.084949e-02	-1.008378e+01
2.083000e-05	2.146721e-02	-1.002118e+01
2.084000e-05	2.371379e-02	-1.003102e+01
2.085000e-05	2.138884e-02	-9.999491e+00
2.086000e-05	2.257425e-02	-9.937835e+00
2.087000e-05	2.648082e-02	-9.884778e+00
2.088000e-05	2.890919e-02	-9.833598e+00
2.089000e-05	2.695491e-02	-9.799970e+00
2.090000e-05	2.711167e-02	-9.746839e+00
2.091000e-05	2.768756e-02	-9.704208e+00
2.092000e-05	3.128043e-02	-9.631028e+00
2.093000e-05	3.010259e-02	-9.568939e+00
2.094000e-05	3.258520e-02	-9.506253e+00
2.095000e-05	3.284599e-02	-9.389988e+00
2.096000e-05	3.583127e-02	-9.294281e+00
2.097000e-05	3.491702e-02	-9.220020e+00
2.098000e-05	3.519367e-02	-9.117311e+00
2.099000e-05	3.532136e-02	-9.011123e+00
2.100000e-05	3.866754e-02	-8.944835e+00
2.101000e-05	3.882875e-02	-8.851676e+00
2.102000e-05	3.933949e-02	-8.768371e+00
2.103000e-05	3.808440e-02	-8.683171e+00
2.104000e-05	4.032907e-02	-8.557258e+00
2.105000e-05	4.137794e-02	-8.401723e+00
2.106000e-05	4.146651e-02	-8.325731e+00
2.107000e-05	4.043915e-02	-8.200547e+00
2.108000e-05	4.100043e-02	-8.094705e+00
2.109000e-05	4.143250e-02	-7.999014e+00
2.110000e-05	4.021966e-02	-7.873067e+00
2.111000e-05	3.869202e-02	-7.713179e+00
2.112000e-05	3.797486e-02	-7.587461e+00
2.113000e-05	3.768949e-02	-7.369011e+00
2.114000e-05	3.657156e-02	-7.280627e+00
2.115000e-05	3.543136e-02	-7.128383e+00
2.116000e-05	3.224283e-02	-7.010565e+00
2.117000e-05	3.110181e-02	-6.814099e+00
2.118000e-05	2.930096e-02	-6.705706e+00
2.119000e-05	2.819493e-02	-6.559391e+00
2.120000e-05	2.486296e-02	-6.451599e+00
2.121000e-05	2.356501e-02	-6.313776e+00
2.122000e-05	2.189350e-02	-6.085155e+00
2.123000e-05	1.967497e-02	-5.986311e+00
2.124000e-05	1.800425e-02	-5.809994e+00
2.125000e-05	1.643172e-02	-5.652674e+00
2.126000e-05	1.503583e-02	-5.548150e+00
2.127000e-05	1.295172e-02	-5.273177e+00
2.128000e-05	1.211500e-02	-5.104629e+00
2.129000e-05	9.840110e-03	-4.937183e+00
2.130000e-05	8.638704e-03	-4.685632e+00
2.131000e-05	7.567368e-03	-4.566834e+00
2.132000e-05	7.497034e-03	-4.409971e+00
2.133000e-05	6.130300e-03	-4.243053e+00
2.134000e-05	6.862004e-03	-4.092177e+00
2.135000e-05	4.688470e-03	-3.916308e+00
2.136000e-05	3.396769e-03	-3.726184e+00
2.137000e-05	4.133807e-03	-3.526861e+00
2.138000e-05	3.988179e-03	-3.358390e+00
2.139000e-05	2.764978e-03	-3.199495e+00
2.140000e-05	2.198156e-03	-3.030437e+00
2.141000e-05	1.862684e-03	-2.838947e+00
2.142000e-05	1.322252e-03	-2.603451e+00
2.143000e-05	-2.486731e-04	-2.461601e+00
2.144000e-05	5.030182e-04	-2.263023e+00
2.145000e-05	5.461100e-04	-2.061575e+00
2.146000e-05	9.533780e-04	-1.904180e+00
2.147000e-05	-6.730037e-04	-1.715153e+00
2.148000e-05	-5.075926e-04	-1.576658e+00
2.149000e-05	-1.933105e-03	-1.284075e+00
2.150000e-05	-2.013698e-03	-1.053623e+00
2.151000e-05	-2.697709e-03	-8.647553e-01
2.152000e-05	-2.217159e-03	-6.973330e-01
2.153000e-05	-1.490808e-03	-4.750791e-01
2.154000e-05	-2.028915e-03	-3.142268e-01
2.155000e-05	-3.507515e-04	-1.562131e-01
2.156000e-05	3.177962e-03	3.155921e-02
2.157000e-05	2.810255e-03	2.327143e-01
2.158000e-05	-3.503623e-03	4.301328e-01
2.159000e-05	2.387650e-04	5.590763e-01
2.160000e-05	-2.818493e-03	7.378999e-01
2.161000e-05	-2.097626e-03	8.867722e-01
2.162000e-05	-2.088325e-03	1.145499e+00
2.163000e-05	5.983234e-03	1.315871e+00
2.164000e-05	3.344964e-02	1.515927e+00
2.165000e-05	6.365765e-02	1.797553e+00
2.166000e-05	-3.739525e-02	1.990105e+00
2.167000e-05	-4.313774e-02	2.168449e+00
2.168000e-05	-4.442038e-02	2.335972e+00
2.169000e-05	-6.970582e-02	2.453662e+00
2.170000e-05	5.057566e-02	2.652737e+00
2.171000e-05	1.083322e-01	2.801556e+00
2.172000e-05	-1.548134e-01	2.979047e+00
2.173000e-05	1.016401e-01	3.125388e+00
2.174000e-05	7.968329e-03	3.327474e+00
2.175000e-05	-9.201440e-02	3.527448e+00
2.176000e-05	8.374929e-02	3.662586e+00
2.177000e-05	-2.895156e-02	3.853317e+00
2.178000e-05	-7.270506e-02	4.041207e+00
2.179000e-05	9.821396e-02	4.221258e+00
2.180000e-05	-2.908704e-02	4.401656e+00
2.181000e-05	-1.424260e-02	4.549000e+00
2.182000e-05	-3.268643e-02	4.768550e+00
2.183000e-05	-3.414348e-02	5.029078e+00
2.184000e-05	6.020664e-02	5.148972e+00
2.185000e-05	-4.325097e-03	5.368048e+00
2.186000e-05	-5.591480e-03	5.517842e+00
2.187000e-05	-3.702228e-02	5.702238e+00
2.188000e-05	9.009026e-03	5.884311e+00
2.189000e-05	-3.581480e-04	6.041133e+00
2.190000e-05	-3.090974e-02	6.158499e+00
2.191000e-05	2.208708e-02	6.288339e+00
2.192000e-05	-1.664421e-02	6.432157e+00
2.193000e-05	-6.397859e-03	6.612604e+00
2.194000e-05	-2.563218e-03	6.790048e+00
2.195000e-05	-2.943873e-02	6.916895e+00
2.196000e-05	1.843473e-03	7.092712e+00
2.197000e-05	-4.722340e-03	7.179522e+00
2.198000e-05	3.851472e-03	7.325367e+00
2.199000e-05	-9.513124e-03	7.484870e+00
2.200000e-05	-2.410969e-02	7.672709e+00
2.201000e-05	-4.070639e-03	7.779574e+00
2.202000e-05	-1.039928e-02	7.930950e+00
2.203000e-05	4.133772e-04	8.075237e+00
2.204000e-05	-1.640990e-02	8.170551e+00
2.205000e-05	-5.133435e-03	8.304891e+00
2.206000e-05	1.738197e-03	8.411603e+00
2.207000e-05	-1.893366e-02	8.486414e+00
2.208000e-05	-1.868880e-02	8.589072e+00
2.209000e-05	-1.571450e-02	8.677264e+00
2.210000e-05	6.293940e-03	8.798500e+00
2.211000e-05	-8.164921e-03	8.852228e+00
2.212000e-05	-1.611748e-02	8.951071e+00
2.213000e-05	-1.691284e-02	9.136888e+00
2.214000e-05	-1.002839e-02	9.241024e+00
2.215000e-05	-6.529616e-03	9.263731e+00
2.216000e-05	-1.405503e-02	9.308365e+00
2.217000e-05	-1.036303e-02	9.440127e+00
2.218000e-05	-1.311514e-02	9.523286e+00
2.219000e-05	-9.912385e-03	9.548019e+00
2.220000e-05	-1.598010e-02	9.641174e+00
2.221000e-05	-1.626020e-02	9.704855e+00
2.222000e-05	-1.647687e-02	9.768564e+00
2.223000e-05	-6.990608e-03	9.843727e+00
2.224000e-05	-5.017931e-03	9.906439e+00
2.225000e-05	-1.631879e-02	9.999997e+00
2.226000e-05	-2.083115e-02	1.004008e+01
2.227000e-05	-1.711702e-02	1.005166e+01
2.228000e-05	-1.005166e-02	1.008381e+01
2.229000e-05	-1.333309e-02	1.013539e+01
2.230000e-05	-1.750105e-02	1.013944e+01
2.231000e-05	-1.644246e-02	1.020909e+01
2.232000e-05	-1.581150e-02	1.020107e+01
2.233000e-05	-1.620090e-02	1.027180e+01
2.234000e-05	-1.776196e-02	1.024325e+01
2.235000e-05	-1.639089e-02	1.025375e+01
2.236000e-05	-1.671250e-02	1.027431e+01
2.237000e-05	-1.360339e-02	1.029376e+01
2.238000e-05	-1.991768e-02	1.032478e+01
2.239000e-05	-2.359887e-02	1.033573e+01
2.240000e-05	-2.184426e-02	1.029518e+01
2.241000e-05	-1.808529e-02	1.028628e+01
2.242000e-05	-1.839772e-02	1.029621e+01
2.243000e-05	-2.205175e-02	1.028278e+01
2.244000e-05	-2.268339e-02	1.027270e+01
2.245000e-05	-2.503946e-02	1.023160e+01
2.246000e-05	-2.367009e-02	1.020052e+01
2.247000e-05	-2.644777e-02	1.018852e+01
2.248000e-05	-2.580508e-02	1.013696e+01
2.249000e-05	-2.738452e-02	1.010434e+01
2.250000e-05	-2.714320e-02	1.009373e+01
2.251000e-05	-2.860207e-02	1.003165e+01
2.252000e-05	-3.122053e-02	1.001055e+01
2.253000e-05	-3.252226e-02	9.990017e+00
2.254000e-05	-3.137393e-02	9.938736e+00
2.255000e-05	-3.043340e-02	9.852147e+00
2.256000e-05	-3.417162e-02	9.757364e+00
2.257000e-05	-3.659488e-02	9.681753e+00
2.258000e-05	-3.864540e-02	9.609596e+00
2.259000e-05	-3.849025e-02	9.506863e+00
2.260000e-05	-3.889153e-02	9.473707e+00
2.261000e-05	-3.887526e-02	9.409118e+00
2.262000e-05	-3.818968e-02	9.296384e+00
2.263000e-05	-3.981881e-02	9.261105e+00
2.264000e-05	-4.217161e-02	9.179491e+00
2.265000e-05	-4.440319e-02	9.065350e+00
2.266000e-05	-4.448426e-02	8.977933e+00
2.267000e-05	-4.454498e-02	8.852174e+00
2.268000e-05	-4.518353e-02	8.768465e+00
2.269000e-05	-4.652560e-02	8.673628e+00
2.270000e-05	-4.746915e-02	8.587362e+00
2.271000e-05	-4.745979e-02	8.462153e+00
2.272000e-05	-4.606965e-02	8.380464e+00
2.273000e-05	-4.639637e-02	8.294596e+00
2.274000e-05	-4.830631e-02	8.175308e+00
2.275000e-05	-4.731364e-02	8.030521e+00
2.276000e-05	-4.681783e-02	7.854702e+00
2.277000e-05	-4.662565e-02	7.747909e+00
2.278000e-05	-4.781351e-02	7.661102e+00
2.279000e-05	-4.442586e-02	7.464208e+00
2.280000e-05	-4.122274e-02	7.264258e+00
2.281000e-05	-3.977558e-02	7.186865e+00
2.282000e-05	-4.003489e-02	7.042045e+00
2.283000e-05	-4.017451e-02	6.913730e+00
2.284000e-05	-3.769938e-02	6.808490e+00
2.285000e-05	-3.454094e-02	6.643017e+00
2.286000e-05	-3.249332e-02	6.441648e+00
2.287000e-05	-3.147641e-02	6.315231e+00
2.288000e-05	-2.914974e-02	6.158389e+00
2.289000e-05	-2.694971e-02	6.042053e+00
2.290000e-05	-2.513037e-02	5.895703e+00
2.291000e-05	-2.471160e-02	5.695678e+00
2.292000e-05	-2.231963e-02	5.505286e+00
2.293000e-05	-1.961434e-02	5.379462e+00
2.294000e-05	-1.946768e-02	5.176944e+00
2.295000e-05	-1.884786e-02	5.006408e+00
2.296000e-05	-1.869359e-02	4.788912e+00
2.297000e-05	-1.663960e-02	4.600971e+00
2.298000e-05	-1.493711e-02	4.464080e+00
2.299000e-05	-1.257134e-02	4.314179e+00
2.300000e-05	-1.255187e-02	4.094153e+00
2.301000e-05	-1.255183e-02	3.915760e+00
2.302000e-05	-1.283561e-02	3.748411e+00
2.303000e-05	-1.240567e-02	3.580417e+00
2.304000e-05	-1.064235e-02	3.458967e+00
2.305000e-05	-9.638507e-03	3.190066e+00
2.306000e-05	-1.060990e-02	3.043150e+00
2.307000e-05	-1.028724e-02	2.861554e+00
2.308000e-05	-9.939391e-03	2.705305e+00
2.309000e-05	-7.734098e-03	2.461575e+00
2.310000e-05	-8.577954e-03	2.284130e+00
2.311000e-05	-8.650821e-03	2.083708e+00
2.312000e-05	-6.982584e-03	1.966858e+00
2.313000e-05	-7.377609e-03	1.696785e+00
2.314000e-05	-7.071006e-03	1.528334e+00
2.315000e-05	-7.383882e-03	1.335288e+00
2.316000e-05	-7.133538e-03	1.157782e+00
2.317000e-05	-6.230718e-03	8.851789e-01
2.318000e-05	-5.926163e-03	7.052094e-01
2.319000e-05	-5.856348e-03	5.557870e-01
2.320000e-05	-5.695675e-03	3.788648e-01
2.321000e-05	-5.508319e-03	1.572920e-01
2.322000e-05	-2.131650e-03	-4.163422e-02
2.323000e-05	2.346672e-03	-2.100302e-01
2.324000e-05	-2.774113e-03	-3.284261e-01
2.325000e-05	4.664549e-04	-5.073475e-01
2.326000e-05	-3.258124e-03	-7.269274e-01
2.327000e-05	-1.705078e-03	-8.737683e-01
2.328000e-05	-2.535170e-03	-1.032133e+00
2.329000e-05	8.354167e-03	-1.211583e+00
2.330000e-05	5.820927e-02	-1.403158e+00
2.331000e-05	4.439539e-02	-1.662109e+00
2.332000e-05	-7.087817e-02	-1.896344e+00
2.333000e-05	-1.855070e-02	-2.158346e+00
2.334000e-05	-9.298003e-02	-2.379500e+00
2.335000e-05	1.202496e-02	-2.491633e+00
2.336000e-05	1.520646e-01	-2.537842e+00
2.337000e-05	-1.307784e-01	-2.758500e+00
2.338000e-05	4.287453e-02	-2.968928e+00
2.339000e-05	8.882958e-02	-3.167370e+00
2.340000e-05	-1.764398e-01	-3.316346e+00
2.341000e-05	1.076416e-01	-3.484836e+00
2.342000e-05	4.097902e-02	-3.624064e+00
2.343000e-05	-1.467709e-01	-3.905338e+00
2.344000e-05	1.493585e-01	-4.011050e+00
2.345000e-05	-1.574739e-02	-4.229107e+00
2.346000e-05	-2.057679e-02	-4.380549e+00
2.347000e-05	1.459103e-02	-4.505191e+00
2.348000e-05	-1.360255e-01	-4.715896e+00
2.349000e-05	1.434823e-01	-4.934241e+00
2.350000e-05	1.281354e-02	-5.053238e+00
2.351000e-05	-5.580814e-02	-5.223184e+00
2.352000e-05	4.715289e-02	-5.452234e+00
2.353000e-05	-6.819510e-02	-5.652654e+00
2.354000e-05	8.582712e-02	-5.768479e+00
2.355000e-05	-6.460886e-02	-5.916345e+00
2.356000e-05	2.021878e-02	-6.063736e+00
2.357000e-05	5.720551e-02	-6.222733e+00
2.358000e-05	-7.394867e-02	-6.420653e+00
2.359000e-05	8.497559e-02	-6.548970e+00
2.360000e-05	-6.049112e-02	-6.715367e+00
2.361000e-05	2.380904e-02	-6.842156e+00
2.362000e-05	4.245392e-03	-6.970169e+00
2.363000e-05	-1.309944e-02	-7.180522e+00
2.364000e-05	7.659717e-02	-7.296765e+00
2.365000e-05	-6.581632e-02	-7.453204e+00
2.366000e-05	3.194374e-02	-7.599496e+00
2.367000e-05	-1.742832e-02	-7.729413e+00
2.368000e-05	2.554171e-02	-7.906341e+00
2.369000e-05	9.699143e-03	-8.042103e+00
2.370000e-05	-1.784019e-02	-8.136365e+00
2.371000e-05	4.971724e-02	-8.243179e+00
2.372000e-05	-2.560225e-02	-8.358870e+00
2.373000e-05	1.187102e-02	-8.460631e+00
2.374000e-05	-1.375152e-02	-8.566947e+00
2.375000e-05	3.002325e-02	-8.696343e+00
2.376000e-05	1.495375e-02	-8.782076e+00
2.377000e-05	-1.126234e-02	-8.904861e+00
2.378000e-05	1.519600e-02	-8.957945e+00
2.379000e-05	-2.462397e-03	-9.095307e+00
2.380000e-05	1.827544e-02	-9.158946e+00
2.381000e-05	-5.146353e-03	-9.241077e+00
2.382000e-05	1.551929e-02	-9.305284e+00
2.383000e-05	8.564435e-03	-9.421618e+00
2.384000e-05	7.135383e-03	-9.496368e+00
2.385000e-05	9.122872e-03	-9.599997e+00
2.386000e-05	8.448970e-04	-9.672207e+00
2.387000e-05	4.882080e-03	-9.684286e+00
2.388000e-05	8.661359e-03	-9.757916e+00
2.389000e-05	2.300218e-02	-9.830623e+00
2.390000e-05	8.145872e-03	-9.874331e+00
2.391000e-05	-8.479000e-04	-9.916890e+00
2.392000e-05	3.661774e-03	-9.958924e+00
2.393000e-05	1.451353e-02	-1.003003e+01
2.394000e-05	1.499667e-02	-1.003155e+01
2.395000e-05	6.003560e-03	-1.005063e+01
2.396000e-05	7.488171e-03	-1.008541e+01
2.397000e-05	1.101098e-02	-1.012796e+01
2.398000e-05	1.204590e-02	-1.018761e+01
2.399000e-05	1.022756e-02	-1.020259e+01
2.400000e-05	8.544578e-03	-1.024369e+01
2.401000e-05	1.177761e-02	-1.025576e+01
2.402000e-05	1.665682e-02	-1.027668e+01
2.403000e-05	1.314090e-02	-1.027536e+01
2.404000e-05	9.036420e-03	-1.033631e+01
2.405000e-05	9.250628e-03	-1.030771e+01
2.406000e-05	1.407586e-02	-1.028826e+01
2.407000e-05	1.711855e-02	-1.029378e+01
2.408000e-05	1.733849e-02	-1.031531e+01
2.409000e-05	1.578119e-02	-1.026268e+01
2.410000e-05	1.574745e-02	-1.024414e+01
2.411000e-05	1.637209e-02	-1.020022e+01
2.412000e-05	1.793395e-02	-1.016952e+01
2.413000e-05	2.007708e-02	-1.015836e+01
2.414000e-05	2.032567e-02	-1.009733e+01
2.415000e-05	2.170341e-02	-1.005370e+01
2.416000e-05	2.243863e-02	-1.000158e+01
2.417000e-05	2.125292e-02	-9.999046e+00
2.418000e-05	2.101363e-02	-9.969889e+00
2.419000e-05	2.534438e-02	-9.885285e+00
2.420000e-05	2.766411e-02	-9.853679e+00
2.421000e-05	2.782367e-02	-9.821022e+00
2.422000e-05	2.667148e-02	-9.767487e+00
2.423000e-05	2.793832e-02	-9.724758e+00
2.424000e-05	2.978172e-02	-9.642104e+00
2.425000e-05	2.923148e-02	-9.619995e+00
2.426000e-05	3.077783e-02	-9.547331e+00
2.427000e-05	3.411476e-02	-9.440716e+00
2.428000e-05	3.487322e-02	-9.328359e+00
2.429000e-05	3.420074e-02	-9.262652e+00
2.430000e-05	3.369279e-02	-9.169440e+00
2.431000e-05	3.583062e-02	-9.063680e+00
2.432000e-05	3.728448e-02	-8.949870e+00
2.433000e-05	3.821707e-02	-8.885228e+00
2.434000e-05	3.840115e-02	-8.819973e+00
2.435000e-05	3.951143e-02	-8.717781e+00
2.436000e-05	3.990644e-02	-8.617635e+00
2.437000e-05	4.036519e-02	-8.452703e+00
2.438000e-05	3.996531e-02	-8.368839e+00
2.439000e-05	4.163077e-02	-8.253624e+00
2.440000e-05	4.227451e-02	-8.167386e+00
2.441000e-05	4.121313e-02	-8.033075e+00
2.442000e-05	3.911511e-02	-7.937826e+00
2.443000e-05	3.966022e-02	-7.724888e+00
2.444000e-05	3.872445e-02	-7.601991e+00
2.445000e-05	3.742971e-02	-7.443674e+00
2.446000e-05	3.683370e-02	-7.317906e+00
2.447000e-05	3.591211e-02	-7.182044e+00
2.448000e-05	3.396813e-02	-7.094652e+00
2.449000e-05	3.115804e-02	-6.924731e+00
2.450000e-05	2.948452e-02	-6.768367e+00
2.451000e-05	2.742591e-02	-6.661071e+00
2.452000e-05	2.646039e-02	-6.493626e+00
2.453000e-05	2.390046e-02	-6.367435e+00
2.454000e-05	2.278510e-02	-6.228965e+00
2.455000e-05	2.040123e-02	-5.988991e+00
2.456000e-05	1.876337e-02	-5.874104e+00
2.457000e-05	1.754457e-02	-5.707206e+00
2.458000e-05	1.595642e-02	-5.539908e+00
2.459000e-05	1.479311e-02	-5.388386e+00
2.460000e-05	1.285775e-02	-5.189415e+00
2.461000e-05	1.096375e-02	-5.018494e+00
2.462000e-05	9.687073e-03	-4.800485e+00
2.463000e-05	8.135255e-03	-4.611041e+00
2.464000e-05	7.691201e-03	-4.463099e+00
2.465000e-05	7.730494e-03	-4.325733e+00
2.466000e-05	5.300279e-03	-4.177315e+00
2.467000e-05	5.475145e-03	-4.008920e+00
2.468000e-05	4.148559e-03	-3.860365e+00
2.469000e-05	4.677698e-03	-3.621470e+00
2.470000e-05	2.481164e-03	-3.401477e+00
2.471000e-05	3.354386e-03	-3.243100e+00
2.472000e-05	1.831830e-03	-3.043677e+00
2.473000e-05	2.060244e-03	-2.863079e+00
2.474000e-05	4.491975e-04	-2.714707e+00
2.475000e-05	-4.941482e-04	-2.505262e+00
2.476000e-05	5.149614e-04	-2.358917e+00
2.477000e-05	9.480111e-04	-2.147207e+00
2.478000e-05	1.039082e-03	-1.977363e+00
2.479000e-05	-8.406988e-04	-1.786941e+00
2.480000e-05	-7.307551e-04	-1.619973e+00
2.481000e-05	-2.411136e-03	-1.378367e+00
2.482000e-05	-5.672149e-04	-1.117836e+00
2.483000e-05	-1.745891e-03	-9.473657e-01
2.484000e-05	-1.754731e-03	-7.604673e-01
2.485000e-05	-3.173452e-03	-5.803447e-01
2.486000e-05	-1.471988e-03	-3.994186e-01
2.487000e-05	-2.796039e-03	-2.525788e-01
2.488000e-05	1.232991e-03	5.564407e-04
2.489000e-05	3.802653e-03	1.679049e-01
2.490000e-05	-5.676541e-04	3.689973e-01
2.491000e-05	7.428286e-04	5.153697e-01
2.492000e-05	-1.825797e-03	6.954884e-01
2.493000e-05	-1.785459e-03	8.396090e-01
2.494000e-05	-2.922516e-03	1.024289e+00
2.495000e-05	1.907477e-03	1.221758e+00
2.496000e-05	1.398027e-02	1.420662e+00
2.497000e-05	6.288390e-02	1.685416e+00
2.498000e-05	1.297023e-02	1.915422e+00
2.499000e-05	-5.781508e-02	2.104817e+00
2.500000e-05	-3.493889e-02	2.303213e+00
2.501000e-05	-6.160938e-02	2.420155e+00
2.502000e-05	-3.010151e-02	2.554975e+00
2.503000e-05	1.472111e-01	2.767451e+00
2.504000e-05	-7.559346e-02	2.916339e+00
2.505000e-05	-4.452468e-02	3.092208e+00
2.506000e-05	1.202526e-01	3.241610e+00
2.507000e-05	-1.109703e-01	3.475818e+00
2.508000e-05	1.771247e-02	3.609554e+00
2.509000e-05	6.324310e-02	3.737601e+00
2.510000e-05	-1.124051e-01	3.959228e+00
2.511000e-05	5.523476e-02	4.135824e+00
2.512000e-05	3.290746e-02	4.328499e+00
2.513000e-05	-3.940678e-02	4.494892e+00
2.514000e-05	-7.585184e-03	4.675315e+00
2.515000e-05	-5.614369e-02	4.903662e+00
2.516000e-05	3.184847e-02	5.133313e+00
2.517000e-05	2.803479e-02	5.326913e+00
2.518000e-05	-1.068357e-02	5.462183e+00
2.519000e-05	-2.192207e-02	5.591532e+00
2.520000e-05	-1.858510e-02	5.769652e+00
2.521000e-05	1.777657e-02	5.947524e+00
2.522000e-05	-2.922654e-02	6.087342e+00
2.523000e-05	-1.124674e-03	6.281682e+00
2.524000e-05	1.471729e-02	6.381052e+00
2.525000e-05	-2.997527e-02	6.556989e+00
2.526000e-05	1.324130e-02	6.705845e+00
2.527000e-05	-3.202321e-02	6.895786e+00
2.528000e-05	-7.503499e-03	6.990050e+00
2.529000e-05	9.204380e-04	7.166970e+00
2.530000e-05	-2.950235e-03	7.243205e+00
2.531000e-05	4.214499e-03	7.391677e+00
2.532000e-05	-2.842601e-02	7.651129e+00
2.533000e-05	-5.759890e-03	7.676915e+00
2.534000e-05	-1.360735e-02	7.853236e+00
2.535000e-05	1.203063e-03	8.030154e+00
2.536000e-05	-1.151457e-02	8.156946e+00
2.537000e-05	-1.241936e-02	8.263782e+00
2.538000e-05	1.553469e-03	8.369522e+00
2.539000e-05	-1.018060e-02	8.471758e+00
2.540000e-05	-1.825446e-02	8.547943e+00
2.541000e-05	-2.027823e-02	8.692228e+00
2.542000e-05	-9.119322e-04	8.759392e+00
2.543000e-05	-2.240347e-04	8.812577e+00
2.544000e-05	-1.271858e-02	8.906886e+00
2.545000e-05	-1.868467e-02	9.021257e+00
2.546000e-05	-1.231443e-02	9.178496e+00
2.547000e-05	-8.168840e-03	9.241707e+00
2.548000e-05	-9.939358e-03	9.336310e+00
2.549000e-05	-1.249872e-02	9.409149e+00
2.550000e-05	-1.173961e-02	9.462806e+00
2.551000e-05	-1.178628e-02	9.569966e+00
2.552000e-05	-1.402785e-02	9.600178e+00
2.553000e-05	-1.572752e-02	9.664332e+00
2.554000e-05	-1.705557e-02	9.747415e+00
2.555000e-05	-9.808630e-03	9.822652e+00
2.556000e-05	-5.482950e-03	9.875311e+00
2.557000e-05	-1.150228e-02	9.957970e+00
2.558000e-05	-2.081729e-02	1.000857e+01
2.559000e-05	-1.928281e-02	1.004270e+01
2.560000e-05	-1.111932e-02	1.008383e+01
2.561000e-05	-1.176376e-02	1.011431e+01
2.562000e-05	-1.542065e-02	1.013684e+01
2.563000e-05	-1.802384e-02	1.019752e+01
2.564000e-05	-1.469575e-02	1.021005e+01
2.565000e-05	-1.641404e-02	1.021005e+01
2.566000e-05	-1.702890e-02	1.026273e+01
2.567000e-05	-1.951544e-02	1.023323e+01
2.568000e-05	-1.644285e-02	1.030425e+01
2.569000e-05	-1.430399e-02	1.028425e+01
2.570000e-05	-1.733473e-02	1.030479e+01
2.571000e-05	-2.218843e-02	1.029488e+01
2.572000e-05	-2.318657e-02	1.029428e+01
2.573000e-05	-1.900657e-02	1.029578e+01
2.574000e-05	-1.868864e-02	1.029533e+01
2.575000e-05	-2.012115e-02	1.028475e+01
2.576000e-05	-2.278085e-02	1.026418e+01
2.577000e-05	-2.389510e-02	1.025265e+01
2.578000e-05	-2.341372e-02	1.024304e+01
2.579000e-05	-2.496207e-02	1.014107e+01
2.580000e-05	-2.579508e-02	1.015791e+01
2.581000e-05	-2.717301e-02	1.013833e+01
2.582000e-05	-2.635295e-02	1.010528e+01
2.583000e-05	-2.854442e-02	1.004273e+01
2.584000e-05	-3.118428e-02	1.005057e+01
2.585000e-05	-3.283332e-02	9.970519e+00
2.586000e-05	-3.133061e-02	9.896881e+00
2.587000e-05	-3.098986e-02	9.834769e+00
2.588000e-05	-3.294278e-02	9.838591e+00
2.589000e-05	-3.525650e-02	9.744831e+00
2.590000e-05	-3.634750e-02	9.652223e+00
2.591000e-05	-3.608644e-02	9.557939e+00
2.592000e-05	-4.105801e-02	9.504831e+00
2.593000e-05	-3.965329e-02	9.462097e+00
2.594000e-05	-3.886736e-02	9.377463e+00
2.595000e-05	-3.980835e-02	9.292656e+00
2.596000e-05	-4.102650e-02	9.211020e+00
2.597000e-05	-4.450561e-02	9.127807e+00
2.598000e-05	-4.422119e-02	9.042020e+00
2.599000e-05	-4.442883e-02	8.893732e+00
2.600000e-05	-4.493777e-02	8.769595e+00
2.601000e-05	-4.643752e-02	8.695832e+00
2.602000e-05	-4.720040e-02	8.600092e+00
2.603000e-05	-4.799475e-02	8.524782e+00
2.604000e-05	-4.694217e-02	8.450099e+00
2.605000e-05	-4.909070e-02	8.334809e+00
2.606000e-05	-4.646208e-02	8.199468e+00
2.607000e-05	-4.825733e-02	8.063730e+00
2.608000e-05	-4.571458e-02	7.998435e+00
2.609000e-05	-4.761134e-02	7.808546e+00
2.610000e-05	-4.481112e-02	7.693753e+00
2.611000e-05	-4.521433e-02	7.557462e+00
2.612000e-05	-4.420524e-02	7.428987e+00
2.613000e-05	-4.314020e-02	7.201044e+00
2.614000e-05	-4.062677e-02	7.117229e+00
2.615000e-05	-3.906801e-02	6.977915e+00
2.616000e-05	-3.749208e-02	6.842096e+00
2.617000e-05	-3.609674e-02	6.704726e+00
2.618000e-05	-3.354206e-02	6.545258e+00
2.619000e-05	-3.050240e-02	6.368886e+00
2.620000e-05	-2.889880e-02	6.201070e+00
2.621000e-05	-2.840606e-02	6.103184e+00
2.622000e-05	-2.664183e-02	5.939937e+00
2.623000e-05	-2.537736e-02	5.808886e+00
2.624000e-05	-2.266243e-02	5.609520e+00
2.625000e-05	-2.195794e-02	5.422050e+00
2.626000e-05	-1.921046e-02	5.264322e+00
2.627000e-05	-1.896610e-02	5.035647e+00
2.628000e-05	-1.791094e-02	4.871574e+00
2.629000e-05	-1.706187e-02	4.705152e+00
2.630000e-05	-1.517045e-02	4.506860e+00
2.631000e-05	-1.382806e-02	4.379994e+00
2.632000e-05	-1.288687e-02	4.167911e+00
2.633000e-05	-1.322353e-02	3.968920e+00
2.634000e-05	-1.231086e-02	3.820999e+00
2.635000e-05	-1.161296e-02	3.602603e+00
2.636000e-05	-1.105840e-02	3.465807e+00
2.637000e-05	-1.108380e-02	3.283229e+00
2.638000e-05	-9.826728e-03	3.114782e+00
2.639000e-05	-9.697430e-03	2.947887e+00
2.640000e-05	-9.138227e-03	2.748993e+00
2.641000e-05	-8.711189e-03	2.541337e+00
2.642000e-05	-9.244368e-03	2.357914e+00
2.643000e-05	-8.427297e-03	2.168889e+00
2.644000e-05	-8.714585e-03	2.030995e+00
2.645000e-05	-6.308433e-03	1.852521e+00
2.646000e-05	-7.455682e-03	1.690969e+00
2.647000e-05	-6.896361e-03	1.430049e+00
2.648000e-05	-7.332963e-03	1.242573e+00
2.649000e-05	-6.068808e-03	1.021969e+00
2.650000e-05	-6.217832e-03	7.814911e-01
2.651000e-05	-5.284077e-03	6.409199e-01
2.652000e-05	-4.935804e-03	4.025273e-01
2.653000e-05	-5.541568e-03	2.817237e-01
2.654000e-05	-4.717948e-03	4.112619e-02
2.655000e-05	2.411277e-03	-1.054462e-01
2.656000e-05	-7.772413e-04	-2.862921e-01
2.657000e-05	-1.783490e-03	-4.311603e-01
2.658000e-05	-1.489402e-03	-6.352419e-01
2.659000e-05	-2.214711e-03	-8.210617e-01
2.660000e-05	-1.391153e-03	-9.889551e-01
2.661000e-05	1.303547e-03	-1.168924e+00
2.662000e-05	2.686056e-02	-1.328446e+00
2.663000e-05	8.280385e-02	-1.567501e+00
2.664000e-05	-4.591101e-02	-1.830108e+00
2.665000e-05	-3.189877e-02	-2.042166e+00
2.666000e-05	-6.053594e-02	-2.294890e+00
2.667000e-05	-7.089780e-02	-2.451607e+00
2.668000e-05	1.430605e-01	-2.473691e+00
2.669000e-05	3.137477e-03	-2.644163e+00
2.670000e-05	-1.109376e-01	-2.855662e+00
2.671000e-05	1.785318e-01	-3.103658e+00
2.672000e-05	-1.182996e-01	-3.232158e+00
2.673000e-05	-4.432745e-02	-3.420610e+00
2.674000e-05	1.479032e-01	-3.577453e+00
2.675000e-05	-1.369559e-01	-3.758403e+00
2.676000e-05	2.852908e-02	-3.958999e+00
2.677000e-05	1.135627e-01	-4.085317e+00
2.678000e-05	-9.692022e-02	-4.335894e+00
2.679000e-05	6.929418e-02	-4.452137e+00
2.680000e-05	-1.227061e-01	-4.631712e+00
2.681000e-05	2.626317e-02	-4.863134e+00
2.682000e-05	1.344605e-01	-4.968080e+00
2.683000e-05	-9.997576e-02	-5.187054e+00
2.684000e-05	5.220462e-02	-5.336000e+00
2.685000e-05	-4.764969e-02	-5.578499e+00
2.686000e-05	2.600600e-02	-5.717321e+00
2.687000e-05	2.816644e-02	-5.894157e+00
2.688000e-05	-7.078718e-02	-6.020102e+00
2.689000e-05	1.043278e-01	-6.149500e+00
2.690000e-05	-6.417369e-02	-6.378898e+00
2.691000e-05	3.159915e-02	-6.535813e+00
2.692000e-05	1.815666e-02	-6.650709e+00
2.693000e-05	-5.180245e-02	-6.799004e+00
2.694000e-05	5.910144e-02	-6.928391e+00
2.695000e-05	-5.144734e-02	-7.125339e+00
2.696000e-05	7.837835e-02	-7.262706e+00
2.697000e-05	-2.079463e-02	-7.359474e+00
2.698000e-05	-2.034786e-02	-7.557841e+00
2.699000e-05	2.358390e-02	-7.602232e+00
2.700000e-05	-1.650635e-02	-7.900228e+00
2.701000e-05	4.493746e-02	-7.958971e+00
2.702000e-05	-3.354361e-02	-8.076262e+00
2.703000e-05	4.107529e-02	-8.220600e+00
2.704000e-05	4.467841e-03	-8.305788e+00
2.705000e-05	-1.363532e-02	-8.399578e+00
2.706000e-05	4.496810e-03	-8.474281e+00
2.707000e-05	-2.131672e-03	-8.651753e+00
2.708000e-05	4.432232e-02	-8.768471e+00
2.709000e-05	-1.721965e-02	-8.903708e+00
2.710000e-05	1.137184e-02	-8.957943e+00
2.711000e-05	-1.184201e-03	-9.022658e+00
2.712000e-05	1.197264e-02	-9.117387e+00
2.713000e-05	7.571391e-03	-9.210525e+00
2.714000e-05	1.464523e-03	-9.273256e+00
2.715000e-05	1.803800e-02	-9.348919e+00
2.716000e-05	1.183514e-03	-9.474710e+00
2.717000e-05	1.465869e-02	-9.569450e+00
2.718000e-05	1.069093e-03	-9.631103e+00
2.719000e-05	4.998303e-03	-9.673758e+00
2.720000e-05	3.760146e-03	-9.766339e+00
2.721000e-05	1.857709e-02	-9.790048e+00
2.722000e-05	1.891015e-02	-9.892754e+00
2.723000e-05	7.689611e-04	-9.925833e+00
2.724000e-05	-1.855826e-04	-9.958466e+00
2.725000e-05	7.305246e-03	-9.988975e+00
2.726000e-05	1.958923e-02	-1.003150e+01
2.727000e-05	1.094041e-02	-1.004170e+01
2.728000e-05	6.623450e-03	-1.009518e+01
2.729000e-05	7.519862e-03	-1.014531e+01
2.730000e-05	1.181982e-02	-1.018757e+01
2.731000e-05	1.188459e-02	-1.014855e+01
2.732000e-05	9.086057e-03	-1.018362e+01
2.733000e-05	8.448301e-03	-1.022322e+01
2.734000e-05	1.512506e-02	-1.026575e+01
2.735000e-05	1.598120e-02	-1.030529e+01
2.736000e-05	1.147106e-02	-1.029778e+01
2.737000e-05	7.879596e-03	-1.035721e+01
2.738000e-05	1.094105e-02	-1.030633e+01
2.739000e-05	1.666158e-02	-1.029424e+01
2.740000e-05	1.802129e-02	-1.034425e+01
2.741000e-05	1.767360e-02	-1.031421e+01
2.742000e-05	1.445188e-02	-1.026408e+01
2.743000e-05	1.484871e-02	-1.022314e+01
2.744000e-05	1.747186e-02	-1.018256e+01
2.745000e-05	1.934006e-02	-1.016888e+01
2.746000e-05	2.017577e-02	-1.014534e+01
2.747000e-05	2.142248e-02	-1.007383e+01
2.748000e-05	2.190595e-02	-1.004223e+01
2.749000e-05	2.285041e-02	-1.001052e+01
2.750000e-05	2.148433e-02	-9.978417e+00
2.751000e-05	2.287134e-02	-9.917360e+00
2.752000e-05	2.668191e-02	-9.863679e+00
2.753000e-05	2.856625e-02	-9.842072e+00
2.754000e-05	2.664883e-02	-9.808916e+00
2.755000e-05	2.683579e-02	-9.735231e+00
2.756000e-05	2.853859e-02	-9.653628e+00
2.757000e-05	2.977971e-02	-9.600073e+00
2.758000e-05	2.980071e-02	-9.568940e+00
2.759000e-05	3.266506e-02	-9.524750e+00
2.760000e-05	3.435726e-02	-9.399933e+00
2.761000e-05	3.451452e-02	-9.272231e+00
2.762000e-05	3.427044e-02	-9.190466e+00
2.763000e-05	3.422005e-02	-9.115883e+00
2.764000e-05	3.594120e-02	-8.991050e+00
2.765000e-05	3.875633e-02	-8.905781e+00
2.766000e-05	3.954118e-02	-8.841649e+00
2.767000e-05	3.839013e-02	-8.768345e+00
2.768000e-05	3.915760e-02	-8.664149e+00
2.769000e-05	4.000189e-02	-8.474827e+00
2.770000e-05	4.129697e-02	-8.369044e+00
2.771000e-05	4.162292e-02	-8.293708e+00
2.772000e-05	4.101026e-02	-8.198993e+00
2.773000e-05	4.161856e-02	-8.080655e+00
2.774000e-05	4.040204e-02	-7.979965e+00
2.775000e-05	3.917805e-02	-7.864593e+00
2.776000e-05	3.784164e-02	-7.703156e+00
2.777000e-05	3.775291e-02	-7.557384e+00
2.778000e-05	3.826045e-02	-7.390891e+00
2.779000e-05	3.717532e-02	-7.283154e+00
2.780000e-05	3.466697e-02	-7.137885e+00
2.781000e-05	3.157383e-02	-6.979911e+00
2.782000e-05	2.976490e-02	-6.830994e+00
2.783000e-05	2.946775e-02	-6.724178e+00
2.784000e-05	2.757852e-02	-6.548333e+00
2.785000e-05	2.566635e-02	-6.411545e+00
2.786000e-05	2.290874e-02	-6.295146e+00
2.787000e-05	2.182347e-02	-6.053206e+00
2.788000e-05	1.892990e-02	-5.927240e+00
2.789000e-05	1.816379e-02	-5.810464e+00
2.790000e-05	1.629154e-02	-5.621575e+00
2.791000e-05	1.512032e-02	-5.443172e+00
2.792000e-05	1.277374e-02	-5.241099e+00
2.793000e-05	1.176048e-02	-5.053628e+00
2.794000e-05	9.914487e-03	-4.882696e+00
2.795000e-05	8.980253e-03	-4.662604e+00
2.796000e-05	6.639160e-03	-4.547837e+00
2.797000e-05	9.443060e-03	-4.398363e+00
2.798000e-05	6.414665e-03	-4.250973e+00
2.799000e-05	7.207307e-03	-4.062552e+00
2.800000e-05	3.932526e-03	-3.874776e+00
2.801000e-05	4.253014e-03	-3.642703e+00
2.802000e-05	2.681310e-03	-3.535284e+00
2.803000e-05	3.820453e-03	-3.347863e+00
2.804000e-05	2.800813e-03	-3.158515e+00
2.805000e-05	2.462407e-03	-2.977962e+00
2.806000e-05	1.042337e-03	-2.749918e+00
2.807000e-05	9.576606e-05	-2.620891e+00
2.808000e-05	-1.194945e-03	-2.430024e+00
2.809000e-05	1.307238e-03	-2.261671e+00
2.810000e-05	3.681350e-04	-2.022498e+00
2.811000e-05	5.267855e-04	-1.852676e+00
2.812000e-05	-9.999341e-04	-1.703080e+00
2.813000e-05	-6.784320e-04	-1.502155e+00
2.814000e-05	-1.673302e-03	-1.200997e+00
2.815000e-05	-2.098027e-03	-1.042001e+00
2.816000e-05	-2.392971e-03	-8.735738e-01
2.817000e-05	-2.139978e-03	-7.032567e-01
2.818000e-05	-1.867270e-03	-4.420527e-01
2.819000e-05	-1.837313e-03	-2.436818e-01
2.820000e-05	-2.162603e-04	-1.262615e-01
2.821000e-05	1.953827e-03	6.573679e-02
2.822000e-05	2.029926e-03	3.032110e-01
2.823000e-05	-1.810039e-03	4.521591e-01
2.824000e-05	1.062363e-03	6.036092e-01
2.825000e-05	-3.167289e-03	7.571001e-01
2.826000e-05	-2.585752e-03	9.058473e-01
2.827000e-05	-5.333123e-04	1.179600e+00
2.828000e-05	6.787144e-03	1.366974e+00
2.829000e-05	3.893570e-02	1.556024e+00
2.830000e-05	5.607061e-02	1.821634e+00
2.831000e-05	-4.665183e-02	2.010608e+00
2.832000e-05	-3.915663e-02	2.227580e+00
2.833000e-05	-4.924676e-02	2.367971e+00
2.834000e-05	-6.603580e-02	2.473737e+00
2.835000e-05	8.112825e-02	2.654212e+00
2.836000e-05	7.573219e-02	2.850658e+00
2.837000e-05	-1.509432e-01	3.010152e+00
2.838000e-05	1.293707e-01	3.126927e+00
2.839000e-05	-3.220651e-02	3.378549e+00
2.840000e-05	-7.230129e-02	3.569446e+00
2.841000e-05	9.151731e-02	3.705763e+00
2.842000e-05	-5.580781e-02	3.893865e+00
2.843000e-05	-4.404952e-02	4.001578e+00
2.844000e-05	9.129376e-02	4.262288e+00
2.845000e-05	-3.935154e-02	4.484109e+00
2.846000e-05	-7.367064e-03	4.548080e+00
2.847000e-05	-4.140246e-02	4.778052e+00
2.848000e-05	-2.105219e-02	5.039101e+00
2.849000e-05	5.813411e-02	5.240157e+00
2.850000e-05	-8.040477e-03	5.368024e+00
2.851000e-05	-5.190213e-03	5.546421e+00
2.852000e-05	-3.769174e-02	5.693863e+00
2.853000e-05	1.372673e-02	5.935315e+00
2.854000e-05	-7.504048e-03	6.043178e+00
2.855000e-05	-2.645044e-02	6.188102e+00
2.856000e-05	2.600115e-02	6.337393e+00
2.857000e-05	-2.422756e-02	6.453213e+00
2.858000e-05	2.163868e-03	6.642262e+00
2.859000e-05	-9.942764e-03	6.812157e+00
2.860000e-05	-2.531804e-02	6.947921e+00
2.861000e-05	2.224786e-03	7.043259e+00
2.862000e-05	-6.478831e-03	7.200575e+00
2.863000e-05	7.110762e-03	7.334418e+00
2.864000e-05	-1.418749e-02	7.537941e+00
2.865000e-05	-1.934089e-02	7.664308e+00
2.866000e-05	-7.076476e-03	7.779152e+00
2.867000e-05	-8.527724e-03	7.989121e+00
2.868000e-05	-1.524313e-03	8.116310e+00
2.869000e-05	-1.545057e-02	8.232101e+00
2.870000e-05	-2.020557e-03	8.346893e+00
2.871000e-05	-3.472121e-04	8.441603e+00
2.872000e-05	-1.959136e-02	8.506889e+00
2.873000e-05	-1.931470e-02	8.630598e+00
2.874000e-05	-1.381196e-02	8.703789e+00
2.875000e-05	4.975230e-03	8.779024e+00
2.876000e-05	-9.022155e-03	8.893782e+00
2.877000e-05	-1.598772e-02	8.969569e+00
2.878000e-05	-1.605249e-02	9.136436e+00
2.879000e-05	-1.138145e-02	9.232098e+00
2.880000e-05	-6.525317e-03	9.285256e+00
2.881000e-05	-1.279853e-02	9.368869e+00
2.882000e-05	-1.031087e-02	9.402677e+00
2.883000e-05	-1.290541e-02	9.465314e+00
2.884000e-05	-9.724694e-03	9.569470e+00
2.885000e-05	-1.495313e-02	9.641581e+00
2.886000e-05	-1.847085e-02	9.704311e+00
2.887000e-05	-1.535156e-02	9.757493e+00
2.888000e-05	-7.062525e-03	9.804227e+00
2.889000e-05	-5.855083e-03	9.936893e+00
2.890000e-05	-1.743190e-02	9.958970e+00
2.891000e-05	-2.142693e-02	1.001117e+01
2.892000e-05	-1.540057e-02	1.005315e+01
2.893000e-05	-9.844058e-03	1.009631e+01
2.894000e-05	-1.336488e-02	1.011641e+01
2.895000e-05	-1.870529e-02	1.014799e+01
2.896000e-05	-1.639334e-02	1.014955e+01
2.897000e-05	-1.628586e-02	1.023160e+01
2.898000e-05	-1.520805e-02	1.022265e+01
2.899000e-05	-1.918234e-02	1.028318e+01
2.900000e-05	-1.762751e-02	1.026468e+01
2.901000e-05	-1.526666e-02	1.027430e+01
2.902000e-05	-1.337060e-02	1.030588e+01
2.903000e-05	-2.025184e-02	1.029630e+01
2.904000e-05	-2.390302e-02	1.034431e+01
2.905000e-05	-2.114321e-02	1.029176e+01
2.906000e-05	-1.827789e-02	1.029783e+01
2.907000e-05	-1.859652e-02	1.027328e+01
2.908000e-05	-2.274706e-02	1.024223e+01
2.909000e-05	-2.295851e-02	1.028317e+01
2.910000e-05	-2.529798e-02	1.022113e+01
2.911000e-05	-2.410567e-02	1.021000e+01
2.912000e-05	-2.660987e-02	1.014852e+01
2.913000e-05	-2.562231e-02	1.014743e+01
2.914000e-05	-2.595963e-02	1.009531e+01
2.915000e-05	-2.630047e-02	1.006331e+01
2.916000e-05	-2.987925e-02	1.005215e+01
2.917000e-05	-3.215649e-02	1.004107e+01
2.918000e-05	-3.175775e-02	9.928489e+00
2.919000e-05	-3.154644e-02	9.865226e+00
2.920000e-05	-3.124266e-02	9.820038e+00
2.921000e-05	-3.460935e-02	9.747985e+00
2.922000e-05	-3.583128e-02	9.662255e+00
2.923000e-05	-3.730792e-02	9.590643e+00
2.924000e-05	-3.784774e-02	9.508356e+00
2.925000e-05	-3.852484e-02	9.473152e+00
2.926000e-05	-3.940641e-02	9.430044e+00
2.927000e-05	-3.859138e-02	9.275882e+00
2.928000e-05	-4.167755e-02	9.232625e+00
2.929000e-05	-4.293754e-02	9.199463e+00
2.930000e-05	-4.532677e-02	9.054225e+00
2.931000e-05	-4.366570e-02	8.945931e+00
2.932000e-05	-4.343480e-02	8.822202e+00
2.933000e-05	-4.510457e-02	8.758386e+00
2.934000e-05	-4.635329e-02	8.662103e+00
2.935000e-05	-4.774090e-02	8.567388e+00
2.936000e-05	-4.733634e-02	8.431107e+00
2.937000e-05	-4.793794e-02	8.347938e+00
2.938000e-05	-4.775690e-02	8.262173e+00
2.939000e-05	-4.749829e-02	8.124729e+00
2.940000e-05	-4.675504e-02	8.022091e+00
2.941000e-05	-4.712195e-02	7.872628e+00
2.942000e-05	-4.643462e-02	7.759288e+00
2.943000e-05	-4.640378e-02	7.611449e+00
2.944000e-05	-4.423509e-02	7.485645e+00
2.945000e-05	-4.305519e-02	7.293781e+00
2.946000e-05	-4.065288e-02	7.146964e+00
2.947000e-05	-4.032550e-02	7.011499e+00
2.948000e-05	-3.908841e-02	6.883230e+00
2.949000e-05	-3.726190e-02	6.737387e+00
2.950000e-05	-3.434599e-02	6.603089e+00
2.951000e-05	-3.269363e-02	6.431573e+00
2.952000e-05	-3.094802e-02	6.253157e+00
2.953000e-05	-2.854884e-02	6.137859e+00
2.954000e-05	-2.722718e-02	6.000547e+00
2.955000e-05	-2.530957e-02	5.885149e+00
2.956000e-05	-2.542115e-02	5.691654e+00
2.957000e-05	-2.157441e-02	5.484779e+00
2.958000e-05	-2.113600e-02	5.337837e+00
2.959000e-05	-1.886766e-02	5.159935e+00
2.960000e-05	-1.875544e-02	4.894756e+00
2.961000e-05	-1.712442e-02	4.766789e+00
2.962000e-05	-1.621165e-02	4.548992e+00
2.963000e-05	-1.483892e-02	4.422576e+00
2.964000e-05	-1.404292e-02	4.264597e+00
2.965000e-05	-1.204364e-02	4.041649e+00
2.966000e-05	-1.223275e-02	3.895305e+00
2.967000e-05	-1.211092e-02	3.746258e+00
2.968000e-05	-1.200902e-02	3.568919e+00
2.969000e-05	-1.094674e-02	3.411416e+00
2.970000e-05	-1.013626e-02	3.169465e+00
2.971000e-05	-9.783823e-03	3.021021e+00
2.972000e-05	-9.397423e-03	2.853028e+00
2.973000e-05	-9.303186e-03	2.684023e+00
2.974000e-05	-9.352784e-03	2.462620e+00
2.975000e-05	-9.039143e-03	2.253100e+00
2.976000e-05	-7.997995e-03	2.053655e+00
2.977000e-05	-7.495350e-03	1.896758e+00
2.978000e-05	-6.803010e-03	1.784185e+00
2.979000e-05	-6.951519e-03	1.504758e+00
2.980000e-05	-6.421318e-03	1.318333e+00
2.981000e-05	-6.537076e-03	1.127806e+00
2.982000e-05	-6.237373e-03	9.146313e-01
2.983000e-05	-6.002733e-03	7.142253e-01
2.984000e-05	-5.289462e-03	4.952579e-01
2.985000e-05	-5.063632e-03	3.678909e-01
2.986000e-05	-5.355528e-03	1.471555e-01
2.987000e-05	-7.292413e-04	-6.116572e-02
2.988000e-05	1.807377e-03	-2.315839e-01
2.989000e-05	-3.271030e-03	-3.890039e-01
2.990000e-05	6.994657e-04	-5.683798e-01
2.991000e-05	-3.288169e-03	-7.679275e-01
2.992000e-05	-1.236296e-03	-9.258936e-01
2.993000e-05	-1.762656e-03	-1.083716e+00
2.994000e-05	1.012046e-02	-1.244106e+00
2.995000e-05	6.883253e-02	-1.463662e+00
2.996000e-05	2.322883e-02	-1.714292e+00
2.997000e-05	-6.528059e-02	-1.926949e+00
2.998000e-05	-2.317136e-02	-2.188603e+00
2.999000e-05	-9.449826e-02	-2.429500e+00
3.000000e-05	4.491366e-02	-2.483736e+00
3.001000e-05	1.313587e-01	-2.578449e+00
3.002000e-05	-1.524289e-01	-2.758012e+00
3.003000e-05	9.430939e-02	-2.959949e+00
3.004000e-05	4.317702e-02	-3.136950e+00
3.005000e-05	-1.568869e-01	-3.327445e+00
3.006000e-05	1.371398e-01	-3.526865e+00
3.007000e-05	-5.354028e-03	-3.663208e+00
3.008000e-05	-1.170506e-01	-3.935364e+00
3.009000e-05	1.692942e-01	-4.000531e+00
3.010000e-05	-5.132507e-02	-4.243213e+00
3.011000e-05	1.174429e-02	-4.411054e+00
3.012000e-05	-2.123064e-02	-4.535842e+00
3.013000e-05	-1.132838e-01	-4.767475e+00
3.014000e-05	1.648689e-01	-4.926788e+00
3.015000e-05	-2.572858e-02	-5.125837e+00
3.016000e-05	-2.711811e-02	-5.274213e+00
3.017000e-05	2.653276e-02	-5.451135e+00
3.018000e-05	-5.596274e-02	-5.683658e+00
3.019000e-05	8.806527e-02	-5.811552e+00
3.020000e-05	-7.950080e-02	-5.957973e+00
3.021000e-05	5.036613e-02	-6.094341e+00
3.022000e-05	2.379946e-02	-6.284712e+00
3.023000e-05	-5.908176e-02	-6.492179e+00
3.024000e-05	8.302684e-02	-6.578476e+00
3.025000e-05	-7.034062e-02	-6.739891e+00
3.026000e-05	4.414498e-02	-6.834183e+00
3.027000e-05	-1.695674e-02	-7.040178e+00
3.028000e-05	9.406143e-03	-7.190553e+00
3.029000e-05	6.007319e-02	-7.297867e+00
3.030000e-05	-6.507108e-02	-7.464807e+00
3.031000e-05	3.825979e-02	-7.580004e+00
3.032000e-05	-2.577832e-02	-7.749071e+00
3.033000e-05	3.744293e-02	-7.937892e+00
3.034000e-05	-2.345251e-03	-8.032153e+00
3.035000e-05	-3.319997e-03	-8.137494e+00
3.036000e-05	4.130089e-02	-8.252209e+00
3.037000e-05	-3.080436e-02	-8.357972e+00
3.038000e-05	1.571658e-02	-8.441109e+00
3.039000e-05	-1.491978e-02	-8.568948e+00
3.040000e-05	4.019066e-02	-8.745439e+00
3.041000e-05	3.811467e-03	-8.851104e+00
3.042000e-05	-7.384462e-03	-8.907865e+00
3.043000e-05	1.190145e-02	-8.999973e+00
3.044000e-05	1.173196e-03	-9.085287e+00
3.045000e-05	1.824562e-02	-9.179020e+00
3.046000e-05	-6.060923e-03	-9.231553e+00
3.047000e-05	1.724415e-02	-9.276438e+00
3.048000e-05	5.510552e-03	-9.471121e+00
3.049000e-05	1.079257e-02	-9.516896e+00
3.050000e-05	5.773158e-03	-9.600601e+00
3.051000e-05	1.239946e-03	-9.673681e+00
3.052000e-05	4.811885e-03	-9.705758e+00
3.053000e-05	1.205286e-02	-9.776994e+00
3.054000e-05	2.357589e-02	-9.841651e+00
3.055000e-05	5.497654e-03	-9.924282e+00
3.056000e-05	-7.781467e-04	-9.914837e+00
3.057000e-05	2.749278e-03	-9.998922e+00
3.058000e-05	1.714377e-02	-1.000962e+01
3.059000e-05	1.523740e-02	-1.002923e+01
3.060000e-05	6.521411e-03	-1.006166e+01
3.061000e-05	5.741817e-03	-1.011633e+01
3.062000e-05	1.110443e-02	-1.014596e+01
3.063000e-05	1.330623e-02	-1.019204e+01
3.064000e-05	1.014203e-02	-1.018103e+01
3.065000e-05	8.029518e-03	-1.023962e+01
3.066000e-05	1.240856e-02	-1.027478e+01
3.067000e-05	1.698257e-02	-1.028773e+01
3.068000e-05	1.267308e-02	-1.026573e+01
3.069000e-05	7.596406e-03	-1.033580e+01
3.070000e-05	8.684284e-03	-1.027673e+01
3.071000e-05	1.473286e-02	-1.031480e+01
3.072000e-05	1.713948e-02	-1.032321e+01
3.073000e-05	1.720311e-02	-1.027575e+01
3.074000e-05	1.617678e-02	-1.025470e+01
3.075000e-05	1.505104e-02	-1.025367e+01
3.076000e-05	1.641285e-02	-1.021355e+01
3.077000e-05	1.820606e-02	-1.016111e+01
3.078000e-05	2.014418e-02	-1.016943e+01
3.079000e-05	1.978049e-02	-1.013473e+01
3.080000e-05	2.163301e-02	-1.004420e+01
3.081000e-05	2.253513e-02	-1.001160e+01
3.082000e-05	2.196901e-02	-1.001995e+01
3.083000e-05	2.130216e-02	-9.977437e+00
3.084000e-05	2.544087e-02	-9.928258e+00
3.085000e-05	2.789952e-02	-9.873176e+00
3.086000e-05	2.645924e-02	-9.799973e+00
3.087000e-05	2.668414e-02	-9.728935e+00
3.088000e-05	2.771958e-02	-9.704282e+00
3.089000e-05	2.884817e-02	-9.642103e+00
3.090000e-05	3.019034e-02	-9.630095e+00
3.091000e-05	3.173390e-02	-9.567331e+00
3.092000e-05	3.404187e-02	-9.431589e+00
3.093000e-05	3.512040e-02	-9.306307e+00
3.094000e-05	3.508080e-02	-9.221700e+00
3.095000e-05	3.382454e-02	-9.169411e+00
3.096000e-05	3.543228e-02	-9.064173e+00
3.097000e-05	3.859028e-02	-8.969437e+00
3.098000e-05	3.909083e-02	-8.911103e+00
3.099000e-05	3.882085e-02	-8.809971e+00
3.100000e-05	3.799312e-02	-8.705772e+00
3.101000e-05	3.931684e-02	-8.547911e+00
3.102000e-05	4.126719e-02	-8.431547e+00
3.103000e-05	4.077678e-02	-8.347361e+00
3.104000e-05	4.131429e-02	-8.261625e+00
3.105000e-05	4.121589e-02	-8.125707e+00
3.106000e-05	4.164323e-02	-8.001998e+00
3.107000e-05	3.999519e-02	-7.916679e+00
3.108000e-05	3.844727e-02	-7.764862e+00
3.109000e-05	3.660814e-02	-7.619389e+00
3.110000e-05	3.806927e-02	-7.412628e+00
3.111000e-05	3.787773e-02	-7.304257e+00
3.112000e-05	3.679044e-02	-7.220070e+00
3.113000e-05	3.208182e-02	-7.082676e+00
3.114000e-05	3.034378e-02	-6.852703e+00
3.115000e-05	2.977023e-02	-6.776811e+00
3.116000e-05	2.827357e-02	-6.611848e+00
3.117000e-05	2.547863e-02	-6.463178e+00
3.118000e-05	2.364394e-02	-6.367262e+00
3.119000e-05	2.250999e-02	-6.207385e+00
3.120000e-05	2.079606e-02	-5.989492e+00
3.121000e-05	1.741684e-02	-5.863102e+00
3.122000e-05	1.707591e-02	-5.682680e+00
3.123000e-05	1.539449e-02	-5.538215e+00
3.124000e-05	1.477905e-02	-5.306388e+00
3.125000e-05	1.264301e-02	-5.147287e+00
3.126000e-05	1.098006e-02	-4.950312e+00
3.127000e-05	7.858939e-03	-4.776393e+00
3.128000e-05	7.223125e-03	-4.590922e+00
3.129000e-05	8.131851e-03	-4.433119e+00
3.130000e-05	7.505628e-03	-4.302679e+00
3.131000e-05	6.366115e-03	-4.136815e+00
3.132000e-05	5.522920e-03	-3.981433e+00
3.133000e-05	4.050416e-03	-3.820491e+00
3.134000e-05	2.783635e-03	-3.558415e+00
3.135000e-05	3.594303e-03	-3.422019e+00
3.136000e-05	3.521780e-03	-3.252078e+00
3.137000e-05	3.353084e-03	-3.072625e+00
3.138000e-05	6.664304e-04	-2.862600e+00
3.139000e-05	3.243943e-04	-2.674175e+00
3.140000e-05	-4.068798e-04	-2.494211e+00
3.141000e-05	1.723456e-03	-2.347413e+00
3.142000e-05	4.358182e-04	-2.064684e+00
3.143000e-05	7.236046e-04	-1.956237e+00
3.144000e-05	-1.418169e-03	-1.777363e+00
3.145000e-05	5.657605e-05	-1.558445e+00
3.146000e-05	-1.686393e-03	-1.338784e+00
3.147000e-05	-1.488413e-03	-1.125332e+00
3.148000e-05	-3.455486e-03	-9.252118e-01
3.149000e-05	-1.913136e-03	-7.792634e-01
3.150000e-05	-1.608286e-03	-5.292893e-01
3.151000e-05	-1.676536e-03	-3.783397e-01
3.152000e-05	-3.060900e-03	-1.888660e-01
3.153000e-05	3.941551e-04	-1.095118e-02
3.154000e-05	4.320449e-03	1.986277e-01
3.155000e-05	-5.837144e-04	4.090013e-01
3.156000e-05	1.532112e-03	5.378711e-01
3.157000e-05	-3.239646e-03	7.152646e-01
3.158000e-05	-2.203774e-03	8.437192e-01
3.159000e-05	-3.355615e-03	1.083717e+00
3.160000e-05	4.421733e-03	1.273714e+00
3.161000e-05	1.788214e-02	1.423716e+00
3.162000e-05	6.582377e-02	1.745430e+00
3.163000e-05	-4.688966e-03	1.976869e+00
3.164000e-05	-5.330851e-02	2.096742e+00
3.165000e-05	-3.636873e-02	2.325312e+00
3.166000e-05	-6.489346e-02	2.420084e+00
3.167000e-05	-1.101830e-02	2.608573e+00
3.168000e-05	1.480958e-01	2.787473e+00
3.169000e-05	-1.117674e-01	2.927419e+00
3.170000e-05	4.314185e-03	3.033262e+00
3.171000e-05	8.976255e-02	3.263735e+00
3.172000e-05	-1.154208e-01	3.495912e+00
3.173000e-05	4.243214e-02	3.621157e+00
3.174000e-05	4.034809e-02	3.809084e+00
3.175000e-05	-1.090054e-01	3.968998e+00
3.176000e-05	7.657444e-02	4.169473e+00
3.177000e-05	9.343268e-03	4.390077e+00
3.178000e-05	-3.286539e-02	4.545392e+00
3.179000e-05	-1.271932e-02	4.714392e+00
3.180000e-05	-5.458214e-02	4.943267e+00
3.181000e-05	4.404688e-02	5.164945e+00
3.182000e-05	1.721889e-02	5.316920e+00
3.183000e-05	-6.041491e-03	5.494736e+00
3.184000e-05	-2.824949e-02	5.610129e+00
3.185000e-05	-1.123998e-02	5.779751e+00
3.186000e-05	1.320299e-02	5.990425e+00
3.187000e-05	-3.094059e-02	6.136895e+00
3.188000e-05	8.673876e-03	6.304312e+00
3.189000e-05	5.266409e-03	6.389078e+00
3.190000e-05	-2.600181e-02	6.568517e+00
3.191000e-05	1.161394e-02	6.768970e+00
3.192000e-05	-3.391694e-02	6.913837e+00
3.193000e-05	-2.440814e-03	6.990605e+00
3.194000e-05	-1.716917e-03	7.160070e+00
3.195000e-05	-1.725954e-03	7.292282e+00
3.196000e-05	2.069372e-03	7.492734e+00
3.197000e-05	-2.928536e-02	7.640078e+00
3.198000e-05	-2.252125e-03	7.735991e+00
3.199000e-05	-1.416056e-02	7.923758e+00
3.200000e-05	1.497737e-03	8.074703e+00
3.201000e-05	-1.356832e-02	8.125921e+00
3.202000e-05	-1.090935e-02	8.282356e+00
3.203000e-05	3.213093e-03	8.380051e+00
3.204000e-05	-1.443214e-02	8.493757e+00
3.205000e-05	-1.791495e-02	8.565898e+00
3.206000e-05	-1.923482e-02	8.694730e+00
3.207000e-05	1.863020e-03	8.757945e+00
3.208000e-05	-1.646564e-03	8.811704e+00
3.209000e-05	-1.490706e-02	8.946887e+00
3.210000e-05	-1.832022e-02	9.075833e+00
3.211000e-05	-1.214804e-02	9.178946e+00
3.212000e-05	-6.444240e-03	9.242780e+00
3.213000e-05	-1.091003e-02	9.325841e+00
3.214000e-05	-1.185109e-02	9.411672e+00
3.215000e-05	-1.306133e-02	9.534785e+00
3.216000e-05	-1.130048e-02	9.555943e+00
3.217000e-05	-1.439956e-02	9.621123e+00
3.218000e-05	-1.657021e-02	9.672280e+00
3.219000e-05	-1.701882e-02	9.765961e+00
3.220000e-05	-8.567978e-03	9.812159e+00
3.221000e-05	-5.308086e-03	9.925315e+00
3.222000e-05	-1.324026e-02	9.949448e+00
3.223000e-05	-2.102686e-02	9.991020e+00
3.224000e-05	-1.707340e-02	1.005173e+01
3.225000e-05	-9.548292e-03	1.008528e+01
3.226000e-05	-1.227720e-02	1.007536e+01
3.227000e-05	-1.735645e-02	1.020741e+01
3.228000e-05	-1.841825e-02	1.021907e+01
3.229000e-05	-1.441214e-02	1.027205e+01
3.230000e-05	-1.638553e-02	1.022223e+01
3.231000e-05	-1.637263e-02	1.025115e+01
3.232000e-05	-1.902647e-02	1.028228e+01
3.233000e-05	-1.616790e-02	1.026423e+01
3.234000e-05	-1.324453e-02	1.028578e+01
3.235000e-05	-1.777304e-02	1.026386e+01
3.236000e-05	-2.347003e-02	1.028539e+01
3.237000e-05	-2.423877e-02	1.032481e+01
3.238000e-05	-1.778696e-02	1.032386e+01
3.239000e-05	-1.876965e-02	1.030280e+01
3.240000e-05	-2.140215e-02	1.028423e+01
3.241000e-05	-2.362759e-02	1.029373e+01
3.242000e-05	-2.417710e-02	1.023315e+01
3.243000e-05	-2.311967e-02	1.022052e+01
3.244000e-05	-2.623168e-02	1.018051e+01
3.245000e-05	-2.568702e-02	1.014746e+01
3.246000e-05	-2.785423e-02	1.012533e+01
3.247000e-05	-2.609267e-02	1.009381e+01
3.248000e-05	-2.879459e-02	1.004265e+01
3.249000e-05	-3.088044e-02	1.001063e+01
3.250000e-05	-3.219531e-02	9.990564e+00
3.251000e-05	-3.071119e-02	9.946359e+00
3.252000e-05	-2.974811e-02	9.853769e+00
3.253000e-05	-3.393935e-02	9.759912e+00
3.254000e-05	-3.677413e-02	9.745731e+00
3.255000e-05	-3.792040e-02	9.683625e+00
3.256000e-05	-3.626616e-02	9.536916e+00
3.257000e-05	-3.830628e-02	9.503283e+00
3.258000e-05	-3.984240e-02	9.420548e+00
3.259000e-05	-4.046836e-02	9.337832e+00
3.260000e-05	-3.961520e-02	9.263681e+00
3.261000e-05	-4.109676e-02	9.211499e+00
3.262000e-05	-4.463555e-02	9.115834e+00
3.263000e-05	-4.450489e-02	9.029496e+00
3.264000e-05	-4.484195e-02	8.883256e+00
3.265000e-05	-4.379223e-02	8.800516e+00
3.266000e-05	-4.702381e-02	8.724705e+00
3.267000e-05	-4.715719e-02	8.601543e+00
3.268000e-05	-4.882923e-02	8.484759e+00
3.269000e-05	-4.693564e-02	8.420523e+00
3.270000e-05	-4.671411e-02	8.296706e+00
3.271000e-05	-4.765302e-02	8.157938e+00
3.272000e-05	-4.734957e-02	8.063104e+00
3.273000e-05	-4.744688e-02	7.944807e+00
3.274000e-05	-4.617107e-02	7.780969e+00
3.275000e-05	-4.575599e-02	7.693277e+00
3.276000e-05	-4.533302e-02	7.527336e+00
3.277000e-05	-4.466018e-02	7.378411e+00
3.278000e-05	-4.166369e-02	7.201547e+00
3.279000e-05	-4.012698e-02	7.054254e+00
3.280000e-05	-3.939161e-02	6.935938e+00
3.281000e-05	-3.927470e-02	6.822021e+00
3.282000e-05	-3.591889e-02	6.685225e+00
3.283000e-05	-3.256233e-02	6.524155e+00
3.284000e-05	-3.195456e-02	6.348385e+00
3.285000e-05	-2.929742e-02	6.221016e+00
3.286000e-05	-2.815815e-02	6.043153e+00
3.287000e-05	-2.544244e-02	5.947815e+00
3.288000e-05	-2.513906e-02	5.766838e+00
3.289000e-05	-2.295015e-02	5.589863e+00
3.290000e-05	-2.053227e-02	5.421041e+00
3.291000e-05	-1.984080e-02	5.272148e+00
3.292000e-05	-1.851882e-02	5.012667e+00
3.293000e-05	-1.884842e-02	4.831619e+00
3.294000e-05	-1.575558e-02	4.703125e+00
3.295000e-05	-1.582450e-02	4.484634e+00
3.296000e-05	-1.503678e-02	4.339441e+00
3.297000e-05	-1.430985e-02	4.128911e+00
3.298000e-05	-1.098482e-02	3.959363e+00
3.299000e-05	-1.146762e-02	3.801020e+00
3.300000e-05	-1.248720e-02	3.633529e+00
3.301000e-05	-1.169389e-02	3.442602e+00
3.302000e-05	-1.119685e-02	3.282095e+00
3.303000e-05	-1.010427e-02	3.093201e+00
3.304000e-05	-9.601973e-03	2.904759e+00
3.305000e-05	-9.015236e-03	2.769936e+00
3.306000e-05	-8.551590e-03	2.537209e+00
3.307000e-05	-8.965079e-03	2.335809e+00
3.308000e-05	-8.515622e-03	2.158338e+00
3.309000e-05	-8.479385e-03	1.969969e+00
3.310000e-05	-6.990962e-03	1.798396e+00
3.311000e-05	-6.674007e-03	1.601470e+00
3.312000e-05	-6.929445e-03	1.430547e+00
3.313000e-05	-8.121754e-03	1.200046e+00
3.314000e-05	-6.991368e-03	1.007838e+00
3.315000e-05	-5.357820e-03	7.983659e-01
3.316000e-05	-5.781725e-03	5.794435e-01
3.317000e-05	-4.173142e-03	4.420011e-01
3.318000e-05	-5.438899e-03	2.725450e-01
3.319000e-05	-3.675522e-03	3.194243e-02
3.320000e-05	2.028768e-03	-1.379988e-01
3.321000e-05	-1.739733e-03	-3.058421e-01
3.322000e-05	-9.496502e-04	-4.725868e-01
3.323000e-05	-1.316201e-03	-6.927645e-01
3.324000e-05	-2.240639e-03	-8.625854e-01
3.325000e-05	-2.101030e-03	-9.696315e-01
3.326000e-05	2.644296e-03	-1.178426e+00
3.327000e-05	3.562990e-02	-1.417352e+00
3.328000e-05	7.708178e-02	-1.598006e+00
3.329000e-05	-5.984352e-02	-1.849633e+00
3.330000e-05	-2.400367e-02	-2.063138e+00
3.331000e-05	-7.166172e-02	-2.335472e+00
3.332000e-05	-5.177213e-02	-2.440655e+00
3.333000e-05	1.578847e-01	-2.524238e+00
3.334000e-05	-4.823435e-02	-2.665742e+00
3.335000e-05	-6.940626e-02	-2.864290e+00
3.336000e-05	1.638158e-01	-3.052710e+00
3.337000e-05	-1.504432e-01	-3.263761e+00
3.338000e-05	5.691455e-03	-3.452612e+00
3.339000e-05	1.235532e-01	-3.551000e+00
3.340000e-05	-1.558824e-01	-3.821029e+00
3.341000e-05	7.430983e-02	-3.988075e+00
3.342000e-05	7.641332e-02	-4.146852e+00
3.343000e-05	-8.362982e-02	-4.348448e+00
3.344000e-05	6.487343e-02	-4.461787e+00
3.345000e-05	-1.418454e-01	-4.674815e+00
3.346000e-05	6.746504e-02	-4.822232e+00
3.347000e-05	1.012315e-01	-5.020557e+00
3.348000e-05	-9.587335e-02	-5.190030e+00
3.349000e-05	6.342994e-02	-5.368428e+00
3.350000e-05	-6.445285e-02	-5.579554e+00
3.351000e-05	4.874148e-02	-5.769496e+00
3.352000e-05	-2.488306e-04	-5.892211e+00
3.353000e-05	-4.541656e-02	-6.001106e+00
3.354000e-05	1.006185e-01	-6.178127e+00
3.355000e-05	-8.149452e-02	-6.369028e+00
3.356000e-05	5.497763e-02	-6.535316e+00
3.357000e-05	-6.516381e-03	-6.662736e+00
3.358000e-05	-2.653671e-02	-6.791028e+00
3.359000e-05	4.764065e-02	-6.867371e+00
3.360000e-05	-5.089466e-02	-7.087440e+00
3.361000e-05	8.610028e-02	-7.272711e+00
3.362000e-05	-3.932695e-02	-7.379548e+00
3.363000e-05	-7.835561e-04	-7.536889e+00
3.364000e-05	8.209772e-03	-7.651758e+00
3.365000e-05	-6.907603e-03	-7.853858e+00
3.366000e-05	3.966403e-02	-8.009548e+00
3.367000e-05	-3.110412e-02	-8.074718e+00
3.368000e-05	4.758126e-02	-8.190579e+00
3.369000e-05	-9.798080e-03	-8.335390e+00
3.370000e-05	-5.914136e-03	-8.450030e+00
3.371000e-05	4.819675e-04	-8.534812e+00
3.372000e-05	8.580236e-03	-8.694835e+00
3.373000e-05	3.714503e-02	-8.779920e+00
3.374000e-05	-2.023204e-02	-8.914208e+00
3.375000e-05	1.524251e-02	-8.928968e+00
3.376000e-05	-1.350871e-03	-9.083708e+00
3.377000e-05	1.604093e-02	-9.125318e+00
3.378000e-05	2.221388e-03	-9.211100e+00
3.379000e-05	5.037781e-03	-9.254329e+00
3.380000e-05	1.621964e-02	-9.378541e+00
3.381000e-05	2.323361e-03	-9.493784e+00
3.382000e-05	1.284064e-02	-9.578425e+00
3.383000e-05	-8.875856e-04	-9.643205e+00
3.384000e-05	5.792909e-03	-9.675187e+00
3.385000e-05	5.404627e-03	-9.726370e+00
3.386000e-05	2.190509e-02	-9.820628e+00
3.387000e-05	1.477752e-02	-9.863705e+00
3.388000e-05	-1.329798e-05	-9.895815e+00
3.389000e-05	2.904007e-04	-9.968367e+00
3.390000e-05	1.014417e-02	-9.999496e+00
3.391000e-05	1.881517e-02	-1.004200e+01
3.392000e-05	9.622191e-03	-1.007220e+01
3.393000e-05	6.135498e-03	-1.011336e+01
3.394000e-05	8.525936e-03	-1.014684e+01
3.395000e-05	1.210836e-02	-1.019946e+01
3.396000e-05	1.193205e-02	-1.016120e+01
3.397000e-05	9.250846e-03	-1.024362e+01
3.398000e-05	9.365904e-03	-1.021470e+01
3.399000e-05	1.509844e-02	-1.025328e+01
3.400000e-05	1.437145e-02	-1.031673e+01
3.401000e-05	1.131307e-02	-1.032729e+01
3.402000e-05	7.718913e-03	-1.030684e+01
3.403000e-05	1.214335e-02	-1.028726e+01
3.404000e-05	1.626160e-02	-1.028630e+01
3.405000e-05	1.790943e-02	-1.030528e+01
3.406000e-05	1.638657e-02	-1.022625e+01
3.407000e-05	1.347900e-02	-1.028312e+01
3.408000e-05	1.611385e-02	-1.023205e+01
3.409000e-05	1.580688e-02	-1.018854e+01
3.410000e-05	2.224134e-02	-1.012896e+01
3.411000e-05	2.067334e-02	-1.010578e+01
3.412000e-05	2.094241e-02	-1.008475e+01
3.413000e-05	2.252584e-02	-1.008158e+01
3.414000e-05	2.050015e-02	-1.001948e+01
3.415000e-05	2.189436e-02	-9.989517e+00
3.416000e-05	2.168763e-02	-9.945785e+00
3.417000e-05	2.944831e-02	-9.904129e+00
3.418000e-05	2.661852e-02	-9.842052e+00
3.419000e-05	2.861597e-02	-9.758523e+00
3.420000e-05	2.593202e-02	-9.705357e+00
3.421000e-05	3.096548e-02	-9.682652e+00
3.422000e-05	2.916885e-02	-9.601477e+00
3.423000e-05	3.004267e-02	-9.558221e+00
3.424000e-05	3.119696e-02	-9.444753e+00
3.425000e-05	3.396302e-02	-9.327385e+00
3.426000e-05	3.484067e-02	-9.281678e+00
3.427000e-05	3.406373e-02	-9.199946e+00
3.428000e-05	3.530647e-02	-9.105731e+00
3.429000e-05	3.766960e-02	-8.991022e+00
3.430000e-05	3.894519e-02	-8.904803e+00
3.431000e-05	3.818861e-02	-8.820575e+00
3.432000e-05	3.863784e-02	-8.749412e+00
3.433000e-05	3.901054e-02	-8.602017e+00
3.434000e-05	3.949859e-02	-8.504156e+00
3.435000e-05	4.002294e-02	-8.408990e+00
3.436000e-05	4.173344e-02	-8.285703e+00
3.437000e-05	4.114690e-02	-8.178461e+00
3.438000e-05	4.157309e-02	-8.083680e+00
3.439000e-05	4.123384e-02	-7.969416e+00
3.440000e-05	4.047911e-02	-7.791545e+00
3.441000e-05	3.823598e-02	-7.662627e+00
3.442000e-05	3.738638e-02	-7.474628e+00
3.443000e-05	3.819948e-02	-7.327866e+00
3.444000e-05	3.666252e-02	-7.242097e+00
3.445000e-05	3.281513e-02	-7.148337e+00
3.446000e-05	3.024208e-02	-6.948435e+00
3.447000e-05	3.090600e-02	-6.779943e+00
3.448000e-05	3.011997e-02	-6.674128e+00
3.449000e-05	2.662412e-02	-6.535233e+00
3.450000e-05	2.496100e-02	-6.371491e+00
3.451000e-05	2.342658e-02	-6.253052e+00
3.452000e-05	2.118826e-02	-6.032178e+00
3.453000e-05	1.806892e-02	-5.936710e+00
3.454000e-05	1.694492e-02	-5.788812e+00
3.455000e-05	1.615978e-02	-5.621000e+00
3.456000e-05	1.515130e-02	-5.461544e+00
3.457000e-05	1.306633e-02	-5.181594e+00
3.458000e-05	1.193466e-02	-5.061626e+00
3.459000e-05	9.463484e-03	-4.885022e+00
3.460000e-05	8.168879e-03	-4.682050e+00
3.461000e-05	7.693049e-03	-4.496782e+00
3.462000e-05	8.938248e-03	-4.358814e+00
3.463000e-05	4.678611e-03	-4.179022e+00
3.464000e-05	4.918706e-03	-4.012575e+00
3.465000e-05	3.402928e-03	-3.881150e+00
3.466000e-05	4.948639e-03	-3.632550e+00
3.467000e-05	2.683858e-03	-3.494153e+00
3.468000e-05	4.189261e-03	-3.356784e+00
3.469000e-05	2.862839e-03	-3.127861e+00
3.470000e-05	2.335665e-03	-2.917711e+00
3.471000e-05	-5.582675e-04	-2.757813e+00
3.472000e-05	5.907667e-05	-2.587394e+00
3.473000e-05	-5.833563e-04	-2.410519e+00
3.474000e-05	1.521765e-03	-2.182968e+00
3.475000e-05	1.017541e-03	-1.999996e+00
3.476000e-05	8.825004e-04	-1.844071e+00
3.477000e-05	-8.930327e-04	-1.622078e+00
3.478000e-05	-1.481965e-03	-1.494126e+00
3.479000e-05	-1.677685e-03	-1.199421e+00
3.480000e-05	-1.456891e-03	-1.009474e+00
3.481000e-05	-1.264050e-03	-8.715776e-01
3.482000e-05	-2.997254e-03	-6.520477e-01
3.483000e-05	-1.328029e-03	-4.219963e-01
3.484000e-05	-2.808816e-03	-2.946253e-01
3.485000e-05	-9.585865e-04	-4.615413e-02
3.486000e-05	3.565155e-03	8.324085e-02
3.487000e-05	1.806783e-03	3.143911e-01
3.488000e-05	7.337473e-04	4.532130e-01
3.489000e-05	4.584879e-04	6.217055e-01
3.490000e-05	-3.422776e-03	7.790740e-01
3.491000e-05	-2.915936e-03	9.785551e-01
3.492000e-05	-5.391519e-04	1.218530e+00
3.493000e-05	7.949313e-03	1.379950e+00
3.494000e-05	4.703702e-02	1.610583e+00
3.495000e-05	4.616208e-02	1.860683e+00
3.496000e-05	-5.471413e-02	2.041708e+00
3.497000e-05	-3.633092e-02	2.231058e+00
3.498000e-05	-5.213264e-02	2.367479e+00
3.499000e-05	-6.032619e-02	2.514736e+00
3.500000e-05	1.080465e-01	2.674266e+00
3.501000e-05	3.326601e-02	2.884187e+00
3.502000e-05	-1.277250e-01	3.000178e+00
3.503000e-05	1.422376e-01	3.177948e+00
3.504000e-05	-6.742026e-02	3.360728e+00
3.505000e-05	-4.812739e-02	3.578923e+00
3.506000e-05	9.344094e-02	3.706391e+00
3.507000e-05	-7.975432e-02	3.925891e+00
3.508000e-05	-1.240192e-02	4.053764e+00
3.509000e-05	7.736750e-02	4.294842e+00
3.510000e-05	-4.355875e-02	4.462259e+00
3.511000e-05	-3.654318e-03	4.661133e+00
3.512000e-05	-4.838159e-02	4.781083e+00
3.513000e-05	-4.624401e-03	5.061677e+00
3.514000e-05	5.196480e-02	5.269634e+00
3.515000e-05	-1.158569e-02	5.421077e+00
3.516000e-05	-8.607478e-03	5.600021e+00
3.517000e-05	-3.390199e-02	5.685815e+00
3.518000e-05	1.765107e-02	5.936417e+00
3.519000e-05	-1.550914e-02	6.052207e+00
3.520000e-05	-1.995475e-02	6.200678e+00
3.521000e-05	2.687963e-02	6.368915e+00
3.522000e-05	-2.908407e-02	6.485285e+00
3.523000e-05	7.585540e-03	6.703831e+00
3.524000e-05	-1.985588e-02	6.842181e+00
3.525000e-05	-2.030042e-02	6.958473e+00
3.526000e-05	2.687677e-03	7.095838e+00
3.527000e-05	-5.634653e-03	7.221578e+00
3.528000e-05	7.674063e-03	7.367540e+00
3.529000e-05	-2.044281e-02	7.547021e+00
3.530000e-05	-1.426685e-02	7.674336e+00
3.531000e-05	-9.166438e-03	7.832203e+00
3.532000e-05	-4.001439e-03	7.999521e+00
3.533000e-05	-4.755455e-03	8.095336e+00
3.534000e-05	-1.571703e-02	8.223153e+00
3.535000e-05	-2.136175e-03	8.346493e+00
3.536000e-05	-3.621932e-03	8.431705e+00
3.537000e-05	-2.003154e-02	8.525393e+00
3.538000e-05	-1.895323e-02	8.661128e+00
3.539000e-05	-9.132090e-03	8.767315e+00
3.540000e-05	5.315448e-03	8.779674e+00
3.541000e-05	-9.540112e-03	8.923308e+00
3.542000e-05	-1.790492e-02	9.001153e+00
3.543000e-05	-1.580850e-02	9.157418e+00
3.544000e-05	-1.044068e-02	9.221127e+00
3.545000e-05	-6.957043e-03	9.314285e+00
3.546000e-05	-1.306855e-02	9.359922e+00
3.547000e-05	-1.029139e-02	9.432181e+00
3.548000e-05	-1.237006e-02	9.507336e+00
3.549000e-05	-1.067221e-02	9.598972e+00
3.550000e-05	-1.594357e-02	9.671128e+00
3.551000e-05	-1.799700e-02	9.695308e+00
3.552000e-05	-1.359200e-02	9.800994e+00
3.553000e-05	-5.935661e-03	9.914756e+00
3.554000e-05	-7.725323e-03	9.957918e+00
3.555000e-05	-1.938289e-02	9.980025e+00
3.556000e-05	-1.961373e-02	1.003163e+01
3.557000e-05	-1.378985e-02	1.005323e+01
3.558000e-05	-1.008174e-02	1.010481e+01
3.559000e-05	-1.445804e-02	1.011634e+01
3.560000e-05	-1.802173e-02	1.012944e+01
3.561000e-05	-1.577917e-02	1.022002e+01
3.562000e-05	-1.609868e-02	1.023120e+01
3.563000e-05	-1.591407e-02	1.023270e+01
3.564000e-05	-1.917735e-02	1.026366e+01
3.565000e-05	-1.717543e-02	1.030376e+01
3.566000e-05	-1.493678e-02	1.027526e+01
3.567000e-05	-1.422768e-02	1.034333e+01
3.568000e-05	-2.183141e-02	1.031778e+01
3.569000e-05	-2.314367e-02	1.029618e+01
3.570000e-05	-2.044750e-02	1.031676e+01
3.571000e-05	-1.801384e-02	1.026423e+01
3.572000e-05	-1.927114e-02	1.026468e+01
3.573000e-05	-2.340743e-02	1.027378e+01
3.574000e-05	-2.354895e-02	1.026528e+01
3.575000e-05	-2.468219e-02	1.022155e+01
3.576000e-05	-2.425161e-02	1.021052e+01
3.577000e-05	-2.636946e-02	1.017704e+01
3.578000e-05	-2.601867e-02	1.013648e+01
3.579000e-05	-2.653318e-02	1.011586e+01
3.580000e-05	-2.760480e-02	1.008223e+01
3.581000e-05	-2.997246e-02	1.006167e+01
3.582000e-05	-3.264682e-02	1.000994e+01
3.583000e-05	-3.179674e-02	9.969431e+00
3.584000e-05	-3.042094e-02	9.883298e+00
3.585000e-05	-3.177033e-02	9.790619e+00
3.586000e-05	-3.535975e-02	9.714810e+00
3.587000e-05	-3.686005e-02	9.693629e+00
3.588000e-05	-3.647511e-02	9.589944e+00
3.589000e-05	-3.876279e-02	9.505359e+00
3.590000e-05	-3.847277e-02	9.473126e+00
3.591000e-05	-3.986475e-02	9.368489e+00
3.592000e-05	-3.905097e-02	9.295333e+00
3.593000e-05	-4.232850e-02	9.262099e+00
3.594000e-05	-4.339828e-02	9.170040e+00
3.595000e-05	-4.399248e-02	9.093166e+00
3.596000e-05	-4.543801e-02	8.936232e+00
3.597000e-05	-4.439268e-02	8.810574e+00
3.598000e-05	-4.566202e-02	8.735335e+00
3.599000e-05	-4.593973e-02	8.632124e+00
3.600000e-05	-4.925553e-02	8.515814e+00
3.601000e-05	-4.664420e-02	8.432603e+00
3.602000e-05	-4.726564e-02	8.347938e+00
3.603000e-05	-4.676530e-02	8.240069e+00
3.604000e-05	-4.909345e-02	8.093658e+00
3.605000e-05	-4.670891e-02	7.948865e+00
3.606000e-05	-4.620749e-02	7.861727e+00
3.607000e-05	-4.609368e-02	7.734382e+00
3.608000e-05	-4.673474e-02	7.602516e+00
3.609000e-05	-4.486526e-02	7.463593e+00
3.610000e-05	-4.230649e-02	7.253154e+00
3.611000e-05	-4.064660e-02	7.146813e+00
3.612000e-05	-3.967495e-02	6.999992e+00
3.613000e-05	-3.945403e-02	6.864128e+00
3.614000e-05	-3.661175e-02	6.737936e+00
3.615000e-05	-3.439272e-02	6.578363e+00
3.616000e-05	-3.097015e-02	6.421542e+00
3.617000e-05	-3.032178e-02	6.293752e+00
3.618000e-05	-2.834231e-02	6.135836e+00
3.619000e-05	-2.648259e-02	6.021520e+00
3.620000e-05	-2.549860e-02	5.862625e+00
3.621000e-05	-2.386801e-02	5.671548e+00
3.622000e-05	-2.234471e-02	5.484732e+00
3.623000e-05	-2.071076e-02	5.324811e+00
3.624000e-05	-1.921339e-02	5.156333e+00
3.625000e-05	-1.823559e-02	4.895782e+00
3.626000e-05	-1.773816e-02	4.739413e+00
3.627000e-05	-1.590244e-02	4.567937e+00
3.628000e-05	-1.467316e-02	4.422025e+00
3.629000e-05	-1.347351e-02	4.272645e+00
3.630000e-05	-1.275856e-02	4.031670e+00
3.631000e-05	-1.217128e-02	3.905705e+00
3.632000e-05	-1.185128e-02	3.706233e+00
3.633000e-05	-1.114043e-02	3.548957e+00
3.634000e-05	-1.129688e-02	3.356332e+00
3.635000e-05	-1.022508e-02	3.179340e+00
3.636000e-05	-9.620342e-03	3.020441e+00
3.637000e-05	-9.567992e-03	2.841529e+00
3.638000e-05	-9.323431e-03	2.663471e+00
3.639000e-05	-8.861414e-03	2.421467e+00
3.640000e-05	-8.787370e-03	2.251550e+00
3.641000e-05	-7.125566e-03	2.063151e+00
3.642000e-05	-7.562724e-03	1.924782e+00
3.643000e-05	-7.177516e-03	1.686633e+00
3.644000e-05	-6.730156e-03	1.505702e+00
3.645000e-05	-7.211543e-03	1.335282e+00
3.646000e-05	-7.068370e-03	1.094125e+00
3.647000e-05	-6.146664e-03	8.530749e-01
3.648000e-05	-5.499735e-03	6.935551e-01
3.649000e-05	-5.076158e-03	4.952302e-01
3.650000e-05	-5.215429e-03	3.762816e-01
3.651000e-05	-5.099340e-03	1.261315e-01
3.652000e-05	2.097376e-04	-5.386448e-02
3.653000e-05	1.446462e-03	-2.317120e-01
3.654000e-05	-4.024778e-03	-4.295040e-01
3.655000e-05	2.870724e-04	-5.795315e-01
3.656000e-05	-3.863665e-03	-7.885303e-01
3.657000e-05	-8.604345e-04	-9.168473e-01
3.658000e-05	-1.603152e-03	-1.085342e+00
3.659000e-05	1.356728e-02	-1.315639e+00
3.660000e-05	7.704561e-02	-1.445264e+00
3.661000e-05	8.565300e-04	-1.686849e+00
3.662000e-05	-5.573643e-02	-1.969001e+00
3.663000e-05	-3.275033e-02	-2.232608e+00
3.664000e-05	-9.360860e-02	-2.380054e+00
3.665000e-05	7.843503e-02	-2.455761e+00
3.666000e-05	1.000152e-01	-2.579027e+00
3.667000e-05	-1.621523e-01	-2.812081e+00
3.668000e-05	1.324173e-01	-2.999008e+00
3.669000e-05	-8.151467e-03	-3.166950e+00
3.670000e-05	-1.271365e-01	-3.387478e+00
3.671000e-05	1.520828e-01	-3.527424e+00
3.672000e-05	-5.266431e-02	-3.673215e+00
3.673000e-05	-7.709419e-02	-3.947441e+00
3.674000e-05	1.681044e-01	-4.013138e+00
3.675000e-05	-8.204407e-02	-4.273690e+00
3.676000e-05	3.966751e-02	-4.401530e+00
3.677000e-05	-5.517335e-02	-4.545404e+00
3.678000e-05	-7.773231e-02	-4.808473e+00
3.679000e-05	1.727086e-01	-4.946370e+00
3.680000e-05	-5.962542e-02	-5.085396e+00
3.681000e-05	2.004823e-03	-5.316812e+00
3.682000e-05	4.173677e-03	-5.496912e+00
3.683000e-05	-3.397059e-02	-5.703887e+00
3.684000e-05	7.907515e-02	-5.811077e+00
3.685000e-05	-9.103261e-02	-5.978026e+00
3.686000e-05	7.529699e-02	-6.086871e+00
3.687000e-05	-4.819800e-03	-6.306341e+00
3.688000e-05	-3.192144e-02	-6.472262e+00
3.689000e-05	6.961023e-02	-6.578554e+00
3.690000e-05	-7.408256e-02	-6.746495e+00
3.691000e-05	5.723575e-02	-6.883211e+00
3.692000e-05	-3.426859e-02	-7.062683e+00
3.693000e-05	3.308089e-02	-7.231076e+00
3.694000e-05	3.708402e-02	-7.326942e+00
3.695000e-05	-5.623021e-02	-7.503309e+00
3.696000e-05	3.817184e-02	-7.621079e+00
3.697000e-05	-2.911835e-02	-7.760127e+00
3.698000e-05	4.582552e-02	-7.955470e+00
3.699000e-05	-1.633283e-02	-8.081180e+00
3.700000e-05	1.258945e-02	-8.148471e+00
3.701000e-05	3.467477e-02	-8.264763e+00
3.702000e-05	-2.627694e-02	-8.399424e+00
3.703000e-05	1.610689e-02	-8.443207e+00
3.704000e-05	-1.806128e-02	-8.578626e+00
3.705000e-05	4.431532e-02	-8.718448e+00
3.706000e-05	-8.140572e-03	-8.832024e+00
3.707000e-05	4.817891e-04	-8.934838e+00
3.708000e-05	8.358780e-03	-8.991078e+00
3.709000e-05	5.714228e-03	-9.073733e+00
3.710000e-05	1.762051e-02	-9.178447e+00
3.711000e-05	-4.933993e-03	-9.250683e+00
3.712000e-05	2.059723e-02	-9.318764e+00
3.713000e-05	2.094437e-03	-9.443205e+00
3.714000e-05	1.065632e-02	-9.537319e+00
3.715000e-05	2.457505e-03	-9.580576e+00
3.716000e-05	2.120032e-03	-9.683732e+00
3.717000e-05	5.216045e-03	-9.695284e+00
3.718000e-05	1.413595e-02	-9.797492e+00
3.719000e-05	2.302006e-02	-9.822103e+00
3.720000e-05	3.572738e-03	-9.864810e+00
3.721000e-05	9.155892e-04	-9.938765e+00
3.722000e-05	4.543802e-03	-9.977447e+00
3.723000e-05	1.674429e-02	-1.001005e+01
3.724000e-05	1.139059e-02	-1.003310e+01
3.725000e-05	5.024290e-03	-1.008471e+01
3.726000e-05	7.292539e-03	-1.011636e+01
3.727000e-05	1.205027e-02	-1.018091e+01
3.728000e-05	1.319851e-02	-1.018914e+01
3.729000e-05	9.005291e-03	-1.021159e+01
3.730000e-05	8.211855e-03	-1.026419e+01
3.731000e-05	1.289947e-02	-1.028323e+01
3.732000e-05	1.615258e-02	-1.030576e+01
3.733000e-05	1.158087e-02	-1.029681e+01
3.734000e-05	7.873431e-03	-1.032623e+01
3.735000e-05	9.405930e-03	-1.032786e+01
3.736000e-05	1.577197e-02	-1.028581e+01
3.737000e-05	1.710303e-02	-1.030375e+01
3.738000e-05	1.689948e-02	-1.025333e+01
3.739000e-05	1.475001e-02	-1.028118e+01
3.740000e-05	1.512898e-02	-1.023363e+01
3.741000e-05	1.741425e-02	-1.020252e+01
3.742000e-05	1.849488e-02	-1.015788e+01
3.743000e-05	1.920239e-02	-1.016693e+01
3.744000e-05	2.014026e-02	-1.010375e+01
3.745000e-05	2.224503e-02	-1.007220e+01
3.746000e-05	2.296948e-02	-1.004160e+01
3.747000e-05	2.124718e-02	-9.999942e+00
3.748000e-05	2.259151e-02	-9.958364e+00
3.749000e-05	2.652860e-02	-9.915806e+00
3.750000e-05	2.852031e-02	-9.853601e+00
3.751000e-05	2.580343e-02	-9.770040e+00
3.752000e-05	2.602224e-02	-9.727406e+00
3.753000e-05	2.818240e-02	-9.694732e+00
3.754000e-05	2.903475e-02	-9.640552e+00
3.755000e-05	3.086870e-02	-9.590020e+00
3.756000e-05	3.141496e-02	-9.506784e+00
3.757000e-05	3.479503e-02	-9.429613e+00
3.758000e-05	3.418399e-02	-9.325806e+00
3.759000e-05	3.484675e-02	-9.211100e+00
3.760000e-05	3.401139e-02	-9.166284e+00
3.761000e-05	3.658157e-02	-9.072500e+00
3.762000e-05	3.764676e-02	-8.957910e+00
3.763000e-05	3.948563e-02	-8.802678e+00
3.764000e-05	3.946506e-02	-8.789945e+00
3.765000e-05	3.844854e-02	-8.694655e+00
3.766000e-05	3.903597e-02	-8.536333e+00
3.767000e-05	4.075872e-02	-8.402103e+00
3.768000e-05	4.126978e-02	-8.337283e+00
3.769000e-05	4.213752e-02	-8.211566e+00
3.770000e-05	4.164534e-02	-8.115803e+00
3.771000e-05	4.096083e-02	-7.992075e+00
3.772000e-05	4.031468e-02	-7.874654e+00
3.773000e-05	3.887081e-02	-7.713858e+00
3.774000e-05	3.770821e-02	-7.598440e+00
3.775000e-05	3.829545e-02	-7.402521e+00
3.776000e-05	3.658183e-02	-7.302129e+00
3.777000e-05	3.603257e-02	-7.151465e+00
3.778000e-05	3.153650e-02	-7.020941e+00
3.779000e-05	3.231159e-02	-6.852630e+00
3.780000e-05	2.993621e-02	-6.685707e+00
3.781000e-05	2.814701e-02	-6.588840e+00
3.782000e-05	2.550021e-02	-6.442578e+00
3.783000e-05	2.502621e-02	-6.313806e+00
3.784000e-05	2.220866e-02	-6.135683e+00
3.785000e-05	1.864424e-02	-5.949919e+00
3.786000e-05	1.722381e-02	-5.831024e+00
3.787000e-05	1.590935e-02	-5.643203e+00
3.788000e-05	1.674967e-02	-5.526132e+00
3.789000e-05	1.246123e-02	-5.314809e+00
3.790000e-05	1.237406e-02	-5.116887e+00
3.791000e-05	8.780760e-03	-4.968812e+00
3.792000e-05	1.049439e-02	-4.775809e+00
3.793000e-05	7.439539e-03	-4.579890e+00
3.794000e-05	8.743382e-03	-4.411974e+00
3.795000e-05	6.209528e-03	-4.294180e+00
3.796000e-05	5.832328e-03	-4.144737e+00
3.797000e-05	4.610032e-03	-3.917915e+00
3.798000e-05	4.407306e-03	-3.767738e+00
3.799000e-05	3.307147e-03	-3.599941e+00
3.800000e-05	4.199856e-03	-3.389895e+00
3.801000e-05	2.026467e-03	-3.211574e+00
3.802000e-05	2.913772e-03	-3.033119e+00
3.803000e-05	1.388338e-04	-2.821000e+00
3.804000e-05	1.270849e-03	-2.652099e+00
3.805000e-05	-1.156463e-03	-2.493602e+00
3.806000e-05	2.142837e-03	-2.325182e+00
3.807000e-05	-5.293872e-04	-2.055577e+00
3.808000e-05	1.304676e-03	-1.896759e+00
3.809000e-05	-1.813049e-03	-1.757237e+00
3.810000e-05	5.162167e-04	-1.588832e+00
3.811000e-05	-2.096081e-03	-1.297108e+00
3.812000e-05	-8.465231e-04	-1.115733e+00
3.813000e-05	-2.360885e-03	-9.257578e-01
3.814000e-05	-2.281348e-03	-7.878670e-01
3.815000e-05	-2.974285e-03	-5.471579e-01
3.816000e-05	-1.422360e-03	-3.668158e-01
3.817000e-05	-2.321334e-03	-1.483158e-01
3.818000e-05	1.755986e-03	-9.446809e-04
3.819000e-05	3.679036e-03	2.204840e-01
3.820000e-05	-1.917903e-03	3.995801e-01
3.821000e-05	1.697357e-03	5.574498e-01
3.822000e-05	-3.351323e-03	7.369747e-01
3.823000e-05	-2.170141e-03	8.637369e-01
3.824000e-05	-2.035951e-03	1.124917e+00
3.825000e-05	5.000003e-03	1.304888e+00
3.826000e-05	2.305559e-02	1.473743e+00
3.827000e-05	6.768004e-02	1.736476e+00
3.828000e-05	-2.021407e-02	1.977474e+00
3.829000e-05	-4.980421e-02	2.147395e+00
3.830000e-05	-3.954942e-02	2.336365e+00
3.831000e-05	-6.790878e-02	2.411706e+00
3.832000e-05	1.493279e-02	2.662005e+00
3.833000e-05	1.378663e-01	2.819976e+00
3.834000e-05	-1.375956e-01	2.957949e+00
3.835000e-05	5.094235e-02	3.103791e+00
3.836000e-05	5.563100e-02	3.265296e+00
3.837000e-05	-1.101781e-01	3.506920e+00
3.838000e-05	6.258304e-02	3.611657e+00
3.839000e-05	1.078310e-02	3.822030e+00
3.840000e-05	-9.847810e-02	3.989077e+00
3.841000e-05	9.242007e-02	4.192029e+00
3.842000e-05	-7.932604e-03	4.400053e+00
3.843000e-05	-2.354135e-02	4.547475e+00
3.844000e-05	-2.288569e-02	4.737891e+00
3.845000e-05	-4.780189e-02	4.965469e+00
3.846000e-05	5.448825e-02	5.137997e+00
3.847000e-05	6.631870e-03	5.348893e+00
3.848000e-05	-4.944310e-03	5.495365e+00
3.849000e-05	-3.345247e-02	5.631683e+00
3.850000e-05	-1.120608e-03	5.849203e+00
3.851000e-05	8.597446e-03	6.009549e+00
3.852000e-05	-3.409571e-02	6.147919e+00
3.853000e-05	1.482560e-02	6.284360e+00
3.854000e-05	-3.633547e-03	6.401179e+00
3.855000e-05	-1.645781e-02	6.590127e+00
3.856000e-05	6.382659e-03	6.757527e+00
3.857000e-05	-3.342538e-02	6.905417e+00
3.858000e-05	-1.077160e-03	7.021635e+00
3.859000e-05	-3.579561e-03	7.148919e+00
3.860000e-05	1.759242e-03	7.283316e+00
3.861000e-05	-2.098329e-03	7.483358e+00
3.862000e-05	-2.809292e-02	7.631202e+00
3.863000e-05	-3.644765e-03	7.799018e+00
3.864000e-05	-1.242842e-02	7.905336e+00
3.865000e-05	2.368121e-03	8.093757e+00
3.866000e-05	-1.577557e-02	8.159200e+00
3.867000e-05	-8.998916e-03	8.314795e+00
3.868000e-05	3.781702e-03	8.400576e+00
3.869000e-05	-1.659088e-02	8.494336e+00
3.870000e-05	-1.862177e-02	8.549544e+00
3.871000e-05	-1.952025e-02	8.664262e+00
3.872000e-05	4.804851e-03	8.759996e+00
3.873000e-05	-4.184165e-03	8.871654e+00
3.874000e-05	-1.487615e-02	8.956913e+00
3.875000e-05	-1.711307e-02	9.065836e+00
3.876000e-05	-1.204768e-02	9.200046e+00
3.877000e-05	-6.502442e-03	9.243731e+00
3.878000e-05	-1.246858e-02	9.348863e+00
3.879000e-05	-1.041163e-02	9.431601e+00
3.880000e-05	-1.356263e-02	9.502784e+00
3.881000e-05	-1.057698e-02	9.556316e+00
3.882000e-05	-1.380429e-02	9.629631e+00
3.883000e-05	-1.605498e-02	9.664855e+00
3.884000e-05	-1.692507e-02	9.728488e+00
3.885000e-05	-9.476627e-03	9.863702e+00
3.886000e-05	-4.590605e-03	9.916915e+00
3.887000e-05	-1.420315e-02	9.978495e+00
3.888000e-05	-2.064782e-02	1.000103e+01
3.889000e-05	-1.943601e-02	1.005163e+01
3.890000e-05	-9.429920e-03	1.007430e+01
3.891000e-05	-1.243071e-02	1.011586e+01
3.892000e-05	-1.641131e-02	1.012689e+01
3.893000e-05	-1.754898e-02	1.019057e+01
3.894000e-05	-1.506808e-02	1.022060e+01
3.895000e-05	-1.474259e-02	1.025220e+01
3.896000e-05	-1.770898e-02	1.022375e+01
3.897000e-05	-1.795055e-02	1.028423e+01
3.898000e-05	-1.700913e-02	1.027423e+01
3.899000e-05	-1.238882e-02	1.028483e+01
3.900000e-05	-1.912815e-02	1.029481e+01
3.901000e-05	-2.156593e-02	1.030478e+01
3.902000e-05	-2.352175e-02	1.026578e+01
3.903000e-05	-1.664584e-02	1.029383e+01
3.904000e-05	-1.845723e-02	1.029526e+01
3.905000e-05	-2.064354e-02	1.028270e+01
3.906000e-05	-2.351971e-02	1.026272e+01
3.907000e-05	-2.382259e-02	1.026365e+01
3.908000e-05	-2.391882e-02	1.022212e+01
3.909000e-05	-2.607055e-02	1.018994e+01
3.910000e-05	-2.615550e-02	1.010793e+01
3.911000e-05	-2.634504e-02	1.013591e+01
3.912000e-05	-2.638635e-02	1.008371e+01
3.913000e-05	-2.782461e-02	1.007318e+01
3.914000e-05	-3.102415e-02	1.002252e+01
3.915000e-05	-3.195590e-02	1.002004e+01
3.916000e-05	-3.273104e-02	9.946800e+00
3.917000e-05	-3.033744e-02	9.824643e+00
3.918000e-05	-3.359632e-02	9.758912e+00
3.919000e-05	-3.620081e-02	9.735657e+00
3.920000e-05	-3.676385e-02	9.641077e+00
3.921000e-05	-3.700695e-02	9.568511e+00
3.922000e-05	-3.724159e-02	9.514656e+00
3.923000e-05	-4.007976e-02	9.430074e+00
3.924000e-05	-3.811579e-02	9.325886e+00
3.925000e-05	-4.166633e-02	9.272678e+00
3.926000e-05	-4.162647e-02	9.170495e+00
3.927000e-05	-4.545331e-02	9.086850e+00
3.928000e-05	-4.278537e-02	9.001465e+00
3.929000e-05	-4.525301e-02	8.883703e+00
3.930000e-05	-4.353759e-02	8.769540e+00
3.931000e-05	-4.771694e-02	8.684708e+00
3.932000e-05	-4.565660e-02	8.570018e+00
3.933000e-05	-4.786773e-02	8.496278e+00
3.934000e-05	-4.715661e-02	8.420543e+00
3.935000e-05	-4.866231e-02	8.295699e+00
3.936000e-05	-4.752596e-02	8.176915e+00
3.937000e-05	-4.691718e-02	8.024572e+00
3.938000e-05	-4.678789e-02	7.895802e+00
3.939000e-05	-4.719594e-02	7.780464e+00
3.940000e-05	-4.614261e-02	7.651651e+00
3.941000e-05	-4.533682e-02	7.547783e+00
3.942000e-05	-4.330087e-02	7.348907e+00
3.943000e-05	-4.057899e-02	7.221440e+00
3.944000e-05	-4.044429e-02	7.055176e+00
3.945000e-05	-3.977115e-02	6.967308e+00
3.946000e-05	-3.826469e-02	6.810545e+00
3.947000e-05	-3.490679e-02	6.644668e+00
3.948000e-05	-3.351312e-02	6.435078e+00
3.949000e-05	-3.178347e-02	6.356808e+00
3.950000e-05	-2.975054e-02	6.229515e+00
3.951000e-05	-2.681058e-02	6.062074e+00
3.952000e-05	-2.691406e-02	5.915361e+00
3.953000e-05	-2.448522e-02	5.746302e+00
3.954000e-05	-2.268132e-02	5.537837e+00
3.955000e-05	-2.115935e-02	5.379464e+00
3.956000e-05	-1.875545e-02	5.252026e+00
3.957000e-05	-2.001007e-02	4.980416e+00
3.958000e-05	-1.631468e-02	4.839994e+00
3.959000e-05	-1.831667e-02	4.600571e+00
3.960000e-05	-1.353173e-02	4.484680e+00
3.961000e-05	-1.423451e-02	4.376837e+00
3.962000e-05	-1.115914e-02	4.115732e+00
3.963000e-05	-1.393459e-02	3.967812e+00
3.964000e-05	-1.248306e-02	3.768941e+00
3.965000e-05	-1.329223e-02	3.631466e+00
3.966000e-05	-1.119594e-02	3.462594e+00
3.967000e-05	-1.199562e-02	3.241044e+00
3.968000e-05	-8.136541e-03	3.063548e+00
3.969000e-05	-1.013902e-02	2.903708e+00
3.970000e-05	-8.102373e-03	2.757382e+00
3.971000e-05	-8.988820e-03	2.504179e+00
3.972000e-05	-8.054452e-03	2.316779e+00
3.973000e-05	-8.350767e-03	2.145737e+00
3.974000e-05	-9.508033e-03	1.989466e+00
3.975000e-05	-7.530741e-03	1.779464e+00
3.976000e-05	-5.989644e-03	1.577417e+00
3.977000e-05	-7.729644e-03	1.400441e+00
3.978000e-05	-5.639181e-03	1.169890e+00
3.979000e-05	-7.588676e-03	9.377358e-01
3.980000e-05	-4.329632e-03	7.578357e-01
3.981000e-05	-6.888273e-03	5.883907e-01
3.982000e-05	-3.658935e-03	3.794937e-01
3.983000e-05	-6.457408e-03	1.804710e-01
3.984000e-05	-2.609892e-03	2.041479e-02
3.985000e-05	1.292746e-03	-1.575253e-01
3.986000e-05	-2.953409e-03	-3.468472e-01
3.987000e-05	-1.080930e-04	-4.552422e-01
3.988000e-05	-2.311834e-03	-7.138923e-01
3.989000e-05	-8.485005e-04	-8.542145e-01
3.990000e-05	-1.763132e-03	-1.031058e+00
3.991000e-05	5.245339e-03	-1.179582e+00
3.992000e-05	4.382742e-02	-1.410183e+00
3.993000e-05	6.531216e-02	-1.631112e+00
3.994000e-05	-6.792773e-02	-1.844187e+00
3.995000e-05	-1.749443e-02	-2.085246e+00
3.996000e-05	-8.325149e-02	-2.368024e+00
3.997000e-05	-2.697084e-02	-2.473608e+00
3.998000e-05	1.617263e-01	-2.505190e+00
3.999000e-05	-9.183374e-02	-2.745346e+00
4.000000e-05	-1.925267e-02	-2.946419e+00
4.001000e-05	1.365320e-01	-3.105165e+00
4.002000e-05	-1.697988e-01	-3.305241e+00
4.003000e-05	5.633723e-02	-3.523189e+00
4.004000e-05	8.833437e-02	-3.590033e+00
4.005000e-05	-1.637829e-01	-3.833261e+00
4.006000e-05	1.144210e-01	-3.989025e+00
4.007000e-05	3.835046e-02	-4.157525e+00
4.008000e-05	-5.846738e-02	-4.348523e+00
4.009000e-05	4.616687e-02	-4.473785e+00
4.010000e-05	-1.491326e-01	-4.714819e+00
4.011000e-05	1.062452e-01	-4.883262e+00
4.012000e-05	6.554486e-02	-5.031659e+00
4.013000e-05	-8.238668e-02	-5.209582e+00
4.014000e-05	6.011416e-02	-5.391600e+00
4.015000e-05	-7.083131e-02	-5.610102e+00
4.016000e-05	7.179347e-02	-5.759550e+00
4.017000e-05	-3.038968e-02	-5.945316e+00
4.018000e-05	-2.060065e-02	-6.052586e+00
4.019000e-05	8.409780e-02	-6.260632e+00
4.020000e-05	-8.424149e-02	-6.421553e+00
4.021000e-05	7.455612e-02	-6.536871e+00
4.022000e-05	-3.239020e-02	-6.684289e+00
4.023000e-05	-4.232624e-03	-6.851604e+00
4.024000e-05	3.039747e-02	-6.987573e+00
4.025000e-05	-3.769234e-02	-7.165419e+00
4.026000e-05	8.728920e-02	-7.265737e+00
4.027000e-05	-5.604685e-02	-7.431104e+00
4.028000e-05	1.598869e-02	-7.547366e+00
4.029000e-05	-4.384360e-03	-7.704185e+00
4.030000e-05	8.071557e-03	-7.903834e+00
4.031000e-05	2.853580e-02	-7.979052e+00
4.032000e-05	-2.755581e-02	-8.105363e+00
4.033000e-05	5.116731e-02	-8.211129e+00
4.034000e-05	-2.017907e-02	-8.337918e+00
4.035000e-05	4.657647e-03	-8.420578e+00
4.036000e-05	-6.411595e-03	-8.517434e+00
4.037000e-05	1.803885e-02	-8.686361e+00
4.038000e-05	2.719021e-02	-8.809528e+00
4.039000e-05	-1.838813e-02	-8.883310e+00
4.040000e-05	1.669211e-02	-8.968520e+00
4.041000e-05	-3.752449e-03	-9.053733e+00
4.042000e-05	1.943987e-02	-9.138940e+00
4.043000e-05	-1.414333e-03	-9.212179e+00
4.044000e-05	9.476138e-03	-9.283807e+00
4.045000e-05	1.343650e-02	-9.367619e+00
4.046000e-05	4.852512e-03	-9.484336e+00
4.047000e-05	1.084104e-02	-9.588974e+00
4.048000e-05	6.833831e-04	-9.661680e+00
4.049000e-05	4.535768e-03	-9.665761e+00
4.050000e-05	6.430377e-03	-9.757943e+00
4.051000e-05	2.083830e-02	-9.811652e+00
4.052000e-05	1.169485e-02	-9.894228e+00
4.053000e-05	-3.708722e-04	-9.936862e+00
4.054000e-05	3.559233e-03	-9.957896e+00
4.055000e-05	1.377405e-02	-9.990995e+00
4.056000e-05	1.595818e-02	-1.003158e+01
4.057000e-05	5.630055e-03	-1.006311e+01
4.058000e-05	5.801940e-03	-1.014623e+01
4.059000e-05	1.035096e-02	-1.014744e+01
4.060000e-05	1.254356e-02	-1.018906e+01
4.061000e-05	9.905876e-03	-1.023147e+01
4.062000e-05	8.137944e-03	-1.020312e+01
4.063000e-05	1.266471e-02	-1.026422e+01
4.064000e-05	1.770431e-02	-1.030376e+01
4.065000e-05	1.146683e-02	-1.031772e+01
4.066000e-05	8.070334e-03	-1.030629e+01
4.067000e-05	9.328040e-03	-1.028639e+01
4.068000e-05	1.664850e-02	-1.034731e+01
4.069000e-05	1.741886e-02	-1.035628e+01
4.070000e-05	1.589583e-02	-1.026520e+01
4.071000e-05	1.501277e-02	-1.028476e+01
4.072000e-05	1.547407e-02	-1.024463e+01
4.073000e-05	1.699109e-02	-1.019145e+01
4.074000e-05	1.778760e-02	-1.020204e+01
4.075000e-05	1.846717e-02	-1.011536e+01
4.076000e-05	1.944527e-02	-1.013541e+01
4.077000e-05	2.161245e-02	-1.011573e+01
4.078000e-05	2.369705e-02	-1.005163e+01
4.079000e-05	2.142000e-02	-1.001050e+01
4.080000e-05	1.975162e-02	-9.968421e+00
4.081000e-05	2.468868e-02	-9.906306e+00
4.082000e-05	2.817127e-02	-9.884156e+00
4.083000e-05	2.808969e-02	-9.852648e+00
4.084000e-05	2.591803e-02	-9.799510e+00
4.085000e-05	2.702653e-02	-9.714780e+00
4.086000e-05	2.960401e-02	-9.671154e+00
4.087000e-05	3.076486e-02	-9.590995e+00
4.088000e-05	3.038716e-02	-9.518860e+00
4.089000e-05	3.237970e-02	-9.456676e+00
4.090000e-05	3.473605e-02	-9.337958e+00
4.091000e-05	3.548763e-02	-9.253103e+00
4.092000e-05	3.472673e-02	-9.189992e+00
4.093000e-05	3.453987e-02	-9.085754e+00
4.094000e-05	3.673373e-02	-8.999946e+00
4.095000e-05	3.948373e-02	-8.925206e+00
4.096000e-05	4.011140e-02	-8.811575e+00
4.097000e-05	3.904184e-02	-8.755862e+00
4.098000e-05	3.881199e-02	-8.622889e+00
4.099000e-05	3.975961e-02	-8.483655e+00
4.100000e-05	4.174294e-02	-8.388890e+00
4.101000e-05	4.079793e-02	-8.273228e+00
4.102000e-05	4.186364e-02	-8.169338e+00
4.103000e-05	4.152454e-02	-8.053679e+00
4.104000e-05	4.094380e-02	-7.988811e+00
4.105000e-05	3.851018e-02	-7.780469e+00
4.106000e-05	3.830030e-02	-7.642125e+00
4.107000e-05	3.748780e-02	-7.484203e+00
4.108000e-05	3.792023e-02	-7.378309e+00
4.109000e-05	3.613827e-02	-7.222054e+00
4.110000e-05	3.421403e-02	-7.086755e+00
4.111000e-05	3.143263e-02	-6.934256e+00
4.112000e-05	3.001441e-02	-6.789394e+00
4.113000e-05	2.839508e-02	-6.643204e+00
4.114000e-05	2.691175e-02	-6.505232e+00
4.115000e-05	2.445379e-02	-6.389443e+00
4.116000e-05	2.238887e-02	-6.231066e+00
4.117000e-05	2.054710e-02	-6.001473e+00
4.118000e-05	1.954659e-02	-5.915230e+00
4.119000e-05	1.603886e-02	-5.747287e+00
4.120000e-05	1.590926e-02	-5.600021e+00
4.121000e-05	1.385141e-02	-5.450442e+00
4.122000e-05	1.230622e-02	-5.219895e+00
4.123000e-05	1.102139e-02	-5.052519e+00
4.124000e-05	9.354368e-03	-4.861994e+00
4.125000e-05	8.196303e-03	-4.600599e+00
4.126000e-05	7.589306e-03	-4.513705e+00
4.127000e-05	7.725637e-03	-4.367261e+00
4.128000e-05	5.826157e-03	-4.189940e+00
4.129000e-05	5.453157e-03	-4.031571e+00
4.130000e-05	3.142973e-03	-3.882623e+00
4.131000e-05	4.041427e-03	-3.630574e+00
4.132000e-05	2.237678e-03	-3.444649e+00
4.133000e-05	3.754182e-03	-3.286659e+00
4.134000e-05	2.552481e-03	-3.117233e+00
4.135000e-05	2.592748e-03	-2.906234e+00
4.136000e-05	9.919261e-04	-2.747737e+00
4.137000e-05	-2.763186e-04	-2.579892e+00
4.138000e-05	8.793799e-05	-2.370391e+00
4.139000e-05	4.839056e-04	-2.139288e+00
4.140000e-05	3.923475e-04	-1.979891e+00
4.141000e-05	-9.440233e-04	-1.830498e+00
4.142000e-05	-1.852061e-04	-1.622073e+00
4.143000e-05	-1.604812e-03	-1.431996e+00
4.144000e-05	-2.082640e-03	-1.190442e+00
4.145000e-05	-2.967083e-03	-1.008417e+00
4.146000e-05	-1.364783e-03	-8.324999e-01
4.147000e-05	-2.692470e-03	-6.514749e-01
4.148000e-05	-1.351954e-03	-4.114698e-01
4.149000e-05	-3.426793e-03	-2.520264e-01
4.150000e-05	-1.144856e-04	-4.410526e-02
4.151000e-05	3.737361e-03	8.377075e-02
4.152000e-05	-3.588686e-04	3.169235e-01
4.153000e-05	-3.761223e-04	4.852395e-01
4.154000e-05	-1.945094e-04	6.726592e-01
4.155000e-05	-2.560972e-03	7.495325e-01
4.156000e-05	-2.222293e-03	1.011107e+00
4.157000e-05	7.565506e-04	1.262106e+00
4.158000e-05	9.220312e-03	1.400602e+00
4.159000e-05	5.457978e-02	1.629658e+00
4.160000e-05	3.239287e-02	1.873763e+00
4.161000e-05	-5.643134e-02	2.063684e+00
4.162000e-05	-3.569488e-02	2.241209e+00
4.163000e-05	-5.772796e-02	2.389975e+00
4.164000e-05	-5.127263e-02	2.497390e+00
4.165000e-05	1.322207e-01	2.725360e+00
4.166000e-05	-1.573698e-02	2.874789e+00
4.167000e-05	-9.492780e-02	3.032557e+00
4.168000e-05	1.404759e-01	3.199079e+00
4.169000e-05	-9.020756e-02	3.482663e+00
4.170000e-05	-2.103097e-02	3.589579e+00
4.171000e-05	8.299685e-02	3.726942e+00
4.172000e-05	-9.903209e-02	3.936347e+00
4.173000e-05	2.078059e-02	4.053338e+00
4.174000e-05	5.972597e-02	4.306444e+00
4.175000e-05	-4.346839e-02	4.462734e+00
4.176000e-05	-3.492066e-03	4.662209e+00
4.177000e-05	-5.503177e-02	4.812133e+00
4.178000e-05	1.206201e-02	5.112786e+00
4.179000e-05	4.346540e-02	5.294785e+00
4.180000e-05	-1.122649e-02	5.431733e+00
4.181000e-05	-1.557565e-02	5.568050e+00
4.182000e-05	-3.032047e-02	5.736994e+00
4.183000e-05	2.025635e-02	5.977396e+00
4.184000e-05	-2.020091e-02	6.103790e+00
4.185000e-05	-1.198404e-02	6.251604e+00
4.186000e-05	2.157735e-02	6.358969e+00
4.187000e-05	-3.128872e-02	6.525367e+00
4.188000e-05	1.346011e-02	6.736913e+00
4.189000e-05	-2.549592e-02	6.852133e+00
4.190000e-05	-1.598685e-02	6.980024e+00
4.191000e-05	5.828120e-04	7.115314e+00
4.192000e-05	-5.309427e-03	7.211679e+00
4.193000e-05	9.003533e-03	7.358443e+00
4.194000e-05	-2.436695e-02	7.588519e+00
4.195000e-05	-1.071848e-02	7.694786e+00
4.196000e-05	-1.270986e-02	7.852703e+00
4.197000e-05	-4.854391e-04	7.989503e+00
4.198000e-05	-7.083534e-03	8.153817e+00
4.199000e-05	-1.453468e-02	8.242683e+00
4.200000e-05	-9.313745e-04	8.377945e+00
4.201000e-05	-6.135439e-03	8.451705e+00
4.202000e-05	-1.921271e-02	8.507491e+00
4.203000e-05	-1.941859e-02	8.640628e+00
4.204000e-05	-5.758929e-03	8.717394e+00
4.205000e-05	2.904173e-03	8.809600e+00
4.206000e-05	-1.136627e-02	8.903282e+00
4.207000e-05	-1.886247e-02	9.064754e+00
4.208000e-05	-1.397753e-02	9.187371e+00
4.209000e-05	-1.004575e-02	9.241677e+00
4.210000e-05	-7.820959e-03	9.294310e+00
4.211000e-05	-1.229084e-02	9.369493e+00
4.212000e-05	-1.064552e-02	9.462756e+00
4.213000e-05	-1.180820e-02	9.536786e+00
4.214000e-05	-1.242524e-02	9.578574e+00
4.215000e-05	-1.591894e-02	9.643203e+00
4.216000e-05	-1.812822e-02	9.745909e+00
4.217000e-05	-1.094253e-02	9.810644e+00
4.218000e-05	-7.588074e-03	9.894706e+00
4.219000e-05	-7.652212e-03	9.928945e+00
4.220000e-05	-2.189223e-02	1.002947e+01
4.221000e-05	-1.811961e-02	1.005110e+01
4.222000e-05	-1.237665e-02	1.007223e+01
4.223000e-05	-8.252800e-03	1.010338e+01
4.224000e-05	-1.527396e-02	1.011686e+01
4.225000e-05	-1.878335e-02	1.014847e+01
4.226000e-05	-1.560731e-02	1.021012e+01
4.227000e-05	-1.714166e-02	1.026167e+01
4.228000e-05	-1.640599e-02	1.024270e+01
4.229000e-05	-1.776727e-02	1.029268e+01
4.230000e-05	-1.750969e-02	1.027330e+01
4.231000e-05	-1.195301e-02	1.028586e+01
4.232000e-05	-1.425466e-02	1.031531e+01
4.233000e-05	-2.160647e-02	1.029633e+01
4.234000e-05	-2.457627e-02	1.028481e+01
4.235000e-05	-2.008357e-02	1.027431e+01
4.236000e-05	-1.714021e-02	1.029526e+01
4.237000e-05	-2.026433e-02	1.027325e+01
4.238000e-05	-2.400504e-02	1.024371e+01
4.239000e-05	-2.323356e-02	1.025265e+01
4.240000e-05	-2.250252e-02	1.023257e+01
4.241000e-05	-2.412689e-02	1.019105e+01
4.242000e-05	-2.675420e-02	1.017949e+01
4.243000e-05	-2.582445e-02	1.010788e+01
4.244000e-05	-2.590223e-02	1.012628e+01
4.245000e-05	-2.851092e-02	1.005268e+01
4.246000e-05	-3.063601e-02	1.003265e+01
4.247000e-05	-3.276546e-02	9.980994e+00
4.248000e-05	-3.100897e-02	9.898461e+00
4.249000e-05	-3.131505e-02	9.894172e+00
4.250000e-05	-3.164113e-02	9.788913e+00
4.251000e-05	-3.484462e-02	9.745831e+00
4.252000e-05	-3.562433e-02	9.683575e+00
4.253000e-05	-3.764419e-02	9.559539e+00
4.254000e-05	-3.849383e-02	9.526356e+00
4.255000e-05	-3.881129e-02	9.463648e+00
4.256000e-05	-3.950481e-02	9.358465e+00
4.257000e-05	-3.950805e-02	9.284730e+00
4.258000e-05	-4.171949e-02	9.222073e+00
4.259000e-05	-4.418994e-02	9.177910e+00
4.260000e-05	-4.446835e-02	9.013147e+00
4.261000e-05	-4.461628e-02	8.927907e+00
4.262000e-05	-4.369945e-02	8.810073e+00
4.263000e-05	-4.718896e-02	8.717806e+00
4.264000e-05	-4.662264e-02	8.612574e+00
4.265000e-05	-4.830860e-02	8.536356e+00
4.266000e-05	-4.618601e-02	8.452075e+00
4.267000e-05	-4.850752e-02	8.318832e+00
4.268000e-05	-4.677131e-02	8.200048e+00
4.269000e-05	-4.690103e-02	8.094675e+00
4.270000e-05	-4.657995e-02	7.978362e+00
4.271000e-05	-4.755454e-02	7.841121e+00
4.272000e-05	-4.630542e-02	7.675233e+00
4.273000e-05	-4.639068e-02	7.569366e+00
4.274000e-05	-4.541617e-02	7.412562e+00
4.275000e-05	-4.249940e-02	7.240672e+00
4.276000e-05	-4.033204e-02	7.126811e+00
4.277000e-05	-3.969813e-02	6.999016e+00
4.278000e-05	-3.864785e-02	6.871602e+00
4.279000e-05	-3.622566e-02	6.735832e+00
4.280000e-05	-3.310867e-02	6.547859e+00
4.281000e-05	-3.118817e-02	6.370889e+00
4.282000e-05	-2.981429e-02	6.263075e+00
4.283000e-05	-2.784987e-02	6.095734e+00
4.284000e-05	-2.717607e-02	6.000419e+00
4.285000e-05	-2.525412e-02	5.841516e+00
4.286000e-05	-2.329267e-02	5.630546e+00
4.287000e-05	-2.163344e-02	5.433654e+00
4.288000e-05	-2.029994e-02	5.284732e+00
4.289000e-05	-1.912213e-02	5.124201e+00
4.290000e-05	-1.750908e-02	4.894750e+00
4.291000e-05	-1.623379e-02	4.725234e+00
4.292000e-05	-1.601973e-02	4.567884e+00
4.293000e-05	-1.530612e-02	4.381023e+00
4.294000e-05	-1.384736e-02	4.232490e+00
4.295000e-05	-1.303965e-02	4.000494e+00
4.296000e-05	-1.229634e-02	3.872151e+00
4.297000e-05	-1.068125e-02	3.705179e+00
4.298000e-05	-1.133997e-02	3.517859e+00
4.299000e-05	-1.151040e-02	3.305781e+00
4.300000e-05	-1.033088e-02	3.127384e+00
4.301000e-05	-9.808497e-03	2.990390e+00
4.302000e-05	-9.310159e-03	2.821450e+00
4.303000e-05	-9.308644e-03	2.632042e+00
4.304000e-05	-9.317746e-03	2.430415e+00
4.305000e-05	-8.319589e-03	2.201020e+00
4.306000e-05	-7.635725e-03	2.021523e+00
4.307000e-05	-7.868131e-03	1.884178e+00
4.308000e-05	-7.307472e-03	1.642074e+00
4.309000e-05	-6.762694e-03	1.432603e+00
4.310000e-05	-6.532646e-03	1.284199e+00
4.311000e-05	-5.893563e-03	1.092544e+00
4.312000e-05	-6.249322e-03	8.329749e-01
4.313000e-05	-6.732382e-03	6.631238e-01
4.314000e-05	-5.382680e-03	4.636540e-01
4.315000e-05	-4.910034e-03	3.167541e-01
4.316000e-05	-4.408790e-03	3.465381e-02
4.317000e-05	1.288051e-03	-6.434456e-02
4.318000e-05	2.997738e-04	-2.831894e-01
4.319000e-05	-2.318424e-03	-3.920290e-01
4.320000e-05	-1.700953e-03	-6.616119e-01
4.321000e-05	-3.573951e-03	-8.310840e-01
4.322000e-05	-1.961945e-03	-9.674277e-01
4.323000e-05	5.117918e-04	-1.124795e+00
4.324000e-05	1.817599e-02	-1.346297e+00
4.325000e-05	8.205659e-02	-1.514898e+00
4.326000e-05	-2.270087e-02	-1.748029e+00
4.327000e-05	-4.495832e-02	-2.008081e+00
4.328000e-05	-4.373888e-02	-2.292237e+00
4.329000e-05	-8.858547e-02	-2.431081e+00
4.330000e-05	1.099945e-01	-2.523740e+00
4.331000e-05	6.353494e-02	-2.580584e+00
4.332000e-05	-1.488190e-01	-2.832608e+00
4.333000e-05	1.609960e-01	-3.020182e+00
4.334000e-05	-6.281459e-02	-3.220030e+00
4.335000e-05	-9.211459e-02	-3.410078e+00
4.336000e-05	1.605603e-01	-3.566320e+00
4.337000e-05	-9.535593e-02	-3.716422e+00
4.338000e-05	-3.261935e-02	-3.947420e+00
4.339000e-05	1.476691e-01	-4.044637e+00
4.340000e-05	-9.831737e-02	-4.294794e+00
4.341000e-05	6.189139e-02	-4.441107e+00
4.342000e-05	-8.867331e-02	-4.587129e+00
4.343000e-05	-3.527928e-02	-4.830082e+00
4.344000e-05	1.597206e-01	-4.967424e+00
4.345000e-05	-8.305589e-02	-5.137917e+00
4.346000e-05	3.196555e-02	-5.335412e+00
4.347000e-05	-2.183135e-02	-5.506845e+00
4.348000e-05	-1.114799e-02	-5.725792e+00
4.349000e-05	6.074381e-02	-5.861134e+00
4.350000e-05	-8.533935e-02	-6.010553e+00
4.351000e-05	9.491867e-02	-6.145892e+00
4.352000e-05	-3.716323e-02	-6.346919e+00
4.353000e-05	-5.402760e-03	-6.474760e+00
4.354000e-05	5.125265e-02	-6.602202e+00
4.355000e-05	-6.632168e-02	-6.767525e+00
4.356000e-05	6.350352e-02	-6.885785e+00
4.357000e-05	-4.863898e-02	-7.114286e+00
4.358000e-05	5.536314e-02	-7.239631e+00
4.359000e-05	1.242925e-02	-7.347920e+00
4.360000e-05	-4.121587e-02	-7.505186e+00
4.361000e-05	3.385650e-02	-7.610603e+00
4.362000e-05	-2.801926e-02	-7.790627e+00
4.363000e-05	5.008993e-02	-7.957895e+00
4.364000e-05	-2.528816e-02	-8.063284e+00
4.365000e-05	2.523114e-02	-8.169523e+00
4.366000e-05	1.950496e-02	-8.314283e+00
4.367000e-05	-2.248924e-02	-8.369474e+00
4.368000e-05	1.322721e-02	-8.453213e+00
4.369000e-05	-1.009556e-02	-8.653706e+00
4.370000e-05	4.601646e-02	-8.736949e+00
4.371000e-05	-1.358883e-02	-8.852181e+00
4.372000e-05	5.921180e-03	-8.916893e+00
4.373000e-05	4.947826e-03	-9.020025e+00
4.374000e-05	8.130705e-03	-9.095786e+00
4.375000e-05	1.225218e-02	-9.189476e+00
4.376000e-05	-5.093276e-03	-9.262704e+00
4.377000e-05	1.951876e-02	-9.347313e+00
4.378000e-05	1.981246e-03	-9.453654e+00
4.379000e-05	1.364075e-02	-9.577869e+00
4.380000e-05	1.846782e-03	-9.631578e+00
4.381000e-05	3.225104e-03	-9.675233e+00
4.382000e-05	4.720232e-03	-9.716807e+00
4.383000e-05	1.608628e-02	-9.780550e+00
4.384000e-05	2.037191e-02	-9.833731e+00
4.385000e-05	5.824589e-04	-9.885333e+00
4.386000e-05	1.175917e-03	-9.927816e+00
4.387000e-05	7.006418e-03	-9.979971e+00
4.388000e-05	1.849413e-02	-1.003007e+01
4.389000e-05	1.090705e-02	-1.009163e+01
4.390000e-05	5.825430e-03	-1.010273e+01
4.391000e-05	9.113617e-03	-1.014441e+01
4.392000e-05	1.176092e-02	-1.017706e+01
4.393000e-05	1.155944e-02	-1.019157e+01
4.394000e-05	8.675890e-03	-1.022220e+01
4.395000e-05	9.120600e-03	-1.028562e+01
4.396000e-05	1.433101e-02	-1.030527e+01
4.397000e-05	1.610662e-02	-1.032478e+01
4.398000e-05	1.157350e-02	-1.033526e+01
4.399000e-05	7.592277e-03	-1.032583e+01
4.400000e-05	1.094238e-02	-1.028725e+01
4.401000e-05	1.652319e-02	-1.031681e+01
4.402000e-05	1.725742e-02	-1.029676e+01
4.403000e-05	1.657984e-02	-1.027680e+01
4.404000e-05	1.485179e-02	-1.023418e+01
4.405000e-05	1.550245e-02	-1.023465e+01
4.406000e-05	1.583341e-02	-1.024202e+01
4.407000e-05	1.899035e-02	-1.018836e+01
4.408000e-05	2.055783e-02	-1.012524e+01
4.409000e-05	2.165377e-02	-1.007481e+01
4.410000e-05	2.222825e-02	-1.004315e+01
4.411000e-05	2.240920e-02	-1.002165e+01
4.412000e-05	2.058916e-02	-9.978942e+00
4.413000e-05	2.281283e-02	-9.937885e+00
4.414000e-05	2.696915e-02	-9.916253e+00
4.415000e-05	2.878892e-02	-9.872177e+00
4.416000e-05	2.683558e-02	-9.800491e+00
4.417000e-05	2.660973e-02	-9.737836e+00
4.418000e-05	2.884767e-02	-9.694657e+00
4.419000e-05	2.955471e-02	-9.651100e+00
4.420000e-05	3.026454e-02	-9.578420e+00
4.421000e-05	3.205909e-02	-9.467329e+00
4.422000e-05	3.444670e-02	-9.400544e+00
4.423000e-05	3.500556e-02	-9.313731e+00
4.424000e-05	3.491671e-02	-9.229574e+00
4.425000e-05	3.425662e-02	-9.107286e+00
4.426000e-05	3.608412e-02	-9.013574e+00
4.427000e-05	3.827499e-02	-8.936333e+00
4.428000e-05	3.974681e-02	-8.861178e+00
4.429000e-05	3.891757e-02	-8.759369e+00
4.430000e-05	3.850177e-02	-8.677171e+00
4.431000e-05	4.003750e-02	-8.566908e+00
4.432000e-05	4.085668e-02	-8.401548e+00
4.433000e-05	4.137806e-02	-8.307757e+00
4.434000e-05	4.127128e-02	-8.190042e+00
4.435000e-05	4.158446e-02	-8.125207e+00
4.436000e-05	4.123189e-02	-7.961549e+00
4.437000e-05	4.017472e-02	-7.873701e+00
4.438000e-05	3.858365e-02	-7.724728e+00
4.439000e-05	3.712168e-02	-7.557809e+00
4.440000e-05	3.805323e-02	-7.420571e+00
4.441000e-05	3.735640e-02	-7.294655e+00
4.442000e-05	3.557568e-02	-7.189910e+00
4.443000e-05	3.160079e-02	-6.990491e+00
4.444000e-05	2.953683e-02	-6.844549e+00
4.445000e-05	2.949821e-02	-6.726757e+00
4.446000e-05	2.793810e-02	-6.578440e+00
4.447000e-05	2.557322e-02	-6.422050e+00
4.448000e-05	2.374872e-02	-6.296258e+00
4.449000e-05	2.220564e-02	-6.135209e+00
4.450000e-05	1.950392e-02	-5.956886e+00
4.451000e-05	1.773455e-02	-5.800545e+00
4.452000e-05	1.602988e-02	-5.663554e+00
4.453000e-05	1.561601e-02	-5.516773e+00
4.454000e-05	1.346270e-02	-5.284180e+00
4.455000e-05	1.189435e-02	-5.096205e+00
4.456000e-05	9.988281e-03	-4.925261e+00
4.457000e-05	8.684724e-03	-4.714783e+00
4.458000e-05	7.044143e-03	-4.557262e+00
4.459000e-05	8.070358e-03	-4.389945e+00
4.460000e-05	6.437735e-03	-4.243123e+00
4.461000e-05	6.311891e-03	-4.105636e+00
4.462000e-05	4.199820e-03	-3.957336e+00
4.463000e-05	3.701456e-03	-3.718285e+00
4.464000e-05	3.465645e-03	-3.557311e+00
4.465000e-05	3.205850e-03	-3.369391e+00
4.466000e-05	3.091080e-03	-3.201949e+00
4.467000e-05	2.421228e-03	-3.040419e+00
4.468000e-05	1.511373e-03	-2.819997e+00
4.469000e-05	1.482669e-04	-2.642549e+00
4.470000e-05	-7.403627e-04	-2.474128e+00
4.471000e-05	1.373878e-03	-2.294104e+00
4.472000e-05	6.914437e-04	-2.064625e+00
4.473000e-05	1.307017e-04	-1.864185e+00
4.474000e-05	-7.321114e-04	-1.715232e+00
4.475000e-05	-3.049754e-04	-1.538256e+00
4.476000e-05	-1.163126e-03	-1.272203e+00
4.477000e-05	-2.325613e-03	-1.084728e+00
4.478000e-05	-2.380419e-03	-8.961592e-01
4.479000e-05	-1.476333e-03	-7.587369e-01
4.480000e-05	-1.302221e-03	-4.946267e-01
4.481000e-05	-2.835044e-03	-2.968619e-01
4.482000e-05	-2.789283e-03	-1.558908e-01
4.483000e-05	3.122250e-03	1.105659e-02
4.484000e-05	3.851114e-03	2.317117e-01
4.485000e-05	-1.681614e-03	4.301052e-01
4.486000e-05	1.065971e-03	5.789802e-01
4.487000e-05	-3.058636e-03	7.564424e-01
4.488000e-05	-1.818648e-03	8.743183e-01
4.489000e-05	-2.697196e-03	1.155500e+00
4.490000e-05	5.565788e-03	1.336867e+00
4.491000e-05	2.982820e-02	1.495394e+00
4.492000e-05	6.520467e-02	1.788003e+00
4.493000e-05	-3.453133e-02	1.989025e+00
4.494000e-05	-4.458193e-02	2.178025e+00
4.495000e-05	-4.341317e-02	2.355415e+00
4.496000e-05	-6.943945e-02	2.452684e+00
4.497000e-05	4.357105e-02	2.690130e+00
4.498000e-05	1.145717e-01	2.820133e+00
4.499000e-05	-1.523187e-01	2.988549e+00
4.500000e-05	9.329384e-02	3.116366e+00
4.501000e-05	1.479484e-02	3.295372e+00
4.502000e-05	-9.910277e-02	3.547997e+00
4.503000e-05	7.807102e-02	3.642683e+00
4.504000e-05	-1.998165e-02	3.850258e+00
4.505000e-05	-7.628436e-02	3.991028e+00
4.506000e-05	9.787807e-02	4.231082e+00
4.507000e-05	-2.354571e-02	4.410103e+00
4.508000e-05	-1.565538e-02	4.569074e+00
4.509000e-05	-3.333561e-02	4.756920e+00
4.510000e-05	-3.885908e-02	4.979594e+00
4.511000e-05	5.906007e-02	5.186077e+00
4.512000e-05	1.056275e-03	5.358020e+00
4.513000e-05	-4.773418e-03	5.535918e+00
4.514000e-05	-3.767242e-02	5.653811e+00
4.515000e-05	6.019801e-03	5.874737e+00
4.516000e-05	3.314530e-03	6.021128e+00
4.517000e-05	-3.330441e-02	6.167496e+00
4.518000e-05	2.161721e-02	6.305867e+00
4.519000e-05	-1.476492e-02	6.422154e+00
4.520000e-05	-6.556202e-03	6.660680e+00
4.521000e-05	-1.432158e-03	6.791074e+00
4.522000e-05	-3.104117e-02	6.937394e+00
4.523000e-05	-4.885887e-04	7.102131e+00
4.524000e-05	-4.067423e-03	7.180100e+00
4.525000e-05	5.277462e-03	7.315388e+00
4.526000e-05	-6.664216e-03	7.514862e+00
4.527000e-05	-2.638611e-02	7.653207e+00
4.528000e-05	-5.604789e-03	7.770003e+00
4.529000e-05	-1.026474e-02	7.917465e+00
4.530000e-05	2.352735e-03	8.022732e+00
4.531000e-05	-1.656689e-02	8.190570e+00
4.532000e-05	-6.088873e-03	8.305864e+00
4.533000e-05	2.950279e-03	8.419532e+00
4.534000e-05	-1.703100e-02	8.474811e+00
4.535000e-05	-1.962225e-02	8.578547e+00
4.536000e-05	-1.790696e-02	8.724785e+00
4.537000e-05	4.515063e-03	8.779023e+00
4.538000e-05	-4.687670e-03	8.863153e+00
4.539000e-05	-1.440355e-02	8.977117e+00
4.540000e-05	-1.725903e-02	9.115842e+00
4.541000e-05	-1.200088e-02	9.210544e+00
4.542000e-05	-6.375593e-03	9.262756e+00
4.543000e-05	-1.260237e-02	9.356864e+00
4.544000e-05	-9.555004e-03	9.438602e+00
4.545000e-05	-1.262964e-02	9.476312e+00
4.546000e-05	-1.139648e-02	9.607594e+00
4.547000e-05	-1.535961e-02	9.620598e+00
4.548000e-05	-1.688292e-02	9.703331e+00
4.549000e-05	-1.510963e-02	9.739115e+00
4.550000e-05	-7.768376e-03	9.853705e+00
4.551000e-05	-4.917333e-03	9.927438e+00
4.552000e-05	-1.487433e-02	9.978524e+00
4.553000e-05	-2.001872e-02	1.004160e+01
4.554000e-05	-1.732749e-02	1.007178e+01
4.555000e-05	-1.030784e-02	1.006574e+01
4.556000e-05	-1.265179e-02	1.010639e+01
4.557000e-05	-1.698523e-02	1.015696e+01
4.558000e-05	-1.657750e-02	1.019950e+01
4.559000e-05	-1.728481e-02	1.024257e+01
4.560000e-05	-1.527735e-02	1.024222e+01
4.561000e-05	-1.770903e-02	1.028213e+01
4.562000e-05	-1.734998e-02	1.027425e+01
4.563000e-05	-1.423659e-02	1.027428e+01
4.564000e-05	-1.398219e-02	1.028481e+01
4.565000e-05	-1.966770e-02	1.028530e+01
4.566000e-05	-2.382439e-02	1.026628e+01
4.567000e-05	-2.251862e-02	1.027423e+01
4.568000e-05	-1.679492e-02	1.027423e+01
4.569000e-05	-1.846624e-02	1.025323e+01
4.570000e-05	-2.193521e-02	1.027520e+01
4.571000e-05	-2.421116e-02	1.025475e+01
4.572000e-05	-2.456429e-02	1.024067e+01
4.573000e-05	-2.367776e-02	1.020207e+01
4.574000e-05	-2.618570e-02	1.019897e+01
4.575000e-05	-2.492380e-02	1.015736e+01
4.576000e-05	-2.620047e-02	1.013433e+01
4.577000e-05	-2.775299e-02	1.008478e+01
4.578000e-05	-2.915455e-02	1.004213e+01
4.579000e-05	-3.166846e-02	1.001110e+01
4.580000e-05	-3.239345e-02	9.999987e+00
4.581000e-05	-3.072116e-02	9.886302e+00
4.582000e-05	-3.102246e-02	9.813667e+00
4.583000e-05	-3.419229e-02	9.775861e+00
4.584000e-05	-3.663165e-02	9.672703e+00
4.585000e-05	-3.749008e-02	9.591074e+00
4.586000e-05	-3.880598e-02	9.538361e+00
4.587000e-05	-3.789326e-02	9.524253e+00
4.588000e-05	-3.868647e-02	9.380466e+00
4.589000e-05	-3.757612e-02	9.325285e+00
4.590000e-05	-4.202693e-02	9.271604e+00
4.591000e-05	-4.242290e-02	9.179546e+00
4.592000e-05	-4.529896e-02	9.084720e+00
4.593000e-05	-4.324922e-02	8.927933e+00
4.594000e-05	-4.467446e-02	8.841076e+00
4.595000e-05	-4.485048e-02	8.737987e+00
4.596000e-05	-4.656460e-02	8.674674e+00
4.597000e-05	-4.737445e-02	8.578037e+00
4.598000e-05	-4.780185e-02	8.504653e+00
4.599000e-05	-4.862845e-02	8.378917e+00
4.600000e-05	-4.763835e-02	8.277219e+00
4.601000e-05	-4.664319e-02	8.154938e+00
4.602000e-05	-4.561045e-02	7.993068e+00
4.603000e-05	-4.799365e-02	7.904155e+00
4.604000e-05	-4.817145e-02	7.739936e+00
4.605000e-05	-4.571273e-02	7.652124e+00
4.606000e-05	-4.461457e-02	7.506302e+00
4.607000e-05	-4.379736e-02	7.315302e+00
4.608000e-05	-4.229338e-02	7.148412e+00
4.609000e-05	-3.891245e-02	7.053118e+00
4.610000e-05	-3.914742e-02	6.894731e+00
4.611000e-05	-3.649262e-02	6.759917e+00
4.612000e-05	-3.483577e-02	6.611090e+00
4.613000e-05	-3.302545e-02	6.481099e+00
4.614000e-05	-3.132957e-02	6.355330e+00
4.615000e-05	-2.923883e-02	6.168889e+00
4.616000e-05	-2.636905e-02	6.033600e+00
4.617000e-05	-2.567280e-02	5.896781e+00
4.618000e-05	-2.528135e-02	5.725204e+00
4.619000e-05	-2.200588e-02	5.547836e+00
4.620000e-05	-1.948012e-02	5.379415e+00
4.621000e-05	-1.877796e-02	5.220437e+00
4.622000e-05	-1.833196e-02	4.979413e+00
4.623000e-05	-1.747952e-02	4.809420e+00
4.624000e-05	-1.576941e-02	4.621971e+00
4.625000e-05	-1.539949e-02	4.473101e+00
4.626000e-05	-1.379302e-02	4.366827e+00
4.627000e-05	-1.231412e-02	4.104675e+00
4.628000e-05	-1.169132e-02	3.936262e+00
4.629000e-05	-1.194019e-02	3.759411e+00
4.630000e-05	-1.163325e-02	3.601518e+00
4.631000e-05	-1.052316e-02	3.389016e+00
4.632000e-05	-1.102974e-02	3.220492e+00
4.633000e-05	-9.858404e-03	3.061572e+00
4.634000e-05	-9.879138e-03	2.844156e+00
4.635000e-05	-9.163475e-03	2.685824e+00
4.636000e-05	-9.891150e-03	2.483128e+00
4.637000e-05	-9.672728e-03	2.283707e+00
4.638000e-05	-8.874568e-03	2.125759e+00
4.639000e-05	-7.496584e-03	1.969340e+00
4.640000e-05	-6.763940e-03	1.747881e+00
4.641000e-05	-6.843155e-03	1.557790e+00
4.642000e-05	-5.932694e-03	1.326312e+00
4.643000e-05	-7.350875e-03	1.139367e+00
4.644000e-05	-7.114963e-03	8.852066e-01
4.645000e-05	-6.619173e-03	7.473345e-01
4.646000e-05	-5.785622e-03	5.458370e-01
4.647000e-05	-4.967815e-03	3.879196e-01
4.648000e-05	-5.558181e-03	1.869368e-01
4.649000e-05	-9.167526e-04	-2.063409e-02
4.650000e-05	2.422023e-03	-2.194829e-01
4.651000e-05	-3.401838e-03	-3.584737e-01
4.652000e-05	-2.214335e-04	-5.067949e-01
4.653000e-05	-3.586196e-03	-7.464238e-01
4.654000e-05	-1.282608e-03	-8.652384e-01
4.655000e-05	-2.349250e-03	-1.032588e+00
4.656000e-05	7.085197e-03	-1.240059e+00
4.657000e-05	5.466325e-02	-1.443188e+00
4.658000e-05	4.877394e-02	-1.642661e+00
4.659000e-05	-6.860032e-02	-1.875847e+00
4.660000e-05	-1.717516e-02	-2.168900e+00
4.661000e-05	-9.021790e-02	-2.369499e+00
4.662000e-05	2.467982e-03	-2.474231e+00
4.663000e-05	1.556251e-01	-2.546321e+00
4.664000e-05	-1.241803e-01	-2.727426e+00
4.665000e-05	3.286591e-02	-2.956901e+00
4.666000e-05	9.547463e-02	-3.118396e+00
4.667000e-05	-1.735725e-01	-3.315844e+00
4.668000e-05	9.781149e-02	-3.516292e+00
4.669000e-05	5.176507e-02	-3.609636e+00
4.670000e-05	-1.531244e-01	-3.862368e+00
4.671000e-05	1.432290e-01	-4.030030e+00
4.672000e-05	-7.300655e-03	-4.159579e+00
4.673000e-05	-2.616059e-02	-4.379052e+00
4.674000e-05	2.257350e-02	-4.504718e+00
4.675000e-05	-1.420446e-01	-4.716395e+00
4.676000e-05	1.351244e-01	-4.895710e+00
4.677000e-05	2.364606e-02	-5.082663e+00
4.678000e-05	-5.866069e-02	-5.274183e+00
4.679000e-05	5.026536e-02	-5.491731e+00
4.680000e-05	-7.065546e-02	-5.633132e+00
4.681000e-05	8.248347e-02	-5.780000e+00
4.682000e-05	-5.641816e-02	-5.946468e+00
4.683000e-05	1.488662e-02	-6.043335e+00
4.684000e-05	6.162146e-02	-6.293232e+00
4.685000e-05	-8.012991e-02	-6.420607e+00
4.686000e-05	8.274739e-02	-6.568499e+00
4.687000e-05	-5.356005e-02	-6.706340e+00
4.688000e-05	2.182607e-02	-6.803131e+00
4.689000e-05	7.371961e-03	-7.011124e+00
4.690000e-05	-2.069928e-02	-7.128575e+00
4.691000e-05	7.920636e-02	-7.293814e+00
4.692000e-05	-6.106196e-02	-7.441109e+00
4.693000e-05	2.969433e-02	-7.578994e+00
4.694000e-05	-1.696870e-02	-7.685887e+00
4.695000e-05	1.971917e-02	-7.904864e+00
4.696000e-05	1.590411e-02	-8.000079e+00
4.697000e-05	-1.788039e-02	-8.146366e+00
4.698000e-05	5.179621e-02	-8.241655e+00
4.699000e-05	-2.904333e-02	-8.318922e+00
4.700000e-05	8.779607e-03	-8.451607e+00
4.701000e-05	-1.093846e-02	-8.578418e+00
4.702000e-05	3.001989e-02	-8.686416e+00
4.703000e-05	1.931379e-02	-8.820627e+00
4.704000e-05	-1.474345e-02	-8.874787e+00
4.705000e-05	1.451188e-02	-8.969028e+00
4.706000e-05	-1.214089e-03	-9.105231e+00
4.707000e-05	1.879351e-02	-9.178419e+00
4.708000e-05	-5.097551e-03	-9.221053e+00
4.709000e-05	1.177515e-02	-9.305312e+00
4.710000e-05	1.049579e-02	-9.391073e+00
4.711000e-05	7.424180e-03	-9.538366e+00
4.712000e-05	9.784751e-03	-9.591024e+00
4.713000e-05	-1.971121e-05	-9.672205e+00
4.714000e-05	6.181315e-03	-9.706760e+00
4.715000e-05	8.341820e-03	-9.758896e+00
4.716000e-05	2.289975e-02	-9.820050e+00
4.717000e-05	8.293539e-03	-9.874258e+00
4.718000e-05	-1.259466e-03	-9.946891e+00
4.719000e-05	7.421100e-04	-9.978418e+00
4.720000e-05	1.446980e-02	-1.000950e+01
4.721000e-05	1.713744e-02	-1.002213e+01
4.722000e-05	8.150134e-03	-1.007473e+01
4.723000e-05	6.831279e-03	-1.010431e+01
4.724000e-05	1.053496e-02	-1.013791e+01
4.725000e-05	1.289422e-02	-1.019096e+01
4.726000e-05	1.018648e-02	-1.022114e+01
4.727000e-05	7.371194e-03	-1.026460e+01
4.728000e-05	9.656972e-03	-1.024420e+01
4.729000e-05	1.607473e-02	-1.032678e+01
4.730000e-05	1.455290e-02	-1.025633e+01
4.731000e-05	1.000864e-02	-1.032733e+01
4.732000e-05	8.916303e-03	-1.029583e+01
4.733000e-05	1.362192e-02	-1.030818e+01
4.734000e-05	1.685633e-02	-1.030828e+01
4.735000e-05	1.785083e-02	-1.033565e+01
4.736000e-05	1.606391e-02	-1.027425e+01
4.737000e-05	1.414806e-02	-1.025268e+01
4.738000e-05	1.610033e-02	-1.016212e+01
4.739000e-05	1.778550e-02	-1.015149e+01
4.740000e-05	2.050279e-02	-1.014799e+01
4.741000e-05	2.009513e-02	-1.010381e+01
4.742000e-05	2.229056e-02	-1.008380e+01
4.743000e-05	2.220278e-02	-1.004063e+01
4.744000e-05	2.203898e-02	-1.001097e+01
4.745000e-05	2.278595e-02	-9.948343e+00
4.746000e-05	2.458645e-02	-9.916307e+00
4.747000e-05	2.688490e-02	-9.885231e+00
4.748000e-05	2.614111e-02	-9.840496e+00
4.749000e-05	2.726211e-02	-9.738411e+00
4.750000e-05	2.798067e-02	-9.724756e+00
4.751000e-05	3.001268e-02	-9.673654e+00
4.752000e-05	2.932399e-02	-9.620549e+00
4.753000e-05	3.210050e-02	-9.518310e+00
4.754000e-05	3.301329e-02	-9.405472e+00
4.755000e-05	3.460677e-02	-9.354907e+00
4.756000e-05	3.462158e-02	-9.252553e+00
4.757000e-05	3.486065e-02	-9.189441e+00
4.758000e-05	3.499881e-02	-9.114704e+00
4.759000e-05	3.669041e-02	-9.000015e+00
4.760000e-05	3.939276e-02	-8.894704e+00
4.761000e-05	3.899072e-02	-8.821019e+00
4.762000e-05	3.854121e-02	-8.766305e+00
4.763000e-05	3.965448e-02	-8.601535e+00
4.764000e-05	4.056778e-02	-8.492602e+00
4.765000e-05	4.163752e-02	-8.389915e+00
4.766000e-05	4.092887e-02	-8.263677e+00
4.767000e-05	4.113072e-02	-8.149357e+00
4.768000e-05	4.132980e-02	-8.063129e+00
4.769000e-05	4.048615e-02	-7.896256e+00
4.770000e-05	4.068757e-02	-7.777992e+00
4.771000e-05	3.685695e-02	-7.640571e+00
4.772000e-05	3.823999e-02	-7.465152e+00
4.773000e-05	3.654981e-02	-7.347336e+00
4.774000e-05	3.727466e-02	-7.211548e+00
4.775000e-05	3.384912e-02	-7.123751e+00
4.776000e-05	3.095393e-02	-6.915209e+00
4.777000e-05	2.951679e-02	-6.770411e+00
4.778000e-05	2.845087e-02	-6.642073e+00
4.779000e-05	2.650553e-02	-6.503732e+00
4.780000e-05	2.395012e-02	-6.358861e+00
4.781000e-05	2.284520e-02	-6.199887e+00
4.782000e-05	2.055237e-02	-6.019998e+00
4.783000e-05	1.822709e-02	-5.884128e+00
4.784000e-05	1.581489e-02	-5.726785e+00
4.785000e-05	1.554595e-02	-5.589892e+00
4.786000e-05	1.370415e-02	-5.390240e+00
4.787000e-05	1.315527e-02	-5.201366e+00
4.788000e-05	1.116115e-02	-5.022444e+00
4.789000e-05	9.924013e-03	-4.800966e+00
4.790000e-05	7.593764e-03	-4.621546e+00
4.791000e-05	7.356304e-03	-4.453650e+00
4.792000e-05	7.071304e-03	-4.325259e+00
4.793000e-05	5.887987e-03	-4.158342e+00
4.794000e-05	5.465945e-03	-4.011443e+00
4.795000e-05	3.580916e-03	-3.819969e+00
4.796000e-05	3.838799e-03	-3.631522e+00
4.797000e-05	2.864335e-03	-3.453123e+00
4.798000e-05	3.089260e-03	-3.283159e+00
4.799000e-05	2.612908e-03	-3.113757e+00
4.800000e-05	1.677362e-03	-2.854708e+00
4.801000e-05	9.669604e-04	-2.745682e+00
4.802000e-05	-1.186129e-04	-2.567711e+00
4.803000e-05	6.081743e-04	-2.379386e+00
4.804000e-05	-6.884229e-04	-2.128812e+00
4.805000e-05	9.818828e-04	-1.966864e+00
4.806000e-05	-8.091717e-04	-1.779445e+00
4.807000e-05	4.171025e-04	-1.602041e+00
4.808000e-05	-1.650347e-03	-1.440320e+00
4.809000e-05	-9.587841e-04	-1.168292e+00
4.810000e-05	-2.823466e-03	-9.708685e-01
4.811000e-05	-1.369886e-03	-8.404425e-01
4.812000e-05	-2.358853e-03	-6.012972e-01
4.813000e-05	-1.368788e-03	-3.899461e-01
4.814000e-05	-2.816852e-03	-2.119488e-01
4.815000e-05	7.242681e-04	-6.305387e-02
4.816000e-05	3.817577e-03	1.453763e-01
4.817000e-05	-1.177942e-03	3.774711e-01
4.818000e-05	3.506085e-04	5.147659e-01
4.819000e-05	-7.455392e-04	6.801856e-01
4.820000e-05	-4.189430e-03	8.105266e-01
4.821000e-05	-1.408941e-03	1.070259e+00
4.822000e-05	1.463645e-03	1.230711e+00
4.823000e-05	1.423881e-02	1.431508e+00
4.824000e-05	6.024285e-02	1.661238e+00
4.825000e-05	1.801938e-02	1.925417e+00
4.826000e-05	-5.773152e-02	2.072740e+00
4.827000e-05	-3.516676e-02	2.293285e+00
4.828000e-05	-6.154972e-02	2.389133e+00
4.829000e-05	-3.657021e-02	2.545471e+00
4.830000e-05	1.453656e-01	2.706870e+00
4.831000e-05	-6.470332e-02	2.935867e+00
4.832000e-05	-5.355253e-02	3.051179e+00
4.833000e-05	1.212084e-01	3.210583e+00
4.834000e-05	-1.062524e-01	3.463238e+00
4.835000e-05	8.317125e-03	3.590552e+00
4.836000e-05	6.905650e-02	3.786974e+00
4.837000e-05	-1.071165e-01	3.957971e+00
4.838000e-05	4.963787e-02	4.125314e+00
4.839000e-05	3.410232e-02	4.316970e+00
4.840000e-05	-4.108146e-02	4.493787e+00
4.841000e-05	-6.377877e-03	4.673186e+00
4.842000e-05	-5.547020e-02	4.875661e+00
4.843000e-05	2.754438e-02	5.086886e+00
4.844000e-05	2.986587e-02	5.304816e+00
4.845000e-05	-9.155998e-03	5.451131e+00
4.846000e-05	-1.945349e-02	5.589551e+00
4.847000e-05	-2.035671e-02	5.777495e+00
4.848000e-05	1.661350e-02	5.977971e+00
4.849000e-05	-2.725491e-02	6.105890e+00
4.850000e-05	-2.562669e-03	6.260729e+00
4.851000e-05	1.647434e-02	6.389525e+00
4.852000e-05	-3.113867e-02	6.526995e+00
4.853000e-05	1.268150e-02	6.754913e+00
4.854000e-05	-2.941853e-02	6.913711e+00
4.855000e-05	-7.904462e-03	6.990051e+00
4.856000e-05	1.251175e-03	7.137491e+00
4.857000e-05	-5.561571e-03	7.222225e+00
4.858000e-05	5.429962e-03	7.430151e+00
4.859000e-05	-2.787946e-02	7.639069e+00
4.860000e-05	-6.094850e-03	7.716365e+00
4.861000e-05	-1.366792e-02	7.873752e+00
4.862000e-05	1.232790e-03	8.040053e+00
4.863000e-05	-1.109129e-02	8.126396e+00
4.864000e-05	-1.227819e-02	8.302756e+00
4.865000e-05	2.572241e-03	8.389543e+00
4.866000e-05	-1.044047e-02	8.452127e+00
4.867000e-05	-1.996238e-02	8.568418e+00
4.868000e-05	-2.019788e-02	8.662777e+00
4.869000e-05	6.291031e-05	8.758470e+00
4.870000e-05	8.930150e-04	8.801128e+00
4.871000e-05	-1.447016e-02	8.965812e+00
4.872000e-05	-1.964427e-02	9.084228e+00
4.873000e-05	-1.253184e-02	9.178448e+00
4.874000e-05	-5.648741e-03	9.241180e+00
4.875000e-05	-8.763071e-03	9.305336e+00
4.876000e-05	-1.323933e-02	9.380021e+00
4.877000e-05	-1.201380e-02	9.471707e+00
4.878000e-05	-1.067596e-02	9.537817e+00
4.879000e-05	-1.260210e-02	9.599049e+00
4.880000e-05	-1.597851e-02	9.653727e+00
4.881000e-05	-1.824018e-02	9.725934e+00
4.882000e-05	-1.056002e-02	9.842147e+00
4.883000e-05	-4.628292e-03	9.883282e+00
4.884000e-05	-1.048438e-02	9.948467e+00
4.885000e-05	-2.012711e-02	1.004105e+01
4.886000e-05	-1.990856e-02	1.007115e+01
4.887000e-05	-1.126823e-02	1.005383e+01
4.888000e-05	-9.651275e-03	1.010376e+01
4.889000e-05	-1.520985e-02	1.017796e+01
4.890000e-05	-1.940152e-02	1.018807e+01
4.891000e-05	-1.569309e-02	1.020904e+01
4.892000e-05	-1.692034e-02	1.023168e+01
4.893000e-05	-1.507253e-02	1.024175e+01
4.894000e-05	-1.787640e-02	1.027470e+01
4.895000e-05	-1.628995e-02	1.028328e+01
4.896000e-05	-1.406754e-02	1.026530e+01
4.897000e-05	-1.641564e-02	1.030526e+01
4.898000e-05	-2.204906e-02	1.030578e+01
4.899000e-05	-2.389641e-02	1.029586e+01
4.900000e-05	-1.841682e-02	1.026423e+01
4.901000e-05	-1.785282e-02	1.028426e+01
4.902000e-05	-2.010987e-02	1.030478e+01
4.903000e-05	-2.265050e-02	1.025373e+01
4.904000e-05	-2.478044e-02	1.026267e+01
4.905000e-05	-2.450386e-02	1.024160e+01
4.906000e-05	-2.523644e-02	1.019849e+01
4.907000e-05	-2.602474e-02	1.016899e+01
4.908000e-05	-2.593822e-02	1.011683e+01
4.909000e-05	-2.661516e-02	1.011473e+01
4.910000e-05	-2.853810e-02	1.005265e+01
4.911000e-05	-3.047050e-02	1.002167e+01
4.912000e-05	-3.219596e-02	9.970011e+00
4.913000e-05	-3.129548e-02	9.927332e+00
4.914000e-05	-3.099275e-02	9.854744e+00
4.915000e-05	-3.234945e-02	9.800509e+00
4.916000e-05	-3.484767e-02	9.704810e+00
4.917000e-05	-3.766262e-02	9.632022e+00
4.918000e-05	-3.666557e-02	9.579493e+00
4.919000e-05	-3.830593e-02	9.504703e+00
4.920000e-05	-3.772869e-02	9.432548e+00
4.921000e-05	-3.966504e-02	9.347413e+00
4.922000e-05	-4.063213e-02	9.324704e+00
4.923000e-05	-4.136049e-02	9.201044e+00
4.924000e-05	-4.448997e-02	9.107911e+00
4.925000e-05	-4.374659e-02	9.073061e+00
4.926000e-05	-4.442356e-02	8.903755e+00
4.927000e-05	-4.269199e-02	8.830095e+00
4.928000e-05	-4.677677e-02	8.687281e+00
4.929000e-05	-4.643625e-02	8.601544e+00
4.930000e-05	-4.874289e-02	8.525782e+00
4.931000e-05	-4.702908e-02	8.431029e+00
4.932000e-05	-4.800065e-02	8.276832e+00
4.933000e-05	-4.683986e-02	8.217844e+00
4.934000e-05	-4.668242e-02	8.061700e+00
4.935000e-05	-4.660247e-02	7.947935e+00
4.936000e-05	-4.711204e-02	7.800971e+00
4.937000e-05	-4.659018e-02	7.714728e+00
4.938000e-05	-4.467859e-02	7.579461e+00
4.939000e-05	-4.369959e-02	7.420537e+00
4.940000e-05	-4.211446e-02	7.231573e+00
4.941000e-05	-4.005252e-02	7.114782e+00
4.942000e-05	-4.007402e-02	6.989487e+00
4.943000e-05	-3.862027e-02	6.832099e+00
4.944000e-05	-3.602301e-02	6.716402e+00
4.945000e-05	-3.205833e-02	6.494281e+00
4.946000e-05	-3.106299e-02	6.380436e+00
4.947000e-05	-3.119373e-02	6.240996e+00
4.948000e-05	-2.939987e-02	6.095205e+00
4.949000e-05	-2.625512e-02	6.000493e+00
4.950000e-05	-2.422799e-02	5.819613e+00
4.951000e-05	-2.257163e-02	5.590968e+00
4.952000e-05	-2.125956e-02	5.432026e+00
4.953000e-05	-1.940490e-02	5.276649e+00
4.954000e-05	-1.864767e-02	5.065197e+00
4.955000e-05	-1.884743e-02	4.834595e+00
4.956000e-05	-1.787849e-02	4.704202e+00
4.957000e-05	-1.558568e-02	4.527759e+00
4.958000e-05	-1.405785e-02	4.399987e+00
4.959000e-05	-1.226795e-02	4.229460e+00
4.960000e-05	-1.341132e-02	4.010544e+00
4.961000e-05	-1.322085e-02	3.812021e+00
4.962000e-05	-1.327577e-02	3.644079e+00
4.963000e-05	-1.004847e-02	3.575319e+00
4.964000e-05	-9.758346e-03	3.295104e+00
4.965000e-05	-1.001321e-02	3.097734e+00
4.966000e-05	-9.313887e-03	2.987837e+00
4.967000e-05	-1.053772e-02	2.800963e+00
4.968000e-05	-9.403481e-03	2.568267e+00
4.969000e-05	-1.011358e-02	2.398864e+00
4.970000e-05	-8.136225e-03	2.199967e+00
4.971000e-05	-6.773084e-03	2.031918e+00
4.972000e-05	-7.476596e-03	1.852520e+00
4.973000e-05	-7.763669e-03	1.622074e+00
4.974000e-05	-7.778338e-03	1.442048e+00
4.975000e-05	-7.438756e-03	1.273651e+00
4.976000e-05	-5.533006e-03	1.042516e+00
4.977000e-05	-5.876200e-03	8.209736e-01
4.978000e-05	-5.205423e-03	6.300723e-01
4.979000e-05	-6.181619e-03	4.131275e-01
4.980000e-05	-5.346881e-03	2.531724e-01
4.981000e-05	-5.277684e-03	1.019964e-01
4.982000e-05	1.972557e-03	-9.536980e-02
4.983000e-05	-5.555661e-04	-3.047669e-01
4.984000e-05	-1.313568e-03	-4.401330e-01
4.985000e-05	-1.164289e-03	-6.250594e-01
4.986000e-05	-3.230407e-03	-8.106067e-01
4.987000e-05	-2.830729e-03	-9.704789e-01
4.988000e-05	6.912196e-04	-1.166475e+00
4.989000e-05	2.465824e-02	-1.327855e+00
4.990000e-05	8.342610e-02	-1.566975e+00
4.991000e-05	-4.162218e-02	-1.779582e+00
4.992000e-05	-3.390778e-02	-2.062166e+00
4.993000e-05	-5.648307e-02	-2.292467e+00
4.994000e-05	-7.726325e-02	-2.430580e+00
4.995000e-05	1.368792e-01	-2.446740e+00
4.996000e-05	1.706456e-02	-2.643212e+00
4.997000e-05	-1.179037e-01	-2.864266e+00
4.998000e-05	1.757807e-01	-3.021657e+00
4.999000e-05	-1.041700e-01	-3.230609e+00
