# 260410_15:58:07.407189
t	CH1	CH2
0.000000e+00	-3.124633e-04	-9.689173e-01
1.000000e-08	-1.911748e-03	-1.115413e+00
2.000000e-08	1.304094e-02	-1.344862e+00
3.000000e-08	6.707472e-02	-1.477938e+00
4.000000e-08	2.219851e-02	-1.736413e+00
5.000000e-08	-6.878468e-02	-1.978566e+00
6.000000e-08	-1.823996e-02	-2.183232e+00
7.000000e-08	-9.747297e-02	-2.433699e+00
8.000000e-08	4.901815e-02	-2.525288e+00
9.000000e-08	1.226327e-01	-2.612075e+00
1.000000e-07	-1.508851e-01	-2.831652e+00
1.100000e-07	1.153274e-01	-3.004230e+00
1.200000e-07	4.969472e-02	-3.181472e+00
1.300000e-07	-1.597180e-01	-3.381146e+00
1.400000e-07	1.444781e-01	-3.557892e+00
1.500000e-07	-1.020745e-02	-3.705891e+00
1.600000e-07	-1.190690e-01	-3.937417e+00
1.700000e-07	1.733660e-01	-4.063779e+00
1.800000e-07	-6.422087e-02	-4.245338e+00
1.900000e-07	2.587236e-02	-4.422074e+00
2.000000e-07	-9.764152e-03	-4.550044e+00
2.100000e-07	-1.221466e-01	-4.811697e+00
2.200000e-07	1.657334e-01	-4.978945e+00
2.300000e-07	-2.175722e-02	-5.108389e+00
2.400000e-07	-2.355496e-02	-5.297359e+00
2.500000e-07	3.148618e-02	-5.516862e+00
2.600000e-07	-5.525723e-02	-5.676861e+00
2.700000e-07	8.464460e-02	-5.843125e+00
2.800000e-07	-8.765816e-02	-5.992545e+00
2.900000e-07	6.426263e-02	-6.138517e+00
3.000000e-07	2.844961e-02	-6.296940e+00
3.100000e-07	-6.649249e-02	-6.475358e+00
3.200000e-07	8.597694e-02	-6.602099e+00
3.300000e-07	-6.918134e-02	-6.750521e+00
3.400000e-07	5.035262e-02	-6.866408e+00
3.500000e-07	-2.086486e-02	-7.093808e+00
3.600000e-07	3.418437e-04	-7.264178e+00
3.700000e-07	7.107308e-02	-7.358569e+00
3.800000e-07	-5.925595e-02	-7.496911e+00
3.900000e-07	3.751215e-02	-7.633200e+00
4.000000e-07	-3.270985e-02	-7.771126e+00
4.100000e-07	3.991075e-02	-7.938994e+00
4.200000e-07	2.116535e-03	-8.055254e+00
4.300000e-07	-9.328396e-03	-8.191645e+00
4.400000e-07	4.385410e-02	-8.285387e+00
4.500000e-07	-2.569651e-02	-8.393574e+00
4.600000e-07	2.049073e-02	-8.445380e+00
4.700000e-07	-1.926052e-02	-8.582701e+00
4.800000e-07	3.457683e-02	-8.810514e+00
4.900000e-07	8.521624e-03	-8.825181e+00
5.000000e-07	-4.380743e-03	-8.929592e+00
5.100000e-07	1.446874e-02	-9.051699e+00
5.200000e-07	-2.053094e-03	-9.097862e+00
5.300000e-07	1.885061e-02	-9.210099e+00
5.400000e-07	-7.910561e-03	-9.266204e+00
5.500000e-07	2.196491e-02	-9.349489e+00
5.600000e-07	8.581996e-03	-9.446231e+00
5.700000e-07	6.960303e-03	-9.569574e+00
5.800000e-07	3.994394e-03	-9.633602e+00
5.900000e-07	5.175083e-03	-9.686812e+00
6.000000e-07	9.396191e-03	-9.737989e+00
6.100000e-07	4.856982e-03	-9.802099e+00
6.200000e-07	1.800809e-02	-9.863234e+00
6.300000e-07	1.017373e-02	-9.905892e+00
6.400000e-07	5.976886e-03	-9.960940e+00
6.500000e-07	1.735952e-03	-9.980577e+00
6.600000e-07	1.039626e-02	-1.007318e+01
6.700000e-07	1.418145e-02	-1.004630e+01
6.800000e-07	9.504776e-03	-1.010694e+01
6.900000e-07	9.914654e-03	-1.015891e+01
7.000000e-07	8.560726e-03	-1.018304e+01
7.100000e-07	9.913741e-03	-1.019125e+01
7.200000e-07	8.988576e-03	-1.024320e+01
7.300000e-07	9.884969e-03	-1.024576e+01
7.400000e-07	1.191423e-02	-1.031626e+01
7.500000e-07	1.377414e-02	-1.030689e+01
7.600000e-07	1.084982e-02	-1.033731e+01
7.700000e-07	1.122619e-02	-1.032689e+01
7.800000e-07	1.109261e-02	-1.030750e+01
7.900000e-07	1.166171e-02	-1.032939e+01
8.000000e-07	1.285706e-02	-1.030947e+01
8.100000e-07	1.555294e-02	-1.029588e+01
8.200000e-07	1.672548e-02	-1.033576e+01
8.300000e-07	1.343595e-02	-1.031373e+01
8.400000e-07	1.198451e-02	-1.025368e+01
8.500000e-07	1.601923e-02	-1.021252e+01
8.600000e-07	1.845574e-02	-1.013844e+01
8.700000e-07	1.920948e-02	-1.010642e+01
8.800000e-07	1.806975e-02	-1.010778e+01
8.900000e-07	1.939270e-02	-1.005421e+01
9.000000e-07	1.842174e-02	-1.004910e+01
9.100000e-07	1.868538e-02	-9.978895e+00
9.200000e-07	2.082020e-02	-9.936913e+00
9.300000e-07	2.205084e-02	-9.884711e+00
9.400000e-07	2.344279e-02	-9.832130e+00
9.500000e-07	2.249449e-02	-9.760395e+00
9.600000e-07	2.212447e-02	-9.695339e+00
9.700000e-07	2.365193e-02	-9.662657e+00
9.800000e-07	2.299045e-02	-9.610023e+00
9.900000e-07	2.602893e-02	-9.528368e+00
1.000000e-06	2.550048e-02	-9.462128e+00
1.010000e-06	2.665662e-02	-9.377345e+00
1.020000e-06	2.539706e-02	-9.273181e+00
1.030000e-06	2.373471e-02	-9.169893e+00
1.040000e-06	2.586634e-02	-9.075680e+00
1.050000e-06	2.535327e-02	-8.949376e+00
1.060000e-06	2.692810e-02	-8.884712e+00
1.070000e-06	2.707852e-02	-8.830525e+00
1.080000e-06	2.645366e-02	-8.716291e+00
1.090000e-06	2.561990e-02	-8.560544e+00
1.100000e-06	2.536769e-02	-8.491610e+00
1.110000e-06	2.623348e-02	-8.349467e+00
1.120000e-06	2.612263e-02	-8.234107e+00
1.130000e-06	2.564901e-02	-8.176368e+00
1.140000e-06	2.520467e-02	-8.022179e+00
1.150000e-06	2.451540e-02	-7.896337e+00
1.160000e-06	2.420557e-02	-7.777840e+00
1.170000e-06	2.229939e-02	-7.621949e+00
1.180000e-06	2.332570e-02	-7.484055e+00
1.190000e-06	2.332794e-02	-7.355871e+00
1.200000e-06	2.306699e-02	-7.230423e+00
1.210000e-06	2.041111e-02	-7.094634e+00
1.220000e-06	1.861758e-02	-6.902684e+00
1.230000e-06	1.973639e-02	-6.768342e+00
1.240000e-06	1.913730e-02	-6.640456e+00
1.250000e-06	1.808230e-02	-6.472134e+00
1.260000e-06	1.754847e-02	-6.357293e+00
1.270000e-06	1.632615e-02	-6.186820e+00
1.280000e-06	1.427347e-02	-6.028451e+00
1.290000e-06	1.252751e-02	-5.812605e+00
1.300000e-06	1.299782e-02	-5.713791e+00
1.310000e-06	1.009224e-02	-5.539343e+00
1.320000e-06	1.283120e-02	-5.337468e+00
1.330000e-06	8.439486e-03	-5.187425e+00
1.340000e-06	9.606032e-03	-4.989899e+00
1.350000e-06	5.753717e-03	-4.746322e+00
1.360000e-06	7.970746e-03	-4.639525e+00
1.370000e-06	5.628350e-03	-4.452030e+00
1.380000e-06	5.976986e-03	-4.294188e+00
1.390000e-06	3.624003e-03	-4.126743e+00
1.400000e-06	4.767943e-03	-3.997926e+00
1.410000e-06	3.198053e-03	-3.807851e+00
1.420000e-06	3.376444e-03	-3.598921e+00
1.430000e-06	2.238896e-03	-3.430978e+00
1.440000e-06	2.921170e-03	-3.241579e+00
1.450000e-06	2.651581e-03	-3.113053e+00
1.460000e-06	2.100017e-04	-2.833106e+00
1.470000e-06	-1.297820e-04	-2.682058e+00
1.480000e-06	-3.558094e-04	-2.523241e+00
1.490000e-06	1.528609e-03	-2.365764e+00
1.500000e-06	1.449354e-05	-2.123668e+00
1.510000e-06	-3.062217e-06	-1.945792e+00
1.520000e-06	-1.275072e-03	-1.766395e+00
1.530000e-06	-5.118901e-04	-1.579369e+00
1.540000e-06	-2.233497e-03	-1.353770e+00
1.550000e-06	-1.797817e-03	-1.156792e+00
1.560000e-06	-1.912477e-03	-9.057668e-01
1.570000e-06	-1.807026e-03	-7.778735e-01
1.580000e-06	-2.254652e-03	-6.057494e-01
1.590000e-06	-2.718877e-03	-3.677972e-01
1.600000e-06	-2.517766e-03	-2.083986e-01
1.610000e-06	1.243175e-03	-1.990131e-02
1.620000e-06	3.621567e-03	1.390701e-01
1.630000e-06	-2.931942e-03	4.005200e-01
1.640000e-06	1.945974e-03	5.179171e-01
1.650000e-06	-2.331686e-03	7.069920e-01
1.660000e-06	-1.016325e-03	8.431818e-01
1.670000e-06	-3.680306e-03	1.116780e+00
1.680000e-06	3.714590e-03	1.264809e+00
1.690000e-06	1.901246e-02	1.464656e+00
1.700000e-06	6.588323e-02	1.718689e+00
1.710000e-06	-8.170404e-03	1.948916e+00
1.720000e-06	-5.506948e-02	2.089387e+00
1.730000e-06	-3.721010e-02	2.296314e+00
1.740000e-06	-6.865818e-02	2.403648e+00
1.750000e-06	-6.395194e-03	2.560047e+00
1.760000e-06	1.477055e-01	2.791620e+00
1.770000e-06	-1.167188e-01	2.908370e+00
1.780000e-06	1.898234e-02	3.044233e+00
1.790000e-06	8.905665e-02	3.266400e+00
1.800000e-06	-1.299408e-01	3.445937e+00
1.810000e-06	4.748069e-02	3.623127e+00
1.820000e-06	3.735179e-02	3.773148e+00
1.830000e-06	-1.085377e-01	3.981075e+00
1.840000e-06	8.300812e-02	4.131191e+00
1.850000e-06	2.464391e-03	4.360571e+00
1.860000e-06	-3.145650e-02	4.497364e+00
1.870000e-06	-3.192834e-03	4.685367e+00
1.880000e-06	-5.682738e-02	4.847890e+00
1.890000e-06	3.464330e-02	5.099413e+00
1.900000e-06	1.850964e-02	5.287414e+00
1.910000e-06	-3.178661e-03	5.445809e+00
1.920000e-06	-2.689754e-02	5.617181e+00
1.930000e-06	-9.401383e-03	5.771227e+00
1.940000e-06	7.957405e-03	5.991543e+00
1.950000e-06	-3.791548e-02	6.098462e+00
1.960000e-06	1.583023e-02	6.215733e+00
1.970000e-06	7.251306e-03	6.402627e+00
1.980000e-06	-3.149894e-02	6.521568e+00
1.990000e-06	1.274609e-02	6.780491e+00
2.000000e-06	-3.278094e-02	6.846361e+00
2.010000e-06	-4.014989e-03	7.023104e+00
2.020000e-06	-6.898138e-03	7.119494e+00
2.030000e-06	-2.530373e-03	7.307359e+00
2.040000e-06	4.794069e-03	7.376309e+00
2.050000e-06	-2.519217e-02	7.621653e+00
2.060000e-06	-8.217128e-03	7.761542e+00
2.070000e-06	-1.908341e-02	7.877760e+00
2.080000e-06	3.448124e-03	8.062750e+00
2.090000e-06	-1.102341e-02	8.151044e+00
2.100000e-06	-1.086901e-02	8.266807e+00
2.110000e-06	-7.678764e-04	8.390623e+00
2.120000e-06	-1.263258e-02	8.455710e+00
2.130000e-06	-1.519535e-02	8.530495e+00
2.140000e-06	-2.024875e-02	8.654756e+00
2.150000e-06	-2.795861e-03	8.768419e+00
2.160000e-06	-2.889878e-03	8.854177e+00
2.170000e-06	-9.425078e-03	8.929016e+00
2.180000e-06	-1.581426e-02	9.066280e+00
2.190000e-06	-1.489018e-02	9.190997e+00
2.200000e-06	-1.123325e-02	9.243678e+00
2.210000e-06	-1.130609e-02	9.317436e+00
2.220000e-06	-8.749692e-03	9.402171e+00
2.230000e-06	-9.484806e-03	9.433706e+00
2.240000e-06	-1.320795e-02	9.587895e+00
2.250000e-06	-1.611653e-02	9.572647e+00
2.260000e-06	-1.423320e-02	9.667733e+00
2.270000e-06	-1.483505e-02	9.718390e+00
2.280000e-06	-1.217680e-02	9.792775e+00
2.290000e-06	-8.962545e-03	9.874407e+00
2.300000e-06	-9.676719e-03	9.981040e+00
2.310000e-06	-1.626555e-02	1.003260e+01
2.320000e-06	-1.885192e-02	1.004321e+01
2.330000e-06	-1.478144e-02	1.007481e+01
2.340000e-06	-1.177212e-02	1.006639e+01
2.350000e-06	-1.254133e-02	1.012844e+01
2.360000e-06	-1.361457e-02	1.016859e+01
2.370000e-06	-1.547161e-02	1.020118e+01
2.380000e-06	-1.754242e-02	1.024265e+01
2.390000e-06	-1.658293e-02	1.024421e+01
2.400000e-06	-1.534715e-02	1.025430e+01
2.410000e-06	-1.452039e-02	1.030428e+01
2.420000e-06	-1.351241e-02	1.028491e+01
2.430000e-06	-1.745836e-02	1.026483e+01
2.440000e-06	-1.901138e-02	1.031581e+01
2.450000e-06	-2.005085e-02	1.029634e+01
2.460000e-06	-1.758479e-02	1.026629e+01
2.470000e-06	-1.866043e-02	1.026474e+01
2.480000e-06	-1.821540e-02	1.020426e+01
2.490000e-06	-1.947707e-02	1.026418e+01
2.500000e-06	-2.170458e-02	1.021365e+01
2.510000e-06	-2.286941e-02	1.016263e+01
2.520000e-06	-2.420958e-02	1.017107e+01
2.530000e-06	-2.193473e-02	1.015792e+01
2.540000e-06	-2.251101e-02	1.012684e+01
2.550000e-06	-2.289204e-02	1.007376e+01
2.560000e-06	-2.588391e-02	1.006418e+01
2.570000e-06	-2.562771e-02	1.001105e+01
2.580000e-06	-2.826958e-02	9.939020e+00
2.590000e-06	-2.737950e-02	9.846783e+00
2.600000e-06	-2.698023e-02	9.792703e+00
2.610000e-06	-2.681394e-02	9.749415e+00
2.620000e-06	-2.854433e-02	9.685763e+00
2.630000e-06	-3.138413e-02	9.581551e+00
2.640000e-06	-3.088507e-02	9.517367e+00
2.650000e-06	-3.136799e-02	9.494160e+00
2.660000e-06	-3.060680e-02	9.412625e+00
2.670000e-06	-3.015421e-02	9.346788e+00
2.680000e-06	-3.100573e-02	9.255183e+00
2.690000e-06	-3.095154e-02	9.208446e+00
2.700000e-06	-3.431140e-02	9.076260e+00
2.710000e-06	-3.125659e-02	8.999599e+00
2.720000e-06	-3.296440e-02	8.833632e+00
2.730000e-06	-3.024548e-02	8.748948e+00
2.740000e-06	-3.355742e-02	8.654213e+00
2.750000e-06	-3.140297e-02	8.589925e+00
2.760000e-06	-3.479363e-02	8.444762e+00
2.770000e-06	-3.145587e-02	8.400525e+00
2.780000e-06	-3.298722e-02	8.305286e+00
2.790000e-06	-2.998969e-02	8.107317e+00
2.800000e-06	-3.109340e-02	8.061654e+00
2.810000e-06	-2.998604e-02	7.877216e+00
2.820000e-06	-3.043427e-02	7.818495e+00
2.830000e-06	-3.002296e-02	7.661058e+00
2.840000e-06	-2.986116e-02	7.525816e+00
2.850000e-06	-2.927531e-02	7.356390e+00
2.860000e-06	-2.748767e-02	7.210001e+00
2.870000e-06	-2.750331e-02	7.043578e+00
2.880000e-06	-2.575092e-02	6.927217e+00
2.890000e-06	-2.759825e-02	6.789973e+00
2.900000e-06	-2.590829e-02	6.643083e+00
2.910000e-06	-2.381213e-02	6.452137e+00
2.920000e-06	-2.271569e-02	6.314790e+00
2.930000e-06	-2.127785e-02	6.188923e+00
2.940000e-06	-2.125469e-02	6.062553e+00
2.950000e-06	-2.058223e-02	5.896841e+00
2.960000e-06	-2.063547e-02	5.734642e+00
2.970000e-06	-1.959286e-02	5.547865e+00
2.980000e-06	-1.782683e-02	5.369974e+00
2.990000e-06	-1.540852e-02	5.219950e+00
3.000000e-06	-1.565268e-02	5.039044e+00
3.010000e-06	-1.481788e-02	4.780476e+00
3.020000e-06	-1.409015e-02	4.630953e+00
3.030000e-06	-1.356435e-02	4.472535e+00
3.040000e-06	-1.298107e-02	4.365167e+00
3.050000e-06	-1.220474e-02	4.093192e+00
3.060000e-06	-1.138884e-02	3.966842e+00
3.070000e-06	-1.062541e-02	3.729422e+00
3.080000e-06	-1.099459e-02	3.610006e+00
3.090000e-06	-1.067332e-02	3.451007e+00
3.100000e-06	-1.041689e-02	3.240453e+00
3.110000e-06	-8.572218e-03	3.071533e+00
3.120000e-06	-8.631609e-03	2.892160e+00
3.130000e-06	-8.227058e-03	2.787286e+00
3.140000e-06	-9.003150e-03	2.513212e+00
3.150000e-06	-7.735922e-03	2.285139e+00
3.160000e-06	-7.117714e-03	2.134790e+00
3.170000e-06	-6.852055e-03	1.937895e+00
3.180000e-06	-6.983360e-03	1.767376e+00
3.190000e-06	-6.662316e-03	1.526877e+00
3.200000e-06	-6.634132e-03	1.356745e+00
3.210000e-06	-6.635643e-03	1.187422e+00
3.220000e-06	-6.134212e-03	9.461972e-01
3.230000e-06	-5.482915e-03	7.762407e-01
3.240000e-06	-5.236295e-03	5.574460e-01
3.250000e-06	-5.198750e-03	4.384524e-01
3.260000e-06	-4.124869e-03	1.868474e-01
3.270000e-06	-2.578098e-03	-2.162782e-02
3.280000e-06	3.537303e-03	-1.894712e-01
3.290000e-06	-2.171009e-03	-3.484434e-01
3.300000e-06	-1.182956e-03	-4.844146e-01
3.310000e-06	-1.325295e-03	-7.083647e-01
3.320000e-06	-1.659572e-03	-8.978330e-01
3.330000e-06	-1.344945e-03	-1.053178e+00
3.340000e-06	3.034183e-03	-1.202125e+00
3.350000e-06	3.905166e-02	-1.351623e+00
3.360000e-06	7.807882e-02	-1.584126e+00
3.370000e-06	-6.325661e-02	-1.875808e+00
3.380000e-06	-1.990383e-02	-2.106962e+00
3.390000e-06	-7.564969e-02	-2.407992e+00
3.400000e-06	-4.950049e-02	-2.494757e+00
3.410000e-06	1.585496e-01	-2.509443e+00
3.420000e-06	-5.840976e-02	-2.728461e+00
3.430000e-06	-6.677724e-02	-2.947543e+00
3.440000e-06	1.563309e-01	-3.086958e+00
3.450000e-06	-1.685906e-01	-3.285888e+00
3.460000e-06	1.752827e-02	-3.464360e+00
3.470000e-06	1.227049e-01	-3.632649e+00
3.480000e-06	-1.544741e-01	-3.824279e+00
3.490000e-06	7.964865e-02	-4.002526e+00
3.500000e-06	7.469466e-02	-4.151048e+00
3.510000e-06	-8.626261e-02	-4.390045e+00
3.520000e-06	8.350616e-02	-4.506863e+00
3.530000e-06	-1.465609e-01	-4.716361e+00
3.540000e-06	5.961042e-02	-4.866341e+00
3.550000e-06	1.008124e-01	-5.034679e+00
3.560000e-06	-8.824741e-02	-5.246231e+00
3.570000e-06	7.026553e-02	-5.405582e+00
3.580000e-06	-6.549147e-02	-5.633624e+00
3.590000e-06	4.920059e-02	-5.793048e+00
3.600000e-06	-1.193038e-02	-5.916390e+00
3.610000e-06	-4.053062e-02	-6.067783e+00
3.620000e-06	1.084145e-01	-6.245730e+00
3.630000e-06	-8.838661e-02	-6.384123e+00
3.640000e-06	5.504077e-02	-6.548496e+00
3.650000e-06	-1.237305e-03	-6.677436e+00
3.660000e-06	-2.473354e-02	-6.854179e+00
3.670000e-06	4.779416e-02	-6.991073e+00
3.680000e-06	-6.218483e-02	-7.159016e+00
3.690000e-06	9.141623e-02	-7.315784e+00
3.700000e-06	-2.904436e-02	-7.405178e+00
3.710000e-06	2.245202e-04	-7.599997e+00
3.720000e-06	2.391541e-03	-7.667984e+00
3.730000e-06	-8.493969e-03	-7.915390e+00
3.740000e-06	4.659075e-02	-7.993625e+00
3.750000e-06	-3.319052e-02	-8.108416e+00
3.760000e-06	4.493458e-02	-8.243204e+00
3.770000e-06	-5.461147e-03	-8.368440e+00
3.780000e-06	4.947280e-04	-8.454178e+00
3.790000e-06	6.357693e-04	-8.517044e+00
3.800000e-06	6.663682e-04	-8.687912e+00
3.810000e-06	3.828501e-02	-8.822622e+00
3.820000e-06	-1.685868e-02	-8.925415e+00
3.830000e-06	1.830299e-02	-8.991071e+00
3.840000e-06	-3.627834e-03	-9.054803e+00
3.850000e-06	1.497930e-02	-9.199517e+00
3.860000e-06	6.538611e-04	-9.234701e+00
3.870000e-06	6.023852e-03	-9.307438e+00
3.880000e-06	2.238877e-02	-9.391149e+00
3.890000e-06	9.859829e-04	-9.515916e+00
3.900000e-06	1.054468e-02	-9.612124e+00
3.910000e-06	-5.304084e-04	-9.664781e+00
3.920000e-06	1.159742e-02	-9.697362e+00
3.930000e-06	1.011701e-03	-9.790491e+00
3.940000e-06	1.417487e-02	-9.842729e+00
3.950000e-06	1.555937e-02	-9.885854e+00
3.960000e-06	6.791398e-03	-9.937366e+00
3.970000e-06	3.480528e-03	-9.970921e+00
3.980000e-06	5.395813e-03	-1.005358e+01
3.990000e-06	1.660773e-02	-1.003428e+01
4.000000e-06	1.044775e-02	-1.006733e+01
4.010000e-06	8.671295e-03	-1.011844e+01
4.020000e-06	7.950571e-03	-1.017257e+01
4.030000e-06	9.637283e-03	-1.022205e+01
4.040000e-06	9.052509e-03	-1.018520e+01
4.050000e-06	9.076223e-03	-1.022433e+01
4.060000e-06	1.173880e-02	-1.023638e+01
4.070000e-06	1.391151e-02	-1.032484e+01
4.080000e-06	1.303509e-02	-1.030896e+01
4.090000e-06	1.062582e-02	-1.030794e+01
4.100000e-06	1.095433e-02	-1.037842e+01
4.110000e-06	1.125815e-02	-1.031889e+01
4.120000e-06	1.160819e-02	-1.033796e+01
4.130000e-06	1.452657e-02	-1.033731e+01
4.140000e-06	1.688111e-02	-1.026689e+01
4.150000e-06	1.489003e-02	-1.027481e+01
4.160000e-06	1.254309e-02	-1.025316e+01
4.170000e-06	1.408635e-02	-1.021410e+01
4.180000e-06	1.674135e-02	-1.016055e+01
4.190000e-06	1.870290e-02	-1.017044e+01
4.200000e-06	1.858783e-02	-1.013581e+01
4.210000e-06	1.887092e-02	-1.006323e+01
4.220000e-06	1.877108e-02	-1.005213e+01
4.230000e-06	1.827707e-02	-1.003210e+01
4.240000e-06	1.939855e-02	-9.927442e+00
4.250000e-06	2.169924e-02	-9.886813e+00
4.260000e-06	2.316402e-02	-9.843679e+00
4.270000e-06	2.330962e-02	-9.770499e+00
4.280000e-06	2.238341e-02	-9.757817e+00
4.290000e-06	2.263621e-02	-9.674234e+00
4.300000e-06	2.236591e-02	-9.633157e+00
4.310000e-06	2.371964e-02	-9.559871e+00
4.320000e-06	2.537642e-02	-9.444706e+00
4.330000e-06	2.570727e-02	-9.399471e+00
4.340000e-06	2.565617e-02	-9.304832e+00
4.350000e-06	2.503308e-02	-9.221497e+00
4.360000e-06	2.581405e-02	-9.106289e+00
4.370000e-06	2.525498e-02	-9.021053e+00
4.380000e-06	2.671992e-02	-8.967341e+00
4.390000e-06	2.713577e-02	-8.822004e+00
4.400000e-06	2.696277e-02	-8.777894e+00
4.410000e-06	2.563972e-02	-8.615108e+00
4.420000e-06	2.526073e-02	-8.495716e+00
4.430000e-06	2.547039e-02	-8.420047e+00
4.440000e-06	2.627886e-02	-8.286711e+00
4.450000e-06	2.579582e-02	-8.188495e+00
4.460000e-06	2.581226e-02	-8.082763e+00
4.470000e-06	2.501882e-02	-7.978439e+00
4.480000e-06	2.413874e-02	-7.863150e+00
4.490000e-06	2.277159e-02	-7.662683e+00
4.500000e-06	2.197547e-02	-7.527313e+00
4.510000e-06	2.334490e-02	-7.400949e+00
4.520000e-06	2.301099e-02	-7.264650e+00
4.530000e-06	2.175277e-02	-7.156238e+00
4.540000e-06	1.955283e-02	-6.976870e+00
4.550000e-06	1.882355e-02	-6.870529e+00
4.560000e-06	1.864759e-02	-6.673258e+00
4.570000e-06	1.850017e-02	-6.564816e+00
4.580000e-06	1.825587e-02	-6.410422e+00
4.590000e-06	1.686837e-02	-6.233055e+00
4.600000e-06	1.467094e-02	-6.093183e+00
4.610000e-06	1.314279e-02	-5.945815e+00
4.620000e-06	1.241018e-02	-5.776846e+00
4.630000e-06	1.147367e-02	-5.621030e+00
4.640000e-06	1.166319e-02	-5.471529e+00
4.650000e-06	1.027073e-02	-5.262510e+00
4.660000e-06	9.963376e-03	-5.063081e+00
4.670000e-06	7.455129e-03	-4.881464e+00
4.680000e-06	6.323302e-03	-4.672085e+00
4.690000e-06	5.781108e-03	-4.553239e+00
4.700000e-06	6.799568e-03	-4.386921e+00
4.710000e-06	4.514467e-03	-4.240504e+00
4.720000e-06	5.226030e-03	-4.041558e+00
4.730000e-06	2.827604e-03	-3.885157e+00
4.740000e-06	3.818159e-03	-3.692111e+00
4.750000e-06	1.993431e-03	-3.513612e+00
4.760000e-06	2.755560e-03	-3.355262e+00
4.770000e-06	3.073602e-03	-3.173292e+00
4.780000e-06	1.273584e-03	-2.924268e+00
4.790000e-06	1.126142e-03	-2.777348e+00
4.800000e-06	-7.267159e-04	-2.598344e+00
4.810000e-06	8.245892e-04	-2.428955e+00
4.820000e-06	-3.603225e-04	-2.230501e+00
4.830000e-06	2.480610e-04	-2.029528e+00
4.840000e-06	-9.615541e-04	-1.888483e+00
4.850000e-06	4.648335e-05	-1.682561e+00
4.860000e-06	-2.029227e-03	-1.480084e+00
4.870000e-06	-7.413468e-04	-1.198054e+00
4.880000e-06	-1.812770e-03	-1.029955e+00
4.890000e-06	-8.832824e-04	-8.515078e-01
4.900000e-06	-2.883169e-03	-6.915564e-01
4.910000e-06	-1.486937e-03	-4.200065e-01
4.920000e-06	-2.885646e-03	-2.911578e-01
4.930000e-06	3.846611e-04	-8.264059e-02
4.940000e-06	4.193827e-03	8.478573e-02
4.950000e-06	1.057243e-03	2.567884e-01
4.960000e-06	-1.327715e-03	5.032079e-01
4.970000e-06	3.026787e-04	6.232052e-01
4.980000e-06	-2.515892e-03	7.795165e-01
4.990000e-06	-2.346596e-03	9.710537e-01
5.000000e-06	-1.139082e-03	1.211500e+00
5.010000e-06	9.773996e-03	1.329545e+00
5.020000e-06	4.951473e-02	1.584153e+00
5.030000e-06	4.234373e-02	1.853731e+00
5.040000e-06	-5.996218e-02	2.043180e+00
5.050000e-06	-3.259544e-02	2.232699e+00
5.060000e-06	-5.561619e-02	2.380919e+00
5.070000e-06	-5.886466e-02	2.467340e+00
5.080000e-06	1.115025e-01	2.706313e+00
5.090000e-06	2.303569e-02	2.855182e+00
5.100000e-06	-1.197339e-01	3.011049e+00
5.110000e-06	1.529826e-01	3.162569e+00
5.120000e-06	-9.005446e-02	3.351528e+00
5.130000e-06	-4.418375e-02	3.580019e+00
5.140000e-06	9.597920e-02	3.717786e+00
5.150000e-06	-8.233784e-02	3.918363e+00
5.160000e-06	-7.328504e-03	4.066306e+00
5.170000e-06	7.383263e-02	4.258435e+00
5.180000e-06	-5.453073e-02	4.444782e+00
5.190000e-06	6.337981e-03	4.623599e+00
5.200000e-06	-4.569614e-02	4.814203e+00
5.210000e-06	-1.447324e-02	5.043726e+00
5.220000e-06	4.447605e-02	5.214256e+00
5.230000e-06	-6.648217e-03	5.422674e+00
5.240000e-06	-7.919186e-03	5.538976e+00
5.250000e-06	-3.391254e-02	5.698033e+00
5.260000e-06	2.045401e-02	5.876970e+00
5.270000e-06	-2.597010e-02	6.055857e+00
5.280000e-06	-1.591129e-02	6.183149e+00
5.290000e-06	3.150832e-02	6.309492e+00
5.300000e-06	-3.307853e-02	6.508830e+00
5.310000e-06	4.670364e-03	6.686886e+00
5.320000e-06	-1.628844e-02	6.814229e+00
5.330000e-06	-1.904031e-02	6.970546e+00
5.340000e-06	1.941505e-03	7.097387e+00
5.350000e-06	-9.832992e-03	7.264699e+00
5.360000e-06	6.839269e-03	7.331043e+00
5.370000e-06	-1.554130e-02	7.548594e+00
5.380000e-06	-1.476807e-02	7.677836e+00
5.390000e-06	-1.310023e-02	7.816228e+00
5.400000e-06	-6.925880e-03	7.932016e+00
5.410000e-06	-7.777393e-04	8.137392e+00
5.420000e-06	-1.557681e-02	8.223677e+00
5.430000e-06	-3.694994e-03	8.338415e+00
5.440000e-06	-5.467789e-03	8.444177e+00
5.450000e-06	-1.634463e-02	8.477864e+00
5.460000e-06	-1.721424e-02	8.593104e+00
5.470000e-06	-1.340174e-02	8.716942e+00
5.480000e-06	1.657485e-03	8.802148e+00
5.490000e-06	-8.020809e-03	8.857306e+00
5.500000e-06	-1.388651e-02	9.022268e+00
5.510000e-06	-1.625657e-02	9.149463e+00
5.520000e-06	-1.317419e-02	9.244201e+00
5.530000e-06	-8.663900e-03	9.236308e+00
5.540000e-06	-1.082709e-02	9.340493e+00
5.550000e-06	-7.191892e-03	9.443678e+00
5.560000e-06	-1.199517e-02	9.485461e+00
5.570000e-06	-1.557723e-02	9.581069e+00
5.580000e-06	-1.476492e-02	9.645253e+00
5.590000e-06	-1.468227e-02	9.718362e+00
5.600000e-06	-1.095267e-02	9.761099e+00
5.610000e-06	-1.123254e-02	9.874830e+00
5.620000e-06	-8.036483e-03	9.917464e+00
5.630000e-06	-1.560259e-02	1.001302e+01
5.640000e-06	-1.631425e-02	1.001318e+01
5.650000e-06	-1.616665e-02	1.007326e+01
5.660000e-06	-1.230785e-02	1.008531e+01
5.670000e-06	-1.286231e-02	1.011884e+01
5.680000e-06	-1.409635e-02	1.018001e+01
5.690000e-06	-1.476351e-02	1.019360e+01
5.700000e-06	-1.716872e-02	1.020313e+01
5.710000e-06	-1.586731e-02	1.021323e+01
5.720000e-06	-1.727706e-02	1.021321e+01
5.730000e-06	-1.538738e-02	1.025416e+01
5.740000e-06	-1.450633e-02	1.027576e+01
5.750000e-06	-1.427812e-02	1.028479e+01
5.760000e-06	-1.894557e-02	1.029639e+01
5.770000e-06	-2.004573e-02	1.026778e+01
5.780000e-06	-1.970956e-02	1.025584e+01
5.790000e-06	-1.889907e-02	1.027431e+01
5.800000e-06	-1.886559e-02	1.026833e+01
5.810000e-06	-1.930255e-02	1.026368e+01
5.820000e-06	-1.866557e-02	1.022260e+01
5.830000e-06	-2.172987e-02	1.019515e+01
5.840000e-06	-2.287728e-02	1.018010e+01
5.850000e-06	-2.379922e-02	1.014947e+01
5.860000e-06	-2.223702e-02	1.011741e+01
5.870000e-06	-2.384698e-02	1.009526e+01
5.880000e-06	-2.520580e-02	1.006523e+01
5.890000e-06	-2.395466e-02	1.001253e+01
5.900000e-06	-2.717269e-02	9.969996e+00
5.910000e-06	-2.667354e-02	9.926265e+00
5.920000e-06	-2.824716e-02	9.835204e+00
5.930000e-06	-2.630920e-02	9.809549e+00
5.940000e-06	-2.902750e-02	9.696390e+00
5.950000e-06	-2.860747e-02	9.652124e+00
5.960000e-06	-3.030303e-02	9.559471e+00
5.970000e-06	-3.102150e-02	9.466335e+00
5.980000e-06	-3.058619e-02	9.432704e+00
5.990000e-06	-3.108864e-02	9.346924e+00
6.000000e-06	-3.009748e-02	9.305209e+00
6.010000e-06	-3.121832e-02	9.240504e+00
6.020000e-06	-3.192683e-02	9.148419e+00
6.030000e-06	-3.258309e-02	9.041604e+00
6.040000e-06	-3.270904e-02	8.925291e+00
6.050000e-06	-3.218927e-02	8.801553e+00
6.060000e-06	-3.339025e-02	8.766216e+00
6.070000e-06	-3.066657e-02	8.601577e+00
6.080000e-06	-3.352515e-02	8.507465e+00
6.090000e-06	-3.049654e-02	8.441079e+00
6.100000e-06	-3.390520e-02	8.348917e+00
6.110000e-06	-3.032832e-02	8.230554e+00
6.120000e-06	-3.234951e-02	8.093208e+00
6.130000e-06	-2.953295e-02	7.978947e+00
6.140000e-06	-3.191647e-02	7.830653e+00
6.150000e-06	-2.950693e-02	7.716214e+00
6.160000e-06	-3.106797e-02	7.578895e+00
6.170000e-06	-2.915423e-02	7.400629e+00
6.180000e-06	-2.899760e-02	7.292159e+00
6.190000e-06	-2.778224e-02	7.106265e+00
6.200000e-06	-2.697937e-02	6.989500e+00
6.210000e-06	-2.619964e-02	6.842132e+00
6.220000e-06	-2.606628e-02	6.734786e+00
6.230000e-06	-2.570019e-02	6.508843e+00
6.240000e-06	-2.317681e-02	6.389399e+00
6.250000e-06	-2.200990e-02	6.232058e+00
6.260000e-06	-2.129268e-02	6.124788e+00
6.270000e-06	-2.129141e-02	5.998921e+00
6.280000e-06	-2.041532e-02	5.810379e+00
6.290000e-06	-1.974349e-02	5.620501e+00
6.300000e-06	-1.798529e-02	5.454108e+00
6.310000e-06	-1.702980e-02	5.316167e+00
6.320000e-06	-1.592683e-02	5.094634e+00
6.330000e-06	-1.489016e-02	4.881560e+00
6.340000e-06	-1.402241e-02	4.704736e+00
6.350000e-06	-1.370737e-02	4.536818e+00
6.360000e-06	-1.315405e-02	4.429445e+00
6.370000e-06	-1.234078e-02	4.230001e+00
6.380000e-06	-1.227100e-02	3.998503e+00
6.390000e-06	-1.131155e-02	3.850531e+00
6.400000e-06	-1.096526e-02	3.673658e+00
6.410000e-06	-9.531974e-03	3.517316e+00
6.420000e-06	-1.040550e-02	3.324667e+00
6.430000e-06	-9.872460e-03	3.112740e+00
6.440000e-06	-9.181907e-03	2.967767e+00
6.450000e-06	-8.036861e-03	2.808450e+00
6.460000e-06	-8.590571e-03	2.609851e+00
6.470000e-06	-8.118165e-03	2.387422e+00
6.480000e-06	-7.882763e-03	2.208954e+00
6.490000e-06	-6.763500e-03	2.011055e+00
6.500000e-06	-7.347905e-03	1.882008e+00
6.510000e-06	-6.393833e-03	1.630633e+00
6.520000e-06	-6.842606e-03	1.452084e+00
6.530000e-06	-5.835863e-03	1.274658e+00
6.540000e-06	-6.507505e-03	1.083029e+00
6.550000e-06	-6.151753e-03	8.405050e-01
6.560000e-06	-5.652370e-03	6.320590e-01
6.570000e-06	-4.625718e-03	4.831078e-01
6.580000e-06	-4.366591e-03	2.737108e-01
6.590000e-06	-4.310029e-03	7.208275e-02
6.600000e-06	1.412709e-03	-1.168896e-01
6.610000e-06	1.217553e-03	-2.652619e-01
6.620000e-06	-2.686420e-03	-4.221052e-01
6.630000e-06	-1.334044e-04	-5.951579e-01
6.640000e-06	-2.493751e-03	-8.316053e-01
6.650000e-06	-9.529048e-04	-9.699237e-01
6.660000e-06	-3.304062e-04	-1.128913e+00
6.670000e-06	1.680327e-02	-1.346390e+00
6.680000e-06	7.526709e-02	-1.537366e+00
6.690000e-06	-4.426053e-03	-1.750019e+00
6.700000e-06	-5.631479e-02	-2.003075e+00
6.710000e-06	-2.880304e-02	-2.298287e+00
6.720000e-06	-9.366965e-02	-2.432677e+00
6.730000e-06	8.596337e-02	-2.546788e+00
6.740000e-06	8.777650e-02	-2.583177e+00
6.750000e-06	-1.546674e-01	-2.817757e+00
6.760000e-06	1.569552e-01	-3.042605e+00
6.770000e-06	-1.485300e-02	-3.242578e+00
6.780000e-06	-1.286153e-01	-3.402177e+00
6.790000e-06	1.612044e-01	-3.568419e+00
6.800000e-06	-6.014698e-02	-3.738040e+00
6.810000e-06	-7.813347e-02	-3.929492e+00
6.820000e-06	1.675099e-01	-4.057286e+00
6.830000e-06	-9.249810e-02	-4.256390e+00
6.840000e-06	5.802742e-02	-4.445653e+00
6.850000e-06	-5.206094e-02	-4.611650e+00
6.860000e-06	-8.523806e-02	-4.802525e+00
6.870000e-06	1.688818e-01	-4.997995e+00
6.880000e-06	-5.498189e-02	-5.149990e+00
6.890000e-06	8.558057e-03	-5.316039e+00
6.900000e-06	5.394550e-03	-5.538993e+00
6.910000e-06	-3.201563e-02	-5.719867e+00
6.920000e-06	7.141286e-02	-5.874633e+00
6.930000e-06	-9.228300e-02	-6.031595e+00
6.940000e-06	9.237121e-02	-6.178471e+00
6.950000e-06	-7.393371e-03	-6.349515e+00
6.960000e-06	-3.735057e-02	-6.486812e+00
6.970000e-06	7.370021e-02	-6.614178e+00
6.980000e-06	-7.110962e-02	-6.809549e+00
6.990000e-06	6.296136e-02	-6.926735e+00
7.000000e-06	-4.368806e-02	-7.036860e+00
7.010000e-06	3.003487e-02	-7.233732e+00
7.020000e-06	4.833981e-02	-7.380050e+00
7.030000e-06	-5.067360e-02	-7.487863e+00
7.040000e-06	3.524720e-02	-7.636803e+00
7.050000e-06	-3.612142e-02	-7.842677e+00
7.060000e-06	5.150760e-02	-8.000520e+00
7.070000e-06	-1.264310e-02	-8.074279e+00
7.080000e-06	7.263390e-03	-8.220573e+00
7.090000e-06	3.237163e-02	-8.277340e+00
7.100000e-06	-2.354336e-02	-8.432549e+00
7.110000e-06	1.919759e-02	-8.517888e+00
7.120000e-06	-1.969456e-02	-8.675807e+00
7.130000e-06	4.116258e-02	-8.811521e+00
7.140000e-06	-2.022459e-03	-8.825224e+00
7.150000e-06	3.437056e-03	-8.950469e+00
7.160000e-06	1.020983e-02	-9.054626e+00
7.170000e-06	1.290797e-03	-9.118943e+00
7.180000e-06	1.359917e-02	-9.211602e+00
7.190000e-06	-7.999479e-03	-9.296357e+00
7.200000e-06	2.456793e-02	-9.360018e+00
7.210000e-06	5.415532e-03	-9.504883e+00
7.220000e-06	7.538531e-03	-9.590472e+00
7.230000e-06	2.478179e-03	-9.654178e+00
7.240000e-06	7.323646e-03	-9.655863e+00
7.250000e-06	7.712683e-03	-9.759891e+00
7.260000e-06	5.098423e-03	-9.813073e+00
7.270000e-06	1.892272e-02	-9.863659e+00
7.280000e-06	9.629345e-03	-9.937838e+00
7.290000e-06	5.761365e-03	-9.969942e+00
7.300000e-06	3.146475e-05	-1.004307e+01
7.310000e-06	1.231764e-02	-1.005413e+01
7.320000e-06	1.429556e-02	-1.004626e+01
7.330000e-06	9.015688e-03	-1.010734e+01
7.340000e-06	8.630626e-03	-1.014950e+01
7.350000e-06	9.200157e-03	-1.015209e+01
7.360000e-06	1.148009e-02	-1.019018e+01
7.370000e-06	8.513006e-03	-1.026423e+01
7.380000e-06	9.046916e-03	-1.027480e+01
7.390000e-06	1.282901e-02	-1.029823e+01
7.400000e-06	1.457624e-02	-1.030641e+01
7.410000e-06	1.118687e-02	-1.032934e+01
7.420000e-06	9.816673e-03	-1.032787e+01
7.430000e-06	1.101967e-02	-1.032938e+01
7.440000e-06	1.232203e-02	-1.035846e+01
7.450000e-06	1.357752e-02	-1.032636e+01
7.460000e-06	1.582291e-02	-1.030839e+01
7.470000e-06	1.664309e-02	-1.031681e+01
7.480000e-06	1.365283e-02	-1.027376e+01
7.490000e-06	1.383416e-02	-1.024415e+01
7.500000e-06	1.544723e-02	-1.021217e+01
7.510000e-06	1.850155e-02	-1.017942e+01
7.520000e-06	1.870383e-02	-1.011687e+01
7.530000e-06	1.826566e-02	-1.011528e+01
7.540000e-06	1.895375e-02	-1.005210e+01
7.550000e-06	1.789873e-02	-1.001112e+01
7.560000e-06	2.030916e-02	-9.949971e+00
7.570000e-06	2.048283e-02	-9.907860e+00
7.580000e-06	2.310544e-02	-9.875283e+00
7.590000e-06	2.261817e-02	-9.812078e+00
7.600000e-06	2.247149e-02	-9.740942e+00
7.610000e-06	2.337200e-02	-9.686838e+00
7.620000e-06	2.211847e-02	-9.633678e+00
7.630000e-06	2.403630e-02	-9.591049e+00
7.640000e-06	2.519125e-02	-9.497369e+00
7.650000e-06	2.656738e-02	-9.402576e+00
7.660000e-06	2.544782e-02	-9.318441e+00
7.670000e-06	2.405521e-02	-9.231177e+00
7.680000e-06	2.549171e-02	-9.146970e+00
7.690000e-06	2.633259e-02	-9.023105e+00
7.700000e-06	2.615951e-02	-8.948944e+00
7.710000e-06	2.622128e-02	-8.853712e+00
7.720000e-06	2.616405e-02	-8.798998e+00
7.730000e-06	2.615251e-02	-8.735711e+00
7.740000e-06	2.599700e-02	-8.576871e+00
7.750000e-06	2.516013e-02	-8.434131e+00
7.760000e-06	2.519787e-02	-8.356392e+00
7.770000e-06	2.675369e-02	-8.232052e+00
7.780000e-06	2.638511e-02	-8.125789e+00
7.790000e-06	2.507418e-02	-8.021502e+00
7.800000e-06	2.139109e-02	-7.934207e+00
7.810000e-06	2.333976e-02	-7.766388e+00
7.820000e-06	2.237603e-02	-7.619000e+00
7.830000e-06	2.332245e-02	-7.443080e+00
7.840000e-06	2.265154e-02	-7.330185e+00
7.850000e-06	2.246942e-02	-7.219998e+00
7.860000e-06	1.988223e-02	-7.021625e+00
7.870000e-06	1.918960e-02	-6.873232e+00
7.880000e-06	1.897425e-02	-6.766267e+00
7.890000e-06	1.851675e-02	-6.589497e+00
7.900000e-06	1.746805e-02	-6.462558e+00
7.910000e-06	1.696820e-02	-6.356792e+00
7.920000e-06	1.613216e-02	-6.135817e+00
7.930000e-06	1.466386e-02	-6.007524e+00
7.940000e-06	1.205151e-02	-5.852528e+00
7.950000e-06	1.188923e-02	-5.694064e+00
7.960000e-06	1.167950e-02	-5.555866e+00
7.970000e-06	1.024600e-02	-5.334188e+00
7.980000e-06	1.008170e-02	-5.117291e+00
7.990000e-06	7.963003e-03	-4.996842e+00
8.000000e-06	8.208935e-03	-4.753768e+00
8.010000e-06	5.809277e-03	-4.567846e+00
8.020000e-06	7.567622e-03	-4.440481e+00
8.030000e-06	5.999354e-03	-4.282612e+00
8.040000e-06	6.117444e-03	-4.115716e+00
8.050000e-06	3.784145e-03	-3.977897e+00
8.060000e-06	2.870449e-03	-3.725796e+00
8.070000e-06	2.888101e-03	-3.597875e+00
8.080000e-06	3.347039e-03	-3.378972e+00
8.090000e-06	2.627180e-03	-3.233503e+00
8.100000e-06	3.189549e-03	-3.048529e+00
8.110000e-06	1.129086e-03	-2.871530e+00
8.120000e-06	9.311938e-04	-2.669113e+00
8.130000e-06	-2.091316e-03	-2.522584e+00
8.140000e-06	1.649278e-03	-2.320163e+00
8.150000e-06	-3.667217e-05	-2.082637e+00
8.160000e-06	6.373783e-04	-1.894237e+00
8.170000e-06	-1.707080e-03	-1.745791e+00
8.180000e-06	-3.319210e-04	-1.565893e+00
8.190000e-06	-1.720685e-03	-1.334216e+00
8.200000e-06	-1.688801e-03	-1.125288e+00
8.210000e-06	-2.524448e-03	-9.242155e-01
8.220000e-06	-1.581029e-03	-7.658446e-01
8.230000e-06	-2.220293e-03	-5.437419e-01
8.240000e-06	-2.739408e-03	-3.452445e-01
8.250000e-06	-2.414774e-03	-1.673236e-01
8.260000e-06	2.180570e-03	3.349763e-02
8.270000e-06	3.307435e-03	1.741701e-01
8.280000e-06	-2.174504e-03	4.120940e-01
8.290000e-06	1.416306e-03	5.173934e-01
8.300000e-06	-3.377382e-03	7.178673e-01
8.310000e-06	-7.273771e-04	8.758319e-01
8.320000e-06	-2.484816e-03	1.085938e+00
8.330000e-06	5.472191e-03	1.296315e+00
8.340000e-06	2.541754e-02	1.475882e+00
8.350000e-06	6.600553e-02	1.769445e+00
8.360000e-06	-2.578051e-02	1.999944e+00
8.370000e-06	-4.729775e-02	2.130395e+00
8.380000e-06	-4.071367e-02	2.285841e+00
8.390000e-06	-7.111091e-02	2.452674e+00
8.400000e-06	2.088933e-02	2.561751e+00
8.410000e-06	1.331303e-01	2.781550e+00
8.420000e-06	-1.418266e-01	2.939471e+00
8.430000e-06	6.884218e-02	3.095361e+00
8.440000e-06	4.389418e-02	3.226786e+00
8.450000e-06	-1.176944e-01	3.516339e+00
8.460000e-06	7.162746e-02	3.644755e+00
8.470000e-06	4.721745e-03	3.813707e+00
8.480000e-06	-9.692131e-02	4.000569e+00
8.490000e-06	9.482628e-02	4.181653e+00
8.500000e-06	-1.925556e-02	4.391527e+00
8.510000e-06	-1.803455e-02	4.531517e+00
8.520000e-06	-1.202681e-02	4.727890e+00
8.530000e-06	-5.101329e-02	4.899846e+00
8.540000e-06	4.390284e-02	5.141069e+00
8.550000e-06	9.647363e-03	5.339419e+00
8.560000e-06	-2.278741e-03	5.486316e+00
8.570000e-06	-3.210838e-02	5.647704e+00
8.580000e-06	6.004386e-04	5.813257e+00
8.590000e-06	-1.023951e-03	6.002149e+00
8.600000e-06	-3.642280e-02	6.119471e+00
8.610000e-06	2.640076e-02	6.294841e+00
8.620000e-06	-3.602255e-03	6.404151e+00
8.630000e-06	-2.375337e-02	6.582629e+00
8.640000e-06	7.856590e-03	6.762494e+00
8.650000e-06	-3.153309e-02	6.906387e+00
8.660000e-06	-6.319950e-04	7.022756e+00
8.670000e-06	-9.582518e-03	7.160448e+00
8.680000e-06	-4.090670e-04	7.257310e+00
8.690000e-06	2.158166e-03	7.476934e+00
8.700000e-06	-2.348601e-02	7.633726e+00
8.710000e-06	-7.261282e-03	7.710071e+00
8.720000e-06	-1.828673e-02	7.877817e+00
8.730000e-06	4.785866e-03	8.044309e+00
8.740000e-06	-1.407716e-02	8.181047e+00
8.750000e-06	-8.684358e-03	8.296891e+00
8.760000e-06	-2.531429e-04	8.423024e+00
8.770000e-06	-1.349208e-02	8.485358e+00
8.780000e-06	-1.517509e-02	8.560493e+00
8.790000e-06	-1.941877e-02	8.665362e+00
8.800000e-06	-1.102482e-03	8.780543e+00
8.810000e-06	-5.326160e-03	8.854157e+00
8.820000e-06	-1.033376e-02	8.941014e+00
8.830000e-06	-1.536575e-02	9.057332e+00
8.840000e-06	-1.427789e-02	9.192099e+00
8.850000e-06	-1.032418e-02	9.244758e+00
8.860000e-06	-1.169419e-02	9.317313e+00
8.870000e-06	-7.024172e-03	9.391600e+00
8.880000e-06	-1.022327e-02	9.474805e+00
8.890000e-06	-1.324687e-02	9.541394e+00
8.900000e-06	-1.512470e-02	9.614150e+00
8.910000e-06	-1.291599e-02	9.707862e+00
8.920000e-06	-1.486071e-02	9.719493e+00
8.930000e-06	-1.207768e-02	9.822228e+00
8.940000e-06	-8.242091e-03	9.897463e+00
8.950000e-06	-1.089210e-02	9.979444e+00
8.960000e-06	-1.637296e-02	1.001115e+01
8.970000e-06	-1.801447e-02	1.006366e+01
8.980000e-06	-1.328599e-02	1.005631e+01
8.990000e-06	-1.214897e-02	1.007696e+01
9.000000e-06	-1.356516e-02	1.014939e+01
9.010000e-06	-1.492222e-02	1.019105e+01
9.020000e-06	-1.622268e-02	1.023262e+01
9.030000e-06	-1.662250e-02	1.019263e+01
9.040000e-06	-1.635082e-02	1.021368e+01
9.050000e-06	-1.574346e-02	1.025471e+01
9.060000e-06	-1.663693e-02	1.025528e+01
9.070000e-06	-1.394260e-02	1.025628e+01
9.080000e-06	-1.757303e-02	1.030541e+01
9.090000e-06	-1.854446e-02	1.025581e+01
9.100000e-06	-2.012193e-02	1.028733e+01
9.110000e-06	-1.738348e-02	1.030429e+01
9.120000e-06	-1.928742e-02	1.024631e+01
9.130000e-06	-1.859552e-02	1.025569e+01
9.140000e-06	-2.001119e-02	1.023373e+01
9.150000e-06	-2.136316e-02	1.021366e+01
9.160000e-06	-2.248929e-02	1.022205e+01
9.170000e-06	-2.395895e-02	1.019050e+01
9.180000e-06	-2.271353e-02	1.014787e+01
9.190000e-06	-2.328506e-02	1.006583e+01
9.200000e-06	-2.349027e-02	1.004428e+01
9.210000e-06	-2.530037e-02	1.008268e+01
9.220000e-06	-2.611689e-02	1.000105e+01
9.230000e-06	-2.746583e-02	9.958943e+00
9.240000e-06	-2.816363e-02	9.866311e+00
9.250000e-06	-2.649849e-02	9.834128e+00
9.260000e-06	-2.788367e-02	9.749921e+00
9.270000e-06	-2.868731e-02	9.674786e+00
9.280000e-06	-3.134235e-02	9.630548e+00
9.290000e-06	-3.082058e-02	9.538391e+00
9.300000e-06	-3.067314e-02	9.464656e+00
9.310000e-06	-3.000199e-02	9.400001e+00
9.320000e-06	-2.978751e-02	9.277420e+00
9.330000e-06	-3.212453e-02	9.232632e+00
9.340000e-06	-3.069290e-02	9.180920e+00
9.350000e-06	-3.344493e-02	9.106259e+00
9.360000e-06	-3.181436e-02	8.963045e+00
9.370000e-06	-3.292851e-02	8.843629e+00
9.380000e-06	-3.127333e-02	8.768470e+00
9.390000e-06	-3.221346e-02	8.665657e+00
9.400000e-06	-3.179115e-02	8.559945e+00
9.410000e-06	-3.383404e-02	8.464636e+00
9.420000e-06	-3.283423e-02	8.401970e+00
9.430000e-06	-3.205835e-02	8.264663e+00
9.440000e-06	-3.091659e-02	8.158794e+00
9.450000e-06	-3.033483e-02	8.011052e+00
9.460000e-06	-3.029967e-02	7.914184e+00
9.470000e-06	-2.990338e-02	7.777871e+00
9.480000e-06	-3.029251e-02	7.622581e+00
9.490000e-06	-2.868469e-02	7.495709e+00
9.500000e-06	-2.943548e-02	7.295816e+00
9.510000e-06	-2.769245e-02	7.178395e+00
9.520000e-06	-2.742642e-02	7.012082e+00
9.530000e-06	-2.646860e-02	6.906190e+00
9.540000e-06	-2.719020e-02	6.779446e+00
9.550000e-06	-2.565403e-02	6.619603e+00
9.560000e-06	-2.359037e-02	6.482600e+00
9.570000e-06	-2.208663e-02	6.296640e+00
9.580000e-06	-2.169592e-02	6.157920e+00
9.590000e-06	-2.145588e-02	6.021577e+00
9.600000e-06	-2.105755e-02	5.925657e+00
9.610000e-06	-2.061906e-02	5.673634e+00
9.620000e-06	-1.850798e-02	5.506319e+00
9.630000e-06	-1.813169e-02	5.358394e+00
9.640000e-06	-1.657719e-02	5.198798e+00
9.650000e-06	-1.561430e-02	5.000349e+00
9.660000e-06	-1.515312e-02	4.789445e+00
9.670000e-06	-1.438472e-02	4.580926e+00
9.680000e-06	-1.399266e-02	4.441508e+00
9.690000e-06	-1.282309e-02	4.304707e+00
9.700000e-06	-1.247609e-02	4.062740e+00
9.710000e-06	-1.182319e-02	3.964239e+00
9.720000e-06	-1.129175e-02	3.747789e+00
9.730000e-06	-1.102079e-02	3.599429e+00
9.740000e-06	-1.112606e-02	3.399401e+00
9.750000e-06	-1.031928e-02	3.189029e+00
9.760000e-06	-8.875368e-03	3.048055e+00
9.770000e-06	-9.531305e-03	2.873034e+00
9.780000e-06	-8.826919e-03	2.713786e+00
9.790000e-06	-8.660108e-03	2.432585e+00
9.800000e-06	-7.447511e-03	2.303660e+00
9.810000e-06	-7.846061e-03	2.094188e+00
9.820000e-06	-6.843905e-03	1.946847e+00
9.830000e-06	-6.512332e-03	1.744786e+00
9.840000e-06	-7.155915e-03	1.507217e+00
9.850000e-06	-6.344461e-03	1.336346e+00
9.860000e-06	-6.063829e-03	1.166846e+00
9.870000e-06	-5.911363e-03	8.936916e-01
9.880000e-06	-5.886490e-03	7.652407e-01
9.890000e-06	-5.127366e-03	5.347369e-01
9.900000e-06	-4.318849e-03	3.778985e-01
9.910000e-06	-4.142821e-03	1.788481e-01
9.920000e-06	-1.409636e-03	-3.360395e-02
9.930000e-06	2.300507e-03	-2.121463e-01
9.940000e-06	-3.666528e-03	-3.589950e-01
9.950000e-06	6.539963e-04	-5.273621e-01
9.960000e-06	-3.245552e-03	-7.489398e-01
9.970000e-06	5.780394e-04	-8.958407e-01
9.980000e-06	-2.444919e-03	-1.086203e+00
9.990000e-06	6.776617e-03	-1.262635e+00
1.000000e-05	4.898340e-02	-1.434179e+00
1.001000e-05	6.397818e-02	-1.665234e+00
1.002000e-05	-7.042842e-02	-1.874359e+00
1.003000e-05	-1.422927e-02	-2.140088e+00
1.004000e-05	-8.792207e-02	-2.380549e+00
1.005000e-05	-1.929722e-02	-2.455256e+00
1.006000e-05	1.586570e-01	-2.547946e+00
1.007000e-05	-1.008937e-01	-2.740042e+00
1.008000e-05	-1.219828e-02	-2.982069e+00
1.009000e-05	1.263828e-01	-3.098442e+00
1.010000e-05	-1.816241e-01	-3.318916e+00
1.011000e-05	7.266790e-02	-3.476807e+00
1.012000e-05	8.406446e-02	-3.626679e+00
1.013000e-05	-1.577462e-01	-3.874757e+00
1.014000e-05	1.229183e-01	-4.022604e+00
1.015000e-05	2.408730e-02	-4.212650e+00
1.016000e-05	-5.228535e-02	-4.391073e+00
1.017000e-05	6.225833e-02	-4.538964e+00
1.018000e-05	-1.508941e-01	-4.757441e+00
1.019000e-05	1.041347e-01	-4.907415e+00
1.020000e-05	6.269900e-02	-5.044332e+00
1.021000e-05	-7.440684e-02	-5.273835e+00
1.022000e-05	6.695522e-02	-5.435306e+00
1.023000e-05	-7.095833e-02	-5.645204e+00
1.024000e-05	6.955404e-02	-5.813074e+00
1.025000e-05	-4.435793e-02	-5.907969e+00
1.026000e-05	-5.615228e-03	-6.066807e+00
1.027000e-05	8.912836e-02	-6.266908e+00
1.028000e-05	-9.112678e-02	-6.402729e+00
1.029000e-05	7.429495e-02	-6.580072e+00
1.030000e-05	-2.956051e-02	-6.719392e+00
1.031000e-05	3.407586e-03	-6.864251e+00
1.032000e-05	2.768183e-02	-6.950178e+00
1.033000e-05	-4.884900e-02	-7.191574e+00
1.034000e-05	9.142383e-02	-7.315937e+00
1.035000e-05	-4.774963e-02	-7.425799e+00
1.036000e-05	1.736943e-02	-7.591724e+00
1.037000e-05	-1.047017e-02	-7.729017e+00
1.038000e-05	7.339726e-03	-7.887494e+00
1.039000e-05	3.471299e-02	-8.013176e+00
1.040000e-05	-3.030958e-02	-8.159018e+00
1.041000e-05	4.885988e-02	-8.245254e+00
1.042000e-05	-1.769173e-02	-8.379572e+00
1.043000e-05	9.382262e-03	-8.464780e+00
1.044000e-05	-7.606894e-03	-8.559567e+00
1.045000e-05	1.238903e-02	-8.749390e+00
1.046000e-05	2.909801e-02	-8.824124e+00
1.047000e-05	-1.496249e-02	-8.906915e+00
1.048000e-05	1.938232e-02	-9.001549e+00
1.049000e-05	-4.423718e-03	-9.104361e+00
1.050000e-05	1.681873e-02	-9.171071e+00
1.051000e-05	-4.479923e-03	-9.263204e+00
1.052000e-05	1.191179e-02	-9.318888e+00
1.053000e-05	1.769401e-02	-9.433693e+00
1.054000e-05	2.267039e-03	-9.568416e+00
1.055000e-05	7.855781e-03	-9.610651e+00
1.056000e-05	9.857461e-04	-9.654806e+00
1.057000e-05	1.138321e-02	-9.737965e+00
1.058000e-05	3.060424e-03	-9.799523e+00
1.059000e-05	1.678521e-02	-9.825182e+00
1.060000e-05	1.361544e-02	-9.895334e+00
1.061000e-05	6.637530e-03	-9.948494e+00
1.062000e-05	2.586888e-03	-9.969570e+00
1.063000e-05	6.492021e-03	-1.002308e+01
1.064000e-05	1.587518e-02	-1.005478e+01
1.065000e-05	1.033788e-02	-1.008636e+01
1.066000e-05	9.361975e-03	-1.012094e+01
1.067000e-05	7.587659e-03	-1.014957e+01
1.068000e-05	1.018532e-02	-1.021209e+01
1.069000e-05	1.053886e-02	-1.022615e+01
1.070000e-05	9.935627e-03	-1.027621e+01
1.071000e-05	1.111450e-02	-1.027789e+01
1.072000e-05	1.382303e-02	-1.028796e+01
1.073000e-05	1.210018e-02	-1.032794e+01
1.074000e-05	9.804159e-03	-1.034699e+01
1.075000e-05	9.668901e-03	-1.031786e+01
1.076000e-05	1.215120e-02	-1.033632e+01
1.077000e-05	1.328573e-02	-1.031796e+01
1.078000e-05	1.562861e-02	-1.027686e+01
1.079000e-05	1.647969e-02	-1.030579e+01
1.080000e-05	1.538753e-02	-1.027628e+01
1.081000e-05	1.339342e-02	-1.021321e+01
1.082000e-05	1.359218e-02	-1.024312e+01
1.083000e-05	1.702132e-02	-1.018897e+01
1.084000e-05	1.779686e-02	-1.012937e+01
1.085000e-05	1.927239e-02	-1.011786e+01
1.086000e-05	1.858241e-02	-1.007479e+01
1.087000e-05	1.912858e-02	-1.006160e+01
1.088000e-05	1.828810e-02	-9.998549e+00
1.089000e-05	2.059521e-02	-9.947339e+00
1.090000e-05	2.224200e-02	-9.875187e+00
1.091000e-05	2.259767e-02	-9.853681e+00
1.092000e-05	2.226412e-02	-9.800523e+00
1.093000e-05	2.290600e-02	-9.737842e+00
1.094000e-05	2.236403e-02	-9.665261e+00
1.095000e-05	2.274147e-02	-9.561052e+00
1.096000e-05	2.300939e-02	-9.559395e+00
1.097000e-05	2.582168e-02	-9.495630e+00
1.098000e-05	2.628369e-02	-9.370519e+00
1.099000e-05	2.577322e-02	-9.305887e+00
1.100000e-05	2.444268e-02	-9.210051e+00
1.101000e-05	2.470088e-02	-9.125713e+00
1.102000e-05	2.656568e-02	-9.000500e+00
1.103000e-05	2.621564e-02	-8.926316e+00
1.104000e-05	2.651244e-02	-8.851102e+00
1.105000e-05	2.517554e-02	-8.729845e+00
1.106000e-05	2.558882e-02	-8.613056e+00
1.107000e-05	2.556767e-02	-8.485786e+00
1.108000e-05	2.536844e-02	-8.379948e+00
1.109000e-05	2.509698e-02	-8.295659e+00
1.110000e-05	2.539029e-02	-8.199422e+00
1.111000e-05	2.592530e-02	-8.053629e+00
1.112000e-05	2.539669e-02	-7.957893e+00
1.113000e-05	2.310875e-02	-7.810929e+00
1.114000e-05	2.304672e-02	-7.652634e+00
1.115000e-05	2.211396e-02	-7.503811e+00
1.116000e-05	2.176484e-02	-7.377443e+00
1.117000e-05	2.199675e-02	-7.231580e+00
1.118000e-05	2.253919e-02	-7.176791e+00
1.119000e-05	2.012380e-02	-6.966795e+00
1.120000e-05	1.769682e-02	-6.810425e+00
1.121000e-05	1.872666e-02	-6.623080e+00
1.122000e-05	1.872988e-02	-6.544262e+00
1.123000e-05	1.743570e-02	-6.370498e+00
1.124000e-05	1.529814e-02	-6.192034e+00
1.125000e-05	1.420308e-02	-6.049585e+00
1.126000e-05	1.371681e-02	-5.894185e+00
1.127000e-05	1.221981e-02	-5.755318e+00
1.128000e-05	1.111453e-02	-5.619401e+00
1.129000e-05	1.133115e-02	-5.408927e+00
1.130000e-05	1.027007e-02	-5.229998e+00
1.131000e-05	1.024336e-02	-5.030520e+00
1.132000e-05	7.821961e-03	-4.841007e+00
1.133000e-05	6.052284e-03	-4.639051e+00
1.134000e-05	5.694094e-03	-4.482538e+00
1.135000e-05	6.835590e-03	-4.356790e+00
1.136000e-05	5.395023e-03	-4.200375e+00
1.137000e-05	4.706429e-03	-4.051476e+00
1.138000e-05	3.196920e-03	-3.863130e+00
1.139000e-05	4.083887e-03	-3.630558e+00
1.140000e-05	2.944256e-03	-3.472558e+00
1.141000e-05	3.051820e-03	-3.304737e+00
1.142000e-05	2.325991e-03	-3.143793e+00
1.143000e-05	2.746019e-03	-2.904692e+00
1.144000e-05	1.063743e-03	-2.745216e+00
1.145000e-05	-2.590703e-04	-2.537366e+00
1.146000e-05	-8.534574e-04	-2.399871e+00
1.147000e-05	1.104311e-03	-2.226398e+00
1.148000e-05	1.196429e-03	-2.009021e+00
1.149000e-05	1.031579e-03	-1.829828e+00
1.150000e-05	-5.035383e-04	-1.680054e+00
1.151000e-05	-1.832442e-03	-1.456451e+00
1.152000e-05	-2.098649e-03	-1.207950e+00
1.153000e-05	-2.989373e-03	-9.789735e-01
1.154000e-05	-1.777189e-03	-8.505501e-01
1.155000e-05	-2.043395e-03	-6.589012e-01
1.156000e-05	-1.406275e-03	-4.184750e-01
1.157000e-05	-3.046425e-03	-2.514314e-01
1.158000e-05	-9.694291e-05	-3.008158e-02
1.159000e-05	3.383986e-03	6.688604e-02
1.160000e-05	1.478484e-04	3.474359e-01
1.161000e-05	-4.637595e-04	4.447892e-01
1.162000e-05	-3.890553e-04	6.222256e-01
1.163000e-05	-2.521092e-03	7.820250e-01
1.164000e-05	-2.580836e-03	9.620727e-01
1.165000e-05	4.203426e-04	1.204651e+00
1.166000e-05	1.107570e-02	1.371202e+00
1.167000e-05	5.589257e-02	1.645804e+00
1.168000e-05	2.835193e-02	1.866340e+00
1.169000e-05	-6.083486e-02	2.073808e+00
1.170000e-05	-3.294712e-02	2.232727e+00
1.171000e-05	-6.256098e-02	2.400974e+00
1.172000e-05	-4.760503e-02	2.477441e+00
1.173000e-05	1.336051e-01	2.717966e+00
1.174000e-05	-2.788483e-02	2.855858e+00
1.175000e-05	-8.009303e-02	3.014179e+00
1.176000e-05	1.453848e-01	3.180619e+00
1.177000e-05	-1.145096e-01	3.462054e+00
1.178000e-05	-1.497418e-02	3.591074e+00
1.179000e-05	8.127920e-02	3.700020e+00
1.180000e-05	-9.974238e-02	3.919416e+00
1.181000e-05	2.647548e-02	4.095359e+00
1.182000e-05	5.263920e-02	4.348442e+00
1.183000e-05	-5.035917e-02	4.465334e+00
1.184000e-05	7.175070e-03	4.662285e+00
1.185000e-05	-5.473585e-02	4.825354e+00
1.186000e-05	2.702182e-03	5.045357e+00
1.187000e-05	4.000001e-02	5.245807e+00
1.188000e-05	-5.349169e-03	5.432178e+00
1.189000e-05	-1.526708e-02	5.571573e+00
1.190000e-05	-2.984183e-02	5.750543e+00
1.191000e-05	2.008822e-02	5.937966e+00
1.192000e-05	-3.132770e-02	6.076257e+00
1.193000e-05	-6.339760e-03	6.193128e+00
1.194000e-05	2.711593e-02	6.392023e+00
1.195000e-05	-3.531018e-02	6.507413e+00
1.196000e-05	1.079333e-02	6.697366e+00
1.197000e-05	-2.404172e-02	6.855282e+00
1.198000e-05	-1.343326e-02	6.984649e+00
1.199000e-05	-2.811905e-03	7.159341e+00
1.200000e-05	-7.698282e-03	7.285755e+00
1.201000e-05	8.716466e-03	7.351046e+00
1.202000e-05	-1.818351e-02	7.550541e+00
1.203000e-05	-1.179631e-02	7.698362e+00
1.204000e-05	-1.646710e-02	7.855206e+00
1.205000e-05	-2.996610e-03	7.959751e+00
1.206000e-05	-3.308942e-03	8.128444e+00
1.207000e-05	-1.467183e-02	8.212832e+00
1.208000e-05	-2.311032e-03	8.358521e+00
1.209000e-05	-7.010675e-03	8.444131e+00
1.210000e-05	-1.421742e-02	8.508413e+00
1.211000e-05	-1.849373e-02	8.644228e+00
1.212000e-05	-1.033945e-02	8.737939e+00
1.213000e-05	-5.677530e-04	8.872105e+00
1.214000e-05	-7.884839e-03	8.908409e+00
1.215000e-05	-1.310683e-02	8.983727e+00
1.216000e-05	-1.627618e-02	9.137470e+00
1.217000e-05	-1.269945e-02	9.234629e+00
1.218000e-05	-1.040601e-02	9.297284e+00
1.219000e-05	-9.300714e-03	9.360120e+00
1.220000e-05	-7.814849e-03	9.435680e+00
1.221000e-05	-1.340724e-02	9.487364e+00
1.222000e-05	-1.570009e-02	9.589523e+00
1.223000e-05	-1.312427e-02	9.675676e+00
1.224000e-05	-1.390933e-02	9.729365e+00
1.225000e-05	-1.260351e-02	9.779595e+00
1.226000e-05	-1.128298e-02	9.854285e+00
1.227000e-05	-8.508929e-03	9.907893e+00
1.228000e-05	-1.518954e-02	1.002155e+01
1.229000e-05	-1.755498e-02	1.003315e+01
1.230000e-05	-1.687427e-02	1.007476e+01
1.231000e-05	-1.177256e-02	1.007634e+01
1.232000e-05	-1.266470e-02	1.011699e+01
1.233000e-05	-1.370431e-02	1.016899e+01
1.234000e-05	-1.579472e-02	1.022105e+01
1.235000e-05	-1.660613e-02	1.023278e+01
1.236000e-05	-1.723116e-02	1.021320e+01
1.237000e-05	-1.702694e-02	1.025415e+01
1.238000e-05	-1.478689e-02	1.025323e+01
1.239000e-05	-1.502553e-02	1.025681e+01
1.240000e-05	-1.606595e-02	1.026589e+01
1.241000e-05	-2.019173e-02	1.026623e+01
1.242000e-05	-2.012392e-02	1.024576e+01
1.243000e-05	-1.850673e-02	1.026576e+01
1.244000e-05	-1.855769e-02	1.024431e+01
1.245000e-05	-1.853807e-02	1.026471e+01
1.246000e-05	-2.062409e-02	1.024271e+01
1.247000e-05	-1.996628e-02	1.020366e+01
1.248000e-05	-2.329068e-02	1.022265e+01
1.249000e-05	-2.332926e-02	1.017055e+01
1.250000e-05	-2.360800e-02	1.020941e+01
1.251000e-05	-2.100248e-02	1.011647e+01
1.252000e-05	-2.246651e-02	1.006471e+01
1.253000e-05	-2.486265e-02	1.006426e+01
1.254000e-05	-2.661235e-02	1.003115e+01
1.255000e-05	-2.805697e-02	1.000854e+01
1.256000e-05	-2.663358e-02	9.876862e+00
1.257000e-05	-2.693237e-02	9.886151e+00
1.258000e-05	-2.643706e-02	9.749944e+00
1.259000e-05	-2.932628e-02	9.705288e+00
1.260000e-05	-3.003176e-02	9.673161e+00
1.261000e-05	-3.015835e-02	9.528918e+00
1.262000e-05	-3.061506e-02	9.507314e+00
1.263000e-05	-3.004550e-02	9.441078e+00
1.264000e-05	-3.019317e-02	9.347900e+00
1.265000e-05	-2.951561e-02	9.273783e+00
1.266000e-05	-3.159812e-02	9.200028e+00
1.267000e-05	-3.275196e-02	9.097363e+00
1.268000e-05	-3.075874e-02	8.991548e+00
1.269000e-05	-3.361177e-02	8.933789e+00
1.270000e-05	-3.129826e-02	8.768473e+00
1.271000e-05	-3.280052e-02	8.705715e+00
1.272000e-05	-2.967462e-02	8.579548e+00
1.273000e-05	-3.445687e-02	8.517362e+00
1.274000e-05	-3.177529e-02	8.440056e+00
1.275000e-05	-3.321913e-02	8.357838e+00
1.276000e-05	-2.910865e-02	8.190049e+00
1.277000e-05	-3.245039e-02	8.052652e+00
1.278000e-05	-2.908247e-02	7.957438e+00
1.279000e-05	-3.241500e-02	7.830554e+00
1.280000e-05	-2.919830e-02	7.674658e+00
1.281000e-05	-3.032737e-02	7.589345e+00
1.282000e-05	-2.851148e-02	7.389570e+00
1.283000e-05	-2.851244e-02	7.230551e+00
1.284000e-05	-2.755365e-02	7.114786e+00
1.285000e-05	-2.667180e-02	6.978868e+00
1.286000e-05	-2.606639e-02	6.851599e+00
1.287000e-05	-2.591744e-02	6.664686e+00
1.288000e-05	-2.509332e-02	6.483692e+00
1.289000e-05	-2.284859e-02	6.417444e+00
1.290000e-05	-2.111308e-02	6.260474e+00
1.291000e-05	-2.159975e-02	6.084184e+00
1.292000e-05	-2.128774e-02	5.979417e+00
1.293000e-05	-2.052058e-02	5.839248e+00
1.294000e-05	-1.925668e-02	5.610471e+00
1.295000e-05	-1.847758e-02	5.431603e+00
1.296000e-05	-1.819974e-02	5.294184e+00
1.297000e-05	-1.610326e-02	5.084661e+00
1.298000e-05	-1.512898e-02	4.862530e+00
1.299000e-05	-1.612817e-02	4.701561e+00
1.300000e-05	-1.431977e-02	4.544239e+00
1.301000e-05	-1.212685e-02	4.368951e+00
1.302000e-05	-1.131625e-02	4.228323e+00
1.303000e-05	-1.146942e-02	4.020422e+00
1.304000e-05	-1.295670e-02	3.829975e+00
1.305000e-05	-1.165329e-02	3.663010e+00
1.306000e-05	-1.034428e-02	3.525266e+00
1.307000e-05	-9.630782e-03	3.254108e+00
1.308000e-05	-9.289950e-03	3.115712e+00
1.309000e-05	-9.031481e-03	2.955342e+00
1.310000e-05	-8.739511e-03	2.758369e+00
1.311000e-05	-8.935982e-03	2.547323e+00
1.312000e-05	-8.079939e-03	2.357347e+00
1.313000e-05	-8.239110e-03	2.197921e+00
1.314000e-05	-6.587347e-03	2.010525e+00
1.315000e-05	-6.690540e-03	1.857951e+00
1.316000e-05	-6.799882e-03	1.640579e+00
1.317000e-05	-7.050262e-03	1.460005e+00
1.318000e-05	-6.480565e-03	1.249904e+00
1.319000e-05	-6.530174e-03	9.999724e-01
1.320000e-05	-6.282042e-03	7.974699e-01
1.321000e-05	-5.294677e-03	6.099499e-01
1.322000e-05	-3.936232e-03	4.405301e-01
1.323000e-05	-3.681468e-03	2.611151e-01
1.324000e-05	-4.325229e-03	4.100381e-02
1.325000e-05	2.041694e-03	-9.836474e-02
1.326000e-05	1.360586e-04	-2.758869e-01
1.327000e-05	-1.738621e-03	-4.540291e-01
1.328000e-05	-2.659672e-04	-6.337318e-01
1.329000e-05	-2.414647e-03	-8.526777e-01
1.330000e-05	-7.578273e-05	-1.010045e+00
1.331000e-05	6.680177e-04	-1.149919e+00
1.332000e-05	2.305472e-02	-1.338518e+00
1.333000e-05	8.059600e-02	-1.559042e+00
1.334000e-05	-2.780548e-02	-1.762100e+00
1.335000e-05	-4.225632e-02	-2.035258e+00
1.336000e-05	-4.201832e-02	-2.287337e+00
1.337000e-05	-8.318016e-02	-2.453683e+00
1.338000e-05	1.174483e-01	-2.535840e+00
1.339000e-05	4.433790e-02	-2.633227e+00
1.340000e-05	-1.343053e-01	-2.845788e+00
1.341000e-05	1.761029e-01	-3.074210e+00
1.342000e-05	-7.725283e-02	-3.244303e+00
1.343000e-05	-9.152772e-02	-3.433704e+00
1.344000e-05	1.628710e-01	-3.619970e+00
1.345000e-05	-1.034606e-01	-3.740516e+00
1.346000e-05	-2.886096e-02	-3.998497e+00
1.347000e-05	1.421374e-01	-4.117389e+00
1.348000e-05	-1.024076e-01	-4.338915e+00
1.349000e-05	7.954696e-02	-4.464207e+00
1.350000e-05	-9.163327e-02	-4.653231e+00
1.351000e-05	-4.421641e-02	-4.854754e+00
1.352000e-05	1.533747e-01	-5.001671e+00
1.353000e-05	-7.539449e-02	-5.171548e+00
1.354000e-05	3.465829e-02	-5.330970e+00
1.355000e-05	-2.210044e-02	-5.609519e+00
1.356000e-05	-2.397829e-03	-5.759490e+00
1.357000e-05	5.072774e-02	-5.865286e+00
1.358000e-05	-8.618269e-02	-6.022127e+00
1.359000e-05	1.068401e-01	-6.179998e+00
1.360000e-05	-4.124647e-02	-6.381568e+00
1.361000e-05	-2.962641e-03	-6.528389e+00
1.362000e-05	5.262682e-02	-6.664203e+00
1.363000e-05	-6.430865e-02	-6.813523e+00
1.364000e-05	6.681448e-02	-6.879065e+00
1.365000e-05	-5.890605e-02	-7.116944e+00
1.366000e-05	5.626864e-02	-7.274277e+00
1.367000e-05	2.147518e-02	-7.351098e+00
1.368000e-05	-3.684351e-02	-7.539443e+00
1.369000e-05	2.896761e-02	-7.635758e+00
1.370000e-05	-3.197038e-02	-7.835257e+00
1.371000e-05	5.521930e-02	-7.982498e+00
1.372000e-05	-2.539428e-02	-8.086834e+00
1.373000e-05	2.118019e-02	-8.212624e+00
1.374000e-05	1.932992e-02	-8.297891e+00
1.375000e-05	-1.717988e-02	-8.453174e+00
1.376000e-05	1.554874e-02	-8.479390e+00
1.377000e-05	-1.710054e-02	-8.665785e+00
1.378000e-05	4.370503e-02	-8.771000e+00
1.379000e-05	-1.038805e-02	-8.896256e+00
1.380000e-05	1.073937e-02	-8.979996e+00
1.381000e-05	5.120033e-03	-9.014679e+00
1.382000e-05	6.285748e-03	-9.137915e+00
1.383000e-05	8.388974e-03	-9.203150e+00
1.384000e-05	-5.284220e-03	-9.295708e+00
1.385000e-05	2.617720e-02	-9.360018e+00
1.386000e-05	3.257095e-03	-9.507835e+00
1.387000e-05	9.234162e-03	-9.569971e+00
1.388000e-05	9.228803e-04	-9.653656e+00
1.389000e-05	9.732704e-03	-9.696335e+00
1.390000e-05	6.212542e-03	-9.750517e+00
1.391000e-05	8.265533e-03	-9.813178e+00
1.392000e-05	1.713798e-02	-9.845784e+00
1.393000e-05	8.341616e-03	-9.897438e+00
1.394000e-05	4.896075e-03	-9.948970e+00
1.395000e-05	2.480165e-03	-1.000160e+01
1.396000e-05	1.442812e-02	-1.005418e+01
1.397000e-05	1.293092e-02	-1.008681e+01
1.398000e-05	9.142162e-03	-1.010894e+01
1.399000e-05	8.165200e-03	-1.015896e+01
1.400000e-05	9.431008e-03	-1.017152e+01
1.401000e-05	1.065938e-02	-1.025420e+01
1.402000e-05	1.004894e-02	-1.031331e+01
1.403000e-05	1.072942e-02	-1.026583e+01
1.404000e-05	1.343924e-02	-1.027678e+01
1.405000e-05	1.372393e-02	-1.030791e+01
1.406000e-05	1.154782e-02	-1.036789e+01
1.407000e-05	1.106841e-02	-1.032841e+01
1.408000e-05	1.014506e-02	-1.029694e+01
1.409000e-05	1.226316e-02	-1.030834e+01
1.410000e-05	1.497686e-02	-1.034794e+01
1.411000e-05	1.682689e-02	-1.031826e+01
1.412000e-05	1.512645e-02	-1.024876e+01
1.413000e-05	1.280456e-02	-1.027318e+01
1.414000e-05	1.353685e-02	-1.021263e+01
1.415000e-05	1.676436e-02	-1.023157e+01
1.416000e-05	1.845725e-02	-1.014942e+01
1.417000e-05	1.840508e-02	-1.011639e+01
1.418000e-05	1.833913e-02	-1.009576e+01
1.419000e-05	1.844676e-02	-1.003371e+01
1.420000e-05	1.862371e-02	-1.002100e+01
1.421000e-05	1.862970e-02	-9.978965e+00
1.422000e-05	2.124346e-02	-9.896266e+00
1.423000e-05	2.367095e-02	-9.894254e+00
1.424000e-05	2.225765e-02	-9.822056e+00
1.425000e-05	2.222412e-02	-9.746416e+00
1.426000e-05	2.222111e-02	-9.706787e+00
1.427000e-05	2.284576e-02	-9.641633e+00
1.428000e-05	2.290553e-02	-9.570999e+00
1.429000e-05	2.475753e-02	-9.478262e+00
1.430000e-05	2.527391e-02	-9.410579e+00
1.431000e-05	2.619228e-02	-9.335764e+00
1.432000e-05	2.407072e-02	-9.253626e+00
1.433000e-05	2.417556e-02	-9.178888e+00
1.434000e-05	2.530792e-02	-9.052601e+00
1.435000e-05	2.693720e-02	-8.969447e+00
1.436000e-05	2.690484e-02	-8.872733e+00
1.437000e-05	2.581756e-02	-8.769978e+00
1.438000e-05	2.550198e-02	-8.674686e+00
1.439000e-05	2.523588e-02	-8.577419e+00
1.440000e-05	2.560462e-02	-8.460528e+00
1.441000e-05	2.517859e-02	-8.326339e+00
1.442000e-05	2.587908e-02	-8.232926e+00
1.443000e-05	2.645712e-02	-8.096713e+00
1.444000e-05	2.425773e-02	-8.029474e+00
1.445000e-05	2.431484e-02	-7.863130e+00
1.446000e-05	2.335281e-02	-7.713737e+00
1.447000e-05	2.233448e-02	-7.548892e+00
1.448000e-05	2.235655e-02	-7.402550e+00
1.449000e-05	2.305232e-02	-7.314087e+00
1.450000e-05	2.210310e-02	-7.188964e+00
1.451000e-05	2.080737e-02	-7.028527e+00
1.452000e-05	1.902110e-02	-6.822603e+00
1.453000e-05	1.862838e-02	-6.707713e+00
1.454000e-05	1.732375e-02	-6.557946e+00
1.455000e-05	1.772757e-02	-6.452605e+00
1.456000e-05	1.759761e-02	-6.275706e+00
1.457000e-05	1.664128e-02	-6.126264e+00
1.458000e-05	1.314291e-02	-5.957870e+00
1.459000e-05	1.162978e-02	-5.841001e+00
1.460000e-05	1.209703e-02	-5.671637e+00
1.461000e-05	1.236411e-02	-5.515277e+00
1.462000e-05	1.010322e-02	-5.271642e+00
1.463000e-05	1.008339e-02	-5.105113e+00
1.464000e-05	8.583195e-03	-4.926791e+00
1.465000e-05	9.126109e-03	-4.713659e+00
1.466000e-05	5.888000e-03	-4.556294e+00
1.467000e-05	6.731347e-03	-4.420000e+00
1.468000e-05	3.824842e-03	-4.281555e+00
1.469000e-05	5.752534e-03	-4.113210e+00
1.470000e-05	4.479855e-03	-3.946763e+00
1.471000e-05	4.482431e-03	-3.724743e+00
1.472000e-05	3.179713e-03	-3.556868e+00
1.473000e-05	3.573677e-03	-3.346419e+00
1.474000e-05	2.743838e-03	-3.210474e+00
1.475000e-05	2.504575e-03	-2.980376e+00
1.476000e-05	1.649011e-03	-2.809030e+00
1.477000e-05	4.382495e-04	-2.641979e+00
1.478000e-05	-1.020259e-03	-2.492583e+00
1.479000e-05	9.890105e-04	-2.293135e+00
1.480000e-05	1.160260e-04	-2.052581e+00
1.481000e-05	1.671241e-04	-1.903661e+00
1.482000e-05	-1.010558e-03	-1.725263e+00
1.483000e-05	-3.984214e-04	-1.545690e+00
1.484000e-05	-9.901485e-04	-1.304131e+00
1.485000e-05	-2.179018e-03	-1.073135e+00
1.486000e-05	-1.578965e-03	-9.127152e-01
1.487000e-05	-2.663093e-03	-7.351620e-01
1.488000e-05	-2.200038e-03	-4.931617e-01
1.489000e-05	-1.694289e-03	-3.246644e-01
1.490000e-05	-1.846238e-03	-1.667657e-01
1.491000e-05	2.379032e-03	-8.321291e-03
1.492000e-05	2.824174e-03	2.247540e-01
1.493000e-05	-3.025889e-03	4.316766e-01
1.494000e-05	1.758269e-03	5.604699e-01
1.495000e-05	-3.634651e-03	7.184671e-01
1.496000e-05	-2.567317e-03	8.694146e-01
1.497000e-05	-2.743901e-03	1.128940e+00
1.498000e-05	6.361797e-03	1.296335e+00
1.499000e-05	3.215052e-02	1.521440e+00
1.500000e-05	6.225824e-02	1.789546e+00
1.501000e-05	-3.944655e-02	1.980625e+00
1.502000e-05	-4.079444e-02	2.159970e+00
1.503000e-05	-4.500465e-02	2.307490e+00
1.504000e-05	-7.275403e-02	2.424154e+00
1.505000e-05	5.198250e-02	2.635749e+00
1.506000e-05	1.050241e-01	2.832651e+00
1.507000e-05	-1.480480e-01	2.968972e+00
1.508000e-05	1.084051e-01	3.096963e+00
1.509000e-05	-4.027761e-03	3.287435e+00
1.510000e-05	-1.005924e-01	3.528421e+00
1.511000e-05	8.628498e-02	3.646182e+00
1.512000e-05	-2.750771e-02	3.855332e+00
1.513000e-05	-7.060895e-02	3.992705e+00
1.514000e-05	9.774057e-02	4.182654e+00
1.515000e-05	-3.564214e-02	4.411622e+00
1.516000e-05	-7.592350e-03	4.551495e+00
1.517000e-05	-2.315009e-02	4.780495e+00
1.518000e-05	-4.329109e-02	4.928599e+00
1.519000e-05	4.856823e-02	5.191169e+00
1.520000e-05	2.675656e-03	5.359566e+00
1.521000e-05	-2.658382e-03	5.477312e+00
1.522000e-05	-3.547408e-02	5.655304e+00
1.523000e-05	1.067946e-02	5.814733e+00
1.524000e-05	-8.323564e-03	6.022627e+00
1.525000e-05	-3.243445e-02	6.129997e+00
1.526000e-05	3.070100e-02	6.286887e+00
1.527000e-05	-1.531442e-02	6.454707e+00
1.528000e-05	-1.187907e-02	6.592626e+00
1.529000e-05	2.275083e-03	6.791572e+00
1.530000e-05	-2.926110e-02	6.917995e+00
1.531000e-05	1.311300e-03	7.034254e+00
1.532000e-05	-1.041318e-02	7.202574e+00
1.533000e-05	2.804025e-03	7.248512e+00
1.534000e-05	-3.256491e-03	7.515485e+00
1.535000e-05	-2.029927e-02	7.674728e+00
1.536000e-05	-9.132147e-03	7.781099e+00
1.537000e-05	-1.566381e-02	7.927991e+00
1.538000e-05	4.591088e-03	8.055811e+00
1.539000e-05	-1.477004e-02	8.203100e+00
1.540000e-05	-7.638954e-03	8.296915e+00
1.541000e-05	-7.682267e-04	8.411652e+00
1.542000e-05	-1.707577e-02	8.457339e+00
1.543000e-05	-1.276234e-02	8.551048e+00
1.544000e-05	-1.750279e-02	8.664735e+00
1.545000e-05	7.374248e-04	8.780546e+00
1.546000e-05	-6.343245e-03	8.846305e+00
1.547000e-05	-1.183224e-02	8.931598e+00
1.548000e-05	-1.586767e-02	9.096911e+00
1.549000e-05	-1.463508e-02	9.192624e+00
1.550000e-05	-9.891970e-03	9.265307e+00
1.551000e-05	-1.142378e-02	9.338491e+00
1.552000e-05	-6.232024e-03	9.382678e+00
1.553000e-05	-1.105385e-02	9.474832e+00
1.554000e-05	-1.427883e-02	9.559945e+00
1.555000e-05	-1.622057e-02	9.623175e+00
1.556000e-05	-1.315953e-02	9.666358e+00
1.557000e-05	-1.430494e-02	9.750097e+00
1.558000e-05	-1.207718e-02	9.852627e+00
1.559000e-05	-9.088803e-03	9.866311e+00
1.560000e-05	-1.145823e-02	9.991022e+00
1.561000e-05	-1.481158e-02	1.005263e+01
1.562000e-05	-1.802582e-02	1.004416e+01
1.563000e-05	-1.406029e-02	1.004573e+01
1.564000e-05	-1.175682e-02	1.012736e+01
1.565000e-05	-1.277708e-02	1.011897e+01
1.566000e-05	-1.487933e-02	1.017059e+01
1.567000e-05	-1.777902e-02	1.021312e+01
1.568000e-05	-1.714225e-02	1.019518e+01
1.569000e-05	-1.712769e-02	1.027371e+01
1.570000e-05	-1.569946e-02	1.029476e+01
1.571000e-05	-1.549477e-02	1.027523e+01
1.572000e-05	-1.408956e-02	1.026478e+01
1.573000e-05	-1.863454e-02	1.030536e+01
1.574000e-05	-1.944759e-02	1.028531e+01
1.575000e-05	-2.029589e-02	1.029623e+01
1.576000e-05	-1.836912e-02	1.027318e+01
1.577000e-05	-1.846127e-02	1.027481e+01
1.578000e-05	-1.989647e-02	1.026376e+01
1.579000e-05	-2.002689e-02	1.021420e+01
1.580000e-05	-2.178246e-02	1.023215e+01
1.581000e-05	-2.187832e-02	1.018060e+01
1.582000e-05	-2.383442e-02	1.015999e+01
1.583000e-05	-2.152718e-02	1.012836e+01
1.584000e-05	-2.304334e-02	1.009534e+01
1.585000e-05	-2.400506e-02	1.008621e+01
1.586000e-05	-2.559536e-02	1.001308e+01
1.587000e-05	-2.669337e-02	1.001107e+01
1.588000e-05	-2.744250e-02	9.958920e+00
1.589000e-05	-2.736731e-02	9.856207e+00
1.590000e-05	-2.599101e-02	9.741097e+00
1.591000e-05	-2.780155e-02	9.758514e+00
1.592000e-05	-2.913363e-02	9.633707e+00
1.593000e-05	-3.052381e-02	9.569625e+00
1.594000e-05	-2.990861e-02	9.527839e+00
1.595000e-05	-3.019116e-02	9.445107e+00
1.596000e-05	-3.124196e-02	9.369920e+00
1.597000e-05	-2.927720e-02	9.304837e+00
1.598000e-05	-3.064630e-02	9.231654e+00
1.599000e-05	-3.158683e-02	9.158519e+00
1.600000e-05	-3.453413e-02	9.084232e+00
1.601000e-05	-3.080769e-02	8.908947e+00
1.602000e-05	-3.253099e-02	8.842658e+00
1.603000e-05	-3.076171e-02	8.747896e+00
1.604000e-05	-3.211290e-02	8.663603e+00
1.605000e-05	-3.134906e-02	8.558444e+00
1.606000e-05	-3.327213e-02	8.442103e+00
1.607000e-05	-3.248587e-02	8.390424e+00
1.608000e-05	-3.219008e-02	8.232079e+00
1.609000e-05	-3.092065e-02	8.125242e+00
1.610000e-05	-3.009988e-02	8.010500e+00
1.611000e-05	-3.140642e-02	7.894136e+00
1.612000e-05	-2.972016e-02	7.747281e+00
1.613000e-05	-3.097208e-02	7.641027e+00
1.614000e-05	-2.906337e-02	7.484258e+00
1.615000e-05	-2.861447e-02	7.314193e+00
1.616000e-05	-2.738237e-02	7.178917e+00
1.617000e-05	-2.796734e-02	7.003026e+00
1.618000e-05	-2.747234e-02	6.874238e+00
1.619000e-05	-2.691522e-02	6.779395e+00
1.620000e-05	-2.514294e-02	6.579451e+00
1.621000e-05	-2.375915e-02	6.431525e+00
1.622000e-05	-2.283909e-02	6.313761e+00
1.623000e-05	-2.207925e-02	6.146793e+00
1.624000e-05	-2.096644e-02	6.001076e+00
1.625000e-05	-2.100531e-02	5.841083e+00
1.626000e-05	-2.029370e-02	5.632637e+00
1.627000e-05	-1.935510e-02	5.505739e+00
1.628000e-05	-1.714636e-02	5.346267e+00
1.629000e-05	-1.775453e-02	5.148315e+00
1.630000e-05	-1.625611e-02	4.913768e+00
1.631000e-05	-1.536523e-02	4.767441e+00
1.632000e-05	-1.435124e-02	4.589972e+00
1.633000e-05	-1.508335e-02	4.441075e+00
1.634000e-05	-1.315687e-02	4.302706e+00
1.635000e-05	-1.156851e-02	4.051034e+00
1.636000e-05	-1.179231e-02	3.903664e+00
1.637000e-05	-1.191591e-02	3.734815e+00
1.638000e-05	-1.133657e-02	3.608471e+00
1.639000e-05	-1.014288e-02	3.407950e+00
1.640000e-05	-1.061318e-02	3.157918e+00
1.641000e-05	-8.791343e-03	3.000499e+00
1.642000e-05	-8.398870e-03	2.821556e+00
1.643000e-05	-8.146651e-03	2.653584e+00
1.644000e-05	-8.639376e-03	2.370508e+00
1.645000e-05	-8.998449e-03	2.230555e+00
1.646000e-05	-7.489789e-03	2.072660e+00
1.647000e-05	-7.314129e-03	1.956666e+00
1.648000e-05	-5.995887e-03	1.694161e+00
1.649000e-05	-6.199342e-03	1.535167e+00
1.650000e-05	-6.860905e-03	1.344637e+00
1.651000e-05	-6.434900e-03	1.114214e+00
1.652000e-05	-5.424745e-03	9.316092e-01
1.653000e-05	-5.874704e-03	7.031367e-01
1.654000e-05	-5.374131e-03	4.846656e-01
1.655000e-05	-4.378839e-03	3.667697e-01
1.656000e-05	-3.671128e-03	1.232157e-01
1.657000e-05	-6.930994e-04	-3.325934e-02
1.658000e-05	2.112479e-03	-2.411301e-01
1.659000e-05	-3.018522e-03	-3.890213e-01
1.660000e-05	2.645300e-03	-5.495486e-01
1.661000e-05	-3.013169e-03	-7.574463e-01
1.662000e-05	-9.014341e-04	-9.189181e-01
1.663000e-05	-2.460834e-03	-1.105282e+00
1.664000e-05	9.796917e-03	-1.236309e+00
1.665000e-05	5.914625e-02	-1.434861e+00
1.666000e-05	4.483469e-02	-1.665808e+00
1.667000e-05	-7.033522e-02	-1.958940e+00
1.668000e-05	-1.390882e-02	-2.142149e+00
1.669000e-05	-9.527909e-02	-2.431575e+00
1.670000e-05	1.420731e-02	-2.485786e+00
1.671000e-05	1.467704e-01	-2.569974e+00
1.672000e-05	-1.311266e-01	-2.813121e+00
1.673000e-05	4.638243e-02	-3.011233e+00
1.674000e-05	9.052681e-02	-3.149444e+00
1.675000e-05	-1.774498e-01	-3.350044e+00
1.676000e-05	1.139888e-01	-3.516841e+00
1.677000e-05	3.751566e-02	-3.655757e+00
1.678000e-05	-1.459644e-01	-3.887387e+00
1.679000e-05	1.550581e-01	-4.003181e+00
1.680000e-05	-2.173138e-02	-4.223256e+00
1.681000e-05	-1.300343e-02	-4.422125e+00
1.682000e-05	2.949375e-02	-4.509941e+00
1.683000e-05	-1.438962e-01	-4.740596e+00
1.684000e-05	1.383837e-01	-4.917968e+00
1.685000e-05	1.856568e-02	-5.066760e+00
1.686000e-05	-4.961575e-02	-5.266361e+00
1.687000e-05	5.050271e-02	-5.517431e+00
1.688000e-05	-6.736032e-02	-5.667256e+00
1.689000e-05	8.030361e-02	-5.814204e+00
1.690000e-05	-6.780560e-02	-5.960546e+00
1.691000e-05	3.019646e-02	-6.119012e+00
1.692000e-05	5.929234e-02	-6.276386e+00
1.693000e-05	-8.333230e-02	-6.454728e+00
1.694000e-05	8.469889e-02	-6.551145e+00
1.695000e-05	-5.281675e-02	-6.728995e+00
1.696000e-05	2.835859e-02	-6.875833e+00
1.697000e-05	1.222238e-03	-6.964329e+00
1.698000e-05	-2.545898e-02	-7.211574e+00
1.699000e-05	8.556338e-02	-7.308492e+00
1.700000e-05	-5.558442e-02	-7.465313e+00
1.701000e-05	2.877731e-02	-7.623200e+00
1.702000e-05	-2.449629e-02	-7.789621e+00
1.703000e-05	2.432879e-02	-7.946963e+00
1.704000e-05	1.855166e-02	-8.054180e+00
1.705000e-05	-2.039417e-02	-8.159942e+00
1.706000e-05	4.797561e-02	-8.264708e+00
1.707000e-05	-2.337964e-02	-8.340123e+00
1.708000e-05	1.612681e-02	-8.445311e+00
1.709000e-05	-1.439048e-02	-8.550071e+00
1.710000e-05	2.408955e-02	-8.767445e+00
1.711000e-05	1.843257e-02	-8.804231e+00
1.712000e-05	-9.789968e-03	-8.926968e+00
1.713000e-05	1.766455e-02	-9.032598e+00
1.714000e-05	-2.155539e-03	-9.078386e+00
1.715000e-05	1.783541e-02	-9.201024e+00
1.716000e-05	-6.952517e-03	-9.286205e+00
1.717000e-05	1.738941e-02	-9.318937e+00
1.718000e-05	1.383879e-02	-9.474154e+00
1.719000e-05	3.347092e-03	-9.549991e+00
1.720000e-05	5.813635e-03	-9.612003e+00
1.721000e-05	3.916162e-03	-9.685783e+00
1.722000e-05	1.190260e-02	-9.707463e+00
1.723000e-05	3.608030e-03	-9.821124e+00
1.724000e-05	1.768126e-02	-9.864208e+00
1.725000e-05	1.228108e-02	-9.896861e+00
1.726000e-05	7.387309e-03	-9.939944e+00
1.727000e-05	2.149799e-03	-9.981473e+00
1.728000e-05	9.588122e-03	-1.004370e+01
1.729000e-05	1.549578e-02	-1.006473e+01
1.730000e-05	9.684889e-03	-1.010581e+01
1.731000e-05	9.619706e-03	-1.014704e+01
1.732000e-05	9.264925e-03	-1.016159e+01
1.733000e-05	1.107422e-02	-1.020362e+01
1.734000e-05	9.629582e-03	-1.027265e+01
1.735000e-05	9.884148e-03	-1.027533e+01
1.736000e-05	1.251809e-02	-1.026631e+01
1.737000e-05	1.380571e-02	-1.027792e+01
1.738000e-05	1.134289e-02	-1.033933e+01
1.739000e-05	1.036370e-02	-1.033949e+01
1.740000e-05	1.076323e-02	-1.030741e+01
1.741000e-05	1.252628e-02	-1.032789e+01
1.742000e-05	1.330427e-02	-1.032834e+01
1.743000e-05	1.509340e-02	-1.027589e+01
1.744000e-05	1.786350e-02	-1.030526e+01
1.745000e-05	1.436360e-02	-1.027381e+01
1.746000e-05	1.217557e-02	-1.025370e+01
1.747000e-05	1.492315e-02	-1.018112e+01
1.748000e-05	1.849889e-02	-1.018110e+01
1.749000e-05	1.806910e-02	-1.014899e+01
1.750000e-05	1.783048e-02	-1.005631e+01
1.751000e-05	1.837966e-02	-1.007226e+01
1.752000e-05	1.900107e-02	-1.003158e+01
1.753000e-05	1.888336e-02	-9.990571e+00
1.754000e-05	2.022455e-02	-9.907892e+00
1.755000e-05	2.197816e-02	-9.873707e+00
1.756000e-05	2.172634e-02	-9.851679e+00
1.757000e-05	2.170058e-02	-9.750474e+00
1.758000e-05	2.250328e-02	-9.717365e+00
1.759000e-05	2.446476e-02	-9.683733e+00
1.760000e-05	2.324427e-02	-9.590072e+00
1.761000e-05	2.369057e-02	-9.579345e+00
1.762000e-05	2.357224e-02	-9.444604e+00
1.763000e-05	2.529646e-02	-9.348943e+00
1.764000e-05	2.485676e-02	-9.242757e+00
1.765000e-05	2.534474e-02	-9.188921e+00
1.766000e-05	2.514196e-02	-9.094763e+00
1.767000e-05	2.619003e-02	-9.008870e+00
1.768000e-05	2.587680e-02	-8.903808e+00
1.769000e-05	2.589307e-02	-8.821000e+00
1.770000e-05	2.539830e-02	-8.737840e+00
1.771000e-05	2.471943e-02	-8.593525e+00
1.772000e-05	2.580564e-02	-8.483185e+00
1.773000e-05	2.626299e-02	-8.389424e+00
1.774000e-05	2.538445e-02	-8.283559e+00
1.775000e-05	2.556710e-02	-8.166391e+00
1.776000e-05	2.498765e-02	-7.992155e+00
1.777000e-05	2.464876e-02	-7.886888e+00
1.778000e-05	2.366876e-02	-7.788848e+00
1.779000e-05	2.338859e-02	-7.663025e+00
1.780000e-05	2.114479e-02	-7.504287e+00
1.781000e-05	2.325943e-02	-7.326940e+00
1.782000e-05	2.176628e-02	-7.221001e+00
1.783000e-05	2.139445e-02	-7.105736e+00
1.784000e-05	1.974633e-02	-6.945262e+00
1.785000e-05	1.912619e-02	-6.800396e+00
1.786000e-05	1.850183e-02	-6.642550e+00
1.787000e-05	1.869633e-02	-6.504741e+00
1.788000e-05	1.667392e-02	-6.389417e+00
1.789000e-05	1.594280e-02	-6.167899e+00
1.790000e-05	1.473201e-02	-6.010003e+00
1.791000e-05	1.382460e-02	-5.854183e+00
1.792000e-05	1.216823e-02	-5.755742e+00
1.793000e-05	1.237772e-02	-5.539469e+00
1.794000e-05	1.148586e-02	-5.388850e+00
1.795000e-05	9.432712e-03	-5.218969e+00
1.796000e-05	8.830865e-03	-5.021475e+00
1.797000e-05	7.908905e-03	-4.798426e+00
1.798000e-05	7.601538e-03	-4.620475e+00
1.799000e-05	6.325061e-03	-4.472562e+00
1.800000e-05	6.309002e-03	-4.315241e+00
1.801000e-05	4.233615e-03	-4.175841e+00
1.802000e-05	5.025812e-03	-4.018996e+00
1.803000e-05	3.331117e-03	-3.758975e+00
1.804000e-05	3.762649e-03	-3.650951e+00
1.805000e-05	3.082128e-03	-3.451528e+00
1.806000e-05	2.856163e-03	-3.263635e+00
1.807000e-05	2.495988e-03	-3.104787e+00
1.808000e-05	7.061008e-04	-2.892110e+00
1.809000e-05	1.240050e-03	-2.704191e+00
1.810000e-05	-5.239373e-04	-2.546263e+00
1.811000e-05	2.760347e-04	-2.358797e+00
1.812000e-05	-3.194257e-04	-2.145293e+00
1.813000e-05	7.809667e-04	-1.957867e+00
1.814000e-05	-1.194817e-03	-1.799396e+00
1.815000e-05	-1.401058e-04	-1.640050e+00
1.816000e-05	-1.718632e-03	-1.428773e+00
1.817000e-05	-1.873091e-03	-1.138447e+00
1.818000e-05	-2.842722e-03	-9.979206e-01
1.819000e-05	-1.412340e-03	-7.794746e-01
1.820000e-05	-2.648381e-03	-6.283211e-01
1.821000e-05	-2.679913e-03	-4.194698e-01
1.822000e-05	-3.349341e-03	-2.180274e-01
1.823000e-05	1.288731e-03	-7.155276e-02
1.824000e-05	3.735123e-03	1.290946e-01
1.825000e-05	-1.805901e-03	3.689463e-01
1.826000e-05	4.249975e-04	4.774121e-01
1.827000e-05	-1.809448e-03	6.348094e-01
1.828000e-05	-1.959739e-03	7.936015e-01
1.829000e-05	-4.701571e-03	1.025233e+00
1.830000e-05	2.159111e-03	1.244155e+00
1.831000e-05	1.432876e-02	1.431625e+00
1.832000e-05	6.190956e-02	1.616807e+00
1.833000e-05	8.818627e-03	1.906338e+00
1.834000e-05	-5.849945e-02	2.076390e+00
1.835000e-05	-3.347969e-02	2.266409e+00
1.836000e-05	-6.593610e-02	2.382053e+00
1.837000e-05	-2.925846e-02	2.499540e+00
1.838000e-05	1.442070e-01	2.749443e+00
1.839000e-05	-7.741230e-02	2.886813e+00
1.840000e-05	-3.385669e-02	3.024153e+00
1.841000e-05	1.187570e-01	3.212778e+00
1.842000e-05	-1.267743e-01	3.443230e+00
1.843000e-05	2.098989e-02	3.621052e+00
1.844000e-05	6.382277e-02	3.740591e+00
1.845000e-05	-1.109545e-01	3.979468e+00
1.846000e-05	5.503515e-02	4.107958e+00
1.847000e-05	2.840812e-02	4.358971e+00
1.848000e-05	-4.054557e-02	4.497309e+00
1.849000e-05	3.161462e-03	4.666286e+00
1.850000e-05	-5.699889e-02	4.856832e+00
1.851000e-05	1.675148e-02	5.076408e+00
1.852000e-05	3.140793e-02	5.266885e+00
1.853000e-05	-4.777602e-03	5.443311e+00
1.854000e-05	-1.855863e-02	5.604120e+00
1.855000e-05	-2.038388e-02	5.759224e+00
1.856000e-05	1.506452e-02	5.970998e+00
1.857000e-05	-3.626336e-02	6.086862e+00
1.858000e-05	5.413069e-03	6.265256e+00
1.859000e-05	1.777357e-02	6.372522e+00
1.860000e-05	-3.502273e-02	6.529013e+00
1.861000e-05	1.336157e-02	6.750438e+00
1.862000e-05	-2.677301e-02	6.855856e+00
1.863000e-05	-8.373511e-03	6.981598e+00
1.864000e-05	-3.442726e-03	7.111589e+00
1.865000e-05	-5.340355e-03	7.244183e+00
1.866000e-05	7.380626e-03	7.363195e+00
1.867000e-05	-2.157712e-02	7.592620e+00
1.868000e-05	-9.573725e-03	7.708865e+00
1.869000e-05	-1.777707e-02	7.836232e+00
1.870000e-05	-1.084367e-04	8.012328e+00
1.871000e-05	-6.867449e-03	8.129513e+00
1.872000e-05	-1.286366e-02	8.274278e+00
1.873000e-05	-4.924202e-05	8.340522e+00
1.874000e-05	-9.922372e-03	8.454260e+00
1.875000e-05	-1.604315e-02	8.530469e+00
1.876000e-05	-1.920992e-02	8.645804e+00
1.877000e-05	-6.073605e-03	8.769019e+00
1.878000e-05	-1.056129e-03	8.805098e+00
1.879000e-05	-1.000731e-02	8.889442e+00
1.880000e-05	-1.553628e-02	9.003859e+00
1.881000e-05	-1.474279e-02	9.199049e+00
1.882000e-05	-1.077521e-02	9.233203e+00
1.883000e-05	-1.109243e-02	9.277813e+00
1.884000e-05	-9.500103e-03	9.341523e+00
1.885000e-05	-7.817662e-03	9.436232e+00
1.886000e-05	-1.361136e-02	9.558919e+00
1.887000e-05	-1.637267e-02	9.593125e+00
1.888000e-05	-1.396040e-02	9.676787e+00
1.889000e-05	-1.434776e-02	9.749484e+00
1.890000e-05	-1.275426e-02	9.792672e+00
1.891000e-05	-9.969162e-03	9.866262e+00
1.892000e-05	-9.643260e-03	9.897517e+00
1.893000e-05	-1.562306e-02	1.001115e+01
1.894000e-05	-1.808321e-02	1.004466e+01
1.895000e-05	-1.596081e-02	1.006578e+01
1.896000e-05	-1.247515e-02	1.008788e+01
1.897000e-05	-1.358377e-02	1.012889e+01
1.898000e-05	-1.416586e-02	1.017897e+01
1.899000e-05	-1.501801e-02	1.018163e+01
1.900000e-05	-1.710190e-02	1.023173e+01
1.901000e-05	-1.700956e-02	1.020328e+01
1.902000e-05	-1.676905e-02	1.022426e+01
1.903000e-05	-1.567972e-02	1.026526e+01
1.904000e-05	-1.449317e-02	1.025473e+01
1.905000e-05	-1.691729e-02	1.028628e+01
1.906000e-05	-1.919152e-02	1.027628e+01
1.907000e-05	-2.054219e-02	1.026628e+01
1.908000e-05	-2.030667e-02	1.024631e+01
1.909000e-05	-1.784430e-02	1.027476e+01
1.910000e-05	-1.782204e-02	1.026526e+01
1.911000e-05	-1.867196e-02	1.022468e+01
1.912000e-05	-2.201392e-02	1.021220e+01
1.913000e-05	-2.285565e-02	1.021115e+01
1.914000e-05	-2.333823e-02	1.015050e+01
1.915000e-05	-2.217429e-02	1.011839e+01
1.916000e-05	-2.272609e-02	1.011634e+01
1.917000e-05	-2.314014e-02	1.008523e+01
1.918000e-05	-2.493305e-02	1.004413e+01
1.919000e-05	-2.551130e-02	1.001162e+01
1.920000e-05	-2.725865e-02	9.968996e+00
1.921000e-05	-2.735940e-02	9.877965e+00
1.922000e-05	-2.661726e-02	9.833653e+00
1.923000e-05	-2.596990e-02	9.740518e+00
1.924000e-05	-2.772152e-02	9.735308e+00
1.925000e-05	-3.020503e-02	9.601732e+00
1.926000e-05	-2.974191e-02	9.568425e+00
1.927000e-05	-2.961355e-02	9.494811e+00
1.928000e-05	-2.945752e-02	9.422123e+00
1.929000e-05	-3.050674e-02	9.336912e+00
1.930000e-05	-3.077359e-02	9.253734e+00
1.931000e-05	-3.037035e-02	9.190101e+00
1.932000e-05	-3.281119e-02	9.117359e+00
1.933000e-05	-3.030124e-02	8.961576e+00
1.934000e-05	-3.371809e-02	8.893234e+00
1.935000e-05	-3.039632e-02	8.770498e+00
1.936000e-05	-3.330258e-02	8.714360e+00
1.937000e-05	-3.037526e-02	8.599525e+00
1.938000e-05	-3.385721e-02	8.495312e+00
1.939000e-05	-3.141930e-02	8.390499e+00
1.940000e-05	-3.377481e-02	8.335834e+00
1.941000e-05	-2.955981e-02	8.165952e+00
1.942000e-05	-3.123979e-02	8.053154e+00
1.943000e-05	-2.991685e-02	7.896290e+00
1.944000e-05	-3.126080e-02	7.791518e+00
1.945000e-05	-2.980528e-02	7.692759e+00
1.946000e-05	-3.053110e-02	7.499393e+00
1.947000e-05	-2.929073e-02	7.348423e+00
1.948000e-05	-2.829244e-02	7.202003e+00
1.949000e-05	-2.693742e-02	7.055112e+00
1.950000e-05	-2.679208e-02	6.966842e+00
1.951000e-05	-2.734287e-02	6.810447e+00
1.952000e-05	-2.629843e-02	6.714232e+00
1.953000e-05	-2.366740e-02	6.494161e+00
1.954000e-05	-2.340506e-02	6.355841e+00
1.955000e-05	-2.277974e-02	6.209525e+00
1.956000e-05	-2.257314e-02	6.052585e+00
1.957000e-05	-2.081259e-02	5.927836e+00
1.958000e-05	-2.094876e-02	5.726840e+00
1.959000e-05	-2.012650e-02	5.597896e+00
1.960000e-05	-1.810680e-02	5.389504e+00
1.961000e-05	-1.669944e-02	5.263050e+00
1.962000e-05	-1.696024e-02	5.030000e+00
1.963000e-05	-1.581199e-02	4.819954e+00
1.964000e-05	-1.484146e-02	4.652108e+00
1.965000e-05	-1.430828e-02	4.473186e+00
1.966000e-05	-1.347437e-02	4.349340e+00
1.967000e-05	-1.269902e-02	4.146893e+00
1.968000e-05	-1.137768e-02	3.937421e+00
1.969000e-05	-1.191979e-02	3.798426e+00
1.970000e-05	-1.113275e-02	3.642024e+00
1.971000e-05	-1.010199e-02	3.463637e+00
1.972000e-05	-1.030818e-02	3.250484e+00
1.973000e-05	-8.527903e-03	3.103585e+00
1.974000e-05	-8.910963e-03	2.884638e+00
1.975000e-05	-8.648752e-03	2.716366e+00
1.976000e-05	-1.017687e-02	2.524668e+00
1.977000e-05	-8.054461e-03	2.323714e+00
1.978000e-05	-7.179291e-03	2.156371e+00
1.979000e-05	-6.857854e-03	2.007969e+00
1.980000e-05	-7.368686e-03	1.801826e+00
1.981000e-05	-6.186813e-03	1.588926e+00
1.982000e-05	-6.421073e-03	1.377950e+00
1.983000e-05	-6.211919e-03	1.249379e+00
1.984000e-05	-6.050999e-03	9.468187e-01
1.985000e-05	-5.014703e-03	7.669210e-01
1.986000e-05	-4.387150e-03	5.884273e-01
1.987000e-05	-4.688370e-03	4.300014e-01
1.988000e-05	-4.752378e-03	2.299264e-01
1.989000e-05	-3.036883e-03	-9.070056e-03
1.990000e-05	3.207526e-03	-1.499946e-01
1.991000e-05	-1.372323e-04	-3.254172e-01
1.992000e-05	-7.465018e-04	-4.743330e-01
1.993000e-05	-1.018709e-03	-7.273819e-01
1.994000e-05	-1.946119e-03	-8.442091e-01
1.995000e-05	-1.901053e-03	-1.020099e+00
1.996000e-05	2.698252e-03	-1.201097e+00
1.997000e-05	3.062183e-02	-1.402176e+00
1.998000e-05	8.165457e-02	-1.632125e+00
1.999000e-05	-4.731480e-02	-1.825175e+00
2.000000e-05	-2.933975e-02	-2.094380e+00
2.001000e-05	-5.913736e-02	-2.348911e+00
2.002000e-05	-6.893186e-02	-2.463158e+00
2.003000e-05	1.428321e-01	-2.517893e+00
2.004000e-05	-3.577606e-03	-2.686911e+00
2.005000e-05	-1.003578e-01	-2.906465e+00
2.006000e-05	1.797339e-01	-3.065838e+00
2.007000e-05	-1.294031e-01	-3.254261e+00
2.008000e-05	-4.443042e-02	-3.463684e+00
2.009000e-05	1.478692e-01	-3.601124e+00
2.010000e-05	-1.333105e-01	-3.792679e+00
2.011000e-05	2.700229e-02	-4.000073e+00
2.012000e-05	1.108951e-01	-4.127591e+00
2.013000e-05	-1.008613e-01	-4.338443e+00
2.014000e-05	8.629194e-02	-4.465280e+00
2.015000e-05	-1.225486e-01	-4.696359e+00
2.016000e-05	8.727881e-03	-4.866232e+00
2.017000e-05	1.277739e-01	-5.012626e+00
2.018000e-05	-8.679143e-02	-5.242126e+00
2.019000e-05	5.359184e-02	-5.381652e+00
2.020000e-05	-4.541717e-02	-5.581097e+00
2.021000e-05	2.588580e-02	-5.759595e+00
2.022000e-05	2.140455e-02	-5.884813e+00
2.023000e-05	-6.627377e-02	-6.064727e+00
2.024000e-05	1.116840e-01	-6.222173e+00
2.025000e-05	-6.857101e-02	-6.422620e+00
2.026000e-05	2.751963e-02	-6.558369e+00
2.027000e-05	2.495409e-02	-6.695312e+00
2.028000e-05	-4.748395e-02	-6.823605e+00
2.029000e-05	6.022037e-02	-6.951174e+00
2.030000e-05	-6.275340e-02	-7.120045e+00
2.031000e-05	7.732520e-02	-7.284211e+00
2.032000e-05	-4.967497e-03	-7.433153e+00
2.033000e-05	-1.913082e-02	-7.541045e+00
2.034000e-05	1.684388e-02	-7.686282e+00
2.035000e-05	-2.193887e-02	-7.875378e+00
2.036000e-05	5.353323e-02	-8.022575e+00
2.037000e-05	-3.226037e-02	-8.147884e+00
2.038000e-05	3.411951e-02	-8.242125e+00
2.039000e-05	6.143610e-03	-8.326445e+00
2.040000e-05	-7.331683e-03	-8.432201e+00
2.041000e-05	8.533685e-03	-8.568490e+00
2.042000e-05	-9.160961e-03	-8.673238e+00
2.043000e-05	4.189969e-02	-8.821149e+00
2.044000e-05	-1.303088e-02	-8.925334e+00
2.045000e-05	1.588649e-02	-8.989970e+00
2.046000e-05	4.543429e-04	-9.025307e+00
2.047000e-05	9.950567e-03	-9.138996e+00
2.048000e-05	5.823973e-03	-9.212100e+00
2.049000e-05	4.285335e-04	-9.296858e+00
2.050000e-05	2.503158e-02	-9.382094e+00
2.051000e-05	2.075099e-03	-9.525862e+00
2.052000e-05	1.020704e-02	-9.602624e+00
2.053000e-05	1.631384e-03	-9.645730e+00
2.054000e-05	1.201839e-02	-9.695935e+00
2.055000e-05	4.536307e-03	-9.738970e+00
2.056000e-05	1.162549e-02	-9.782678e+00
2.057000e-05	1.735613e-02	-9.875311e+00
2.058000e-05	7.893491e-03	-9.908843e+00
2.059000e-05	4.576918e-03	-9.989472e+00
2.060000e-05	3.182301e-03	-1.004268e+01
2.061000e-05	1.648650e-02	-1.004520e+01
2.062000e-05	1.120652e-02	-1.008588e+01
2.063000e-05	8.559605e-03	-1.010839e+01
2.064000e-05	8.570533e-03	-1.017046e+01
2.065000e-05	1.028519e-02	-1.016007e+01
2.066000e-05	1.086516e-02	-1.022375e+01
2.067000e-05	9.113123e-03	-1.025428e+01
2.068000e-05	1.136119e-02	-1.032631e+01
2.069000e-05	1.410774e-02	-1.030744e+01
2.070000e-05	1.273793e-02	-1.031938e+01
2.071000e-05	1.062971e-02	-1.034836e+01
2.072000e-05	9.602983e-03	-1.031894e+01
2.073000e-05	1.229868e-02	-1.031632e+01
2.074000e-05	1.092689e-02	-1.033644e+01
2.075000e-05	1.502736e-02	-1.031741e+01
2.076000e-05	1.629186e-02	-1.027631e+01
2.077000e-05	1.527790e-02	-1.021689e+01
2.078000e-05	1.405389e-02	-1.024418e+01
2.079000e-05	1.421106e-02	-1.022480e+01
2.080000e-05	1.670583e-02	-1.020152e+01
2.081000e-05	1.719680e-02	-1.015102e+01
2.082000e-05	1.678610e-02	-1.011734e+01
2.083000e-05	1.972992e-02	-1.008278e+01
2.084000e-05	1.834388e-02	-1.006373e+01
2.085000e-05	1.848519e-02	-1.001055e+01
2.086000e-05	1.857017e-02	-9.958466e+00
2.087000e-05	2.200480e-02	-9.916287e+00
2.088000e-05	2.230004e-02	-9.843259e+00
2.089000e-05	2.160518e-02	-9.811050e+00
2.090000e-05	2.272748e-02	-9.726242e+00
2.091000e-05	2.280159e-02	-9.664686e+00
2.092000e-05	2.303399e-02	-9.641657e+00
2.093000e-05	2.268447e-02	-9.610493e+00
2.094000e-05	2.417753e-02	-9.505230e+00
2.095000e-05	2.518601e-02	-9.411522e+00
2.096000e-05	2.528039e-02	-9.284862e+00
2.097000e-05	2.484359e-02	-9.221131e+00
2.098000e-05	2.528031e-02	-9.107312e+00
2.099000e-05	2.657648e-02	-9.032101e+00
2.100000e-05	2.651078e-02	-8.908765e+00
2.101000e-05	2.562926e-02	-8.882159e+00
2.102000e-05	2.632335e-02	-8.758943e+00
2.103000e-05	2.585913e-02	-8.703557e+00
2.104000e-05	2.593209e-02	-8.554890e+00
2.105000e-05	2.540317e-02	-8.421005e+00
2.106000e-05	2.551902e-02	-8.306338e+00
2.107000e-05	2.640313e-02	-8.231441e+00
2.108000e-05	2.647234e-02	-8.093764e+00
2.109000e-05	2.456352e-02	-8.021916e+00
2.110000e-05	2.399155e-02	-7.811178e+00
2.111000e-05	2.476494e-02	-7.715232e+00
2.112000e-05	2.356476e-02	-7.507318e+00
2.113000e-05	2.111398e-02	-7.381050e+00
2.114000e-05	2.265517e-02	-7.274106e+00
2.115000e-05	2.207742e-02	-7.158787e+00
2.116000e-05	2.088779e-02	-7.028000e+00
2.117000e-05	1.892535e-02	-6.830028e+00
2.118000e-05	1.967829e-02	-6.705734e+00
2.119000e-05	1.890974e-02	-6.587940e+00
2.120000e-05	1.753504e-02	-6.381476e+00
2.121000e-05	1.553044e-02	-6.282177e+00
2.122000e-05	1.595589e-02	-6.103660e+00
2.123000e-05	1.417092e-02	-5.936843e+00
2.124000e-05	1.345180e-02	-5.809996e+00
2.125000e-05	1.142660e-02	-5.599983e+00
2.126000e-05	1.127140e-02	-5.475061e+00
2.127000e-05	9.599459e-03	-5.302607e+00
2.128000e-05	1.029792e-02	-5.063209e+00
2.129000e-05	8.044196e-03	-4.924736e+00
2.130000e-05	8.235840e-03	-4.682709e+00
2.131000e-05	6.182098e-03	-4.565890e+00
2.132000e-05	7.135320e-03	-4.397974e+00
2.133000e-05	4.119023e-03	-4.200055e+00
2.134000e-05	4.966066e-03	-4.091058e+00
2.135000e-05	3.530804e-03	-3.904265e+00
2.136000e-05	4.691300e-03	-3.702740e+00
2.137000e-05	3.128268e-03	-3.555213e+00
2.138000e-05	3.018972e-03	-3.356321e+00
2.139000e-05	1.475851e-03	-3.169974e+00
2.140000e-05	1.941900e-03	-2.987847e+00
2.141000e-05	1.471570e-03	-2.797975e+00
2.142000e-05	4.523865e-04	-2.656954e+00
2.143000e-05	-7.451865e-04	-2.452003e+00
2.144000e-05	6.879313e-04	-2.232080e+00
2.145000e-05	2.541587e-04	-2.060508e+00
2.146000e-05	-1.581354e-03	-1.842054e+00
2.147000e-05	-6.087572e-04	-1.714113e+00
2.148000e-05	-9.029731e-04	-1.522210e+00
2.149000e-05	-1.236576e-03	-1.292029e+00
2.150000e-05	-2.297882e-03	-1.063055e+00
2.151000e-05	-2.090523e-03	-9.020840e-01
2.152000e-05	-2.533871e-03	-7.135782e-01
2.153000e-05	-2.353698e-03	-4.416089e-01
2.154000e-05	-2.897897e-03	-3.126395e-01
2.155000e-05	-1.112669e-03	-1.336632e-01
2.156000e-05	3.097422e-03	3.280027e-02
2.157000e-05	1.479301e-03	2.747584e-01
2.158000e-05	-2.587521e-03	4.322054e-01
2.159000e-05	1.024260e-04	6.025763e-01
2.160000e-05	-2.794681e-03	7.684474e-01
2.161000e-05	-1.835081e-03	8.799160e-01
2.162000e-05	-1.678579e-03	1.190967e+00
2.163000e-05	7.919835e-03	1.349496e+00
2.164000e-05	4.076227e-02	1.541074e+00
2.165000e-05	5.426164e-02	1.812226e+00
2.166000e-05	-5.132671e-02	1.991625e+00
2.167000e-05	-3.652284e-02	2.190048e+00
2.168000e-05	-5.042702e-02	2.320121e+00
2.169000e-05	-6.824084e-02	2.455759e+00
2.170000e-05	8.341051e-02	2.645734e+00
2.171000e-05	6.645608e-02	2.845129e+00
2.172000e-05	-1.397734e-01	2.961026e+00
2.173000e-05	1.381103e-01	3.097967e+00
2.174000e-05	-4.867273e-02	3.340069e+00
2.175000e-05	-7.559448e-02	3.559470e+00
2.176000e-05	9.278632e-02	3.657308e+00
2.177000e-05	-5.846939e-02	3.865838e+00
2.178000e-05	-3.925131e-02	4.013202e+00
2.179000e-05	9.044352e-02	4.225783e+00
2.180000e-05	-4.577052e-02	4.433658e+00
2.181000e-05	7.200764e-04	4.590099e+00
2.182000e-05	-3.604932e-02	4.801546e+00
2.183000e-05	-2.921089e-02	4.952274e+00
2.184000e-05	4.940423e-02	5.171147e+00
2.185000e-05	-1.148918e-03	5.401600e+00
2.186000e-05	-6.772348e-03	5.588895e+00
2.187000e-05	-3.704042e-02	5.687311e+00
2.188000e-05	1.832151e-02	5.866812e+00
2.189000e-05	-1.558853e-02	6.035703e+00
2.190000e-05	-2.503384e-02	6.162025e+00
2.191000e-05	3.200211e-02	6.319039e+00
2.192000e-05	-2.455952e-02	6.475807e+00
2.193000e-05	-1.997466e-03	6.613783e+00
2.194000e-05	-6.912976e-03	6.792125e+00
2.195000e-05	-2.505286e-02	6.920120e+00
2.196000e-05	3.892477e-04	7.085341e+00
2.197000e-05	-1.007474e-02	7.212149e+00
2.198000e-05	7.731926e-03	7.238536e+00
2.199000e-05	-9.079893e-03	7.508465e+00
2.200000e-05	-1.818237e-02	7.615787e+00
2.201000e-05	-1.276314e-02	7.821223e+00
2.202000e-05	-1.083761e-02	7.930567e+00
2.203000e-05	2.651601e-03	8.087391e+00
2.204000e-05	-1.555751e-02	8.194151e+00
2.205000e-05	-5.865862e-03	8.286915e+00
2.206000e-05	-3.371377e-03	8.422627e+00
2.207000e-05	-1.552833e-02	8.476311e+00
2.208000e-05	-1.596234e-02	8.573123e+00
2.209000e-05	-1.640278e-02	8.726390e+00
2.210000e-05	9.390849e-04	8.779553e+00
2.211000e-05	-6.752667e-03	8.847754e+00
2.212000e-05	-1.120031e-02	9.001625e+00
2.213000e-05	-1.583212e-02	9.128462e+00
2.214000e-05	-1.424719e-02	9.202079e+00
2.215000e-05	-1.047186e-02	9.263861e+00
2.216000e-05	-1.237827e-02	9.320994e+00
2.217000e-05	-6.249577e-03	9.454057e+00
2.218000e-05	-1.307837e-02	9.507390e+00
2.219000e-05	-1.385898e-02	9.541947e+00
2.220000e-05	-1.573381e-02	9.632678e+00
2.221000e-05	-1.292084e-02	9.666365e+00
2.222000e-05	-1.464618e-02	9.730695e+00
2.223000e-05	-1.148595e-02	9.803780e+00
2.224000e-05	-8.597529e-03	9.947413e+00
2.225000e-05	-1.317322e-02	9.960494e+00
2.226000e-05	-1.720335e-02	1.000413e+01
2.227000e-05	-1.849794e-02	1.002276e+01
2.228000e-05	-1.266441e-02	1.005823e+01
2.229000e-05	-1.187924e-02	1.010581e+01
2.230000e-05	-1.444354e-02	1.015011e+01
2.231000e-05	-1.445078e-02	1.014905e+01
2.232000e-05	-1.763902e-02	1.019165e+01
2.233000e-05	-1.552845e-02	1.023270e+01
2.234000e-05	-1.650268e-02	1.024325e+01
2.235000e-05	-1.634524e-02	1.023381e+01
2.236000e-05	-1.412101e-02	1.028476e+01
2.237000e-05	-1.609417e-02	1.027431e+01
2.238000e-05	-1.706085e-02	1.023629e+01
2.239000e-05	-2.026998e-02	1.026476e+01
2.240000e-05	-1.813131e-02	1.026581e+01
2.241000e-05	-1.845889e-02	1.025326e+01
2.242000e-05	-1.824442e-02	1.026623e+01
2.243000e-05	-1.927221e-02	1.022371e+01
2.244000e-05	-2.053654e-02	1.023206e+01
2.245000e-05	-2.283314e-02	1.020167e+01
2.246000e-05	-2.203629e-02	1.015957e+01
2.247000e-05	-2.186796e-02	1.015999e+01
2.248000e-05	-2.009761e-02	1.010682e+01
2.249000e-05	-2.354978e-02	1.007729e+01
2.250000e-05	-2.516071e-02	1.008376e+01
2.251000e-05	-2.594464e-02	1.003218e+01
2.252000e-05	-2.517335e-02	9.991025e+00
2.253000e-05	-2.686297e-02	9.908392e+00
2.254000e-05	-2.752625e-02	9.835208e+00
2.255000e-05	-2.739236e-02	9.761472e+00
2.256000e-05	-2.618729e-02	9.707290e+00
2.257000e-05	-2.698140e-02	9.652656e+00
2.258000e-05	-3.139258e-02	9.550549e+00
2.259000e-05	-3.344119e-02	9.476386e+00
2.260000e-05	-3.037627e-02	9.452629e+00
2.261000e-05	-2.873592e-02	9.359499e+00
2.262000e-05	-2.852007e-02	9.295763e+00
2.263000e-05	-3.279929e-02	9.242626e+00
2.264000e-05	-3.374388e-02	9.129417e+00
2.265000e-05	-3.284251e-02	9.052155e+00
2.266000e-05	-3.092227e-02	8.905841e+00
2.267000e-05	-3.111766e-02	8.811629e+00
2.268000e-05	-3.285789e-02	8.736845e+00
2.269000e-05	-3.296482e-02	8.623029e+00
2.270000e-05	-3.370359e-02	8.547891e+00
2.271000e-05	-3.184195e-02	8.431631e+00
2.272000e-05	-3.191530e-02	8.327869e+00
2.273000e-05	-3.081733e-02	8.232655e+00
2.274000e-05	-3.222940e-02	8.074263e+00
2.275000e-05	-3.047219e-02	8.030468e+00
2.276000e-05	-3.177435e-02	7.813606e+00
2.277000e-05	-3.009812e-02	7.735343e+00
2.278000e-05	-3.173625e-02	7.610451e+00
2.279000e-05	-2.995179e-02	7.472558e+00
2.280000e-05	-2.951741e-02	7.263756e+00
2.281000e-05	-2.747586e-02	7.124865e+00
2.282000e-05	-2.756144e-02	6.971499e+00
2.283000e-05	-2.563812e-02	6.832661e+00
2.284000e-05	-2.710437e-02	6.766396e+00
2.285000e-05	-2.536422e-02	6.597947e+00
2.286000e-05	-2.432602e-02	6.399951e+00
2.287000e-05	-2.263034e-02	6.232531e+00
2.288000e-05	-2.190824e-02	6.114790e+00
2.289000e-05	-2.266215e-02	5.970528e+00
2.290000e-05	-2.144971e-02	5.763083e+00
2.291000e-05	-2.067474e-02	5.662036e+00
2.292000e-05	-1.727944e-02	5.464634e+00
2.293000e-05	-1.707169e-02	5.315313e+00
2.294000e-05	-1.591180e-02	5.137836e+00
2.295000e-05	-1.654347e-02	4.893166e+00
2.296000e-05	-1.572250e-02	4.756840e+00
2.297000e-05	-1.547583e-02	4.567895e+00
2.298000e-05	-1.381240e-02	4.429529e+00
2.299000e-05	-1.318055e-02	4.251157e+00
2.300000e-05	-1.090326e-02	4.020580e+00
2.301000e-05	-1.147855e-02	3.874112e+00
2.302000e-05	-1.137219e-02	3.682689e+00
2.303000e-05	-1.106660e-02	3.547294e+00
2.304000e-05	-1.106136e-02	3.326747e+00
2.305000e-05	-9.753023e-03	3.185391e+00
2.306000e-05	-8.820623e-03	2.989398e+00
2.307000e-05	-7.715199e-03	2.810527e+00
2.308000e-05	-8.873758e-03	2.660426e+00
2.309000e-05	-9.255402e-03	2.398905e+00
2.310000e-05	-7.936702e-03	2.221503e+00
2.311000e-05	-7.042882e-03	2.071533e+00
2.312000e-05	-6.524354e-03	1.904114e+00
2.313000e-05	-5.671879e-03	1.672590e+00
2.314000e-05	-6.256980e-03	1.482059e+00
2.315000e-05	-5.880025e-03	1.303737e+00
2.316000e-05	-7.196204e-03	1.132589e+00
2.317000e-05	-5.829148e-03	8.800338e-01
2.318000e-05	-5.064444e-03	6.815341e-01
2.319000e-05	-4.461955e-03	5.031630e-01
2.320000e-05	-4.990310e-03	3.052671e-01
2.321000e-05	-4.717574e-03	1.220630e-01
2.322000e-05	5.975051e-04	-8.678447e-02
2.323000e-05	2.884316e-03	-2.242104e-01
2.324000e-05	-2.820790e-03	-4.104951e-01
2.325000e-05	2.141538e-03	-5.195215e-01
2.326000e-05	-2.705998e-03	-8.010264e-01
2.327000e-05	-9.301032e-05	-9.379472e-01
2.328000e-05	-1.286461e-03	-1.136387e+00
2.329000e-05	1.169336e-02	-1.307391e+00
2.330000e-05	6.782628e-02	-1.494866e+00
2.331000e-05	2.045305e-02	-1.708389e+00
2.332000e-05	-6.340454e-02	-1.971044e+00
2.333000e-05	-1.903040e-02	-2.194226e+00
2.334000e-05	-9.818981e-02	-2.422102e+00
2.335000e-05	5.016386e-02	-2.503313e+00
2.336000e-05	1.190112e-01	-2.592101e+00
2.337000e-05	-1.491004e-01	-2.803124e+00
2.338000e-05	1.066069e-01	-2.990155e+00
2.339000e-05	4.009424e-02	-3.210016e+00
2.340000e-05	-1.563622e-01	-3.361573e+00
2.341000e-05	1.413849e-01	-3.508991e+00
2.342000e-05	-1.185220e-02	-3.676912e+00
2.343000e-05	-1.152129e-01	-3.968467e+00
2.344000e-05	1.700274e-01	-4.044209e+00
2.345000e-05	-6.128956e-02	-4.244835e+00
2.346000e-05	2.426674e-02	-4.422630e+00
2.347000e-05	-1.045052e-02	-4.549589e+00
2.348000e-05	-1.198129e-01	-4.781576e+00
2.349000e-05	1.611594e-01	-4.946038e+00
2.350000e-05	-2.012618e-02	-5.088889e+00
2.351000e-05	-2.069728e-02	-5.257362e+00
2.352000e-05	2.731034e-02	-5.525862e+00
2.353000e-05	-5.178704e-02	-5.687413e+00
2.354000e-05	8.005339e-02	-5.863652e+00
2.355000e-05	-8.301016e-02	-5.992047e+00
2.356000e-05	6.272163e-02	-6.119416e+00
2.357000e-05	2.546564e-02	-6.307964e+00
2.358000e-05	-6.352369e-02	-6.475308e+00
2.359000e-05	8.319176e-02	-6.602630e+00
2.360000e-05	-6.463222e-02	-6.751444e+00
2.361000e-05	4.936480e-02	-6.917888e+00
2.362000e-05	-2.340460e-02	-7.073216e+00
2.363000e-05	5.492669e-04	-7.213651e+00
2.364000e-05	6.854931e-02	-7.358469e+00
2.365000e-05	-5.385408e-02	-7.507861e+00
2.366000e-05	3.418073e-02	-7.643178e+00
2.367000e-05	-3.305407e-02	-7.802022e+00
2.368000e-05	3.927504e-02	-7.980521e+00
2.369000e-05	2.912940e-03	-8.065803e+00
2.370000e-05	-7.952748e-03	-8.180569e+00
2.371000e-05	4.084001e-02	-8.305832e+00
2.372000e-05	-2.401740e-02	-8.391097e+00
2.373000e-05	2.078023e-02	-8.475814e+00
2.374000e-05	-1.718360e-02	-8.602152e+00
2.375000e-05	3.372078e-02	-8.738469e+00
2.376000e-05	8.283627e-03	-8.835227e+00
2.377000e-05	-4.051135e-03	-8.949469e+00
2.378000e-05	1.510056e-02	-9.040654e+00
2.379000e-05	4.505449e-04	-9.098017e+00
2.380000e-05	1.904064e-02	-9.163169e+00
2.381000e-05	-8.290496e-03	-9.265357e+00
2.382000e-05	2.099339e-02	-9.329040e+00
2.383000e-05	9.302467e-03	-9.465876e+00
2.384000e-05	7.357159e-03	-9.580024e+00
2.385000e-05	4.771573e-03	-9.642204e+00
2.386000e-05	6.266075e-03	-9.677365e+00
2.387000e-05	1.051353e-02	-9.718936e+00
2.388000e-05	5.539388e-03	-9.820674e+00
2.389000e-05	1.839788e-02	-9.843705e+00
2.390000e-05	1.084674e-02	-9.916841e+00
2.391000e-05	5.938392e-03	-9.978466e+00
2.392000e-05	1.785796e-03	-9.980600e+00
2.393000e-05	1.078214e-02	-1.004281e+01
2.394000e-05	1.568569e-02	-1.004321e+01
2.395000e-05	1.007362e-02	-1.010631e+01
2.396000e-05	8.828194e-03	-1.014989e+01
2.397000e-05	8.953727e-03	-1.013800e+01
2.398000e-05	1.111578e-02	-1.023415e+01
2.399000e-05	1.007303e-02	-1.026380e+01
2.400000e-05	9.590914e-03	-1.029586e+01
2.401000e-05	1.217736e-02	-1.029581e+01
2.402000e-05	1.390543e-02	-1.028736e+01
2.403000e-05	1.113843e-02	-1.035736e+01
2.404000e-05	1.070722e-02	-1.032789e+01
2.405000e-05	1.000373e-02	-1.031749e+01
2.406000e-05	1.209477e-02	-1.028724e+01
2.407000e-05	1.287934e-02	-1.030841e+01
2.408000e-05	1.691454e-02	-1.028629e+01
2.409000e-05	1.576981e-02	-1.028540e+01
2.410000e-05	1.353367e-02	-1.025433e+01
2.411000e-05	1.157593e-02	-1.023162e+01
2.412000e-05	1.542776e-02	-1.020962e+01
2.413000e-05	1.845009e-02	-1.019049e+01
2.414000e-05	1.855404e-02	-1.015736e+01
2.415000e-05	1.843539e-02	-1.007534e+01
2.416000e-05	1.907128e-02	-1.009276e+01
2.417000e-05	1.796801e-02	-1.000108e+01
2.418000e-05	1.813964e-02	-9.960021e+00
2.419000e-05	1.983361e-02	-9.917314e+00
2.420000e-05	2.253649e-02	-9.854757e+00
2.421000e-05	2.312962e-02	-9.842178e+00
2.422000e-05	2.243163e-02	-9.748916e+00
2.423000e-05	2.131069e-02	-9.736365e+00
2.424000e-05	2.232305e-02	-9.642698e+00
2.425000e-05	2.265848e-02	-9.641525e+00
2.426000e-05	2.456622e-02	-9.527844e+00
2.427000e-05	2.608095e-02	-9.433049e+00
2.428000e-05	2.590760e-02	-9.358540e+00
2.429000e-05	2.433497e-02	-9.252679e+00
2.430000e-05	2.466489e-02	-9.138474e+00
2.431000e-05	2.534109e-02	-9.082629e+00
2.432000e-05	2.550790e-02	-8.988919e+00
2.433000e-05	2.680994e-02	-8.864262e+00
2.434000e-05	2.682380e-02	-8.789520e+00
2.435000e-05	2.576103e-02	-8.696858e+00
2.436000e-05	2.567604e-02	-8.559973e+00
2.437000e-05	2.348364e-02	-8.462156e+00
2.438000e-05	2.611773e-02	-8.356394e+00
2.439000e-05	2.506149e-02	-8.263683e+00
2.440000e-05	2.750614e-02	-8.176317e+00
2.441000e-05	2.572671e-02	-8.022076e+00
2.442000e-05	2.593218e-02	-7.937310e+00
2.443000e-05	2.418585e-02	-7.785876e+00
2.444000e-05	2.244171e-02	-7.579603e+00
2.445000e-05	2.171222e-02	-7.462680e+00
2.446000e-05	2.237997e-02	-7.338288e+00
2.447000e-05	2.097457e-02	-7.209029e+00
2.448000e-05	2.201213e-02	-7.043681e+00
2.449000e-05	2.034687e-02	-6.925686e+00
2.450000e-05	2.145545e-02	-6.726844e+00
2.451000e-05	1.982994e-02	-6.620081e+00
2.452000e-05	1.846211e-02	-6.443685e+00
2.453000e-05	1.718269e-02	-6.349492e+00
2.454000e-05	1.528642e-02	-6.146346e+00
2.455000e-05	1.340442e-02	-6.000554e+00
2.456000e-05	1.131502e-02	-5.852581e+00
2.457000e-05	1.176162e-02	-5.694310e+00
2.458000e-05	1.290329e-02	-5.568822e+00
2.459000e-05	1.218589e-02	-5.316418e+00
2.460000e-05	1.021532e-02	-5.177816e+00
2.461000e-05	8.749083e-03	-4.990375e+00
2.462000e-05	8.709302e-03	-4.726401e+00
2.463000e-05	5.752781e-03	-4.619948e+00
2.464000e-05	4.633629e-03	-4.451553e+00
2.465000e-05	4.931846e-03	-4.291739e+00
2.466000e-05	5.169529e-03	-4.157291e+00
2.467000e-05	4.729051e-03	-3.997871e+00
2.468000e-05	3.351728e-03	-3.786951e+00
2.469000e-05	4.134904e-03	-3.638971e+00
2.470000e-05	3.494283e-03	-3.449502e+00
2.471000e-05	2.805341e-03	-3.242083e+00
2.472000e-05	1.473552e-03	-3.081607e+00
2.473000e-05	6.756491e-04	-2.851007e+00
2.474000e-05	8.385325e-04	-2.684138e+00
2.475000e-05	-1.733668e-03	-2.533763e+00
2.476000e-05	3.204825e-05	-2.337844e+00
2.477000e-05	7.103349e-05	-2.123667e+00
2.478000e-05	6.371720e-04	-1.936295e+00
2.479000e-05	-1.255106e-03	-1.776422e+00
2.480000e-05	-1.204120e-03	-1.610427e+00
2.481000e-05	-1.494166e-03	-1.365695e+00
2.482000e-05	-1.357259e-03	-1.174796e+00
2.483000e-05	-3.464266e-03	-9.447634e-01
2.484000e-05	-2.714367e-03	-8.058486e-01
2.485000e-05	-2.606602e-03	-5.557471e-01
2.486000e-05	-2.067910e-03	-3.479212e-01
2.487000e-05	-3.303846e-03	-2.405301e-01
2.488000e-05	1.645798e-03	1.160264e-02
2.489000e-05	4.078415e-03	1.495415e-01
2.490000e-05	-1.534600e-03	3.909951e-01
2.491000e-05	5.810469e-04	5.284409e-01
2.492000e-05	-1.968742e-03	7.059109e-01
2.493000e-05	-2.287816e-03	8.647016e-01
2.494000e-05	-3.166558e-03	1.087357e+00
2.495000e-05	3.646602e-03	1.254757e+00
2.496000e-05	1.966930e-02	1.434210e+00
2.497000e-05	6.466805e-02	1.697913e+00
2.498000e-05	-8.442433e-03	1.907460e+00
2.499000e-05	-5.339489e-02	2.115912e+00
2.500000e-05	-3.665356e-02	2.265916e+00
2.501000e-05	-7.042814e-02	2.413129e+00
2.502000e-05	-5.526640e-03	2.519520e+00
2.503000e-05	1.443744e-01	2.799969e+00
2.504000e-05	-1.130753e-01	2.907391e+00
2.505000e-05	1.733902e-02	3.045284e+00
2.506000e-05	8.195086e-02	3.234709e+00
2.507000e-05	-1.275907e-01	3.486867e+00
2.508000e-05	4.747000e-02	3.592075e+00
2.509000e-05	3.574032e-02	3.780198e+00
2.510000e-05	-1.042805e-01	3.949471e+00
2.511000e-05	7.986092e-02	4.099640e+00
2.512000e-05	2.631234e-03	4.381570e+00
2.513000e-05	-3.151279e-02	4.516842e+00
2.514000e-05	-1.963540e-03	4.708383e+00
2.515000e-05	-5.547745e-02	4.858860e+00
2.516000e-05	3.128237e-02	5.098417e+00
2.517000e-05	1.864855e-02	5.307937e+00
2.518000e-05	-1.250140e-03	5.486306e+00
2.519000e-05	-2.705565e-02	5.592655e+00
2.520000e-05	-8.781182e-03	5.792726e+00
2.521000e-05	7.765253e-03	5.980044e+00
2.522000e-05	-3.837563e-02	6.086867e+00
2.523000e-05	1.592108e-02	6.254809e+00
2.524000e-05	6.581946e-03	6.401101e+00
2.525000e-05	-2.894467e-02	6.508995e+00
2.526000e-05	1.176827e-02	6.729541e+00
2.527000e-05	-3.052449e-02	6.845783e+00
2.528000e-05	-3.756843e-03	7.042100e+00
2.529000e-05	-5.910474e-03	7.148970e+00
2.530000e-05	-3.192495e-03	7.236757e+00
2.531000e-05	4.072857e-03	7.464700e+00
2.532000e-05	-2.315617e-02	7.634228e+00
2.533000e-05	-7.700927e-03	7.739037e+00
2.534000e-05	-1.941543e-02	7.837805e+00
2.535000e-05	2.699023e-03	8.012256e+00
2.536000e-05	-1.137926e-02	8.160044e+00
2.537000e-05	-1.040260e-02	8.245312e+00
2.538000e-05	-1.190071e-03	8.380574e+00
2.539000e-05	-1.217718e-02	8.465258e+00
2.540000e-05	-1.458586e-02	8.521020e+00
2.541000e-05	-1.997732e-02	8.653783e+00
2.542000e-05	-4.049112e-03	8.779522e+00
2.543000e-05	-3.516151e-03	8.842602e+00
2.544000e-05	-9.904693e-03	8.908491e+00
2.545000e-05	-1.568538e-02	9.034287e+00
2.546000e-05	-1.416237e-02	9.211622e+00
2.547000e-05	-1.069810e-02	9.244208e+00
2.548000e-05	-1.111363e-02	9.308891e+00
2.549000e-05	-9.701830e-03	9.362073e+00
2.550000e-05	-1.003322e-02	9.434788e+00
2.551000e-05	-1.384043e-02	9.538994e+00
2.552000e-05	-1.583475e-02	9.621627e+00
2.553000e-05	-1.377389e-02	9.666233e+00
2.554000e-05	-1.338514e-02	9.698990e+00
2.555000e-05	-1.255992e-02	9.793172e+00
2.556000e-05	-1.025804e-02	9.907382e+00
2.557000e-05	-1.080001e-02	9.970395e+00
2.558000e-05	-1.596197e-02	1.003213e+01
2.559000e-05	-1.749564e-02	1.003418e+01
2.560000e-05	-1.444798e-02	1.007578e+01
2.561000e-05	-1.213767e-02	1.011779e+01
2.562000e-05	-1.363131e-02	1.013791e+01
2.563000e-05	-1.450231e-02	1.016047e+01
2.564000e-05	-1.600786e-02	1.018114e+01
2.565000e-05	-1.626900e-02	1.021270e+01
2.566000e-05	-1.630620e-02	1.021313e+01
2.567000e-05	-1.587786e-02	1.024526e+01
2.568000e-05	-1.526699e-02	1.025371e+01
2.569000e-05	-1.392026e-02	1.027524e+01
2.570000e-05	-1.704080e-02	1.028628e+01
2.571000e-05	-1.879263e-02	1.027676e+01
2.572000e-05	-2.055676e-02	1.027621e+01
2.573000e-05	-1.792355e-02	1.031476e+01
2.574000e-05	-1.828554e-02	1.027526e+01
2.575000e-05	-1.784308e-02	1.025423e+01
2.576000e-05	-1.879740e-02	1.025415e+01
2.577000e-05	-2.120844e-02	1.024315e+01
2.578000e-05	-2.275457e-02	1.021208e+01
2.579000e-05	-2.372812e-02	1.014052e+01
2.580000e-05	-2.212999e-02	1.011989e+01
2.581000e-05	-2.185446e-02	1.009876e+01
2.582000e-05	-2.222604e-02	1.006516e+01
2.583000e-05	-2.474503e-02	1.003318e+01
2.584000e-05	-2.526996e-02	1.003102e+01
2.585000e-05	-2.738162e-02	9.948446e+00
2.586000e-05	-2.692582e-02	9.886842e+00
2.587000e-05	-2.600646e-02	9.802128e+00
2.588000e-05	-2.656615e-02	9.768972e+00
2.589000e-05	-2.849265e-02	9.665286e+00
2.590000e-05	-3.022118e-02	9.609004e+00
2.591000e-05	-3.011574e-02	9.558844e+00
2.592000e-05	-2.909349e-02	9.443206e+00
2.593000e-05	-3.002103e-02	9.370601e+00
2.594000e-05	-3.058807e-02	9.317411e+00
2.595000e-05	-3.077706e-02	9.234182e+00
2.596000e-05	-3.006987e-02	9.220021e+00
2.597000e-05	-3.297234e-02	9.046286e+00
2.598000e-05	-3.061144e-02	8.981949e+00
2.599000e-05	-3.301565e-02	8.894212e+00
2.600000e-05	-3.017455e-02	8.749520e+00
2.601000e-05	-3.289924e-02	8.664207e+00
2.602000e-05	-3.041024e-02	8.600523e+00
2.603000e-05	-3.423500e-02	8.484737e+00
2.604000e-05	-3.213792e-02	8.370098e+00
2.605000e-05	-3.335615e-02	8.256232e+00
2.606000e-05	-3.016112e-02	8.185916e+00
2.607000e-05	-3.112068e-02	8.054555e+00
2.608000e-05	-2.993719e-02	7.888383e+00
2.609000e-05	-3.232925e-02	7.768449e+00
2.610000e-05	-3.010779e-02	7.662608e+00
2.611000e-05	-3.128087e-02	7.536416e+00
2.612000e-05	-2.901049e-02	7.327345e+00
2.613000e-05	-2.810480e-02	7.218972e+00
2.614000e-05	-2.736660e-02	7.083683e+00
2.615000e-05	-2.676031e-02	6.927315e+00
2.616000e-05	-2.721051e-02	6.810551e+00
2.617000e-05	-2.584907e-02	6.632049e+00
2.618000e-05	-2.528348e-02	6.453109e+00
2.619000e-05	-2.392214e-02	6.296793e+00
2.620000e-05	-2.218273e-02	6.188971e+00
2.621000e-05	-2.006690e-02	6.022659e+00
2.622000e-05	-2.094478e-02	5.884741e+00
2.623000e-05	-2.049609e-02	5.695770e+00
2.624000e-05	-1.932237e-02	5.556821e+00
2.625000e-05	-1.744244e-02	5.399424e+00
2.626000e-05	-1.692242e-02	5.210077e+00
2.627000e-05	-1.546411e-02	5.000127e+00
2.628000e-05	-1.580815e-02	4.810053e+00
2.629000e-05	-1.425826e-02	4.630055e+00
2.630000e-05	-1.373515e-02	4.473084e+00
2.631000e-05	-1.282069e-02	4.298265e+00
2.632000e-05	-1.315382e-02	4.083119e+00
2.633000e-05	-1.113297e-02	3.945817e+00
2.634000e-05	-1.165768e-02	3.788348e+00
2.635000e-05	-1.075319e-02	3.629979e+00
2.636000e-05	-1.061086e-02	3.461556e+00
2.637000e-05	-9.772048e-03	3.240054e+00
2.638000e-05	-8.607606e-03	3.053612e+00
2.639000e-05	-9.208433e-03	2.853087e+00
2.640000e-05	-8.466607e-03	2.726316e+00
2.641000e-05	-8.236769e-03	2.483567e+00
2.642000e-05	-7.788726e-03	2.312738e+00
2.643000e-05	-7.538507e-03	2.145718e+00
2.644000e-05	-7.551846e-03	1.978368e+00
2.645000e-05	-6.508822e-03	1.796398e+00
2.646000e-05	-5.496602e-03	1.577845e+00
2.647000e-05	-5.931864e-03	1.365845e+00
2.648000e-05	-6.328853e-03	1.207422e+00
2.649000e-05	-6.007230e-03	9.277944e-01
2.650000e-05	-5.452745e-03	7.453196e-01
2.651000e-05	-5.362644e-03	5.763720e-01
2.652000e-05	-5.142188e-03	3.779751e-01
2.653000e-05	-4.996660e-03	1.869272e-01
2.654000e-05	-2.762027e-03	-3.260002e-02
2.655000e-05	3.242775e-03	-1.905187e-01
2.656000e-05	-1.330770e-03	-3.388911e-01
2.657000e-05	-3.272733e-04	-5.363145e-01
2.658000e-05	-1.239062e-03	-7.157898e-01
2.659000e-05	-2.014350e-03	-8.762631e-01
2.660000e-05	-2.052179e-03	-1.043609e+00
2.661000e-05	4.631641e-03	-1.204124e+00
2.662000e-05	4.019252e-02	-1.412225e+00
2.663000e-05	7.370848e-02	-1.621679e+00
2.664000e-05	-6.208433e-02	-1.884286e+00
2.665000e-05	-2.082547e-02	-2.076387e+00
2.666000e-05	-7.328695e-02	-2.360916e+00
2.667000e-05	-4.524781e-02	-2.495283e+00
2.668000e-05	1.555186e-01	-2.507962e+00
2.669000e-05	-5.711150e-02	-2.758913e+00
2.670000e-05	-5.782501e-02	-2.939994e+00
2.671000e-05	1.540639e-01	-3.135817e+00
2.672000e-05	-1.615298e-01	-3.315890e+00
2.673000e-05	1.519163e-02	-3.505808e+00
2.674000e-05	1.182523e-01	-3.633121e+00
2.675000e-05	-1.537550e-01	-3.862177e+00
2.676000e-05	7.794510e-02	-4.032575e+00
2.677000e-05	7.091393e-02	-4.181570e+00
2.678000e-05	-8.039799e-02	-4.379970e+00
2.679000e-05	7.827793e-02	-4.487237e+00
2.680000e-05	-1.435056e-01	-4.697313e+00
2.681000e-05	5.830560e-02	-4.865285e+00
2.682000e-05	9.592456e-02	-5.044175e+00
2.683000e-05	-8.356848e-02	-5.215654e+00
2.684000e-05	6.361555e-02	-5.452627e+00
2.685000e-05	-6.164654e-02	-5.624623e+00
2.686000e-05	5.055815e-02	-5.751621e+00
2.687000e-05	-1.244641e-02	-5.908365e+00
2.688000e-05	-3.752735e-02	-6.056810e+00
2.689000e-05	1.035098e-01	-6.233708e+00
2.690000e-05	-8.349373e-02	-6.382752e+00
2.691000e-05	5.439390e-02	-6.567995e+00
2.692000e-05	-4.526853e-03	-6.715913e+00
2.693000e-05	-2.349139e-02	-6.834629e+00
2.694000e-05	4.533417e-02	-6.958069e+00
2.695000e-05	-5.681146e-02	-7.189969e+00
2.696000e-05	8.731597e-02	-7.275788e+00
2.697000e-05	-2.803005e-02	-7.443178e+00
2.698000e-05	1.965111e-04	-7.549546e+00
2.699000e-05	3.850905e-03	-7.677416e+00
2.700000e-05	-7.876934e-03	-7.885911e+00
2.701000e-05	4.460337e-02	-8.002626e+00
2.702000e-05	-3.229442e-02	-8.117368e+00
2.703000e-05	4.334844e-02	-8.263702e+00
2.704000e-05	-5.323435e-03	-8.348466e+00
2.705000e-05	2.554873e-03	-8.413601e+00
2.706000e-05	3.435666e-04	-8.519516e+00
2.707000e-05	3.261375e-04	-8.697417e+00
2.708000e-05	3.655801e-02	-8.824075e+00
2.709000e-05	-1.380838e-02	-8.885840e+00
2.710000e-05	1.925879e-02	-8.981074e+00
2.711000e-05	-2.860500e-03	-9.085885e+00
2.712000e-05	1.471883e-02	-9.160495e+00
2.713000e-05	7.610074e-04	-9.224155e+00
2.714000e-05	5.810906e-03	-9.319363e+00
2.715000e-05	2.188983e-02	-9.392645e+00
2.716000e-05	1.539201e-03	-9.548366e+00
2.717000e-05	9.734045e-03	-9.601126e+00
2.718000e-05	1.528614e-03	-9.644711e+00
2.719000e-05	1.276090e-02	-9.706388e+00
2.720000e-05	3.049061e-03	-9.760095e+00
2.721000e-05	1.341212e-02	-9.843782e+00
2.722000e-05	1.535316e-02	-9.866325e+00
2.723000e-05	8.562678e-03	-9.938442e+00
2.724000e-05	3.824934e-03	-9.999121e+00
2.725000e-05	4.970556e-03	-1.003163e+01
2.726000e-05	1.623953e-02	-1.006475e+01
2.727000e-05	1.129844e-02	-1.011746e+01
2.728000e-05	8.945263e-03	-1.013749e+01
2.729000e-05	8.198813e-03	-1.015952e+01
2.730000e-05	1.012175e-02	-1.019007e+01
2.731000e-05	9.793630e-03	-1.021420e+01
2.732000e-05	9.143027e-03	-1.026671e+01
2.733000e-05	1.143079e-02	-1.033636e+01
2.734000e-05	1.408627e-02	-1.029879e+01
2.735000e-05	1.243134e-02	-1.035887e+01
2.736000e-05	9.970812e-03	-1.032849e+01
2.737000e-05	1.124839e-02	-1.034841e+01
2.738000e-05	1.209250e-02	-1.034999e+01
2.739000e-05	1.271551e-02	-1.031841e+01
2.740000e-05	1.438878e-02	-1.032686e+01
2.741000e-05	1.658691e-02	-1.031628e+01
2.742000e-05	1.495195e-02	-1.025673e+01
2.743000e-05	1.312679e-02	-1.023570e+01
2.744000e-05	1.204092e-02	-1.022273e+01
2.745000e-05	1.842016e-02	-1.021152e+01
2.746000e-05	1.830730e-02	-1.013798e+01
2.747000e-05	1.857792e-02	-1.011626e+01
2.748000e-05	1.875411e-02	-1.008578e+01
2.749000e-05	1.974688e-02	-1.005178e+01
2.750000e-05	1.784059e-02	-9.980070e+00
2.751000e-05	1.920064e-02	-9.936887e+00
2.752000e-05	2.121202e-02	-9.887263e+00
2.753000e-05	2.305028e-02	-9.844703e+00
2.754000e-05	2.137323e-02	-9.799049e+00
2.755000e-05	2.310628e-02	-9.748914e+00
2.756000e-05	2.297119e-02	-9.695258e+00
2.757000e-05	2.425065e-02	-9.643129e+00
2.758000e-05	2.250427e-02	-9.588896e+00
2.759000e-05	2.534975e-02	-9.494658e+00
2.760000e-05	2.599487e-02	-9.402045e+00
2.761000e-05	2.627691e-02	-9.316808e+00
2.762000e-05	2.535480e-02	-9.258974e+00
2.763000e-05	2.393755e-02	-9.147339e+00
2.764000e-05	2.539826e-02	-9.031555e+00
2.765000e-05	2.570386e-02	-8.967411e+00
2.766000e-05	2.722876e-02	-8.832630e+00
2.767000e-05	2.667379e-02	-8.766440e+00
2.768000e-05	2.599235e-02	-8.664206e+00
2.769000e-05	2.605216e-02	-8.514367e+00
2.770000e-05	2.588080e-02	-8.381022e+00
2.771000e-05	2.609657e-02	-8.295836e+00
2.772000e-05	2.586742e-02	-8.190021e+00
2.773000e-05	2.603944e-02	-8.113684e+00
2.774000e-05	2.417735e-02	-7.958468e+00
2.775000e-05	2.406120e-02	-7.821099e+00
2.776000e-05	2.382570e-02	-7.682166e+00
2.777000e-05	2.283902e-02	-7.556290e+00
2.778000e-05	2.254910e-02	-7.389969e+00
2.779000e-05	2.211490e-02	-7.252634e+00
2.780000e-05	2.224542e-02	-7.146815e+00
2.781000e-05	2.047239e-02	-7.009422e+00
2.782000e-05	1.953007e-02	-6.833099e+00
2.783000e-05	1.852634e-02	-6.713609e+00
2.784000e-05	1.881879e-02	-6.557818e+00
2.785000e-05	1.744882e-02	-6.409000e+00
2.786000e-05	1.660775e-02	-6.283757e+00
2.787000e-05	1.521340e-02	-6.062633e+00
2.788000e-05	1.384565e-02	-5.905811e+00
2.789000e-05	1.219856e-02	-5.799496e+00
2.790000e-05	1.208995e-02	-5.641004e+00
2.791000e-05	1.146168e-02	-5.441707e+00
2.792000e-05	1.020869e-02	-5.212054e+00
2.793000e-05	9.773146e-03	-5.062205e+00
2.794000e-05	7.270289e-03	-4.899910e+00
2.795000e-05	7.205114e-03	-4.661133e+00
2.796000e-05	5.393710e-03	-4.514238e+00
2.797000e-05	6.619881e-03	-4.377394e+00
2.798000e-05	4.848114e-03	-4.239024e+00
2.799000e-05	4.967192e-03	-4.022082e+00
2.800000e-05	3.018337e-03	-3.884034e+00
2.801000e-05	3.743937e-03	-3.682609e+00
2.802000e-05	2.828366e-03	-3.504737e+00
2.803000e-05	2.566397e-03	-3.336244e+00
2.804000e-05	1.696681e-03	-3.158919e+00
2.805000e-05	1.747459e-03	-2.976293e+00
2.806000e-05	2.270395e-04	-2.767895e+00
2.807000e-05	-3.531030e-04	-2.586902e+00
2.808000e-05	-4.162792e-04	-2.409453e+00
2.809000e-05	-2.449994e-05	-2.197502e+00
2.810000e-05	-8.027431e-04	-2.000924e+00
2.811000e-05	-1.579332e-03	-1.870504e+00
2.812000e-05	-4.188443e-04	-1.672582e+00
2.813000e-05	-1.512728e-03	-1.520935e+00
2.814000e-05	-1.837141e-03	-1.258027e+00
2.815000e-05	-3.067154e-03	-1.049079e+00
2.816000e-05	-2.310470e-03	-8.110240e-01
2.817000e-05	-2.873412e-03	-6.620101e-01
2.818000e-05	-8.202449e-04	-4.089815e-01
2.819000e-05	-4.138637e-03	-2.726341e-01
2.820000e-05	-1.536428e-04	-1.120844e-01
2.821000e-05	3.015472e-03	5.481554e-02
2.822000e-05	6.402612e-04	2.983595e-01
2.823000e-05	-1.112410e-03	4.432367e-01
2.824000e-05	-3.367347e-04	6.021266e-01
2.825000e-05	-3.334553e-03	7.584776e-01
2.826000e-05	-2.078840e-03	9.186424e-01
2.827000e-05	-4.220544e-04	1.180499e+00
2.828000e-05	8.877645e-03	1.371947e+00
2.829000e-05	4.846237e-02	1.611228e+00
2.830000e-05	4.164363e-02	1.843232e+00
2.831000e-05	-5.545199e-02	2.023779e+00
2.832000e-05	-3.306425e-02	2.222629e+00
2.833000e-05	-5.635426e-02	2.400098e+00
2.834000e-05	-6.097864e-02	2.477938e+00
2.835000e-05	1.122628e-01	2.666313e+00
2.836000e-05	1.968474e-02	2.864781e+00
2.837000e-05	-1.145340e-01	3.012069e+00
2.838000e-05	1.425361e-01	3.138969e+00
2.839000e-05	-8.265117e-02	3.372675e+00
2.840000e-05	-4.321715e-02	3.589450e+00
2.841000e-05	9.330352e-02	3.695361e+00
2.842000e-05	-8.340296e-02	3.876837e+00
2.843000e-05	-7.214469e-03	4.045759e+00
2.844000e-05	7.206063e-02	4.298387e+00
2.845000e-05	-4.897454e-02	4.423233e+00
2.846000e-05	6.722917e-03	4.613275e+00
2.847000e-05	-4.509444e-02	4.815625e+00
2.848000e-05	-1.542151e-02	4.992779e+00
2.849000e-05	4.269935e-02	5.212231e+00
2.850000e-05	-2.569605e-03	5.391128e+00
2.851000e-05	-9.091321e-03	5.568966e+00
2.852000e-05	-3.227331e-02	5.677968e+00
2.853000e-05	1.898408e-02	5.897937e+00
2.854000e-05	-2.642418e-02	6.055232e+00
2.855000e-05	-1.545928e-02	6.172699e+00
2.856000e-05	3.079312e-02	6.349495e+00
2.857000e-05	-3.196741e-02	6.466810e+00
2.858000e-05	4.005947e-03	6.665434e+00
2.859000e-05	-1.490417e-02	6.843227e+00
2.860000e-05	-1.856671e-02	6.950495e+00
2.861000e-05	5.117054e-04	7.109359e+00
2.862000e-05	-1.051955e-02	7.213099e+00
2.863000e-05	6.627064e-03	7.360011e+00
2.864000e-05	-1.415094e-02	7.539418e+00
2.865000e-05	-1.395149e-02	7.676832e+00
2.866000e-05	-1.445312e-02	7.803722e+00
2.867000e-05	-7.964508e-03	7.931146e+00
2.868000e-05	-1.302692e-03	8.098914e+00
2.869000e-05	-1.543413e-02	8.223653e+00
2.870000e-05	-2.733549e-03	8.319444e+00
2.871000e-05	-5.894531e-03	8.423128e+00
2.872000e-05	-1.674101e-02	8.497465e+00
2.873000e-05	-1.781980e-02	8.601679e+00
2.874000e-05	-1.372102e-02	8.727469e+00
2.875000e-05	4.603655e-04	8.803598e+00
2.876000e-05	-8.614258e-03	8.848239e+00
2.877000e-05	-1.302171e-02	8.993250e+00
2.878000e-05	-1.674512e-02	9.168572e+00
2.879000e-05	-1.207508e-02	9.213578e+00
2.880000e-05	-1.026097e-02	9.275809e+00
2.881000e-05	-1.104781e-02	9.369995e+00
2.882000e-05	-7.510442e-03	9.414727e+00
2.883000e-05	-1.366577e-02	9.516812e+00
2.884000e-05	-1.496882e-02	9.569572e+00
2.885000e-05	-1.505611e-02	9.623701e+00
2.886000e-05	-1.326942e-02	9.707911e+00
2.887000e-05	-1.386289e-02	9.799097e+00
2.888000e-05	-1.100844e-02	9.866186e+00
2.889000e-05	-8.390042e-03	9.929440e+00
2.890000e-05	-1.329207e-02	9.979971e+00
2.891000e-05	-1.795338e-02	1.003370e+01
2.892000e-05	-1.724250e-02	1.005463e+01
2.893000e-05	-1.218848e-02	1.008628e+01
2.894000e-05	-1.256350e-02	1.009644e+01
2.895000e-05	-1.359692e-02	1.013052e+01
2.896000e-05	-1.440201e-02	1.018960e+01
2.897000e-05	-1.719798e-02	1.021115e+01
2.898000e-05	-1.545975e-02	1.025368e+01
2.899000e-05	-1.666422e-02	1.023418e+01
2.900000e-05	-1.498296e-02	1.027573e+01
2.901000e-05	-1.400619e-02	1.031323e+01
2.902000e-05	-1.436544e-02	1.029576e+01
2.903000e-05	-1.902594e-02	1.029474e+01
2.904000e-05	-2.106740e-02	1.026529e+01
2.905000e-05	-1.935073e-02	1.025479e+01
2.906000e-05	-1.761938e-02	1.025474e+01
2.907000e-05	-1.697089e-02	1.027573e+01
2.908000e-05	-1.844868e-02	1.023268e+01
2.909000e-05	-2.066384e-02	1.020259e+01
2.910000e-05	-2.201213e-02	1.022260e+01
2.911000e-05	-2.293538e-02	1.018055e+01
2.912000e-05	-2.198558e-02	1.015844e+01
2.913000e-05	-2.183571e-02	1.014534e+01
2.914000e-05	-2.257292e-02	1.010631e+01
2.915000e-05	-2.394155e-02	1.004323e+01
2.916000e-05	-2.507160e-02	9.982156e+00
2.917000e-05	-2.680128e-02	9.999521e+00
2.918000e-05	-2.714912e-02	9.928390e+00
2.919000e-05	-2.712248e-02	9.853177e+00
2.920000e-05	-2.572334e-02	9.750576e+00
2.921000e-05	-2.806914e-02	9.687840e+00
2.922000e-05	-2.921324e-02	9.641633e+00
2.923000e-05	-3.060072e-02	9.561470e+00
2.924000e-05	-3.174182e-02	9.505814e+00
2.925000e-05	-3.013845e-02	9.442200e+00
2.926000e-05	-2.992313e-02	9.369969e+00
2.927000e-05	-2.918546e-02	9.324784e+00
2.928000e-05	-3.137214e-02	9.192579e+00
2.929000e-05	-3.225565e-02	9.128341e+00
2.930000e-05	-3.302720e-02	9.022650e+00
2.931000e-05	-3.282017e-02	8.955817e+00
2.932000e-05	-3.196082e-02	8.810653e+00
2.933000e-05	-3.289088e-02	8.707366e+00
2.934000e-05	-3.167838e-02	8.611551e+00
2.935000e-05	-3.339482e-02	8.547819e+00
2.936000e-05	-3.247493e-02	8.441654e+00
2.937000e-05	-3.321337e-02	8.367844e+00
2.938000e-05	-3.112223e-02	8.211525e+00
2.939000e-05	-3.203379e-02	8.034208e+00
2.940000e-05	-2.969474e-02	7.976443e+00
2.941000e-05	-3.244429e-02	7.821554e+00
2.942000e-05	-3.103138e-02	7.715740e+00
2.943000e-05	-3.096688e-02	7.580396e+00
2.944000e-05	-2.823227e-02	7.463578e+00
2.945000e-05	-2.901747e-02	7.262157e+00
2.946000e-05	-2.786632e-02	7.114790e+00
2.947000e-05	-2.748793e-02	6.947950e+00
2.948000e-05	-2.746229e-02	6.851603e+00
2.949000e-05	-2.688895e-02	6.686213e+00
2.950000e-05	-2.449448e-02	6.536296e+00
2.951000e-05	-2.326331e-02	6.379442e+00
2.952000e-05	-2.290705e-02	6.262625e+00
2.953000e-05	-2.240093e-02	6.084186e+00
2.954000e-05	-2.125688e-02	6.009445e+00
2.955000e-05	-2.051458e-02	5.829000e+00
2.956000e-05	-2.025871e-02	5.600550e+00
2.957000e-05	-1.902132e-02	5.481533e+00
2.958000e-05	-1.693043e-02	5.244713e+00
2.959000e-05	-1.560221e-02	5.134190e+00
2.960000e-05	-1.576323e-02	4.852607e+00
2.961000e-05	-1.503313e-02	4.705237e+00
2.962000e-05	-1.449536e-02	4.536841e+00
2.963000e-05	-1.314438e-02	4.410000e+00
2.964000e-05	-1.181007e-02	4.210546e+00
2.965000e-05	-1.116699e-02	3.990029e+00
2.966000e-05	-1.170971e-02	3.872633e+00
2.967000e-05	-1.177600e-02	3.674137e+00
2.968000e-05	-1.009154e-02	3.537315e+00
2.969000e-05	-9.575552e-03	3.314792e+00
2.970000e-05	-8.714473e-03	3.117343e+00
2.971000e-05	-9.860245e-03	2.957391e+00
2.972000e-05	-8.881755e-03	2.828925e+00
2.973000e-05	-7.897354e-03	2.616953e+00
2.974000e-05	-8.547892e-03	2.387969e+00
2.975000e-05	-8.115713e-03	2.210449e+00
2.976000e-05	-6.757707e-03	2.022504e+00
2.977000e-05	-6.133527e-03	1.849084e+00
2.978000e-05	-5.921881e-03	1.651138e+00
2.979000e-05	-6.215815e-03	1.431507e+00
2.980000e-05	-6.421295e-03	1.273133e+00
2.981000e-05	-5.897490e-03	1.021533e+00
2.982000e-05	-5.617026e-03	8.000063e-01
2.983000e-05	-4.672897e-03	6.615040e-01
2.984000e-05	-4.727207e-03	4.725328e-01
2.985000e-05	-5.030055e-03	2.751943e-01
2.986000e-05	-5.039014e-03	7.208557e-02
2.987000e-05	1.805211e-03	-9.628836e-02
2.988000e-05	1.319488e-03	-2.847316e-01
2.989000e-05	-2.359014e-03	-4.405753e-01
2.990000e-05	7.648794e-05	-6.146090e-01
2.991000e-05	-3.390411e-03	-7.925301e-01
2.992000e-05	-5.732936e-04	-9.704687e-01
2.993000e-05	-7.773211e-04	-1.107468e+00
2.994000e-05	1.654477e-02	-1.316888e+00
2.995000e-05	7.673204e-02	-1.548065e+00
2.996000e-05	-4.320708e-03	-1.769544e+00
2.997000e-05	-5.390666e-02	-2.011600e+00
2.998000e-05	-3.098745e-02	-2.214856e+00
2.999000e-05	-9.604394e-02	-2.421130e+00
3.000000e-05	8.566710e-02	-2.527236e+00
3.001000e-05	8.354630e-02	-2.622683e+00
3.002000e-05	-1.461987e-01	-2.855677e+00
3.003000e-05	1.489307e-01	-3.012229e+00
3.004000e-05	-1.382812e-02	-3.241621e+00
3.005000e-05	-1.244547e-01	-3.411176e+00
3.006000e-05	1.575566e-01	-3.557421e+00
3.007000e-05	-6.250117e-02	-3.738514e+00
3.008000e-05	-7.184761e-02	-3.979495e+00
3.009000e-05	1.615426e-01	-4.075805e+00
3.010000e-05	-8.589370e-02	-4.316861e+00
3.011000e-05	5.519498e-02	-4.454654e+00
3.012000e-05	-5.120443e-02	-4.601695e+00
3.013000e-05	-8.101159e-02	-4.822648e+00
3.014000e-05	1.620160e-01	-5.000495e+00
3.015000e-05	-5.184708e-02	-5.149020e+00
3.016000e-05	9.644451e-03	-5.351991e+00
3.017000e-05	2.617757e-03	-5.548887e+00
3.018000e-05	-2.844362e-02	-5.697361e+00
3.019000e-05	6.626017e-02	-5.834784e+00
3.020000e-05	-8.754059e-02	-5.972602e+00
3.021000e-05	8.895244e-02	-6.161995e+00
3.022000e-05	-8.904716e-03	-6.359964e+00
3.023000e-05	-3.442456e-02	-6.486366e+00
3.024000e-05	7.035708e-02	-6.614679e+00
3.025000e-05	-6.733019e-02	-6.781596e+00
3.026000e-05	6.090706e-02	-6.898286e+00
3.027000e-05	-4.150001e-02	-7.077807e+00
3.028000e-05	2.927007e-02	-7.233652e+00
3.029000e-05	4.498216e-02	-7.371549e+00
3.030000e-05	-4.726716e-02	-7.526957e+00
3.031000e-05	3.471752e-02	-7.645707e+00
3.032000e-05	-3.458618e-02	-7.822724e+00
3.033000e-05	4.850618e-02	-8.010547e+00
3.034000e-05	-1.289508e-02	-8.095854e+00
3.035000e-05	8.391322e-03	-8.181572e+00
3.036000e-05	3.075202e-02	-8.306336e+00
3.037000e-05	-2.113528e-02	-8.422123e+00
3.038000e-05	1.898923e-02	-8.517362e+00
3.039000e-05	-1.793376e-02	-8.623747e+00
3.040000e-05	3.994433e-02	-8.780045e+00
3.041000e-05	-1.015984e-03	-8.845233e+00
3.042000e-05	4.138150e-03	-8.978995e+00
3.043000e-05	9.535919e-03	-9.023653e+00
3.044000e-05	2.565136e-03	-9.157392e+00
3.045000e-05	1.508148e-02	-9.201598e+00
3.046000e-05	-7.113894e-03	-9.287411e+00
3.047000e-05	2.337583e-02	-9.369441e+00
3.048000e-05	6.236963e-03	-9.454360e+00
3.049000e-05	8.264091e-03	-9.550044e+00
3.050000e-05	3.205908e-03	-9.621177e+00
3.051000e-05	7.623165e-03	-9.716811e+00
3.052000e-05	8.826988e-03	-9.758969e+00
3.053000e-05	6.418171e-03	-9.823127e+00
3.054000e-05	1.744235e-02	-9.845757e+00
3.055000e-05	8.832033e-03	-9.875840e+00
3.056000e-05	6.092027e-03	-9.948491e+00
3.057000e-05	1.740173e-03	-1.000107e+01
3.058000e-05	1.255062e-02	-1.005466e+01
3.059000e-05	1.428399e-02	-1.008629e+01
3.060000e-05	1.010600e-02	-1.008586e+01
3.061000e-05	8.346592e-03	-1.015844e+01
3.062000e-05	8.400942e-03	-1.019159e+01
3.063000e-05	1.113950e-02	-1.018115e+01
3.064000e-05	9.938174e-03	-1.025420e+01
3.065000e-05	1.007675e-02	-1.030713e+01
3.066000e-05	1.259746e-02	-1.027792e+01
3.067000e-05	1.328760e-02	-1.031539e+01
3.068000e-05	1.015378e-02	-1.033640e+01
3.069000e-05	1.049560e-02	-1.031801e+01
3.070000e-05	1.102083e-02	-1.034887e+01
3.071000e-05	1.315369e-02	-1.034902e+01
3.072000e-05	1.312484e-02	-1.028629e+01
3.073000e-05	1.602170e-02	-1.030631e+01
3.074000e-05	1.704041e-02	-1.027686e+01
3.075000e-05	1.294555e-02	-1.028423e+01
3.076000e-05	1.251114e-02	-1.022171e+01
3.077000e-05	1.592591e-02	-1.018055e+01
3.078000e-05	1.866978e-02	-1.016839e+01
3.079000e-05	1.805840e-02	-1.014889e+01
3.080000e-05	1.833970e-02	-1.007526e+01
3.081000e-05	1.936843e-02	-1.006383e+01
3.082000e-05	1.872384e-02	-1.004160e+01
3.083000e-05	1.836646e-02	-9.978966e+00
3.084000e-05	2.119814e-02	-9.947337e+00
3.085000e-05	2.307599e-02	-9.895207e+00
3.086000e-05	2.219911e-02	-9.802154e+00
3.087000e-05	2.199568e-02	-9.765996e+00
3.088000e-05	2.315532e-02	-9.694787e+00
3.089000e-05	2.353013e-02	-9.693134e+00
3.090000e-05	2.297202e-02	-9.610574e+00
3.091000e-05	2.374946e-02	-9.547315e+00
3.092000e-05	2.661826e-02	-9.413699e+00
3.093000e-05	2.660780e-02	-9.306841e+00
3.094000e-05	2.561004e-02	-9.242129e+00
3.095000e-05	2.491539e-02	-9.138363e+00
3.096000e-05	2.528602e-02	-9.042680e+00
3.097000e-05	2.583761e-02	-8.977971e+00
3.098000e-05	2.610434e-02	-8.891779e+00
3.099000e-05	2.688737e-02	-8.820500e+00
3.100000e-05	2.599240e-02	-8.716889e+00
3.101000e-05	2.587506e-02	-8.577925e+00
3.102000e-05	2.619715e-02	-8.421682e+00
3.103000e-05	2.597903e-02	-8.317440e+00
3.104000e-05	2.587130e-02	-8.210654e+00
3.105000e-05	2.524146e-02	-8.136864e+00
3.106000e-05	2.635528e-02	-8.021581e+00
3.107000e-05	2.358238e-02	-7.836732e+00
3.108000e-05	2.482635e-02	-7.726371e+00
3.109000e-05	2.249540e-02	-7.559470e+00
3.110000e-05	2.353634e-02	-7.461558e+00
3.111000e-05	2.273500e-02	-7.324313e+00
3.112000e-05	2.256277e-02	-7.189949e+00
3.113000e-05	1.998770e-02	-7.061127e+00
3.114000e-05	2.104135e-02	-6.882634e+00
3.115000e-05	1.781557e-02	-6.755843e+00
3.116000e-05	1.980804e-02	-6.590999e+00
3.117000e-05	1.646686e-02	-6.491530e+00
3.118000e-05	1.820405e-02	-6.316212e+00
3.119000e-05	1.377794e-02	-6.136393e+00
3.120000e-05	1.484885e-02	-5.997923e+00
3.121000e-05	1.272619e-02	-5.832529e+00
3.122000e-05	1.196280e-02	-5.694736e+00
3.123000e-05	1.019816e-02	-5.485289e+00
3.124000e-05	1.102502e-02	-5.334690e+00
3.125000e-05	9.794331e-03	-5.135241e+00
3.126000e-05	7.072288e-03	-4.990417e+00
3.127000e-05	7.308320e-03	-4.771742e+00
3.128000e-05	6.171159e-03	-4.578922e+00
3.129000e-05	7.137918e-03	-4.441001e+00
3.130000e-05	3.912459e-03	-4.283183e+00
3.131000e-05	5.002654e-03	-4.124266e+00
3.132000e-05	4.973904e-03	-3.969413e+00
3.133000e-05	3.009121e-03	-3.756917e+00
3.134000e-05	1.791480e-03	-3.587920e+00
3.135000e-05	2.883773e-03	-3.368947e+00
3.136000e-05	2.965602e-03	-3.240954e+00
3.137000e-05	2.039965e-03	-3.038930e+00
3.138000e-05	-1.871591e-04	-2.880979e+00
3.139000e-05	8.002540e-04	-2.692108e+00
3.140000e-05	-1.010616e-03	-2.501582e+00
3.141000e-05	4.157946e-05	-2.313664e+00
3.142000e-05	-4.626638e-04	-2.143109e+00
3.143000e-05	6.039050e-04	-1.934138e+00
3.144000e-05	-2.054683e-03	-1.734318e+00
3.145000e-05	-4.779152e-04	-1.566746e+00
3.146000e-05	-1.542797e-03	-1.303712e+00
3.147000e-05	-1.516752e-03	-1.115187e+00
3.148000e-05	-3.300788e-03	-9.251932e-01
3.149000e-05	-2.101311e-03	-7.582647e-01
3.150000e-05	-2.509162e-03	-5.237369e-01
3.151000e-05	-2.178402e-03	-3.668159e-01
3.152000e-05	-3.444533e-03	-1.568719e-01
3.153000e-05	2.157458e-03	-2.800119e-02
3.154000e-05	2.814208e-03	2.101539e-01
3.155000e-05	-2.399178e-03	3.800251e-01
3.156000e-05	-4.294480e-05	5.894973e-01
3.157000e-05	-3.177888e-03	7.079107e-01
3.158000e-05	-1.553600e-03	8.956872e-01
3.159000e-05	-2.315862e-03	1.089335e+00
3.160000e-05	5.056981e-03	1.265888e+00
3.161000e-05	2.535672e-02	1.507437e+00
3.162000e-05	6.418923e-02	1.720465e+00
3.163000e-05	-2.591412e-02	1.948995e+00
3.164000e-05	-4.693725e-02	2.139466e+00
3.165000e-05	-4.012659e-02	2.316915e+00
3.166000e-05	-7.218393e-02	2.442152e+00
3.167000e-05	2.405019e-02	2.561079e+00
3.168000e-05	1.277290e-01	2.842073e+00
3.169000e-05	-1.363262e-01	2.948418e+00
3.170000e-05	6.623355e-02	3.066288e+00
3.171000e-05	4.060776e-02	3.256462e+00
3.172000e-05	-1.160390e-01	3.517372e+00
3.173000e-05	7.203247e-02	3.632080e+00
3.174000e-05	4.609635e-03	3.844208e+00
3.175000e-05	-9.193930e-02	3.973551e+00
3.176000e-05	8.874669e-02	4.221681e+00
3.177000e-05	-1.875757e-02	4.401545e+00
3.178000e-05	-1.687033e-02	4.540470e+00
3.179000e-05	-1.071864e-02	4.729414e+00
3.180000e-05	-5.031533e-02	4.929590e+00
3.181000e-05	3.956364e-02	5.160592e+00
3.182000e-05	1.149848e-02	5.309521e+00
3.183000e-05	-1.163759e-03	5.515337e+00
3.184000e-05	-3.111084e-02	5.617804e+00
3.185000e-05	-1.116001e-03	5.834250e+00
3.186000e-05	-2.118920e-03	6.003103e+00
3.187000e-05	-3.706970e-02	6.119045e+00
3.188000e-05	2.634005e-02	6.305858e+00
3.189000e-05	-4.403226e-03	6.423104e+00
3.190000e-05	-2.154112e-02	6.561175e+00
3.191000e-05	4.979444e-03	6.800566e+00
3.192000e-05	-3.030974e-02	6.906916e+00
3.193000e-05	-6.236984e-04	7.022703e+00
3.194000e-05	-8.700128e-03	7.151046e+00
3.195000e-05	-1.668648e-04	7.305311e+00
3.196000e-05	3.756888e-05	7.506284e+00
3.197000e-05	-2.158523e-02	7.602804e+00
3.198000e-05	-8.736993e-03	7.760523e+00
3.199000e-05	-1.791388e-02	7.856985e+00
3.200000e-05	2.620813e-03	8.054300e+00
3.201000e-05	-1.307753e-02	8.180522e+00
3.202000e-05	-9.021243e-03	8.277816e+00
3.203000e-05	-5.388853e-04	8.401052e+00
3.204000e-05	-1.445719e-02	8.474332e+00
3.205000e-05	-1.591866e-02	8.530523e+00
3.206000e-05	-1.963301e-02	8.665810e+00
3.207000e-05	-8.510732e-04	8.791520e+00
3.208000e-05	-4.672572e-03	8.815153e+00
3.209000e-05	-1.072588e-02	8.921466e+00
3.210000e-05	-1.659343e-02	9.067333e+00
3.211000e-05	-1.434763e-02	9.192099e+00
3.212000e-05	-1.032061e-02	9.245153e+00
3.213000e-05	-1.218630e-02	9.288912e+00
3.214000e-05	-7.071890e-03	9.403623e+00
3.215000e-05	-1.003950e-02	9.497259e+00
3.216000e-05	-1.351060e-02	9.527973e+00
3.217000e-05	-1.644522e-02	9.622702e+00
3.218000e-05	-1.324291e-02	9.666333e+00
3.219000e-05	-1.354114e-02	9.718920e+00
3.220000e-05	-1.099604e-02	9.802705e+00
3.221000e-05	-8.392512e-03	9.894441e+00
3.222000e-05	-1.127386e-02	9.981495e+00
3.223000e-05	-1.593535e-02	1.001212e+01
3.224000e-05	-1.860587e-02	1.003361e+01
3.225000e-05	-1.457659e-02	1.005483e+01
3.226000e-05	-1.223506e-02	1.012696e+01
3.227000e-05	-1.381904e-02	1.011852e+01
3.228000e-05	-1.394411e-02	1.017105e+01
3.229000e-05	-1.567006e-02	1.018308e+01
3.230000e-05	-1.645440e-02	1.018313e+01
3.231000e-05	-1.605402e-02	1.027373e+01
3.232000e-05	-1.626200e-02	1.022466e+01
3.233000e-05	-1.487100e-02	1.026681e+01
3.234000e-05	-1.406833e-02	1.027431e+01
3.235000e-05	-1.715115e-02	1.026579e+01
3.236000e-05	-1.899727e-02	1.026579e+01
3.237000e-05	-2.035263e-02	1.026521e+01
3.238000e-05	-1.811094e-02	1.030531e+01
3.239000e-05	-1.816341e-02	1.024468e+01
3.240000e-05	-1.828236e-02	1.021526e+01
3.241000e-05	-1.903463e-02	1.024471e+01
3.242000e-05	-2.150831e-02	1.024307e+01
3.243000e-05	-2.256172e-02	1.018107e+01
3.244000e-05	-2.365401e-02	1.015057e+01
3.245000e-05	-2.244232e-02	1.012742e+01
3.246000e-05	-2.277837e-02	1.008726e+01
3.247000e-05	-2.345003e-02	1.006381e+01
3.248000e-05	-2.491810e-02	1.003378e+01
3.249000e-05	-2.593252e-02	1.000205e+01
3.250000e-05	-2.768107e-02	9.958462e+00
3.251000e-05	-2.772205e-02	9.877338e+00
3.252000e-05	-2.599582e-02	9.812125e+00
3.253000e-05	-2.711014e-02	9.768494e+00
3.254000e-05	-2.883631e-02	9.695288e+00
3.255000e-05	-3.092837e-02	9.640557e+00
3.256000e-05	-3.145505e-02	9.506913e+00
3.257000e-05	-3.008471e-02	9.476206e+00
3.258000e-05	-3.061073e-02	9.401019e+00
3.259000e-05	-2.998459e-02	9.315796e+00
3.260000e-05	-3.127663e-02	9.262605e+00
3.261000e-05	-3.159760e-02	9.180445e+00
3.262000e-05	-3.420706e-02	9.027734e+00
3.263000e-05	-3.104339e-02	8.947442e+00
3.264000e-05	-3.319359e-02	8.901683e+00
3.265000e-05	-3.124321e-02	8.769470e+00
3.266000e-05	-3.288271e-02	8.674230e+00
3.267000e-05	-3.257118e-02	8.558947e+00
3.268000e-05	-3.294711e-02	8.494708e+00
3.269000e-05	-3.301645e-02	8.379018e+00
3.270000e-05	-3.231560e-02	8.244236e+00
3.271000e-05	-3.149741e-02	8.137942e+00
3.272000e-05	-3.034286e-02	8.002075e+00
3.273000e-05	-3.119424e-02	7.904638e+00
3.274000e-05	-3.070922e-02	7.777392e+00
3.275000e-05	-3.095670e-02	7.633554e+00
3.276000e-05	-2.915771e-02	7.454263e+00
3.277000e-05	-2.900209e-02	7.345290e+00
3.278000e-05	-2.714550e-02	7.169418e+00
3.279000e-05	-2.733332e-02	7.053134e+00
3.280000e-05	-2.644584e-02	6.883737e+00
3.281000e-05	-2.852983e-02	6.768970e+00
3.282000e-05	-2.566095e-02	6.580948e+00
3.283000e-05	-2.417258e-02	6.443104e+00
3.284000e-05	-2.222018e-02	6.324789e+00
3.285000e-05	-2.239386e-02	6.178420e+00
3.286000e-05	-2.125259e-02	6.032030e+00
3.287000e-05	-2.035211e-02	5.886287e+00
3.288000e-05	-2.080026e-02	5.664312e+00
3.289000e-05	-1.836204e-02	5.556867e+00
3.290000e-05	-1.763414e-02	5.368424e+00
3.291000e-05	-1.530431e-02	5.210319e+00
3.292000e-05	-1.606868e-02	4.990000e+00
3.293000e-05	-1.506041e-02	4.758376e+00
3.294000e-05	-1.470632e-02	4.631526e+00
3.295000e-05	-1.307211e-02	4.442532e+00
3.296000e-05	-1.304339e-02	4.355287e+00
3.297000e-05	-1.186265e-02	4.032669e+00
3.298000e-05	-1.106618e-02	3.927364e+00
3.299000e-05	-1.140947e-02	3.746848e+00
3.300000e-05	-1.083230e-02	3.628924e+00
3.301000e-05	-1.057035e-02	3.412025e+00
3.302000e-05	-9.793650e-03	3.189478e+00
3.303000e-05	-8.807195e-03	3.020454e+00
3.304000e-05	-8.945876e-03	2.862057e+00
3.305000e-05	-8.111091e-03	2.744185e+00
3.306000e-05	-8.557412e-03	2.471610e+00
3.307000e-05	-7.787546e-03	2.264088e+00
3.308000e-05	-7.484507e-03	2.103635e+00
3.309000e-05	-6.109034e-03	1.908242e+00
3.310000e-05	-6.741011e-03	1.737268e+00
3.311000e-05	-7.223336e-03	1.565765e+00
3.312000e-05	-6.116818e-03	1.347367e+00
3.313000e-05	-6.126003e-03	1.157771e+00
3.314000e-05	-6.113973e-03	9.131859e-01
3.315000e-05	-6.632096e-03	7.751682e-01
3.316000e-05	-5.210770e-03	5.052171e-01
3.317000e-05	-4.709518e-03	3.973487e-01
3.318000e-05	-4.878515e-03	1.758197e-01
3.319000e-05	-2.578709e-03	-4.168039e-02
3.320000e-05	3.150498e-03	-2.110240e-01
3.321000e-05	-2.903116e-03	-3.694162e-01
3.322000e-05	-2.602309e-05	-5.379922e-01
3.323000e-05	-2.570033e-03	-7.268899e-01
3.324000e-05	-1.043974e-03	-8.984407e-01
3.325000e-05	-2.454171e-03	-1.045209e+00
3.326000e-05	5.852464e-03	-1.212657e+00
3.327000e-05	5.036256e-02	-1.423209e+00
3.328000e-05	5.995986e-02	-1.633704e+00
3.329000e-05	-6.794241e-02	-1.907385e+00
3.330000e-05	-1.778700e-02	-2.139119e+00
3.331000e-05	-8.581738e-02	-2.399993e+00
3.332000e-05	-1.640514e-02	-2.474281e+00
3.333000e-05	1.553259e-01	-2.568889e+00
3.334000e-05	-9.853045e-02	-2.740490e+00
3.335000e-05	-4.104405e-03	-2.972096e+00
3.336000e-05	1.210995e-01	-3.157470e+00
3.337000e-05	-1.764803e-01	-3.326939e+00
3.338000e-05	6.561695e-02	-3.506316e+00
3.339000e-05	8.047305e-02	-3.634228e+00
3.340000e-05	-1.509182e-01	-3.883810e+00
3.341000e-05	1.209624e-01	-4.043050e+00
3.342000e-05	2.258562e-02	-4.183654e+00
3.343000e-05	-4.876062e-02	-4.401575e+00
3.344000e-05	5.748855e-02	-4.518938e+00
3.345000e-05	-1.483791e-01	-4.707915e+00
3.346000e-05	9.895539e-02	-4.907386e+00
3.347000e-05	5.833099e-02	-5.073807e+00
3.348000e-05	-6.821435e-02	-5.257779e+00
3.349000e-05	5.935878e-02	-5.474281e+00
3.350000e-05	-6.648599e-02	-5.634280e+00
3.351000e-05	6.715033e-02	-5.792049e+00
3.352000e-05	-4.214637e-02	-5.936395e+00
3.353000e-05	-3.482034e-03	-6.047783e+00
3.354000e-05	8.445573e-02	-6.244854e+00
3.355000e-05	-8.616413e-02	-6.483228e+00
3.356000e-05	7.190060e-02	-6.580519e+00
3.357000e-05	-3.010250e-02	-6.708440e+00
3.358000e-05	3.291093e-03	-6.866212e+00
3.359000e-05	2.515335e-02	-7.052774e+00
3.360000e-05	-4.406641e-02	-7.180594e+00
3.361000e-05	8.819299e-02	-7.307340e+00
3.362000e-05	-4.320386e-02	-7.464229e+00
3.363000e-05	1.539800e-02	-7.568595e+00
3.364000e-05	-1.084439e-02	-7.718913e+00
3.365000e-05	9.354947e-03	-7.907387e+00
3.366000e-05	3.283152e-02	-8.054203e+00
3.367000e-05	-2.759368e-02	-8.139967e+00
3.368000e-05	4.715938e-02	-8.244779e+00
3.369000e-05	-1.547340e-02	-8.329048e+00
3.370000e-05	9.168899e-03	-8.453803e+00
3.371000e-05	-7.525912e-03	-8.540099e+00
3.372000e-05	1.263651e-02	-8.707444e+00
3.373000e-05	2.937723e-02	-8.834076e+00
3.374000e-05	-1.185949e-02	-8.876893e+00
3.375000e-05	1.825736e-02	-9.002096e+00
3.376000e-05	-4.756637e-03	-9.086337e+00
3.377000e-05	1.703593e-02	-9.170073e+00
3.378000e-05	-3.648657e-03	-9.265254e+00
3.379000e-05	1.163891e-02	-9.297412e+00
3.380000e-05	1.723027e-02	-9.403750e+00
3.381000e-05	2.934983e-03	-9.566490e+00
3.382000e-05	7.991890e-03	-9.612548e+00
3.383000e-05	1.743801e-03	-9.675807e+00
3.384000e-05	1.198989e-02	-9.708467e+00
3.385000e-05	3.331500e-03	-9.802024e+00
3.386000e-05	1.571157e-02	-9.834681e+00
3.387000e-05	1.425709e-02	-9.855808e+00
3.388000e-05	7.075979e-03	-9.948915e+00
3.389000e-05	2.177276e-03	-9.959523e+00
3.390000e-05	5.880194e-03	-1.003167e+01
3.391000e-05	1.552128e-02	-1.005321e+01
3.392000e-05	1.044272e-02	-1.010638e+01
3.393000e-05	9.364587e-03	-1.009844e+01
3.394000e-05	7.891803e-03	-1.012047e+01
3.395000e-05	9.991825e-03	-1.022202e+01
3.396000e-05	9.242482e-03	-1.022318e+01
3.397000e-05	9.191169e-03	-1.025225e+01
3.398000e-05	1.145029e-02	-1.026487e+01
3.399000e-05	1.381073e-02	-1.025693e+01
3.400000e-05	1.178321e-02	-1.024786e+01
3.401000e-05	1.002569e-02	-1.030996e+01
3.402000e-05	1.024386e-02	-1.030782e+01
3.403000e-05	1.162134e-02	-1.033842e+01
3.404000e-05	1.247451e-02	-1.031699e+01
3.405000e-05	1.525435e-02	-1.032691e+01
3.406000e-05	1.744655e-02	-1.028631e+01
3.407000e-05	1.418612e-02	-1.032521e+01
3.408000e-05	1.234641e-02	-1.021265e+01
3.409000e-05	1.354052e-02	-1.019167e+01
3.410000e-05	1.772024e-02	-1.017055e+01
3.411000e-05	1.835868e-02	-1.013992e+01
3.412000e-05	1.877706e-02	-1.009589e+01
3.413000e-05	1.896135e-02	-1.010323e+01
3.414000e-05	1.917551e-02	-1.008310e+01
3.415000e-05	1.813206e-02	-9.999547e+00
3.416000e-05	1.972703e-02	-9.969345e+00
3.417000e-05	2.334422e-02	-9.847287e+00
3.418000e-05	2.339887e-02	-9.843580e+00
3.419000e-05	2.185887e-02	-9.770520e+00
3.420000e-05	2.241176e-02	-9.737865e+00
3.421000e-05	2.334685e-02	-9.684681e+00
3.422000e-05	2.350923e-02	-9.632103e+00
3.423000e-05	2.388913e-02	-9.576965e+00
3.424000e-05	2.588635e-02	-9.495257e+00
3.425000e-05	2.668223e-02	-9.360495e+00
3.426000e-05	2.597167e-02	-9.315787e+00
3.427000e-05	2.492543e-02	-9.200472e+00
3.428000e-05	2.454060e-02	-9.114812e+00
3.429000e-05	2.596727e-02	-9.002077e+00
3.430000e-05	2.732123e-02	-8.904364e+00
3.431000e-05	2.488697e-02	-8.841554e+00
3.432000e-05	2.747651e-02	-8.767865e+00
3.433000e-05	2.573152e-02	-8.623153e+00
3.434000e-05	2.683519e-02	-8.514312e+00
3.435000e-05	2.610180e-02	-8.399474e+00
3.436000e-05	2.759356e-02	-8.294232e+00
3.437000e-05	2.625602e-02	-8.189397e+00
3.438000e-05	2.502191e-02	-8.053633e+00
3.439000e-05	2.407760e-02	-7.916970e+00
3.440000e-05	2.350129e-02	-7.769942e+00
3.441000e-05	2.283822e-02	-7.641207e+00
3.442000e-05	2.419303e-02	-7.516189e+00
3.443000e-05	2.267709e-02	-7.367943e+00
3.444000e-05	2.381037e-02	-7.223132e+00
3.445000e-05	2.113537e-02	-7.116315e+00
3.446000e-05	2.030986e-02	-6.957792e+00
3.447000e-05	1.912140e-02	-6.811553e+00
3.448000e-05	1.876359e-02	-6.652535e+00
3.449000e-05	1.784615e-02	-6.535312e+00
3.450000e-05	1.644344e-02	-6.410495e+00
3.451000e-05	1.615686e-02	-6.270628e+00
3.452000e-05	1.400205e-02	-6.042625e+00
3.453000e-05	1.319808e-02	-5.895814e+00
3.454000e-05	1.349995e-02	-5.767790e+00
3.455000e-05	1.160073e-02	-5.609499e+00
3.456000e-05	1.127176e-02	-5.440479e+00
3.457000e-05	9.253160e-03	-5.211021e+00
3.458000e-05	9.673032e-03	-5.031479e+00
3.459000e-05	6.904444e-03	-4.858575e+00
3.460000e-05	5.831540e-03	-4.642558e+00
3.461000e-05	5.101391e-03	-4.502685e+00
3.462000e-05	7.375431e-03	-4.356821e+00
3.463000e-05	4.878083e-03	-4.209946e+00
3.464000e-05	5.490420e-03	-4.050525e+00
3.465000e-05	2.359631e-03	-3.841556e+00
3.466000e-05	3.844457e-03	-3.653053e+00
3.467000e-05	2.297240e-03	-3.493110e+00
3.468000e-05	3.465843e-03	-3.303788e+00
3.469000e-05	1.024538e-03	-3.125290e+00
3.470000e-05	3.674225e-04	-2.913712e+00
3.471000e-05	1.212281e-03	-2.727342e+00
3.472000e-05	9.818188e-04	-2.597373e+00
3.473000e-05	-4.665001e-04	-2.419446e+00
3.474000e-05	-6.762373e-04	-2.196872e+00
3.475000e-05	2.166934e-04	-1.988927e+00
3.476000e-05	-1.156349e-03	-1.849024e+00
3.477000e-05	-1.862375e-04	-1.650555e+00
3.478000e-05	-2.865181e-03	-1.449430e+00
3.479000e-05	-1.183227e-03	-1.208472e+00
3.480000e-05	-2.353744e-03	-1.010026e+00
3.481000e-05	-7.185637e-04	-8.405289e-01
3.482000e-05	-3.800070e-03	-6.374964e-01
3.483000e-05	-1.257974e-03	-3.914761e-01
3.484000e-05	-4.138852e-03	-2.505553e-01
3.485000e-05	1.274356e-04	-8.313026e-02
3.486000e-05	3.120842e-03	6.681605e-02
3.487000e-05	1.207346e-03	3.169147e-01
3.488000e-05	-3.385527e-04	4.954094e-01
3.489000e-05	-2.253344e-04	6.538105e-01
3.490000e-05	-2.369092e-03	7.900227e-01
3.491000e-05	-2.474763e-03	9.836276e-01
3.492000e-05	1.032021e-03	1.221104e+00
3.493000e-05	1.048403e-02	1.401527e+00
3.494000e-05	5.659086e-02	1.595286e+00
3.495000e-05	2.529733e-02	1.886336e+00
3.496000e-05	-5.708877e-02	2.045759e+00
3.497000e-05	-3.245826e-02	2.275604e+00
3.498000e-05	-6.062618e-02	2.380074e+00
3.499000e-05	-4.696831e-02	2.488943e+00
3.500000e-05	1.320207e-01	2.716416e+00
3.501000e-05	-2.956406e-02	2.875837e+00
3.502000e-05	-7.360907e-02	3.052130e+00
3.503000e-05	1.358390e-01	3.179044e+00
3.504000e-05	-1.088351e-01	3.403704e+00
3.505000e-05	-1.455943e-02	3.591149e+00
3.506000e-05	8.019734e-02	3.707466e+00
3.507000e-05	-9.671298e-02	3.919947e+00
3.508000e-05	2.709623e-02	4.065887e+00
3.509000e-05	5.064007e-02	4.319392e+00
3.510000e-05	-4.937501e-02	4.473784e+00
3.511000e-05	4.998708e-03	4.664782e+00
3.512000e-05	-5.168597e-02	4.853631e+00
3.513000e-05	2.974005e-03	5.043657e+00
3.514000e-05	3.529246e-02	5.235804e+00
3.515000e-05	-3.829077e-03	5.413203e+00
3.516000e-05	-1.465214e-02	5.560502e+00
3.517000e-05	-2.524616e-02	5.741017e+00
3.518000e-05	1.741659e-02	5.947994e+00
3.519000e-05	-3.331784e-02	6.095758e+00
3.520000e-05	-5.300089e-03	6.194151e+00
3.521000e-05	2.607366e-02	6.379496e+00
3.522000e-05	-3.332757e-02	6.528939e+00
3.523000e-05	8.277784e-03	6.717862e+00
3.524000e-05	-2.298054e-02	6.854305e+00
3.525000e-05	-1.437248e-02	7.011146e+00
3.526000e-05	-4.825741e-04	7.119346e+00
3.527000e-05	-8.244397e-03	7.234081e+00
3.528000e-05	6.855092e-03	7.371123e+00
3.529000e-05	-1.971767e-02	7.558546e+00
3.530000e-05	-1.082038e-02	7.715938e+00
3.531000e-05	-1.699424e-02	7.825700e+00
3.532000e-05	-3.891927e-03	7.974178e+00
3.533000e-05	-4.715655e-03	8.148415e+00
3.534000e-05	-1.516141e-02	8.245203e+00
3.535000e-05	-1.423181e-03	8.350444e+00
3.536000e-05	-7.812878e-03	8.423205e+00
3.537000e-05	-1.515093e-02	8.517389e+00
3.538000e-05	-1.882937e-02	8.604851e+00
3.539000e-05	-8.886204e-03	8.789416e+00
3.540000e-05	-3.857158e-04	8.813053e+00
3.541000e-05	-7.872270e-03	8.868388e+00
3.542000e-05	-1.497285e-02	8.993705e+00
3.543000e-05	-1.620205e-02	9.177943e+00
3.544000e-05	-1.200230e-02	9.242676e+00
3.545000e-05	-9.959714e-03	9.267335e+00
3.546000e-05	-1.039131e-02	9.351520e+00
3.547000e-05	-8.089394e-03	9.433753e+00
3.548000e-05	-1.280742e-02	9.529363e+00
3.549000e-05	-1.558524e-02	9.582699e+00
3.550000e-05	-1.408094e-02	9.655105e+00
3.551000e-05	-1.350167e-02	9.697911e+00
3.552000e-05	-1.309204e-02	9.782499e+00
3.553000e-05	-1.002131e-02	9.886386e+00
3.554000e-05	-9.307226e-03	9.948891e+00
3.555000e-05	-1.342600e-02	1.000307e+01
3.556000e-05	-1.757262e-02	1.002310e+01
3.557000e-05	-1.687925e-02	1.005623e+01
3.558000e-05	-1.162606e-02	1.009833e+01
3.559000e-05	-1.229541e-02	1.014839e+01
3.560000e-05	-1.409707e-02	1.016052e+01
3.561000e-05	-1.497730e-02	1.017065e+01
3.562000e-05	-1.654797e-02	1.026260e+01
3.563000e-05	-1.582002e-02	1.024570e+01
3.564000e-05	-1.718329e-02	1.021318e+01
3.565000e-05	-1.499361e-02	1.027426e+01
3.566000e-05	-1.398932e-02	1.026531e+01
3.567000e-05	-1.532859e-02	1.028579e+01
3.568000e-05	-1.870485e-02	1.027786e+01
3.569000e-05	-2.068917e-02	1.034628e+01
3.570000e-05	-1.923267e-02	1.026726e+01
3.571000e-05	-1.849353e-02	1.024628e+01
3.572000e-05	-1.811717e-02	1.028570e+01
3.573000e-05	-1.838964e-02	1.024521e+01
3.574000e-05	-2.100428e-02	1.025415e+01
3.575000e-05	-2.197767e-02	1.021358e+01
3.576000e-05	-2.341533e-02	1.016055e+01
3.577000e-05	-2.200357e-02	1.011892e+01
3.578000e-05	-2.337157e-02	1.014734e+01
3.579000e-05	-2.337339e-02	1.009481e+01
3.580000e-05	-2.388969e-02	1.005466e+01
3.581000e-05	-2.485631e-02	1.003205e+01
3.582000e-05	-2.829716e-02	9.990925e+00
3.583000e-05	-2.816631e-02	9.886864e+00
3.584000e-05	-2.648478e-02	9.832735e+00
3.585000e-05	-2.629740e-02	9.740450e+00
3.586000e-05	-2.819592e-02	9.705786e+00
3.587000e-05	-2.961452e-02	9.664157e+00
3.588000e-05	-2.991313e-02	9.550468e+00
3.589000e-05	-3.051988e-02	9.476782e+00
3.590000e-05	-3.080517e-02	9.401577e+00
3.591000e-05	-3.066438e-02	9.349870e+00
3.592000e-05	-2.964119e-02	9.273183e+00
3.593000e-05	-3.141658e-02	9.212101e+00
3.594000e-05	-3.219246e-02	9.128888e+00
3.595000e-05	-3.222593e-02	9.023501e+00
3.596000e-05	-3.255469e-02	8.876811e+00
3.597000e-05	-3.145744e-02	8.811023e+00
3.598000e-05	-3.199062e-02	8.717865e+00
3.599000e-05	-3.120306e-02	8.619599e+00
3.600000e-05	-3.430595e-02	8.485790e+00
3.601000e-05	-3.195882e-02	8.431556e+00
3.602000e-05	-3.190545e-02	8.337338e+00
3.603000e-05	-3.087582e-02	8.179494e+00
3.604000e-05	-3.163523e-02	8.066658e+00
3.605000e-05	-3.022023e-02	7.917340e+00
3.606000e-05	-3.098727e-02	7.821472e+00
3.607000e-05	-2.941518e-02	7.705209e+00
3.608000e-05	-3.151398e-02	7.569446e+00
3.609000e-05	-2.882675e-02	7.359550e+00
3.610000e-05	-2.876914e-02	7.231606e+00
3.611000e-05	-2.722315e-02	7.045209e+00
3.612000e-05	-2.759367e-02	6.966867e+00
3.613000e-05	-2.632545e-02	6.821077e+00
3.614000e-05	-2.590390e-02	6.705734e+00
3.615000e-05	-2.425997e-02	6.514714e+00
3.616000e-05	-2.255269e-02	6.348392e+00
3.617000e-05	-2.201651e-02	6.212027e+00
3.618000e-05	-2.174197e-02	6.052684e+00
3.619000e-05	-2.161977e-02	5.978866e+00
3.620000e-05	-2.034798e-02	5.768968e+00
3.621000e-05	-1.847376e-02	5.579024e+00
3.622000e-05	-1.812173e-02	5.432028e+00
3.623000e-05	-1.693348e-02	5.252632e+00
3.624000e-05	-1.552258e-02	5.104109e+00
3.625000e-05	-1.446796e-02	4.863107e+00
3.626000e-05	-1.421393e-02	4.694685e+00
3.627000e-05	-1.389379e-02	4.495692e+00
3.628000e-05	-1.344889e-02	4.379422e+00
3.629000e-05	-1.181220e-02	4.238303e+00
3.630000e-05	-1.199875e-02	4.008972e+00
3.631000e-05	-1.079834e-02	3.841525e+00
3.632000e-05	-1.146746e-02	3.633083e+00
3.633000e-05	-1.010731e-02	3.523708e+00
3.634000e-05	-1.001630e-02	3.263107e+00
3.635000e-05	-9.624681e-03	3.114692e+00
3.636000e-05	-9.052489e-03	2.944693e+00
3.637000e-05	-8.264151e-03	2.799950e+00
3.638000e-05	-7.795404e-03	2.526748e+00
3.639000e-05	-8.804964e-03	2.378841e+00
3.640000e-05	-8.588433e-03	2.178923e+00
3.641000e-05	-6.838213e-03	2.010451e+00
3.642000e-05	-6.748367e-03	1.834631e+00
3.643000e-05	-6.281177e-03	1.603475e+00
3.644000e-05	-6.445807e-03	1.432010e+00
3.645000e-05	-5.720130e-03	1.211579e+00
3.646000e-05	-5.575289e-03	1.028875e+00
3.647000e-05	-5.858646e-03	7.688986e-01
3.648000e-05	-6.967899e-03	5.904524e-01
3.649000e-05	-4.736605e-03	4.610064e-01
3.650000e-05	-4.359616e-03	2.541516e-01
3.651000e-05	-2.992723e-03	5.563819e-04
3.652000e-05	6.037538e-04	-1.278911e-01
3.653000e-05	-2.928057e-05	-3.048144e-01
3.654000e-05	-2.310419e-03	-4.552040e-01
3.655000e-05	-6.189559e-05	-6.452794e-01
3.656000e-05	-2.375521e-03	-8.631530e-01
3.657000e-05	-1.064075e-03	-1.000544e+00
3.658000e-05	5.827288e-04	-1.158994e+00
3.659000e-05	2.215805e-02	-1.370520e+00
3.660000e-05	8.026166e-02	-1.590049e+00
3.661000e-05	-2.671523e-02	-1.772669e+00
3.662000e-05	-4.226996e-02	-2.044226e+00
3.663000e-05	-4.355378e-02	-2.316410e+00
3.664000e-05	-8.348687e-02	-2.402633e+00
3.665000e-05	1.165589e-01	-2.506945e+00
3.666000e-05	3.741752e-02	-2.660732e+00
3.667000e-05	-1.280632e-01	-2.856891e+00
3.668000e-05	1.666816e-01	-3.044212e+00
3.669000e-05	-6.913239e-02	-3.244203e+00
3.670000e-05	-8.498090e-02	-3.435750e+00
3.671000e-05	1.567136e-01	-3.609021e+00
3.672000e-05	-1.023443e-01	-3.768997e+00
3.673000e-05	-2.217014e-02	-3.979470e+00
3.674000e-05	1.384703e-01	-4.116962e+00
3.675000e-05	-9.796891e-02	-4.297419e+00
3.676000e-05	7.465204e-02	-4.461729e+00
3.677000e-05	-8.776079e-02	-4.644280e+00
3.678000e-05	-3.864585e-02	-4.864207e+00
3.679000e-05	1.482305e-01	-4.992049e+00
3.680000e-05	-7.146666e-02	-5.161495e+00
3.681000e-05	3.451363e-02	-5.319047e+00
3.682000e-05	-2.183148e-02	-5.561089e+00
3.683000e-05	-2.568792e-03	-5.727046e+00
3.684000e-05	4.422872e-02	-5.883310e+00
3.685000e-05	-7.979298e-02	-6.015098e+00
3.686000e-05	1.050347e-01	-6.210499e+00
3.687000e-05	-3.968728e-02	-6.348572e+00
3.688000e-05	-3.826813e-03	-6.517987e+00
3.689000e-05	4.774428e-02	-6.642677e+00
3.690000e-05	-5.882383e-02	-6.812150e+00
3.691000e-05	6.367734e-02	-6.949422e+00
3.692000e-05	-5.349303e-02	-7.127467e+00
3.693000e-05	5.351294e-02	-7.244710e+00
3.694000e-05	1.980455e-02	-7.353649e+00
3.695000e-05	-3.374138e-02	-7.517967e+00
3.696000e-05	2.665841e-02	-7.645754e+00
3.697000e-05	-2.929602e-02	-7.833674e+00
3.698000e-05	5.171667e-02	-8.001596e+00
3.699000e-05	-2.276827e-02	-8.076332e+00
3.700000e-05	2.160150e-02	-8.241628e+00
3.701000e-05	1.899558e-02	-8.297464e+00
3.702000e-05	-1.525990e-02	-8.415723e+00
3.703000e-05	1.370784e-02	-8.509011e+00
3.704000e-05	-1.481507e-02	-8.694331e+00
3.705000e-05	4.190003e-02	-8.779522e+00
3.706000e-05	-7.738819e-03	-8.885734e+00
3.707000e-05	9.801522e-03	-8.970545e+00
3.708000e-05	3.891404e-03	-9.064679e+00
3.709000e-05	5.815058e-03	-9.118389e+00
3.710000e-05	9.875189e-03	-9.231570e+00
3.711000e-05	-3.565174e-03	-9.296736e+00
3.712000e-05	2.427739e-02	-9.339595e+00
3.713000e-05	3.014030e-03	-9.486856e+00
3.714000e-05	9.856886e-03	-9.620595e+00
3.715000e-05	1.681704e-03	-9.643704e+00
3.716000e-05	9.675059e-03	-9.686286e+00
3.717000e-05	5.583259e-03	-9.758869e+00
3.718000e-05	8.516782e-03	-9.823628e+00
3.719000e-05	1.697650e-02	-9.874362e+00
3.720000e-05	8.032188e-03	-9.915367e+00
3.721000e-05	5.279144e-03	-9.960021e+00
3.722000e-05	1.173074e-03	-1.001305e+01
3.723000e-05	1.397987e-02	-1.006515e+01
3.724000e-05	1.335074e-02	-1.010621e+01
3.725000e-05	9.802891e-03	-1.011789e+01
3.726000e-05	8.095060e-03	-1.014997e+01
3.727000e-05	8.830290e-03	-1.021458e+01
3.728000e-05	1.096339e-02	-1.024263e+01
3.729000e-05	8.995571e-03	-1.022628e+01
3.730000e-05	1.067025e-02	-1.025766e+01
3.731000e-05	1.205925e-02	-1.033634e+01
3.732000e-05	1.478553e-02	-1.030739e+01
3.733000e-05	1.035894e-02	-1.035739e+01
3.734000e-05	1.084003e-02	-1.037647e+01
3.735000e-05	1.058218e-02	-1.038937e+01
3.736000e-05	1.248959e-02	-1.032944e+01
3.737000e-05	1.465338e-02	-1.030842e+01
3.738000e-05	1.719347e-02	-1.029779e+01
3.739000e-05	1.606426e-02	-1.024641e+01
3.740000e-05	1.246220e-02	-1.024671e+01
3.741000e-05	1.308539e-02	-1.026200e+01
3.742000e-05	1.643964e-02	-1.019057e+01
3.743000e-05	1.932740e-02	-1.014989e+01
3.744000e-05	1.780591e-02	-1.012587e+01
3.745000e-05	2.022457e-02	-1.007581e+01
3.746000e-05	1.936758e-02	-1.004210e+01
3.747000e-05	1.841551e-02	-1.000005e+01
3.748000e-05	1.892146e-02	-9.948915e+00
3.749000e-05	2.106369e-02	-9.887314e+00
3.750000e-05	2.344270e-02	-9.863208e+00
3.751000e-05	2.296833e-02	-9.831608e+00
3.752000e-05	2.291958e-02	-9.758344e+00
3.753000e-05	2.287793e-02	-9.703735e+00
3.754000e-05	2.266323e-02	-9.672702e+00
3.755000e-05	2.337025e-02	-9.620074e+00
3.756000e-05	2.513388e-02	-9.506786e+00
3.757000e-05	2.781019e-02	-9.441032e+00
3.758000e-05	2.540774e-02	-9.314786e+00
3.759000e-05	2.593097e-02	-9.234630e+00
3.760000e-05	2.431706e-02	-9.157841e+00
3.761000e-05	2.546724e-02	-9.063656e+00
3.762000e-05	2.538743e-02	-8.919340e+00
3.763000e-05	2.738674e-02	-8.843683e+00
3.764000e-05	2.746646e-02	-8.810495e+00
3.765000e-05	2.666702e-02	-8.695290e+00
3.766000e-05	2.509009e-02	-8.559870e+00
3.767000e-05	2.567213e-02	-8.442101e+00
3.768000e-05	2.506858e-02	-8.347390e+00
3.769000e-05	2.630853e-02	-8.198077e+00
3.770000e-05	2.526723e-02	-8.106263e+00
3.771000e-05	2.502616e-02	-7.980002e+00
3.772000e-05	2.377899e-02	-7.892631e+00
3.773000e-05	2.405618e-02	-7.684782e+00
3.774000e-05	2.252479e-02	-7.569470e+00
3.775000e-05	2.304038e-02	-7.451551e+00
3.776000e-05	2.282070e-02	-7.265737e+00
3.777000e-05	2.239321e-02	-7.217941e+00
3.778000e-05	2.099953e-02	-7.011078e+00
3.779000e-05	1.931809e-02	-6.872628e+00
3.780000e-05	1.864805e-02	-6.745788e+00
3.781000e-05	1.830650e-02	-6.566897e+00
3.782000e-05	1.825723e-02	-6.442153e+00
3.783000e-05	1.690881e-02	-6.326317e+00
3.784000e-05	1.413202e-02	-6.123767e+00
3.785000e-05	1.293997e-02	-5.960395e+00
3.786000e-05	1.201211e-02	-5.819476e+00
3.787000e-05	1.155757e-02	-5.662061e+00
3.788000e-05	1.296661e-02	-5.515707e+00
3.789000e-05	1.037625e-02	-5.342157e+00
3.790000e-05	9.641575e-03	-5.134786e+00
3.791000e-05	6.982538e-03	-4.956314e+00
3.792000e-05	7.743829e-03	-4.695712e+00
3.793000e-05	5.376843e-03	-4.566442e+00
3.794000e-05	7.067674e-03	-4.419923e+00
3.795000e-05	4.609418e-03	-4.281581e+00
3.796000e-05	5.960228e-03	-4.064090e+00
3.797000e-05	3.357673e-03	-3.926312e+00
3.798000e-05	3.848465e-03	-3.753743e+00
3.799000e-05	1.999316e-03	-3.567366e+00
3.800000e-05	4.563383e-03	-3.378922e+00
3.801000e-05	3.515336e-03	-3.218975e+00
3.802000e-05	2.322003e-03	-2.996925e+00
3.803000e-05	-3.689946e-04	-2.839999e+00
3.804000e-05	-9.805825e-05	-2.650978e+00
3.805000e-05	-1.145987e-03	-2.472084e+00
3.806000e-05	2.984747e-04	-2.282588e+00
3.807000e-05	2.186710e-04	-2.079584e+00
3.808000e-05	6.970963e-04	-1.894214e+00
3.809000e-05	-1.212355e-03	-1.743759e+00
3.810000e-05	-9.621440e-04	-1.555864e+00
3.811000e-05	-5.655386e-04	-1.323639e+00
3.812000e-05	-2.453302e-03	-1.092084e+00
3.813000e-05	-2.430069e-03	-8.821666e-01
3.814000e-05	-2.357570e-03	-6.973183e-01
3.815000e-05	-1.145078e-03	-5.141117e-01
3.816000e-05	-2.762786e-03	-3.642895e-01
3.817000e-05	-1.750247e-03	-1.672682e-01
3.818000e-05	2.186841e-03	2.602776e-03
3.819000e-05	3.284321e-03	2.630588e-01
3.820000e-05	-2.065089e-03	3.916027e-01
3.821000e-05	1.947645e-03	6.010474e-01
3.822000e-05	-3.316360e-03	7.673621e-01
3.823000e-05	-1.819779e-03	8.968582e-01
3.824000e-05	-2.375284e-03	1.137466e+00
3.825000e-05	5.579209e-03	1.317362e+00
3.826000e-05	3.280798e-02	1.518565e+00
3.827000e-05	6.116208e-02	1.791521e+00
3.828000e-05	-3.713441e-02	1.991574e+00
3.829000e-05	-4.235412e-02	2.130491e+00
3.830000e-05	-4.506726e-02	2.327993e+00
3.831000e-05	-7.257538e-02	2.434657e+00
3.832000e-05	5.513472e-02	2.623231e+00
3.833000e-05	9.719948e-02	2.810653e+00
3.834000e-05	-1.391989e-01	2.979046e+00
3.835000e-05	1.044768e-01	3.109338e+00
3.836000e-05	-2.407324e-03	3.318937e+00
3.837000e-05	-9.925942e-02	3.538467e+00
3.838000e-05	8.421654e-02	3.633203e+00
3.839000e-05	-2.714544e-02	3.823661e+00
3.840000e-05	-6.562554e-02	4.023200e+00
3.841000e-05	9.185141e-02	4.163733e+00
3.842000e-05	-3.437073e-02	4.423153e+00
3.843000e-05	-8.148343e-03	4.560100e+00
3.844000e-05	-2.312148e-02	4.783115e+00
3.845000e-05	-4.073599e-02	4.931592e+00
3.846000e-05	4.421228e-02	5.142074e+00
3.847000e-05	4.937989e-03	5.330023e+00
3.848000e-05	-2.975466e-03	5.546346e+00
3.849000e-05	-3.549225e-02	5.685832e+00
3.850000e-05	9.403570e-03	5.865431e+00
3.851000e-05	-9.280852e-03	6.023128e+00
3.852000e-05	-3.223369e-02	6.139548e+00
3.853000e-05	2.942154e-02	6.316366e+00
3.854000e-05	-1.566057e-02	6.404203e+00
3.855000e-05	-1.247360e-02	6.573253e+00
3.856000e-05	6.100433e-04	6.792574e+00
3.857000e-05	-2.840825e-02	6.917365e+00
3.858000e-05	2.049590e-04	7.024829e+00
3.859000e-05	-1.113667e-02	7.150523e+00
3.860000e-05	2.202436e-03	7.268360e+00
3.861000e-05	-4.669397e-03	7.436861e+00
3.862000e-05	-1.821927e-02	7.635179e+00
3.863000e-05	-9.785035e-03	7.761671e+00
3.864000e-05	-1.475465e-02	7.929467e+00
3.865000e-05	1.919815e-03	8.047330e+00
3.866000e-05	-1.473286e-02	8.182576e+00
3.867000e-05	-7.666934e-03	8.297390e+00
3.868000e-05	-7.235490e-04	8.403101e+00
3.869000e-05	-1.474285e-02	8.487211e+00
3.870000e-05	-1.458089e-02	8.571073e+00
3.871000e-05	-1.846355e-02	8.677783e+00
3.872000e-05	-2.301555e-04	8.780524e+00
3.873000e-05	-6.728102e-03	8.866209e+00
3.874000e-05	-1.053047e-02	8.961023e+00
3.875000e-05	-1.526766e-02	9.097338e+00
3.876000e-05	-1.369600e-02	9.213071e+00
3.877000e-05	-1.088584e-02	9.233204e+00
3.878000e-05	-1.334730e-02	9.319015e+00
3.879000e-05	-6.752146e-03	9.392126e+00
3.880000e-05	-1.134676e-02	9.497338e+00
3.881000e-05	-1.265707e-02	9.579517e+00
3.882000e-05	-1.609371e-02	9.645578e+00
3.883000e-05	-1.287937e-02	9.686832e+00
3.884000e-05	-1.459485e-02	9.723044e+00
3.885000e-05	-1.141276e-02	9.814778e+00
3.886000e-05	-8.704126e-03	9.897341e+00
3.887000e-05	-1.218687e-02	9.961972e+00
3.888000e-05	-1.426179e-02	1.002207e+01
3.889000e-05	-1.890806e-02	1.005421e+01
3.890000e-05	-1.252348e-02	1.005638e+01
3.891000e-05	-1.365350e-02	1.007791e+01
3.892000e-05	-1.336537e-02	1.010939e+01
3.893000e-05	-1.314360e-02	1.020012e+01
3.894000e-05	-1.512038e-02	1.021310e+01
3.895000e-05	-1.625561e-02	1.022410e+01
3.896000e-05	-1.768298e-02	1.025523e+01
3.897000e-05	-1.660979e-02	1.028473e+01
3.898000e-05	-1.597061e-02	1.025623e+01
3.899000e-05	-1.482412e-02	1.025531e+01
3.900000e-05	-1.657478e-02	1.029474e+01
3.901000e-05	-1.898279e-02	1.027633e+01
3.902000e-05	-1.878315e-02	1.028323e+01
3.903000e-05	-1.819732e-02	1.023428e+01
3.904000e-05	-1.793108e-02	1.027623e+01
3.905000e-05	-1.940543e-02	1.020368e+01
3.906000e-05	-1.979832e-02	1.024273e+01
3.907000e-05	-2.251343e-02	1.021305e+01
3.908000e-05	-2.272795e-02	1.017155e+01
3.909000e-05	-2.396573e-02	1.017049e+01
3.910000e-05	-2.148005e-02	1.011742e+01
3.911000e-05	-2.234056e-02	1.009581e+01
3.912000e-05	-2.361007e-02	1.007571e+01
3.913000e-05	-2.619782e-02	1.003513e+01
3.914000e-05	-2.548770e-02	9.990550e+00
3.915000e-05	-2.718454e-02	9.919371e+00
3.916000e-05	-2.743987e-02	9.865362e+00
3.917000e-05	-2.617958e-02	9.805096e+00
3.918000e-05	-2.844368e-02	9.727941e+00
3.919000e-05	-2.967385e-02	9.662758e+00
3.920000e-05	-3.097849e-02	9.601000e+00
3.921000e-05	-3.158958e-02	9.506364e+00
3.922000e-05	-3.148666e-02	9.454629e+00
3.923000e-05	-3.162989e-02	9.390949e+00
3.924000e-05	-2.966339e-02	9.307809e+00
3.925000e-05	-3.055052e-02	9.252154e+00
3.926000e-05	-3.220525e-02	9.169916e+00
3.927000e-05	-3.313592e-02	9.054679e+00
3.928000e-05	-3.142814e-02	8.907868e+00
3.929000e-05	-3.321626e-02	8.852204e+00
3.930000e-05	-3.201952e-02	8.738467e+00
3.931000e-05	-3.103039e-02	8.643207e+00
3.932000e-05	-3.066946e-02	8.549844e+00
3.933000e-05	-3.224785e-02	8.454710e+00
3.934000e-05	-3.302781e-02	8.399970e+00
3.935000e-05	-3.126201e-02	8.232657e+00
3.936000e-05	-3.142932e-02	8.186766e+00
3.937000e-05	-3.010940e-02	8.018546e+00
3.938000e-05	-3.102237e-02	7.864157e+00
3.939000e-05	-2.974209e-02	7.747838e+00
3.940000e-05	-2.964746e-02	7.621550e+00
3.941000e-05	-2.897116e-02	7.463204e+00
3.942000e-05	-2.896549e-02	7.325215e+00
3.943000e-05	-2.762477e-02	7.168395e+00
3.944000e-05	-2.787796e-02	7.022026e+00
3.945000e-05	-2.634836e-02	6.903683e+00
3.946000e-05	-2.574070e-02	6.728844e+00
3.947000e-05	-2.492275e-02	6.580476e+00
3.948000e-05	-2.405814e-02	6.400480e+00
3.949000e-05	-2.322686e-02	6.263632e+00
3.950000e-05	-2.159621e-02	6.136316e+00
3.951000e-05	-2.008443e-02	6.010554e+00
3.952000e-05	-2.072607e-02	5.874129e+00
3.953000e-05	-1.949436e-02	5.684160e+00
3.954000e-05	-1.995535e-02	5.516162e+00
3.955000e-05	-1.825552e-02	5.336367e+00
3.956000e-05	-1.613713e-02	5.198867e+00
3.957000e-05	-1.491465e-02	4.965265e+00
3.958000e-05	-1.455186e-02	4.757393e+00
3.959000e-05	-1.421059e-02	4.569475e+00
3.960000e-05	-1.359445e-02	4.431033e+00
3.961000e-05	-1.314449e-02	4.252704e+00
3.962000e-05	-1.190375e-02	4.032584e+00
3.963000e-05	-1.147953e-02	3.884787e+00
3.964000e-05	-1.124965e-02	3.713741e+00
3.965000e-05	-1.024754e-02	3.609896e+00
3.966000e-05	-1.054455e-02	3.376276e+00
3.967000e-05	-1.029804e-02	3.158970e+00
3.968000e-05	-9.653600e-03	3.029554e+00
3.969000e-05	-9.623723e-03	2.862031e+00
3.970000e-05	-7.940345e-03	2.671607e+00
3.971000e-05	-8.734241e-03	2.429550e+00
3.972000e-05	-8.723693e-03	2.252555e+00
3.973000e-05	-7.976711e-03	2.103611e+00
3.974000e-05	-6.813095e-03	1.924687e+00
3.975000e-05	-7.560885e-03	1.724116e+00
3.976000e-05	-6.727262e-03	1.524263e+00
3.977000e-05	-5.915609e-03	1.305762e+00
3.978000e-05	-6.094342e-03	1.144219e+00
3.979000e-05	-6.299477e-03	9.016353e-01
3.980000e-05	-5.778953e-03	7.036668e-01
3.981000e-05	-5.561457e-03	5.051367e-01
3.982000e-05	-4.615305e-03	3.472910e-01
3.983000e-05	-4.763061e-03	1.156432e-01
3.984000e-05	-1.252813e-03	-8.418672e-02
3.985000e-05	2.690507e-03	-2.522015e-01
3.986000e-05	-3.039514e-03	-3.895199e-01
3.987000e-05	4.474339e-04	-5.379763e-01
3.988000e-05	-3.126578e-03	-7.690686e-01
3.989000e-05	-7.179834e-04	-9.173659e-01
3.990000e-05	-1.320770e-03	-1.104835e+00
3.991000e-05	8.378830e-03	-1.276334e+00
3.992000e-05	6.098538e-02	-1.464336e+00
3.993000e-05	4.072694e-02	-1.695837e+00
3.994000e-05	-6.674571e-02	-1.936416e+00
3.995000e-05	-1.815190e-02	-2.160153e+00
3.996000e-05	-9.446016e-02	-2.410602e+00
3.997000e-05	1.737643e-02	-2.485767e+00
3.998000e-05	1.415802e-01	-2.558449e+00
3.999000e-05	-1.288321e-01	-2.791619e+00
4.000000e-05	4.400038e-02	-3.012173e+00
4.001000e-05	8.077684e-02	-3.160024e+00
4.002000e-05	-1.748310e-01	-3.368996e+00
4.003000e-05	1.089132e-01	-3.547413e+00
4.004000e-05	3.605996e-02	-3.674235e+00
4.005000e-05	-1.391179e-01	-3.917390e+00
4.006000e-05	1.477381e-01	-4.021680e+00
4.007000e-05	-2.104698e-02	-4.203707e+00
4.008000e-05	-1.038024e-02	-4.403178e+00
4.009000e-05	2.669386e-02	-4.559495e+00
4.010000e-05	-1.381891e-01	-4.758491e+00
4.011000e-05	1.305976e-01	-4.916392e+00
4.012000e-05	1.790786e-02	-5.096414e+00
4.013000e-05	-4.483847e-02	-5.257391e+00
4.014000e-05	4.593210e-02	-5.485309e+00
4.015000e-05	-5.944503e-02	-5.675886e+00
4.016000e-05	7.545068e-02	-5.824125e+00
4.017000e-05	-6.479485e-02	-5.962495e+00
4.018000e-05	2.983044e-02	-6.098437e+00
4.019000e-05	5.628348e-02	-6.255883e+00
4.020000e-05	-7.827142e-02	-6.444733e+00
4.021000e-05	8.107522e-02	-6.582046e+00
4.022000e-05	-4.925801e-02	-6.728920e+00
4.023000e-05	2.833382e-02	-6.867211e+00
4.024000e-05	7.053688e-06	-7.055283e+00
4.025000e-05	-2.343290e-02	-7.191550e+00
4.026000e-05	7.901424e-02	-7.328944e+00
4.027000e-05	-5.113507e-02	-7.476209e+00
4.028000e-05	2.620409e-02	-7.614151e+00
4.029000e-05	-2.240993e-02	-7.790670e+00
4.030000e-05	2.438378e-02	-7.948494e+00
4.031000e-05	1.719839e-02	-8.043751e+00
4.032000e-05	-1.911156e-02	-8.141045e+00
4.033000e-05	4.492980e-02	-8.284336e+00
4.034000e-05	-2.127113e-02	-8.381624e+00
4.035000e-05	1.510999e-02	-8.475206e+00
4.036000e-05	-1.297232e-02	-8.602174e+00
4.037000e-05	2.344803e-02	-8.759024e+00
4.038000e-05	1.901013e-02	-8.834153e+00
4.039000e-05	-1.145024e-02	-8.937392e+00
4.040000e-05	1.684694e-02	-9.003650e+00
4.041000e-05	-3.891304e-03	-9.095862e+00
4.042000e-05	1.876136e-02	-9.190092e+00
4.043000e-05	-7.244250e-03	-9.265833e+00
4.044000e-05	1.794490e-02	-9.339962e+00
4.045000e-05	1.300193e-02	-9.453801e+00
4.046000e-05	3.963776e-03	-9.559520e+00
4.047000e-05	5.115047e-03	-9.622629e+00
4.048000e-05	3.347913e-03	-9.675282e+00
4.049000e-05	9.159492e-03	-9.717015e+00
4.050000e-05	4.621336e-03	-9.812598e+00
4.051000e-05	1.714883e-02	-9.893203e+00
4.052000e-05	1.361453e-02	-9.896390e+00
4.053000e-05	7.314126e-03	-9.968391e+00
4.054000e-05	5.245572e-04	-1.000053e+01
4.055000e-05	7.186548e-03	-1.006263e+01
4.056000e-05	1.552007e-02	-1.005526e+01
4.057000e-05	1.212216e-02	-1.009629e+01
4.058000e-05	8.997953e-03	-1.014944e+01
4.059000e-05	7.626017e-03	-1.018204e+01
4.060000e-05	9.278356e-03	-1.024217e+01
4.061000e-05	1.032771e-02	-1.025631e+01
4.062000e-05	9.669466e-03	-1.027568e+01
4.063000e-05	1.211629e-02	-1.030676e+01
4.064000e-05	1.429027e-02	-1.029638e+01
4.065000e-05	1.146401e-02	-1.033999e+01
4.066000e-05	9.027476e-03	-1.032744e+01
4.067000e-05	1.048760e-02	-1.035039e+01
4.068000e-05	1.279763e-02	-1.031784e+01
4.069000e-05	1.372387e-02	-1.030686e+01
4.070000e-05	1.544436e-02	-1.028841e+01
4.071000e-05	1.751564e-02	-1.028733e+01
4.072000e-05	1.475708e-02	-1.030626e+01
4.073000e-05	1.333653e-02	-1.029215e+01
4.074000e-05	1.351075e-02	-1.019368e+01
4.075000e-05	1.771884e-02	-1.016955e+01
4.076000e-05	1.873982e-02	-1.010702e+01
4.077000e-05	1.936659e-02	-1.009683e+01
4.078000e-05	1.962721e-02	-1.010319e+01
4.079000e-05	1.781432e-02	-1.007105e+01
4.080000e-05	1.813842e-02	-9.977393e+00
4.081000e-05	2.087341e-02	-9.915870e+00
4.082000e-05	2.376113e-02	-9.905812e+00
4.083000e-05	2.307215e-02	-9.842152e+00
4.084000e-05	2.168433e-02	-9.799474e+00
4.085000e-05	2.270227e-02	-9.717841e+00
4.086000e-05	2.349905e-02	-9.664182e+00
4.087000e-05	2.296604e-02	-9.612078e+00
4.088000e-05	2.417511e-02	-9.557367e+00
4.089000e-05	2.607112e-02	-9.453704e+00
4.090000e-05	2.697496e-02	-9.350391e+00
4.091000e-05	2.543327e-02	-9.242182e+00
4.092000e-05	2.520643e-02	-9.160017e+00
4.093000e-05	2.509206e-02	-9.105760e+00
4.094000e-05	2.492325e-02	-8.979472e+00
4.095000e-05	2.680349e-02	-8.915786e+00
4.096000e-05	2.726586e-02	-8.832603e+00
4.097000e-05	2.655853e-02	-8.705812e+00
4.098000e-05	2.510455e-02	-8.622526e+00
4.099000e-05	2.478265e-02	-8.494210e+00
4.100000e-05	2.463106e-02	-8.369372e+00
4.101000e-05	2.597602e-02	-8.294186e+00
4.102000e-05	2.577779e-02	-8.178946e+00
4.103000e-05	2.522034e-02	-8.052582e+00
4.104000e-05	2.549230e-02	-7.929387e+00
4.105000e-05	2.427935e-02	-7.797846e+00
4.106000e-05	2.144575e-02	-7.652956e+00
4.107000e-05	2.241616e-02	-7.466189e+00
4.108000e-05	2.381505e-02	-7.358867e+00
4.109000e-05	2.241202e-02	-7.252525e+00
4.110000e-05	2.078445e-02	-7.086214e+00
4.111000e-05	1.988479e-02	-6.935237e+00
4.112000e-05	1.903619e-02	-6.789424e+00
4.113000e-05	1.851639e-02	-6.662604e+00
4.114000e-05	1.744639e-02	-6.525238e+00
4.115000e-05	1.783461e-02	-6.388895e+00
4.116000e-05	1.618512e-02	-6.188974e+00
4.117000e-05	1.446031e-02	-6.040505e+00
4.118000e-05	1.252050e-02	-5.862684e+00
4.119000e-05	1.231395e-02	-5.737919e+00
4.120000e-05	1.175975e-02	-5.589395e+00
4.121000e-05	1.067926e-02	-5.386947e+00
4.122000e-05	1.067001e-02	-5.208896e+00
4.123000e-05	9.427337e-03	-5.010025e+00
4.124000e-05	8.124932e-03	-4.828578e+00
4.125000e-05	5.652791e-03	-4.601049e+00
4.126000e-05	6.146380e-03	-4.473134e+00
4.127000e-05	5.590766e-03	-4.327238e+00
4.128000e-05	4.698128e-03	-4.207894e+00
4.129000e-05	5.081528e-03	-4.030904e+00
4.130000e-05	3.893187e-03	-3.818952e+00
4.131000e-05	4.501647e-03	-3.642028e+00
4.132000e-05	2.309290e-03	-3.472059e+00
4.133000e-05	2.714127e-03	-3.262560e+00
4.134000e-05	2.830582e-03	-3.103113e+00
4.135000e-05	1.188548e-03	-2.892533e+00
4.136000e-05	1.687693e-03	-2.713638e+00
4.137000e-05	-4.708500e-04	-2.546243e+00
4.138000e-05	6.035677e-04	-2.366895e+00
4.139000e-05	-4.495578e-04	-2.134240e+00
4.140000e-05	1.230381e-03	-1.957371e+00
4.141000e-05	-7.873135e-04	-1.817925e+00
4.142000e-05	5.317436e-05	-1.630977e+00
4.143000e-05	-1.329929e-03	-1.418351e+00
4.144000e-05	-8.685483e-04	-1.154776e+00
4.145000e-05	-3.018982e-03	-9.784199e-01
4.146000e-05	-2.093207e-03	-8.099299e-01
4.147000e-05	-2.480072e-03	-6.284011e-01
4.148000e-05	-2.233362e-03	-4.189249e-01
4.149000e-05	-2.410894e-03	-2.105038e-01
4.150000e-05	4.835577e-04	-6.055520e-02
4.151000e-05	3.562620e-03	1.485184e-01
4.152000e-05	-2.014334e-03	3.289199e-01
4.153000e-05	9.983209e-04	4.763169e-01
4.154000e-05	-1.920771e-03	6.757119e-01
4.155000e-05	-2.452640e-03	8.006265e-01
4.156000e-05	-4.601137e-03	1.015158e+00
4.157000e-05	1.952299e-03	1.224204e+00
4.158000e-05	1.477263e-02	1.421675e+00
4.159000e-05	6.237369e-02	1.654833e+00
4.160000e-05	8.588235e-03	1.887863e+00
4.161000e-05	-5.734520e-02	2.065314e+00
4.162000e-05	-3.381976e-02	2.235282e+00
4.163000e-05	-6.555596e-02	2.410600e+00
4.164000e-05	-2.785883e-02	2.499494e+00
4.165000e-05	1.399753e-01	2.758419e+00
4.166000e-05	-7.380055e-02	2.896938e+00
4.167000e-05	-2.595037e-02	3.022228e+00
4.168000e-05	1.121086e-01	3.233053e+00
4.169000e-05	-1.178621e-01	3.465282e+00
4.170000e-05	1.913248e-02	3.601598e+00
4.171000e-05	5.824183e-02	3.731121e+00
4.172000e-05	-1.057951e-01	3.959467e+00
4.173000e-05	5.336115e-02	4.109935e+00
4.174000e-05	2.781870e-02	4.360419e+00
4.175000e-05	-4.129196e-02	4.484854e+00
4.176000e-05	2.689148e-03	4.646811e+00
4.177000e-05	-5.528900e-02	4.843778e+00
4.178000e-05	1.711556e-02	5.107311e+00
4.179000e-05	2.619881e-02	5.276337e+00
4.180000e-05	-1.912188e-03	5.433728e+00
4.181000e-05	-2.191328e-02	5.622098e+00
4.182000e-05	-1.773380e-02	5.742045e+00
4.183000e-05	1.264133e-02	5.969994e+00
4.184000e-05	-3.605651e-02	6.057440e+00
4.185000e-05	5.408902e-03	6.225204e+00
4.186000e-05	1.591618e-02	6.402523e+00
4.187000e-05	-3.188914e-02	6.481490e+00
4.188000e-05	1.113964e-02	6.718966e+00
4.189000e-05	-2.435593e-02	6.864756e+00
4.190000e-05	-9.066747e-03	7.012625e+00
4.191000e-05	-4.055888e-03	7.077940e+00
4.192000e-05	-7.862569e-03	7.253829e+00
4.193000e-05	5.601071e-03	7.402670e+00
4.194000e-05	-2.082763e-02	7.611547e+00
4.195000e-05	-8.415713e-03	7.717888e+00
4.196000e-05	-1.756406e-02	7.837757e+00
4.197000e-05	-7.331414e-04	7.992148e+00
4.198000e-05	-6.283160e-03	8.168946e+00
4.199000e-05	-1.298517e-02	8.275281e+00
4.200000e-05	-1.232363e-03	8.340474e+00
4.201000e-05	-1.061658e-02	8.434232e+00
4.202000e-05	-1.464913e-02	8.529414e+00
4.203000e-05	-1.895109e-02	8.633731e+00
4.204000e-05	-6.832755e-03	8.777841e+00
4.205000e-05	-2.548424e-03	8.873674e+00
4.206000e-05	-9.352278e-03	8.919412e+00
4.207000e-05	-1.400013e-02	9.034230e+00
4.208000e-05	-1.390204e-02	9.169022e+00
4.209000e-05	-1.093095e-02	9.224131e+00
4.210000e-05	-1.066956e-02	9.308261e+00
4.211000e-05	-1.087063e-02	9.401572e+00
4.212000e-05	-9.069601e-03	9.455332e+00
4.213000e-05	-1.360364e-02	9.528339e+00
4.214000e-05	-1.569755e-02	9.602122e+00
4.215000e-05	-1.469576e-02	9.694183e+00
4.216000e-05	-1.309167e-02	9.710440e+00
4.217000e-05	-1.199309e-02	9.773648e+00
4.218000e-05	-1.026140e-02	9.885788e+00
4.219000e-05	-1.047726e-02	9.939467e+00
4.220000e-05	-1.413076e-02	1.001205e+01
4.221000e-05	-1.774159e-02	1.002368e+01
4.222000e-05	-1.614319e-02	1.005426e+01
4.223000e-05	-1.283949e-02	1.011784e+01
4.224000e-05	-1.297405e-02	1.013794e+01
4.225000e-05	-1.489549e-02	1.017852e+01
4.226000e-05	-1.562333e-02	1.021312e+01
4.227000e-05	-1.691051e-02	1.022265e+01
4.228000e-05	-1.600516e-02	1.020215e+01
4.229000e-05	-1.638672e-02	1.025521e+01
4.230000e-05	-1.613364e-02	1.024580e+01
4.231000e-05	-1.385815e-02	1.026528e+01
4.232000e-05	-1.701849e-02	1.030571e+01
4.233000e-05	-1.912437e-02	1.027581e+01
4.234000e-05	-2.088996e-02	1.029423e+01
4.235000e-05	-1.848731e-02	1.028684e+01
4.236000e-05	-1.856642e-02	1.023571e+01
4.237000e-05	-1.800712e-02	1.027374e+01
4.238000e-05	-1.990057e-02	1.024423e+01
4.239000e-05	-2.008590e-02	1.020266e+01
4.240000e-05	-2.238564e-02	1.020207e+01
4.241000e-05	-2.246484e-02	1.013052e+01
4.242000e-05	-2.359391e-02	1.012892e+01
4.243000e-05	-2.266992e-02	1.012739e+01
4.244000e-05	-2.477849e-02	1.006526e+01
4.245000e-05	-2.501990e-02	1.004368e+01
4.246000e-05	-2.548866e-02	1.002157e+01
4.247000e-05	-2.718589e-02	9.959420e+00
4.248000e-05	-2.734804e-02	9.897438e+00
4.249000e-05	-2.626785e-02	9.801107e+00
4.250000e-05	-2.705515e-02	9.730921e+00
4.251000e-05	-2.904623e-02	9.706935e+00
4.252000e-05	-2.959087e-02	9.640529e+00
4.253000e-05	-3.043605e-02	9.557895e+00
4.254000e-05	-2.934425e-02	9.486283e+00
4.255000e-05	-2.910632e-02	9.403025e+00
4.256000e-05	-3.010636e-02	9.337818e+00
4.257000e-05	-3.109371e-02	9.264234e+00
4.258000e-05	-3.147718e-02	9.200477e+00
4.259000e-05	-3.228338e-02	9.087786e+00
4.260000e-05	-3.098999e-02	8.992046e+00
4.261000e-05	-3.260958e-02	8.893759e+00
4.262000e-05	-3.192257e-02	8.779525e+00
4.263000e-05	-3.265959e-02	8.696258e+00
4.264000e-05	-3.059176e-02	8.591500e+00
4.265000e-05	-3.308649e-02	8.505735e+00
4.266000e-05	-3.096856e-02	8.401054e+00
4.267000e-05	-3.233965e-02	8.326312e+00
4.268000e-05	-3.028342e-02	8.180399e+00
4.269000e-05	-3.206198e-02	8.083154e+00
4.270000e-05	-3.026020e-02	7.948317e+00
4.271000e-05	-3.083597e-02	7.781025e+00
4.272000e-05	-2.917104e-02	7.655235e+00
4.273000e-05	-2.959891e-02	7.528415e+00
4.274000e-05	-2.938279e-02	7.407443e+00
4.275000e-05	-2.849754e-02	7.200050e+00
4.276000e-05	-2.709437e-02	7.044206e+00
4.277000e-05	-2.662388e-02	6.937365e+00
4.278000e-05	-2.652715e-02	6.821053e+00
4.279000e-05	-2.580191e-02	6.675183e+00
4.280000e-05	-2.471309e-02	6.513737e+00
4.281000e-05	-2.339185e-02	6.326816e+00
4.282000e-05	-2.209581e-02	6.191001e+00
4.283000e-05	-2.120300e-02	6.072683e+00
4.284000e-05	-2.008378e-02	5.927918e+00
4.285000e-05	-2.045120e-02	5.716221e+00
4.286000e-05	-1.841667e-02	5.578469e+00
4.287000e-05	-1.815259e-02	5.440549e+00
4.288000e-05	-1.767507e-02	5.232027e+00
4.289000e-05	-1.652453e-02	5.023074e+00
4.290000e-05	-1.537271e-02	4.810976e+00
4.291000e-05	-1.364681e-02	4.653080e+00
4.292000e-05	-1.315899e-02	4.514711e+00
4.293000e-05	-1.326616e-02	4.358818e+00
4.294000e-05	-1.122991e-02	4.137286e+00
4.295000e-05	-1.174928e-02	3.977899e+00
4.296000e-05	-1.129823e-02	3.809001e+00
4.297000e-05	-1.146344e-02	3.621057e+00
4.298000e-05	-1.100722e-02	3.493658e+00
4.299000e-05	-9.407615e-03	3.291055e+00
4.300000e-05	-9.376660e-03	3.094163e+00
4.301000e-05	-9.796645e-03	2.905237e+00
4.302000e-05	-9.627079e-03	2.776816e+00
4.303000e-05	-8.885279e-03	2.524790e+00
4.304000e-05	-7.535519e-03	2.334240e+00
4.305000e-05	-8.670940e-03	2.156866e+00
4.306000e-05	-6.976537e-03	2.007425e+00
4.307000e-05	-6.704611e-03	1.809425e+00
4.308000e-05	-5.999168e-03	1.588400e+00
4.309000e-05	-6.508011e-03	1.380923e+00
4.310000e-05	-6.437541e-03	1.220453e+00
4.311000e-05	-5.899165e-03	9.458173e-01
4.312000e-05	-5.677212e-03	7.669172e-01
4.313000e-05	-5.837407e-03	6.069223e-01
4.314000e-05	-4.778669e-03	4.204514e-01
4.315000e-05	-4.212327e-03	2.380751e-01
4.316000e-05	-3.198577e-03	4.748096e-04
4.317000e-05	2.973500e-03	-1.574674e-01
4.318000e-05	-3.883204e-04	-3.158397e-01
4.319000e-05	-1.253294e-03	-4.838605e-01
4.320000e-05	-1.188637e-03	-6.868886e-01
4.321000e-05	-2.077134e-03	-8.537041e-01
4.322000e-05	-1.012772e-03	-1.021628e+00
4.323000e-05	2.834652e-03	-1.211574e+00
4.324000e-05	3.041471e-02	-1.372522e+00
4.325000e-05	7.882374e-02	-1.601124e+00
4.326000e-05	-4.495686e-02	-1.814201e+00
4.327000e-05	-3.177499e-02	-2.056808e+00
4.328000e-05	-5.806546e-02	-2.337420e+00
4.329000e-05	-6.536670e-02	-2.474630e+00
4.330000e-05	1.391865e-01	-2.516842e+00
4.331000e-05	-7.817672e-03	-2.664837e+00
4.332000e-05	-9.514530e-02	-2.877461e+00
4.333000e-05	1.739724e-01	-3.115788e+00
4.334000e-05	-1.198016e-01	-3.265283e+00
4.335000e-05	-3.609581e-02	-3.474787e+00
4.336000e-05	1.428339e-01	-3.628571e+00
4.337000e-05	-1.327396e-01	-3.783226e+00
4.338000e-05	2.728573e-02	-4.001046e+00
4.339000e-05	1.080170e-01	-4.128468e+00
4.340000e-05	-9.106282e-02	-4.368519e+00
4.341000e-05	7.869258e-02	-4.476284e+00
4.342000e-05	-1.170378e-01	-4.653833e+00
4.343000e-05	9.194665e-03	-4.874233e+00
4.344000e-05	1.246841e-01	-5.033624e+00
4.345000e-05	-7.940706e-02	-5.181604e+00
4.346000e-05	4.901286e-02	-5.391654e+00
4.347000e-05	-4.280981e-02	-5.581625e+00
4.348000e-05	2.415659e-02	-5.760020e+00
4.349000e-05	1.673077e-02	-5.936338e+00
4.350000e-05	-5.969952e-02	-6.045778e+00
4.351000e-05	1.073199e-01	-6.153150e+00
4.352000e-05	-6.418641e-02	-6.361598e+00
4.353000e-05	2.520565e-02	-6.548467e+00
4.354000e-05	2.179398e-02	-6.664779e+00
4.355000e-05	-4.126366e-02	-6.814723e+00
4.356000e-05	5.640446e-02	-6.971621e+00
4.357000e-05	-5.804378e-02	-7.109518e+00
4.358000e-05	7.159332e-02	-7.244307e+00
4.359000e-05	-5.031433e-03	-7.392676e+00
4.360000e-05	-1.780008e-02	-7.548996e+00
4.361000e-05	1.505660e-02	-7.686911e+00
4.362000e-05	-2.018949e-02	-7.875812e+00
4.363000e-05	4.995505e-02	-8.021596e+00
4.364000e-05	-2.902509e-02	-8.068414e+00
4.365000e-05	3.500651e-02	-8.202678e+00
4.366000e-05	6.643417e-03	-8.317419e+00
4.367000e-05	-7.179184e-03	-8.434106e+00
4.368000e-05	5.152658e-03	-8.518990e+00
4.369000e-05	-7.094707e-03	-8.666441e+00
4.370000e-05	4.011354e-02	-8.813073e+00
4.371000e-05	-1.167441e-02	-8.885784e+00
4.372000e-05	1.314976e-02	-8.961545e+00
4.373000e-05	4.472021e-04	-9.064782e+00
4.374000e-05	1.040575e-02	-9.127467e+00
4.375000e-05	4.417629e-03	-9.224198e+00
4.376000e-05	1.279657e-03	-9.278409e+00
4.377000e-05	2.366688e-02	-9.390048e+00
4.378000e-05	2.347347e-03	-9.477411e+00
4.379000e-05	1.019675e-02	-9.591094e+00
4.380000e-05	2.767354e-04	-9.674733e+00
4.381000e-05	1.052591e-02	-9.696336e+00
4.382000e-05	3.734753e-03	-9.739993e+00
4.383000e-05	1.145997e-02	-9.843700e+00
4.384000e-05	1.634371e-02	-9.864834e+00
4.385000e-05	7.205335e-03	-9.926866e+00
4.386000e-05	4.536892e-03	-9.971996e+00
4.387000e-05	3.232785e-03	-1.004210e+01
4.388000e-05	1.585561e-02	-1.004478e+01
4.389000e-05	1.195860e-02	-1.008679e+01
4.390000e-05	1.011652e-02	-1.012682e+01
4.391000e-05	8.342188e-03	-1.020207e+01
4.392000e-05	9.033716e-03	-1.017065e+01
4.393000e-05	8.733090e-03	-1.025413e+01
4.394000e-05	8.680965e-03	-1.022723e+01
4.395000e-05	1.163254e-02	-1.029685e+01
4.396000e-05	1.418206e-02	-1.028786e+01
4.397000e-05	1.406330e-02	-1.035731e+01
4.398000e-05	1.145573e-02	-1.033794e+01
4.399000e-05	1.103051e-02	-1.033899e+01
4.400000e-05	9.982429e-03	-1.031887e+01
4.401000e-05	1.137699e-02	-1.037799e+01
4.402000e-05	1.421398e-02	-1.024794e+01
4.403000e-05	1.710780e-02	-1.029632e+01
4.404000e-05	1.586667e-02	-1.029620e+01
4.405000e-05	1.284940e-02	-1.026273e+01
4.406000e-05	1.430182e-02	-1.024425e+01
4.407000e-05	1.771913e-02	-1.016057e+01
4.408000e-05	1.817923e-02	-1.017047e+01
4.409000e-05	1.859666e-02	-1.008841e+01
4.410000e-05	1.879560e-02	-1.010228e+01
4.411000e-05	1.847129e-02	-1.006318e+01
4.412000e-05	1.719564e-02	-1.005098e+01
4.413000e-05	1.874317e-02	-9.918891e+00
4.414000e-05	2.287423e-02	-9.907336e+00
4.415000e-05	2.365429e-02	-9.874182e+00
4.416000e-05	2.305939e-02	-9.812004e+00
4.417000e-05	2.227361e-02	-9.729441e+00
4.418000e-05	2.336126e-02	-9.694183e+00
4.419000e-05	2.245401e-02	-9.642204e+00
4.420000e-05	2.368884e-02	-9.602020e+00
4.421000e-05	2.462037e-02	-9.495262e+00
4.422000e-05	2.599103e-02	-9.413021e+00
4.423000e-05	2.584552e-02	-9.306260e+00
4.424000e-05	2.484254e-02	-9.230580e+00
4.425000e-05	2.495114e-02	-9.108859e+00
4.426000e-05	2.548035e-02	-9.032079e+00
4.427000e-05	2.645687e-02	-8.926965e+00
4.428000e-05	2.697627e-02	-8.864733e+00
4.429000e-05	2.643235e-02	-8.789399e+00
4.430000e-05	2.534856e-02	-8.625233e+00
4.431000e-05	2.478116e-02	-8.546816e+00
4.432000e-05	2.484857e-02	-8.419605e+00
4.433000e-05	2.672436e-02	-8.325263e+00
4.434000e-05	2.638221e-02	-8.232055e+00
4.435000e-05	2.571333e-02	-8.115787e+00
4.436000e-05	2.444867e-02	-7.982044e+00
4.437000e-05	2.377740e-02	-7.863132e+00
4.438000e-05	2.323988e-02	-7.682209e+00
4.439000e-05	2.214167e-02	-7.568864e+00
4.440000e-05	2.243984e-02	-7.388526e+00
4.441000e-05	2.221911e-02	-7.283110e+00
4.442000e-05	2.154183e-02	-7.179268e+00
4.443000e-05	1.934866e-02	-7.000096e+00
4.444000e-05	1.903862e-02	-6.841578e+00
4.445000e-05	1.889833e-02	-6.726237e+00
4.446000e-05	1.853003e-02	-6.548443e+00
4.447000e-05	1.823378e-02	-6.421600e+00
4.448000e-05	1.767320e-02	-6.265259e+00
4.449000e-05	1.499215e-02	-6.113786e+00
4.450000e-05	1.266759e-02	-5.947315e+00
4.451000e-05	1.195399e-02	-5.800020e+00
4.452000e-05	1.221306e-02	-5.632103e+00
4.453000e-05	1.226717e-02	-5.492660e+00
4.454000e-05	1.018513e-02	-5.263657e+00
4.455000e-05	9.328424e-03	-5.093586e+00
4.456000e-05	7.969483e-03	-4.886187e+00
4.457000e-05	7.335106e-03	-4.704185e+00
4.458000e-05	5.909919e-03	-4.535342e+00
4.459000e-05	7.061494e-03	-4.368922e+00
4.460000e-05	5.804553e-03	-4.281503e+00
4.461000e-05	6.363222e-03	-4.052582e+00
4.462000e-05	4.494204e-03	-3.916414e+00
4.463000e-05	3.909433e-03	-3.722763e+00
4.464000e-05	2.581826e-03	-3.555213e+00
4.465000e-05	3.216212e-03	-3.356292e+00
4.466000e-05	3.420762e-03	-3.207997e+00
4.467000e-05	2.602861e-03	-3.005351e+00
4.468000e-05	1.214049e-03	-2.787950e+00
4.469000e-05	8.439373e-05	-2.637504e+00
4.470000e-05	-1.026618e-03	-2.441054e+00
4.471000e-05	4.999811e-04	-2.282082e+00
4.472000e-05	-8.924998e-05	-2.050079e+00
4.473000e-05	7.812220e-04	-1.863080e+00
4.474000e-05	-6.080106e-04	-1.684113e+00
4.475000e-05	-1.202132e-03	-1.534286e+00
4.476000e-05	-2.177800e-03	-1.222605e+00
4.477000e-05	-2.473783e-03	-1.081534e+00
4.478000e-05	-1.947927e-03	-8.741290e-01
4.479000e-05	-2.367828e-03	-6.737868e-01
4.480000e-05	-2.135198e-03	-4.721366e-01
4.481000e-05	-3.308963e-03	-3.236880e-01
4.482000e-05	-1.760908e-03	-1.042930e-01
4.483000e-05	3.183617e-03	3.320534e-02
4.484000e-05	1.161031e-03	2.742319e-01
4.485000e-05	-1.035857e-03	4.226327e-01
4.486000e-05	1.088726e-03	5.810989e-01
4.487000e-05	-3.732430e-03	7.599936e-01
4.488000e-05	-2.497976e-03	9.204661e-01
4.489000e-05	-1.112077e-03	1.150519e+00
4.490000e-05	5.491568e-03	1.356942e+00
4.491000e-05	4.236031e-02	1.559020e+00
4.492000e-05	4.976218e-02	1.812177e+00
4.493000e-05	-4.510235e-02	2.011625e+00
4.494000e-05	-3.861439e-02	2.181046e+00
4.495000e-05	-4.830137e-02	2.339970e+00
4.496000e-05	-6.911882e-02	2.493283e+00
4.497000e-05	8.395674e-02	2.625284e+00
4.498000e-05	5.890776e-02	2.853657e+00
4.499000e-05	-1.309941e-01	2.979499e+00
4.500000e-05	1.246107e-01	3.127941e+00
4.501000e-05	-4.393154e-02	3.330045e+00
4.502000e-05	-7.160841e-02	3.536945e+00
4.503000e-05	9.444052e-02	3.656236e+00
4.504000e-05	-5.601996e-02	3.885383e+00
4.505000e-05	-3.864321e-02	4.014177e+00
4.506000e-05	8.011183e-02	4.216311e+00
4.507000e-05	-4.332426e-02	4.422207e+00
4.508000e-05	-3.887818e-04	4.571598e+00
4.509000e-05	-3.387256e-02	4.771048e+00
4.510000e-05	-2.988634e-02	5.001602e+00
4.511000e-05	4.230240e-02	5.233045e+00
4.512000e-05	1.844786e-03	5.380050e+00
4.513000e-05	-3.390938e-03	5.516443e+00
4.514000e-05	-3.323346e-02	5.687938e+00
4.515000e-05	1.251548e-02	5.896313e+00
4.516000e-05	-1.899918e-02	6.034158e+00
4.517000e-05	-2.263837e-02	6.150049e+00
4.518000e-05	3.312488e-02	6.328417e+00
4.519000e-05	-2.566482e-02	6.475234e+00
4.520000e-05	-6.570382e-03	6.623732e+00
4.521000e-05	-7.594084e-03	6.814098e+00
4.522000e-05	-2.124532e-02	6.919920e+00
4.523000e-05	2.351531e-03	7.054757e+00
4.524000e-05	-1.120219e-02	7.214074e+00
4.525000e-05	2.997313e-03	7.339392e+00
4.526000e-05	-1.001341e-02	7.509886e+00
4.527000e-05	-1.509475e-02	7.634733e+00
4.528000e-05	-1.051901e-02	7.762624e+00
4.529000e-05	-1.235545e-02	7.931468e+00
4.530000e-05	-1.109388e-04	8.124384e+00
4.531000e-05	-1.421613e-02	8.192174e+00
4.532000e-05	-3.622391e-03	8.278942e+00
4.533000e-05	-4.001292e-03	8.433627e+00
4.534000e-05	-1.775241e-02	8.476839e+00
4.535000e-05	-1.703975e-02	8.573101e+00
4.536000e-05	-1.397660e-02	8.695886e+00
4.537000e-05	1.879524e-03	8.801971e+00
4.538000e-05	-6.882460e-03	8.865281e+00
4.539000e-05	-1.390541e-02	8.990169e+00
4.540000e-05	-1.601583e-02	9.128465e+00
4.541000e-05	-1.265178e-02	9.233101e+00
4.542000e-05	-1.004501e-02	9.263832e+00
4.543000e-05	-1.220637e-02	9.328965e+00
4.544000e-05	-7.145824e-03	9.412656e+00
4.545000e-05	-1.174171e-02	9.467810e+00
4.546000e-05	-1.382521e-02	9.599523e+00
4.547000e-05	-1.522832e-02	9.614704e+00
4.548000e-05	-1.369068e-02	9.678312e+00
4.549000e-05	-1.433256e-02	9.843045e+00
4.550000e-05	-1.128679e-02	9.805222e+00
4.551000e-05	-8.964143e-03	9.887471e+00
4.552000e-05	-1.312269e-02	1.000102e+01
4.553000e-05	-1.658877e-02	1.004520e+01
4.554000e-05	-1.792519e-02	1.005376e+01
4.555000e-05	-1.302081e-02	1.007729e+01
4.556000e-05	-1.256118e-02	1.010787e+01
4.557000e-05	-1.424313e-02	1.012994e+01
4.558000e-05	-1.497192e-02	1.017205e+01
4.559000e-05	-1.702454e-02	1.019057e+01
4.560000e-05	-1.641300e-02	1.020270e+01
4.561000e-05	-1.732005e-02	1.023168e+01
4.562000e-05	-1.621074e-02	1.022423e+01
4.563000e-05	-1.489651e-02	1.025426e+01
4.564000e-05	-1.467786e-02	1.028731e+01
4.565000e-05	-1.865965e-02	1.025531e+01
4.566000e-05	-1.993564e-02	1.029683e+01
4.567000e-05	-1.975100e-02	1.024579e+01
4.568000e-05	-1.835206e-02	1.026578e+01
4.569000e-05	-1.879675e-02	1.025368e+01
4.570000e-05	-1.949077e-02	1.021373e+01
4.571000e-05	-2.052629e-02	1.027271e+01
4.572000e-05	-2.242040e-02	1.018150e+01
4.573000e-05	-2.249572e-02	1.020210e+01
4.574000e-05	-2.353403e-02	1.013845e+01
4.575000e-05	-2.263333e-02	1.011684e+01
4.576000e-05	-2.344803e-02	1.006586e+01
4.577000e-05	-2.410259e-02	1.007570e+01
4.578000e-05	-2.464705e-02	1.001160e+01
4.579000e-05	-2.696102e-02	1.000005e+01
4.580000e-05	-2.785975e-02	9.957841e+00
4.581000e-05	-2.740643e-02	9.876704e+00
4.582000e-05	-2.584981e-02	9.742121e+00
4.583000e-05	-2.800376e-02	9.708315e+00
4.584000e-05	-2.953119e-02	9.673678e+00
4.585000e-05	-3.027078e-02	9.591525e+00
4.586000e-05	-3.099472e-02	9.495365e+00
4.587000e-05	-3.109855e-02	9.454152e+00
4.588000e-05	-3.071197e-02	9.340897e+00
4.589000e-05	-2.909396e-02	9.276259e+00
4.590000e-05	-3.086153e-02	9.253150e+00
4.591000e-05	-3.111384e-02	9.138967e+00
4.592000e-05	-3.265748e-02	9.021055e+00
4.593000e-05	-3.234731e-02	8.929367e+00
4.594000e-05	-3.237369e-02	8.841575e+00
4.595000e-05	-3.117901e-02	8.748367e+00
4.596000e-05	-3.127151e-02	8.611586e+00
4.597000e-05	-3.244354e-02	8.569517e+00
4.598000e-05	-3.169254e-02	8.462628e+00
4.599000e-05	-3.249589e-02	8.378393e+00
4.600000e-05	-3.151734e-02	8.171604e+00
4.601000e-05	-3.147877e-02	8.084335e+00
4.602000e-05	-2.999732e-02	7.999968e+00
4.603000e-05	-3.082575e-02	7.814602e+00
4.604000e-05	-2.936522e-02	7.736366e+00
4.605000e-05	-3.075001e-02	7.570442e+00
4.606000e-05	-2.980154e-02	7.454657e+00
4.607000e-05	-2.862344e-02	7.273157e+00
4.608000e-05	-2.712658e-02	7.137417e+00
4.609000e-05	-2.737764e-02	6.990004e+00
4.610000e-05	-2.707816e-02	6.913085e+00
4.611000e-05	-2.651039e-02	6.768390e+00
4.612000e-05	-2.511615e-02	6.557847e+00
4.613000e-05	-2.368231e-02	6.430999e+00
4.614000e-05	-2.282960e-02	6.283634e+00
4.615000e-05	-2.148143e-02	6.136366e+00
4.616000e-05	-2.143231e-02	5.990975e+00
4.617000e-05	-2.038435e-02	5.842483e+00
4.618000e-05	-1.971372e-02	5.642053e+00
4.619000e-05	-1.942834e-02	5.475188e+00
4.620000e-05	-1.833083e-02	5.326365e+00
4.621000e-05	-1.663364e-02	5.146341e+00
4.622000e-05	-1.537837e-02	4.923683e+00
4.623000e-05	-1.474087e-02	4.716814e+00
4.624000e-05	-1.451210e-02	4.597946e+00
4.625000e-05	-1.314568e-02	4.420073e+00
4.626000e-05	-1.294593e-02	4.248574e+00
4.627000e-05	-1.199671e-02	4.072028e+00
4.628000e-05	-1.176237e-02	3.872058e+00
4.629000e-05	-1.164952e-02	3.695164e+00
4.630000e-05	-1.112153e-02	3.578446e+00
4.631000e-05	-1.056521e-02	3.333749e+00
4.632000e-05	-1.029718e-02	3.137921e+00
4.633000e-05	-9.163353e-03	2.988949e+00
4.634000e-05	-9.461993e-03	2.821551e+00
4.635000e-05	-8.829858e-03	2.631050e+00
4.636000e-05	-8.088808e-03	2.439025e+00
4.637000e-05	-7.717236e-03	2.211529e+00
4.638000e-05	-8.240867e-03	2.042084e+00
4.639000e-05	-7.463730e-03	1.875637e+00
4.640000e-05	-6.366830e-03	1.692580e+00
4.641000e-05	-6.056803e-03	1.443190e+00
4.642000e-05	-6.900837e-03	1.294110e+00
4.643000e-05	-6.196590e-03	1.082734e+00
4.644000e-05	-5.690474e-03	8.511051e-01
4.645000e-05	-5.381858e-03	6.625342e-01
4.646000e-05	-5.447144e-03	5.030855e-01
4.647000e-05	-4.505305e-03	3.157406e-01
4.648000e-05	-4.193365e-03	4.266171e-02
4.649000e-05	1.078261e-03	-9.585685e-02
4.650000e-05	2.036348e-03	-2.233068e-01
4.651000e-05	-2.310387e-03	-4.210725e-01
4.652000e-05	6.947863e-04	-6.120938e-01
4.653000e-05	-2.216564e-03	-8.000263e-01
4.654000e-05	-5.272372e-04	-9.289224e-01
4.655000e-05	-6.943094e-04	-1.095863e+00
4.656000e-05	1.176286e-02	-1.305485e+00
4.657000e-05	7.113011e-02	-1.507361e+00
4.658000e-05	1.870501e-02	-1.687442e+00
4.659000e-05	-6.033980e-02	-1.948997e+00
4.660000e-05	-2.395009e-02	-2.234783e+00
4.661000e-05	-9.593139e-02	-2.432148e+00
4.662000e-05	5.251843e-02	-2.515242e+00
4.663000e-05	1.149889e-01	-2.601023e+00
4.664000e-05	-1.409895e-01	-2.813182e+00
4.665000e-05	9.628476e-02	-3.023125e+00
4.666000e-05	3.006800e-02	-3.160999e+00
4.667000e-05	-1.521083e-01	-3.392069e+00
4.668000e-05	1.338775e-01	-3.547395e+00
4.669000e-05	-1.295895e-02	-3.716385e+00
4.670000e-05	-1.088198e-01	-3.947438e+00
4.671000e-05	1.616502e-01	-4.084758e+00
4.672000e-05	-5.567947e-02	-4.244735e+00
4.673000e-05	1.973129e-02	-4.413676e+00
4.674000e-05	-1.041510e-02	-4.578548e+00
4.675000e-05	-1.118261e-01	-4.811646e+00
4.676000e-05	1.519381e-01	-4.969969e+00
4.677000e-05	-1.891825e-02	-5.098340e+00
4.678000e-05	-1.871304e-02	-5.338485e+00
4.679000e-05	2.613518e-02	-5.497467e+00
4.680000e-05	-4.710943e-02	-5.697312e+00
4.681000e-05	7.186443e-02	-5.843728e+00
4.682000e-05	-7.840762e-02	-5.961573e+00
4.683000e-05	6.093628e-02	-6.179412e+00
4.684000e-05	2.291200e-02	-6.316367e+00
4.685000e-05	-5.857663e-02	-6.464758e+00
4.686000e-05	7.605881e-02	-6.622124e+00
4.687000e-05	-5.933704e-02	-6.750572e+00
4.688000e-05	4.514802e-02	-6.906386e+00
4.689000e-05	-2.177478e-02	-7.095361e+00
4.690000e-05	2.866567e-03	-7.252600e+00
4.691000e-05	6.348935e-02	-7.337994e+00
4.692000e-05	-5.017166e-02	-7.495339e+00
4.693000e-05	3.049994e-02	-7.633200e+00
4.694000e-05	-2.858670e-02	-7.781649e+00
4.695000e-05	3.674864e-02	-7.979444e+00
4.696000e-05	1.867141e-03	-8.054705e+00
4.697000e-05	-7.054059e-03	-8.190096e+00
4.698000e-05	3.910134e-02	-8.295808e+00
4.699000e-05	-2.158226e-02	-8.412049e+00
4.700000e-05	1.698567e-02	-8.479886e+00
4.701000e-05	-1.618164e-02	-8.632831e+00
4.702000e-05	3.185601e-02	-8.778519e+00
4.703000e-05	9.016568e-03	-8.834256e+00
4.704000e-05	-3.566409e-03	-8.938994e+00
4.705000e-05	1.203289e-02	-9.031703e+00
4.706000e-05	-6.333064e-04	-9.136391e+00
4.707000e-05	1.640898e-02	-9.211047e+00
4.708000e-05	-6.669504e-03	-9.255730e+00
4.709000e-05	2.055130e-02	-9.350820e+00
4.710000e-05	9.535401e-03	-9.426255e+00
4.711000e-05	6.517989e-03	-9.550966e+00
4.712000e-05	4.506261e-03	-9.633654e+00
4.713000e-05	5.985283e-03	-9.666238e+00
4.714000e-05	9.318054e-03	-9.750041e+00
4.715000e-05	5.251294e-03	-9.801100e+00
4.716000e-05	1.680480e-02	-9.874260e+00
4.717000e-05	1.101564e-02	-9.926365e+00
4.718000e-05	6.387479e-03	-9.988417e+00
4.719000e-05	1.776768e-03	-9.971124e+00
4.720000e-05	1.141279e-02	-1.005513e+01
4.721000e-05	1.442853e-02	-1.007633e+01
4.722000e-05	9.832408e-03	-1.010844e+01
4.723000e-05	8.838719e-03	-1.012999e+01
4.724000e-05	9.310275e-03	-1.016957e+01
4.725000e-05	1.160249e-02	-1.025120e+01
4.726000e-05	9.289370e-03	-1.025265e+01
4.727000e-05	9.258007e-03	-1.028378e+01
4.728000e-05	1.246909e-02	-1.031531e+01
4.729000e-05	1.362527e-02	-1.029731e+01
4.730000e-05	1.147035e-02	-1.030737e+01
4.731000e-05	1.062532e-02	-1.037844e+01
4.732000e-05	1.078742e-02	-1.036797e+01
4.733000e-05	1.225474e-02	-1.033689e+01
4.734000e-05	1.334554e-02	-1.030642e+01
4.735000e-05	1.590296e-02	-1.031539e+01
4.736000e-05	1.683389e-02	-1.028436e+01
4.737000e-05	1.434966e-02	-1.029676e+01
4.738000e-05	1.268792e-02	-1.024213e+01
4.739000e-05	1.538566e-02	-1.018165e+01
4.740000e-05	1.820254e-02	-1.015895e+01
4.741000e-05	1.871889e-02	-1.012889e+01
4.742000e-05	1.842792e-02	-1.011524e+01
4.743000e-05	1.940337e-02	-1.006526e+01
4.744000e-05	1.825885e-02	-1.005060e+01
4.745000e-05	1.859500e-02	-1.001002e+01
4.746000e-05	2.073773e-02	-9.877890e+00
4.747000e-05	2.215739e-02	-9.854759e+00
4.748000e-05	2.272575e-02	-9.801077e+00
4.749000e-05	2.181570e-02	-9.730524e+00
4.750000e-05	2.202282e-02	-9.705837e+00
4.751000e-05	2.233049e-02	-9.672181e+00
4.752000e-05	2.322923e-02	-9.620503e+00
4.753000e-05	2.381306e-02	-9.536890e+00
4.754000e-05	2.598422e-02	-9.432083e+00
4.755000e-05	2.625535e-02	-9.366894e+00
4.756000e-05	2.554317e-02	-9.272130e+00
4.757000e-05	2.428316e-02	-9.187916e+00
4.758000e-05	2.526365e-02	-9.063812e+00
4.759000e-05	2.577443e-02	-8.971495e+00
4.760000e-05	2.628898e-02	-8.884737e+00
4.761000e-05	2.672739e-02	-8.830029e+00
4.762000e-05	2.548579e-02	-8.717287e+00
4.763000e-05	2.549740e-02	-8.607079e+00
4.764000e-05	2.491619e-02	-8.473607e+00
4.765000e-05	2.639719e-02	-8.379420e+00
4.766000e-05	2.612925e-02	-8.233178e+00
4.767000e-05	2.607333e-02	-8.155895e+00
4.768000e-05	2.519256e-02	-8.063099e+00
4.769000e-05	2.402616e-02	-7.916837e+00
4.770000e-05	2.396497e-02	-7.737862e+00
4.771000e-05	2.264646e-02	-7.611075e+00
4.772000e-05	2.252879e-02	-7.473732e+00
4.773000e-05	2.330376e-02	-7.296392e+00
4.774000e-05	2.240933e-02	-7.230998e+00
4.775000e-05	2.081199e-02	-7.044757e+00
4.776000e-05	1.903382e-02	-6.904217e+00
4.777000e-05	2.004958e-02	-6.787945e+00
4.778000e-05	1.863239e-02	-6.622553e+00
4.779000e-05	1.807359e-02	-6.494209e+00
4.780000e-05	1.648650e-02	-6.358892e+00
4.781000e-05	1.708106e-02	-6.176995e+00
4.782000e-05	1.421694e-02	-5.999500e+00
4.783000e-05	1.284696e-02	-5.851581e+00
4.784000e-05	1.239820e-02	-5.712811e+00
4.785000e-05	1.235941e-02	-5.557895e+00
4.786000e-05	1.169734e-02	-5.374890e+00
4.787000e-05	1.003366e-02	-5.156421e+00
4.788000e-05	9.476242e-03	-4.988945e+00
4.789000e-05	7.066882e-03	-4.757397e+00
4.790000e-05	6.154099e-03	-4.599972e+00
4.791000e-05	7.356999e-03	-4.440633e+00
4.792000e-05	6.208257e-03	-4.313711e+00
4.793000e-05	4.865044e-03	-4.166822e+00
4.794000e-05	5.515523e-03	-3.990473e+00
4.795000e-05	2.485224e-03	-3.817900e+00
4.796000e-05	4.241615e-03	-3.618975e+00
4.797000e-05	2.331055e-03	-3.422473e+00
4.798000e-05	3.997034e-03	-3.272133e+00
4.799000e-05	2.046481e-03	-3.073135e+00
4.800000e-05	1.637504e-03	-2.862031e+00
4.801000e-05	-4.630250e-04	-2.714261e+00
4.802000e-05	-7.758414e-04	-2.524637e+00
4.803000e-05	1.416270e-03	-2.386420e+00
4.804000e-05	4.527253e-05	-2.123634e+00
4.805000e-05	1.322660e-03	-1.966243e+00
4.806000e-05	-8.924270e-04	-1.757920e+00
4.807000e-05	-1.045907e-04	-1.598850e+00
4.808000e-05	-2.405967e-03	-1.385794e+00
4.809000e-05	-2.199082e-03	-1.165313e+00
4.810000e-05	-2.675183e-03	-9.573957e-01
4.811000e-05	-1.524064e-03	-7.973999e-01
4.812000e-05	-1.856049e-03	-5.367970e-01
4.813000e-05	-2.249856e-03	-3.673947e-01
4.814000e-05	-2.850041e-03	-1.864762e-01
4.815000e-05	1.279446e-03	-1.950744e-02
4.816000e-05	2.574858e-03	1.105248e-01
4.817000e-05	-1.301960e-03	3.699987e-01
4.818000e-05	1.849799e-03	4.984423e-01
4.819000e-05	-2.169314e-03	6.858372e-01
4.820000e-05	-2.200019e-03	8.326789e-01
4.821000e-05	-4.457422e-03	1.038336e+00
4.822000e-05	2.352654e-03	1.253782e+00
4.823000e-05	1.893531e-02	1.424183e+00
4.824000e-05	6.473729e-02	1.687315e+00
4.825000e-05	-9.672729e-03	1.887466e+00
4.826000e-05	-5.226389e-02	2.087862e+00
4.827000e-05	-3.708360e-02	2.267362e+00
4.828000e-05	-6.998893e-02	2.421602e+00
4.829000e-05	-2.603626e-03	2.550026e+00
4.830000e-05	1.350351e-01	2.809471e+00
4.831000e-05	-1.065563e-01	2.896915e+00
4.832000e-05	2.016887e-02	3.075729e+00
4.833000e-05	7.587791e-02	3.225228e+00
4.834000e-05	-1.222491e-01	3.495312e+00
4.835000e-05	4.564911e-02	3.602604e+00
4.836000e-05	3.442524e-02	3.762119e+00
4.837000e-05	-9.760004e-02	3.979521e+00
4.838000e-05	7.268598e-02	4.130170e+00
4.839000e-05	2.931410e-03	4.370071e+00
4.840000e-05	-3.122088e-02	4.509341e+00
4.841000e-05	-3.596243e-03	4.686389e+00
4.842000e-05	-5.304391e-02	4.877868e+00
4.843000e-05	2.864874e-02	5.138960e+00
4.844000e-05	1.871552e-02	5.326836e+00
4.845000e-05	-2.033344e-03	5.435758e+00
4.846000e-05	-2.633112e-02	5.603603e+00
4.847000e-05	-7.413595e-03	5.781727e+00
4.848000e-05	6.982415e-03	5.991074e+00
4.849000e-05	-3.711079e-02	6.119440e+00
4.850000e-05	1.581151e-02	6.265806e+00
4.851000e-05	6.732151e-03	6.391548e+00
4.852000e-05	-2.683834e-02	6.541096e+00
4.853000e-05	7.180761e-03	6.748492e+00
4.854000e-05	-2.902970e-02	6.885790e+00
4.855000e-05	-4.114661e-03	7.003700e+00
4.856000e-05	-4.298450e-03	7.098515e+00
4.857000e-05	-2.418720e-03	7.277784e+00
4.858000e-05	1.908234e-03	7.422804e+00
4.859000e-05	-2.137517e-02	7.612600e+00
4.860000e-05	-8.234874e-03	7.740017e+00
4.861000e-05	-1.718156e-02	7.887811e+00
4.862000e-05	1.010354e-03	8.015208e+00
4.863000e-05	-1.058133e-02	8.189469e+00
4.864000e-05	-1.084070e-02	8.274884e+00
4.865000e-05	-1.179823e-03	8.371052e+00
4.866000e-05	-1.197827e-02	8.484780e+00
4.867000e-05	-1.579283e-02	8.550442e+00
4.868000e-05	-1.845743e-02	8.655731e+00
4.869000e-05	-4.035806e-03	8.758471e+00
4.870000e-05	-3.338596e-03	8.842154e+00
4.871000e-05	-9.089553e-03	8.889415e+00
4.872000e-05	-1.628556e-02	9.075832e+00
4.873000e-05	-1.436925e-02	9.159022e+00
4.874000e-05	-1.133563e-02	9.233678e+00
4.875000e-05	-1.140614e-02	9.328440e+00
4.876000e-05	-8.768712e-03	9.370574e+00
4.877000e-05	-1.011232e-02	9.456232e+00
4.878000e-05	-1.379478e-02	9.517470e+00
4.879000e-05	-1.581439e-02	9.591599e+00
4.880000e-05	-1.289652e-02	9.677783e+00
4.881000e-05	-1.412008e-02	9.719987e+00
4.882000e-05	-1.291888e-02	9.783247e+00
4.883000e-05	-1.025091e-02	9.897312e+00
4.884000e-05	-1.115610e-02	1.000792e+01
4.885000e-05	-1.555857e-02	9.992124e+00
4.886000e-05	-1.845762e-02	1.000220e+01
4.887000e-05	-1.528004e-02	1.006528e+01
4.888000e-05	-1.224638e-02	1.008833e+01
4.889000e-05	-1.405423e-02	1.015049e+01
4.890000e-05	-1.486151e-02	1.014152e+01
4.891000e-05	-1.605079e-02	1.019165e+01
4.892000e-05	-1.799469e-02	1.020308e+01
4.893000e-05	-1.603348e-02	1.023318e+01
4.894000e-05	-1.724472e-02	1.023528e+01
4.895000e-05	-1.569038e-02	1.029471e+01
4.896000e-05	-1.473924e-02	1.024626e+01
4.897000e-05	-1.646715e-02	1.028628e+01
4.898000e-05	-1.919987e-02	1.028726e+01
4.899000e-05	-2.034124e-02	1.029630e+01
4.900000e-05	-1.914764e-02	1.025481e+01
4.901000e-05	-1.874708e-02	1.025618e+01
4.902000e-05	-1.855074e-02	1.025521e+01
4.903000e-05	-1.942084e-02	1.025213e+01
4.904000e-05	-2.164570e-02	1.021308e+01
4.905000e-05	-2.267257e-02	1.020152e+01
4.906000e-05	-2.314474e-02	1.015055e+01
4.907000e-05	-2.197498e-02	1.012847e+01
4.908000e-05	-2.344000e-02	1.008681e+01
4.909000e-05	-2.393191e-02	1.007376e+01
4.910000e-05	-2.502559e-02	1.007370e+01
4.911000e-05	-2.479307e-02	1.001112e+01
4.912000e-05	-2.774319e-02	9.989919e+00
4.913000e-05	-2.728484e-02	9.885787e+00
4.914000e-05	-2.726497e-02	9.784501e+00
4.915000e-05	-2.630907e-02	9.731044e+00
4.916000e-05	-2.822310e-02	9.694711e+00
4.917000e-05	-2.942557e-02	9.662625e+00
4.918000e-05	-2.971464e-02	9.538843e+00
4.919000e-05	-2.942052e-02	9.435857e+00
4.920000e-05	-3.060642e-02	9.421526e+00
4.921000e-05	-3.074748e-02	9.316937e+00
4.922000e-05	-3.065021e-02	9.263707e+00
4.923000e-05	-3.046644e-02	9.191445e+00
4.924000e-05	-3.346483e-02	9.076807e+00
4.925000e-05	-3.000604e-02	8.981050e+00
4.926000e-05	-3.243552e-02	8.903733e+00
4.927000e-05	-3.085987e-02	8.768945e+00
4.928000e-05	-3.374641e-02	8.675635e+00
4.929000e-05	-3.058871e-02	8.570021e+00
4.930000e-05	-3.274887e-02	8.484261e+00
4.931000e-05	-3.073924e-02	8.400450e+00
4.932000e-05	-3.242789e-02	8.266258e+00
4.933000e-05	-3.076269e-02	8.128823e+00
4.934000e-05	-3.101151e-02	8.021602e+00
4.935000e-05	-3.044932e-02	7.905836e+00
4.936000e-05	-3.105348e-02	7.788944e+00
4.937000e-05	-3.041524e-02	7.652153e+00
4.938000e-05	-2.948422e-02	7.564385e+00
4.939000e-05	-2.966821e-02	7.336292e+00
4.940000e-05	-2.796619e-02	7.220023e+00
4.941000e-05	-2.774171e-02	7.041157e+00
4.942000e-05	-2.615484e-02	6.936867e+00
4.943000e-05	-2.677176e-02	6.788948e+00
4.944000e-05	-2.600415e-02	6.641577e+00
4.945000e-05	-2.432741e-02	6.493207e+00
4.946000e-05	-2.284370e-02	6.317319e+00
4.947000e-05	-2.218975e-02	6.199495e+00
4.948000e-05	-2.147759e-02	6.032553e+00
4.949000e-05	-2.080412e-02	5.917812e+00
4.950000e-05	-2.028834e-02	5.673816e+00
4.951000e-05	-1.934150e-02	5.558413e+00
4.952000e-05	-1.908023e-02	5.399519e+00
4.953000e-05	-1.710064e-02	5.209075e+00
4.954000e-05	-1.698620e-02	5.051024e+00
4.955000e-05	-1.423562e-02	4.830496e+00
4.956000e-05	-1.613718e-02	4.652031e+00
4.957000e-05	-1.413887e-02	4.462659e+00
4.958000e-05	-1.221616e-02	4.327391e+00
4.959000e-05	-1.210312e-02	4.134770e+00
4.960000e-05	-1.076923e-02	3.955316e+00
4.961000e-05	-1.239388e-02	3.788420e+00
4.962000e-05	-1.204625e-02	3.631000e+00
4.963000e-05	-1.111366e-02	3.461605e+00
4.964000e-05	-1.047582e-02	3.220526e+00
4.965000e-05	-8.938166e-03	3.082109e+00
4.966000e-05	-8.519649e-03	2.915237e+00
4.967000e-05	-8.944597e-03	2.746815e+00
4.968000e-05	-8.726160e-03	2.513662e+00
4.969000e-05	-8.438476e-03	2.285689e+00
4.970000e-05	-7.948264e-03	2.074741e+00
4.971000e-05	-7.638301e-03	1.958942e+00
4.972000e-05	-5.800561e-03	1.798324e+00
4.973000e-05	-5.626483e-03	1.547473e+00
4.974000e-05	-5.981141e-03	1.385946e+00
4.975000e-05	-7.589612e-03	1.209851e+00
4.976000e-05	-6.555435e-03	9.346919e-01
4.977000e-05	-5.879152e-03	7.568406e-01
4.978000e-05	-3.889603e-03	5.478711e-01
4.979000e-05	-4.236851e-03	3.704287e-01
4.980000e-05	-3.926064e-03	1.889234e-01
4.981000e-05	-2.649058e-03	-1.049078e-03
4.982000e-05	1.231302e-03	-1.610224e-01
4.983000e-05	5.050518e-05	-3.279172e-01
4.984000e-05	-1.137268e-03	-4.747918e-01
4.985000e-05	7.950099e-04	-7.169146e-01
4.986000e-05	-2.244981e-03	-8.857356e-01
4.987000e-05	-4.307718e-04	-1.031654e+00
4.988000e-05	4.081370e-03	-1.191246e+00
4.989000e-05	3.956706e-02	-1.392678e+00
4.990000e-05	6.978403e-02	-1.613074e+00
4.991000e-05	-5.704858e-02	-1.874807e+00
4.992000e-05	-2.291318e-02	-2.115891e+00
4.993000e-05	-7.048259e-02	-2.357969e+00
4.994000e-05	-4.239575e-02	-2.484733e+00
4.995000e-05	1.487809e-01	-2.528417e+00
4.996000e-05	-5.482430e-02	-2.708413e+00
4.997000e-05	-4.726669e-02	-2.939386e+00
4.998000e-05	1.498734e-01	-3.116288e+00
4.999000e-05	-1.485250e-01	-3.286362e+00
