# 260410_16:00:13.166873
t	CH1	CH2
0.000000e+00	-1.661407e-03	-9.583209e-01
1.000000e-08	6.564130e-04	-1.137237e+00
2.000000e-08	1.513768e-02	-1.307104e+00
3.000000e-08	8.817062e-02	-1.525839e+00
4.000000e-08	-2.016134e-02	-1.726837e+00
5.000000e-08	-4.850635e-02	-1.970895e+00
6.000000e-08	-3.617371e-02	-2.321531e+00
7.000000e-08	-9.815077e-02	-2.402450e+00
8.000000e-08	1.095103e-01	-2.526733e+00
9.000000e-08	7.848952e-02	-2.613024e+00
1.000000e-07	-1.810671e-01	-2.804531e+00
1.100000e-07	1.794902e-01	-3.051929e+00
1.200000e-07	-5.461486e-02	-3.181443e+00
1.300000e-07	-1.074075e-01	-3.430525e+00
1.400000e-07	1.860485e-01	-3.536791e+00
1.500000e-07	-9.778653e-02	-3.710188e+00
1.600000e-07	-6.596214e-02	-3.967870e+00
1.700000e-07	1.842864e-01	-4.045661e+00
1.800000e-07	-1.147264e-01	-4.285682e+00
1.900000e-07	8.791648e-02	-4.423030e+00
2.000000e-07	-8.722180e-02	-4.600398e+00
2.100000e-07	-7.731828e-02	-4.800498e+00
2.200000e-07	1.881349e-01	-4.948945e+00
2.300000e-07	-8.428604e-02	-5.160362e+00
2.400000e-07	3.562944e-02	-5.307263e+00
2.500000e-07	-2.306666e-02	-5.525292e+00
2.600000e-07	-2.656442e-02	-5.706813e+00
2.700000e-07	8.724627e-02	-5.864132e+00
2.800000e-07	-1.030700e-01	-5.972472e+00
2.900000e-07	9.844533e-02	-6.139319e+00
3.000000e-07	-4.778224e-02	-6.306343e+00
3.100000e-07	-1.351873e-02	-6.535612e+00
3.200000e-07	8.421341e-02	-6.624525e+00
3.300000e-07	-8.006229e-02	-6.768372e+00
3.400000e-07	7.100071e-02	-6.927718e+00
3.500000e-07	-6.854608e-02	-7.115831e+00
3.600000e-07	5.268689e-02	-7.273655e+00
3.700000e-07	3.446840e-02	-7.350474e+00
3.800000e-07	-5.115363e-02	-7.547312e+00
3.900000e-07	3.910499e-02	-7.632576e+00
4.000000e-07	-4.486305e-02	-7.824104e+00
4.100000e-07	6.193927e-02	-7.978946e+00
4.200000e-07	-2.495670e-02	-8.106185e+00
4.300000e-07	1.978886e-02	-8.222500e+00
4.400000e-07	2.213098e-02	-8.305793e+00
4.500000e-07	-2.777336e-02	-8.410575e+00
4.600000e-07	2.436980e-02	-8.487690e+00
4.700000e-07	-1.941956e-02	-8.653078e+00
4.800000e-07	4.660084e-02	-8.789942e+00
4.900000e-07	-1.851965e-02	-8.854159e+00
5.000000e-07	7.478856e-03	-8.938393e+00
5.100000e-07	1.043292e-02	-9.043704e+00
5.200000e-07	7.960205e-03	-9.128391e+00
5.300000e-07	1.263358e-02	-9.172578e+00
5.400000e-07	-1.076234e-02	-9.286210e+00
5.500000e-07	2.330582e-02	-9.351403e+00
5.600000e-07	6.525413e-04	-9.536264e+00
5.700000e-07	1.399386e-02	-9.578424e+00
5.800000e-07	1.682374e-03	-9.625156e+00
5.900000e-07	3.385355e-03	-9.717813e+00
6.000000e-07	3.338317e-03	-9.748820e+00
6.100000e-07	1.330962e-02	-9.863129e+00
6.200000e-07	2.404960e-02	-9.855687e+00
6.300000e-07	2.878750e-03	-9.957838e+00
6.400000e-07	7.775826e-04	-9.969895e+00
6.500000e-07	2.668329e-03	-1.000055e+01
6.600000e-07	1.899133e-02	-1.000456e+01
6.700000e-07	9.704299e-03	-1.005664e+01
6.800000e-07	6.632126e-03	-1.014827e+01
6.900000e-07	4.302332e-03	-1.019187e+01
7.000000e-07	1.418113e-02	-1.016401e+01
7.100000e-07	1.425658e-02	-1.026213e+01
7.200000e-07	9.244006e-03	-1.032618e+01
7.300000e-07	6.311438e-03	-1.030567e+01
7.400000e-07	8.932090e-03	-1.034539e+01
7.500000e-07	1.672677e-02	-1.033836e+01
7.600000e-07	1.158489e-02	-1.029832e+01
7.700000e-07	8.828542e-03	-1.034094e+01
7.800000e-07	7.306064e-03	-1.035739e+01
7.900000e-07	1.327187e-02	-1.035784e+01
8.000000e-07	1.611254e-02	-1.032992e+01
8.100000e-07	1.764374e-02	-1.032734e+01
8.200000e-07	1.362575e-02	-1.032629e+01
8.300000e-07	1.310693e-02	-1.028618e+01
8.400000e-07	1.464593e-02	-1.028519e+01
8.500000e-07	1.826888e-02	-1.026405e+01
8.600000e-07	1.706840e-02	-1.017200e+01
8.700000e-07	1.656612e-02	-1.012842e+01
8.800000e-07	1.804574e-02	-1.007736e+01
8.900000e-07	2.130150e-02	-1.004263e+01
9.000000e-07	2.048596e-02	-1.000313e+01
9.100000e-07	2.042682e-02	-9.980498e+00
9.200000e-07	2.255119e-02	-9.978816e+00
9.300000e-07	2.372000e-02	-9.905689e+00
9.400000e-07	2.249936e-02	-9.832605e+00
9.500000e-07	2.384147e-02	-9.768467e+00
9.600000e-07	2.507824e-02	-9.697318e+00
9.700000e-07	2.575185e-02	-9.623158e+00
9.800000e-07	2.449304e-02	-9.578578e+00
9.900000e-07	2.688328e-02	-9.556892e+00
1.000000e-06	2.857782e-02	-9.455086e+00
1.010000e-06	2.867716e-02	-9.358946e+00
1.020000e-06	2.792128e-02	-9.222229e+00
1.030000e-06	2.737016e-02	-9.117847e+00
1.040000e-06	2.802306e-02	-9.096211e+00
1.050000e-06	2.915732e-02	-8.950450e+00
1.060000e-06	2.919058e-02	-8.873288e+00
1.070000e-06	2.880429e-02	-8.800129e+00
1.080000e-06	2.870342e-02	-8.709289e+00
1.090000e-06	3.025565e-02	-8.572975e+00
1.100000e-06	3.018909e-02	-8.452185e+00
1.110000e-06	2.917801e-02	-8.358422e+00
1.120000e-06	2.884739e-02	-8.243181e+00
1.130000e-06	2.966739e-02	-8.118922e+00
1.140000e-06	2.934621e-02	-8.022600e+00
1.150000e-06	2.787665e-02	-7.918262e+00
1.160000e-06	2.704209e-02	-7.768895e+00
1.170000e-06	2.632181e-02	-7.600677e+00
1.180000e-06	2.732476e-02	-7.425135e+00
1.190000e-06	2.692337e-02	-7.306763e+00
1.200000e-06	2.627663e-02	-7.219526e+00
1.210000e-06	2.328546e-02	-7.063735e+00
1.220000e-06	2.280269e-02	-6.875336e+00
1.230000e-06	2.249347e-02	-6.729845e+00
1.240000e-06	2.209333e-02	-6.561550e+00
1.250000e-06	1.988546e-02	-6.443686e+00
1.260000e-06	1.849412e-02	-6.357896e+00
1.270000e-06	1.756614e-02	-6.148375e+00
1.280000e-06	1.796236e-02	-6.000001e+00
1.290000e-06	1.406626e-02	-5.882655e+00
1.300000e-06	1.273989e-02	-5.706288e+00
1.310000e-06	1.284691e-02	-5.528521e+00
1.320000e-06	1.128201e-02	-5.327318e+00
1.330000e-06	1.141217e-02	-5.147790e+00
1.340000e-06	9.039726e-03	-4.968525e+00
1.350000e-06	8.577385e-03	-4.747892e+00
1.360000e-06	5.266074e-03	-4.548001e+00
1.370000e-06	6.468253e-03	-4.411551e+00
1.380000e-06	4.851558e-03	-4.315708e+00
1.390000e-06	6.743784e-03	-4.095391e+00
1.400000e-06	3.591602e-03	-3.988951e+00
1.410000e-06	3.658032e-03	-3.758945e+00
1.420000e-06	2.350053e-03	-3.549422e+00
1.430000e-06	3.570793e-03	-3.381449e+00
1.440000e-06	2.071071e-03	-3.220104e+00
1.450000e-06	1.575779e-03	-3.022058e+00
1.460000e-06	7.562383e-04	-2.801629e+00
1.470000e-06	8.130904e-04	-2.634539e+00
1.480000e-06	-2.040511e-03	-2.472708e+00
1.490000e-06	-6.268345e-04	-2.317416e+00
1.500000e-06	2.034848e-04	-2.053788e+00
1.510000e-06	1.319893e-03	-1.915791e+00
1.520000e-06	-5.950086e-04	-1.717867e+00
1.530000e-06	-1.956626e-03	-1.588471e+00
1.540000e-06	-2.093680e-03	-1.295786e+00
1.550000e-06	-1.938272e-03	-1.093261e+00
1.560000e-06	-1.901328e-03	-9.348432e-01
1.570000e-06	-3.524067e-03	-7.282996e-01
1.580000e-06	-2.798243e-03	-4.956657e-01
1.590000e-06	-1.347808e-03	-3.673910e-01
1.600000e-06	-1.353045e-03	-1.083949e-01
1.610000e-06	2.005376e-03	-4.963219e-04
1.620000e-06	3.262021e-03	2.010277e-01
1.630000e-06	-2.899770e-03	4.009249e-01
1.640000e-06	2.819871e-03	5.673935e-01
1.650000e-06	-4.049540e-03	7.278148e-01
1.660000e-06	-1.480564e-03	8.541856e-01
1.670000e-06	-4.621490e-03	1.074742e+00
1.680000e-06	4.795497e-03	1.305188e+00
1.690000e-06	2.470806e-02	1.478816e+00
1.700000e-06	7.305212e-02	1.768847e+00
1.710000e-06	-3.401891e-02	1.958447e+00
1.720000e-06	-4.532691e-02	2.167371e+00
1.730000e-06	-4.103647e-02	2.327916e+00
1.740000e-06	-7.042946e-02	2.502133e+00
1.750000e-06	2.758856e-02	2.622480e+00
1.760000e-06	1.445608e-01	2.809077e+00
1.770000e-06	-1.778975e-01	2.987470e+00
1.780000e-06	9.131685e-02	3.074816e+00
1.790000e-06	3.212087e-02	3.267188e+00
1.800000e-06	-1.072072e-01	3.527841e+00
1.810000e-06	9.579441e-02	3.642658e+00
1.820000e-06	-1.076302e-02	3.843105e+00
1.830000e-06	-1.109265e-01	4.050575e+00
1.840000e-06	1.073992e-01	4.211103e+00
1.850000e-06	-2.517493e-02	4.414004e+00
1.860000e-06	-6.667395e-03	4.580971e+00
1.870000e-06	-2.195333e-02	4.817369e+00
1.880000e-06	-6.168949e-02	4.971079e+00
1.890000e-06	5.751881e-02	5.186973e+00
1.900000e-06	4.890898e-03	5.369903e+00
1.910000e-06	4.541998e-03	5.526268e+00
1.920000e-06	-4.065147e-02	5.654159e+00
1.930000e-06	1.543584e-03	5.925714e+00
1.940000e-06	6.227255e-03	6.032527e+00
1.950000e-06	-3.075591e-02	6.179895e+00
1.960000e-06	2.375206e-02	6.307292e+00
1.970000e-06	-2.464919e-02	6.454156e+00
1.980000e-06	-1.637027e-02	6.652526e+00
1.990000e-06	1.441609e-02	6.791524e+00
2.000000e-06	-2.601556e-02	6.916345e+00
2.010000e-06	6.657947e-04	7.044683e+00
2.020000e-06	-1.444116e-02	7.250502e+00
2.030000e-06	-7.288663e-04	7.347821e+00
2.040000e-06	2.636851e-03	7.557267e+00
2.050000e-06	-2.184808e-02	7.643213e+00
2.060000e-06	-5.803371e-03	7.799101e+00
2.070000e-06	-1.919683e-02	7.938875e+00
2.080000e-06	4.613269e-03	8.096238e+00
2.090000e-06	-1.299351e-02	8.221080e+00
2.100000e-06	-7.907402e-03	8.346895e+00
2.110000e-06	-6.291436e-04	8.393054e+00
2.120000e-06	-1.773153e-02	8.517316e+00
2.130000e-06	-1.248100e-02	8.600155e+00
2.140000e-06	-1.891970e-02	8.677863e+00
2.150000e-06	1.757687e-03	8.790025e+00
2.160000e-06	-1.026598e-02	8.863735e+00
2.170000e-06	-1.322070e-02	8.952056e+00
2.180000e-06	-1.293877e-02	9.137417e+00
2.190000e-06	-1.000351e-02	9.231079e+00
2.200000e-06	-8.215462e-03	9.264168e+00
2.210000e-06	-1.483796e-02	9.348899e+00
2.220000e-06	-8.601775e-03	9.432709e+00
2.230000e-06	-1.378764e-02	9.556266e+00
2.240000e-06	-1.047707e-02	9.599529e+00
2.250000e-06	-1.499699e-02	9.642158e+00
2.260000e-06	-1.384866e-02	9.685823e+00
2.270000e-06	-1.626037e-02	9.841129e+00
2.280000e-06	-1.070991e-02	9.934688e+00
2.290000e-06	-5.319708e-03	9.957420e+00
2.300000e-06	-1.329366e-02	1.001052e+01
2.310000e-06	-1.769638e-02	1.003308e+01
2.320000e-06	-1.672498e-02	1.005364e+01
2.330000e-06	-9.547096e-03	1.008792e+01
2.340000e-06	-1.364202e-02	1.014890e+01
2.350000e-06	-1.718746e-02	1.017998e+01
2.360000e-06	-1.668972e-02	1.021453e+01
2.370000e-06	-1.556362e-02	1.022423e+01
2.380000e-06	-1.339943e-02	1.031479e+01
2.390000e-06	-1.532470e-02	1.031574e+01
2.400000e-06	-1.535891e-02	1.031691e+01
2.410000e-06	-1.678290e-02	1.030580e+01
2.420000e-06	-1.256418e-02	1.035787e+01
2.430000e-06	-1.772958e-02	1.032694e+01
2.440000e-06	-2.085505e-02	1.034789e+01
2.450000e-06	-2.203971e-02	1.031634e+01
2.460000e-06	-1.695836e-02	1.032682e+01
2.470000e-06	-1.640762e-02	1.028684e+01
2.480000e-06	-1.900931e-02	1.031632e+01
2.490000e-06	-2.170682e-02	1.031376e+01
2.500000e-06	-2.311953e-02	1.028521e+01
2.510000e-06	-2.163946e-02	1.023313e+01
2.520000e-06	-2.337988e-02	1.024258e+01
2.530000e-06	-2.287867e-02	1.017998e+01
2.540000e-06	-2.522366e-02	1.017747e+01
2.550000e-06	-2.498935e-02	1.010677e+01
2.560000e-06	-2.584685e-02	1.006521e+01
2.570000e-06	-2.772015e-02	1.007211e+01
2.580000e-06	-2.914135e-02	1.001103e+01
2.590000e-06	-2.942640e-02	9.946920e+00
2.600000e-06	-2.801356e-02	9.856662e+00
2.610000e-06	-2.946217e-02	9.791053e+00
2.620000e-06	-3.014108e-02	9.688471e+00
2.630000e-06	-3.259138e-02	9.632736e+00
2.640000e-06	-3.270313e-02	9.559454e+00
2.650000e-06	-3.220450e-02	9.536290e+00
2.660000e-06	-3.343248e-02	9.412061e+00
2.670000e-06	-3.213825e-02	9.388475e+00
2.680000e-06	-3.461780e-02	9.286688e+00
2.690000e-06	-3.383327e-02	9.212579e+00
2.700000e-06	-3.716724e-02	9.159445e+00
2.710000e-06	-3.521192e-02	9.043663e+00
2.720000e-06	-3.670347e-02	8.923846e+00
2.730000e-06	-3.433411e-02	8.830530e+00
2.740000e-06	-3.729146e-02	8.705741e+00
2.750000e-06	-3.630592e-02	8.602104e+00
2.760000e-06	-3.649555e-02	8.464790e+00
2.770000e-06	-3.494095e-02	8.401061e+00
2.780000e-06	-3.675802e-02	8.336247e+00
2.790000e-06	-3.666866e-02	8.208523e+00
2.800000e-06	-3.568224e-02	8.062187e+00
2.810000e-06	-3.586533e-02	7.947344e+00
2.820000e-06	-3.606086e-02	7.780559e+00
2.830000e-06	-3.633794e-02	7.673167e+00
2.840000e-06	-3.380476e-02	7.537444e+00
2.850000e-06	-3.324201e-02	7.378024e+00
2.860000e-06	-3.074115e-02	7.200132e+00
2.870000e-06	-3.041998e-02	7.104267e+00
2.880000e-06	-3.070256e-02	6.958427e+00
2.890000e-06	-3.062292e-02	6.810558e+00
2.900000e-06	-2.881842e-02	6.683264e+00
2.910000e-06	-2.694119e-02	6.454165e+00
2.920000e-06	-2.661468e-02	6.326949e+00
2.930000e-06	-2.530001e-02	6.210052e+00
2.940000e-06	-2.307862e-02	6.052687e+00
2.950000e-06	-2.241569e-02	5.936923e+00
2.960000e-06	-2.216466e-02	5.725897e+00
2.970000e-06	-1.941601e-02	5.578601e+00
2.980000e-06	-1.895228e-02	5.370582e+00
2.990000e-06	-1.819071e-02	5.251085e+00
3.000000e-06	-1.869595e-02	5.030585e+00
3.010000e-06	-1.588747e-02	4.810631e+00
3.020000e-06	-1.497584e-02	4.633208e+00
3.030000e-06	-1.400252e-02	4.472691e+00
3.040000e-06	-1.246382e-02	4.345397e+00
3.050000e-06	-1.208652e-02	4.106891e+00
3.060000e-06	-1.238400e-02	3.918398e+00
3.070000e-06	-1.160320e-02	3.768604e+00
3.080000e-06	-1.016690e-02	3.611632e+00
3.090000e-06	-1.177181e-02	3.452761e+00
3.100000e-06	-1.052622e-02	3.200684e+00
3.110000e-06	-9.648595e-03	3.033633e+00
3.120000e-06	-8.547586e-03	2.883707e+00
3.130000e-06	-7.640717e-03	2.756946e+00
3.140000e-06	-8.137244e-03	2.485814e+00
3.150000e-06	-7.818014e-03	2.295340e+00
3.160000e-06	-8.718922e-03	2.133845e+00
3.170000e-06	-7.792157e-03	1.968500e+00
3.180000e-06	-7.140033e-03	1.768005e+00
3.190000e-06	-7.007366e-03	1.575999e+00
3.200000e-06	-6.827064e-03	1.338104e+00
3.210000e-06	-7.042560e-03	1.209079e+00
3.220000e-06	-5.107053e-03	9.089909e-01
3.230000e-06	-5.703726e-03	7.663773e-01
3.240000e-06	-5.877881e-03	5.674987e-01
3.250000e-06	-4.833744e-03	3.780014e-01
3.260000e-06	-4.262117e-03	1.709276e-01
3.270000e-06	-1.895351e-03	-3.049868e-02
3.280000e-06	2.232903e-03	-1.924461e-01
3.290000e-06	-3.878152e-03	-3.578446e-01
3.300000e-06	1.000633e-03	-4.961581e-01
3.310000e-06	-2.542961e-03	-7.363155e-01
3.320000e-06	-2.803231e-04	-8.842330e-01
3.330000e-06	-2.478537e-03	-1.053506e+00
3.340000e-06	6.240215e-03	-1.241125e+00
3.350000e-06	4.908395e-02	-1.421546e+00
3.360000e-06	6.324168e-02	-1.642551e+00
3.370000e-06	-7.931064e-02	-1.865658e+00
3.380000e-06	-8.833668e-03	-2.119787e+00
3.390000e-06	-9.221312e-02	-2.357917e+00
3.400000e-06	-1.289331e-02	-2.443683e+00
3.410000e-06	1.800063e-01	-2.518863e+00
3.420000e-06	-1.357067e-01	-2.757391e+00
3.430000e-06	1.005010e-02	-2.938938e+00
3.440000e-06	1.366494e-01	-3.096757e+00
3.450000e-06	-1.974675e-01	-3.297134e+00
3.460000e-06	1.092236e-01	-3.486185e+00
3.470000e-06	7.041103e-02	-3.632526e+00
3.480000e-06	-1.888340e-01	-3.903230e+00
3.490000e-06	1.524375e-01	-4.021472e+00
3.500000e-06	-1.591227e-03	-4.180994e+00
3.510000e-06	-3.060990e-02	-4.420419e+00
3.520000e-06	6.121886e-02	-4.466637e+00
3.530000e-06	-1.813687e-01	-4.717331e+00
3.540000e-06	1.353109e-01	-4.886217e+00
3.550000e-06	3.970203e-02	-5.074182e+00
3.560000e-06	-7.175708e-02	-5.263584e+00
3.570000e-06	7.040193e-02	-5.445129e+00
3.580000e-06	-9.621560e-02	-5.625129e+00
3.590000e-06	9.822579e-02	-5.801023e+00
3.600000e-06	-4.997663e-02	-5.927789e+00
3.610000e-06	-8.692432e-04	-6.086182e+00
3.620000e-06	7.197177e-02	-6.285151e+00
3.630000e-06	-1.070571e-01	-6.414104e+00
3.640000e-06	1.095960e-01	-6.559446e+00
3.650000e-06	-4.688773e-02	-6.736742e+00
3.660000e-06	1.474334e-02	-6.835131e+00
3.670000e-06	9.807716e-03	-7.002499e+00
3.680000e-06	-4.812531e-02	-7.181046e+00
3.690000e-06	1.038497e-01	-7.287711e+00
3.700000e-06	-6.496827e-02	-7.454155e+00
3.710000e-06	3.304076e-02	-7.594025e+00
3.720000e-06	-2.600637e-02	-7.718183e+00
3.730000e-06	1.688546e-02	-7.946263e+00
3.740000e-06	2.853007e-02	-8.033084e+00
3.750000e-06	-2.803718e-02	-8.149343e+00
3.760000e-06	5.372914e-02	-8.233681e+00
3.770000e-06	-3.269744e-02	-8.381397e+00
3.780000e-06	1.649493e-02	-8.424184e+00
3.790000e-06	-1.079489e-02	-8.561872e+00
3.800000e-06	2.295578e-02	-8.708867e+00
3.810000e-06	1.893114e-02	-8.823026e+00
3.820000e-06	-2.065446e-02	-8.908288e+00
3.830000e-06	2.259794e-02	-9.001528e+00
3.840000e-06	-1.967177e-03	-9.097213e+00
3.850000e-06	2.245865e-02	-9.170518e+00
3.860000e-06	-1.037667e-02	-9.232583e+00
3.870000e-06	1.128656e-02	-9.290793e+00
3.880000e-06	1.086961e-02	-9.424004e+00
3.890000e-06	5.863712e-03	-9.577869e+00
3.900000e-06	1.089933e-02	-9.622053e+00
3.910000e-06	-7.947417e-04	-9.675208e+00
3.920000e-06	6.526466e-03	-9.749313e+00
3.930000e-06	4.313132e-03	-9.771400e+00
3.940000e-06	2.311065e-02	-9.853703e+00
3.950000e-06	1.028301e-02	-9.956289e+00
3.960000e-06	3.417769e-05	-9.959443e+00
3.970000e-06	6.398541e-04	-9.989450e+00
3.980000e-06	1.291228e-02	-1.001463e+01
3.990000e-06	1.714355e-02	-1.005509e+01
4.000000e-06	6.497782e-03	-1.007877e+01
4.010000e-06	3.642614e-03	-1.009187e+01
4.020000e-06	8.665555e-03	-1.016198e+01
4.030000e-06	1.343698e-02	-1.020316e+01
4.040000e-06	1.215872e-02	-1.029470e+01
4.050000e-06	6.967173e-03	-1.029679e+01
4.060000e-06	8.655191e-03	-1.031676e+01
4.070000e-06	1.406531e-02	-1.032782e+01
4.080000e-06	1.409011e-02	-1.035035e+01
4.090000e-06	9.599627e-03	-1.031937e+01
4.100000e-06	7.638609e-03	-1.032934e+01
4.110000e-06	1.062356e-02	-1.035992e+01
4.120000e-06	1.418356e-02	-1.033032e+01
4.130000e-06	1.813837e-02	-1.034834e+01
4.140000e-06	1.589730e-02	-1.032731e+01
4.150000e-06	1.304590e-02	-1.027669e+01
4.160000e-06	1.195679e-02	-1.022766e+01
4.170000e-06	1.699399e-02	-1.027313e+01
4.180000e-06	1.944647e-02	-1.025253e+01
4.190000e-06	1.831442e-02	-1.012994e+01
4.200000e-06	1.746129e-02	-1.009082e+01
4.210000e-06	1.951970e-02	-1.009521e+01
4.220000e-06	2.037618e-02	-1.002158e+01
4.230000e-06	1.936449e-02	-9.999974e+00
4.240000e-06	2.176272e-02	-9.957371e+00
4.250000e-06	2.297001e-02	-9.927816e+00
4.260000e-06	2.365461e-02	-9.873632e+00
4.270000e-06	2.348713e-02	-9.789976e+00
4.280000e-06	2.465720e-02	-9.717916e+00
4.290000e-06	2.560743e-02	-9.645286e+00
4.300000e-06	2.392338e-02	-9.651582e+00
4.310000e-06	2.648573e-02	-9.549971e+00
4.320000e-06	2.806286e-02	-9.527215e+00
4.330000e-06	2.888159e-02	-9.401546e+00
4.340000e-06	2.725553e-02	-9.294792e+00
4.350000e-06	2.715911e-02	-9.160101e+00
4.360000e-06	2.748635e-02	-9.127817e+00
4.370000e-06	2.883131e-02	-9.052079e+00
4.380000e-06	3.113463e-02	-8.866921e+00
4.390000e-06	2.956142e-02	-8.871128e+00
4.400000e-06	2.893594e-02	-8.759896e+00
4.410000e-06	2.800635e-02	-8.653733e+00
4.420000e-06	3.065802e-02	-8.495289e+00
4.430000e-06	3.132225e-02	-8.361500e+00
4.440000e-06	2.973135e-02	-8.296338e+00
4.450000e-06	2.868727e-02	-8.189548e+00
4.460000e-06	2.816490e-02	-8.065160e+00
4.470000e-06	2.944448e-02	-7.929497e+00
4.480000e-06	2.749189e-02	-7.833583e+00
4.490000e-06	2.656748e-02	-7.662278e+00
4.500000e-06	2.645593e-02	-7.487766e+00
4.510000e-06	2.813190e-02	-7.351426e+00
4.520000e-06	2.710658e-02	-7.240632e+00
4.530000e-06	2.533124e-02	-7.108363e+00
4.540000e-06	2.186957e-02	-6.976894e+00
4.550000e-06	2.209740e-02	-6.791600e+00
4.560000e-06	2.274777e-02	-6.674236e+00
4.570000e-06	2.131148e-02	-6.507842e+00
4.580000e-06	1.864637e-02	-6.400454e+00
4.590000e-06	1.729825e-02	-6.241677e+00
4.600000e-06	1.731352e-02	-6.082210e+00
4.610000e-06	1.554873e-02	-5.875864e+00
4.620000e-06	1.356627e-02	-5.759372e+00
4.630000e-06	1.341657e-02	-5.601477e+00
4.640000e-06	1.187022e-02	-5.383579e+00
4.650000e-06	1.115865e-02	-5.180752e+00
4.660000e-06	9.608582e-03	-5.031605e+00
4.670000e-06	7.721755e-03	-4.874203e+00
4.680000e-06	6.864956e-03	-4.632130e+00
4.690000e-06	6.924476e-03	-4.504211e+00
4.700000e-06	6.987637e-03	-4.346345e+00
4.710000e-06	5.048959e-03	-4.209051e+00
4.720000e-06	5.345680e-03	-4.052078e+00
4.730000e-06	1.863848e-03	-3.823132e+00
4.740000e-06	3.684292e-03	-3.621634e+00
4.750000e-06	2.796216e-03	-3.463258e+00
4.760000e-06	2.433131e-03	-3.296784e+00
4.770000e-06	2.401050e-03	-3.117870e+00
4.780000e-06	1.924704e-04	-2.876843e+00
4.790000e-06	9.761933e-04	-2.726918e+00
4.800000e-06	-2.749699e-03	-2.577950e+00
4.810000e-06	1.106226e-03	-2.380075e+00
4.820000e-06	4.504516e-04	-2.180023e+00
4.830000e-06	1.495608e-03	-2.000026e+00
4.840000e-06	-2.429172e-03	-1.801029e+00
4.850000e-06	6.707331e-04	-1.593079e+00
4.860000e-06	-2.260254e-03	-1.443058e+00
4.870000e-06	-2.828527e-04	-1.179049e+00
4.880000e-06	-3.915379e-03	-9.895276e-01
4.890000e-06	-1.829827e-03	-7.706276e-01
4.900000e-06	-3.812591e-03	-6.100002e-01
4.910000e-06	-6.815509e-04	-3.990013e-01
4.920000e-06	-3.068402e-03	-2.111064e-01
4.930000e-06	7.324084e-04	-9.217883e-02
4.940000e-06	4.082592e-03	1.262970e-01
4.950000e-06	-1.715655e-03	3.863632e-01
4.960000e-06	1.066048e-04	5.145882e-01
4.970000e-06	-1.884374e-03	6.847040e-01
4.980000e-06	-2.335133e-03	8.500526e-01
4.990000e-06	-3.659393e-03	1.072506e+00
5.000000e-06	2.360160e-03	1.241078e+00
5.010000e-06	9.818634e-03	1.430527e+00
5.020000e-06	5.930936e-02	1.692680e+00
5.030000e-06	2.518800e-02	1.924733e+00
5.040000e-06	-6.152531e-02	2.073735e+00
5.050000e-06	-3.094117e-02	2.253556e+00
5.060000e-06	-5.807199e-02	2.410953e+00
5.070000e-06	-5.222753e-02	2.567192e+00
5.080000e-06	1.560958e-01	2.745741e+00
5.090000e-06	-4.802801e-02	2.914710e+00
5.100000e-06	-9.189596e-02	3.042133e+00
5.110000e-06	1.594050e-01	3.190001e+00
5.120000e-06	-1.129013e-01	3.464109e+00
5.130000e-06	1.017660e-02	3.611024e+00
5.140000e-06	8.982445e-02	3.758370e+00
5.150000e-06	-1.355104e-01	3.947346e+00
5.160000e-06	3.841600e-02	4.105772e+00
5.170000e-06	5.354729e-02	4.376796e+00
5.180000e-06	-4.140081e-02	4.516166e+00
5.190000e-06	9.633457e-03	4.642686e+00
5.200000e-06	-7.196283e-02	4.865614e+00
5.210000e-06	1.223841e-02	5.105792e+00
5.220000e-06	3.980210e-02	5.273189e+00
5.230000e-06	-3.474048e-03	5.443761e+00
5.240000e-06	-1.464999e-02	5.611125e+00
5.250000e-06	-3.124765e-02	5.810925e+00
5.260000e-06	2.113942e-02	5.968974e+00
5.270000e-06	-2.310747e-02	6.106287e+00
5.280000e-06	-5.250612e-03	6.223608e+00
5.290000e-06	1.578300e-02	6.380474e+00
5.300000e-06	-4.485752e-02	6.538847e+00
5.310000e-06	2.553610e-02	6.725820e+00
5.320000e-06	-2.140771e-02	6.864209e+00
5.330000e-06	-1.215212e-02	7.033024e+00
5.340000e-06	-5.797094e-03	7.135716e+00
5.350000e-06	-1.185072e-02	7.243239e+00
5.360000e-06	1.440326e-02	7.431109e+00
5.370000e-06	-2.252739e-02	7.610524e+00
5.380000e-06	-7.065979e-03	7.759270e+00
5.390000e-06	-2.082810e-02	7.854692e+00
5.400000e-06	1.201626e-03	8.011634e+00
5.410000e-06	-6.015290e-03	8.148920e+00
5.420000e-06	-1.457560e-02	8.274189e+00
5.430000e-06	-1.145432e-03	8.401473e+00
5.440000e-06	-8.807565e-03	8.442612e+00
5.450000e-06	-1.310888e-02	8.539948e+00
5.460000e-06	-1.854348e-02	8.643734e+00
5.470000e-06	-7.222634e-03	8.747450e+00
5.480000e-06	-3.005747e-03	8.823684e+00
5.490000e-06	-1.102334e-02	8.937820e+00
5.500000e-06	-1.437664e-02	9.074089e+00
5.510000e-06	-1.083517e-02	9.181476e+00
5.520000e-06	-9.478825e-03	9.265162e+00
5.530000e-06	-9.870291e-03	9.348294e+00
5.540000e-06	-1.215658e-02	9.411559e+00
5.550000e-06	-1.019242e-02	9.504162e+00
5.560000e-06	-1.194854e-02	9.568395e+00
5.570000e-06	-1.278793e-02	9.621082e+00
5.580000e-06	-1.272749e-02	9.686296e+00
5.590000e-06	-1.761347e-02	9.797872e+00
5.600000e-06	-1.241701e-02	9.812162e+00
5.610000e-06	-7.211067e-03	9.947271e+00
5.620000e-06	-6.842149e-03	9.968500e+00
5.630000e-06	-1.754893e-02	1.001305e+01
5.640000e-06	-1.881946e-02	1.000366e+01
5.650000e-06	-1.298944e-02	1.006674e+01
5.660000e-06	-1.282397e-02	1.013850e+01
5.670000e-06	-1.342570e-02	1.017897e+01
5.680000e-06	-1.834107e-02	1.020253e+01
5.690000e-06	-1.258427e-02	1.024211e+01
5.700000e-06	-1.524014e-02	1.024416e+01
5.710000e-06	-1.269104e-02	1.027477e+01
5.720000e-06	-1.690859e-02	1.030574e+01
5.730000e-06	-1.840872e-02	1.031832e+01
5.740000e-06	-1.553972e-02	1.037627e+01
5.750000e-06	-1.552880e-02	1.031632e+01
5.760000e-06	-1.913549e-02	1.033734e+01
5.770000e-06	-2.240477e-02	1.032789e+01
5.780000e-06	-1.827807e-02	1.034644e+01
5.790000e-06	-1.606798e-02	1.033782e+01
5.800000e-06	-1.547595e-02	1.027732e+01
5.810000e-06	-2.047517e-02	1.031579e+01
5.820000e-06	-2.255531e-02	1.030479e+01
5.830000e-06	-2.348154e-02	1.026421e+01
5.840000e-06	-2.399757e-02	1.023213e+01
5.850000e-06	-2.454241e-02	1.017105e+01
5.860000e-06	-2.482782e-02	1.015893e+01
5.870000e-06	-2.307228e-02	1.015630e+01
5.880000e-06	-2.490069e-02	1.009374e+01
5.890000e-06	-2.519105e-02	1.008328e+01
5.900000e-06	-2.884657e-02	1.000111e+01
5.910000e-06	-2.824813e-02	9.939476e+00
5.920000e-06	-2.869904e-02	9.928367e+00
5.930000e-06	-2.910774e-02	9.822643e+00
5.940000e-06	-3.149274e-02	9.759372e+00
5.950000e-06	-3.306795e-02	9.663274e+00
5.960000e-06	-3.274943e-02	9.609608e+00
5.970000e-06	-3.308580e-02	9.527891e+00
5.980000e-06	-3.152553e-02	9.442741e+00
5.990000e-06	-3.288562e-02	9.391530e+00
6.000000e-06	-3.328989e-02	9.297395e+00
6.010000e-06	-3.476271e-02	9.282185e+00
6.020000e-06	-3.649204e-02	9.149901e+00
6.030000e-06	-3.527721e-02	9.093709e+00
6.040000e-06	-3.618900e-02	8.988473e+00
6.050000e-06	-3.377915e-02	8.831234e+00
6.060000e-06	-3.546102e-02	8.738496e+00
6.070000e-06	-3.603631e-02	8.623637e+00
6.080000e-06	-3.771716e-02	8.559895e+00
6.090000e-06	-3.565015e-02	8.451736e+00
6.100000e-06	-3.595529e-02	8.349951e+00
6.110000e-06	-3.649756e-02	8.223109e+00
6.120000e-06	-3.598021e-02	8.112842e+00
6.130000e-06	-3.557955e-02	7.949551e+00
6.140000e-06	-3.559153e-02	7.834109e+00
6.150000e-06	-3.513192e-02	7.696822e+00
6.160000e-06	-3.473053e-02	7.612054e+00
6.170000e-06	-3.364983e-02	7.392162e+00
6.180000e-06	-3.216513e-02	7.273762e+00
6.190000e-06	-3.051693e-02	7.146918e+00
6.200000e-06	-3.030474e-02	6.991130e+00
6.210000e-06	-3.070590e-02	6.863287e+00
6.220000e-06	-2.963314e-02	6.727872e+00
6.230000e-06	-2.613604e-02	6.577425e+00
6.240000e-06	-2.640325e-02	6.409504e+00
6.250000e-06	-2.457468e-02	6.262258e+00
6.260000e-06	-2.458470e-02	6.116817e+00
6.270000e-06	-2.231943e-02	6.030004e+00
6.280000e-06	-2.114938e-02	5.832613e+00
6.290000e-06	-2.126359e-02	5.592655e+00
6.300000e-06	-2.047624e-02	5.464160e+00
6.310000e-06	-1.828348e-02	5.325866e+00
6.320000e-06	-1.724010e-02	5.109447e+00
6.330000e-06	-1.652794e-02	4.893291e+00
6.340000e-06	-1.549218e-02	4.716816e+00
6.350000e-06	-1.408682e-02	4.538396e+00
6.360000e-06	-1.376916e-02	4.400076e+00
6.370000e-06	-1.143579e-02	4.233133e+00
6.380000e-06	-1.140845e-02	4.009580e+00
6.390000e-06	-1.149869e-02	3.883162e+00
6.400000e-06	-1.228658e-02	3.683741e+00
6.410000e-06	-1.004788e-02	3.557900e+00
6.420000e-06	-1.017857e-02	3.286320e+00
6.430000e-06	-9.289691e-03	3.136922e+00
6.440000e-06	-1.019912e-02	2.988000e+00
6.450000e-06	-8.733124e-03	2.820556e+00
6.460000e-06	-7.623615e-03	2.598558e+00
6.470000e-06	-8.356342e-03	2.360082e+00
6.480000e-06	-8.326130e-03	2.188553e+00
6.490000e-06	-6.140169e-03	2.022107e+00
6.500000e-06	-7.730905e-03	1.872164e+00
6.510000e-06	-6.402930e-03	1.652687e+00
6.520000e-06	-6.872394e-03	1.463238e+00
6.530000e-06	-5.734788e-03	1.242239e+00
6.540000e-06	-7.279292e-03	1.004707e+00
6.550000e-06	-6.320288e-03	8.011040e-01
6.560000e-06	-5.332701e-03	5.921830e-01
6.570000e-06	-3.851589e-03	4.932104e-01
6.580000e-06	-4.711230e-03	2.828134e-01
6.590000e-06	-4.972356e-03	4.221435e-02
6.600000e-06	1.472157e-03	-1.372631e-01
6.610000e-06	5.511724e-04	-2.547327e-01
6.620000e-06	-2.794728e-03	-3.925989e-01
6.630000e-06	-5.661773e-04	-6.494224e-01
6.640000e-06	-2.525139e-03	-8.020249e-01
6.650000e-06	-2.088400e-03	-9.779195e-01
6.660000e-06	2.584864e-05	-1.158338e+00
6.670000e-06	1.922541e-02	-1.325762e+00
6.680000e-06	9.190272e-02	-1.516313e+00
6.690000e-06	-4.015200e-02	-1.768367e+00
6.700000e-06	-3.613236e-02	-2.053972e+00
6.710000e-06	-4.783959e-02	-2.292154e+00
6.720000e-06	-9.034044e-02	-2.432528e+00
6.730000e-06	1.371572e-01	-2.527157e+00
6.740000e-06	3.409008e-02	-2.682104e+00
6.750000e-06	-1.640958e-01	-2.905680e+00
6.760000e-06	1.994664e-01	-3.074101e+00
6.770000e-06	-1.008841e-01	-3.213522e+00
6.780000e-06	-6.061341e-02	-3.452001e+00
6.790000e-06	1.848178e-01	-3.557916e+00
6.800000e-06	-1.400809e-01	-3.769389e+00
6.810000e-06	-1.467002e-02	-3.979342e+00
6.820000e-06	1.552352e-01	-4.086183e+00
6.830000e-06	-1.216970e-01	-4.345264e+00
6.840000e-06	1.070557e-01	-4.452054e+00
6.850000e-06	-1.202273e-01	-4.631054e+00
6.860000e-06	-3.038308e-02	-4.842525e+00
6.870000e-06	1.716881e-01	-4.990442e+00
6.880000e-06	-1.005450e-01	-5.159390e+00
6.890000e-06	6.264739e-02	-5.368892e+00
6.900000e-06	-4.886289e-02	-5.567888e+00
6.910000e-06	1.524100e-03	-5.758262e+00
6.920000e-06	6.432343e-02	-5.875108e+00
6.930000e-06	-9.541354e-02	-6.051526e+00
6.940000e-06	1.117594e-01	-6.183343e+00
6.950000e-06	-7.943468e-02	-6.398893e+00
6.960000e-06	1.951099e-02	-6.496288e+00
6.970000e-06	6.189374e-02	-6.644079e+00
6.980000e-06	-6.736789e-02	-6.779997e+00
6.990000e-06	6.996950e-02	-6.960265e+00
7.000000e-06	-8.152183e-02	-7.115337e+00
7.010000e-06	7.663537e-02	-7.255159e+00
7.020000e-06	9.046395e-03	-7.369446e+00
7.030000e-06	-3.274886e-02	-7.578768e+00
7.040000e-06	2.787985e-02	-7.636685e+00
7.050000e-06	-3.907907e-02	-7.895558e+00
7.060000e-06	6.348474e-02	-7.981478e+00
7.070000e-06	-3.314677e-02	-8.088162e+00
7.080000e-06	3.327596e-02	-8.221027e+00
7.090000e-06	8.452888e-03	-8.326766e+00
7.100000e-06	-1.960408e-02	-8.422554e+00
7.110000e-06	1.998768e-02	-8.536767e+00
7.120000e-06	-1.335147e-02	-8.697206e+00
7.130000e-06	4.577769e-02	-8.770001e+00
7.140000e-06	-2.631580e-02	-8.884688e+00
7.150000e-06	1.374826e-02	-8.959972e+00
7.160000e-06	7.244783e-03	-9.083654e+00
7.170000e-06	1.327349e-02	-9.166318e+00
7.180000e-06	7.561490e-03	-9.202053e+00
7.190000e-06	-8.229182e-03	-9.288244e+00
7.200000e-06	2.296716e-02	-9.422451e+00
7.210000e-06	-8.173723e-05	-9.526661e+00
7.220000e-06	1.504787e-02	-9.570949e+00
7.230000e-06	-1.498865e-03	-9.635578e+00
7.240000e-06	4.521790e-03	-9.728339e+00
7.250000e-06	2.589651e-03	-9.760421e+00
7.260000e-06	1.612267e-02	-9.842005e+00
7.270000e-06	2.049647e-02	-9.887235e+00
7.280000e-06	1.760578e-03	-9.968342e+00
7.290000e-06	1.094107e-03	-9.969921e+00
7.300000e-06	5.309258e-03	-1.000208e+01
7.310000e-06	1.917497e-02	-1.007366e+01
7.320000e-06	8.585940e-03	-1.007464e+01
7.330000e-06	3.993867e-03	-1.010832e+01
7.340000e-06	4.852479e-03	-1.021098e+01
7.350000e-06	1.203062e-02	-1.026405e+01
7.360000e-06	1.403624e-02	-1.024366e+01
7.370000e-06	8.863299e-03	-1.031476e+01
7.380000e-06	7.281425e-03	-1.031672e+01
7.390000e-06	1.100048e-02	-1.030679e+01
7.400000e-06	1.500847e-02	-1.038784e+01
7.410000e-06	1.218161e-02	-1.035692e+01
7.420000e-06	7.680519e-03	-1.035889e+01
7.430000e-06	8.168899e-03	-1.039945e+01
7.440000e-06	1.296510e-02	-1.032827e+01
7.450000e-06	1.652873e-02	-1.034087e+01
7.460000e-06	1.704651e-02	-1.033827e+01
7.470000e-06	1.352408e-02	-1.030721e+01
7.480000e-06	1.259306e-02	-1.030676e+01
7.490000e-06	1.545544e-02	-1.027406e+01
7.500000e-06	1.885430e-02	-1.020355e+01
7.510000e-06	1.778742e-02	-1.018203e+01
7.520000e-06	1.687639e-02	-1.014880e+01
7.530000e-06	1.886930e-02	-1.009624e+01
7.540000e-06	1.997317e-02	-1.007214e+01
7.550000e-06	2.019519e-02	-9.982057e+00
7.560000e-06	2.048387e-02	-9.949972e+00
7.570000e-06	2.261205e-02	-9.907791e+00
7.580000e-06	2.338044e-02	-9.884716e+00
7.590000e-06	2.340605e-02	-9.823580e+00
7.600000e-06	2.437352e-02	-9.769446e+00
7.610000e-06	2.443534e-02	-9.685291e+00
7.620000e-06	2.455402e-02	-9.654159e+00
7.630000e-06	2.479624e-02	-9.590001e+00
7.640000e-06	2.766239e-02	-9.547815e+00
7.650000e-06	2.982061e-02	-9.463206e+00
7.660000e-06	2.807391e-02	-9.326322e+00
7.670000e-06	2.703496e-02	-9.252628e+00
7.680000e-06	2.660539e-02	-9.158893e+00
7.690000e-06	2.851076e-02	-9.085685e+00
7.700000e-06	2.824814e-02	-8.959472e+00
7.710000e-06	2.975999e-02	-8.823762e+00
7.720000e-06	2.876716e-02	-8.799501e+00
7.730000e-06	2.953397e-02	-8.668265e+00
7.740000e-06	3.011162e-02	-8.572451e+00
7.750000e-06	3.124380e-02	-8.383558e+00
7.760000e-06	2.928197e-02	-8.328817e+00
7.770000e-06	2.830700e-02	-8.213634e+00
7.780000e-06	2.927639e-02	-8.138344e+00
7.790000e-06	2.960582e-02	-8.040580e+00
7.800000e-06	2.809866e-02	-7.856239e+00
7.810000e-06	2.621257e-02	-7.726268e+00
7.820000e-06	2.622730e-02	-7.590951e+00
7.830000e-06	2.760805e-02	-7.402107e+00
7.840000e-06	2.728977e-02	-7.286813e+00
7.850000e-06	2.575799e-02	-7.199974e+00
7.860000e-06	2.299751e-02	-7.043053e+00
7.870000e-06	2.201518e-02	-6.843759e+00
7.880000e-06	2.238760e-02	-6.726367e+00
7.890000e-06	2.070932e-02	-6.582627e+00
7.900000e-06	1.914938e-02	-6.454659e+00
7.910000e-06	1.816731e-02	-6.315267e+00
7.920000e-06	1.809695e-02	-6.099240e+00
7.930000e-06	1.653489e-02	-5.959947e+00
7.940000e-06	1.428122e-02	-5.813079e+00
7.950000e-06	1.308632e-02	-5.664234e+00
7.960000e-06	1.305786e-02	-5.497785e+00
7.970000e-06	1.068230e-02	-5.266288e+00
7.980000e-06	9.567494e-03	-5.098290e+00
7.990000e-06	7.843857e-03	-4.938943e+00
8.000000e-06	8.379048e-03	-4.664864e+00
8.010000e-06	5.385436e-03	-4.567848e+00
8.020000e-06	7.440880e-03	-4.392100e+00
8.030000e-06	4.919807e-03	-4.262109e+00
8.040000e-06	5.783228e-03	-4.095191e+00
8.050000e-06	3.265585e-03	-3.957441e+00
8.060000e-06	3.543908e-03	-3.706794e+00
8.070000e-06	2.083461e-03	-3.537969e+00
8.080000e-06	2.668152e-03	-3.379999e+00
8.090000e-06	1.687613e-03	-3.201054e+00
8.100000e-06	2.132824e-03	-2.982075e+00
8.110000e-06	1.151064e-03	-2.812125e+00
8.120000e-06	7.294859e-04	-2.652634e+00
8.130000e-06	-1.376727e-03	-2.484608e+00
8.140000e-06	-2.314877e-04	-2.221263e+00
8.150000e-06	5.245369e-04	-2.064706e+00
8.160000e-06	1.356149e-04	-1.904660e+00
8.170000e-06	-1.814369e-03	-1.716365e+00
8.180000e-06	-8.909513e-04	-1.467500e+00
8.190000e-06	-1.863962e-03	-1.251240e+00
8.200000e-06	-1.896265e-03	-1.083183e+00
8.210000e-06	-2.411981e-03	-8.946844e-01
8.220000e-06	-2.339910e-03	-7.063661e-01
8.230000e-06	-1.763355e-03	-4.746857e-01
8.240000e-06	-2.372920e-03	-3.358881e-01
8.250000e-06	-2.437960e-03	-9.889092e-02
8.260000e-06	2.712503e-03	2.202882e-02
8.270000e-06	3.099432e-03	2.615330e-01
8.280000e-06	-2.503931e-03	4.405501e-01
8.290000e-06	1.716783e-03	5.889511e-01
8.300000e-06	-3.173993e-03	7.669697e-01
8.310000e-06	-1.730456e-03	8.971582e-01
8.320000e-06	-2.651307e-03	1.168343e+00
8.330000e-06	4.551819e-03	1.324766e+00
8.340000e-06	3.161119e-02	1.516316e+00
8.350000e-06	6.883217e-02	1.819374e+00
8.360000e-06	-4.596439e-02	1.989500e+00
8.370000e-06	-3.986286e-02	2.178421e+00
8.380000e-06	-4.412059e-02	2.355848e+00
8.390000e-06	-7.248621e-02	2.493689e+00
8.400000e-06	5.686539e-02	2.622611e+00
8.410000e-06	1.167526e-01	2.833555e+00
8.420000e-06	-1.825257e-01	2.967900e+00
8.430000e-06	1.320645e-01	3.135767e+00
8.440000e-06	-8.273274e-03	3.347840e+00
8.450000e-06	-9.133074e-02	3.547375e+00
8.460000e-06	1.060847e-01	3.654207e+00
8.470000e-06	-4.151010e-02	3.862637e+00
8.480000e-06	-8.467793e-02	4.031581e+00
8.490000e-06	1.083179e-01	4.262129e+00
8.500000e-06	-3.925542e-02	4.431582e+00
8.510000e-06	1.697663e-03	4.579425e+00
8.520000e-06	-3.172993e-02	4.810400e+00
8.530000e-06	-4.877319e-02	4.971479e+00
8.540000e-06	6.099579e-02	5.200575e+00
8.550000e-06	-1.853875e-03	5.379525e+00
8.560000e-06	2.549753e-03	5.537897e+00
8.570000e-06	-4.319794e-02	5.657731e+00
8.580000e-06	9.536130e-03	5.904771e+00
8.590000e-06	9.627934e-04	6.032634e+00
8.600000e-06	-3.090928e-02	6.188972e+00
8.610000e-06	2.774964e-02	6.326919e+00
8.620000e-06	-2.997115e-02	6.435683e+00
8.630000e-06	-3.356058e-03	6.665130e+00
8.640000e-06	4.298627e-03	6.822026e+00
8.650000e-06	-2.643935e-02	6.997898e+00
8.660000e-06	-4.876397e-04	7.105663e+00
8.670000e-06	-1.207775e-02	7.231055e+00
8.680000e-06	2.572258e-03	7.317747e+00
8.690000e-06	-2.247597e-03	7.546868e+00
8.700000e-06	-2.001033e-02	7.715207e+00
8.710000e-06	-7.220837e-03	7.792028e+00
8.720000e-06	-1.597481e-02	7.957902e+00
8.730000e-06	2.904744e-03	8.117839e+00
8.740000e-06	-1.550204e-02	8.191509e+00
8.750000e-06	-6.795859e-03	8.367970e+00
8.760000e-06	-1.065554e-03	8.422054e+00
8.770000e-06	-1.703641e-02	8.516796e+00
8.780000e-06	-1.386098e-02	8.642076e+00
8.790000e-06	-1.648959e-02	8.697867e+00
8.800000e-06	3.235243e-03	8.789153e+00
8.810000e-06	-1.023924e-02	8.886216e+00
8.820000e-06	-1.374357e-02	9.031057e+00
8.830000e-06	-1.355121e-02	9.157372e+00
8.840000e-06	-1.109896e-02	9.262583e+00
8.850000e-06	-7.348214e-03	9.306689e+00
8.860000e-06	-1.467215e-02	9.388925e+00
8.870000e-06	-7.610274e-03	9.484784e+00
8.880000e-06	-1.405714e-02	9.557394e+00
8.890000e-06	-1.050112e-02	9.580000e+00
8.900000e-06	-1.566741e-02	9.653637e+00
8.910000e-06	-1.357226e-02	9.707293e+00
8.920000e-06	-1.625297e-02	9.842480e+00
8.930000e-06	-1.037557e-02	9.947343e+00
8.940000e-06	-5.425655e-03	9.967946e+00
8.950000e-06	-1.360739e-02	1.001051e+01
8.960000e-06	-1.772239e-02	1.002361e+01
8.970000e-06	-1.732599e-02	1.010471e+01
8.980000e-06	-1.006885e-02	1.012730e+01
8.990000e-06	-1.381681e-02	1.014990e+01
9.000000e-06	-1.658299e-02	1.017855e+01
9.010000e-06	-1.554612e-02	1.021158e+01
9.020000e-06	-1.548438e-02	1.027366e+01
9.030000e-06	-1.425478e-02	1.025621e+01
9.040000e-06	-1.647716e-02	1.031571e+01
9.050000e-06	-1.657447e-02	1.026677e+01
9.060000e-06	-1.698009e-02	1.030742e+01
9.070000e-06	-1.279280e-02	1.030679e+01
9.080000e-06	-1.716557e-02	1.030737e+01
9.090000e-06	-1.981763e-02	1.032632e+01
9.100000e-06	-2.072611e-02	1.032732e+01
9.110000e-06	-1.827798e-02	1.030740e+01
9.120000e-06	-1.824290e-02	1.032627e+01
9.130000e-06	-2.021552e-02	1.030579e+01
9.140000e-06	-2.160318e-02	1.027584e+01
9.150000e-06	-2.294029e-02	1.027317e+01
9.160000e-06	-2.152544e-02	1.023366e+01
9.170000e-06	-2.367268e-02	1.020261e+01
9.180000e-06	-2.392303e-02	1.018200e+01
9.190000e-06	-2.492291e-02	1.014792e+01
9.200000e-06	-2.468061e-02	1.010624e+01
9.210000e-06	-2.584224e-02	1.007422e+01
9.220000e-06	-2.764480e-02	1.004013e+01
9.230000e-06	-2.939568e-02	1.001108e+01
9.240000e-06	-3.038091e-02	9.906847e+00
9.250000e-06	-2.753312e-02	9.843786e+00
9.260000e-06	-3.059955e-02	9.780133e+00
9.270000e-06	-2.998665e-02	9.697322e+00
9.280000e-06	-3.332531e-02	9.600612e+00
9.290000e-06	-3.271266e-02	9.538904e+00
9.300000e-06	-3.282846e-02	9.476293e+00
9.310000e-06	-3.380751e-02	9.442732e+00
9.320000e-06	-3.288341e-02	9.368420e+00
9.330000e-06	-3.488947e-02	9.262189e+00
9.340000e-06	-3.478079e-02	9.191030e+00
9.350000e-06	-3.686932e-02	9.136448e+00
9.360000e-06	-3.518629e-02	9.010207e+00
9.370000e-06	-3.592345e-02	8.842768e+00
9.380000e-06	-3.471689e-02	8.788500e+00
9.390000e-06	-3.662740e-02	8.686245e+00
9.400000e-06	-3.753499e-02	8.590008e+00
9.410000e-06	-3.625376e-02	8.464840e+00
9.420000e-06	-3.635218e-02	8.439604e+00
9.430000e-06	-3.651984e-02	8.276920e+00
9.440000e-06	-3.682648e-02	8.128475e+00
9.450000e-06	-3.423766e-02	7.992611e+00
9.460000e-06	-3.593623e-02	7.906372e+00
9.470000e-06	-3.549731e-02	7.749951e+00
9.480000e-06	-3.507916e-02	7.651133e+00
9.490000e-06	-3.371679e-02	7.475849e+00
9.500000e-06	-3.381007e-02	7.355450e+00
9.510000e-06	-3.185473e-02	7.211048e+00
9.520000e-06	-2.978850e-02	7.084213e+00
9.530000e-06	-3.080190e-02	6.925872e+00
9.540000e-06	-2.945880e-02	6.789580e+00
9.550000e-06	-2.882371e-02	6.674238e+00
9.560000e-06	-2.515191e-02	6.493209e+00
9.570000e-06	-2.619131e-02	6.317342e+00
9.580000e-06	-2.466509e-02	6.169500e+00
9.590000e-06	-2.396937e-02	6.042108e+00
9.600000e-06	-2.211575e-02	5.947819e+00
9.610000e-06	-2.217286e-02	5.695839e+00
9.620000e-06	-2.062149e-02	5.578947e+00
9.630000e-06	-1.833134e-02	5.380479e+00
9.640000e-06	-1.768252e-02	5.190028e+00
9.650000e-06	-1.785301e-02	4.949051e+00
9.660000e-06	-1.550522e-02	4.770503e+00
9.670000e-06	-1.483782e-02	4.601105e+00
9.680000e-06	-1.323053e-02	4.453237e+00
9.690000e-06	-1.334466e-02	4.316423e+00
9.700000e-06	-1.112720e-02	4.104864e+00
9.710000e-06	-1.166442e-02	3.946916e+00
9.720000e-06	-1.228014e-02	3.758525e+00
9.730000e-06	-1.216692e-02	3.601104e+00
9.740000e-06	-9.356131e-03	3.417660e+00
9.750000e-06	-9.685198e-03	3.180533e+00
9.760000e-06	-8.363429e-03	3.042609e+00
9.770000e-06	-9.295946e-03	2.883234e+00
9.780000e-06	-8.265249e-03	2.744821e+00
9.790000e-06	-8.908728e-03	2.483788e+00
9.800000e-06	-8.280309e-03	2.294786e+00
9.810000e-06	-6.960060e-03	2.084367e+00
9.820000e-06	-7.245978e-03	1.945924e+00
9.830000e-06	-7.208032e-03	1.746549e+00
9.840000e-06	-7.127591e-03	1.536996e+00
9.850000e-06	-6.144403e-03	1.336399e+00
9.860000e-06	-6.339107e-03	1.199000e+00
9.870000e-06	-6.806153e-03	9.053449e-01
9.880000e-06	-5.705187e-03	7.342935e-01
9.890000e-06	-4.516967e-03	5.248462e-01
9.900000e-06	-4.599295e-03	3.679763e-01
9.910000e-06	-5.934112e-03	1.584449e-01
9.920000e-06	-1.511194e-03	-6.257639e-02
9.930000e-06	2.871285e-03	-2.199711e-01
9.940000e-06	-4.333349e-03	-3.673947e-01
9.950000e-06	1.463109e-03	-5.057379e-01
9.960000e-06	-3.323339e-03	-8.093406e-01
9.970000e-06	1.029710e-03	-8.852092e-01
9.980000e-06	-3.471945e-03	-1.054605e+00
9.990000e-06	8.276974e-03	-1.254053e+00
1.000000e-05	6.054484e-02	-1.463071e+00
1.001000e-05	4.484737e-02	-1.673630e+00
1.002000e-05	-7.871602e-02	-1.905711e+00
1.003000e-05	-1.122936e-02	-2.138885e+00
1.004000e-05	-9.851868e-02	-2.389845e+00
1.005000e-05	1.933500e-02	-2.485111e+00
1.006000e-05	1.662480e-01	-2.548265e+00
1.007000e-05	-1.698906e-01	-2.769868e+00
1.008000e-05	6.522777e-02	-2.919738e+00
1.009000e-05	9.154346e-02	-3.128743e+00
1.010000e-05	-1.925732e-01	-3.350338e+00
1.011000e-05	1.482263e-01	-3.545739e+00
1.012000e-05	2.466761e-02	-3.654078e+00
1.013000e-05	-1.717154e-01	-3.904763e+00
1.014000e-05	1.779947e-01	-4.003503e+00
1.015000e-05	-4.435300e-02	-4.221999e+00
1.016000e-05	6.896341e-03	-4.418522e+00
1.017000e-05	2.939629e-02	-4.507315e+00
1.018000e-05	-1.693402e-01	-4.731395e+00
1.019000e-05	1.642999e-01	-4.936764e+00
1.020000e-05	1.381398e-03	-5.084107e+00
1.021000e-05	-4.354719e-02	-5.238138e+00
1.022000e-05	5.183474e-02	-5.484159e+00
1.023000e-05	-9.002656e-02	-5.705157e+00
1.024000e-05	1.105696e-01	-5.790976e+00
1.025000e-05	-7.479235e-02	-5.948342e+00
1.026000e-05	3.269884e-02	-6.097762e+00
1.027000e-05	4.022935e-02	-6.266658e+00
1.028000e-05	-9.325084e-02	-6.463605e+00
1.029000e-05	1.177059e-01	-6.549446e+00
1.030000e-05	-6.491926e-02	-6.737917e+00
1.031000e-05	3.797999e-02	-6.866658e+00
1.032000e-05	-1.638306e-02	-7.032033e+00
1.033000e-05	-2.595396e-02	-7.222422e+00
1.034000e-05	9.455177e-02	-7.327689e+00
1.035000e-05	-6.829412e-02	-7.506182e+00
1.036000e-05	4.237065e-02	-7.599943e+00
1.037000e-05	-3.811460e-02	-7.821274e+00
1.038000e-05	3.460990e-02	-7.957889e+00
1.039000e-05	1.559705e-02	-8.033556e+00
1.040000e-05	-1.716513e-02	-8.170394e+00
1.041000e-05	4.844562e-02	-8.284210e+00
1.042000e-05	-3.936294e-02	-8.359972e+00
1.043000e-05	2.221246e-02	-8.454683e+00
1.044000e-05	-1.601791e-02	-8.599528e+00
1.045000e-05	3.278369e-02	-8.758916e+00
1.046000e-05	7.026481e-03	-8.833130e+00
1.047000e-05	-1.500792e-02	-8.949344e+00
1.048000e-05	2.207130e-02	-9.022002e+00
1.049000e-05	1.248018e-03	-9.106314e+00
1.050000e-05	2.008399e-02	-9.180472e+00
1.051000e-05	-1.443166e-02	-9.254080e+00
1.052000e-05	1.332930e-02	-9.319346e+00
1.053000e-05	9.075923e-03	-9.475509e+00
1.054000e-05	9.207401e-03	-9.557918e+00
1.055000e-05	8.820849e-03	-9.604024e+00
1.056000e-05	5.310578e-05	-9.715189e+00
1.057000e-05	4.299958e-03	-9.747417e+00
1.058000e-05	6.676707e-03	-9.792526e+00
1.059000e-05	2.368743e-02	-9.874187e+00
1.060000e-05	6.465991e-03	-9.926341e+00
1.061000e-05	-5.289964e-04	-9.968394e+00
1.062000e-05	1.527279e-04	-9.971024e+00
1.063000e-05	1.625612e-02	-1.002165e+01
1.064000e-05	1.629870e-02	-1.004661e+01
1.065000e-05	6.148121e-03	-1.007822e+01
1.066000e-05	3.407735e-03	-1.015182e+01
1.067000e-05	7.844320e-03	-1.018140e+01
1.068000e-05	1.385625e-02	-1.023413e+01
1.069000e-05	1.087409e-02	-1.026568e+01
1.070000e-05	6.924737e-03	-1.030578e+01
1.071000e-05	8.222809e-03	-1.031672e+01
1.072000e-05	1.499280e-02	-1.036892e+01
1.073000e-05	1.378648e-02	-1.033884e+01
1.074000e-05	1.076902e-02	-1.035885e+01
1.075000e-05	7.427968e-03	-1.033844e+01
1.076000e-05	1.095082e-02	-1.032834e+01
1.077000e-05	1.390188e-02	-1.034839e+01
1.078000e-05	1.614590e-02	-1.026834e+01
1.079000e-05	1.524338e-02	-1.034787e+01
1.080000e-05	1.187140e-02	-1.027421e+01
1.081000e-05	1.277053e-02	-1.027419e+01
1.082000e-05	1.662350e-02	-1.024459e+01
1.083000e-05	2.115405e-02	-1.018100e+01
1.084000e-05	1.879013e-02	-1.015944e+01
1.085000e-05	1.680658e-02	-1.010777e+01
1.086000e-05	1.906380e-02	-1.003571e+01
1.087000e-05	2.030989e-02	-1.003163e+01
1.088000e-05	1.958368e-02	-9.980597e+00
1.089000e-05	2.187013e-02	-9.907868e+00
1.090000e-05	2.318389e-02	-9.886189e+00
1.091000e-05	2.378949e-02	-9.834134e+00
1.092000e-05	2.370214e-02	-9.801948e+00
1.093000e-05	2.424161e-02	-9.727318e+00
1.094000e-05	2.472160e-02	-9.684711e+00
1.095000e-05	2.391111e-02	-9.611030e+00
1.096000e-05	2.599450e-02	-9.549948e+00
1.097000e-05	2.816922e-02	-9.476184e+00
1.098000e-05	2.840019e-02	-9.410027e+00
1.099000e-05	2.656255e-02	-9.297159e+00
1.100000e-05	2.651035e-02	-9.190500e+00
1.101000e-05	2.835964e-02	-9.108267e+00
1.102000e-05	2.928194e-02	-8.941030e+00
1.103000e-05	2.996019e-02	-8.897342e+00
1.104000e-05	2.907042e-02	-8.813153e+00
1.105000e-05	2.820575e-02	-8.768420e+00
1.106000e-05	2.905129e-02	-8.624130e+00
1.107000e-05	3.032009e-02	-8.484718e+00
1.108000e-05	3.055782e-02	-8.409999e+00
1.109000e-05	2.977152e-02	-8.315162e+00
1.110000e-05	2.930079e-02	-8.168999e+00
1.111000e-05	2.846655e-02	-8.063760e+00
1.112000e-05	2.898947e-02	-7.949871e+00
1.113000e-05	2.545755e-02	-7.833024e+00
1.114000e-05	2.622030e-02	-7.653586e+00
1.115000e-05	2.610635e-02	-7.525292e+00
1.116000e-05	2.901755e-02	-7.338421e+00
1.117000e-05	2.813441e-02	-7.230482e+00
1.118000e-05	2.530556e-02	-7.146361e+00
1.119000e-05	2.222642e-02	-6.918249e+00
1.120000e-05	2.248173e-02	-6.800000e+00
1.121000e-05	1.960685e-02	-6.645206e+00
1.122000e-05	1.979075e-02	-6.544189e+00
1.123000e-05	1.836705e-02	-6.358451e+00
1.124000e-05	1.997617e-02	-6.222601e+00
1.125000e-05	1.673611e-02	-5.991503e+00
1.126000e-05	1.530030e-02	-5.915765e+00
1.127000e-05	1.357987e-02	-5.728338e+00
1.128000e-05	1.373274e-02	-5.591050e+00
1.129000e-05	1.230916e-02	-5.372021e+00
1.130000e-05	9.826196e-03	-5.180024e+00
1.131000e-05	8.380511e-03	-5.012581e+00
1.132000e-05	7.588744e-03	-4.812526e+00
1.133000e-05	7.002755e-03	-4.642501e+00
1.134000e-05	7.975490e-03	-4.433735e+00
1.135000e-05	6.322075e-03	-4.349317e+00
1.136000e-05	3.977746e-03	-4.179499e+00
1.137000e-05	4.520837e-03	-4.000103e+00
1.138000e-05	3.260168e-03	-3.824078e+00
1.139000e-05	3.803369e-03	-3.602182e+00
1.140000e-05	1.350095e-03	-3.452109e+00
1.141000e-05	2.167903e-03	-3.263707e+00
1.142000e-05	3.356206e-03	-3.105942e+00
1.143000e-05	2.211852e-03	-2.875233e+00
1.144000e-05	8.453211e-04	-2.736313e+00
1.145000e-05	-2.259247e-03	-2.518387e+00
1.146000e-05	2.471579e-04	-2.348901e+00
1.147000e-05	1.199573e-03	-2.158495e+00
1.148000e-05	1.613173e-03	-1.958522e+00
1.149000e-05	-1.893163e-03	-1.771052e+00
1.150000e-05	-1.095417e-03	-1.620602e+00
1.151000e-05	-9.001383e-04	-1.420078e+00
1.152000e-05	-9.928693e-04	-1.139446e+00
1.153000e-05	-3.350005e-03	-9.985775e-01
1.154000e-05	-2.877401e-03	-7.710259e-01
1.155000e-05	-2.916903e-03	-5.684940e-01
1.156000e-05	-1.337886e-03	-3.599749e-01
1.157000e-05	-3.075554e-03	-2.410751e-01
1.158000e-05	1.140308e-03	-6.260409e-02
1.159000e-05	4.787306e-03	1.378434e-01
1.160000e-05	-1.680309e-03	3.478972e-01
1.161000e-05	8.224863e-04	4.957657e-01
1.162000e-05	-1.167332e-03	6.467391e-01
1.163000e-05	-2.283239e-03	8.025290e-01
1.164000e-05	-4.257700e-03	1.082205e+00
1.165000e-05	2.515545e-03	1.273632e+00
1.166000e-05	1.338674e-02	1.432575e+00
1.167000e-05	6.754078e-02	1.734316e+00
1.168000e-05	9.240206e-03	1.915796e+00
1.169000e-05	-5.951364e-02	2.085241e+00
1.170000e-05	-3.180654e-02	2.293663e+00
1.171000e-05	-6.282650e-02	2.420999e+00
1.172000e-05	-3.835628e-02	2.536448e+00
1.173000e-05	1.677285e-01	2.758944e+00
1.174000e-05	-9.495668e-02	2.925792e+00
1.175000e-05	-4.207752e-02	3.074133e+00
1.176000e-05	1.339500e-01	3.251550e+00
1.177000e-05	-1.269958e-01	3.504708e+00
1.178000e-05	3.583123e-02	3.611026e+00
1.179000e-05	7.152020e-02	3.768871e+00
1.180000e-05	-1.408289e-01	3.977997e+00
1.181000e-05	6.440985e-02	4.179292e+00
1.182000e-05	2.930166e-02	4.358397e+00
1.183000e-05	-3.267795e-02	4.526791e+00
1.184000e-05	5.779167e-03	4.665160e+00
1.185000e-05	-7.525088e-02	4.874737e+00
1.186000e-05	2.703985e-02	5.135342e+00
1.187000e-05	3.058156e-02	5.305741e+00
1.188000e-05	-9.857712e-04	5.452709e+00
1.189000e-05	-2.140332e-02	5.612080e+00
1.190000e-05	-2.408435e-02	5.770429e+00
1.191000e-05	1.975021e-02	5.987974e+00
1.192000e-05	-2.839525e-02	6.128342e+00
1.193000e-05	2.326286e-03	6.286163e+00
1.194000e-05	8.226997e-03	6.389000e+00
1.195000e-05	-3.852095e-02	6.571556e+00
1.196000e-05	2.715483e-02	6.778493e+00
1.197000e-05	-2.637233e-02	6.897189e+00
1.198000e-05	-8.020964e-03	7.032528e+00
1.199000e-05	-7.616598e-03	7.167396e+00
1.200000e-05	-9.012633e-03	7.265690e+00
1.201000e-05	1.329055e-02	7.501604e+00
1.202000e-05	-2.492318e-02	7.653081e+00
1.203000e-05	-4.248601e-03	7.747898e+00
1.204000e-05	-2.180640e-02	7.868291e+00
1.205000e-05	4.990898e-03	8.052682e+00
1.206000e-05	-9.479090e-03	8.161549e+00
1.207000e-05	-1.310466e-02	8.305787e+00
1.208000e-05	-6.524868e-05	8.399002e+00
1.209000e-05	-1.062131e-02	8.475162e+00
1.210000e-05	-1.221797e-02	8.608925e+00
1.211000e-05	-2.025951e-02	8.634663e+00
1.212000e-05	-4.524214e-03	8.827950e+00
1.213000e-05	-4.327710e-03	8.822237e+00
1.214000e-05	-1.077108e-02	8.947852e+00
1.215000e-05	-1.325114e-02	9.113341e+00
1.216000e-05	-1.158818e-02	9.199527e+00
1.217000e-05	-9.229915e-03	9.264587e+00
1.218000e-05	-1.149294e-02	9.316819e+00
1.219000e-05	-1.115387e-02	9.413086e+00
1.220000e-05	-1.201837e-02	9.534241e+00
1.221000e-05	-1.109884e-02	9.538994e+00
1.222000e-05	-1.417386e-02	9.593609e+00
1.223000e-05	-1.138744e-02	9.687248e+00
1.224000e-05	-1.590365e-02	9.770476e+00
1.225000e-05	-1.052841e-02	9.825680e+00
1.226000e-05	-7.744717e-03	9.956847e+00
1.227000e-05	-1.075070e-02	9.990050e+00
1.228000e-05	-1.839749e-02	1.001206e+01
1.229000e-05	-1.843935e-02	1.007264e+01
1.230000e-05	-1.231641e-02	1.008677e+01
1.231000e-05	-1.099439e-02	1.013795e+01
1.232000e-05	-1.407880e-02	1.016947e+01
1.233000e-05	-1.550379e-02	1.020008e+01
1.234000e-05	-1.495013e-02	1.021211e+01
1.235000e-05	-1.552491e-02	1.024363e+01
1.236000e-05	-1.525167e-02	1.027724e+01
1.237000e-05	-1.715585e-02	1.026579e+01
1.238000e-05	-1.770154e-02	1.034734e+01
1.239000e-05	-1.525403e-02	1.034827e+01
1.240000e-05	-1.560472e-02	1.033589e+01
1.241000e-05	-1.784794e-02	1.034635e+01
1.242000e-05	-2.108097e-02	1.030592e+01
1.243000e-05	-1.698739e-02	1.030634e+01
1.244000e-05	-1.732800e-02	1.033587e+01
1.245000e-05	-1.857064e-02	1.033527e+01
1.246000e-05	-2.175259e-02	1.026526e+01
1.247000e-05	-2.392990e-02	1.026369e+01
1.248000e-05	-2.299026e-02	1.023566e+01
1.249000e-05	-2.296682e-02	1.020056e+01
1.250000e-05	-2.352282e-02	1.021098e+01
1.251000e-05	-2.485402e-02	1.014942e+01
1.252000e-05	-2.413318e-02	1.015737e+01
1.253000e-05	-2.485881e-02	1.009524e+01
1.254000e-05	-2.624824e-02	1.004164e+01
1.255000e-05	-3.000433e-02	1.002111e+01
1.256000e-05	-2.970093e-02	9.959849e+00
1.257000e-05	-2.937986e-02	9.917266e+00
1.258000e-05	-2.870647e-02	9.791564e+00
1.259000e-05	-3.114689e-02	9.737421e+00
1.260000e-05	-3.281762e-02	9.665394e+00
1.261000e-05	-3.228548e-02	9.590555e+00
1.262000e-05	-3.215820e-02	9.547343e+00
1.263000e-05	-3.209595e-02	9.442736e+00
1.264000e-05	-3.329613e-02	9.358875e+00
1.265000e-05	-3.449576e-02	9.297343e+00
1.266000e-05	-3.531241e-02	9.242606e+00
1.267000e-05	-3.632647e-02	9.148974e+00
1.268000e-05	-3.423017e-02	9.063188e+00
1.269000e-05	-3.655229e-02	8.949475e+00
1.270000e-05	-3.455196e-02	8.810685e+00
1.271000e-05	-3.626982e-02	8.737875e+00
1.272000e-05	-3.564753e-02	8.622161e+00
1.273000e-05	-3.833157e-02	8.536348e+00
1.274000e-05	-3.502413e-02	8.451635e+00
1.275000e-05	-3.668577e-02	8.338873e+00
1.276000e-05	-3.582181e-02	8.242581e+00
1.277000e-05	-3.738243e-02	8.063717e+00
1.278000e-05	-3.536479e-02	7.982526e+00
1.279000e-05	-3.584109e-02	7.832087e+00
1.280000e-05	-3.497821e-02	7.703772e+00
1.281000e-05	-3.493815e-02	7.587026e+00
1.282000e-05	-3.276013e-02	7.392588e+00
1.283000e-05	-3.174286e-02	7.262713e+00
1.284000e-05	-3.029749e-02	7.115345e+00
1.285000e-05	-3.119765e-02	6.990053e+00
1.286000e-05	-3.082568e-02	6.860636e+00
1.287000e-05	-2.981055e-02	6.737925e+00
1.288000e-05	-2.618131e-02	6.557450e+00
1.289000e-05	-2.599375e-02	6.378951e+00
1.290000e-05	-2.459003e-02	6.211683e+00
1.291000e-05	-2.468191e-02	6.094267e+00
1.292000e-05	-2.195118e-02	5.989002e+00
1.293000e-05	-2.163890e-02	5.768604e+00
1.294000e-05	-2.132254e-02	5.610106e+00
1.295000e-05	-1.975992e-02	5.501162e+00
1.296000e-05	-1.815952e-02	5.264788e+00
1.297000e-05	-1.744704e-02	5.115243e+00
1.298000e-05	-1.661109e-02	4.882238e+00
1.299000e-05	-1.590343e-02	4.695321e+00
1.300000e-05	-1.384971e-02	4.527392e+00
1.301000e-05	-1.267320e-02	4.369550e+00
1.302000e-05	-1.218730e-02	4.188083e+00
1.303000e-05	-1.171631e-02	3.989603e+00
1.304000e-05	-1.159954e-02	3.841633e+00
1.305000e-05	-1.145900e-02	3.673233e+00
1.306000e-05	-1.132714e-02	3.513321e+00
1.307000e-05	-1.028999e-02	3.243313e+00
1.308000e-05	-9.088089e-03	3.115419e+00
1.309000e-05	-8.315423e-03	2.927400e+00
1.310000e-05	-8.454691e-03	2.779053e+00
1.311000e-05	-8.221091e-03	2.608477e+00
1.312000e-05	-7.815400e-03	2.328426e+00
1.313000e-05	-7.789237e-03	2.179475e+00
1.314000e-05	-7.777992e-03	2.010055e+00
1.315000e-05	-8.257814e-03	1.862735e+00
1.316000e-05	-6.686580e-03	1.631133e+00
1.317000e-05	-6.512278e-03	1.411082e+00
1.318000e-05	-6.151340e-03	1.271708e+00
1.319000e-05	-5.628988e-03	1.011604e+00
1.320000e-05	-5.565175e-03	7.985791e-01
1.321000e-05	-5.177985e-03	6.311290e-01
1.322000e-05	-5.958381e-03	4.326305e-01
1.323000e-05	-5.615843e-03	2.431892e-01
1.324000e-05	-4.620997e-03	3.153177e-02
1.325000e-05	2.320073e-03	-1.583145e-01
1.326000e-05	-1.708803e-03	-3.057578e-01
1.327000e-05	-1.440448e-03	-4.515064e-01
1.328000e-05	-6.882119e-04	-6.836801e-01
1.329000e-05	-1.651452e-03	-8.416038e-01
1.330000e-05	-1.299727e-03	-1.019395e+00
1.331000e-05	2.272955e-03	-1.177892e+00
1.332000e-05	2.395001e-02	-1.289238e+00
1.333000e-05	9.145024e-02	-1.590420e+00
1.334000e-05	-5.985505e-02	-1.829971e+00
1.335000e-05	-2.466394e-02	-1.985078e+00
1.336000e-05	-6.169384e-02	-2.305302e+00
1.337000e-05	-7.754401e-02	-2.432555e+00
1.338000e-05	1.629596e-01	-2.535238e+00
1.339000e-05	-1.106454e-02	-2.654606e+00
1.340000e-05	-1.280654e-01	-2.864733e+00
1.341000e-05	2.037158e-01	-3.076130e+00
1.342000e-05	-1.433958e-01	-3.244054e+00
1.343000e-05	-1.441095e-02	-3.435054e+00
1.344000e-05	1.675447e-01	-3.569445e+00
1.345000e-05	-1.752234e-01	-3.792047e+00
1.346000e-05	3.771421e-02	-3.979421e+00
1.347000e-05	1.181435e-01	-4.078714e+00
1.348000e-05	-1.105378e-01	-4.357441e+00
1.349000e-05	1.121181e-01	-4.444084e+00
1.350000e-05	-1.522048e-01	-4.651581e+00
1.351000e-05	1.971186e-02	-4.823605e+00
1.352000e-05	1.431822e-01	-5.011925e+00
1.353000e-05	-1.084585e-01	-5.202049e+00
1.354000e-05	7.689437e-02	-5.392017e+00
1.355000e-05	-7.398060e-02	-5.589951e+00
1.356000e-05	3.387745e-02	-5.747915e+00
1.357000e-05	3.767752e-02	-5.885635e+00
1.358000e-05	-7.879351e-02	-6.034054e+00
1.359000e-05	1.142011e-01	-6.211027e+00
1.360000e-05	-1.003442e-01	-6.380947e+00
1.361000e-05	5.357267e-02	-6.517863e+00
1.362000e-05	3.165503e-02	-6.675158e+00
1.363000e-05	-5.198559e-02	-6.843053e+00
1.364000e-05	6.215536e-02	-6.948391e+00
1.365000e-05	-8.294601e-02	-7.127387e+00
1.366000e-05	9.492797e-02	-7.274631e+00
1.367000e-05	-1.741191e-02	-7.402026e+00
1.368000e-05	-1.289371e-02	-7.548367e+00
1.369000e-05	1.501496e-02	-7.667189e+00
1.370000e-05	-2.799412e-02	-7.874160e+00
1.371000e-05	6.032898e-02	-8.000997e+00
1.372000e-05	-3.892668e-02	-8.097737e+00
1.373000e-05	4.319350e-02	-8.212102e+00
1.374000e-05	-6.703099e-03	-8.337841e+00
1.375000e-05	-8.990900e-03	-8.432631e+00
1.376000e-05	1.404327e-02	-8.519791e+00
1.377000e-05	-5.673064e-03	-8.705237e+00
1.378000e-05	4.086085e-02	-8.792546e+00
1.379000e-05	-2.796449e-02	-8.885682e+00
1.380000e-05	2.012859e-02	-8.970448e+00
1.381000e-05	3.316239e-03	-9.035708e+00
1.382000e-05	1.548379e-02	-9.168971e+00
1.383000e-05	1.628626e-03	-9.232079e+00
1.384000e-05	-3.402578e-03	-9.298270e+00
1.385000e-05	2.068266e-02	-9.461550e+00
1.386000e-05	2.878170e-04	-9.477316e+00
1.387000e-05	1.444532e-02	-9.601574e+00
1.388000e-05	-2.377328e-03	-9.664134e+00
1.389000e-05	6.118718e-03	-9.706789e+00
1.390000e-05	2.737271e-03	-9.740495e+00
1.391000e-05	1.900492e-02	-9.863055e+00
1.392000e-05	1.728880e-02	-9.865789e+00
1.393000e-05	1.548103e-04	-9.967818e+00
1.394000e-05	1.306910e-03	-9.961472e+00
1.395000e-05	7.257953e-03	-1.001108e+01
1.396000e-05	1.789836e-02	-1.004306e+01
1.397000e-05	7.789374e-03	-1.008684e+01
1.398000e-05	4.577921e-03	-1.015830e+01
1.399000e-05	6.901683e-03	-1.018293e+01
1.400000e-05	1.268374e-02	-1.025213e+01
1.401000e-05	1.452191e-02	-1.027476e+01
1.402000e-05	8.950590e-03	-1.029464e+01
1.403000e-05	6.390969e-03	-1.034781e+01
1.404000e-05	1.124992e-02	-1.034680e+01
1.405000e-05	1.549066e-02	-1.034739e+01
1.406000e-05	1.125101e-02	-1.035944e+01
1.407000e-05	7.876765e-03	-1.033945e+01
1.408000e-05	9.009468e-03	-1.035792e+01
1.409000e-05	1.432748e-02	-1.034790e+01
1.410000e-05	1.708537e-02	-1.036837e+01
1.411000e-05	1.613221e-02	-1.031786e+01
1.412000e-05	1.405579e-02	-1.033639e+01
1.413000e-05	1.276938e-02	-1.024476e+01
1.414000e-05	1.541478e-02	-1.027566e+01
1.415000e-05	1.794765e-02	-1.019510e+01
1.416000e-05	1.890418e-02	-1.018150e+01
1.417000e-05	1.712839e-02	-1.013839e+01
1.418000e-05	1.877699e-02	-1.006571e+01
1.419000e-05	2.083874e-02	-1.003423e+01
1.420000e-05	1.986839e-02	-9.960000e+00
1.421000e-05	2.080628e-02	-9.958502e+00
1.422000e-05	2.224095e-02	-9.936316e+00
1.423000e-05	2.385464e-02	-9.885138e+00
1.424000e-05	2.298641e-02	-9.811105e+00
1.425000e-05	2.385579e-02	-9.748900e+00
1.426000e-05	2.562160e-02	-9.716713e+00
1.427000e-05	2.424003e-02	-9.622632e+00
1.428000e-05	2.523066e-02	-9.560448e+00
1.429000e-05	2.745170e-02	-9.547817e+00
1.430000e-05	2.921574e-02	-9.434607e+00
1.431000e-05	2.679443e-02	-9.337820e+00
1.432000e-05	2.678636e-02	-9.222607e+00
1.433000e-05	2.747033e-02	-9.117918e+00
1.434000e-05	2.892602e-02	-9.093685e+00
1.435000e-05	2.822450e-02	-8.918448e+00
1.436000e-05	2.907037e-02	-8.834683e+00
1.437000e-05	2.868690e-02	-8.780524e+00
1.438000e-05	2.900311e-02	-8.696316e+00
1.439000e-05	3.022231e-02	-8.549420e+00
1.440000e-05	2.965446e-02	-8.422131e+00
1.441000e-05	2.927407e-02	-8.327793e+00
1.442000e-05	2.884011e-02	-8.239601e+00
1.443000e-05	2.906127e-02	-8.126417e+00
1.444000e-05	2.780472e-02	-7.990029e+00
1.445000e-05	2.730991e-02	-7.834185e+00
1.446000e-05	2.706859e-02	-7.685333e+00
1.447000e-05	2.729321e-02	-7.518447e+00
1.448000e-05	2.713047e-02	-7.452155e+00
1.449000e-05	2.665107e-02	-7.285793e+00
1.450000e-05	2.565436e-02	-7.179501e+00
1.451000e-05	2.383808e-02	-7.039634e+00
1.452000e-05	2.191572e-02	-6.844155e+00
1.453000e-05	2.179496e-02	-6.705843e+00
1.454000e-05	2.060808e-02	-6.569526e+00
1.455000e-05	1.984111e-02	-6.421155e+00
1.456000e-05	1.812797e-02	-6.277268e+00
1.457000e-05	1.708588e-02	-6.117762e+00
1.458000e-05	1.525623e-02	-5.957922e+00
1.459000e-05	1.379190e-02	-5.820601e+00
1.460000e-05	1.295626e-02	-5.643262e+00
1.461000e-05	1.191298e-02	-5.467759e+00
1.462000e-05	1.138637e-02	-5.274208e+00
1.463000e-05	9.989752e-03	-5.116187e+00
1.464000e-05	7.330841e-03	-4.895847e+00
1.465000e-05	7.534923e-03	-4.703636e+00
1.466000e-05	5.910540e-03	-4.567868e+00
1.467000e-05	7.288315e-03	-4.410528e+00
1.468000e-05	4.317304e-03	-4.252532e+00
1.469000e-05	5.647450e-03	-4.083612e+00
1.470000e-05	3.028928e-03	-3.938865e+00
1.471000e-05	4.123884e-03	-3.734212e+00
1.472000e-05	3.025655e-03	-3.567870e+00
1.473000e-05	3.352403e-03	-3.358397e+00
1.474000e-05	2.587241e-03	-3.188527e+00
1.475000e-05	1.897326e-03	-2.979623e+00
1.476000e-05	-2.888772e-04	-2.819504e+00
1.477000e-05	-9.252489e-04	-2.611030e+00
1.478000e-05	-3.507109e-04	-2.432601e+00
1.479000e-05	4.894633e-04	-2.283985e+00
1.480000e-05	1.144926e-03	-2.012057e+00
1.481000e-05	-4.501212e-04	-1.903183e+00
1.482000e-05	-2.366978e-04	-1.695256e+00
1.483000e-05	-1.286714e-03	-1.505741e+00
1.484000e-05	-1.324803e-03	-1.252179e+00
1.485000e-05	-3.650284e-03	-1.044155e+00
1.486000e-05	-1.591087e-03	-8.827068e-01
1.487000e-05	-2.591132e-03	-6.958355e-01
1.488000e-05	-1.320330e-03	-4.652328e-01
1.489000e-05	-2.565618e-03	-3.147619e-01
1.490000e-05	-1.052943e-03	-1.558130e-01
1.491000e-05	3.864665e-03	6.360520e-02
1.492000e-05	1.525656e-03	2.626843e-01
1.493000e-05	-1.755059e-03	4.216827e-01
1.494000e-05	8.969580e-04	6.305501e-01
1.495000e-05	-2.719787e-03	7.975310e-01
1.496000e-05	-2.936619e-03	9.061895e-01
1.497000e-05	-1.510563e-03	1.168921e+00
1.498000e-05	5.814702e-03	1.337867e+00
1.499000e-05	3.861546e-02	1.589924e+00
1.500000e-05	6.155699e-02	1.853058e+00
1.501000e-05	-5.570341e-02	2.030552e+00
1.502000e-05	-3.464494e-02	2.189975e+00
1.503000e-05	-4.839240e-02	2.348921e+00
1.504000e-05	-7.178041e-02	2.483216e+00
1.505000e-05	8.885838e-02	2.663609e+00
1.506000e-05	7.795987e-02	2.832985e+00
1.507000e-05	-1.770589e-01	3.021474e+00
1.508000e-05	1.554202e-01	3.147768e+00
1.509000e-05	-4.570532e-02	3.371401e+00
1.510000e-05	-6.689685e-02	3.566899e+00
1.511000e-05	1.118854e-01	3.675209e+00
1.512000e-05	-7.745029e-02	3.916691e+00
1.513000e-05	-5.235499e-02	4.065184e+00
1.514000e-05	1.034985e-01	4.285585e+00
1.515000e-05	-4.641571e-02	4.444583e+00
1.516000e-05	6.830106e-03	4.611026e+00
1.517000e-05	-4.564568e-02	4.779485e+00
1.518000e-05	-3.485644e-02	5.042026e+00
1.519000e-05	6.056821e-02	5.209632e+00
1.520000e-05	-5.619769e-03	5.401028e+00
1.521000e-05	6.594834e-04	5.547847e+00
1.522000e-05	-4.504055e-02	5.686340e+00
1.523000e-05	1.549974e-02	5.907337e+00
1.524000e-05	-5.229610e-03	6.062683e+00
1.525000e-05	-2.472094e-02	6.211061e+00
1.526000e-05	2.755302e-02	6.377421e+00
1.527000e-05	-4.107629e-02	6.477666e+00
1.528000e-05	7.560096e-03	6.684787e+00
1.529000e-05	-8.782178e-04	6.822107e+00
1.530000e-05	-2.251261e-02	6.947923e+00
1.531000e-05	-4.880297e-04	7.075243e+00
1.532000e-05	-1.534025e-02	7.211604e+00
1.533000e-05	7.874127e-03	7.371898e+00
1.534000e-05	-8.665033e-03	7.546347e+00
1.535000e-05	-1.544801e-02	7.665714e+00
1.536000e-05	-1.219732e-02	7.802084e+00
1.537000e-05	-1.082618e-02	8.018550e+00
1.538000e-05	1.852130e-03	8.168841e+00
1.539000e-05	-1.514193e-02	8.253581e+00
1.540000e-05	-4.934850e-03	8.356923e+00
1.541000e-05	-2.692036e-03	8.443657e+00
1.542000e-05	-1.598020e-02	8.537295e+00
1.543000e-05	-1.403071e-02	8.602608e+00
1.544000e-05	-1.456405e-02	8.748922e+00
1.545000e-05	2.127781e-03	8.810003e+00
1.546000e-05	-1.078797e-02	8.896223e+00
1.547000e-05	-1.256203e-02	9.004035e+00
1.548000e-05	-1.192335e-02	9.148896e+00
1.549000e-05	-1.052094e-02	9.231580e+00
1.550000e-05	-8.244144e-03	9.276266e+00
1.551000e-05	-1.390915e-02	9.390902e+00
1.552000e-05	-8.100458e-03	9.472638e+00
1.553000e-05	-1.257007e-02	9.497366e+00
1.554000e-05	-1.199642e-02	9.590529e+00
1.555000e-05	-1.375285e-02	9.672663e+00
1.556000e-05	-1.421763e-02	9.726297e+00
1.557000e-05	-1.492094e-02	9.793579e+00
1.558000e-05	-9.941561e-03	9.923817e+00
1.559000e-05	-5.556615e-03	9.968925e+00
1.560000e-05	-1.450799e-02	1.001103e+01
1.561000e-05	-1.780895e-02	1.003361e+01
1.562000e-05	-1.661924e-02	1.007622e+01
1.563000e-05	-9.850219e-03	1.013687e+01
1.564000e-05	-1.326350e-02	1.018087e+01
1.565000e-05	-1.797775e-02	1.016995e+01
1.566000e-05	-1.564822e-02	1.025501e+01
1.567000e-05	-1.509699e-02	1.024366e+01
1.568000e-05	-1.374997e-02	1.027531e+01
1.569000e-05	-1.696737e-02	1.029671e+01
1.570000e-05	-1.651349e-02	1.031634e+01
1.571000e-05	-1.661143e-02	1.029629e+01
1.572000e-05	-1.280457e-02	1.034731e+01
1.573000e-05	-1.787159e-02	1.028642e+01
1.574000e-05	-2.120138e-02	1.036694e+01
1.575000e-05	-2.115039e-02	1.033730e+01
1.576000e-05	-1.851076e-02	1.028829e+01
1.577000e-05	-1.813936e-02	1.032624e+01
1.578000e-05	-2.042550e-02	1.030632e+01
1.579000e-05	-2.152643e-02	1.028524e+01
1.580000e-05	-2.328795e-02	1.027276e+01
1.581000e-05	-2.252732e-02	1.019406e+01
1.582000e-05	-2.424032e-02	1.022148e+01
1.583000e-05	-2.461158e-02	1.016850e+01
1.584000e-05	-2.523016e-02	1.013750e+01
1.585000e-05	-2.474786e-02	1.009582e+01
1.586000e-05	-2.640737e-02	1.004266e+01
1.587000e-05	-2.913709e-02	1.001013e+01
1.588000e-05	-2.877551e-02	9.960027e+00
1.589000e-05	-2.972947e-02	9.936375e+00
1.590000e-05	-2.795878e-02	9.854662e+00
1.591000e-05	-3.070550e-02	9.781483e+00
1.592000e-05	-3.049931e-02	9.687273e+00
1.593000e-05	-3.201024e-02	9.652033e+00
1.594000e-05	-3.418888e-02	9.558425e+00
1.595000e-05	-3.283749e-02	9.465767e+00
1.596000e-05	-3.369263e-02	9.413207e+00
1.597000e-05	-3.177846e-02	9.317421e+00
1.598000e-05	-3.568202e-02	9.273712e+00
1.599000e-05	-3.503854e-02	9.189530e+00
1.600000e-05	-3.718050e-02	9.127390e+00
1.601000e-05	-3.548715e-02	9.022461e+00
1.602000e-05	-3.514409e-02	8.862737e+00
1.603000e-05	-3.603797e-02	8.758528e+00
1.604000e-05	-3.679883e-02	8.694740e+00
1.605000e-05	-3.820704e-02	8.571028e+00
1.606000e-05	-3.579568e-02	8.483792e+00
1.607000e-05	-3.607333e-02	8.360555e+00
1.608000e-05	-3.578401e-02	8.264715e+00
1.609000e-05	-3.651896e-02	8.166870e+00
1.610000e-05	-3.530800e-02	7.992509e+00
1.611000e-05	-3.615254e-02	7.914342e+00
1.612000e-05	-3.485693e-02	7.739972e+00
1.613000e-05	-3.504957e-02	7.642658e+00
1.614000e-05	-3.457845e-02	7.536316e+00
1.615000e-05	-3.365279e-02	7.335451e+00
1.616000e-05	-3.113095e-02	7.170051e+00
1.617000e-05	-2.959469e-02	7.041687e+00
1.618000e-05	-3.052542e-02	6.884894e+00
1.619000e-05	-3.011437e-02	6.779525e+00
1.620000e-05	-2.729290e-02	6.622158e+00
1.621000e-05	-2.458854e-02	6.441059e+00
1.622000e-05	-2.569684e-02	6.296791e+00
1.623000e-05	-2.524728e-02	6.179000e+00
1.624000e-05	-2.457256e-02	6.021582e+00
1.625000e-05	-2.151170e-02	5.894794e+00
1.626000e-05	-2.170331e-02	5.684265e+00
1.627000e-05	-1.995305e-02	5.546868e+00
1.628000e-05	-1.791953e-02	5.369551e+00
1.629000e-05	-1.694900e-02	5.169554e+00
1.630000e-05	-1.707867e-02	4.925452e+00
1.631000e-05	-1.698029e-02	4.778575e+00
1.632000e-05	-1.474089e-02	4.580556e+00
1.633000e-05	-1.369441e-02	4.421658e+00
1.634000e-05	-1.258752e-02	4.305318e+00
1.635000e-05	-1.158065e-02	4.082236e+00
1.636000e-05	-1.185756e-02	3.874365e+00
1.637000e-05	-1.153607e-02	3.726418e+00
1.638000e-05	-1.126729e-02	3.578551e+00
1.639000e-05	-1.063067e-02	3.419532e+00
1.640000e-05	-9.753590e-03	3.151006e+00
1.641000e-05	-9.166560e-03	3.000107e+00
1.642000e-05	-8.126583e-03	2.863184e+00
1.643000e-05	-9.518968e-03	2.664286e+00
1.644000e-05	-8.811004e-03	2.422087e+00
1.645000e-05	-9.310303e-03	2.251609e+00
1.646000e-05	-6.721385e-03	2.075339e+00
1.647000e-05	-6.255070e-03	1.915868e+00
1.648000e-05	-7.115365e-03	1.714867e+00
1.649000e-05	-7.903952e-03	1.515420e+00
1.650000e-05	-6.410922e-03	1.335320e+00
1.651000e-05	-5.985767e-03	1.117371e+00
1.652000e-05	-6.369408e-03	8.742647e-01
1.653000e-05	-6.512908e-03	7.338370e-01
1.654000e-05	-5.475369e-03	4.953922e-01
1.655000e-05	-4.122750e-03	3.449249e-01
1.656000e-05	-5.503725e-03	1.463438e-01
1.657000e-05	-4.270450e-04	-5.562927e-02
1.658000e-05	2.464080e-03	-2.029750e-01
1.659000e-05	-3.233205e-03	-3.999451e-01
1.660000e-05	1.223186e-03	-5.289144e-01
1.661000e-05	-3.749714e-03	-7.808661e-01
1.662000e-05	-3.547859e-04	-9.277930e-01
1.663000e-05	-3.125915e-03	-1.104687e+00
1.664000e-05	9.332330e-03	-1.336562e+00
1.665000e-05	7.289894e-02	-1.473184e+00
1.666000e-05	2.242097e-02	-1.676161e+00
1.667000e-05	-6.997404e-02	-1.937788e+00
1.668000e-05	-1.672171e-02	-2.180569e+00
1.669000e-05	-1.017887e-01	-2.423449e+00
1.670000e-05	5.232518e-02	-2.444633e+00
1.671000e-05	1.426913e-01	-2.570444e+00
1.672000e-05	-1.852009e-01	-2.830969e+00
1.673000e-05	1.152611e-01	-3.000529e+00
1.674000e-05	3.816573e-02	-3.160441e+00
1.675000e-05	-1.785206e-01	-3.349916e+00
1.676000e-05	1.728524e-01	-3.547789e+00
1.677000e-05	-2.225724e-02	-3.634734e+00
1.678000e-05	-1.430791e-01	-3.925842e+00
1.679000e-05	1.942109e-01	-4.022128e+00
1.680000e-05	-7.911146e-02	-4.234478e+00
1.681000e-05	4.329057e-02	-4.431976e+00
1.682000e-05	-1.305787e-02	-4.508367e+00
1.683000e-05	-1.465039e-01	-4.789498e+00
1.684000e-05	1.876895e-01	-4.937367e+00
1.685000e-05	-3.508463e-02	-5.126209e+00
1.686000e-05	-1.449351e-02	-5.298113e+00
1.687000e-05	2.527437e-02	-5.466160e+00
1.688000e-05	-7.239466e-02	-5.686234e+00
1.689000e-05	1.139256e-01	-5.824054e+00
1.690000e-05	-9.420208e-02	-5.958445e+00
1.691000e-05	6.258126e-02	-6.119213e+00
1.692000e-05	6.295870e-03	-6.326737e+00
1.693000e-05	-6.902352e-02	-6.465629e+00
1.694000e-05	1.149034e-01	-6.612471e+00
1.695000e-05	-8.022974e-02	-6.759345e+00
1.696000e-05	5.439521e-02	-6.857629e+00
1.697000e-05	-3.946279e-02	-7.095610e+00
1.698000e-05	5.376170e-03	-7.211577e+00
1.699000e-05	7.880032e-02	-7.318395e+00
1.700000e-05	-7.065327e-02	-7.506710e+00
1.701000e-05	4.497455e-02	-7.587027e+00
1.702000e-05	-4.528516e-02	-7.781375e+00
1.703000e-05	4.934268e-02	-7.989946e+00
1.704000e-05	-2.305038e-03	-8.043581e+00
1.705000e-05	-5.738598e-03	-8.159969e+00
1.706000e-05	4.236644e-02	-8.285730e+00
1.707000e-05	-3.640161e-02	-8.390000e+00
1.708000e-05	2.903809e-02	-8.487189e+00
1.709000e-05	-2.023685e-02	-8.641106e+00
1.710000e-05	3.837857e-02	-8.787965e+00
1.711000e-05	-4.937829e-03	-8.833034e+00
1.712000e-05	-6.108371e-03	-8.908893e+00
1.713000e-05	1.921115e-02	-9.031501e+00
1.714000e-05	2.396174e-04	-9.146789e+00
1.715000e-05	1.914439e-02	-9.200400e+00
1.716000e-05	-1.467272e-02	-9.226106e+00
1.717000e-05	2.120548e-02	-9.308871e+00
1.718000e-05	5.152496e-03	-9.475229e+00
1.719000e-05	1.194974e-02	-9.599895e+00
1.720000e-05	5.285111e-03	-9.653078e+00
1.721000e-05	1.278255e-03	-9.695287e+00
1.722000e-05	4.706440e-03	-9.768920e+00
1.723000e-05	8.126760e-03	-9.793025e+00
1.724000e-05	2.205369e-02	-9.865160e+00
1.725000e-05	5.430760e-03	-9.926844e+00
1.726000e-05	5.975613e-04	-9.958942e+00
1.727000e-05	3.008928e-03	-9.991975e+00
1.728000e-05	1.642424e-02	-1.003406e+01
1.729000e-05	1.425193e-02	-1.005369e+01
1.730000e-05	4.430652e-03	-1.007834e+01
1.731000e-05	5.638127e-03	-1.010990e+01
1.732000e-05	9.891501e-03	-1.019207e+01
1.733000e-05	1.368730e-02	-1.023465e+01
1.734000e-05	8.556054e-03	-1.028613e+01
1.735000e-05	5.694843e-03	-1.029781e+01
1.736000e-05	8.758977e-03	-1.031829e+01
1.737000e-05	1.660770e-02	-1.033741e+01
1.738000e-05	1.400646e-02	-1.035887e+01
1.739000e-05	9.162955e-03	-1.037050e+01
1.740000e-05	7.174293e-03	-1.037747e+01
1.741000e-05	1.215406e-02	-1.035842e+01
1.742000e-05	1.559892e-02	-1.034139e+01
1.743000e-05	1.661240e-02	-1.032939e+01
1.744000e-05	1.385284e-02	-1.033734e+01
1.745000e-05	1.151467e-02	-1.029721e+01
1.746000e-05	1.374360e-02	-1.026269e+01
1.747000e-05	1.772708e-02	-1.022514e+01
1.748000e-05	1.911974e-02	-1.020346e+01
1.749000e-05	1.723887e-02	-1.012892e+01
1.750000e-05	1.845447e-02	-1.008729e+01
1.751000e-05	2.157544e-02	-1.004469e+01
1.752000e-05	2.102555e-02	-1.003260e+01
1.753000e-05	1.895357e-02	-1.000097e+01
1.754000e-05	2.080498e-02	-9.937917e+00
1.755000e-05	2.381545e-02	-9.884738e+00
1.756000e-05	2.285052e-02	-9.834113e+00
1.757000e-05	2.341146e-02	-9.749500e+00
1.758000e-05	2.487575e-02	-9.727820e+00
1.759000e-05	2.616641e-02	-9.655183e+00
1.760000e-05	2.555912e-02	-9.600479e+00
1.761000e-05	2.582100e-02	-9.559344e+00
1.762000e-05	2.794014e-02	-9.485213e+00
1.763000e-05	2.760396e-02	-9.370450e+00
1.764000e-05	2.759685e-02	-9.274135e+00
1.765000e-05	2.714560e-02	-9.190052e+00
1.766000e-05	2.778384e-02	-9.087162e+00
1.767000e-05	2.945824e-02	-9.011452e+00
1.768000e-05	2.862763e-02	-8.895316e+00
1.769000e-05	2.921363e-02	-8.821103e+00
1.770000e-05	2.931531e-02	-8.748322e+00
1.771000e-05	2.960233e-02	-8.582103e+00
1.772000e-05	3.012983e-02	-8.443686e+00
1.773000e-05	2.924431e-02	-8.358451e+00
1.774000e-05	2.898581e-02	-8.276714e+00
1.775000e-05	2.876711e-02	-8.189869e+00
1.776000e-05	2.951073e-02	-8.043636e+00
1.777000e-05	2.871502e-02	-7.929297e+00
1.778000e-05	2.738936e-02	-7.819450e+00
1.779000e-05	2.562951e-02	-7.611577e+00
1.780000e-05	2.731421e-02	-7.495191e+00
1.781000e-05	2.749203e-02	-7.298892e+00
1.782000e-05	2.578454e-02	-7.211579e+00
1.783000e-05	2.216937e-02	-7.085666e+00
1.784000e-05	2.247116e-02	-6.905240e+00
1.785000e-05	2.274416e-02	-6.770000e+00
1.786000e-05	2.186426e-02	-6.602634e+00
1.787000e-05	1.958049e-02	-6.495786e+00
1.788000e-05	1.895513e-02	-6.389497e+00
1.789000e-05	1.782402e-02	-6.191029e+00
1.790000e-05	1.660505e-02	-6.001075e+00
1.791000e-05	1.379109e-02	-5.843232e+00
1.792000e-05	1.440391e-02	-5.724238e+00
1.793000e-05	1.249234e-02	-5.589847e+00
1.794000e-05	1.120799e-02	-5.409019e+00
1.795000e-05	9.506634e-03	-5.147527e+00
1.796000e-05	1.004451e-02	-5.001551e+00
1.797000e-05	8.294049e-03	-4.757550e+00
1.798000e-05	6.688743e-03	-4.599472e+00
1.799000e-05	8.037372e-03	-4.443138e+00
1.800000e-05	6.146224e-03	-4.296241e+00
1.801000e-05	4.063104e-03	-4.148422e+00
1.802000e-05	4.458951e-03	-4.019979e+00
1.803000e-05	3.495078e-03	-3.790649e+00
1.804000e-05	3.590394e-03	-3.600531e+00
1.805000e-05	2.722114e-03	-3.423555e+00
1.806000e-05	2.779583e-03	-3.253132e+00
1.807000e-05	2.024153e-03	-3.065810e+00
1.808000e-05	2.988685e-04	-2.812709e+00
1.809000e-05	1.162588e-03	-2.716263e+00
1.810000e-05	-8.004949e-04	-2.467212e+00
1.811000e-05	-1.480253e-04	-2.346470e+00
1.812000e-05	2.232544e-04	-2.105841e+00
1.813000e-05	2.125529e-04	-1.937396e+00
1.814000e-05	-9.033717e-04	-1.748421e+00
1.815000e-05	-3.997443e-04	-1.590053e+00
1.816000e-05	-1.770837e-03	-1.326468e+00
1.817000e-05	-9.970804e-04	-1.136845e+00
1.818000e-05	-2.962681e-03	-9.759409e-01
1.819000e-05	-2.595546e-03	-8.098975e-01
1.820000e-05	-2.723056e-03	-5.474898e-01
1.821000e-05	-1.339066e-03	-3.779710e-01
1.822000e-05	-2.328018e-03	-1.685499e-01
1.823000e-05	1.352264e-03	-4.299639e-02
1.824000e-05	3.621461e-03	1.378699e-01
1.825000e-05	-2.735106e-03	3.589474e-01
1.826000e-05	2.064779e-03	5.063158e-01
1.827000e-05	-2.597061e-03	6.856906e-01
1.828000e-05	-9.243798e-04	8.127255e-01
1.829000e-05	-4.208672e-03	1.123685e+00
1.830000e-05	3.813345e-03	1.273163e+00
1.831000e-05	1.589553e-02	1.495254e+00
1.832000e-05	7.122693e-02	1.724862e+00
1.833000e-05	-7.686836e-03	1.936342e+00
1.834000e-05	-5.438202e-02	2.127316e+00
1.835000e-05	-3.454623e-02	2.335313e+00
1.836000e-05	-6.656247e-02	2.421129e+00
1.837000e-05	-1.850746e-02	2.528921e+00
1.838000e-05	1.709945e-01	2.788519e+00
1.839000e-05	-1.379342e-01	2.956917e+00
1.840000e-05	5.760219e-03	3.094713e+00
1.841000e-05	1.008913e-01	3.244093e+00
1.842000e-05	-1.275892e-01	3.504761e+00
1.843000e-05	6.351200e-02	3.612053e+00
1.844000e-05	4.577453e-02	3.830480e+00
1.845000e-05	-1.395665e-01	3.980524e+00
1.846000e-05	8.714620e-02	4.160972e+00
1.847000e-05	5.074470e-03	4.400520e+00
1.848000e-05	-2.367552e-02	4.548369e+00
1.849000e-05	-1.462492e-03	4.735790e+00
1.850000e-05	-7.404818e-02	4.867842e+00
1.851000e-05	4.058976e-02	5.126840e+00
1.852000e-05	1.733881e-02	5.336793e+00
1.853000e-05	3.766158e-03	5.475717e+00
1.854000e-05	-2.805331e-02	5.653578e+00
1.855000e-05	-1.459777e-02	5.842078e+00
1.856000e-05	1.396032e-02	5.999953e+00
1.857000e-05	-3.063094e-02	6.136796e+00
1.858000e-05	1.376894e-02	6.264241e+00
1.859000e-05	-1.977335e-03	6.474033e+00
1.860000e-05	-3.393894e-02	6.630025e+00
1.861000e-05	2.360837e-02	6.787976e+00
1.862000e-05	-2.760088e-02	6.915867e+00
1.863000e-05	-2.421647e-03	7.024581e+00
1.864000e-05	-9.378154e-03	7.158420e+00
1.865000e-05	-8.486868e-03	7.295717e+00
1.866000e-05	9.787690e-03	7.473604e+00
1.867000e-05	-2.420729e-02	7.654154e+00
1.868000e-05	-1.903893e-03	7.768876e+00
1.869000e-05	-2.177268e-02	7.898268e+00
1.870000e-05	3.800616e-03	8.073158e+00
1.871000e-05	-1.029074e-02	8.209524e+00
1.872000e-05	-9.041512e-03	8.306216e+00
1.873000e-05	1.372928e-03	8.401452e+00
1.874000e-05	-1.471611e-02	8.475266e+00
1.875000e-05	-1.352779e-02	8.581976e+00
1.876000e-05	-1.935136e-02	8.674262e+00
1.877000e-05	-2.808601e-04	8.777999e+00
1.878000e-05	-6.298514e-03	8.835137e+00
1.879000e-05	-1.181930e-02	8.940928e+00
1.880000e-05	-1.473110e-02	9.095366e+00
1.881000e-05	-9.525157e-03	9.191080e+00
1.882000e-05	-7.030357e-03	9.264713e+00
1.883000e-05	-1.227015e-02	9.330447e+00
1.884000e-05	-1.122835e-02	9.453105e+00
1.885000e-05	-1.203405e-02	9.506189e+00
1.886000e-05	-1.032685e-02	9.578523e+00
1.887000e-05	-1.401146e-02	9.613636e+00
1.888000e-05	-1.378659e-02	9.707772e+00
1.889000e-05	-1.715070e-02	9.761505e+00
1.890000e-05	-9.763100e-03	9.845284e+00
1.891000e-05	-5.593126e-03	9.947446e+00
1.892000e-05	-1.007553e-02	1.001150e+01
1.893000e-05	-1.760039e-02	1.004211e+01
1.894000e-05	-1.768148e-02	1.005324e+01
1.895000e-05	-1.105047e-02	1.010674e+01
1.896000e-05	-1.169221e-02	1.014834e+01
1.897000e-05	-1.566806e-02	1.017997e+01
1.898000e-05	-1.780381e-02	1.021156e+01
1.899000e-05	-1.452633e-02	1.026411e+01
1.900000e-05	-1.472053e-02	1.028467e+01
1.901000e-05	-1.495412e-02	1.027574e+01
1.902000e-05	-1.656166e-02	1.031531e+01
1.903000e-05	-1.684680e-02	1.032629e+01
1.904000e-05	-1.378461e-02	1.034742e+01
1.905000e-05	-1.643772e-02	1.032682e+01
1.906000e-05	-1.972506e-02	1.032737e+01
1.907000e-05	-2.259134e-02	1.031724e+01
1.908000e-05	-1.750082e-02	1.033692e+01
1.909000e-05	-1.723312e-02	1.031832e+01
1.910000e-05	-1.854259e-02	1.030674e+01
1.911000e-05	-2.166013e-02	1.031519e+01
1.912000e-05	-2.212478e-02	1.026471e+01
1.913000e-05	-2.248417e-02	1.023304e+01
1.914000e-05	-2.436720e-02	1.019161e+01
1.915000e-05	-2.385617e-02	1.019058e+01
1.916000e-05	-2.406992e-02	1.013742e+01
1.917000e-05	-2.274482e-02	1.009632e+01
1.918000e-05	-2.603234e-02	1.007421e+01
1.919000e-05	-2.804424e-02	1.004319e+01
1.920000e-05	-2.905015e-02	9.980054e+00
1.921000e-05	-2.888157e-02	9.938901e+00
1.922000e-05	-2.717776e-02	9.875366e+00
1.923000e-05	-2.944897e-02	9.812134e+00
1.924000e-05	-2.971048e-02	9.749500e+00
1.925000e-05	-3.343489e-02	9.673714e+00
1.926000e-05	-3.265487e-02	9.561056e+00
1.927000e-05	-3.364797e-02	9.496789e+00
1.928000e-05	-3.239138e-02	9.454636e+00
1.929000e-05	-3.260619e-02	9.357999e+00
1.930000e-05	-3.407515e-02	9.285771e+00
1.931000e-05	-3.414140e-02	9.211109e+00
1.932000e-05	-3.743238e-02	9.178972e+00
1.933000e-05	-3.491406e-02	9.033163e+00
1.934000e-05	-3.629173e-02	8.904920e+00
1.935000e-05	-3.370640e-02	8.821583e+00
1.936000e-05	-3.807420e-02	8.746867e+00
1.937000e-05	-3.605679e-02	8.631613e+00
1.938000e-05	-3.743383e-02	8.505845e+00
1.939000e-05	-3.455247e-02	8.442184e+00
1.940000e-05	-3.691008e-02	8.357898e+00
1.941000e-05	-3.571904e-02	8.220533e+00
1.942000e-05	-3.655186e-02	8.074736e+00
1.943000e-05	-3.423514e-02	7.916425e+00
1.944000e-05	-3.547051e-02	7.819582e+00
1.945000e-05	-3.562224e-02	7.694741e+00
1.946000e-05	-3.554276e-02	7.569528e+00
1.947000e-05	-3.307590e-02	7.390648e+00
1.948000e-05	-3.128592e-02	7.251259e+00
1.949000e-05	-3.010794e-02	7.105346e+00
1.950000e-05	-3.047515e-02	6.977022e+00
1.951000e-05	-3.048021e-02	6.830655e+00
1.952000e-05	-2.872606e-02	6.716320e+00
1.953000e-05	-2.662127e-02	6.534896e+00
1.954000e-05	-2.671289e-02	6.398475e+00
1.955000e-05	-2.545128e-02	6.230133e+00
1.956000e-05	-2.430997e-02	6.064716e+00
1.957000e-05	-2.202778e-02	5.967501e+00
1.958000e-05	-2.266995e-02	5.808055e+00
1.959000e-05	-2.023586e-02	5.618999e+00
1.960000e-05	-1.978845e-02	5.421658e+00
1.961000e-05	-1.777433e-02	5.244187e+00
1.962000e-05	-1.835620e-02	5.044664e+00
1.963000e-05	-1.563783e-02	4.852733e+00
1.964000e-05	-1.510917e-02	4.692687e+00
1.965000e-05	-1.461197e-02	4.545345e+00
1.966000e-05	-1.339842e-02	4.386976e+00
1.967000e-05	-1.201457e-02	4.177951e+00
1.968000e-05	-1.189771e-02	3.957449e+00
1.969000e-05	-1.189005e-02	3.820629e+00
1.970000e-05	-1.176414e-02	3.651658e+00
1.971000e-05	-1.090153e-02	3.484345e+00
1.972000e-05	-1.076342e-02	3.322662e+00
1.973000e-05	-9.358105e-03	3.103814e+00
1.974000e-05	-9.823328e-03	2.935345e+00
1.975000e-05	-9.163608e-03	2.747027e+00
1.976000e-05	-9.071093e-03	2.546455e+00
1.977000e-05	-8.042017e-03	2.376921e+00
1.978000e-05	-8.625039e-03	2.168019e+00
1.979000e-05	-7.377158e-03	1.989579e+00
1.980000e-05	-7.309863e-03	1.800160e+00
1.981000e-05	-6.726951e-03	1.621206e+00
1.982000e-05	-6.083869e-03	1.399079e+00
1.983000e-05	-6.422819e-03	1.220632e+00
1.984000e-05	-6.499283e-03	1.027529e+00
1.985000e-05	-6.004161e-03	8.194788e-01
1.986000e-05	-5.508428e-03	5.980288e-01
1.987000e-05	-5.190340e-03	4.411304e-01
1.988000e-05	-5.360869e-03	2.611041e-01
1.989000e-05	-3.019952e-03	1.060883e-02
1.990000e-05	3.226451e-03	-1.483446e-01
1.991000e-05	-1.592008e-03	-3.268130e-01
1.992000e-05	-9.893106e-04	-4.535803e-01
1.993000e-05	-1.781574e-03	-6.941578e-01
1.994000e-05	-1.468846e-03	-8.326078e-01
1.995000e-05	-2.829784e-03	-1.011969e+00
1.996000e-05	3.495929e-03	-1.181371e+00
1.997000e-05	3.222349e-02	-1.322443e+00
1.998000e-05	8.809290e-02	-1.580946e+00
1.999000e-05	-7.264078e-02	-1.823025e+00
2.000000e-05	-1.458138e-02	-2.097704e+00
2.001000e-05	-7.359302e-02	-2.354244e+00
2.002000e-05	-5.907519e-02	-2.453655e+00
2.003000e-05	1.785488e-01	-2.526216e+00
2.004000e-05	-6.019525e-02	-2.725205e+00
2.005000e-05	-8.320780e-02	-2.917716e+00
2.006000e-05	1.976749e-01	-3.106233e+00
2.007000e-05	-1.792448e-01	-3.305129e+00
2.008000e-05	3.521180e-02	-3.483234e+00
2.009000e-05	1.397067e-01	-3.560995e+00
2.010000e-05	-1.912860e-01	-3.831499e+00
2.011000e-05	8.817271e-02	-3.998947e+00
2.012000e-05	7.721648e-02	-4.109892e+00
2.013000e-05	-9.230076e-02	-4.369896e+00
2.014000e-05	1.017405e-01	-4.424679e+00
2.015000e-05	-1.739293e-01	-4.644658e+00
2.016000e-05	7.335368e-02	-4.865105e+00
2.017000e-05	1.083280e-01	-5.020053e+00
2.018000e-05	-1.058405e-01	-5.223480e+00
2.019000e-05	8.539415e-02	-5.401975e+00
2.020000e-05	-8.939546e-02	-5.571946e+00
2.021000e-05	6.154666e-02	-5.787891e+00
2.022000e-05	2.547520e-03	-5.876712e+00
2.023000e-05	-5.192561e-02	-6.033630e+00
2.024000e-05	1.095479e-01	-6.262574e+00
2.025000e-05	-1.143807e-01	-6.371449e+00
2.026000e-05	7.860707e-02	-6.526339e+00
2.027000e-05	1.350054e-04	-6.685662e+00
2.028000e-05	-2.875095e-02	-6.853051e+00
2.029000e-05	4.905485e-02	-6.949397e+00
2.030000e-05	-7.589475e-02	-7.179916e+00
2.031000e-05	1.080953e-01	-7.315709e+00
2.032000e-05	-4.205679e-02	-7.412051e+00
2.033000e-05	5.322599e-03	-7.569970e+00
2.034000e-05	2.090605e-05	-7.707242e+00
2.035000e-05	-1.177633e-02	-7.905258e+00
2.036000e-05	5.075163e-02	-7.981601e+00
2.037000e-05	-3.928896e-02	-8.097388e+00
2.038000e-05	5.260300e-02	-8.222081e+00
2.039000e-05	-1.787439e-02	-8.358395e+00
2.040000e-05	7.825173e-04	-8.373507e+00
2.041000e-05	2.943191e-03	-8.540472e+00
2.042000e-05	3.128211e-03	-8.705859e+00
2.043000e-05	3.442976e-02	-8.800974e+00
2.044000e-05	-2.696360e-02	-8.877289e+00
2.045000e-05	2.282169e-02	-8.978969e+00
2.046000e-05	-1.825844e-03	-9.075685e+00
2.047000e-05	1.805677e-02	-9.160896e+00
2.048000e-05	-2.326138e-03	-9.234077e+00
2.049000e-05	3.191916e-03	-9.257314e+00
2.050000e-05	1.765597e-02	-9.391000e+00
2.051000e-05	1.436572e-03	-9.547385e+00
2.052000e-05	1.462217e-02	-9.559052e+00
2.053000e-05	-1.965996e-03	-9.707137e+00
2.054000e-05	5.779254e-03	-9.706838e+00
2.055000e-05	1.688350e-03	-9.799450e+00
2.056000e-05	2.001537e-02	-9.833608e+00
2.057000e-05	1.627485e-02	-9.897262e+00
2.058000e-05	1.382012e-03	-9.959396e+00
2.059000e-05	8.619720e-04	-9.989499e+00
2.060000e-05	8.982978e-03	-1.001103e+01
2.061000e-05	1.789959e-02	-1.004414e+01
2.062000e-05	7.614749e-03	-1.012667e+01
2.063000e-05	4.583163e-03	-1.012987e+01
2.064000e-05	6.740497e-03	-1.017148e+01
2.065000e-05	1.199464e-02	-1.022513e+01
2.066000e-05	1.365016e-02	-1.026621e+01
2.067000e-05	8.882489e-03	-1.030727e+01
2.068000e-05	6.323789e-03	-1.030631e+01
2.069000e-05	1.264013e-02	-1.034937e+01
2.070000e-05	1.540881e-02	-1.034784e+01
2.071000e-05	1.163104e-02	-1.033829e+01
2.072000e-05	6.991260e-03	-1.036987e+01
2.073000e-05	9.339452e-03	-1.033990e+01
2.074000e-05	1.408153e-02	-1.035792e+01
2.075000e-05	1.810749e-02	-1.031637e+01
2.076000e-05	1.568152e-02	-1.032779e+01
2.077000e-05	1.295839e-02	-1.027732e+01
2.078000e-05	1.256458e-02	-1.027523e+01
2.079000e-05	1.649877e-02	-1.029316e+01
2.080000e-05	1.942107e-02	-1.026358e+01
2.081000e-05	1.861415e-02	-1.015899e+01
2.082000e-05	1.611544e-02	-1.009787e+01
2.083000e-05	1.892810e-02	-1.008621e+01
2.084000e-05	2.229914e-02	-1.000169e+01
2.085000e-05	2.096737e-02	-1.000955e+01
2.086000e-05	2.029224e-02	-9.939395e+00
2.087000e-05	2.121142e-02	-9.916268e+00
2.088000e-05	2.302750e-02	-9.874234e+00
2.089000e-05	2.426361e-02	-9.812606e+00
2.090000e-05	2.485500e-02	-9.739472e+00
2.091000e-05	2.399212e-02	-9.696189e+00
2.092000e-05	2.384638e-02	-9.632082e+00
2.093000e-05	2.626150e-02	-9.590000e+00
2.094000e-05	2.792988e-02	-9.516316e+00
2.095000e-05	2.840260e-02	-9.413080e+00
2.096000e-05	2.646593e-02	-9.317267e+00
2.097000e-05	2.690358e-02	-9.210629e+00
2.098000e-05	2.739539e-02	-9.148366e+00
2.099000e-05	2.874698e-02	-9.053626e+00
2.100000e-05	2.942631e-02	-8.968816e+00
2.101000e-05	2.961290e-02	-8.871134e+00
2.102000e-05	2.822884e-02	-8.769448e+00
2.103000e-05	2.875390e-02	-8.667311e+00
2.104000e-05	3.011259e-02	-8.529899e+00
2.105000e-05	2.940759e-02	-8.401155e+00
2.106000e-05	2.941743e-02	-8.318268e+00
2.107000e-05	2.917438e-02	-8.210550e+00
2.108000e-05	2.941392e-02	-8.125239e+00
2.109000e-05	2.924023e-02	-7.919022e+00
2.110000e-05	2.736736e-02	-7.844182e+00
2.111000e-05	2.660073e-02	-7.684187e+00
2.112000e-05	2.644650e-02	-7.558871e+00
2.113000e-05	2.754152e-02	-7.390981e+00
2.114000e-05	2.682947e-02	-7.263212e+00
2.115000e-05	2.481995e-02	-7.160449e+00
2.116000e-05	2.301083e-02	-6.997453e+00
2.117000e-05	2.289023e-02	-6.822605e+00
2.118000e-05	2.207419e-02	-6.696888e+00
2.119000e-05	1.989649e-02	-6.548348e+00
2.120000e-05	1.917227e-02	-6.421605e+00
2.121000e-05	1.853364e-02	-6.275160e+00
2.122000e-05	1.723119e-02	-6.066189e+00
2.123000e-05	1.514341e-02	-5.948417e+00
2.124000e-05	1.425923e-02	-5.771000e+00
2.125000e-05	1.313290e-02	-5.652604e+00
2.126000e-05	1.260737e-02	-5.453214e+00
2.127000e-05	1.194038e-02	-5.242128e+00
2.128000e-05	9.346268e-03	-5.094683e+00
2.129000e-05	7.675768e-03	-4.905862e+00
2.130000e-05	6.605803e-03	-4.642204e+00
2.131000e-05	6.144947e-03	-4.506821e+00
2.132000e-05	7.572815e-03	-4.370049e+00
2.133000e-05	4.751864e-03	-4.221083e+00
2.134000e-05	6.433971e-03	-4.051682e+00
2.135000e-05	2.551869e-03	-3.894264e+00
2.136000e-05	4.058113e-03	-3.654765e+00
2.137000e-05	2.190095e-03	-3.505267e+00
2.138000e-05	3.136167e-03	-3.338420e+00
2.139000e-05	1.782713e-03	-3.168527e+00
2.140000e-05	1.726709e-03	-2.899370e+00
2.141000e-05	1.289098e-03	-2.758496e+00
2.142000e-05	-1.082587e-05	-2.591002e+00
2.143000e-05	-4.494230e-04	-2.471529e+00
2.144000e-05	6.203371e-04	-2.213078e+00
2.145000e-05	1.164324e-03	-1.990130e+00
2.146000e-05	-1.367971e-03	-1.853130e+00
2.147000e-05	-6.743239e-05	-1.664210e+00
2.148000e-05	-2.425022e-03	-1.464259e+00
2.149000e-05	-9.825807e-04	-1.222179e+00
2.150000e-05	-3.767635e-03	-1.031608e+00
2.151000e-05	-1.403125e-03	-8.631303e-01
2.152000e-05	-3.494891e-03	-6.932115e-01
2.153000e-05	-7.711660e-04	-4.425528e-01
2.154000e-05	-3.530993e-03	-2.932092e-01
2.155000e-05	-1.302428e-03	-7.528672e-02
2.156000e-05	3.357680e-03	8.425520e-02
2.157000e-05	1.072854e-03	2.961856e-01
2.158000e-05	-2.821354e-04	4.435579e-01
2.159000e-05	-1.152238e-03	6.310262e-01
2.160000e-05	-2.569854e-03	8.373701e-01
2.161000e-05	-2.807151e-03	9.388734e-01
2.162000e-05	-4.496531e-04	1.232020e+00
2.163000e-05	5.750692e-03	1.378870e+00
2.164000e-05	4.668571e-02	1.630980e+00
2.165000e-05	5.157741e-02	1.854109e+00
2.166000e-05	-6.129764e-02	2.032033e+00
2.167000e-05	-3.154123e-02	2.201556e+00
2.168000e-05	-5.236630e-02	2.388997e+00
2.169000e-05	-6.914260e-02	2.486339e+00
2.170000e-05	1.175481e-01	2.705212e+00
2.171000e-05	3.269663e-02	2.843709e+00
2.172000e-05	-1.581611e-01	3.011952e+00
2.173000e-05	1.707598e-01	3.177420e+00
2.174000e-05	-8.035054e-02	3.381027e+00
2.175000e-05	-3.878301e-02	3.599399e+00
2.176000e-05	1.156636e-01	3.717787e+00
2.177000e-05	-1.028510e-01	3.935791e+00
2.178000e-05	-2.087929e-02	4.077115e+00
2.179000e-05	8.552888e-02	4.334315e+00
2.180000e-05	-4.856682e-02	4.483604e+00
2.181000e-05	1.515383e-02	4.622081e+00
2.182000e-05	-5.679850e-02	4.786579e+00
2.183000e-05	-2.093275e-02	5.073704e+00
2.184000e-05	5.433536e-02	5.243133e+00
2.185000e-05	-4.514189e-03	5.422555e+00
2.186000e-05	-8.810658e-04	5.589950e+00
2.187000e-05	-4.353006e-02	5.717791e+00
2.188000e-05	1.755956e-02	5.956294e+00
2.189000e-05	-1.203513e-02	6.054186e+00
2.190000e-05	-1.770383e-02	6.232576e+00
2.191000e-05	2.871573e-02	6.378424e+00
2.192000e-05	-4.710812e-02	6.507772e+00
2.193000e-05	1.531431e-02	6.735361e+00
2.194000e-05	-1.039801e-02	6.852634e+00
2.195000e-05	-1.616591e-02	6.959975e+00
2.196000e-05	-3.949421e-04	7.155212e+00
2.197000e-05	-1.603761e-02	7.242063e+00
2.198000e-05	1.058261e-02	7.341024e+00
2.199000e-05	-1.486224e-02	7.589975e+00
2.200000e-05	-9.989301e-03	7.716842e+00
2.201000e-05	-1.588369e-02	7.843085e+00
2.202000e-05	-6.599458e-03	8.030054e+00
2.203000e-05	-1.289539e-03	8.107844e+00
2.204000e-05	-1.227464e-02	8.194534e+00
2.205000e-05	-2.875455e-03	8.389498e+00
2.206000e-05	-5.366119e-03	8.465111e+00
2.207000e-05	-1.784150e-02	8.579394e+00
2.208000e-05	-1.578090e-02	8.623708e+00
2.209000e-05	-1.102110e-02	8.796947e+00
2.210000e-05	1.570590e-03	8.793078e+00
2.211000e-05	-1.139680e-02	8.958346e+00
2.212000e-05	-1.455419e-02	9.065133e+00
2.213000e-05	-1.117397e-02	9.169471e+00
2.214000e-05	-9.580137e-03	9.262606e+00
2.215000e-05	-7.619008e-03	9.326842e+00
2.216000e-05	-1.527163e-02	9.392028e+00
2.217000e-05	-8.714542e-03	9.464712e+00
2.218000e-05	-1.215024e-02	9.577342e+00
2.219000e-05	-1.170904e-02	9.610553e+00
2.220000e-05	-1.484469e-02	9.675662e+00
2.221000e-05	-1.719201e-02	9.716998e+00
2.222000e-05	-1.275259e-02	9.862662e+00
2.223000e-05	-6.828600e-03	9.916816e+00
2.224000e-05	-5.397828e-03	9.959423e+00
2.225000e-05	-1.768375e-02	1.001055e+01
2.226000e-05	-1.849432e-02	1.003369e+01
2.227000e-05	-1.451188e-02	1.009621e+01
2.228000e-05	-1.050587e-02	1.014737e+01
2.229000e-05	-1.379386e-02	1.016045e+01
2.230000e-05	-1.799777e-02	1.016156e+01
2.231000e-05	-1.497726e-02	1.023263e+01
2.232000e-05	-1.566655e-02	1.024516e+01
2.233000e-05	-1.291397e-02	1.029524e+01
2.234000e-05	-1.703772e-02	1.026574e+01
2.235000e-05	-1.684466e-02	1.034682e+01
2.236000e-05	-1.556764e-02	1.031632e+01
2.237000e-05	-1.284961e-02	1.031632e+01
2.238000e-05	-1.852558e-02	1.032592e+01
2.239000e-05	-2.283817e-02	1.031834e+01
2.240000e-05	-1.995399e-02	1.034934e+01
2.241000e-05	-1.806351e-02	1.035632e+01
2.242000e-05	-1.670088e-02	1.030634e+01
2.243000e-05	-2.043160e-02	1.031527e+01
2.244000e-05	-2.130591e-02	1.028529e+01
2.245000e-05	-2.384073e-02	1.026266e+01
2.246000e-05	-2.216620e-02	1.024319e+01
2.247000e-05	-2.296820e-02	1.017105e+01
2.248000e-05	-2.413794e-02	1.015903e+01
2.249000e-05	-2.489476e-02	1.010695e+01
2.250000e-05	-2.528014e-02	1.010629e+01
2.251000e-05	-2.478018e-02	1.004516e+01
2.252000e-05	-2.906135e-02	1.001963e+01
2.253000e-05	-2.860690e-02	9.950030e+00
2.254000e-05	-2.992790e-02	9.915820e+00
2.255000e-05	-2.730974e-02	9.883658e+00
2.256000e-05	-2.884465e-02	9.807952e+00
2.257000e-05	-3.131385e-02	9.715750e+00
2.258000e-05	-3.241722e-02	9.620132e+00
2.259000e-05	-3.436204e-02	9.528950e+00
2.260000e-05	-3.134899e-02	9.464786e+00
2.261000e-05	-3.349017e-02	9.439078e+00
2.262000e-05	-3.245277e-02	9.337870e+00
2.263000e-05	-3.621701e-02	9.302738e+00
2.264000e-05	-3.558689e-02	9.180004e+00
2.265000e-05	-3.530132e-02	9.116292e+00
2.266000e-05	-3.508633e-02	8.991527e+00
2.267000e-05	-3.579856e-02	8.871639e+00
2.268000e-05	-3.548797e-02	8.768420e+00
2.269000e-05	-3.619960e-02	8.653662e+00
2.270000e-05	-3.618206e-02	8.537451e+00
2.271000e-05	-3.668245e-02	8.482740e+00
2.272000e-05	-3.826150e-02	8.380080e+00
2.273000e-05	-3.575659e-02	8.264216e+00
2.274000e-05	-3.618095e-02	8.104320e+00
2.275000e-05	-3.242513e-02	8.033505e+00
2.276000e-05	-3.610758e-02	7.905341e+00
2.277000e-05	-3.633675e-02	7.757422e+00
2.278000e-05	-3.564255e-02	7.631059e+00
2.279000e-05	-3.420842e-02	7.461839e+00
2.280000e-05	-3.151001e-02	7.332766e+00
2.281000e-05	-3.223707e-02	7.157446e+00
2.282000e-05	-3.118518e-02	7.041105e+00
2.283000e-05	-3.059247e-02	6.903316e+00
2.284000e-05	-3.018412e-02	6.789003e+00
2.285000e-05	-2.696341e-02	6.612037e+00
2.286000e-05	-2.730100e-02	6.430530e+00
2.287000e-05	-2.482349e-02	6.304270e+00
2.288000e-05	-2.524547e-02	6.159950e+00
2.289000e-05	-2.255709e-02	6.009581e+00
2.290000e-05	-2.176416e-02	5.873764e+00
2.291000e-05	-2.181311e-02	5.652288e+00
2.292000e-05	-2.037999e-02	5.495843e+00
2.293000e-05	-1.765497e-02	5.348475e+00
2.294000e-05	-1.663235e-02	5.158903e+00
2.295000e-05	-1.702552e-02	4.936401e+00
2.296000e-05	-1.686423e-02	4.727476e+00
2.297000e-05	-1.451825e-02	4.599078e+00
2.298000e-05	-1.328378e-02	4.412157e+00
2.299000e-05	-1.384752e-02	4.305268e+00
2.300000e-05	-1.277097e-02	4.042664e+00
2.301000e-05	-1.151834e-02	3.913787e+00
2.302000e-05	-1.157815e-02	3.714843e+00
2.303000e-05	-1.107176e-02	3.567928e+00
2.304000e-05	-1.102735e-02	3.406458e+00
2.305000e-05	-9.512401e-03	3.197025e+00
2.306000e-05	-8.632547e-03	2.998079e+00
2.307000e-05	-8.751532e-03	2.831159e+00
2.308000e-05	-8.537444e-03	2.651608e+00
2.309000e-05	-8.946596e-03	2.439633e+00
2.310000e-05	-7.991023e-03	2.221180e+00
2.311000e-05	-7.152709e-03	2.061711e+00
2.312000e-05	-6.893340e-03	1.884791e+00
2.313000e-05	-7.226572e-03	1.664268e+00
2.314000e-05	-7.527129e-03	1.505293e+00
2.315000e-05	-7.321081e-03	1.294291e+00
2.316000e-05	-5.915359e-03	1.134792e+00
2.317000e-05	-5.899863e-03	8.431093e-01
2.318000e-05	-5.587687e-03	6.942632e-01
2.319000e-05	-5.359146e-03	4.947895e-01
2.320000e-05	-4.227304e-03	3.258986e-01
2.321000e-05	-4.928794e-03	1.247884e-01
2.322000e-05	5.302893e-04	-7.510676e-02
2.323000e-05	1.642708e-03	-2.235527e-01
2.324000e-05	-3.793465e-03	-3.914473e-01
2.325000e-05	9.669933e-04	-5.493672e-01
2.326000e-05	-3.839934e-03	-8.089461e-01
2.327000e-05	-9.756015e-05	-9.478434e-01
2.328000e-05	-1.308198e-03	-1.105159e+00
2.329000e-05	1.199711e-02	-1.284083e+00
2.330000e-05	8.316393e-02	-1.473187e+00
2.331000e-05	-1.462248e-03	-1.746711e+00
2.332000e-05	-5.853302e-02	-1.979417e+00
2.333000e-05	-2.625521e-02	-2.252954e+00
2.334000e-05	-1.030202e-01	-2.411951e+00
2.335000e-05	8.829395e-02	-2.484658e+00
2.336000e-05	1.105018e-01	-2.569497e+00
2.337000e-05	-1.918613e-01	-2.812951e+00
2.338000e-05	1.573813e-01	-3.043051e+00
2.339000e-05	-1.583831e-02	-3.191443e+00
2.340000e-05	-1.419403e-01	-3.380422e+00
2.341000e-05	1.847298e-01	-3.558416e+00
2.342000e-05	-7.136952e-02	-3.707664e+00
2.343000e-05	-9.785449e-02	-3.889190e+00
2.344000e-05	1.991114e-01	-4.034577e+00
2.345000e-05	-1.093205e-01	-4.295605e+00
2.346000e-05	7.212413e-02	-4.402979e+00
2.347000e-05	-5.530412e-02	-4.561843e+00
2.348000e-05	-1.104710e-01	-4.801543e+00
2.349000e-05	1.951666e-01	-4.987832e+00
2.350000e-05	-6.902168e-02	-5.106866e+00
2.351000e-05	1.735444e-02	-5.338714e+00
2.352000e-05	-1.810060e-03	-5.506261e+00
2.353000e-05	-4.845799e-02	-5.678814e+00
2.354000e-05	1.023450e-01	-5.843104e+00
2.355000e-05	-1.048709e-01	-5.960447e+00
2.356000e-05	8.892706e-02	-6.148317e+00
2.357000e-05	-2.814807e-02	-6.297841e+00
2.358000e-05	-3.810472e-02	-6.495685e+00
2.359000e-05	1.009034e-01	-6.633048e+00
2.360000e-05	-8.349780e-02	-6.781425e+00
2.361000e-05	6.738552e-02	-6.889164e+00
2.362000e-05	-5.909512e-02	-7.095657e+00
2.363000e-05	3.360183e-02	-7.234131e+00
2.364000e-05	5.375055e-02	-7.351342e+00
2.365000e-05	-6.143471e-02	-7.496240e+00
2.366000e-05	4.495562e-02	-7.644079e+00
2.367000e-05	-4.846518e-02	-7.803575e+00
2.368000e-05	5.956230e-02	-7.978493e+00
2.369000e-05	-1.693511e-02	-8.064635e+00
2.370000e-05	9.436399e-03	-8.202045e+00
2.371000e-05	3.066399e-02	-8.285339e+00
2.372000e-05	-3.298807e-02	-8.402548e+00
2.373000e-05	2.818766e-02	-8.457167e+00
2.374000e-05	-2.124232e-02	-8.634108e+00
2.375000e-05	4.503596e-02	-8.761496e+00
2.376000e-05	-1.417774e-02	-8.873660e+00
2.377000e-05	2.479269e-03	-8.969367e+00
2.378000e-05	1.453049e-02	-9.032655e+00
2.379000e-05	3.784400e-03	-9.136912e+00
2.380000e-05	1.568178e-02	-9.191522e+00
2.381000e-05	-1.352511e-02	-9.245191e+00
2.382000e-05	2.341950e-02	-9.312028e+00
2.383000e-05	2.480244e-03	-9.454482e+00
2.384000e-05	1.408664e-02	-9.608948e+00
2.385000e-05	1.833776e-03	-9.632607e+00
2.386000e-05	2.900125e-03	-9.685740e+00
2.387000e-05	4.738982e-03	-9.740921e+00
2.388000e-05	1.132660e-02	-9.822029e+00
2.389000e-05	2.185355e-02	-9.874759e+00
2.390000e-05	2.890500e-03	-9.916316e+00
2.391000e-05	2.944826e-03	-9.969471e+00
2.392000e-05	3.332351e-03	-1.002052e+01
2.393000e-05	1.748618e-02	-1.002413e+01
2.394000e-05	1.053951e-02	-1.007719e+01
2.395000e-05	5.054542e-03	-1.007981e+01
2.396000e-05	6.566320e-03	-1.020248e+01
2.397000e-05	1.095859e-02	-1.023305e+01
2.398000e-05	1.293116e-02	-1.023411e+01
2.399000e-05	1.053843e-02	-1.025573e+01
2.400000e-05	7.327566e-03	-1.030676e+01
2.401000e-05	1.074930e-02	-1.030734e+01
2.402000e-05	1.557068e-02	-1.033887e+01
2.403000e-05	1.158309e-02	-1.036046e+01
2.404000e-05	8.575495e-03	-1.034842e+01
2.405000e-05	8.957563e-03	-1.036149e+01
2.406000e-05	1.287174e-02	-1.035991e+01
2.407000e-05	1.527395e-02	-1.034032e+01
2.408000e-05	1.676988e-02	-1.032725e+01
2.409000e-05	1.519520e-02	-1.028890e+01
2.410000e-05	1.264382e-02	-1.027566e+01
2.411000e-05	1.373708e-02	-1.027616e+01
2.412000e-05	1.732925e-02	-1.020316e+01
2.413000e-05	1.945163e-02	-1.018160e+01
2.414000e-05	1.784251e-02	-1.013994e+01
2.415000e-05	1.746728e-02	-1.007889e+01
2.416000e-05	2.059518e-02	-1.006463e+01
2.417000e-05	2.075731e-02	-1.002210e+01
2.418000e-05	2.038887e-02	-9.940496e+00
2.419000e-05	2.100389e-02	-9.937917e+00
2.420000e-05	2.428525e-02	-9.876763e+00
2.421000e-05	2.340915e-02	-9.833032e+00
2.422000e-05	2.456243e-02	-9.740904e+00
2.423000e-05	2.343373e-02	-9.696692e+00
2.424000e-05	2.451708e-02	-9.671737e+00
2.425000e-05	2.500913e-02	-9.561102e+00
2.426000e-05	2.746671e-02	-9.538370e+00
2.427000e-05	2.799762e-02	-9.465160e+00
2.428000e-05	2.779323e-02	-9.310872e+00
2.429000e-05	2.775339e-02	-9.232184e+00
2.430000e-05	2.636806e-02	-9.158921e+00
2.431000e-05	2.858968e-02	-9.096108e+00
2.432000e-05	2.846899e-02	-8.971523e+00
2.433000e-05	2.967836e-02	-8.885689e+00
2.434000e-05	2.898100e-02	-8.812105e+00
2.435000e-05	2.838957e-02	-8.707317e+00
2.436000e-05	2.889315e-02	-8.600978e+00
2.437000e-05	3.053110e-02	-8.463111e+00
2.438000e-05	2.914930e-02	-8.339921e+00
2.439000e-05	2.983279e-02	-8.284184e+00
2.440000e-05	2.952726e-02	-8.148821e+00
2.441000e-05	2.912855e-02	-8.042704e+00
2.442000e-05	2.830295e-02	-7.887265e+00
2.443000e-05	2.657835e-02	-7.809468e+00
2.444000e-05	2.652776e-02	-7.592555e+00
2.445000e-05	2.683426e-02	-7.494234e+00
2.446000e-05	2.751062e-02	-7.337367e+00
2.447000e-05	2.638375e-02	-7.191103e+00
2.448000e-05	2.316918e-02	-7.068658e+00
2.449000e-05	2.236455e-02	-6.853761e+00
2.450000e-05	2.270025e-02	-6.739866e+00
2.451000e-05	2.145093e-02	-6.591078e+00
2.452000e-05	2.007356e-02	-6.474759e+00
2.453000e-05	1.918025e-02	-6.398923e+00
2.454000e-05	1.776873e-02	-6.168946e+00
2.455000e-05	1.551002e-02	-5.999500e+00
2.456000e-05	1.454295e-02	-5.853679e+00
2.457000e-05	1.405731e-02	-5.716186e+00
2.458000e-05	1.362386e-02	-5.557451e+00
2.459000e-05	1.044593e-02	-5.329791e+00
2.460000e-05	1.064415e-02	-5.128918e+00
2.461000e-05	9.725877e-03	-4.978525e+00
2.462000e-05	8.258827e-03	-4.748896e+00
2.463000e-05	5.787166e-03	-4.618527e+00
2.464000e-05	7.570321e-03	-4.452130e+00
2.465000e-05	6.445289e-03	-4.265286e+00
2.466000e-05	5.851735e-03	-4.157249e+00
2.467000e-05	4.090901e-03	-3.979550e+00
2.468000e-05	1.883067e-03	-3.779873e+00
2.469000e-05	3.007089e-03	-3.591000e+00
2.470000e-05	3.320566e-03	-3.392080e+00
2.471000e-05	3.521332e-03	-3.252583e+00
2.472000e-05	2.167871e-03	-3.063180e+00
2.473000e-05	-6.572343e-04	-2.823605e+00
2.474000e-05	-8.065807e-05	-2.654614e+00
2.475000e-05	-8.362692e-04	-2.483762e+00
2.476000e-05	1.086327e-03	-2.306319e+00
2.477000e-05	-1.219998e-03	-2.083709e+00
2.478000e-05	5.907940e-04	-1.956315e+00
2.479000e-05	-1.838222e-03	-1.766370e+00
2.480000e-05	6.747820e-04	-1.548952e+00
2.481000e-05	-3.645786e-03	-1.336270e+00
2.482000e-05	-2.709754e-03	-1.126261e+00
2.483000e-05	-3.041930e-03	-9.567894e-01
2.484000e-05	-5.326610e-04	-7.259197e-01
2.485000e-05	-1.790088e-03	-5.268659e-01
2.486000e-05	-1.933955e-03	-3.563685e-01
2.487000e-05	-3.124403e-03	-2.115802e-01
2.488000e-05	8.019332e-04	1.055388e-02
2.489000e-05	4.455769e-03	1.479253e-01
2.490000e-05	-2.701270e-03	3.704748e-01
2.491000e-05	2.540705e-03	5.578723e-01
2.492000e-05	-4.012902e-03	7.153195e-01
2.493000e-05	-1.606920e-03	8.746316e-01
2.494000e-05	-4.277392e-03	1.075336e+00
2.495000e-05	4.680500e-03	1.294734e+00
2.496000e-05	1.928233e-02	1.485212e+00
2.497000e-05	7.403325e-02	1.718445e+00
2.498000e-05	-2.253273e-02	1.957922e+00
2.499000e-05	-4.831118e-02	2.127392e+00
2.500000e-05	-4.027095e-02	2.305817e+00
2.501000e-05	-7.008751e-02	2.431581e+00
2.502000e-05	7.086893e-03	2.641456e+00
2.503000e-05	1.635890e-01	2.799502e+00
2.504000e-05	-1.678670e-01	2.958420e+00
2.505000e-05	5.960770e-02	3.107185e+00
2.506000e-05	5.989377e-02	3.284735e+00
2.507000e-05	-1.185973e-01	3.526368e+00
2.508000e-05	8.399775e-02	3.621103e+00
2.509000e-05	1.094301e-02	3.843603e+00
2.510000e-05	-1.269466e-01	4.000001e+00
2.511000e-05	1.071535e-01	4.201575e+00
2.512000e-05	-1.418740e-02	4.399504e+00
2.513000e-05	-1.511842e-02	4.547845e+00
2.514000e-05	-1.252760e-02	4.725390e+00
2.515000e-05	-6.697316e-02	4.958823e+00
2.516000e-05	5.519601e-02	5.170400e+00
2.517000e-05	7.570871e-03	5.337824e+00
2.518000e-05	3.287568e-03	5.495321e+00
2.519000e-05	-3.783015e-02	5.704635e+00
2.520000e-05	-4.476791e-03	5.865107e+00
2.521000e-05	1.127840e-02	5.992505e+00
2.522000e-05	-3.038387e-02	6.169345e+00
2.523000e-05	2.152001e-02	6.315791e+00
2.524000e-05	-1.292658e-02	6.412055e+00
2.525000e-05	-2.307100e-02	6.622085e+00
2.526000e-05	1.802134e-02	6.801477e+00
2.527000e-05	-2.965029e-02	6.926290e+00
2.528000e-05	-2.616328e-03	7.013688e+00
2.529000e-05	-1.160617e-02	7.189975e+00
2.530000e-05	-3.882677e-03	7.307243e+00
2.531000e-05	6.184464e-03	7.495293e+00
2.532000e-05	-2.275438e-02	7.623137e+00
2.533000e-05	-1.653558e-03	7.790021e+00
2.534000e-05	-1.894958e-02	7.958295e+00
2.535000e-05	5.413991e-03	8.076763e+00
2.536000e-05	-1.268235e-02	8.191456e+00
2.537000e-05	-1.014031e-02	8.316291e+00
2.538000e-05	-1.175538e-03	8.400583e+00
2.539000e-05	-1.759476e-02	8.526715e+00
2.540000e-05	-1.103069e-02	8.579003e+00
2.541000e-05	-1.789636e-02	8.745316e+00
2.542000e-05	2.149061e-03	8.819053e+00
2.543000e-05	-7.695041e-03	8.844664e+00
2.544000e-05	-1.158834e-02	8.990883e+00
2.545000e-05	-1.366216e-02	9.186373e+00
2.546000e-05	-1.067763e-02	9.201077e+00
2.547000e-05	-9.675955e-03	9.254690e+00
2.548000e-05	-1.564255e-02	9.328874e+00
2.549000e-05	-8.180859e-03	9.443607e+00
2.550000e-05	-1.164559e-02	9.516272e+00
2.551000e-05	-9.099959e-03	9.568978e+00
2.552000e-05	-1.451862e-02	9.635211e+00
2.553000e-05	-1.190081e-02	9.717772e+00
2.554000e-05	-1.703169e-02	9.852503e+00
2.555000e-05	-1.058079e-02	9.863709e+00
2.556000e-05	-6.718500e-03	9.947373e+00
2.557000e-05	-1.219396e-02	9.991524e+00
2.558000e-05	-1.776422e-02	1.002368e+01
2.559000e-05	-1.733369e-02	1.007319e+01
2.560000e-05	-9.945102e-03	1.010624e+01
2.561000e-05	-1.124469e-02	1.013990e+01
2.562000e-05	-1.617082e-02	1.014958e+01
2.563000e-05	-1.622020e-02	1.018011e+01
2.564000e-05	-1.690621e-02	1.021414e+01
2.565000e-05	-1.342540e-02	1.024419e+01
2.566000e-05	-1.533860e-02	1.026471e+01
2.567000e-05	-1.714184e-02	1.032684e+01
2.568000e-05	-1.836675e-02	1.030727e+01
2.569000e-05	-1.198094e-02	1.034737e+01
2.570000e-05	-1.597659e-02	1.033729e+01
2.571000e-05	-1.912986e-02	1.032784e+01
2.572000e-05	-2.244933e-02	1.035782e+01
2.573000e-05	-1.710306e-02	1.033785e+01
2.574000e-05	-1.777963e-02	1.031692e+01
2.575000e-05	-1.892380e-02	1.030576e+01
2.576000e-05	-2.146797e-02	1.028571e+01
2.577000e-05	-2.239960e-02	1.026617e+01
2.578000e-05	-2.135535e-02	1.025368e+01
2.579000e-05	-2.278863e-02	1.020101e+01
2.580000e-05	-2.210773e-02	1.016945e+01
2.581000e-05	-2.591654e-02	1.015737e+01
2.582000e-05	-2.514744e-02	1.011787e+01
2.583000e-05	-2.498043e-02	1.006322e+01
2.584000e-05	-2.690050e-02	1.001418e+01
2.585000e-05	-2.924100e-02	9.980056e+00
2.586000e-05	-3.023556e-02	9.898451e+00
2.587000e-05	-2.761347e-02	9.883340e+00
2.588000e-05	-2.910850e-02	9.753057e+00
2.589000e-05	-3.067654e-02	9.727850e+00
2.590000e-05	-3.246197e-02	9.631139e+00
2.591000e-05	-3.267675e-02	9.548402e+00
2.592000e-05	-3.204236e-02	9.505347e+00
2.593000e-05	-3.318840e-02	9.423613e+00
2.594000e-05	-3.253353e-02	9.349979e+00
2.595000e-05	-3.441024e-02	9.284314e+00
2.596000e-05	-3.421977e-02	9.200081e+00
2.597000e-05	-3.731768e-02	9.139426e+00
2.598000e-05	-3.539328e-02	9.033684e+00
2.599000e-05	-3.645977e-02	8.914441e+00
2.600000e-05	-3.394462e-02	8.779553e+00
2.601000e-05	-3.663618e-02	8.715793e+00
2.602000e-05	-3.597855e-02	8.590533e+00
2.603000e-05	-3.641495e-02	8.514894e+00
2.604000e-05	-3.619496e-02	8.422104e+00
2.605000e-05	-3.699667e-02	8.307370e+00
2.606000e-05	-3.663238e-02	8.148398e+00
2.607000e-05	-3.580217e-02	8.043211e+00
2.608000e-05	-3.573639e-02	7.915950e+00
2.609000e-05	-3.621474e-02	7.791081e+00
2.610000e-05	-3.615697e-02	7.684763e+00
2.611000e-05	-3.383915e-02	7.547946e+00
2.612000e-05	-3.336613e-02	7.410010e+00
2.613000e-05	-3.222873e-02	7.200581e+00
2.614000e-05	-3.087557e-02	7.064241e+00
2.615000e-05	-3.008571e-02	6.947925e+00
2.616000e-05	-2.919801e-02	6.820558e+00
2.617000e-05	-2.988543e-02	6.695721e+00
2.618000e-05	-2.681156e-02	6.474345e+00
2.619000e-05	-2.677935e-02	6.368399e+00
2.620000e-05	-2.461970e-02	6.219705e+00
2.621000e-05	-2.400413e-02	6.084261e+00
2.622000e-05	-2.299624e-02	5.938277e+00
2.623000e-05	-2.139049e-02	5.745976e+00
2.624000e-05	-2.071865e-02	5.548053e+00
2.625000e-05	-1.901445e-02	5.402108e+00
2.626000e-05	-1.882665e-02	5.252133e+00
2.627000e-05	-1.723212e-02	5.069187e+00
2.628000e-05	-1.552867e-02	4.809560e+00
2.629000e-05	-1.497439e-02	4.674163e+00
2.630000e-05	-1.413234e-02	4.454287e+00
2.631000e-05	-1.504355e-02	4.316952e+00
2.632000e-05	-1.201008e-02	4.188102e+00
2.633000e-05	-1.148855e-02	4.007551e+00
2.634000e-05	-1.069397e-02	3.770033e+00
2.635000e-05	-1.160901e-02	3.641584e+00
2.636000e-05	-1.082034e-02	3.463868e+00
2.637000e-05	-1.029989e-02	3.261634e+00
2.638000e-05	-8.604742e-03	3.044211e+00
2.639000e-05	-9.524268e-03	2.904272e+00
2.640000e-05	-9.428293e-03	2.778024e+00
2.641000e-05	-1.033726e-02	2.524270e+00
2.642000e-05	-8.225655e-03	2.315843e+00
2.643000e-05	-7.212752e-03	2.147397e+00
2.644000e-05	-6.463380e-03	1.999001e+00
2.645000e-05	-7.934832e-03	1.772101e+00
2.646000e-05	-7.966768e-03	1.587003e+00
2.647000e-05	-6.555842e-03	1.378979e+00
2.648000e-05	-4.115377e-03	1.188052e+00
2.649000e-05	-5.665055e-03	1.016505e+00
2.650000e-05	-6.988838e-03	7.474762e-01
2.651000e-05	-7.120473e-03	5.879800e-01
2.652000e-05	-4.583539e-03	4.195527e-01
2.653000e-05	-4.041956e-03	2.101513e-01
2.654000e-05	-1.803641e-03	-1.097362e-02
2.655000e-05	3.491959e-03	-1.899182e-01
2.656000e-05	-3.707602e-03	-3.073894e-01
2.657000e-05	2.085839e-04	-4.551565e-01
2.658000e-05	-3.501622e-03	-6.761805e-01
2.659000e-05	3.687765e-04	-8.746243e-01
2.660000e-05	-2.917177e-03	-1.042576e+00
2.661000e-05	5.064825e-03	-1.189521e+00
2.662000e-05	4.118501e-02	-1.441921e+00
2.663000e-05	7.661211e-02	-1.613499e+00
2.664000e-05	-8.073377e-02	-1.865105e+00
2.665000e-05	-8.044564e-03	-2.137259e+00
2.666000e-05	-8.480522e-02	-2.329387e+00
2.667000e-05	-3.263867e-02	-2.412210e+00
2.668000e-05	1.835719e-01	-2.497287e+00
2.669000e-05	-1.108739e-01	-2.727264e+00
2.670000e-05	-2.747886e-02	-2.929444e+00
2.671000e-05	1.700404e-01	-3.106762e+00
2.672000e-05	-1.968875e-01	-3.305233e+00
2.673000e-05	8.113329e-02	-3.466209e+00
2.674000e-05	1.032677e-01	-3.612048e+00
2.675000e-05	-1.971349e-01	-3.831654e+00
2.676000e-05	1.304448e-01	-3.982001e+00
2.677000e-05	2.925862e-02	-4.150896e+00
2.678000e-05	-5.852099e-02	-4.377946e+00
2.679000e-05	8.592928e-02	-4.468209e+00
2.680000e-05	-1.877343e-01	-4.696742e+00
2.681000e-05	1.122613e-01	-4.856760e+00
2.682000e-05	6.776556e-02	-5.035032e+00
2.683000e-05	-8.973343e-02	-5.233031e+00
2.684000e-05	8.153052e-02	-5.434625e+00
2.685000e-05	-9.687406e-02	-5.623055e+00
2.686000e-05	8.838157e-02	-5.769971e+00
2.687000e-05	-3.039320e-02	-5.926785e+00
2.688000e-05	-2.343393e-02	-6.066190e+00
2.689000e-05	9.148623e-02	-6.285578e+00
2.690000e-05	-1.172223e-01	-6.383576e+00
2.691000e-05	1.013128e-01	-6.549822e+00
2.692000e-05	-2.915142e-02	-6.715741e+00
2.693000e-05	-1.146487e-03	-6.824151e+00
2.694000e-05	2.745170e-02	-6.951080e+00
2.695000e-05	-6.461944e-02	-7.179020e+00
2.696000e-05	1.094698e-01	-7.287258e+00
2.697000e-05	-5.881339e-02	-7.442005e+00
2.698000e-05	2.376244e-02	-7.592873e+00
2.699000e-05	-1.603627e-02	-7.738288e+00
2.700000e-05	4.727548e-03	-7.926734e+00
2.701000e-05	3.923482e-02	-8.012077e+00
2.702000e-05	-3.538493e-02	-8.147370e+00
2.703000e-05	5.630974e-02	-8.244609e+00
2.704000e-05	-2.889520e-02	-8.348897e+00
2.705000e-05	1.208881e-02	-8.415127e+00
2.706000e-05	-4.463380e-03	-8.522976e+00
2.707000e-05	1.493574e-02	-8.758337e+00
2.708000e-05	2.456743e-02	-8.812076e+00
2.709000e-05	-2.520150e-02	-8.918713e+00
2.710000e-05	2.416269e-02	-8.990601e+00
2.711000e-05	-4.812227e-04	-9.086161e+00
2.712000e-05	2.256312e-02	-9.178419e+00
2.713000e-05	-7.622358e-03	-9.223625e+00
2.714000e-05	6.710629e-03	-9.297791e+00
2.715000e-05	1.428979e-02	-9.426053e+00
2.716000e-05	3.844985e-03	-9.516939e+00
2.717000e-05	1.270726e-02	-9.619977e+00
2.718000e-05	-1.768931e-03	-9.665658e+00
2.719000e-05	5.677395e-03	-9.708788e+00
2.720000e-05	4.361150e-03	-9.738996e+00
2.721000e-05	2.302509e-02	-9.835585e+00
2.722000e-05	1.270655e-02	-9.896238e+00
2.723000e-05	5.914876e-04	-9.928473e+00
2.724000e-05	1.066269e-03	-9.998521e+00
2.725000e-05	1.226307e-02	-1.000113e+01
2.726000e-05	1.778218e-02	-1.004363e+01
2.727000e-05	4.723921e-03	-1.007676e+01
2.728000e-05	3.722607e-03	-1.013287e+01
2.729000e-05	8.514342e-03	-1.019397e+01
2.730000e-05	1.307920e-02	-1.017358e+01
2.731000e-05	1.398513e-02	-1.028601e+01
2.732000e-05	9.807289e-03	-1.026674e+01
2.733000e-05	6.661478e-03	-1.034686e+01
2.734000e-05	1.276277e-02	-1.031581e+01
2.735000e-05	1.256347e-02	-1.034792e+01
2.736000e-05	1.173010e-02	-1.033944e+01
2.737000e-05	5.946814e-03	-1.035787e+01
2.738000e-05	1.124317e-02	-1.033999e+01
2.739000e-05	1.326133e-02	-1.033645e+01
2.740000e-05	1.839288e-02	-1.036742e+01
2.741000e-05	1.681947e-02	-1.033682e+01
2.742000e-05	1.366673e-02	-1.030679e+01
2.743000e-05	1.266252e-02	-1.025529e+01
2.744000e-05	1.499037e-02	-1.025261e+01
2.745000e-05	1.845186e-02	-1.021195e+01
2.746000e-05	1.787006e-02	-1.015994e+01
2.747000e-05	1.733289e-02	-1.011987e+01
2.748000e-05	1.841375e-02	-1.007529e+01
2.749000e-05	2.147411e-02	-1.004313e+01
2.750000e-05	2.017121e-02	-9.970075e+00
2.751000e-05	2.106975e-02	-9.939445e+00
2.752000e-05	2.319523e-02	-9.906837e+00
2.753000e-05	2.414534e-02	-9.864635e+00
2.754000e-05	2.270817e-02	-9.783080e+00
2.755000e-05	2.393951e-02	-9.758370e+00
2.756000e-05	2.400119e-02	-9.694764e+00
2.757000e-05	2.482566e-02	-9.621624e+00
2.758000e-05	2.600735e-02	-9.549975e+00
2.759000e-05	2.748509e-02	-9.517890e+00
2.760000e-05	2.852529e-02	-9.402380e+00
2.761000e-05	2.857538e-02	-9.296791e+00
2.762000e-05	2.716762e-02	-9.210077e+00
2.763000e-05	2.777848e-02	-9.127896e+00
2.764000e-05	2.832210e-02	-9.002130e+00
2.765000e-05	2.963938e-02	-8.936820e+00
2.766000e-05	2.919972e-02	-8.871610e+00
2.767000e-05	2.776350e-02	-8.748424e+00
2.768000e-05	2.889290e-02	-8.645712e+00
2.769000e-05	2.926434e-02	-8.516820e+00
2.770000e-05	3.001834e-02	-8.360077e+00
2.771000e-05	2.978043e-02	-8.315817e+00
2.772000e-05	2.989943e-02	-8.199979e+00
2.773000e-05	2.925150e-02	-8.105760e+00
2.774000e-05	2.782933e-02	-7.970525e+00
2.775000e-05	2.755463e-02	-7.791556e+00
2.776000e-05	2.649513e-02	-7.684761e+00
2.777000e-05	2.651533e-02	-7.518366e+00
2.778000e-05	2.701609e-02	-7.378005e+00
2.779000e-05	2.770990e-02	-7.214181e+00
2.780000e-05	2.464128e-02	-7.138349e+00
2.781000e-05	2.254070e-02	-6.977400e+00
2.782000e-05	2.200874e-02	-6.791629e+00
2.783000e-05	2.319822e-02	-6.716237e+00
2.784000e-05	2.046269e-02	-6.537387e+00
2.785000e-05	1.941740e-02	-6.401530e+00
2.786000e-05	1.798743e-02	-6.254033e+00
2.787000e-05	1.788970e-02	-6.042708e+00
2.788000e-05	1.474123e-02	-5.936316e+00
2.789000e-05	1.358984e-02	-5.769376e+00
2.790000e-05	1.362101e-02	-5.630530e+00
2.791000e-05	1.248632e-02	-5.471680e+00
2.792000e-05	1.142066e-02	-5.221132e+00
2.793000e-05	1.050055e-02	-5.072233e+00
2.794000e-05	8.303607e-03	-4.853184e+00
2.795000e-05	7.443187e-03	-4.640627e+00
2.796000e-05	5.845498e-03	-4.515284e+00
2.797000e-05	7.199694e-03	-4.387950e+00
2.798000e-05	4.631553e-03	-4.201026e+00
2.799000e-05	5.261734e-03	-4.003605e+00
2.800000e-05	2.390894e-03	-3.892667e+00
2.801000e-05	3.580562e-03	-3.632228e+00
2.802000e-05	2.801177e-03	-3.465214e+00
2.803000e-05	3.659680e-03	-3.333765e+00
2.804000e-05	2.109033e-03	-3.127396e+00
2.805000e-05	3.588603e-04	-2.945318e+00
2.806000e-05	9.482667e-05	-2.756848e+00
2.807000e-05	-5.359253e-04	-2.547474e+00
2.808000e-05	9.286073e-04	-2.381026e+00
2.809000e-05	-6.019426e-04	-2.169550e+00
2.810000e-05	3.354956e-04	-2.000550e+00
2.811000e-05	-1.363796e-03	-1.811605e+00
2.812000e-05	-1.255700e-04	-1.633155e+00
2.813000e-05	-1.238304e-03	-1.431734e+00
2.814000e-05	-1.688262e-03	-1.210003e+00
2.815000e-05	-3.867731e-03	-1.021604e+00
2.816000e-05	-2.019142e-03	-8.416003e-01
2.817000e-05	-3.742804e-03	-6.400791e-01
2.818000e-05	-2.289323e-03	-4.120538e-01
2.819000e-05	-3.849067e-03	-2.121816e-01
2.820000e-05	3.548550e-05	-6.421552e-02
2.821000e-05	4.298353e-03	7.673821e-02
2.822000e-05	-2.076168e-05	3.363155e-01
2.823000e-05	-4.346488e-04	4.752130e-01
2.824000e-05	-9.912408e-04	6.426276e-01
2.825000e-05	-3.806809e-03	7.890273e-01
2.826000e-05	-2.947152e-03	9.990501e-01
2.827000e-05	1.875395e-04	1.223106e+00
2.828000e-05	7.914261e-03	1.389899e+00
2.829000e-05	5.426990e-02	1.670478e+00
2.830000e-05	3.782572e-02	1.875136e+00
2.831000e-05	-6.444083e-02	2.043659e+00
2.832000e-05	-3.026970e-02	2.234083e+00
2.833000e-05	-5.682619e-02	2.400053e+00
2.834000e-05	-6.156818e-02	2.517270e+00
2.835000e-05	1.431412e-01	2.686769e+00
2.836000e-05	-1.643583e-02	2.894187e+00
2.837000e-05	-1.216178e-01	3.060527e+00
2.838000e-05	1.744224e-01	3.168371e+00
2.839000e-05	-1.057110e-01	3.471130e+00
2.840000e-05	-1.469319e-02	3.610025e+00
2.841000e-05	1.020396e-01	3.697868e+00
2.842000e-05	-1.244693e-01	3.945846e+00
2.843000e-05	1.708422e-02	4.056164e+00
2.844000e-05	6.861911e-02	4.374791e+00
2.845000e-05	-4.819373e-02	4.504138e+00
2.846000e-05	1.336848e-02	4.664134e+00
2.847000e-05	-6.667327e-02	4.862133e+00
2.848000e-05	8.910412e-04	5.114687e+00
2.849000e-05	4.767854e-02	5.263685e+00
2.850000e-05	-6.018717e-03	5.443059e+00
2.851000e-05	-1.041844e-02	5.630075e+00
2.852000e-05	-3.650145e-02	5.760945e+00
2.853000e-05	2.284650e-02	5.977967e+00
2.854000e-05	-1.884068e-02	6.104766e+00
2.855000e-05	-1.200211e-02	6.263660e+00
2.856000e-05	2.247337e-02	6.390445e+00
2.857000e-05	-4.679482e-02	6.558419e+00
2.858000e-05	2.414762e-02	6.725792e+00
2.859000e-05	-1.758268e-02	6.845135e+00
2.860000e-05	-1.466764e-02	7.001553e+00
2.861000e-05	-2.977203e-03	7.186394e+00
2.862000e-05	-1.223590e-02	7.264664e+00
2.863000e-05	1.416290e-02	7.412530e+00
2.864000e-05	-2.141019e-02	7.630579e+00
2.865000e-05	-7.088659e-03	7.715867e+00
2.866000e-05	-1.753125e-02	7.925239e+00
2.867000e-05	-9.493474e-04	7.993078e+00
2.868000e-05	-4.434814e-03	8.188501e+00
2.869000e-05	-1.442571e-02	8.255708e+00
2.870000e-05	-1.037561e-03	8.399448e+00
2.871000e-05	-5.861054e-03	8.465188e+00
2.872000e-05	-1.531864e-02	8.540472e+00
2.873000e-05	-1.765629e-02	8.693187e+00
2.874000e-05	-8.848007e-03	8.768499e+00
2.875000e-05	-5.611093e-04	8.822059e+00
2.876000e-05	-9.850610e-03	8.908849e+00
2.877000e-05	-1.452602e-02	9.094737e+00
2.878000e-05	-1.183811e-02	9.188952e+00
2.879000e-05	-1.089923e-02	9.244658e+00
2.880000e-05	-8.735923e-03	9.336719e+00
2.881000e-05	-1.242926e-02	9.410006e+00
2.882000e-05	-9.829723e-03	9.474191e+00
2.883000e-05	-1.203410e-02	9.547420e+00
2.884000e-05	-1.317158e-02	9.621031e+00
2.885000e-05	-1.178117e-02	9.673797e+00
2.886000e-05	-1.702671e-02	9.740379e+00
2.887000e-05	-1.207878e-02	9.822159e+00
2.888000e-05	-7.866342e-03	9.897292e+00
2.889000e-05	-6.348059e-03	9.970475e+00
2.890000e-05	-1.682536e-02	1.003060e+01
2.891000e-05	-1.777085e-02	1.005371e+01
2.892000e-05	-1.445131e-02	1.009571e+01
2.893000e-05	-1.048432e-02	1.010580e+01
2.894000e-05	-1.372101e-02	1.010838e+01
2.895000e-05	-1.678200e-02	1.019260e+01
2.896000e-05	-1.471079e-02	1.027363e+01
2.897000e-05	-1.617435e-02	1.027311e+01
2.898000e-05	-1.308431e-02	1.029524e+01
2.899000e-05	-1.611179e-02	1.030572e+01
2.900000e-05	-1.657560e-02	1.030532e+01
2.901000e-05	-1.533067e-02	1.032779e+01
2.902000e-05	-1.433757e-02	1.031699e+01
2.903000e-05	-1.804616e-02	1.032774e+01
2.904000e-05	-2.207084e-02	1.035682e+01
2.905000e-05	-1.831540e-02	1.030680e+01
2.906000e-05	-1.828956e-02	1.032927e+01
2.907000e-05	-1.753084e-02	1.032629e+01
2.908000e-05	-2.005125e-02	1.030784e+01
2.909000e-05	-2.086946e-02	1.028421e+01
2.910000e-05	-2.310553e-02	1.028269e+01
2.911000e-05	-2.267040e-02	1.024361e+01
2.912000e-05	-2.319078e-02	1.021951e+01
2.913000e-05	-2.393974e-02	1.014842e+01
2.914000e-05	-2.513718e-02	1.014837e+01
2.915000e-05	-2.610070e-02	1.009531e+01
2.916000e-05	-2.506164e-02	1.007366e+01
2.917000e-05	-2.870699e-02	1.001908e+01
2.918000e-05	-2.877091e-02	9.949500e+00
2.919000e-05	-2.868519e-02	9.894847e+00
2.920000e-05	-2.728462e-02	9.870582e+00
2.921000e-05	-3.064094e-02	9.789454e+00
2.922000e-05	-3.298064e-02	9.682773e+00
2.923000e-05	-3.231693e-02	9.590582e+00
2.924000e-05	-3.275389e-02	9.537845e+00
2.925000e-05	-3.216440e-02	9.464241e+00
2.926000e-05	-3.322270e-02	9.369106e+00
2.927000e-05	-3.235316e-02	9.317296e+00
2.928000e-05	-3.400122e-02	9.272186e+00
2.929000e-05	-3.639962e-02	9.168549e+00
2.930000e-05	-3.609016e-02	9.095769e+00
2.931000e-05	-3.549242e-02	8.990956e+00
2.932000e-05	-3.382469e-02	8.851107e+00
2.933000e-05	-3.638160e-02	8.738498e+00
2.934000e-05	-3.588395e-02	8.673234e+00
2.935000e-05	-3.815969e-02	8.570023e+00
2.936000e-05	-3.493491e-02	8.462661e+00
2.937000e-05	-3.666012e-02	8.358898e+00
2.938000e-05	-3.496693e-02	8.222639e+00
2.939000e-05	-3.649659e-02	8.095918e+00
2.940000e-05	-3.506420e-02	7.969430e+00
2.941000e-05	-3.555810e-02	7.832187e+00
2.942000e-05	-3.513210e-02	7.755947e+00
2.943000e-05	-3.553308e-02	7.592056e+00
2.944000e-05	-3.488089e-02	7.454193e+00
2.945000e-05	-3.267200e-02	7.262863e+00
2.946000e-05	-3.028175e-02	7.147370e+00
2.947000e-05	-3.194755e-02	6.990108e+00
2.948000e-05	-2.989177e-02	6.843717e+00
2.949000e-05	-3.112196e-02	6.728476e+00
2.950000e-05	-2.483531e-02	6.581056e+00
2.951000e-05	-2.644943e-02	6.420606e+00
2.952000e-05	-2.503162e-02	6.252664e+00
2.953000e-05	-2.455563e-02	6.126375e+00
2.954000e-05	-2.505525e-02	5.990054e+00
2.955000e-05	-2.299674e-02	5.884687e+00
2.956000e-05	-2.203687e-02	5.601658e+00
2.957000e-05	-2.006774e-02	5.494217e+00
2.958000e-05	-1.746782e-02	5.326321e+00
2.959000e-05	-1.735640e-02	5.145876e+00
2.960000e-05	-1.424973e-02	4.874846e+00
2.961000e-05	-1.499992e-02	4.725901e+00
2.962000e-05	-1.411304e-02	4.556454e+00
2.963000e-05	-1.529022e-02	4.420133e+00
2.964000e-05	-1.372055e-02	4.255133e+00
2.965000e-05	-1.334552e-02	4.040632e+00
2.966000e-05	-1.198850e-02	3.841735e+00
2.967000e-05	-1.155436e-02	3.685321e+00
2.968000e-05	-1.011051e-02	3.566425e+00
2.969000e-05	-9.230581e-03	3.327470e+00
2.970000e-05	-8.363485e-03	3.107375e+00
2.971000e-05	-9.740619e-03	2.991554e+00
2.972000e-05	-8.826605e-03	2.801580e+00
2.973000e-05	-1.031828e-02	2.669663e+00
2.974000e-05	-9.350561e-03	2.379080e+00
2.975000e-05	-8.500744e-03	2.251079e+00
2.976000e-05	-7.817925e-03	2.052162e+00
2.977000e-05	-6.176775e-03	1.925217e+00
2.978000e-05	-5.546351e-03	1.673761e+00
2.979000e-05	-5.632869e-03	1.462612e+00
2.980000e-05	-6.868350e-03	1.263741e+00
2.981000e-05	-6.990513e-03	1.052787e+00
2.982000e-05	-6.983933e-03	8.336590e-01
2.983000e-05	-5.173899e-03	6.921842e-01
2.984000e-05	-5.129184e-03	4.531869e-01
2.985000e-05	-4.866642e-03	3.232457e-01
2.986000e-05	-5.401833e-03	9.426192e-02
2.987000e-05	1.692263e-03	-1.062341e-01
2.988000e-05	1.201343e-03	-2.651778e-01
2.989000e-05	-2.365369e-03	-4.130474e-01
2.990000e-05	2.197151e-04	-6.525547e-01
2.991000e-05	-3.751343e-03	-8.115225e-01
2.992000e-05	-8.889619e-04	-9.593160e-01
2.993000e-05	-8.457791e-04	-1.136816e+00
2.994000e-05	1.531010e-02	-1.308693e+00
2.995000e-05	9.137263e-02	-1.518791e+00
2.996000e-05	-2.652048e-02	-1.758841e+00
2.997000e-05	-4.569743e-02	-1.990471e+00
2.998000e-05	-3.892722e-02	-2.255104e+00
2.999000e-05	-9.776777e-02	-2.402575e+00
3.000000e-05	1.204436e-01	-2.505107e+00
3.001000e-05	6.550546e-02	-2.640974e+00
3.002000e-05	-1.863922e-01	-2.884553e+00
3.003000e-05	1.897106e-01	-3.044522e+00
3.004000e-05	-6.960650e-02	-3.189949e+00
3.005000e-05	-9.419891e-02	-3.410950e+00
3.006000e-05	1.927065e-01	-3.547393e+00
3.007000e-05	-1.153028e-01	-3.759241e+00
3.008000e-05	-5.113503e-02	-3.967941e+00
3.009000e-05	1.787484e-01	-4.085252e+00
3.010000e-05	-1.236893e-01	-4.316237e+00
3.011000e-05	1.006671e-01	-4.413025e+00
3.012000e-05	-9.674999e-02	-4.583495e+00
3.013000e-05	-6.674288e-02	-4.854502e+00
3.014000e-05	1.871600e-01	-4.959395e+00
3.015000e-05	-9.188982e-02	-5.159766e+00
3.016000e-05	4.629720e-02	-5.300812e+00
3.017000e-05	-3.320610e-02	-5.540891e+00
3.018000e-05	-2.056038e-02	-5.746816e+00
3.019000e-05	8.540251e-02	-5.884656e+00
3.020000e-05	-1.038409e-01	-6.001502e+00
3.021000e-05	1.081147e-01	-6.141841e+00
3.022000e-05	-6.300052e-02	-6.357863e+00
3.023000e-05	-5.855341e-03	-6.497210e+00
3.024000e-05	8.029039e-02	-6.623607e+00
3.025000e-05	-7.496826e-02	-6.801947e+00
3.026000e-05	7.411974e-02	-6.899937e+00
3.027000e-05	-7.777341e-02	-7.106264e+00
3.028000e-05	5.891226e-02	-7.253683e+00
3.029000e-05	2.745934e-02	-7.381427e+00
3.030000e-05	-4.419730e-02	-7.517264e+00
3.031000e-05	3.808255e-02	-7.655711e+00
3.032000e-05	-4.584607e-02	-7.812976e+00
3.033000e-05	6.377329e-02	-7.989995e+00
3.034000e-05	-2.754128e-02	-8.067187e+00
3.035000e-05	2.434353e-02	-8.201546e+00
3.036000e-05	1.697649e-02	-8.306763e+00
3.037000e-05	-2.647481e-02	-8.410525e+00
3.038000e-05	2.485566e-02	-8.497215e+00
3.039000e-05	-1.623585e-02	-8.675060e+00
3.040000e-05	4.800244e-02	-8.790499e+00
3.041000e-05	-2.352405e-02	-8.845188e+00
3.042000e-05	7.339250e-03	-8.949368e+00
3.043000e-05	1.037171e-02	-9.013609e+00
3.044000e-05	1.164340e-02	-9.137844e+00
3.045000e-05	1.263771e-02	-9.201477e+00
3.046000e-05	-1.135558e-02	-9.285689e+00
3.047000e-05	2.238001e-02	-9.391596e+00
3.048000e-05	7.277321e-04	-9.536762e+00
3.049000e-05	1.497424e-02	-9.580000e+00
3.050000e-05	5.306938e-05	-9.645609e+00
3.051000e-05	4.013358e-03	-9.707791e+00
3.052000e-05	4.374898e-03	-9.729924e+00
3.053000e-05	1.526144e-02	-9.784076e+00
3.054000e-05	2.149143e-02	-9.866184e+00
3.055000e-05	7.756726e-04	-9.927417e+00
3.056000e-05	8.023126e-04	-9.979945e+00
3.057000e-05	5.052515e-03	-9.990522e+00
3.058000e-05	1.988198e-02	-1.001408e+01
3.059000e-05	1.001976e-02	-1.007484e+01
3.060000e-05	2.743116e-03	-1.014032e+01
3.061000e-05	5.409693e-03	-1.017050e+01
3.062000e-05	1.151493e-02	-1.021498e+01
3.063000e-05	1.473619e-02	-1.026418e+01
3.064000e-05	1.026960e-02	-1.021561e+01
3.065000e-05	7.711069e-03	-1.034778e+01
3.066000e-05	1.080541e-02	-1.034642e+01
3.067000e-05	1.474720e-02	-1.031889e+01
3.068000e-05	1.126696e-02	-1.029786e+01
3.069000e-05	8.012014e-03	-1.036944e+01
3.070000e-05	8.176899e-03	-1.034889e+01
3.071000e-05	1.331082e-02	-1.036794e+01
3.072000e-05	1.540363e-02	-1.030984e+01
3.073000e-05	1.740019e-02	-1.031832e+01
3.074000e-05	1.418358e-02	-1.029832e+01
3.075000e-05	1.244274e-02	-1.028421e+01
3.076000e-05	1.508164e-02	-1.025473e+01
3.077000e-05	1.830512e-02	-1.023461e+01
3.078000e-05	1.789880e-02	-1.020090e+01
3.079000e-05	1.669731e-02	-1.012935e+01
3.080000e-05	1.783903e-02	-1.009779e+01
3.081000e-05	2.126141e-02	-1.003366e+01
3.082000e-05	1.958438e-02	-1.003153e+01
3.083000e-05	1.984426e-02	-9.970446e+00
3.084000e-05	2.257216e-02	-9.938339e+00
3.085000e-05	2.342466e-02	-9.886662e+00
3.086000e-05	2.437422e-02	-9.833056e+00
3.087000e-05	2.272571e-02	-9.760550e+00
3.088000e-05	2.460576e-02	-9.735291e+00
3.089000e-05	2.385434e-02	-9.654136e+00
3.090000e-05	2.587299e-02	-9.609496e+00
3.091000e-05	2.764738e-02	-9.537849e+00
3.092000e-05	2.810678e-02	-9.483132e+00
3.093000e-05	2.755639e-02	-9.350891e+00
3.094000e-05	2.715949e-02	-9.232683e+00
3.095000e-05	2.756582e-02	-9.129450e+00
3.096000e-05	2.879983e-02	-9.075214e+00
3.097000e-05	2.881168e-02	-8.959972e+00
3.098000e-05	2.956305e-02	-8.903211e+00
3.099000e-05	2.878376e-02	-8.801028e+00
3.100000e-05	2.927790e-02	-8.717195e+00
3.101000e-05	2.993880e-02	-8.573470e+00
3.102000e-05	2.984100e-02	-8.451637e+00
3.103000e-05	2.864507e-02	-8.338846e+00
3.104000e-05	2.918055e-02	-8.233656e+00
3.105000e-05	2.984941e-02	-8.117897e+00
3.106000e-05	2.960801e-02	-8.012103e+00
3.107000e-05	2.736616e-02	-7.877263e+00
3.108000e-05	2.746810e-02	-7.758942e+00
3.109000e-05	2.641361e-02	-7.589951e+00
3.110000e-05	2.754671e-02	-7.424182e+00
3.111000e-05	2.611971e-02	-7.298242e+00
3.112000e-05	2.598846e-02	-7.147979e+00
3.113000e-05	2.436880e-02	-7.073662e+00
3.114000e-05	2.247276e-02	-6.875207e+00
3.115000e-05	2.155033e-02	-6.757866e+00
3.116000e-05	2.060681e-02	-6.550526e+00
3.117000e-05	2.025373e-02	-6.502135e+00
3.118000e-05	1.894608e-02	-6.367821e+00
3.119000e-05	1.858718e-02	-6.167893e+00
3.120000e-05	1.589421e-02	-5.929500e+00
3.121000e-05	1.495825e-02	-5.831608e+00
3.122000e-05	1.263681e-02	-5.675684e+00
3.123000e-05	1.337153e-02	-5.516822e+00
3.124000e-05	1.109418e-02	-5.315845e+00
3.125000e-05	1.124309e-02	-5.146919e+00
3.126000e-05	7.241256e-03	-4.949871e+00
3.127000e-05	7.809223e-03	-4.725237e+00
3.128000e-05	5.928491e-03	-4.570446e+00
3.129000e-05	7.551130e-03	-4.410578e+00
3.130000e-05	5.471837e-03	-4.274210e+00
3.131000e-05	5.484642e-03	-4.106241e+00
3.132000e-05	3.296635e-03	-3.976925e+00
3.133000e-05	2.832222e-03	-3.757863e+00
3.134000e-05	2.614252e-03	-3.558971e+00
3.135000e-05	4.328687e-03	-3.400953e+00
3.136000e-05	2.704067e-03	-3.210004e+00
3.137000e-05	2.585760e-03	-2.983030e+00
3.138000e-05	-4.269391e-04	-2.862103e+00
3.139000e-05	3.632302e-04	-2.673183e+00
3.140000e-05	-2.198669e-03	-2.474111e+00
3.141000e-05	1.000596e-03	-2.304693e+00
3.142000e-05	-1.961576e-04	-2.102632e+00
3.143000e-05	-1.820488e-05	-1.925264e+00
3.144000e-05	-1.602702e-03	-1.747337e+00
3.145000e-05	-4.470637e-04	-1.565847e+00
3.146000e-05	-1.663330e-03	-1.293834e+00
3.147000e-05	-2.132241e-03	-1.102711e+00
3.148000e-05	-2.974166e-03	-9.452642e-01
3.149000e-05	-2.552260e-03	-7.563899e-01
3.150000e-05	-2.458499e-03	-5.157856e-01
3.151000e-05	-2.551851e-03	-3.464209e-01
3.152000e-05	-3.172316e-03	-1.263689e-01
3.153000e-05	2.163981e-03	3.202507e-02
3.154000e-05	2.989015e-03	2.225525e-01
3.155000e-05	-2.844879e-03	3.905526e-01
3.156000e-05	2.447960e-03	5.383711e-01
3.157000e-05	-3.347192e-03	7.378909e-01
3.158000e-05	-1.477213e-03	8.847380e-01
3.159000e-05	-3.486601e-03	1.105837e+00
3.160000e-05	4.959094e-03	1.306286e+00
3.161000e-05	2.535183e-02	1.558691e+00
3.162000e-05	7.215741e-02	1.810348e+00
3.163000e-05	-3.861768e-02	1.988972e+00
3.164000e-05	-4.225216e-02	2.148971e+00
3.165000e-05	-4.249072e-02	2.376950e+00
3.166000e-05	-7.282293e-02	2.424634e+00
3.167000e-05	3.551005e-02	2.644633e+00
3.168000e-05	1.401594e-01	2.791600e+00
3.169000e-05	-1.834891e-01	3.009396e+00
3.170000e-05	1.094176e-01	3.127263e+00
3.171000e-05	1.801622e-02	3.308791e+00
3.172000e-05	-1.039598e-01	3.557366e+00
3.173000e-05	1.032498e-01	3.622612e+00
3.174000e-05	-1.933870e-02	3.892683e+00
3.175000e-05	-1.056262e-01	4.011579e+00
3.176000e-05	1.108799e-01	4.223605e+00
3.177000e-05	-3.384841e-02	4.410503e+00
3.178000e-05	-3.691268e-03	4.559974e+00
3.179000e-05	-2.383167e-02	4.728895e+00
3.180000e-05	-5.875776e-02	4.988471e+00
3.181000e-05	6.012677e-02	5.179525e+00
3.182000e-05	1.604905e-03	5.349476e+00
3.183000e-05	6.281112e-03	5.516290e+00
3.184000e-05	-4.135262e-02	5.655160e+00
3.185000e-05	4.947399e-03	5.913709e+00
3.186000e-05	3.511305e-03	6.013080e+00
3.187000e-05	-3.277745e-02	6.178925e+00
3.188000e-05	2.755205e-02	6.334866e+00
3.189000e-05	-2.662161e-02	6.456634e+00
3.190000e-05	-1.304120e-02	6.651659e+00
3.191000e-05	1.186822e-02	6.781078e+00
3.192000e-05	-2.523482e-02	6.948367e+00
3.193000e-05	1.565990e-03	7.054207e+00
3.194000e-05	-1.394868e-02	7.250996e+00
3.195000e-05	4.130577e-05	7.298844e+00
3.196000e-05	3.569510e-04	7.556844e+00
3.197000e-05	-2.174403e-02	7.694662e+00
3.198000e-05	-6.387667e-03	7.800031e+00
3.199000e-05	-1.816123e-02	8.000421e+00
3.200000e-05	4.309154e-03	8.086271e+00
3.201000e-05	-1.362343e-02	8.191030e+00
3.202000e-05	-6.269739e-03	8.327820e+00
3.203000e-05	4.207630e-04	8.422606e+00
3.204000e-05	-1.806183e-02	8.527344e+00
3.205000e-05	-1.229978e-02	8.601079e+00
3.206000e-05	-1.921645e-02	8.705291e+00
3.207000e-05	2.997357e-03	8.800505e+00
3.208000e-05	-1.039092e-02	8.845136e+00
3.209000e-05	-1.287823e-02	8.985102e+00
3.210000e-05	-1.345763e-02	9.137368e+00
3.211000e-05	-1.011495e-02	9.222106e+00
3.212000e-05	-6.608770e-03	9.275264e+00
3.213000e-05	-1.424382e-02	9.347921e+00
3.214000e-05	-8.163806e-03	9.433612e+00
3.215000e-05	-1.248516e-02	9.517270e+00
3.216000e-05	-1.094416e-02	9.580083e+00
3.217000e-05	-1.533591e-02	9.623636e+00
3.218000e-05	-1.459819e-02	9.695738e+00
3.219000e-05	-1.578949e-02	9.794081e+00
3.220000e-05	-9.325624e-03	9.927741e+00
3.221000e-05	-4.897543e-03	9.936845e+00
3.222000e-05	-1.324447e-02	9.990030e+00
3.223000e-05	-1.761477e-02	1.005266e+01
3.224000e-05	-1.748709e-02	1.007369e+01
3.225000e-05	-1.063882e-02	1.010582e+01
3.226000e-05	-1.282974e-02	1.017050e+01
3.227000e-05	-1.682808e-02	1.016200e+01
3.228000e-05	-1.625500e-02	1.023251e+01
3.229000e-05	-1.565967e-02	1.026466e+01
3.230000e-05	-1.283119e-02	1.022469e+01
3.231000e-05	-1.492644e-02	1.028627e+01
3.232000e-05	-1.586083e-02	1.029532e+01
3.233000e-05	-1.693367e-02	1.035579e+01
3.234000e-05	-1.235081e-02	1.031640e+01
3.235000e-05	-1.738559e-02	1.034729e+01
3.236000e-05	-2.048797e-02	1.031689e+01
3.237000e-05	-2.181398e-02	1.030737e+01
3.238000e-05	-1.785280e-02	1.032740e+01
3.239000e-05	-1.718680e-02	1.032579e+01
3.240000e-05	-1.882360e-02	1.029580e+01
3.241000e-05	-2.066762e-02	1.029424e+01
3.242000e-05	-2.200897e-02	1.026469e+01
3.243000e-05	-2.170572e-02	1.025109e+01
3.244000e-05	-2.347430e-02	1.019158e+01
3.245000e-05	-2.268768e-02	1.018948e+01
3.246000e-05	-2.456936e-02	1.012790e+01
3.247000e-05	-2.516233e-02	1.008627e+01
3.248000e-05	-2.630596e-02	1.006324e+01
3.249000e-05	-2.687730e-02	1.004263e+01
3.250000e-05	-2.824549e-02	9.979504e+00
3.251000e-05	-2.850015e-02	9.925320e+00
3.252000e-05	-2.736754e-02	9.874768e+00
3.253000e-05	-2.999473e-02	9.790981e+00
3.254000e-05	-3.122087e-02	9.736898e+00
3.255000e-05	-3.319174e-02	9.652138e+00
3.256000e-05	-3.221510e-02	9.558501e+00
3.257000e-05	-3.239842e-02	9.516270e+00
3.258000e-05	-3.350814e-02	9.413633e+00
3.259000e-05	-3.250150e-02	9.357474e+00
3.260000e-05	-3.487371e-02	9.284789e+00
3.261000e-05	-3.400552e-02	9.222032e+00
3.262000e-05	-3.693752e-02	9.149421e+00
3.263000e-05	-3.483245e-02	9.051163e+00
3.264000e-05	-3.666202e-02	8.893312e+00
3.265000e-05	-3.435137e-02	8.759480e+00
3.266000e-05	-3.824395e-02	8.725817e+00
3.267000e-05	-3.620294e-02	8.610580e+00
3.268000e-05	-3.659469e-02	8.525291e+00
3.269000e-05	-3.570866e-02	8.400106e+00
3.270000e-05	-3.642850e-02	8.306771e+00
3.271000e-05	-3.639016e-02	8.195927e+00
3.272000e-05	-3.503030e-02	8.002608e+00
3.273000e-05	-3.614173e-02	7.933814e+00
3.274000e-05	-3.669630e-02	7.760055e+00
3.275000e-05	-3.625309e-02	7.680759e+00
3.276000e-05	-3.377366e-02	7.526874e+00
3.277000e-05	-3.305603e-02	7.327522e+00
3.278000e-05	-3.158609e-02	7.181080e+00
3.279000e-05	-3.106003e-02	7.042636e+00
3.280000e-05	-2.997809e-02	6.907375e+00
3.281000e-05	-3.027357e-02	6.801101e+00
3.282000e-05	-2.876580e-02	6.614240e+00
3.283000e-05	-2.615101e-02	6.485242e+00
3.284000e-05	-2.614555e-02	6.335926e+00
3.285000e-05	-2.578540e-02	6.179604e+00
3.286000e-05	-2.393314e-02	6.071659e+00
3.287000e-05	-2.255030e-02	5.907875e+00
3.288000e-05	-2.114836e-02	5.734802e+00
3.289000e-05	-2.037451e-02	5.558899e+00
3.290000e-05	-1.773058e-02	5.409428e+00
3.291000e-05	-1.702603e-02	5.221557e+00
3.292000e-05	-1.741276e-02	4.988454e+00
3.293000e-05	-1.593983e-02	4.808630e+00
3.294000e-05	-1.552801e-02	4.641112e+00
3.295000e-05	-1.447148e-02	4.482715e+00
3.296000e-05	-1.340857e-02	4.336350e+00
3.297000e-05	-1.262151e-02	4.113875e+00
3.298000e-05	-1.154474e-02	3.927896e+00
3.299000e-05	-1.107964e-02	3.767952e+00
3.300000e-05	-1.088832e-02	3.610080e+00
3.301000e-05	-1.030125e-02	3.412157e+00
3.302000e-05	-1.050039e-02	3.210582e+00
3.303000e-05	-9.365123e-03	3.062635e+00
3.304000e-05	-8.587743e-03	2.913289e+00
3.305000e-05	-9.636258e-03	2.735325e+00
3.306000e-05	-9.063110e-03	2.464247e+00
3.307000e-05	-8.336367e-03	2.293765e+00
3.308000e-05	-6.777947e-03	2.144345e+00
3.309000e-05	-6.183565e-03	1.978525e+00
3.310000e-05	-6.651905e-03	1.767475e+00
3.311000e-05	-6.753301e-03	1.556504e+00
3.312000e-05	-6.320996e-03	1.357976e+00
3.313000e-05	-7.137126e-03	1.227976e+00
3.314000e-05	-6.389803e-03	9.737922e-01
3.315000e-05	-5.599008e-03	7.654476e-01
3.316000e-05	-5.173199e-03	5.269501e-01
3.317000e-05	-4.192843e-03	4.290240e-01
3.318000e-05	-4.074107e-03	1.989251e-01
3.319000e-05	-2.224697e-03	6.923753e-03
3.320000e-05	3.432651e-03	-1.894223e-01
3.321000e-05	-2.427327e-03	-3.383909e-01
3.322000e-05	-5.570139e-04	-4.766619e-01
3.323000e-05	-3.055027e-03	-7.278409e-01
3.324000e-05	-2.084221e-03	-9.072867e-01
3.325000e-05	-2.092191e-03	-1.044053e+00
3.326000e-05	6.850808e-03	-1.221955e+00
3.327000e-05	5.453104e-02	-1.422903e+00
3.328000e-05	6.034755e-02	-1.644476e+00
3.329000e-05	-8.112977e-02	-1.905309e+00
3.330000e-05	-9.384217e-03	-2.129213e+00
3.331000e-05	-9.532217e-02	-2.369442e+00
3.332000e-05	-4.648844e-03	-2.482682e+00
3.333000e-05	1.803650e-01	-2.549266e+00
3.334000e-05	-1.503813e-01	-2.769869e+00
3.335000e-05	3.290210e-02	-2.939768e+00
3.336000e-05	1.258376e-01	-3.136813e+00
3.337000e-05	-2.015599e-01	-3.318314e+00
3.338000e-05	1.265227e-01	-3.517261e+00
3.339000e-05	5.909953e-02	-3.603045e+00
3.340000e-05	-1.907385e-01	-3.864688e+00
3.341000e-05	1.633268e-01	-3.991525e+00
3.342000e-05	-1.847393e-02	-4.231025e+00
3.343000e-05	-2.032303e-02	-4.390024e+00
3.344000e-05	5.690347e-02	-4.537088e+00
3.345000e-05	-1.837424e-01	-4.707789e+00
3.346000e-05	1.467170e-01	-4.936888e+00
3.347000e-05	2.751880e-02	-5.075658e+00
3.348000e-05	-6.371713e-02	-5.215258e+00
3.349000e-05	6.800467e-02	-5.455124e+00
3.350000e-05	-9.862167e-02	-5.635579e+00
3.351000e-05	1.049110e-01	-5.831002e+00
3.352000e-05	-6.095836e-02	-5.927765e+00
3.353000e-05	1.102072e-02	-6.079212e+00
3.354000e-05	6.342884e-02	-6.276654e+00
3.355000e-05	-1.075392e-01	-6.454530e+00
3.356000e-05	1.171587e-01	-6.580945e+00
3.357000e-05	-5.382978e-02	-6.738313e+00
3.358000e-05	2.205715e-02	-6.826108e+00
3.359000e-05	6.598248e-04	-7.022076e+00
3.360000e-05	-4.333977e-02	-7.221546e+00
3.361000e-05	1.063696e-01	-7.308791e+00
3.362000e-05	-6.747041e-02	-7.443609e+00
3.363000e-05	3.686766e-02	-7.578996e+00
3.364000e-05	-3.217133e-02	-7.771366e+00
3.365000e-05	2.229492e-02	-7.926839e+00
3.366000e-05	2.628552e-02	-8.044527e+00
3.367000e-05	-2.579343e-02	-8.149919e+00
3.368000e-05	5.405345e-02	-8.256205e+00
3.369000e-05	-3.737734e-02	-8.368973e+00
3.370000e-05	2.062812e-02	-8.447685e+00
3.371000e-05	-1.103291e-02	-8.600994e+00
3.372000e-05	2.665331e-02	-8.758416e+00
3.373000e-05	1.304834e-02	-8.813550e+00
3.374000e-05	-2.032506e-02	-8.897792e+00
3.375000e-05	2.481414e-02	-9.002029e+00
3.376000e-05	-6.407930e-04	-9.097763e+00
3.377000e-05	2.086333e-02	-9.169419e+00
3.378000e-05	-1.255656e-02	-9.266083e+00
3.379000e-05	1.360882e-02	-9.300819e+00
3.380000e-05	1.217563e-02	-9.415006e+00
3.381000e-05	7.046679e-03	-9.558970e+00
3.382000e-05	9.141695e-03	-9.603527e+00
3.383000e-05	-4.181518e-04	-9.676209e+00
3.384000e-05	6.580721e-03	-9.720365e+00
3.385000e-05	5.471575e-03	-9.791924e+00
3.386000e-05	2.306491e-02	-9.855079e+00
3.387000e-05	9.398331e-03	-9.927314e+00
3.388000e-05	8.074789e-04	-9.948921e+00
3.389000e-05	1.178028e-03	-9.969476e+00
3.390000e-05	1.399938e-02	-1.001463e+01
3.391000e-05	1.591503e-02	-1.006508e+01
3.392000e-05	4.511355e-03	-1.007630e+01
3.393000e-05	5.175101e-03	-1.012089e+01
3.394000e-05	1.007801e-02	-1.019350e+01
3.395000e-05	1.366475e-02	-1.023411e+01
3.396000e-05	1.119617e-02	-1.025716e+01
3.397000e-05	7.941221e-03	-1.031678e+01
3.398000e-05	8.635886e-03	-1.029729e+01
3.399000e-05	1.348179e-02	-1.032782e+01
3.400000e-05	1.358947e-02	-1.035989e+01
3.401000e-05	1.046532e-02	-1.032832e+01
3.402000e-05	8.161485e-03	-1.033947e+01
3.403000e-05	1.081132e-02	-1.032792e+01
3.404000e-05	1.397624e-02	-1.031897e+01
3.405000e-05	1.731280e-02	-1.031887e+01
3.406000e-05	1.575915e-02	-1.026784e+01
3.407000e-05	1.217767e-02	-1.028679e+01
3.408000e-05	1.351243e-02	-1.027516e+01
3.409000e-05	1.661407e-02	-1.021446e+01
3.410000e-05	2.015981e-02	-1.022442e+01
3.411000e-05	1.765642e-02	-1.016040e+01
3.412000e-05	1.682324e-02	-1.011924e+01
3.413000e-05	1.993187e-02	-1.008276e+01
3.414000e-05	2.012906e-02	-1.002308e+01
3.415000e-05	2.009167e-02	-9.960947e+00
3.416000e-05	2.127379e-02	-9.948893e+00
3.417000e-05	2.384419e-02	-9.906238e+00
3.418000e-05	2.288065e-02	-9.854633e+00
3.419000e-05	2.445952e-02	-9.802026e+00
3.420000e-05	2.414280e-02	-9.747290e+00
3.421000e-05	2.490460e-02	-9.666161e+00
3.422000e-05	2.431686e-02	-9.632602e+00
3.423000e-05	2.600847e-02	-9.560421e+00
3.424000e-05	2.798400e-02	-9.516310e+00
3.425000e-05	2.868399e-02	-9.370500e+00
3.426000e-05	2.798503e-02	-9.304710e+00
3.427000e-05	2.692232e-02	-9.190576e+00
3.428000e-05	2.746689e-02	-9.108389e+00
3.429000e-05	2.966513e-02	-9.012105e+00
3.430000e-05	3.032884e-02	-8.906216e+00
3.431000e-05	2.945064e-02	-8.812578e+00
3.432000e-05	2.866035e-02	-8.739992e+00
3.433000e-05	2.896241e-02	-8.654655e+00
3.434000e-05	2.994918e-02	-8.498318e+00
3.435000e-05	3.060880e-02	-8.391499e+00
3.436000e-05	2.858338e-02	-8.314809e+00
3.437000e-05	2.920100e-02	-8.181000e+00
3.438000e-05	2.939611e-02	-8.064183e+00
3.439000e-05	2.936985e-02	-7.948471e+00
3.440000e-05	2.770779e-02	-7.823103e+00
3.441000e-05	2.695325e-02	-7.624655e+00
3.442000e-05	2.621420e-02	-7.526269e+00
3.443000e-05	2.717201e-02	-7.370973e+00
3.444000e-05	2.734683e-02	-7.239657e+00
3.445000e-05	2.494193e-02	-7.098270e+00
3.446000e-05	2.297820e-02	-6.949415e+00
3.447000e-05	2.202102e-02	-6.810027e+00
3.448000e-05	2.204627e-02	-6.663134e+00
3.449000e-05	2.012012e-02	-6.537366e+00
3.450000e-05	1.937838e-02	-6.381574e+00
3.451000e-05	1.839851e-02	-6.231580e+00
3.452000e-05	1.776998e-02	-6.041633e+00
3.453000e-05	1.490943e-02	-5.896315e+00
3.454000e-05	1.397196e-02	-5.758896e+00
3.455000e-05	1.314494e-02	-5.561425e+00
3.456000e-05	1.198515e-02	-5.403076e+00
3.457000e-05	1.042327e-02	-5.230077e+00
3.458000e-05	9.434812e-03	-4.992131e+00
3.459000e-05	8.707723e-03	-4.851032e+00
3.460000e-05	7.165507e-03	-4.611154e+00
3.461000e-05	6.324620e-03	-4.483662e+00
3.462000e-05	7.213283e-03	-4.356845e+00
3.463000e-05	4.133195e-03	-4.180476e+00
3.464000e-05	4.698078e-03	-4.011102e+00
3.465000e-05	2.177669e-03	-3.882638e+00
3.466000e-05	4.094724e-03	-3.631555e+00
3.467000e-05	2.294586e-03	-3.485133e+00
3.468000e-05	2.933945e-03	-3.285788e+00
3.469000e-05	1.509309e-03	-3.126845e+00
3.470000e-05	7.560794e-04	-2.875264e+00
3.471000e-05	-1.633364e-05	-2.766917e+00
3.472000e-05	-1.662186e-03	-2.526396e+00
3.473000e-05	3.103021e-04	-2.368447e+00
3.474000e-05	-1.336031e-04	-2.157976e+00
3.475000e-05	1.029147e-04	-1.997948e+00
3.476000e-05	-2.564026e-03	-1.808478e+00
3.477000e-05	4.562210e-04	-1.613604e+00
3.478000e-05	-2.461852e-03	-1.388525e+00
3.479000e-05	-1.780038e-03	-1.178400e+00
3.480000e-05	-3.881888e-03	-1.019903e+00
3.481000e-05	-4.513792e-04	-8.209299e-01
3.482000e-05	-3.752685e-03	-5.901288e-01
3.483000e-05	-1.573204e-03	-3.989778e-01
3.484000e-05	-3.473188e-03	-2.220791e-01
3.485000e-05	1.069804e-03	-3.307914e-02
3.486000e-05	4.214773e-03	8.646948e-02
3.487000e-05	-1.802765e-03	3.683948e-01
3.488000e-05	7.631558e-04	4.947418e-01
3.489000e-05	-2.049194e-03	6.821867e-01
3.490000e-05	-1.827900e-03	8.611254e-01
3.491000e-05	-3.439679e-03	1.071980e+00
3.492000e-05	2.185796e-03	1.222655e+00
3.493000e-05	9.675313e-03	1.425478e+00
3.494000e-05	6.331072e-02	1.693712e+00
3.495000e-05	2.197453e-02	1.896238e+00
3.496000e-05	-6.262346e-02	2.064637e+00
3.497000e-05	-3.134550e-02	2.294135e+00
3.498000e-05	-6.005693e-02	2.451506e+00
3.499000e-05	-4.993581e-02	2.497823e+00
3.500000e-05	1.641354e-01	2.727417e+00
3.501000e-05	-6.554648e-02	2.907267e+00
3.502000e-05	-7.742515e-02	3.072604e+00
3.503000e-05	1.562935e-01	3.202476e+00
3.504000e-05	-1.216108e-01	3.514135e+00
3.505000e-05	1.944539e-02	3.609449e+00
3.506000e-05	8.783795e-02	3.758427e+00
3.507000e-05	-1.398095e-01	4.008392e+00
3.508000e-05	4.744663e-02	4.127820e+00
3.509000e-05	4.495349e-02	4.346371e+00
3.510000e-05	-4.100782e-02	4.535688e+00
3.511000e-05	1.166292e-02	4.703263e+00
3.512000e-05	-7.232843e-02	4.856212e+00
3.513000e-05	1.674298e-02	5.165863e+00
3.514000e-05	3.555131e-02	5.295214e+00
3.515000e-05	-1.123503e-03	5.463234e+00
3.516000e-05	-1.578032e-02	5.600653e+00
3.517000e-05	-2.885940e-02	5.781426e+00
3.518000e-05	1.990809e-02	5.970499e+00
3.519000e-05	-2.497375e-02	6.096389e+00
3.520000e-05	-1.664725e-03	6.244161e+00
3.521000e-05	1.467191e-02	6.380499e+00
3.522000e-05	-4.624929e-02	6.599323e+00
3.523000e-05	2.546561e-02	6.746467e+00
3.524000e-05	-2.174646e-02	6.894134e+00
3.525000e-05	-8.271334e-03	7.012555e+00
3.526000e-05	-5.043269e-03	7.148867e+00
3.527000e-05	-1.277247e-02	7.255238e+00
3.528000e-05	1.296271e-02	7.462659e+00
3.529000e-05	-2.429460e-02	7.632982e+00
3.530000e-05	-4.062820e-03	7.747746e+00
3.531000e-05	-2.049240e-02	7.827193e+00
3.532000e-05	1.768188e-03	8.014159e+00
3.533000e-05	-7.607750e-03	8.138348e+00
3.534000e-05	-1.241735e-02	8.286189e+00
3.535000e-05	5.425731e-04	8.360424e+00
3.536000e-05	-1.089712e-02	8.495111e+00
3.537000e-05	-1.538165e-02	8.558374e+00
3.538000e-05	-1.884877e-02	8.654239e+00
3.539000e-05	-4.288686e-03	8.760498e+00
3.540000e-05	-4.067249e-03	8.862659e+00
3.541000e-05	-1.141295e-02	8.919721e+00
3.542000e-05	-1.405968e-02	9.155863e+00
3.543000e-05	-1.005581e-02	9.181076e+00
3.544000e-05	-8.593252e-03	9.243711e+00
3.545000e-05	-1.163366e-02	9.328292e+00
3.546000e-05	-1.224174e-02	9.443528e+00
3.547000e-05	-1.085500e-02	9.515213e+00
3.548000e-05	-1.124088e-02	9.569444e+00
3.549000e-05	-1.316995e-02	9.611081e+00
3.550000e-05	-1.308393e-02	9.646770e+00
3.551000e-05	-1.729087e-02	9.779929e+00
3.552000e-05	-1.175014e-02	9.842666e+00
3.553000e-05	-6.683307e-03	9.907392e+00
3.554000e-05	-8.105820e-03	9.981946e+00
3.555000e-05	-1.787841e-02	1.002108e+01
3.556000e-05	-1.704402e-02	1.003469e+01
3.557000e-05	-1.237597e-02	1.008531e+01
3.558000e-05	-1.111449e-02	1.011980e+01
3.559000e-05	-1.527037e-02	1.013943e+01
3.560000e-05	-1.680680e-02	1.021155e+01
3.561000e-05	-1.425122e-02	1.025569e+01
3.562000e-05	-1.487651e-02	1.027471e+01
3.563000e-05	-1.343661e-02	1.029574e+01
3.564000e-05	-1.583395e-02	1.030677e+01
3.565000e-05	-1.684845e-02	1.029637e+01
3.566000e-05	-1.508873e-02	1.030692e+01
3.567000e-05	-1.460072e-02	1.034834e+01
3.568000e-05	-1.796148e-02	1.034687e+01
3.569000e-05	-2.268010e-02	1.031777e+01
3.570000e-05	-1.812523e-02	1.034699e+01
3.571000e-05	-1.737075e-02	1.029829e+01
3.572000e-05	-1.794969e-02	1.032689e+01
3.573000e-05	-2.103969e-02	1.028569e+01
3.574000e-05	-2.048820e-02	1.031481e+01
3.575000e-05	-2.161089e-02	1.023414e+01
3.576000e-05	-2.278885e-02	1.023163e+01
3.577000e-05	-2.244766e-02	1.015156e+01
3.578000e-05	-2.484464e-02	1.013843e+01
3.579000e-05	-2.513452e-02	1.013734e+01
3.580000e-05	-2.612041e-02	1.011674e+01
3.581000e-05	-2.534167e-02	1.002321e+01
3.582000e-05	-2.807040e-02	1.001105e+01
3.583000e-05	-2.814141e-02	9.959925e+00
3.584000e-05	-2.836333e-02	9.877318e+00
3.585000e-05	-2.871465e-02	9.834158e+00
3.586000e-05	-3.050128e-02	9.739921e+00
3.587000e-05	-3.331788e-02	9.665192e+00
3.588000e-05	-3.116002e-02	9.589078e+00
3.589000e-05	-3.353712e-02	9.538374e+00
3.590000e-05	-3.246155e-02	9.463665e+00
3.591000e-05	-3.414193e-02	9.372504e+00
3.592000e-05	-3.215120e-02	9.295842e+00
3.593000e-05	-3.463371e-02	9.251610e+00
3.594000e-05	-3.561445e-02	9.158471e+00
3.595000e-05	-3.515309e-02	9.095167e+00
3.596000e-05	-3.619824e-02	8.938474e+00
3.597000e-05	-3.389621e-02	8.842610e+00
3.598000e-05	-3.739523e-02	8.718847e+00
3.599000e-05	-3.587487e-02	8.661712e+00
3.600000e-05	-3.816815e-02	8.528373e+00
3.601000e-05	-3.551861e-02	8.471637e+00
3.602000e-05	-3.689507e-02	8.388424e+00
3.603000e-05	-3.517240e-02	8.261233e+00
3.604000e-05	-3.769239e-02	8.087668e+00
3.605000e-05	-3.504172e-02	7.957028e+00
3.606000e-05	-3.517754e-02	7.842087e+00
3.607000e-05	-3.554580e-02	7.688316e+00
3.608000e-05	-3.608850e-02	7.600059e+00
3.609000e-05	-3.426356e-02	7.513663e+00
3.610000e-05	-3.115846e-02	7.292686e+00
3.611000e-05	-3.032961e-02	7.107368e+00
3.612000e-05	-3.076957e-02	7.001079e+00
3.613000e-05	-3.088018e-02	6.862241e+00
3.614000e-05	-2.887724e-02	6.697772e+00
3.615000e-05	-2.621652e-02	6.546949e+00
3.616000e-05	-2.688523e-02	6.389079e+00
3.617000e-05	-2.512555e-02	6.261138e+00
3.618000e-05	-2.300767e-02	6.135289e+00
3.619000e-05	-2.172799e-02	6.020028e+00
3.620000e-05	-2.176058e-02	5.860108e+00
3.621000e-05	-2.018159e-02	5.600632e+00
3.622000e-05	-1.970019e-02	5.472709e+00
3.623000e-05	-1.902447e-02	5.305321e+00
3.624000e-05	-1.714373e-02	5.095866e+00
3.625000e-05	-1.656090e-02	4.943240e+00
3.626000e-05	-1.554911e-02	4.715318e+00
3.627000e-05	-1.593058e-02	4.546921e+00
3.628000e-05	-1.254101e-02	4.389528e+00
3.629000e-05	-1.180702e-02	4.240128e+00
3.630000e-05	-1.152168e-02	3.990104e+00
3.631000e-05	-1.201471e-02	3.833160e+00
3.632000e-05	-1.166841e-02	3.674139e+00
3.633000e-05	-1.126875e-02	3.553871e+00
3.634000e-05	-1.053005e-02	3.304716e+00
3.635000e-05	-8.792029e-03	3.145320e+00
3.636000e-05	-9.337976e-03	2.948454e+00
3.637000e-05	-8.571803e-03	2.809051e+00
3.638000e-05	-8.593865e-03	2.590483e+00
3.639000e-05	-8.056969e-03	2.381003e+00
3.640000e-05	-7.975482e-03	2.179055e+00
3.641000e-05	-6.977096e-03	2.062154e+00
3.642000e-05	-7.522063e-03	1.871186e+00
3.643000e-05	-6.082492e-03	1.662182e+00
3.644000e-05	-6.360643e-03	1.472133e+00
3.645000e-05	-6.067123e-03	1.253185e+00
3.646000e-05	-5.978493e-03	1.032608e+00
3.647000e-05	-5.780075e-03	8.286553e-01
3.648000e-05	-5.934458e-03	6.506804e-01
3.649000e-05	-5.185464e-03	4.620631e-01
3.650000e-05	-5.929573e-03	2.917944e-01
3.651000e-05	-4.565502e-03	4.065552e-02
3.652000e-05	2.728804e-03	-1.177369e-01
3.653000e-05	1.309889e-04	-2.541618e-01
3.654000e-05	-2.620614e-03	-4.050989e-01
3.655000e-05	-9.161726e-04	-6.860275e-01
3.656000e-05	-2.428084e-03	-8.036252e-01
3.657000e-05	-1.439056e-03	-9.699422e-01
3.658000e-05	3.887166e-04	-1.149820e+00
3.659000e-05	1.924380e-02	-1.327787e+00
3.660000e-05	9.396676e-02	-1.538816e+00
3.661000e-05	-4.864631e-02	-1.770392e+00
3.662000e-05	-3.227410e-02	-2.022001e+00
3.663000e-05	-5.235846e-02	-2.314681e+00
3.664000e-05	-8.868391e-02	-2.434105e+00
3.665000e-05	1.487154e-01	-2.466259e+00
3.666000e-05	1.977029e-02	-2.632103e+00
3.667000e-05	-1.583316e-01	-2.914708e+00
3.668000e-05	2.065643e-01	-3.063149e+00
3.669000e-05	-1.170260e-01	-3.233580e+00
3.670000e-05	-4.778093e-02	-3.413501e+00
3.671000e-05	1.861717e-01	-3.579846e+00
3.672000e-05	-1.551939e-01	-3.759420e+00
3.673000e-05	1.626967e-04	-3.958943e+00
3.674000e-05	1.478670e-01	-4.087236e+00
3.675000e-05	-1.241487e-01	-4.356893e+00
3.676000e-05	1.143841e-01	-4.434104e+00
3.677000e-05	-1.319234e-01	-4.623125e+00
3.678000e-05	-1.658310e-02	-4.824029e+00
3.679000e-05	1.648737e-01	-5.009970e+00
3.680000e-05	-1.069981e-01	-5.181897e+00
3.681000e-05	7.045760e-02	-5.370948e+00
3.682000e-05	-5.883652e-02	-5.569914e+00
3.683000e-05	1.108463e-02	-5.739865e+00
3.684000e-05	5.788668e-02	-5.885758e+00
3.685000e-05	-9.227445e-02	-6.003027e+00
3.686000e-05	1.180214e-01	-6.172399e+00
3.687000e-05	-8.886288e-02	-6.369924e+00
3.688000e-05	2.972533e-02	-6.516789e+00
3.689000e-05	5.253253e-02	-6.673630e+00
3.690000e-05	-6.364814e-02	-6.781074e+00
3.691000e-05	7.087944e-02	-6.911417e+00
3.692000e-05	-8.461891e-02	-7.127916e+00
3.693000e-05	8.345017e-02	-7.225107e+00
3.694000e-05	-4.696063e-04	-7.372020e+00
3.695000e-05	-2.696136e-02	-7.530867e+00
3.696000e-05	2.596692e-02	-7.637109e+00
3.697000e-05	-3.661637e-02	-7.874130e+00
3.698000e-05	6.417635e-02	-7.990520e+00
3.699000e-05	-3.654978e-02	-8.057260e+00
3.700000e-05	3.666527e-02	-8.192600e+00
3.701000e-05	3.199760e-03	-8.347390e+00
3.702000e-05	-1.579696e-02	-8.401602e+00
3.703000e-05	1.917035e-02	-8.509237e+00
3.704000e-05	-1.222145e-02	-8.655161e+00
3.705000e-05	4.525976e-02	-8.801025e+00
3.706000e-05	-2.694344e-02	-8.856134e+00
3.707000e-05	1.687042e-02	-8.940468e+00
3.708000e-05	5.284858e-03	-9.045156e+00
3.709000e-05	1.331095e-02	-9.158892e+00
3.710000e-05	6.206903e-03	-9.205572e+00
3.711000e-05	-6.177018e-03	-9.268668e+00
3.712000e-05	2.340111e-02	-9.323398e+00
3.713000e-05	-4.457844e-04	-9.516238e+00
3.714000e-05	1.448250e-02	-9.571525e+00
3.715000e-05	-1.367269e-03	-9.644157e+00
3.716000e-05	6.235047e-03	-9.717212e+00
3.717000e-05	3.412809e-03	-9.750944e+00
3.718000e-05	1.628371e-02	-9.832604e+00
3.719000e-05	1.894415e-02	-9.896189e+00
3.720000e-05	1.823250e-03	-9.939917e+00
3.721000e-05	1.580559e-03	-9.961871e+00
3.722000e-05	6.195964e-03	-9.993077e+00
3.723000e-05	1.841102e-02	-1.002414e+01
3.724000e-05	9.267389e-03	-1.006524e+01
3.725000e-05	5.358205e-03	-1.008932e+01
3.726000e-05	6.685025e-03	-1.022092e+01
3.727000e-05	1.042693e-02	-1.024360e+01
3.728000e-05	1.329511e-02	-1.024516e+01
3.729000e-05	9.348353e-03	-1.025566e+01
3.730000e-05	8.034109e-03	-1.034871e+01
3.731000e-05	1.029131e-02	-1.026779e+01
3.732000e-05	1.532268e-02	-1.033087e+01
3.733000e-05	1.210227e-02	-1.034889e+01
3.734000e-05	8.135082e-03	-1.035944e+01
3.735000e-05	8.706922e-03	-1.036790e+01
3.736000e-05	1.371176e-02	-1.033937e+01
3.737000e-05	1.653192e-02	-1.037887e+01
3.738000e-05	1.711302e-02	-1.032829e+01
3.739000e-05	1.357696e-02	-1.030879e+01
3.740000e-05	1.334628e-02	-1.027676e+01
3.741000e-05	1.465542e-02	-1.024628e+01
3.742000e-05	1.732760e-02	-1.021308e+01
3.743000e-05	1.861058e-02	-1.017092e+01
3.744000e-05	1.800861e-02	-1.009042e+01
3.745000e-05	1.838966e-02	-1.008671e+01
3.746000e-05	2.025080e-02	-1.004313e+01
3.747000e-05	2.044226e-02	-1.000308e+01
3.748000e-05	2.040912e-02	-9.958420e+00
3.749000e-05	2.223069e-02	-9.909341e+00
3.750000e-05	2.423879e-02	-9.894710e+00
3.751000e-05	2.405347e-02	-9.784110e+00
3.752000e-05	2.433385e-02	-9.760895e+00
3.753000e-05	2.403952e-02	-9.717314e+00
3.754000e-05	2.424112e-02	-9.693658e+00
3.755000e-05	2.576168e-02	-9.591100e+00
3.756000e-05	2.604437e-02	-9.538269e+00
3.757000e-05	3.002178e-02	-9.453053e+00
3.758000e-05	2.688847e-02	-9.319292e+00
3.759000e-05	2.908785e-02	-9.201655e+00
3.760000e-05	2.654745e-02	-9.149446e+00
3.761000e-05	2.847662e-02	-9.063709e+00
3.762000e-05	2.954107e-02	-8.968417e+00
3.763000e-05	2.804600e-02	-8.895787e+00
3.764000e-05	2.992778e-02	-8.739553e+00
3.765000e-05	2.896368e-02	-8.675818e+00
3.766000e-05	3.152258e-02	-8.568950e+00
3.767000e-05	2.975031e-02	-8.423732e+00
3.768000e-05	2.905856e-02	-8.347269e+00
3.769000e-05	2.924191e-02	-8.221631e+00
3.770000e-05	2.927693e-02	-8.128692e+00
3.771000e-05	2.940072e-02	-8.010476e+00
3.772000e-05	2.824228e-02	-7.896765e+00
3.773000e-05	2.785413e-02	-7.676192e+00
3.774000e-05	2.736674e-02	-7.560421e+00
3.775000e-05	2.682965e-02	-7.352233e+00
3.776000e-05	2.704136e-02	-7.295754e+00
3.777000e-05	2.619246e-02	-7.190451e+00
3.778000e-05	2.239857e-02	-7.033533e+00
3.779000e-05	2.196379e-02	-6.843205e+00
3.780000e-05	2.217535e-02	-6.705741e+00
3.781000e-05	2.181818e-02	-6.540028e+00
3.782000e-05	1.887374e-02	-6.442130e+00
3.783000e-05	1.757876e-02	-6.296691e+00
3.784000e-05	1.784397e-02	-6.096818e+00
3.785000e-05	1.741814e-02	-5.959391e+00
3.786000e-05	1.470650e-02	-5.842005e+00
3.787000e-05	1.305544e-02	-5.683709e+00
3.788000e-05	1.187387e-02	-5.484194e+00
3.789000e-05	1.079374e-02	-5.286291e+00
3.790000e-05	1.072604e-02	-5.115812e+00
3.791000e-05	9.450718e-03	-4.937349e+00
3.792000e-05	8.510401e-03	-4.715209e+00
3.793000e-05	5.841284e-03	-4.518347e+00
3.794000e-05	7.753481e-03	-4.400553e+00
3.795000e-05	4.388808e-03	-4.264654e+00
3.796000e-05	6.247845e-03	-4.095740e+00
3.797000e-05	3.326423e-03	-3.958247e+00
3.798000e-05	3.705956e-03	-3.694764e+00
3.799000e-05	1.688404e-03	-3.537471e+00
3.800000e-05	3.660505e-03	-3.349002e+00
3.801000e-05	2.596988e-03	-3.220529e+00
3.802000e-05	2.059889e-03	-2.988529e+00
3.803000e-05	5.458313e-04	-2.810101e+00
3.804000e-05	-3.164243e-04	-2.661103e+00
3.805000e-05	-9.891936e-04	-2.460680e+00
3.806000e-05	5.707407e-04	-2.284659e+00
3.807000e-05	1.465035e-04	-2.061628e+00
3.808000e-05	-1.788906e-04	-1.874257e+00
3.809000e-05	-8.276863e-04	-1.697263e+00
3.810000e-05	-2.876863e-04	-1.526393e+00
3.811000e-05	-1.868909e-03	-1.304183e+00
3.812000e-05	-3.045391e-03	-1.093684e+00
3.813000e-05	-2.632346e-03	-8.842342e-01
3.814000e-05	-2.369629e-03	-7.057655e-01
3.815000e-05	-2.402953e-03	-4.846817e-01
3.816000e-05	-2.974838e-03	-3.148143e-01
3.817000e-05	-1.613290e-03	-1.263672e-01
3.818000e-05	2.860824e-03	1.253013e-02
3.819000e-05	2.356087e-03	2.716602e-01
3.820000e-05	-2.590734e-03	4.610801e-01
3.821000e-05	1.290678e-03	5.794724e-01
3.822000e-05	-3.633803e-03	7.774187e-01
3.823000e-05	-1.326577e-03	9.171632e-01
3.824000e-05	-2.225337e-03	1.168344e+00
3.825000e-05	5.959497e-03	1.316371e+00
3.826000e-05	3.282487e-02	1.546765e+00
3.827000e-05	6.750071e-02	1.791979e+00
3.828000e-05	-5.078381e-02	2.011001e+00
3.829000e-05	-3.743691e-02	2.188422e+00
3.830000e-05	-4.554621e-02	2.348417e+00
3.831000e-05	-7.305395e-02	2.534633e+00
3.832000e-05	6.717944e-02	2.633134e+00
3.833000e-05	1.062621e-01	2.852556e+00
3.834000e-05	-1.870693e-01	2.999003e+00
3.835000e-05	1.436906e-01	3.127791e+00
3.836000e-05	-2.360859e-02	3.317377e+00
3.837000e-05	-8.248917e-02	3.586922e+00
3.838000e-05	1.158989e-01	3.654187e+00
3.839000e-05	-5.307368e-02	3.894236e+00
3.840000e-05	-8.000892e-02	4.042603e+00
3.841000e-05	1.066379e-01	4.295082e+00
3.842000e-05	-4.211942e-02	4.443057e+00
3.843000e-05	7.781615e-03	4.561554e+00
3.844000e-05	-3.693337e-02	4.771422e+00
3.845000e-05	-4.898932e-02	5.051881e+00
3.846000e-05	6.045695e-02	5.193011e+00
3.847000e-05	-2.061331e-03	5.391476e+00
3.848000e-05	5.833890e-03	5.539371e+00
3.849000e-05	-4.571373e-02	5.708690e+00
3.850000e-05	9.601810e-03	5.925764e+00
3.851000e-05	-3.051533e-03	6.073056e+00
3.852000e-05	-2.791625e-02	6.170024e+00
3.853000e-05	3.041008e-02	6.328842e+00
3.854000e-05	-3.756161e-02	6.446135e+00
3.855000e-05	-2.257005e-03	6.703739e+00
3.856000e-05	5.127011e-03	6.832080e+00
3.857000e-05	-2.231608e-02	6.988522e+00
3.858000e-05	8.843229e-04	7.095242e+00
3.859000e-05	-1.650936e-02	7.190558e+00
3.860000e-05	3.163245e-03	7.328824e+00
3.861000e-05	-4.967081e-03	7.506816e+00
3.862000e-05	-1.645444e-02	7.666188e+00
3.863000e-05	-9.979144e-03	7.802582e+00
3.864000e-05	-1.585784e-02	7.980929e+00
3.865000e-05	3.121635e-03	8.126842e+00
3.866000e-05	-1.304176e-02	8.190606e+00
3.867000e-05	-4.525811e-03	8.346946e+00
3.868000e-05	-1.763850e-03	8.422058e+00
3.869000e-05	-1.967673e-02	8.527423e+00
3.870000e-05	-1.406194e-02	8.632129e+00
3.871000e-05	-1.632464e-02	8.755816e+00
3.872000e-05	2.593468e-03	8.790081e+00
3.873000e-05	-1.083680e-02	8.877797e+00
3.874000e-05	-1.375981e-02	9.024608e+00
3.875000e-05	-1.118382e-02	9.167420e+00
3.876000e-05	-9.869444e-03	9.213136e+00
3.877000e-05	-7.205787e-03	9.316216e+00
3.878000e-05	-1.576546e-02	9.369376e+00
3.879000e-05	-8.338833e-03	9.453108e+00
3.880000e-05	-1.224557e-02	9.496818e+00
3.881000e-05	-9.956168e-03	9.590052e+00
3.882000e-05	-1.397721e-02	9.653742e+00
3.883000e-05	-1.564491e-02	9.720873e+00
3.884000e-05	-1.473635e-02	9.863506e+00
3.885000e-05	-8.649932e-03	9.936389e+00
3.886000e-05	-4.778995e-03	9.968401e+00
3.887000e-05	-1.504540e-02	9.980479e+00
3.888000e-05	-1.843098e-02	1.002314e+01
3.889000e-05	-1.595393e-02	1.007576e+01
3.890000e-05	-9.863244e-03	1.010732e+01
3.891000e-05	-1.308242e-02	1.013035e+01
3.892000e-05	-1.803461e-02	1.018151e+01
3.893000e-05	-1.523349e-02	1.025211e+01
3.894000e-05	-1.471622e-02	1.024263e+01
3.895000e-05	-1.281776e-02	1.031521e+01
3.896000e-05	-1.622854e-02	1.030474e+01
3.897000e-05	-1.593357e-02	1.031579e+01
3.898000e-05	-1.687437e-02	1.028779e+01
3.899000e-05	-1.222711e-02	1.033684e+01
3.900000e-05	-1.743124e-02	1.032682e+01
3.901000e-05	-2.106978e-02	1.032839e+01
3.902000e-05	-2.141080e-02	1.031677e+01
3.903000e-05	-1.752768e-02	1.033632e+01
3.904000e-05	-1.647316e-02	1.028677e+01
3.905000e-05	-1.970072e-02	1.032529e+01
3.906000e-05	-2.067858e-02	1.028622e+01
3.907000e-05	-2.256998e-02	1.030471e+01
3.908000e-05	-2.197368e-02	1.022311e+01
3.909000e-05	-2.291793e-02	1.019200e+01
3.910000e-05	-2.362767e-02	1.015990e+01
3.911000e-05	-2.566059e-02	1.012735e+01
3.912000e-05	-2.556352e-02	1.009629e+01
3.913000e-05	-2.562613e-02	1.007366e+01
3.914000e-05	-2.791967e-02	1.005111e+01
3.915000e-05	-2.830434e-02	1.000953e+01
3.916000e-05	-2.927203e-02	9.928871e+00
3.917000e-05	-2.761941e-02	9.835137e+00
3.918000e-05	-2.879914e-02	9.771900e+00
3.919000e-05	-3.052986e-02	9.706946e+00
3.920000e-05	-3.305379e-02	9.613582e+00
3.921000e-05	-3.359054e-02	9.508926e+00
3.922000e-05	-3.258146e-02	9.466818e+00
3.923000e-05	-3.397369e-02	9.412183e+00
3.924000e-05	-3.171418e-02	9.339416e+00
3.925000e-05	-3.487526e-02	9.253667e+00
3.926000e-05	-3.458559e-02	9.209581e+00
3.927000e-05	-3.749191e-02	9.107847e+00
3.928000e-05	-3.527129e-02	9.004954e+00
3.929000e-05	-3.623237e-02	8.864268e+00
3.930000e-05	-3.546072e-02	8.778981e+00
3.931000e-05	-3.710060e-02	8.706238e+00
3.932000e-05	-3.782092e-02	8.589979e+00
3.933000e-05	-3.629285e-02	8.524715e+00
3.934000e-05	-3.573171e-02	8.390029e+00
3.935000e-05	-3.629394e-02	8.274662e+00
3.936000e-05	-3.706405e-02	8.178401e+00
3.937000e-05	-3.483906e-02	8.021608e+00
3.938000e-05	-3.517124e-02	7.885320e+00
3.939000e-05	-3.451974e-02	7.769051e+00
3.940000e-05	-3.570955e-02	7.664114e+00
3.941000e-05	-3.462527e-02	7.506317e+00
3.942000e-05	-3.269485e-02	7.306870e+00
3.943000e-05	-3.126074e-02	7.199479e+00
3.944000e-05	-2.999907e-02	7.064162e+00
3.945000e-05	-3.030139e-02	6.924817e+00
3.946000e-05	-2.917292e-02	6.799005e+00
3.947000e-05	-2.752286e-02	6.631513e+00
3.948000e-05	-2.572455e-02	6.482208e+00
3.949000e-05	-2.653189e-02	6.326870e+00
3.950000e-05	-2.564652e-02	6.168451e+00
3.951000e-05	-2.376161e-02	6.021108e+00
3.952000e-05	-2.278915e-02	5.926344e+00
3.953000e-05	-2.074259e-02	5.663817e+00
3.954000e-05	-1.922022e-02	5.546498e+00
3.955000e-05	-1.855606e-02	5.359004e+00
3.956000e-05	-1.794637e-02	5.209010e+00
3.957000e-05	-1.631075e-02	4.965004e+00
3.958000e-05	-1.599486e-02	4.760503e+00
3.959000e-05	-1.453979e-02	4.610531e+00
3.960000e-05	-1.408754e-02	4.452211e+00
3.961000e-05	-1.294572e-02	4.285242e+00
3.962000e-05	-1.230370e-02	4.064292e+00
3.963000e-05	-1.242827e-02	3.907922e+00
3.964000e-05	-1.130464e-02	3.777925e+00
3.965000e-05	-1.038609e-02	3.621029e+00
3.966000e-05	-1.087529e-02	3.430160e+00
3.967000e-05	-9.651231e-03	3.201078e+00
3.968000e-05	-9.098642e-03	3.001181e+00
3.969000e-05	-7.962571e-03	2.872686e+00
3.970000e-05	-9.441827e-03	2.695744e+00
3.971000e-05	-9.132578e-03	2.441161e+00
3.972000e-05	-7.542781e-03	2.284134e+00
3.973000e-05	-6.132951e-03	2.104266e+00
3.974000e-05	-8.167426e-03	1.957870e+00
3.975000e-05	-7.740895e-03	1.714894e+00
3.976000e-05	-6.641588e-03	1.555272e+00
3.977000e-05	-6.117085e-03	1.326347e+00
3.978000e-05	-6.411756e-03	1.146323e+00
3.979000e-05	-6.529656e-03	9.142956e-01
3.980000e-05	-5.974039e-03	7.258198e-01
3.981000e-05	-4.832419e-03	4.942936e-01
3.982000e-05	-4.826450e-03	3.860236e-01
3.983000e-05	-4.797990e-03	1.358690e-01
3.984000e-05	-1.332175e-03	-3.162764e-02
3.985000e-05	3.116838e-03	-2.105499e-01
3.986000e-05	-4.397670e-03	-3.588697e-01
3.987000e-05	1.192150e-03	-5.698370e-01
3.988000e-05	-4.037998e-03	-7.793670e-01
3.989000e-05	-8.173040e-05	-9.057631e-01
3.990000e-05	-2.796881e-03	-1.084107e+00
3.991000e-05	8.253910e-03	-1.235626e+00
3.992000e-05	6.386812e-02	-1.443150e+00
3.993000e-05	3.876402e-02	-1.694655e+00
3.994000e-05	-7.746699e-02	-1.927263e+00
3.995000e-05	-1.105209e-02	-2.160444e+00
3.996000e-05	-1.014417e-01	-2.401422e+00
3.997000e-05	2.967181e-02	-2.472634e+00
3.998000e-05	1.639079e-01	-2.559316e+00
3.999000e-05	-1.752076e-01	-2.791471e+00
4.000000e-05	8.244583e-02	-2.990471e+00
4.001000e-05	7.278863e-02	-3.168391e+00
4.002000e-05	-1.971232e-01	-3.337916e+00
4.003000e-05	1.594798e-01	-3.466763e+00
4.004000e-05	9.014833e-03	-3.663632e+00
4.005000e-05	-1.683631e-01	-3.946162e+00
4.006000e-05	1.870956e-01	-4.022053e+00
4.007000e-05	-5.898275e-02	-4.213054e+00
4.008000e-05	1.538494e-02	-4.391000e+00
4.009000e-05	1.749675e-02	-4.539916e+00
4.010000e-05	-1.648556e-01	-4.788845e+00
4.011000e-05	1.758140e-01	-4.917262e+00
4.012000e-05	-1.073613e-02	-5.076662e+00
4.013000e-05	-3.647533e-02	-5.315755e+00
4.014000e-05	4.638057e-02	-5.477162e+00
4.015000e-05	-8.566489e-02	-5.676634e+00
4.016000e-05	1.125771e-01	-5.802075e+00
4.017000e-05	-8.549565e-02	-5.948943e+00
4.018000e-05	4.306644e-02	-6.087716e+00
4.019000e-05	3.353386e-02	-6.286212e+00
4.020000e-05	-8.863089e-02	-6.465131e+00
4.021000e-05	1.183485e-01	-6.559471e+00
4.022000e-05	-7.360019e-02	-6.728842e+00
4.023000e-05	4.571596e-02	-6.856737e+00
4.024000e-05	-2.229240e-02	-7.034651e+00
4.025000e-05	-1.605101e-02	-7.213476e+00
4.026000e-05	9.187557e-02	-7.347840e+00
4.027000e-05	-7.244885e-02	-7.506160e+00
4.028000e-05	4.604633e-02	-7.623474e+00
4.029000e-05	-4.138724e-02	-7.740496e+00
4.030000e-05	3.884275e-02	-7.948439e+00
4.031000e-05	8.973066e-03	-8.024080e+00
4.032000e-05	-1.412465e-02	-8.160423e+00
4.033000e-05	5.014901e-02	-8.305709e+00
4.034000e-05	-3.911482e-02	-8.370023e+00
4.035000e-05	2.520127e-02	-8.485587e+00
4.036000e-05	-1.894008e-02	-8.594004e+00
4.037000e-05	3.655644e-02	-8.768417e+00
4.038000e-05	2.946036e-03	-8.832079e+00
4.039000e-05	-1.273434e-02	-8.940362e+00
4.040000e-05	2.038886e-02	-9.022579e+00
4.041000e-05	-1.096425e-03	-9.117317e+00
4.042000e-05	2.189874e-02	-9.179973e+00
4.043000e-05	-1.340057e-02	-9.275113e+00
4.044000e-05	1.751865e-02	-9.339817e+00
4.045000e-05	6.476448e-03	-9.455208e+00
4.046000e-05	9.375918e-03	-9.589522e+00
4.047000e-05	8.588112e-03	-9.613107e+00
4.048000e-05	-6.013758e-04	-9.665238e+00
4.049000e-05	4.375921e-03	-9.688337e+00
4.050000e-05	7.005983e-03	-9.800974e+00
4.051000e-05	2.559122e-02	-9.855688e+00
4.052000e-05	6.690305e-03	-9.927866e+00
4.053000e-05	1.553125e-03	-9.958997e+00
4.054000e-05	-4.411230e-04	-9.971022e+00
4.055000e-05	1.558438e-02	-1.000456e+01
4.056000e-05	1.398079e-02	-1.007563e+01
4.057000e-05	5.064604e-03	-1.005874e+01
4.058000e-05	5.773731e-03	-1.014187e+01
4.059000e-05	1.007218e-02	-1.024155e+01
4.060000e-05	1.376606e-02	-1.025613e+01
4.061000e-05	1.128821e-02	-1.025476e+01
4.062000e-05	5.856860e-03	-1.028884e+01
4.063000e-05	9.698984e-03	-1.028789e+01
4.064000e-05	1.290755e-02	-1.034840e+01
4.065000e-05	1.427157e-02	-1.034939e+01
4.066000e-05	8.457262e-03	-1.032937e+01
4.067000e-05	8.066341e-03	-1.033892e+01
4.068000e-05	1.117196e-02	-1.035684e+01
4.069000e-05	1.492866e-02	-1.038034e+01
4.070000e-05	1.679461e-02	-1.033842e+01
4.071000e-05	1.564301e-02	-1.036684e+01
4.072000e-05	1.295660e-02	-1.030834e+01
4.073000e-05	1.360904e-02	-1.024573e+01
4.074000e-05	1.586353e-02	-1.025416e+01
4.075000e-05	1.935221e-02	-1.019458e+01
4.076000e-05	1.634681e-02	-1.011152e+01
4.077000e-05	1.760931e-02	-1.010729e+01
4.078000e-05	2.025308e-02	-1.005473e+01
4.079000e-05	2.072340e-02	-1.000311e+01
4.080000e-05	2.326444e-02	-9.980476e+00
4.081000e-05	2.231705e-02	-9.948419e+00
4.082000e-05	2.370020e-02	-9.915288e+00
4.083000e-05	2.309526e-02	-9.814634e+00
4.084000e-05	2.245141e-02	-9.790521e+00
4.085000e-05	2.389584e-02	-9.687846e+00
4.086000e-05	2.327838e-02	-9.685184e+00
4.087000e-05	2.506109e-02	-9.591507e+00
4.088000e-05	2.602651e-02	-9.530495e+00
4.089000e-05	3.077468e-02	-9.487328e+00
4.090000e-05	2.949477e-02	-9.360902e+00
4.091000e-05	2.894563e-02	-9.273133e+00
4.092000e-05	2.694168e-02	-9.158423e+00
4.093000e-05	2.709453e-02	-9.097289e+00
4.094000e-05	2.782835e-02	-8.991555e+00
4.095000e-05	2.798300e-02	-8.905867e+00
4.096000e-05	2.904562e-02	-8.832530e+00
4.097000e-05	2.905057e-02	-8.728424e+00
4.098000e-05	3.130162e-02	-8.603184e+00
4.099000e-05	3.179378e-02	-8.506737e+00
4.100000e-05	3.027454e-02	-8.349023e+00
4.101000e-05	2.858161e-02	-8.225710e+00
4.102000e-05	2.952815e-02	-8.169900e+00
4.103000e-05	2.904124e-02	-8.074659e+00
4.104000e-05	2.730366e-02	-7.958400e+00
4.105000e-05	2.785238e-02	-7.753048e+00
4.106000e-05	2.671099e-02	-7.643554e+00
4.107000e-05	2.705168e-02	-7.534264e+00
4.108000e-05	2.692422e-02	-7.360446e+00
4.109000e-05	2.787400e-02	-7.221627e+00
4.110000e-05	2.531496e-02	-7.096338e+00
4.111000e-05	2.324629e-02	-6.927342e+00
4.112000e-05	2.178937e-02	-6.779472e+00
4.113000e-05	2.087995e-02	-6.703132e+00
4.114000e-05	1.916937e-02	-6.486264e+00
4.115000e-05	1.929258e-02	-6.379975e+00
4.116000e-05	1.775820e-02	-6.162521e+00
4.117000e-05	1.710669e-02	-6.010078e+00
4.118000e-05	1.539180e-02	-5.886208e+00
4.119000e-05	1.424266e-02	-5.717817e+00
4.120000e-05	1.332937e-02	-5.560526e+00
4.121000e-05	1.138211e-02	-5.372496e+00
4.122000e-05	1.030789e-02	-5.170970e+00
4.123000e-05	9.372489e-03	-5.012576e+00
4.124000e-05	7.712611e-03	-4.841076e+00
4.125000e-05	7.077305e-03	-4.621527e+00
4.126000e-05	6.826714e-03	-4.463212e+00
4.127000e-05	6.419857e-03	-4.316841e+00
4.128000e-05	5.073480e-03	-4.178395e+00
4.129000e-05	5.020874e-03	-3.991028e+00
4.130000e-05	3.840168e-03	-3.841606e+00
4.131000e-05	2.863036e-03	-3.631077e+00
4.132000e-05	2.176658e-03	-3.432607e+00
4.133000e-05	2.164105e-03	-3.264158e+00
4.134000e-05	2.705273e-03	-3.094818e+00
4.135000e-05	9.219667e-04	-2.863708e+00
4.136000e-05	1.257695e-03	-2.726862e+00
4.137000e-05	-1.084407e-03	-2.537345e+00
4.138000e-05	1.266652e-03	-2.378900e+00
4.139000e-05	8.508218e-04	-2.136840e+00
4.140000e-05	9.444251e-04	-1.958372e+00
4.141000e-05	-2.013710e-03	-1.760021e+00
4.142000e-05	-1.699377e-03	-1.611076e+00
4.143000e-05	-1.195602e-03	-1.398525e+00
4.144000e-05	-2.255872e-03	-1.156392e+00
4.145000e-05	-3.118095e-03	-9.593750e-01
4.146000e-05	-1.265258e-03	-8.090263e-01
4.147000e-05	-3.967392e-03	-5.694948e-01
4.148000e-05	-8.407104e-04	-3.794786e-01
4.149000e-05	-4.053032e-03	-2.305514e-01
4.150000e-05	2.210592e-03	-6.063264e-02
4.151000e-05	4.176207e-03	1.393433e-01
4.152000e-05	-1.843082e-03	3.683972e-01
4.153000e-05	1.508379e-03	5.267633e-01
4.154000e-05	-2.806384e-03	6.947367e-01
4.155000e-05	-4.022714e-03	8.305514e-01
4.156000e-05	-4.664846e-03	1.074738e+00
4.157000e-05	3.133579e-03	1.274232e+00
4.158000e-05	1.429663e-02	1.443134e+00
4.159000e-05	6.850764e-02	1.695288e+00
4.160000e-05	6.105546e-03	1.906891e+00
4.161000e-05	-5.752340e-02	2.094238e+00
4.162000e-05	-3.365348e-02	2.296211e+00
4.163000e-05	-6.592636e-02	2.411478e+00
4.164000e-05	-3.306212e-02	2.557925e+00
4.165000e-05	1.736781e-01	2.778371e+00
4.166000e-05	-1.129857e-01	2.916767e+00
4.167000e-05	-2.674889e-02	3.064159e+00
4.168000e-05	1.269519e-01	3.192554e+00
4.169000e-05	-1.285958e-01	3.503737e+00
4.170000e-05	4.545809e-02	3.601028e+00
4.171000e-05	6.315570e-02	3.779526e+00
4.172000e-05	-1.418798e-01	3.980499e+00
4.173000e-05	7.569057e-02	4.119350e+00
4.174000e-05	1.976444e-02	4.357424e+00
4.175000e-05	-3.567637e-02	4.496243e+00
4.176000e-05	6.303004e-03	4.713784e+00
4.177000e-05	-7.363077e-02	4.857711e+00
4.178000e-05	3.384534e-02	5.156266e+00
4.179000e-05	2.363890e-02	5.327840e+00
4.180000e-05	7.582523e-04	5.495186e+00
4.181000e-05	-2.377550e-02	5.612053e+00
4.182000e-05	-2.128341e-02	5.812581e+00
4.183000e-05	1.669332e-02	6.009474e+00
4.184000e-05	-2.945608e-02	6.136369e+00
4.185000e-05	8.501897e-03	6.296236e+00
4.186000e-05	5.215956e-03	6.400006e+00
4.187000e-05	-4.002963e-02	6.570950e+00
4.188000e-05	2.551990e-02	6.778396e+00
4.189000e-05	-2.625822e-02	6.905716e+00
4.190000e-05	-5.448640e-03	7.022581e+00
4.191000e-05	-7.427339e-03	7.178899e+00
4.192000e-05	-8.910966e-03	7.264716e+00
4.193000e-05	1.060034e-02	7.442637e+00
4.194000e-05	-2.605587e-02	7.612655e+00
4.195000e-05	-3.019222e-03	7.768919e+00
4.196000e-05	-2.076567e-02	7.876844e+00
4.197000e-05	2.728605e-03	8.104159e+00
4.198000e-05	-9.566512e-03	8.171478e+00
4.199000e-05	-1.111468e-02	8.316838e+00
4.200000e-05	1.856091e-03	8.400556e+00
4.201000e-05	-1.353085e-02	8.495642e+00
4.202000e-05	-1.415349e-02	8.579998e+00
4.203000e-05	-2.024576e-02	8.665165e+00
4.204000e-05	-1.194361e-03	8.788401e+00
4.205000e-05	-6.137040e-03	8.854685e+00
4.206000e-05	-1.120440e-02	8.989850e+00
4.207000e-05	-1.451991e-02	9.146789e+00
4.208000e-05	-9.897185e-03	9.189527e+00
4.209000e-05	-8.044599e-03	9.274639e+00
4.210000e-05	-1.149399e-02	9.357348e+00
4.211000e-05	-1.080840e-02	9.412556e+00
4.212000e-05	-1.156007e-02	9.504741e+00
4.213000e-05	-1.155664e-02	9.579375e+00
4.214000e-05	-1.382370e-02	9.623059e+00
4.215000e-05	-1.267450e-02	9.666765e+00
4.216000e-05	-1.659733e-02	9.790427e+00
4.217000e-05	-1.106537e-02	9.925158e+00
4.218000e-05	-6.299661e-03	9.938896e+00
4.219000e-05	-1.032859e-02	9.990029e+00
4.220000e-05	-1.805135e-02	1.003213e+01
4.221000e-05	-1.839978e-02	1.003321e+01
4.222000e-05	-1.111530e-02	1.008824e+01
4.223000e-05	-1.201768e-02	1.012939e+01
4.224000e-05	-1.522907e-02	1.013893e+01
4.225000e-05	-1.713563e-02	1.024261e+01
4.226000e-05	-1.392524e-02	1.025256e+01
4.227000e-05	-1.564626e-02	1.023421e+01
4.228000e-05	-1.389031e-02	1.024474e+01
4.229000e-05	-1.596394e-02	1.032674e+01
4.230000e-05	-1.690925e-02	1.028682e+01
4.231000e-05	-1.338918e-02	1.033795e+01
4.232000e-05	-1.608430e-02	1.032687e+01
4.233000e-05	-1.898554e-02	1.028876e+01
4.234000e-05	-2.289703e-02	1.033632e+01
4.235000e-05	-1.820438e-02	1.032732e+01
4.236000e-05	-1.715259e-02	1.031679e+01
4.237000e-05	-1.763171e-02	1.032779e+01
4.238000e-05	-2.102280e-02	1.029416e+01
4.239000e-05	-2.179950e-02	1.026669e+01
4.240000e-05	-2.168910e-02	1.021419e+01
4.241000e-05	-2.322412e-02	1.023158e+01
4.242000e-05	-2.370231e-02	1.016050e+01
4.243000e-05	-2.496942e-02	1.012693e+01
4.244000e-05	-2.517634e-02	1.012684e+01
4.245000e-05	-2.645889e-02	1.007469e+01
4.246000e-05	-2.704719e-02	1.006269e+01
4.247000e-05	-2.856319e-02	1.003013e+01
4.248000e-05	-2.821501e-02	9.928921e+00
4.249000e-05	-2.771949e-02	9.925738e+00
4.250000e-05	-2.936801e-02	9.802456e+00
4.251000e-05	-3.060496e-02	9.747922e+00
4.252000e-05	-3.286998e-02	9.632162e+00
4.253000e-05	-3.198064e-02	9.589602e+00
4.254000e-05	-3.207088e-02	9.537346e+00
4.255000e-05	-3.259053e-02	9.442611e+00
4.256000e-05	-3.311885e-02	9.380003e+00
4.257000e-05	-3.307262e-02	9.304713e+00
4.258000e-05	-3.434820e-02	9.214134e+00
4.259000e-05	-3.705152e-02	9.158475e+00
4.260000e-05	-3.529200e-02	9.034085e+00
4.261000e-05	-3.699270e-02	8.945900e+00
4.262000e-05	-3.350672e-02	8.800159e+00
4.263000e-05	-3.768739e-02	8.727345e+00
4.264000e-05	-3.509759e-02	8.611682e+00
4.265000e-05	-3.830881e-02	8.516823e+00
4.266000e-05	-3.550152e-02	8.461610e+00
4.267000e-05	-3.694350e-02	8.327899e+00
4.268000e-05	-3.530108e-02	8.200555e+00
4.269000e-05	-3.638260e-02	8.083318e+00
4.270000e-05	-3.470550e-02	7.969425e+00
4.271000e-05	-3.586696e-02	7.832508e+00
4.272000e-05	-3.548571e-02	7.706316e+00
4.273000e-05	-3.481768e-02	7.589502e+00
4.274000e-05	-3.345707e-02	7.378010e+00
4.275000e-05	-3.159180e-02	7.222186e+00
4.276000e-05	-3.021468e-02	7.116845e+00
4.277000e-05	-2.996135e-02	6.977979e+00
4.278000e-05	-3.049821e-02	6.863133e+00
4.279000e-05	-2.885125e-02	6.735368e+00
4.280000e-05	-2.640058e-02	6.515919e+00
4.281000e-05	-2.559141e-02	6.358950e+00
4.282000e-05	-2.575664e-02	6.202137e+00
4.283000e-05	-2.405787e-02	6.084790e+00
4.284000e-05	-2.299893e-02	5.958354e+00
4.285000e-05	-2.169049e-02	5.817951e+00
4.286000e-05	-2.084766e-02	5.579957e+00
4.287000e-05	-1.893779e-02	5.440609e+00
4.288000e-05	-1.789986e-02	5.292717e+00
4.289000e-05	-1.688445e-02	5.085717e+00
4.290000e-05	-1.592535e-02	4.862611e+00
4.291000e-05	-1.551355e-02	4.683266e+00
4.292000e-05	-1.416143e-02	4.504795e+00
4.293000e-05	-1.344496e-02	4.399504e+00
4.294000e-05	-1.170087e-02	4.156980e+00
4.295000e-05	-1.172940e-02	3.989002e+00
4.296000e-05	-1.156960e-02	3.820613e+00
4.297000e-05	-1.226388e-02	3.643763e+00
4.298000e-05	-1.051619e-02	3.494320e+00
4.299000e-05	-1.059927e-02	3.263159e+00
4.300000e-05	-8.369600e-03	3.103292e+00
4.301000e-05	-8.580519e-03	2.945370e+00
4.302000e-05	-8.905278e-03	2.778454e+00
4.303000e-05	-1.011982e-02	2.566501e+00
4.304000e-05	-9.318384e-03	2.337397e+00
4.305000e-05	-7.986427e-03	2.187475e+00
4.306000e-05	-6.126018e-03	1.980028e+00
4.307000e-05	-6.590141e-03	1.821128e+00
4.308000e-05	-6.146711e-03	1.641560e+00
4.309000e-05	-7.134990e-03	1.420655e+00
4.310000e-05	-7.298992e-03	1.240110e+00
4.311000e-05	-6.406130e-03	1.009478e+00
4.312000e-05	-5.449886e-03	7.589777e-01
4.313000e-05	-5.154038e-03	5.985789e-01
4.314000e-05	-4.346029e-03	4.405827e-01
4.315000e-05	-4.786988e-03	2.611592e-01
4.316000e-05	-3.858588e-03	2.058277e-02
4.317000e-05	1.417271e-03	-1.568920e-01
4.318000e-05	-1.571614e-03	-3.053118e-01
4.319000e-05	-8.210446e-04	-4.435289e-01
4.320000e-05	-1.190144e-03	-6.868053e-01
4.321000e-05	-3.089797e-03	-8.430540e-01
4.322000e-05	-3.007064e-03	-9.704924e-01
4.323000e-05	2.186644e-03	-1.171423e+00
4.324000e-05	2.548866e-02	-1.349925e+00
4.325000e-05	9.214119e-02	-1.559944e+00
4.326000e-05	-6.492125e-02	-1.811996e+00
4.327000e-05	-1.960255e-02	-2.086054e+00
4.328000e-05	-6.641803e-02	-2.347412e+00
4.329000e-05	-7.482031e-02	-2.414057e+00
4.330000e-05	1.705911e-01	-2.496687e+00
4.331000e-05	-2.934710e-02	-2.645733e+00
4.332000e-05	-1.160003e-01	-2.861217e+00
4.333000e-05	2.103841e-01	-3.056255e+00
4.334000e-05	-1.550792e-01	-3.235106e+00
4.335000e-05	2.444294e-03	-3.455108e+00
4.336000e-05	1.629868e-01	-3.570996e+00
4.337000e-05	-1.813955e-01	-3.801501e+00
4.338000e-05	5.433604e-02	-4.001497e+00
4.339000e-05	1.065953e-01	-4.118290e+00
4.340000e-05	-1.077373e-01	-4.348417e+00
4.341000e-05	1.129815e-01	-4.474684e+00
4.342000e-05	-1.618211e-01	-4.655660e+00
4.343000e-05	3.514729e-02	-4.872175e+00
4.344000e-05	1.341187e-01	-5.001501e+00
4.345000e-05	-1.083544e-01	-5.202999e+00
4.346000e-05	8.294352e-02	-5.360894e+00
4.347000e-05	-8.227964e-02	-5.592970e+00
4.348000e-05	4.261123e-02	-5.779891e+00
4.349000e-05	2.611252e-02	-5.866185e+00
4.350000e-05	-7.008271e-02	-6.035575e+00
4.351000e-05	1.165875e-01	-6.173551e+00
4.352000e-05	-1.096639e-01	-6.401471e+00
4.353000e-05	6.164717e-02	-6.558366e+00
4.354000e-05	2.246704e-02	-6.664107e+00
4.355000e-05	-4.226655e-02	-6.834128e+00
4.356000e-05	6.014456e-02	-6.970996e+00
4.357000e-05	-8.535449e-02	-7.166846e+00
4.358000e-05	9.935294e-02	-7.236311e+00
4.359000e-05	-2.494258e-02	-7.404050e+00
4.360000e-05	-4.784332e-03	-7.529419e+00
4.361000e-05	9.333583e-03	-7.698162e+00
4.362000e-05	-2.541129e-02	-7.925235e+00
4.363000e-05	5.964443e-02	-8.002975e+00
4.364000e-05	-3.964622e-02	-8.097263e+00
4.365000e-05	4.848255e-02	-8.234130e+00
4.366000e-05	-1.143417e-02	-8.327842e+00
4.367000e-05	-7.185757e-03	-8.423557e+00
4.368000e-05	1.152331e-02	-8.528894e+00
4.369000e-05	-3.177695e-03	-8.767757e+00
4.370000e-05	4.039248e-02	-8.793501e+00
4.371000e-05	-3.167231e-02	-8.898709e+00
4.372000e-05	2.009126e-02	-9.000969e+00
4.373000e-05	2.539869e-03	-9.065138e+00
4.374000e-05	1.950357e-02	-9.128419e+00
4.375000e-05	8.277328e-04	-9.223031e+00
4.376000e-05	-2.729323e-03	-9.279665e+00
4.377000e-05	2.007794e-02	-9.392501e+00
4.378000e-05	7.202405e-04	-9.568814e+00
4.379000e-05	1.454647e-02	-9.600921e+00
4.380000e-05	-3.829140e-03	-9.643658e+00
4.381000e-05	5.959987e-03	-9.717792e+00
4.382000e-05	3.495211e-03	-9.759396e+00
4.383000e-05	1.931523e-02	-9.834079e+00
4.384000e-05	1.668464e-02	-9.895737e+00
4.385000e-05	-3.936407e-04	-9.937966e+00
4.386000e-05	3.786337e-04	-9.979872e+00
4.387000e-05	9.105774e-03	-9.962503e+00
4.388000e-05	1.921583e-02	-1.001458e+01
4.389000e-05	7.090259e-03	-1.008876e+01
4.390000e-05	2.669208e-03	-1.014932e+01
4.391000e-05	6.742285e-03	-1.019350e+01
4.392000e-05	1.229875e-02	-1.022408e+01
4.393000e-05	1.356034e-02	-1.023611e+01
4.394000e-05	9.587358e-03	-1.027624e+01
4.395000e-05	7.361618e-03	-1.033656e+01
4.396000e-05	1.222381e-02	-1.031834e+01
4.397000e-05	1.416315e-02	-1.038787e+01
4.398000e-05	1.230571e-02	-1.033840e+01
4.399000e-05	7.310269e-03	-1.035895e+01
4.400000e-05	8.662513e-03	-1.037942e+01
4.401000e-05	1.338556e-02	-1.036840e+01
4.402000e-05	1.742381e-02	-1.034982e+01
4.403000e-05	1.701862e-02	-1.031734e+01
4.404000e-05	1.320824e-02	-1.032579e+01
4.405000e-05	1.314211e-02	-1.033574e+01
4.406000e-05	1.624277e-02	-1.023464e+01
4.407000e-05	1.860220e-02	-1.019403e+01
4.408000e-05	1.771546e-02	-1.016245e+01
4.409000e-05	1.728646e-02	-1.013037e+01
4.410000e-05	1.899102e-02	-1.006670e+01
4.411000e-05	2.053128e-02	-1.004411e+01
4.412000e-05	1.978638e-02	-9.972555e+00
4.413000e-05	2.114869e-02	-9.969920e+00
4.414000e-05	2.287404e-02	-9.937835e+00
4.415000e-05	2.418146e-02	-9.895686e+00
4.416000e-05	2.339975e-02	-9.821527e+00
4.417000e-05	2.488080e-02	-9.718972e+00
4.418000e-05	2.452716e-02	-9.695686e+00
4.419000e-05	2.394356e-02	-9.623707e+00
4.420000e-05	2.559129e-02	-9.589026e+00
4.421000e-05	2.767885e-02	-9.517818e+00
4.422000e-05	2.853868e-02	-9.392085e+00
4.423000e-05	2.757265e-02	-9.308311e+00
4.424000e-05	2.763885e-02	-9.193007e+00
4.425000e-05	2.776867e-02	-9.139392e+00
4.426000e-05	2.851892e-02	-9.013136e+00
4.427000e-05	2.916591e-02	-8.948368e+00
4.428000e-05	2.957174e-02	-8.845212e+00
4.429000e-05	2.797188e-02	-8.789475e+00
4.430000e-05	2.880930e-02	-8.636263e+00
4.431000e-05	2.986284e-02	-8.568925e+00
4.432000e-05	2.919531e-02	-8.441007e+00
4.433000e-05	2.920706e-02	-8.305840e+00
4.434000e-05	2.955488e-02	-8.201579e+00
4.435000e-05	3.014479e-02	-8.106742e+00
4.436000e-05	2.843043e-02	-8.001501e+00
4.437000e-05	2.671385e-02	-7.875704e+00
4.438000e-05	2.715634e-02	-7.693237e+00
4.439000e-05	2.709248e-02	-7.540393e+00
4.440000e-05	2.673129e-02	-7.421505e+00
4.441000e-05	2.605127e-02	-7.256216e+00
4.442000e-05	2.464989e-02	-7.159399e+00
4.443000e-05	2.415025e-02	-7.041952e+00
4.444000e-05	2.251139e-02	-6.833679e+00
4.445000e-05	2.221522e-02	-6.716218e+00
4.446000e-05	2.014378e-02	-6.589948e+00
4.447000e-05	1.858709e-02	-6.431128e+00
4.448000e-05	1.792974e-02	-6.257162e+00
4.449000e-05	1.765817e-02	-6.102259e+00
4.450000e-05	1.513786e-02	-5.917920e+00
4.451000e-05	1.365573e-02	-5.750500e+00
4.452000e-05	1.281324e-02	-5.643680e+00
4.453000e-05	1.300961e-02	-5.493138e+00
4.454000e-05	1.067558e-02	-5.225633e+00
4.455000e-05	9.520144e-03	-5.084733e+00
4.456000e-05	7.704975e-03	-4.957272e+00
4.457000e-05	7.357530e-03	-4.693708e+00
4.458000e-05	6.412113e-03	-4.517268e+00
4.459000e-05	7.241309e-03	-4.379951e+00
4.460000e-05	4.428550e-03	-4.211131e+00
4.461000e-05	6.361458e-03	-4.053208e+00
4.462000e-05	2.173159e-03	-3.938314e+00
4.463000e-05	4.107028e-03	-3.684714e+00
4.464000e-05	2.056405e-03	-3.495766e+00
4.465000e-05	2.684527e-03	-3.318372e+00
4.466000e-05	2.546442e-03	-3.198650e+00
4.467000e-05	1.672465e-03	-2.966920e+00
4.468000e-05	5.298755e-04	-2.769023e+00
4.469000e-05	-5.747372e-04	-2.580529e+00
4.470000e-05	-7.243821e-04	-2.402153e+00
4.471000e-05	-8.239094e-05	-2.242630e+00
4.472000e-05	9.607945e-04	-2.010604e+00
4.473000e-05	1.774675e-04	-1.864661e+00
4.474000e-05	-3.494108e-04	-1.663713e+00
4.475000e-05	-1.256663e-03	-1.515267e+00
4.476000e-05	-1.764356e-03	-1.233579e+00
4.477000e-05	-3.510368e-03	-1.074054e+00
4.478000e-05	-2.657488e-03	-8.737805e-01
4.479000e-05	-3.450103e-03	-7.251117e-01
4.480000e-05	-1.535585e-03	-4.622066e-01
4.481000e-05	-2.661877e-03	-2.832129e-01
4.482000e-05	-1.945594e-03	-1.153394e-01
4.483000e-05	3.089568e-03	4.263295e-02
4.484000e-05	4.130393e-04	3.032157e-01
4.485000e-05	-1.023455e-03	4.321291e-01
4.486000e-05	5.606630e-04	6.399538e-01
4.487000e-05	-2.722013e-03	7.679224e-01
4.488000e-05	-2.817579e-03	9.773673e-01
4.489000e-05	-9.971068e-04	1.187997e+00
4.490000e-05	6.129107e-03	1.337894e+00
4.491000e-05	4.115274e-02	1.579825e+00
4.492000e-05	5.951122e-02	1.832079e+00
4.493000e-05	-5.859829e-02	2.012026e+00
4.494000e-05	-3.319255e-02	2.209976e+00
4.495000e-05	-4.955439e-02	2.368521e+00
4.496000e-05	-7.152842e-02	2.464747e+00
4.497000e-05	9.913146e-02	2.715187e+00
4.498000e-05	6.386169e-02	2.862587e+00
4.499000e-05	-1.766229e-01	2.990500e+00
4.500000e-05	1.649182e-01	3.118916e+00
4.501000e-05	-5.832712e-02	3.389555e+00
4.502000e-05	-5.840955e-02	3.579945e+00
4.503000e-05	1.141509e-01	3.664737e+00
4.504000e-05	-8.708933e-02	3.866813e+00
4.505000e-05	-4.262649e-02	4.035581e+00
4.506000e-05	9.857563e-02	4.315140e+00
4.507000e-05	-4.858624e-02	4.433634e+00
4.508000e-05	1.044849e-02	4.612100e+00
4.509000e-05	-4.885356e-02	4.802055e+00
4.510000e-05	-3.189527e-02	5.062033e+00
4.511000e-05	5.978416e-02	5.213604e+00
4.512000e-05	-3.835806e-03	5.431526e+00
4.513000e-05	6.659490e-04	5.518346e+00
4.514000e-05	-4.625527e-02	5.709717e+00
4.515000e-05	1.551087e-02	5.936342e+00
4.516000e-05	-8.332141e-03	6.043658e+00
4.517000e-05	-2.273613e-02	6.232604e+00
4.518000e-05	2.998901e-02	6.348946e+00
4.519000e-05	-4.349625e-02	6.476768e+00
4.520000e-05	9.071052e-03	6.686285e+00
4.521000e-05	-4.033126e-03	6.863583e+00
4.522000e-05	-2.000021e-02	6.980552e+00
4.523000e-05	-6.711095e-05	7.085217e+00
4.524000e-05	-1.640077e-02	7.213580e+00
4.525000e-05	8.080201e-03	7.328970e+00
4.526000e-05	-1.079318e-02	7.588970e+00
4.527000e-05	-1.374395e-02	7.707839e+00
4.528000e-05	-1.296987e-02	7.824131e+00
4.529000e-05	-1.136813e-02	7.991054e+00
4.530000e-05	9.642349e-04	8.107393e+00
4.531000e-05	-1.309143e-02	8.254631e+00
4.532000e-05	-4.247832e-03	8.387925e+00
4.533000e-05	-4.228848e-03	8.433133e+00
4.534000e-05	-1.781532e-02	8.548320e+00
4.535000e-05	-1.427624e-02	8.622154e+00
4.536000e-05	-1.348746e-02	8.717869e+00
4.537000e-05	1.768489e-03	8.813079e+00
4.538000e-05	-1.146085e-02	8.886244e+00
4.539000e-05	-1.424855e-02	9.034156e+00
4.540000e-05	-1.122588e-02	9.188426e+00
4.541000e-05	-9.698787e-03	9.233055e+00
4.542000e-05	-7.792837e-03	9.297340e+00
4.543000e-05	-1.564411e-02	9.349502e+00
4.544000e-05	-8.889931e-03	9.483737e+00
4.545000e-05	-1.243211e-02	9.529340e+00
4.546000e-05	-1.111350e-02	9.622054e+00
4.547000e-05	-1.409982e-02	9.685664e+00
4.548000e-05	-1.588565e-02	9.769374e+00
4.549000e-05	-1.396112e-02	9.773088e+00
4.550000e-05	-8.832078e-03	9.925343e+00
4.551000e-05	-4.894383e-03	9.979401e+00
4.552000e-05	-1.558903e-02	9.992076e+00
4.553000e-05	-1.852099e-02	1.004461e+01
4.554000e-05	-1.599685e-02	1.009527e+01
4.555000e-05	-9.745730e-03	1.012787e+01
4.556000e-05	-1.390252e-02	1.016842e+01
4.557000e-05	-1.794593e-02	1.020105e+01
4.558000e-05	-1.564978e-02	1.021261e+01
4.559000e-05	-1.595556e-02	1.025514e+01
4.560000e-05	-1.265425e-02	1.026481e+01
4.561000e-05	-1.656778e-02	1.029574e+01
4.562000e-05	-1.756988e-02	1.029724e+01
4.563000e-05	-1.603773e-02	1.031529e+01
4.564000e-05	-1.383814e-02	1.033779e+01
4.565000e-05	-1.696472e-02	1.032932e+01
4.566000e-05	-2.164827e-02	1.031634e+01
4.567000e-05	-2.019543e-02	1.033797e+01
4.568000e-05	-1.872799e-02	1.030674e+01
4.569000e-05	-1.759466e-02	1.031584e+01
4.570000e-05	-2.077924e-02	1.031619e+01
4.571000e-05	-2.127869e-02	1.028579e+01
4.572000e-05	-2.304530e-02	1.027564e+01
4.573000e-05	-2.197054e-02	1.022166e+01
4.574000e-05	-2.344364e-02	1.020200e+01
4.575000e-05	-2.347925e-02	1.016855e+01
4.576000e-05	-2.613482e-02	1.011932e+01
4.577000e-05	-2.564194e-02	1.011729e+01
4.578000e-05	-2.573934e-02	1.008519e+01
4.579000e-05	-2.816151e-02	1.002166e+01
4.580000e-05	-2.888106e-02	9.979926e+00
4.581000e-05	-2.887664e-02	9.897349e+00
4.582000e-05	-2.856465e-02	9.874163e+00
4.583000e-05	-3.017910e-02	9.760951e+00
4.584000e-05	-3.097519e-02	9.694770e+00
4.585000e-05	-3.201950e-02	9.591589e+00
4.586000e-05	-3.421019e-02	9.547423e+00
4.587000e-05	-3.350284e-02	9.475315e+00
4.588000e-05	-3.333759e-02	9.430585e+00
4.589000e-05	-3.158472e-02	9.347846e+00
4.590000e-05	-3.550603e-02	9.243690e+00
4.591000e-05	-3.528526e-02	9.189551e+00
4.592000e-05	-3.634693e-02	9.117294e+00
4.593000e-05	-3.520067e-02	9.000528e+00
4.594000e-05	-3.543255e-02	8.871767e+00
4.595000e-05	-3.606059e-02	8.768426e+00
4.596000e-05	-3.658007e-02	8.703690e+00
4.597000e-05	-3.751276e-02	8.578953e+00
4.598000e-05	-3.583139e-02	8.524237e+00
4.599000e-05	-3.632420e-02	8.380554e+00
4.600000e-05	-3.528991e-02	8.255188e+00
4.601000e-05	-3.690914e-02	8.155449e+00
4.602000e-05	-3.477774e-02	8.022978e+00
4.603000e-05	-3.574010e-02	7.922700e+00
4.604000e-05	-3.523749e-02	7.758452e+00
4.605000e-05	-3.493975e-02	7.622634e+00
4.606000e-05	-3.401504e-02	7.495772e+00
4.607000e-05	-3.380499e-02	7.315297e+00
4.608000e-05	-3.091628e-02	7.198974e+00
4.609000e-05	-3.043143e-02	7.051137e+00
4.610000e-05	-3.023936e-02	6.904271e+00
4.611000e-05	-3.008004e-02	6.778951e+00
4.612000e-05	-2.755419e-02	6.621586e+00
4.613000e-05	-2.637998e-02	6.420660e+00
4.614000e-05	-2.491387e-02	6.315788e+00
4.615000e-05	-2.516142e-02	6.157950e+00
4.616000e-05	-2.310525e-02	6.000555e+00
4.617000e-05	-2.231078e-02	5.885642e+00
4.618000e-05	-2.066613e-02	5.693761e+00
4.619000e-05	-2.003721e-02	5.536819e+00
4.620000e-05	-1.825057e-02	5.347447e+00
4.621000e-05	-1.762704e-02	5.138952e+00
4.622000e-05	-1.588085e-02	4.987824e+00
4.623000e-05	-1.494275e-02	4.717373e+00
4.624000e-05	-1.465532e-02	4.630031e+00
4.625000e-05	-1.487072e-02	4.431155e+00
4.626000e-05	-1.284387e-02	4.263743e+00
4.627000e-05	-1.168552e-02	4.051212e+00
4.628000e-05	-1.128422e-02	3.916167e+00
4.629000e-05	-1.243259e-02	3.727872e+00
4.630000e-05	-1.062814e-02	3.589004e+00
4.631000e-05	-1.044041e-02	3.368351e+00
4.632000e-05	-9.113563e-03	3.189026e+00
4.633000e-05	-9.424440e-03	3.009028e+00
4.634000e-05	-9.427822e-03	2.840607e+00
4.635000e-05	-8.581382e-03	2.663639e+00
4.636000e-05	-9.205135e-03	2.461683e+00
4.637000e-05	-8.194015e-03	2.241158e+00
4.638000e-05	-8.094137e-03	2.082687e+00
4.639000e-05	-7.027573e-03	1.926271e+00
4.640000e-05	-7.552777e-03	1.734891e+00
4.641000e-05	-5.636175e-03	1.524738e+00
4.642000e-05	-6.685628e-03	1.315946e+00
4.643000e-05	-6.901704e-03	1.124791e+00
4.644000e-05	-7.166026e-03	8.526371e-01
4.645000e-05	-5.662036e-03	7.037656e-01
4.646000e-05	-5.526948e-03	4.758172e-01
4.647000e-05	-5.346181e-03	3.768236e-01
4.648000e-05	-5.089094e-03	9.531704e-02
4.649000e-05	4.367320e-04	-5.615408e-02
4.650000e-05	2.756976e-03	-1.915512e-01
4.651000e-05	-4.695244e-03	-3.874472e-01
4.652000e-05	1.053178e-03	-5.998674e-01
4.653000e-05	-3.043217e-03	-7.894196e-01
4.654000e-05	-3.617052e-04	-9.272895e-01
4.655000e-05	-2.865208e-03	-1.107712e+00
4.656000e-05	9.971902e-03	-1.286209e+00
4.657000e-05	7.675056e-02	-1.506184e+00
4.658000e-05	1.542529e-02	-1.666233e+00
4.659000e-05	-6.733921e-02	-1.940391e+00
4.660000e-05	-1.860313e-02	-2.224050e+00
4.661000e-05	-1.033023e-01	-2.392024e+00
4.662000e-05	6.538416e-02	-2.464159e+00
4.663000e-05	1.356129e-01	-2.541419e+00
4.664000e-05	-1.917237e-01	-2.821950e+00
4.665000e-05	1.268662e-01	-3.033526e+00
4.666000e-05	2.042119e-02	-3.168370e+00
4.667000e-05	-1.686460e-01	-3.360346e+00
4.668000e-05	1.809544e-01	-3.538738e+00
4.669000e-05	-3.805864e-02	-3.667282e+00
4.670000e-05	-1.309082e-01	-3.936816e+00
4.671000e-05	1.981952e-01	-3.994131e+00
4.672000e-05	-9.656805e-02	-4.205653e+00
4.673000e-05	5.361929e-02	-4.432553e+00
4.674000e-05	-2.207718e-02	-4.549918e+00
4.675000e-05	-1.371867e-01	-4.770451e+00
4.676000e-05	1.903452e-01	-4.926841e+00
4.677000e-05	-4.826589e-02	-5.098762e+00
4.678000e-05	-1.699979e-03	-5.298239e+00
4.679000e-05	1.854639e-02	-5.477288e+00
4.680000e-05	-6.835005e-02	-5.696785e+00
4.681000e-05	1.113468e-01	-5.793129e+00
4.682000e-05	-9.869920e-02	-5.971418e+00
4.683000e-05	7.442454e-02	-6.120894e+00
4.684000e-05	-4.508791e-03	-6.328237e+00
4.685000e-05	-6.425653e-02	-6.465709e+00
4.686000e-05	1.112009e-01	-6.574001e+00
4.687000e-05	-8.193648e-02	-6.729944e+00
4.688000e-05	6.331274e-02	-6.870267e+00
4.689000e-05	-4.718475e-02	-7.075288e+00
4.690000e-05	9.709889e-03	-7.203051e+00
4.691000e-05	7.148296e-02	-7.359315e+00
4.692000e-05	-6.516111e-02	-7.495660e+00
4.693000e-05	4.821767e-02	-7.633077e+00
4.694000e-05	-4.953835e-02	-7.772477e+00
4.695000e-05	5.000478e-02	-7.977921e+00
4.696000e-05	-5.787837e-03	-8.045604e+00
4.697000e-05	9.292442e-04	-8.199940e+00
4.698000e-05	3.960966e-02	-8.266738e+00
4.699000e-05	-3.840799e-02	-8.370000e+00
4.700000e-05	2.808289e-02	-8.467237e+00
4.701000e-05	-1.987167e-02	-8.573651e+00
4.702000e-05	4.398285e-02	-8.768915e+00
4.703000e-05	-8.928120e-03	-8.845109e+00
4.704000e-05	-5.655300e-03	-8.971915e+00
4.705000e-05	1.708406e-02	-9.073575e+00
4.706000e-05	4.011685e-03	-9.158367e+00
4.707000e-05	1.991022e-02	-9.200501e+00
4.708000e-05	-1.532820e-02	-9.266707e+00
4.709000e-05	2.018498e-02	-9.378869e+00
4.710000e-05	2.941628e-03	-9.526733e+00
4.711000e-05	1.188645e-02	-9.598970e+00
4.712000e-05	3.826435e-03	-9.623054e+00
4.713000e-05	1.980768e-03	-9.675313e+00
4.714000e-05	4.194994e-03	-9.728970e+00
4.715000e-05	1.004269e-02	-9.801005e+00
4.716000e-05	2.394879e-02	-9.885684e+00
4.717000e-05	4.706201e-03	-9.947313e+00
4.718000e-05	-5.971843e-05	-9.958442e+00
4.719000e-05	1.610324e-03	-9.980924e+00
4.720000e-05	1.778186e-02	-1.000211e+01
4.721000e-05	1.354027e-02	-1.006821e+01
4.722000e-05	4.596229e-03	-1.008929e+01
4.723000e-05	4.917859e-03	-1.016190e+01
4.724000e-05	1.030460e-02	-1.018355e+01
4.725000e-05	1.424270e-02	-1.024498e+01
4.726000e-05	1.088505e-02	-1.027774e+01
4.727000e-05	6.320800e-03	-1.028576e+01
4.728000e-05	8.633189e-03	-1.032881e+01
4.729000e-05	1.381167e-02	-1.037034e+01
4.730000e-05	1.419038e-02	-1.036898e+01
4.731000e-05	1.024568e-02	-1.034947e+01
4.732000e-05	9.056523e-03	-1.032995e+01
4.733000e-05	1.083463e-02	-1.031995e+01
4.734000e-05	1.473074e-02	-1.037892e+01
4.735000e-05	1.667482e-02	-1.034936e+01
4.736000e-05	1.563553e-02	-1.029676e+01
4.737000e-05	1.203764e-02	-1.032676e+01
4.738000e-05	1.417298e-02	-1.024519e+01
4.739000e-05	1.767605e-02	-1.022298e+01
4.740000e-05	2.020686e-02	-1.019138e+01
4.741000e-05	1.750297e-02	-1.011190e+01
4.742000e-05	1.632141e-02	-1.010919e+01
4.743000e-05	2.079238e-02	-1.006484e+01
4.744000e-05	2.056222e-02	-1.001260e+01
4.745000e-05	2.104817e-02	-9.979425e+00
4.746000e-05	2.182687e-02	-9.917915e+00
4.747000e-05	2.359451e-02	-9.897239e+00
4.748000e-05	2.283448e-02	-9.814158e+00
4.749000e-05	2.408794e-02	-9.780502e+00
4.750000e-05	2.585757e-02	-9.707291e+00
4.751000e-05	2.526997e-02	-9.663160e+00
4.752000e-05	2.457587e-02	-9.612053e+00
4.753000e-05	2.587911e-02	-9.529948e+00
4.754000e-05	2.785367e-02	-9.456684e+00
4.755000e-05	2.898607e-02	-9.349876e+00
4.756000e-05	2.581241e-02	-9.244185e+00
4.757000e-05	2.778861e-02	-9.198922e+00
4.758000e-05	2.770330e-02	-9.075760e+00
4.759000e-05	2.932403e-02	-9.009976e+00
4.760000e-05	2.966917e-02	-8.884788e+00
4.761000e-05	3.105162e-02	-8.850630e+00
4.762000e-05	2.816278e-02	-8.729818e+00
4.763000e-05	3.091150e-02	-8.621976e+00
4.764000e-05	2.809406e-02	-8.476164e+00
4.765000e-05	2.921281e-02	-8.388841e+00
4.766000e-05	2.680602e-02	-8.285209e+00
4.767000e-05	2.938698e-02	-8.118921e+00
4.768000e-05	2.880607e-02	-8.042681e+00
4.769000e-05	3.100422e-02	-7.937797e+00
4.770000e-05	2.716648e-02	-7.810006e+00
4.771000e-05	2.713073e-02	-7.610521e+00
4.772000e-05	2.623203e-02	-7.485238e+00
4.773000e-05	2.773200e-02	-7.309195e+00
4.774000e-05	2.447095e-02	-7.210580e+00
4.775000e-05	2.308360e-02	-7.096266e+00
4.776000e-05	2.187573e-02	-6.914814e+00
4.777000e-05	2.304905e-02	-6.777419e+00
4.778000e-05	2.178907e-02	-6.651583e+00
4.779000e-05	2.096512e-02	-6.525263e+00
4.780000e-05	1.924077e-02	-6.349399e+00
4.781000e-05	1.875778e-02	-6.192024e+00
4.782000e-05	1.677000e-02	-6.010078e+00
4.783000e-05	1.542750e-02	-5.862678e+00
4.784000e-05	1.246433e-02	-5.687821e+00
4.785000e-05	1.171602e-02	-5.569423e+00
4.786000e-05	1.050593e-02	-5.309419e+00
4.787000e-05	1.299632e-02	-5.138972e+00
4.788000e-05	9.782521e-03	-4.990077e+00
4.789000e-05	7.534318e-03	-4.760045e+00
4.790000e-05	5.845535e-03	-4.589551e+00
4.791000e-05	8.246789e-03	-4.453582e+00
4.792000e-05	5.415469e-03	-4.326240e+00
4.793000e-05	4.594200e-03	-4.129396e+00
4.794000e-05	4.364067e-03	-3.990475e+00
4.795000e-05	2.327442e-03	-3.800049e+00
4.796000e-05	2.627795e-03	-3.621453e+00
4.797000e-05	3.073216e-03	-3.401076e+00
4.798000e-05	2.643343e-03	-3.221652e+00
4.799000e-05	3.244020e-03	-3.104158e+00
4.800000e-05	9.766045e-04	-2.852680e+00
4.801000e-05	1.770928e-03	-2.655711e+00
4.802000e-05	-1.758120e-03	-2.495789e+00
4.803000e-05	-3.121779e-04	-2.347374e+00
4.804000e-05	-6.439958e-04	-2.085813e+00
4.805000e-05	1.438566e-03	-1.926895e+00
4.806000e-05	-1.403561e-03	-1.726922e+00
4.807000e-05	4.582523e-04	-1.620502e+00
4.808000e-05	-2.310117e-03	-1.276816e+00
4.809000e-05	-3.134560e-05	-1.146366e+00
4.810000e-05	-2.569853e-03	-9.558909e-01
4.811000e-05	-2.059919e-03	-7.794460e-01
4.812000e-05	-3.238036e-03	-5.678695e-01
4.813000e-05	-2.426382e-03	-3.569697e-01
4.814000e-05	-2.914315e-03	-2.000238e-01
4.815000e-05	1.722716e-03	-2.147645e-02
4.816000e-05	4.412078e-03	1.598949e-01
4.817000e-05	-2.979350e-03	3.689973e-01
4.818000e-05	1.976950e-03	5.493660e-01
4.819000e-05	-2.197332e-03	7.037645e-01
4.820000e-05	-1.483796e-03	7.946268e-01
4.821000e-05	-4.386560e-03	1.144841e+00
4.822000e-05	3.640975e-03	1.294237e+00
4.823000e-05	1.705142e-02	1.423634e+00
4.824000e-05	7.238225e-02	1.716368e+00
4.825000e-05	-1.301309e-02	1.947818e+00
4.826000e-05	-5.329622e-02	2.147266e+00
4.827000e-05	-3.555988e-02	2.315816e+00
4.828000e-05	-6.746270e-02	2.412105e+00
4.829000e-05	-1.070755e-02	2.560526e+00
4.830000e-05	1.709397e-01	2.769395e+00
4.831000e-05	-1.490597e-01	2.967318e+00
4.832000e-05	2.504710e-02	3.065737e+00
4.833000e-05	8.780642e-02	3.217134e+00
4.834000e-05	-1.264063e-01	3.536365e+00
4.835000e-05	7.105082e-02	3.621084e+00
4.836000e-05	3.780198e-02	3.821502e+00
4.837000e-05	-1.381101e-01	3.988025e+00
4.838000e-05	9.331789e-02	4.189928e+00
4.839000e-05	-2.020552e-03	4.381050e+00
4.840000e-05	-2.035423e-02	4.527892e+00
4.841000e-05	-3.335531e-03	4.708293e+00
4.842000e-05	-7.412042e-02	4.947844e+00
4.843000e-05	4.532447e-02	5.179370e+00
4.844000e-05	1.424539e-02	5.329291e+00
4.845000e-05	3.495905e-03	5.515768e+00
4.846000e-05	-3.084529e-02	5.634628e+00
4.847000e-05	-9.202339e-03	5.863179e+00
4.848000e-05	1.239806e-02	5.980525e+00
4.849000e-05	-3.412212e-02	6.149421e+00
4.850000e-05	1.656272e-02	6.295763e+00
4.851000e-05	-5.451179e-03	6.414105e+00
4.852000e-05	-3.067940e-02	6.582030e+00
4.853000e-05	2.174650e-02	6.760499e+00
4.854000e-05	-2.874470e-02	6.926419e+00
4.855000e-05	-1.656489e-03	7.014134e+00
4.856000e-05	-1.031729e-02	7.169449e+00
4.857000e-05	-6.430513e-03	7.266791e+00
4.858000e-05	8.639147e-03	7.445734e+00
4.859000e-05	-2.470901e-02	7.632633e+00
4.860000e-05	-2.551583e-03	7.790024e+00
4.861000e-05	-2.089438e-02	7.969367e+00
4.862000e-05	4.026695e-03	8.065688e+00
4.863000e-05	-1.208029e-02	8.212475e+00
4.864000e-05	-9.945603e-03	8.287340e+00
4.865000e-05	2.899927e-03	8.401552e+00
4.866000e-05	-1.509208e-02	8.477719e+00
4.867000e-05	-1.278411e-02	8.579975e+00
4.868000e-05	-2.105344e-02	8.704190e+00
4.869000e-05	1.498098e-03	8.800475e+00
4.870000e-05	-7.658378e-03	8.825742e+00
4.871000e-05	-1.220588e-02	8.962349e+00
4.872000e-05	-1.496876e-02	9.126315e+00
4.873000e-05	-9.987079e-03	9.212104e+00
4.874000e-05	-7.223880e-03	9.275188e+00
4.875000e-05	-1.309461e-02	9.359950e+00
4.876000e-05	-9.886385e-03	9.461585e+00
4.877000e-05	-1.230092e-02	9.496792e+00
4.878000e-05	-9.886688e-03	9.579925e+00
4.879000e-05	-1.448239e-02	9.633657e+00
4.880000e-05	-1.411216e-02	9.687848e+00
4.881000e-05	-1.789827e-02	9.793026e+00
4.882000e-05	-1.070993e-02	9.866738e+00
4.883000e-05	-5.460582e-03	9.917497e+00
4.884000e-05	-1.090227e-02	9.999527e+00
4.885000e-05	-1.893088e-02	1.001261e+01
4.886000e-05	-1.752331e-02	1.005419e+01
4.887000e-05	-1.060532e-02	1.011832e+01
4.888000e-05	-1.272834e-02	1.013944e+01
4.889000e-05	-1.652374e-02	1.016985e+01
4.890000e-05	-1.643437e-02	1.020210e+01
4.891000e-05	-1.408863e-02	1.022209e+01
4.892000e-05	-1.397343e-02	1.029571e+01
4.893000e-05	-1.481579e-02	1.029619e+01
4.894000e-05	-1.649214e-02	1.030524e+01
4.895000e-05	-1.728406e-02	1.032635e+01
4.896000e-05	-1.291000e-02	1.033780e+01
4.897000e-05	-1.654495e-02	1.034882e+01
4.898000e-05	-1.937062e-02	1.031690e+01
4.899000e-05	-2.329495e-02	1.033784e+01
4.900000e-05	-1.899053e-02	1.033779e+01
4.901000e-05	-1.731317e-02	1.033529e+01
4.902000e-05	-1.891082e-02	1.034634e+01
4.903000e-05	-2.024993e-02	1.028626e+01
4.904000e-05	-2.142353e-02	1.027511e+01
4.905000e-05	-2.051601e-02	1.028258e+01
4.906000e-05	-2.457685e-02	1.021109e+01
4.907000e-05	-2.476791e-02	1.021000e+01
4.908000e-05	-2.734600e-02	1.015942e+01
4.909000e-05	-2.532616e-02	1.010774e+01
4.910000e-05	-2.593937e-02	1.002423e+01
4.911000e-05	-2.680893e-02	1.004264e+01
4.912000e-05	-2.794439e-02	1.001151e+01
4.913000e-05	-2.777103e-02	9.998396e+00
4.914000e-05	-2.718966e-02	9.886269e+00
4.915000e-05	-2.956446e-02	9.842133e+00
4.916000e-05	-3.083197e-02	9.778496e+00
4.917000e-05	-3.326545e-02	9.664213e+00
4.918000e-05	-3.396587e-02	9.558632e+00
4.919000e-05	-3.435422e-02	9.527341e+00
4.920000e-05	-3.254651e-02	9.442084e+00
4.921000e-05	-3.134947e-02	9.348925e+00
4.922000e-05	-3.319497e-02	9.284244e+00
4.923000e-05	-3.377513e-02	9.221083e+00
4.924000e-05	-3.658247e-02	9.168374e+00
4.925000e-05	-3.495403e-02	9.015217e+00
4.926000e-05	-3.757281e-02	8.937371e+00
4.927000e-05	-3.466371e-02	8.799480e+00
4.928000e-05	-3.737650e-02	8.718371e+00
4.929000e-05	-3.572103e-02	8.622007e+00
4.930000e-05	-3.760779e-02	8.486319e+00
4.931000e-05	-3.461890e-02	8.433133e+00
4.932000e-05	-3.612847e-02	8.308368e+00
4.933000e-05	-3.593777e-02	8.210554e+00
4.934000e-05	-3.569288e-02	8.042238e+00
4.935000e-05	-3.488330e-02	7.941451e+00
4.936000e-05	-3.473734e-02	7.820554e+00
4.937000e-05	-3.549550e-02	7.706763e+00
4.938000e-05	-3.563820e-02	7.558998e+00
4.939000e-05	-3.405251e-02	7.369533e+00
4.940000e-05	-3.061355e-02	7.210682e+00
4.941000e-05	-2.997424e-02	7.106267e+00
4.942000e-05	-3.055991e-02	6.968947e+00
4.943000e-05	-3.052438e-02	6.871134e+00
4.944000e-05	-2.835250e-02	6.735820e+00
4.945000e-05	-2.636501e-02	6.494795e+00
4.946000e-05	-2.581873e-02	6.359402e+00
4.947000e-05	-2.567725e-02	6.221079e+00
4.948000e-05	-2.327539e-02	6.084266e+00
4.949000e-05	-2.210571e-02	5.966974e+00
4.950000e-05	-2.194745e-02	5.749423e+00
4.951000e-05	-2.043059e-02	5.590476e+00
4.952000e-05	-1.920693e-02	5.421129e+00
4.953000e-05	-1.802604e-02	5.260689e+00
4.954000e-05	-1.733298e-02	5.045164e+00
4.955000e-05	-1.509839e-02	4.851276e+00
4.956000e-05	-1.486117e-02	4.682689e+00
4.957000e-05	-1.468491e-02	4.495342e+00
4.958000e-05	-1.366992e-02	4.378951e+00
4.959000e-05	-1.276982e-02	4.105372e+00
4.960000e-05	-1.209901e-02	3.968576e+00
4.961000e-05	-1.246950e-02	3.830030e+00
4.962000e-05	-1.149037e-02	3.642134e+00
4.963000e-05	-1.021504e-02	3.494818e+00
4.964000e-05	-1.061471e-02	3.281663e+00
4.965000e-05	-9.278847e-03	3.103814e+00
4.966000e-05	-9.863603e-03	2.886244e+00
4.967000e-05	-8.386953e-03	2.758924e+00
4.968000e-05	-9.185376e-03	2.525848e+00
4.969000e-05	-9.001480e-03	2.316372e+00
4.970000e-05	-7.479200e-03	2.147399e+00
4.971000e-05	-7.321839e-03	1.979054e+00
4.972000e-05	-7.150910e-03	1.779004e+00
4.973000e-05	-7.182267e-03	1.619980e+00
4.974000e-05	-6.466540e-03	1.380034e+00
4.975000e-05	-6.291430e-03	1.200080e+00
4.976000e-05	-5.900786e-03	9.274288e-01
4.977000e-05	-5.970477e-03	7.884515e-01
4.978000e-05	-6.107674e-03	6.079777e-01
4.979000e-05	-5.937309e-03	4.200552e-01
4.980000e-05	-3.913292e-03	2.201091e-01
4.981000e-05	-2.619635e-03	-1.039612e-02
4.982000e-05	3.104427e-03	-1.399208e-01
4.983000e-05	-2.685772e-03	-3.483595e-01
4.984000e-05	4.931924e-04	-4.552054e-01
4.985000e-05	-2.033211e-03	-7.052119e-01
4.986000e-05	-1.160267e-03	-8.847078e-01
4.987000e-05	-3.715451e-03	-1.030949e+00
4.988000e-05	4.396516e-03	-1.230397e+00
4.989000e-05	3.383890e-02	-1.371965e+00
4.990000e-05	8.442922e-02	-1.601974e+00
4.991000e-05	-7.712021e-02	-1.835100e+00
4.992000e-05	-1.092532e-02	-2.095753e+00
4.993000e-05	-7.626531e-02	-2.348816e+00
4.994000e-05	-5.251040e-02	-2.455132e+00
4.995000e-05	1.824354e-01	-2.517761e+00
4.996000e-05	-7.922555e-02	-2.725683e+00
4.997000e-05	-6.294953e-02	-2.909715e+00
4.998000e-05	1.954740e-01	-3.085763e+00
4.999000e-05	-1.827932e-01	-3.267260e+00
