# 260410_16:00:12.017285
t	CH1	CH2
0.000000e+00	-5.629205e-04	-9.283696e-01
1.000000e-08	-1.434855e-03	-1.094664e+00
2.000000e-08	1.307205e-02	-1.241761e+00
3.000000e-08	8.224624e-02	-1.535663e+00
4.000000e-08	-6.536746e-03	-1.734811e+00
5.000000e-08	-5.053823e-02	-1.957820e+00
6.000000e-08	-3.348497e-02	-2.212552e+00
7.000000e-08	-9.630647e-02	-2.379951e+00
8.000000e-08	9.011065e-02	-2.493108e+00
9.000000e-08	9.980790e-02	-2.609472e+00
1.000000e-07	-1.688549e-01	-2.812500e+00
1.100000e-07	1.440821e-01	-2.971421e+00
1.200000e-07	-3.194118e-02	-3.177371e+00
1.300000e-07	-1.329834e-01	-3.409870e+00
1.400000e-07	1.654132e-01	-3.516319e+00
1.500000e-07	-6.861287e-02	-3.675212e+00
1.600000e-07	-8.085611e-02	-3.947866e+00
1.700000e-07	1.685484e-01	-4.064180e+00
1.800000e-07	-1.025411e-01	-4.272584e+00
1.900000e-07	6.458973e-02	-4.412078e+00
2.000000e-07	-5.871725e-02	-4.559372e+00
2.100000e-07	-8.331280e-02	-4.798974e+00
2.200000e-07	1.679406e-01	-4.977817e+00
2.300000e-07	-7.041461e-02	-5.144788e+00
2.400000e-07	2.177624e-02	-5.305164e+00
2.500000e-07	-6.664958e-03	-5.516708e+00
2.600000e-07	-3.576739e-02	-5.725208e+00
2.700000e-07	8.450526e-02	-5.852577e+00
2.800000e-07	-9.198993e-02	-5.988873e+00
2.900000e-07	8.612997e-02	-6.127340e+00
3.000000e-07	-2.689611e-02	-6.337283e+00
3.100000e-07	-2.749066e-02	-6.444658e+00
3.200000e-07	7.936196e-02	-6.610026e+00
3.300000e-07	-7.291535e-02	-6.748847e+00
3.400000e-07	6.428143e-02	-6.887138e+00
3.500000e-07	-5.243250e-02	-7.132236e+00
3.600000e-07	3.675631e-02	-7.262053e+00
3.700000e-07	3.736149e-02	-7.389367e+00
3.800000e-07	-4.945226e-02	-7.524713e+00
3.900000e-07	3.999445e-02	-7.630528e+00
4.000000e-07	-3.921831e-02	-7.841401e+00
4.100000e-07	5.170752e-02	-7.978370e+00
4.200000e-07	-1.867991e-02	-8.074205e+00
4.300000e-07	1.554406e-02	-8.199848e+00
4.400000e-07	2.639279e-02	-8.317209e+00
4.500000e-07	-2.734382e-02	-8.429949e+00
4.600000e-07	1.992048e-02	-8.475689e+00
4.700000e-07	-1.582220e-02	-8.631104e+00
4.800000e-07	4.433556e-02	-8.776897e+00
4.900000e-07	-1.185818e-02	-8.863554e+00
5.000000e-07	1.542500e-03	-8.957266e+00
5.100000e-07	9.166903e-03	-9.081555e+00
5.200000e-07	6.081789e-03	-9.156263e+00
5.300000e-07	1.543006e-02	-9.231452e+00
5.400000e-07	-8.937458e-03	-9.284103e+00
5.500000e-07	2.032726e-02	-9.361262e+00
5.600000e-07	1.016526e-03	-9.505536e+00
5.700000e-07	1.354168e-02	-9.569376e+00
5.800000e-07	2.949560e-03	-9.662128e+00
5.900000e-07	4.141811e-03	-9.725137e+00
6.000000e-07	3.326740e-03	-9.727796e+00
6.100000e-07	1.184860e-02	-9.851500e+00
6.200000e-07	2.184027e-02	-9.874632e+00
6.300000e-07	3.499736e-03	-9.935239e+00
6.400000e-07	1.033012e-03	-9.957872e+00
6.500000e-07	3.331639e-03	-1.002040e+01
6.600000e-07	1.853241e-02	-1.002303e+01
6.700000e-07	1.171934e-02	-1.005555e+01
6.800000e-07	4.850312e-03	-1.010767e+01
6.900000e-07	4.932880e-03	-1.014729e+01
7.000000e-07	1.045016e-02	-1.020353e+01
7.100000e-07	1.263144e-02	-1.025288e+01
7.200000e-07	9.602287e-03	-1.027353e+01
7.300000e-07	8.575177e-03	-1.026616e+01
7.400000e-07	1.083574e-02	-1.035727e+01
7.500000e-07	1.470766e-02	-1.034531e+01
7.600000e-07	1.195407e-02	-1.032980e+01
7.700000e-07	9.416665e-03	-1.037737e+01
7.800000e-07	8.425496e-03	-1.035575e+01
7.900000e-07	1.274862e-02	-1.033632e+01
8.000000e-07	1.501465e-02	-1.036822e+01
8.100000e-07	1.749436e-02	-1.033717e+01
8.200000e-07	1.429832e-02	-1.031624e+01
8.300000e-07	1.277088e-02	-1.027364e+01
8.400000e-07	1.437276e-02	-1.027410e+01
8.500000e-07	1.755218e-02	-1.022143e+01
8.600000e-07	1.935949e-02	-1.019934e+01
8.700000e-07	1.844890e-02	-1.016879e+01
8.800000e-07	1.829645e-02	-1.014518e+01
8.900000e-07	2.059887e-02	-1.005361e+01
9.000000e-07	1.838210e-02	-1.005090e+01
9.100000e-07	2.072855e-02	-9.999321e+00
9.200000e-07	2.247549e-02	-9.926268e+00
9.300000e-07	2.399878e-02	-9.875660e+00
9.400000e-07	2.374262e-02	-9.842054e+00
9.500000e-07	2.458787e-02	-9.786862e+00
9.600000e-07	2.529475e-02	-9.727208e+00
9.700000e-07	2.474112e-02	-9.663083e+00
9.800000e-07	2.321603e-02	-9.630978e+00
9.900000e-07	2.731042e-02	-9.556794e+00
1.000000e-06	2.512661e-02	-9.434455e+00
1.010000e-06	2.886211e-02	-9.378321e+00
1.020000e-06	2.651078e-02	-9.291554e+00
1.030000e-06	3.006522e-02	-9.138846e+00
1.040000e-06	2.922389e-02	-9.084588e+00
1.050000e-06	2.892869e-02	-8.979969e+00
1.060000e-06	2.823154e-02	-8.915187e+00
1.070000e-06	2.771529e-02	-8.851479e+00
1.080000e-06	2.736919e-02	-8.715642e+00
1.090000e-06	2.825947e-02	-8.589924e+00
1.100000e-06	2.963452e-02	-8.473636e+00
1.110000e-06	2.920378e-02	-8.368847e+00
1.120000e-06	3.095596e-02	-8.272507e+00
1.130000e-06	2.895745e-02	-8.168864e+00
1.140000e-06	2.848499e-02	-8.040080e+00
1.150000e-06	2.665963e-02	-7.904717e+00
1.160000e-06	2.683524e-02	-7.757823e+00
1.170000e-06	2.672414e-02	-7.670975e+00
1.180000e-06	2.390379e-02	-7.454155e+00
1.190000e-06	2.534902e-02	-7.305289e+00
1.200000e-06	2.665159e-02	-7.210453e+00
1.210000e-06	2.418298e-02	-7.094089e+00
1.220000e-06	2.307494e-02	-6.934207e+00
1.230000e-06	2.138656e-02	-6.737891e+00
1.240000e-06	2.133231e-02	-6.619950e+00
1.250000e-06	1.818213e-02	-6.474183e+00
1.260000e-06	1.764848e-02	-6.358296e+00
1.270000e-06	1.645719e-02	-6.149846e+00
1.280000e-06	1.694399e-02	-6.000445e+00
1.290000e-06	1.450383e-02	-5.862079e+00
1.300000e-06	1.395574e-02	-5.715213e+00
1.310000e-06	1.276204e-02	-5.608240e+00
1.320000e-06	1.080355e-02	-5.327163e+00
1.330000e-06	8.867881e-03	-5.115845e+00
1.340000e-06	7.890346e-03	-5.009847e+00
1.350000e-06	8.953750e-03	-4.756871e+00
1.360000e-06	6.429584e-03	-4.600423e+00
1.370000e-06	7.300913e-03	-4.420506e+00
1.380000e-06	6.623214e-03	-4.283237e+00
1.390000e-06	5.513406e-03	-4.156219e+00
1.400000e-06	4.640946e-03	-3.980473e+00
1.410000e-06	3.212877e-03	-3.777819e+00
1.420000e-06	4.021341e-03	-3.568922e+00
1.430000e-06	2.317185e-03	-3.379396e+00
1.440000e-06	2.428415e-03	-3.241554e+00
1.450000e-06	2.311488e-03	-3.023132e+00
1.460000e-06	4.952870e-04	-2.851554e+00
1.470000e-06	1.236164e-03	-2.615711e+00
1.480000e-06	-2.204283e-03	-2.483240e+00
1.490000e-06	1.266213e-03	-2.366291e+00
1.500000e-06	-6.060767e-04	-2.115311e+00
1.510000e-06	-4.286114e-05	-1.916290e+00
1.520000e-06	-2.003409e-03	-1.746816e+00
1.530000e-06	-6.503262e-04	-1.588372e+00
1.540000e-06	-1.471889e-03	-1.314238e+00
1.550000e-06	-1.308961e-03	-1.104266e+00
1.560000e-06	-2.531356e-03	-9.372672e-01
1.570000e-06	-1.626865e-03	-7.198474e-01
1.580000e-06	-3.297337e-03	-4.662921e-01
1.590000e-06	-3.123301e-03	-3.563922e-01
1.600000e-06	-3.218116e-03	-1.579448e-01
1.610000e-06	2.150339e-03	1.471255e-03
1.620000e-06	4.808158e-03	2.110788e-01
1.630000e-06	-1.908149e-03	3.699751e-01
1.640000e-06	1.948362e-03	5.573947e-01
1.650000e-06	-3.815862e-03	7.258957e-01
1.660000e-06	-2.225732e-03	8.742316e-01
1.670000e-06	-2.595930e-03	1.096694e+00
1.680000e-06	4.198873e-03	1.275314e+00
1.690000e-06	2.122235e-02	1.526403e+00
1.700000e-06	7.084804e-02	1.738846e+00
1.710000e-06	-2.356200e-02	1.978943e+00
1.720000e-06	-4.476222e-02	2.148416e+00
1.730000e-06	-4.058921e-02	2.366318e+00
1.740000e-06	-6.778316e-02	2.453154e+00
1.750000e-06	1.142248e-02	2.592026e+00
1.760000e-06	1.483116e-01	2.830976e+00
1.770000e-06	-1.509827e-01	2.987843e+00
1.780000e-06	6.873939e-02	3.126313e+00
1.790000e-06	4.634842e-02	3.275312e+00
1.800000e-06	-1.088743e-01	3.536370e+00
1.810000e-06	7.576230e-02	3.663078e+00
1.820000e-06	1.279419e-02	3.842151e+00
1.830000e-06	-1.065846e-01	4.030003e+00
1.840000e-06	9.168007e-02	4.241021e+00
1.850000e-06	-1.797254e-02	4.401471e+00
1.860000e-06	-1.295807e-02	4.588392e+00
1.870000e-06	-1.533044e-02	4.747370e+00
1.880000e-06	-5.779667e-02	5.031443e+00
1.890000e-06	4.952239e-02	5.188924e+00
1.900000e-06	4.359088e-03	5.361339e+00
1.910000e-06	2.799088e-03	5.507339e+00
1.920000e-06	-3.258629e-02	5.663754e+00
1.930000e-06	1.433451e-03	5.885658e+00
1.940000e-06	4.901833e-03	6.010604e+00
1.950000e-06	-3.236310e-02	6.157923e+00
1.960000e-06	2.282358e-02	6.316734e+00
1.970000e-06	-1.167725e-02	6.462581e+00
1.980000e-06	-2.010875e-02	6.610479e+00
1.990000e-06	8.434668e-03	6.809423e+00
2.000000e-06	-2.622295e-02	6.937815e+00
2.010000e-06	2.317866e-03	7.073131e+00
2.020000e-06	-6.464843e-03	7.200525e+00
2.030000e-06	-3.546525e-03	7.328192e+00
2.040000e-06	-1.259723e-03	7.506759e+00
2.050000e-06	-2.123110e-02	7.685133e+00
2.060000e-06	-3.348366e-03	7.840526e+00
2.070000e-06	-1.673075e-02	7.949919e+00
2.080000e-06	1.307514e-03	8.095262e+00
2.090000e-06	-1.340343e-02	8.232049e+00
2.100000e-06	-6.960774e-03	8.357816e+00
2.110000e-06	2.342574e-03	8.421527e+00
2.120000e-06	-1.661125e-02	8.526315e+00
2.130000e-06	-1.639959e-02	8.662046e+00
2.140000e-06	-1.788043e-02	8.745246e+00
2.150000e-06	3.074887e-03	8.810025e+00
2.160000e-06	-6.389926e-03	8.894132e+00
2.170000e-06	-1.428104e-02	9.022444e+00
2.180000e-06	-1.550780e-02	9.166665e+00
2.190000e-06	-9.402977e-03	9.231625e+00
2.200000e-06	-4.184833e-03	9.267211e+00
2.210000e-06	-1.318317e-02	9.359395e+00
2.220000e-06	-1.070998e-02	9.483557e+00
2.230000e-06	-1.305574e-02	9.506290e+00
2.240000e-06	-1.082716e-02	9.611471e+00
2.250000e-06	-1.279391e-02	9.663080e+00
2.260000e-06	-1.546428e-02	9.729264e+00
2.270000e-06	-1.614586e-02	9.851476e+00
2.280000e-06	-9.965497e-03	9.875209e+00
2.290000e-06	-3.883202e-03	9.967894e+00
2.300000e-06	-1.146255e-02	1.000995e+01
2.310000e-06	-1.855022e-02	1.003305e+01
2.320000e-06	-1.799096e-02	1.005513e+01
2.330000e-06	-1.083843e-02	1.016717e+01
2.340000e-06	-1.280847e-02	1.015939e+01
2.350000e-06	-1.698175e-02	1.019099e+01
2.360000e-06	-1.788785e-02	1.021295e+01
2.370000e-06	-1.544893e-02	1.029211e+01
2.380000e-06	-1.377090e-02	1.031566e+01
2.390000e-06	-1.387939e-02	1.029626e+01
2.400000e-06	-1.556516e-02	1.036521e+01
2.410000e-06	-1.715975e-02	1.031879e+01
2.420000e-06	-1.367013e-02	1.034682e+01
2.430000e-06	-1.783003e-02	1.037739e+01
2.440000e-06	-2.001846e-02	1.035732e+01
2.450000e-06	-2.188472e-02	1.033680e+01
2.460000e-06	-1.734207e-02	1.032731e+01
2.470000e-06	-1.704934e-02	1.033727e+01
2.480000e-06	-1.972447e-02	1.032624e+01
2.490000e-06	-2.072882e-02	1.030576e+01
2.500000e-06	-2.180971e-02	1.028514e+01
2.510000e-06	-2.178399e-02	1.025261e+01
2.520000e-06	-2.395133e-02	1.023153e+01
2.530000e-06	-2.346940e-02	1.019140e+01
2.540000e-06	-2.546546e-02	1.018700e+01
2.550000e-06	-2.573780e-02	1.010628e+01
2.560000e-06	-2.674134e-02	1.008516e+01
2.570000e-06	-2.606108e-02	1.004365e+01
2.580000e-06	-2.853966e-02	1.001107e+01
2.590000e-06	-2.856026e-02	9.967897e+00
2.600000e-06	-2.742185e-02	9.864654e+00
2.610000e-06	-2.886808e-02	9.820976e+00
2.620000e-06	-3.043231e-02	9.788247e+00
2.630000e-06	-3.255061e-02	9.694154e+00
2.640000e-06	-3.325010e-02	9.581423e+00
2.650000e-06	-3.179916e-02	9.515713e+00
2.660000e-06	-3.299215e-02	9.424081e+00
2.670000e-06	-3.129901e-02	9.389868e+00
2.680000e-06	-3.312036e-02	9.275234e+00
2.690000e-06	-3.330773e-02	9.231656e+00
2.700000e-06	-3.689321e-02	9.177869e+00
2.710000e-06	-3.476819e-02	9.065079e+00
2.720000e-06	-3.538767e-02	8.938286e+00
2.730000e-06	-3.364194e-02	8.812050e+00
2.740000e-06	-3.658387e-02	8.696316e+00
2.750000e-06	-3.636908e-02	8.641426e+00
2.760000e-06	-3.621904e-02	8.515816e+00
2.770000e-06	-3.437775e-02	8.424127e+00
2.780000e-06	-3.520738e-02	8.298796e+00
2.790000e-06	-3.546309e-02	8.208994e+00
2.800000e-06	-3.489624e-02	8.074680e+00
2.810000e-06	-3.412960e-02	7.937767e+00
2.820000e-06	-3.434196e-02	7.823525e+00
2.830000e-06	-3.517695e-02	7.666787e+00
2.840000e-06	-3.390212e-02	7.577443e+00
2.850000e-06	-3.280454e-02	7.409474e+00
2.860000e-06	-3.045923e-02	7.252580e+00
2.870000e-06	-2.999319e-02	7.106638e+00
2.880000e-06	-3.102532e-02	6.970870e+00
2.890000e-06	-2.916866e-02	6.823128e+00
2.900000e-06	-2.736941e-02	6.705686e+00
2.910000e-06	-2.647660e-02	6.465891e+00
2.920000e-06	-2.586994e-02	6.379392e+00
2.930000e-06	-2.400285e-02	6.220578e+00
2.940000e-06	-2.344588e-02	6.074738e+00
2.950000e-06	-2.227366e-02	5.969346e+00
2.960000e-06	-2.186368e-02	5.758916e+00
2.970000e-06	-2.040205e-02	5.640499e+00
2.980000e-06	-1.891262e-02	5.432599e+00
2.990000e-06	-1.828237e-02	5.234104e+00
3.000000e-06	-1.638107e-02	5.034080e+00
3.010000e-06	-1.498601e-02	4.852528e+00
3.020000e-06	-1.433714e-02	4.683161e+00
3.030000e-06	-1.500709e-02	4.476263e+00
3.040000e-06	-1.352732e-02	4.358842e+00
3.050000e-06	-1.260728e-02	4.156292e+00
3.060000e-06	-1.159816e-02	3.959344e+00
3.070000e-06	-1.127899e-02	3.841524e+00
3.080000e-06	-1.075786e-02	3.652604e+00
3.090000e-06	-1.072238e-02	3.504211e+00
3.100000e-06	-1.048762e-02	3.273684e+00
3.110000e-06	-9.437900e-03	3.053164e+00
3.120000e-06	-9.034328e-03	2.882766e+00
3.130000e-06	-8.286577e-03	2.778346e+00
3.140000e-06	-8.897469e-03	2.525367e+00
3.150000e-06	-9.205301e-03	2.335815e+00
3.160000e-06	-7.568762e-03	2.137916e+00
3.170000e-06	-6.862802e-03	1.999900e+00
3.180000e-06	-6.013196e-03	1.802050e+00
3.190000e-06	-6.946452e-03	1.599495e+00
3.200000e-06	-6.825647e-03	1.441476e+00
3.210000e-06	-7.023766e-03	1.231550e+00
3.220000e-06	-6.821177e-03	9.963748e-01
3.230000e-06	-5.490406e-03	7.508961e-01
3.240000e-06	-5.152347e-03	5.994751e-01
3.250000e-06	-5.497359e-03	4.005501e-01
3.260000e-06	-4.846645e-03	1.710504e-01
3.270000e-06	-2.140330e-03	5.262638e-04
3.280000e-06	3.161083e-03	-1.784248e-01
3.290000e-06	-3.260808e-03	-3.378407e-01
3.300000e-06	2.532479e-04	-4.632330e-01
3.310000e-06	-3.184418e-03	-7.261857e-01
3.320000e-06	-1.292424e-04	-8.931842e-01
3.330000e-06	-3.414808e-03	-1.002505e+00
3.340000e-06	6.085728e-03	-1.249995e+00
3.350000e-06	4.357723e-02	-1.418378e+00
3.360000e-06	6.867211e-02	-1.620502e+00
3.370000e-06	-7.225575e-02	-1.863108e+00
3.380000e-06	-1.346727e-02	-2.114689e+00
3.390000e-06	-8.324510e-02	-2.366720e+00
3.400000e-06	-2.932567e-02	-2.473109e+00
3.410000e-06	1.705261e-01	-2.545311e+00
3.420000e-06	-1.086850e-01	-2.756263e+00
3.430000e-06	-9.962185e-03	-2.975218e+00
3.440000e-06	1.517731e-01	-3.102732e+00
3.450000e-06	-1.689829e-01	-3.253686e+00
3.460000e-06	8.342803e-02	-3.474136e+00
3.470000e-06	9.241264e-02	-3.610501e+00
3.480000e-06	-1.735904e-01	-3.892029e+00
3.490000e-06	1.249906e-01	-3.988972e+00
3.500000e-06	2.150937e-02	-4.197371e+00
3.510000e-06	-3.995906e-02	-4.367372e+00
3.520000e-06	6.154183e-02	-4.454688e+00
3.530000e-06	-1.634906e-01	-4.732211e+00
3.540000e-06	1.143691e-01	-4.886587e+00
3.550000e-06	5.681091e-02	-5.072578e+00
3.560000e-06	-7.683211e-02	-5.233504e+00
3.570000e-06	6.677008e-02	-5.451445e+00
3.580000e-06	-8.423822e-02	-5.651452e+00
3.590000e-06	8.231334e-02	-5.808946e+00
3.600000e-06	-3.665107e-02	-5.915714e+00
3.610000e-06	-9.696970e-03	-6.072633e+00
3.620000e-06	7.870782e-02	-6.260500e+00
3.630000e-06	-9.883697e-02	-6.441427e+00
3.640000e-06	8.838959e-02	-6.578374e+00
3.650000e-06	-3.509219e-02	-6.696709e+00
3.660000e-06	7.335255e-03	-6.852532e+00
3.670000e-06	2.108627e-02	-6.999373e+00
3.680000e-06	-4.812338e-02	-7.218294e+00
3.690000e-06	9.385922e-02	-7.284163e+00
3.700000e-06	-5.530758e-02	-7.461979e+00
3.710000e-06	2.430441e-02	-7.609900e+00
3.720000e-06	-1.654946e-02	-7.673214e+00
3.730000e-06	1.018298e-02	-7.905193e+00
3.740000e-06	3.002598e-02	-8.033527e+00
3.750000e-06	-2.687252e-02	-8.137268e+00
3.760000e-06	5.165706e-02	-8.272483e+00
3.770000e-06	-2.697597e-02	-8.358746e+00
3.780000e-06	9.971161e-03	-8.473577e+00
3.790000e-06	-7.956689e-03	-8.548719e+00
3.800000e-06	2.030996e-02	-8.746687e+00
3.810000e-06	2.245691e-02	-8.810502e+00
3.820000e-06	-1.978425e-02	-8.915087e+00
3.830000e-06	1.917676e-02	-9.011372e+00
3.840000e-06	-8.705584e-04	-9.085108e+00
3.850000e-06	2.145810e-02	-9.207321e+00
3.860000e-06	-6.667098e-03	-9.233030e+00
3.870000e-06	8.623882e-03	-9.317141e+00
3.880000e-06	1.184463e-02	-9.401454e+00
3.890000e-06	5.484812e-03	-9.547317e+00
3.900000e-06	1.173124e-02	-9.621025e+00
3.910000e-06	1.033114e-04	-9.683084e+00
3.920000e-06	6.586414e-03	-9.725163e+00
3.930000e-06	5.252708e-03	-9.759951e+00
3.940000e-06	2.225953e-02	-9.881057e+00
3.950000e-06	1.120206e-02	-9.915713e+00
3.960000e-06	-3.289345e-04	-9.977268e+00
3.970000e-06	-5.839381e-05	-9.979943e+00
3.980000e-06	1.291062e-02	-1.005105e+01
3.990000e-06	1.741881e-02	-1.003405e+01
4.000000e-06	7.112805e-03	-1.010714e+01
4.010000e-06	5.045585e-03	-1.014879e+01
4.020000e-06	8.221847e-03	-1.019130e+01
4.030000e-06	1.279345e-02	-1.026242e+01
4.040000e-06	1.148734e-02	-1.028106e+01
4.050000e-06	6.869180e-03	-1.031509e+01
4.060000e-06	8.076134e-03	-1.030316e+01
4.070000e-06	1.412496e-02	-1.032671e+01
4.080000e-06	1.404284e-02	-1.033824e+01
4.090000e-06	9.850604e-03	-1.034789e+01
4.100000e-06	7.443643e-03	-1.033577e+01
4.110000e-06	1.142575e-02	-1.036724e+01
4.120000e-06	1.542480e-02	-1.032669e+01
4.130000e-06	1.734763e-02	-1.033674e+01
4.140000e-06	1.492004e-02	-1.032469e+01
4.150000e-06	1.236020e-02	-1.027419e+01
4.160000e-06	1.271481e-02	-1.026361e+01
4.170000e-06	1.559418e-02	-1.025001e+01
4.180000e-06	1.858723e-02	-1.021232e+01
4.190000e-06	1.776604e-02	-1.017777e+01
4.200000e-06	1.851674e-02	-1.012621e+01
4.210000e-06	1.987996e-02	-1.008558e+01
4.220000e-06	2.046975e-02	-1.003298e+01
4.230000e-06	1.979691e-02	-9.989446e+00
4.240000e-06	2.108577e-02	-9.948268e+00
4.250000e-06	2.400213e-02	-9.926189e+00
4.260000e-06	2.384204e-02	-9.852608e+00
4.270000e-06	2.285061e-02	-9.790450e+00
4.280000e-06	2.287942e-02	-9.766343e+00
4.290000e-06	2.497199e-02	-9.714135e+00
4.300000e-06	2.535045e-02	-9.632578e+00
4.310000e-06	2.629337e-02	-9.588296e+00
4.320000e-06	2.714248e-02	-9.485688e+00
4.330000e-06	2.863462e-02	-9.418345e+00
4.340000e-06	2.821222e-02	-9.316642e+00
4.350000e-06	2.564405e-02	-9.240397e+00
4.360000e-06	2.654037e-02	-9.126690e+00
4.370000e-06	2.852472e-02	-9.031480e+00
4.380000e-06	2.985124e-02	-8.968263e+00
4.390000e-06	2.856609e-02	-8.851032e+00
4.400000e-06	2.837635e-02	-8.758324e+00
4.410000e-06	2.853882e-02	-8.693006e+00
4.420000e-06	2.920617e-02	-8.515369e+00
4.430000e-06	2.890071e-02	-8.399998e+00
4.440000e-06	2.853994e-02	-8.335211e+00
4.450000e-06	2.890884e-02	-8.219399e+00
4.460000e-06	2.795853e-02	-8.064112e+00
4.470000e-06	2.779340e-02	-7.998920e+00
4.480000e-06	2.675594e-02	-7.833005e+00
4.490000e-06	2.699166e-02	-7.711112e+00
4.500000e-06	2.637002e-02	-7.506262e+00
4.510000e-06	2.675981e-02	-7.370346e+00
4.520000e-06	2.663286e-02	-7.252582e+00
4.530000e-06	2.449602e-02	-7.145247e+00
4.540000e-06	2.182831e-02	-6.957396e+00
4.550000e-06	2.096128e-02	-6.839905e+00
4.560000e-06	2.110616e-02	-6.694214e+00
4.570000e-06	2.059262e-02	-6.536714e+00
4.580000e-06	1.854636e-02	-6.381500e+00
4.590000e-06	1.729972e-02	-6.270632e+00
4.600000e-06	1.740890e-02	-6.084132e+00
4.610000e-06	1.549211e-02	-5.945689e+00
4.620000e-06	1.450745e-02	-5.748820e+00
4.630000e-06	1.262921e-02	-5.590900e+00
4.640000e-06	1.208867e-02	-5.431530e+00
4.650000e-06	1.146159e-02	-5.300625e+00
4.660000e-06	9.432599e-03	-5.042084e+00
4.670000e-06	8.701664e-03	-4.881034e+00
4.680000e-06	5.982265e-03	-4.652046e+00
4.690000e-06	5.790168e-03	-4.484261e+00
4.700000e-06	7.054841e-03	-4.337820e+00
4.710000e-06	5.583506e-03	-4.220500e+00
4.720000e-06	6.271806e-03	-4.031050e+00
4.730000e-06	3.539222e-03	-3.852633e+00
4.740000e-06	3.716941e-03	-3.653532e+00
4.750000e-06	2.486406e-03	-3.503084e+00
4.760000e-06	3.252204e-03	-3.313689e+00
4.770000e-06	2.419801e-03	-3.147815e+00
4.780000e-06	9.881434e-04	-2.937170e+00
4.790000e-06	4.773173e-04	-2.767341e+00
4.800000e-06	-1.879754e-03	-2.579901e+00
4.810000e-06	4.903841e-04	-2.429927e+00
4.820000e-06	1.806122e-04	-2.208996e+00
4.830000e-06	2.243003e-03	-2.010400e+00
4.840000e-06	-1.668804e-03	-1.811553e+00
4.850000e-06	2.932295e-04	-1.631654e+00
4.860000e-06	-2.101709e-03	-1.423055e+00
4.870000e-06	-1.141057e-03	-1.219475e+00
4.880000e-06	-4.151554e-03	-1.011024e+00
4.890000e-06	-1.930589e-03	-8.510526e-01
4.900000e-06	-3.036495e-03	-6.000566e-01
4.910000e-06	-6.203517e-04	-4.005026e-01
4.920000e-06	-3.360889e-03	-2.425565e-01
4.930000e-06	9.633276e-04	-7.153158e-02
4.940000e-06	3.036631e-03	1.187855e-01
4.950000e-06	-2.619181e-04	3.452882e-01
4.960000e-06	6.419058e-04	4.352617e-01
4.970000e-06	-1.749586e-03	6.815805e-01
4.980000e-06	-2.053162e-03	8.210225e-01
4.990000e-06	-3.757326e-03	1.002522e+00
5.000000e-06	6.376118e-05	1.231080e+00
5.010000e-06	9.453575e-03	1.410998e+00
5.020000e-06	5.374476e-02	1.672176e+00
5.030000e-06	3.520074e-02	1.893186e+00
5.040000e-06	-5.812282e-02	2.094183e+00
5.050000e-06	-3.246804e-02	2.222528e+00
5.060000e-06	-5.679598e-02	2.381072e+00
5.070000e-06	-5.901012e-02	2.476815e+00
5.080000e-06	1.403339e-01	2.696293e+00
5.090000e-06	-2.720310e-02	2.884187e+00
5.100000e-06	-1.023814e-01	3.053079e+00
5.110000e-06	1.480114e-01	3.200500e+00
5.120000e-06	-9.651851e-02	3.443603e+00
5.130000e-06	-1.335890e-02	3.609474e+00
5.140000e-06	9.577955e-02	3.747886e+00
5.150000e-06	-1.101661e-01	3.938339e+00
5.160000e-06	2.039875e-02	4.108737e+00
5.170000e-06	4.891495e-02	4.318291e+00
5.180000e-06	-4.232182e-02	4.466211e+00
5.190000e-06	7.382560e-03	4.674233e+00
5.200000e-06	-5.713194e-02	4.845659e+00
5.210000e-06	7.363348e-03	5.116684e+00
5.220000e-06	3.883761e-02	5.275683e+00
5.230000e-06	-3.619242e-03	5.504552e+00
5.240000e-06	-1.199700e-02	5.650050e+00
5.250000e-06	-3.106130e-02	5.769895e+00
5.260000e-06	1.576954e-02	5.989421e+00
5.270000e-06	-2.298622e-02	6.114832e+00
5.280000e-06	-8.244524e-03	6.243055e+00
5.290000e-06	2.320026e-02	6.389376e+00
5.300000e-06	-4.100774e-02	6.538888e+00
5.310000e-06	1.644087e-02	6.727812e+00
5.320000e-06	-2.108409e-02	6.883683e+00
5.330000e-06	-1.084716e-02	7.009451e+00
5.340000e-06	-8.377761e-04	7.086316e+00
5.350000e-06	-1.228905e-02	7.295658e+00
5.360000e-06	9.303045e-03	7.443473e+00
5.370000e-06	-2.295624e-02	7.609500e+00
5.380000e-06	-6.391485e-03	7.707791e+00
5.390000e-06	-1.723861e-02	7.876725e+00
5.400000e-06	-1.349728e-03	8.053529e+00
5.410000e-06	-6.115909e-03	8.167949e+00
5.420000e-06	-1.223944e-02	8.275604e+00
5.430000e-06	-1.726324e-04	8.388924e+00
5.440000e-06	-9.025915e-03	8.444608e+00
5.450000e-06	-1.755286e-02	8.578945e+00
5.460000e-06	-1.739347e-02	8.693608e+00
5.470000e-06	-5.053574e-03	8.779819e+00
5.480000e-06	-2.987553e-04	8.873552e+00
5.490000e-06	-1.333712e-02	8.927837e+00
5.500000e-06	-1.665728e-02	9.035585e+00
5.510000e-06	-1.206602e-02	9.190422e+00
5.520000e-06	-7.530043e-03	9.264603e+00
5.530000e-06	-8.116239e-03	9.317393e+00
5.540000e-06	-1.263166e-02	9.423479e+00
5.550000e-06	-1.096847e-02	9.464655e+00
5.560000e-06	-1.141558e-02	9.557869e+00
5.570000e-06	-1.317348e-02	9.632504e+00
5.580000e-06	-1.499663e-02	9.718137e+00
5.590000e-06	-1.738751e-02	9.748841e+00
5.600000e-06	-1.080452e-02	9.864707e+00
5.610000e-06	-6.426546e-03	9.908292e+00
5.620000e-06	-8.859617e-03	9.999947e+00
5.630000e-06	-1.757249e-02	1.002153e+01
5.640000e-06	-1.778460e-02	1.006563e+01
5.650000e-06	-1.177506e-02	1.009624e+01
5.660000e-06	-1.158933e-02	1.019834e+01
5.670000e-06	-1.427818e-02	1.018945e+01
5.680000e-06	-1.842956e-02	1.021047e+01
5.690000e-06	-1.370684e-02	1.024313e+01
5.700000e-06	-1.605654e-02	1.026561e+01
5.710000e-06	-1.441695e-02	1.030619e+01
5.720000e-06	-1.743697e-02	1.029622e+01
5.730000e-06	-1.548799e-02	1.032674e+01
5.740000e-06	-1.388588e-02	1.030682e+01
5.750000e-06	-1.552166e-02	1.032729e+01
5.760000e-06	-2.019641e-02	1.033737e+01
5.770000e-06	-2.190879e-02	1.035717e+01
5.780000e-06	-1.722697e-02	1.037742e+01
5.790000e-06	-1.719328e-02	1.032779e+01
5.800000e-06	-1.838018e-02	1.032626e+01
5.810000e-06	-2.206675e-02	1.031671e+01
5.820000e-06	-2.212517e-02	1.031468e+01
5.830000e-06	-2.061418e-02	1.028421e+01
5.840000e-06	-2.302557e-02	1.025308e+01
5.850000e-06	-2.296390e-02	1.022087e+01
5.860000e-06	-2.512662e-02	1.017090e+01
5.870000e-06	-2.291025e-02	1.011837e+01
5.880000e-06	-2.627679e-02	1.009619e+01
5.890000e-06	-2.642039e-02	1.011358e+01
5.900000e-06	-2.862589e-02	1.004353e+01
5.910000e-06	-2.725244e-02	9.990449e+00
5.920000e-06	-2.761453e-02	9.946767e+00
5.930000e-06	-2.909383e-02	9.857084e+00
5.940000e-06	-3.109513e-02	9.748821e+00
5.950000e-06	-3.117785e-02	9.709286e+00
5.960000e-06	-2.977222e-02	9.642982e+00
5.970000e-06	-3.231979e-02	9.556317e+00
5.980000e-06	-3.221286e-02	9.496161e+00
5.990000e-06	-3.424602e-02	9.411951e+00
6.000000e-06	-3.195669e-02	9.357815e+00
6.010000e-06	-3.308492e-02	9.274109e+00
6.020000e-06	-3.481649e-02	9.160447e+00
6.030000e-06	-3.488488e-02	9.083713e+00
6.040000e-06	-3.559790e-02	8.989321e+00
6.050000e-06	-3.366067e-02	8.893554e+00
6.060000e-06	-3.640683e-02	8.798319e+00
6.070000e-06	-3.652307e-02	8.654707e+00
6.080000e-06	-3.686481e-02	8.557873e+00
6.090000e-06	-3.405857e-02	8.494211e+00
6.100000e-06	-3.611373e-02	8.380373e+00
6.110000e-06	-3.502317e-02	8.243704e+00
6.120000e-06	-3.608432e-02	8.136763e+00
6.130000e-06	-3.381963e-02	8.020453e+00
6.140000e-06	-3.461066e-02	7.843706e+00
6.150000e-06	-3.476734e-02	7.728816e+00
6.160000e-06	-3.421311e-02	7.621506e+00
6.170000e-06	-3.393070e-02	7.464683e+00
6.180000e-06	-3.005245e-02	7.304737e+00
6.190000e-06	-3.276987e-02	7.167321e+00
6.200000e-06	-2.789377e-02	7.052000e+00
6.210000e-06	-3.035917e-02	6.914761e+00
6.220000e-06	-2.725618e-02	6.748845e+00
6.230000e-06	-2.641589e-02	6.569971e+00
6.240000e-06	-2.730019e-02	6.401550e+00
6.250000e-06	-2.587131e-02	6.303212e+00
6.260000e-06	-2.388016e-02	6.126867e+00
6.270000e-06	-2.177154e-02	6.001404e+00
6.280000e-06	-2.175238e-02	5.845030e+00
6.290000e-06	-2.143729e-02	5.662130e+00
6.300000e-06	-1.849540e-02	5.464165e+00
6.310000e-06	-1.739072e-02	5.346388e+00
6.320000e-06	-1.604063e-02	5.178819e+00
6.330000e-06	-1.717533e-02	4.916240e+00
6.340000e-06	-1.487069e-02	4.726394e+00
6.350000e-06	-1.472815e-02	4.558447e+00
6.360000e-06	-1.366280e-02	4.430552e+00
6.370000e-06	-1.431533e-02	4.253182e+00
6.380000e-06	-1.137913e-02	4.032126e+00
6.390000e-06	-1.147651e-02	3.864705e+00
6.400000e-06	-1.063266e-02	3.696241e+00
6.410000e-06	-1.115065e-02	3.559974e+00
6.420000e-06	-9.425912e-03	3.327816e+00
6.430000e-06	-9.876285e-03	3.168921e+00
6.440000e-06	-9.648391e-03	2.999950e+00
6.450000e-06	-9.249586e-03	2.822580e+00
6.460000e-06	-7.445726e-03	2.623109e+00
6.470000e-06	-8.536786e-03	2.432628e+00
6.480000e-06	-8.451654e-03	2.221081e+00
6.490000e-06	-8.067650e-03	2.042659e+00
6.500000e-06	-6.362034e-03	1.865667e+00
6.510000e-06	-7.171758e-03	1.674839e+00
6.520000e-06	-6.957601e-03	1.495214e+00
6.530000e-06	-5.915199e-03	1.295786e+00
6.540000e-06	-5.716828e-03	1.082736e+00
6.550000e-06	-6.114978e-03	8.415828e-01
6.560000e-06	-5.080187e-03	6.731830e-01
6.570000e-06	-4.635635e-03	4.841582e-01
6.580000e-06	-4.491996e-03	3.253645e-01
6.590000e-06	-4.942373e-03	8.574052e-02
6.600000e-06	8.628964e-04	-1.052355e-01
6.610000e-06	4.689339e-04	-2.930829e-01
6.620000e-06	-1.891256e-03	-4.395463e-01
6.630000e-06	-4.709137e-04	-5.689709e-01
6.640000e-06	-2.055633e-03	-8.099535e-01
6.650000e-06	-1.359909e-03	-9.677921e-01
6.660000e-06	3.394366e-04	-1.135316e+00
6.670000e-06	1.616531e-02	-1.304684e+00
6.680000e-06	9.108681e-02	-1.525239e+00
6.690000e-06	-2.879797e-02	-1.746871e+00
6.700000e-06	-3.894141e-02	-1.988972e+00
6.710000e-06	-4.583329e-02	-2.261613e+00
6.720000e-06	-9.417347e-02	-2.411053e+00
6.730000e-06	1.208758e-01	-2.462687e+00
6.740000e-06	6.003108e-02	-2.641550e+00
6.750000e-06	-1.583051e-01	-2.872053e+00
6.760000e-06	1.605424e-01	-3.040579e+00
6.770000e-06	-8.965880e-02	-3.208972e+00
6.780000e-06	-9.536228e-02	-3.400501e+00
6.790000e-06	1.731166e-01	-3.566317e+00
6.800000e-06	-1.123666e-01	-3.755387e+00
6.810000e-06	-3.400663e-02	-3.936885e+00
6.820000e-06	1.520603e-01	-4.073158e+00
6.830000e-06	-1.108117e-01	-4.305686e+00
6.840000e-06	8.426119e-02	-4.421528e+00
6.850000e-06	-9.491742e-02	-4.621418e+00
6.860000e-06	-3.923053e-02	-4.810023e+00
6.870000e-06	1.612362e-01	-4.976893e+00
6.880000e-06	-9.199248e-02	-5.155792e+00
6.890000e-06	4.695406e-02	-5.356741e+00
6.900000e-06	-3.315360e-02	-5.555394e+00
6.910000e-06	-8.360179e-03	-5.704817e+00
6.920000e-06	6.337176e-02	-5.843107e+00
6.930000e-06	-8.741589e-02	-6.010450e+00
6.940000e-06	1.037504e-01	-6.137298e+00
6.950000e-06	-5.786966e-02	-6.357216e+00
6.960000e-06	2.396333e-03	-6.515087e+00
6.970000e-06	5.749648e-02	-6.631503e+00
6.980000e-06	-6.515403e-02	-6.798898e+00
6.990000e-06	6.579833e-02	-6.906118e+00
7.000000e-06	-6.473069e-02	-7.134615e+00
7.010000e-06	6.214774e-02	-7.263607e+00
7.020000e-06	1.255771e-02	-7.378421e+00
7.030000e-06	-3.554302e-02	-7.507193e+00
7.040000e-06	3.193896e-02	-7.674158e+00
7.050000e-06	-3.362656e-02	-7.823053e+00
7.060000e-06	5.389622e-02	-7.991301e+00
7.070000e-06	-2.870701e-02	-8.064683e+00
7.080000e-06	2.838226e-02	-8.210947e+00
7.090000e-06	1.315487e-02	-8.306261e+00
7.100000e-06	-1.962985e-02	-8.421475e+00
7.110000e-06	1.707031e-02	-8.506640e+00
7.120000e-06	-1.258623e-02	-8.682152e+00
7.130000e-06	4.507415e-02	-8.800399e+00
7.140000e-06	-1.831974e-02	-8.875153e+00
7.150000e-06	9.304827e-03	-8.988867e+00
7.160000e-06	5.913234e-03	-9.061555e+00
7.170000e-06	9.393717e-03	-9.127267e+00
7.180000e-06	1.059583e-02	-9.221449e+00
7.190000e-06	-5.672494e-03	-9.297604e+00
7.200000e-06	2.086252e-02	-9.380196e+00
7.210000e-06	1.305095e-03	-9.464129e+00
7.220000e-06	1.314665e-02	-9.579375e+00
7.230000e-06	4.539047e-04	-9.631082e+00
7.240000e-06	4.716108e-03	-9.735687e+00
7.250000e-06	3.860484e-03	-9.768316e+00
7.260000e-06	1.506834e-02	-9.802030e+00
7.270000e-06	1.858772e-02	-9.894110e+00
7.280000e-06	2.231166e-03	-9.936766e+00
7.290000e-06	1.642676e-03	-9.968395e+00
7.300000e-06	5.703186e-03	-1.003000e+01
7.310000e-06	1.798754e-02	-1.006348e+01
7.320000e-06	1.037596e-02	-1.005416e+01
7.330000e-06	5.546757e-03	-1.012669e+01
7.340000e-06	6.991627e-03	-1.019139e+01
7.350000e-06	1.024600e-02	-1.022148e+01
7.360000e-06	1.249458e-02	-1.026203e+01
7.370000e-06	9.319428e-03	-1.030364e+01
7.380000e-06	8.569951e-03	-1.028621e+01
7.390000e-06	1.219227e-02	-1.031472e+01
7.400000e-06	1.538791e-02	-1.033774e+01
7.410000e-06	1.064499e-02	-1.036872e+01
7.420000e-06	8.207326e-03	-1.035721e+01
7.430000e-06	9.559481e-03	-1.037819e+01
7.440000e-06	1.404111e-02	-1.030725e+01
7.450000e-06	1.549296e-02	-1.034684e+01
7.460000e-06	1.660461e-02	-1.030822e+01
7.470000e-06	1.363332e-02	-1.028511e+01
7.480000e-06	1.322290e-02	-1.030568e+01
7.490000e-06	1.417423e-02	-1.022286e+01
7.500000e-06	1.772097e-02	-1.022095e+01
7.510000e-06	1.896900e-02	-1.021080e+01
7.520000e-06	1.855579e-02	-1.011826e+01
7.530000e-06	1.972058e-02	-1.009414e+01
7.540000e-06	1.926551e-02	-1.005508e+01
7.550000e-06	1.807545e-02	-1.002298e+01
7.560000e-06	1.954910e-02	-9.988847e+00
7.570000e-06	2.282025e-02	-9.916166e+00
7.580000e-06	2.417469e-02	-9.886213e+00
7.590000e-06	2.242111e-02	-9.831953e+00
7.600000e-06	2.340760e-02	-9.778294e+00
7.610000e-06	2.413374e-02	-9.716266e+00
7.620000e-06	2.560576e-02	-9.663630e+00
7.630000e-06	2.449621e-02	-9.600402e+00
7.640000e-06	2.695491e-02	-9.525737e+00
7.650000e-06	2.824221e-02	-9.482455e+00
7.660000e-06	2.756546e-02	-9.328741e+00
7.670000e-06	2.598259e-02	-9.251029e+00
7.680000e-06	2.615500e-02	-9.157368e+00
7.690000e-06	2.830406e-02	-9.074062e+00
7.700000e-06	2.925643e-02	-8.988820e+00
7.710000e-06	2.999660e-02	-8.904582e+00
7.720000e-06	2.886504e-02	-8.800445e+00
7.730000e-06	2.758818e-02	-8.706063e+00
7.740000e-06	2.864572e-02	-8.580326e+00
7.750000e-06	2.952049e-02	-8.423057e+00
7.760000e-06	2.878926e-02	-8.326795e+00
7.770000e-06	2.880068e-02	-8.253579e+00
7.780000e-06	2.855479e-02	-8.137791e+00
7.790000e-06	2.832618e-02	-8.032028e+00
7.800000e-06	2.746459e-02	-7.895514e+00
7.810000e-06	2.702650e-02	-7.707340e+00
7.820000e-06	2.691787e-02	-7.580445e+00
7.830000e-06	2.722016e-02	-7.442583e+00
7.840000e-06	2.590798e-02	-7.325212e+00
7.850000e-06	2.519596e-02	-7.189396e+00
7.860000e-06	2.300453e-02	-7.021033e+00
7.870000e-06	2.207304e-02	-6.903604e+00
7.880000e-06	2.104058e-02	-6.746840e+00
7.890000e-06	2.172754e-02	-6.650875e+00
7.900000e-06	1.975072e-02	-6.463709e+00
7.910000e-06	1.892534e-02	-6.306744e+00
7.920000e-06	1.678026e-02	-6.095820e+00
7.930000e-06	1.595468e-02	-5.978898e+00
7.940000e-06	1.448897e-02	-5.831454e+00
7.950000e-06	1.252755e-02	-5.693607e+00
7.960000e-06	1.314562e-02	-5.513818e+00
7.970000e-06	1.091926e-02	-5.315113e+00
7.980000e-06	1.099729e-02	-5.115763e+00
7.990000e-06	7.542590e-03	-4.977293e+00
8.000000e-06	7.618937e-03	-4.745588e+00
8.010000e-06	6.174174e-03	-4.539369e+00
8.020000e-06	8.351745e-03	-4.439953e+00
8.030000e-06	5.922554e-03	-4.243658e+00
8.040000e-06	5.291066e-03	-4.076282e+00
8.050000e-06	4.233962e-03	-3.976246e+00
8.060000e-06	3.563323e-03	-3.717393e+00
8.070000e-06	1.384193e-03	-3.587421e+00
8.080000e-06	3.260929e-03	-3.399476e+00
8.090000e-06	3.045239e-03	-3.221454e+00
8.100000e-06	3.129697e-03	-3.030006e+00
8.110000e-06	4.256916e-04	-2.850004e+00
8.120000e-06	-2.056469e-04	-2.653633e+00
8.130000e-06	-6.907488e-04	-2.443133e+00
8.140000e-06	1.404926e-03	-2.305160e+00
8.150000e-06	-1.852517e-04	-2.082558e+00
8.160000e-06	2.459471e-04	-1.864167e+00
8.170000e-06	-1.747484e-03	-1.745842e+00
8.180000e-06	-3.805101e-04	-1.599817e+00
8.190000e-06	-1.584587e-03	-1.296142e+00
8.200000e-06	-2.506163e-03	-1.073187e+00
8.210000e-06	-2.792345e-03	-8.737645e-01
8.220000e-06	-1.963771e-03	-7.464173e-01
8.230000e-06	-1.342082e-03	-4.742643e-01
8.240000e-06	-3.167990e-03	-3.552407e-01
8.250000e-06	-3.183950e-03	-1.563684e-01
8.260000e-06	3.001314e-03	1.152762e-02
8.270000e-06	3.772837e-03	2.131801e-01
8.280000e-06	-1.572264e-03	4.200263e-01
8.290000e-06	7.131963e-04	5.804459e-01
8.300000e-06	-3.596994e-03	7.878657e-01
8.310000e-06	-2.182312e-03	8.632895e-01
8.320000e-06	-2.522609e-03	1.137270e+00
8.330000e-06	4.727678e-03	1.306335e+00
8.340000e-06	2.847432e-02	1.526414e+00
8.350000e-06	6.886644e-02	1.749526e+00
8.360000e-06	-3.775630e-02	1.999946e+00
8.370000e-06	-4.114213e-02	2.168447e+00
8.380000e-06	-4.423532e-02	2.338991e+00
8.390000e-06	-7.048300e-02	2.475609e+00
8.400000e-06	4.215344e-02	2.644203e+00
8.410000e-06	1.230213e-01	2.822103e+00
8.420000e-06	-1.622615e-01	2.959921e+00
8.430000e-06	1.078055e-01	3.106862e+00
8.440000e-06	6.690403e-03	3.335867e+00
8.450000e-06	-9.429473e-02	3.549815e+00
8.460000e-06	9.589060e-02	3.682632e+00
8.470000e-06	-2.203962e-02	3.854680e+00
8.480000e-06	-8.917073e-02	4.032581e+00
8.490000e-06	9.516806e-02	4.251576e+00
8.500000e-06	-3.016885e-02	4.432602e+00
8.510000e-06	-2.934701e-03	4.570021e+00
8.520000e-06	-2.797214e-02	4.759922e+00
8.530000e-06	-4.927563e-02	4.991497e+00
8.540000e-06	5.431463e-02	5.229949e+00
8.550000e-06	4.498866e-04	5.409896e+00
8.560000e-06	1.901030e-03	5.558739e+00
8.570000e-06	-3.917399e-02	5.692284e+00
8.580000e-06	6.451878e-03	5.908287e+00
8.590000e-06	1.117289e-03	6.053626e+00
8.600000e-06	-2.970998e-02	6.188845e+00
8.610000e-06	2.785633e-02	6.367340e+00
8.620000e-06	-2.445792e-02	6.473055e+00
8.630000e-06	-1.042324e-02	6.652054e+00
8.640000e-06	3.450853e-03	6.810478e+00
8.650000e-06	-2.373871e-02	6.959317e+00
8.660000e-06	2.944104e-03	7.065183e+00
8.670000e-06	-1.109927e-02	7.222028e+00
8.680000e-06	-1.096821e-03	7.298862e+00
8.690000e-06	-5.038620e-03	7.547267e+00
8.700000e-06	-1.813266e-02	7.682658e+00
8.710000e-06	-6.334522e-03	7.810951e+00
8.720000e-06	-1.392341e-02	7.960843e+00
8.730000e-06	1.897525e-03	8.135789e+00
8.740000e-06	-1.281674e-02	8.203576e+00
8.750000e-06	-6.343393e-03	8.387795e+00
8.760000e-06	-2.216492e-04	8.421553e+00
8.770000e-06	-1.856198e-02	8.518292e+00
8.780000e-06	-1.439136e-02	8.630073e+00
8.790000e-06	-1.583617e-02	8.746865e+00
8.800000e-06	4.097331e-03	8.861034e+00
8.810000e-06	-9.697435e-03	8.886187e+00
8.820000e-06	-1.542678e-02	9.022872e+00
8.830000e-06	-1.448195e-02	9.148793e+00
8.840000e-06	-9.583394e-03	9.233053e+00
8.850000e-06	-5.285376e-03	9.275712e+00
8.860000e-06	-1.485996e-02	9.369946e+00
8.870000e-06	-1.010929e-02	9.513581e+00
8.880000e-06	-1.285557e-02	9.557341e+00
8.890000e-06	-1.044743e-02	9.600026e+00
8.900000e-06	-1.496277e-02	9.654529e+00
8.910000e-06	-1.490521e-02	9.717289e+00
8.920000e-06	-1.518702e-02	9.792050e+00
8.930000e-06	-8.228197e-03	9.937213e+00
8.940000e-06	-6.261987e-03	9.978321e+00
8.950000e-06	-1.495599e-02	1.000252e+01
8.960000e-06	-1.895693e-02	1.004258e+01
8.970000e-06	-1.639751e-02	1.008566e+01
8.980000e-06	-9.539442e-03	1.011829e+01
8.990000e-06	-1.272197e-02	1.015889e+01
9.000000e-06	-1.719445e-02	1.022092e+01
9.010000e-06	-1.644636e-02	1.023308e+01
9.020000e-06	-1.575033e-02	1.026405e+01
9.030000e-06	-1.391050e-02	1.028516e+01
9.040000e-06	-1.686277e-02	1.028564e+01
9.050000e-06	-1.578798e-02	1.030724e+01
9.060000e-06	-1.603676e-02	1.036689e+01
9.070000e-06	-1.311823e-02	1.031684e+01
9.080000e-06	-1.822591e-02	1.034726e+01
9.090000e-06	-2.105040e-02	1.032789e+01
9.100000e-06	-2.044404e-02	1.032774e+01
9.110000e-06	-1.719320e-02	1.035931e+01
9.120000e-06	-1.715850e-02	1.030829e+01
9.130000e-06	-2.020866e-02	1.031527e+01
9.140000e-06	-2.127264e-02	1.033569e+01
9.150000e-06	-2.211455e-02	1.026711e+01
9.160000e-06	-2.217372e-02	1.026355e+01
9.170000e-06	-2.307329e-02	1.024243e+01
9.180000e-06	-2.321113e-02	1.019893e+01
9.190000e-06	-2.316178e-02	1.016987e+01
9.200000e-06	-2.424254e-02	1.009619e+01
9.210000e-06	-2.689741e-02	1.008621e+01
9.220000e-06	-2.791845e-02	1.005311e+01
9.230000e-06	-2.827147e-02	1.003100e+01
9.240000e-06	-2.836203e-02	9.938841e+00
9.250000e-06	-2.724901e-02	9.914188e+00
9.260000e-06	-2.982091e-02	9.852928e+00
9.270000e-06	-3.066063e-02	9.728740e+00
9.280000e-06	-3.212211e-02	9.644479e+00
9.290000e-06	-3.306184e-02	9.561399e+00
9.300000e-06	-3.338406e-02	9.517191e+00
9.310000e-06	-3.300239e-02	9.492476e+00
9.320000e-06	-3.136432e-02	9.367846e+00
9.330000e-06	-3.378554e-02	9.275758e+00
9.340000e-06	-3.431488e-02	9.212026e+00
9.350000e-06	-3.772773e-02	9.179423e+00
9.360000e-06	-3.451677e-02	9.082606e+00
9.370000e-06	-3.537986e-02	8.907291e+00
9.380000e-06	-3.275552e-02	8.799944e+00
9.390000e-06	-3.695712e-02	8.697762e+00
9.400000e-06	-3.599482e-02	8.603025e+00
9.410000e-06	-3.750126e-02	8.535711e+00
9.420000e-06	-3.486911e-02	8.441457e+00
9.430000e-06	-3.593364e-02	8.367739e+00
9.440000e-06	-3.459263e-02	8.189874e+00
9.450000e-06	-3.506273e-02	8.044558e+00
9.460000e-06	-3.449271e-02	7.948895e+00
9.470000e-06	-3.492169e-02	7.780476e+00
9.480000e-06	-3.566298e-02	7.653187e+00
9.490000e-06	-3.471504e-02	7.539766e+00
9.500000e-06	-3.202675e-02	7.379899e+00
9.510000e-06	-2.989057e-02	7.219054e+00
9.520000e-06	-2.940097e-02	7.085136e+00
9.530000e-06	-3.075965e-02	6.948892e+00
9.540000e-06	-2.951918e-02	6.832028e+00
9.550000e-06	-2.748366e-02	6.695133e+00
9.560000e-06	-2.476490e-02	6.483708e+00
9.570000e-06	-2.452428e-02	6.336816e+00
9.580000e-06	-2.403517e-02	6.200025e+00
9.590000e-06	-2.374701e-02	6.043188e+00
9.600000e-06	-2.229872e-02	5.927746e+00
9.610000e-06	-2.114221e-02	5.735721e+00
9.620000e-06	-2.059602e-02	5.578870e+00
9.630000e-06	-1.853386e-02	5.391524e+00
9.640000e-06	-1.700722e-02	5.211005e+00
9.650000e-06	-1.520451e-02	5.020153e+00
9.660000e-06	-1.608972e-02	4.801152e+00
9.670000e-06	-1.512925e-02	4.642155e+00
9.680000e-06	-1.421005e-02	4.494713e+00
9.690000e-06	-1.186216e-02	4.369317e+00
9.700000e-06	-1.287872e-02	4.145715e+00
9.710000e-06	-1.176946e-02	3.966369e+00
9.720000e-06	-1.205654e-02	3.809851e+00
9.730000e-06	-1.076695e-02	3.641578e+00
9.740000e-06	-1.045228e-02	3.464159e+00
9.750000e-06	-1.007896e-02	3.213080e+00
9.760000e-06	-9.371405e-03	3.043609e+00
9.770000e-06	-8.378358e-03	2.893715e+00
9.780000e-06	-8.099482e-03	2.728343e+00
9.790000e-06	-9.491264e-03	2.515310e+00
9.800000e-06	-8.123546e-03	2.314239e+00
9.810000e-06	-8.023746e-03	2.146768e+00
9.820000e-06	-6.390926e-03	1.969424e+00
9.830000e-06	-7.212781e-03	1.819448e+00
9.840000e-06	-7.036280e-03	1.598399e+00
9.850000e-06	-5.761063e-03	1.359496e+00
9.860000e-06	-5.642882e-03	1.199975e+00
9.870000e-06	-6.461279e-03	9.379647e-01
9.880000e-06	-6.074862e-03	7.173921e-01
9.890000e-06	-4.786755e-03	5.384698e-01
9.900000e-06	-3.718068e-03	3.905062e-01
9.910000e-06	-5.644933e-03	1.779463e-01
9.920000e-06	-2.477713e-03	-3.055601e-02
9.930000e-06	2.514080e-03	-1.884211e-01
9.940000e-06	-3.339572e-03	-3.578682e-01
9.950000e-06	1.243505e-03	-4.951630e-01
9.960000e-06	-3.335568e-03	-7.362396e-01
9.970000e-06	-1.160249e-04	-8.836592e-01
9.980000e-06	-2.777982e-03	-1.042132e+00
9.990000e-06	6.789261e-03	-1.221048e+00
1.000000e-05	5.393574e-02	-1.428402e+00
1.001000e-05	4.894521e-02	-1.652008e+00
1.002000e-05	-7.240442e-02	-1.884212e+00
1.003000e-05	-1.374349e-02	-2.153793e+00
1.004000e-05	-8.946973e-02	-2.337924e+00
1.005000e-05	3.997884e-03	-2.444158e+00
1.006000e-05	1.631984e-01	-2.505816e+00
1.007000e-05	-1.422390e-01	-2.747392e+00
1.008000e-05	5.510613e-02	-2.895291e+00
1.009000e-05	1.153827e-01	-3.097187e+00
1.010000e-05	-1.772659e-01	-3.335215e+00
1.011000e-05	1.185346e-01	-3.495712e+00
1.012000e-05	5.104359e-02	-3.631054e+00
1.013000e-05	-1.641488e-01	-3.905036e+00
1.014000e-05	1.498979e-01	-4.001049e+00
1.015000e-05	-2.920071e-02	-4.199470e+00
1.016000e-05	-5.463890e-03	-4.408875e+00
1.017000e-05	3.451380e-02	-4.526188e+00
1.018000e-05	-1.580851e-01	-4.757771e+00
1.019000e-05	1.419641e-01	-4.905687e+00
1.020000e-05	1.455947e-02	-5.042584e+00
1.021000e-05	-4.887435e-02	-5.255076e+00
1.022000e-05	5.389695e-02	-5.463476e+00
1.023000e-05	-8.262286e-02	-5.662578e+00
1.024000e-05	9.583624e-02	-5.790470e+00
1.025000e-05	-6.093942e-02	-5.936846e+00
1.026000e-05	2.353578e-02	-6.104583e+00
1.027000e-05	5.174084e-02	-6.263203e+00
1.028000e-05	-9.033315e-02	-6.442078e+00
1.029000e-05	9.834509e-02	-6.578323e+00
1.030000e-05	-5.570321e-02	-6.766739e+00
1.031000e-05	3.199609e-02	-6.863032e+00
1.032000e-05	-3.222263e-03	-7.013000e+00
1.033000e-05	-2.758317e-02	-7.168845e+00
1.034000e-05	8.670509e-02	-7.275690e+00
1.035000e-05	-6.164861e-02	-7.472632e+00
1.036000e-05	3.625754e-02	-7.577397e+00
1.037000e-05	-2.983901e-02	-7.709743e+00
1.038000e-05	2.595766e-02	-7.955713e+00
1.039000e-05	1.681909e-02	-8.022499e+00
1.040000e-05	-1.605092e-02	-8.157819e+00
1.041000e-05	4.824674e-02	-8.283978e+00
1.042000e-05	-3.317497e-02	-8.388792e+00
1.043000e-05	1.698479e-02	-8.473056e+00
1.044000e-05	-1.316428e-02	-8.610896e+00
1.045000e-05	3.147411e-02	-8.766168e+00
1.046000e-05	1.059212e-02	-8.851980e+00
1.047000e-05	-1.516784e-02	-8.937766e+00
1.048000e-05	1.851876e-02	-9.000900e+00
1.049000e-05	-7.928809e-04	-9.125710e+00
1.050000e-05	2.159653e-02	-9.188893e+00
1.051000e-05	-1.066423e-02	-9.232079e+00
1.052000e-05	1.572034e-02	-9.338239e+00
1.053000e-05	8.368902e-03	-9.403501e+00
1.054000e-05	8.960311e-03	-9.566893e+00
1.055000e-05	6.339419e-03	-9.609502e+00
1.056000e-05	1.242289e-03	-9.675661e+00
1.057000e-05	5.983028e-03	-9.766716e+00
1.058000e-05	8.682609e-03	-9.810422e+00
1.059000e-05	2.297285e-02	-9.874580e+00
1.060000e-05	8.396530e-03	-9.936190e+00
1.061000e-05	4.014318e-04	-9.957421e+00
1.062000e-05	1.091147e-03	-1.000939e+01
1.063000e-05	1.444784e-02	-1.006048e+01
1.064000e-05	1.547893e-02	-1.004558e+01
1.065000e-05	7.248155e-03	-1.008866e+01
1.066000e-05	5.093792e-03	-1.012774e+01
1.067000e-05	7.727999e-03	-1.016032e+01
1.068000e-05	1.249900e-02	-1.025192e+01
1.069000e-05	1.163555e-02	-1.027199e+01
1.070000e-05	7.894745e-03	-1.031306e+01
1.071000e-05	9.123585e-03	-1.028716e+01
1.072000e-05	1.512030e-02	-1.036923e+01
1.073000e-05	1.259328e-02	-1.033729e+01
1.074000e-05	9.609087e-03	-1.033822e+01
1.075000e-05	7.187132e-03	-1.037727e+01
1.076000e-05	1.232675e-02	-1.033679e+01
1.077000e-05	1.475055e-02	-1.035579e+01
1.078000e-05	1.635801e-02	-1.033664e+01
1.079000e-05	1.535180e-02	-1.034619e+01
1.080000e-05	1.255916e-02	-1.028359e+01
1.081000e-05	1.421035e-02	-1.027511e+01
1.082000e-05	1.539963e-02	-1.023398e+01
1.083000e-05	1.961956e-02	-1.020180e+01
1.084000e-05	1.805247e-02	-1.017772e+01
1.085000e-05	1.863081e-02	-1.010721e+01
1.086000e-05	1.952129e-02	-1.008568e+01
1.087000e-05	1.995649e-02	-1.005305e+01
1.088000e-05	1.947177e-02	-1.003885e+01
1.089000e-05	2.204951e-02	-9.947292e+00
1.090000e-05	2.355661e-02	-9.875663e+00
1.091000e-05	2.379403e-02	-9.853657e+00
1.092000e-05	2.285669e-02	-9.778927e+00
1.093000e-05	2.464489e-02	-9.727217e+00
1.094000e-05	2.464124e-02	-9.684110e+00
1.095000e-05	2.444180e-02	-9.612055e+00
1.096000e-05	2.580130e-02	-9.578897e+00
1.097000e-05	2.768780e-02	-9.473633e+00
1.098000e-05	2.807670e-02	-9.410796e+00
1.099000e-05	2.701787e-02	-9.263534e+00
1.100000e-05	2.614131e-02	-9.199900e+00
1.101000e-05	2.785717e-02	-9.106739e+00
1.102000e-05	2.877392e-02	-9.011879e+00
1.103000e-05	3.007480e-02	-8.936736e+00
1.104000e-05	2.816618e-02	-8.860953e+00
1.105000e-05	2.829846e-02	-8.767815e+00
1.106000e-05	2.851698e-02	-8.651979e+00
1.107000e-05	3.003623e-02	-8.487188e+00
1.108000e-05	2.912563e-02	-8.399347e+00
1.109000e-05	2.860832e-02	-8.264711e+00
1.110000e-05	2.831476e-02	-8.199430e+00
1.111000e-05	2.861885e-02	-8.104132e+00
1.112000e-05	2.778780e-02	-7.948420e+00
1.113000e-05	2.702103e-02	-7.809449e+00
1.114000e-05	2.612070e-02	-7.634556e+00
1.115000e-05	2.653837e-02	-7.516691e+00
1.116000e-05	2.702094e-02	-7.368341e+00
1.117000e-05	2.576324e-02	-7.192607e+00
1.118000e-05	2.422274e-02	-7.144215e+00
1.119000e-05	2.256929e-02	-6.899370e+00
1.120000e-05	2.268955e-02	-6.799923e+00
1.121000e-05	2.074149e-02	-6.682587e+00
1.122000e-05	2.030107e-02	-6.475689e+00
1.123000e-05	1.881789e-02	-6.380400e+00
1.124000e-05	1.846901e-02	-6.240502e+00
1.125000e-05	1.644193e-02	-6.001029e+00
1.126000e-05	1.412055e-02	-5.906138e+00
1.127000e-05	1.394680e-02	-5.735294e+00
1.128000e-05	1.309653e-02	-5.619904e+00
1.129000e-05	1.166451e-02	-5.408425e+00
1.130000e-05	1.047810e-02	-5.209497e+00
1.131000e-05	8.204424e-03	-5.032529e+00
1.132000e-05	9.497508e-03	-4.810501e+00
1.133000e-05	5.101926e-03	-4.600553e+00
1.134000e-05	8.195910e-03	-4.494135e+00
1.135000e-05	6.829767e-03	-4.326842e+00
1.136000e-05	7.098389e-03	-4.199449e+00
1.137000e-05	4.334643e-03	-4.041050e+00
1.138000e-05	2.067183e-03	-3.831078e+00
1.139000e-05	1.347471e-03	-3.672579e+00
1.140000e-05	2.037924e-03	-3.443661e+00
1.141000e-05	3.161237e-03	-3.282661e+00
1.142000e-05	2.482478e-03	-3.176766e+00
1.143000e-05	7.405655e-04	-2.893191e+00
1.144000e-05	2.128405e-03	-2.725342e+00
1.145000e-05	3.013841e-04	-2.554767e+00
1.146000e-05	8.631540e-04	-2.360401e+00
1.147000e-05	-1.706882e-04	-2.197899e+00
1.148000e-05	-7.307947e-04	-2.008948e+00
1.149000e-05	-1.265058e-03	-1.820949e+00
1.150000e-05	-2.166924e-03	-1.640604e+00
1.151000e-05	-2.055289e-03	-1.431001e+00
1.152000e-05	-1.147691e-03	-1.178350e+00
1.153000e-05	-2.001810e-03	-1.031001e+00
1.154000e-05	-9.601681e-04	-8.103488e-01
1.155000e-05	-2.761131e-03	-5.975777e-01
1.156000e-05	-1.154395e-03	-3.899511e-01
1.157000e-05	-4.221647e-03	-2.300553e-01
1.158000e-05	1.232857e-04	-4.163539e-02
1.159000e-05	2.922347e-03	1.373395e-01
1.160000e-05	-2.123423e-03	3.588911e-01
1.161000e-05	9.945321e-04	5.062606e-01
1.162000e-05	-9.328736e-04	6.956328e-01
1.163000e-05	-1.295708e-03	8.115775e-01
1.164000e-05	-3.080122e-03	1.082127e+00
1.165000e-05	2.217800e-03	1.252629e+00
1.166000e-05	1.069571e-02	1.430176e+00
1.167000e-05	6.231178e-02	1.726254e+00
1.168000e-05	1.608205e-02	1.918291e+00
1.169000e-05	-5.545412e-02	2.096259e+00
1.170000e-05	-3.461520e-02	2.265208e+00
1.171000e-05	-6.059838e-02	2.399524e+00
1.172000e-05	-4.451256e-02	2.579026e+00
1.173000e-05	1.594023e-01	2.777420e+00
1.174000e-05	-7.467103e-02	2.916837e+00
1.175000e-05	-5.900594e-02	3.053079e+00
1.176000e-05	1.300066e-01	3.220080e+00
1.177000e-05	-1.103347e-01	3.483204e+00
1.178000e-05	1.449113e-02	3.610530e+00
1.179000e-05	7.608046e-02	3.748419e+00
1.180000e-05	-1.215719e-01	3.998975e+00
1.181000e-05	5.194022e-02	4.116815e+00
1.182000e-05	3.066411e-02	4.358898e+00
1.183000e-05	-3.718034e-02	4.516361e+00
1.184000e-05	3.666729e-03	4.664185e+00
1.185000e-05	-6.035047e-02	4.894710e+00
1.186000e-05	2.393934e-02	5.136784e+00
1.187000e-05	2.662483e-02	5.296214e+00
1.188000e-05	-4.308491e-03	5.483654e+00
1.189000e-05	-1.732575e-02	5.631952e+00
1.190000e-05	-2.173940e-02	5.771377e+00
1.191000e-05	1.408451e-02	5.989421e+00
1.192000e-05	-2.809870e-02	6.136790e+00
1.193000e-05	2.514289e-03	6.265133e+00
1.194000e-05	1.679851e-02	6.399999e+00
1.195000e-05	-3.837780e-02	6.622444e+00
1.196000e-05	1.593240e-02	6.797317e+00
1.197000e-05	-2.693297e-02	6.875714e+00
1.198000e-05	-6.385588e-03	7.011027e+00
1.199000e-05	-6.389177e-04	7.158417e+00
1.200000e-05	-9.053189e-03	7.275736e+00
1.201000e-05	6.219335e-03	7.441605e+00
1.202000e-05	-2.527326e-02	7.632577e+00
1.203000e-05	-3.440143e-03	7.759345e+00
1.204000e-05	-1.655903e-02	7.916156e+00
1.205000e-05	3.592486e-04	8.072658e+00
1.206000e-05	-9.635897e-03	8.219497e+00
1.207000e-05	-1.186475e-02	8.314686e+00
1.208000e-05	1.900516e-03	8.400475e+00
1.209000e-05	-1.252368e-02	8.464710e+00
1.210000e-05	-1.718759e-02	8.569921e+00
1.211000e-05	-1.980535e-02	8.665209e+00
1.212000e-05	-1.685348e-03	8.779919e+00
1.213000e-05	-1.084121e-03	8.894579e+00
1.214000e-05	-1.243148e-02	8.940865e+00
1.215000e-05	-1.645643e-02	9.136260e+00
1.216000e-05	-1.127347e-02	9.210973e+00
1.217000e-05	-7.965828e-03	9.234657e+00
1.218000e-05	-9.175913e-03	9.327319e+00
1.219000e-05	-1.154797e-02	9.434030e+00
1.220000e-05	-1.134789e-02	9.496135e+00
1.221000e-05	-1.153391e-02	9.597417e+00
1.222000e-05	-1.354492e-02	9.643478e+00
1.223000e-05	-1.297589e-02	9.699185e+00
1.224000e-05	-1.746117e-02	9.790344e+00
1.225000e-05	-1.136260e-02	9.872032e+00
1.226000e-05	-5.886493e-03	9.938797e+00
1.227000e-05	-8.278277e-03	1.002002e+01
1.228000e-05	-1.899513e-02	1.002353e+01
1.229000e-05	-1.973815e-02	1.005508e+01
1.230000e-05	-1.256522e-02	1.010721e+01
1.231000e-05	-9.754474e-03	1.017884e+01
1.232000e-05	-1.351947e-02	1.018985e+01
1.233000e-05	-1.751379e-02	1.023150e+01
1.234000e-05	-1.605259e-02	1.024456e+01
1.235000e-05	-1.596391e-02	1.025361e+01
1.236000e-05	-1.466757e-02	1.029511e+01
1.237000e-05	-1.634049e-02	1.031418e+01
1.238000e-05	-1.661609e-02	1.033624e+01
1.239000e-05	-1.361005e-02	1.030779e+01
1.240000e-05	-1.588782e-02	1.035777e+01
1.241000e-05	-1.917709e-02	1.033972e+01
1.242000e-05	-2.238872e-02	1.036782e+01
1.243000e-05	-1.695758e-02	1.033734e+01
1.244000e-05	-1.720001e-02	1.034729e+01
1.245000e-05	-1.825537e-02	1.030731e+01
1.246000e-05	-2.103597e-02	1.030476e+01
1.247000e-05	-2.195918e-02	1.027521e+01
1.248000e-05	-2.210351e-02	1.026316e+01
1.249000e-05	-2.272559e-02	1.022303e+01
1.250000e-05	-2.312811e-02	1.019202e+01
1.251000e-05	-2.360795e-02	1.016892e+01
1.252000e-05	-2.327082e-02	1.014824e+01
1.253000e-05	-2.552509e-02	1.009471e+01
1.254000e-05	-2.729674e-02	1.005466e+01
1.255000e-05	-2.973253e-02	1.004255e+01
1.256000e-05	-2.837089e-02	9.939422e+00
1.257000e-05	-2.794346e-02	9.906218e+00
1.258000e-05	-2.858915e-02	9.825578e+00
1.259000e-05	-3.075520e-02	9.768394e+00
1.260000e-05	-3.104597e-02	9.757636e+00
1.261000e-05	-3.018968e-02	9.622025e+00
1.262000e-05	-3.327955e-02	9.536863e+00
1.263000e-05	-3.237930e-02	9.494087e+00
1.264000e-05	-3.245150e-02	9.349946e+00
1.265000e-05	-3.230299e-02	9.337291e+00
1.266000e-05	-3.496175e-02	9.242605e+00
1.267000e-05	-3.658843e-02	9.189445e+00
1.268000e-05	-3.406647e-02	9.075139e+00
1.269000e-05	-3.491691e-02	8.989967e+00
1.270000e-05	-3.278138e-02	8.874030e+00
1.271000e-05	-3.592835e-02	8.749865e+00
1.272000e-05	-3.501051e-02	8.664085e+00
1.273000e-05	-3.862585e-02	8.538894e+00
1.274000e-05	-3.565158e-02	8.453657e+00
1.275000e-05	-3.630840e-02	8.348894e+00
1.276000e-05	-3.472161e-02	8.232483e+00
1.277000e-05	-3.697157e-02	8.086790e+00
1.278000e-05	-3.391394e-02	8.010374e+00
1.279000e-05	-3.443440e-02	7.834586e+00
1.280000e-05	-3.528367e-02	7.708768e+00
1.281000e-05	-3.526046e-02	7.610523e+00
1.282000e-05	-3.205178e-02	7.435207e+00
1.283000e-05	-3.114183e-02	7.285162e+00
1.284000e-05	-3.099413e-02	7.137794e+00
1.285000e-05	-3.105892e-02	7.020974e+00
1.286000e-05	-3.027216e-02	6.854186e+00
1.287000e-05	-2.822107e-02	6.769870e+00
1.288000e-05	-2.652541e-02	6.579974e+00
1.289000e-05	-2.549863e-02	6.380526e+00
1.290000e-05	-2.401049e-02	6.273108e+00
1.291000e-05	-2.476327e-02	6.106838e+00
1.292000e-05	-2.246992e-02	6.000926e+00
1.293000e-05	-2.155770e-02	5.841554e+00
1.294000e-05	-2.101453e-02	5.642480e+00
1.295000e-05	-1.996874e-02	5.464638e+00
1.296000e-05	-1.780642e-02	5.315287e+00
1.297000e-05	-1.681691e-02	5.097242e+00
1.298000e-05	-1.643494e-02	4.895237e+00
1.299000e-05	-1.537286e-02	4.728315e+00
1.300000e-05	-1.388262e-02	4.556842e+00
1.301000e-05	-1.327877e-02	4.420000e+00
1.302000e-05	-1.292156e-02	4.233160e+00
1.303000e-05	-1.252286e-02	4.041001e+00
1.304000e-05	-1.181525e-02	3.853163e+00
1.305000e-05	-1.159793e-02	3.693239e+00
1.306000e-05	-1.085753e-02	3.528296e+00
1.307000e-05	-9.995717e-03	3.325316e+00
1.308000e-05	-9.235385e-03	3.167391e+00
1.309000e-05	-8.169095e-03	2.959945e+00
1.310000e-05	-9.876322e-03	2.821029e+00
1.311000e-05	-8.436322e-03	2.590603e+00
1.312000e-05	-8.159832e-03	2.370527e+00
1.313000e-05	-7.694664e-03	2.190049e+00
1.314000e-05	-7.196747e-03	2.022134e+00
1.315000e-05	-7.125520e-03	1.894159e+00
1.316000e-05	-6.631817e-03	1.653133e+00
1.317000e-05	-6.911001e-03	1.432634e+00
1.318000e-05	-6.536130e-03	1.283133e+00
1.319000e-05	-5.595066e-03	1.041656e+00
1.320000e-05	-6.070037e-03	8.316488e-01
1.321000e-05	-5.193774e-03	6.515792e-01
1.322000e-05	-5.352512e-03	4.522092e-01
1.323000e-05	-4.337061e-03	2.756856e-01
1.324000e-05	-4.398790e-03	1.270913e-02
1.325000e-05	2.029239e-03	-1.258119e-01
1.326000e-05	4.788528e-04	-3.031342e-01
1.327000e-05	-1.793526e-04	-4.025524e-01
1.328000e-05	-1.284748e-03	-6.720274e-01
1.329000e-05	-2.580583e-03	-8.415264e-01
1.330000e-05	-1.890898e-03	-9.579459e-01
1.331000e-05	3.182029e-03	-1.156843e+00
1.332000e-05	2.200264e-02	-1.295361e+00
1.333000e-05	9.209413e-02	-1.567892e+00
1.334000e-05	-4.801839e-02	-1.788372e+00
1.335000e-05	-2.757536e-02	-2.031024e+00
1.336000e-05	-5.953587e-02	-2.320712e+00
1.337000e-05	-8.360246e-02	-2.422056e+00
1.338000e-05	1.478553e-01	-2.495212e+00
1.339000e-05	1.018157e-02	-2.642557e+00
1.340000e-05	-1.341782e-01	-2.893107e+00
1.341000e-05	1.723236e-01	-3.052044e+00
1.342000e-05	-1.243125e-01	-3.221480e+00
1.343000e-05	-4.038076e-02	-3.421484e+00
1.344000e-05	1.618945e-01	-3.577844e+00
1.345000e-05	-1.433684e-01	-3.818942e+00
1.346000e-05	2.168402e-02	-3.968424e+00
1.347000e-05	1.274115e-01	-4.085712e+00
1.348000e-05	-1.031092e-01	-4.376336e+00
1.349000e-05	9.125161e-02	-4.433555e+00
1.350000e-05	-1.299208e-01	-4.632455e+00
1.351000e-05	8.741684e-03	-4.842100e+00
1.352000e-05	1.428666e-01	-4.970022e+00
1.353000e-05	-9.938873e-02	-5.219422e+00
1.354000e-05	6.574825e-02	-5.406872e+00
1.355000e-05	-5.823763e-02	-5.580392e+00
1.356000e-05	2.098078e-02	-5.765821e+00
1.357000e-05	3.700480e-02	-5.854156e+00
1.358000e-05	-7.340373e-02	-6.021550e+00
1.359000e-05	1.084319e-01	-6.210867e+00
1.360000e-05	-8.368501e-02	-6.378896e+00
1.361000e-05	3.306711e-02	-6.545238e+00
1.362000e-05	3.200943e-02	-6.663129e+00
1.363000e-05	-4.623336e-02	-6.820950e+00
1.364000e-05	6.214382e-02	-6.956342e+00
1.365000e-05	-7.240322e-02	-7.154691e+00
1.366000e-05	7.918818e-02	-7.252482e+00
1.367000e-05	-1.076192e-02	-7.410397e+00
1.368000e-05	-1.548200e-02	-7.546763e+00
1.369000e-05	1.798567e-02	-7.675507e+00
1.370000e-05	-2.564674e-02	-7.864055e+00
1.371000e-05	5.359209e-02	-7.998951e+00
1.372000e-05	-3.267083e-02	-8.094686e+00
1.373000e-05	3.939882e-02	-8.240974e+00
1.374000e-05	-1.239590e-03	-8.336286e+00
1.375000e-05	-1.236002e-02	-8.452002e+00
1.376000e-05	1.130772e-02	-8.516260e+00
1.377000e-05	-3.225609e-03	-8.694537e+00
1.378000e-05	4.234137e-02	-8.818426e+00
1.379000e-05	-2.379414e-02	-8.872607e+00
1.380000e-05	1.343368e-02	-8.979296e+00
1.381000e-05	2.495533e-03	-9.083126e+00
1.382000e-05	1.551458e-02	-9.188319e+00
1.383000e-05	5.450311e-03	-9.231475e+00
1.384000e-05	-3.030975e-03	-9.308057e+00
1.385000e-05	1.906271e-02	-9.419940e+00
1.386000e-05	1.126798e-03	-9.526142e+00
1.387000e-05	1.412822e-02	-9.629349e+00
1.388000e-05	-9.311130e-04	-9.653531e+00
1.389000e-05	5.487212e-03	-9.715685e+00
1.390000e-05	2.908370e-03	-9.797820e+00
1.391000e-05	1.796586e-02	-9.822078e+00
1.392000e-05	1.751820e-02	-9.915584e+00
1.393000e-05	1.924125e-03	-9.927242e+00
1.394000e-05	7.640531e-04	-9.988922e+00
1.395000e-05	7.181056e-03	-1.003193e+01
1.396000e-05	1.934522e-02	-1.002305e+01
1.397000e-05	9.749630e-03	-1.013461e+01
1.398000e-05	5.168397e-03	-1.011921e+01
1.399000e-05	6.673117e-03	-1.017079e+01
1.400000e-05	1.149679e-02	-1.025142e+01
1.401000e-05	1.276294e-02	-1.030293e+01
1.402000e-05	8.235807e-03	-1.025561e+01
1.403000e-05	8.387668e-03	-1.032511e+01
1.404000e-05	1.196919e-02	-1.031822e+01
1.405000e-05	1.426289e-02	-1.035774e+01
1.406000e-05	1.040548e-02	-1.037787e+01
1.407000e-05	8.705794e-03	-1.037827e+01
1.408000e-05	9.787155e-03	-1.036927e+01
1.409000e-05	1.299101e-02	-1.035869e+01
1.410000e-05	1.614689e-02	-1.034879e+01
1.411000e-05	1.688262e-02	-1.034469e+01
1.412000e-05	1.431571e-02	-1.035769e+01
1.413000e-05	1.175215e-02	-1.030308e+01
1.414000e-05	1.391149e-02	-1.026550e+01
1.415000e-05	1.906115e-02	-1.024098e+01
1.416000e-05	1.967202e-02	-1.020030e+01
1.417000e-05	1.735470e-02	-1.015671e+01
1.418000e-05	1.879463e-02	-1.008468e+01
1.419000e-05	1.949380e-02	-1.009401e+01
1.420000e-05	1.935622e-02	-9.999953e+00
1.421000e-05	2.051066e-02	-1.000077e+01
1.422000e-05	2.238044e-02	-9.926287e+00
1.423000e-05	2.385419e-02	-9.855182e+00
1.424000e-05	2.256529e-02	-9.841926e+00
1.425000e-05	2.431382e-02	-9.759916e+00
1.426000e-05	2.463999e-02	-9.685160e+00
1.427000e-05	2.401202e-02	-9.652554e+00
1.428000e-05	2.426275e-02	-9.578945e+00
1.429000e-05	2.668127e-02	-9.526765e+00
1.430000e-05	2.829692e-02	-9.442527e+00
1.431000e-05	2.777088e-02	-9.327762e+00
1.432000e-05	2.654253e-02	-9.242898e+00
1.433000e-05	2.613130e-02	-9.167267e+00
1.434000e-05	2.840663e-02	-9.073936e+00
1.435000e-05	2.980023e-02	-8.979344e+00
1.436000e-05	3.014914e-02	-8.873085e+00
1.437000e-05	2.876028e-02	-8.809522e+00
1.438000e-05	2.724373e-02	-8.726211e+00
1.439000e-05	2.892479e-02	-8.567860e+00
1.440000e-05	2.978182e-02	-8.452025e+00
1.441000e-05	2.962572e-02	-8.317267e+00
1.442000e-05	2.804543e-02	-8.240507e+00
1.443000e-05	2.850818e-02	-8.166712e+00
1.444000e-05	2.788841e-02	-8.011525e+00
1.445000e-05	2.796349e-02	-7.874163e+00
1.446000e-05	2.743505e-02	-7.733214e+00
1.447000e-05	2.528325e-02	-7.578866e+00
1.448000e-05	2.618927e-02	-7.461951e+00
1.449000e-05	2.842849e-02	-7.317186e+00
1.450000e-05	2.374524e-02	-7.200342e+00
1.451000e-05	2.323074e-02	-7.053430e+00
1.452000e-05	2.028571e-02	-6.862079e+00
1.453000e-05	2.398445e-02	-6.737265e+00
1.454000e-05	2.122975e-02	-6.610424e+00
1.455000e-05	2.044412e-02	-6.462105e+00
1.456000e-05	1.718843e-02	-6.307161e+00
1.457000e-05	1.635125e-02	-6.104740e+00
1.458000e-05	1.449069e-02	-5.968871e+00
1.459000e-05	1.475974e-02	-5.840504e+00
1.460000e-05	1.250398e-02	-5.704707e+00
1.461000e-05	1.319328e-02	-5.503685e+00
1.462000e-05	1.254786e-02	-5.283038e+00
1.463000e-05	1.190059e-02	-5.074736e+00
1.464000e-05	8.336229e-03	-4.938742e+00
1.465000e-05	7.968908e-03	-4.654287e+00
1.466000e-05	4.215955e-03	-4.547318e+00
1.467000e-05	7.325944e-03	-4.410976e+00
1.468000e-05	2.921646e-03	-4.212581e+00
1.469000e-05	4.980071e-03	-4.044637e+00
1.470000e-05	3.571157e-03	-3.945842e+00
1.471000e-05	5.553502e-03	-3.684741e+00
1.472000e-05	4.262082e-03	-3.547769e+00
1.473000e-05	4.961117e-03	-3.358871e+00
1.474000e-05	2.896525e-03	-3.210925e+00
1.475000e-05	9.303050e-04	-3.049353e+00
1.476000e-05	-1.550880e-03	-2.801451e+00
1.477000e-05	-2.099572e-03	-2.612055e+00
1.478000e-05	-2.284355e-03	-2.440557e+00
1.479000e-05	-2.146943e-04	-2.194111e+00
1.480000e-05	1.970547e-03	-2.022604e+00
1.481000e-05	1.951525e-03	-1.873189e+00
1.482000e-05	-6.791082e-04	-1.702218e+00
1.483000e-05	-6.853896e-04	-1.496338e+00
1.484000e-05	-1.921075e-03	-1.271685e+00
1.485000e-05	-4.113592e-03	-1.062107e+00
1.486000e-05	-4.434930e-03	-8.827068e-01
1.487000e-05	-2.452589e-03	-7.341894e-01
1.488000e-05	-2.131826e-03	-4.931332e-01
1.489000e-05	-2.247244e-03	-3.047643e-01
1.490000e-05	-1.177264e-03	-1.252158e-01
1.491000e-05	3.866116e-03	4.207890e-02
1.492000e-05	2.262493e-03	2.737091e-01
1.493000e-05	-2.023553e-03	4.730578e-01
1.494000e-05	7.831597e-04	6.200486e-01
1.495000e-05	-3.914934e-03	8.123974e-01
1.496000e-05	-2.647434e-03	8.758120e-01
1.497000e-05	-2.225367e-03	1.168473e+00
1.498000e-05	5.880726e-03	1.346822e+00
1.499000e-05	3.618179e-02	1.569466e+00
1.500000e-05	6.279530e-02	1.823000e+00
1.501000e-05	-4.936393e-02	2.020976e+00
1.502000e-05	-3.797653e-02	2.189922e+00
1.503000e-05	-4.695910e-02	2.368473e+00
1.504000e-05	-7.216372e-02	2.486183e+00
1.505000e-05	7.335030e-02	2.643703e+00
1.506000e-05	8.794636e-02	2.794079e+00
1.507000e-05	-1.655513e-01	2.989472e+00
1.508000e-05	1.340658e-01	3.107372e+00
1.509000e-05	-3.212727e-02	3.360421e+00
1.510000e-05	-7.673906e-02	3.559421e+00
1.511000e-05	1.041678e-01	3.683662e+00
1.512000e-05	-5.211520e-02	3.876238e+00
1.513000e-05	-5.799601e-02	4.073711e+00
1.514000e-05	8.940790e-02	4.234103e+00
1.515000e-05	-4.228520e-02	4.433179e+00
1.516000e-05	2.042301e-03	4.610475e+00
1.517000e-05	-3.627238e-02	4.794046e+00
1.518000e-05	-3.457763e-02	5.010402e+00
1.519000e-05	5.328476e-02	5.252551e+00
1.520000e-05	-3.907573e-03	5.411076e+00
1.521000e-05	1.793328e-03	5.538868e+00
1.522000e-05	-4.021808e-02	5.735813e+00
1.523000e-05	1.189743e-02	5.934660e+00
1.524000e-05	-7.844017e-03	6.073109e+00
1.525000e-05	-2.637460e-02	6.224450e+00
1.526000e-05	3.120884e-02	6.368318e+00
1.527000e-05	-3.251449e-02	6.466211e+00
1.528000e-05	3.804924e-05	6.714735e+00
1.529000e-05	-5.287232e-03	6.842553e+00
1.530000e-05	-2.104281e-02	6.969372e+00
1.531000e-05	2.788129e-03	7.097339e+00
1.532000e-05	-1.010069e-02	7.241484e+00
1.533000e-05	3.650655e-03	7.359297e+00
1.534000e-05	-1.201288e-02	7.538918e+00
1.535000e-05	-1.520353e-02	7.685659e+00
1.536000e-05	-8.926941e-03	7.833528e+00
1.537000e-05	-1.047019e-02	8.019970e+00
1.538000e-05	-1.148206e-03	8.136338e+00
1.539000e-05	-1.477034e-02	8.232578e+00
1.540000e-05	-3.939969e-03	8.368845e+00
1.541000e-05	-8.144109e-04	8.462633e+00
1.542000e-05	-1.807998e-02	8.517792e+00
1.543000e-05	-1.628291e-02	8.643132e+00
1.544000e-05	-1.362011e-02	8.768797e+00
1.545000e-05	3.112462e-03	8.801000e+00
1.546000e-05	-9.188274e-03	8.889238e+00
1.547000e-05	-1.681349e-02	9.014103e+00
1.548000e-05	-1.334133e-02	9.158391e+00
1.549000e-05	-1.037657e-02	9.232054e+00
1.550000e-05	-5.657500e-03	9.306214e+00
1.551000e-05	-1.366157e-02	9.360496e+00
1.552000e-05	-8.183109e-03	9.455078e+00
1.553000e-05	-1.402938e-02	9.546321e+00
1.554000e-05	-1.256682e-02	9.611426e+00
1.555000e-05	-1.514099e-02	9.665107e+00
1.556000e-05	-1.505201e-02	9.718794e+00
1.557000e-05	-1.437655e-02	9.831605e+00
1.558000e-05	-8.624071e-03	9.926812e+00
1.559000e-05	-6.645925e-03	9.969922e+00
1.560000e-05	-1.519777e-02	1.001150e+01
1.561000e-05	-1.757887e-02	1.004511e+01
1.562000e-05	-1.569654e-02	1.008616e+01
1.563000e-05	-1.008738e-02	1.014882e+01
1.564000e-05	-1.340109e-02	1.014942e+01
1.565000e-05	-1.709937e-02	1.018052e+01
1.566000e-05	-1.528879e-02	1.020350e+01
1.567000e-05	-1.679761e-02	1.026216e+01
1.568000e-05	-1.398656e-02	1.032561e+01
1.569000e-05	-1.694728e-02	1.028474e+01
1.570000e-05	-1.539479e-02	1.033524e+01
1.571000e-05	-1.457205e-02	1.031679e+01
1.572000e-05	-1.382894e-02	1.032534e+01
1.573000e-05	-2.063433e-02	1.036889e+01
1.574000e-05	-2.255217e-02	1.037777e+01
1.575000e-05	-1.815587e-02	1.031789e+01
1.576000e-05	-1.630297e-02	1.031729e+01
1.577000e-05	-1.774463e-02	1.029681e+01
1.578000e-05	-2.019957e-02	1.032727e+01
1.579000e-05	-2.057182e-02	1.029471e+01
1.580000e-05	-2.318104e-02	1.030478e+01
1.581000e-05	-2.292806e-02	1.022510e+01
1.582000e-05	-2.412617e-02	1.019003e+01
1.583000e-05	-2.263127e-02	1.020044e+01
1.584000e-05	-2.406183e-02	1.019935e+01
1.585000e-05	-2.514363e-02	1.012674e+01
1.586000e-05	-2.694649e-02	1.006518e+01
1.587000e-05	-2.883616e-02	1.005160e+01
1.588000e-05	-2.820513e-02	1.001097e+01
1.589000e-05	-2.778807e-02	9.949916e+00
1.590000e-05	-2.751169e-02	9.864658e+00
1.591000e-05	-3.019987e-02	9.792973e+00
1.592000e-05	-3.172428e-02	9.709263e+00
1.593000e-05	-3.209474e-02	9.613030e+00
1.594000e-05	-3.355052e-02	9.570022e+00
1.595000e-05	-3.299398e-02	9.506762e+00
1.596000e-05	-3.304939e-02	9.482556e+00
1.597000e-05	-3.138442e-02	9.368319e+00
1.598000e-05	-3.480625e-02	9.284713e+00
1.599000e-05	-3.541500e-02	9.212000e+00
1.600000e-05	-3.619917e-02	9.156112e+00
1.601000e-05	-3.486077e-02	8.984604e+00
1.602000e-05	-3.563605e-02	8.894766e+00
1.603000e-05	-3.518704e-02	8.810973e+00
1.604000e-05	-3.552923e-02	8.695711e+00
1.605000e-05	-3.681447e-02	8.610927e+00
1.606000e-05	-3.627180e-02	8.516763e+00
1.607000e-05	-3.533143e-02	8.422002e+00
1.608000e-05	-3.560290e-02	8.285763e+00
1.609000e-05	-3.558242e-02	8.147900e+00
1.610000e-05	-3.319884e-02	8.003680e+00
1.611000e-05	-3.501367e-02	7.936788e+00
1.612000e-05	-3.476943e-02	7.788924e+00
1.613000e-05	-3.582527e-02	7.663184e+00
1.614000e-05	-3.338047e-02	7.526263e+00
1.615000e-05	-3.311621e-02	7.380423e+00
1.616000e-05	-3.038119e-02	7.220472e+00
1.617000e-05	-2.987448e-02	7.074610e+00
1.618000e-05	-3.016883e-02	6.957392e+00
1.619000e-05	-2.974825e-02	6.810001e+00
1.620000e-05	-2.715968e-02	6.663158e+00
1.621000e-05	-2.541582e-02	6.423633e+00
1.622000e-05	-2.473430e-02	6.316264e+00
1.623000e-05	-2.491037e-02	6.199969e+00
1.624000e-05	-2.302232e-02	6.032657e+00
1.625000e-05	-2.268102e-02	5.917769e+00
1.626000e-05	-2.132442e-02	5.705941e+00
1.627000e-05	-1.921931e-02	5.547345e+00
1.628000e-05	-1.781322e-02	5.420522e+00
1.629000e-05	-1.760117e-02	5.221478e+00
1.630000e-05	-1.746830e-02	4.980948e+00
1.631000e-05	-1.611494e-02	4.829899e+00
1.632000e-05	-1.435482e-02	4.622553e+00
1.633000e-05	-1.376528e-02	4.463184e+00
1.634000e-05	-1.300693e-02	4.327342e+00
1.635000e-05	-1.225853e-02	4.094313e+00
1.636000e-05	-1.102568e-02	3.945838e+00
1.637000e-05	-1.242907e-02	3.767368e+00
1.638000e-05	-1.091784e-02	3.620549e+00
1.639000e-05	-1.026981e-02	3.412952e+00
1.640000e-05	-9.435670e-03	3.202503e+00
1.641000e-05	-8.623897e-03	3.042658e+00
1.642000e-05	-8.633026e-03	2.873684e+00
1.643000e-05	-9.586943e-03	2.714292e+00
1.644000e-05	-1.040137e-02	2.434713e+00
1.645000e-05	-8.121214e-03	2.243713e+00
1.646000e-05	-6.554102e-03	2.135713e+00
1.647000e-05	-6.027940e-03	1.947321e+00
1.648000e-05	-6.146113e-03	1.746842e+00
1.649000e-05	-7.580865e-03	1.567940e+00
1.650000e-05	-6.368760e-03	1.327893e+00
1.651000e-05	-6.306882e-03	1.148447e+00
1.652000e-05	-5.763038e-03	9.058933e-01
1.653000e-05	-5.163304e-03	7.347933e-01
1.654000e-05	-4.147634e-03	5.568684e-01
1.655000e-05	-5.099880e-03	3.699735e-01
1.656000e-05	-5.489778e-03	1.375286e-01
1.657000e-05	-8.179939e-04	-5.170627e-02
1.658000e-05	3.632125e-03	-1.900011e-01
1.659000e-05	-3.281962e-03	-3.780209e-01
1.660000e-05	1.274197e-03	-5.657623e-01
1.661000e-05	-3.885382e-03	-7.464421e-01
1.662000e-05	8.563674e-05	-9.171906e-01
1.663000e-05	-2.365786e-03	-1.074607e+00
1.664000e-05	8.931998e-03	-1.224607e+00
1.665000e-05	6.757442e-02	-1.473656e+00
1.666000e-05	2.638777e-02	-1.664211e+00
1.667000e-05	-6.561434e-02	-1.915263e+00
1.668000e-05	-1.868256e-02	-2.227463e+00
1.669000e-05	-9.547937e-02	-2.379497e+00
1.670000e-05	4.007132e-02	-2.453109e+00
1.671000e-05	1.445136e-01	-2.577416e+00
1.672000e-05	-1.603762e-01	-2.787418e+00
1.673000e-05	1.064291e-01	-3.011774e+00
1.674000e-05	5.629123e-02	-3.176290e+00
1.675000e-05	-1.702513e-01	-3.366316e+00
1.676000e-05	1.449588e-01	-3.515737e+00
1.677000e-05	3.105318e-03	-3.693527e+00
1.678000e-05	-1.376319e-01	-3.936738e+00
1.679000e-05	1.683761e-01	-4.051003e+00
1.680000e-05	-7.058213e-02	-4.190978e+00
1.681000e-05	2.622675e-02	-4.390451e+00
1.682000e-05	-1.149218e-03	-4.546711e+00
1.683000e-05	-1.355614e-01	-4.799270e+00
1.684000e-05	1.618052e-01	-4.946714e+00
1.685000e-05	-2.585231e-02	-5.083682e+00
1.686000e-05	-1.940466e-02	-5.245110e+00
1.687000e-05	3.174599e-02	-5.464124e+00
1.688000e-05	-6.986209e-02	-5.693480e+00
1.689000e-05	9.824090e-02	-5.821473e+00
1.690000e-05	-8.083003e-02	-5.977791e+00
1.691000e-05	5.450290e-02	-6.085088e+00
1.692000e-05	2.034827e-02	-6.294635e+00
1.693000e-05	-6.740758e-02	-6.451604e+00
1.694000e-05	9.735283e-02	-6.588398e+00
1.695000e-05	-6.989627e-02	-6.737792e+00
1.696000e-05	5.008234e-02	-6.851655e+00
1.697000e-05	-2.511396e-02	-7.044030e+00
1.698000e-05	-1.531783e-03	-7.230526e+00
1.699000e-05	7.012710e-02	-7.357817e+00
1.700000e-05	-6.130844e-02	-7.484083e+00
1.701000e-05	4.181822e-02	-7.610974e+00
1.702000e-05	-3.806307e-02	-7.749819e+00
1.703000e-05	3.907076e-02	-7.978321e+00
1.704000e-05	1.984794e-03	-8.032530e+00
1.705000e-05	-3.439098e-03	-8.187791e+00
1.706000e-05	4.257339e-02	-8.292011e+00
1.707000e-05	-3.464290e-02	-8.399896e+00
1.708000e-05	2.123468e-02	-8.475604e+00
1.709000e-05	-1.673820e-02	-8.642408e+00
1.710000e-05	3.942658e-02	-8.785841e+00
1.711000e-05	8.685854e-04	-8.813581e+00
1.712000e-05	-7.348158e-03	-8.957163e+00
1.713000e-05	1.446150e-02	-9.000550e+00
1.714000e-05	1.846992e-03	-9.115687e+00
1.715000e-05	1.975759e-02	-9.159950e+00
1.716000e-05	-9.088621e-03	-9.242578e+00
1.717000e-05	1.819173e-02	-9.348291e+00
1.718000e-05	4.998215e-03	-9.491556e+00
1.719000e-05	9.897316e-03	-9.557872e+00
1.720000e-05	6.044345e-03	-9.630978e+00
1.721000e-05	1.301817e-03	-9.714656e+00
1.722000e-05	4.575850e-03	-9.767738e+00
1.723000e-05	8.703675e-03	-9.809921e+00
1.724000e-05	2.347392e-02	-9.864054e+00
1.725000e-05	6.303986e-03	-9.937687e+00
1.726000e-05	1.024493e-03	-9.976845e+00
1.727000e-05	1.571095e-03	-9.989897e+00
1.728000e-05	1.569490e-02	-1.002303e+01
1.729000e-05	1.477158e-02	-1.007408e+01
1.730000e-05	6.260632e-03	-1.013666e+01
1.731000e-05	5.250841e-03	-1.016016e+01
1.732000e-05	8.600163e-03	-1.022940e+01
1.733000e-05	1.291772e-02	-1.026100e+01
1.734000e-05	1.042146e-02	-1.025248e+01
1.735000e-05	7.936964e-03	-1.032523e+01
1.736000e-05	9.590549e-03	-1.031764e+01
1.737000e-05	1.507993e-02	-1.036432e+01
1.738000e-05	1.258287e-02	-1.034772e+01
1.739000e-05	9.181903e-03	-1.039929e+01
1.740000e-05	7.717240e-03	-1.038835e+01
1.741000e-05	1.162315e-02	-1.036737e+01
1.742000e-05	1.556670e-02	-1.035779e+01
1.743000e-05	1.695888e-02	-1.035729e+01
1.744000e-05	1.513481e-02	-1.033471e+01
1.745000e-05	1.186840e-02	-1.028506e+01
1.746000e-05	1.344060e-02	-1.027413e+01
1.747000e-05	1.683076e-02	-1.025443e+01
1.748000e-05	1.989496e-02	-1.018292e+01
1.749000e-05	1.754945e-02	-1.016877e+01
1.750000e-05	1.778724e-02	-1.011516e+01
1.751000e-05	2.017406e-02	-1.007416e+01
1.752000e-05	2.021825e-02	-1.004098e+01
1.753000e-05	1.942742e-02	-9.989423e+00
1.754000e-05	2.199329e-02	-9.966842e+00
1.755000e-05	2.417982e-02	-9.895138e+00
1.756000e-05	2.420711e-02	-9.845075e+00
1.757000e-05	2.258241e-02	-9.799897e+00
1.758000e-05	2.429930e-02	-9.727813e+00
1.759000e-05	2.456414e-02	-9.673182e+00
1.760000e-05	2.564799e-02	-9.591405e+00
1.761000e-05	2.639905e-02	-9.537392e+00
1.762000e-05	2.805561e-02	-9.485037e+00
1.763000e-05	2.758214e-02	-9.379870e+00
1.764000e-05	2.674100e-02	-9.254060e+00
1.765000e-05	2.624049e-02	-9.220895e+00
1.766000e-05	2.753758e-02	-9.064637e+00
1.767000e-05	2.929602e-02	-8.980879e+00
1.768000e-05	2.905330e-02	-8.926209e+00
1.769000e-05	2.945310e-02	-8.841003e+00
1.770000e-05	2.812501e-02	-8.728746e+00
1.771000e-05	2.893273e-02	-8.641000e+00
1.772000e-05	2.993237e-02	-8.474262e+00
1.773000e-05	2.972455e-02	-8.380370e+00
1.774000e-05	2.832508e-02	-8.285609e+00
1.775000e-05	2.884474e-02	-8.147817e+00
1.776000e-05	2.829007e-02	-8.054581e+00
1.777000e-05	2.800882e-02	-7.918770e+00
1.778000e-05	2.774402e-02	-7.779953e+00
1.779000e-05	2.580496e-02	-7.631001e+00
1.780000e-05	2.568390e-02	-7.476285e+00
1.781000e-05	2.681198e-02	-7.356821e+00
1.782000e-05	2.581643e-02	-7.231430e+00
1.783000e-05	2.374555e-02	-7.066188e+00
1.784000e-05	2.246418e-02	-6.895815e+00
1.785000e-05	2.166229e-02	-6.799872e+00
1.786000e-05	2.170205e-02	-6.653508e+00
1.787000e-05	2.019390e-02	-6.514213e+00
1.788000e-05	1.805206e-02	-6.398874e+00
1.789000e-05	1.760920e-02	-6.211472e+00
1.790000e-05	1.602061e-02	-6.030003e+00
1.791000e-05	1.443526e-02	-5.892611e+00
1.792000e-05	1.356385e-02	-5.695265e+00
1.793000e-05	1.293729e-02	-5.538825e+00
1.794000e-05	1.119445e-02	-5.407375e+00
1.795000e-05	1.065350e-02	-5.210522e+00
1.796000e-05	9.803995e-03	-5.020428e+00
1.797000e-05	7.619427e-03	-4.819851e+00
1.798000e-05	5.496987e-03	-4.588951e+00
1.799000e-05	6.948753e-03	-4.455133e+00
1.800000e-05	6.489319e-03	-4.296315e+00
1.801000e-05	5.241405e-03	-4.168920e+00
1.802000e-05	3.580248e-03	-3.991451e+00
1.803000e-05	4.031354e-03	-3.859527e+00
1.804000e-05	2.157372e-03	-3.612498e+00
1.805000e-05	2.845594e-03	-3.422110e+00
1.806000e-05	1.833103e-03	-3.252684e+00
1.807000e-05	3.661212e-03	-3.124163e+00
1.808000e-05	-4.526033e-04	-2.883682e+00
1.809000e-05	1.035364e-03	-2.705291e+00
1.810000e-05	-2.197932e-03	-2.484765e+00
1.811000e-05	7.898679e-04	-2.387842e+00
1.812000e-05	-6.982615e-04	-2.136218e+00
1.813000e-05	1.021137e-03	-1.958344e+00
1.814000e-05	-1.348657e-03	-1.768426e+00
1.815000e-05	1.022969e-04	-1.621007e+00
1.816000e-05	-2.334605e-03	-1.387324e+00
1.817000e-05	-8.321338e-04	-1.137816e+00
1.818000e-05	-3.072243e-03	-9.763449e-01
1.819000e-05	-2.218399e-03	-7.589998e-01
1.820000e-05	-3.222348e-03	-5.959003e-01
1.821000e-05	-1.626230e-03	-3.883987e-01
1.822000e-05	-3.206987e-03	-2.199763e-01
1.823000e-05	9.056160e-04	1.444745e-03
1.824000e-05	4.584534e-03	1.479694e-01
1.825000e-05	-2.042425e-03	3.789449e-01
1.826000e-05	1.911518e-03	5.263144e-01
1.827000e-05	-2.824432e-03	6.762404e-01
1.828000e-05	-1.751919e-03	8.901779e-01
1.829000e-05	-3.468895e-03	1.074083e+00
1.830000e-05	3.337999e-03	1.265155e+00
1.831000e-05	1.421043e-02	1.501529e+00
1.832000e-05	6.877142e-02	1.744807e+00
1.833000e-05	-7.345584e-04	1.936839e+00
1.834000e-05	-5.080641e-02	2.126262e+00
1.835000e-05	-3.649201e-02	2.325262e+00
1.836000e-05	-6.298654e-02	2.451576e+00
1.837000e-05	-2.498226e-02	2.568444e+00
1.838000e-05	1.638032e-01	2.807421e+00
1.839000e-05	-1.156856e-01	2.966839e+00
1.840000e-05	-5.912360e-03	3.085107e+00
1.841000e-05	1.005222e-01	3.237153e+00
1.842000e-05	-1.136970e-01	3.504212e+00
1.843000e-05	4.479890e-02	3.621100e+00
1.844000e-05	5.381173e-02	3.791947e+00
1.845000e-05	-1.245877e-01	4.009446e+00
1.846000e-05	7.447678e-02	4.188922e+00
1.847000e-05	9.787513e-03	4.407896e+00
1.848000e-05	-2.820953e-02	4.547744e+00
1.849000e-05	-2.996712e-03	4.715833e+00
1.850000e-05	-6.327178e-02	4.936882e+00
1.851000e-05	3.790217e-02	5.135869e+00
1.852000e-05	1.752485e-02	5.317337e+00
1.853000e-05	4.630399e-04	5.486683e+00
1.854000e-05	-2.532408e-02	5.631103e+00
1.855000e-05	-1.310776e-02	5.831048e+00
1.856000e-05	1.212894e-02	5.980999e+00
1.857000e-05	-3.037682e-02	6.118337e+00
1.858000e-05	1.357709e-02	6.296213e+00
1.859000e-05	3.065843e-03	6.413080e+00
1.860000e-05	-3.357596e-02	6.609847e+00
1.861000e-05	1.534784e-02	6.790395e+00
1.862000e-05	-2.635306e-02	6.946738e+00
1.863000e-05	-2.658552e-03	7.032501e+00
1.864000e-05	-3.261411e-03	7.167846e+00
1.865000e-05	-8.746909e-03	7.286688e+00
1.866000e-05	5.075912e-03	7.441605e+00
1.867000e-05	-2.491585e-02	7.661579e+00
1.868000e-05	-1.557308e-03	7.750397e+00
1.869000e-05	-1.907315e-02	7.907211e+00
1.870000e-05	2.246136e-03	8.063209e+00
1.871000e-05	-1.029510e-02	8.209546e+00
1.872000e-05	-8.604701e-03	8.286187e+00
1.873000e-05	1.170975e-03	8.380527e+00
1.874000e-05	-1.644250e-02	8.506238e+00
1.875000e-05	-1.511401e-02	8.590417e+00
1.876000e-05	-1.854448e-02	8.704733e+00
1.877000e-05	1.655945e-03	8.799475e+00
1.878000e-05	-5.405606e-03	8.854582e+00
1.879000e-05	-1.372076e-02	8.971367e+00
1.880000e-05	-1.644108e-02	9.146337e+00
1.881000e-05	-1.006260e-02	9.231953e+00
1.882000e-05	-6.142805e-03	9.285129e+00
1.883000e-05	-1.206073e-02	9.378846e+00
1.884000e-05	-1.134094e-02	9.442004e+00
1.885000e-05	-1.162135e-02	9.475264e+00
1.886000e-05	-1.074181e-02	9.608922e+00
1.887000e-05	-1.458400e-02	9.654103e+00
1.888000e-05	-1.463460e-02	9.708690e+00
1.889000e-05	-1.627983e-02	9.802000e+00
1.890000e-05	-9.239768e-03	9.913638e+00
1.891000e-05	-5.250351e-03	9.978413e+00
1.892000e-05	-1.221340e-02	9.999999e+00
1.893000e-05	-1.815463e-02	1.004355e+01
1.894000e-05	-1.859334e-02	1.009471e+01
1.895000e-05	-1.018652e-02	1.009679e+01
1.896000e-05	-1.088337e-02	1.013782e+01
1.897000e-05	-1.522196e-02	1.018980e+01
1.898000e-05	-1.752326e-02	1.022247e+01
1.899000e-05	-1.453189e-02	1.024299e+01
1.900000e-05	-1.421246e-02	1.026619e+01
1.901000e-05	-1.564844e-02	1.029714e+01
1.902000e-05	-1.666535e-02	1.032579e+01
1.903000e-05	-1.672035e-02	1.031632e+01
1.904000e-05	-1.184544e-02	1.036732e+01
1.905000e-05	-1.708605e-02	1.032882e+01
1.906000e-05	-2.002258e-02	1.034784e+01
1.907000e-05	-2.253752e-02	1.029686e+01
1.908000e-05	-1.632881e-02	1.036782e+01
1.909000e-05	-1.724697e-02	1.032784e+01
1.910000e-05	-1.903749e-02	1.029621e+01
1.911000e-05	-2.205265e-02	1.027576e+01
1.912000e-05	-2.190969e-02	1.028469e+01
1.913000e-05	-2.166557e-02	1.021411e+01
1.914000e-05	-2.487758e-02	1.024356e+01
1.915000e-05	-2.246638e-02	1.023200e+01
1.916000e-05	-2.396709e-02	1.016789e+01
1.917000e-05	-2.392710e-02	1.012779e+01
1.918000e-05	-2.693741e-02	1.008518e+01
1.919000e-05	-2.769625e-02	1.007461e+01
1.920000e-05	-2.805792e-02	1.002155e+01
1.921000e-05	-2.862605e-02	9.960423e+00
1.922000e-05	-2.710299e-02	9.946188e+00
1.923000e-05	-2.958861e-02	9.853482e+00
1.924000e-05	-3.019030e-02	9.799795e+00
1.925000e-05	-3.195581e-02	9.685611e+00
1.926000e-05	-3.194572e-02	9.622424e+00
1.927000e-05	-3.318619e-02	9.515320e+00
1.928000e-05	-3.255269e-02	9.454161e+00
1.929000e-05	-3.247501e-02	9.399399e+00
1.930000e-05	-3.205962e-02	9.308290e+00
1.931000e-05	-3.455968e-02	9.243531e+00
1.932000e-05	-3.695260e-02	9.188797e+00
1.933000e-05	-3.562336e-02	9.065159e+00
1.934000e-05	-3.469257e-02	8.967797e+00
1.935000e-05	-3.255896e-02	8.833151e+00
1.936000e-05	-3.568012e-02	8.746818e+00
1.937000e-05	-3.671653e-02	8.645086e+00
1.938000e-05	-3.753036e-02	8.537868e+00
1.939000e-05	-3.498609e-02	8.473579e+00
1.940000e-05	-3.603241e-02	8.358894e+00
1.941000e-05	-3.561592e-02	8.213013e+00
1.942000e-05	-3.474252e-02	8.094265e+00
1.943000e-05	-3.405541e-02	7.969846e+00
1.944000e-05	-3.420175e-02	7.832584e+00
1.945000e-05	-3.489597e-02	7.696216e+00
1.946000e-05	-3.510243e-02	7.611374e+00
1.947000e-05	-3.236071e-02	7.459026e+00
1.948000e-05	-3.036561e-02	7.303634e+00
1.949000e-05	-2.917366e-02	7.138344e+00
1.950000e-05	-3.005835e-02	7.008929e+00
1.951000e-05	-3.008356e-02	6.862133e+00
1.952000e-05	-2.842184e-02	6.727815e+00
1.953000e-05	-2.650956e-02	6.558297e+00
1.954000e-05	-2.515670e-02	6.389999e+00
1.955000e-05	-2.451045e-02	6.253058e+00
1.956000e-05	-2.398910e-02	6.086237e+00
1.957000e-05	-2.311179e-02	6.000346e+00
1.958000e-05	-2.197940e-02	5.821908e+00
1.959000e-05	-2.034524e-02	5.599476e+00
1.960000e-05	-1.937838e-02	5.463137e+00
1.961000e-05	-1.773352e-02	5.274691e+00
1.962000e-05	-1.647798e-02	5.065685e+00
1.963000e-05	-1.512993e-02	4.893208e+00
1.964000e-05	-1.566631e-02	4.674641e+00
1.965000e-05	-1.478603e-02	4.537842e+00
1.966000e-05	-1.336754e-02	4.390425e+00
1.967000e-05	-1.182905e-02	4.180451e+00
1.968000e-05	-1.108351e-02	3.979498e+00
1.969000e-05	-1.202010e-02	3.851633e+00
1.970000e-05	-1.165542e-02	3.663109e+00
1.971000e-05	-1.061286e-02	3.537766e+00
1.972000e-05	-9.369140e-03	3.264714e+00
1.973000e-05	-9.241926e-03	3.125787e+00
1.974000e-05	-9.331241e-03	2.937844e+00
1.975000e-05	-9.442894e-03	2.810899e+00
1.976000e-05	-8.437112e-03	2.581949e+00
1.977000e-05	-8.806480e-03	2.368445e+00
1.978000e-05	-8.015325e-03	2.207498e+00
1.979000e-05	-6.862989e-03	2.031582e+00
1.980000e-05	-5.945287e-03	1.864136e+00
1.981000e-05	-6.780341e-03	1.682577e+00
1.982000e-05	-7.547680e-03	1.431581e+00
1.983000e-05	-7.127417e-03	1.252634e+00
1.984000e-05	-5.713102e-03	1.011578e+00
1.985000e-05	-5.664521e-03	7.915263e-01
1.986000e-05	-5.370982e-03	6.115039e-01
1.987000e-05	-4.135868e-03	4.521529e-01
1.988000e-05	-4.347570e-03	2.416333e-01
1.989000e-05	-3.980703e-03	4.353188e-02
1.990000e-05	2.580286e-03	-1.378394e-01
1.991000e-05	-2.803096e-03	-3.252119e-01
1.992000e-05	2.757494e-04	-4.321292e-01
1.993000e-05	-2.629389e-03	-6.631102e-01
1.994000e-05	-1.538284e-03	-8.431028e-01
1.995000e-05	-1.913433e-03	-9.874511e-01
1.996000e-05	4.371571e-03	-1.148322e+00
1.997000e-05	2.939520e-02	-1.377342e+00
1.998000e-05	8.715802e-02	-1.578395e+00
1.999000e-05	-6.431067e-02	-1.810026e+00
2.000000e-05	-1.855229e-02	-2.081631e+00
2.001000e-05	-7.120607e-02	-2.297687e+00
2.002000e-05	-6.607308e-02	-2.462007e+00
2.003000e-05	1.635256e-01	-2.486284e+00
2.004000e-05	-4.209911e-02	-2.682162e+00
2.005000e-05	-9.111875e-02	-2.886287e+00
2.006000e-05	1.759428e-01	-3.093055e+00
2.007000e-05	-1.479115e-01	-3.251579e+00
2.008000e-05	1.272017e-02	-3.493507e+00
2.009000e-05	1.406800e-01	-3.597996e+00
2.010000e-05	-1.643816e-01	-3.799472e+00
2.011000e-05	7.308471e-02	-3.978846e+00
2.012000e-05	8.859080e-02	-4.156836e+00
2.013000e-05	-8.430055e-02	-4.358317e+00
2.014000e-05	8.819501e-02	-4.471632e+00
2.015000e-05	-1.517308e-01	-4.663130e+00
2.016000e-05	5.747297e-02	-4.842057e+00
2.017000e-05	1.132143e-01	-5.021000e+00
2.018000e-05	-9.821454e-02	-5.191977e+00
2.019000e-05	7.365817e-02	-5.389892e+00
2.020000e-05	-7.418261e-02	-5.578396e+00
2.021000e-05	5.066385e-02	-5.756346e+00
2.022000e-05	5.008415e-03	-5.884637e+00
2.023000e-05	-5.224173e-02	-6.052052e+00
2.024000e-05	1.051490e-01	-6.229424e+00
2.025000e-05	-9.626714e-02	-6.379396e+00
2.026000e-05	6.082649e-02	-6.535787e+00
2.027000e-05	2.002183e-03	-6.664683e+00
2.028000e-05	-2.638046e-02	-6.820525e+00
2.029000e-05	4.993944e-02	-6.958870e+00
2.030000e-05	-6.790039e-02	-7.166266e+00
2.031000e-05	9.211321e-02	-7.283633e+00
2.032000e-05	-3.471657e-02	-7.420526e+00
2.033000e-05	3.039542e-03	-7.587892e+00
2.034000e-05	4.362426e-03	-7.696677e+00
2.035000e-05	-1.053089e-02	-7.903163e+00
2.036000e-05	4.665307e-02	-8.040422e+00
2.037000e-05	-3.358454e-02	-8.155209e+00
2.038000e-05	4.719778e-02	-8.232475e+00
2.039000e-05	-1.375455e-02	-8.357691e+00
2.040000e-05	-2.993094e-03	-8.402579e+00
2.041000e-05	3.276166e-03	-8.588641e+00
2.042000e-05	5.284050e-03	-8.743584e+00
2.043000e-05	3.590401e-02	-8.789499e+00
2.044000e-05	-2.344043e-02	-8.915635e+00
2.045000e-05	1.867713e-02	-8.987422e+00
2.046000e-05	-3.374651e-04	-9.074081e+00
2.047000e-05	1.870735e-02	-9.158344e+00
2.048000e-05	-4.551505e-04	-9.230979e+00
2.049000e-05	2.766185e-03	-9.325716e+00
2.050000e-05	1.638572e-02	-9.399952e+00
2.051000e-05	6.286466e-04	-9.553761e+00
2.052000e-05	1.286806e-02	-9.620474e+00
2.053000e-05	-3.985642e-04	-9.654533e+00
2.054000e-05	7.701293e-03	-9.735217e+00
2.055000e-05	5.339907e-03	-9.779867e+00
2.056000e-05	2.014947e-02	-9.843079e+00
2.057000e-05	1.394149e-02	-9.904564e+00
2.058000e-05	8.048438e-04	-9.958287e+00
2.059000e-05	7.887679e-04	-9.999446e+00
2.060000e-05	9.191001e-03	-1.001100e+01
2.061000e-05	1.583694e-02	-1.005405e+01
2.062000e-05	7.899408e-03	-1.006619e+01
2.063000e-05	5.265201e-03	-1.014779e+01
2.064000e-05	8.198495e-03	-1.019077e+01
2.065000e-05	1.385573e-02	-1.025175e+01
2.066000e-05	1.206205e-02	-1.028360e+01
2.067000e-05	8.995312e-03	-1.030714e+01
2.068000e-05	7.515674e-03	-1.032456e+01
2.069000e-05	1.205230e-02	-1.034674e+01
2.070000e-05	1.352444e-02	-1.033684e+01
2.071000e-05	8.415893e-03	-1.031779e+01
2.072000e-05	8.504001e-03	-1.034927e+01
2.073000e-05	1.178072e-02	-1.035876e+01
2.074000e-05	1.660998e-02	-1.036681e+01
2.075000e-05	1.699680e-02	-1.034827e+01
2.076000e-05	1.460935e-02	-1.031724e+01
2.077000e-05	1.135443e-02	-1.032816e+01
2.078000e-05	1.183137e-02	-1.029368e+01
2.079000e-05	1.550762e-02	-1.026351e+01
2.080000e-05	1.842656e-02	-1.023092e+01
2.081000e-05	1.965946e-02	-1.019779e+01
2.082000e-05	1.817441e-02	-1.014722e+01
2.083000e-05	1.923938e-02	-1.008516e+01
2.084000e-05	1.965454e-02	-1.007403e+01
2.085000e-05	1.894714e-02	-1.002142e+01
2.086000e-05	2.089447e-02	-9.957818e+00
2.087000e-05	2.256604e-02	-9.907188e+00
2.088000e-05	2.299827e-02	-9.893584e+00
2.089000e-05	2.344267e-02	-9.842456e+00
2.090000e-05	2.399763e-02	-9.788816e+00
2.091000e-05	2.484954e-02	-9.675636e+00
2.092000e-05	2.455028e-02	-9.632478e+00
2.093000e-05	2.659937e-02	-9.599849e+00
2.094000e-05	2.795307e-02	-9.526213e+00
2.095000e-05	2.703871e-02	-9.431980e+00
2.096000e-05	2.637142e-02	-9.306665e+00
2.097000e-05	2.543029e-02	-9.251428e+00
2.098000e-05	2.815711e-02	-9.146261e+00
2.099000e-05	2.879263e-02	-9.050483e+00
2.100000e-05	3.052548e-02	-8.926342e+00
2.101000e-05	2.915981e-02	-8.853583e+00
2.102000e-05	2.753662e-02	-8.778949e+00
2.103000e-05	2.755994e-02	-8.724088e+00
2.104000e-05	2.903468e-02	-8.559292e+00
2.105000e-05	2.903375e-02	-8.461981e+00
2.106000e-05	2.897029e-02	-8.307213e+00
2.107000e-05	2.975057e-02	-8.220001e+00
2.108000e-05	2.956830e-02	-8.095639e+00
2.109000e-05	2.809135e-02	-8.008849e+00
2.110000e-05	2.694302e-02	-7.872985e+00
2.111000e-05	2.629146e-02	-7.674662e+00
2.112000e-05	2.660122e-02	-7.548367e+00
2.113000e-05	2.660771e-02	-7.392449e+00
2.114000e-05	2.578885e-02	-7.284683e+00
2.115000e-05	2.398076e-02	-7.179341e+00
2.116000e-05	2.233071e-02	-6.980932e+00
2.117000e-05	2.209156e-02	-6.842057e+00
2.118000e-05	2.167664e-02	-6.755237e+00
2.119000e-05	2.059571e-02	-6.539349e+00
2.120000e-05	1.890636e-02	-6.442102e+00
2.121000e-05	1.745472e-02	-6.264135e+00
2.122000e-05	1.647675e-02	-6.075735e+00
2.123000e-05	1.536514e-02	-5.966791e+00
2.124000e-05	1.369118e-02	-5.799924e+00
2.125000e-05	1.316092e-02	-5.641509e+00
2.126000e-05	1.294980e-02	-5.485708e+00
2.127000e-05	1.215374e-02	-5.251107e+00
2.128000e-05	1.050702e-02	-5.073157e+00
2.129000e-05	8.306993e-03	-4.944661e+00
2.130000e-05	6.321274e-03	-4.681708e+00
2.131000e-05	5.978872e-03	-4.528293e+00
2.132000e-05	7.125734e-03	-4.419499e+00
2.133000e-05	4.745574e-03	-4.233078e+00
2.134000e-05	5.588185e-03	-4.072712e+00
2.135000e-05	2.747635e-03	-3.905713e+00
2.136000e-05	3.245262e-03	-3.706134e+00
2.137000e-05	2.037903e-03	-3.506691e+00
2.138000e-05	4.466610e-03	-3.367870e+00
2.139000e-05	3.085330e-03	-3.210948e+00
2.140000e-05	6.836529e-04	-2.947867e+00
2.141000e-05	-3.608627e-04	-2.798397e+00
2.142000e-05	-2.330350e-03	-2.600923e+00
2.143000e-05	2.308171e-04	-2.411555e+00
2.144000e-05	1.348273e-04	-2.230980e+00
2.145000e-05	1.729694e-03	-2.052078e+00
2.146000e-05	-1.188457e-03	-1.852134e+00
2.147000e-05	-9.729547e-04	-1.684161e+00
2.148000e-05	-2.008856e-03	-1.503713e+00
2.149000e-05	-1.032267e-03	-1.271629e+00
2.150000e-05	-3.054138e-03	-1.043084e+00
2.151000e-05	-1.250025e-03	-8.521080e-01
2.152000e-05	-1.956493e-03	-6.845869e-01
2.153000e-05	-4.663881e-04	-4.211340e-01
2.154000e-05	-4.397216e-03	-2.836644e-01
2.155000e-05	-9.711479e-04	-1.146870e-01
2.156000e-05	3.071919e-03	1.020804e-01
2.157000e-05	1.141676e-03	2.742567e-01
2.158000e-05	-8.541623e-04	4.231577e-01
2.159000e-05	-8.951290e-04	6.104788e-01
2.160000e-05	-1.941674e-03	7.480435e-01
2.161000e-05	-2.860174e-03	9.493735e-01
2.162000e-05	1.387499e-04	1.207902e+00
2.163000e-05	6.276603e-03	1.347921e+00
2.164000e-05	4.428203e-02	1.592046e+00
2.165000e-05	5.096232e-02	1.843650e+00
2.166000e-05	-5.705564e-02	2.013026e+00
2.167000e-05	-3.649248e-02	2.222526e+00
2.168000e-05	-5.051740e-02	2.398895e+00
2.169000e-05	-6.703790e-02	2.535386e+00
2.170000e-05	1.072318e-01	2.684734e+00
2.171000e-05	4.465128e-02	2.883608e+00
2.172000e-05	-1.484546e-01	2.980976e+00
2.173000e-05	1.499053e-01	3.167896e+00
2.174000e-05	-6.421407e-02	3.410946e+00
2.175000e-05	-5.520322e-02	3.559496e+00
2.176000e-05	1.054359e-01	3.714815e+00
2.177000e-05	-8.039837e-02	3.916264e+00
2.178000e-05	-2.171394e-02	4.045853e+00
2.179000e-05	7.954925e-02	4.325764e+00
2.180000e-05	-4.672607e-02	4.441705e+00
2.181000e-05	5.529933e-03	4.632603e+00
2.182000e-05	-4.539773e-02	4.831552e+00
2.183000e-05	-1.710081e-02	5.081605e+00
2.184000e-05	4.814334e-02	5.253107e+00
2.185000e-05	-7.675653e-03	5.422028e+00
2.186000e-05	-2.426294e-03	5.579900e+00
2.187000e-05	-3.802479e-02	5.716366e+00
2.188000e-05	1.582194e-02	5.917741e+00
2.189000e-05	-1.405089e-02	6.074182e+00
2.190000e-05	-1.953182e-02	6.230476e+00
2.191000e-05	3.029281e-02	6.369420e+00
2.192000e-05	-3.924914e-02	6.508762e+00
2.193000e-05	7.724198e-03	6.744283e+00
2.194000e-05	-1.320510e-02	6.853604e+00
2.195000e-05	-1.836567e-02	6.989993e+00
2.196000e-05	2.023153e-03	7.084767e+00
2.197000e-05	-1.104406e-02	7.225083e+00
2.198000e-05	7.043212e-03	7.409446e+00
2.199000e-05	-1.689566e-02	7.589893e+00
2.200000e-05	-9.720415e-03	7.736762e+00
2.201000e-05	-1.147424e-02	7.834082e+00
2.202000e-05	-7.783093e-03	8.021572e+00
2.203000e-05	-3.815624e-03	8.137812e+00
2.204000e-05	-1.385713e-02	8.213554e+00
2.205000e-05	-2.181876e-03	8.398895e+00
2.206000e-05	-4.447464e-03	8.444157e+00
2.207000e-05	-1.860040e-02	8.557267e+00
2.208000e-05	-1.635770e-02	8.683084e+00
2.209000e-05	-1.043967e-02	8.778816e+00
2.210000e-05	2.236030e-03	8.831107e+00
2.211000e-05	-1.072039e-02	8.938287e+00
2.212000e-05	-1.567701e-02	9.053126e+00
2.213000e-05	-1.358821e-02	9.188393e+00
2.214000e-05	-1.005477e-02	9.242534e+00
2.215000e-05	-7.603225e-03	9.336840e+00
2.216000e-05	-1.265071e-02	9.411052e+00
2.217000e-05	-9.816548e-03	9.484607e+00
2.218000e-05	-1.209417e-02	9.536766e+00
2.219000e-05	-1.161661e-02	9.621054e+00
2.220000e-05	-1.387697e-02	9.664681e+00
2.221000e-05	-1.680362e-02	9.799246e+00
2.222000e-05	-1.303590e-02	9.864578e+00
2.223000e-05	-7.439960e-03	9.926244e+00
2.224000e-05	-7.131093e-03	9.968996e+00
2.225000e-05	-1.749824e-02	1.002100e+01
2.226000e-05	-1.772696e-02	1.007505e+01
2.227000e-05	-1.475147e-02	1.008569e+01
2.228000e-05	-1.034820e-02	1.014832e+01
2.229000e-05	-1.354478e-02	1.018037e+01
2.230000e-05	-1.710891e-02	1.022207e+01
2.231000e-05	-1.490571e-02	1.025248e+01
2.232000e-05	-1.661951e-02	1.026461e+01
2.233000e-05	-1.358754e-02	1.029526e+01
2.234000e-05	-1.708703e-02	1.029619e+01
2.235000e-05	-1.586200e-02	1.032626e+01
2.236000e-05	-1.505654e-02	1.032724e+01
2.237000e-05	-1.384364e-02	1.032684e+01
2.238000e-05	-1.823061e-02	1.036834e+01
2.239000e-05	-2.126627e-02	1.033730e+01
2.240000e-05	-1.959383e-02	1.033622e+01
2.241000e-05	-1.740183e-02	1.032729e+01
2.242000e-05	-1.835355e-02	1.033479e+01
2.243000e-05	-2.063752e-02	1.030719e+01
2.244000e-05	-2.036468e-02	1.031571e+01
2.245000e-05	-2.229307e-02	1.026466e+01
2.246000e-05	-2.247924e-02	1.027461e+01
2.247000e-05	-2.327819e-02	1.022050e+01
2.248000e-05	-2.317448e-02	1.021037e+01
2.249000e-05	-2.390550e-02	1.017987e+01
2.250000e-05	-2.605741e-02	1.011574e+01
2.251000e-05	-2.607075e-02	1.006513e+01
2.252000e-05	-2.854004e-02	1.005261e+01
2.253000e-05	-2.875995e-02	1.001195e+01
2.254000e-05	-2.916009e-02	9.927791e+00
2.255000e-05	-2.789484e-02	9.863233e+00
2.256000e-05	-2.985925e-02	9.780527e+00
2.257000e-05	-3.153810e-02	9.700087e+00
2.258000e-05	-3.088673e-02	9.652607e+00
2.259000e-05	-3.281506e-02	9.579844e+00
2.260000e-05	-3.159435e-02	9.514285e+00
2.261000e-05	-3.406741e-02	9.431129e+00
2.262000e-05	-3.110896e-02	9.347842e+00
2.263000e-05	-3.480476e-02	9.295234e+00
2.264000e-05	-3.475654e-02	9.201500e+00
2.265000e-05	-3.652709e-02	9.116812e+00
2.266000e-05	-3.453162e-02	9.010950e+00
2.267000e-05	-3.542161e-02	8.855585e+00
2.268000e-05	-3.518773e-02	8.767943e+00
2.269000e-05	-3.583788e-02	8.664738e+00
2.270000e-05	-3.682480e-02	8.580350e+00
2.271000e-05	-3.497742e-02	8.495661e+00
2.272000e-05	-3.659777e-02	8.432003e+00
2.273000e-05	-3.463445e-02	8.286085e+00
2.274000e-05	-3.637760e-02	8.127918e+00
2.275000e-05	-3.405070e-02	8.002028e+00
2.276000e-05	-3.503135e-02	7.936266e+00
2.277000e-05	-3.470036e-02	7.768870e+00
2.278000e-05	-3.501897e-02	7.623583e+00
2.279000e-05	-3.336539e-02	7.535714e+00
2.280000e-05	-3.200274e-02	7.306346e+00
2.281000e-05	-3.082670e-02	7.178500e+00
2.282000e-05	-3.007217e-02	7.042130e+00
2.283000e-05	-2.898916e-02	6.926312e+00
2.284000e-05	-2.964739e-02	6.800948e+00
2.285000e-05	-2.736318e-02	6.614605e+00
2.286000e-05	-2.639841e-02	6.412055e+00
2.287000e-05	-2.339654e-02	6.307738e+00
2.288000e-05	-2.418568e-02	6.179824e+00
2.289000e-05	-2.283727e-02	6.032506e+00
2.290000e-05	-2.166427e-02	5.905737e+00
2.291000e-05	-2.124336e-02	5.715158e+00
2.292000e-05	-1.999528e-02	5.537341e+00
2.293000e-05	-1.798725e-02	5.389921e+00
2.294000e-05	-1.694135e-02	5.160969e+00
2.295000e-05	-1.620669e-02	4.960371e+00
2.296000e-05	-1.569036e-02	4.790447e+00
2.297000e-05	-1.530157e-02	4.631069e+00
2.298000e-05	-1.351127e-02	4.462632e+00
2.299000e-05	-1.300753e-02	4.307208e+00
2.300000e-05	-1.238673e-02	4.065683e+00
2.301000e-05	-1.133753e-02	3.914791e+00
2.302000e-05	-1.125819e-02	3.737318e+00
2.303000e-05	-1.070551e-02	3.570999e+00
2.304000e-05	-1.094108e-02	3.382975e+00
2.305000e-05	-8.960211e-03	3.209925e+00
2.306000e-05	-9.018843e-03	3.031576e+00
2.307000e-05	-8.612825e-03	2.863658e+00
2.308000e-05	-8.977541e-03	2.643138e+00
2.309000e-05	-8.638149e-03	2.453028e+00
2.310000e-05	-8.409055e-03	2.272158e+00
2.311000e-05	-7.083591e-03	2.084238e+00
2.312000e-05	-7.336016e-03	1.916314e+00
2.313000e-05	-6.628626e-03	1.707271e+00
2.314000e-05	-6.851437e-03	1.517267e+00
2.315000e-05	-6.432144e-03	1.316270e+00
2.316000e-05	-6.143665e-03	1.116766e+00
2.317000e-05	-5.945277e-03	8.437333e-01
2.318000e-05	-5.074710e-03	7.052670e-01
2.319000e-05	-5.658235e-03	5.157908e-01
2.320000e-05	-4.921466e-03	3.594184e-01
2.321000e-05	-5.517592e-03	1.153458e-01
2.322000e-05	1.157210e-04	-4.270283e-02
2.323000e-05	3.083265e-03	-2.210763e-01
2.324000e-05	-3.385906e-03	-3.789174e-01
2.325000e-05	7.972815e-04	-5.468932e-01
2.326000e-05	-3.973493e-03	-7.784172e-01
2.327000e-05	-1.024055e-03	-9.373643e-01
2.328000e-05	-1.279237e-03	-1.063687e+00
2.329000e-05	1.084250e-02	-1.233182e+00
2.330000e-05	7.957163e-02	-1.474609e+00
2.331000e-05	3.100578e-03	-1.684231e+00
2.332000e-05	-5.520576e-02	-1.966920e+00
2.333000e-05	-2.808256e-02	-2.181524e+00
2.334000e-05	-9.807776e-02	-2.380500e+00
2.335000e-05	7.557649e-02	-2.463107e+00
2.336000e-05	1.147071e-01	-2.598843e+00
2.337000e-05	-1.705296e-01	-2.780446e+00
2.338000e-05	1.365045e-01	-3.020422e+00
2.339000e-05	-7.322369e-03	-3.177317e+00
2.340000e-05	-1.481290e-01	-3.368942e+00
2.341000e-05	1.659209e-01	-3.566238e+00
2.342000e-05	-4.980885e-02	-3.665609e+00
2.343000e-05	-1.017971e-01	-3.876192e+00
2.344000e-05	1.745549e-01	-4.030578e+00
2.345000e-05	-9.420494e-02	-4.242078e+00
2.346000e-05	5.365004e-02	-4.391475e+00
2.347000e-05	-4.364591e-02	-4.537246e+00
2.348000e-05	-1.003975e-01	-4.817317e+00
2.349000e-05	1.726548e-01	-4.932767e+00
2.350000e-05	-6.067012e-02	-5.146161e+00
2.351000e-05	9.775937e-03	-5.285691e+00
2.352000e-05	3.975906e-03	-5.504258e+00
2.353000e-05	-4.719542e-02	-5.725762e+00
2.354000e-05	9.197913e-02	-5.841479e+00
2.355000e-05	-9.034051e-02	-5.978896e+00
2.356000e-05	8.082059e-02	-6.126809e+00
2.357000e-05	-1.522859e-02	-6.336267e+00
2.358000e-05	-4.388764e-02	-6.474188e+00
2.359000e-05	8.937346e-02	-6.619025e+00
2.360000e-05	-7.311698e-02	-6.769842e+00
2.361000e-05	6.220732e-02	-6.865630e+00
2.362000e-05	-4.804664e-02	-7.062558e+00
2.363000e-05	2.673255e-02	-7.252451e+00
2.364000e-05	5.021910e-02	-7.336789e+00
2.365000e-05	-5.388294e-02	-7.496158e+00
2.366000e-05	4.224574e-02	-7.631478e+00
2.367000e-05	-4.007115e-02	-7.830047e+00
2.368000e-05	4.691815e-02	-7.997295e+00
2.369000e-05	-1.204434e-02	-8.054133e+00
2.370000e-05	8.559743e-03	-8.217872e+00
2.371000e-05	3.359361e-02	-8.335708e+00
2.372000e-05	-3.122792e-02	-8.418923e+00
2.373000e-05	2.306540e-02	-8.466557e+00
2.374000e-05	-1.492852e-02	-8.643007e+00
2.375000e-05	4.238244e-02	-8.798368e+00
2.376000e-05	-1.109552e-02	-8.864000e+00
2.377000e-05	-2.292493e-03	-8.946793e+00
2.378000e-05	1.219389e-02	-9.061975e+00
2.379000e-05	5.759756e-03	-9.164789e+00
2.380000e-05	1.671235e-02	-9.208973e+00
2.381000e-05	-8.044882e-03	-9.276530e+00
2.382000e-05	2.179779e-02	-9.411216e+00
2.383000e-05	4.097596e-03	-9.392678e+00
2.384000e-05	1.065517e-02	-9.578921e+00
2.385000e-05	1.510452e-03	-9.642527e+00
2.386000e-05	2.050034e-03	-9.695684e+00
2.387000e-05	3.592506e-03	-9.768218e+00
2.388000e-05	1.263950e-02	-9.811504e+00
2.389000e-05	2.141888e-02	-9.903657e+00
2.390000e-05	4.199951e-03	-9.926263e+00
2.391000e-05	1.930158e-03	-9.988396e+00
2.392000e-05	4.940263e-03	-1.000905e+01
2.393000e-05	1.847101e-02	-1.005255e+01
2.394000e-05	1.180540e-02	-1.007563e+01
2.395000e-05	3.816561e-03	-1.012569e+01
2.396000e-05	4.527873e-03	-1.019122e+01
2.397000e-05	9.434407e-03	-1.022138e+01
2.398000e-05	1.246542e-02	-1.024203e+01
2.399000e-05	1.137027e-02	-1.029308e+01
2.400000e-05	9.026514e-03	-1.030519e+01
2.401000e-05	1.171833e-02	-1.033721e+01
2.402000e-05	1.427106e-02	-1.034626e+01
2.403000e-05	1.123655e-02	-1.038582e+01
2.404000e-05	8.198015e-03	-1.036882e+01
2.405000e-05	9.025071e-03	-1.039774e+01
2.406000e-05	1.269680e-02	-1.036580e+01
2.407000e-05	1.557922e-02	-1.032629e+01
2.408000e-05	1.594984e-02	-1.029824e+01
2.409000e-05	1.408068e-02	-1.035826e+01
2.410000e-05	1.352611e-02	-1.026368e+01
2.411000e-05	1.482998e-02	-1.026549e+01
2.412000e-05	1.769981e-02	-1.026198e+01
2.413000e-05	1.865262e-02	-1.024085e+01
2.414000e-05	1.700496e-02	-1.017777e+01
2.415000e-05	1.890970e-02	-1.015613e+01
2.416000e-05	2.007216e-02	-1.005315e+01
2.417000e-05	1.892274e-02	-1.004100e+01
2.418000e-05	1.954662e-02	-9.998370e+00
2.419000e-05	2.355721e-02	-9.966743e+00
2.420000e-05	2.410002e-02	-9.905234e+00
2.421000e-05	2.365822e-02	-9.812602e+00
2.422000e-05	2.297210e-02	-9.761497e+00
2.423000e-05	2.349340e-02	-9.676740e+00
2.424000e-05	2.483092e-02	-9.694484e+00
2.425000e-05	2.565297e-02	-9.640574e+00
2.426000e-05	2.668353e-02	-9.547870e+00
2.427000e-05	2.704809e-02	-9.464028e+00
2.428000e-05	2.729190e-02	-9.348767e+00
2.429000e-05	2.735709e-02	-9.273635e+00
2.430000e-05	2.722474e-02	-9.168292e+00
2.431000e-05	2.787232e-02	-9.043164e+00
2.432000e-05	2.959493e-02	-9.009371e+00
2.433000e-05	2.934196e-02	-8.875636e+00
2.434000e-05	2.839873e-02	-8.841975e+00
2.435000e-05	2.782911e-02	-8.726790e+00
2.436000e-05	2.925791e-02	-8.590976e+00
2.437000e-05	3.043973e-02	-8.444138e+00
2.438000e-05	2.971946e-02	-8.368349e+00
2.439000e-05	2.911574e-02	-8.273660e+00
2.440000e-05	2.890510e-02	-8.128367e+00
2.441000e-05	2.741888e-02	-8.081554e+00
2.442000e-05	2.718134e-02	-7.906143e+00
2.443000e-05	2.734098e-02	-7.787322e+00
2.444000e-05	2.710450e-02	-7.622054e+00
2.445000e-05	2.570489e-02	-7.493634e+00
2.446000e-05	2.624954e-02	-7.346715e+00
2.447000e-05	2.550065e-02	-7.241028e+00
2.448000e-05	2.367150e-02	-7.063138e+00
2.449000e-05	2.181759e-02	-6.904263e+00
2.450000e-05	2.209964e-02	-6.746292e+00
2.451000e-05	2.037159e-02	-6.631080e+00
2.452000e-05	1.942339e-02	-6.503684e+00
2.453000e-05	1.809950e-02	-6.369322e+00
2.454000e-05	1.749059e-02	-6.178374e+00
2.455000e-05	1.600831e-02	-5.999902e+00
2.456000e-05	1.517910e-02	-5.871584e+00
2.457000e-05	1.292573e-02	-5.674266e+00
2.458000e-05	1.354285e-02	-5.580242e+00
2.459000e-05	1.037249e-02	-5.316366e+00
2.460000e-05	9.660843e-03	-5.167294e+00
2.461000e-05	8.350425e-03	-5.009799e+00
2.462000e-05	7.530479e-03	-4.758394e+00
2.463000e-05	6.866479e-03	-4.611000e+00
2.464000e-05	8.128162e-03	-4.452057e+00
2.465000e-05	6.115443e-03	-4.314257e+00
2.466000e-05	6.693913e-03	-4.099695e+00
2.467000e-05	2.360278e-03	-4.020001e+00
2.468000e-05	3.226598e-03	-3.748997e+00
2.469000e-05	8.354107e-04	-3.599926e+00
2.470000e-05	4.226163e-03	-3.432078e+00
2.471000e-05	2.532927e-03	-3.233104e+00
2.472000e-05	3.148515e-03	-3.072088e+00
2.473000e-05	1.106287e-03	-2.842054e+00
2.474000e-05	1.736768e-03	-2.645687e+00
2.475000e-05	-5.076810e-04	-2.504771e+00
2.476000e-05	5.308539e-04	-2.327716e+00
2.477000e-05	-1.999270e-03	-2.083735e+00
2.478000e-05	-1.682410e-03	-1.925846e+00
2.479000e-05	-1.288643e-03	-1.747867e+00
2.480000e-05	-8.722763e-05	-1.580776e+00
2.481000e-05	1.685546e-03	-1.307818e+00
2.482000e-05	-1.901498e-03	-1.104245e+00
2.483000e-05	-2.771819e-03	-9.157707e-01
2.484000e-05	-1.064411e-03	-7.678736e-01
2.485000e-05	-2.035167e-03	-5.463659e-01
2.486000e-05	-3.582090e-03	-3.473973e-01
2.487000e-05	-5.761285e-03	-2.320790e-01
2.488000e-05	7.732571e-04	2.155157e-02
2.489000e-05	6.307463e-03	1.701300e-01
2.490000e-05	1.491902e-03	3.899249e-01
2.491000e-05	2.282077e-03	5.488944e-01
2.492000e-05	-5.160795e-03	7.278132e-01
2.493000e-05	-2.768018e-03	8.526317e-01
2.494000e-05	-2.956646e-03	1.134237e+00
2.495000e-05	4.199950e-03	1.293710e+00
2.496000e-05	1.893034e-02	1.484758e+00
2.497000e-05	7.130049e-02	1.777820e+00
2.498000e-05	-1.709226e-02	1.968866e+00
2.499000e-05	-4.646895e-02	2.156888e+00
2.500000e-05	-3.838122e-02	2.326965e+00
2.501000e-05	-6.700281e-02	2.432551e+00
2.502000e-05	-1.243117e-03	2.582470e+00
2.503000e-05	1.556087e-01	2.800921e+00
2.504000e-05	-1.427972e-01	2.967893e+00
2.505000e-05	4.907781e-02	3.073832e+00
2.506000e-05	6.350842e-02	3.294129e+00
2.507000e-05	-1.128999e-01	3.547317e+00
2.508000e-05	6.909941e-02	3.641053e+00
2.509000e-05	2.320438e-02	3.841051e+00
2.510000e-05	-1.146459e-01	4.000472e+00
2.511000e-05	8.941250e-02	4.229941e+00
2.512000e-05	-8.959123e-03	4.401497e+00
2.513000e-05	-1.736874e-02	4.537846e+00
2.514000e-05	-1.104019e-02	4.755836e+00
2.515000e-05	-6.126148e-02	4.929318e+00
2.516000e-05	4.640248e-02	5.159916e+00
2.517000e-05	8.348452e-03	5.329363e+00
2.518000e-05	3.027016e-03	5.528259e+00
2.519000e-05	-3.205769e-02	5.654156e+00
2.520000e-05	-2.716216e-03	5.842679e+00
2.521000e-05	9.361084e-03	6.002050e+00
2.522000e-05	-3.154894e-02	6.137921e+00
2.523000e-05	2.000231e-02	6.316313e+00
2.524000e-05	-8.632899e-03	6.421979e+00
2.525000e-05	-2.439806e-02	6.634022e+00
2.526000e-05	1.253690e-02	6.790900e+00
2.527000e-05	-2.611462e-02	6.915866e+00
2.528000e-05	-5.310075e-04	7.075078e+00
2.529000e-05	-8.468815e-03	7.189930e+00
2.530000e-05	-5.070807e-03	7.297236e+00
2.531000e-05	1.785724e-03	7.517230e+00
2.532000e-05	-2.175284e-02	7.654633e+00
2.533000e-05	-3.423148e-03	7.808441e+00
2.534000e-05	-1.783057e-02	7.917819e+00
2.535000e-05	1.596461e-03	8.105133e+00
2.536000e-05	-1.294173e-02	8.182523e+00
2.537000e-05	-8.125328e-03	8.316290e+00
2.538000e-05	1.784869e-03	8.432976e+00
2.539000e-05	-1.590250e-02	8.485764e+00
2.540000e-05	-1.427732e-02	8.600924e+00
2.541000e-05	-1.854206e-02	8.726213e+00
2.542000e-05	1.624210e-03	8.820955e+00
2.543000e-05	-6.016127e-03	8.865709e+00
2.544000e-05	-1.333658e-02	8.953020e+00
2.545000e-05	-1.486373e-02	9.149362e+00
2.546000e-05	-1.105075e-02	9.231000e+00
2.547000e-05	-6.382010e-03	9.276158e+00
2.548000e-05	-1.301980e-02	9.349369e+00
2.549000e-05	-1.034346e-02	9.442632e+00
2.550000e-05	-1.223574e-02	9.508715e+00
2.551000e-05	-9.983421e-03	9.590999e+00
2.552000e-05	-1.344896e-02	9.684077e+00
2.553000e-05	-1.432530e-02	9.708713e+00
2.554000e-05	-1.667412e-02	9.801053e+00
2.555000e-05	-1.031470e-02	9.883658e+00
2.556000e-05	-5.400037e-03	9.949267e+00
2.557000e-05	-1.158270e-02	1.000942e+01
2.558000e-05	-1.768727e-02	1.007400e+01
2.559000e-05	-1.747686e-02	1.007561e+01
2.560000e-05	-1.004051e-02	1.009684e+01
2.561000e-05	-1.187612e-02	1.015834e+01
2.562000e-05	-1.632603e-02	1.023097e+01
2.563000e-05	-1.607959e-02	1.024347e+01
2.564000e-05	-1.448194e-02	1.025605e+01
2.565000e-05	-1.416081e-02	1.027526e+01
2.566000e-05	-1.543886e-02	1.028524e+01
2.567000e-05	-1.673759e-02	1.033576e+01
2.568000e-05	-1.669980e-02	1.030719e+01
2.569000e-05	-1.237764e-02	1.034677e+01
2.570000e-05	-1.663489e-02	1.031729e+01
2.571000e-05	-1.994375e-02	1.033776e+01
2.572000e-05	-2.173172e-02	1.032727e+01
2.573000e-05	-1.722422e-02	1.033937e+01
2.574000e-05	-1.785228e-02	1.036679e+01
2.575000e-05	-1.951882e-02	1.030577e+01
2.576000e-05	-2.118561e-02	1.028566e+01
2.577000e-05	-2.184113e-02	1.026621e+01
2.578000e-05	-2.213759e-02	1.027361e+01
2.579000e-05	-2.345313e-02	1.020345e+01
2.580000e-05	-2.309147e-02	1.018050e+01
2.581000e-05	-2.461602e-02	1.014734e+01
2.582000e-05	-2.497653e-02	1.014676e+01
2.583000e-05	-2.617255e-02	1.008661e+01
2.584000e-05	-2.819936e-02	1.007265e+01
2.585000e-05	-2.839844e-02	1.002248e+01
2.586000e-05	-2.822236e-02	9.980396e+00
2.587000e-05	-2.738742e-02	9.935768e+00
2.588000e-05	-2.940023e-02	9.822627e+00
2.589000e-05	-3.061587e-02	9.739841e+00
2.590000e-05	-3.278835e-02	9.655609e+00
2.591000e-05	-3.270117e-02	9.560449e+00
2.592000e-05	-3.294483e-02	9.538744e+00
2.593000e-05	-3.336043e-02	9.445156e+00
2.594000e-05	-3.141147e-02	9.391346e+00
2.595000e-05	-3.409378e-02	9.325689e+00
2.596000e-05	-3.390786e-02	9.232636e+00
2.597000e-05	-3.707209e-02	9.170396e+00
2.598000e-05	-3.330926e-02	9.073706e+00
2.599000e-05	-3.590833e-02	8.976240e+00
2.600000e-05	-3.384606e-02	8.821030e+00
2.601000e-05	-3.647067e-02	8.717290e+00
2.602000e-05	-3.541869e-02	8.613053e+00
2.603000e-05	-3.597842e-02	8.557292e+00
2.604000e-05	-3.598466e-02	8.441557e+00
2.605000e-05	-3.666792e-02	8.347815e+00
2.606000e-05	-3.495156e-02	8.159401e+00
2.607000e-05	-3.486848e-02	8.084236e+00
2.608000e-05	-3.455547e-02	7.979917e+00
2.609000e-05	-3.589618e-02	7.832504e+00
2.610000e-05	-3.478907e-02	7.705211e+00
2.611000e-05	-3.366108e-02	7.578424e+00
2.612000e-05	-3.245040e-02	7.404011e+00
2.613000e-05	-3.149288e-02	7.232112e+00
2.614000e-05	-3.022635e-02	7.096215e+00
2.615000e-05	-3.028297e-02	6.969920e+00
2.616000e-05	-2.920204e-02	6.823160e+00
2.617000e-05	-2.816981e-02	6.688262e+00
2.618000e-05	-2.662320e-02	6.537787e+00
2.619000e-05	-2.573814e-02	6.359422e+00
2.620000e-05	-2.387805e-02	6.282054e+00
2.621000e-05	-2.365209e-02	6.104209e+00
2.622000e-05	-2.249538e-02	5.910874e+00
2.623000e-05	-2.219558e-02	5.790424e+00
2.624000e-05	-1.946103e-02	5.621029e+00
2.625000e-05	-1.978136e-02	5.443033e+00
2.626000e-05	-1.665802e-02	5.253109e+00
2.627000e-05	-1.684953e-02	5.074708e+00
2.628000e-05	-1.546692e-02	4.824080e+00
2.629000e-05	-1.575731e-02	4.665207e+00
2.630000e-05	-1.493422e-02	4.514717e+00
2.631000e-05	-1.341791e-02	4.380895e+00
2.632000e-05	-1.203211e-02	4.240849e+00
2.633000e-05	-1.141847e-02	4.020447e+00
2.634000e-05	-1.158777e-02	3.813050e+00
2.635000e-05	-1.160217e-02	3.633607e+00
2.636000e-05	-1.013402e-02	3.547257e+00
2.637000e-05	-9.957649e-03	3.253710e+00
2.638000e-05	-9.896775e-03	3.084213e+00
2.639000e-05	-9.707222e-03	2.908840e+00
2.640000e-05	-9.317157e-03	2.809422e+00
2.641000e-05	-8.902528e-03	2.507768e+00
2.642000e-05	-8.261912e-03	2.337290e+00
2.643000e-05	-7.100738e-03	2.158924e+00
2.644000e-05	-7.351875e-03	2.000450e+00
2.645000e-05	-5.932865e-03	1.840474e+00
2.646000e-05	-6.707195e-03	1.601000e+00
2.647000e-05	-6.336532e-03	1.391525e+00
2.648000e-05	-8.150970e-03	1.220975e+00
2.649000e-05	-6.021786e-03	1.001900e+00
2.650000e-05	-5.535008e-03	7.904736e-01
2.651000e-05	-4.189107e-03	5.920015e-01
2.652000e-05	-5.415625e-03	4.210788e-01
2.653000e-05	-4.782447e-03	2.605328e-01
2.654000e-05	-3.456208e-03	1.055400e-02
2.655000e-05	2.783413e-03	-1.672684e-01
2.656000e-05	-3.040666e-03	-3.557669e-01
2.657000e-05	1.433575e-03	-4.625790e-01
2.658000e-05	-2.648801e-03	-6.722077e-01
2.659000e-05	-4.894189e-04	-8.497079e-01
2.660000e-05	-2.870761e-03	-1.030551e+00
2.661000e-05	3.929963e-03	-1.208400e+00
2.662000e-05	3.800320e-02	-1.368472e+00
2.663000e-05	7.484268e-02	-1.599521e+00
2.664000e-05	-6.950504e-02	-1.842029e+00
2.665000e-05	-1.382537e-02	-2.103710e+00
2.666000e-05	-8.208669e-02	-2.354768e+00
2.667000e-05	-4.346875e-02	-2.484007e+00
2.668000e-05	1.727452e-01	-2.514761e+00
2.669000e-05	-9.355326e-02	-2.705687e+00
2.670000e-05	-3.354578e-02	-2.977687e+00
2.671000e-05	1.641415e-01	-3.104658e+00
2.672000e-05	-1.669892e-01	-3.293162e+00
2.673000e-05	6.331328e-02	-3.483579e+00
2.674000e-05	1.110656e-01	-3.619050e+00
2.675000e-05	-1.739582e-01	-3.861575e+00
2.676000e-05	1.099107e-01	-4.000424e+00
2.677000e-05	3.944925e-02	-4.158295e+00
2.678000e-05	-5.439360e-02	-4.378393e+00
2.679000e-05	7.371087e-02	-4.483633e+00
2.680000e-05	-1.657187e-01	-4.696660e+00
2.681000e-05	9.651430e-02	-4.904033e+00
2.682000e-05	7.622461e-02	-5.012604e+00
2.683000e-05	-8.336902e-02	-5.212453e+00
2.684000e-05	7.220799e-02	-5.449971e+00
2.685000e-05	-8.562156e-02	-5.621949e+00
2.686000e-05	7.462773e-02	-5.788421e+00
2.687000e-05	-2.528026e-02	-5.914162e+00
2.688000e-05	-2.157004e-02	-6.076131e+00
2.689000e-05	9.049202e-02	-6.231031e+00
2.690000e-05	-1.029135e-01	-6.430373e+00
2.691000e-05	8.312452e-02	-6.528893e+00
2.692000e-05	-2.656707e-02	-6.696184e+00
2.693000e-05	-5.947678e-04	-6.860500e+00
2.694000e-05	3.067818e-02	-7.031917e+00
2.695000e-05	-5.577429e-02	-7.207898e+00
2.696000e-05	9.590063e-02	-7.303163e+00
2.697000e-05	-5.135441e-02	-7.401977e+00
2.698000e-05	1.897549e-02	-7.549399e+00
2.699000e-05	-1.250643e-02	-7.715180e+00
2.700000e-05	5.019321e-03	-7.893587e+00
2.701000e-05	3.592594e-02	-8.030950e+00
2.702000e-05	-2.996999e-02	-8.147838e+00
2.703000e-05	5.189380e-02	-8.243480e+00
2.704000e-05	-2.407813e-02	-8.358846e+00
2.705000e-05	7.523670e-03	-8.450532e+00
2.706000e-05	-5.351803e-03	-8.590339e+00
2.707000e-05	1.629692e-02	-8.734737e+00
2.708000e-05	2.697180e-02	-8.830476e+00
2.709000e-05	-2.260073e-02	-8.885186e+00
2.710000e-05	1.907376e-02	-9.040395e+00
2.711000e-05	-2.489087e-03	-9.064633e+00
2.712000e-05	2.124676e-02	-9.167848e+00
2.713000e-05	-4.942985e-03	-9.250052e+00
2.714000e-05	8.251573e-03	-9.316216e+00
2.715000e-05	1.391432e-02	-9.420899e+00
2.716000e-05	3.994085e-03	-9.575266e+00
2.717000e-05	1.090414e-02	-9.590501e+00
2.718000e-05	-1.572235e-03	-9.663057e+00
2.719000e-05	6.957966e-03	-9.715241e+00
2.720000e-05	4.459900e-03	-9.798349e+00
2.721000e-05	2.203386e-02	-9.834055e+00
2.722000e-05	1.261897e-02	-9.895106e+00
2.723000e-05	5.950272e-04	-9.989318e+00
2.724000e-05	5.074931e-04	-1.000844e+01
2.725000e-05	1.122838e-02	-1.005195e+01
2.726000e-05	1.687290e-02	-1.005308e+01
2.727000e-05	7.568262e-03	-1.010511e+01
2.728000e-05	5.042703e-03	-1.014961e+01
2.729000e-05	7.736623e-03	-1.018887e+01
2.730000e-05	1.168021e-02	-1.023243e+01
2.731000e-05	1.205133e-02	-1.020355e+01
2.732000e-05	8.915400e-03	-1.029461e+01
2.733000e-05	8.591156e-03	-1.034517e+01
2.734000e-05	1.310827e-02	-1.032474e+01
2.735000e-05	1.338909e-02	-1.036784e+01
2.736000e-05	1.003945e-02	-1.037770e+01
2.737000e-05	8.725597e-03	-1.034680e+01
2.738000e-05	1.126829e-02	-1.039735e+01
2.739000e-05	1.453104e-02	-1.037882e+01
2.740000e-05	1.715277e-02	-1.036674e+01
2.741000e-05	1.578723e-02	-1.032622e+01
2.742000e-05	1.269198e-02	-1.031666e+01
2.743000e-05	1.300839e-02	-1.031508e+01
2.744000e-05	1.614728e-02	-1.024296e+01
2.745000e-05	1.874439e-02	-1.018183e+01
2.746000e-05	1.802518e-02	-1.017734e+01
2.747000e-05	1.915424e-02	-1.014626e+01
2.748000e-05	1.949988e-02	-1.011708e+01
2.749000e-05	1.964405e-02	-1.005398e+01
2.750000e-05	1.848454e-02	-1.002990e+01
2.751000e-05	2.190146e-02	-9.977843e+00
2.752000e-05	2.409079e-02	-9.934736e+00
2.753000e-05	2.413621e-02	-9.854133e+00
2.754000e-05	2.326610e-02	-9.831979e+00
2.755000e-05	2.380200e-02	-9.747745e+00
2.756000e-05	2.447732e-02	-9.705658e+00
2.757000e-05	2.426270e-02	-9.649579e+00
2.758000e-05	2.693889e-02	-9.589816e+00
2.759000e-05	2.603403e-02	-9.555641e+00
2.760000e-05	2.811674e-02	-9.351951e+00
2.761000e-05	2.615282e-02	-9.316186e+00
2.762000e-05	2.904654e-02	-9.230924e+00
2.763000e-05	2.739105e-02	-9.158266e+00
2.764000e-05	2.883790e-02	-9.052081e+00
2.765000e-05	2.975161e-02	-8.927817e+00
2.766000e-05	2.788642e-02	-8.844107e+00
2.767000e-05	2.739854e-02	-8.769324e+00
2.768000e-05	2.715993e-02	-8.684508e+00
2.769000e-05	2.973548e-02	-8.527741e+00
2.770000e-05	3.133593e-02	-8.430454e+00
2.771000e-05	2.817015e-02	-8.326786e+00
2.772000e-05	2.977023e-02	-8.191500e+00
2.773000e-05	2.860018e-02	-8.104205e+00
2.774000e-05	2.773009e-02	-8.009871e+00
2.775000e-05	2.585133e-02	-7.822579e+00
2.776000e-05	2.605351e-02	-7.704590e+00
2.777000e-05	2.613276e-02	-7.546291e+00
2.778000e-05	2.643668e-02	-7.401850e+00
2.779000e-05	2.595877e-02	-7.272154e+00
2.780000e-05	2.450995e-02	-7.139344e+00
2.781000e-05	2.228039e-02	-6.959919e+00
2.782000e-05	2.149501e-02	-6.851471e+00
2.783000e-05	2.128695e-02	-6.694639e+00
2.784000e-05	2.107544e-02	-6.554795e+00
2.785000e-05	1.896056e-02	-6.411953e+00
2.786000e-05	1.697069e-02	-6.213058e+00
2.787000e-05	1.587867e-02	-6.083035e+00
2.788000e-05	1.448983e-02	-5.926364e+00
2.789000e-05	1.393736e-02	-5.750351e+00
2.790000e-05	1.240179e-02	-5.612079e+00
2.791000e-05	1.252776e-02	-5.471985e+00
2.792000e-05	1.026201e-02	-5.252600e+00
2.793000e-05	1.022023e-02	-5.093061e+00
2.794000e-05	7.442688e-03	-4.873657e+00
2.795000e-05	7.274818e-03	-4.650979e+00
2.796000e-05	6.199085e-03	-4.513691e+00
2.797000e-05	7.877253e-03	-4.379896e+00
2.798000e-05	4.621037e-03	-4.210477e+00
2.799000e-05	4.693587e-03	-4.042087e+00
2.800000e-05	2.357520e-03	-3.866682e+00
2.801000e-05	4.224860e-03	-3.691058e+00
2.802000e-05	2.470786e-03	-3.485713e+00
2.803000e-05	3.872107e-03	-3.305890e+00
2.804000e-05	1.613338e-03	-3.158349e+00
2.805000e-05	1.544115e-03	-2.927341e+00
2.806000e-05	-6.933514e-05	-2.739344e+00
2.807000e-05	-3.700946e-04	-2.589472e+00
2.808000e-05	-5.571083e-04	-2.410521e+00
2.809000e-05	1.222961e-03	-2.219978e+00
2.810000e-05	1.982479e-04	-2.019999e+00
2.811000e-05	-1.518327e-03	-1.842030e+00
2.812000e-05	-2.280132e-04	-1.662083e+00
2.813000e-05	-1.321667e-03	-1.493662e+00
2.814000e-05	-1.304711e-03	-1.201006e+00
2.815000e-05	-3.092343e-03	-1.041608e+00
2.816000e-05	-1.656650e-03	-8.401050e-01
2.817000e-05	-3.121647e-03	-6.316315e-01
2.818000e-05	-1.729016e-03	-4.215277e-01
2.819000e-05	-3.626902e-03	-2.726330e-01
2.820000e-05	1.942052e-04	-8.620927e-02
2.821000e-05	3.341130e-03	9.528178e-02
2.822000e-05	-3.046762e-04	3.262117e-01
2.823000e-05	1.404564e-04	4.852066e-01
2.824000e-05	-4.963261e-04	6.510288e-01
2.825000e-05	-2.723574e-03	8.109261e-01
2.826000e-05	-2.860774e-03	1.020050e+00
2.827000e-05	1.015781e-03	1.242555e+00
2.828000e-05	7.704402e-03	1.359474e+00
2.829000e-05	5.195999e-02	1.591174e+00
2.830000e-05	3.828765e-02	1.854209e+00
2.831000e-05	-5.833225e-02	2.063654e+00
2.832000e-05	-3.387729e-02	2.233079e+00
2.833000e-05	-5.447353e-02	2.420974e+00
2.834000e-05	-6.127090e-02	2.507967e+00
2.835000e-05	1.344659e-01	2.707781e+00
2.836000e-05	-6.332292e-03	2.874733e+00
2.837000e-05	-1.191075e-01	3.010601e+00
2.838000e-05	1.509639e-01	3.148423e+00
2.839000e-05	-8.838282e-02	3.451924e+00
2.840000e-05	-2.327622e-02	3.610026e+00
2.841000e-05	1.018564e-01	3.747367e+00
2.842000e-05	-1.057223e-01	3.938313e+00
2.843000e-05	7.688854e-03	4.065708e+00
2.844000e-05	5.964477e-02	4.316242e+00
2.845000e-05	-4.349146e-02	4.455182e+00
2.846000e-05	9.393641e-03	4.653525e+00
2.847000e-05	-5.530884e-02	4.853054e+00
2.848000e-05	-1.583515e-03	5.074629e+00
2.849000e-05	3.941538e-02	5.273730e+00
2.850000e-05	-3.486882e-03	5.423606e+00
2.851000e-05	-7.374367e-03	5.629922e+00
2.852000e-05	-3.257968e-02	5.777872e+00
2.853000e-05	1.459873e-02	5.986965e+00
2.854000e-05	-2.027112e-02	6.106184e+00
2.855000e-05	-1.084235e-02	6.263978e+00
2.856000e-05	2.534823e-02	6.377869e+00
2.857000e-05	-4.392666e-02	6.567768e+00
2.858000e-05	1.304903e-02	6.716764e+00
2.859000e-05	-1.707227e-02	6.854132e+00
2.860000e-05	-1.105693e-02	7.021027e+00
2.861000e-05	1.118716e-03	7.157339e+00
2.862000e-05	-1.436015e-02	7.265551e+00
2.863000e-05	7.158143e-03	7.411982e+00
2.864000e-05	-2.007571e-02	7.631520e+00
2.865000e-05	-5.463511e-03	7.746793e+00
2.866000e-05	-1.649827e-02	7.895626e+00
2.867000e-05	-3.738933e-03	8.031079e+00
2.868000e-05	-5.925603e-03	8.200318e+00
2.869000e-05	-1.228442e-02	8.283178e+00
2.870000e-05	-1.024192e-03	8.378898e+00
2.871000e-05	-8.421361e-03	8.475029e+00
2.872000e-05	-1.745771e-02	8.588441e+00
2.873000e-05	-1.651584e-02	8.674558e+00
2.874000e-05	-5.202637e-03	8.799471e+00
2.875000e-05	-4.436976e-04	8.823529e+00
2.876000e-05	-1.224399e-02	8.939763e+00
2.877000e-05	-1.640884e-02	9.094634e+00
2.878000e-05	-1.124184e-02	9.180948e+00
2.879000e-05	-7.691229e-03	9.263081e+00
2.880000e-05	-8.369188e-03	9.287314e+00
2.881000e-05	-1.370339e-02	9.402025e+00
2.882000e-05	-9.889250e-03	9.476108e+00
2.883000e-05	-1.163843e-02	9.567794e+00
2.884000e-05	-1.263270e-02	9.612450e+00
2.885000e-05	-1.446615e-02	9.718661e+00
2.886000e-05	-1.668423e-02	9.751317e+00
2.887000e-05	-1.151158e-02	9.863609e+00
2.888000e-05	-6.536620e-03	9.916719e+00
2.889000e-05	-7.223703e-03	9.989971e+00
2.890000e-05	-1.814239e-02	1.004152e+01
2.891000e-05	-1.833899e-02	1.008513e+01
2.892000e-05	-1.252552e-02	1.008571e+01
2.893000e-05	-9.729447e-03	1.011832e+01
2.894000e-05	-1.440337e-02	1.015087e+01
2.895000e-05	-1.880044e-02	1.024099e+01
2.896000e-05	-1.431481e-02	1.025201e+01
2.897000e-05	-1.573964e-02	1.024516e+01
2.898000e-05	-1.372276e-02	1.029521e+01
2.899000e-05	-1.671669e-02	1.028621e+01
2.900000e-05	-1.624060e-02	1.032679e+01
2.901000e-05	-1.426714e-02	1.031787e+01
2.902000e-05	-1.502730e-02	1.039677e+01
2.903000e-05	-1.846498e-02	1.029774e+01
2.904000e-05	-2.233704e-02	1.032624e+01
2.905000e-05	-1.815784e-02	1.031882e+01
2.906000e-05	-1.782340e-02	1.030736e+01
2.907000e-05	-1.833437e-02	1.031573e+01
2.908000e-05	-2.050100e-02	1.033582e+01
2.909000e-05	-2.178416e-02	1.028518e+01
2.910000e-05	-2.220950e-02	1.027561e+01
2.911000e-05	-2.216106e-02	1.024403e+01
2.912000e-05	-2.231338e-02	1.020255e+01
2.913000e-05	-2.389370e-02	1.016839e+01
2.914000e-05	-2.486996e-02	1.014835e+01
2.915000e-05	-2.628164e-02	1.012518e+01
2.916000e-05	-2.665446e-02	1.006415e+01
2.917000e-05	-2.879588e-02	1.003158e+01
2.918000e-05	-2.836258e-02	9.999924e+00
2.919000e-05	-2.807453e-02	9.938868e+00
2.920000e-05	-2.784908e-02	9.832682e+00
2.921000e-05	-3.037491e-02	9.781344e+00
2.922000e-05	-3.225377e-02	9.709213e+00
2.923000e-05	-3.077236e-02	9.632628e+00
2.924000e-05	-3.155689e-02	9.537893e+00
2.925000e-05	-3.175964e-02	9.496238e+00
2.926000e-05	-3.307866e-02	9.442426e+00
2.927000e-05	-3.326437e-02	9.318240e+00
2.928000e-05	-3.448664e-02	9.274184e+00
2.929000e-05	-3.584604e-02	9.219479e+00
2.930000e-05	-3.406317e-02	9.107787e+00
2.931000e-05	-3.496756e-02	8.982346e+00
2.932000e-05	-3.387337e-02	8.842608e+00
2.933000e-05	-3.663932e-02	8.798942e+00
2.934000e-05	-3.557734e-02	8.693661e+00
2.935000e-05	-3.787526e-02	8.608923e+00
2.936000e-05	-3.396131e-02	8.464133e+00
2.937000e-05	-3.604666e-02	8.358970e+00
2.938000e-05	-3.477301e-02	8.255637e+00
2.939000e-05	-3.663387e-02	8.167318e+00
2.940000e-05	-3.367735e-02	7.971923e+00
2.941000e-05	-3.524001e-02	7.874636e+00
2.942000e-05	-3.484010e-02	7.778921e+00
2.943000e-05	-3.523023e-02	7.622453e+00
2.944000e-05	-3.235575e-02	7.477234e+00
2.945000e-05	-3.080133e-02	7.345262e+00
2.946000e-05	-3.069780e-02	7.147871e+00
2.947000e-05	-3.101988e-02	7.043058e+00
2.948000e-05	-3.070846e-02	6.886631e+00
2.949000e-05	-2.878304e-02	6.790345e+00
2.950000e-05	-2.612513e-02	6.622575e+00
2.951000e-05	-2.576990e-02	6.442554e+00
2.952000e-05	-2.464883e-02	6.265711e+00
2.953000e-05	-2.424966e-02	6.149895e+00
2.954000e-05	-2.209935e-02	6.021579e+00
2.955000e-05	-2.269546e-02	5.874607e+00
2.956000e-05	-2.074782e-02	5.663162e+00
2.957000e-05	-1.909355e-02	5.486763e+00
2.958000e-05	-1.712607e-02	5.328364e+00
2.959000e-05	-1.656095e-02	5.150419e+00
2.960000e-05	-1.588979e-02	4.938391e+00
2.961000e-05	-1.596871e-02	4.760344e+00
2.962000e-05	-1.521761e-02	4.581549e+00
2.963000e-05	-1.408715e-02	4.453133e+00
2.964000e-05	-1.221932e-02	4.253287e+00
2.965000e-05	-1.220876e-02	4.052682e+00
2.966000e-05	-1.139952e-02	3.894186e+00
2.967000e-05	-1.174220e-02	3.728313e+00
2.968000e-05	-1.020461e-02	3.569921e+00
2.969000e-05	-1.023224e-02	3.387942e+00
2.970000e-05	-9.393813e-03	3.149896e+00
2.971000e-05	-1.024727e-02	3.021579e+00
2.972000e-05	-8.641885e-03	2.832130e+00
2.973000e-05	-9.311472e-03	2.665135e+00
2.974000e-05	-8.224083e-03	2.432105e+00
2.975000e-05	-8.297448e-03	2.231585e+00
2.976000e-05	-7.169718e-03	2.064659e+00
2.977000e-05	-6.709800e-03	1.886691e+00
2.978000e-05	-6.540360e-03	1.704431e+00
2.979000e-05	-7.147602e-03	1.444737e+00
2.980000e-05	-7.339989e-03	1.296267e+00
2.981000e-05	-6.205337e-03	1.114817e+00
2.982000e-05	-5.573227e-03	8.636055e-01
2.983000e-05	-5.559474e-03	6.736833e-01
2.984000e-05	-5.673683e-03	4.747620e-01
2.985000e-05	-4.656592e-03	2.982960e-01
2.986000e-05	-4.733326e-03	1.047658e-01
2.987000e-05	9.051518e-04	-9.363541e-02
2.988000e-05	5.372033e-04	-2.711052e-01
2.989000e-05	-2.147694e-03	-4.189750e-01
2.990000e-05	-1.139677e-04	-6.218720e-01
2.991000e-05	-2.536972e-03	-8.090010e-01
2.992000e-05	-1.584734e-03	-9.263919e-01
2.993000e-05	-3.116518e-04	-1.126263e+00
2.994000e-05	1.403972e-02	-1.277214e+00
2.995000e-05	8.905080e-02	-1.516213e+00
2.996000e-05	-2.019068e-02	-1.736416e+00
2.997000e-05	-4.297015e-02	-1.988422e+00
2.998000e-05	-4.088839e-02	-2.241578e+00
2.999000e-05	-9.710441e-02	-2.430048e+00
3.000000e-05	1.114500e-01	-2.442707e+00
3.001000e-05	7.618293e-02	-2.589450e+00
3.002000e-05	-1.688722e-01	-2.821055e+00
3.003000e-05	1.542201e-01	-3.008950e+00
3.004000e-05	-6.859746e-02	-3.179497e+00
3.005000e-05	-1.135645e-01	-3.379896e+00
3.006000e-05	1.746064e-01	-3.557288e+00
3.007000e-05	-9.513309e-02	-3.696213e+00
3.008000e-05	-5.201205e-02	-3.976264e+00
3.009000e-05	1.633655e-01	-4.100629e+00
3.010000e-05	-1.137372e-01	-4.294708e+00
3.011000e-05	7.883037e-02	-4.410051e+00
3.012000e-05	-7.799605e-02	-4.597822e+00
3.013000e-05	-5.915141e-02	-4.800849e+00
3.014000e-05	1.679839e-01	-4.957944e+00
3.015000e-05	-8.392784e-02	-5.106287e+00
3.016000e-05	4.087895e-02	-5.324734e+00
3.017000e-05	-2.243968e-02	-5.556288e+00
3.018000e-05	-2.215099e-02	-5.726189e+00
3.019000e-05	7.300072e-02	-5.862553e+00
3.020000e-05	-9.036187e-02	-6.000941e+00
3.021000e-05	1.018693e-01	-6.136218e+00
3.022000e-05	-4.820484e-02	-6.345342e+00
3.023000e-05	-1.213649e-02	-6.484183e+00
3.024000e-05	6.815649e-02	-6.643002e+00
3.025000e-05	-6.730434e-02	-6.778871e+00
3.026000e-05	6.989579e-02	-6.974709e+00
3.027000e-05	-6.336395e-02	-7.105661e+00
3.028000e-05	4.890403e-02	-7.273025e+00
3.029000e-05	2.373694e-02	-7.370843e+00
3.030000e-05	-3.892037e-02	-7.505637e+00
3.031000e-05	3.701904e-02	-7.684477e+00
3.032000e-05	-3.842536e-02	-7.790445e+00
3.033000e-05	5.331400e-02	-7.997823e+00
3.034000e-05	-2.451115e-02	-8.074634e+00
3.035000e-05	2.541260e-02	-8.218422e+00
3.036000e-05	1.859695e-02	-8.305161e+00
3.037000e-05	-2.592455e-02	-8.409976e+00
3.038000e-05	1.826517e-02	-8.485635e+00
3.039000e-05	-1.233840e-02	-8.623979e+00
3.040000e-05	4.697528e-02	-8.799347e+00
3.041000e-05	-1.761987e-02	-8.875109e+00
3.042000e-05	5.699690e-03	-8.947369e+00
3.043000e-05	6.682431e-03	-9.043500e+00
3.044000e-05	1.135923e-02	-9.137813e+00
3.045000e-05	1.308457e-02	-9.191050e+00
3.046000e-05	-8.231956e-03	-9.275578e+00
3.047000e-05	2.000401e-02	-9.438218e+00
3.048000e-05	1.092839e-03	-9.504560e+00
3.049000e-05	1.369749e-02	-9.599849e+00
3.050000e-05	1.227728e-03	-9.643580e+00
3.051000e-05	5.343225e-03	-9.716135e+00
3.052000e-05	3.959274e-03	-9.769345e+00
3.053000e-05	1.457456e-02	-9.830503e+00
3.054000e-05	2.057064e-02	-9.873659e+00
3.055000e-05	2.269028e-03	-9.966742e+00
3.056000e-05	9.250021e-04	-9.977821e+00
3.057000e-05	5.006072e-03	-1.000890e+01
3.058000e-05	1.879326e-02	-1.003155e+01
3.059000e-05	1.190395e-02	-1.013663e+01
3.060000e-05	5.246423e-03	-1.012661e+01
3.061000e-05	5.877152e-03	-1.019829e+01
3.062000e-05	9.971433e-03	-1.019130e+01
3.063000e-05	1.247436e-02	-1.027196e+01
3.064000e-05	9.839823e-03	-1.024416e+01
3.065000e-05	8.427265e-03	-1.031304e+01
3.066000e-05	1.216367e-02	-1.036724e+01
3.067000e-05	1.487851e-02	-1.035779e+01
3.068000e-05	1.078509e-02	-1.034529e+01
3.069000e-05	8.805349e-03	-1.037777e+01
3.070000e-05	8.759392e-03	-1.035730e+01
3.071000e-05	1.432605e-02	-1.037677e+01
3.072000e-05	1.545102e-02	-1.033675e+01
3.073000e-05	1.607462e-02	-1.032716e+01
3.074000e-05	1.343096e-02	-1.032666e+01
3.075000e-05	1.309495e-02	-1.028268e+01
3.076000e-05	1.465728e-02	-1.029295e+01
3.077000e-05	1.804882e-02	-1.024291e+01
3.078000e-05	1.951855e-02	-1.015932e+01
3.079000e-05	1.892362e-02	-1.014019e+01
3.080000e-05	1.961066e-02	-1.011506e+01
3.081000e-05	1.856197e-02	-1.006303e+01
3.082000e-05	1.775212e-02	-1.001103e+01
3.083000e-05	1.970334e-02	-9.978346e+00
3.084000e-05	2.286166e-02	-9.935717e+00
3.085000e-05	2.386435e-02	-9.864684e+00
3.086000e-05	2.368795e-02	-9.822504e+00
3.087000e-05	2.428516e-02	-9.819870e+00
3.088000e-05	2.430295e-02	-9.716163e+00
3.089000e-05	2.573437e-02	-9.654109e+00
3.090000e-05	2.519474e-02	-9.598428e+00
3.091000e-05	2.695066e-02	-9.539296e+00
3.092000e-05	2.671266e-02	-9.452505e+00
3.093000e-05	2.655697e-02	-9.356320e+00
3.094000e-05	2.579492e-02	-9.273058e+00
3.095000e-05	2.632662e-02	-9.179893e+00
3.096000e-05	2.793342e-02	-9.085637e+00
3.097000e-05	3.067192e-02	-8.988775e+00
3.098000e-05	3.121977e-02	-8.884184e+00
3.099000e-05	2.950502e-02	-8.810949e+00
3.100000e-05	2.715766e-02	-8.678092e+00
3.101000e-05	2.752069e-02	-8.587846e+00
3.102000e-05	2.840072e-02	-8.454532e+00
3.103000e-05	2.802830e-02	-8.338317e+00
3.104000e-05	2.821936e-02	-8.262555e+00
3.105000e-05	2.976205e-02	-8.158793e+00
3.106000e-05	2.920159e-02	-8.041058e+00
3.107000e-05	2.846259e-02	-7.905237e+00
3.108000e-05	2.723868e-02	-7.776766e+00
3.109000e-05	2.544556e-02	-7.580399e+00
3.110000e-05	2.668545e-02	-7.472584e+00
3.111000e-05	2.588371e-02	-7.296690e+00
3.112000e-05	2.538520e-02	-7.191424e+00
3.113000e-05	2.152154e-02	-7.064607e+00
3.114000e-05	2.110386e-02	-6.882687e+00
3.115000e-05	2.213007e-02	-6.746317e+00
3.116000e-05	2.272511e-02	-6.610350e+00
3.117000e-05	1.949237e-02	-6.454158e+00
3.118000e-05	1.843123e-02	-6.328319e+00
3.119000e-05	1.687071e-02	-6.157294e+00
3.120000e-05	1.568346e-02	-5.999968e+00
3.121000e-05	1.329792e-02	-5.842982e+00
3.122000e-05	1.272209e-02	-5.673688e+00
3.123000e-05	1.261212e-02	-5.528746e+00
3.124000e-05	1.167370e-02	-5.337840e+00
3.125000e-05	1.123539e-02	-5.167392e+00
3.126000e-05	8.502254e-03	-4.948342e+00
3.127000e-05	7.688953e-03	-4.694843e+00
3.128000e-05	5.396197e-03	-4.578394e+00
3.129000e-05	8.451878e-03	-4.431077e+00
3.130000e-05	4.734551e-03	-4.284063e+00
3.131000e-05	5.856617e-03	-4.096265e+00
3.132000e-05	2.653750e-03	-3.969900e+00
3.133000e-05	4.888932e-03	-3.745345e+00
3.134000e-05	1.700909e-03	-3.588372e+00
3.135000e-05	3.474840e-03	-3.380973e+00
3.136000e-05	1.626606e-03	-3.201480e+00
3.137000e-05	2.303976e-03	-3.012030e+00
3.138000e-05	1.224384e-03	-2.841105e+00
3.139000e-05	1.292079e-03	-2.673107e+00
3.140000e-05	-1.467674e-03	-2.444213e+00
3.141000e-05	2.382871e-04	-2.277242e+00
3.142000e-05	-4.630484e-04	-2.052660e+00
3.143000e-05	7.180500e-04	-1.905713e+00
3.144000e-05	-1.080876e-03	-1.734792e+00
3.145000e-05	-8.254866e-04	-1.538946e+00
3.146000e-05	-1.332064e-03	-1.333716e+00
3.147000e-05	-2.896190e-03	-1.084315e+00
3.148000e-05	-1.666184e-03	-9.056896e-01
3.149000e-05	-2.904054e-03	-7.559459e-01
3.150000e-05	-1.399647e-03	-5.142409e-01
3.151000e-05	-2.740460e-03	-3.683672e-01
3.152000e-05	-2.926230e-03	-1.475473e-01
3.153000e-05	1.592192e-03	1.002618e-02
3.154000e-05	3.606107e-03	2.210011e-01
3.155000e-05	-1.951511e-03	4.210500e-01
3.156000e-05	1.184072e-03	5.484212e-01
3.157000e-05	-2.876919e-03	7.563420e-01
3.158000e-05	-8.850439e-04	8.951842e-01
3.159000e-05	-2.640431e-03	1.134817e+00
3.160000e-05	3.637572e-03	1.314315e+00
3.161000e-05	2.473344e-02	1.476288e+00
3.162000e-05	7.096133e-02	1.739319e+00
3.163000e-05	-3.307234e-02	1.988923e+00
3.164000e-05	-4.286130e-02	2.188420e+00
3.165000e-05	-4.228737e-02	2.379869e+00
3.166000e-05	-7.117013e-02	2.453680e+00
3.167000e-05	3.002015e-02	2.653157e+00
3.168000e-05	1.357416e-01	2.839948e+00
3.169000e-05	-1.596357e-01	2.958471e+00
3.170000e-05	9.503409e-02	3.105336e+00
3.171000e-05	2.048667e-02	3.316214e+00
3.172000e-05	-1.059083e-01	3.546317e+00
3.173000e-05	8.992558e-02	3.644583e+00
3.174000e-05	-5.480456e-03	3.873104e+00
3.175000e-05	-9.448767e-02	4.031526e+00
3.176000e-05	9.394910e-02	4.242074e+00
3.177000e-05	-2.736525e-02	4.401051e+00
3.178000e-05	-8.507309e-03	4.589468e+00
3.179000e-05	-2.066922e-02	4.757920e+00
3.180000e-05	-5.310337e-02	4.988341e+00
3.181000e-05	5.270583e-02	5.209925e+00
3.182000e-05	-3.793156e-05	5.390421e+00
3.183000e-05	2.444593e-03	5.515842e+00
3.184000e-05	-3.704669e-02	5.664158e+00
3.185000e-05	4.959577e-03	5.883706e+00
3.186000e-05	2.522038e-03	6.032102e+00
3.187000e-05	-3.297806e-02	6.169972e+00
3.188000e-05	2.881898e-02	6.346266e+00
3.189000e-05	-1.864397e-02	6.453657e+00
3.190000e-05	-1.447869e-02	6.663580e+00
3.191000e-05	3.286002e-03	6.831049e+00
3.192000e-05	-2.592683e-02	6.946918e+00
3.193000e-05	4.395998e-03	7.082659e+00
3.194000e-05	-7.472543e-03	7.198448e+00
3.195000e-05	-1.477704e-03	7.337441e+00
3.196000e-05	-5.219593e-03	7.537808e+00
3.197000e-05	-1.961039e-02	7.664703e+00
3.198000e-05	-3.066871e-03	7.812475e+00
3.199000e-05	-1.449125e-02	7.968296e+00
3.200000e-05	-3.385807e-04	8.108260e+00
3.201000e-05	-1.337042e-02	8.212022e+00
3.202000e-05	-5.895546e-03	8.327788e+00
3.203000e-05	2.305217e-03	8.442054e+00
3.204000e-05	-1.873018e-02	8.537265e+00
3.205000e-05	-1.591175e-02	8.631470e+00
3.206000e-05	-1.658027e-02	8.716287e+00
3.207000e-05	4.942857e-03	8.801978e+00
3.208000e-05	-8.368511e-03	8.854162e+00
3.209000e-05	-1.529321e-02	9.040974e+00
3.210000e-05	-1.505106e-02	9.147291e+00
3.211000e-05	-9.979287e-03	9.242502e+00
3.212000e-05	-5.507959e-03	9.305761e+00
3.213000e-05	-1.352750e-02	9.368450e+00
3.214000e-05	-9.522158e-03	9.444581e+00
3.215000e-05	-1.206351e-02	9.507762e+00
3.216000e-05	-9.664440e-03	9.632998e+00
3.217000e-05	-1.436415e-02	9.654127e+00
3.218000e-05	-1.527694e-02	9.695165e+00
3.219000e-05	-1.579716e-02	9.832500e+00
3.220000e-05	-8.249457e-03	9.896260e+00
3.221000e-05	-5.017017e-03	9.937920e+00
3.222000e-05	-1.378632e-02	1.001200e+01
3.223000e-05	-1.990885e-02	1.006503e+01
3.224000e-05	-1.683732e-02	1.007569e+01
3.225000e-05	-9.529525e-03	1.012726e+01
3.226000e-05	-1.189663e-02	1.020036e+01
3.227000e-05	-1.723314e-02	1.020045e+01
3.228000e-05	-1.599891e-02	1.020398e+01
3.229000e-05	-1.586661e-02	1.026306e+01
3.230000e-05	-1.447694e-02	1.027516e+01
3.231000e-05	-1.657603e-02	1.030719e+01
3.232000e-05	-1.633112e-02	1.032676e+01
3.233000e-05	-1.546657e-02	1.031669e+01
3.234000e-05	-1.232340e-02	1.035879e+01
3.235000e-05	-1.823633e-02	1.031731e+01
3.236000e-05	-2.118892e-02	1.035784e+01
3.237000e-05	-2.159251e-02	1.034679e+01
3.238000e-05	-1.711866e-02	1.035827e+01
3.239000e-05	-1.672088e-02	1.031627e+01
3.240000e-05	-1.944088e-02	1.031817e+01
3.241000e-05	-2.104846e-02	1.029431e+01
3.242000e-05	-2.358647e-02	1.027458e+01
3.243000e-05	-2.228801e-02	1.023513e+01
3.244000e-05	-2.372057e-02	1.023293e+01
3.245000e-05	-2.307188e-02	1.019092e+01
3.246000e-05	-2.374165e-02	1.015989e+01
3.247000e-05	-2.493207e-02	1.010824e+01
3.248000e-05	-2.638214e-02	1.009719e+01
3.249000e-05	-2.892076e-02	1.005256e+01
3.250000e-05	-2.819743e-02	1.000148e+01
3.251000e-05	-2.806088e-02	9.927868e+00
3.252000e-05	-2.701729e-02	9.907207e+00
3.253000e-05	-2.989111e-02	9.792454e+00
3.254000e-05	-3.034591e-02	9.759293e+00
3.255000e-05	-3.069381e-02	9.655134e+00
3.256000e-05	-3.403943e-02	9.600377e+00
3.257000e-05	-3.336934e-02	9.507716e+00
3.258000e-05	-3.325650e-02	9.453128e+00
3.259000e-05	-3.060105e-02	9.389397e+00
3.260000e-05	-3.348265e-02	9.315713e+00
3.261000e-05	-3.420661e-02	9.212626e+00
3.262000e-05	-3.700623e-02	9.168317e+00
3.263000e-05	-3.497774e-02	9.065080e+00
3.264000e-05	-3.480555e-02	8.924791e+00
3.265000e-05	-3.454594e-02	8.791999e+00
3.266000e-05	-3.557980e-02	8.726741e+00
3.267000e-05	-3.717693e-02	8.632046e+00
3.268000e-05	-3.587468e-02	8.516214e+00
3.269000e-05	-3.546390e-02	8.442056e+00
3.270000e-05	-3.540110e-02	8.308296e+00
3.271000e-05	-3.606471e-02	8.170947e+00
3.272000e-05	-3.411736e-02	8.043159e+00
3.273000e-05	-3.469081e-02	7.925739e+00
3.274000e-05	-3.451853e-02	7.821978e+00
3.275000e-05	-3.523525e-02	7.703638e+00
3.276000e-05	-3.346145e-02	7.549770e+00
3.277000e-05	-3.241070e-02	7.408824e+00
3.278000e-05	-3.043655e-02	7.232003e+00
3.279000e-05	-3.001134e-02	7.054263e+00
3.280000e-05	-2.923705e-02	6.949892e+00
3.281000e-05	-2.942610e-02	6.840530e+00
3.282000e-05	-2.831817e-02	6.696164e+00
3.283000e-05	-2.640358e-02	6.496838e+00
3.284000e-05	-2.621967e-02	6.370295e+00
3.285000e-05	-2.416020e-02	6.241499e+00
3.286000e-05	-2.325740e-02	6.063634e+00
3.287000e-05	-2.211760e-02	5.949820e+00
3.288000e-05	-2.134436e-02	5.720925e+00
3.289000e-05	-1.980360e-02	5.559447e+00
3.290000e-05	-1.823113e-02	5.370979e+00
3.291000e-05	-1.840980e-02	5.222607e+00
3.292000e-05	-1.710212e-02	4.981461e+00
3.293000e-05	-1.593172e-02	4.852075e+00
3.294000e-05	-1.520216e-02	4.644630e+00
3.295000e-05	-1.459274e-02	4.486188e+00
3.296000e-05	-1.342715e-02	4.339919e+00
3.297000e-05	-1.260454e-02	4.149822e+00
3.298000e-05	-1.189561e-02	3.958395e+00
3.299000e-05	-1.185492e-02	3.780954e+00
3.300000e-05	-1.132707e-02	3.632057e+00
3.301000e-05	-1.050149e-02	3.462610e+00
3.302000e-05	-1.015560e-02	3.232580e+00
3.303000e-05	-1.004889e-02	3.054109e+00
3.304000e-05	-9.096919e-03	2.915739e+00
3.305000e-05	-8.502877e-03	2.729870e+00
3.306000e-05	-9.243901e-03	2.498870e+00
3.307000e-05	-8.546503e-03	2.305815e+00
3.308000e-05	-7.178678e-03	2.137845e+00
3.309000e-05	-7.425986e-03	2.009921e+00
3.310000e-05	-6.761859e-03	1.790100e+00
3.311000e-05	-7.320288e-03	1.601424e+00
3.312000e-05	-6.398336e-03	1.390445e+00
3.313000e-05	-6.850376e-03	1.190350e+00
3.314000e-05	-5.921299e-03	9.168724e-01
3.315000e-05	-5.602966e-03	7.790211e-01
3.316000e-05	-5.279373e-03	5.800200e-01
3.317000e-05	-5.137319e-03	4.095763e-01
3.318000e-05	-5.642583e-03	1.700524e-01
3.319000e-05	-1.878752e-03	-3.049868e-02
3.320000e-05	3.060416e-03	-1.688996e-01
3.321000e-05	-2.930824e-03	-3.563656e-01
3.322000e-05	1.194452e-03	-4.647391e-01
3.323000e-05	-4.010934e-03	-7.363419e-01
3.324000e-05	-1.688425e-03	-9.146842e-01
3.325000e-05	-2.876555e-03	-1.021079e+00
3.326000e-05	6.322940e-03	-1.181954e+00
3.327000e-05	5.041563e-02	-1.361022e+00
3.328000e-05	5.702031e-02	-1.590524e+00
3.329000e-05	-7.390477e-02	-1.923534e+00
3.330000e-05	-1.368657e-02	-2.085237e+00
3.331000e-05	-8.886552e-02	-2.376867e+00
3.332000e-05	-9.537468e-03	-2.472555e+00
3.333000e-05	1.700158e-01	-2.506313e+00
3.334000e-05	-1.305223e-01	-2.747791e+00
3.335000e-05	2.884118e-02	-2.907290e+00
3.336000e-05	1.310537e-01	-3.125212e+00
3.337000e-05	-1.819663e-01	-3.325763e+00
3.338000e-05	1.030612e-01	-3.504288e+00
3.339000e-05	6.781107e-02	-3.618050e+00
3.340000e-05	-1.693987e-01	-3.875105e+00
3.341000e-05	1.407192e-01	-4.010024e+00
3.342000e-05	-1.356955e-02	-4.209924e+00
3.343000e-05	-2.321006e-02	-4.409472e+00
3.344000e-05	4.938864e-02	-4.435210e+00
3.345000e-05	-1.609495e-01	-4.715636e+00
3.346000e-05	1.308153e-01	-4.955111e+00
3.347000e-05	2.951939e-02	-5.063180e+00
3.348000e-05	-6.285324e-02	-5.303032e+00
3.349000e-05	5.986600e-02	-5.449500e+00
3.350000e-05	-8.466679e-02	-5.631502e+00
3.351000e-05	9.441552e-02	-5.800924e+00
3.352000e-05	-5.334464e-02	-5.905786e+00
3.353000e-05	1.028818e-02	-6.084682e+00
3.354000e-05	6.553458e-02	-6.261530e+00
3.355000e-05	-9.565926e-02	-6.412004e+00
3.356000e-05	9.547246e-02	-6.577868e+00
3.357000e-05	-4.991061e-02	-6.725262e+00
3.358000e-05	2.286045e-02	-6.843158e+00
3.359000e-05	7.929947e-03	-7.030467e+00
3.360000e-05	-3.590545e-02	-7.218371e+00
3.361000e-05	8.984542e-02	-7.316188e+00
3.362000e-05	-6.216096e-02	-7.443501e+00
3.363000e-05	3.306366e-02	-7.598371e+00
3.364000e-05	-2.453075e-02	-7.746336e+00
3.365000e-05	1.996896e-02	-7.935389e+00
3.366000e-05	2.220732e-02	-8.010954e+00
3.367000e-05	-2.137349e-02	-8.167817e+00
3.368000e-05	5.137923e-02	-8.282105e+00
3.369000e-05	-3.093499e-02	-8.388870e+00
3.370000e-05	1.524926e-02	-8.473654e+00
3.371000e-05	-1.116549e-02	-8.597338e+00
3.372000e-05	2.732408e-02	-8.766237e+00
3.373000e-05	1.533501e-02	-8.820050e+00
3.374000e-05	-1.802317e-02	-8.916758e+00
3.375000e-05	1.765738e-02	-9.011474e+00
3.376000e-05	-3.172086e-04	-9.105210e+00
3.377000e-05	2.133020e-02	-9.167796e+00
3.378000e-05	-8.622820e-03	-9.233076e+00
3.379000e-05	1.352859e-02	-9.327738e+00
3.380000e-05	1.025070e-02	-9.402075e+00
3.381000e-05	6.671590e-03	-9.587790e+00
3.382000e-05	8.677844e-03	-9.610475e+00
3.383000e-05	7.392592e-04	-9.683662e+00
3.384000e-05	6.288188e-03	-9.745716e+00
3.385000e-05	6.630014e-03	-9.769447e+00
3.386000e-05	2.196360e-02	-9.831530e+00
3.387000e-05	9.332305e-03	-9.925714e+00
3.388000e-05	9.915360e-04	-9.968343e+00
3.389000e-05	1.211152e-03	-9.990295e+00
3.390000e-05	1.375294e-02	-1.005153e+01
3.391000e-05	1.601253e-02	-1.003353e+01
3.392000e-05	6.541903e-03	-1.011818e+01
3.393000e-05	6.040248e-03	-1.015722e+01
3.394000e-05	9.204628e-03	-1.020087e+01
3.395000e-05	1.189835e-02	-1.024306e+01
3.396000e-05	1.046669e-02	-1.026348e+01
3.397000e-05	8.488061e-03	-1.031316e+01
3.398000e-05	1.035434e-02	-1.031661e+01
3.399000e-05	1.471549e-02	-1.032832e+01
3.400000e-05	1.178720e-02	-1.035727e+01
3.401000e-05	1.012658e-02	-1.032874e+01
3.402000e-05	8.593955e-03	-1.038785e+01
3.403000e-05	1.252755e-02	-1.036680e+01
3.404000e-05	1.449569e-02	-1.038872e+01
3.405000e-05	1.712016e-02	-1.034679e+01
3.406000e-05	1.566080e-02	-1.033621e+01
3.407000e-05	1.306719e-02	-1.031516e+01
3.408000e-05	1.297038e-02	-1.026358e+01
3.409000e-05	1.562867e-02	-1.018243e+01
3.410000e-05	1.992432e-02	-1.016887e+01
3.411000e-05	1.856893e-02	-1.015824e+01
3.412000e-05	1.929619e-02	-1.009466e+01
3.413000e-05	1.874686e-02	-1.010561e+01
3.414000e-05	1.962207e-02	-1.003253e+01
3.415000e-05	1.866568e-02	-9.978847e+00
3.416000e-05	2.151501e-02	-9.957345e+00
3.417000e-05	2.367687e-02	-9.895234e+00
3.418000e-05	2.226141e-02	-9.853107e+00
3.419000e-05	2.380833e-02	-9.810500e+00
3.420000e-05	2.512091e-02	-9.715761e+00
3.421000e-05	2.584129e-02	-9.664183e+00
3.422000e-05	2.474421e-02	-9.640476e+00
3.423000e-05	2.538875e-02	-9.568424e+00
3.424000e-05	2.759987e-02	-9.523690e+00
3.425000e-05	2.759698e-02	-9.399819e+00
3.426000e-05	2.601085e-02	-9.284111e+00
3.427000e-05	2.492627e-02	-9.230399e+00
3.428000e-05	2.675534e-02	-9.155763e+00
3.429000e-05	3.005170e-02	-9.042026e+00
3.430000e-05	3.153749e-02	-8.886216e+00
3.431000e-05	3.025629e-02	-8.831003e+00
3.432000e-05	2.813848e-02	-8.796871e+00
3.433000e-05	2.896342e-02	-8.662006e+00
3.434000e-05	2.767348e-02	-8.527188e+00
3.435000e-05	2.751806e-02	-8.399526e+00
3.436000e-05	2.735304e-02	-8.323638e+00
3.437000e-05	2.839837e-02	-8.199899e+00
3.438000e-05	3.044423e-02	-8.073086e+00
3.439000e-05	2.993966e-02	-7.988318e+00
3.440000e-05	2.711673e-02	-7.841028e+00
3.441000e-05	2.729941e-02	-7.662130e+00
3.442000e-05	2.367988e-02	-7.507789e+00
3.443000e-05	2.680202e-02	-7.389350e+00
3.444000e-05	2.473275e-02	-7.262532e+00
3.445000e-05	2.477035e-02	-7.107767e+00
3.446000e-05	2.128049e-02	-6.965844e+00
3.447000e-05	2.240903e-02	-6.810548e+00
3.448000e-05	2.250916e-02	-6.653682e+00
3.449000e-05	2.204901e-02	-6.546238e+00
3.450000e-05	1.934956e-02	-6.429449e+00
3.451000e-05	1.740469e-02	-6.232058e+00
3.452000e-05	1.399261e-02	-6.053030e+00
3.453000e-05	1.377116e-02	-5.925787e+00
3.454000e-05	1.278190e-02	-5.758375e+00
3.455000e-05	1.397727e-02	-5.570050e+00
3.456000e-05	1.206022e-02	-5.430523e+00
3.457000e-05	1.130618e-02	-5.230552e+00
3.458000e-05	9.924576e-03	-5.052502e+00
3.459000e-05	9.089001e-03	-4.812655e+00
3.460000e-05	6.202797e-03	-4.661555e+00
3.461000e-05	5.847804e-03	-4.464662e+00
3.462000e-05	5.313216e-03	-4.337846e+00
3.463000e-05	5.277809e-03	-4.190350e+00
3.464000e-05	5.231298e-03	-4.040596e+00
3.465000e-05	3.067558e-03	-3.855109e+00
3.466000e-05	3.889541e-03	-3.622058e+00
3.467000e-05	1.834307e-03	-3.453182e+00
3.468000e-05	3.577823e-03	-3.315141e+00
3.469000e-05	3.723428e-03	-3.137817e+00
3.470000e-05	2.431738e-03	-2.905790e+00
3.471000e-05	-5.334559e-04	-2.766843e+00
3.472000e-05	-2.874326e-03	-2.558395e+00
3.473000e-05	1.208366e-04	-2.378950e+00
3.474000e-05	5.587787e-04	-2.190478e+00
3.475000e-05	1.165876e-03	-1.978999e+00
3.476000e-05	-1.610356e-03	-1.791082e+00
3.477000e-05	-1.511617e-03	-1.641428e+00
3.478000e-05	-7.406457e-04	-1.410054e+00
3.479000e-05	-1.528560e-05	-1.159924e+00
3.480000e-05	-2.755133e-03	-9.613526e-01
3.481000e-05	-2.551668e-03	-7.719553e-01
3.482000e-05	-3.073831e-03	-6.515240e-01
3.483000e-05	-1.281485e-03	-3.911013e-01
3.484000e-05	-3.275199e-03	-2.316570e-01
3.485000e-05	-7.859941e-05	-3.165683e-02
3.486000e-05	3.909185e-03	1.877907e-01
3.487000e-05	-1.106182e-03	3.579182e-01
3.488000e-05	1.262292e-03	4.967155e-01
3.489000e-05	-1.677410e-03	6.746576e-01
3.490000e-05	-3.160154e-03	8.501487e-01
3.491000e-05	-3.871508e-03	9.921550e-01
3.492000e-05	2.318472e-03	1.262152e+00
3.493000e-05	1.012510e-02	1.391023e+00
3.494000e-05	6.028650e-02	1.684656e+00
3.495000e-05	2.380985e-02	1.895283e+00
3.496000e-05	-5.738438e-02	2.054635e+00
3.497000e-05	-3.420120e-02	2.254155e+00
3.498000e-05	-5.877211e-02	2.402479e+00
3.499000e-05	-5.032344e-02	2.529291e+00
3.500000e-05	1.541529e-01	2.766866e+00
3.501000e-05	-5.659032e-02	2.906762e+00
3.502000e-05	-7.605883e-02	3.041603e+00
3.503000e-05	1.374046e-01	3.190423e+00
3.504000e-05	-1.083308e-01	3.454130e+00
3.505000e-05	2.153605e-03	3.579550e+00
3.506000e-05	8.717855e-02	3.770816e+00
3.507000e-05	-1.178163e-01	3.956920e+00
3.508000e-05	4.065237e-02	4.127784e+00
3.509000e-05	3.739720e-02	4.348390e+00
3.510000e-05	-4.112769e-02	4.475213e+00
3.511000e-05	9.167120e-03	4.705128e+00
3.512000e-05	-6.137137e-02	4.884755e+00
3.513000e-05	1.919193e-02	5.145185e+00
3.514000e-05	2.852317e-02	5.285662e+00
3.515000e-05	-3.401403e-03	5.493611e+00
3.516000e-05	-1.412834e-02	5.661147e+00
3.517000e-05	-2.376140e-02	5.770472e+00
3.518000e-05	1.523370e-02	5.999396e+00
3.519000e-05	-2.950131e-02	6.155738e+00
3.520000e-05	-1.890156e-03	6.264154e+00
3.521000e-05	2.076396e-02	6.399449e+00
3.522000e-05	-3.971325e-02	6.529392e+00
3.523000e-05	1.624248e-02	6.786865e+00
3.524000e-05	-2.458484e-02	6.853684e+00
3.525000e-05	-8.533296e-03	7.021979e+00
3.526000e-05	-1.307647e-03	7.146814e+00
3.527000e-05	-8.988865e-03	7.295158e+00
3.528000e-05	9.084336e-03	7.463558e+00
3.529000e-05	-2.584107e-02	7.592847e+00
3.530000e-05	-5.127829e-03	7.698341e+00
3.531000e-05	-1.696066e-02	7.877112e+00
3.532000e-05	1.275034e-03	8.063677e+00
3.533000e-05	-9.099717e-03	8.139422e+00
3.534000e-05	-1.293949e-02	8.275707e+00
3.535000e-05	1.029199e-03	8.369470e+00
3.536000e-05	-8.848143e-03	8.444161e+00
3.537000e-05	-1.666145e-02	8.549348e+00
3.538000e-05	-1.950768e-02	8.695558e+00
3.539000e-05	-3.474398e-03	8.798921e+00
3.540000e-05	-8.995803e-04	8.863476e+00
3.541000e-05	-1.118073e-02	8.888417e+00
3.542000e-05	-1.587272e-02	9.145304e+00
3.543000e-05	-1.232311e-02	9.230470e+00
3.544000e-05	-9.300848e-03	9.284606e+00
3.545000e-05	-9.463366e-03	9.316815e+00
3.546000e-05	-1.069440e-02	9.411098e+00
3.547000e-05	-9.999047e-03	9.485162e+00
3.548000e-05	-1.235246e-02	9.577367e+00
3.549000e-05	-1.398082e-02	9.632105e+00
3.550000e-05	-1.357252e-02	9.707761e+00
3.551000e-05	-1.634848e-02	9.771346e+00
3.552000e-05	-1.205613e-02	9.866183e+00
3.553000e-05	-7.322854e-03	9.956765e+00
3.554000e-05	-8.327879e-03	9.978421e+00
3.555000e-05	-1.736282e-02	1.003255e+01
3.556000e-05	-1.760785e-02	1.007508e+01
3.557000e-05	-1.238751e-02	1.012566e+01
3.558000e-05	-1.179723e-02	1.011879e+01
3.559000e-05	-1.414838e-02	1.017189e+01
3.560000e-05	-1.672127e-02	1.022047e+01
3.561000e-05	-1.448935e-02	1.027407e+01
3.562000e-05	-1.660455e-02	1.028319e+01
3.563000e-05	-1.464237e-02	1.029666e+01
3.564000e-05	-1.557913e-02	1.030621e+01
3.565000e-05	-1.538028e-02	1.034639e+01
3.566000e-05	-1.349099e-02	1.036684e+01
3.567000e-05	-1.628730e-02	1.033624e+01
3.568000e-05	-1.859259e-02	1.034779e+01
3.569000e-05	-2.204146e-02	1.030835e+01
3.570000e-05	-1.809077e-02	1.039675e+01
3.571000e-05	-1.830023e-02	1.031692e+01
3.572000e-05	-1.787535e-02	1.035619e+01
3.573000e-05	-1.987376e-02	1.027529e+01
3.574000e-05	-2.127812e-02	1.032413e+01
3.575000e-05	-2.235634e-02	1.025511e+01
3.576000e-05	-2.353907e-02	1.025250e+01
3.577000e-05	-2.306213e-02	1.022297e+01
3.578000e-05	-2.385417e-02	1.017035e+01
3.579000e-05	-2.380697e-02	1.013729e+01
3.580000e-05	-2.616233e-02	1.009569e+01
3.581000e-05	-2.666855e-02	1.008313e+01
3.582000e-05	-2.816058e-02	1.002053e+01
3.583000e-05	-2.856379e-02	9.969922e+00
3.584000e-05	-2.732979e-02	9.927267e+00
3.585000e-05	-2.786111e-02	9.863078e+00
3.586000e-05	-3.051022e-02	9.768417e+00
3.587000e-05	-3.314935e-02	9.676665e+00
3.588000e-05	-3.200566e-02	9.630977e+00
3.589000e-05	-3.284667e-02	9.549366e+00
3.590000e-05	-3.261828e-02	9.465709e+00
3.591000e-05	-3.276973e-02	9.401475e+00
3.592000e-05	-3.247789e-02	9.336738e+00
3.593000e-05	-3.348441e-02	9.244179e+00
3.594000e-05	-3.577756e-02	9.188471e+00
3.595000e-05	-3.523598e-02	9.066763e+00
3.596000e-05	-3.529578e-02	8.989447e+00
3.597000e-05	-3.248489e-02	8.844105e+00
3.598000e-05	-3.609241e-02	8.738892e+00
3.599000e-05	-3.594822e-02	8.684607e+00
3.600000e-05	-3.726033e-02	8.548899e+00
3.601000e-05	-3.544313e-02	8.454558e+00
3.602000e-05	-3.602818e-02	8.369397e+00
3.603000e-05	-3.496099e-02	8.293158e+00
3.604000e-05	-3.495404e-02	8.067260e+00
3.605000e-05	-3.468538e-02	8.011325e+00
3.606000e-05	-3.501455e-02	7.834684e+00
3.607000e-05	-3.432104e-02	7.726316e+00
3.608000e-05	-3.339824e-02	7.623503e+00
3.609000e-05	-3.342145e-02	7.465114e+00
3.610000e-05	-3.138465e-02	7.274258e+00
3.611000e-05	-2.984166e-02	7.147319e+00
3.612000e-05	-2.982886e-02	7.031550e+00
3.613000e-05	-3.006989e-02	6.896209e+00
3.614000e-05	-2.889550e-02	6.708869e+00
3.615000e-05	-2.660588e-02	6.579447e+00
3.616000e-05	-2.609026e-02	6.431525e+00
3.617000e-05	-2.421858e-02	6.255163e+00
3.618000e-05	-2.306766e-02	6.115340e+00
3.619000e-05	-2.319406e-02	6.010996e+00
3.620000e-05	-2.223171e-02	5.843030e+00
3.621000e-05	-2.063467e-02	5.652607e+00
3.622000e-05	-1.807418e-02	5.483663e+00
3.623000e-05	-1.778770e-02	5.328337e+00
3.624000e-05	-1.749204e-02	5.146318e+00
3.625000e-05	-1.636050e-02	4.895916e+00
3.626000e-05	-1.564365e-02	4.727241e+00
3.627000e-05	-1.423033e-02	4.568393e+00
3.628000e-05	-1.440306e-02	4.411052e+00
3.629000e-05	-1.280765e-02	4.251032e+00
3.630000e-05	-1.067142e-02	4.041549e+00
3.631000e-05	-1.188549e-02	3.864159e+00
3.632000e-05	-1.136327e-02	3.655764e+00
3.633000e-05	-1.149822e-02	3.548344e+00
3.634000e-05	-1.002009e-02	3.286369e+00
3.635000e-05	-8.811428e-03	3.127793e+00
3.636000e-05	-9.190411e-03	2.981471e+00
3.637000e-05	-8.720924e-03	2.820501e+00
3.638000e-05	-9.545846e-03	2.593153e+00
3.639000e-05	-8.787304e-03	2.401074e+00
3.640000e-05	-8.192900e-03	2.222029e+00
3.641000e-05	-6.838510e-03	2.061633e+00
3.642000e-05	-6.825276e-03	1.874188e+00
3.643000e-05	-6.996766e-03	1.672760e+00
3.644000e-05	-6.257343e-03	1.453160e+00
3.645000e-05	-6.849152e-03	1.274186e+00
3.646000e-05	-7.397055e-03	1.043131e+00
3.647000e-05	-6.029838e-03	8.621014e-01
3.648000e-05	-5.783299e-03	6.721355e-01
3.649000e-05	-4.185435e-03	4.252344e-01
3.650000e-05	-5.829282e-03	3.177609e-01
3.651000e-05	-4.200686e-03	6.220928e-02
3.652000e-05	1.521746e-03	-9.476041e-02
3.653000e-05	3.955536e-04	-2.647078e-01
3.654000e-05	-2.245536e-03	-4.395713e-01
3.655000e-05	-4.690226e-04	-6.109974e-01
3.656000e-05	-3.233601e-03	-8.500774e-01
3.657000e-05	-1.622469e-03	-9.768635e-01
3.658000e-05	1.486671e-03	-1.127818e+00
3.659000e-05	1.952035e-02	-1.314765e+00
3.660000e-05	9.270041e-02	-1.526361e+00
3.661000e-05	-4.252394e-02	-1.756870e+00
3.662000e-05	-3.164049e-02	-2.000451e+00
3.663000e-05	-5.338441e-02	-2.272257e+00
3.664000e-05	-8.956202e-02	-2.442058e+00
3.665000e-05	1.381578e-01	-2.503683e+00
3.666000e-05	3.011512e-02	-2.641103e+00
3.667000e-05	-1.446233e-01	-2.883081e+00
3.668000e-05	1.717344e-01	-3.059582e+00
3.669000e-05	-1.124132e-01	-3.231978e+00
3.670000e-05	-6.237449e-02	-3.400474e+00
3.671000e-05	1.706886e-01	-3.538390e+00
3.672000e-05	-1.335493e-01	-3.767869e+00
3.673000e-05	1.079097e-03	-3.977269e+00
3.674000e-05	1.387863e-01	-4.094233e+00
3.675000e-05	-1.114882e-01	-4.357288e+00
3.676000e-05	9.162463e-02	-4.441503e+00
3.677000e-05	-1.153444e-01	-4.650025e+00
3.678000e-05	-9.241829e-03	-4.811502e+00
3.679000e-05	1.514844e-01	-4.987896e+00
3.680000e-05	-9.924072e-02	-5.158896e+00
3.681000e-05	6.103931e-02	-5.379245e+00
3.682000e-05	-4.860856e-02	-5.565789e+00
3.683000e-05	7.850232e-03	-5.745815e+00
3.684000e-05	4.667120e-02	-5.903156e+00
3.685000e-05	-7.977796e-02	-6.010900e+00
3.686000e-05	1.105666e-01	-6.159412e+00
3.687000e-05	-7.715045e-02	-6.369392e+00
3.688000e-05	2.013193e-02	-6.515737e+00
3.689000e-05	4.300931e-02	-6.652049e+00
3.690000e-05	-5.325701e-02	-6.829399e+00
3.691000e-05	6.577362e-02	-6.966736e+00
3.692000e-05	-7.156134e-02	-7.166185e+00
3.693000e-05	7.206865e-02	-7.242653e+00
3.694000e-05	-1.842750e-03	-7.407872e+00
3.695000e-05	-2.254431e-02	-7.546742e+00
3.696000e-05	2.476887e-02	-7.643558e+00
3.697000e-05	-3.054671e-02	-7.851858e+00
3.698000e-05	5.453903e-02	-8.007897e+00
3.699000e-05	-3.191196e-02	-8.104184e+00
3.700000e-05	3.610793e-02	-8.239976e+00
3.701000e-05	3.903694e-03	-8.355737e+00
3.702000e-05	-1.678490e-02	-8.440478e+00
3.703000e-05	1.413842e-02	-8.494787e+00
3.704000e-05	-6.577786e-03	-8.664133e+00
3.705000e-05	4.390480e-02	-8.809847e+00
3.706000e-05	-2.337581e-02	-8.853583e+00
3.707000e-05	1.216831e-02	-8.987343e+00
3.708000e-05	3.943033e-03	-9.062525e+00
3.709000e-05	1.438001e-02	-9.156739e+00
3.710000e-05	6.761178e-03	-9.228922e+00
3.711000e-05	-4.807187e-03	-9.267157e+00
3.712000e-05	2.044287e-02	-9.359214e+00
3.713000e-05	1.686244e-03	-9.495112e+00
3.714000e-05	1.299911e-02	-9.609896e+00
3.715000e-05	-9.075974e-04	-9.662549e+00
3.716000e-05	6.018522e-03	-9.684690e+00
3.717000e-05	5.123483e-03	-9.777315e+00
3.718000e-05	1.548367e-02	-9.841503e+00
3.719000e-05	1.766059e-02	-9.875657e+00
3.720000e-05	1.299890e-03	-9.966818e+00
3.721000e-05	2.223610e-03	-9.948347e+00
3.722000e-05	6.385663e-03	-1.003095e+01
3.723000e-05	1.840923e-02	-1.005560e+01
3.724000e-05	8.955640e-03	-1.009463e+01
3.725000e-05	5.282119e-03	-1.012659e+01
3.726000e-05	8.009923e-03	-1.016927e+01
3.727000e-05	1.077266e-02	-1.024191e+01
3.728000e-05	1.204566e-02	-1.026398e+01
3.729000e-05	9.341051e-03	-1.026246e+01
3.730000e-05	9.643576e-03	-1.028513e+01
3.731000e-05	1.052528e-02	-1.031466e+01
3.732000e-05	1.507233e-02	-1.034824e+01
3.733000e-05	8.908278e-03	-1.035677e+01
3.734000e-05	1.003287e-02	-1.037679e+01
3.735000e-05	1.076843e-02	-1.035931e+01
3.736000e-05	1.470195e-02	-1.034782e+01
3.737000e-05	1.476856e-02	-1.034677e+01
3.738000e-05	1.520802e-02	-1.031512e+01
3.739000e-05	1.478474e-02	-1.031514e+01
3.740000e-05	1.251104e-02	-1.030401e+01
3.741000e-05	1.416805e-02	-1.031346e+01
3.742000e-05	1.904110e-02	-1.023197e+01
3.743000e-05	1.822985e-02	-1.016780e+01
3.744000e-05	1.944266e-02	-1.016879e+01
3.745000e-05	1.786344e-02	-1.008506e+01
3.746000e-05	2.031853e-02	-1.005316e+01
3.747000e-05	1.890304e-02	-1.003043e+01
3.748000e-05	2.164805e-02	-9.967872e+00
3.749000e-05	2.427500e-02	-9.936215e+00
3.750000e-05	2.351690e-02	-9.884086e+00
3.751000e-05	2.138761e-02	-9.843953e+00
3.752000e-05	2.353856e-02	-9.757819e+00
3.753000e-05	2.580949e-02	-9.725663e+00
3.754000e-05	2.444556e-02	-9.663105e+00
3.755000e-05	2.467036e-02	-9.639927e+00
3.756000e-05	2.774594e-02	-9.507321e+00
3.757000e-05	2.871304e-02	-9.420984e+00
3.758000e-05	2.738740e-02	-9.316912e+00
3.759000e-05	2.513984e-02	-9.262004e+00
3.760000e-05	2.698004e-02	-9.178319e+00
3.761000e-05	2.864918e-02	-9.083607e+00
3.762000e-05	3.042556e-02	-8.966845e+00
3.763000e-05	2.840004e-02	-8.914638e+00
3.764000e-05	2.711079e-02	-8.820904e+00
3.765000e-05	2.747089e-02	-8.727058e+00
3.766000e-05	2.903099e-02	-8.579951e+00
3.767000e-05	3.012327e-02	-8.492553e+00
3.768000e-05	2.942300e-02	-8.307290e+00
3.769000e-05	2.876480e-02	-8.252430e+00
3.770000e-05	2.877298e-02	-8.076715e+00
3.771000e-05	2.828823e-02	-7.990427e+00
3.772000e-05	2.691270e-02	-7.906113e+00
3.773000e-05	2.565177e-02	-7.676793e+00
3.774000e-05	2.669442e-02	-7.568395e+00
3.775000e-05	2.785808e-02	-7.493080e+00
3.776000e-05	2.654269e-02	-7.301709e+00
3.777000e-05	2.498234e-02	-7.180375e+00
3.778000e-05	2.142716e-02	-7.013109e+00
3.779000e-05	2.151442e-02	-6.882061e+00
3.780000e-05	2.213837e-02	-6.696243e+00
3.781000e-05	2.126995e-02	-6.611351e+00
3.782000e-05	1.949611e-02	-6.452108e+00
3.783000e-05	1.750278e-02	-6.276213e+00
3.784000e-05	1.758610e-02	-6.127265e+00
3.785000e-05	1.525431e-02	-5.956350e+00
3.786000e-05	1.459970e-02	-5.801979e+00
3.787000e-05	1.217473e-02	-5.683630e+00
3.788000e-05	1.354793e-02	-5.477746e+00
3.789000e-05	1.149659e-02	-5.316216e+00
3.790000e-05	1.041726e-02	-5.124687e+00
3.791000e-05	8.287001e-03	-4.939742e+00
3.792000e-05	8.160148e-03	-4.683743e+00
3.793000e-05	6.513434e-03	-4.538770e+00
3.794000e-05	7.392125e-03	-4.421003e+00
3.795000e-05	5.522973e-03	-4.261633e+00
3.796000e-05	5.137731e-03	-4.096088e+00
3.797000e-05	2.569238e-03	-3.898846e+00
3.798000e-05	4.382155e-03	-3.705765e+00
3.799000e-05	3.361606e-03	-3.588367e+00
3.800000e-05	4.202113e-03	-3.400774e+00
3.801000e-05	7.950950e-04	-3.211453e+00
3.802000e-05	1.955464e-03	-3.011479e+00
3.803000e-05	3.325184e-04	-2.840528e+00
3.804000e-05	1.430287e-03	-2.641079e+00
3.805000e-05	-1.677406e-03	-2.472111e+00
3.806000e-05	2.962841e-04	-2.263663e+00
3.807000e-05	6.014009e-04	-2.051159e+00
3.808000e-05	4.437805e-04	-1.902734e+00
3.809000e-05	-1.074497e-03	-1.705221e+00
3.810000e-05	-1.074499e-03	-1.557371e+00
3.811000e-05	-1.563417e-03	-1.273241e+00
3.812000e-05	-2.156357e-03	-1.073688e+00
3.813000e-05	-2.938219e-03	-8.936833e-01
3.814000e-05	-3.851515e-03	-7.061946e-01
3.815000e-05	-1.181205e-03	-4.726620e-01
3.816000e-05	-1.934999e-03	-3.257172e-01
3.817000e-05	-1.316157e-03	-1.468920e-01
3.818000e-05	2.329529e-03	1.205126e-02
3.819000e-05	2.434719e-03	2.640828e-01
3.820000e-05	-2.293770e-03	4.320263e-01
3.821000e-05	2.271358e-03	5.889714e-01
3.822000e-05	-3.521227e-03	7.674672e-01
3.823000e-05	-2.630924e-03	8.652842e-01
3.824000e-05	-2.134630e-03	1.137442e+00
3.825000e-05	5.798826e-03	1.348367e+00
3.826000e-05	3.194674e-02	1.505866e+00
3.827000e-05	6.428136e-02	1.791574e+00
3.828000e-05	-4.552377e-02	2.000474e+00
3.829000e-05	-3.876489e-02	2.168923e+00
3.830000e-05	-4.448278e-02	2.366945e+00
3.831000e-05	-7.157953e-02	2.453260e+00
3.832000e-05	6.177635e-02	2.653707e+00
3.833000e-05	1.008330e-01	2.822553e+00
3.834000e-05	-1.677084e-01	3.001001e+00
3.835000e-05	1.242527e-01	3.116314e+00
3.836000e-05	-1.743469e-02	3.350841e+00
3.837000e-05	-8.566752e-02	3.568797e+00
3.838000e-05	1.035490e-01	3.674678e+00
3.839000e-05	-4.147134e-02	3.894583e+00
3.840000e-05	-6.956592e-02	4.041026e+00
3.841000e-05	9.114447e-02	4.232605e+00
3.842000e-05	-3.776743e-02	4.422579e+00
3.843000e-05	6.459359e-04	4.621520e+00
3.844000e-05	-3.134750e-02	4.768871e+00
3.845000e-05	-4.172599e-02	4.952497e+00
3.846000e-05	5.277748e-02	5.204499e+00
3.847000e-05	-2.532519e-03	5.390468e+00
3.848000e-05	3.555992e-03	5.548372e+00
3.849000e-05	-3.949031e-02	5.676158e+00
3.850000e-05	8.723777e-03	5.905711e+00
3.851000e-05	-4.613081e-03	6.022555e+00
3.852000e-05	-2.850065e-02	6.209446e+00
3.853000e-05	3.203242e-02	6.336842e+00
3.854000e-05	-3.064205e-02	6.454157e+00
3.855000e-05	-4.801913e-03	6.695658e+00
3.856000e-05	-1.195646e-03	6.831952e+00
3.857000e-05	-2.043042e-02	7.008870e+00
3.858000e-05	3.729124e-03	7.096658e+00
3.859000e-05	-1.174569e-02	7.223021e+00
3.860000e-05	1.298123e-03	7.329361e+00
3.861000e-05	-8.832123e-03	7.526288e+00
3.862000e-05	-1.577395e-02	7.675184e+00
3.863000e-05	-7.657234e-03	7.832548e+00
3.864000e-05	-1.313592e-02	7.971398e+00
3.865000e-05	6.540289e-04	8.136864e+00
3.866000e-05	-1.270460e-02	8.242526e+00
3.867000e-05	-4.324445e-03	8.378371e+00
3.868000e-05	-1.539879e-03	8.423026e+00
3.869000e-05	-1.869203e-02	8.568864e+00
3.870000e-05	-1.477713e-02	8.651528e+00
3.871000e-05	-1.385507e-02	8.726317e+00
3.872000e-05	3.387127e-03	8.832378e+00
3.873000e-05	-1.071873e-02	8.918684e+00
3.874000e-05	-1.592334e-02	9.043031e+00
3.875000e-05	-1.352741e-02	9.167897e+00
3.876000e-05	-9.777644e-03	9.254550e+00
3.877000e-05	-6.314789e-03	9.286282e+00
3.878000e-05	-1.418361e-02	9.350369e+00
3.879000e-05	-9.532958e-03	9.443053e+00
3.880000e-05	-1.222612e-02	9.526813e+00
3.881000e-05	-1.046687e-02	9.620475e+00
3.882000e-05	-1.488461e-02	9.696553e+00
3.883000e-05	-1.596486e-02	9.749190e+00
3.884000e-05	-1.453787e-02	9.802527e+00
3.885000e-05	-7.972712e-03	9.955692e+00
3.886000e-05	-5.597731e-03	9.960395e+00
3.887000e-05	-1.616072e-02	9.991550e+00
3.888000e-05	-1.839017e-02	1.005458e+01
3.889000e-05	-1.557358e-02	1.010521e+01
3.890000e-05	-9.297635e-03	1.012777e+01
3.891000e-05	-1.296746e-02	1.013832e+01
3.892000e-05	-1.784185e-02	1.020295e+01
3.893000e-05	-1.539674e-02	1.024200e+01
3.894000e-05	-1.648704e-02	1.025360e+01
3.895000e-05	-1.310566e-02	1.028366e+01
3.896000e-05	-1.541601e-02	1.029529e+01
3.897000e-05	-1.542766e-02	1.031616e+01
3.898000e-05	-1.574731e-02	1.031676e+01
3.899000e-05	-1.284353e-02	1.033674e+01
3.900000e-05	-1.849741e-02	1.032637e+01
3.901000e-05	-2.191140e-02	1.035734e+01
3.902000e-05	-2.032073e-02	1.030782e+01
3.903000e-05	-1.707044e-02	1.032777e+01
3.904000e-05	-1.726433e-02	1.030629e+01
3.905000e-05	-2.028848e-02	1.031471e+01
3.906000e-05	-2.143031e-02	1.028731e+01
3.907000e-05	-2.199049e-02	1.028310e+01
3.908000e-05	-2.147229e-02	1.024461e+01
3.909000e-05	-2.316955e-02	1.020150e+01
3.910000e-05	-2.306760e-02	1.016047e+01
3.911000e-05	-2.423528e-02	1.013884e+01
3.912000e-05	-2.540606e-02	1.011676e+01
3.913000e-05	-2.645255e-02	1.006513e+01
3.914000e-05	-2.786942e-02	1.004305e+01
3.915000e-05	-2.773439e-02	1.001097e+01
3.916000e-05	-2.881028e-02	9.948371e+00
3.917000e-05	-2.776282e-02	9.854736e+00
3.918000e-05	-2.965706e-02	9.759949e+00
3.919000e-05	-2.994280e-02	9.778293e+00
3.920000e-05	-3.151422e-02	9.632555e+00
3.921000e-05	-3.221516e-02	9.570369e+00
3.922000e-05	-3.258197e-02	9.527264e+00
3.923000e-05	-3.347361e-02	9.473077e+00
3.924000e-05	-3.167331e-02	9.366372e+00
3.925000e-05	-3.410487e-02	9.266687e+00
3.926000e-05	-3.423510e-02	9.232578e+00
3.927000e-05	-3.676497e-02	9.138742e+00
3.928000e-05	-3.451325e-02	8.981527e+00
3.929000e-05	-3.494689e-02	8.907163e+00
3.930000e-05	-3.428584e-02	8.792421e+00
3.931000e-05	-3.623832e-02	8.695212e+00
3.932000e-05	-3.636847e-02	8.591476e+00
3.933000e-05	-3.513817e-02	8.485787e+00
3.934000e-05	-3.668383e-02	8.411451e+00
3.935000e-05	-3.557337e-02	8.264688e+00
3.936000e-05	-3.561987e-02	8.160348e+00
3.937000e-05	-3.362346e-02	8.043134e+00
3.938000e-05	-3.449417e-02	7.927765e+00
3.939000e-05	-3.389645e-02	7.820500e+00
3.940000e-05	-3.581800e-02	7.645683e+00
3.941000e-05	-3.410884e-02	7.526919e+00
3.942000e-05	-3.194019e-02	7.347925e+00
3.943000e-05	-3.029737e-02	7.191577e+00
3.944000e-05	-2.962820e-02	7.064663e+00
3.945000e-05	-3.055468e-02	6.926767e+00
3.946000e-05	-2.916604e-02	6.802000e+00
3.947000e-05	-2.714340e-02	6.605133e+00
3.948000e-05	-2.581886e-02	6.483159e+00
3.949000e-05	-2.675402e-02	6.347745e+00
3.950000e-05	-2.460614e-02	6.180498e+00
3.951000e-05	-2.264154e-02	6.043155e+00
3.952000e-05	-2.165847e-02	5.937713e+00
3.953000e-05	-2.103720e-02	5.726842e+00
3.954000e-05	-2.008849e-02	5.599370e+00
3.955000e-05	-1.842227e-02	5.401496e+00
3.956000e-05	-1.654919e-02	5.204080e+00
3.957000e-05	-1.629914e-02	5.001473e+00
3.958000e-05	-1.594449e-02	4.800975e+00
3.959000e-05	-1.591775e-02	4.612604e+00
3.960000e-05	-1.501550e-02	4.484185e+00
3.961000e-05	-1.228693e-02	4.296865e+00
3.962000e-05	-1.148058e-02	4.116735e+00
3.963000e-05	-1.130602e-02	3.968793e+00
3.964000e-05	-1.185518e-02	3.769971e+00
3.965000e-05	-1.043535e-02	3.611552e+00
3.966000e-05	-1.011529e-02	3.464106e+00
3.967000e-05	-1.049206e-02	3.231031e+00
3.968000e-05	-9.456433e-03	3.072582e+00
3.969000e-05	-9.028297e-03	2.874265e+00
3.970000e-05	-8.730578e-03	2.697767e+00
3.971000e-05	-9.031145e-03	2.464261e+00
3.972000e-05	-9.112244e-03	2.253711e+00
3.973000e-05	-7.180406e-03	2.106295e+00
3.974000e-05	-6.970333e-03	1.947846e+00
3.975000e-05	-6.357861e-03	1.757471e+00
3.976000e-05	-6.635299e-03	1.508919e+00
3.977000e-05	-6.833764e-03	1.338946e+00
3.978000e-05	-6.702328e-03	1.128996e+00
3.979000e-05	-5.862453e-03	9.182173e-01
3.980000e-05	-5.615673e-03	7.278946e-01
3.981000e-05	-4.967718e-03	5.174213e-01
3.982000e-05	-4.579870e-03	4.094476e-01
3.983000e-05	-5.195846e-03	1.476012e-01
3.984000e-05	-8.700289e-04	-5.105514e-02
3.985000e-05	2.735160e-03	-2.199747e-01
3.986000e-05	-3.068109e-03	-3.478694e-01
3.987000e-05	8.599473e-04	-5.348104e-01
3.988000e-05	-3.199311e-03	-7.467918e-01
3.989000e-05	-6.921622e-04	-9.052418e-01
3.990000e-05	-2.752465e-03	-1.042629e+00
3.991000e-05	7.563853e-03	-1.250580e+00
3.992000e-05	6.324731e-02	-1.460103e+00
3.993000e-05	3.560818e-02	-1.662155e+00
3.994000e-05	-6.879584e-02	-1.905214e+00
3.995000e-05	-1.683628e-02	-2.177392e+00
3.996000e-05	-9.468601e-02	-2.368796e+00
3.997000e-05	2.672277e-02	-2.453630e+00
3.998000e-05	1.551660e-01	-2.526293e+00
3.999000e-05	-1.550378e-01	-2.788368e+00
4.000000e-05	8.833330e-02	-2.988411e+00
4.001000e-05	7.945016e-02	-3.156238e+00
4.002000e-05	-1.792764e-01	-3.366262e+00
4.003000e-05	1.339305e-01	-3.505164e+00
4.004000e-05	2.193282e-02	-3.652578e+00
4.005000e-05	-1.472505e-01	-3.864710e+00
4.006000e-05	1.642367e-01	-4.021051e+00
4.007000e-05	-5.709873e-02	-4.221501e+00
4.008000e-05	1.397523e-02	-4.399974e+00
4.009000e-05	1.470032e-02	-4.566307e+00
4.010000e-05	-1.462519e-01	-4.737792e+00
4.011000e-05	1.556090e-01	-4.904817e+00
4.012000e-05	-1.245008e-02	-5.064608e+00
4.013000e-05	-3.213188e-02	-5.302132e+00
4.014000e-05	4.022613e-02	-5.464603e+00
4.015000e-05	-7.395419e-02	-5.653681e+00
4.016000e-05	1.008217e-01	-5.829974e+00
4.017000e-05	-7.625861e-02	-5.977245e+00
4.018000e-05	4.257562e-02	-6.086187e+00
4.019000e-05	3.354353e-02	-6.284637e+00
4.020000e-05	-7.835575e-02	-6.452529e+00
4.021000e-05	9.739425e-02	-6.588368e+00
4.022000e-05	-6.607283e-02	-6.736789e+00
4.023000e-05	4.438511e-02	-6.894555e+00
4.024000e-05	-1.495979e-02	-7.060543e+00
4.025000e-05	-1.240263e-02	-7.190472e+00
4.026000e-05	7.622801e-02	-7.335782e+00
4.027000e-05	-6.353962e-02	-7.464028e+00
4.028000e-05	4.052994e-02	-7.589427e+00
4.029000e-05	-3.489448e-02	-7.798395e+00
4.030000e-05	3.509935e-02	-7.975763e+00
4.031000e-05	7.226236e-03	-8.032105e+00
4.032000e-05	-9.860844e-03	-8.169340e+00
4.033000e-05	4.560340e-02	-8.283611e+00
4.034000e-05	-3.392897e-02	-8.408873e+00
4.035000e-05	2.050577e-02	-8.434581e+00
4.036000e-05	-1.603240e-02	-8.601394e+00
4.037000e-05	3.657636e-02	-8.766821e+00
4.038000e-05	4.414499e-03	-8.831501e+00
4.039000e-05	-1.173457e-02	-8.944795e+00
4.040000e-05	1.554427e-02	-9.031424e+00
4.041000e-05	1.430124e-03	-9.126708e+00
4.042000e-05	2.149690e-02	-9.189397e+00
4.043000e-05	-1.022920e-02	-9.245007e+00
4.044000e-05	1.745941e-02	-9.326840e+00
4.045000e-05	6.579270e-03	-9.482977e+00
4.046000e-05	8.366845e-03	-9.608795e+00
4.047000e-05	5.244538e-03	-9.642502e+00
4.048000e-05	1.449675e-03	-9.695157e+00
4.049000e-05	6.368327e-03	-9.734741e+00
4.050000e-05	8.393234e-03	-9.789424e+00
4.051000e-05	2.248794e-02	-9.875055e+00
4.052000e-05	6.121875e-03	-9.946234e+00
4.053000e-05	1.250106e-03	-9.998843e+00
4.054000e-05	1.550830e-03	-1.000890e+01
4.055000e-05	1.575344e-02	-1.002203e+01
4.056000e-05	1.431693e-02	-1.005221e+01
4.057000e-05	5.841430e-03	-1.009616e+01
4.058000e-05	5.492248e-03	-1.014664e+01
4.059000e-05	8.871773e-03	-1.022035e+01
4.060000e-05	1.242481e-02	-1.025200e+01
4.061000e-05	1.128340e-02	-1.030453e+01
4.062000e-05	8.743893e-03	-1.033424e+01
4.063000e-05	9.593272e-03	-1.035621e+01
4.064000e-05	1.501798e-02	-1.035827e+01
4.065000e-05	1.262824e-02	-1.035727e+01
4.066000e-05	8.904562e-03	-1.034842e+01
4.067000e-05	8.536231e-03	-1.036827e+01
4.068000e-05	1.278460e-02	-1.033577e+01
4.069000e-05	1.546205e-02	-1.033675e+01
4.070000e-05	1.584506e-02	-1.036682e+01
4.071000e-05	1.520568e-02	-1.033664e+01
4.072000e-05	1.264038e-02	-1.033711e+01
4.073000e-05	1.361455e-02	-1.029298e+01
4.074000e-05	1.741227e-02	-1.026285e+01
4.075000e-05	1.888207e-02	-1.023092e+01
4.076000e-05	1.872245e-02	-1.020729e+01
4.077000e-05	1.772447e-02	-1.011778e+01
4.078000e-05	1.922995e-02	-1.009308e+01
4.079000e-05	1.935854e-02	-1.004255e+01
4.080000e-05	1.977509e-02	-9.990371e+00
4.081000e-05	2.282105e-02	-9.967743e+00
4.082000e-05	2.407864e-02	-9.915162e+00
4.083000e-05	2.210303e-02	-9.853558e+00
4.084000e-05	2.256316e-02	-9.808397e+00
4.085000e-05	2.433362e-02	-9.738290e+00
4.086000e-05	2.535128e-02	-9.673658e+00
4.087000e-05	2.443495e-02	-9.602503e+00
4.088000e-05	2.660369e-02	-9.597869e+00
4.089000e-05	2.787235e-02	-9.531006e+00
4.090000e-05	2.790851e-02	-9.360866e+00
4.091000e-05	2.625212e-02	-9.253110e+00
4.092000e-05	2.667022e-02	-9.169425e+00
4.093000e-05	2.781109e-02	-9.115613e+00
4.094000e-05	2.933867e-02	-9.021949e+00
4.095000e-05	2.919958e-02	-8.946762e+00
4.096000e-05	2.824678e-02	-8.812054e+00
4.097000e-05	2.822934e-02	-8.769318e+00
4.098000e-05	2.864889e-02	-8.673457e+00
4.099000e-05	2.951054e-02	-8.494662e+00
4.100000e-05	2.981617e-02	-8.408897e+00
4.101000e-05	2.864507e-02	-8.284087e+00
4.102000e-05	2.925895e-02	-8.159895e+00
4.103000e-05	2.849500e-02	-8.063683e+00
4.104000e-05	2.746393e-02	-7.959822e+00
4.105000e-05	2.694988e-02	-7.819327e+00
4.106000e-05	2.639464e-02	-7.621579e+00
4.107000e-05	2.666985e-02	-7.505691e+00
4.108000e-05	2.568950e-02	-7.378395e+00
4.109000e-05	2.560102e-02	-7.250505e+00
4.110000e-05	2.398174e-02	-7.135135e+00
4.111000e-05	2.251417e-02	-6.936740e+00
4.112000e-05	2.174790e-02	-6.788896e+00
4.113000e-05	2.198141e-02	-6.652582e+00
4.114000e-05	1.974868e-02	-6.505763e+00
4.115000e-05	1.903186e-02	-6.389949e+00
4.116000e-05	1.727911e-02	-6.208511e+00
4.117000e-05	1.667395e-02	-6.031004e+00
4.118000e-05	1.472130e-02	-5.883134e+00
4.119000e-05	1.306519e-02	-5.726892e+00
4.120000e-05	1.374621e-02	-5.610477e+00
4.121000e-05	1.084471e-02	-5.398475e+00
4.122000e-05	1.115487e-02	-5.187953e+00
4.123000e-05	8.995397e-03	-5.030504e+00
4.124000e-05	9.044203e-03	-4.830528e+00
4.125000e-05	6.922020e-03	-4.610955e+00
4.126000e-05	6.685648e-03	-4.484660e+00
4.127000e-05	5.942603e-03	-4.336340e+00
4.128000e-05	3.391989e-03	-4.157844e+00
4.129000e-05	4.349534e-03	-4.011028e+00
4.130000e-05	4.066967e-03	-3.842556e+00
4.131000e-05	5.214562e-03	-3.630576e+00
4.132000e-05	2.663014e-03	-3.442634e+00
4.133000e-05	1.641855e-03	-3.263207e+00
4.134000e-05	2.109226e-03	-3.127215e+00
4.135000e-05	7.866634e-04	-2.883211e+00
4.136000e-05	1.077857e-03	-2.744768e+00
4.137000e-05	-1.762752e-03	-2.537867e+00
4.138000e-05	6.609577e-04	-2.359923e+00
4.139000e-05	3.287035e-04	-2.135899e+00
4.140000e-05	1.770014e-03	-1.948975e+00
4.141000e-05	-1.483941e-03	-1.808474e+00
4.142000e-05	2.491264e-04	-1.630552e+00
4.143000e-05	-2.240896e-03	-1.409909e+00
4.144000e-05	-2.348672e-03	-1.156872e+00
4.145000e-05	-3.237911e-03	-9.500012e-01
4.146000e-05	-2.103049e-03	-8.105076e-01
4.147000e-05	-2.956796e-03	-5.979237e-01
4.148000e-05	-2.284142e-03	-3.914501e-01
4.149000e-05	-3.212839e-03	-2.205565e-01
4.150000e-05	2.368265e-04	-5.305658e-02
4.151000e-05	4.482732e-03	1.373133e-01
4.152000e-05	-1.232689e-03	3.588684e-01
4.153000e-05	1.351545e-03	5.053132e-01
4.154000e-05	-2.553703e-03	6.946869e-01
4.155000e-05	-3.085667e-03	8.205488e-01
4.156000e-05	-3.938303e-03	1.095177e+00
4.157000e-05	3.431722e-03	1.292658e+00
4.158000e-05	1.265288e-02	1.453655e+00
4.159000e-05	6.705294e-02	1.715158e+00
4.160000e-05	6.218373e-03	1.956267e+00
4.161000e-05	-5.335932e-02	2.095237e+00
4.162000e-05	-3.539110e-02	2.284183e+00
4.163000e-05	-6.254330e-02	2.390979e+00
4.164000e-05	-3.284935e-02	2.569918e+00
4.165000e-05	1.632437e-01	2.748393e+00
4.166000e-05	-1.022673e-01	2.906889e+00
4.167000e-05	-2.555365e-02	3.063603e+00
4.168000e-05	1.107543e-01	3.221504e+00
4.169000e-05	-1.143334e-01	3.494712e+00
4.170000e-05	3.323407e-02	3.611103e+00
4.171000e-05	6.427775e-02	3.810470e+00
4.172000e-05	-1.239218e-01	3.999471e+00
4.173000e-05	6.622819e-02	4.139816e+00
4.174000e-05	1.577492e-02	4.369468e+00
4.175000e-05	-3.254883e-02	4.497184e+00
4.176000e-05	1.201584e-03	4.713684e+00
4.177000e-05	-6.230769e-02	4.884209e+00
4.178000e-05	3.213713e-02	5.106335e+00
4.179000e-05	1.956015e-02	5.335758e+00
4.180000e-05	-6.990419e-04	5.474257e+00
4.181000e-05	-2.220021e-02	5.621024e+00
4.182000e-05	-1.536368e-02	5.832399e+00
4.183000e-05	1.332588e-02	5.989395e+00
4.184000e-05	-3.043294e-02	6.147339e+00
4.185000e-05	8.758566e-03	6.294155e+00
4.186000e-05	8.382276e-03	6.402476e+00
4.187000e-05	-3.584994e-02	6.579872e+00
4.188000e-05	1.595924e-02	6.758390e+00
4.189000e-05	-2.528627e-02	6.886282e+00
4.190000e-05	-1.456117e-03	7.032500e+00
4.191000e-05	-2.935343e-03	7.159440e+00
4.192000e-05	-1.038612e-02	7.286158e+00
4.193000e-05	4.134066e-03	7.454678e+00
4.194000e-05	-2.434929e-02	7.661997e+00
4.195000e-05	-1.688801e-03	7.767365e+00
4.196000e-05	-1.826779e-02	7.937732e+00
4.197000e-05	1.442126e-03	8.063655e+00
4.198000e-05	-1.060461e-02	8.191396e+00
4.199000e-05	-9.869843e-03	8.335184e+00
4.200000e-05	2.436168e-03	8.422046e+00
4.201000e-05	-1.434118e-02	8.456712e+00
4.202000e-05	-1.539649e-02	8.598969e+00
4.203000e-05	-1.830551e-02	8.665686e+00
4.204000e-05	2.555516e-04	8.760398e+00
4.205000e-05	-4.815700e-03	8.874130e+00
4.206000e-05	-1.375813e-02	8.939841e+00
4.207000e-05	-1.596250e-02	9.115658e+00
4.208000e-05	-1.087367e-02	9.210996e+00
4.209000e-05	-5.839540e-03	9.255657e+00
4.210000e-05	-1.159385e-02	9.338865e+00
4.211000e-05	-1.136161e-02	9.422003e+00
4.212000e-05	-1.202690e-02	9.496287e+00
4.213000e-05	-1.065634e-02	9.549796e+00
4.214000e-05	-1.347865e-02	9.623628e+00
4.215000e-05	-1.379836e-02	9.705687e+00
4.216000e-05	-1.693226e-02	9.770893e+00
4.217000e-05	-1.014593e-02	9.863084e+00
4.218000e-05	-5.864293e-03	9.958387e+00
4.219000e-05	-1.143562e-02	1.001147e+01
4.220000e-05	-1.853806e-02	1.005353e+01
4.221000e-05	-1.791206e-02	1.008463e+01
4.222000e-05	-1.012156e-02	1.009622e+01
4.223000e-05	-1.107341e-02	1.015727e+01
4.224000e-05	-1.562728e-02	1.017097e+01
4.225000e-05	-1.825228e-02	1.024395e+01
4.226000e-05	-1.409644e-02	1.022413e+01
4.227000e-05	-1.450199e-02	1.028411e+01
4.228000e-05	-1.612320e-02	1.029471e+01
4.229000e-05	-1.757615e-02	1.029518e+01
4.230000e-05	-1.570145e-02	1.032634e+01
4.231000e-05	-1.167028e-02	1.037827e+01
4.232000e-05	-1.571809e-02	1.034836e+01
4.233000e-05	-2.021702e-02	1.030584e+01
4.234000e-05	-2.281077e-02	1.032777e+01
4.235000e-05	-1.775189e-02	1.032636e+01
4.236000e-05	-1.703670e-02	1.031577e+01
4.237000e-05	-1.868394e-02	1.031722e+01
4.238000e-05	-2.111855e-02	1.026524e+01
4.239000e-05	-2.179994e-02	1.027516e+01
4.240000e-05	-2.163873e-02	1.027510e+01
4.241000e-05	-2.364622e-02	1.023211e+01
4.242000e-05	-2.292429e-02	1.020045e+01
4.243000e-05	-2.376679e-02	1.017087e+01
4.244000e-05	-2.453568e-02	1.013731e+01
4.245000e-05	-2.555603e-02	1.007471e+01
4.246000e-05	-2.687580e-02	1.007408e+01
4.247000e-05	-2.927562e-02	1.005053e+01
4.248000e-05	-2.800176e-02	9.968421e+00
4.249000e-05	-2.779585e-02	9.895193e+00
4.250000e-05	-2.720498e-02	9.782475e+00
4.251000e-05	-2.998362e-02	9.768769e+00
4.252000e-05	-3.199286e-02	9.664684e+00
4.253000e-05	-3.225492e-02	9.640524e+00
4.254000e-05	-3.234942e-02	9.538367e+00
4.255000e-05	-3.221116e-02	9.444131e+00
4.256000e-05	-3.153975e-02	9.400948e+00
4.257000e-05	-3.304744e-02	9.285312e+00
4.258000e-05	-3.328062e-02	9.253631e+00
4.259000e-05	-3.660755e-02	9.189872e+00
4.260000e-05	-3.479736e-02	9.034083e+00
4.261000e-05	-3.508097e-02	8.959842e+00
4.262000e-05	-3.268800e-02	8.863579e+00
4.263000e-05	-3.695313e-02	8.737791e+00
4.264000e-05	-3.503715e-02	8.672683e+00
4.265000e-05	-3.752345e-02	8.528895e+00
4.266000e-05	-3.460658e-02	8.443658e+00
4.267000e-05	-3.739927e-02	8.359370e+00
4.268000e-05	-3.443272e-02	8.222024e+00
4.269000e-05	-3.503949e-02	8.127163e+00
4.270000e-05	-3.419919e-02	7.969953e+00
4.271000e-05	-3.478447e-02	7.803133e+00
4.272000e-05	-3.428215e-02	7.726290e+00
4.273000e-05	-3.507306e-02	7.601001e+00
4.274000e-05	-3.282920e-02	7.404088e+00
4.275000e-05	-3.072097e-02	7.274134e+00
4.276000e-05	-2.986957e-02	7.137837e+00
4.277000e-05	-3.054041e-02	6.991450e+00
4.278000e-05	-2.928290e-02	6.853187e+00
4.279000e-05	-2.849867e-02	6.747293e+00
4.280000e-05	-2.623156e-02	6.567395e+00
4.281000e-05	-2.656362e-02	6.379948e+00
4.282000e-05	-2.465487e-02	6.254733e+00
4.283000e-05	-2.314640e-02	6.115811e+00
4.284000e-05	-2.157052e-02	5.941450e+00
4.285000e-05	-2.219440e-02	5.780528e+00
4.286000e-05	-2.106285e-02	5.582975e+00
4.287000e-05	-1.911708e-02	5.443709e+00
4.288000e-05	-1.794503e-02	5.286665e+00
4.289000e-05	-1.578031e-02	5.086659e+00
4.290000e-05	-1.614134e-02	4.844209e+00
4.291000e-05	-1.541784e-02	4.706286e+00
4.292000e-05	-1.457049e-02	4.517896e+00
4.293000e-05	-1.398225e-02	4.401375e+00
4.294000e-05	-1.234649e-02	4.192108e+00
4.295000e-05	-1.176024e-02	4.000956e+00
4.296000e-05	-1.183871e-02	3.845137e+00
4.297000e-05	-1.155295e-02	3.705233e+00
4.298000e-05	-1.047606e-02	3.527768e+00
4.299000e-05	-9.709488e-03	3.263764e+00
4.300000e-05	-9.839686e-03	3.116840e+00
4.301000e-05	-1.020764e-02	2.947868e+00
4.302000e-05	-8.111078e-03	2.781503e+00
4.303000e-05	-7.926236e-03	2.600403e+00
4.304000e-05	-9.353477e-03	2.358951e+00
4.305000e-05	-8.570690e-03	2.190000e+00
4.306000e-05	-6.407087e-03	2.011130e+00
4.307000e-05	-6.056402e-03	1.851083e+00
4.308000e-05	-6.684342e-03	1.624079e+00
4.309000e-05	-5.995792e-03	1.462059e+00
4.310000e-05	-5.596831e-03	1.244137e+00
4.311000e-05	-6.451961e-03	9.911329e-01
4.312000e-05	-5.954511e-03	7.910777e-01
4.313000e-05	-5.615135e-03	6.315529e-01
4.314000e-05	-4.411660e-03	4.330831e-01
4.315000e-05	-4.795057e-03	2.636906e-01
4.316000e-05	-3.434988e-03	3.310913e-02
4.317000e-05	2.908445e-03	-1.568118e-01
4.318000e-05	-6.457025e-04	-3.247330e-01
4.319000e-05	-4.178159e-04	-4.115515e-01
4.320000e-05	-2.057588e-03	-7.221301e-01
4.321000e-05	-1.918852e-03	-8.215778e-01
4.322000e-05	-2.825383e-03	-9.969435e-01
4.323000e-05	2.657364e-03	-1.169370e+00
4.324000e-05	2.546240e-02	-1.369865e+00
4.325000e-05	9.047389e-02	-1.577441e+00
4.326000e-05	-5.649784e-02	-1.798443e+00
4.327000e-05	-2.102116e-02	-2.021579e+00
4.328000e-05	-6.521016e-02	-2.364740e+00
4.329000e-05	-7.412237e-02	-2.422605e+00
4.330000e-05	1.584217e-01	-2.474738e+00
4.331000e-05	-2.483820e-02	-2.693150e+00
4.332000e-05	-1.061190e-01	-2.886687e+00
4.333000e-05	1.776564e-01	-3.102103e+00
4.334000e-05	-1.356804e-01	-3.242575e+00
4.335000e-05	-4.282130e-03	-3.443078e+00
4.336000e-05	1.527254e-01	-3.598394e+00
4.337000e-05	-1.581943e-01	-3.800370e+00
4.338000e-05	5.241337e-02	-3.998946e+00
4.339000e-05	1.041332e-01	-4.115783e+00
4.340000e-05	-9.493266e-02	-4.366818e+00
4.341000e-05	9.058556e-02	-4.473628e+00
4.342000e-05	-1.424417e-01	-4.664056e+00
4.343000e-05	3.891383e-02	-4.870082e+00
4.344000e-05	1.274624e-01	-5.000473e+00
4.345000e-05	-9.977544e-02	-5.199397e+00
4.346000e-05	7.340831e-02	-5.357440e+00
4.347000e-05	-6.985579e-02	-5.587921e+00
4.348000e-05	3.849076e-02	-5.756363e+00
4.349000e-05	1.700740e-02	-5.874106e+00
4.350000e-05	-6.108237e-02	-6.030025e+00
4.351000e-05	1.090169e-01	-6.220450e+00
4.352000e-05	-9.557729e-02	-6.388421e+00
4.353000e-05	5.086540e-02	-6.546289e+00
4.354000e-05	1.481791e-02	-6.642626e+00
4.355000e-05	-3.261749e-02	-6.851026e+00
4.356000e-05	5.582259e-02	-6.998311e+00
4.357000e-05	-7.179341e-02	-7.138319e+00
4.358000e-05	8.717275e-02	-7.324179e+00
4.359000e-05	-2.703333e-02	-7.419971e+00
4.360000e-05	-3.732669e-03	-7.567766e+00
4.361000e-05	9.433211e-03	-7.664634e+00
4.362000e-05	-1.651521e-02	-7.894029e+00
4.363000e-05	4.977093e-02	-7.989922e+00
4.364000e-05	-3.448817e-02	-8.105210e+00
4.365000e-05	4.501771e-02	-8.252000e+00
4.366000e-05	-9.667215e-03	-8.336821e+00
4.367000e-05	-6.302451e-03	-8.422599e+00
4.368000e-05	7.325574e-03	-8.557242e+00
4.369000e-05	2.922059e-03	-8.702632e+00
4.370000e-05	3.699144e-02	-8.800449e+00
4.371000e-05	-2.492463e-02	-8.883659e+00
4.372000e-05	1.650273e-02	-8.987420e+00
4.373000e-05	1.947421e-03	-9.055128e+00
4.374000e-05	1.742659e-02	-9.167839e+00
4.375000e-05	1.093126e-03	-9.212547e+00
4.376000e-05	2.709015e-04	-9.266136e+00
4.377000e-05	1.917580e-02	-9.400344e+00
4.378000e-05	2.096154e-03	-9.525262e+00
4.379000e-05	1.258952e-02	-9.568423e+00
4.380000e-05	-1.655775e-03	-9.663100e+00
4.381000e-05	7.994670e-03	-9.716737e+00
4.382000e-05	4.084504e-03	-9.758369e+00
4.383000e-05	1.809201e-02	-9.831552e+00
4.384000e-05	1.585419e-02	-9.894737e+00
4.385000e-05	5.437345e-04	-9.986313e+00
4.386000e-05	1.453446e-03	-9.948897e+00
4.387000e-05	8.309310e-03	-1.000103e+01
4.388000e-05	1.832976e-02	-1.003106e+01
4.389000e-05	8.103653e-03	-1.010566e+01
4.390000e-05	5.683283e-03	-1.012971e+01
4.391000e-05	6.913959e-03	-1.019882e+01
4.392000e-05	1.150130e-02	-1.023243e+01
4.393000e-05	1.213624e-02	-1.024360e+01
4.394000e-05	8.943203e-03	-1.029516e+01
4.395000e-05	8.647096e-03	-1.022415e+01
4.396000e-05	1.352562e-02	-1.033517e+01
4.397000e-05	1.325843e-02	-1.034736e+01
4.398000e-05	1.028288e-02	-1.035929e+01
4.399000e-05	8.107483e-03	-1.037876e+01
4.400000e-05	1.100492e-02	-1.036735e+01
4.401000e-05	1.422198e-02	-1.035827e+01
4.402000e-05	1.552215e-02	-1.032734e+01
4.403000e-05	1.544628e-02	-1.033716e+01
4.404000e-05	1.329472e-02	-1.031524e+01
4.405000e-05	1.284339e-02	-1.029422e+01
4.406000e-05	1.510695e-02	-1.025398e+01
4.407000e-05	1.888047e-02	-1.021140e+01
4.408000e-05	1.818269e-02	-1.017835e+01
4.409000e-05	1.858543e-02	-1.014624e+01
4.410000e-05	1.840906e-02	-1.007816e+01
4.411000e-05	2.051295e-02	-1.004355e+01
4.412000e-05	1.855064e-02	-1.002195e+01
4.413000e-05	2.147476e-02	-9.967892e+00
4.414000e-05	2.361693e-02	-9.934161e+00
4.415000e-05	2.458155e-02	-9.874160e+00
4.416000e-05	2.190068e-02	-9.810575e+00
4.417000e-05	2.232069e-02	-9.788823e+00
4.418000e-05	2.486457e-02	-9.674183e+00
4.419000e-05	2.542532e-02	-9.682557e+00
4.420000e-05	2.651679e-02	-9.610378e+00
4.421000e-05	2.754096e-02	-9.527194e+00
4.422000e-05	2.947242e-02	-9.434035e+00
4.423000e-05	2.705878e-02	-9.324343e+00
4.424000e-05	2.553855e-02	-9.202952e+00
4.425000e-05	2.546934e-02	-9.156791e+00
4.426000e-05	2.756745e-02	-9.054604e+00
4.427000e-05	3.036247e-02	-8.947318e+00
4.428000e-05	3.069723e-02	-8.884583e+00
4.429000e-05	2.875100e-02	-8.789900e+00
4.430000e-05	2.772069e-02	-8.705160e+00
4.431000e-05	2.913632e-02	-8.569740e+00
4.432000e-05	3.012241e-02	-8.402452e+00
4.433000e-05	2.882470e-02	-8.335816e+00
4.434000e-05	2.795004e-02	-8.231481e+00
4.435000e-05	2.791384e-02	-8.096714e+00
4.436000e-05	2.817026e-02	-8.000525e+00
4.437000e-05	2.953958e-02	-7.881609e+00
4.438000e-05	2.653634e-02	-7.694733e+00
4.439000e-05	2.499159e-02	-7.557272e+00
4.440000e-05	2.651576e-02	-7.402003e+00
4.441000e-05	2.850852e-02	-7.286137e+00
4.442000e-05	2.595651e-02	-7.159319e+00
4.443000e-05	2.209948e-02	-6.980601e+00
4.444000e-05	2.055479e-02	-6.871530e+00
4.445000e-05	2.208634e-02	-6.687216e+00
4.446000e-05	2.151095e-02	-6.579398e+00
4.447000e-05	2.083556e-02	-6.451108e+00
4.448000e-05	1.789408e-02	-6.264658e+00
4.449000e-05	1.726732e-02	-6.103736e+00
4.450000e-05	1.514296e-02	-5.967820e+00
4.451000e-05	1.429018e-02	-5.799950e+00
4.452000e-05	1.329746e-02	-5.672159e+00
4.453000e-05	1.184480e-02	-5.455138e+00
4.454000e-05	1.023049e-02	-5.253184e+00
4.455000e-05	1.005755e-02	-5.093212e+00
4.456000e-05	9.989856e-03	-4.908691e+00
4.457000e-05	7.012056e-03	-4.683206e+00
4.458000e-05	6.845119e-03	-4.507266e+00
4.459000e-05	6.523529e-03	-4.380525e+00
4.460000e-05	5.420077e-03	-4.252109e+00
4.461000e-05	4.583156e-03	-4.083132e+00
4.462000e-05	3.263426e-03	-3.925797e+00
4.463000e-05	2.811198e-03	-3.685762e+00
4.464000e-05	2.562034e-03	-3.506240e+00
4.465000e-05	3.810684e-03	-3.348774e+00
4.466000e-05	2.576740e-03	-3.259903e+00
4.467000e-05	9.859631e-04	-2.968021e+00
4.468000e-05	-4.980522e-05	-2.809046e+00
4.469000e-05	1.051310e-04	-2.611578e+00
4.470000e-05	2.471774e-04	-2.461104e+00
4.471000e-05	1.043621e-03	-2.252087e+00
4.472000e-05	3.177841e-04	-2.041552e+00
4.473000e-05	-1.013006e-03	-1.864188e+00
4.474000e-05	2.356626e-04	-1.685215e+00
4.475000e-05	-6.653626e-04	-1.506791e+00
4.476000e-05	-1.742329e-03	-1.231636e+00
4.477000e-05	-2.147187e-03	-1.021661e+00
4.478000e-05	-2.995342e-03	-9.121856e-01
4.479000e-05	-2.041047e-03	-6.446670e-01
4.480000e-05	-2.234067e-03	-4.826340e-01
4.481000e-05	-2.750804e-03	-2.851609e-01
4.482000e-05	-2.237401e-03	-1.357696e-01
4.483000e-05	3.827309e-03	5.318152e-02
4.484000e-05	1.215730e-03	2.862629e-01
4.485000e-05	-1.381838e-03	4.516290e-01
4.486000e-05	2.651833e-04	5.814974e-01
4.487000e-05	-2.805045e-03	7.689446e-01
4.488000e-05	-3.031760e-03	9.468944e-01
4.489000e-05	-8.427253e-04	1.198922e+00
4.490000e-05	5.642760e-03	1.357467e+00
4.491000e-05	4.109532e-02	1.529995e+00
4.492000e-05	5.648500e-02	1.831575e+00
4.493000e-05	-5.331607e-02	2.010576e+00
4.494000e-05	-3.702054e-02	2.190496e+00
4.495000e-05	-4.975475e-02	2.408445e+00
4.496000e-05	-7.136641e-02	2.498709e+00
4.497000e-05	9.458436e-02	2.674681e+00
4.498000e-05	6.067364e-02	2.834630e+00
4.499000e-05	-1.571544e-01	3.000048e+00
4.500000e-05	1.432872e-01	3.166368e+00
4.501000e-05	-5.084465e-02	3.421922e+00
4.502000e-05	-6.381792e-02	3.577845e+00
4.503000e-05	1.083616e-01	3.694682e+00
4.504000e-05	-6.973055e-02	3.925260e+00
4.505000e-05	-3.659604e-02	4.032558e+00
4.506000e-05	8.024919e-02	4.256109e+00
4.507000e-05	-4.449367e-02	4.453604e+00
4.508000e-05	7.394971e-03	4.640000e+00
4.509000e-05	-4.142181e-02	4.822023e+00
4.510000e-05	-2.610685e-02	5.013101e+00
4.511000e-05	4.966424e-02	5.241600e+00
4.512000e-05	-4.322409e-03	5.410521e+00
4.513000e-05	-1.620427e-03	5.538393e+00
4.514000e-05	-4.010660e-02	5.686714e+00
4.515000e-05	1.434611e-02	5.936717e+00
4.516000e-05	-1.085618e-02	6.063155e+00
4.517000e-05	-2.245028e-02	6.241473e+00
4.518000e-05	3.160274e-02	6.378393e+00
4.519000e-05	-3.649916e-02	6.507209e+00
4.520000e-05	4.420487e-03	6.714083e+00
4.521000e-05	-9.250527e-03	6.833125e+00
4.522000e-05	-1.808353e-02	7.020922e+00
4.523000e-05	3.155625e-03	7.086658e+00
4.524000e-05	-1.230681e-02	7.232028e+00
4.525000e-05	6.080436e-03	7.387795e+00
4.526000e-05	-1.527075e-02	7.587867e+00
4.527000e-05	-1.158168e-02	7.735741e+00
4.528000e-05	-1.194604e-02	7.852527e+00
4.529000e-05	-7.250676e-03	8.021551e+00
4.530000e-05	-2.306022e-03	8.157267e+00
4.531000e-05	-1.457209e-02	8.252529e+00
4.532000e-05	-3.132745e-03	8.369917e+00
4.533000e-05	-3.539000e-03	8.453157e+00
4.534000e-05	-1.812750e-02	8.527762e+00
4.535000e-05	-1.649620e-02	8.661579e+00
4.536000e-05	-1.098304e-02	8.747318e+00
4.537000e-05	1.395552e-03	8.831501e+00
4.538000e-05	-1.034163e-02	8.897657e+00
4.539000e-05	-1.542125e-02	9.062578e+00
4.540000e-05	-1.235276e-02	9.170418e+00
4.541000e-05	-9.514706e-03	9.222025e+00
4.542000e-05	-7.134531e-03	9.335762e+00
4.543000e-05	-1.564337e-02	9.400520e+00
4.544000e-05	-7.972441e-03	9.494653e+00
4.545000e-05	-1.284263e-02	9.535817e+00
4.546000e-05	-1.139863e-02	9.621500e+00
4.547000e-05	-1.392819e-02	9.665606e+00
4.548000e-05	-1.626103e-02	9.749367e+00
4.549000e-05	-1.444718e-02	9.835058e+00
4.550000e-05	-8.831223e-03	9.937216e+00
4.551000e-05	-5.753031e-03	9.960421e+00
4.552000e-05	-1.561138e-02	1.003055e+01
4.553000e-05	-1.839500e-02	1.004508e+01
4.554000e-05	-1.473831e-02	1.010613e+01
4.555000e-05	-1.029166e-02	1.014774e+01
4.556000e-05	-1.300683e-02	1.016884e+01
4.557000e-05	-1.837071e-02	1.022050e+01
4.558000e-05	-1.391212e-02	1.024205e+01
4.559000e-05	-1.622372e-02	1.025458e+01
4.560000e-05	-1.370004e-02	1.032561e+01
4.561000e-05	-1.711169e-02	1.029514e+01
4.562000e-05	-1.595171e-02	1.029621e+01
4.563000e-05	-1.509190e-02	1.031681e+01
4.564000e-05	-1.325503e-02	1.031622e+01
4.565000e-05	-1.788780e-02	1.032787e+01
4.566000e-05	-2.130863e-02	1.033681e+01
4.567000e-05	-2.017062e-02	1.038679e+01
4.568000e-05	-1.719394e-02	1.029684e+01
4.569000e-05	-1.786257e-02	1.033677e+01
4.570000e-05	-1.969501e-02	1.027519e+01
4.571000e-05	-2.147517e-02	1.031473e+01
4.572000e-05	-2.211989e-02	1.025571e+01
4.573000e-05	-2.221546e-02	1.026413e+01
4.574000e-05	-2.345690e-02	1.020095e+01
4.575000e-05	-2.369940e-02	1.022150e+01
4.576000e-05	-2.392660e-02	1.012887e+01
4.577000e-05	-2.477484e-02	1.011721e+01
4.578000e-05	-2.573406e-02	1.007513e+01
4.579000e-05	-2.860447e-02	1.006410e+01
4.580000e-05	-2.842207e-02	9.970421e+00
4.581000e-05	-2.865626e-02	9.939368e+00
4.582000e-05	-2.786081e-02	9.865057e+00
4.583000e-05	-2.964030e-02	9.780324e+00
4.584000e-05	-3.007615e-02	9.707816e+00
4.585000e-05	-3.179835e-02	9.635450e+00
4.586000e-05	-3.407705e-02	9.568893e+00
4.587000e-05	-3.313484e-02	9.525733e+00
4.588000e-05	-3.303541e-02	9.433977e+00
4.589000e-05	-3.188850e-02	9.338370e+00
4.590000e-05	-3.441005e-02	9.276183e+00
4.591000e-05	-3.410516e-02	9.220553e+00
4.592000e-05	-3.677096e-02	9.117718e+00
4.593000e-05	-3.626545e-02	9.011100e+00
4.594000e-05	-3.502091e-02	8.906686e+00
4.595000e-05	-3.423694e-02	8.770373e+00
4.596000e-05	-3.602856e-02	8.675736e+00
4.597000e-05	-3.710141e-02	8.580898e+00
4.598000e-05	-3.455641e-02	8.494687e+00
4.599000e-05	-3.567838e-02	8.421500e+00
4.600000e-05	-3.596276e-02	8.275261e+00
4.601000e-05	-3.765328e-02	8.179470e+00
4.602000e-05	-3.309530e-02	7.991054e+00
4.603000e-05	-3.403994e-02	7.879789e+00
4.604000e-05	-3.499463e-02	7.780846e+00
4.605000e-05	-3.589926e-02	7.653610e+00
4.606000e-05	-3.201614e-02	7.508791e+00
4.607000e-05	-3.199543e-02	7.318911e+00
4.608000e-05	-3.050972e-02	7.189403e+00
4.609000e-05	-3.056967e-02	7.054659e+00
4.610000e-05	-2.974268e-02	6.908238e+00
4.611000e-05	-3.001462e-02	6.780498e+00
4.612000e-05	-2.767716e-02	6.634556e+00
4.613000e-05	-2.599339e-02	6.464133e+00
4.614000e-05	-2.554578e-02	6.315267e+00
4.615000e-05	-2.456816e-02	6.179921e+00
4.616000e-05	-2.209978e-02	6.022131e+00
4.617000e-05	-2.031024e-02	5.856715e+00
4.618000e-05	-2.245286e-02	5.704213e+00
4.619000e-05	-2.088371e-02	5.527791e+00
4.620000e-05	-1.822631e-02	5.378898e+00
4.621000e-05	-1.681750e-02	5.180524e+00
4.622000e-05	-1.633964e-02	4.929374e+00
4.623000e-05	-1.510014e-02	4.749369e+00
4.624000e-05	-1.412901e-02	4.612479e+00
4.625000e-05	-1.428807e-02	4.462153e+00
4.626000e-05	-1.354740e-02	4.297189e+00
4.627000e-05	-1.220751e-02	4.084863e+00
4.628000e-05	-1.168824e-02	3.866742e+00
4.629000e-05	-1.103401e-02	3.748890e+00
4.630000e-05	-1.125618e-02	3.601498e+00
4.631000e-05	-1.016548e-02	3.340504e+00
4.632000e-05	-9.424953e-03	3.210449e+00
4.633000e-05	-9.775717e-03	3.011056e+00
4.634000e-05	-9.128605e-03	2.842687e+00
4.635000e-05	-8.552473e-03	2.655763e+00
4.636000e-05	-8.053693e-03	2.473182e+00
4.637000e-05	-7.605726e-03	2.263236e+00
4.638000e-05	-7.654683e-03	2.074739e+00
4.639000e-05	-7.028919e-03	1.908342e+00
4.640000e-05	-7.110532e-03	1.756220e+00
4.641000e-05	-6.469942e-03	1.495295e+00
4.642000e-05	-6.251051e-03	1.378319e+00
4.643000e-05	-6.681325e-03	1.116321e+00
4.644000e-05	-6.410305e-03	8.548393e-01
4.645000e-05	-4.814411e-03	7.062446e-01
4.646000e-05	-4.779171e-03	5.268673e-01
4.647000e-05	-4.472382e-03	3.294224e-01
4.648000e-05	-5.637441e-03	1.268160e-01
4.649000e-05	6.927814e-04	-6.163265e-02
4.650000e-05	2.790545e-03	-2.204788e-01
4.651000e-05	-4.097539e-03	-3.788698e-01
4.652000e-05	1.271126e-03	-5.469371e-01
4.653000e-05	-3.286901e-03	-7.678473e-01
4.654000e-05	-6.820714e-04	-9.158108e-01
4.655000e-05	-2.083332e-03	-1.084632e+00
4.656000e-05	1.076083e-02	-1.283634e+00
4.657000e-05	7.622162e-02	-1.473687e+00
4.658000e-05	1.211450e-02	-1.693183e+00
4.659000e-05	-5.968454e-02	-1.956341e+00
4.660000e-05	-2.525110e-02	-2.219917e+00
4.661000e-05	-9.892317e-02	-2.409499e+00
4.662000e-05	6.366379e-02	-2.463584e+00
4.663000e-05	1.271506e-01	-2.567395e+00
4.664000e-05	-1.714889e-01	-2.779996e+00
4.665000e-05	1.224956e-01	-3.010448e+00
4.666000e-05	1.647456e-02	-3.147898e+00
4.667000e-05	-1.564169e-01	-3.338317e+00
4.668000e-05	1.597723e-01	-3.495269e+00
4.669000e-05	-2.745485e-02	-3.712656e+00
4.670000e-05	-1.152939e-01	-3.926214e+00
4.671000e-05	1.740919e-01	-4.052553e+00
4.672000e-05	-8.921629e-02	-4.261025e+00
4.673000e-05	4.571301e-02	-4.421052e+00
4.674000e-05	-2.487106e-02	-4.567238e+00
4.675000e-05	-1.146763e-01	-4.780320e+00
4.676000e-05	1.700690e-01	-4.936339e+00
4.677000e-05	-4.835305e-02	-5.104684e+00
4.678000e-05	8.655649e-06	-5.295712e+00
4.679000e-05	1.455566e-02	-5.515162e+00
4.680000e-05	-5.802029e-02	-5.714159e+00
4.681000e-05	9.470955e-02	-5.851475e+00
4.682000e-05	-8.768034e-02	-5.967371e+00
4.683000e-05	7.181398e-02	-6.157737e+00
4.684000e-05	-1.516588e-03	-6.294707e+00
4.685000e-05	-5.461049e-02	-6.483584e+00
4.686000e-05	9.237338e-02	-6.600445e+00
4.687000e-05	-7.258941e-02	-6.777368e+00
4.688000e-05	5.909500e-02	-6.906679e+00
4.689000e-05	-3.989786e-02	-7.114979e+00
4.690000e-05	1.395542e-02	-7.220451e+00
4.691000e-05	5.718165e-02	-7.325767e+00
4.692000e-05	-5.644295e-02	-7.464158e+00
4.693000e-05	4.306802e-02	-7.630922e+00
4.694000e-05	-3.933827e-02	-7.790919e+00
4.695000e-05	4.591059e-02	-7.968294e+00
4.696000e-05	-7.134692e-03	-8.041579e+00
4.697000e-05	3.697644e-03	-8.175866e+00
4.698000e-05	3.586146e-02	-8.295159e+00
4.699000e-05	-3.319634e-02	-8.399921e+00
4.700000e-05	2.315483e-02	-8.494631e+00
4.701000e-05	-1.666880e-02	-8.660428e+00
4.702000e-05	4.313784e-02	-8.765742e+00
4.703000e-05	-7.247626e-03	-8.843529e+00
4.704000e-05	-4.120013e-03	-8.965792e+00
4.705000e-05	1.362377e-02	-9.030051e+00
4.706000e-05	4.673857e-03	-9.146737e+00
4.707000e-05	1.808776e-02	-9.200348e+00
4.708000e-05	-1.128011e-02	-9.282655e+00
4.709000e-05	1.999091e-02	-9.347317e+00
4.710000e-05	4.650944e-03	-9.493204e+00
4.711000e-05	1.057905e-02	-9.587917e+00
4.712000e-05	2.573890e-03	-9.621553e+00
4.713000e-05	2.307248e-03	-9.725158e+00
4.714000e-05	5.997452e-03	-9.787765e+00
4.715000e-05	1.107507e-02	-9.801923e+00
4.716000e-05	2.151539e-02	-9.873606e+00
4.717000e-05	4.480307e-03	-9.925217e+00
4.718000e-05	2.112628e-03	-9.976892e+00
4.719000e-05	4.129599e-03	-9.969421e+00
4.720000e-05	1.674278e-02	-1.004258e+01
4.721000e-05	1.210646e-02	-1.008568e+01
4.722000e-05	4.491669e-03	-1.011561e+01
4.723000e-05	5.143680e-03	-1.015879e+01
4.724000e-05	9.839029e-03	-1.021990e+01
4.725000e-05	1.307884e-02	-1.019350e+01
4.726000e-05	1.001949e-02	-1.029498e+01
4.727000e-05	8.319764e-03	-1.030311e+01
4.728000e-05	1.127546e-02	-1.032414e+01
4.729000e-05	1.466956e-02	-1.033677e+01
4.730000e-05	1.015362e-02	-1.038989e+01
4.731000e-05	8.271726e-03	-1.038684e+01
4.732000e-05	8.609203e-03	-1.037922e+01
4.733000e-05	1.385344e-02	-1.037834e+01
4.734000e-05	1.429700e-02	-1.036676e+01
4.735000e-05	1.592933e-02	-1.034569e+01
4.736000e-05	1.421142e-02	-1.030576e+01
4.737000e-05	1.305463e-02	-1.030569e+01
4.738000e-05	1.519227e-02	-1.027455e+01
4.739000e-05	1.642068e-02	-1.019152e+01
4.740000e-05	1.874464e-02	-1.015032e+01
4.741000e-05	1.718573e-02	-1.015927e+01
4.742000e-05	1.856534e-02	-1.007516e+01
4.743000e-05	1.894971e-02	-1.013403e+01
4.744000e-05	1.888721e-02	-1.004195e+01
4.745000e-05	2.126833e-02	-9.969821e+00
4.746000e-05	2.274793e-02	-9.965791e+00
4.747000e-05	2.380416e-02	-9.895737e+00
4.748000e-05	2.179168e-02	-9.863062e+00
4.749000e-05	2.317581e-02	-9.800821e+00
4.750000e-05	2.502850e-02	-9.716185e+00
4.751000e-05	2.598839e-02	-9.664058e+00
4.752000e-05	2.434759e-02	-9.621053e+00
4.753000e-05	2.564347e-02	-9.578873e+00
4.754000e-05	2.746560e-02	-9.473632e+00
4.755000e-05	2.842819e-02	-9.350270e+00
4.756000e-05	2.696263e-02	-9.274108e+00
4.757000e-05	2.544504e-02	-9.168896e+00
4.758000e-05	2.731809e-02	-9.104185e+00
4.759000e-05	2.961192e-02	-8.990422e+00
4.760000e-05	2.966936e-02	-8.915162e+00
4.761000e-05	2.864652e-02	-8.852029e+00
4.762000e-05	2.711094e-02	-8.727269e+00
4.763000e-05	2.859938e-02	-8.590375e+00
4.764000e-05	2.962429e-02	-8.465213e+00
4.765000e-05	2.912486e-02	-8.336371e+00
4.766000e-05	2.840946e-02	-8.283561e+00
4.767000e-05	2.879021e-02	-8.168292e+00
4.768000e-05	2.842774e-02	-8.072581e+00
4.769000e-05	2.768944e-02	-7.918721e+00
4.770000e-05	2.659225e-02	-7.802397e+00
4.771000e-05	2.629276e-02	-7.608553e+00
4.772000e-05	2.681286e-02	-7.495188e+00
4.773000e-05	2.679948e-02	-7.277794e+00
4.774000e-05	2.637789e-02	-7.232032e+00
4.775000e-05	2.343982e-02	-7.106186e+00
4.776000e-05	2.229339e-02	-6.925692e+00
4.777000e-05	2.161865e-02	-6.767397e+00
4.778000e-05	2.162836e-02	-6.633107e+00
4.779000e-05	2.004738e-02	-6.505213e+00
4.780000e-05	1.830821e-02	-6.359394e+00
4.781000e-05	1.711321e-02	-6.209472e+00
4.782000e-05	1.599834e-02	-6.031026e+00
4.783000e-05	1.500019e-02	-5.871233e+00
4.784000e-05	1.373159e-02	-5.728320e+00
4.785000e-05	1.240922e-02	-5.569375e+00
4.786000e-05	1.037028e-02	-5.367371e+00
4.787000e-05	1.052891e-02	-5.188849e+00
4.788000e-05	9.008158e-03	-5.030851e+00
4.789000e-05	7.727076e-03	-4.818025e+00
4.790000e-05	6.214081e-03	-4.620380e+00
4.791000e-05	6.715573e-03	-4.432605e+00
4.792000e-05	6.187633e-03	-4.295763e+00
4.793000e-05	5.679919e-03	-4.158397e+00
4.794000e-05	3.626803e-03	-3.989954e+00
4.795000e-05	2.976706e-03	-3.819529e+00
4.796000e-05	3.117973e-03	-3.581004e+00
4.797000e-05	3.286282e-03	-3.430530e+00
4.798000e-05	3.337186e-03	-3.260685e+00
4.799000e-05	1.608067e-03	-3.063210e+00
4.800000e-05	6.417935e-04	-2.872057e+00
4.801000e-05	3.710841e-04	-2.684215e+00
4.802000e-05	-1.247795e-03	-2.515690e+00
4.803000e-05	1.128834e-03	-2.349370e+00
4.804000e-05	4.016757e-04	-2.125221e+00
4.805000e-05	-5.734324e-04	-1.957820e+00
4.806000e-05	-1.424302e-03	-1.768925e+00
4.807000e-05	-6.990708e-04	-1.600953e+00
4.808000e-05	-2.046712e-03	-1.326401e+00
4.809000e-05	-2.538247e-03	-1.146344e+00
4.810000e-05	-3.941295e-03	-9.563435e-01
4.811000e-05	-1.967377e-03	-7.783749e-01
4.812000e-05	-1.214360e-03	-5.477761e-01
4.813000e-05	-2.552835e-03	-3.878975e-01
4.814000e-05	-3.725875e-03	-2.095251e-01
4.815000e-05	1.086469e-03	9.420996e-03
4.816000e-05	4.831277e-03	1.579711e-01
4.817000e-05	-1.740000e-03	3.989222e-01
4.818000e-05	7.801238e-04	5.463907e-01
4.819000e-05	-2.932652e-03	7.058129e-01
4.820000e-05	-1.518196e-03	8.507015e-01
4.821000e-05	-2.623911e-03	1.136211e+00
4.822000e-05	4.390097e-03	1.294683e+00
4.823000e-05	1.656773e-02	1.453681e+00
4.824000e-05	7.089918e-02	1.747337e+00
4.825000e-05	-1.123610e-02	1.927364e+00
4.826000e-05	-4.848880e-02	2.106313e+00
4.827000e-05	-3.795201e-02	2.326264e+00
4.828000e-05	-6.707743e-02	2.442080e+00
4.829000e-05	-9.018665e-03	2.610497e+00
4.830000e-05	1.598645e-01	2.757921e+00
4.831000e-05	-1.338719e-01	2.927366e+00
4.832000e-05	2.883976e-02	3.094707e+00
4.833000e-05	7.856848e-02	3.253551e+00
4.834000e-05	-1.145215e-01	3.545787e+00
4.835000e-05	6.032818e-02	3.633579e+00
4.836000e-05	3.479229e-02	3.800972e+00
4.837000e-05	-1.180381e-01	4.009947e+00
4.838000e-05	8.315639e-02	4.170967e+00
4.839000e-05	-2.220646e-03	4.419925e+00
4.840000e-05	-2.169063e-02	4.556866e+00
4.841000e-05	-8.212455e-03	4.717238e+00
4.842000e-05	-6.016711e-02	4.937388e+00
4.843000e-05	4.378622e-02	5.147841e+00
4.844000e-05	1.215685e-02	5.316292e+00
4.845000e-05	3.621079e-04	5.507187e+00
4.846000e-05	-3.011389e-02	5.651082e+00
4.847000e-05	-6.935366e-03	5.871529e+00
4.848000e-05	1.122309e-02	6.009999e+00
4.849000e-05	-3.284564e-02	6.168393e+00
4.850000e-05	1.708932e-02	6.305186e+00
4.851000e-05	-2.471576e-03	6.442052e+00
4.852000e-05	-2.576063e-02	6.611968e+00
4.853000e-05	1.260122e-02	6.799396e+00
4.854000e-05	-2.787923e-02	6.967764e+00
4.855000e-05	-5.956647e-04	7.053526e+00
4.856000e-05	-4.916660e-03	7.179367e+00
4.857000e-05	-6.205211e-03	7.316213e+00
4.858000e-05	1.658711e-03	7.493757e+00
4.859000e-05	-2.360203e-02	7.653075e+00
4.860000e-05	-2.633153e-03	7.809471e+00
4.861000e-05	-1.775170e-02	7.946811e+00
4.862000e-05	2.678111e-03	8.075237e+00
4.863000e-05	-1.211542e-02	8.189949e+00
4.864000e-05	-8.240962e-03	8.335737e+00
4.865000e-05	1.970715e-03	8.420527e+00
4.866000e-05	-1.483357e-02	8.487236e+00
4.867000e-05	-1.564382e-02	8.589947e+00
4.868000e-05	-1.937475e-02	8.675757e+00
4.869000e-05	1.239106e-03	8.790000e+00
4.870000e-05	-5.350967e-03	8.896678e+00
4.871000e-05	-1.435075e-02	8.939513e+00
4.872000e-05	-1.550347e-02	9.126235e+00
4.873000e-05	-1.083128e-02	9.241526e+00
4.874000e-05	-5.551748e-03	9.275182e+00
4.875000e-05	-1.184350e-02	9.379844e+00
4.876000e-05	-1.055397e-02	9.434000e+00
4.877000e-05	-1.236582e-02	9.516761e+00
4.878000e-05	-1.067505e-02	9.569899e+00
4.879000e-05	-1.495469e-02	9.662604e+00
4.880000e-05	-1.486218e-02	9.739261e+00
4.881000e-05	-1.530734e-02	9.810500e+00
4.882000e-05	-9.969993e-03	9.895258e+00
4.883000e-05	-6.232555e-03	9.998847e+00
4.884000e-05	-1.290752e-02	1.001100e+01
4.885000e-05	-1.835245e-02	1.004305e+01
4.886000e-05	-1.732235e-02	1.007513e+01
4.887000e-05	-1.012690e-02	1.012779e+01
4.888000e-05	-1.133463e-02	1.017737e+01
4.889000e-05	-1.549453e-02	1.014088e+01
4.890000e-05	-1.774621e-02	1.024153e+01
4.891000e-05	-1.545157e-02	1.023448e+01
4.892000e-05	-1.337196e-02	1.028416e+01
4.893000e-05	-1.631605e-02	1.027669e+01
4.894000e-05	-1.485558e-02	1.029576e+01
4.895000e-05	-1.762473e-02	1.033824e+01
4.896000e-05	-1.200021e-02	1.031884e+01
4.897000e-05	-1.797956e-02	1.032835e+01
4.898000e-05	-2.024567e-02	1.035879e+01
4.899000e-05	-1.997924e-02	1.033677e+01
4.900000e-05	-1.621053e-02	1.031779e+01
4.901000e-05	-1.726713e-02	1.031727e+01
4.902000e-05	-2.032724e-02	1.033676e+01
4.903000e-05	-2.197207e-02	1.030569e+01
4.904000e-05	-2.141271e-02	1.024576e+01
4.905000e-05	-2.240421e-02	1.023354e+01
4.906000e-05	-2.273789e-02	1.023408e+01
4.907000e-05	-2.316431e-02	1.019992e+01
4.908000e-05	-2.439883e-02	1.016884e+01
4.909000e-05	-2.446297e-02	1.009729e+01
4.910000e-05	-2.574779e-02	1.009319e+01
4.911000e-05	-2.757234e-02	1.005513e+01
4.912000e-05	-2.775609e-02	1.000205e+01
4.913000e-05	-2.841244e-02	9.958396e+00
4.914000e-05	-2.786253e-02	9.907740e+00
4.915000e-05	-2.978319e-02	9.853055e+00
4.916000e-05	-3.078935e-02	9.798291e+00
4.917000e-05	-3.217909e-02	9.685134e+00
4.918000e-05	-3.234599e-02	9.652475e+00
4.919000e-05	-3.368615e-02	9.536365e+00
4.920000e-05	-3.260439e-02	9.433578e+00
4.921000e-05	-3.178695e-02	9.370026e+00
4.922000e-05	-3.398564e-02	9.297661e+00
4.923000e-05	-3.404930e-02	9.233083e+00
4.924000e-05	-3.698657e-02	9.149450e+00
4.925000e-05	-3.361067e-02	9.086634e+00
4.926000e-05	-3.512496e-02	8.948317e+00
4.927000e-05	-3.348129e-02	8.792029e+00
4.928000e-05	-3.659911e-02	8.748319e+00
4.929000e-05	-3.641019e-02	8.602632e+00
4.930000e-05	-3.711531e-02	8.527320e+00
4.931000e-05	-3.555815e-02	8.453056e+00
4.932000e-05	-3.538646e-02	8.347295e+00
4.933000e-05	-3.510827e-02	8.221728e+00
4.934000e-05	-3.515127e-02	8.095090e+00
4.935000e-05	-3.531806e-02	7.980441e+00
4.936000e-05	-3.493566e-02	7.821504e+00
4.937000e-05	-3.419872e-02	7.705237e+00
4.938000e-05	-3.327867e-02	7.599376e+00
4.939000e-05	-3.300221e-02	7.413052e+00
4.940000e-05	-3.141793e-02	7.272583e+00
4.941000e-05	-2.969612e-02	7.106788e+00
4.942000e-05	-2.996452e-02	6.978948e+00
4.943000e-05	-2.975087e-02	6.853605e+00
4.944000e-05	-2.900027e-02	6.727766e+00
4.945000e-05	-2.600497e-02	6.517792e+00
4.946000e-05	-2.549042e-02	6.360899e+00
4.947000e-05	-2.489997e-02	6.231580e+00
4.948000e-05	-2.415739e-02	6.106184e+00
4.949000e-05	-2.228393e-02	5.989423e+00
4.950000e-05	-2.097940e-02	5.769025e+00
4.951000e-05	-2.023504e-02	5.590476e+00
4.952000e-05	-1.877217e-02	5.451584e+00
4.953000e-05	-1.841521e-02	5.275661e+00
4.954000e-05	-1.719201e-02	5.065658e+00
4.955000e-05	-1.535532e-02	4.910157e+00
4.956000e-05	-1.446816e-02	4.675709e+00
4.957000e-05	-1.396235e-02	4.536791e+00
4.958000e-05	-1.396845e-02	4.380451e+00
4.959000e-05	-1.192932e-02	4.148848e+00
4.960000e-05	-1.160515e-02	4.030499e+00
4.961000e-05	-1.180035e-02	3.812105e+00
4.962000e-05	-1.214754e-02	3.653662e+00
4.963000e-05	-1.001678e-02	3.527192e+00
4.964000e-05	-9.882029e-03	3.265088e+00
4.965000e-05	-9.538710e-03	3.125691e+00
4.966000e-05	-9.441174e-03	2.897791e+00
4.967000e-05	-8.780984e-03	2.769450e+00
4.968000e-05	-8.150298e-03	2.539050e+00
4.969000e-05	-8.591803e-03	2.348819e+00
4.970000e-05	-7.679745e-03	2.159446e+00
4.971000e-05	-6.735573e-03	2.021626e+00
4.972000e-05	-6.363751e-03	1.801581e+00
4.973000e-05	-6.906555e-03	1.592053e+00
4.974000e-05	-6.615843e-03	1.413622e+00
4.975000e-05	-6.572127e-03	1.232057e+00
4.976000e-05	-6.314161e-03	9.715326e-01
4.977000e-05	-6.190616e-03	7.805776e-01
4.978000e-05	-5.069484e-03	5.910801e-01
4.979000e-05	-4.923530e-03	4.220790e-01
4.980000e-05	-5.316897e-03	2.436369e-01
4.981000e-05	-3.853913e-03	4.155300e-02
4.982000e-05	3.770762e-03	-1.683384e-01
4.983000e-05	-2.308599e-03	-3.438130e-01
4.984000e-05	-7.230623e-04	-4.821540e-01
4.985000e-05	-3.284576e-03	-6.847564e-01
4.986000e-05	-1.068534e-04	-8.831300e-01
4.987000e-05	-2.180507e-03	-9.794738e-01
4.988000e-05	4.606158e-03	-1.158869e+00
4.989000e-05	3.355934e-02	-1.385871e+00
4.990000e-05	7.968698e-02	-1.589421e+00
4.991000e-05	-6.808359e-02	-1.840071e+00
4.992000e-05	-1.412722e-02	-2.101025e+00
4.993000e-05	-7.612286e-02	-2.326309e+00
4.994000e-05	-5.215846e-02	-2.452578e+00
4.995000e-05	1.701627e-01	-2.504238e+00
4.996000e-05	-7.422027e-02	-2.673210e+00
4.997000e-05	-5.181021e-02	-2.885811e+00
4.998000e-05	1.716044e-01	-3.105308e+00
4.999000e-05	-1.592613e-01	-3.304059e+00
