# 260410_16:00:20.351243
t	CH1	CH2
0.000000e+00	-1.211718e-03	-9.268909e-01
1.000000e-08	-1.177395e-03	-1.116735e+00
2.000000e-08	1.724949e-02	-1.275158e+00
3.000000e-08	7.503457e-02	-1.486257e+00
4.000000e-08	2.345341e-04	-1.757283e+00
5.000000e-08	-5.849043e-02	-1.978919e+00
6.000000e-08	-3.107965e-02	-2.212099e+00
7.000000e-08	-8.942118e-02	-2.452025e+00
8.000000e-08	8.084379e-02	-2.474137e+00
9.000000e-08	9.870013e-02	-2.619945e+00
1.000000e-07	-1.685878e-01	-2.830024e+00
1.100000e-07	1.367709e-01	-3.010654e+00
1.200000e-07	-1.117926e-02	-3.148893e+00
1.300000e-07	-1.281344e-01	-3.379469e+00
1.400000e-07	1.559194e-01	-3.538285e+00
1.500000e-07	-5.614008e-02	-3.714254e+00
1.600000e-07	-8.554022e-02	-3.958281e+00
1.700000e-07	1.685796e-01	-4.063629e+00
1.800000e-07	-8.453239e-02	-4.303679e+00
1.900000e-07	5.205191e-02	-4.441625e+00
2.000000e-07	-5.814691e-02	-4.548837e+00
2.100000e-07	-9.152136e-02	-4.800421e+00
2.200000e-07	1.690708e-01	-4.968417e+00
2.300000e-07	-5.164735e-02	-5.147807e+00
2.400000e-07	9.466542e-04	-5.336310e+00
2.500000e-07	2.656218e-03	-5.486279e+00
2.600000e-07	-3.758572e-02	-5.704734e+00
2.700000e-07	8.401351e-02	-5.841129e+00
2.800000e-07	-8.694279e-02	-5.930942e+00
2.900000e-07	6.771840e-02	-6.167407e+00
3.000000e-07	-1.237355e-02	-6.338333e+00
3.100000e-07	-2.725877e-02	-6.516704e+00
3.200000e-07	8.361664e-02	-6.621572e+00
3.300000e-07	-7.431340e-02	-6.778891e+00
3.400000e-07	4.707086e-02	-6.887284e+00
3.500000e-07	-3.897127e-02	-7.063180e+00
3.600000e-07	3.359161e-02	-7.242550e+00
3.700000e-07	4.900352e-02	-7.339386e+00
3.800000e-07	-5.823893e-02	-7.516233e+00
3.900000e-07	3.311846e-02	-7.631145e+00
4.000000e-07	-2.922561e-02	-7.781547e+00
4.100000e-07	4.730306e-02	-7.948443e+00
4.200000e-07	-1.341172e-02	-8.053581e+00
4.300000e-07	6.060755e-03	-8.190947e+00
4.400000e-07	3.129640e-02	-8.264731e+00
4.500000e-07	-2.528941e-02	-8.381522e+00
4.600000e-07	1.934478e-02	-8.505157e+00
4.700000e-07	-1.670919e-02	-8.626222e+00
4.800000e-07	3.704012e-02	-8.779919e+00
4.900000e-07	-5.151911e-03	-8.863679e+00
5.000000e-07	2.242935e-03	-8.887912e+00
5.100000e-07	1.288844e-02	-9.033176e+00
5.200000e-07	2.650624e-03	-9.096834e+00
5.300000e-07	1.207641e-02	-9.210445e+00
5.400000e-07	-5.778244e-03	-9.304678e+00
5.500000e-07	1.932950e-02	-9.339946e+00
5.600000e-07	4.006296e-03	-9.456624e+00
5.700000e-07	1.094258e-02	-9.489918e+00
5.800000e-07	5.053384e-03	-9.663075e+00
5.900000e-07	2.622954e-03	-9.714759e+00
6.000000e-07	3.462833e-03	-9.698965e+00
6.100000e-07	1.249789e-02	-9.843571e+00
6.200000e-07	2.175772e-02	-9.833679e+00
6.300000e-07	5.581039e-03	-9.926338e+00
6.400000e-07	1.156007e-03	-9.947870e+00
6.500000e-07	3.272115e-03	-9.969422e+00
6.600000e-07	1.595789e-02	-1.004107e+01
6.700000e-07	1.202597e-02	-1.007461e+01
6.800000e-07	5.560881e-03	-1.008721e+01
6.900000e-07	6.477068e-03	-1.012884e+01
7.000000e-07	1.161943e-02	-1.021250e+01
7.100000e-07	1.352408e-02	-1.020160e+01
7.200000e-07	1.050540e-02	-1.024573e+01
7.300000e-07	5.303749e-03	-1.023823e+01
7.400000e-07	1.104184e-02	-1.026527e+01
7.500000e-07	1.631934e-02	-1.028829e+01
7.600000e-07	1.506099e-02	-1.031882e+01
7.700000e-07	7.997066e-03	-1.035789e+01
7.800000e-07	8.407041e-03	-1.029889e+01
7.900000e-07	1.420235e-02	-1.030731e+01
8.000000e-07	1.783013e-02	-1.026889e+01
8.100000e-07	1.712012e-02	-1.030687e+01
8.200000e-07	1.432940e-02	-1.026632e+01
8.300000e-07	1.295320e-02	-1.025528e+01
8.400000e-07	1.676824e-02	-1.020266e+01
8.500000e-07	1.912670e-02	-1.019255e+01
8.600000e-07	1.986328e-02	-1.018950e+01
8.700000e-07	1.671461e-02	-1.008927e+01
8.800000e-07	2.021739e-02	-1.006671e+01
8.900000e-07	2.199949e-02	-1.002310e+01
9.000000e-07	2.289814e-02	-9.990050e+00
9.100000e-07	2.074419e-02	-9.968470e+00
9.200000e-07	2.324890e-02	-9.904816e+00
9.300000e-07	2.552131e-02	-9.865741e+00
9.400000e-07	2.644220e-02	-9.823004e+00
9.500000e-07	2.474689e-02	-9.748420e+00
9.600000e-07	2.642638e-02	-9.687318e+00
9.700000e-07	2.656653e-02	-9.634153e+00
9.800000e-07	2.804258e-02	-9.601451e+00
9.900000e-07	2.980342e-02	-9.538293e+00
1.000000e-06	3.061691e-02	-9.394155e+00
1.010000e-06	2.952931e-02	-9.318943e+00
1.020000e-06	3.072092e-02	-9.243105e+00
1.030000e-06	3.116868e-02	-9.158420e+00
1.040000e-06	3.274988e-02	-9.096209e+00
1.050000e-06	3.235755e-02	-8.940877e+00
1.060000e-06	3.298215e-02	-8.865654e+00
1.070000e-06	3.286107e-02	-8.799476e+00
1.080000e-06	3.322666e-02	-8.677365e+00
1.090000e-06	3.447542e-02	-8.569951e+00
1.100000e-06	3.423110e-02	-8.414131e+00
1.110000e-06	3.549363e-02	-8.359441e+00
1.120000e-06	3.409764e-02	-8.233108e+00
1.130000e-06	3.425381e-02	-8.128217e+00
1.140000e-06	3.329875e-02	-8.012553e+00
1.150000e-06	3.427891e-02	-7.895343e+00
1.160000e-06	3.228918e-02	-7.747376e+00
1.170000e-06	3.113223e-02	-7.570880e+00
1.180000e-06	3.194632e-02	-7.452610e+00
1.190000e-06	3.119406e-02	-7.296368e+00
1.200000e-06	2.962865e-02	-7.140050e+00
1.210000e-06	2.783703e-02	-7.063289e+00
1.220000e-06	2.638844e-02	-6.865236e+00
1.230000e-06	2.657657e-02	-6.747321e+00
1.240000e-06	2.465110e-02	-6.553051e+00
1.250000e-06	2.232643e-02	-6.483139e+00
1.260000e-06	2.078553e-02	-6.316896e+00
1.270000e-06	2.030061e-02	-6.117872e+00
1.280000e-06	1.843504e-02	-5.979026e+00
1.290000e-06	1.652442e-02	-5.852634e+00
1.300000e-06	1.533187e-02	-5.705792e+00
1.310000e-06	1.371719e-02	-5.547398e+00
1.320000e-06	1.233115e-02	-5.296271e+00
1.330000e-06	1.192871e-02	-5.106895e+00
1.340000e-06	9.872741e-03	-4.969026e+00
1.350000e-06	9.048855e-03	-4.718396e+00
1.360000e-06	7.338366e-03	-4.589976e+00
1.370000e-06	8.254458e-03	-4.412108e+00
1.380000e-06	5.591803e-03	-4.283261e+00
1.390000e-06	6.449352e-03	-4.096791e+00
1.400000e-06	3.937893e-03	-3.978524e+00
1.410000e-06	4.610895e-03	-3.787951e+00
1.420000e-06	3.122039e-03	-3.550474e+00
1.430000e-06	4.079597e-03	-3.391080e+00
1.440000e-06	2.059833e-03	-3.232133e+00
1.450000e-06	2.571728e-03	-3.044612e+00
1.460000e-06	9.259913e-04	-2.801131e+00
1.470000e-06	1.682728e-03	-2.664162e+00
1.480000e-06	-6.514265e-04	-2.463741e+00
1.490000e-06	1.977433e-03	-2.327321e+00
1.500000e-06	-3.436662e-04	-2.076265e+00
1.510000e-06	1.611728e-03	-1.925346e+00
1.520000e-06	-1.272070e-03	-1.747822e+00
1.530000e-06	-3.878875e-04	-1.539900e+00
1.540000e-06	-6.912803e-04	-1.306411e+00
1.550000e-06	-1.644349e-03	-1.095242e+00
1.560000e-06	-2.120687e-03	-9.259172e-01
1.570000e-06	-1.686360e-03	-7.687923e-01
1.580000e-06	-2.400167e-03	-5.167682e-01
1.590000e-06	-1.893159e-03	-3.483224e-01
1.600000e-06	-2.629854e-03	-1.479499e-01
1.610000e-06	2.652487e-03	-1.000394e-02
1.620000e-06	4.196565e-03	2.004423e-01
1.630000e-06	-1.696687e-03	4.009985e-01
1.640000e-06	1.161021e-03	5.778646e-01
1.650000e-06	-2.798896e-03	6.943081e-01
1.660000e-06	-1.292614e-03	8.846554e-01
1.670000e-06	-2.765888e-03	1.135281e+00
1.680000e-06	5.630950e-03	1.283233e+00
1.690000e-06	2.313927e-02	1.496154e+00
1.700000e-06	6.638967e-02	1.779991e+00
1.710000e-06	-2.152547e-02	1.979420e+00
1.720000e-06	-4.875576e-02	2.158341e+00
1.730000e-06	-4.015313e-02	2.337290e+00
1.740000e-06	-6.390896e-02	2.430608e+00
1.750000e-06	1.035459e-02	2.601992e+00
1.760000e-06	1.466208e-01	2.789923e+00
1.770000e-06	-1.475489e-01	2.978442e+00
1.780000e-06	5.104732e-02	3.105357e+00
1.790000e-06	5.954737e-02	3.265207e+00
1.800000e-06	-1.071162e-01	3.517861e+00
1.810000e-06	6.653750e-02	3.633576e+00
1.820000e-06	6.169676e-03	3.841046e+00
1.830000e-06	-1.075740e-01	4.050420e+00
1.840000e-06	1.000330e-01	4.188619e+00
1.850000e-06	-9.901366e-03	4.391497e+00
1.860000e-06	-1.957589e-02	4.557341e+00
1.870000e-06	-2.073582e-02	4.717863e+00
1.880000e-06	-6.194863e-02	4.976757e+00
1.890000e-06	5.578681e-02	5.138341e+00
1.900000e-06	1.351958e-02	5.338420e+00
1.910000e-06	-6.767071e-03	5.475308e+00
1.920000e-06	-3.375626e-02	5.663651e+00
1.930000e-06	1.246001e-03	5.854676e+00
1.940000e-06	7.729033e-03	6.001545e+00
1.950000e-06	-3.027109e-02	6.149471e+00
1.960000e-06	1.414921e-02	6.286333e+00
1.970000e-06	-9.424308e-03	6.431499e+00
1.980000e-06	-1.644696e-02	6.653471e+00
1.990000e-06	1.584200e-02	6.769995e+00
2.000000e-06	-3.327244e-02	6.937286e+00
2.010000e-06	-4.958653e-03	7.042734e+00
2.020000e-06	-4.770217e-03	7.170973e+00
2.030000e-06	3.101085e-04	7.327208e+00
2.040000e-06	4.311829e-03	7.476735e+00
2.050000e-06	-2.689487e-02	7.644134e+00
2.060000e-06	-6.180538e-03	7.789442e+00
2.070000e-06	-1.468439e-02	7.965811e+00
2.080000e-06	5.855457e-03	8.085230e+00
2.090000e-06	-1.565508e-02	8.170567e+00
2.100000e-06	-9.961022e-03	8.297337e+00
2.110000e-06	2.607430e-03	8.459948e+00
2.120000e-06	-1.226198e-02	8.525756e+00
2.130000e-06	-1.690390e-02	8.570949e+00
2.140000e-06	-1.994487e-02	8.685309e+00
2.150000e-06	7.542625e-04	8.820427e+00
2.160000e-06	-2.981565e-03	8.853109e+00
2.170000e-06	-1.166024e-02	9.001072e+00
2.180000e-06	-1.571191e-02	9.106838e+00
2.190000e-06	-1.356420e-02	9.222449e+00
2.200000e-06	-7.360544e-03	9.283234e+00
2.210000e-06	-1.210301e-02	9.339394e+00
2.220000e-06	-9.207935e-03	9.413025e+00
2.230000e-06	-1.423955e-02	9.474883e+00
2.240000e-06	-9.595008e-03	9.549970e+00
2.250000e-06	-1.318190e-02	9.641604e+00
2.260000e-06	-1.339009e-02	9.717713e+00
2.270000e-06	-1.799863e-02	9.780944e+00
2.280000e-06	-9.472097e-03	9.853854e+00
2.290000e-06	-3.341489e-03	9.929319e+00
2.300000e-06	-1.079653e-02	9.979001e+00
2.310000e-06	-1.978989e-02	1.003310e+01
2.320000e-06	-1.970876e-02	1.008511e+01
2.330000e-06	-1.196582e-02	1.010627e+01
2.340000e-06	-1.033632e-02	1.014791e+01
2.350000e-06	-1.750814e-02	1.015039e+01
2.360000e-06	-1.515562e-02	1.019202e+01
2.370000e-06	-1.495672e-02	1.024306e+01
2.380000e-06	-1.327793e-02	1.022218e+01
2.390000e-06	-1.632020e-02	1.028716e+01
2.400000e-06	-1.891665e-02	1.028481e+01
2.410000e-06	-1.679750e-02	1.026636e+01
2.420000e-06	-1.322532e-02	1.032576e+01
2.430000e-06	-1.719020e-02	1.030749e+01
2.440000e-06	-2.143633e-02	1.030734e+01
2.450000e-06	-2.380576e-02	1.028534e+01
2.460000e-06	-1.736747e-02	1.032679e+01
2.470000e-06	-1.723038e-02	1.028526e+01
2.480000e-06	-1.912941e-02	1.029584e+01
2.490000e-06	-2.239717e-02	1.027578e+01
2.500000e-06	-2.305153e-02	1.027323e+01
2.510000e-06	-2.229535e-02	1.028326e+01
2.520000e-06	-2.512692e-02	1.019095e+01
2.530000e-06	-2.544736e-02	1.016840e+01
2.540000e-06	-2.547991e-02	1.010637e+01
2.550000e-06	-2.614118e-02	1.010624e+01
2.560000e-06	-2.563746e-02	1.005321e+01
2.570000e-06	-3.087596e-02	1.002203e+01
2.580000e-06	-2.934772e-02	1.000945e+01
2.590000e-06	-3.134692e-02	9.937843e+00
2.600000e-06	-2.801162e-02	9.867710e+00
2.610000e-06	-3.027148e-02	9.790498e+00
2.620000e-06	-3.179705e-02	9.705867e+00
2.630000e-06	-3.592831e-02	9.620604e+00
2.640000e-06	-3.630618e-02	9.529952e+00
2.650000e-06	-3.542256e-02	9.495815e+00
2.660000e-06	-3.476059e-02	9.422605e+00
2.670000e-06	-3.491563e-02	9.339369e+00
2.680000e-06	-3.605017e-02	9.263192e+00
2.690000e-06	-3.782713e-02	9.222577e+00
2.700000e-06	-3.884734e-02	9.149320e+00
2.710000e-06	-3.919716e-02	9.051628e+00
2.720000e-06	-3.927281e-02	8.833737e+00
2.730000e-06	-3.808962e-02	8.780655e+00
2.740000e-06	-4.023399e-02	8.725315e+00
2.750000e-06	-4.120994e-02	8.570580e+00
2.760000e-06	-4.148088e-02	8.474715e+00
2.770000e-06	-4.041414e-02	8.390529e+00
2.780000e-06	-4.091105e-02	8.307343e+00
2.790000e-06	-4.112591e-02	8.111526e+00
2.800000e-06	-3.830857e-02	8.053607e+00
2.810000e-06	-3.960320e-02	7.907288e+00
2.820000e-06	-3.949819e-02	7.780526e+00
2.830000e-06	-4.118308e-02	7.672710e+00
2.840000e-06	-3.873722e-02	7.507845e+00
2.850000e-06	-3.796859e-02	7.380494e+00
2.860000e-06	-3.557334e-02	7.221478e+00
2.870000e-06	-3.434945e-02	7.085661e+00
2.880000e-06	-3.422687e-02	6.927870e+00
2.890000e-06	-3.430220e-02	6.810574e+00
2.900000e-06	-3.153266e-02	6.673659e+00
2.910000e-06	-2.873955e-02	6.454737e+00
2.920000e-06	-2.811118e-02	6.348374e+00
2.930000e-06	-2.665836e-02	6.200529e+00
2.940000e-06	-2.618375e-02	6.042638e+00
2.950000e-06	-2.299542e-02	5.938271e+00
2.960000e-06	-2.385279e-02	5.717867e+00
2.970000e-06	-2.226936e-02	5.558473e+00
2.980000e-06	-1.989235e-02	5.420531e+00
2.990000e-06	-1.835797e-02	5.231710e+00
3.000000e-06	-1.659422e-02	4.990178e+00
3.010000e-06	-1.712753e-02	4.790057e+00
3.020000e-06	-1.588370e-02	4.634134e+00
3.030000e-06	-1.561586e-02	4.505265e+00
3.040000e-06	-1.333938e-02	4.347446e+00
3.050000e-06	-1.171196e-02	4.137799e+00
3.060000e-06	-1.198769e-02	3.958397e+00
3.070000e-06	-1.267826e-02	3.779976e+00
3.080000e-06	-1.166844e-02	3.621107e+00
3.090000e-06	-1.043256e-02	3.462060e+00
3.100000e-06	-9.637727e-03	3.210630e+00
3.110000e-06	-1.016043e-02	3.063739e+00
3.120000e-06	-9.798542e-03	2.892766e+00
3.130000e-06	-8.731961e-03	2.749371e+00
3.140000e-06	-9.047383e-03	2.545219e+00
3.150000e-06	-8.169855e-03	2.316242e+00
3.160000e-06	-9.074895e-03	2.147297e+00
3.170000e-06	-6.636929e-03	1.990001e+00
3.180000e-06	-7.411492e-03	1.758504e+00
3.190000e-06	-7.046433e-03	1.577450e+00
3.200000e-06	-6.331675e-03	1.419952e+00
3.210000e-06	-6.926337e-03	1.160000e+00
3.220000e-06	-6.478963e-03	9.468772e-01
3.230000e-06	-6.098438e-03	7.373497e-01
3.240000e-06	-5.254106e-03	5.675012e-01
3.250000e-06	-4.344141e-03	3.796064e-01
3.260000e-06	-5.437679e-03	2.185788e-01
3.270000e-06	-2.338730e-03	-1.087626e-02
3.280000e-06	3.179375e-03	-1.684684e-01
3.290000e-06	-2.443904e-03	-3.473107e-01
3.300000e-06	-2.101126e-04	-4.637592e-01
3.310000e-06	-2.783697e-03	-7.167583e-01
3.320000e-06	-5.974185e-04	-8.937555e-01
3.330000e-06	-2.575741e-03	-1.042571e+00
3.340000e-06	7.306782e-03	-1.220497e+00
3.350000e-06	4.128597e-02	-1.382441e+00
3.360000e-06	6.892271e-02	-1.633046e+00
3.370000e-06	-7.196629e-02	-1.884605e+00
3.380000e-06	-1.552891e-02	-2.096803e+00
3.390000e-06	-7.892767e-02	-2.388862e+00
3.400000e-06	-2.949512e-02	-2.472683e+00
3.410000e-06	1.645332e-01	-2.534816e+00
3.420000e-06	-8.699337e-02	-2.736780e+00
3.430000e-06	-2.598722e-02	-2.896837e+00
3.440000e-06	1.576762e-01	-3.096283e+00
3.450000e-06	-1.711865e-01	-3.286257e+00
3.460000e-06	6.393609e-02	-3.476204e+00
3.470000e-06	8.842342e-02	-3.570945e+00
3.480000e-06	-1.705179e-01	-3.841124e+00
3.490000e-06	1.167342e-01	-4.009999e+00
3.500000e-06	4.164814e-02	-4.168912e+00
3.510000e-06	-5.396867e-02	-4.389497e+00
3.520000e-06	5.873836e-02	-4.474183e+00
3.530000e-06	-1.604802e-01	-4.717831e+00
3.540000e-06	1.084413e-01	-4.845807e+00
3.550000e-06	7.762984e-02	-5.043075e+00
3.560000e-06	-8.417063e-02	-5.252625e+00
3.570000e-06	6.261069e-02	-5.391520e+00
3.580000e-06	-7.490228e-02	-5.652575e+00
3.590000e-06	7.070948e-02	-5.760018e+00
3.600000e-06	-2.254315e-02	-5.916262e+00
3.610000e-06	-2.516804e-02	-6.084182e+00
3.620000e-06	7.884220e-02	-6.202674e+00
3.630000e-06	-8.689000e-02	-6.372022e+00
3.640000e-06	8.260742e-02	-6.557892e+00
3.650000e-06	-2.290265e-02	-6.715808e+00
3.660000e-06	-1.426766e-02	-6.893129e+00
3.670000e-06	2.412347e-02	-6.960440e+00
3.680000e-06	-4.334225e-02	-7.157440e+00
3.690000e-06	9.573578e-02	-7.285733e+00
3.700000e-06	-4.833344e-02	-7.403526e+00
3.710000e-06	7.461725e-03	-7.588420e+00
3.720000e-06	-6.566960e-03	-7.697283e+00
3.730000e-06	8.285346e-03	-7.876787e+00
3.740000e-06	3.256249e-02	-8.030046e+00
3.750000e-06	-2.932587e-02	-8.157287e+00
3.760000e-06	4.530130e-02	-8.243625e+00
3.770000e-06	-1.522306e-02	-8.379392e+00
3.780000e-06	5.455969e-03	-8.433103e+00
3.790000e-06	-3.702701e-03	-8.540839e+00
3.800000e-06	1.037090e-02	-8.676234e+00
3.810000e-06	2.693961e-02	-8.822025e+00
3.820000e-06	-1.691719e-02	-8.915731e+00
3.830000e-06	1.985966e-02	-9.009998e+00
3.840000e-06	-1.478589e-03	-9.075180e+00
3.850000e-06	1.428302e-02	-9.159418e+00
3.860000e-06	-3.035055e-03	-9.223103e+00
3.870000e-06	8.466249e-03	-9.378785e+00
3.880000e-06	1.573611e-02	-9.393020e+00
3.890000e-06	3.942184e-03	-9.468360e+00
3.900000e-06	1.125473e-02	-9.600473e+00
3.910000e-06	6.164764e-04	-9.644181e+00
3.920000e-06	5.078514e-03	-9.706387e+00
3.930000e-06	5.257183e-03	-9.769919e+00
3.940000e-06	2.113782e-02	-9.854130e+00
3.950000e-06	1.359090e-02	-9.896734e+00
3.960000e-06	6.024208e-04	-9.898391e+00
3.970000e-06	1.360473e-03	-9.990446e+00
3.980000e-06	1.083418e-02	-1.003102e+01
3.990000e-06	1.680426e-02	-1.005461e+01
4.000000e-06	6.851864e-03	-1.006523e+01
4.010000e-06	5.778114e-03	-1.011936e+01
4.020000e-06	1.005726e-02	-1.020197e+01
4.030000e-06	1.340802e-02	-1.020222e+01
4.040000e-06	1.177038e-02	-1.021563e+01
4.050000e-06	6.196337e-03	-1.025664e+01
4.060000e-06	9.468034e-03	-1.031879e+01
4.070000e-06	1.553390e-02	-1.030776e+01
4.080000e-06	1.610495e-02	-1.031839e+01
4.090000e-06	9.622508e-03	-1.032787e+01
4.100000e-06	6.725455e-03	-1.032784e+01
4.110000e-06	1.192230e-02	-1.030739e+01
4.120000e-06	1.617436e-02	-1.029684e+01
4.130000e-06	1.775640e-02	-1.030684e+01
4.140000e-06	1.640511e-02	-1.030679e+01
4.150000e-06	1.484029e-02	-1.028719e+01
4.160000e-06	1.464890e-02	-1.020373e+01
4.170000e-06	1.660838e-02	-1.019451e+01
4.180000e-06	1.914898e-02	-1.017092e+01
4.190000e-06	1.865553e-02	-1.013797e+01
4.200000e-06	2.027597e-02	-1.009736e+01
4.210000e-06	2.177073e-02	-1.004426e+01
4.220000e-06	2.202371e-02	-1.005203e+01
4.230000e-06	1.981690e-02	-9.981046e+00
4.240000e-06	2.152730e-02	-9.937945e+00
4.250000e-06	2.524080e-02	-9.896264e+00
4.260000e-06	2.658269e-02	-9.862632e+00
4.270000e-06	2.531690e-02	-9.811621e+00
4.280000e-06	2.536722e-02	-9.716341e+00
4.290000e-06	2.713034e-02	-9.665260e+00
4.300000e-06	2.744029e-02	-9.631978e+00
4.310000e-06	2.739409e-02	-9.549399e+00
4.320000e-06	2.923294e-02	-9.463786e+00
4.330000e-06	3.165175e-02	-9.401999e+00
4.340000e-06	3.155351e-02	-9.263734e+00
4.350000e-06	3.077376e-02	-9.181048e+00
4.360000e-06	2.972820e-02	-9.097313e+00
4.370000e-06	3.194531e-02	-9.021106e+00
4.380000e-06	3.396557e-02	-8.906288e+00
4.390000e-06	3.397113e-02	-8.852602e+00
4.400000e-06	3.355626e-02	-8.758849e+00
4.410000e-06	3.297810e-02	-8.604158e+00
4.420000e-06	3.408626e-02	-8.516340e+00
4.430000e-06	3.384975e-02	-8.379103e+00
4.440000e-06	3.420390e-02	-8.276264e+00
4.450000e-06	3.479996e-02	-8.190496e+00
4.460000e-06	3.420079e-02	-8.063712e+00
4.470000e-06	3.340330e-02	-7.959925e+00
4.480000e-06	3.359791e-02	-7.781580e+00
4.490000e-06	3.235887e-02	-7.614238e+00
4.500000e-06	3.090330e-02	-7.496291e+00
4.510000e-06	3.085284e-02	-7.360324e+00
4.520000e-06	3.136654e-02	-7.262655e+00
4.530000e-06	2.892105e-02	-7.126818e+00
4.540000e-06	2.649604e-02	-6.969442e+00
4.550000e-06	2.546988e-02	-6.781024e+00
4.560000e-06	2.621013e-02	-6.654235e+00
4.570000e-06	2.383405e-02	-6.527294e+00
4.580000e-06	2.062244e-02	-6.380005e+00
4.590000e-06	2.104078e-02	-6.234062e+00
4.600000e-06	1.737710e-02	-6.022710e+00
4.610000e-06	1.933842e-02	-5.887241e+00
4.620000e-06	1.624747e-02	-5.757942e+00
4.630000e-06	1.565052e-02	-5.570959e+00
4.640000e-06	1.311747e-02	-5.433153e+00
4.650000e-06	1.078111e-02	-5.201057e+00
4.660000e-06	1.052719e-02	-5.022609e+00
4.670000e-06	8.137628e-03	-4.872087e+00
4.680000e-06	6.085366e-03	-4.652133e+00
4.690000e-06	6.616869e-03	-4.505193e+00
4.700000e-06	8.199096e-03	-4.366873e+00
4.710000e-06	7.140107e-03	-4.189530e+00
4.720000e-06	6.476872e-03	-4.022034e+00
4.730000e-06	2.868121e-03	-3.864638e+00
4.740000e-06	3.117863e-03	-3.662136e+00
4.750000e-06	1.928844e-03	-3.504213e+00
4.760000e-06	4.301748e-03	-3.294768e+00
4.770000e-06	2.131249e-03	-3.147297e+00
4.780000e-06	4.921296e-04	-2.924871e+00
4.790000e-06	1.699540e-03	-2.758345e+00
4.800000e-06	7.803074e-05	-2.557921e+00
4.810000e-06	3.070059e-03	-2.379980e+00
4.820000e-06	-4.029362e-04	-2.169455e+00
4.830000e-06	4.445454e-04	-1.990050e+00
4.840000e-06	-2.282289e-03	-1.811555e+00
4.850000e-06	1.699890e-03	-1.641161e+00
4.860000e-06	-9.708473e-04	-1.473160e+00
4.870000e-06	-1.332896e-03	-1.191508e+00
4.880000e-06	-4.637042e-03	-9.805753e-01
4.890000e-06	-5.497216e-04	-8.011353e-01
4.900000e-06	-1.374302e-03	-5.821328e-01
4.910000e-06	9.200138e-04	-4.111041e-01
4.920000e-06	-3.806351e-03	-2.546842e-01
4.930000e-06	-2.927852e-03	-5.318795e-02
4.940000e-06	3.910250e-03	7.425654e-02
4.950000e-06	2.475551e-03	3.358108e-01
4.960000e-06	6.652991e-04	4.746617e-01
4.970000e-06	-2.708905e-03	6.516278e-01
4.980000e-06	-4.192400e-03	8.019739e-01
4.990000e-06	-1.073167e-03	9.800136e-01
5.000000e-06	2.857684e-03	1.211951e+00
5.010000e-06	1.104325e-02	1.390021e+00
5.020000e-06	4.925386e-02	1.604044e+00
5.030000e-06	3.516671e-02	1.895102e+00
5.040000e-06	-5.989584e-02	2.062652e+00
5.050000e-06	-3.249801e-02	2.254050e+00
5.060000e-06	-5.700127e-02	2.402496e+00
5.070000e-06	-5.198460e-02	2.515810e+00
5.080000e-06	1.284580e-01	2.745839e+00
5.090000e-06	-8.459450e-03	2.885154e+00
5.100000e-06	-1.147636e-01	3.062004e+00
5.110000e-06	1.576344e-01	3.228941e+00
5.120000e-06	-9.857618e-02	3.444107e+00
5.130000e-06	-1.704447e-02	3.600999e+00
5.140000e-06	8.746207e-02	3.726341e+00
5.150000e-06	-1.052344e-01	3.957941e+00
5.160000e-06	1.473434e-02	4.116159e+00
5.170000e-06	6.576093e-02	4.337782e+00
5.180000e-06	-4.545558e-02	4.514658e+00
5.190000e-06	6.312491e-03	4.663052e+00
5.200000e-06	-6.023029e-02	4.871578e+00
5.210000e-06	1.380416e-03	5.067152e+00
5.220000e-06	5.031569e-02	5.284181e+00
5.230000e-06	-7.450141e-03	5.453549e+00
5.240000e-06	-1.330401e-02	5.599471e+00
5.250000e-06	-3.163446e-02	5.737790e+00
5.260000e-06	1.898188e-02	5.950438e+00
5.270000e-06	-1.827933e-02	6.114833e+00
5.280000e-06	-1.286252e-02	6.232021e+00
5.290000e-06	2.015168e-02	6.390468e+00
5.300000e-06	-3.735344e-02	6.568213e+00
5.310000e-06	1.893114e-02	6.706786e+00
5.320000e-06	-1.998092e-02	6.874160e+00
5.330000e-06	-1.636877e-02	7.011471e+00
5.340000e-06	-7.325140e-04	7.116786e+00
5.350000e-06	-8.899538e-03	7.230599e+00
5.360000e-06	1.058310e-02	7.380512e+00
5.370000e-06	-2.006888e-02	7.601942e+00
5.380000e-06	-1.152038e-02	7.725313e+00
5.390000e-06	-1.463993e-02	7.895150e+00
5.400000e-06	7.188909e-05	8.001026e+00
5.410000e-06	-5.682135e-03	8.128965e+00
5.420000e-06	-1.363181e-02	8.253630e+00
5.430000e-06	-2.050019e-03	8.359469e+00
5.440000e-06	-4.407673e-03	8.483583e+00
5.450000e-06	-1.826214e-02	8.560365e+00
5.460000e-06	-1.873510e-02	8.622728e+00
5.470000e-06	-9.130967e-03	8.789941e+00
5.480000e-06	3.250777e-03	8.840503e+00
5.490000e-06	-9.362034e-03	8.947331e+00
5.500000e-06	-1.632441e-02	9.052233e+00
5.510000e-06	-1.414756e-02	9.159471e+00
5.520000e-06	-1.063080e-02	9.272653e+00
5.530000e-06	-7.425143e-03	9.316887e+00
5.540000e-06	-1.205297e-02	9.401527e+00
5.550000e-06	-1.042429e-02	9.454707e+00
5.560000e-06	-1.179179e-02	9.537867e+00
5.570000e-06	-1.180963e-02	9.601497e+00
5.580000e-06	-1.422932e-02	9.704133e+00
5.590000e-06	-1.850555e-02	9.751395e+00
5.600000e-06	-1.317680e-02	9.822550e+00
5.610000e-06	-5.705400e-03	9.887313e+00
5.620000e-06	-5.665654e-03	9.958947e+00
5.630000e-06	-1.756637e-02	9.971524e+00
5.640000e-06	-1.995718e-02	1.006463e+01
5.650000e-06	-1.375055e-02	1.011419e+01
5.660000e-06	-9.884421e-03	1.010826e+01
5.670000e-06	-1.302441e-02	1.015847e+01
5.680000e-06	-1.812002e-02	1.024152e+01
5.690000e-06	-1.530982e-02	1.020305e+01
5.700000e-06	-1.545061e-02	1.024428e+01
5.710000e-06	-1.280450e-02	1.026313e+01
5.720000e-06	-1.703341e-02	1.028566e+01
5.730000e-06	-1.800724e-02	1.030528e+01
5.740000e-06	-1.511490e-02	1.030889e+01
5.750000e-06	-1.277879e-02	1.030731e+01
5.760000e-06	-1.897710e-02	1.032684e+01
5.770000e-06	-2.452147e-02	1.029942e+01
5.780000e-06	-2.195544e-02	1.031779e+01
5.790000e-06	-1.711041e-02	1.028734e+01
5.800000e-06	-1.661694e-02	1.029579e+01
5.810000e-06	-2.156849e-02	1.025574e+01
5.820000e-06	-2.319940e-02	1.026666e+01
5.830000e-06	-2.314434e-02	1.023166e+01
5.840000e-06	-2.357157e-02	1.020263e+01
5.850000e-06	-2.410004e-02	1.017097e+01
5.860000e-06	-2.523349e-02	1.016947e+01
5.870000e-06	-2.514901e-02	1.009684e+01
5.880000e-06	-2.676632e-02	1.007463e+01
5.890000e-06	-2.759030e-02	1.007268e+01
5.900000e-06	-3.108251e-02	1.000055e+01
5.910000e-06	-3.026415e-02	9.959922e+00
5.920000e-06	-3.012327e-02	9.906762e+00
5.930000e-06	-2.843262e-02	9.812129e+00
5.940000e-06	-3.126578e-02	9.768916e+00
5.950000e-06	-3.441335e-02	9.675183e+00
5.960000e-06	-3.510078e-02	9.591027e+00
5.970000e-06	-3.559725e-02	9.547342e+00
5.980000e-06	-3.436756e-02	9.452132e+00
5.990000e-06	-3.441372e-02	9.390505e+00
6.000000e-06	-3.573379e-02	9.307341e+00
6.010000e-06	-3.764252e-02	9.243656e+00
6.020000e-06	-3.956629e-02	9.150520e+00
6.030000e-06	-3.852996e-02	9.057185e+00
6.040000e-06	-3.911117e-02	8.937473e+00
6.050000e-06	-3.773555e-02	8.811055e+00
6.060000e-06	-4.043585e-02	8.747920e+00
6.070000e-06	-3.895424e-02	8.613684e+00
6.080000e-06	-4.304080e-02	8.507444e+00
6.090000e-06	-4.093116e-02	8.472608e+00
6.100000e-06	-4.196672e-02	8.370875e+00
6.110000e-06	-3.848926e-02	8.211106e+00
6.120000e-06	-4.036660e-02	8.106193e+00
6.130000e-06	-3.898330e-02	7.959452e+00
6.140000e-06	-4.035504e-02	7.864163e+00
6.150000e-06	-3.917250e-02	7.726246e+00
6.160000e-06	-4.003252e-02	7.570554e+00
6.170000e-06	-3.777321e-02	7.453164e+00
6.180000e-06	-3.614630e-02	7.255663e+00
6.190000e-06	-3.476518e-02	7.096370e+00
6.200000e-06	-3.468848e-02	7.002630e+00
6.210000e-06	-3.481315e-02	6.861663e+00
6.220000e-06	-3.304772e-02	6.767923e+00
6.230000e-06	-3.029142e-02	6.579480e+00
6.240000e-06	-2.823098e-02	6.421033e+00
6.250000e-06	-2.696174e-02	6.244661e+00
6.260000e-06	-2.671101e-02	6.126870e+00
6.270000e-06	-2.564239e-02	5.961001e+00
6.280000e-06	-2.367489e-02	5.802713e+00
6.290000e-06	-2.202642e-02	5.593056e+00
6.300000e-06	-2.034159e-02	5.463736e+00
6.310000e-06	-1.920572e-02	5.326796e+00
6.320000e-06	-1.745842e-02	5.106797e+00
6.330000e-06	-1.648005e-02	4.854343e+00
6.340000e-06	-1.694535e-02	4.716394e+00
6.350000e-06	-1.644091e-02	4.537901e+00
6.360000e-06	-1.380100e-02	4.420528e+00
6.370000e-06	-1.293381e-02	4.283039e+00
6.380000e-06	-1.171575e-02	4.000558e+00
6.390000e-06	-1.177357e-02	3.852638e+00
6.400000e-06	-1.187071e-02	3.694266e+00
6.410000e-06	-1.143678e-02	3.537974e+00
6.420000e-06	-1.062522e-02	3.336370e+00
6.430000e-06	-1.048751e-02	3.167346e+00
6.440000e-06	-1.015311e-02	2.960976e+00
6.450000e-06	-9.059839e-03	2.801109e+00
6.460000e-06	-7.987402e-03	2.651039e+00
6.470000e-06	-8.415679e-03	2.400000e+00
6.480000e-06	-8.608502e-03	2.211081e+00
6.490000e-06	-7.629061e-03	2.041660e+00
6.500000e-06	-7.037879e-03	1.895221e+00
6.510000e-06	-6.346360e-03	1.632739e+00
6.520000e-06	-6.311909e-03	1.462188e+00
6.530000e-06	-6.623326e-03	1.295243e+00
6.540000e-06	-6.335650e-03	1.053162e+00
6.550000e-06	-7.206688e-03	8.130865e-01
6.560000e-06	-5.463570e-03	6.621329e-01
6.570000e-06	-4.508792e-03	4.432117e-01
6.580000e-06	-4.342127e-03	3.056908e-01
6.590000e-06	-4.736576e-03	6.476796e-02
6.600000e-06	1.094555e-03	-1.047581e-01
6.610000e-06	1.133290e-03	-2.816052e-01
6.620000e-06	-4.154513e-03	-4.305488e-01
6.630000e-06	-1.077463e-04	-6.210448e-01
6.640000e-06	-2.738367e-03	-8.105701e-01
6.650000e-06	-8.699659e-04	-9.794385e-01
6.660000e-06	-1.446803e-04	-1.125253e+00
6.670000e-06	2.015098e-02	-1.315183e+00
6.680000e-06	8.074065e-02	-1.516736e+00
6.690000e-06	-1.886668e-02	-1.747310e+00
6.700000e-06	-4.906557e-02	-2.011974e+00
6.710000e-06	-3.986343e-02	-2.234204e+00
6.720000e-06	-8.678658e-02	-2.431074e+00
6.730000e-06	1.082666e-01	-2.485735e+00
6.740000e-06	6.312404e-02	-2.609523e+00
6.750000e-06	-1.666150e-01	-2.883229e+00
6.760000e-06	1.671763e-01	-3.023020e+00
6.770000e-06	-5.798206e-02	-3.212017e+00
6.780000e-06	-9.383232e-02	-3.430998e+00
6.790000e-06	1.623577e-01	-3.568366e+00
6.800000e-06	-9.057000e-02	-3.735885e+00
6.810000e-06	-4.450778e-02	-3.937462e+00
6.820000e-06	1.608181e-01	-4.074204e+00
6.830000e-06	-1.019718e-01	-4.316258e+00
6.840000e-06	7.101137e-02	-4.432076e+00
6.850000e-06	-9.037864e-02	-4.581516e+00
6.860000e-06	-5.416908e-02	-4.813521e+00
6.870000e-06	1.670521e-01	-5.009917e+00
6.880000e-06	-7.332359e-02	-5.167388e+00
6.890000e-06	2.507502e-02	-5.358885e+00
6.900000e-06	-1.782363e-02	-5.517863e+00
6.910000e-06	-1.792500e-02	-5.716861e+00
6.920000e-06	7.139078e-02	-5.842533e+00
6.930000e-06	-8.971006e-02	-5.999994e+00
6.940000e-06	8.480974e-02	-6.198389e+00
6.950000e-06	-3.719098e-02	-6.340865e+00
6.960000e-06	-4.098131e-03	-6.486237e+00
6.970000e-06	6.802407e-02	-6.653097e+00
6.980000e-06	-7.180476e-02	-6.777967e+00
6.990000e-06	5.439772e-02	-6.935707e+00
7.000000e-06	-5.140035e-02	-7.068333e+00
7.010000e-06	5.285771e-02	-7.244102e+00
7.020000e-06	2.758609e-02	-7.368469e+00
7.030000e-06	-4.901826e-02	-7.537357e+00
7.040000e-06	3.098841e-02	-7.652480e+00
7.050000e-06	-2.980176e-02	-7.804144e+00
7.060000e-06	5.165083e-02	-7.989967e+00
7.070000e-06	-2.242790e-02	-8.054155e+00
7.080000e-06	1.814207e-02	-8.180975e+00
7.090000e-06	2.367693e-02	-8.265762e+00
7.100000e-06	-2.224527e-02	-8.410049e+00
7.110000e-06	1.552100e-02	-8.504760e+00
7.120000e-06	-1.573678e-02	-8.644679e+00
7.130000e-06	4.192061e-02	-8.780974e+00
7.140000e-06	-1.188382e-02	-8.851229e+00
7.150000e-06	5.922377e-03	-8.939390e+00
7.160000e-06	9.748889e-03	-9.052626e+00
7.170000e-06	6.891038e-03	-9.116814e+00
7.180000e-06	1.189546e-02	-9.169972e+00
7.190000e-06	-5.666538e-03	-9.276179e+00
7.200000e-06	2.045516e-02	-9.319442e+00
7.210000e-06	2.816130e-03	-9.477183e+00
7.220000e-06	1.240348e-02	-9.539945e+00
7.230000e-06	2.304820e-03	-9.642578e+00
7.240000e-06	2.574149e-03	-9.715287e+00
7.250000e-06	4.108821e-03	-9.737342e+00
7.260000e-06	1.491602e-02	-9.802445e+00
7.270000e-06	2.221893e-02	-9.896658e+00
7.280000e-06	3.781010e-03	-9.897287e+00
7.290000e-06	8.524597e-05	-9.948895e+00
7.300000e-06	4.244235e-03	-1.000100e+01
7.310000e-06	1.690896e-02	-1.003305e+01
7.320000e-06	1.108715e-02	-1.006405e+01
7.330000e-06	5.460526e-03	-1.009538e+01
7.340000e-06	6.407372e-03	-1.013096e+01
7.350000e-06	1.109335e-02	-1.016005e+01
7.360000e-06	1.418635e-02	-1.020303e+01
7.370000e-06	1.001232e-02	-1.028423e+01
7.380000e-06	7.013175e-03	-1.027671e+01
7.390000e-06	1.196727e-02	-1.028781e+01
7.400000e-06	1.690498e-02	-1.024932e+01
7.410000e-06	1.253155e-02	-1.029787e+01
7.420000e-06	8.092631e-03	-1.032787e+01
7.430000e-06	6.598317e-03	-1.029847e+01
7.440000e-06	1.447661e-02	-1.032847e+01
7.450000e-06	1.880060e-02	-1.031734e+01
7.460000e-06	1.824026e-02	-1.030729e+01
7.470000e-06	1.500799e-02	-1.027536e+01
7.480000e-06	1.376616e-02	-1.025566e+01
7.490000e-06	1.646659e-02	-1.020421e+01
7.500000e-06	1.802982e-02	-1.019258e+01
7.510000e-06	1.829144e-02	-1.012897e+01
7.520000e-06	1.833879e-02	-1.010836e+01
7.530000e-06	2.063998e-02	-1.012523e+01
7.540000e-06	2.245046e-02	-1.006408e+01
7.550000e-06	2.049894e-02	-1.000153e+01
7.560000e-06	2.152762e-02	-9.979972e+00
7.570000e-06	2.397596e-02	-9.906343e+00
7.580000e-06	2.593839e-02	-9.864137e+00
7.590000e-06	2.562784e-02	-9.852526e+00
7.600000e-06	2.547572e-02	-9.720446e+00
7.610000e-06	2.560642e-02	-9.666838e+00
7.620000e-06	2.658581e-02	-9.642157e+00
7.630000e-06	2.715957e-02	-9.591453e+00
7.640000e-06	2.947232e-02	-9.515842e+00
7.650000e-06	3.044287e-02	-9.423980e+00
7.660000e-06	3.072660e-02	-9.339266e+00
7.670000e-06	3.074800e-02	-9.252205e+00
7.680000e-06	3.013723e-02	-9.139898e+00
7.690000e-06	3.047483e-02	-9.044663e+00
7.700000e-06	3.257109e-02	-8.938396e+00
7.710000e-06	3.307076e-02	-8.864212e+00
7.720000e-06	3.291658e-02	-8.767498e+00
7.730000e-06	3.315315e-02	-8.708792e+00
7.740000e-06	3.407047e-02	-8.568951e+00
7.750000e-06	3.447522e-02	-8.412636e+00
7.760000e-06	3.504796e-02	-8.367845e+00
7.770000e-06	3.455035e-02	-8.222080e+00
7.780000e-06	3.493030e-02	-8.138791e+00
7.790000e-06	3.459927e-02	-8.022578e+00
7.800000e-06	3.306644e-02	-7.885363e+00
7.810000e-06	3.194552e-02	-7.695351e+00
7.820000e-06	3.075628e-02	-7.588948e+00
7.830000e-06	3.239028e-02	-7.432631e+00
7.840000e-06	3.230191e-02	-7.296269e+00
7.850000e-06	3.081540e-02	-7.170403e+00
7.860000e-06	2.738909e-02	-7.033527e+00
7.870000e-06	2.657252e-02	-6.841738e+00
7.880000e-06	2.537365e-02	-6.717866e+00
7.890000e-06	2.494155e-02	-6.609476e+00
7.900000e-06	2.224565e-02	-6.453710e+00
7.910000e-06	2.142738e-02	-6.317216e+00
7.920000e-06	2.029071e-02	-6.128797e+00
7.930000e-06	1.800002e-02	-5.968424e+00
7.940000e-06	1.647854e-02	-5.800584e+00
7.950000e-06	1.552131e-02	-5.635189e+00
7.960000e-06	1.411626e-02	-5.556392e+00
7.970000e-06	1.270626e-02	-5.296762e+00
7.980000e-06	1.238068e-02	-5.117768e+00
7.990000e-06	9.718239e-03	-4.957967e+00
8.000000e-06	8.407636e-03	-4.736817e+00
8.010000e-06	6.193629e-03	-4.549425e+00
8.020000e-06	9.073203e-03	-4.399528e+00
8.030000e-06	6.388275e-03	-4.293712e+00
8.040000e-06	5.873836e-03	-4.077239e+00
8.050000e-06	3.940586e-03	-3.946792e+00
8.060000e-06	4.630487e-03	-3.748921e+00
8.070000e-06	2.957758e-03	-3.566922e+00
8.080000e-06	3.458224e-03	-3.389551e+00
8.090000e-06	2.353963e-03	-3.210605e+00
8.100000e-06	2.392818e-03	-3.041136e+00
8.110000e-06	1.020004e-03	-2.780002e+00
8.120000e-06	1.351410e-03	-2.635109e+00
8.130000e-06	-6.657354e-04	-2.463636e+00
8.140000e-06	8.611672e-04	-2.316265e+00
8.150000e-06	-5.275146e-04	-2.042789e+00
8.160000e-06	1.029821e-03	-1.914239e+00
8.170000e-06	-1.156823e-03	-1.716797e+00
8.180000e-06	-6.109144e-04	-1.558900e+00
8.190000e-06	-3.115972e-03	-1.324247e+00
8.200000e-06	-1.593433e-03	-1.124818e+00
8.210000e-06	-2.840823e-03	-9.147657e-01
8.220000e-06	-1.405447e-03	-7.268987e-01
8.230000e-06	-1.789349e-03	-5.067167e-01
8.240000e-06	-3.025938e-03	-3.463496e-01
8.250000e-06	-2.125671e-03	-1.569199e-01
8.260000e-06	2.365815e-03	3.002127e-02
8.270000e-06	3.976785e-03	2.410225e-01
8.280000e-06	-2.746553e-03	4.004999e-01
8.290000e-06	1.602521e-03	5.898673e-01
8.300000e-06	-3.545418e-03	7.788608e-01
8.310000e-06	-1.264821e-03	8.843304e-01
8.320000e-06	-2.949114e-03	1.137838e+00
8.330000e-06	5.869674e-03	1.325733e+00
8.340000e-06	2.885539e-02	1.566733e+00
8.350000e-06	6.417342e-02	1.800413e+00
8.360000e-06	-3.322212e-02	1.978471e+00
8.370000e-06	-4.645469e-02	2.208345e+00
8.380000e-06	-4.122605e-02	2.347343e+00
8.390000e-06	-6.561911e-02	2.453653e+00
8.400000e-06	3.349370e-02	2.630979e+00
8.410000e-06	1.308669e-01	2.801074e+00
8.420000e-06	-1.662633e-01	2.980472e+00
8.430000e-06	9.265149e-02	3.096833e+00
8.440000e-06	2.039735e-02	3.316708e+00
8.450000e-06	-9.404343e-02	3.527310e+00
8.460000e-06	8.365612e-02	3.653154e+00
8.470000e-06	-1.876322e-02	3.854180e+00
8.480000e-06	-9.416224e-02	4.081549e+00
8.490000e-06	1.055967e-01	4.202124e+00
8.500000e-06	-2.475321e-02	4.430574e+00
8.510000e-06	-9.953768e-03	4.590319e+00
8.520000e-06	-2.985596e-02	4.789466e+00
8.530000e-06	-5.458749e-02	4.959412e+00
8.540000e-06	6.256720e-02	5.160940e+00
8.550000e-06	7.101423e-03	5.359418e+00
8.560000e-06	-4.204316e-03	5.526439e+00
8.570000e-06	-3.841868e-02	5.665133e+00
8.580000e-06	6.959603e-03	5.865209e+00
8.590000e-06	1.630482e-03	6.003075e+00
8.600000e-06	-2.973310e-02	6.138445e+00
8.610000e-06	1.918046e-02	6.305785e+00
8.620000e-06	-1.780474e-02	6.452601e+00
8.630000e-06	-8.235506e-03	6.571075e+00
8.640000e-06	1.119268e-02	6.790993e+00
8.650000e-06	-3.067241e-02	6.959390e+00
8.660000e-06	-3.792688e-03	7.056212e+00
8.670000e-06	-7.612991e-03	7.190520e+00
8.680000e-06	2.582088e-03	7.357416e+00
8.690000e-06	1.871748e-03	7.477681e+00
8.700000e-06	-2.548525e-02	7.654181e+00
8.710000e-06	-7.884102e-03	7.798920e+00
8.720000e-06	-1.387525e-02	7.932346e+00
8.730000e-06	5.338537e-03	8.077813e+00
8.740000e-06	-1.529221e-02	8.251551e+00
8.750000e-06	-7.649217e-03	8.317812e+00
8.760000e-06	3.189343e-03	8.450572e+00
8.770000e-06	-1.480363e-02	8.507290e+00
8.780000e-06	-1.625149e-02	8.561995e+00
8.790000e-06	-2.070176e-02	8.694736e+00
8.800000e-06	2.513307e-03	8.780026e+00
8.810000e-06	-5.258338e-03	8.834732e+00
8.820000e-06	-1.127593e-02	8.959445e+00
8.830000e-06	-1.570426e-02	9.058364e+00
8.840000e-06	-1.247005e-02	9.241078e+00
8.850000e-06	-8.132197e-03	9.275238e+00
8.860000e-06	-1.251679e-02	9.338968e+00
8.870000e-06	-8.941180e-03	9.432705e+00
8.880000e-06	-1.344829e-02	9.496285e+00
8.890000e-06	-1.134600e-02	9.518922e+00
8.900000e-06	-1.392700e-02	9.594079e+00
8.910000e-06	-1.568340e-02	9.735292e+00
8.920000e-06	-1.718013e-02	9.800524e+00
8.930000e-06	-1.001322e-02	9.865658e+00
8.940000e-06	-3.252702e-03	9.917892e+00
8.950000e-06	-1.243553e-02	9.990501e+00
8.960000e-06	-1.792036e-02	1.005153e+01
8.970000e-06	-1.973695e-02	1.007421e+01
8.980000e-06	-1.094465e-02	1.009681e+01
8.990000e-06	-1.264762e-02	1.011734e+01
9.000000e-06	-1.587845e-02	1.016997e+01
9.010000e-06	-1.673941e-02	1.022258e+01
9.020000e-06	-1.568273e-02	1.023353e+01
9.030000e-06	-1.440385e-02	1.024623e+01
9.040000e-06	-1.697490e-02	1.029313e+01
9.050000e-06	-1.740897e-02	1.028521e+01
9.060000e-06	-1.676784e-02	1.027674e+01
9.070000e-06	-1.118368e-02	1.030774e+01
9.080000e-06	-1.669492e-02	1.032684e+01
9.090000e-06	-2.199187e-02	1.028731e+01
9.100000e-06	-2.335844e-02	1.027671e+01
9.110000e-06	-1.847593e-02	1.030827e+01
9.120000e-06	-1.769858e-02	1.029631e+01
9.130000e-06	-1.943002e-02	1.030676e+01
9.140000e-06	-2.134225e-02	1.026528e+01
9.150000e-06	-2.313453e-02	1.025421e+01
9.160000e-06	-2.283074e-02	1.023310e+01
9.170000e-06	-2.464450e-02	1.019355e+01
9.180000e-06	-2.460398e-02	1.016997e+01
9.190000e-06	-2.607900e-02	1.013686e+01
9.200000e-06	-2.544813e-02	1.007533e+01
9.210000e-06	-2.596514e-02	1.006413e+01
9.220000e-06	-2.925646e-02	1.001058e+01
9.230000e-06	-3.052201e-02	9.971546e+00
9.240000e-06	-3.098271e-02	9.908393e+00
9.250000e-06	-2.901225e-02	9.876662e+00
9.260000e-06	-3.104883e-02	9.789996e+00
9.270000e-06	-3.187554e-02	9.687739e+00
9.280000e-06	-3.395522e-02	9.641152e+00
9.290000e-06	-3.515304e-02	9.570453e+00
9.300000e-06	-3.628231e-02	9.465765e+00
9.310000e-06	-3.709344e-02	9.462532e+00
9.320000e-06	-3.461913e-02	9.337900e+00
9.330000e-06	-3.608880e-02	9.273706e+00
9.340000e-06	-3.771313e-02	9.220578e+00
9.350000e-06	-3.991990e-02	9.106342e+00
9.360000e-06	-3.952079e-02	9.001457e+00
9.370000e-06	-3.944935e-02	8.874712e+00
9.380000e-06	-3.845436e-02	8.750024e+00
9.390000e-06	-4.022512e-02	8.674265e+00
9.400000e-06	-4.053141e-02	8.600030e+00
9.410000e-06	-4.108227e-02	8.445637e+00
9.420000e-06	-4.078904e-02	8.390028e+00
9.430000e-06	-4.069559e-02	8.273816e+00
9.440000e-06	-4.155371e-02	8.159972e+00
9.450000e-06	-4.042216e-02	8.002504e+00
9.460000e-06	-4.000628e-02	7.896692e+00
9.470000e-06	-3.858130e-02	7.778999e+00
9.480000e-06	-4.030876e-02	7.663086e+00
9.490000e-06	-3.971983e-02	7.555817e+00
9.500000e-06	-3.837458e-02	7.347418e+00
9.510000e-06	-3.550030e-02	7.169080e+00
9.520000e-06	-3.431941e-02	7.064235e+00
9.530000e-06	-3.493421e-02	6.924772e+00
9.540000e-06	-3.426642e-02	6.781053e+00
9.550000e-06	-3.115126e-02	6.683712e+00
9.560000e-06	-2.842722e-02	6.435261e+00
9.570000e-06	-2.900199e-02	6.327292e+00
9.580000e-06	-2.712804e-02	6.181530e+00
9.590000e-06	-2.537743e-02	6.042639e+00
9.600000e-06	-2.396560e-02	5.935444e+00
9.610000e-06	-2.295233e-02	5.705317e+00
9.620000e-06	-2.226789e-02	5.546323e+00
9.630000e-06	-2.057768e-02	5.368954e+00
9.640000e-06	-1.912831e-02	5.220533e+00
9.650000e-06	-1.724890e-02	4.989905e+00
9.660000e-06	-1.663584e-02	4.780529e+00
9.670000e-06	-1.596793e-02	4.642056e+00
9.680000e-06	-1.505650e-02	4.434687e+00
9.690000e-06	-1.356863e-02	4.336897e+00
9.700000e-06	-1.241479e-02	4.065214e+00
9.710000e-06	-1.237650e-02	3.948821e+00
9.720000e-06	-1.137847e-02	3.788995e+00
9.730000e-06	-1.184817e-02	3.619557e+00
9.740000e-06	-1.073184e-02	3.453633e+00
9.750000e-06	-1.122529e-02	3.192131e+00
9.760000e-06	-9.098143e-03	3.043684e+00
9.770000e-06	-8.856053e-03	2.883637e+00
9.780000e-06	-8.410831e-03	2.776296e+00
9.790000e-06	-8.911717e-03	2.453663e+00
9.800000e-06	-9.016067e-03	2.285717e+00
9.810000e-06	-7.872419e-03	2.125321e+00
9.820000e-06	-7.218880e-03	1.958896e+00
9.830000e-06	-6.389280e-03	1.746949e+00
9.840000e-06	-6.841134e-03	1.519474e+00
9.850000e-06	-6.490100e-03	1.388399e+00
9.860000e-06	-6.345416e-03	1.148950e+00
9.870000e-06	-6.730343e-03	9.163985e-01
9.880000e-06	-5.801456e-03	7.368959e-01
9.890000e-06	-5.053428e-03	5.478984e-01
9.900000e-06	-4.737392e-03	3.590038e-01
9.910000e-06	-4.874175e-03	1.604050e-01
9.920000e-06	-1.780164e-03	-2.004895e-02
9.930000e-06	2.841377e-03	-1.715224e-01
9.940000e-06	-2.763671e-03	-3.373409e-01
9.950000e-06	1.156758e-03	-4.757594e-01
9.960000e-06	-3.404132e-03	-7.358631e-01
9.970000e-06	-8.322763e-04	-9.057354e-01
9.980000e-06	-2.625944e-03	-1.103075e+00
9.990000e-06	9.161352e-03	-1.232623e+00
1.000000e-05	4.805023e-02	-1.442423e+00
1.001000e-05	5.665289e-02	-1.642574e+00
1.002000e-05	-7.636139e-02	-1.905231e+00
1.003000e-05	-1.187450e-02	-2.128863e+00
1.004000e-05	-8.678926e-02	-2.367967e+00
1.005000e-05	-6.942005e-03	-2.473185e+00
1.006000e-05	1.634356e-01	-2.557916e+00
1.007000e-05	-1.212444e-01	-2.757888e+00
1.008000e-05	2.332530e-02	-2.958236e+00
1.009000e-05	1.244316e-01	-3.136261e+00
1.010000e-05	-1.775218e-01	-3.306663e+00
1.011000e-05	9.418392e-02	-3.485707e+00
1.012000e-05	5.486569e-02	-3.611025e+00
1.013000e-05	-1.668495e-01	-3.914751e+00
1.014000e-05	1.448799e-01	-4.040424e+00
1.015000e-05	1.161088e-03	-4.220970e+00
1.016000e-05	-3.124217e-02	-4.401025e+00
1.017000e-05	3.795039e-02	-4.545231e+00
1.018000e-05	-1.599591e-01	-4.727337e+00
1.019000e-05	1.367178e-01	-4.917311e+00
1.020000e-05	4.175554e-02	-5.064650e+00
1.021000e-05	-7.179945e-02	-5.243526e+00
1.022000e-05	5.729007e-02	-5.382072e+00
1.023000e-05	-7.381545e-02	-5.623528e+00
1.024000e-05	8.574879e-02	-5.760498e+00
1.025000e-05	-5.090637e-02	-5.917811e+00
1.026000e-05	-1.695142e-03	-6.103205e+00
1.027000e-05	6.509211e-02	-6.274556e+00
1.028000e-05	-8.106520e-02	-6.432601e+00
1.029000e-05	9.362853e-02	-6.549416e+00
1.030000e-05	-4.571381e-02	-6.686862e+00
1.031000e-05	7.432180e-03	-6.833207e+00
1.032000e-05	1.153261e-02	-6.981625e+00
1.033000e-05	-3.014005e-02	-7.171442e+00
1.034000e-05	9.008029e-02	-7.296234e+00
1.035000e-05	-6.163130e-02	-7.432606e+00
1.036000e-05	2.119063e-02	-7.600516e+00
1.037000e-05	-1.497001e-02	-7.697838e+00
1.038000e-05	2.067055e-02	-7.916908e+00
1.039000e-05	2.193120e-02	-8.061549e+00
1.040000e-05	-2.249498e-02	-8.107864e+00
1.041000e-05	4.834737e-02	-8.244080e+00
1.042000e-05	-2.254440e-02	-8.359944e+00
1.043000e-05	7.947880e-03	-8.483704e+00
1.044000e-05	-1.083254e-02	-8.620992e+00
1.045000e-05	1.928212e-02	-8.738888e+00
1.046000e-05	2.039457e-02	-8.801073e+00
1.047000e-05	-1.345460e-02	-8.907286e+00
1.048000e-05	2.007944e-02	-8.969947e+00
1.049000e-05	-1.584592e-03	-9.096210e+00
1.050000e-05	1.608941e-02	-9.159396e+00
1.051000e-05	-5.053915e-03	-9.243154e+00
1.052000e-05	1.078067e-02	-9.325363e+00
1.053000e-05	1.075073e-02	-9.435522e+00
1.054000e-05	4.366560e-03	-9.549366e+00
1.055000e-05	1.038315e-02	-9.590475e+00
1.056000e-05	2.044793e-03	-9.683659e+00
1.057000e-05	4.652022e-03	-9.737288e+00
1.058000e-05	7.047845e-03	-9.801070e+00
1.059000e-05	2.224559e-02	-9.813105e+00
1.060000e-05	1.189881e-02	-9.926264e+00
1.061000e-05	-6.628608e-04	-9.928366e+00
1.062000e-05	1.533699e-03	-9.969943e+00
1.063000e-05	1.241180e-02	-1.002050e+01
1.064000e-05	1.587230e-02	-1.005410e+01
1.065000e-05	6.408067e-03	-1.009731e+01
1.066000e-05	7.318564e-03	-1.013639e+01
1.067000e-05	1.010148e-02	-1.017197e+01
1.068000e-05	1.261262e-02	-1.022098e+01
1.069000e-05	1.231222e-02	-1.022663e+01
1.070000e-05	6.985563e-03	-1.024668e+01
1.071000e-05	9.647111e-03	-1.022581e+01
1.072000e-05	1.480194e-02	-1.030834e+01
1.073000e-05	1.455058e-02	-1.033736e+01
1.074000e-05	9.822813e-03	-1.031782e+01
1.075000e-05	7.490487e-03	-1.033949e+01
1.076000e-05	1.157516e-02	-1.033674e+01
1.077000e-05	1.589682e-02	-1.031781e+01
1.078000e-05	1.730653e-02	-1.027786e+01
1.079000e-05	1.668861e-02	-1.029733e+01
1.080000e-05	1.383079e-02	-1.026568e+01
1.081000e-05	1.432820e-02	-1.023621e+01
1.082000e-05	1.673758e-02	-1.019250e+01
1.083000e-05	1.988121e-02	-1.016197e+01
1.084000e-05	1.874799e-02	-1.011987e+01
1.085000e-05	1.989436e-02	-1.005566e+01
1.086000e-05	2.186612e-02	-1.004416e+01
1.087000e-05	2.134403e-02	-1.002103e+01
1.088000e-05	2.062296e-02	-9.968950e+00
1.089000e-05	2.256828e-02	-9.927417e+00
1.090000e-05	2.569735e-02	-9.877213e+00
1.091000e-05	2.596577e-02	-9.852134e+00
1.092000e-05	2.503573e-02	-9.780547e+00
1.093000e-05	2.536541e-02	-9.718338e+00
1.094000e-05	2.633531e-02	-9.624232e+00
1.095000e-05	2.705948e-02	-9.630529e+00
1.096000e-05	2.820990e-02	-9.557946e+00
1.097000e-05	2.991099e-02	-9.436657e+00
1.098000e-05	3.200688e-02	-9.400471e+00
1.099000e-05	3.090786e-02	-9.285257e+00
1.100000e-05	2.920655e-02	-9.180000e+00
1.101000e-05	3.043420e-02	-9.093787e+00
1.102000e-05	3.276549e-02	-9.023101e+00
1.103000e-05	3.419597e-02	-8.854287e+00
1.104000e-05	3.238636e-02	-8.841129e+00
1.105000e-05	3.261256e-02	-8.749874e+00
1.106000e-05	3.314925e-02	-8.644534e+00
1.107000e-05	3.421451e-02	-8.456184e+00
1.108000e-05	3.464142e-02	-8.380053e+00
1.109000e-05	3.456266e-02	-8.265288e+00
1.110000e-05	3.414118e-02	-8.119951e+00
1.111000e-05	3.401546e-02	-8.073635e+00
1.112000e-05	3.309338e-02	-7.978421e+00
1.113000e-05	3.277350e-02	-7.812977e+00
1.114000e-05	3.118372e-02	-7.601685e+00
1.115000e-05	3.039304e-02	-7.505864e+00
1.116000e-05	3.138338e-02	-7.329397e+00
1.117000e-05	3.192627e-02	-7.211984e+00
1.118000e-05	2.872821e-02	-7.108317e+00
1.119000e-05	2.654549e-02	-6.895338e+00
1.120000e-05	2.586324e-02	-6.789548e+00
1.121000e-05	2.515345e-02	-6.633606e+00
1.122000e-05	2.291763e-02	-6.486764e+00
1.123000e-05	2.125278e-02	-6.338999e+00
1.124000e-05	1.962917e-02	-6.232583e+00
1.125000e-05	1.966165e-02	-6.012078e+00
1.126000e-05	1.747242e-02	-5.876263e+00
1.127000e-05	1.641176e-02	-5.767918e+00
1.128000e-05	1.340973e-02	-5.561050e+00
1.129000e-05	1.315098e-02	-5.351080e+00
1.130000e-05	1.267597e-02	-5.180003e+00
1.131000e-05	1.174163e-02	-5.061031e+00
1.132000e-05	7.566990e-03	-4.832585e+00
1.133000e-05	6.583145e-03	-4.622053e+00
1.134000e-05	7.179291e-03	-4.505211e+00
1.135000e-05	8.131764e-03	-4.336293e+00
1.136000e-05	4.812854e-03	-4.128975e+00
1.137000e-05	5.302062e-03	-3.971007e+00
1.138000e-05	2.963630e-03	-3.841534e+00
1.139000e-05	5.098389e-03	-3.611583e+00
1.140000e-05	2.407587e-03	-3.462163e+00
1.141000e-05	3.227178e-03	-3.315719e+00
1.142000e-05	1.047275e-03	-3.147215e+00
1.143000e-05	9.221839e-04	-2.853740e+00
1.144000e-05	5.931130e-04	-2.727369e+00
1.145000e-05	-5.424874e-04	-2.577817e+00
1.146000e-05	1.002069e-03	-2.359578e+00
1.147000e-05	-3.612483e-04	-2.158829e+00
1.148000e-05	-1.680829e-05	-1.967476e+00
1.149000e-05	-1.963644e-03	-1.829530e+00
1.150000e-05	4.840279e-04	-1.610629e+00
1.151000e-05	-1.890909e-03	-1.451060e+00
1.152000e-05	-7.381155e-04	-1.168375e+00
1.153000e-05	-4.082191e-03	-9.784299e-01
1.154000e-05	-1.388946e-03	-8.095301e-01
1.155000e-05	-3.245632e-03	-5.805053e-01
1.156000e-05	-7.342091e-04	-3.499764e-01
1.157000e-05	-3.167071e-03	-2.305564e-01
1.158000e-05	6.375298e-04	-3.258420e-02
1.159000e-05	3.543355e-03	1.164081e-01
1.160000e-05	-2.581683e-04	3.593673e-01
1.161000e-05	-3.600328e-04	5.042119e-01
1.162000e-05	-1.263242e-03	6.831842e-01
1.163000e-05	-2.074647e-03	8.209500e-01
1.164000e-05	-2.171145e-03	1.031625e+00
1.165000e-05	2.736837e-03	1.232076e+00
1.166000e-05	1.206093e-02	1.471024e+00
1.167000e-05	5.849077e-02	1.676310e+00
1.168000e-05	2.298220e-02	1.905329e+00
1.169000e-05	-6.044873e-02	2.066150e+00
1.170000e-05	-3.350994e-02	2.284183e+00
1.171000e-05	-5.976453e-02	2.441028e+00
1.172000e-05	-4.167950e-02	2.537863e+00
1.173000e-05	1.454622e-01	2.697782e+00
1.174000e-05	-4.902606e-02	2.907288e+00
1.175000e-05	-7.824492e-02	3.033575e+00
1.176000e-05	1.483328e-01	3.202020e+00
1.177000e-05	-1.123702e-01	3.476203e+00
1.178000e-05	6.457402e-03	3.620476e+00
1.179000e-05	7.270719e-02	3.739464e+00
1.180000e-05	-1.186764e-01	3.988471e+00
1.181000e-05	4.430902e-02	4.115831e+00
1.182000e-05	4.945799e-02	4.348416e+00
1.183000e-05	-4.073194e-02	4.515211e+00
1.184000e-05	3.456616e-03	4.677207e+00
1.185000e-05	-6.681925e-02	4.882225e+00
1.186000e-05	1.721601e-02	5.115204e+00
1.187000e-05	4.351072e-02	5.305757e+00
1.188000e-05	-9.745623e-03	5.462654e+00
1.189000e-05	-1.815239e-02	5.620993e+00
1.190000e-05	-2.391520e-02	5.791021e+00
1.191000e-05	1.816731e-02	5.938914e+00
1.192000e-05	-2.464011e-02	6.106836e+00
1.193000e-05	-5.568024e-03	6.264680e+00
1.194000e-05	1.595317e-02	6.380519e+00
1.195000e-05	-3.472724e-02	6.569016e+00
1.196000e-05	2.273672e-02	6.728442e+00
1.197000e-05	-2.587035e-02	6.864806e+00
1.198000e-05	-1.397527e-02	7.019521e+00
1.199000e-05	-2.171860e-03	7.097990e+00
1.200000e-05	-7.013176e-03	7.243106e+00
1.201000e-05	1.160947e-02	7.432074e+00
1.202000e-05	-2.356780e-02	7.630496e+00
1.203000e-05	-8.565246e-03	7.696889e+00
1.204000e-05	-1.629889e-02	7.894654e+00
1.205000e-05	2.049726e-03	8.012724e+00
1.206000e-05	-9.781434e-03	8.159319e+00
1.207000e-05	-1.330043e-02	8.275256e+00
1.208000e-05	9.036153e-04	8.359417e+00
1.209000e-05	-6.013876e-03	8.464136e+00
1.210000e-05	-1.723595e-02	8.548945e+00
1.211000e-05	-2.156829e-02	8.652629e+00
1.212000e-05	-6.760949e-03	8.759943e+00
1.213000e-05	7.846339e-04	8.822150e+00
1.214000e-05	-9.093840e-03	8.947764e+00
1.215000e-05	-1.683800e-02	8.996706e+00
1.216000e-05	-1.408529e-02	9.189971e+00
1.217000e-05	-9.117677e-03	9.272606e+00
1.218000e-05	-8.506092e-03	9.346816e+00
1.219000e-05	-1.168705e-02	9.372000e+00
1.220000e-05	-1.213683e-02	9.474710e+00
1.221000e-05	-1.171098e-02	9.517941e+00
1.222000e-05	-1.178618e-02	9.612479e+00
1.223000e-05	-1.300492e-02	9.665158e+00
1.224000e-05	-1.984423e-02	9.769388e+00
1.225000e-05	-1.334051e-02	9.805130e+00
1.226000e-05	-6.031877e-03	9.868264e+00
1.227000e-05	-5.366230e-03	9.958443e+00
1.228000e-05	-1.844915e-02	1.000097e+01
1.229000e-05	-2.052501e-02	1.005213e+01
1.230000e-05	-1.434205e-02	1.010521e+01
1.231000e-05	-1.072769e-02	1.012776e+01
1.232000e-05	-1.393039e-02	1.016945e+01
1.233000e-05	-1.809113e-02	1.015103e+01
1.234000e-05	-1.528397e-02	1.024303e+01
1.235000e-05	-1.495123e-02	1.027513e+01
1.236000e-05	-1.311068e-02	1.025518e+01
1.237000e-05	-1.829614e-02	1.026631e+01
1.238000e-05	-1.863106e-02	1.027728e+01
1.239000e-05	-1.404065e-02	1.029579e+01
1.240000e-05	-1.306518e-02	1.028734e+01
1.241000e-05	-1.920511e-02	1.032682e+01
1.242000e-05	-2.446675e-02	1.030791e+01
1.243000e-05	-2.039947e-02	1.033587e+01
1.244000e-05	-1.766427e-02	1.026629e+01
1.245000e-05	-1.724800e-02	1.031684e+01
1.246000e-05	-2.178389e-02	1.028424e+01
1.247000e-05	-2.228845e-02	1.025421e+01
1.248000e-05	-2.274115e-02	1.023261e+01
1.249000e-05	-2.432341e-02	1.021205e+01
1.250000e-05	-2.471531e-02	1.017155e+01
1.251000e-05	-2.617982e-02	1.013889e+01
1.252000e-05	-2.456849e-02	1.013689e+01
1.253000e-05	-2.723338e-02	1.006524e+01
1.254000e-05	-2.688381e-02	1.003213e+01
1.255000e-05	-3.106924e-02	1.000107e+01
1.256000e-05	-3.026923e-02	9.909444e+00
1.257000e-05	-2.995352e-02	9.895715e+00
1.258000e-05	-2.991195e-02	9.784107e+00
1.259000e-05	-3.187499e-02	9.717372e+00
1.260000e-05	-3.403619e-02	9.633663e+00
1.261000e-05	-3.370003e-02	9.578927e+00
1.262000e-05	-3.519827e-02	9.486790e+00
1.263000e-05	-3.517063e-02	9.464604e+00
1.264000e-05	-3.528270e-02	9.339524e+00
1.265000e-05	-3.516933e-02	9.275786e+00
1.266000e-05	-3.752840e-02	9.212109e+00
1.267000e-05	-3.859799e-02	9.169370e+00
1.268000e-05	-3.824113e-02	9.103189e+00
1.269000e-05	-3.927711e-02	8.896825e+00
1.270000e-05	-3.782683e-02	8.800080e+00
1.271000e-05	-3.935585e-02	8.716366e+00
1.272000e-05	-3.977461e-02	8.624656e+00
1.273000e-05	-4.209324e-02	8.506867e+00
1.274000e-05	-4.027667e-02	8.442129e+00
1.275000e-05	-4.217025e-02	8.356871e+00
1.276000e-05	-4.062807e-02	8.224085e+00
1.277000e-05	-4.214171e-02	8.045211e+00
1.278000e-05	-4.068174e-02	7.987996e+00
1.279000e-05	-3.909857e-02	7.853137e+00
1.280000e-05	-3.883079e-02	7.697317e+00
1.281000e-05	-3.839740e-02	7.549476e+00
1.282000e-05	-3.750033e-02	7.402660e+00
1.283000e-05	-3.690873e-02	7.224214e+00
1.284000e-05	-3.573629e-02	7.137249e+00
1.285000e-05	-3.642776e-02	6.988999e+00
1.286000e-05	-3.559668e-02	6.842208e+00
1.287000e-05	-3.361466e-02	6.737371e+00
1.288000e-05	-2.935838e-02	6.486398e+00
1.289000e-05	-2.723850e-02	6.360554e+00
1.290000e-05	-2.638181e-02	6.252613e+00
1.291000e-05	-2.578520e-02	6.126767e+00
1.292000e-05	-2.438387e-02	5.999077e+00
1.293000e-05	-2.424848e-02	5.839479e+00
1.294000e-05	-2.268213e-02	5.621608e+00
1.295000e-05	-2.262580e-02	5.423061e+00
1.296000e-05	-1.996144e-02	5.305767e+00
1.297000e-05	-1.768627e-02	5.065768e+00
1.298000e-05	-1.550208e-02	4.883646e+00
1.299000e-05	-1.597007e-02	4.704267e+00
1.300000e-05	-1.483222e-02	4.557395e+00
1.301000e-05	-1.275797e-02	4.399503e+00
1.302000e-05	-1.231103e-02	4.230534e+00
1.303000e-05	-1.271148e-02	3.990078e+00
1.304000e-05	-1.290860e-02	3.843138e+00
1.305000e-05	-1.206327e-02	3.662686e+00
1.306000e-05	-1.144279e-02	3.527947e+00
1.307000e-05	-1.031752e-02	3.274789e+00
1.308000e-05	-9.088215e-03	3.115343e+00
1.309000e-05	-9.088241e-03	2.967925e+00
1.310000e-05	-8.611229e-03	2.780553e+00
1.311000e-05	-9.231904e-03	2.600978e+00
1.312000e-05	-8.706423e-03	2.359499e+00
1.313000e-05	-8.717490e-03	2.180954e+00
1.314000e-05	-7.796883e-03	2.031084e+00
1.315000e-05	-6.847632e-03	1.872162e+00
1.316000e-05	-6.627301e-03	1.631713e+00
1.317000e-05	-6.756134e-03	1.432607e+00
1.318000e-05	-5.955638e-03	1.232664e+00
1.319000e-05	-6.205573e-03	1.055114e+00
1.320000e-05	-5.405191e-03	8.105765e-01
1.321000e-05	-5.394670e-03	6.510843e-01
1.322000e-05	-5.247944e-03	4.121367e-01
1.323000e-05	-5.027916e-03	2.748157e-01
1.324000e-05	-4.810383e-03	4.156551e-02
1.325000e-05	1.165862e-03	-1.162282e-01
1.326000e-05	5.216085e-05	-2.842331e-01
1.327000e-05	-1.834899e-03	-4.210263e-01
1.328000e-05	-3.333797e-04	-6.136253e-01
1.329000e-05	-3.098058e-03	-8.610752e-01
1.330000e-05	-1.243088e-03	-9.804423e-01
1.331000e-05	2.258655e-03	-1.147340e+00
1.332000e-05	2.307180e-02	-1.318767e+00
1.333000e-05	8.377559e-02	-1.567342e+00
1.334000e-05	-3.905677e-02	-1.801467e+00
1.335000e-05	-3.796236e-02	-2.031494e+00
1.336000e-05	-5.162147e-02	-2.296229e+00
1.337000e-05	-7.938103e-02	-2.442602e+00
1.338000e-05	1.336590e-01	-2.517260e+00
1.339000e-05	2.521551e-02	-2.652674e+00
1.340000e-05	-1.499902e-01	-2.914278e+00
1.341000e-05	1.811550e-01	-3.013204e+00
1.342000e-05	-1.014297e-01	-3.221597e+00
1.343000e-05	-5.994311e-02	-3.443021e+00
1.344000e-05	1.590069e-01	-3.557892e+00
1.345000e-05	-1.226760e-01	-3.767840e+00
1.346000e-05	4.751944e-04	-3.979370e+00
1.347000e-05	1.419108e-01	-4.104756e+00
1.348000e-05	-1.074207e-01	-4.306808e+00
1.349000e-05	8.426132e-02	-4.472077e+00
1.350000e-05	-1.174868e-01	-4.630594e+00
1.351000e-05	-1.613269e-02	-4.791052e+00
1.352000e-05	1.577158e-01	-4.999921e+00
1.353000e-05	-9.229471e-02	-5.149415e+00
1.354000e-05	4.544577e-02	-5.378888e+00
1.355000e-05	-3.904657e-02	-5.528436e+00
1.356000e-05	5.743912e-03	-5.768815e+00
1.357000e-05	5.289047e-02	-5.863753e+00
1.358000e-05	-8.432623e-02	-6.041974e+00
1.359000e-05	9.661414e-02	-6.178392e+00
1.360000e-05	-6.035458e-02	-6.348390e+00
1.361000e-05	1.932032e-02	-6.517755e+00
1.362000e-05	4.765259e-02	-6.632630e+00
1.363000e-05	-6.344681e-02	-6.821471e+00
1.364000e-05	5.758435e-02	-6.949288e+00
1.365000e-05	-5.935480e-02	-7.107309e+00
1.366000e-05	6.961409e-02	-7.254077e+00
1.367000e-05	5.654323e-03	-7.358942e+00
1.368000e-05	-3.489879e-02	-7.548361e+00
1.369000e-05	2.569077e-02	-7.663754e+00
1.370000e-05	-2.597941e-02	-7.834200e+00
1.371000e-05	5.118547e-02	-7.999991e+00
1.372000e-05	-2.904818e-02	-8.105280e+00
1.373000e-05	2.980521e-02	-8.210046e+00
1.374000e-05	1.390607e-02	-8.317814e+00
1.375000e-05	-1.879412e-02	-8.412502e+00
1.376000e-05	1.260977e-02	-8.536233e+00
1.377000e-05	-1.144071e-02	-8.675734e+00
1.378000e-05	4.342918e-02	-8.771448e+00
1.379000e-05	-1.729645e-02	-8.863705e+00
1.380000e-05	1.077011e-02	-8.928466e+00
1.381000e-05	6.013483e-03	-9.062076e+00
1.382000e-05	9.545591e-03	-9.147893e+00
1.383000e-05	7.891314e-03	-9.210446e+00
1.384000e-05	-3.479068e-03	-9.304727e+00
1.385000e-05	1.966845e-02	-9.388991e+00
1.386000e-05	2.516140e-03	-9.467804e+00
1.387000e-05	1.428038e-02	-9.579499e+00
1.388000e-05	1.537617e-03	-9.633129e+00
1.389000e-05	2.348938e-03	-9.685760e+00
1.390000e-05	2.497421e-03	-9.727416e+00
1.391000e-05	1.549126e-02	-9.802072e+00
1.392000e-05	2.174239e-02	-9.844207e+00
1.393000e-05	1.603824e-03	-9.938890e+00
1.394000e-05	1.901901e-03	-9.949449e+00
1.395000e-05	4.553426e-03	-1.002100e+01
1.396000e-05	1.948563e-02	-1.003305e+01
1.397000e-05	1.113816e-02	-1.005625e+01
1.398000e-05	5.442249e-03	-1.011724e+01
1.399000e-05	5.905092e-03	-1.012886e+01
1.400000e-05	1.047260e-02	-1.019315e+01
1.401000e-05	1.436762e-02	-1.023515e+01
1.402000e-05	7.981833e-03	-1.027618e+01
1.403000e-05	7.620429e-03	-1.026621e+01
1.404000e-05	1.056584e-02	-1.029779e+01
1.405000e-05	1.967439e-02	-1.032889e+01
1.406000e-05	1.265522e-02	-1.030889e+01
1.407000e-05	7.316204e-03	-1.035734e+01
1.408000e-05	6.879431e-03	-1.032885e+01
1.409000e-05	1.226671e-02	-1.034779e+01
1.410000e-05	1.737038e-02	-1.031592e+01
1.411000e-05	1.681705e-02	-1.025931e+01
1.412000e-05	1.508459e-02	-1.027374e+01
1.413000e-05	1.348222e-02	-1.024526e+01
1.414000e-05	1.599179e-02	-1.021358e+01
1.415000e-05	1.944823e-02	-1.019210e+01
1.416000e-05	1.965768e-02	-1.015189e+01
1.417000e-05	1.781688e-02	-1.011731e+01
1.418000e-05	2.001684e-02	-1.008421e+01
1.419000e-05	2.225323e-02	-1.005356e+01
1.420000e-05	2.074953e-02	-9.990526e+00
1.421000e-05	2.008920e-02	-9.970447e+00
1.422000e-05	2.249534e-02	-9.897287e+00
1.423000e-05	2.604123e-02	-9.884709e+00
1.424000e-05	2.475217e-02	-9.821023e+00
1.425000e-05	2.612446e-02	-9.758422e+00
1.426000e-05	2.664174e-02	-9.706691e+00
1.427000e-05	2.744766e-02	-9.662633e+00
1.428000e-05	2.595800e-02	-9.579423e+00
1.429000e-05	2.802452e-02	-9.497340e+00
1.430000e-05	3.096460e-02	-9.402505e+00
1.431000e-05	3.264409e-02	-9.297193e+00
1.432000e-05	3.027137e-02	-9.193027e+00
1.433000e-05	2.961017e-02	-9.157416e+00
1.434000e-05	3.145677e-02	-9.064133e+00
1.435000e-05	3.286738e-02	-8.917367e+00
1.436000e-05	3.411756e-02	-8.852156e+00
1.437000e-05	3.276483e-02	-8.800051e+00
1.438000e-05	3.282819e-02	-8.725816e+00
1.439000e-05	3.421322e-02	-8.538369e+00
1.440000e-05	3.494543e-02	-8.451132e+00
1.441000e-05	3.298119e-02	-8.337290e+00
1.442000e-05	3.355490e-02	-8.240528e+00
1.443000e-05	3.530452e-02	-8.125788e+00
1.444000e-05	3.478086e-02	-8.010550e+00
1.445000e-05	3.334920e-02	-7.875214e+00
1.446000e-05	3.172274e-02	-7.676813e+00
1.447000e-05	3.063772e-02	-7.576923e+00
1.448000e-05	3.214773e-02	-7.411055e+00
1.449000e-05	3.186980e-02	-7.304786e+00
1.450000e-05	2.980163e-02	-7.179926e+00
1.451000e-05	2.776958e-02	-7.002083e+00
1.452000e-05	2.577587e-02	-6.824607e+00
1.453000e-05	2.523872e-02	-6.686293e+00
1.454000e-05	2.431109e-02	-6.579026e+00
1.455000e-05	2.350845e-02	-6.431605e+00
1.456000e-05	2.105856e-02	-6.315242e+00
1.457000e-05	1.923883e-02	-6.136216e+00
1.458000e-05	1.647544e-02	-5.967346e+00
1.459000e-05	1.633979e-02	-5.821084e+00
1.460000e-05	1.507855e-02	-5.653085e+00
1.461000e-05	1.371274e-02	-5.505242e+00
1.462000e-05	1.260164e-02	-5.243765e+00
1.463000e-05	1.264322e-02	-5.114313e+00
1.464000e-05	1.001468e-02	-4.915820e+00
1.465000e-05	8.211866e-03	-4.724796e+00
1.466000e-05	5.101574e-03	-4.567922e+00
1.467000e-05	7.352403e-03	-4.400526e+00
1.468000e-05	5.634327e-03	-4.242158e+00
1.469000e-05	6.333018e-03	-4.115238e+00
1.470000e-05	3.299657e-03	-3.959298e+00
1.471000e-05	5.283523e-03	-3.686263e+00
1.472000e-05	2.887765e-03	-3.526796e+00
1.473000e-05	4.379498e-03	-3.348875e+00
1.474000e-05	1.432780e-03	-3.189550e+00
1.475000e-05	1.905343e-03	-3.011553e+00
1.476000e-05	9.927854e-04	-2.780527e+00
1.477000e-05	1.090379e-03	-2.620605e+00
1.478000e-05	-4.353981e-04	-2.451155e+00
1.479000e-05	3.312466e-04	-2.283664e+00
1.480000e-05	5.854090e-04	-2.053108e+00
1.481000e-05	3.479120e-04	-1.864240e+00
1.482000e-05	-6.789281e-04	-1.734737e+00
1.483000e-05	-1.485422e-03	-1.526797e+00
1.484000e-05	-1.420982e-03	-1.273241e+00
1.485000e-05	-2.660838e-03	-1.034183e+00
1.486000e-05	-1.506874e-03	-8.937407e-01
1.487000e-05	-3.585877e-03	-7.153869e-01
1.488000e-05	-1.928379e-03	-5.342093e-01
1.489000e-05	-2.036412e-03	-3.242647e-01
1.490000e-05	-9.042641e-04	-1.373210e-01
1.491000e-05	2.488151e-03	2.170001e-02
1.492000e-05	2.126330e-03	2.646255e-01
1.493000e-05	-2.424242e-03	4.426265e-01
1.494000e-05	1.601217e-03	6.188963e-01
1.495000e-05	-3.007768e-03	7.388897e-01
1.496000e-05	-1.602047e-03	9.443366e-01
1.497000e-05	-2.338512e-03	1.178896e+00
1.498000e-05	7.567921e-03	1.316837e+00
1.499000e-05	3.255444e-02	1.557335e+00
1.500000e-05	6.129770e-02	1.782022e+00
1.501000e-05	-4.560402e-02	2.009896e+00
1.502000e-05	-3.814319e-02	2.180896e+00
1.503000e-05	-4.540858e-02	2.368968e+00
1.504000e-05	-6.616145e-02	2.443553e+00
1.505000e-05	5.637834e-02	2.641651e+00
1.506000e-05	1.063087e-01	2.832576e+00
1.507000e-05	-1.723358e-01	2.980525e+00
1.508000e-05	1.291306e-01	3.135840e+00
1.509000e-05	-1.454408e-02	3.368336e+00
1.510000e-05	-8.108384e-02	3.557894e+00
1.511000e-05	9.130060e-02	3.663632e+00
1.512000e-05	-4.265417e-02	3.864158e+00
1.513000e-05	-7.101354e-02	4.022103e+00
1.514000e-05	1.058360e-01	4.223604e+00
1.515000e-05	-3.924260e-02	4.432079e+00
1.516000e-05	-2.771520e-03	4.578917e+00
1.517000e-05	-3.716994e-02	4.801018e+00
1.518000e-05	-4.457353e-02	5.012564e+00
1.519000e-05	6.476197e-02	5.170997e+00
1.520000e-05	-2.045524e-03	5.390946e+00
1.521000e-05	-4.805861e-03	5.547814e+00
1.522000e-05	-3.926919e-02	5.766682e+00
1.523000e-05	1.353369e-02	5.924687e+00
1.524000e-05	-3.494393e-03	6.022527e+00
1.525000e-05	-2.865683e-02	6.189941e+00
1.526000e-05	2.376994e-02	6.327837e+00
1.527000e-05	-2.549596e-02	6.454604e+00
1.528000e-05	-5.427415e-04	6.653230e+00
1.529000e-05	2.598956e-03	6.822549e+00
1.530000e-05	-2.998306e-02	6.947917e+00
1.531000e-05	-1.088765e-03	7.083707e+00
1.532000e-05	-7.516038e-03	7.250423e+00
1.533000e-05	5.603561e-03	7.317916e+00
1.534000e-05	-5.264255e-03	7.497816e+00
1.535000e-05	-2.385469e-02	7.683209e+00
1.536000e-05	-7.642155e-03	7.800972e+00
1.537000e-05	-1.094529e-02	7.979880e+00
1.538000e-05	1.819979e-03	8.084884e+00
1.539000e-05	-1.647717e-02	8.242027e+00
1.540000e-05	-6.058015e-03	8.338888e+00
1.541000e-05	2.253418e-03	8.441628e+00
1.542000e-05	-1.741326e-02	8.517865e+00
1.543000e-05	-1.672172e-02	8.592000e+00
1.544000e-05	-1.870813e-02	8.727291e+00
1.545000e-05	3.810910e-03	8.790023e+00
1.546000e-05	-6.478815e-03	8.885213e+00
1.547000e-05	-1.229066e-02	8.981049e+00
1.548000e-05	-1.664185e-02	9.139392e+00
1.549000e-05	-1.332244e-02	9.212052e+00
1.550000e-05	-6.467548e-03	9.316736e+00
1.551000e-05	-1.163231e-02	9.389920e+00
1.552000e-05	-9.428937e-03	9.404583e+00
1.553000e-05	-1.431347e-02	9.498367e+00
1.554000e-05	-1.029049e-02	9.580969e+00
1.555000e-05	-1.364192e-02	9.672107e+00
1.556000e-05	-1.588382e-02	9.699414e+00
1.557000e-05	-1.680019e-02	9.802525e+00
1.558000e-05	-9.053018e-03	9.833837e+00
1.559000e-05	-4.248843e-03	9.917896e+00
1.560000e-05	-1.382713e-02	9.990974e+00
1.561000e-05	-1.916657e-02	9.992101e+00
1.562000e-05	-1.771787e-02	1.007424e+01
1.563000e-05	-9.500981e-03	1.012726e+01
1.564000e-05	-1.328572e-02	1.014882e+01
1.565000e-05	-1.543620e-02	1.018945e+01
1.566000e-05	-1.679641e-02	1.019108e+01
1.567000e-05	-1.604371e-02	1.026413e+01
1.568000e-05	-1.404259e-02	1.023423e+01
1.569000e-05	-1.722868e-02	1.027474e+01
1.570000e-05	-1.775444e-02	1.029531e+01
1.571000e-05	-1.626570e-02	1.030629e+01
1.572000e-05	-1.123427e-02	1.031727e+01
1.573000e-05	-1.751430e-02	1.029741e+01
1.574000e-05	-2.280238e-02	1.029737e+01
1.575000e-05	-2.243178e-02	1.033681e+01
1.576000e-05	-1.716253e-02	1.030634e+01
1.577000e-05	-1.700740e-02	1.029529e+01
1.578000e-05	-2.013906e-02	1.027461e+01
1.579000e-05	-2.183889e-02	1.026476e+01
1.580000e-05	-2.315386e-02	1.023471e+01
1.581000e-05	-2.262703e-02	1.025205e+01
1.582000e-05	-2.434664e-02	1.017047e+01
1.583000e-05	-2.507183e-02	1.013897e+01
1.584000e-05	-2.653672e-02	1.011534e+01
1.585000e-05	-2.600641e-02	1.009631e+01
1.586000e-05	-2.688330e-02	1.003366e+01
1.587000e-05	-2.948188e-02	9.981528e+00
1.588000e-05	-3.189611e-02	9.979548e+00
1.589000e-05	-3.045513e-02	9.888868e+00
1.590000e-05	-2.812370e-02	9.814179e+00
1.591000e-05	-3.111914e-02	9.759975e+00
1.592000e-05	-3.450058e-02	9.685737e+00
1.593000e-05	-3.573079e-02	9.611054e+00
1.594000e-05	-3.409710e-02	9.519899e+00
1.595000e-05	-3.399049e-02	9.455362e+00
1.596000e-05	-3.604211e-02	9.401078e+00
1.597000e-05	-3.605223e-02	9.308840e+00
1.598000e-05	-3.698710e-02	9.252187e+00
1.599000e-05	-3.771185e-02	9.201551e+00
1.600000e-05	-4.027932e-02	9.055817e+00
1.601000e-05	-3.843680e-02	8.919602e+00
1.602000e-05	-4.023771e-02	8.883212e+00
1.603000e-05	-3.832957e-02	8.778996e+00
1.604000e-05	-4.148788e-02	8.686212e+00
1.605000e-05	-4.094141e-02	8.558502e+00
1.606000e-05	-4.174765e-02	8.483740e+00
1.607000e-05	-4.047517e-02	8.391027e+00
1.608000e-05	-4.095350e-02	8.294188e+00
1.609000e-05	-4.086562e-02	8.128397e+00
1.610000e-05	-4.053294e-02	8.012607e+00
1.611000e-05	-4.100359e-02	7.897265e+00
1.612000e-05	-3.994621e-02	7.768504e+00
1.613000e-05	-3.969668e-02	7.661656e+00
1.614000e-05	-3.876969e-02	7.497289e+00
1.615000e-05	-3.716293e-02	7.345822e+00
1.616000e-05	-3.516786e-02	7.179523e+00
1.617000e-05	-3.459726e-02	7.063111e+00
1.618000e-05	-3.500879e-02	6.906342e+00
1.619000e-05	-3.367020e-02	6.769527e+00
1.620000e-05	-3.173257e-02	6.665156e+00
1.621000e-05	-2.958466e-02	6.463633e+00
1.622000e-05	-2.893642e-02	6.316272e+00
1.623000e-05	-2.609716e-02	6.147550e+00
1.624000e-05	-2.514514e-02	6.011631e+00
1.625000e-05	-2.401442e-02	5.945717e+00
1.626000e-05	-2.263554e-02	5.655241e+00
1.627000e-05	-2.136177e-02	5.546872e+00
1.628000e-05	-1.907297e-02	5.360499e+00
1.629000e-05	-1.886817e-02	5.211050e+00
1.630000e-05	-1.725590e-02	4.998477e+00
1.631000e-05	-1.622280e-02	4.768530e+00
1.632000e-05	-1.558618e-02	4.612102e+00
1.633000e-05	-1.589285e-02	4.422164e+00
1.634000e-05	-1.356860e-02	4.316196e+00
1.635000e-05	-1.211702e-02	4.023214e+00
1.636000e-05	-1.159955e-02	3.937815e+00
1.637000e-05	-1.169885e-02	3.748873e+00
1.638000e-05	-1.113624e-02	3.590578e+00
1.639000e-05	-1.017178e-02	3.418994e+00
1.640000e-05	-9.841475e-03	3.189504e+00
1.641000e-05	-1.036494e-02	3.011610e+00
1.642000e-05	-9.328245e-03	2.832158e+00
1.643000e-05	-8.572968e-03	2.716393e+00
1.644000e-05	-8.619497e-03	2.413137e+00
1.645000e-05	-6.958733e-03	2.253216e+00
1.646000e-05	-6.996295e-03	2.094787e+00
1.647000e-05	-6.956261e-03	1.935372e+00
1.648000e-05	-6.426134e-03	1.718346e+00
1.649000e-05	-6.797613e-03	1.547394e+00
1.650000e-05	-7.062572e-03	1.326346e+00
1.651000e-05	-7.550442e-03	1.115425e+00
1.652000e-05	-6.783502e-03	8.946907e-01
1.653000e-05	-5.025682e-03	7.052459e-01
1.654000e-05	-5.103199e-03	5.448707e-01
1.655000e-05	-3.867623e-03	3.874249e-01
1.656000e-05	-5.201619e-03	1.463025e-01
1.657000e-05	-6.813212e-04	-4.205139e-02
1.658000e-05	3.108722e-03	-2.010500e-01
1.659000e-05	-3.954567e-03	-3.889174e-01
1.660000e-05	2.796456e-04	-5.265132e-01
1.661000e-05	-3.933152e-03	-7.283096e-01
1.662000e-05	-5.356114e-04	-9.167582e-01
1.663000e-05	-2.089062e-03	-1.055155e+00
1.664000e-05	1.092869e-02	-1.262579e+00
1.665000e-05	5.764200e-02	-1.434548e+00
1.666000e-05	4.151212e-02	-1.684202e+00
1.667000e-05	-7.488197e-02	-1.935784e+00
1.668000e-05	-1.551820e-02	-2.198887e+00
1.669000e-05	-9.197078e-02	-2.390495e+00
1.670000e-05	2.095135e-02	-2.473055e+00
1.671000e-05	1.551166e-01	-2.589395e+00
1.672000e-05	-1.508120e-01	-2.757938e+00
1.673000e-05	6.928266e-02	-2.971995e+00
1.674000e-05	8.291236e-02	-3.126883e+00
1.675000e-05	-1.745225e-01	-3.377860e+00
1.676000e-05	1.291381e-01	-3.525284e+00
1.677000e-05	1.547048e-02	-3.663554e+00
1.678000e-05	-1.518169e-01	-3.916808e+00
1.679000e-05	1.671859e-01	-4.032003e+00
1.680000e-05	-3.309417e-02	-4.222045e+00
1.681000e-05	-2.589261e-03	-4.410996e+00
1.682000e-05	7.014936e-03	-4.566263e+00
1.683000e-05	-1.502430e-01	-4.748388e+00
1.684000e-05	1.585424e-01	-4.857734e+00
1.685000e-05	7.516323e-03	-5.095252e+00
1.686000e-05	-5.247201e-02	-5.293756e+00
1.687000e-05	4.549561e-02	-5.492550e+00
1.688000e-05	-6.960708e-02	-5.632580e+00
1.689000e-05	9.396701e-02	-5.810521e+00
1.690000e-05	-6.954672e-02	-5.968945e+00
1.691000e-05	2.549447e-02	-6.106205e+00
1.692000e-05	4.374568e-02	-6.286230e+00
1.693000e-05	-7.218483e-02	-6.434130e+00
1.694000e-05	9.764494e-02	-6.570946e+00
1.695000e-05	-6.360048e-02	-6.778412e+00
1.696000e-05	2.481057e-02	-6.884627e+00
1.697000e-05	-5.608942e-03	-7.001595e+00
1.698000e-05	-9.563866e-03	-7.211523e+00
1.699000e-05	8.438109e-02	-7.296263e+00
1.700000e-05	-6.770801e-02	-7.454179e+00
1.701000e-05	2.968653e-02	-7.609942e+00
1.702000e-05	-2.310655e-02	-7.730391e+00
1.703000e-05	3.209956e-02	-7.927842e+00
1.704000e-05	9.463478e-03	-8.041551e+00
1.705000e-05	-1.767596e-02	-8.139890e+00
1.706000e-05	4.876260e-02	-8.273254e+00
1.707000e-05	-2.699066e-02	-8.350446e+00
1.708000e-05	1.554340e-02	-8.452628e+00
1.709000e-05	-1.689221e-02	-8.584045e+00
1.710000e-05	2.964226e-02	-8.699893e+00
1.711000e-05	1.261059e-02	-8.841151e+00
1.712000e-05	-9.613824e-03	-8.918363e+00
1.713000e-05	1.718778e-02	-9.020549e+00
1.714000e-05	-1.326925e-03	-9.096335e+00
1.715000e-05	1.695310e-02	-9.170497e+00
1.716000e-05	-6.888368e-03	-9.263204e+00
1.717000e-05	1.530727e-02	-9.346340e+00
1.718000e-05	8.215642e-03	-9.422099e+00
1.719000e-05	7.317063e-03	-9.519390e+00
1.720000e-05	9.407382e-03	-9.611528e+00
1.721000e-05	1.837371e-03	-9.655179e+00
1.722000e-05	3.926045e-03	-9.745812e+00
1.723000e-05	6.793827e-03	-9.802071e+00
1.724000e-05	2.206967e-02	-9.842707e+00
1.725000e-05	1.024485e-02	-9.887289e+00
1.726000e-05	1.156853e-03	-9.948397e+00
1.727000e-05	1.658947e-03	-9.950496e+00
1.728000e-05	1.454773e-02	-1.003152e+01
1.729000e-05	1.410384e-02	-1.006408e+01
1.730000e-05	6.506202e-03	-1.010419e+01
1.731000e-05	5.463939e-03	-1.011788e+01
1.732000e-05	1.101307e-02	-1.019100e+01
1.733000e-05	1.285902e-02	-1.020458e+01
1.734000e-05	1.079783e-02	-1.025610e+01
1.735000e-05	7.251867e-03	-1.024516e+01
1.736000e-05	9.511627e-03	-1.027634e+01
1.737000e-05	1.590194e-02	-1.030989e+01
1.738000e-05	1.379029e-02	-1.031830e+01
1.739000e-05	9.945067e-03	-1.033937e+01
1.740000e-05	6.756687e-03	-1.034897e+01
1.741000e-05	1.223978e-02	-1.027894e+01
1.742000e-05	1.677074e-02	-1.031736e+01
1.743000e-05	1.754897e-02	-1.027831e+01
1.744000e-05	1.515851e-02	-1.032679e+01
1.745000e-05	1.233353e-02	-1.028519e+01
1.746000e-05	1.516657e-02	-1.023621e+01
1.747000e-05	1.778899e-02	-1.021302e+01
1.748000e-05	1.900272e-02	-1.013042e+01
1.749000e-05	1.798643e-02	-1.014842e+01
1.750000e-05	1.971043e-02	-1.010976e+01
1.751000e-05	2.245594e-02	-1.004563e+01
1.752000e-05	2.124588e-02	-1.003108e+01
1.753000e-05	2.056214e-02	-9.969547e+00
1.754000e-05	2.147668e-02	-9.937320e+00
1.755000e-05	2.570586e-02	-9.885657e+00
1.756000e-05	2.569294e-02	-9.843083e+00
1.757000e-05	2.628814e-02	-9.748476e+00
1.758000e-05	2.564501e-02	-9.666762e+00
1.759000e-05	2.784754e-02	-9.664208e+00
1.760000e-05	2.565604e-02	-9.622025e+00
1.761000e-05	2.874076e-02	-9.538875e+00
1.762000e-05	2.981166e-02	-9.454256e+00
1.763000e-05	3.095203e-02	-9.340444e+00
1.764000e-05	3.144290e-02	-9.274732e+00
1.765000e-05	2.900191e-02	-9.148997e+00
1.766000e-05	3.199056e-02	-9.085789e+00
1.767000e-05	3.095123e-02	-8.980926e+00
1.768000e-05	3.532541e-02	-8.874763e+00
1.769000e-05	3.424494e-02	-8.780654e+00
1.770000e-05	3.393946e-02	-8.746870e+00
1.771000e-05	3.247754e-02	-8.611582e+00
1.772000e-05	3.402054e-02	-8.474183e+00
1.773000e-05	3.461370e-02	-8.369375e+00
1.774000e-05	3.443722e-02	-8.235658e+00
1.775000e-05	3.374386e-02	-8.169946e+00
1.776000e-05	3.498951e-02	-8.051606e+00
1.777000e-05	3.386584e-02	-7.936294e+00
1.778000e-05	3.345021e-02	-7.749501e+00
1.779000e-05	3.095449e-02	-7.621650e+00
1.780000e-05	3.099100e-02	-7.475213e+00
1.781000e-05	3.174958e-02	-7.328395e+00
1.782000e-05	3.103607e-02	-7.201607e+00
1.783000e-05	2.845573e-02	-7.126766e+00
1.784000e-05	2.541460e-02	-6.895744e+00
1.785000e-05	2.590144e-02	-6.767398e+00
1.786000e-05	2.555692e-02	-6.612130e+00
1.787000e-05	2.404441e-02	-6.445666e+00
1.788000e-05	2.111061e-02	-6.379474e+00
1.789000e-05	2.072441e-02	-6.211577e+00
1.790000e-05	1.901542e-02	-5.992005e+00
1.791000e-05	1.703264e-02	-5.843236e+00
1.792000e-05	1.512801e-02	-5.746321e+00
1.793000e-05	1.443440e-02	-5.539022e+00
1.794000e-05	1.253048e-02	-5.339952e+00
1.795000e-05	1.189067e-02	-5.149374e+00
1.796000e-05	1.104660e-02	-5.000555e+00
1.797000e-05	9.040358e-03	-4.760899e+00
1.798000e-05	6.866808e-03	-4.609128e+00
1.799000e-05	6.447971e-03	-4.472759e+00
1.800000e-05	7.520684e-03	-4.315790e+00
1.801000e-05	4.714415e-03	-4.168895e+00
1.802000e-05	6.267148e-03	-3.960001e+00
1.803000e-05	1.975481e-03	-3.822085e+00
1.804000e-05	4.755502e-03	-3.591154e+00
1.805000e-05	2.352595e-03	-3.452133e+00
1.806000e-05	4.262773e-03	-3.243137e+00
1.807000e-05	1.653694e-03	-3.115339e+00
1.808000e-05	1.444696e-03	-2.864237e+00
1.809000e-05	8.580691e-04	-2.676717e+00
1.810000e-05	-1.144493e-03	-2.535341e+00
1.811000e-05	3.881578e-04	-2.349399e+00
1.812000e-05	-9.512369e-05	-2.116395e+00
1.813000e-05	4.156855e-04	-1.948822e+00
1.814000e-05	-1.156481e-03	-1.797875e+00
1.815000e-05	-4.031237e-04	-1.600580e+00
1.816000e-05	-1.771821e-03	-1.389430e+00
1.817000e-05	-1.180482e-03	-1.178821e+00
1.818000e-05	-3.731353e-03	-9.284262e-01
1.819000e-05	-8.609702e-04	-8.005250e-01
1.820000e-05	-2.319340e-03	-5.478738e-01
1.821000e-05	-1.135295e-03	-3.794772e-01
1.822000e-05	-2.900154e-03	-1.900052e-01
1.823000e-05	8.797809e-04	-4.258520e-02
1.824000e-05	5.289403e-03	1.367857e-01
1.825000e-05	-2.095388e-03	3.683710e-01
1.826000e-05	1.752095e-03	5.357857e-01
1.827000e-05	-1.784585e-03	6.767068e-01
1.828000e-05	-8.817840e-04	8.715538e-01
1.829000e-05	-3.283771e-03	1.051677e+00
1.830000e-05	2.491682e-03	1.294606e+00
1.831000e-05	1.616713e-02	1.441578e+00
1.832000e-05	6.309410e-02	1.667156e+00
1.833000e-05	8.437263e-03	1.936761e+00
1.834000e-05	-5.906193e-02	2.094733e+00
1.835000e-05	-3.349680e-02	2.254658e+00
1.836000e-05	-6.131878e-02	2.430025e+00
1.837000e-05	-2.943083e-02	2.558790e+00
1.838000e-05	1.563857e-01	2.777366e+00
1.839000e-05	-8.707182e-02	2.928812e+00
1.840000e-05	-3.357978e-02	3.055135e+00
1.841000e-05	1.287146e-01	3.220575e+00
1.842000e-05	-1.218678e-01	3.513733e+00
1.843000e-05	2.834969e-02	3.631625e+00
1.844000e-05	5.837640e-02	3.779897e+00
1.845000e-05	-1.221573e-01	3.970494e+00
1.846000e-05	6.991511e-02	4.155841e+00
1.847000e-05	2.669599e-02	4.359474e+00
1.848000e-05	-3.629677e-02	4.517761e+00
1.849000e-05	-2.007447e-03	4.715161e+00
1.850000e-05	-6.734219e-02	4.904707e+00
1.851000e-05	3.333658e-02	5.106803e+00
1.852000e-05	3.383964e-02	5.336291e+00
1.853000e-05	-8.442105e-03	5.473308e+00
1.854000e-05	-2.297197e-02	5.651523e+00
1.855000e-05	-1.457393e-02	5.814171e+00
1.856000e-05	1.562967e-02	5.970496e+00
1.857000e-05	-2.840993e-02	6.125887e+00
1.858000e-05	1.503744e-03	6.272156e+00
1.859000e-05	9.721161e-03	6.440972e+00
1.860000e-05	-3.194461e-02	6.560070e+00
1.861000e-05	2.183768e-02	6.748941e+00
1.862000e-05	-3.252082e-02	6.884732e+00
1.863000e-05	-9.699764e-03	7.022051e+00
1.864000e-05	-1.296606e-03	7.117414e+00
1.865000e-05	-3.335348e-03	7.297106e+00
1.866000e-05	1.009821e-02	7.422655e+00
1.867000e-05	-2.867069e-02	7.621052e+00
1.868000e-05	-6.833469e-03	7.738363e+00
1.869000e-05	-1.586639e-02	7.884259e+00
1.870000e-05	5.272597e-03	8.054726e+00
1.871000e-05	-1.216842e-02	8.189795e+00
1.872000e-05	-1.289760e-02	8.276787e+00
1.873000e-05	2.396825e-03	8.370944e+00
1.874000e-05	-9.160275e-03	8.464683e+00
1.875000e-05	-1.672599e-02	8.570968e+00
1.876000e-05	-2.224318e-02	8.665337e+00
1.877000e-05	-3.461462e-03	8.770495e+00
1.878000e-05	-8.006224e-04	8.861600e+00
1.879000e-05	-9.259491e-03	8.961367e+00
1.880000e-05	-1.785425e-02	9.106784e+00
1.881000e-05	-1.363807e-02	9.209997e+00
1.882000e-05	-9.511647e-03	9.285184e+00
1.883000e-05	-8.578568e-03	9.348316e+00
1.884000e-05	-1.156669e-02	9.400577e+00
1.885000e-05	-1.223272e-02	9.495212e+00
1.886000e-05	-1.158558e-02	9.548866e+00
1.887000e-05	-1.194167e-02	9.611476e+00
1.888000e-05	-1.298881e-02	9.715210e+00
1.889000e-05	-1.940326e-02	9.761895e+00
1.890000e-05	-1.189107e-02	9.862708e+00
1.891000e-05	-4.939875e-03	9.928416e+00
1.892000e-05	-8.032411e-03	9.990974e+00
1.893000e-05	-1.948259e-02	1.002200e+01
1.894000e-05	-1.955627e-02	1.006421e+01
1.895000e-05	-1.195191e-02	1.006633e+01
1.896000e-05	-1.075667e-02	1.012677e+01
1.897000e-05	-1.472881e-02	1.019999e+01
1.898000e-05	-1.843905e-02	1.015055e+01
1.899000e-05	-1.433738e-02	1.022155e+01
1.900000e-05	-1.527788e-02	1.025321e+01
1.901000e-05	-1.457471e-02	1.027481e+01
1.902000e-05	-1.853189e-02	1.029619e+01
1.903000e-05	-1.693930e-02	1.030419e+01
1.904000e-05	-1.356510e-02	1.030531e+01
1.905000e-05	-1.431563e-02	1.029639e+01
1.906000e-05	-1.901007e-02	1.032629e+01
1.907000e-05	-2.314564e-02	1.030736e+01
1.908000e-05	-1.879060e-02	1.032632e+01
1.909000e-05	-1.739278e-02	1.034632e+01
1.910000e-05	-1.935843e-02	1.029521e+01
1.911000e-05	-2.174865e-02	1.029574e+01
1.912000e-05	-2.243145e-02	1.026369e+01
1.913000e-05	-2.256168e-02	1.024361e+01
1.914000e-05	-2.429311e-02	1.022259e+01
1.915000e-05	-2.461328e-02	1.016000e+01
1.916000e-05	-2.592115e-02	1.015839e+01
1.917000e-05	-2.555448e-02	1.009782e+01
1.918000e-05	-2.606857e-02	1.009568e+01
1.919000e-05	-2.826059e-02	1.004161e+01
1.920000e-05	-3.003395e-02	1.001102e+01
1.921000e-05	-3.041568e-02	9.958921e+00
1.922000e-05	-2.987188e-02	9.915267e+00
1.923000e-05	-3.064289e-02	9.781476e+00
1.924000e-05	-3.283103e-02	9.707416e+00
1.925000e-05	-3.530588e-02	9.674208e+00
1.926000e-05	-3.427762e-02	9.559925e+00
1.927000e-05	-3.557799e-02	9.487344e+00
1.928000e-05	-3.529602e-02	9.424636e+00
1.929000e-05	-3.640259e-02	9.347979e+00
1.930000e-05	-3.648031e-02	9.306186e+00
1.931000e-05	-3.828285e-02	9.232129e+00
1.932000e-05	-4.025302e-02	9.117421e+00
1.933000e-05	-3.911663e-02	9.002635e+00
1.934000e-05	-3.961902e-02	8.907371e+00
1.935000e-05	-3.759448e-02	8.800524e+00
1.936000e-05	-4.046506e-02	8.726891e+00
1.937000e-05	-4.013053e-02	8.633080e+00
1.938000e-05	-4.179582e-02	8.516893e+00
1.939000e-05	-4.107505e-02	8.421530e+00
1.940000e-05	-4.176454e-02	8.348846e+00
1.941000e-05	-3.985355e-02	8.223050e+00
1.942000e-05	-4.011898e-02	8.064306e+00
1.943000e-05	-3.911994e-02	7.929871e+00
1.944000e-05	-4.149735e-02	7.822629e+00
1.945000e-05	-3.978005e-02	7.685663e+00
1.946000e-05	-4.028594e-02	7.599480e+00
1.947000e-05	-3.679405e-02	7.401533e+00
1.948000e-05	-3.637251e-02	7.223608e+00
1.949000e-05	-3.462428e-02	7.106814e+00
1.950000e-05	-3.611244e-02	6.949002e+00
1.951000e-05	-3.418755e-02	6.832630e+00
1.952000e-05	-3.229132e-02	6.736317e+00
1.953000e-05	-2.823965e-02	6.515399e+00
1.954000e-05	-2.799928e-02	6.328573e+00
1.955000e-05	-2.693611e-02	6.212633e+00
1.956000e-05	-2.626831e-02	6.106317e+00
1.957000e-05	-2.412546e-02	5.988475e+00
1.958000e-05	-2.323947e-02	5.809650e+00
1.959000e-05	-2.244593e-02	5.589476e+00
1.960000e-05	-1.996936e-02	5.432632e+00
1.961000e-05	-1.967752e-02	5.274263e+00
1.962000e-05	-1.807769e-02	5.045187e+00
1.963000e-05	-1.767825e-02	4.844138e+00
1.964000e-05	-1.581034e-02	4.675187e+00
1.965000e-05	-1.513493e-02	4.505845e+00
1.966000e-05	-1.294931e-02	4.379573e+00
1.967000e-05	-1.246214e-02	4.177501e+00
1.968000e-05	-1.287164e-02	4.008976e+00
1.969000e-05	-1.274854e-02	3.801059e+00
1.970000e-05	-1.105545e-02	3.643588e+00
1.971000e-05	-1.025514e-02	3.524698e+00
1.972000e-05	-1.011617e-02	3.325215e+00
1.973000e-05	-1.056670e-02	3.145342e+00
1.974000e-05	-9.541216e-03	2.926373e+00
1.975000e-05	-9.598059e-03	2.788526e+00
1.976000e-05	-7.579670e-03	2.576352e+00
1.977000e-05	-9.030588e-03	2.367904e+00
1.978000e-05	-7.463541e-03	2.167947e+00
1.979000e-05	-7.687761e-03	2.012081e+00
1.980000e-05	-6.660907e-03	1.832507e+00
1.981000e-05	-7.536792e-03	1.601041e+00
1.982000e-05	-6.741537e-03	1.430584e+00
1.983000e-05	-6.830019e-03	1.253103e+00
1.984000e-05	-6.279013e-03	1.039058e+00
1.985000e-05	-5.484295e-03	8.194250e-01
1.986000e-05	-5.310212e-03	5.905801e-01
1.987000e-05	-6.211829e-03	4.110852e-01
1.988000e-05	-5.335229e-03	2.546121e-01
1.989000e-05	-3.942125e-03	6.258151e-02
1.990000e-05	3.467744e-03	-1.573382e-01
1.991000e-05	-1.335882e-03	-3.352568e-01
1.992000e-05	-1.600076e-03	-4.325502e-01
1.993000e-05	-2.742448e-03	-6.441276e-01
1.994000e-05	-2.343721e-03	-8.431539e-01
1.995000e-05	-8.428359e-04	-1.009998e+00
1.996000e-05	3.182348e-03	-1.209315e+00
1.997000e-05	2.778212e-02	-1.329413e+00
1.998000e-05	8.367947e-02	-1.559438e+00
1.999000e-05	-5.463917e-02	-1.821471e+00
2.000000e-05	-2.764872e-02	-2.083125e+00
2.001000e-05	-6.262866e-02	-2.316786e+00
2.002000e-05	-6.910511e-02	-2.471627e+00
2.003000e-05	1.534563e-01	-2.516682e+00
2.004000e-05	-1.320066e-02	-2.674255e+00
2.005000e-05	-1.209242e-01	-2.874130e+00
2.006000e-05	1.853683e-01	-2.995105e+00
2.007000e-05	-1.356775e-01	-3.242603e+00
2.008000e-05	-1.529049e-02	-3.484104e+00
2.009000e-05	1.461473e-01	-3.569371e+00
2.010000e-05	-1.527613e-01	-3.770917e+00
2.011000e-05	4.315409e-02	-3.979966e+00
2.012000e-05	1.160261e-01	-4.095332e+00
2.013000e-05	-1.012581e-01	-4.328861e+00
2.014000e-05	8.958561e-02	-4.493105e+00
2.015000e-05	-1.418121e-01	-4.673624e+00
2.016000e-05	2.653575e-02	-4.814153e+00
2.017000e-05	1.397548e-01	-5.020545e+00
2.018000e-05	-9.954851e-02	-5.162415e+00
2.019000e-05	6.109566e-02	-5.399316e+00
2.020000e-05	-5.808070e-02	-5.569939e+00
2.021000e-05	3.028746e-02	-5.739388e+00
2.022000e-05	3.100346e-02	-5.924704e+00
2.023000e-05	-7.114264e-02	-6.042075e+00
2.024000e-05	9.888833e-02	-6.211845e+00
2.025000e-05	-7.910036e-02	-6.348500e+00
2.026000e-05	4.590961e-02	-6.517386e+00
2.027000e-05	2.658155e-02	-6.665132e+00
2.028000e-05	-4.980688e-02	-6.830544e+00
2.029000e-05	5.262402e-02	-6.959913e+00
2.030000e-05	-6.291981e-02	-7.097358e+00
2.031000e-05	8.527456e-02	-7.254183e+00
2.032000e-05	-1.420629e-02	-7.400497e+00
2.033000e-05	-2.081653e-02	-7.539841e+00
2.034000e-05	1.580880e-02	-7.645679e+00
2.035000e-05	-1.751845e-02	-7.874783e+00
2.036000e-05	5.240334e-02	-7.990020e+00
2.037000e-05	-3.351997e-02	-8.096814e+00
2.038000e-05	3.634427e-02	-8.231547e+00
2.039000e-05	2.291081e-03	-8.317315e+00
2.040000e-05	-9.197465e-03	-8.432580e+00
2.041000e-05	9.741660e-03	-8.538865e+00
2.042000e-05	-6.396902e-03	-8.687308e+00
2.043000e-05	3.879333e-02	-8.790945e+00
2.044000e-05	-1.941536e-02	-8.866357e+00
2.045000e-05	1.645378e-02	-8.989445e+00
2.046000e-05	3.251150e-03	-9.044656e+00
2.047000e-05	1.120142e-02	-9.159418e+00
2.048000e-05	3.602035e-03	-9.211577e+00
2.049000e-05	3.651850e-04	-9.315313e+00
2.050000e-05	2.025074e-02	-9.411615e+00
2.051000e-05	1.469056e-04	-9.477811e+00
2.052000e-05	1.345441e-02	-9.570499e+00
2.053000e-05	6.406985e-04	-9.643682e+00
2.054000e-05	4.854003e-03	-9.687285e+00
2.055000e-05	2.361404e-03	-9.768440e+00
2.056000e-05	1.719926e-02	-9.843150e+00
2.057000e-05	1.784398e-02	-9.865184e+00
2.058000e-05	2.647015e-03	-9.917888e+00
2.059000e-05	1.590370e-03	-9.947845e+00
2.060000e-05	6.601517e-03	-1.001052e+01
2.061000e-05	1.762712e-02	-1.005160e+01
2.062000e-05	9.026684e-03	-1.013660e+01
2.063000e-05	5.857167e-03	-1.013731e+01
2.064000e-05	7.404240e-03	-1.016992e+01
2.065000e-05	1.184729e-02	-1.016407e+01
2.066000e-05	1.368408e-02	-1.024568e+01
2.067000e-05	8.621276e-03	-1.023578e+01
2.068000e-05	6.698296e-03	-1.027629e+01
2.069000e-05	1.291450e-02	-1.023931e+01
2.070000e-05	1.635139e-02	-1.032784e+01
2.071000e-05	1.157999e-02	-1.033697e+01
2.072000e-05	8.258436e-03	-1.036932e+01
2.073000e-05	9.496009e-03	-1.030681e+01
2.074000e-05	1.406633e-02	-1.029932e+01
2.075000e-05	1.667362e-02	-1.030583e+01
2.076000e-05	1.720281e-02	-1.028634e+01
2.077000e-05	1.402534e-02	-1.027621e+01
2.078000e-05	1.343498e-02	-1.023426e+01
2.079000e-05	1.583613e-02	-1.020310e+01
2.080000e-05	1.965413e-02	-1.018202e+01
2.081000e-05	1.959893e-02	-1.012787e+01
2.082000e-05	1.786708e-02	-1.011683e+01
2.083000e-05	2.006967e-02	-1.008323e+01
2.084000e-05	2.169488e-02	-1.004208e+01
2.085000e-05	2.084636e-02	-9.981450e+00
2.086000e-05	2.173225e-02	-9.909472e+00
2.087000e-05	2.457454e-02	-9.887859e+00
2.088000e-05	2.535065e-02	-9.855132e+00
2.089000e-05	2.521784e-02	-9.821526e+00
2.090000e-05	2.506950e-02	-9.737895e+00
2.091000e-05	2.724685e-02	-9.675160e+00
2.092000e-05	2.658977e-02	-9.633128e+00
2.093000e-05	2.732408e-02	-9.580448e+00
2.094000e-05	2.920896e-02	-9.487841e+00
2.095000e-05	3.151391e-02	-9.392581e+00
2.096000e-05	3.040028e-02	-9.299263e+00
2.097000e-05	3.012374e-02	-9.231579e+00
2.098000e-05	3.011499e-02	-9.126868e+00
2.099000e-05	3.162015e-02	-9.073581e+00
2.100000e-05	3.366329e-02	-8.928370e+00
2.101000e-05	3.428601e-02	-8.804680e+00
2.102000e-05	3.304894e-02	-8.749399e+00
2.103000e-05	3.307265e-02	-8.695211e+00
2.104000e-05	3.464143e-02	-8.526918e+00
2.105000e-05	3.477500e-02	-8.421079e+00
2.106000e-05	3.461793e-02	-8.315817e+00
2.107000e-05	3.471344e-02	-8.160054e+00
2.108000e-05	3.514530e-02	-8.076767e+00
2.109000e-05	3.476885e-02	-7.980477e+00
2.110000e-05	3.359931e-02	-7.834680e+00
2.111000e-05	3.259155e-02	-7.654814e+00
2.112000e-05	3.125122e-02	-7.528395e+00
2.113000e-05	3.107850e-02	-7.371026e+00
2.114000e-05	3.155784e-02	-7.275258e+00
2.115000e-05	2.943505e-02	-7.127870e+00
2.116000e-05	2.733150e-02	-7.000550e+00
2.117000e-05	2.546882e-02	-6.800603e+00
2.118000e-05	2.645370e-02	-6.705791e+00
2.119000e-05	2.397426e-02	-6.558898e+00
2.120000e-05	2.252392e-02	-6.410582e+00
2.121000e-05	2.066616e-02	-6.275195e+00
2.122000e-05	2.012331e-02	-6.096238e+00
2.123000e-05	1.809033e-02	-5.936917e+00
2.124000e-05	1.654392e-02	-5.759476e+00
2.125000e-05	1.485980e-02	-5.661106e+00
2.126000e-05	1.245222e-02	-5.474713e+00
2.127000e-05	1.156364e-02	-5.213115e+00
2.128000e-05	1.152441e-02	-5.115809e+00
2.129000e-05	1.033803e-02	-4.876316e+00
2.130000e-05	8.903694e-03	-4.653787e+00
2.131000e-05	6.080490e-03	-4.536271e+00
2.132000e-05	8.152763e-03	-4.368925e+00
2.133000e-05	4.697675e-03	-4.201082e+00
2.134000e-05	5.638915e-03	-4.092663e+00
2.135000e-05	2.167240e-03	-3.915845e+00
2.136000e-05	4.995777e-03	-3.676741e+00
2.137000e-05	2.450505e-03	-3.537267e+00
2.138000e-05	3.579882e-03	-3.356893e+00
2.139000e-05	3.632186e-03	-3.169474e+00
2.140000e-05	3.393901e-03	-2.988422e+00
2.141000e-05	-1.670530e-04	-2.780474e+00
2.142000e-05	1.892985e-04	-2.612079e+00
2.143000e-05	-1.962201e-03	-2.379584e+00
2.144000e-05	2.134438e-03	-2.273104e+00
2.145000e-05	-1.015152e-04	-2.021133e+00
2.146000e-05	-2.155261e-05	-1.844182e+00
2.147000e-05	-1.833993e-03	-1.682017e+00
2.148000e-05	-4.639154e-04	-1.547119e+00
2.149000e-05	5.175397e-04	-1.241680e+00
2.150000e-05	-5.985664e-04	-1.052659e+00
2.151000e-05	-2.693340e-03	-8.951065e-01
2.152000e-05	-4.541804e-03	-6.851435e-01
2.153000e-05	-3.467319e-03	-4.616329e-01
2.154000e-05	-2.348125e-03	-3.041907e-01
2.155000e-05	-5.476687e-04	-1.052182e-01
2.156000e-05	4.207158e-03	6.265289e-02
2.157000e-05	1.863536e-03	2.956817e-01
2.158000e-05	-1.933000e-03	4.530789e-01
2.159000e-05	1.140810e-03	5.908713e-01
2.160000e-05	-2.746765e-03	7.785973e-01
2.161000e-05	-3.015970e-03	9.279119e-01
2.162000e-05	-1.331912e-03	1.166895e+00
2.163000e-05	9.533955e-03	1.348393e+00
2.164000e-05	3.944584e-02	1.561520e+00
2.165000e-05	5.549347e-02	1.802549e+00
2.166000e-05	-5.401377e-02	2.029550e+00
2.167000e-05	-3.552006e-02	2.219549e+00
2.168000e-05	-4.905121e-02	2.377945e+00
2.169000e-05	-6.317385e-02	2.463104e+00
2.170000e-05	8.338056e-02	2.675701e+00
2.171000e-05	7.217768e-02	2.822654e+00
2.172000e-05	-1.659221e-01	3.010449e+00
2.173000e-05	1.520633e-01	3.137366e+00
2.174000e-05	-4.958143e-02	3.368469e+00
2.175000e-05	-6.037755e-02	3.559945e+00
2.176000e-05	9.943052e-02	3.655237e+00
2.177000e-05	-6.757159e-02	3.885864e+00
2.178000e-05	-4.676973e-02	4.103155e+00
2.179000e-05	9.740378e-02	4.275250e+00
2.180000e-05	-4.465026e-02	4.452128e+00
2.181000e-05	5.752270e-03	4.570972e+00
2.182000e-05	-4.712736e-02	4.791499e+00
2.183000e-05	-3.180041e-02	5.032149e+00
2.184000e-05	6.447875e-02	5.221100e+00
2.185000e-05	-5.794658e-03	5.451425e+00
2.186000e-05	-7.158521e-03	5.519018e+00
2.187000e-05	-3.982099e-02	5.727908e+00
2.188000e-05	1.806144e-02	5.864836e+00
2.189000e-05	-9.080327e-03	6.062108e+00
2.190000e-05	-2.434303e-02	6.192022e+00
2.191000e-05	2.564510e-02	6.331415e+00
2.192000e-05	-3.321480e-02	6.465267e+00
2.193000e-05	6.808209e-03	6.684287e+00
2.194000e-05	-5.317853e-03	6.832126e+00
2.195000e-05	-2.425191e-02	6.950942e+00
2.196000e-05	5.602329e-04	7.064708e+00
2.197000e-05	-9.062514e-03	7.230050e+00
2.198000e-05	7.447647e-03	7.329491e+00
2.199000e-05	-1.079277e-02	7.528838e+00
2.200000e-05	-1.964985e-02	7.687309e+00
2.201000e-05	-1.017565e-02	7.831600e+00
2.202000e-05	-8.582421e-03	8.050595e+00
2.203000e-05	2.651538e-04	8.105884e+00
2.204000e-05	-1.532909e-02	8.214179e+00
2.205000e-05	-4.347741e-03	8.329316e+00
2.206000e-05	1.264226e-04	8.433107e+00
2.207000e-05	-1.801749e-02	8.547391e+00
2.208000e-05	-1.680327e-02	8.633075e+00
2.209000e-05	-1.542150e-02	8.717865e+00
2.210000e-05	4.084570e-03	8.829475e+00
2.211000e-05	-8.374624e-03	8.926264e+00
2.212000e-05	-1.518196e-02	8.992552e+00
2.213000e-05	-1.345438e-02	9.148893e+00
2.214000e-05	-1.115277e-02	9.253030e+00
2.215000e-05	-6.383598e-03	9.284833e+00
2.216000e-05	-1.336741e-02	9.378470e+00
2.217000e-05	-9.899397e-03	9.444207e+00
2.218000e-05	-1.344519e-02	9.517991e+00
2.219000e-05	-9.164728e-03	9.640949e+00
2.220000e-05	-1.391448e-02	9.653158e+00
2.221000e-05	-1.600579e-02	9.737462e+00
2.222000e-05	-1.595787e-02	9.823627e+00
2.223000e-05	-7.856649e-03	9.865813e+00
2.224000e-05	-5.234397e-03	9.948442e+00
2.225000e-05	-1.565066e-02	1.000047e+01
2.226000e-05	-1.894587e-02	1.005368e+01
2.227000e-05	-1.642602e-02	1.007368e+01
2.228000e-05	-8.831215e-03	1.011482e+01
2.229000e-05	-1.331102e-02	1.012889e+01
2.230000e-05	-1.728621e-02	1.019999e+01
2.231000e-05	-1.525075e-02	1.022213e+01
2.232000e-05	-1.588997e-02	1.023263e+01
2.233000e-05	-1.335823e-02	1.026378e+01
2.234000e-05	-1.720119e-02	1.027573e+01
2.235000e-05	-1.753998e-02	1.030731e+01
2.236000e-05	-1.653510e-02	1.028626e+01
2.237000e-05	-1.200093e-02	1.028587e+01
2.238000e-05	-1.824599e-02	1.032782e+01
2.239000e-05	-2.164020e-02	1.028739e+01
2.240000e-05	-2.150720e-02	1.027677e+01
2.241000e-05	-1.696716e-02	1.030632e+01
2.242000e-05	-1.763982e-02	1.025634e+01
2.243000e-05	-2.091007e-02	1.032576e+01
2.244000e-05	-2.233494e-02	1.026263e+01
2.245000e-05	-2.373797e-02	1.022413e+01
2.246000e-05	-2.313930e-02	1.025413e+01
2.247000e-05	-2.455328e-02	1.020850e+01
2.248000e-05	-2.487638e-02	1.017944e+01
2.249000e-05	-2.586459e-02	1.012784e+01
2.250000e-05	-2.623321e-02	1.010529e+01
2.251000e-05	-2.658737e-02	1.007313e+01
2.252000e-05	-2.991590e-02	1.002305e+01
2.253000e-05	-3.087861e-02	9.980000e+00
2.254000e-05	-3.069722e-02	9.896846e+00
2.255000e-05	-2.832778e-02	9.842731e+00
2.256000e-05	-3.183081e-02	9.748449e+00
2.257000e-05	-3.412033e-02	9.666258e+00
2.258000e-05	-3.514553e-02	9.641052e+00
2.259000e-05	-3.417358e-02	9.537946e+00
2.260000e-05	-3.479534e-02	9.445310e+00
2.261000e-05	-3.628273e-02	9.410454e+00
2.262000e-05	-3.605514e-02	9.319868e+00
2.263000e-05	-3.774210e-02	9.273688e+00
2.264000e-05	-3.785617e-02	9.170052e+00
2.265000e-05	-4.081748e-02	9.135287e+00
2.266000e-05	-3.991432e-02	9.030575e+00
2.267000e-05	-3.903975e-02	8.804182e+00
2.268000e-05	-3.884557e-02	8.778896e+00
2.269000e-05	-4.096575e-02	8.644160e+00
2.270000e-05	-4.155669e-02	8.548897e+00
2.271000e-05	-4.077706e-02	8.464212e+00
2.272000e-05	-4.063643e-02	8.379351e+00
2.273000e-05	-4.091928e-02	8.262713e+00
2.274000e-05	-4.111713e-02	8.098319e+00
2.275000e-05	-3.923309e-02	7.999103e+00
2.276000e-05	-4.025662e-02	7.874736e+00
2.277000e-05	-4.081177e-02	7.766946e+00
2.278000e-05	-4.041660e-02	7.611183e+00
2.279000e-05	-3.887025e-02	7.464743e+00
2.280000e-05	-3.691906e-02	7.316842e+00
2.281000e-05	-3.478268e-02	7.168450e+00
2.282000e-05	-3.509105e-02	7.012129e+00
2.283000e-05	-3.560005e-02	6.884214e+00
2.284000e-05	-3.380405e-02	6.778974e+00
2.285000e-05	-2.991043e-02	6.631055e+00
2.286000e-05	-3.096746e-02	6.421208e+00
2.287000e-05	-2.734926e-02	6.295816e+00
2.288000e-05	-2.812667e-02	6.137395e+00
2.289000e-05	-2.299217e-02	6.019554e+00
2.290000e-05	-2.319246e-02	5.893165e+00
2.291000e-05	-2.173354e-02	5.626237e+00
2.292000e-05	-2.103306e-02	5.505870e+00
2.293000e-05	-1.992946e-02	5.358825e+00
2.294000e-05	-1.932613e-02	5.127001e+00
2.295000e-05	-1.744210e-02	4.927870e+00
2.296000e-05	-1.713852e-02	4.758922e+00
2.297000e-05	-1.508303e-02	4.568072e+00
2.298000e-05	-1.486337e-02	4.422107e+00
2.299000e-05	-1.174442e-02	4.267791e+00
2.300000e-05	-1.164172e-02	4.022134e+00
2.301000e-05	-1.209380e-02	3.925842e+00
2.302000e-05	-1.181866e-02	3.726868e+00
2.303000e-05	-1.151346e-02	3.580076e+00
2.304000e-05	-1.068754e-02	3.358031e+00
2.305000e-05	-1.022109e-02	3.179527e+00
2.306000e-05	-1.002696e-02	2.989130e+00
2.307000e-05	-8.680212e-03	2.822160e+00
2.308000e-05	-8.449384e-03	2.713716e+00
2.309000e-05	-8.168473e-03	2.430654e+00
2.310000e-05	-7.754715e-03	2.234163e+00
2.311000e-05	-6.245460e-03	2.074763e+00
2.312000e-05	-6.588924e-03	1.935842e+00
2.313000e-05	-6.523091e-03	1.695897e+00
2.314000e-05	-8.017282e-03	1.486295e+00
2.315000e-05	-7.493117e-03	1.304371e+00
2.316000e-05	-7.050806e-03	1.175340e+00
2.317000e-05	-5.768518e-03	8.636643e-01
2.318000e-05	-5.567619e-03	6.922970e-01
2.319000e-05	-5.319395e-03	4.957170e-01
2.320000e-05	-4.332087e-03	3.469248e-01
2.321000e-05	-4.210063e-03	1.349759e-01
2.322000e-05	-4.948253e-04	-5.314915e-02
2.323000e-05	1.521808e-03	-2.220764e-01
2.324000e-05	-4.807393e-03	-3.808961e-01
2.325000e-05	5.685543e-04	-5.783847e-01
2.326000e-05	-4.306899e-03	-7.673723e-01
2.327000e-05	-4.666984e-04	-8.972407e-01
2.328000e-05	-2.112003e-03	-1.106179e+00
2.329000e-05	1.388773e-02	-1.265654e+00
2.330000e-05	6.638400e-02	-1.474079e+00
2.331000e-05	2.329325e-02	-1.714679e+00
2.332000e-05	-7.095848e-02	-1.946838e+00
2.333000e-05	-2.006991e-02	-2.212017e+00
2.334000e-05	-9.457338e-02	-2.421975e+00
2.335000e-05	5.132191e-02	-2.532658e+00
2.336000e-05	1.339207e-01	-2.569370e+00
2.337000e-05	-1.714657e-01	-2.861519e+00
2.338000e-05	1.120149e-01	-2.978922e+00
2.339000e-05	3.788876e-02	-3.139312e+00
2.340000e-05	-1.614686e-01	-3.360443e+00
2.341000e-05	1.525051e-01	-3.537262e+00
2.342000e-05	-1.912215e-02	-3.693228e+00
2.343000e-05	-1.282445e-01	-3.956736e+00
2.344000e-05	1.732100e-01	-4.032600e+00
2.345000e-05	-6.699663e-02	-4.224701e+00
2.346000e-05	3.031084e-02	-4.450974e+00
2.347000e-05	-2.160453e-02	-4.579836e+00
2.348000e-05	-1.294413e-01	-4.771922e+00
2.349000e-05	1.699466e-01	-4.918911e+00
2.350000e-05	-2.578606e-02	-5.096682e+00
2.351000e-05	-2.556187e-02	-5.296307e+00
2.352000e-05	2.763084e-02	-5.493733e+00
2.353000e-05	-5.786998e-02	-5.716205e+00
2.354000e-05	9.556931e-02	-5.832099e+00
2.355000e-05	-8.507926e-02	-5.959943e+00
2.356000e-05	5.098191e-02	-6.127735e+00
2.357000e-05	1.718205e-02	-6.296355e+00
2.358000e-05	-5.677672e-02	-6.475179e+00
2.359000e-05	9.581405e-02	-6.609996e+00
2.360000e-05	-7.271963e-02	-6.729414e+00
2.361000e-05	4.361836e-02	-6.884230e+00
2.362000e-05	-2.367374e-02	-7.035174e+00
2.363000e-05	8.122262e-03	-7.243074e+00
2.364000e-05	6.949534e-02	-7.337413e+00
2.365000e-05	-6.661227e-02	-7.486777e+00
2.366000e-05	3.744425e-02	-7.611600e+00
2.367000e-05	-3.066634e-02	-7.818040e+00
2.368000e-05	4.097814e-02	-7.969917e+00
2.369000e-05	-1.837443e-03	-8.053130e+00
2.370000e-05	-4.420471e-03	-8.148914e+00
2.371000e-05	4.295711e-02	-8.264709e+00
2.372000e-05	-3.009339e-02	-8.379469e+00
2.373000e-05	1.747700e-02	-8.513151e+00
2.374000e-05	-1.731978e-02	-8.623098e+00
2.375000e-05	3.740318e-02	-8.759992e+00
2.376000e-05	3.241679e-03	-8.873076e+00
2.377000e-05	-7.344364e-03	-8.949362e+00
2.378000e-05	1.470652e-02	-8.990994e+00
2.379000e-05	7.955510e-04	-9.127839e+00
2.380000e-05	1.874811e-02	-9.150422e+00
2.381000e-05	-8.266920e-03	-9.274125e+00
2.382000e-05	1.743695e-02	-9.338917e+00
2.383000e-05	5.369562e-03	-9.456104e+00
2.384000e-05	9.939632e-03	-9.540942e+00
2.385000e-05	6.669067e-03	-9.613074e+00
2.386000e-05	1.506561e-03	-9.686234e+00
2.387000e-05	3.650940e-03	-9.718391e+00
2.388000e-05	1.021825e-02	-9.821998e+00
2.389000e-05	2.457051e-02	-9.863658e+00
2.390000e-05	6.865086e-03	-9.907288e+00
2.391000e-05	-1.126418e-03	-9.968342e+00
2.392000e-05	1.523233e-03	-9.980574e+00
2.393000e-05	1.657446e-02	-9.972001e+00
2.394000e-05	1.467128e-02	-1.006418e+01
2.395000e-05	5.116420e-03	-1.011634e+01
2.396000e-05	4.707904e-03	-1.014049e+01
2.397000e-05	1.008970e-02	-1.017055e+01
2.398000e-05	1.397528e-02	-1.025513e+01
2.399000e-05	1.072853e-02	-1.025423e+01
2.400000e-05	7.504608e-03	-1.024681e+01
2.401000e-05	1.042818e-02	-1.029831e+01
2.402000e-05	1.499291e-02	-1.028732e+01
2.403000e-05	1.341750e-02	-1.033640e+01
2.404000e-05	9.069802e-03	-1.031984e+01
2.405000e-05	8.224718e-03	-1.032837e+01
2.406000e-05	1.281835e-02	-1.030736e+01
2.407000e-05	1.706032e-02	-1.031784e+01
2.408000e-05	1.835273e-02	-1.027986e+01
2.409000e-05	1.590228e-02	-1.027542e+01
2.410000e-05	1.264723e-02	-1.025566e+01
2.411000e-05	1.456774e-02	-1.021566e+01
2.412000e-05	1.741774e-02	-1.020153e+01
2.413000e-05	1.962676e-02	-1.017010e+01
2.414000e-05	1.894762e-02	-1.007842e+01
2.415000e-05	2.142034e-02	-1.009619e+01
2.416000e-05	2.215696e-02	-1.007366e+01
2.417000e-05	2.070448e-02	-1.006152e+01
2.418000e-05	1.988010e-02	-9.988421e+00
2.419000e-05	2.328691e-02	-9.898416e+00
2.420000e-05	2.700136e-02	-9.895709e+00
2.421000e-05	2.568658e-02	-9.823683e+00
2.422000e-05	2.408388e-02	-9.779469e+00
2.423000e-05	2.535729e-02	-9.666790e+00
2.424000e-05	2.752083e-02	-9.655230e+00
2.425000e-05	2.888450e-02	-9.622004e+00
2.426000e-05	2.964646e-02	-9.579871e+00
2.427000e-05	2.973779e-02	-9.452708e+00
2.428000e-05	2.938583e-02	-9.338871e+00
2.429000e-05	3.106092e-02	-9.244126e+00
2.430000e-05	3.059660e-02	-9.139475e+00
2.431000e-05	3.005363e-02	-9.065238e+00
2.432000e-05	3.096321e-02	-9.039977e+00
2.433000e-05	3.357590e-02	-8.876312e+00
2.434000e-05	3.520025e-02	-8.781527e+00
2.435000e-05	3.404608e-02	-8.706318e+00
2.436000e-05	3.344969e-02	-8.562100e+00
2.437000e-05	3.338420e-02	-8.434132e+00
2.438000e-05	3.425281e-02	-8.367996e+00
2.439000e-05	3.441903e-02	-8.263610e+00
2.440000e-05	3.494208e-02	-8.148397e+00
2.441000e-05	3.422827e-02	-8.031655e+00
2.442000e-05	3.234981e-02	-7.888294e+00
2.443000e-05	3.215367e-02	-7.740351e+00
2.444000e-05	3.178132e-02	-7.612650e+00
2.445000e-05	3.219004e-02	-7.474186e+00
2.446000e-05	3.204876e-02	-7.347391e+00
2.447000e-05	3.013460e-02	-7.181527e+00
2.448000e-05	2.684289e-02	-7.092639e+00
2.449000e-05	2.619925e-02	-6.904740e+00
2.450000e-05	2.537185e-02	-6.729447e+00
2.451000e-05	2.513874e-02	-6.629060e+00
2.452000e-05	2.242968e-02	-6.495666e+00
2.453000e-05	2.127677e-02	-6.328795e+00
2.454000e-05	2.059447e-02	-6.179929e+00
2.455000e-05	1.898632e-02	-5.970049e+00
2.456000e-05	1.629148e-02	-5.862058e+00
2.457000e-05	1.452095e-02	-5.727292e+00
2.458000e-05	1.392278e-02	-5.569421e+00
2.459000e-05	1.295621e-02	-5.346903e+00
2.460000e-05	1.153056e-02	-5.167874e+00
2.461000e-05	1.045051e-02	-4.999005e+00
2.462000e-05	8.718200e-03	-4.830847e+00
2.463000e-05	6.724117e-03	-4.569000e+00
2.464000e-05	6.951629e-03	-4.433185e+00
2.465000e-05	6.410714e-03	-4.315238e+00
2.466000e-05	5.460361e-03	-4.148397e+00
2.467000e-05	5.550120e-03	-3.960575e+00
2.468000e-05	2.606016e-03	-3.791004e+00
2.469000e-05	3.996756e-03	-3.580001e+00
2.470000e-05	2.235573e-03	-3.413081e+00
2.471000e-05	3.337606e-03	-3.271632e+00
2.472000e-05	2.812540e-03	-3.054661e+00
2.473000e-05	1.545173e-03	-2.852184e+00
2.474000e-05	1.267654e-03	-2.683713e+00
2.475000e-05	-1.896721e-03	-2.545767e+00
2.476000e-05	1.003075e-03	-2.346400e+00
2.477000e-05	8.295916e-04	-2.067275e+00
2.478000e-05	-1.172516e-04	-1.956346e+00
2.479000e-05	-1.271578e-03	-1.765825e+00
2.480000e-05	3.247098e-04	-1.530074e+00
2.481000e-05	-1.883769e-03	-1.328372e+00
2.482000e-05	2.509231e-04	-1.137347e+00
2.483000e-05	-3.079542e-03	-9.572947e-01
2.484000e-05	-1.844574e-03	-7.489475e-01
2.485000e-05	-3.407249e-03	-5.374448e-01
2.486000e-05	-1.891849e-03	-3.288986e-01
2.487000e-05	-1.750407e-03	-2.205801e-01
2.488000e-05	2.731827e-04	1.150002e-02
2.489000e-05	4.222848e-03	1.584134e-01
2.490000e-05	-2.141168e-03	4.094498e-01
2.491000e-05	2.600021e-03	5.067646e-01
2.492000e-05	-2.763081e-03	7.252830e-01
2.493000e-05	-2.378608e-03	8.431029e-01
2.494000e-05	-2.807109e-03	1.065782e+00
2.495000e-05	5.383616e-03	1.244155e+00
2.496000e-05	2.039600e-02	1.482730e+00
2.497000e-05	6.620080e-02	1.717864e+00
2.498000e-05	-7.600745e-03	1.967292e+00
2.499000e-05	-5.565641e-02	2.106788e+00
2.500000e-05	-3.688466e-02	2.325259e+00
2.501000e-05	-6.402295e-02	2.453079e+00
2.502000e-05	-1.269690e-02	2.540444e+00
2.503000e-05	1.597357e-01	2.759469e+00
2.504000e-05	-1.228793e-01	2.947865e+00
2.505000e-05	9.344160e-03	3.044681e+00
2.506000e-05	9.770752e-02	3.272625e+00
2.507000e-05	-1.197273e-01	3.524311e+00
2.508000e-05	5.128004e-02	3.621098e+00
2.509000e-05	3.615045e-02	3.810020e+00
2.510000e-05	-1.243086e-01	4.010049e+00
2.511000e-05	8.854055e-02	4.147468e+00
2.512000e-05	6.278478e-03	4.398447e+00
2.513000e-05	-2.668157e-02	4.526913e+00
2.514000e-05	-9.387402e-03	4.735812e+00
2.515000e-05	-6.778641e-02	4.917280e+00
2.516000e-05	4.657158e-02	5.127885e+00
2.517000e-05	2.272451e-02	5.327390e+00
2.518000e-05	-7.791441e-03	5.544659e+00
2.519000e-05	-3.121899e-02	5.619554e+00
2.520000e-05	-7.143595e-03	5.824177e+00
2.521000e-05	1.208499e-02	5.980003e+00
2.522000e-05	-2.998933e-02	6.117437e+00
2.523000e-05	9.574972e-03	6.303807e+00
2.524000e-05	1.694805e-03	6.404025e+00
2.525000e-05	-2.492759e-02	6.590450e+00
2.526000e-05	2.076346e-02	6.779435e+00
2.527000e-05	-3.459788e-02	6.897314e+00
2.528000e-05	-8.897117e-03	7.013555e+00
2.529000e-05	-4.469809e-03	7.199465e+00
2.530000e-05	-1.370516e-03	7.313160e+00
2.531000e-05	8.969251e-03	7.445258e+00
2.532000e-05	-2.872997e-02	7.623601e+00
2.533000e-05	-5.952529e-03	7.728941e+00
2.534000e-05	-1.647707e-02	7.917810e+00
2.535000e-05	6.573737e-03	7.994601e+00
2.536000e-05	-1.485684e-02	8.181995e+00
2.537000e-05	-1.182330e-02	8.295881e+00
2.538000e-05	2.834543e-03	8.410972e+00
2.539000e-05	-1.052283e-02	8.506240e+00
2.540000e-05	-1.584008e-02	8.569469e+00
2.541000e-05	-2.304485e-02	8.674241e+00
2.542000e-05	6.040999e-04	8.738942e+00
2.543000e-05	-2.331162e-03	8.873079e+00
2.544000e-05	-9.279199e-03	8.969966e+00
2.545000e-05	-1.783279e-02	9.056810e+00
2.546000e-05	-1.361689e-02	9.190043e+00
2.547000e-05	-8.779990e-03	9.275255e+00
2.548000e-05	-9.156575e-03	9.327890e+00
2.549000e-05	-9.270778e-03	9.412077e+00
2.550000e-05	-1.368428e-02	9.494287e+00
2.551000e-05	-1.106876e-02	9.519995e+00
2.552000e-05	-1.125297e-02	9.631599e+00
2.553000e-05	-1.294492e-02	9.706261e+00
2.554000e-05	-1.862437e-02	9.759497e+00
2.555000e-05	-1.146611e-02	9.805757e+00
2.556000e-05	-4.119365e-03	9.889388e+00
2.557000e-05	-8.836199e-03	9.990971e+00
2.558000e-05	-1.935955e-02	1.005105e+01
2.559000e-05	-1.986504e-02	1.007418e+01
2.560000e-05	-1.108585e-02	1.010576e+01
2.561000e-05	-1.041338e-02	1.011584e+01
2.562000e-05	-1.432118e-02	1.016987e+01
2.563000e-05	-1.734440e-02	1.020150e+01
2.564000e-05	-1.511987e-02	1.020258e+01
2.565000e-05	-1.524029e-02	1.026513e+01
2.566000e-05	-1.561280e-02	1.028678e+01
2.567000e-05	-1.796936e-02	1.027674e+01
2.568000e-05	-1.784912e-02	1.029526e+01
2.569000e-05	-1.193793e-02	1.033737e+01
2.570000e-05	-1.474843e-02	1.032836e+01
2.571000e-05	-2.004596e-02	1.032831e+01
2.572000e-05	-2.366146e-02	1.028577e+01
2.573000e-05	-1.808859e-02	1.030788e+01
2.574000e-05	-1.690522e-02	1.029629e+01
2.575000e-05	-1.968752e-02	1.031681e+01
2.576000e-05	-2.220402e-02	1.027314e+01
2.577000e-05	-2.335773e-02	1.022521e+01
2.578000e-05	-2.297707e-02	1.020408e+01
2.579000e-05	-2.405143e-02	1.020055e+01
2.580000e-05	-2.571718e-02	1.016099e+01
2.581000e-05	-2.628444e-02	1.011887e+01
2.582000e-05	-2.486059e-02	1.009574e+01
2.583000e-05	-2.565790e-02	1.007368e+01
2.584000e-05	-2.812459e-02	1.003158e+01
2.585000e-05	-3.125249e-02	9.991051e+00
2.586000e-05	-3.042317e-02	9.928868e+00
2.587000e-05	-2.884309e-02	9.854862e+00
2.588000e-05	-3.002610e-02	9.792550e+00
2.589000e-05	-3.336428e-02	9.727237e+00
2.590000e-05	-3.615374e-02	9.623134e+00
2.591000e-05	-3.430785e-02	9.589952e+00
2.592000e-05	-3.515900e-02	9.504810e+00
2.593000e-05	-3.565562e-02	9.433604e+00
2.594000e-05	-3.665469e-02	9.338376e+00
2.595000e-05	-3.633058e-02	9.275787e+00
2.596000e-05	-3.686294e-02	9.203555e+00
2.597000e-05	-3.920046e-02	9.146997e+00
2.598000e-05	-3.989646e-02	9.012630e+00
2.599000e-05	-4.064433e-02	8.877163e+00
2.600000e-05	-3.758572e-02	8.829075e+00
2.601000e-05	-3.970115e-02	8.726842e+00
2.602000e-05	-4.019890e-02	8.602107e+00
2.603000e-05	-4.146103e-02	8.507292e+00
2.604000e-05	-4.052479e-02	8.411054e+00
2.605000e-05	-4.081526e-02	8.306862e+00
2.606000e-05	-3.978454e-02	8.182453e+00
2.607000e-05	-4.035406e-02	8.062659e+00
2.608000e-05	-3.997443e-02	7.907768e+00
2.609000e-05	-4.024815e-02	7.791654e+00
2.610000e-05	-3.955511e-02	7.685740e+00
2.611000e-05	-3.981074e-02	7.547948e+00
2.612000e-05	-3.768347e-02	7.430574e+00
2.613000e-05	-3.698880e-02	7.210654e+00
2.614000e-05	-3.409520e-02	7.094286e+00
2.615000e-05	-3.462598e-02	6.947902e+00
2.616000e-05	-3.431428e-02	6.821106e+00
2.617000e-05	-3.218703e-02	6.706390e+00
2.618000e-05	-2.963472e-02	6.467769e+00
2.619000e-05	-2.778150e-02	6.338475e+00
2.620000e-05	-2.827848e-02	6.211579e+00
2.621000e-05	-2.610681e-02	6.074717e+00
2.622000e-05	-2.434385e-02	5.977501e+00
2.623000e-05	-2.268445e-02	5.747876e+00
2.624000e-05	-2.177911e-02	5.569546e+00
2.625000e-05	-2.040274e-02	5.373105e+00
2.626000e-05	-1.880677e-02	5.272162e+00
2.627000e-05	-1.699343e-02	5.033613e+00
2.628000e-05	-1.573183e-02	4.800634e+00
2.629000e-05	-1.521933e-02	4.663165e+00
2.630000e-05	-1.607774e-02	4.515720e+00
2.631000e-05	-1.518901e-02	4.358525e+00
2.632000e-05	-1.343564e-02	4.149380e+00
2.633000e-05	-1.179072e-02	3.949474e+00
2.634000e-05	-1.039599e-02	3.780531e+00
2.635000e-05	-1.137007e-02	3.612609e+00
2.636000e-05	-1.057386e-02	3.464272e+00
2.637000e-05	-1.074108e-02	3.202137e+00
2.638000e-05	-9.788967e-03	3.093218e+00
2.639000e-05	-9.425075e-03	2.885268e+00
2.640000e-05	-8.768979e-03	2.748426e+00
2.641000e-05	-8.593116e-03	2.514796e+00
2.642000e-05	-7.920590e-03	2.367321e+00
2.643000e-05	-8.703781e-03	2.138922e+00
2.644000e-05	-7.267820e-03	2.000504e+00
2.645000e-05	-6.657580e-03	1.850633e+00
2.646000e-05	-8.030836e-03	1.590451e+00
2.647000e-05	-5.126276e-03	1.388053e+00
2.648000e-05	-7.758103e-03	1.209111e+00
2.649000e-05	-5.045782e-03	9.704049e-01
2.650000e-05	-7.498235e-03	7.683776e-01
2.651000e-05	-4.849391e-03	5.689501e-01
2.652000e-05	-4.345041e-03	4.215813e-01
2.653000e-05	-5.379540e-03	2.310353e-01
2.654000e-05	-2.516021e-03	-4.411317e-04
2.655000e-05	1.535783e-03	-1.368434e-01
2.656000e-05	-1.317837e-03	-3.457619e-01
2.657000e-05	-7.097187e-04	-4.966302e-01
2.658000e-05	-2.960947e-03	-6.947517e-01
2.659000e-05	-1.933021e-03	-8.836803e-01
2.660000e-05	-1.565400e-03	-1.010499e+00
2.661000e-05	4.956206e-03	-1.179541e+00
2.662000e-05	3.246683e-02	-1.389967e+00
2.663000e-05	7.969840e-02	-1.580469e+00
2.664000e-05	-6.584467e-02	-1.853578e+00
2.665000e-05	-1.884040e-02	-2.085176e+00
2.666000e-05	-7.300736e-02	-2.367365e+00
2.667000e-05	-5.507362e-02	-2.440579e+00
2.668000e-05	1.675241e-01	-2.544689e+00
2.669000e-05	-5.208129e-02	-2.673708e+00
2.670000e-05	-7.754283e-02	-2.944261e+00
2.671000e-05	1.815176e-01	-3.096683e+00
2.672000e-05	-1.654776e-01	-3.253627e+00
2.673000e-05	2.219292e-02	-3.474179e+00
2.674000e-05	1.242277e-01	-3.580471e+00
2.675000e-05	-1.695876e-01	-3.821570e+00
2.676000e-05	8.689082e-02	-4.000470e+00
2.677000e-05	8.383294e-02	-4.118836e+00
2.678000e-05	-8.874919e-02	-4.358916e+00
2.679000e-05	8.248558e-02	-4.474563e+00
2.680000e-05	-1.545916e-01	-4.703754e+00
2.681000e-05	7.160264e-02	-4.884157e+00
2.682000e-05	1.114958e-01	-5.041074e+00
2.683000e-05	-1.029726e-01	-5.222145e+00
2.684000e-05	6.919690e-02	-5.360919e+00
2.685000e-05	-7.148808e-02	-5.581047e+00
2.686000e-05	5.527906e-02	-5.760445e+00
2.687000e-05	2.584532e-03	-5.887261e+00
2.688000e-05	-5.237462e-02	-6.043100e+00
2.689000e-05	9.689270e-02	-6.224051e+00
2.690000e-05	-8.772063e-02	-6.420995e+00
2.691000e-05	6.777360e-02	-6.547388e+00
2.692000e-05	-1.109039e-03	-6.654757e+00
2.693000e-05	-3.392128e-02	-6.843050e+00
2.694000e-05	4.421451e-02	-6.936918e+00
2.695000e-05	-5.728109e-02	-7.078411e+00
2.696000e-05	9.554467e-02	-7.265132e+00
2.697000e-05	-3.621218e-02	-7.431499e+00
2.698000e-05	-5.405883e-03	-7.578267e+00
2.699000e-05	5.954382e-03	-7.715632e+00
2.700000e-05	-4.459304e-03	-7.845104e+00
2.701000e-05	4.344617e-02	-8.030499e+00
2.702000e-05	-3.491784e-02	-8.088886e+00
2.703000e-05	4.363421e-02	-8.222504e+00
2.704000e-05	-7.304337e-03	-8.329366e+00
2.705000e-05	-2.319865e-03	-8.421078e+00
2.706000e-05	3.665868e-03	-8.560764e+00
2.707000e-05	1.777967e-03	-8.667713e+00
2.708000e-05	3.471399e-02	-8.780553e+00
2.709000e-05	-2.079529e-02	-8.885282e+00
2.710000e-05	1.830136e-02	-8.970541e+00
2.711000e-05	9.546155e-05	-9.064258e+00
2.712000e-05	1.377679e-02	-9.129416e+00
2.713000e-05	1.926468e-03	-9.222051e+00
2.714000e-05	4.053858e-03	-9.306783e+00
2.715000e-05	1.767060e-02	-9.391047e+00
2.716000e-05	1.214427e-03	-9.518311e+00
2.717000e-05	1.298008e-02	-9.571023e+00
2.718000e-05	2.712641e-05	-9.674630e+00
2.719000e-05	4.928042e-03	-9.687335e+00
2.720000e-05	3.036294e-03	-9.738942e+00
2.721000e-05	1.926354e-02	-9.903054e+00
2.722000e-05	1.622310e-02	-9.868288e+00
2.723000e-05	2.465445e-04	-9.928368e+00
2.724000e-05	1.499595e-03	-9.948420e+00
2.725000e-05	1.013188e-02	-1.000152e+01
2.726000e-05	1.768876e-02	-1.004263e+01
2.727000e-05	7.254194e-03	-1.007615e+01
2.728000e-05	5.646751e-03	-1.013731e+01
2.729000e-05	8.329471e-03	-1.016342e+01
2.730000e-05	1.250952e-02	-1.019503e+01
2.731000e-05	1.281898e-02	-1.022418e+01
2.732000e-05	8.054780e-03	-1.023576e+01
2.733000e-05	8.182938e-03	-1.027631e+01
2.734000e-05	1.394069e-02	-1.029729e+01
2.735000e-05	1.539630e-02	-1.029936e+01
2.736000e-05	1.259922e-02	-1.032734e+01
2.737000e-05	8.005492e-03	-1.031836e+01
2.738000e-05	1.063297e-02	-1.033889e+01
2.739000e-05	1.428855e-02	-1.032839e+01
2.740000e-05	1.754339e-02	-1.030582e+01
2.741000e-05	1.603941e-02	-1.027679e+01
2.742000e-05	1.446997e-02	-1.031471e+01
2.743000e-05	1.344601e-02	-1.021525e+01
2.744000e-05	1.765296e-02	-1.017213e+01
2.745000e-05	1.847124e-02	-1.017193e+01
2.746000e-05	1.887106e-02	-1.012934e+01
2.747000e-05	1.919117e-02	-1.010586e+01
2.748000e-05	2.199294e-02	-1.008371e+01
2.749000e-05	2.168988e-02	-1.003256e+01
2.750000e-05	2.040002e-02	-9.990000e+00
2.751000e-05	2.225200e-02	-9.968893e+00
2.752000e-05	2.458455e-02	-9.875888e+00
2.753000e-05	2.640202e-02	-9.843083e+00
2.754000e-05	2.571295e-02	-9.800025e+00
2.755000e-05	2.634461e-02	-9.697393e+00
2.756000e-05	2.684329e-02	-9.703808e+00
2.757000e-05	2.661586e-02	-9.622078e+00
2.758000e-05	2.830012e-02	-9.579475e+00
2.759000e-05	3.052973e-02	-9.485745e+00
2.760000e-05	3.028189e-02	-9.388997e+00
2.761000e-05	3.076223e-02	-9.274710e+00
2.762000e-05	2.975686e-02	-9.179024e+00
2.763000e-05	3.131126e-02	-9.107363e+00
2.764000e-05	3.174776e-02	-9.052608e+00
2.765000e-05	3.298361e-02	-8.947288e+00
2.766000e-05	3.367963e-02	-8.811130e+00
2.767000e-05	3.420654e-02	-8.728945e+00
2.768000e-05	3.377217e-02	-8.713214e+00
2.769000e-05	3.410245e-02	-8.498815e+00
2.770000e-05	3.413619e-02	-8.382053e+00
2.771000e-05	3.302900e-02	-8.305764e+00
2.772000e-05	3.465723e-02	-8.190026e+00
2.773000e-05	3.452384e-02	-8.074209e+00
2.774000e-05	3.415681e-02	-7.948527e+00
2.775000e-05	3.255427e-02	-7.831630e+00
2.776000e-05	3.123485e-02	-7.675210e+00
2.777000e-05	3.170002e-02	-7.518821e+00
2.778000e-05	3.168919e-02	-7.388980e+00
2.779000e-05	3.130053e-02	-7.244134e+00
2.780000e-05	2.732383e-02	-7.148997e+00
2.781000e-05	2.679524e-02	-6.936976e+00
2.782000e-05	2.508793e-02	-6.791006e+00
2.783000e-05	2.618479e-02	-6.685234e+00
2.784000e-05	2.406981e-02	-6.518788e+00
2.785000e-05	2.242265e-02	-6.422103e+00
2.786000e-05	1.993161e-02	-6.274113e+00
2.787000e-05	1.977838e-02	-6.072688e+00
2.788000e-05	1.601864e-02	-5.906292e+00
2.789000e-05	1.639365e-02	-5.779924e+00
2.790000e-05	1.351189e-02	-5.603482e+00
2.791000e-05	1.359219e-02	-5.413088e+00
2.792000e-05	1.111524e-02	-5.252103e+00
2.793000e-05	1.102413e-02	-5.074709e+00
2.794000e-05	8.300804e-03	-4.872639e+00
2.795000e-05	9.424276e-03	-4.542259e+00
2.796000e-05	5.737570e-03	-4.536788e+00
2.797000e-05	9.320871e-03	-4.378023e+00
2.798000e-05	4.440693e-03	-4.221079e+00
2.799000e-05	5.895464e-03	-4.063612e+00
2.800000e-05	2.884334e-03	-3.884763e+00
2.801000e-05	4.062065e-03	-3.634682e+00
2.802000e-05	1.740303e-03	-3.505766e+00
2.803000e-05	3.544978e-03	-3.357322e+00
2.804000e-05	3.290281e-04	-3.128351e+00
2.805000e-05	3.644093e-03	-2.897853e+00
2.806000e-05	-5.819290e-05	-2.748421e+00
2.807000e-05	1.491938e-03	-2.556979e+00
2.808000e-05	-8.600287e-04	-2.401503e+00
2.809000e-05	3.180163e-03	-2.180980e+00
2.810000e-05	1.288158e-03	-2.009529e+00
2.811000e-05	-9.194850e-04	-1.792583e+00
2.812000e-05	-2.780677e-03	-1.634684e+00
2.813000e-05	-3.354664e-03	-1.503189e+00
2.814000e-05	-1.856955e-03	-1.270586e+00
2.815000e-05	-1.773168e-03	-1.010553e+00
2.816000e-05	-1.029003e-03	-8.231115e-01
2.817000e-05	-5.652330e-04	-6.621606e-01
2.818000e-05	5.801547e-04	-4.310791e-01
2.819000e-05	-1.040827e-03	-2.451391e-01
2.820000e-05	-1.823454e-03	-8.321439e-02
2.821000e-05	1.935594e-03	5.420658e-02
2.822000e-05	-1.164396e-03	3.033106e-01
2.823000e-05	-2.392956e-03	4.651542e-01
2.824000e-05	2.999144e-04	6.320500e-01
2.825000e-05	-1.882182e-03	7.999727e-01
2.826000e-05	-1.001490e-03	9.404913e-01
2.827000e-05	1.514795e-03	1.199425e+00
2.828000e-05	9.693104e-03	1.378919e+00
2.829000e-05	4.584586e-02	1.639569e+00
2.830000e-05	4.698349e-02	1.871679e+00
2.831000e-05	-6.072143e-02	2.031605e+00
2.832000e-05	-3.507531e-02	2.211075e+00
2.833000e-05	-5.280368e-02	2.419946e+00
2.834000e-05	-5.991771e-02	2.462666e+00
2.835000e-05	1.086019e-01	2.695754e+00
2.836000e-05	3.468440e-02	2.843682e+00
2.837000e-05	-1.480127e-01	3.010500e+00
2.838000e-05	1.647281e-01	3.146440e+00
2.839000e-05	-8.047421e-02	3.381466e+00
2.840000e-05	-4.235677e-02	3.589970e+00
2.841000e-05	9.637517e-02	3.746233e+00
2.842000e-05	-9.023326e-02	3.878312e+00
2.843000e-05	-1.585159e-02	4.064679e+00
2.844000e-05	8.606796e-02	4.315834e+00
2.845000e-05	-4.830028e-02	4.464558e+00
2.846000e-05	8.945018e-03	4.623648e+00
2.847000e-05	-5.527510e-02	4.821028e+00
2.848000e-05	-1.543394e-02	5.022699e+00
2.849000e-05	5.940182e-02	5.243125e+00
2.850000e-05	-9.690751e-03	5.413550e+00
2.851000e-05	-1.061207e-02	5.629994e+00
2.852000e-05	-3.463350e-02	5.719291e+00
2.853000e-05	2.080035e-02	5.927890e+00
2.854000e-05	-1.668912e-02	6.075259e+00
2.855000e-05	-2.142063e-02	6.211499e+00
2.856000e-05	2.675481e-02	6.328920e+00
2.857000e-05	-3.528752e-02	6.546210e+00
2.858000e-05	1.488564e-02	6.696209e+00
2.859000e-05	-1.593088e-02	6.842705e+00
2.860000e-05	-2.234028e-02	7.001467e+00
2.861000e-05	4.545030e-04	7.106257e+00
2.862000e-05	-7.824703e-03	7.223053e+00
2.863000e-05	9.001171e-03	7.389895e+00
2.864000e-05	-1.616850e-02	7.549866e+00
2.865000e-05	-1.537567e-02	7.696861e+00
2.866000e-05	-1.130005e-02	7.853205e+00
2.867000e-05	-3.066521e-03	8.033480e+00
2.868000e-05	-3.085387e-03	8.107287e+00
2.869000e-05	-1.674171e-02	8.283633e+00
2.870000e-05	-1.582746e-03	8.369491e+00
2.871000e-05	4.823600e-04	8.463156e+00
2.872000e-05	-1.736589e-02	8.527891e+00
2.873000e-05	-1.897494e-02	8.624151e+00
2.874000e-05	-1.439180e-02	8.728891e+00
2.875000e-05	5.130180e-03	8.822051e+00
2.876000e-05	-7.486684e-03	8.935762e+00
2.877000e-05	-1.438804e-02	9.023126e+00
2.878000e-05	-1.383006e-02	9.138917e+00
2.879000e-05	-1.124907e-02	9.213058e+00
2.880000e-05	-7.420440e-03	9.297386e+00
2.881000e-05	-1.393138e-02	9.370525e+00
2.882000e-05	-9.289138e-03	9.443133e+00
2.883000e-05	-1.316313e-02	9.538367e+00
2.884000e-05	-9.727015e-03	9.569505e+00
2.885000e-05	-1.262731e-02	9.694104e+00
2.886000e-05	-1.640179e-02	9.739941e+00
2.887000e-05	-1.447809e-02	9.785055e+00
2.888000e-05	-7.520845e-03	9.886313e+00
2.889000e-05	-3.655582e-03	9.980440e+00
2.890000e-05	-1.696066e-02	1.005095e+01
2.891000e-05	-1.963494e-02	1.002216e+01
2.892000e-05	-1.636002e-02	1.008481e+01
2.893000e-05	-7.958584e-03	1.016774e+01
2.894000e-05	-1.293795e-02	1.014089e+01
2.895000e-05	-1.680621e-02	1.015100e+01
2.896000e-05	-1.527799e-02	1.020208e+01
2.897000e-05	-1.435092e-02	1.024353e+01
2.898000e-05	-1.343763e-02	1.028476e+01
2.899000e-05	-1.759436e-02	1.027521e+01
2.900000e-05	-1.772552e-02	1.032577e+01
2.901000e-05	-1.602320e-02	1.030731e+01
2.902000e-05	-1.362330e-02	1.031634e+01
2.903000e-05	-1.843459e-02	1.032529e+01
2.904000e-05	-2.257521e-02	1.034037e+01
2.905000e-05	-2.013681e-02	1.032739e+01
2.906000e-05	-1.793666e-02	1.030834e+01
2.907000e-05	-1.732418e-02	1.029528e+01
2.908000e-05	-2.163258e-02	1.027468e+01
2.909000e-05	-2.281998e-02	1.024618e+01
2.910000e-05	-2.279285e-02	1.027470e+01
2.911000e-05	-2.326724e-02	1.021205e+01
2.912000e-05	-2.458842e-02	1.022052e+01
2.913000e-05	-2.590944e-02	1.015844e+01
2.914000e-05	-2.568497e-02	1.009884e+01
2.915000e-05	-2.609923e-02	1.007473e+01
2.916000e-05	-2.726157e-02	1.001361e+01
2.917000e-05	-2.971850e-02	1.001000e+01
2.918000e-05	-3.041408e-02	9.959969e+00
2.919000e-05	-3.155529e-02	9.887817e+00
2.920000e-05	-2.961779e-02	9.814730e+00
2.921000e-05	-3.181038e-02	9.728867e+00
2.922000e-05	-3.333127e-02	9.655232e+00
2.923000e-05	-3.538282e-02	9.601624e+00
2.924000e-05	-3.596855e-02	9.508892e+00
2.925000e-05	-3.519726e-02	9.474657e+00
2.926000e-05	-3.607842e-02	9.429572e+00
2.927000e-05	-3.473095e-02	9.296812e+00
2.928000e-05	-3.809321e-02	9.263630e+00
2.929000e-05	-3.826087e-02	9.211447e+00
2.930000e-05	-4.023900e-02	9.086210e+00
2.931000e-05	-3.880619e-02	8.978500e+00
2.932000e-05	-3.902853e-02	8.821660e+00
2.933000e-05	-3.919091e-02	8.737896e+00
2.934000e-05	-4.108307e-02	8.643308e+00
2.935000e-05	-4.060455e-02	8.538924e+00
2.936000e-05	-4.018732e-02	8.444158e+00
2.937000e-05	-4.135717e-02	8.377924e+00
2.938000e-05	-4.083349e-02	8.204213e+00
2.939000e-05	-4.114123e-02	8.077239e+00
2.940000e-05	-3.947030e-02	7.970526e+00
2.941000e-05	-4.098885e-02	7.853659e+00
2.942000e-05	-3.973275e-02	7.755921e+00
2.943000e-05	-3.980007e-02	7.631559e+00
2.944000e-05	-3.856448e-02	7.453713e+00
2.945000e-05	-3.692182e-02	7.312684e+00
2.946000e-05	-3.560478e-02	7.157920e+00
2.947000e-05	-3.437680e-02	7.031985e+00
2.948000e-05	-3.352089e-02	6.853716e+00
2.949000e-05	-3.345881e-02	6.738449e+00
2.950000e-05	-2.998009e-02	6.569977e+00
2.951000e-05	-2.869079e-02	6.432554e+00
2.952000e-05	-2.808965e-02	6.264263e+00
2.953000e-05	-2.700287e-02	6.129368e+00
2.954000e-05	-2.453416e-02	6.001531e+00
2.955000e-05	-2.357330e-02	5.894284e+00
2.956000e-05	-2.221596e-02	5.623164e+00
2.957000e-05	-2.111588e-02	5.485743e+00
2.958000e-05	-1.885375e-02	5.346921e+00
2.959000e-05	-1.786427e-02	5.168423e+00
2.960000e-05	-1.687197e-02	4.915764e+00
2.961000e-05	-1.687503e-02	4.746345e+00
2.962000e-05	-1.577491e-02	4.587454e+00
2.963000e-05	-1.487213e-02	4.402079e+00
2.964000e-05	-1.305284e-02	4.243639e+00
2.965000e-05	-1.202503e-02	3.990660e+00
2.966000e-05	-1.220196e-02	3.894741e+00
2.967000e-05	-1.176867e-02	3.725369e+00
2.968000e-05	-1.105520e-02	3.548475e+00
2.969000e-05	-1.036419e-02	3.276847e+00
2.970000e-05	-1.059002e-02	3.167372e+00
2.971000e-05	-9.847885e-03	2.980475e+00
2.972000e-05	-8.492008e-03	2.813106e+00
2.973000e-05	-9.083711e-03	2.662092e+00
2.974000e-05	-8.883266e-03	2.379002e+00
2.975000e-05	-8.948688e-03	2.232584e+00
2.976000e-05	-6.996448e-03	2.032664e+00
2.977000e-05	-6.648321e-03	1.896267e+00
2.978000e-05	-7.132402e-03	1.662745e+00
2.979000e-05	-6.625989e-03	1.504691e+00
2.980000e-05	-7.009476e-03	1.314267e+00
2.981000e-05	-6.726525e-03	1.064721e+00
2.982000e-05	-5.810992e-03	8.615867e-01
2.983000e-05	-5.789147e-03	6.342118e-01
2.984000e-05	-5.442608e-03	4.827133e-01
2.985000e-05	-4.407263e-03	3.353958e-01
2.986000e-05	-5.274082e-03	6.376710e-02
2.987000e-05	9.319493e-04	-1.157553e-01
2.988000e-05	8.535555e-04	-2.436739e-01
2.989000e-05	-2.585506e-03	-4.104486e-01
2.990000e-05	8.239584e-04	-6.113660e-01
2.991000e-05	-3.539950e-03	-7.884699e-01
2.992000e-05	-4.880503e-04	-9.679145e-01
2.993000e-05	-1.430610e-03	-1.085233e+00
2.994000e-05	1.626456e-02	-1.274230e+00
2.995000e-05	7.525175e-02	-1.514786e+00
2.996000e-05	8.921634e-04	-1.705834e+00
2.997000e-05	-6.082073e-02	-1.978917e+00
2.998000e-05	-2.853199e-02	-2.229145e+00
2.999000e-05	-9.386068e-02	-2.421551e+00
3.000000e-05	8.103504e-02	-2.464080e+00
3.001000e-05	1.067376e-01	-2.579442e+00
3.002000e-05	-1.772772e-01	-2.813096e+00
3.003000e-05	1.463061e-01	-3.013053e+00
3.004000e-05	-1.417071e-02	-3.200446e+00
3.005000e-05	-1.386041e-01	-3.390467e+00
3.006000e-05	1.677954e-01	-3.526887e+00
3.007000e-05	-5.691359e-02	-3.745277e+00
3.008000e-05	-9.459893e-02	-3.968864e+00
3.009000e-05	1.730102e-01	-4.093153e+00
3.010000e-05	-9.228031e-02	-4.274679e+00
3.011000e-05	5.584358e-02	-4.461524e+00
3.012000e-05	-5.565785e-02	-4.580885e+00
3.013000e-05	-9.859483e-02	-4.800497e+00
3.014000e-05	1.736984e-01	-4.917793e+00
3.015000e-05	-5.626014e-02	-5.117334e+00
3.016000e-05	1.199679e-04	-5.347389e+00
3.017000e-05	6.982442e-03	-5.506805e+00
3.018000e-05	-4.075282e-02	-5.676735e+00
3.019000e-05	8.928906e-02	-5.842600e+00
3.020000e-05	-9.493165e-02	-5.999467e+00
3.021000e-05	7.427202e-02	-6.139937e+00
3.022000e-05	-1.002976e-02	-6.299359e+00
3.023000e-05	-3.219570e-02	-6.503659e+00
3.024000e-05	8.600705e-02	-6.611547e+00
3.025000e-05	-7.921144e-02	-6.768944e+00
3.026000e-05	5.298706e-02	-6.904712e+00
3.027000e-05	-3.987668e-02	-7.054304e+00
3.028000e-05	3.291878e-02	-7.243099e+00
3.029000e-05	5.104157e-02	-7.329415e+00
3.030000e-05	-6.219179e-02	-7.496285e+00
3.031000e-05	3.821329e-02	-7.650678e+00
3.032000e-05	-3.351053e-02	-7.783469e+00
3.033000e-05	4.892347e-02	-7.929886e+00
3.034000e-05	-1.396276e-02	-8.075229e+00
3.035000e-05	7.088456e-03	-8.180967e+00
3.036000e-05	3.445699e-02	-8.316662e+00
3.037000e-05	-2.833639e-02	-8.420470e+00
3.038000e-05	1.899163e-02	-8.524632e+00
3.039000e-05	-1.885492e-02	-8.615144e+00
3.040000e-05	4.120469e-02	-8.749920e+00
3.041000e-05	-5.305653e-03	-8.863130e+00
3.042000e-05	8.255629e-04	-8.930867e+00
3.043000e-05	1.180408e-02	-9.014672e+00
3.044000e-05	1.969748e-03	-9.137837e+00
3.045000e-05	1.332869e-02	-9.189972e+00
3.046000e-05	-7.697302e-03	-9.275229e+00
3.047000e-05	2.189554e-02	-9.330388e+00
3.048000e-05	4.145189e-03	-9.485600e+00
3.049000e-05	1.099426e-02	-9.540443e+00
3.050000e-05	3.474580e-03	-9.613152e+00
3.051000e-05	1.848634e-03	-9.695735e+00
3.052000e-05	3.933892e-03	-9.748345e+00
3.053000e-05	1.157046e-02	-9.792073e+00
3.054000e-05	2.319082e-02	-9.850230e+00
3.055000e-05	4.957672e-03	-9.898311e+00
3.056000e-05	1.072307e-03	-9.948442e+00
3.057000e-05	2.326790e-03	-9.969475e+00
3.058000e-05	1.650353e-02	-1.005168e+01
3.059000e-05	1.301046e-02	-1.005220e+01
3.060000e-05	6.113656e-03	-1.011781e+01
3.061000e-05	6.908664e-03	-1.015044e+01
3.062000e-05	1.115793e-02	-1.020002e+01
3.063000e-05	1.325397e-02	-1.018262e+01
3.064000e-05	8.997747e-03	-1.021413e+01
3.065000e-05	6.931985e-03	-1.025616e+01
3.066000e-05	1.129827e-02	-1.028874e+01
3.067000e-05	1.745880e-02	-1.025834e+01
3.068000e-05	1.296854e-02	-1.032936e+01
3.069000e-05	9.096444e-03	-1.033780e+01
3.070000e-05	8.804595e-03	-1.032894e+01
3.071000e-05	1.372826e-02	-1.031834e+01
3.072000e-05	1.708141e-02	-1.034646e+01
3.073000e-05	1.722371e-02	-1.032589e+01
3.074000e-05	1.581826e-02	-1.027621e+01
3.075000e-05	1.315625e-02	-1.030479e+01
3.076000e-05	1.615197e-02	-1.023671e+01
3.077000e-05	1.863751e-02	-1.019161e+01
3.078000e-05	1.941125e-02	-1.015040e+01
3.079000e-05	1.795095e-02	-1.013084e+01
3.080000e-05	2.101097e-02	-1.008378e+01
3.081000e-05	2.226889e-02	-1.007313e+01
3.082000e-05	2.011914e-02	-1.003305e+01
3.083000e-05	1.992194e-02	-9.938921e+00
3.084000e-05	2.376675e-02	-9.926246e+00
3.085000e-05	2.649039e-02	-9.844684e+00
3.086000e-05	2.545147e-02	-9.832027e+00
3.087000e-05	2.589329e-02	-9.780495e+00
3.088000e-05	2.653051e-02	-9.716888e+00
3.089000e-05	2.696654e-02	-9.662703e+00
3.090000e-05	2.695579e-02	-9.612001e+00
3.091000e-05	2.862138e-02	-9.526894e+00
3.092000e-05	3.122196e-02	-9.455657e+00
3.093000e-05	3.072063e-02	-9.308393e+00
3.094000e-05	3.087185e-02	-9.234128e+00
3.095000e-05	2.987382e-02	-9.149922e+00
3.096000e-05	3.139779e-02	-9.093660e+00
3.097000e-05	3.329323e-02	-8.960995e+00
3.098000e-05	3.390986e-02	-8.876214e+00
3.099000e-05	3.334575e-02	-8.790501e+00
3.100000e-05	3.309966e-02	-8.715817e+00
3.101000e-05	3.345829e-02	-8.549423e+00
3.102000e-05	3.312714e-02	-8.425183e+00
3.103000e-05	3.497054e-02	-8.338869e+00
3.104000e-05	3.491831e-02	-8.263205e+00
3.105000e-05	3.444489e-02	-8.157344e+00
3.106000e-05	3.353832e-02	-8.051630e+00
3.107000e-05	3.371683e-02	-7.906394e+00
3.108000e-05	3.226918e-02	-7.676839e+00
3.109000e-05	3.142692e-02	-7.572500e+00
3.110000e-05	3.114957e-02	-7.471160e+00
3.111000e-05	3.164899e-02	-7.316220e+00
3.112000e-05	3.015226e-02	-7.148503e+00
3.113000e-05	2.724133e-02	-7.025738e+00
3.114000e-05	2.609957e-02	-6.864235e+00
3.115000e-05	2.502329e-02	-6.756394e+00
3.116000e-05	2.481823e-02	-6.580478e+00
3.117000e-05	2.176212e-02	-6.453735e+00
3.118000e-05	2.108772e-02	-6.338843e+00
3.119000e-05	1.942870e-02	-6.108377e+00
3.120000e-05	1.827219e-02	-5.978572e+00
3.121000e-05	1.639410e-02	-5.842561e+00
3.122000e-05	1.542969e-02	-5.665242e+00
3.123000e-05	1.348821e-02	-5.527347e+00
3.124000e-05	1.224692e-02	-5.336795e+00
3.125000e-05	1.189240e-02	-5.138442e+00
3.126000e-05	1.026103e-02	-4.926845e+00
3.127000e-05	8.668457e-03	-4.716402e+00
3.128000e-05	6.486189e-03	-4.597900e+00
3.129000e-05	7.612574e-03	-4.422558e+00
3.130000e-05	6.228216e-03	-4.294713e+00
3.131000e-05	6.009806e-03	-4.136268e+00
3.132000e-05	4.363679e-03	-3.958499e+00
3.133000e-05	3.222140e-03	-3.739771e+00
3.134000e-05	3.041822e-03	-3.589077e+00
3.135000e-05	3.384262e-03	-3.379501e+00
3.136000e-05	3.014583e-03	-3.223105e+00
3.137000e-05	2.150926e-03	-3.094788e+00
3.138000e-05	1.051405e-03	-2.820630e+00
3.139000e-05	8.507910e-04	-2.663186e+00
3.140000e-05	-1.335380e-03	-2.494262e+00
3.141000e-05	-2.842560e-05	-2.334346e+00
3.142000e-05	2.445843e-04	-2.044314e+00
3.143000e-05	8.559917e-04	-1.925794e+00
3.144000e-05	-9.935665e-04	-1.728423e+00
3.145000e-05	7.100546e-04	-1.569401e+00
3.146000e-05	-1.618499e-03	-1.276796e+00
3.147000e-05	-1.663997e-03	-1.085792e+00
3.148000e-05	-3.204696e-03	-9.263208e-01
3.149000e-05	-1.517281e-03	-7.569986e-01
3.150000e-05	-1.955334e-03	-5.238407e-01
3.151000e-05	-2.376329e-03	-3.163998e-01
3.152000e-05	-1.581281e-03	-1.684499e-01
3.153000e-05	1.929086e-03	4.987500e-04
3.154000e-05	3.838237e-03	1.593938e-01
3.155000e-05	-2.541092e-03	4.204999e-01
3.156000e-05	2.790228e-03	5.583672e-01
3.157000e-05	-2.784704e-03	7.478369e-01
3.158000e-05	-1.943307e-03	8.746090e-01
3.159000e-05	-3.526724e-03	1.096263e+00
3.160000e-05	5.656660e-03	1.304257e+00
3.161000e-05	2.320474e-02	1.464657e+00
3.162000e-05	6.782878e-02	1.730446e+00
3.163000e-05	-2.082508e-02	1.968847e+00
3.164000e-05	-4.887812e-02	2.178238e+00
3.165000e-05	-3.929624e-02	2.326218e+00
3.166000e-05	-6.529736e-02	2.442101e+00
3.167000e-05	8.622163e-03	2.621029e+00
3.168000e-05	1.526411e-01	2.761517e+00
3.169000e-05	-1.523966e-01	2.948893e+00
3.170000e-05	5.346178e-02	3.094658e+00
3.171000e-05	6.105710e-02	3.285709e+00
3.172000e-05	-1.103763e-01	3.476865e+00
3.173000e-05	6.916438e-02	3.621527e+00
3.174000e-05	7.475733e-03	3.843128e+00
3.175000e-05	-1.142376e-01	3.971476e+00
3.176000e-05	1.064126e-01	4.220094e+00
3.177000e-05	-1.228754e-02	4.412051e+00
3.178000e-05	-1.963582e-02	4.559365e+00
3.179000e-05	-1.856686e-02	4.736315e+00
3.180000e-05	-6.308478e-02	4.927313e+00
3.181000e-05	5.789634e-02	5.158421e+00
3.182000e-05	1.285421e-02	5.357342e+00
3.183000e-05	-6.230025e-03	5.517337e+00
3.184000e-05	-3.515214e-02	5.681553e+00
3.185000e-05	1.445611e-03	5.845648e+00
3.186000e-05	7.335565e-03	5.992026e+00
3.187000e-05	-3.013302e-02	6.178912e+00
3.188000e-05	1.574637e-02	6.317236e+00
3.189000e-05	-9.386105e-03	6.463098e+00
3.190000e-05	-1.875748e-02	6.581094e+00
3.191000e-05	1.720420e-02	6.770464e+00
3.192000e-05	-3.330577e-02	6.926366e+00
3.193000e-05	-4.053992e-03	7.055675e+00
3.194000e-05	-5.078755e-03	7.200546e+00
3.195000e-05	-7.536921e-05	7.319340e+00
3.196000e-05	3.899075e-03	7.476230e+00
3.197000e-05	-2.723023e-02	7.654129e+00
3.198000e-05	-5.113798e-03	7.800466e+00
3.199000e-05	-1.554137e-02	7.955409e+00
3.200000e-05	6.356932e-03	8.094181e+00
3.201000e-05	-1.477414e-02	8.209494e+00
3.202000e-05	-9.704699e-03	8.327266e+00
3.203000e-05	2.904954e-03	8.401522e+00
3.204000e-05	-1.478532e-02	8.515786e+00
3.205000e-05	-1.514840e-02	8.570448e+00
3.206000e-05	-2.079689e-02	8.696133e+00
3.207000e-05	2.630448e-03	8.779474e+00
3.208000e-05	-4.335427e-03	8.872083e+00
3.209000e-05	-1.155833e-02	8.991021e+00
3.210000e-05	-1.605164e-02	9.088364e+00
3.211000e-05	-1.104713e-02	9.200976e+00
3.212000e-05	-7.505416e-03	9.275657e+00
3.213000e-05	-1.200177e-02	9.347844e+00
3.214000e-05	-9.403497e-03	9.421553e+00
3.215000e-05	-1.305645e-02	9.486290e+00
3.216000e-05	-9.940414e-03	9.520396e+00
3.217000e-05	-1.356505e-02	9.632551e+00
3.218000e-05	-1.398120e-02	9.715688e+00
3.219000e-05	-1.777404e-02	9.780971e+00
3.220000e-05	-9.052186e-03	9.844683e+00
3.221000e-05	-4.083100e-03	9.917389e+00
3.222000e-05	-1.103978e-02	9.980997e+00
3.223000e-05	-1.924243e-02	1.006365e+01
3.224000e-05	-1.894772e-02	1.006223e+01
3.225000e-05	-9.484912e-03	1.010579e+01
3.226000e-05	-1.097315e-02	1.010939e+01
3.227000e-05	-1.594197e-02	1.019145e+01
3.228000e-05	-1.740092e-02	1.019200e+01
3.229000e-05	-1.474636e-02	1.022413e+01
3.230000e-05	-1.437588e-02	1.026571e+01
3.231000e-05	-1.516656e-02	1.028561e+01
3.232000e-05	-1.843870e-02	1.028534e+01
3.233000e-05	-1.787926e-02	1.027669e+01
3.234000e-05	-1.280083e-02	1.031781e+01
3.235000e-05	-1.704254e-02	1.029676e+01
3.236000e-05	-2.061776e-02	1.027587e+01
3.237000e-05	-2.381774e-02	1.029781e+01
3.238000e-05	-1.855361e-02	1.031637e+01
3.239000e-05	-1.759993e-02	1.028574e+01
3.240000e-05	-1.941384e-02	1.031724e+01
3.241000e-05	-2.208520e-02	1.027426e+01
3.242000e-05	-2.393292e-02	1.021423e+01
3.243000e-05	-2.311130e-02	1.020263e+01
3.244000e-05	-2.365845e-02	1.020303e+01
3.245000e-05	-2.472410e-02	1.014897e+01
3.246000e-05	-2.677168e-02	1.013839e+01
3.247000e-05	-2.592418e-02	1.009471e+01
3.248000e-05	-2.728243e-02	1.002464e+01
3.249000e-05	-2.863749e-02	1.003158e+01
3.250000e-05	-3.124759e-02	1.001003e+01
3.251000e-05	-3.000662e-02	9.949343e+00
3.252000e-05	-2.872046e-02	9.865236e+00
3.253000e-05	-3.031755e-02	9.781526e+00
3.254000e-05	-3.371712e-02	9.726792e+00
3.255000e-05	-3.523956e-02	9.613631e+00
3.256000e-05	-3.442326e-02	9.549996e+00
3.257000e-05	-3.533277e-02	9.485286e+00
3.258000e-05	-3.529453e-02	9.433560e+00
3.259000e-05	-3.562510e-02	9.370420e+00
3.260000e-05	-3.641400e-02	9.275737e+00
3.261000e-05	-3.683291e-02	9.213058e+00
3.262000e-05	-4.050920e-02	9.148943e+00
3.263000e-05	-3.920241e-02	8.994006e+00
3.264000e-05	-3.979102e-02	8.896138e+00
3.265000e-05	-3.777735e-02	8.769524e+00
3.266000e-05	-4.103980e-02	8.705217e+00
3.267000e-05	-4.050996e-02	8.560580e+00
3.268000e-05	-4.179421e-02	8.516242e+00
3.269000e-05	-4.019512e-02	8.401032e+00
3.270000e-05	-4.083620e-02	8.306691e+00
3.271000e-05	-4.020282e-02	8.150081e+00
3.272000e-05	-4.004742e-02	8.062133e+00
3.273000e-05	-3.909391e-02	7.917242e+00
3.274000e-05	-3.991921e-02	7.809951e+00
3.275000e-05	-3.958137e-02	7.664637e+00
3.276000e-05	-3.930189e-02	7.528391e+00
3.277000e-05	-3.799126e-02	7.369895e+00
3.278000e-05	-3.610027e-02	7.230526e+00
3.279000e-05	-3.493085e-02	7.083688e+00
3.280000e-05	-3.408006e-02	6.957845e+00
3.281000e-05	-3.338213e-02	6.811081e+00
3.282000e-05	-3.127358e-02	6.705691e+00
3.283000e-05	-2.955906e-02	6.494217e+00
3.284000e-05	-2.870487e-02	6.366297e+00
3.285000e-05	-2.713747e-02	6.210054e+00
3.286000e-05	-2.519825e-02	6.053109e+00
3.287000e-05	-2.371227e-02	5.907445e+00
3.288000e-05	-2.349864e-02	5.737328e+00
3.289000e-05	-2.123626e-02	5.578497e+00
3.290000e-05	-1.957466e-02	5.379533e+00
3.291000e-05	-1.915291e-02	5.210583e+00
3.292000e-05	-1.819842e-02	4.981010e+00
3.293000e-05	-1.682324e-02	4.799578e+00
3.294000e-05	-1.588041e-02	4.653659e+00
3.295000e-05	-1.562922e-02	4.494264e+00
3.296000e-05	-1.397478e-02	4.328447e+00
3.297000e-05	-1.262494e-02	4.127897e+00
3.298000e-05	-1.090415e-02	3.938397e+00
3.299000e-05	-1.199888e-02	3.758952e+00
3.300000e-05	-1.186232e-02	3.602082e+00
3.301000e-05	-1.126382e-02	3.493159e+00
3.302000e-05	-1.012874e-02	3.189535e+00
3.303000e-05	-9.162379e-03	3.044664e+00
3.304000e-05	-9.859586e-03	2.894291e+00
3.305000e-05	-9.527332e-03	2.747750e+00
3.306000e-05	-8.540401e-03	2.475802e+00
3.307000e-05	-8.005072e-03	2.294697e+00
3.308000e-05	-7.797598e-03	2.135873e+00
3.309000e-05	-8.064620e-03	1.988454e+00
3.310000e-05	-7.001540e-03	1.778006e+00
3.311000e-05	-6.722567e-03	1.590425e+00
3.312000e-05	-6.402971e-03	1.358503e+00
3.313000e-05	-7.332888e-03	1.178026e+00
3.314000e-05	-6.369591e-03	9.378461e-01
3.315000e-05	-5.818987e-03	7.574461e-01
3.316000e-05	-5.725144e-03	5.689485e-01
3.317000e-05	-5.464352e-03	4.120051e-01
3.318000e-05	-4.360853e-03	2.320289e-01
3.319000e-05	-2.607217e-03	-2.892227e-02
3.320000e-05	3.269861e-03	-1.683910e-01
3.321000e-05	-2.942488e-03	-3.377857e-01
3.322000e-05	3.403778e-04	-4.832829e-01
3.323000e-05	-2.813979e-03	-7.251843e-01
3.324000e-05	-1.132697e-03	-8.947330e-01
3.325000e-05	-3.126270e-03	-1.021602e+00
3.326000e-05	7.501640e-03	-1.210920e+00
3.327000e-05	4.091906e-02	-1.362096e+00
3.328000e-05	7.352899e-02	-1.620995e+00
3.329000e-05	-7.646429e-02	-1.854278e+00
3.330000e-05	-1.324694e-02	-2.116708e+00
3.331000e-05	-8.161924e-02	-2.359315e+00
3.332000e-05	-3.325464e-02	-2.482605e+00
3.333000e-05	1.704394e-01	-2.487840e+00
3.334000e-05	-9.001440e-02	-2.726762e+00
3.335000e-05	-2.541273e-02	-2.987413e+00
3.336000e-05	1.640983e-01	-3.128282e+00
3.337000e-05	-1.780783e-01	-3.286183e+00
3.338000e-05	6.385999e-02	-3.485680e+00
3.339000e-05	9.615154e-02	-3.610975e+00
3.340000e-05	-1.788793e-01	-3.844200e+00
3.341000e-05	1.217553e-01	-4.011949e+00
3.342000e-05	4.391893e-02	-4.139970e+00
3.343000e-05	-6.236300e-02	-4.379471e+00
3.344000e-05	6.587153e-02	-4.514678e+00
3.345000e-05	-1.651325e-01	-4.707333e+00
3.346000e-05	1.111770e-01	-4.885713e+00
3.347000e-05	7.963220e-02	-5.022050e+00
3.348000e-05	-9.209945e-02	-5.224050e+00
3.349000e-05	7.114698e-02	-5.400570e+00
3.350000e-05	-7.752523e-02	-5.620575e+00
3.351000e-05	7.312259e-02	-5.770947e+00
3.352000e-05	-2.549591e-02	-5.916313e+00
3.353000e-05	-2.757174e-02	-6.074156e+00
3.354000e-05	8.704512e-02	-6.273599e+00
3.355000e-05	-9.282127e-02	-6.443074e+00
3.356000e-05	8.581344e-02	-6.578442e+00
3.357000e-05	-2.615679e-02	-6.706356e+00
3.358000e-05	-1.480318e-02	-6.883604e+00
3.359000e-05	2.985417e-02	-6.960515e+00
3.360000e-05	-4.658149e-02	-7.130945e+00
3.361000e-05	9.917549e-02	-7.296237e+00
3.362000e-05	-5.413302e-02	-7.433601e+00
3.363000e-05	9.871591e-03	-7.549944e+00
3.364000e-05	-4.466631e-03	-7.708359e+00
3.365000e-05	6.302832e-03	-7.876757e+00
3.366000e-05	3.324796e-02	-7.992149e+00
3.367000e-05	-3.256063e-02	-8.140283e+00
3.368000e-05	5.073737e-02	-8.244204e+00
3.369000e-05	-1.579199e-02	-8.308942e+00
3.370000e-05	4.712408e-03	-8.423129e+00
3.371000e-05	-5.468636e-03	-8.578916e+00
3.372000e-05	1.054491e-02	-8.697333e+00
3.373000e-05	2.968849e-02	-8.841525e+00
3.374000e-05	-1.817750e-02	-8.897334e+00
3.375000e-05	1.969146e-02	-9.023017e+00
3.376000e-05	-3.247874e-03	-9.116234e+00
3.377000e-05	1.657663e-02	-9.138918e+00
3.378000e-05	-1.550044e-03	-9.239503e+00
3.379000e-05	8.631313e-03	-9.327832e+00
3.380000e-05	1.463350e-02	-9.393589e+00
3.381000e-05	2.232758e-03	-9.508892e+00
3.382000e-05	1.322227e-02	-9.630995e+00
3.383000e-05	-1.037193e-04	-9.665280e+00
3.384000e-05	5.131763e-03	-9.735762e+00
3.385000e-05	4.117982e-03	-9.789948e+00
3.386000e-05	2.124804e-02	-9.843049e+00
3.387000e-05	1.420670e-02	-9.877736e+00
3.388000e-05	6.105955e-04	-9.907888e+00
3.389000e-05	1.264985e-03	-9.958917e+00
3.390000e-05	1.094507e-02	-1.004162e+01
3.391000e-05	1.787367e-02	-1.006415e+01
3.392000e-05	7.251314e-03	-1.011324e+01
3.393000e-05	4.975834e-03	-1.015842e+01
3.394000e-05	8.681993e-03	-1.017104e+01
3.395000e-05	1.305357e-02	-1.020247e+01
3.396000e-05	1.251075e-02	-1.021461e+01
3.397000e-05	7.667300e-03	-1.028478e+01
3.398000e-05	7.900111e-03	-1.026776e+01
3.399000e-05	1.463223e-02	-1.027831e+01
3.400000e-05	1.598986e-02	-1.032884e+01
3.401000e-05	1.150008e-02	-1.031779e+01
3.402000e-05	6.813279e-03	-1.032887e+01
3.403000e-05	1.150892e-02	-1.031742e+01
3.404000e-05	1.555138e-02	-1.029842e+01
3.405000e-05	1.759642e-02	-1.029526e+01
3.406000e-05	1.700149e-02	-1.027886e+01
3.407000e-05	1.329450e-02	-1.022628e+01
3.408000e-05	1.513929e-02	-1.024618e+01
3.409000e-05	1.654609e-02	-1.016312e+01
3.410000e-05	1.990539e-02	-1.015302e+01
3.411000e-05	1.854926e-02	-1.011145e+01
3.412000e-05	1.977850e-02	-1.009579e+01
3.413000e-05	2.144443e-02	-1.009626e+01
3.414000e-05	2.166338e-02	-1.004156e+01
3.415000e-05	2.139912e-02	-9.968995e+00
3.416000e-05	2.233984e-02	-9.928367e+00
3.417000e-05	2.466632e-02	-9.916235e+00
3.418000e-05	2.558479e-02	-9.843105e+00
3.419000e-05	2.554195e-02	-9.800475e+00
3.420000e-05	2.628399e-02	-9.747916e+00
3.421000e-05	2.624643e-02	-9.716682e+00
3.422000e-05	2.675434e-02	-9.601560e+00
3.423000e-05	2.782491e-02	-9.589394e+00
3.424000e-05	2.988376e-02	-9.457263e+00
3.425000e-05	3.084150e-02	-9.383054e+00
3.426000e-05	3.051641e-02	-9.295688e+00
3.427000e-05	2.971496e-02	-9.181575e+00
3.428000e-05	3.033526e-02	-9.107342e+00
3.429000e-05	3.186947e-02	-9.003054e+00
3.430000e-05	3.327892e-02	-8.927289e+00
3.431000e-05	3.409243e-02	-8.852053e+00
3.432000e-05	3.363378e-02	-8.769473e+00
3.433000e-05	3.403795e-02	-8.664653e+00
3.434000e-05	3.332742e-02	-8.505790e+00
3.435000e-05	3.404206e-02	-8.359998e+00
3.436000e-05	3.421944e-02	-8.294261e+00
3.437000e-05	3.459295e-02	-8.149940e+00
3.438000e-05	3.402272e-02	-8.075687e+00
3.439000e-05	3.428353e-02	-7.948399e+00
3.440000e-05	3.222516e-02	-7.832031e+00
3.441000e-05	3.230356e-02	-7.632258e+00
3.442000e-05	3.009384e-02	-7.526737e+00
3.443000e-05	3.167327e-02	-7.370472e+00
3.444000e-05	3.062651e-02	-7.221629e+00
3.445000e-05	2.931543e-02	-7.156892e+00
3.446000e-05	2.696221e-02	-6.947290e+00
3.447000e-05	2.519914e-02	-6.779628e+00
3.448000e-05	2.509519e-02	-6.672634e+00
3.449000e-05	2.432723e-02	-6.537318e+00
3.450000e-05	2.168785e-02	-6.390502e+00
3.451000e-05	2.012587e-02	-6.262084e+00
3.452000e-05	1.980904e-02	-6.024186e+00
3.453000e-05	1.792930e-02	-5.895245e+00
3.454000e-05	1.527449e-02	-5.798446e+00
3.455000e-05	1.292098e-02	-5.611079e+00
3.456000e-05	1.381695e-02	-5.443485e+00
3.457000e-05	1.211349e-02	-5.210104e+00
3.458000e-05	1.151643e-02	-5.032579e+00
3.459000e-05	9.248242e-03	-4.852132e+00
3.460000e-05	7.902403e-03	-4.651701e+00
3.461000e-05	6.092755e-03	-4.515766e+00
3.462000e-05	8.278928e-03	-4.339449e+00
3.463000e-05	5.209159e-03	-4.190054e+00
3.464000e-05	6.126249e-03	-4.023130e+00
3.465000e-05	2.751203e-03	-3.864138e+00
3.466000e-05	4.883685e-03	-3.621130e+00
3.467000e-05	1.804047e-03	-3.475163e+00
3.468000e-05	3.669245e-03	-3.324217e+00
3.469000e-05	1.796261e-03	-3.118896e+00
3.470000e-05	2.571639e-03	-2.854867e+00
3.471000e-05	1.672882e-03	-2.758296e+00
3.472000e-05	-2.645152e-05	-2.568946e+00
3.473000e-05	-7.522157e-04	-2.381001e+00
3.474000e-05	-1.971725e-04	-2.191433e+00
3.475000e-05	1.346668e-03	-1.958428e+00
3.476000e-05	-5.675093e-04	-1.831481e+00
3.477000e-05	7.206868e-04	-1.602054e+00
3.478000e-05	-1.700910e-03	-1.402136e+00
3.479000e-05	-6.129260e-04	-1.180104e+00
3.480000e-05	-3.435533e-03	-1.021053e+00
3.481000e-05	-1.826838e-04	-8.319326e-01
3.482000e-05	-3.364959e-03	-6.706105e-01
3.483000e-05	-1.449670e-04	-4.114288e-01
3.484000e-05	-3.076972e-03	-2.422116e-01
3.485000e-05	1.206985e-04	-7.420921e-02
3.486000e-05	3.105729e-03	1.153330e-01
3.487000e-05	-5.814605e-05	3.252871e-01
3.488000e-05	-2.874891e-04	5.057344e-01
3.489000e-05	2.463070e-04	6.511265e-01
3.490000e-05	-2.109112e-03	8.594500e-01
3.491000e-05	-2.731677e-03	9.909486e-01
3.492000e-05	8.147689e-04	1.232076e+00
3.493000e-05	1.014716e-02	1.371494e+00
3.494000e-05	5.214446e-02	1.632121e+00
3.495000e-05	3.654262e-02	1.865178e+00
3.496000e-05	-6.203715e-02	2.062679e+00
3.497000e-05	-3.182793e-02	2.272575e+00
3.498000e-05	-5.591073e-02	2.420945e+00
3.499000e-05	-5.322507e-02	2.516762e+00
3.500000e-05	1.303072e-01	2.677763e+00
3.501000e-05	-8.305107e-03	2.894259e+00
3.502000e-05	-1.202576e-01	3.062479e+00
3.503000e-05	1.656155e-01	3.228917e+00
3.504000e-05	-1.005519e-01	3.392501e+00
3.505000e-05	-1.906749e-02	3.571500e+00
3.506000e-05	8.786820e-02	3.736839e+00
3.507000e-05	-1.082977e-01	3.947416e+00
3.508000e-05	1.846693e-02	4.135635e+00
3.509000e-05	6.844346e-02	4.307364e+00
3.510000e-05	-5.004030e-02	4.484656e+00
3.511000e-05	7.795500e-03	4.654626e+00
3.512000e-05	-6.094211e-02	4.844075e+00
3.513000e-05	1.190427e-03	5.094779e+00
3.514000e-05	5.248741e-02	5.292729e+00
3.515000e-05	-9.418428e-03	5.422176e+00
3.516000e-05	-1.364522e-02	5.589570e+00
3.517000e-05	-3.189153e-02	5.759391e+00
3.518000e-05	1.985344e-02	5.977868e+00
3.519000e-05	-2.093514e-02	6.084809e+00
3.520000e-05	-1.222726e-02	6.223053e+00
3.521000e-05	2.237776e-02	6.391918e+00
3.522000e-05	-3.758130e-02	6.537891e+00
3.523000e-05	2.057140e-02	6.718332e+00
3.524000e-05	-2.151973e-02	6.863656e+00
3.525000e-05	-1.866259e-02	7.020994e+00
3.526000e-05	6.859229e-05	7.118338e+00
3.527000e-05	-7.425797e-03	7.273128e+00
3.528000e-05	1.050475e-02	7.359520e+00
3.529000e-05	-2.093070e-02	7.570996e+00
3.530000e-05	-1.177442e-02	7.717864e+00
3.531000e-05	-1.472174e-02	7.834649e+00
3.532000e-05	-1.065549e-03	8.072096e+00
3.533000e-05	-5.428935e-03	8.138439e+00
3.534000e-05	-1.436648e-02	8.275708e+00
3.535000e-05	-1.870628e-04	8.409495e+00
3.536000e-05	-3.985265e-03	8.465635e+00
3.537000e-05	-1.768871e-02	8.558266e+00
3.538000e-05	-1.957761e-02	8.632155e+00
3.539000e-05	-8.687845e-03	8.748888e+00
3.540000e-05	3.255553e-03	8.842579e+00
3.541000e-05	-9.119210e-03	8.907862e+00
3.542000e-05	-1.579492e-02	9.054229e+00
3.543000e-05	-1.373615e-02	9.149417e+00
3.544000e-05	-1.033184e-02	9.252105e+00
3.545000e-05	-7.570889e-03	9.285312e+00
3.546000e-05	-1.244186e-02	9.419524e+00
3.547000e-05	-9.782341e-03	9.475154e+00
3.548000e-05	-1.228702e-02	9.538392e+00
3.549000e-05	-1.059419e-02	9.622548e+00
3.550000e-05	-1.387878e-02	9.672229e+00
3.551000e-05	-1.893997e-02	9.731870e+00
3.552000e-05	-1.301785e-02	9.792680e+00
3.553000e-05	-6.591691e-03	9.906809e+00
3.554000e-05	-4.922397e-03	9.959896e+00
3.555000e-05	-1.835155e-02	1.001053e+01
3.556000e-05	-1.950222e-02	1.008311e+01
3.557000e-05	-1.552148e-02	1.008466e+01
3.558000e-05	-9.430457e-03	1.010737e+01
3.559000e-05	-1.428800e-02	1.013789e+01
3.560000e-05	-1.783136e-02	1.020198e+01
3.561000e-05	-1.460107e-02	1.022205e+01
3.562000e-05	-1.529506e-02	1.023513e+01
3.563000e-05	-1.384637e-02	1.025471e+01
3.564000e-05	-1.837601e-02	1.029521e+01
3.565000e-05	-1.767136e-02	1.025676e+01
3.566000e-05	-1.470133e-02	1.030729e+01
3.567000e-05	-1.296091e-02	1.029582e+01
3.568000e-05	-1.843871e-02	1.029794e+01
3.569000e-05	-2.367381e-02	1.029637e+01
3.570000e-05	-2.156326e-02	1.029534e+01
3.571000e-05	-1.827918e-02	1.027636e+01
3.572000e-05	-1.720119e-02	1.029681e+01
3.573000e-05	-2.089093e-02	1.027521e+01
3.574000e-05	-2.280804e-02	1.028474e+01
3.575000e-05	-2.359451e-02	1.027266e+01
3.576000e-05	-2.334705e-02	1.022363e+01
3.577000e-05	-2.492352e-02	1.019045e+01
3.578000e-05	-2.557412e-02	1.015894e+01
3.579000e-05	-2.546973e-02	1.009674e+01
3.580000e-05	-2.608156e-02	1.005629e+01
3.581000e-05	-2.651745e-02	1.003568e+01
3.582000e-05	-3.101446e-02	1.000058e+01
3.583000e-05	-3.063787e-02	9.948422e+00
3.584000e-05	-3.074109e-02	9.886812e+00
3.585000e-05	-2.921802e-02	9.814659e+00
3.586000e-05	-3.130472e-02	9.719319e+00
3.587000e-05	-3.339721e-02	9.693134e+00
3.588000e-05	-3.468476e-02	9.582503e+00
3.589000e-05	-3.576864e-02	9.527316e+00
3.590000e-05	-3.509330e-02	9.494182e+00
3.591000e-05	-3.620860e-02	9.390950e+00
3.592000e-05	-3.545364e-02	9.275766e+00
3.593000e-05	-3.733058e-02	9.231583e+00
3.594000e-05	-3.753472e-02	9.179973e+00
3.595000e-05	-4.038167e-02	9.045290e+00
3.596000e-05	-3.962855e-02	8.960918e+00
3.597000e-05	-3.846507e-02	8.821603e+00
3.598000e-05	-3.900786e-02	8.728370e+00
3.599000e-05	-4.092033e-02	8.651634e+00
3.600000e-05	-4.149857e-02	8.537796e+00
3.601000e-05	-4.038666e-02	8.451635e+00
3.602000e-05	-4.089906e-02	8.357998e+00
3.603000e-05	-4.054445e-02	8.214533e+00
3.604000e-05	-4.088404e-02	8.096239e+00
3.605000e-05	-3.942974e-02	7.979026e+00
3.606000e-05	-3.984714e-02	7.833084e+00
3.607000e-05	-3.963630e-02	7.697396e+00
3.608000e-05	-4.032835e-02	7.590105e+00
3.609000e-05	-3.924935e-02	7.433641e+00
3.610000e-05	-3.724720e-02	7.253683e+00
3.611000e-05	-3.366759e-02	7.127845e+00
3.612000e-05	-3.430312e-02	6.992029e+00
3.613000e-05	-3.476518e-02	6.833161e+00
3.614000e-05	-3.381425e-02	6.729368e+00
3.615000e-05	-2.970146e-02	6.517398e+00
3.616000e-05	-2.826135e-02	6.400624e+00
3.617000e-05	-2.799490e-02	6.263164e+00
3.618000e-05	-2.702773e-02	6.127292e+00
3.619000e-05	-2.532145e-02	6.000076e+00
3.620000e-05	-2.279836e-02	5.873035e+00
3.621000e-05	-2.250532e-02	5.621081e+00
3.622000e-05	-2.004053e-02	5.475687e+00
3.623000e-05	-1.964410e-02	5.326796e+00
3.624000e-05	-1.888551e-02	5.137803e+00
3.625000e-05	-1.663708e-02	4.874763e+00
3.626000e-05	-1.576899e-02	4.736271e+00
3.627000e-05	-1.537808e-02	4.547922e+00
3.628000e-05	-1.441551e-02	4.408528e+00
3.629000e-05	-1.332328e-02	4.222488e+00
3.630000e-05	-1.218850e-02	4.011629e+00
3.631000e-05	-1.229567e-02	3.863662e+00
3.632000e-05	-1.201119e-02	3.674313e+00
3.633000e-05	-1.080989e-02	3.556420e+00
3.634000e-05	-1.111551e-02	3.284830e+00
3.635000e-05	-1.037345e-02	3.147822e+00
3.636000e-05	-9.839373e-03	2.989352e+00
3.637000e-05	-8.997347e-03	2.780055e+00
3.638000e-05	-9.022026e-03	2.609533e+00
3.639000e-05	-9.265080e-03	2.371553e+00
3.640000e-05	-8.019762e-03	2.210526e+00
3.641000e-05	-8.038418e-03	2.011680e+00
3.642000e-05	-7.159331e-03	1.873164e+00
3.643000e-05	-6.936759e-03	1.664213e+00
3.644000e-05	-6.431985e-03	1.492213e+00
3.645000e-05	-7.286769e-03	1.262737e+00
3.646000e-05	-6.496602e-03	1.093213e+00
3.647000e-05	-5.709859e-03	8.210843e-01
3.648000e-05	-5.694652e-03	6.836630e-01
3.649000e-05	-5.347858e-03	4.442080e-01
3.650000e-05	-4.816080e-03	3.053468e-01
3.651000e-05	-4.495421e-03	5.171157e-02
3.652000e-05	1.492755e-03	-9.473068e-02
3.653000e-05	4.260517e-04	-2.630767e-01
3.654000e-05	-2.904717e-03	-4.215227e-01
3.655000e-05	2.248257e-04	-6.425161e-01
3.656000e-05	-3.157776e-03	-8.405213e-01
3.657000e-05	-1.058467e-03	-1.028366e+00
3.658000e-05	-4.839659e-04	-1.157361e+00
3.659000e-05	1.878649e-02	-1.285235e+00
3.660000e-05	8.217855e-02	-1.537785e+00
3.661000e-05	-2.004996e-02	-1.768365e+00
3.662000e-05	-4.899526e-02	-2.001944e+00
3.663000e-05	-3.953446e-02	-2.284683e+00
3.664000e-05	-8.990706e-02	-2.433022e+00
3.665000e-05	1.112177e-01	-2.515308e+00
3.666000e-05	6.972143e-02	-2.612071e+00
3.667000e-05	-1.727993e-01	-2.832726e+00
3.668000e-05	1.695773e-01	-3.060078e+00
3.669000e-05	-5.971042e-02	-3.199994e+00
3.670000e-05	-1.039492e-01	-3.401020e+00
3.671000e-05	1.720832e-01	-3.557915e+00
3.672000e-05	-9.628604e-02	-3.698387e+00
3.673000e-05	-4.897910e-02	-3.949919e+00
3.674000e-05	1.654876e-01	-4.064203e+00
3.675000e-05	-1.078806e-01	-4.286757e+00
3.676000e-05	7.416947e-02	-4.441003e+00
3.677000e-05	-9.041806e-02	-4.582097e+00
3.678000e-05	-5.915119e-02	-4.811996e+00
3.679000e-05	1.734872e-01	-4.969917e+00
3.680000e-05	-8.105189e-02	-5.167865e+00
3.681000e-05	2.327845e-02	-5.328815e+00
3.682000e-05	-1.731653e-02	-5.539415e+00
3.683000e-05	-1.754793e-02	-5.737840e+00
3.684000e-05	7.623150e-02	-5.864177e+00
3.685000e-05	-9.608092e-02	-6.010522e+00
3.686000e-05	8.924317e-02	-6.169389e+00
3.687000e-05	-3.663312e-02	-6.369362e+00
3.688000e-05	-5.094927e-03	-6.507208e+00
3.689000e-05	7.097590e-02	-6.633051e+00
3.690000e-05	-8.033764e-02	-6.769468e+00
3.691000e-05	5.928870e-02	-6.926837e+00
3.692000e-05	-5.166450e-02	-7.107102e+00
3.693000e-05	5.632474e-02	-7.252653e+00
3.694000e-05	2.696898e-02	-7.359470e+00
3.695000e-05	-5.332607e-02	-7.528314e+00
3.696000e-05	3.534547e-02	-7.633099e+00
3.697000e-05	-3.045705e-02	-7.774076e+00
3.698000e-05	5.372834e-02	-7.950367e+00
3.699000e-05	-2.546377e-02	-8.077234e+00
3.700000e-05	1.774545e-02	-8.220995e+00
3.701000e-05	2.572526e-02	-8.296212e+00
3.702000e-05	-2.304244e-02	-8.430472e+00
3.703000e-05	1.655642e-02	-8.523637e+00
3.704000e-05	-1.812879e-02	-8.635193e+00
3.705000e-05	4.440529e-02	-8.770494e+00
3.706000e-05	-1.072547e-02	-8.873704e+00
3.707000e-05	8.345407e-03	-8.958866e+00
3.708000e-05	8.011946e-03	-9.033550e+00
3.709000e-05	3.255073e-03	-9.108364e+00
3.710000e-05	1.143081e-02	-9.202046e+00
3.711000e-05	-5.389254e-03	-9.285152e+00
3.712000e-05	2.142315e-02	-9.341463e+00
3.713000e-05	1.008961e-03	-9.487772e+00
3.714000e-05	1.187875e-02	-9.589944e+00
3.715000e-05	3.980972e-03	-9.652127e+00
3.716000e-05	3.755201e-03	-9.696187e+00
3.717000e-05	3.606834e-03	-9.758837e+00
3.718000e-05	1.397530e-02	-9.812049e+00
3.719000e-05	2.242864e-02	-9.885130e+00
3.720000e-05	2.385053e-03	-9.927363e+00
3.721000e-05	1.046771e-03	-9.937421e+00
3.722000e-05	3.022053e-03	-1.002042e+01
3.723000e-05	1.861765e-02	-1.001105e+01
3.724000e-05	1.240086e-02	-1.012513e+01
3.725000e-05	7.036767e-03	-1.012674e+01
3.726000e-05	7.515947e-03	-1.015894e+01
3.727000e-05	1.180203e-02	-1.019217e+01
3.728000e-05	1.204499e-02	-1.020515e+01
3.729000e-05	9.303082e-03	-1.023628e+01
3.730000e-05	5.611349e-03	-1.027528e+01
3.731000e-05	1.213097e-02	-1.031677e+01
3.732000e-05	1.600664e-02	-1.029637e+01
3.733000e-05	1.489082e-02	-1.028881e+01
3.734000e-05	9.603152e-03	-1.033942e+01
3.735000e-05	9.359236e-03	-1.033736e+01
3.736000e-05	1.372634e-02	-1.031939e+01
3.737000e-05	1.645101e-02	-1.030676e+01
3.738000e-05	1.703252e-02	-1.030832e+01
3.739000e-05	1.384597e-02	-1.030576e+01
3.740000e-05	1.339103e-02	-1.025823e+01
3.741000e-05	1.600105e-02	-1.019312e+01
3.742000e-05	1.961699e-02	-1.019358e+01
3.743000e-05	2.015350e-02	-1.014149e+01
3.744000e-05	1.834831e-02	-1.013934e+01
3.745000e-05	2.177591e-02	-1.008518e+01
3.746000e-05	2.291051e-02	-1.006313e+01
3.747000e-05	2.022436e-02	-1.000105e+01
3.748000e-05	1.958618e-02	-9.939397e+00
3.749000e-05	2.291124e-02	-9.916891e+00
3.750000e-05	2.597390e-02	-9.885212e+00
3.751000e-05	2.513614e-02	-9.842078e+00
3.752000e-05	2.611214e-02	-9.747395e+00
3.753000e-05	2.709114e-02	-9.697260e+00
3.754000e-05	2.814525e-02	-9.654629e+00
3.755000e-05	2.798654e-02	-9.580525e+00
3.756000e-05	2.906004e-02	-9.536943e+00
3.757000e-05	3.015992e-02	-9.402524e+00
3.758000e-05	3.030997e-02	-9.297886e+00
3.759000e-05	2.940644e-02	-9.243655e+00
3.760000e-05	2.979260e-02	-9.138397e+00
3.761000e-05	3.154515e-02	-9.064660e+00
3.762000e-05	3.333641e-02	-8.948922e+00
3.763000e-05	3.462619e-02	-8.834654e+00
3.764000e-05	3.444966e-02	-8.790077e+00
3.765000e-05	3.333384e-02	-8.717288e+00
3.766000e-05	3.328844e-02	-8.520918e+00
3.767000e-05	3.434027e-02	-8.421136e+00
3.768000e-05	3.420332e-02	-8.337894e+00
3.769000e-05	3.393863e-02	-8.190609e+00
3.770000e-05	3.371499e-02	-8.127291e+00
3.771000e-05	3.430321e-02	-8.011000e+00
3.772000e-05	3.356350e-02	-7.905337e+00
3.773000e-05	3.359408e-02	-7.707862e+00
3.774000e-05	3.149302e-02	-7.568948e+00
3.775000e-05	3.193533e-02	-7.470530e+00
3.776000e-05	3.120383e-02	-7.285783e+00
3.777000e-05	3.015273e-02	-7.148424e+00
3.778000e-05	2.644142e-02	-7.062551e+00
3.779000e-05	2.569771e-02	-6.833632e+00
3.780000e-05	2.541941e-02	-6.717290e+00
3.781000e-05	2.483708e-02	-6.580000e+00
3.782000e-05	2.270508e-02	-6.452180e+00
3.783000e-05	2.163578e-02	-6.296295e+00
3.784000e-05	1.990641e-02	-6.128870e+00
3.785000e-05	1.740202e-02	-5.978922e+00
3.786000e-05	1.568059e-02	-5.822056e+00
3.787000e-05	1.510885e-02	-5.673155e+00
3.788000e-05	1.415233e-02	-5.488318e+00
3.789000e-05	1.120876e-02	-5.307739e+00
3.790000e-05	1.137450e-02	-5.117292e+00
3.791000e-05	9.433287e-03	-4.947800e+00
3.792000e-05	9.717657e-03	-4.695393e+00
3.793000e-05	7.429726e-03	-4.568397e+00
3.794000e-05	8.414480e-03	-4.390603e+00
3.795000e-05	6.269025e-03	-4.274158e+00
3.796000e-05	6.199214e-03	-4.116215e+00
3.797000e-05	3.605585e-03	-3.937450e+00
3.798000e-05	3.610961e-03	-3.768843e+00
3.799000e-05	2.776147e-03	-3.557849e+00
3.800000e-05	3.884999e-03	-3.350475e+00
3.801000e-05	2.917090e-03	-3.221083e+00
3.802000e-05	2.427293e-03	-3.033480e+00
3.803000e-05	9.286757e-04	-2.789605e+00
3.804000e-05	1.286872e-03	-2.652037e+00
3.805000e-05	2.785266e-04	-2.433161e+00
3.806000e-05	7.974966e-04	-2.325193e+00
3.807000e-05	1.555955e-04	-2.032187e+00
3.808000e-05	8.293452e-04	-1.935242e+00
3.809000e-05	-1.102905e-03	-1.746242e+00
3.810000e-05	-8.918407e-04	-1.516395e+00
3.811000e-05	-1.019790e-03	-1.345738e+00
3.812000e-05	-2.497943e-03	-1.096239e+00
3.813000e-05	-2.684499e-03	-9.152859e-01
3.814000e-05	-1.930112e-03	-7.773723e-01
3.815000e-05	-1.094845e-03	-4.936656e-01
3.816000e-05	-3.147991e-03	-3.272460e-01
3.817000e-05	-1.858884e-03	-1.768961e-01
3.818000e-05	1.931105e-03	2.499960e-03
3.819000e-05	3.311838e-03	1.911275e-01
3.820000e-05	-2.625569e-03	4.309488e-01
3.821000e-05	2.075553e-03	5.784685e-01
3.822000e-05	-3.002808e-03	7.288659e-01
3.823000e-05	-2.172898e-03	8.726829e-01
3.824000e-05	-3.015999e-03	1.167859e+00
3.825000e-05	6.588111e-03	1.316212e+00
3.826000e-05	2.626030e-02	1.515258e+00
3.827000e-05	6.766719e-02	1.788867e+00
3.828000e-05	-3.541958e-02	2.000569e+00
3.829000e-05	-4.314052e-02	2.169892e+00
3.830000e-05	-4.373095e-02	2.366441e+00
3.831000e-05	-6.700224e-02	2.441682e+00
3.832000e-05	3.163911e-02	2.593075e+00
3.833000e-05	1.375402e-01	2.810950e+00
3.834000e-05	-1.687659e-01	2.979941e+00
3.835000e-05	9.521153e-02	3.104838e+00
3.836000e-05	2.137679e-02	3.305211e+00
3.837000e-05	-9.741561e-02	3.518865e+00
3.838000e-05	8.488612e-02	3.662628e+00
3.839000e-05	-1.815769e-02	3.862674e+00
3.840000e-05	-9.909407e-02	4.030474e+00
3.841000e-05	1.114943e-01	4.242020e+00
3.842000e-05	-2.660181e-02	4.462053e+00
3.843000e-05	-9.355473e-03	4.540420e+00
3.844000e-05	-2.804667e-02	4.777968e+00
3.845000e-05	-5.729431e-02	4.968391e+00
3.846000e-05	6.371381e-02	5.181391e+00
3.847000e-05	4.010624e-03	5.380467e+00
3.848000e-05	-4.923840e-03	5.507863e+00
3.849000e-05	-3.847385e-02	5.675680e+00
3.850000e-05	9.713490e-03	5.836255e+00
3.851000e-05	1.669746e-03	6.001601e+00
3.852000e-05	-3.131629e-02	6.158470e+00
3.853000e-05	2.161095e-02	6.286812e+00
3.854000e-05	-1.785236e-02	6.474128e+00
3.855000e-05	-9.157257e-03	6.613647e+00
3.856000e-05	1.064794e-02	6.821075e+00
3.857000e-05	-3.165662e-02	6.948414e+00
3.858000e-05	-1.884357e-03	7.063207e+00
3.859000e-05	-6.808814e-03	7.189425e+00
3.860000e-05	2.441266e-03	7.325290e+00
3.861000e-05	7.549586e-04	7.487834e+00
3.862000e-05	-2.529448e-02	7.662657e+00
3.863000e-05	-5.556798e-03	7.821044e+00
3.864000e-05	-1.427251e-02	7.958311e+00
3.865000e-05	4.230155e-03	8.076728e+00
3.866000e-05	-1.636205e-02	8.199076e+00
3.867000e-05	-6.993140e-03	8.297863e+00
3.868000e-05	3.816064e-03	8.412000e+00
3.869000e-05	-1.602871e-02	8.506237e+00
3.870000e-05	-1.590104e-02	8.571598e+00
3.871000e-05	-1.982525e-02	8.707238e+00
3.872000e-05	3.866071e-03	8.780521e+00
3.873000e-05	-5.575735e-03	8.874257e+00
3.874000e-05	-1.207604e-02	8.980966e+00
3.875000e-05	-1.569025e-02	9.126837e+00
3.876000e-05	-1.210905e-02	9.232003e+00
3.877000e-05	-7.041457e-03	9.264760e+00
3.878000e-05	-1.204119e-02	9.379915e+00
3.879000e-05	-9.131632e-03	9.433077e+00
3.880000e-05	-1.390437e-02	9.506918e+00
3.881000e-05	-9.718040e-03	9.559971e+00
3.882000e-05	-1.399404e-02	9.643154e+00
3.883000e-05	-1.499090e-02	9.718189e+00
3.884000e-05	-1.766159e-02	9.772529e+00
3.885000e-05	-9.228400e-03	9.826236e+00
3.886000e-05	-3.859602e-03	9.937791e+00
3.887000e-05	-1.166624e-02	9.990026e+00
3.888000e-05	-1.855505e-02	1.003358e+01
3.889000e-05	-1.862538e-02	1.005376e+01
3.890000e-05	-1.008196e-02	1.009729e+01
3.891000e-05	-1.269071e-02	1.011686e+01
3.892000e-05	-1.656567e-02	1.015044e+01
3.893000e-05	-1.696021e-02	1.018052e+01
3.894000e-05	-1.528208e-02	1.023408e+01
3.895000e-05	-1.325856e-02	1.026553e+01
3.896000e-05	-1.744633e-02	1.024618e+01
3.897000e-05	-1.771847e-02	1.030519e+01
3.898000e-05	-1.704112e-02	1.029681e+01
3.899000e-05	-1.245203e-02	1.030781e+01
3.900000e-05	-1.662521e-02	1.031687e+01
3.901000e-05	-2.179491e-02	1.031639e+01
3.902000e-05	-2.335389e-02	1.030691e+01
3.903000e-05	-1.716624e-02	1.030737e+01
3.904000e-05	-1.818145e-02	1.027731e+01
3.905000e-05	-1.973065e-02	1.030526e+01
3.906000e-05	-2.206169e-02	1.026484e+01
3.907000e-05	-2.256963e-02	1.027458e+01
3.908000e-05	-2.284381e-02	1.023155e+01
3.909000e-05	-2.465884e-02	1.016297e+01
3.910000e-05	-2.438389e-02	1.018844e+01
3.911000e-05	-2.622221e-02	1.011789e+01
3.912000e-05	-2.500906e-02	1.008521e+01
3.913000e-05	-2.759140e-02	1.005268e+01
3.914000e-05	-2.929421e-02	1.001253e+01
3.915000e-05	-3.070700e-02	9.989953e+00
3.916000e-05	-3.023903e-02	9.896939e+00
3.917000e-05	-2.871816e-02	9.894315e+00
3.918000e-05	-3.085973e-02	9.730025e+00
3.919000e-05	-3.317395e-02	9.695187e+00
3.920000e-05	-3.453724e-02	9.611582e+00
3.921000e-05	-3.492154e-02	9.558971e+00
3.922000e-05	-3.512236e-02	9.495740e+00
3.923000e-05	-3.562056e-02	9.392433e+00
3.924000e-05	-3.490300e-02	9.347942e+00
3.925000e-05	-3.698956e-02	9.275709e+00
3.926000e-05	-3.728344e-02	9.200976e+00
3.927000e-05	-4.086344e-02	9.097844e+00
3.928000e-05	-3.842392e-02	8.969502e+00
3.929000e-05	-3.976440e-02	8.844733e+00
3.930000e-05	-3.807096e-02	8.760024e+00
3.931000e-05	-4.069681e-02	8.684692e+00
3.932000e-05	-4.031538e-02	8.580025e+00
3.933000e-05	-4.179257e-02	8.475241e+00
3.934000e-05	-4.107684e-02	8.379528e+00
3.935000e-05	-4.026483e-02	8.256163e+00
3.936000e-05	-4.004622e-02	8.187451e+00
3.937000e-05	-3.861438e-02	8.011201e+00
3.938000e-05	-3.983550e-02	7.915816e+00
3.939000e-05	-4.072961e-02	7.779002e+00
3.940000e-05	-3.969489e-02	7.643185e+00
3.941000e-05	-3.930053e-02	7.517793e+00
3.942000e-05	-3.805270e-02	7.318298e+00
3.943000e-05	-3.607013e-02	7.179003e+00
3.944000e-05	-3.448326e-02	7.072687e+00
3.945000e-05	-3.404972e-02	6.906318e+00
3.946000e-05	-3.430984e-02	6.760050e+00
3.947000e-05	-3.120773e-02	6.642113e+00
3.948000e-05	-2.854150e-02	6.452162e+00
3.949000e-05	-2.810124e-02	6.326400e+00
3.950000e-05	-2.765232e-02	6.190028e+00
3.951000e-05	-2.641155e-02	6.033138e+00
3.952000e-05	-2.409955e-02	5.917315e+00
3.953000e-05	-2.297056e-02	5.715294e+00
3.954000e-05	-2.118315e-02	5.537897e+00
3.955000e-05	-1.918885e-02	5.380575e+00
3.956000e-05	-1.842659e-02	5.200603e+00
3.957000e-05	-1.748310e-02	5.038930e+00
3.958000e-05	-1.693056e-02	4.790529e+00
3.959000e-05	-1.537582e-02	4.631563e+00
3.960000e-05	-1.561250e-02	4.452639e+00
3.961000e-05	-1.281669e-02	4.316918e+00
3.962000e-05	-1.380977e-02	4.074818e+00
3.963000e-05	-1.059654e-02	3.955345e+00
3.964000e-05	-1.369867e-02	3.779022e+00
3.965000e-05	-9.581532e-03	3.579980e+00
3.966000e-05	-1.122650e-02	3.440035e+00
3.967000e-05	-9.514747e-03	3.180608e+00
3.968000e-05	-1.012895e-02	3.052611e+00
3.969000e-05	-9.507781e-03	2.883215e+00
3.970000e-05	-9.406802e-03	2.716796e+00
3.971000e-05	-8.370338e-03	2.502722e+00
3.972000e-05	-9.020594e-03	2.294714e+00
3.973000e-05	-7.268025e-03	2.093222e+00
3.974000e-05	-7.954092e-03	1.988952e+00
3.975000e-05	-6.220751e-03	1.717873e+00
3.976000e-05	-6.721164e-03	1.597877e+00
3.977000e-05	-6.119657e-03	1.338446e+00
3.978000e-05	-6.632805e-03	1.206927e+00
3.979000e-05	-6.082767e-03	8.953195e-01
3.980000e-05	-5.854547e-03	7.358471e-01
3.981000e-05	-6.046511e-03	5.658509e-01
3.982000e-05	-5.427153e-03	4.100276e-01
3.983000e-05	-5.578316e-03	1.984047e-01
3.984000e-05	-1.585322e-03	-9.988852e-04
3.985000e-05	2.956492e-03	-2.089461e-01
3.986000e-05	-2.697613e-03	-4.078646e-01
3.987000e-05	1.061680e-03	-5.261656e-01
3.988000e-05	-3.139362e-03	-7.388385e-01
3.989000e-05	-1.816578e-03	-8.841829e-01
3.990000e-05	-3.347062e-03	-1.073075e+00
3.991000e-05	8.513116e-03	-1.242124e+00
3.992000e-05	4.858618e-02	-1.451547e+00
3.993000e-05	5.883462e-02	-1.673601e+00
3.994000e-05	-7.951986e-02	-1.905232e+00
3.995000e-05	-1.028484e-02	-2.178461e+00
3.996000e-05	-8.770334e-02	-2.377921e+00
3.997000e-05	-8.306667e-03	-2.454580e+00
3.998000e-05	1.685767e-01	-2.537886e+00
3.999000e-05	-1.273195e-01	-2.759488e+00
4.000000e-05	2.478389e-02	-2.919391e+00
4.001000e-05	1.317336e-01	-3.116860e+00
4.002000e-05	-1.805151e-01	-3.305782e+00
4.003000e-05	1.025168e-01	-3.516255e+00
4.004000e-05	5.686295e-02	-3.643025e+00
4.005000e-05	-1.770819e-01	-3.867258e+00
4.006000e-05	1.513084e-01	-4.040500e+00
4.007000e-05	2.715376e-03	-4.200116e+00
4.008000e-05	-3.287477e-02	-4.390495e+00
4.009000e-05	4.235299e-02	-4.529258e+00
4.010000e-05	-1.667023e-01	-4.738332e+00
4.011000e-05	1.420830e-01	-4.885726e+00
4.012000e-05	4.436731e-02	-5.084179e+00
4.013000e-05	-7.456792e-02	-5.263603e+00
4.014000e-05	6.200041e-02	-5.474702e+00
4.015000e-05	-8.083728e-02	-5.654575e+00
4.016000e-05	8.819161e-02	-5.760520e+00
4.017000e-05	-4.804291e-02	-5.937387e+00
4.018000e-05	6.720930e-04	-6.124259e+00
4.019000e-05	6.644240e-02	-6.234576e+00
4.020000e-05	-9.113424e-02	-6.412573e+00
4.021000e-05	9.796035e-02	-6.567917e+00
4.022000e-05	-4.475435e-02	-6.728308e+00
4.023000e-05	7.965026e-03	-6.863130e+00
4.024000e-05	1.102263e-02	-7.004042e+00
4.025000e-05	-3.513372e-02	-7.141473e+00
4.026000e-05	9.624297e-02	-7.297282e+00
4.027000e-05	-6.251242e-02	-7.443604e+00
4.028000e-05	2.297570e-02	-7.561470e+00
4.029000e-05	-1.791289e-02	-7.769758e+00
4.030000e-05	1.824161e-02	-7.887311e+00
4.031000e-05	2.445361e-02	-8.003000e+00
4.032000e-05	-2.517701e-02	-8.130339e+00
4.033000e-05	5.068971e-02	-8.234128e+00
4.034000e-05	-2.562209e-02	-8.328940e+00
4.035000e-05	1.131274e-02	-8.474177e+00
4.036000e-05	-8.893021e-03	-8.579965e+00
4.037000e-05	2.133054e-02	-8.747862e+00
4.038000e-05	1.947608e-02	-8.842074e+00
4.039000e-05	-1.622013e-02	-8.905740e+00
4.040000e-05	2.016100e-02	-9.021571e+00
4.041000e-05	-9.755646e-04	-9.105258e+00
4.042000e-05	1.751501e-02	-9.149918e+00
4.043000e-05	-6.269549e-03	-9.244101e+00
4.044000e-05	1.118760e-02	-9.317387e+00
4.045000e-05	1.344898e-02	-9.393550e+00
4.046000e-05	5.608656e-03	-9.549963e+00
4.047000e-05	1.058748e-02	-9.571052e+00
4.048000e-05	-5.377376e-04	-9.685231e+00
4.049000e-05	4.818027e-03	-9.717761e+00
4.050000e-05	6.736305e-03	-9.772494e+00
4.051000e-05	2.226978e-02	-9.834052e+00
4.052000e-05	1.136040e-02	-9.907307e+00
4.053000e-05	-1.331363e-03	-9.917918e+00
4.054000e-05	1.217072e-03	-9.949470e+00
4.055000e-05	1.261050e-02	-1.001105e+01
4.056000e-05	1.709071e-02	-1.005315e+01
4.057000e-05	6.358247e-03	-1.010618e+01
4.058000e-05	5.662759e-03	-1.014993e+01
4.059000e-05	9.487481e-03	-1.018200e+01
4.060000e-05	1.400433e-02	-1.020402e+01
4.061000e-05	1.160318e-02	-1.023478e+01
4.062000e-05	6.071202e-03	-1.025514e+01
4.063000e-05	9.407702e-03	-1.026786e+01
4.064000e-05	1.607134e-02	-1.027789e+01
4.065000e-05	1.483974e-02	-1.033737e+01
4.066000e-05	1.011834e-02	-1.031839e+01
4.067000e-05	6.001840e-03	-1.033729e+01
4.068000e-05	1.330766e-02	-1.036792e+01
4.069000e-05	1.471660e-02	-1.032891e+01
4.070000e-05	1.924716e-02	-1.028829e+01
4.071000e-05	1.673249e-02	-1.031634e+01
4.072000e-05	1.507981e-02	-1.025611e+01
4.073000e-05	1.421868e-02	-1.024326e+01
4.074000e-05	1.651563e-02	-1.023460e+01
4.075000e-05	1.899493e-02	-1.018957e+01
4.076000e-05	1.710200e-02	-1.014132e+01
4.077000e-05	1.763706e-02	-1.010683e+01
4.078000e-05	2.168246e-02	-1.008416e+01
4.079000e-05	2.176318e-02	-1.003010e+01
4.080000e-05	2.313197e-02	-9.969973e+00
4.081000e-05	2.330436e-02	-9.927893e+00
4.082000e-05	2.699378e-02	-9.907258e+00
4.083000e-05	2.515662e-02	-9.835133e+00
4.084000e-05	2.467217e-02	-9.799466e+00
4.085000e-05	2.397305e-02	-9.687316e+00
4.086000e-05	2.590060e-02	-9.644707e+00
4.087000e-05	2.623275e-02	-9.632077e+00
4.088000e-05	2.821350e-02	-9.548946e+00
4.089000e-05	3.138152e-02	-9.444207e+00
4.090000e-05	3.184484e-02	-9.399570e+00
4.091000e-05	3.037550e-02	-9.254206e+00
4.092000e-05	2.986487e-02	-9.159996e+00
4.093000e-05	3.095602e-02	-9.135287e+00
4.094000e-05	3.261001e-02	-8.991049e+00
4.095000e-05	3.241307e-02	-8.896238e+00
4.096000e-05	3.192882e-02	-8.833578e+00
4.097000e-05	3.272049e-02	-8.759397e+00
4.098000e-05	3.439333e-02	-8.671629e+00
4.099000e-05	3.459478e-02	-8.464787e+00
4.100000e-05	3.392846e-02	-8.379948e+00
4.101000e-05	3.455669e-02	-8.286739e+00
4.102000e-05	3.510787e-02	-8.179921e+00
4.103000e-05	3.626479e-02	-8.065156e+00
4.104000e-05	3.406205e-02	-7.940497e+00
4.105000e-05	3.058445e-02	-7.820057e+00
4.106000e-05	2.914540e-02	-7.642154e+00
4.107000e-05	3.283147e-02	-7.485262e+00
4.108000e-05	3.343812e-02	-7.368446e+00
4.109000e-05	3.084355e-02	-7.232107e+00
4.110000e-05	2.729099e-02	-7.114342e+00
4.111000e-05	2.725900e-02	-6.930414e+00
4.112000e-05	2.800264e-02	-6.769524e+00
4.113000e-05	2.573054e-02	-6.643610e+00
4.114000e-05	2.177218e-02	-6.516267e+00
4.115000e-05	1.959217e-02	-6.389049e+00
4.116000e-05	2.120526e-02	-6.212635e+00
4.117000e-05	2.102980e-02	-6.013105e+00
4.118000e-05	1.810919e-02	-5.904761e+00
4.119000e-05	1.518289e-02	-5.715918e+00
4.120000e-05	1.408503e-02	-5.599580e+00
4.121000e-05	1.464707e-02	-5.390384e+00
4.122000e-05	1.247926e-02	-5.179002e+00
4.123000e-05	8.600419e-03	-5.031104e+00
4.124000e-05	6.717669e-03	-4.781505e+00
4.125000e-05	8.034184e-03	-4.601580e+00
4.126000e-05	8.978165e-03	-4.465164e+00
4.127000e-05	8.248222e-03	-4.336820e+00
4.128000e-05	4.721303e-03	-4.167499e+00
4.129000e-05	5.051513e-03	-4.000555e+00
4.130000e-05	3.949628e-03	-3.842112e+00
4.131000e-05	4.512815e-03	-3.612179e+00
4.132000e-05	2.118006e-03	-3.483140e+00
4.133000e-05	2.429285e-03	-3.295213e+00
4.134000e-05	2.506566e-03	-3.117295e+00
4.135000e-05	1.961636e-03	-2.884794e+00
4.136000e-05	1.373633e-03	-2.746845e+00
4.137000e-05	-2.775541e-03	-2.565371e+00
4.138000e-05	1.023574e-03	-2.369499e+00
4.139000e-05	-7.949257e-04	-2.166425e+00
4.140000e-05	1.733460e-03	-1.967945e+00
4.141000e-05	-2.304832e-03	-1.819478e+00
4.142000e-05	1.485032e-04	-1.611555e+00
4.143000e-05	-2.438186e-03	-1.400956e+00
4.144000e-05	-6.632322e-04	-1.209476e+00
4.145000e-05	-3.864727e-03	-9.899301e-01
4.146000e-05	-1.396898e-03	-8.010539e-01
4.147000e-05	-3.118868e-03	-6.084327e-01
4.148000e-05	-5.645699e-04	-3.894513e-01
4.149000e-05	-2.758185e-03	-2.316092e-01
4.150000e-05	1.303111e-04	-3.265670e-02
4.151000e-05	3.636829e-03	1.172582e-01
4.152000e-05	-1.460041e-03	3.573670e-01
4.153000e-05	6.296071e-05	4.967104e-01
4.154000e-05	-8.982590e-04	6.641590e-01
4.155000e-05	-2.701741e-03	8.199763e-01
4.156000e-05	-4.327006e-03	1.012074e+00
4.157000e-05	2.433587e-03	1.220653e+00
4.158000e-05	1.238581e-02	1.420595e+00
4.159000e-05	5.860451e-02	1.642075e+00
4.160000e-05	2.299846e-02	1.924709e+00
4.161000e-05	-6.238703e-02	2.085180e+00
4.162000e-05	-3.245690e-02	2.295177e+00
4.163000e-05	-5.867102e-02	2.400500e+00
4.164000e-05	-4.403357e-02	2.547287e+00
4.165000e-05	1.476845e-01	2.747391e+00
4.166000e-05	-5.154742e-02	2.916262e+00
4.167000e-05	-8.085604e-02	3.053527e+00
4.168000e-05	1.541329e-01	3.190471e+00
4.169000e-05	-1.160257e-01	3.482702e+00
4.170000e-05	7.907059e-03	3.610526e+00
4.171000e-05	7.845145e-02	3.768838e+00
4.172000e-05	-1.215170e-01	3.938392e+00
4.173000e-05	4.502219e-02	4.117636e+00
4.174000e-05	4.614425e-02	4.347891e+00
4.175000e-05	-4.360613e-02	4.463712e+00
4.176000e-05	7.234357e-03	4.684659e+00
4.177000e-05	-6.567066e-02	4.814206e+00
4.178000e-05	1.676571e-02	5.056783e+00
4.179000e-05	4.337368e-02	5.295708e+00
4.180000e-05	-9.705367e-03	5.433075e+00
4.181000e-05	-1.811370e-02	5.619469e+00
4.182000e-05	-2.470896e-02	5.749494e+00
4.183000e-05	1.889304e-02	5.979921e+00
4.184000e-05	-2.528392e-02	6.105257e+00
4.185000e-05	-4.752371e-03	6.263108e+00
4.186000e-05	1.704866e-02	6.379420e+00
4.187000e-05	-3.774716e-02	6.558870e+00
4.188000e-05	2.300210e-02	6.665337e+00
4.189000e-05	-2.737322e-02	6.885257e+00
4.190000e-05	-1.293505e-02	7.011024e+00
4.191000e-05	-2.488681e-04	7.117813e+00
4.192000e-05	-6.999810e-03	7.262107e+00
4.193000e-05	1.094154e-02	7.440525e+00
4.194000e-05	-2.463140e-02	7.622573e+00
4.195000e-05	-7.494068e-03	7.756862e+00
4.196000e-05	-1.582642e-02	7.866634e+00
4.197000e-05	1.870679e-03	8.034550e+00
4.198000e-05	-8.717662e-03	8.158418e+00
4.199000e-05	-1.301251e-02	8.276707e+00
4.200000e-05	9.082706e-04	8.369420e+00
4.201000e-05	-6.128663e-03	8.464208e+00
4.202000e-05	-1.842378e-02	8.548414e+00
4.203000e-05	-2.133873e-02	8.664681e+00
4.204000e-05	-5.445158e-03	8.748915e+00
4.205000e-05	1.962871e-03	8.823053e+00
4.206000e-05	-9.581087e-03	8.927868e+00
4.207000e-05	-1.740726e-02	9.034779e+00
4.208000e-05	-1.307866e-02	9.189944e+00
4.209000e-05	-8.904109e-03	9.242604e+00
4.210000e-05	-8.377734e-03	9.317261e+00
4.211000e-05	-1.291528e-02	9.409019e+00
4.212000e-05	-1.111224e-02	9.476162e+00
4.213000e-05	-1.133441e-02	9.488368e+00
4.214000e-05	-1.210366e-02	9.612002e+00
4.215000e-05	-1.388261e-02	9.683187e+00
4.216000e-05	-1.876931e-02	9.760347e+00
4.217000e-05	-1.184117e-02	9.834559e+00
4.218000e-05	-6.119739e-03	9.896790e+00
4.219000e-05	-7.075815e-03	9.979895e+00
4.220000e-05	-1.872705e-02	9.971576e+00
4.221000e-05	-2.016202e-02	1.005366e+01
4.222000e-05	-1.425391e-02	1.009481e+01
4.223000e-05	-1.049615e-02	1.010677e+01
4.224000e-05	-1.435553e-02	1.012849e+01
4.225000e-05	-1.835396e-02	1.018940e+01
4.226000e-05	-1.469041e-02	1.019315e+01
4.227000e-05	-1.633451e-02	1.024315e+01
4.228000e-05	-1.329052e-02	1.027566e+01
4.229000e-05	-1.779985e-02	1.028431e+01
4.230000e-05	-1.709216e-02	1.030724e+01
4.231000e-05	-1.397551e-02	1.030637e+01
4.232000e-05	-1.447604e-02	1.031626e+01
4.233000e-05	-1.970892e-02	1.031631e+01
4.234000e-05	-2.354584e-02	1.034679e+01
4.235000e-05	-1.997915e-02	1.029786e+01
4.236000e-05	-1.934598e-02	1.030624e+01
4.237000e-05	-1.814298e-02	1.029629e+01
4.238000e-05	-2.112295e-02	1.027568e+01
4.239000e-05	-2.124482e-02	1.022373e+01
4.240000e-05	-2.292518e-02	1.023263e+01
4.241000e-05	-2.393717e-02	1.024153e+01
4.242000e-05	-2.390827e-02	1.016002e+01
4.243000e-05	-2.562261e-02	1.013789e+01
4.244000e-05	-2.527770e-02	1.011679e+01
4.245000e-05	-2.724085e-02	1.006426e+01
4.246000e-05	-2.713019e-02	1.006311e+01
4.247000e-05	-3.133983e-02	1.002955e+01
4.248000e-05	-3.097266e-02	9.938897e+00
4.249000e-05	-2.982687e-02	9.855789e+00
4.250000e-05	-2.891489e-02	9.813105e+00
4.251000e-05	-3.151382e-02	9.718437e+00
4.252000e-05	-3.385967e-02	9.663632e+00
4.253000e-05	-3.382041e-02	9.579950e+00
4.254000e-05	-3.602691e-02	9.517341e+00
4.255000e-05	-3.551807e-02	9.462608e+00
4.256000e-05	-3.706816e-02	9.350428e+00
4.257000e-05	-3.568030e-02	9.274793e+00
4.258000e-05	-3.727804e-02	9.231554e+00
4.259000e-05	-3.831799e-02	9.167874e+00
4.260000e-05	-3.925054e-02	9.035739e+00
4.261000e-05	-3.970018e-02	8.917814e+00
4.262000e-05	-3.846657e-02	8.809081e+00
4.263000e-05	-4.068535e-02	8.727767e+00
4.264000e-05	-3.907949e-02	8.652604e+00
4.265000e-05	-4.251924e-02	8.528291e+00
4.266000e-05	-4.062326e-02	8.421158e+00
4.267000e-05	-4.131683e-02	8.357898e+00
4.268000e-05	-4.096817e-02	8.182553e+00
4.269000e-05	-4.131185e-02	8.114665e+00
4.270000e-05	-3.925896e-02	7.958975e+00
4.271000e-05	-3.930643e-02	7.861608e+00
4.272000e-05	-3.929295e-02	7.696291e+00
4.273000e-05	-4.099621e-02	7.558951e+00
4.274000e-05	-3.879431e-02	7.403062e+00
4.275000e-05	-3.697648e-02	7.232612e+00
4.276000e-05	-3.468939e-02	7.106768e+00
4.277000e-05	-3.479693e-02	6.978526e+00
4.278000e-05	-3.380611e-02	6.853134e+00
4.279000e-05	-3.234814e-02	6.757442e+00
4.280000e-05	-2.959872e-02	6.497796e+00
4.281000e-05	-2.963207e-02	6.369026e+00
4.282000e-05	-2.781855e-02	6.272686e+00
4.283000e-05	-2.657506e-02	6.125291e+00
4.284000e-05	-2.321073e-02	5.970499e+00
4.285000e-05	-2.429275e-02	5.849082e+00
4.286000e-05	-2.310579e-02	5.609530e+00
4.287000e-05	-2.059394e-02	5.474235e+00
4.288000e-05	-1.790287e-02	5.305270e+00
4.289000e-05	-1.760903e-02	5.093839e+00
4.290000e-05	-1.797267e-02	4.853688e+00
4.291000e-05	-1.662359e-02	4.674268e+00
4.292000e-05	-1.462214e-02	4.536821e+00
4.293000e-05	-1.360598e-02	4.390051e+00
4.294000e-05	-1.389737e-02	4.189481e+00
4.295000e-05	-1.237056e-02	3.979531e+00
4.296000e-05	-1.075821e-02	3.862657e+00
4.297000e-05	-1.137391e-02	3.684189e+00
4.298000e-05	-1.162148e-02	3.507295e+00
4.299000e-05	-1.222097e-02	3.284792e+00
4.300000e-05	-1.001749e-02	3.147215e+00
4.301000e-05	-9.417214e-03	2.966371e+00
4.302000e-05	-8.207409e-03	2.810030e+00
4.303000e-05	-8.743377e-03	2.558030e+00
4.304000e-05	-8.826103e-03	2.368949e+00
4.305000e-05	-7.269978e-03	2.168976e+00
4.306000e-05	-7.273194e-03	2.030081e+00
4.307000e-05	-7.453229e-03	1.852638e+00
4.308000e-05	-6.872152e-03	1.631637e+00
4.309000e-05	-7.255780e-03	1.464160e+00
4.310000e-05	-6.405743e-03	1.251610e+00
4.311000e-05	-6.375740e-03	1.001637e+00
4.312000e-05	-6.298053e-03	8.100038e-01
4.313000e-05	-5.980283e-03	6.326153e-01
4.314000e-05	-5.248919e-03	4.421603e-01
4.315000e-05	-4.741630e-03	2.747645e-01
4.316000e-05	-4.380520e-03	5.115544e-02
4.317000e-05	1.876125e-03	-1.372857e-01
4.318000e-05	7.824772e-04	-2.756580e-01
4.319000e-05	-3.458717e-03	-4.415300e-01
4.320000e-05	2.713497e-04	-6.446526e-01
4.321000e-05	-3.641498e-03	-8.100040e-01
4.322000e-05	-1.078237e-04	-9.689448e-01
4.323000e-05	8.641519e-04	-1.158415e+00
4.324000e-05	2.102778e-02	-1.376836e+00
4.325000e-05	8.809840e-02	-1.549412e+00
4.326000e-05	-4.020629e-02	-1.769967e+00
4.327000e-05	-3.445455e-02	-2.003198e+00
4.328000e-05	-5.171684e-02	-2.286781e+00
4.329000e-05	-8.159560e-02	-2.443555e+00
4.330000e-05	1.367830e-01	-2.494162e+00
4.331000e-05	2.805199e-02	-2.673151e+00
4.332000e-05	-1.568370e-01	-2.883677e+00
4.333000e-05	1.840672e-01	-3.054703e+00
4.334000e-05	-1.039106e-01	-3.233602e+00
4.335000e-05	-6.123549e-02	-3.422649e+00
4.336000e-05	1.645202e-01	-3.548367e+00
4.337000e-05	-1.257948e-01	-3.778364e+00
4.338000e-05	-1.517352e-04	-3.958921e+00
4.339000e-05	1.506348e-01	-4.106253e+00
4.340000e-05	-1.169739e-01	-4.327837e+00
4.341000e-05	8.748087e-02	-4.483053e+00
4.342000e-05	-1.209640e-01	-4.623044e+00
4.343000e-05	-1.534421e-02	-4.803578e+00
4.344000e-05	1.639445e-01	-4.970965e+00
4.345000e-05	-9.932564e-02	-5.190434e+00
4.346000e-05	4.585664e-02	-5.399312e+00
4.347000e-05	-3.680249e-02	-5.540436e+00
4.348000e-05	4.912101e-03	-5.706914e+00
4.349000e-05	5.658762e-02	-5.883579e+00
4.350000e-05	-9.072385e-02	-6.023073e+00
4.351000e-05	1.014360e-01	-6.241940e+00
4.352000e-05	-6.214771e-02	-6.349894e+00
4.353000e-05	2.020287e-02	-6.496759e+00
4.354000e-05	4.893139e-02	-6.614701e+00
4.355000e-05	-7.030837e-02	-6.810549e+00
4.356000e-05	6.223937e-02	-6.929361e+00
4.357000e-05	-5.919794e-02	-7.097757e+00
4.358000e-05	7.422135e-02	-7.254678e+00
4.359000e-05	3.740245e-03	-7.390495e+00
4.360000e-05	-3.949589e-02	-7.548337e+00
4.361000e-05	2.933480e-02	-7.674099e+00
4.362000e-05	-2.493021e-02	-7.845151e+00
4.363000e-05	5.457027e-02	-7.980470e+00
4.364000e-05	-3.367337e-02	-8.084729e+00
4.365000e-05	3.069987e-02	-8.230527e+00
4.366000e-05	1.394666e-02	-8.316311e+00
4.367000e-05	-1.689734e-02	-8.429999e+00
4.368000e-05	1.377729e-02	-8.497262e+00
4.369000e-05	-1.366187e-02	-8.675747e+00
4.370000e-05	4.332427e-02	-8.780467e+00
4.371000e-05	-1.694085e-02	-8.874182e+00
4.372000e-05	1.332975e-02	-8.938845e+00
4.373000e-05	4.563364e-03	-9.044108e+00
4.374000e-05	7.329652e-03	-9.117340e+00
4.375000e-05	8.877777e-03	-9.210049e+00
4.376000e-05	-1.169716e-03	-9.295260e+00
4.377000e-05	2.219728e-02	-9.370941e+00
4.378000e-05	-5.570073e-04	-9.497761e+00
4.379000e-05	1.314409e-02	-9.610490e+00
4.380000e-05	1.812148e-03	-9.663229e+00
4.381000e-05	4.879460e-03	-9.706833e+00
4.382000e-05	2.866086e-03	-9.728944e+00
4.383000e-05	1.624419e-02	-9.843598e+00
4.384000e-05	1.961861e-02	-9.855733e+00
4.385000e-05	2.402576e-03	-9.928288e+00
4.386000e-05	1.997925e-03	-9.969918e+00
4.387000e-05	6.582045e-03	-1.002145e+01
4.388000e-05	1.770308e-02	-1.002300e+01
4.389000e-05	9.670857e-03	-1.011375e+01
4.390000e-05	5.604592e-03	-1.012729e+01
4.391000e-05	7.850240e-03	-1.016007e+01
4.392000e-05	1.100540e-02	-1.020158e+01
4.393000e-05	1.315855e-02	-1.023315e+01
4.394000e-05	9.299971e-03	-1.022475e+01
4.395000e-05	7.943017e-03	-1.028714e+01
4.396000e-05	1.246512e-02	-1.029636e+01
4.397000e-05	1.627247e-02	-1.031691e+01
4.398000e-05	1.147018e-02	-1.031787e+01
4.399000e-05	8.147531e-03	-1.032892e+01
4.400000e-05	9.547590e-03	-1.033036e+01
4.401000e-05	1.461627e-02	-1.032692e+01
4.402000e-05	1.662220e-02	-1.030789e+01
4.403000e-05	1.616607e-02	-1.029834e+01
4.404000e-05	1.553188e-02	-1.025529e+01
4.405000e-05	1.409246e-02	-1.024520e+01
4.406000e-05	1.580811e-02	-1.018463e+01
4.407000e-05	1.804005e-02	-1.020302e+01
4.408000e-05	1.998953e-02	-1.012801e+01
4.409000e-05	1.932927e-02	-1.012639e+01
4.410000e-05	1.993275e-02	-1.007379e+01
4.411000e-05	2.134997e-02	-1.003210e+01
4.412000e-05	2.020919e-02	-9.990523e+00
4.413000e-05	2.210697e-02	-9.969392e+00
4.414000e-05	2.407823e-02	-9.937839e+00
4.415000e-05	2.640298e-02	-9.865133e+00
4.416000e-05	2.463210e-02	-9.830025e+00
4.417000e-05	2.518142e-02	-9.727995e+00
4.418000e-05	2.677102e-02	-9.686738e+00
4.419000e-05	2.644478e-02	-9.633083e+00
4.420000e-05	2.727106e-02	-9.590499e+00
4.421000e-05	2.918374e-02	-9.467890e+00
4.422000e-05	3.186586e-02	-9.401029e+00
4.423000e-05	2.996134e-02	-9.277338e+00
4.424000e-05	2.929289e-02	-9.192030e+00
4.425000e-05	3.044474e-02	-9.128896e+00
4.426000e-05	3.271045e-02	-9.054733e+00
4.427000e-05	3.398678e-02	-8.947517e+00
4.428000e-05	3.346274e-02	-8.854155e+00
4.429000e-05	3.254014e-02	-8.790051e+00
4.430000e-05	3.263280e-02	-8.675195e+00
4.431000e-05	3.456522e-02	-8.517418e+00
4.432000e-05	3.440652e-02	-8.462528e+00
4.433000e-05	3.594918e-02	-8.347865e+00
4.434000e-05	3.453886e-02	-8.190603e+00
4.435000e-05	3.426599e-02	-8.106342e+00
4.436000e-05	3.371015e-02	-7.980579e+00
4.437000e-05	3.325672e-02	-7.847137e+00
4.438000e-05	3.168210e-02	-7.684287e+00
4.439000e-05	3.034016e-02	-7.548871e+00
4.440000e-05	3.279234e-02	-7.420054e+00
4.441000e-05	3.215280e-02	-7.305664e+00
4.442000e-05	2.952719e-02	-7.149473e+00
4.443000e-05	2.712683e-02	-6.991533e+00
4.444000e-05	2.599045e-02	-6.831634e+00
4.445000e-05	2.645895e-02	-6.707215e+00
4.446000e-05	2.423457e-02	-6.587922e+00
4.447000e-05	2.348267e-02	-6.452055e+00
4.448000e-05	2.044646e-02	-6.307766e+00
4.449000e-05	1.926849e-02	-6.105293e+00
4.450000e-05	1.748627e-02	-5.938345e+00
4.451000e-05	1.627758e-02	-5.820052e+00
4.452000e-05	1.570573e-02	-5.653184e+00
4.453000e-05	1.414478e-02	-5.477239e+00
4.454000e-05	1.186295e-02	-5.235237e+00
4.455000e-05	1.181796e-02	-5.095742e+00
4.456000e-05	9.274697e-03	-4.934866e+00
4.457000e-05	8.176980e-03	-4.744693e+00
4.458000e-05	6.684479e-03	-4.537393e+00
4.459000e-05	8.414347e-03	-4.390576e+00
4.460000e-05	6.501981e-03	-4.212158e+00
4.461000e-05	4.895296e-03	-4.085214e+00
4.462000e-05	4.322480e-03	-3.957869e+00
4.463000e-05	3.315016e-03	-3.674319e+00
4.464000e-05	2.677064e-03	-3.537847e+00
4.465000e-05	4.594240e-03	-3.367875e+00
4.466000e-05	1.490804e-03	-3.190528e+00
4.467000e-05	1.610549e-03	-3.021430e+00
4.468000e-05	-1.844095e-04	-2.768527e+00
4.469000e-05	3.208978e-04	-2.630083e+00
4.470000e-05	-1.259876e-03	-2.441129e+00
4.471000e-05	9.079815e-04	-2.276163e+00
4.472000e-05	-2.498825e-04	-2.071605e+00
4.473000e-05	6.172544e-04	-1.884766e+00
4.474000e-05	-1.275114e-03	-1.664768e+00
4.475000e-05	-9.714754e-04	-1.536795e+00
4.476000e-05	-2.170471e-03	-1.273663e+00
4.477000e-05	-2.297420e-03	-1.082639e+00
4.478000e-05	-2.189775e-03	-8.941668e-01
4.479000e-05	-2.640763e-03	-7.442946e-01
4.480000e-05	-1.397978e-03	-4.716593e-01
4.481000e-05	-2.708491e-03	-3.152182e-01
4.482000e-05	-1.618438e-03	-1.659423e-01
4.483000e-05	1.996809e-03	1.162520e-02
4.484000e-05	3.354882e-03	2.645742e-01
4.485000e-05	-2.009049e-03	4.415252e-01
4.486000e-05	2.718477e-03	5.715212e-01
4.487000e-05	-4.217906e-03	7.693671e-01
4.488000e-05	-2.292063e-03	9.182604e-01
4.489000e-05	-3.091056e-03	1.187942e+00
4.490000e-05	8.794912e-03	1.358338e+00
4.491000e-05	3.248786e-02	1.578816e+00
4.492000e-05	6.559032e-02	1.802071e+00
4.493000e-05	-4.707112e-02	1.991997e+00
4.494000e-05	-3.811619e-02	2.180468e+00
4.495000e-05	-4.741583e-02	2.378890e+00
4.496000e-05	-6.589755e-02	2.482708e+00
4.497000e-05	5.789147e-02	2.632252e+00
4.498000e-05	1.101759e-01	2.832502e+00
4.499000e-05	-1.770671e-01	3.000946e+00
4.500000e-05	1.299228e-01	3.138313e+00
4.501000e-05	-1.643316e-02	3.379265e+00
4.502000e-05	-8.147529e-02	3.578796e+00
4.503000e-05	9.922090e-02	3.683182e+00
4.504000e-05	-4.389999e-02	3.874732e+00
4.505000e-05	-7.614906e-02	4.052104e+00
4.506000e-05	1.078304e-01	4.274203e+00
4.507000e-05	-4.032570e-02	4.442579e+00
4.508000e-05	-7.155372e-04	4.591992e+00
4.509000e-05	-3.704225e-02	4.760916e+00
4.510000e-05	-4.660844e-02	4.979495e+00
4.511000e-05	6.534993e-02	5.191496e+00
4.512000e-05	-1.454262e-03	5.402470e+00
4.513000e-05	-4.102474e-03	5.527362e+00
4.514000e-05	-3.959459e-02	5.665679e+00
4.515000e-05	1.353079e-02	5.896234e+00
4.516000e-05	-4.308316e-03	6.023150e+00
4.517000e-05	-2.856201e-02	6.168945e+00
4.518000e-05	2.657974e-02	6.327389e+00
4.519000e-05	-2.691757e-02	6.484154e+00
4.520000e-05	-1.486851e-03	6.634579e+00
4.521000e-05	2.711525e-03	6.831598e+00
4.522000e-05	-2.814628e-02	6.947813e+00
4.523000e-05	6.533209e-04	7.086630e+00
4.524000e-05	-8.058873e-03	7.161520e+00
4.525000e-05	3.121361e-03	7.317337e+00
4.526000e-05	-5.793006e-03	7.508836e+00
4.527000e-05	-2.165042e-02	7.656133e+00
4.528000e-05	-6.004164e-03	7.822072e+00
4.529000e-05	-1.242217e-02	7.936922e+00
4.530000e-05	2.113848e-03	8.077359e+00
4.531000e-05	-1.564310e-02	8.231529e+00
4.532000e-05	-5.799149e-03	8.329443e+00
4.533000e-05	2.074505e-03	8.420602e+00
4.534000e-05	-1.840238e-02	8.547787e+00
4.535000e-05	-1.630206e-02	8.603002e+00
4.536000e-05	-1.768556e-02	8.698790e+00
4.537000e-05	5.409835e-03	8.769946e+00
4.538000e-05	-7.959247e-03	8.885182e+00
4.539000e-05	-1.417029e-02	8.973045e+00
4.540000e-05	-1.582868e-02	9.127888e+00
4.541000e-05	-1.024618e-02	9.232076e+00
4.542000e-05	-6.674891e-03	9.324736e+00
4.543000e-05	-1.345900e-02	9.359392e+00
4.544000e-05	-9.873570e-03	9.443181e+00
4.545000e-05	-1.337264e-02	9.525265e+00
4.546000e-05	-1.019802e-02	9.568971e+00
4.547000e-05	-1.446945e-02	9.682102e+00
4.548000e-05	-1.525454e-02	9.715888e+00
4.549000e-05	-1.636527e-02	9.802523e+00
4.550000e-05	-7.948112e-03	9.887758e+00
4.551000e-05	-5.038028e-03	9.938894e+00
4.552000e-05	-1.411816e-02	9.990971e+00
4.553000e-05	-1.919833e-02	1.005313e+01
4.554000e-05	-1.713686e-02	1.006326e+01
4.555000e-05	-9.591172e-03	1.011784e+01
4.556000e-05	-1.327584e-02	1.012884e+01
4.557000e-05	-1.703313e-02	1.021042e+01
4.558000e-05	-1.622390e-02	1.020260e+01
4.559000e-05	-1.633983e-02	1.023413e+01
4.560000e-05	-1.336895e-02	1.025268e+01
4.561000e-05	-1.665714e-02	1.024468e+01
4.562000e-05	-1.673614e-02	1.029629e+01
4.563000e-05	-1.658637e-02	1.030629e+01
4.564000e-05	-1.195058e-02	1.029634e+01
4.565000e-05	-1.811670e-02	1.033729e+01
4.566000e-05	-2.139881e-02	1.032732e+01
4.567000e-05	-2.177618e-02	1.029879e+01
4.568000e-05	-1.785099e-02	1.031624e+01
4.569000e-05	-1.769225e-02	1.026734e+01
4.570000e-05	-1.965705e-02	1.030716e+01
4.571000e-05	-2.153517e-02	1.025334e+01
4.572000e-05	-2.302588e-02	1.022468e+01
4.573000e-05	-2.355458e-02	1.018208e+01
4.574000e-05	-2.510382e-02	1.018050e+01
4.575000e-05	-2.406621e-02	1.013900e+01
4.576000e-05	-2.567901e-02	1.012737e+01
4.577000e-05	-2.529749e-02	1.008731e+01
4.578000e-05	-2.703051e-02	1.003258e+01
4.579000e-05	-2.943308e-02	1.000198e+01
4.580000e-05	-3.047519e-02	9.979399e+00
4.581000e-05	-3.088705e-02	9.887892e+00
4.582000e-05	-2.932259e-02	9.851539e+00
4.583000e-05	-3.172412e-02	9.770020e+00
4.584000e-05	-3.232603e-02	9.703713e+00
4.585000e-05	-3.449538e-02	9.601503e+00
4.586000e-05	-3.537983e-02	9.558445e+00
4.587000e-05	-3.684470e-02	9.464690e+00
4.588000e-05	-3.514335e-02	9.413079e+00
4.589000e-05	-3.453926e-02	9.327819e+00
4.590000e-05	-3.648584e-02	9.253683e+00
4.591000e-05	-3.799908e-02	9.190525e+00
4.592000e-05	-4.081330e-02	9.107292e+00
4.593000e-05	-3.953401e-02	8.991450e+00
4.594000e-05	-3.856454e-02	8.844658e+00
4.595000e-05	-3.868676e-02	8.738921e+00
4.596000e-05	-4.081769e-02	8.693663e+00
4.597000e-05	-4.081839e-02	8.590348e+00
4.598000e-05	-4.005801e-02	8.474735e+00
4.599000e-05	-4.112406e-02	8.399949e+00
4.600000e-05	-4.237017e-02	8.253266e+00
4.601000e-05	-4.103461e-02	8.129343e+00
4.602000e-05	-3.911265e-02	8.033025e+00
4.603000e-05	-4.060369e-02	7.885214e+00
4.604000e-05	-4.108982e-02	7.748899e+00
4.605000e-05	-3.997238e-02	7.651135e+00
4.606000e-05	-3.905018e-02	7.526193e+00
4.607000e-05	-3.799398e-02	7.346296e+00
4.608000e-05	-3.491953e-02	7.168001e+00
4.609000e-05	-3.481370e-02	7.062608e+00
4.610000e-05	-3.478907e-02	6.917212e+00
4.611000e-05	-3.438758e-02	6.779528e+00
4.612000e-05	-3.113094e-02	6.673109e+00
4.613000e-05	-2.892920e-02	6.421584e+00
4.614000e-05	-2.847809e-02	6.325719e+00
4.615000e-05	-2.777933e-02	6.137976e+00
4.616000e-05	-2.477810e-02	5.991108e+00
4.617000e-05	-2.305846e-02	5.926242e+00
4.618000e-05	-2.347654e-02	5.703741e+00
4.619000e-05	-2.228787e-02	5.536793e+00
4.620000e-05	-1.868810e-02	5.379972e+00
4.621000e-05	-1.718915e-02	5.201054e+00
4.622000e-05	-1.769110e-02	4.969401e+00
4.623000e-05	-1.740294e-02	4.768499e+00
4.624000e-05	-1.658294e-02	4.631558e+00
4.625000e-05	-1.512279e-02	4.442689e+00
4.626000e-05	-1.351613e-02	4.293870e+00
4.627000e-05	-1.210711e-02	4.043215e+00
4.628000e-05	-1.201783e-02	3.916339e+00
4.629000e-05	-1.238803e-02	3.748895e+00
4.630000e-05	-1.093216e-02	3.589075e+00
4.631000e-05	-1.026779e-02	3.410026e+00
4.632000e-05	-1.019506e-02	3.190053e+00
4.633000e-05	-1.029258e-02	3.032081e+00
4.634000e-05	-8.188958e-03	2.873209e+00
4.635000e-05	-8.223568e-03	2.725744e+00
4.636000e-05	-1.020711e-02	2.423658e+00
4.637000e-05	-9.196239e-03	2.282688e+00
4.638000e-05	-7.203951e-03	2.056241e+00
4.639000e-05	-5.610107e-03	1.947819e+00
4.640000e-05	-6.489137e-03	1.706373e+00
4.641000e-05	-6.921062e-03	1.546871e+00
4.642000e-05	-7.253334e-03	1.357795e+00
4.643000e-05	-7.041922e-03	1.145350e+00
4.644000e-05	-6.027275e-03	8.737430e-01
4.645000e-05	-6.104759e-03	7.357910e-01
4.646000e-05	-4.304132e-03	5.348182e-01
4.647000e-05	-4.737636e-03	3.779474e-01
4.648000e-05	-5.634637e-03	1.772960e-01
4.649000e-05	-6.309854e-04	-1.305402e-02
4.650000e-05	1.319594e-03	-2.315226e-01
4.651000e-05	-1.493609e-03	-3.583960e-01
4.652000e-05	1.348302e-03	-5.388131e-01
4.653000e-05	-2.766462e-03	-7.689186e-01
4.654000e-05	-7.053243e-04	-9.253357e-01
4.655000e-05	-3.334869e-03	-1.084705e+00
4.656000e-05	1.031415e-02	-1.233679e+00
4.657000e-05	5.688473e-02	-1.475176e+00
4.658000e-05	4.255062e-02	-1.684202e+00
4.659000e-05	-7.573363e-02	-1.926786e+00
4.660000e-05	-1.153894e-02	-2.171487e+00
4.661000e-05	-9.302965e-02	-2.370500e+00
4.662000e-05	1.963305e-02	-2.493106e+00
4.663000e-05	1.575144e-01	-2.558441e+00
4.664000e-05	-1.553479e-01	-2.799444e+00
4.665000e-05	7.253437e-02	-2.970523e+00
4.666000e-05	8.786863e-02	-3.106886e+00
4.667000e-05	-1.789705e-01	-3.336365e+00
4.668000e-05	1.341487e-01	-3.505708e+00
4.669000e-05	1.797884e-02	-3.663053e+00
4.670000e-05	-1.591493e-01	-3.917356e+00
4.671000e-05	1.677807e-01	-4.031576e+00
4.672000e-05	-3.491937e-02	-4.253119e+00
4.673000e-05	-8.954978e-04	-4.440472e+00
4.674000e-05	1.401268e-02	-4.526385e+00
4.675000e-05	-1.575560e-01	-4.721438e+00
4.676000e-05	1.599380e-01	-4.907836e+00
4.677000e-05	6.982937e-03	-5.094732e+00
4.678000e-05	-5.354749e-02	-5.293627e+00
4.679000e-05	4.917241e-02	-5.476705e+00
4.680000e-05	-7.310528e-02	-5.644704e+00
4.681000e-05	9.677328e-02	-5.800999e+00
4.682000e-05	-7.213014e-02	-5.947442e+00
4.683000e-05	2.591570e-02	-6.117808e+00
4.684000e-05	4.689259e-02	-6.255782e+00
4.685000e-05	-7.789991e-02	-6.473128e+00
4.686000e-05	1.019033e-01	-6.580446e+00
4.687000e-05	-6.637910e-02	-6.738790e+00
4.688000e-05	2.804914e-02	-6.875678e+00
4.689000e-05	-5.679900e-03	-7.053573e+00
4.690000e-05	-1.408193e-02	-7.179971e+00
4.691000e-05	8.594785e-02	-7.328863e+00
4.692000e-05	-6.816002e-02	-7.463183e+00
4.693000e-05	3.424543e-02	-7.600525e+00
4.694000e-05	-2.600707e-02	-7.752463e+00
4.695000e-05	3.018395e-02	-7.977838e+00
4.696000e-05	9.880235e-03	-8.033128e+00
4.697000e-05	-1.570173e-02	-8.179441e+00
4.698000e-05	4.951781e-02	-8.253654e+00
4.699000e-05	-2.916940e-02	-8.379420e+00
4.700000e-05	1.660827e-02	-8.492682e+00
4.701000e-05	-1.576032e-02	-8.581015e+00
4.702000e-05	2.992904e-02	-8.729418e+00
4.703000e-05	1.124152e-02	-8.832552e+00
4.704000e-05	-1.120505e-02	-8.918838e+00
4.705000e-05	1.883002e-02	-9.001495e+00
4.706000e-05	-2.103057e-03	-9.095284e+00
4.707000e-05	1.842868e-02	-9.179496e+00
4.708000e-05	-8.163943e-03	-9.273580e+00
4.709000e-05	1.515451e-02	-9.328412e+00
4.710000e-05	8.852876e-03	-9.464198e+00
4.711000e-05	8.099447e-03	-9.557342e+00
4.712000e-05	8.656971e-03	-9.602049e+00
4.713000e-05	4.602697e-04	-9.676208e+00
4.714000e-05	3.665063e-03	-9.717762e+00
4.715000e-05	7.782859e-03	-9.791444e+00
4.716000e-05	2.364273e-02	-9.865126e+00
4.717000e-05	9.878865e-03	-9.887287e+00
4.718000e-05	-5.598582e-04	-9.928945e+00
4.719000e-05	1.423384e-03	-9.981922e+00
4.720000e-05	1.473005e-02	-1.001157e+01
4.721000e-05	1.559327e-02	-1.009415e+01
4.722000e-05	7.051738e-03	-1.015476e+01
4.723000e-05	6.993684e-03	-1.013887e+01
4.724000e-05	9.720403e-03	-1.019102e+01
4.725000e-05	1.231001e-02	-1.024212e+01
4.726000e-05	1.114536e-02	-1.019513e+01
4.727000e-05	7.304725e-03	-1.026561e+01
4.728000e-05	9.667255e-03	-1.028731e+01
4.729000e-05	1.518092e-02	-1.032692e+01
4.730000e-05	1.451331e-02	-1.030924e+01
4.731000e-05	1.056335e-02	-1.031892e+01
4.732000e-05	7.337831e-03	-1.033934e+01
4.733000e-05	1.210000e-02	-1.026829e+01
4.734000e-05	1.584123e-02	-1.032926e+01
4.735000e-05	1.755830e-02	-1.033782e+01
4.736000e-05	1.619603e-02	-1.028668e+01
4.737000e-05	1.390347e-02	-1.027665e+01
4.738000e-05	1.452297e-02	-1.023565e+01
4.739000e-05	1.757654e-02	-1.022360e+01
4.740000e-05	1.970685e-02	-1.018104e+01
4.741000e-05	1.979912e-02	-1.011939e+01
4.742000e-05	1.997121e-02	-1.011574e+01
4.743000e-05	2.133530e-02	-1.003513e+01
4.744000e-05	2.100537e-02	-1.002055e+01
4.745000e-05	2.008563e-02	-9.979972e+00
4.746000e-05	2.251765e-02	-9.928365e+00
4.747000e-05	2.592653e-02	-9.875289e+00
4.748000e-05	2.563985e-02	-9.821679e+00
4.749000e-05	2.578428e-02	-9.780978e+00
4.750000e-05	2.614672e-02	-9.718790e+00
4.751000e-05	2.727363e-02	-9.654682e+00
4.752000e-05	2.714108e-02	-9.600053e+00
4.753000e-05	2.853171e-02	-9.548900e+00
4.754000e-05	2.984903e-02	-9.465712e+00
4.755000e-05	3.075758e-02	-9.370392e+00
4.756000e-05	3.000814e-02	-9.223161e+00
4.757000e-05	2.911352e-02	-9.149945e+00
4.758000e-05	3.064480e-02	-9.095262e+00
4.759000e-05	3.254805e-02	-9.010026e+00
4.760000e-05	3.510288e-02	-8.886808e+00
4.761000e-05	3.577527e-02	-8.842004e+00
4.762000e-05	3.514530e-02	-8.748895e+00
4.763000e-05	3.328356e-02	-8.631530e+00
4.764000e-05	3.290590e-02	-8.506661e+00
4.765000e-05	3.367462e-02	-8.369969e+00
4.766000e-05	3.470831e-02	-8.264636e+00
4.767000e-05	3.390992e-02	-8.128422e+00
4.768000e-05	3.362157e-02	-8.023134e+00
4.769000e-05	3.440192e-02	-7.947271e+00
4.770000e-05	3.502371e-02	-7.767954e+00
4.771000e-05	3.305707e-02	-7.611125e+00
4.772000e-05	3.203161e-02	-7.493715e+00
4.773000e-05	3.127447e-02	-7.327343e+00
4.774000e-05	3.084806e-02	-7.241555e+00
4.775000e-05	2.677319e-02	-7.066267e+00
4.776000e-05	2.455974e-02	-6.937837e+00
4.777000e-05	2.541097e-02	-6.757997e+00
4.778000e-05	2.649372e-02	-6.611081e+00
4.779000e-05	2.500599e-02	-6.506215e+00
4.780000e-05	2.391561e-02	-6.378450e+00
4.781000e-05	2.094831e-02	-6.169520e+00
4.782000e-05	1.791039e-02	-6.020576e+00
4.783000e-05	1.501735e-02	-5.874159e+00
4.784000e-05	1.524330e-02	-5.736868e+00
4.785000e-05	1.400053e-02	-5.550474e+00
4.786000e-05	1.336062e-02	-5.340056e+00
4.787000e-05	1.237076e-02	-5.158647e+00
4.788000e-05	1.155537e-02	-5.010530e+00
4.789000e-05	8.580429e-03	-4.802955e+00
4.790000e-05	6.659212e-03	-4.590152e+00
4.791000e-05	7.767333e-03	-4.473687e+00
4.792000e-05	8.266218e-03	-4.325317e+00
4.793000e-05	4.010968e-03	-4.167445e+00
4.794000e-05	4.876216e-03	-4.011029e+00
4.795000e-05	2.163762e-03	-3.777509e+00
4.796000e-05	3.499053e-03	-3.580004e+00
4.797000e-05	2.220364e-03	-3.442582e+00
4.798000e-05	4.447093e-03	-3.282658e+00
4.799000e-05	2.160896e-03	-3.106316e+00
4.800000e-05	1.039970e-03	-2.843687e+00
4.801000e-05	2.051059e-04	-2.714718e+00
4.802000e-05	-1.016649e-03	-2.526420e+00
4.803000e-05	9.336115e-04	-2.358472e+00
4.804000e-05	-9.375385e-04	-2.146420e+00
4.805000e-05	1.777657e-03	-1.927946e+00
4.806000e-05	-1.267669e-03	-1.788996e+00
4.807000e-05	2.560220e-04	-1.622030e+00
4.808000e-05	-2.765441e-03	-1.407478e+00
4.809000e-05	-6.618060e-04	-1.117951e+00
4.810000e-05	-3.036944e-03	-9.874512e-01
4.811000e-05	-2.287341e-03	-7.690514e-01
4.812000e-05	-2.713251e-03	-5.794014e-01
4.813000e-05	-2.079326e-03	-3.890000e-01
4.814000e-05	-2.840893e-03	-1.984765e-01
4.815000e-05	-1.403134e-04	-3.118276e-02
4.816000e-05	4.535504e-03	1.587909e-01
4.817000e-05	-1.375333e-03	3.468911e-01
4.818000e-05	1.469498e-03	4.853120e-01
4.819000e-05	-2.836630e-03	6.842580e-01
4.820000e-05	-1.332157e-03	8.420075e-01
4.821000e-05	-2.820345e-03	1.033074e+00
4.822000e-05	2.729709e-03	1.234155e+00
4.823000e-05	1.446425e-02	1.451523e+00
4.824000e-05	6.385481e-02	1.663759e+00
4.825000e-05	9.532720e-03	1.936764e+00
4.826000e-05	-6.020555e-02	2.095789e+00
4.827000e-05	-3.413069e-02	2.273280e+00
4.828000e-05	-6.147008e-02	2.410546e+00
4.829000e-05	-3.047496e-02	2.568919e+00
4.830000e-05	1.595019e-01	2.747940e+00
4.831000e-05	-9.177156e-02	2.927291e+00
4.832000e-05	-3.618393e-02	3.043526e+00
4.833000e-05	1.328910e-01	3.261098e+00
4.834000e-05	-1.236439e-01	3.464230e+00
4.835000e-05	3.108943e-02	3.621075e+00
4.836000e-05	6.123344e-02	3.760842e+00
4.837000e-05	-1.273322e-01	4.019942e+00
4.838000e-05	7.121609e-02	4.136834e+00
4.839000e-05	2.655202e-02	4.388387e+00
4.840000e-05	-3.757228e-02	4.516386e+00
4.841000e-05	2.029249e-03	4.696236e+00
4.842000e-05	-6.948537e-02	4.916260e+00
4.843000e-05	3.270612e-02	5.086908e+00
4.844000e-05	3.265659e-02	5.316812e+00
4.845000e-05	-6.971879e-03	5.484655e+00
4.846000e-05	-2.284641e-02	5.641047e+00
4.847000e-05	-1.554699e-02	5.841621e+00
4.848000e-05	1.518220e-02	6.000020e+00
4.849000e-05	-2.897752e-02	6.127262e+00
4.850000e-05	4.005767e-03	6.265158e+00
4.851000e-05	9.533195e-03	6.400472e+00
4.852000e-05	-3.439035e-02	6.560367e+00
4.853000e-05	2.358991e-02	6.767418e+00
4.854000e-05	-3.051101e-02	6.895209e+00
4.855000e-05	-9.042074e-03	7.022599e+00
4.856000e-05	-2.541966e-03	7.157845e+00
4.857000e-05	-6.177777e-03	7.316707e+00
4.858000e-05	1.009664e-02	7.423155e+00
4.859000e-05	-2.735701e-02	7.661950e+00
4.860000e-05	-5.363305e-03	7.767844e+00
4.861000e-05	-1.818753e-02	7.884237e+00
4.862000e-05	4.283232e-03	8.055076e+00
4.863000e-05	-1.254954e-02	8.139943e+00
4.864000e-05	-1.269913e-02	8.265232e+00
4.865000e-05	2.417416e-03	8.380499e+00
4.866000e-05	-9.833647e-03	8.503682e+00
4.867000e-05	-1.612954e-02	8.539371e+00
4.868000e-05	-2.146983e-02	8.705733e+00
4.869000e-05	-3.203342e-03	8.749495e+00
4.870000e-05	-1.328007e-03	8.843579e+00
4.871000e-05	-1.108461e-02	8.937863e+00
4.872000e-05	-1.699777e-02	9.057834e+00
4.873000e-05	-1.284624e-02	9.179520e+00
4.874000e-05	-9.100682e-03	9.282633e+00
4.875000e-05	-9.974866e-03	9.298292e+00
4.876000e-05	-1.159754e-02	9.420503e+00
4.877000e-05	-1.156740e-02	9.477786e+00
4.878000e-05	-1.097844e-02	9.549366e+00
4.879000e-05	-1.204795e-02	9.643552e+00
4.880000e-05	-1.469738e-02	9.695187e+00
4.881000e-05	-1.921401e-02	9.760516e+00
4.882000e-05	-1.113257e-02	9.806177e+00
4.883000e-05	-5.085981e-03	9.916867e+00
4.884000e-05	-8.188330e-03	9.989495e+00
4.885000e-05	-1.892860e-02	9.991576e+00
4.886000e-05	-1.897578e-02	1.005366e+01
4.887000e-05	-1.233645e-02	1.007479e+01
4.888000e-05	-1.171010e-02	1.011789e+01
4.889000e-05	-1.489044e-02	1.012794e+01
4.890000e-05	-1.755230e-02	1.024099e+01
4.891000e-05	-1.463629e-02	1.025210e+01
4.892000e-05	-1.474355e-02	1.025510e+01
4.893000e-05	-1.359350e-02	1.025361e+01
4.894000e-05	-1.747626e-02	1.029781e+01
4.895000e-05	-1.833796e-02	1.033524e+01
4.896000e-05	-1.352777e-02	1.030569e+01
4.897000e-05	-1.511094e-02	1.031834e+01
4.898000e-05	-2.001501e-02	1.031732e+01
4.899000e-05	-2.393142e-02	1.028734e+01
4.900000e-05	-1.870990e-02	1.029686e+01
4.901000e-05	-1.810052e-02	1.029526e+01
4.902000e-05	-1.785878e-02	1.026581e+01
4.903000e-05	-2.229421e-02	1.027614e+01
4.904000e-05	-2.264200e-02	1.026423e+01
4.905000e-05	-2.300714e-02	1.025363e+01
4.906000e-05	-2.381007e-02	1.018010e+01
4.907000e-05	-2.486428e-02	1.018105e+01
4.908000e-05	-2.666733e-02	1.012737e+01
4.909000e-05	-2.499853e-02	1.010634e+01
4.910000e-05	-2.625814e-02	1.006470e+01
4.911000e-05	-2.777668e-02	1.004263e+01
4.912000e-05	-3.117946e-02	9.981552e+00
4.913000e-05	-2.965417e-02	9.948343e+00
4.914000e-05	-2.932384e-02	9.856742e+00
4.915000e-05	-2.941818e-02	9.802028e+00
4.916000e-05	-3.292254e-02	9.715687e+00
4.917000e-05	-3.412518e-02	9.634159e+00
4.918000e-05	-3.382336e-02	9.560497e+00
4.919000e-05	-3.532923e-02	9.516844e+00
4.920000e-05	-3.553254e-02	9.422606e+00
4.921000e-05	-3.632519e-02	9.389924e+00
4.922000e-05	-3.659067e-02	9.286313e+00
4.923000e-05	-3.754180e-02	9.191606e+00
4.924000e-05	-3.912969e-02	9.178497e+00
4.925000e-05	-3.854441e-02	9.046185e+00
4.926000e-05	-4.041354e-02	8.896267e+00
4.927000e-05	-3.809729e-02	8.800050e+00
4.928000e-05	-4.053813e-02	8.767315e+00
4.929000e-05	-3.978694e-02	8.621606e+00
4.930000e-05	-4.289956e-02	8.497289e+00
4.931000e-05	-4.008786e-02	8.421608e+00
4.932000e-05	-4.096992e-02	8.337297e+00
4.933000e-05	-4.009916e-02	8.219031e+00
4.934000e-05	-4.115882e-02	8.074784e+00
4.935000e-05	-3.976242e-02	7.957926e+00
4.936000e-05	-3.992934e-02	7.821508e+00
4.937000e-05	-3.978213e-02	7.695239e+00
4.938000e-05	-4.043845e-02	7.558947e+00
4.939000e-05	-3.845302e-02	7.400934e+00
4.940000e-05	-3.597450e-02	7.192108e+00
4.941000e-05	-3.465412e-02	7.107815e+00
4.942000e-05	-3.531004e-02	7.008999e+00
4.943000e-05	-3.500528e-02	6.831085e+00
4.944000e-05	-3.251994e-02	6.726292e+00
4.945000e-05	-2.915583e-02	6.535724e+00
4.946000e-05	-2.898442e-02	6.387972e+00
4.947000e-05	-2.707812e-02	6.244113e+00
4.948000e-05	-2.637841e-02	6.095240e+00
4.949000e-05	-2.504457e-02	5.948422e+00
4.950000e-05	-2.364693e-02	5.771400e+00
4.951000e-05	-2.230356e-02	5.570580e+00
4.952000e-05	-2.111366e-02	5.461160e+00
4.953000e-05	-1.891464e-02	5.285163e+00
4.954000e-05	-1.662476e-02	5.092659e+00
4.955000e-05	-1.692461e-02	4.843185e+00
4.956000e-05	-1.618010e-02	4.674616e+00
4.957000e-05	-1.669225e-02	4.486821e+00
4.958000e-05	-1.346459e-02	4.380021e+00
4.959000e-05	-1.252135e-02	4.147905e+00
4.960000e-05	-1.209014e-02	3.979524e+00
4.961000e-05	-1.218637e-02	3.851058e+00
4.962000e-05	-1.218418e-02	3.660636e+00
4.963000e-05	-1.075142e-02	3.516818e+00
4.964000e-05	-1.097578e-02	3.296214e+00
4.965000e-05	-9.741223e-03	3.105814e+00
4.966000e-05	-9.873429e-03	2.946822e+00
4.967000e-05	-7.709827e-03	2.759024e+00
4.968000e-05	-7.850779e-03	2.598402e+00
4.969000e-05	-9.309793e-03	2.337846e+00
4.970000e-05	-9.401504e-03	2.148427e+00
4.971000e-05	-8.066752e-03	2.000556e+00
4.972000e-05	-6.266936e-03	1.854059e+00
4.973000e-05	-5.848074e-03	1.622651e+00
4.974000e-05	-6.850899e-03	1.401034e+00
4.975000e-05	-6.517038e-03	1.262158e+00
4.976000e-05	-6.279590e-03	1.031458e+00
4.977000e-05	-6.031661e-03	7.899761e-01
4.978000e-05	-4.563522e-03	6.195826e-01
4.979000e-05	-5.561604e-03	4.300827e-01
4.980000e-05	-4.844590e-03	2.641655e-01
4.981000e-05	-3.086617e-03	6.160907e-02
4.982000e-05	2.356175e-03	-1.662882e-01
4.983000e-05	-1.319913e-03	-3.162332e-01
4.984000e-05	-2.185547e-03	-4.415552e-01
4.985000e-05	-9.057183e-04	-6.567266e-01
4.986000e-05	-1.549119e-03	-8.619777e-01
4.987000e-05	-1.723057e-03	-1.020995e+00
4.988000e-05	1.182937e-03	-1.157340e+00
4.989000e-05	2.725142e-02	-1.386867e+00
4.990000e-05	8.706017e-02	-1.569445e+00
4.991000e-05	-5.653072e-02	-1.830544e+00
4.992000e-05	-2.716435e-02	-2.053625e+00
4.993000e-05	-6.362338e-02	-2.337862e+00
4.994000e-05	-7.063734e-02	-2.452627e+00
4.995000e-05	1.560116e-01	-2.527287e+00
4.996000e-05	-1.161756e-02	-2.655204e+00
4.997000e-05	-1.280869e-01	-2.926235e+00
4.998000e-05	1.901589e-01	-3.085707e+00
4.999000e-05	-1.414060e-01	-3.252726e+00
