# 260410_16:00:23.960960
t	CH1	CH2
0.000000e+00	-7.613881e-04	-9.772870e-01
1.000000e-08	-1.447246e-03	-1.126209e+00
2.000000e-08	1.458284e-02	-1.224152e+00
3.000000e-08	8.203822e-02	-1.524182e+00
4.000000e-08	-1.013281e-02	-1.725239e+00
5.000000e-08	-5.748683e-02	-1.978937e+00
6.000000e-08	-2.936076e-02	-2.272047e+00
7.000000e-08	-9.997060e-02	-2.412998e+00
8.000000e-08	9.887106e-02	-2.512683e+00
9.000000e-08	9.590544e-02	-2.589893e+00
1.000000e-07	-1.847432e-01	-2.830951e+00
1.100000e-07	1.843899e-01	-3.000621e+00
1.200000e-07	-2.994222e-02	-3.169910e+00
1.300000e-07	-1.344410e-01	-3.429895e+00
1.400000e-07	1.869777e-01	-3.556318e+00
1.500000e-07	-8.555204e-02	-3.725184e+00
1.600000e-07	-8.363438e-02	-3.955808e+00
1.700000e-07	1.842336e-01	-4.042079e+00
1.800000e-07	-1.177497e-01	-4.315057e+00
1.900000e-07	8.056530e-02	-4.421976e+00
2.000000e-07	-6.590799e-02	-4.549342e+00
2.100000e-07	-8.818501e-02	-4.830994e+00
2.200000e-07	1.873996e-01	-4.978342e+00
2.300000e-07	-8.948850e-02	-5.157211e+00
2.400000e-07	2.376747e-02	-5.327136e+00
2.500000e-07	-6.415120e-03	-5.485088e+00
2.600000e-07	-3.972120e-02	-5.755133e+00
2.700000e-07	9.574200e-02	-5.872554e+00
2.800000e-07	-1.014175e-01	-6.010948e+00
2.900000e-07	9.924889e-02	-6.177740e+00
3.000000e-07	-3.297875e-02	-6.357163e+00
3.100000e-07	-3.112124e-02	-6.504184e+00
3.200000e-07	8.896294e-02	-6.630926e+00
3.300000e-07	-8.433900e-02	-6.779349e+00
3.400000e-07	7.268433e-02	-6.905134e+00
3.500000e-07	-5.977645e-02	-7.094604e+00
3.600000e-07	4.176896e-02	-7.241404e+00
3.700000e-07	4.184070e-02	-7.377370e+00
3.800000e-07	-5.728088e-02	-7.555684e+00
3.900000e-07	4.876418e-02	-7.661976e+00
4.000000e-07	-4.349041e-02	-7.840394e+00
4.100000e-07	5.745557e-02	-7.969290e+00
4.200000e-07	-2.348376e-02	-8.084582e+00
4.300000e-07	1.598586e-02	-8.189920e+00
4.400000e-07	2.807865e-02	-8.325587e+00
4.500000e-07	-3.248239e-02	-8.430402e+00
4.600000e-07	2.548668e-02	-8.495632e+00
4.700000e-07	-1.720178e-02	-8.672457e+00
4.800000e-07	4.940132e-02	-8.798821e+00
4.900000e-07	-1.661475e-02	-8.853628e+00
5.000000e-07	4.176369e-03	-8.976295e+00
5.100000e-07	1.208287e-02	-9.041504e+00
5.200000e-07	5.879938e-03	-9.135743e+00
5.300000e-07	1.427174e-02	-9.180447e+00
5.400000e-07	-1.015211e-02	-9.325660e+00
5.500000e-07	2.388328e-02	-9.418927e+00
5.600000e-07	2.019146e-03	-9.472707e+00
5.700000e-07	1.227242e-02	-9.597746e+00
5.800000e-07	2.298749e-03	-9.671431e+00
5.900000e-07	5.656056e-03	-9.714188e+00
6.000000e-07	5.201942e-03	-9.736720e+00
6.100000e-07	1.279708e-02	-9.819954e+00
6.200000e-07	2.020356e-02	-9.894186e+00
6.300000e-07	1.925501e-03	-9.976196e+00
6.400000e-07	1.969120e-03	-9.967823e+00
6.500000e-07	6.567715e-03	-9.989425e+00
6.600000e-07	1.906746e-02	-1.006156e+01
6.700000e-07	1.021990e-02	-1.011159e+01
6.800000e-07	4.358075e-03	-1.016717e+01
6.900000e-07	7.328308e-03	-1.019737e+01
7.000000e-07	1.182161e-02	-1.027881e+01
7.100000e-07	1.325137e-02	-1.024196e+01
7.200000e-07	8.744937e-03	-1.029196e+01
7.300000e-07	9.427082e-03	-1.032407e+01
7.400000e-07	1.204370e-02	-1.030466e+01
7.500000e-07	1.585896e-02	-1.033522e+01
7.600000e-07	1.034216e-02	-1.038822e+01
7.700000e-07	1.014022e-02	-1.035680e+01
7.800000e-07	9.877859e-03	-1.033485e+01
7.900000e-07	1.487955e-02	-1.036635e+01
8.000000e-07	1.613251e-02	-1.035614e+01
8.100000e-07	1.726569e-02	-1.031564e+01
8.200000e-07	1.421600e-02	-1.034364e+01
8.300000e-07	1.527759e-02	-1.030364e+01
8.400000e-07	1.482674e-02	-1.028364e+01
8.500000e-07	2.126837e-02	-1.026048e+01
8.600000e-07	2.163713e-02	-1.021733e+01
8.700000e-07	2.067689e-02	-1.019627e+01
8.800000e-07	2.074923e-02	-1.011616e+01
8.900000e-07	2.053660e-02	-1.006361e+01
9.000000e-07	2.162787e-02	-9.999926e+00
9.100000e-07	2.093125e-02	-9.958850e+00
9.200000e-07	2.651865e-02	-9.957269e+00
9.300000e-07	2.614574e-02	-9.924143e+00
9.400000e-07	2.762254e-02	-9.833977e+00
9.500000e-07	2.783109e-02	-9.769471e+00
9.600000e-07	2.947592e-02	-9.737195e+00
9.700000e-07	2.851826e-02	-9.653084e+00
9.800000e-07	2.801869e-02	-9.630028e+00
9.900000e-07	3.075163e-02	-9.576247e+00
1.000000e-06	3.270018e-02	-9.483113e+00
1.010000e-06	3.197089e-02	-9.397199e+00
1.020000e-06	3.250032e-02	-9.252535e+00
1.030000e-06	3.331170e-02	-9.178399e+00
1.040000e-06	3.575393e-02	-9.104988e+00
1.050000e-06	3.646906e-02	-8.987354e+00
1.060000e-06	3.669410e-02	-8.946212e+00
1.070000e-06	3.618229e-02	-8.809057e+00
1.080000e-06	3.478366e-02	-8.727269e+00
1.090000e-06	3.601271e-02	-8.619954e+00
1.100000e-06	3.669345e-02	-8.443113e+00
1.110000e-06	3.812745e-02	-8.356797e+00
1.120000e-06	3.772701e-02	-8.263109e+00
1.130000e-06	3.853786e-02	-8.145799e+00
1.140000e-06	3.772102e-02	-8.030570e+00
1.150000e-06	3.559769e-02	-7.944171e+00
1.160000e-06	3.574836e-02	-7.775772e+00
1.170000e-06	3.468996e-02	-7.579551e+00
1.180000e-06	3.480375e-02	-7.484110e+00
1.190000e-06	3.478107e-02	-7.295274e+00
1.200000e-06	3.362782e-02	-7.200002e+00
1.210000e-06	3.005318e-02	-7.063764e+00
1.220000e-06	2.738272e-02	-6.864613e+00
1.230000e-06	2.856746e-02	-6.767397e+00
1.240000e-06	2.751120e-02	-6.599455e+00
1.250000e-06	2.584852e-02	-6.464584e+00
1.260000e-06	2.262631e-02	-6.337322e+00
1.270000e-06	2.050541e-02	-6.157376e+00
1.280000e-06	1.875958e-02	-5.989450e+00
1.290000e-06	1.721761e-02	-5.853085e+00
1.300000e-06	1.571621e-02	-5.715163e+00
1.310000e-06	1.530336e-02	-5.566373e+00
1.320000e-06	1.364348e-02	-5.358725e+00
1.330000e-06	1.210850e-02	-5.146345e+00
1.340000e-06	9.563587e-03	-4.968397e+00
1.350000e-06	1.011563e-02	-4.747847e+00
1.360000e-06	6.712252e-03	-4.577451e+00
1.370000e-06	8.111155e-03	-4.420509e+00
1.380000e-06	5.972379e-03	-4.294217e+00
1.390000e-06	6.093538e-03	-4.116922e+00
1.400000e-06	3.198934e-03	-3.977924e+00
1.410000e-06	4.039778e-03	-3.766426e+00
1.420000e-06	2.946258e-03	-3.589450e+00
1.430000e-06	4.255539e-03	-3.400051e+00
1.440000e-06	2.526037e-03	-3.249584e+00
1.450000e-06	3.342414e-03	-3.072163e+00
1.460000e-06	-1.080343e-03	-2.810610e+00
1.470000e-06	7.576837e-04	-2.683284e+00
1.480000e-06	-8.038934e-04	-2.501693e+00
1.490000e-06	1.329857e-03	-2.356369e+00
1.500000e-06	2.600671e-04	-2.055217e+00
1.510000e-06	-4.775814e-04	-1.914792e+00
1.520000e-06	-6.719595e-04	-1.725372e+00
1.530000e-06	7.778972e-04	-1.567926e+00
1.540000e-06	-2.859284e-03	-1.354419e+00
1.550000e-06	-1.178978e-03	-1.105271e+00
1.560000e-06	-4.217900e-03	-8.953431e-01
1.570000e-06	5.030391e-04	-6.964496e-01
1.580000e-06	-2.720878e-03	-5.053769e-01
1.590000e-06	-5.985899e-04	-3.458957e-01
1.600000e-06	-1.860224e-03	-1.684747e-01
1.610000e-06	1.742058e-03	3.042269e-02
1.620000e-06	2.993944e-03	2.204688e-01
1.630000e-06	-4.028924e-03	4.315213e-01
1.640000e-06	2.123691e-03	5.878896e-01
1.650000e-06	-1.884699e-03	7.662184e-01
1.660000e-06	-4.099842e-04	8.751055e-01
1.670000e-06	-5.750674e-04	1.137287e+00
1.680000e-06	6.574648e-03	1.295654e+00
1.690000e-06	2.415639e-02	1.435187e+00
1.700000e-06	7.146069e-02	1.847970e+00
1.710000e-06	-2.961546e-02	1.979840e+00
1.720000e-06	-4.694950e-02	2.170265e+00
1.730000e-06	-3.919367e-02	2.345712e+00
1.740000e-06	-6.858393e-02	2.455129e+00
1.750000e-06	1.687203e-02	2.611999e+00
1.760000e-06	1.570830e-01	2.800973e+00
1.770000e-06	-1.732124e-01	2.990420e+00
1.780000e-06	7.379349e-02	3.084183e+00
1.790000e-06	4.949722e-02	3.297180e+00
1.800000e-06	-1.149440e-01	3.567266e+00
1.810000e-06	8.712428e-02	3.632579e+00
1.820000e-06	4.548433e-03	3.822978e+00
1.830000e-06	-1.150853e-01	4.000429e+00
1.840000e-06	1.080795e-01	4.261820e+00
1.850000e-06	-2.208559e-02	4.462453e+00
1.860000e-06	-1.118125e-02	4.561216e+00
1.870000e-06	-1.600513e-02	4.787262e+00
1.880000e-06	-5.787350e-02	4.997818e+00
1.890000e-06	5.878199e-02	5.190319e+00
1.900000e-06	-9.388316e-04	5.357365e+00
1.910000e-06	2.329371e-03	5.526762e+00
1.920000e-06	-3.170085e-02	5.663687e+00
1.930000e-06	-6.646031e-04	5.854556e+00
1.940000e-06	5.494136e-03	6.021453e+00
1.950000e-06	-3.223299e-02	6.188744e+00
1.960000e-06	2.337307e-02	6.326212e+00
1.970000e-06	-1.439233e-02	6.434579e+00
1.980000e-06	-2.040514e-02	6.671948e+00
1.990000e-06	1.329888e-02	6.801448e+00
2.000000e-06	-2.974830e-02	6.926741e+00
2.010000e-06	2.982476e-03	7.084981e+00
2.020000e-06	-9.967991e-03	7.189403e+00
2.030000e-06	-4.080324e-03	7.354718e+00
2.040000e-06	1.367292e-03	7.537636e+00
2.050000e-06	-2.417711e-02	7.673058e+00
2.060000e-06	-1.808729e-03	7.791394e+00
2.070000e-06	-1.810658e-02	7.977616e+00
2.080000e-06	3.447433e-03	8.117264e+00
2.090000e-06	-1.382376e-02	8.262399e+00
2.100000e-06	-6.405514e-03	8.335764e+00
2.110000e-06	2.121071e-03	8.440428e+00
2.120000e-06	-1.775364e-02	8.516687e+00
2.130000e-06	-1.485696e-02	8.592003e+00
2.140000e-06	-1.970154e-02	8.697212e+00
2.150000e-06	3.109386e-03	8.798975e+00
2.160000e-06	-8.826696e-03	8.865158e+00
2.170000e-06	-1.239049e-02	9.021875e+00
2.180000e-06	-1.456104e-02	9.167766e+00
2.190000e-06	-1.041436e-02	9.232481e+00
2.200000e-06	-7.996621e-03	9.304715e+00
2.210000e-06	-1.443653e-02	9.358798e+00
2.220000e-06	-9.537263e-03	9.472457e+00
2.230000e-06	-1.322226e-02	9.526713e+00
2.240000e-06	-9.640347e-03	9.628351e+00
2.250000e-06	-1.461709e-02	9.633559e+00
2.260000e-06	-1.501763e-02	9.736689e+00
2.270000e-06	-1.660726e-02	9.850872e+00
2.280000e-06	-8.697041e-03	9.945039e+00
2.290000e-06	-5.773048e-03	9.977243e+00
2.300000e-06	-1.375525e-02	9.980476e+00
2.310000e-06	-1.850284e-02	1.007196e+01
2.320000e-06	-1.591491e-02	1.010409e+01
2.330000e-06	-9.213712e-03	1.015622e+01
2.340000e-06	-1.279928e-02	1.016630e+01
2.350000e-06	-1.684240e-02	1.015883e+01
2.360000e-06	-1.548284e-02	1.024151e+01
2.370000e-06	-1.473513e-02	1.030203e+01
2.380000e-06	-1.572093e-02	1.028569e+01
2.390000e-06	-1.642678e-02	1.030564e+01
2.400000e-06	-1.705527e-02	1.032514e+01
2.410000e-06	-1.652987e-02	1.033614e+01
2.420000e-06	-1.307945e-02	1.032684e+01
2.430000e-06	-1.763477e-02	1.031672e+01
2.440000e-06	-2.108603e-02	1.030625e+01
2.450000e-06	-2.248256e-02	1.029672e+01
2.460000e-06	-1.703097e-02	1.031724e+01
2.470000e-06	-1.878701e-02	1.034574e+01
2.480000e-06	-1.994362e-02	1.032519e+01
2.490000e-06	-2.246668e-02	1.030412e+01
2.500000e-06	-2.234316e-02	1.032519e+01
2.510000e-06	-2.357314e-02	1.026058e+01
2.520000e-06	-2.519308e-02	1.026248e+01
2.530000e-06	-2.484620e-02	1.018888e+01
2.540000e-06	-2.539693e-02	1.015733e+01
2.550000e-06	-2.691575e-02	1.010622e+01
2.560000e-06	-2.871792e-02	1.010517e+01
2.570000e-06	-3.011530e-02	1.005106e+01
2.580000e-06	-3.024468e-02	1.001791e+01
2.590000e-06	-3.077231e-02	9.956296e+00
2.600000e-06	-3.020156e-02	9.894662e+00
2.610000e-06	-3.241812e-02	9.821480e+00
2.620000e-06	-3.439550e-02	9.726280e+00
2.630000e-06	-3.585825e-02	9.643061e+00
2.640000e-06	-3.639276e-02	9.589379e+00
2.650000e-06	-3.715455e-02	9.515644e+00
2.660000e-06	-3.789576e-02	9.442107e+00
2.670000e-06	-3.621950e-02	9.357875e+00
2.680000e-06	-3.945053e-02	9.256213e+00
2.690000e-06	-3.937269e-02	9.210029e+00
2.700000e-06	-4.290883e-02	9.137347e+00
2.710000e-06	-3.983396e-02	9.041538e+00
2.720000e-06	-4.156355e-02	8.916644e+00
2.730000e-06	-3.991542e-02	8.788508e+00
2.740000e-06	-4.477627e-02	8.695242e+00
2.750000e-06	-4.404983e-02	8.641033e+00
2.760000e-06	-4.542464e-02	8.505746e+00
2.770000e-06	-4.241453e-02	8.390008e+00
2.780000e-06	-4.377871e-02	8.304243e+00
2.790000e-06	-4.319470e-02	8.188931e+00
2.800000e-06	-4.343355e-02	8.102609e+00
2.810000e-06	-4.258466e-02	7.916851e+00
2.820000e-06	-4.249429e-02	7.820429e+00
2.830000e-06	-4.361796e-02	7.675092e+00
2.840000e-06	-4.210250e-02	7.548901e+00
2.850000e-06	-4.098970e-02	7.329480e+00
2.860000e-06	-3.758617e-02	7.181083e+00
2.870000e-06	-3.763746e-02	7.104694e+00
2.880000e-06	-3.711677e-02	6.927872e+00
2.890000e-06	-3.529715e-02	6.820509e+00
2.900000e-06	-3.183241e-02	6.705167e+00
2.910000e-06	-2.983381e-02	6.495272e+00
2.920000e-06	-2.949063e-02	6.347372e+00
2.930000e-06	-2.808098e-02	6.231008e+00
2.940000e-06	-2.635282e-02	6.073690e+00
2.950000e-06	-2.477533e-02	5.936874e+00
2.960000e-06	-2.369909e-02	5.735851e+00
2.970000e-06	-2.132195e-02	5.557402e+00
2.980000e-06	-1.950761e-02	5.411084e+00
2.990000e-06	-1.762442e-02	5.220638e+00
3.000000e-06	-1.843509e-02	5.061041e+00
3.010000e-06	-1.650708e-02	4.832133e+00
3.020000e-06	-1.600077e-02	4.692166e+00
3.030000e-06	-1.477998e-02	4.474743e+00
3.040000e-06	-1.292285e-02	4.358947e+00
3.050000e-06	-1.240627e-02	4.144846e+00
3.060000e-06	-1.165727e-02	3.998446e+00
3.070000e-06	-1.129582e-02	3.768930e+00
3.080000e-06	-1.109265e-02	3.651033e+00
3.090000e-06	-1.039739e-02	3.463762e+00
3.100000e-06	-1.027754e-02	3.242162e+00
3.110000e-06	-9.010311e-03	3.073787e+00
3.120000e-06	-9.023628e-03	2.905318e+00
3.130000e-06	-8.310479e-03	2.768946e+00
3.140000e-06	-8.532159e-03	2.464874e+00
3.150000e-06	-9.601147e-03	2.294845e+00
3.160000e-06	-7.224212e-03	2.168797e+00
3.170000e-06	-8.722682e-03	1.989525e+00
3.180000e-06	-5.949139e-03	1.819481e+00
3.190000e-06	-8.323056e-03	1.557533e+00
3.200000e-06	-6.160281e-03	1.389006e+00
3.210000e-06	-5.446345e-03	1.188507e+00
3.220000e-06	-6.225338e-03	9.679207e-01
3.230000e-06	-6.876034e-03	7.674474e-01
3.240000e-06	-5.610420e-03	5.579776e-01
3.250000e-06	-4.768988e-03	3.999563e-01
3.260000e-06	-4.542391e-03	1.590289e-01
3.270000e-06	-3.493281e-03	1.007560e-03
3.280000e-06	2.952314e-03	-1.994149e-01
3.290000e-06	-3.867701e-03	-3.377885e-01
3.300000e-06	1.226541e-03	-5.022091e-01
3.310000e-06	-3.767621e-03	-7.542555e-01
3.320000e-06	-1.667038e-03	-8.735842e-01
3.330000e-06	-3.562762e-03	-1.032578e+00
3.340000e-06	5.902892e-03	-1.231045e+00
3.350000e-06	4.604881e-02	-1.400846e+00
3.360000e-06	7.303256e-02	-1.630050e+00
3.370000e-06	-8.358143e-02	-1.894102e+00
3.380000e-06	-8.539782e-03	-2.146708e+00
3.390000e-06	-9.210727e-02	-2.367811e+00
3.400000e-06	-2.548966e-02	-2.473081e+00
3.410000e-06	1.844530e-01	-2.526735e+00
3.420000e-06	-1.204411e-01	-2.736210e+00
3.430000e-06	-2.096435e-02	-2.927188e+00
3.440000e-06	1.514960e-01	-3.122159e+00
3.450000e-06	-2.007431e-01	-3.276083e+00
3.460000e-06	9.153121e-02	-3.503158e+00
3.470000e-06	8.542654e-02	-3.611473e+00
3.480000e-06	-1.864469e-01	-3.904374e+00
3.490000e-06	1.475997e-01	-3.990849e+00
3.500000e-06	2.215001e-02	-4.208917e+00
3.510000e-06	-5.624542e-02	-4.398917e+00
3.520000e-06	7.016042e-02	-4.495607e+00
3.530000e-06	-1.738674e-01	-4.725681e+00
3.540000e-06	1.351971e-01	-4.905053e+00
3.550000e-06	5.389844e-02	-5.042501e+00
3.560000e-06	-9.044680e-02	-5.275480e+00
3.570000e-06	8.185719e-02	-5.391479e+00
3.580000e-06	-9.389960e-02	-5.653476e+00
3.590000e-06	8.915744e-02	-5.848895e+00
3.600000e-06	-3.925038e-02	-5.916811e+00
3.610000e-06	-1.373940e-02	-6.044081e+00
3.620000e-06	8.555066e-02	-6.241975e+00
3.630000e-06	-1.116880e-01	-6.420952e+00
3.640000e-06	1.019826e-01	-6.568341e+00
3.650000e-06	-3.790659e-02	-6.684586e+00
3.660000e-06	4.312664e-03	-6.853508e+00
3.670000e-06	2.328988e-02	-7.030775e+00
3.680000e-06	-5.325454e-02	-7.228873e+00
3.690000e-06	1.055638e-01	-7.296686e+00
3.700000e-06	-6.651401e-02	-7.472479e+00
3.710000e-06	2.731382e-02	-7.578793e+00
3.720000e-06	-1.489954e-02	-7.745091e+00
3.730000e-06	1.184456e-02	-7.925263e+00
3.740000e-06	3.344201e-02	-8.021429e+00
3.750000e-06	-3.260394e-02	-8.135213e+00
3.760000e-06	5.543512e-02	-8.272533e+00
3.770000e-06	-2.993136e-02	-8.358244e+00
3.780000e-06	1.387209e-02	-8.443583e+00
3.790000e-06	-5.655058e-03	-8.568821e+00
3.800000e-06	1.880253e-02	-8.744588e+00
3.810000e-06	2.089855e-02	-8.830455e+00
3.820000e-06	-2.318547e-02	-8.934736e+00
3.830000e-06	2.512372e-02	-9.010876e+00
3.840000e-06	-9.608333e-04	-9.124536e+00
3.850000e-06	2.070285e-02	-9.159343e+00
3.860000e-06	-7.696905e-03	-9.261503e+00
3.870000e-06	1.016719e-02	-9.287717e+00
3.880000e-06	1.414068e-02	-9.450929e+00
3.890000e-06	3.435024e-03	-9.556791e+00
3.900000e-06	1.112818e-02	-9.650953e+00
3.910000e-06	-1.518618e-03	-9.703611e+00
3.920000e-06	8.195056e-03	-9.746715e+00
3.930000e-06	5.724122e-03	-9.789876e+00
3.940000e-06	2.193106e-02	-9.862534e+00
3.950000e-06	8.981539e-03	-9.885638e+00
3.960000e-06	7.286008e-04	-9.968818e+00
3.970000e-06	4.040204e-03	-9.968871e+00
3.980000e-06	1.371177e-02	-1.003098e+01
3.990000e-06	1.646831e-02	-1.006353e+01
4.000000e-06	4.349046e-03	-1.012572e+01
4.010000e-06	5.576260e-03	-1.017732e+01
4.020000e-06	9.430839e-03	-1.015092e+01
4.030000e-06	1.292491e-02	-1.026051e+01
4.040000e-06	1.102571e-02	-1.028250e+01
4.050000e-06	9.232117e-03	-1.031249e+01
4.060000e-06	1.023319e-02	-1.032456e+01
4.070000e-06	1.527201e-02	-1.034527e+01
4.080000e-06	1.363772e-02	-1.030609e+01
4.090000e-06	8.828897e-03	-1.036732e+01
4.100000e-06	8.634353e-03	-1.038922e+01
4.110000e-06	1.395785e-02	-1.034677e+01
4.120000e-06	1.627176e-02	-1.034589e+01
4.130000e-06	1.627405e-02	-1.036617e+01
4.140000e-06	1.513741e-02	-1.035517e+01
4.150000e-06	1.569663e-02	-1.030259e+01
4.160000e-06	1.558651e-02	-1.028361e+01
4.170000e-06	1.835348e-02	-1.028109e+01
4.180000e-06	1.990360e-02	-1.021880e+01
4.190000e-06	1.978714e-02	-1.018938e+01
4.200000e-06	1.953957e-02	-1.013370e+01
4.210000e-06	2.166969e-02	-1.006307e+01
4.220000e-06	2.277275e-02	-1.003060e+01
4.230000e-06	2.144706e-02	-1.001945e+01
4.240000e-06	2.477372e-02	-9.956322e+00
4.250000e-06	2.643549e-02	-9.924196e+00
4.260000e-06	2.860111e-02	-9.883637e+00
4.270000e-06	2.611908e-02	-9.817952e+00
4.280000e-06	2.793314e-02	-9.737152e+00
4.290000e-06	2.761437e-02	-9.685210e+00
4.300000e-06	2.840484e-02	-9.660979e+00
4.310000e-06	3.024741e-02	-9.557375e+00
4.320000e-06	3.244603e-02	-9.503645e+00
4.330000e-06	3.416401e-02	-9.390480e+00
4.340000e-06	3.205083e-02	-9.325737e+00
4.350000e-06	3.220507e-02	-9.218480e+00
4.360000e-06	3.341567e-02	-9.116773e+00
4.370000e-06	3.597305e-02	-9.061559e+00
4.380000e-06	3.685693e-02	-8.886825e+00
4.390000e-06	3.604478e-02	-8.843132e+00
4.400000e-06	3.585719e-02	-8.767373e+00
4.410000e-06	3.670351e-02	-8.653663e+00
4.420000e-06	3.710524e-02	-8.494246e+00
4.430000e-06	3.699774e-02	-8.379058e+00
4.440000e-06	3.714663e-02	-8.324695e+00
4.450000e-06	3.886144e-02	-8.188455e+00
4.460000e-06	3.765105e-02	-8.085187e+00
4.470000e-06	3.736327e-02	-7.966872e+00
4.480000e-06	3.575235e-02	-7.820939e+00
4.490000e-06	3.580182e-02	-7.631511e+00
4.500000e-06	3.479748e-02	-7.506244e+00
4.510000e-06	3.471192e-02	-7.408400e+00
4.520000e-06	3.405724e-02	-7.261535e+00
4.530000e-06	3.073653e-02	-7.136347e+00
4.540000e-06	2.947929e-02	-6.967880e+00
4.550000e-06	2.805697e-02	-6.808976e+00
4.560000e-06	2.694239e-02	-6.683139e+00
4.570000e-06	2.455784e-02	-6.535294e+00
4.580000e-06	2.372101e-02	-6.390500e+00
4.590000e-06	2.227548e-02	-6.271663e+00
4.600000e-06	2.018219e-02	-6.072567e+00
4.610000e-06	1.738131e-02	-5.913720e+00
4.620000e-06	1.619896e-02	-5.777404e+00
4.630000e-06	1.539693e-02	-5.612004e+00
4.640000e-06	1.406300e-02	-5.449479e+00
4.650000e-06	1.202928e-02	-5.189010e+00
4.660000e-06	1.113652e-02	-5.061511e+00
4.670000e-06	9.499949e-03	-4.831085e+00
4.680000e-06	7.319187e-03	-4.610109e+00
4.690000e-06	7.256602e-03	-4.503716e+00
4.700000e-06	7.163686e-03	-4.336419e+00
4.710000e-06	4.701751e-03	-4.198952e+00
4.720000e-06	5.071749e-03	-4.050435e+00
4.730000e-06	3.459943e-03	-3.873140e+00
4.740000e-06	3.795180e-03	-3.642090e+00
4.750000e-06	2.302628e-03	-3.495270e+00
4.760000e-06	3.700597e-03	-3.323864e+00
4.770000e-06	2.684778e-03	-3.136922e+00
4.780000e-06	1.601937e-03	-2.885246e+00
4.790000e-06	9.261641e-04	-2.745397e+00
4.800000e-06	5.361941e-04	-2.518425e+00
4.810000e-06	5.004358e-05	-2.378402e+00
4.820000e-06	4.088764e-04	-2.197555e+00
4.830000e-06	1.016385e-03	-1.990049e+00
4.840000e-06	-4.248242e-04	-1.791630e+00
4.850000e-06	-1.619903e-04	-1.631186e+00
4.860000e-06	-1.392752e-03	-1.452107e+00
4.870000e-06	-5.762013e-04	-1.199475e+00
4.880000e-06	-3.145397e-03	-1.009974e+00
4.890000e-06	-1.657953e-03	-7.999778e-01
4.900000e-06	-2.711620e-03	-6.112339e-01
4.910000e-06	-7.889061e-04	-3.886050e-01
4.920000e-06	-2.351119e-03	-2.322353e-01
4.930000e-06	7.451955e-04	-3.121290e-02
4.940000e-06	4.728371e-03	1.167321e-01
4.950000e-06	1.887102e-04	3.677646e-01
4.960000e-06	-5.856241e-05	4.841356e-01
4.970000e-06	-1.916940e-04	6.932003e-01
4.980000e-06	-2.008962e-03	8.004750e-01
4.990000e-06	-2.648878e-03	1.054470e+00
5.000000e-06	1.490270e-03	1.240475e+00
5.010000e-06	1.043505e-02	1.439474e+00
5.020000e-06	5.731925e-02	1.622629e+00
5.030000e-06	3.328631e-02	1.854583e+00
5.040000e-06	-6.615978e-02	2.064103e+00
5.050000e-06	-3.057904e-02	2.252579e+00
5.060000e-06	-5.728803e-02	2.420550e+00
5.070000e-06	-5.448920e-02	2.536262e+00
5.080000e-06	1.476517e-01	2.726261e+00
5.090000e-06	-2.662048e-02	2.895686e+00
5.100000e-06	-1.105693e-01	3.053004e+00
5.110000e-06	1.689922e-01	3.169946e+00
5.120000e-06	-1.139856e-01	3.463474e+00
5.130000e-06	-4.948173e-03	3.610474e+00
5.140000e-06	9.768577e-02	3.728316e+00
5.150000e-06	-1.211059e-01	3.966316e+00
5.160000e-06	2.478628e-02	4.138686e+00
5.170000e-06	5.916149e-02	4.366766e+00
5.180000e-06	-4.816695e-02	4.507660e+00
5.190000e-06	9.996835e-03	4.643083e+00
5.200000e-06	-6.406134e-02	4.863531e+00
5.210000e-06	9.278490e-03	5.093980e+00
5.220000e-06	4.254623e-02	5.324632e+00
5.230000e-06	-1.069664e-02	5.494033e+00
5.240000e-06	-8.166110e-03	5.621920e+00
5.250000e-06	-3.260208e-02	5.798799e+00
5.260000e-06	2.072316e-02	5.975795e+00
5.270000e-06	-2.167053e-02	6.104636e+00
5.280000e-06	-9.032514e-03	6.273053e+00
5.290000e-06	2.086709e-02	6.360846e+00
5.300000e-06	-4.509671e-02	6.568192e+00
5.310000e-06	2.011280e-02	6.758240e+00
5.320000e-06	-2.301468e-02	6.884561e+00
5.330000e-06	-9.871889e-03	7.030454e+00
5.340000e-06	-4.606027e-04	7.106721e+00
5.350000e-06	-1.163600e-02	7.263033e+00
5.360000e-06	1.063147e-02	7.439977e+00
5.370000e-06	-2.288731e-02	7.581501e+00
5.380000e-06	-6.197335e-03	7.778170e+00
5.390000e-06	-1.693955e-02	7.893107e+00
5.400000e-06	-1.557796e-03	8.092355e+00
5.410000e-06	-7.586266e-03	8.179372e+00
5.420000e-06	-1.281915e-02	8.286112e+00
5.430000e-06	-7.853559e-06	8.399402e+00
5.440000e-06	-7.489666e-03	8.484132e+00
5.450000e-06	-1.691385e-02	8.558245e+00
5.460000e-06	-1.747303e-02	8.703512e+00
5.470000e-06	-6.348300e-03	8.748267e+00
5.480000e-06	-8.741611e-04	8.912607e+00
5.490000e-06	-1.230632e-02	8.966621e+00
5.500000e-06	-1.533011e-02	9.136063e+00
5.510000e-06	-1.129430e-02	9.189845e+00
5.520000e-06	-9.047144e-03	9.283583e+00
5.530000e-06	-8.778601e-03	9.347666e+00
5.540000e-06	-1.310696e-02	9.421928e+00
5.550000e-06	-8.775345e-03	9.573586e+00
5.560000e-06	-1.225316e-02	9.607295e+00
5.570000e-06	-1.372508e-02	9.623480e+00
5.580000e-06	-1.458953e-02	9.715587e+00
5.590000e-06	-1.644006e-02	9.839772e+00
5.600000e-06	-1.079965e-02	9.893055e+00
5.610000e-06	-6.754320e-03	9.915695e+00
5.620000e-06	-7.729576e-03	9.989275e+00
5.630000e-06	-1.905234e-02	1.002196e+01
5.640000e-06	-1.752153e-02	1.005158e+01
5.650000e-06	-1.295375e-02	1.013616e+01
5.660000e-06	-1.048919e-02	1.015732e+01
5.670000e-06	-1.501532e-02	1.017182e+01
5.680000e-06	-1.805729e-02	1.020098e+01
5.690000e-06	-1.430264e-02	1.030348e+01
5.700000e-06	-1.666583e-02	1.028363e+01
5.710000e-06	-1.444556e-02	1.032506e+01
5.720000e-06	-1.842192e-02	1.033619e+01
5.730000e-06	-1.610772e-02	1.033564e+01
5.740000e-06	-1.432483e-02	1.031622e+01
5.750000e-06	-1.407494e-02	1.036777e+01
5.760000e-06	-2.112808e-02	1.032922e+01
5.770000e-06	-2.323960e-02	1.034527e+01
5.780000e-06	-1.937586e-02	1.033627e+01
5.790000e-06	-1.753060e-02	1.034614e+01
5.800000e-06	-1.886811e-02	1.033574e+01
5.810000e-06	-2.322089e-02	1.032614e+01
5.820000e-06	-2.261611e-02	1.029422e+01
5.830000e-06	-2.350248e-02	1.028414e+01
5.840000e-06	-2.393439e-02	1.024051e+01
5.850000e-06	-2.529493e-02	1.023093e+01
5.860000e-06	-2.617734e-02	1.017835e+01
5.870000e-06	-2.607421e-02	1.013682e+01
5.880000e-06	-2.697716e-02	1.013419e+01
5.890000e-06	-2.880920e-02	1.005311e+01
5.900000e-06	-3.207926e-02	1.001056e+01
5.910000e-06	-3.157615e-02	9.959825e+00
5.920000e-06	-3.125350e-02	9.957273e+00
5.930000e-06	-3.079882e-02	9.872560e+00
5.940000e-06	-3.481736e-02	9.769326e+00
5.950000e-06	-3.565536e-02	9.663642e+00
5.960000e-06	-3.514842e-02	9.618906e+00
5.970000e-06	-3.731990e-02	9.566771e+00
5.980000e-06	-3.654500e-02	9.504193e+00
5.990000e-06	-3.754420e-02	9.409928e+00
6.000000e-06	-3.694163e-02	9.305717e+00
6.010000e-06	-4.067032e-02	9.242109e+00
6.020000e-06	-4.102464e-02	9.199377e+00
6.030000e-06	-4.178960e-02	9.145168e+00
6.040000e-06	-4.106303e-02	8.966878e+00
6.050000e-06	-4.134917e-02	8.821621e+00
6.060000e-06	-4.315539e-02	8.755875e+00
6.070000e-06	-4.333002e-02	8.672084e+00
6.080000e-06	-4.418456e-02	8.545771e+00
6.090000e-06	-4.267105e-02	8.452665e+00
6.100000e-06	-4.435863e-02	8.377902e+00
6.110000e-06	-4.313729e-02	8.282568e+00
6.120000e-06	-4.406615e-02	8.104693e+00
6.130000e-06	-4.240225e-02	8.019976e+00
6.140000e-06	-4.395725e-02	7.862559e+00
6.150000e-06	-4.348371e-02	7.725297e+00
6.160000e-06	-4.355777e-02	7.610505e+00
6.170000e-06	-3.914350e-02	7.483615e+00
6.180000e-06	-3.814365e-02	7.294191e+00
6.190000e-06	-3.781964e-02	7.157851e+00
6.200000e-06	-3.884336e-02	7.041009e+00
6.210000e-06	-3.465297e-02	6.873689e+00
6.220000e-06	-3.540738e-02	6.767876e+00
6.230000e-06	-3.075675e-02	6.630011e+00
6.240000e-06	-3.174997e-02	6.421036e+00
6.250000e-06	-2.629209e-02	6.294764e+00
6.260000e-06	-2.650105e-02	6.156821e+00
6.270000e-06	-2.308687e-02	6.020479e+00
6.280000e-06	-2.475575e-02	5.821092e+00
6.290000e-06	-2.288281e-02	5.681089e+00
6.300000e-06	-2.257713e-02	5.475192e+00
6.310000e-06	-1.979850e-02	5.335798e+00
6.320000e-06	-1.846414e-02	5.167351e+00
6.330000e-06	-1.713625e-02	4.925226e+00
6.340000e-06	-1.622371e-02	4.736402e+00
6.350000e-06	-1.254365e-02	4.587904e+00
6.360000e-06	-1.128158e-02	4.411080e+00
6.370000e-06	-1.135370e-02	4.262219e+00
6.380000e-06	-1.322113e-02	3.991488e+00
6.390000e-06	-1.310867e-02	3.882090e+00
6.400000e-06	-1.278315e-02	3.724293e+00
6.410000e-06	-1.146438e-02	3.557399e+00
6.420000e-06	-1.126976e-02	3.315978e+00
6.430000e-06	-9.581241e-03	3.136448e+00
6.440000e-06	-7.561733e-03	2.968430e+00
6.450000e-06	-6.874202e-03	2.810060e+00
6.460000e-06	-8.363123e-03	2.650784e+00
6.470000e-06	-8.072456e-03	2.418978e+00
6.480000e-06	-8.514808e-03	2.209506e+00
6.490000e-06	-8.195942e-03	2.042111e+00
6.500000e-06	-8.224869e-03	1.885768e+00
6.510000e-06	-7.448094e-03	1.644717e+00
6.520000e-06	-6.553884e-03	1.442214e+00
6.530000e-06	-6.087894e-03	1.304742e+00
6.540000e-06	-5.543039e-03	1.102717e+00
6.550000e-06	-5.611066e-03	8.201865e-01
6.560000e-06	-5.354631e-03	6.432141e-01
6.570000e-06	-5.558107e-03	5.041881e-01
6.580000e-06	-5.220294e-03	3.273922e-01
6.590000e-06	-6.161542e-03	6.331677e-02
6.600000e-06	1.380258e-03	-9.520928e-02
6.610000e-06	5.808345e-05	-2.845778e-01
6.620000e-06	-2.657850e-03	-4.215487e-01
6.630000e-06	6.626765e-05	-6.012938e-01
6.640000e-06	-3.409217e-03	-8.118713e-01
6.650000e-06	-1.255865e-03	-9.883649e-01
6.660000e-06	4.814067e-04	-1.128208e+00
6.670000e-06	1.835603e-02	-1.315706e+00
6.680000e-06	8.694265e-02	-1.565807e+00
6.690000e-06	-3.185944e-02	-1.769337e+00
6.700000e-06	-4.461569e-02	-2.030416e+00
6.710000e-06	-4.057351e-02	-2.294557e+00
6.720000e-06	-9.239526e-02	-2.401478e+00
6.730000e-06	1.269008e-01	-2.513709e+00
6.740000e-06	5.761166e-02	-2.622025e+00
6.750000e-06	-1.668503e-01	-2.884048e+00
6.760000e-06	1.974831e-01	-3.039972e+00
6.770000e-06	-8.498691e-02	-3.210972e+00
6.780000e-06	-9.404938e-02	-3.441873e+00
6.790000e-06	1.879866e-01	-3.547240e+00
6.800000e-06	-1.191290e-01	-3.756688e+00
6.810000e-06	-3.736383e-02	-3.947346e+00
6.820000e-06	1.648325e-01	-4.102657e+00
6.830000e-06	-1.283628e-01	-4.306208e+00
6.840000e-06	9.856002e-02	-4.472528e+00
6.850000e-06	-1.006948e-01	-4.590301e+00
6.860000e-06	-4.746919e-02	-4.819948e+00
6.870000e-06	1.737247e-01	-4.988346e+00
6.880000e-06	-1.061451e-01	-5.208845e+00
6.890000e-06	5.104661e-02	-5.356764e+00
6.900000e-06	-3.209014e-02	-5.566237e+00
6.910000e-06	-1.190363e-02	-5.776211e+00
6.920000e-06	7.614056e-02	-5.862557e+00
6.930000e-06	-9.792286e-02	-6.000448e+00
6.940000e-06	1.108566e-01	-6.178794e+00
6.950000e-06	-6.158241e-02	-6.348761e+00
6.960000e-06	-7.671579e-04	-6.493234e+00
6.970000e-06	6.804128e-02	-6.622031e+00
6.980000e-06	-7.555628e-02	-6.809345e+00
6.990000e-06	7.614848e-02	-6.966236e+00
7.000000e-06	-7.062902e-02	-7.105634e+00
7.010000e-06	6.468274e-02	-7.284079e+00
7.020000e-06	1.718177e-02	-7.419842e+00
7.030000e-06	-4.166007e-02	-7.566183e+00
7.040000e-06	3.828809e-02	-7.651003e+00
7.050000e-06	-4.026365e-02	-7.870430e+00
7.060000e-06	6.015776e-02	-7.978399e+00
7.070000e-06	-2.986580e-02	-8.094662e+00
7.080000e-06	2.848965e-02	-8.200425e+00
7.090000e-06	1.600597e-02	-8.325139e+00
7.100000e-06	-2.558727e-02	-8.411002e+00
7.110000e-06	2.329042e-02	-8.536164e+00
7.120000e-06	-1.351582e-02	-8.721929e+00
7.130000e-06	4.818570e-02	-8.778345e+00
7.140000e-06	-2.511439e-02	-8.894087e+00
7.150000e-06	1.021802e-02	-8.968245e+00
7.160000e-06	8.190225e-03	-9.063029e+00
7.170000e-06	1.034302e-02	-9.137266e+00
7.180000e-06	1.054990e-02	-9.221347e+00
7.190000e-06	-8.210012e-03	-9.305709e+00
7.200000e-06	2.371993e-02	-9.387701e+00
7.210000e-06	1.609787e-03	-9.532483e+00
7.220000e-06	1.384620e-02	-9.628349e+00
7.230000e-06	-1.929037e-03	-9.642534e+00
7.240000e-06	4.635210e-03	-9.745187e+00
7.250000e-06	5.661866e-03	-9.776296e+00
7.260000e-06	1.596012e-02	-9.872454e+00
7.270000e-06	1.875300e-02	-9.903586e+00
7.280000e-06	-8.432394e-04	-9.946246e+00
7.290000e-06	2.211406e-03	-1.000884e+01
7.300000e-06	7.939316e-03	-1.003937e+01
7.310000e-06	1.919406e-02	-1.004405e+01
7.320000e-06	9.099804e-03	-1.010411e+01
7.330000e-06	3.898955e-03	-1.008464e+01
7.340000e-06	7.736938e-03	-1.020825e+01
7.350000e-06	1.248219e-02	-1.022096e+01
7.360000e-06	1.284210e-02	-1.028035e+01
7.370000e-06	8.842288e-03	-1.028199e+01
7.380000e-06	8.486751e-03	-1.029400e+01
7.390000e-06	1.262087e-02	-1.033419e+01
7.400000e-06	1.634317e-02	-1.034617e+01
7.410000e-06	1.084849e-02	-1.035630e+01
7.420000e-06	8.312924e-03	-1.034632e+01
7.430000e-06	1.040892e-02	-1.034622e+01
7.440000e-06	1.607523e-02	-1.034622e+01
7.450000e-06	1.642155e-02	-1.035669e+01
7.460000e-06	1.696451e-02	-1.033666e+01
7.470000e-06	1.537148e-02	-1.032317e+01
7.480000e-06	1.516592e-02	-1.029254e+01
7.490000e-06	1.694009e-02	-1.028204e+01
7.500000e-06	1.922164e-02	-1.024094e+01
7.510000e-06	2.041120e-02	-1.021835e+01
7.520000e-06	1.961990e-02	-1.015680e+01
7.530000e-06	2.166082e-02	-1.010424e+01
7.540000e-06	2.243484e-02	-1.005163e+01
7.550000e-06	2.236077e-02	-1.002898e+01
7.560000e-06	2.277143e-02	-9.977822e+00
7.570000e-06	2.544122e-02	-9.945768e+00
7.580000e-06	2.787004e-02	-9.933641e+00
7.590000e-06	2.688438e-02	-9.840007e+00
7.600000e-06	2.653167e-02	-9.756398e+00
7.610000e-06	2.809230e-02	-9.756221e+00
7.620000e-06	2.849976e-02	-9.623582e+00
7.630000e-06	2.953088e-02	-9.590502e+00
7.640000e-06	3.220930e-02	-9.546321e+00
7.650000e-06	3.353928e-02	-9.479608e+00
7.660000e-06	3.281977e-02	-9.335825e+00
7.670000e-06	3.220968e-02	-9.232109e+00
7.680000e-06	3.279032e-02	-9.186846e+00
7.690000e-06	3.571097e-02	-9.073112e+00
7.700000e-06	3.535356e-02	-8.996849e+00
7.710000e-06	3.680729e-02	-8.823717e+00
7.720000e-06	3.606460e-02	-8.789980e+00
7.730000e-06	3.557212e-02	-8.745273e+00
7.740000e-06	3.650770e-02	-8.567331e+00
7.750000e-06	3.689649e-02	-8.451036e+00
7.760000e-06	3.712430e-02	-8.385874e+00
7.770000e-06	3.781446e-02	-8.239579e+00
7.780000e-06	3.812428e-02	-8.146319e+00
7.790000e-06	3.741896e-02	-8.020031e+00
7.800000e-06	3.577300e-02	-7.914667e+00
7.810000e-06	3.467891e-02	-7.713821e+00
7.820000e-06	3.518505e-02	-7.577852e+00
7.830000e-06	3.464017e-02	-7.458535e+00
7.840000e-06	3.457442e-02	-7.284768e+00
7.850000e-06	3.147871e-02	-7.199402e+00
7.860000e-06	2.895514e-02	-7.052688e+00
7.870000e-06	2.797670e-02	-6.884111e+00
7.880000e-06	2.757712e-02	-6.697322e+00
7.890000e-06	2.648176e-02	-6.628475e+00
7.900000e-06	2.399891e-02	-6.441584e+00
7.910000e-06	2.240572e-02	-6.335750e+00
7.920000e-06	2.003353e-02	-6.134795e+00
7.930000e-06	1.850170e-02	-5.998373e+00
7.940000e-06	1.636216e-02	-5.831580e+00
7.950000e-06	1.565947e-02	-5.703241e+00
7.960000e-06	1.513528e-02	-5.523296e+00
7.970000e-06	1.324198e-02	-5.313223e+00
7.980000e-06	1.249532e-02	-5.135741e+00
7.990000e-06	9.599727e-03	-4.917322e+00
8.000000e-06	7.737215e-03	-4.754423e+00
8.010000e-06	6.340464e-03	-4.546948e+00
8.020000e-06	9.310938e-03	-4.409981e+00
8.030000e-06	5.527738e-03	-4.263311e+00
8.040000e-06	6.674307e-03	-4.103892e+00
8.050000e-06	3.231724e-03	-3.946848e+00
8.060000e-06	4.074840e-03	-3.753873e+00
8.070000e-06	3.362809e-03	-3.586398e+00
8.080000e-06	4.175012e-03	-3.368501e+00
8.090000e-06	3.241210e-03	-3.201030e+00
8.100000e-06	2.147291e-03	-2.969085e+00
8.110000e-06	-6.006809e-05	-2.820005e+00
8.120000e-06	4.583083e-04	-2.641559e+00
8.130000e-06	-3.228483e-04	-2.443693e+00
8.140000e-06	9.512952e-04	-2.315213e+00
8.150000e-06	5.807094e-04	-2.063188e+00
8.160000e-06	2.039210e-03	-1.915264e+00
8.170000e-06	-6.187903e-04	-1.744843e+00
8.180000e-06	-6.971201e-04	-1.566344e+00
8.190000e-06	-2.121083e-03	-1.292789e+00
8.200000e-06	-1.572497e-03	-1.063258e+00
8.210000e-06	-1.160513e-03	-8.938432e-01
8.220000e-06	-1.302748e-03	-7.649245e-01
8.230000e-06	-1.626750e-03	-4.622644e-01
8.240000e-06	-1.473808e-03	-3.348447e-01
8.250000e-06	-1.031210e-03	-1.279234e-01
8.260000e-06	3.212091e-03	4.204738e-02
8.270000e-06	3.548312e-03	2.724965e-01
8.280000e-06	-2.605368e-03	4.414964e-01
8.290000e-06	2.664054e-03	5.889436e-01
8.300000e-06	-3.171686e-03	7.582934e-01
8.310000e-06	-1.091724e-03	9.051842e-01
8.320000e-06	-2.472959e-03	1.148268e+00
8.330000e-06	6.534061e-03	1.316811e+00
8.340000e-06	2.924191e-02	1.576287e+00
8.350000e-06	7.029152e-02	1.810947e+00
8.360000e-06	-4.050594e-02	2.010920e+00
8.370000e-06	-4.228282e-02	2.169368e+00
8.380000e-06	-4.198187e-02	2.337740e+00
8.390000e-06	-7.065313e-02	2.424680e+00
8.400000e-06	4.375293e-02	2.653998e+00
8.410000e-06	1.321948e-01	2.801076e+00
8.420000e-06	-1.812599e-01	2.990369e+00
8.430000e-06	1.128496e-01	3.074717e+00
8.440000e-06	8.591525e-03	3.277662e+00
8.450000e-06	-1.005502e-01	3.567815e+00
8.460000e-06	1.003112e-01	3.674080e+00
8.470000e-06	-2.341000e-02	3.874503e+00
8.480000e-06	-9.572233e-02	4.011551e+00
8.490000e-06	1.088547e-01	4.243428e+00
8.500000e-06	-3.534665e-02	4.422028e+00
8.510000e-06	-3.551906e-03	4.590846e+00
8.520000e-06	-2.866249e-02	4.788696e+00
8.530000e-06	-4.916095e-02	5.019324e+00
8.540000e-06	6.405261e-02	5.210501e+00
8.550000e-06	-7.846638e-03	5.399921e+00
8.560000e-06	2.643916e-03	5.497342e+00
8.570000e-06	-3.700466e-02	5.703659e+00
8.580000e-06	6.169205e-03	5.913637e+00
8.590000e-06	-7.573727e-04	6.022455e+00
8.600000e-06	-2.924513e-02	6.199871e+00
8.610000e-06	2.933300e-02	6.306687e+00
8.620000e-06	-2.477749e-02	6.493533e+00
8.630000e-06	-1.195864e-02	6.644533e+00
8.640000e-06	6.594741e-03	6.850454e+00
8.650000e-06	-2.637770e-02	6.946842e+00
8.660000e-06	3.691681e-03	7.094086e+00
8.670000e-06	-1.172825e-02	7.171925e+00
8.680000e-06	5.828403e-04	7.388745e+00
8.690000e-06	-2.414778e-03	7.517213e+00
8.700000e-06	-2.230592e-02	7.684058e+00
8.710000e-06	-3.775657e-03	7.810930e+00
8.720000e-06	-1.631419e-02	7.979320e+00
8.730000e-06	3.424913e-03	8.136138e+00
8.740000e-06	-1.464638e-02	8.252453e+00
8.750000e-06	-4.929733e-03	8.335793e+00
8.760000e-06	-2.740134e-04	8.453031e+00
8.770000e-06	-1.957419e-02	8.536716e+00
8.780000e-06	-1.387189e-02	8.621954e+00
8.790000e-06	-1.575903e-02	8.715164e+00
8.800000e-06	4.929589e-03	8.821378e+00
8.810000e-06	-1.048819e-02	8.874538e+00
8.820000e-06	-1.412565e-02	9.041850e+00
8.830000e-06	-1.365717e-02	9.167715e+00
8.840000e-06	-8.805039e-03	9.222529e+00
8.850000e-06	-6.665201e-03	9.315141e+00
8.860000e-06	-1.505113e-02	9.369298e+00
8.870000e-06	-8.053886e-03	9.484033e+00
8.880000e-06	-1.224355e-02	9.526667e+00
8.890000e-06	-9.809502e-03	9.580350e+00
8.900000e-06	-1.532599e-02	9.683061e+00
8.910000e-06	-1.384915e-02	9.768770e+00
8.920000e-06	-1.488922e-02	9.830953e+00
8.930000e-06	-7.367980e-03	9.934045e+00
8.940000e-06	-5.394485e-03	9.936721e+00
8.950000e-06	-1.620027e-02	9.980901e+00
8.960000e-06	-1.870229e-02	1.007348e+01
8.970000e-06	-1.572403e-02	1.010561e+01
8.980000e-06	-8.255822e-03	1.014770e+01
8.990000e-06	-1.357199e-02	1.017835e+01
9.000000e-06	-1.714043e-02	1.020835e+01
9.010000e-06	-1.566302e-02	1.026095e+01
9.020000e-06	-1.496545e-02	1.024403e+01
9.030000e-06	-1.433856e-02	1.029609e+01
9.040000e-06	-1.694441e-02	1.032319e+01
9.050000e-06	-1.705365e-02	1.031619e+01
9.060000e-06	-1.558900e-02	1.035522e+01
9.070000e-06	-1.341454e-02	1.033620e+01
9.080000e-06	-1.900460e-02	1.030674e+01
9.090000e-06	-2.207199e-02	1.036872e+01
9.100000e-06	-2.166184e-02	1.034624e+01
9.110000e-06	-1.806540e-02	1.032580e+01
9.120000e-06	-1.788697e-02	1.032672e+01
9.130000e-06	-2.107096e-02	1.030567e+01
9.140000e-06	-2.254032e-02	1.031524e+01
9.150000e-06	-2.482677e-02	1.026256e+01
9.160000e-06	-2.357864e-02	1.026101e+01
9.170000e-06	-2.512305e-02	1.021941e+01
9.180000e-06	-2.496506e-02	1.016948e+01
9.190000e-06	-2.656904e-02	1.014732e+01
9.200000e-06	-2.688920e-02	1.010724e+01
9.210000e-06	-2.834191e-02	1.010463e+01
9.220000e-06	-3.152764e-02	1.002250e+01
9.230000e-06	-3.135591e-02	9.990375e+00
9.240000e-06	-3.240294e-02	9.956825e+00
9.250000e-06	-3.011431e-02	9.883593e+00
9.260000e-06	-3.391080e-02	9.810961e+00
9.270000e-06	-3.476760e-02	9.716827e+00
9.280000e-06	-3.697862e-02	9.661536e+00
9.290000e-06	-3.668135e-02	9.577926e+00
9.300000e-06	-3.749799e-02	9.514247e+00
9.310000e-06	-3.743556e-02	9.451938e+00
9.320000e-06	-3.716640e-02	9.357874e+00
9.330000e-06	-3.968103e-02	9.294164e+00
9.340000e-06	-4.035637e-02	9.191529e+00
9.350000e-06	-4.374857e-02	9.116775e+00
9.360000e-06	-4.018404e-02	9.041906e+00
9.370000e-06	-4.253291e-02	8.885822e+00
9.380000e-06	-4.032728e-02	8.778905e+00
9.390000e-06	-4.441723e-02	8.704697e+00
9.400000e-06	-4.274546e-02	8.570479e+00
9.410000e-06	-4.445826e-02	8.515222e+00
9.420000e-06	-4.286355e-02	8.410079e+00
9.430000e-06	-4.430119e-02	8.304817e+00
9.440000e-06	-4.396780e-02	8.157352e+00
9.450000e-06	-4.242610e-02	8.032032e+00
9.460000e-06	-4.275069e-02	7.975802e+00
9.470000e-06	-4.312513e-02	7.790478e+00
9.480000e-06	-4.379891e-02	7.703612e+00
9.490000e-06	-4.097293e-02	7.536755e+00
9.500000e-06	-3.895815e-02	7.397955e+00
9.510000e-06	-3.733162e-02	7.237457e+00
9.520000e-06	-3.680527e-02	7.033696e+00
9.530000e-06	-3.676794e-02	6.935894e+00
9.540000e-06	-3.488540e-02	6.792008e+00
9.550000e-06	-3.229892e-02	6.683240e+00
9.560000e-06	-3.018502e-02	6.484667e+00
9.570000e-06	-2.864058e-02	6.326900e+00
9.580000e-06	-2.668994e-02	6.160475e+00
9.590000e-06	-2.663712e-02	6.073138e+00
9.600000e-06	-2.468164e-02	5.946848e+00
9.610000e-06	-2.353039e-02	5.726801e+00
9.620000e-06	-2.101078e-02	5.567376e+00
9.630000e-06	-1.985345e-02	5.388958e+00
9.640000e-06	-1.835743e-02	5.224085e+00
9.650000e-06	-1.671665e-02	4.989591e+00
9.660000e-06	-1.671445e-02	4.809480e+00
9.670000e-06	-1.588169e-02	4.641590e+00
9.680000e-06	-1.525990e-02	4.482764e+00
9.690000e-06	-1.232416e-02	4.337821e+00
9.700000e-06	-1.235808e-02	4.163275e+00
9.710000e-06	-1.199460e-02	3.936365e+00
9.720000e-06	-1.168449e-02	3.778927e+00
9.730000e-06	-1.086395e-02	3.630508e+00
9.740000e-06	-1.116168e-02	3.412137e+00
9.750000e-06	-1.121126e-02	3.241611e+00
9.760000e-06	-9.401990e-03	3.063664e+00
9.770000e-06	-9.019155e-03	2.893740e+00
9.780000e-06	-8.489058e-03	2.736347e+00
9.790000e-06	-8.851088e-03	2.504218e+00
9.800000e-06	-8.961244e-03	2.306316e+00
9.810000e-06	-7.374847e-03	2.096293e+00
9.820000e-06	-7.768612e-03	1.960449e+00
9.830000e-06	-6.626130e-03	1.767447e+00
9.840000e-06	-6.958020e-03	1.588999e+00
9.850000e-06	-6.802807e-03	1.337975e+00
9.860000e-06	-7.003875e-03	1.168454e+00
9.870000e-06	-6.615840e-03	9.483220e-01
9.880000e-06	-6.514733e-03	7.163224e-01
9.890000e-06	-5.882115e-03	5.674248e-01
9.900000e-06	-4.978082e-03	4.104786e-01
9.910000e-06	-4.319948e-03	2.119551e-01
9.920000e-06	-1.868812e-03	-3.047138e-02
9.930000e-06	2.205556e-03	-2.289437e-01
9.940000e-06	-4.881033e-03	-3.573410e-01
9.950000e-06	1.480609e-03	-4.947083e-01
9.960000e-06	-3.656879e-03	-7.662598e-01
9.970000e-06	-1.057637e-03	-9.041092e-01
9.980000e-06	-3.568272e-03	-1.053078e+00
9.990000e-06	7.710082e-03	-1.220549e+00
1.000000e-05	5.567731e-02	-1.423898e+00
1.001000e-05	5.680599e-02	-1.662030e+00
1.002000e-05	-8.365950e-02	-1.915129e+00
1.003000e-05	-8.761460e-03	-2.158632e+00
1.004000e-05	-9.743909e-02	-2.389770e+00
1.005000e-05	3.637265e-03	-2.465611e+00
1.006000e-05	1.744854e-01	-2.556288e+00
1.007000e-05	-1.554195e-01	-2.718786e+00
1.008000e-05	3.274853e-02	-2.959694e+00
1.009000e-05	1.189900e-01	-3.156264e+00
1.010000e-05	-1.946096e-01	-3.306684e+00
1.011000e-05	1.319683e-01	-3.504183e+00
1.012000e-05	4.938498e-02	-3.643052e+00
1.013000e-05	-1.737158e-01	-3.884079e+00
1.014000e-05	1.680091e-01	-4.020526e+00
1.015000e-05	-2.203458e-02	-4.250349e+00
1.016000e-05	-1.953272e-02	-4.390023e+00
1.017000e-05	4.334509e-02	-4.545609e+00
1.018000e-05	-1.656877e-01	-4.767262e+00
1.019000e-05	1.598434e-01	-4.955213e+00
1.020000e-05	1.646024e-02	-5.032032e+00
1.021000e-05	-6.548528e-02	-5.324557e+00
1.022000e-05	7.072225e-02	-5.471504e+00
1.023000e-05	-9.161454e-02	-5.683604e+00
1.024000e-05	9.985745e-02	-5.789825e+00
1.025000e-05	-6.374954e-02	-5.947240e+00
1.026000e-05	1.923480e-02	-6.094081e+00
1.027000e-05	6.274720e-02	-6.272035e+00
1.028000e-05	-1.033898e-01	-6.452478e+00
1.029000e-05	1.069088e-01	-6.598346e+00
1.030000e-05	-5.645031e-02	-6.756235e+00
1.031000e-05	3.017741e-02	-6.873008e+00
1.032000e-05	3.524206e-03	-7.039895e+00
1.033000e-05	-3.709170e-02	-7.220323e+00
1.034000e-05	9.604245e-02	-7.336187e+00
1.035000e-05	-6.991814e-02	-7.462529e+00
1.036000e-05	4.068928e-02	-7.619874e+00
1.037000e-05	-2.819276e-02	-7.778169e+00
1.038000e-05	2.228430e-02	-7.937193e+00
1.039000e-05	1.959366e-02	-8.032006e+00
1.040000e-05	-2.061221e-02	-8.158743e+00
1.041000e-05	5.407902e-02	-8.262483e+00
1.042000e-05	-3.685682e-02	-8.369369e+00
1.043000e-05	1.602013e-02	-8.452008e+00
1.044000e-05	-1.124718e-02	-8.619791e+00
1.045000e-05	3.067360e-02	-8.778143e+00
1.046000e-05	1.247356e-02	-8.840006e+00
1.047000e-05	-2.015732e-02	-8.944218e+00
1.048000e-05	2.228626e-02	-9.019472e+00
1.049000e-05	-5.130117e-05	-9.106064e+00
1.050000e-05	2.282979e-02	-9.178397e+00
1.051000e-05	-1.162733e-02	-9.243032e+00
1.052000e-05	1.362180e-02	-9.347813e+00
1.053000e-05	9.839158e-03	-9.462503e+00
1.054000e-05	7.155368e-03	-9.567290e+00
1.055000e-05	8.880932e-03	-9.621951e+00
1.056000e-05	-4.139152e-04	-9.693609e+00
1.057000e-05	6.743959e-03	-9.726220e+00
1.058000e-05	7.960564e-03	-9.829427e+00
1.059000e-05	2.275277e-02	-9.904559e+00
1.060000e-05	8.814142e-03	-9.925163e+00
1.061000e-05	-7.247560e-04	-9.978271e+00
1.062000e-05	2.817518e-03	-9.977396e+00
1.063000e-05	1.600722e-02	-1.003293e+01
1.064000e-05	1.527262e-02	-1.007303e+01
1.065000e-05	4.925169e-03	-1.012471e+01
1.066000e-05	5.805830e-03	-1.014679e+01
1.067000e-05	1.094803e-02	-1.022135e+01
1.068000e-05	1.273250e-02	-1.028931e+01
1.069000e-05	1.100732e-02	-1.031188e+01
1.070000e-05	8.001549e-03	-1.031451e+01
1.071000e-05	1.085277e-02	-1.032659e+01
1.072000e-05	1.548943e-02	-1.032462e+01
1.073000e-05	1.394232e-02	-1.038664e+01
1.074000e-05	9.804277e-03	-1.034622e+01
1.075000e-05	8.372448e-03	-1.035719e+01
1.076000e-05	1.388449e-02	-1.037625e+01
1.077000e-05	1.699820e-02	-1.032672e+01
1.078000e-05	1.776635e-02	-1.031568e+01
1.079000e-05	1.611991e-02	-1.031414e+01
1.080000e-05	1.473775e-02	-1.032202e+01
1.081000e-05	1.600855e-02	-1.029306e+01
1.082000e-05	1.921003e-02	-1.023493e+01
1.083000e-05	2.099774e-02	-1.019935e+01
1.084000e-05	1.999429e-02	-1.017840e+01
1.085000e-05	2.085535e-02	-1.016572e+01
1.086000e-05	2.273106e-02	-1.005609e+01
1.087000e-05	2.155015e-02	-1.001901e+01
1.088000e-05	2.235820e-02	-1.000740e+01
1.089000e-05	2.514354e-02	-9.928747e+00
1.090000e-05	2.645837e-02	-9.924192e+00
1.091000e-05	2.682539e-02	-9.881085e+00
1.092000e-05	2.653861e-02	-9.779428e+00
1.093000e-05	2.798198e-02	-9.756297e+00
1.094000e-05	2.924515e-02	-9.684688e+00
1.095000e-05	2.801345e-02	-9.631106e+00
1.096000e-05	3.026111e-02	-9.567851e+00
1.097000e-05	3.185689e-02	-9.544013e+00
1.098000e-05	3.383712e-02	-9.410431e+00
1.099000e-05	3.140524e-02	-9.275713e+00
1.100000e-05	3.169976e-02	-9.208454e+00
1.101000e-05	3.452047e-02	-9.115244e+00
1.102000e-05	3.575376e-02	-9.020461e+00
1.103000e-05	3.672245e-02	-8.956743e+00
1.104000e-05	3.593491e-02	-8.831558e+00
1.105000e-05	3.424034e-02	-8.767347e+00
1.106000e-05	3.718122e-02	-8.660564e+00
1.107000e-05	3.739473e-02	-8.504667e+00
1.108000e-05	3.761624e-02	-8.408957e+00
1.109000e-05	3.609465e-02	-8.323166e+00
1.110000e-05	3.724807e-02	-8.169375e+00
1.111000e-05	3.785007e-02	-8.093109e+00
1.112000e-05	3.656681e-02	-7.955379e+00
1.113000e-05	3.508160e-02	-7.846954e+00
1.114000e-05	3.477914e-02	-7.591559e+00
1.115000e-05	3.500472e-02	-7.546144e+00
1.116000e-05	3.480365e-02	-7.378326e+00
1.117000e-05	3.333112e-02	-7.240633e+00
1.118000e-05	3.059202e-02	-7.133771e+00
1.119000e-05	2.780004e-02	-6.976797e+00
1.120000e-05	2.777613e-02	-6.778455e+00
1.121000e-05	2.755584e-02	-6.722113e+00
1.122000e-05	2.531956e-02	-6.526294e+00
1.123000e-05	2.277339e-02	-6.398954e+00
1.124000e-05	2.130368e-02	-6.232032e+00
1.125000e-05	1.942464e-02	-6.021032e+00
1.126000e-05	1.732607e-02	-5.904817e+00
1.127000e-05	1.640489e-02	-5.765922e+00
1.128000e-05	1.524716e-02	-5.607954e+00
1.129000e-05	1.454612e-02	-5.389563e+00
1.130000e-05	1.152607e-02	-5.229375e+00
1.131000e-05	1.082546e-02	-5.051108e+00
1.132000e-05	8.904933e-03	-4.799587e+00
1.133000e-05	8.286100e-03	-4.629655e+00
1.134000e-05	7.652238e-03	-4.483190e+00
1.135000e-05	7.571896e-03	-4.355345e+00
1.136000e-05	4.503969e-03	-4.197925e+00
1.137000e-05	5.755711e-03	-4.040081e+00
1.138000e-05	3.227348e-03	-3.822639e+00
1.139000e-05	4.385152e-03	-3.600584e+00
1.140000e-05	2.732630e-03	-3.492689e+00
1.141000e-05	3.813476e-03	-3.294238e+00
1.142000e-05	2.975665e-03	-3.094293e+00
1.143000e-05	2.173736e-03	-2.913819e+00
1.144000e-05	4.897971e-04	-2.735392e+00
1.145000e-05	-1.403998e-05	-2.485447e+00
1.146000e-05	1.874729e-03	-2.376950e+00
1.147000e-05	1.299683e-03	-2.147478e+00
1.148000e-05	8.096081e-04	-1.986951e+00
1.149000e-05	-6.674908e-04	-1.759525e+00
1.150000e-05	8.818876e-04	-1.632074e+00
1.151000e-05	-1.063375e-03	-1.408608e+00
1.152000e-05	-1.450678e-03	-1.186974e+00
1.153000e-05	-1.923654e-03	-1.001376e+00
1.154000e-05	-1.777412e-04	-8.095826e-01
1.155000e-05	-2.492018e-03	-6.090838e-01
1.156000e-05	-1.200669e-03	-3.885299e-01
1.157000e-05	-2.505656e-03	-2.321089e-01
1.158000e-05	1.458428e-03	-3.268533e-02
1.159000e-05	3.306704e-03	1.577346e-01
1.160000e-05	-1.404097e-03	3.793908e-01
1.161000e-05	1.488731e-03	4.847594e-01
1.162000e-05	1.646874e-05	6.731555e-01
1.163000e-05	-2.112870e-03	8.210464e-01
1.164000e-05	-2.973043e-03	1.011402e+00
1.165000e-05	2.165034e-03	1.243528e+00
1.166000e-05	1.270780e-02	1.410554e+00
1.167000e-05	6.272371e-02	1.663602e+00
1.168000e-05	1.900602e-02	1.896685e+00
1.169000e-05	-6.330234e-02	2.065682e+00
1.170000e-05	-3.209004e-02	2.264108e+00
1.171000e-05	-6.131062e-02	2.440070e+00
1.172000e-05	-4.135478e-02	2.528318e+00
1.173000e-05	1.605057e-01	2.778365e+00
1.174000e-05	-7.159565e-02	2.925287e+00
1.175000e-05	-6.711038e-02	3.041632e+00
1.176000e-05	1.503579e-01	3.242623e+00
1.177000e-05	-1.253349e-01	3.514654e+00
1.178000e-05	1.901156e-02	3.621501e+00
1.179000e-05	8.005079e-02	3.778342e+00
1.180000e-05	-1.292138e-01	4.000346e+00
1.181000e-05	5.343410e-02	4.126217e+00
1.182000e-05	3.674712e-02	4.369367e+00
1.183000e-05	-4.323882e-02	4.505217e+00
1.184000e-05	6.745762e-03	4.684686e+00
1.185000e-05	-6.583863e-02	4.864580e+00
1.186000e-05	2.606706e-02	5.145144e+00
1.187000e-05	3.108112e-02	5.315181e+00
1.188000e-05	-9.428565e-03	5.453579e+00
1.189000e-05	-1.543172e-02	5.609524e+00
1.190000e-05	-2.664702e-02	5.778420e+00
1.191000e-05	1.875638e-02	5.969870e+00
1.192000e-05	-2.446504e-02	6.146765e+00
1.193000e-05	-4.948345e-05	6.313129e+00
1.194000e-05	1.370701e-02	6.430371e+00
1.195000e-05	-4.229649e-02	6.547775e+00
1.196000e-05	2.194882e-02	6.747791e+00
1.197000e-05	-2.699569e-02	6.892607e+00
1.198000e-05	-5.291384e-03	6.991979e+00
1.199000e-05	-2.482388e-03	7.177340e+00
1.200000e-05	-1.002201e-02	7.285114e+00
1.201000e-05	8.769822e-03	7.469904e+00
1.202000e-05	-2.603693e-02	7.611006e+00
1.203000e-05	-2.252705e-03	7.759371e+00
1.204000e-05	-1.655210e-02	7.915638e+00
1.205000e-05	1.412054e-03	8.044079e+00
1.206000e-05	-1.073347e-02	8.169752e+00
1.207000e-05	-1.169943e-02	8.274686e+00
1.208000e-05	5.339489e-04	8.388426e+00
1.209000e-05	-1.115531e-02	8.494087e+00
1.210000e-05	-1.539159e-02	8.589348e+00
1.211000e-05	-1.572766e-02	8.664510e+00
1.212000e-05	-2.197106e-03	8.759295e+00
1.213000e-05	-3.242785e-03	8.821131e+00
1.214000e-05	-1.369538e-02	8.987720e+00
1.215000e-05	-1.506888e-02	9.112012e+00
1.216000e-05	-1.019528e-02	9.219322e+00
1.217000e-05	-7.705710e-03	9.304084e+00
1.218000e-05	-1.052501e-02	9.336244e+00
1.219000e-05	-1.225785e-02	9.461454e+00
1.220000e-05	-1.159522e-02	9.496160e+00
1.221000e-05	-1.085687e-02	9.596822e+00
1.222000e-05	-1.319929e-02	9.650979e+00
1.223000e-05	-1.272144e-02	9.745740e+00
1.224000e-05	-1.686895e-02	9.810801e+00
1.225000e-05	-1.024027e-02	9.893084e+00
1.226000e-05	-7.330265e-03	9.906275e+00
1.227000e-05	-9.402578e-03	9.989826e+00
1.228000e-05	-1.901852e-02	1.002196e+01
1.229000e-05	-1.733960e-02	1.009263e+01
1.230000e-05	-1.129181e-02	1.012562e+01
1.231000e-05	-1.084350e-02	1.015667e+01
1.232000e-05	-1.568498e-02	1.017785e+01
1.233000e-05	-1.828230e-02	1.020996e+01
1.234000e-05	-1.441300e-02	1.025053e+01
1.235000e-05	-1.657209e-02	1.031456e+01
1.236000e-05	-1.337092e-02	1.030464e+01
1.237000e-05	-1.778536e-02	1.032474e+01
1.238000e-05	-1.674750e-02	1.033622e+01
1.239000e-05	-1.505677e-02	1.034674e+01
1.240000e-05	-1.673572e-02	1.032627e+01
1.241000e-05	-2.085456e-02	1.034574e+01
1.242000e-05	-2.268171e-02	1.034677e+01
1.243000e-05	-1.906941e-02	1.038579e+01
1.244000e-05	-1.788928e-02	1.032717e+01
1.245000e-05	-1.943779e-02	1.033574e+01
1.246000e-05	-2.261696e-02	1.028559e+01
1.247000e-05	-2.381197e-02	1.029414e+01
1.248000e-05	-2.323929e-02	1.027354e+01
1.249000e-05	-2.495609e-02	1.021251e+01
1.250000e-05	-2.576656e-02	1.016898e+01
1.251000e-05	-2.685904e-02	1.015835e+01
1.252000e-05	-2.701578e-02	1.014620e+01
1.253000e-05	-2.717071e-02	1.010469e+01
1.254000e-05	-2.935187e-02	1.006364e+01
1.255000e-05	-3.143163e-02	1.003253e+01
1.256000e-05	-3.117061e-02	9.938400e+00
1.257000e-05	-3.218382e-02	9.936597e+00
1.258000e-05	-3.228673e-02	9.842986e+00
1.259000e-05	-3.326428e-02	9.757855e+00
1.260000e-05	-3.557095e-02	9.694665e+00
1.261000e-05	-3.600471e-02	9.599579e+00
1.262000e-05	-3.679952e-02	9.526273e+00
1.263000e-05	-3.585517e-02	9.482636e+00
1.264000e-05	-3.841833e-02	9.378481e+00
1.265000e-05	-3.806038e-02	9.335772e+00
1.266000e-05	-4.045238e-02	9.252113e+00
1.267000e-05	-4.132460e-02	9.188475e+00
1.268000e-05	-4.182468e-02	9.076188e+00
1.269000e-05	-4.187435e-02	8.956300e+00
1.270000e-05	-4.119647e-02	8.822089e+00
1.271000e-05	-4.346813e-02	8.767849e+00
1.272000e-05	-4.385077e-02	8.642586e+00
1.273000e-05	-4.422990e-02	8.537300e+00
1.274000e-05	-4.138956e-02	8.473634e+00
1.275000e-05	-4.368006e-02	8.367851e+00
1.276000e-05	-4.442155e-02	8.261590e+00
1.277000e-05	-4.465831e-02	8.064767e+00
1.278000e-05	-4.152169e-02	7.968350e+00
1.279000e-05	-4.313501e-02	7.832137e+00
1.280000e-05	-4.234716e-02	7.716270e+00
1.281000e-05	-4.258487e-02	7.548485e+00
1.282000e-05	-4.031237e-02	7.491143e+00
1.283000e-05	-3.840216e-02	7.251667e+00
1.284000e-05	-3.727034e-02	7.146870e+00
1.285000e-05	-3.735728e-02	7.020004e+00
1.286000e-05	-3.612152e-02	6.852688e+00
1.287000e-05	-3.347163e-02	6.706896e+00
1.288000e-05	-2.973836e-02	6.598377e+00
1.289000e-05	-2.970761e-02	6.379503e+00
1.290000e-05	-2.932780e-02	6.253113e+00
1.291000e-05	-2.663485e-02	6.135823e+00
1.292000e-05	-2.449542e-02	5.969006e+00
1.293000e-05	-2.309729e-02	5.841680e+00
1.294000e-05	-2.265782e-02	5.630505e+00
1.295000e-05	-2.011813e-02	5.513691e+00
1.296000e-05	-1.925857e-02	5.303717e+00
1.297000e-05	-1.866674e-02	5.116342e+00
1.298000e-05	-1.750262e-02	4.905264e+00
1.299000e-05	-1.695216e-02	4.715344e+00
1.300000e-05	-1.499550e-02	4.526901e+00
1.301000e-05	-1.382113e-02	4.400031e+00
1.302000e-05	-1.344472e-02	4.228139e+00
1.303000e-05	-1.223528e-02	3.989555e+00
1.304000e-05	-1.205649e-02	3.842612e+00
1.305000e-05	-1.100384e-02	3.663263e+00
1.306000e-05	-1.084909e-02	3.546301e+00
1.307000e-05	-1.103389e-02	3.315265e+00
1.308000e-05	-9.509919e-03	3.156347e+00
1.309000e-05	-9.607698e-03	2.958896e+00
1.310000e-05	-9.728293e-03	2.799481e+00
1.311000e-05	-9.407989e-03	2.559579e+00
1.312000e-05	-8.662158e-03	2.369451e+00
1.313000e-05	-8.026144e-03	2.180056e+00
1.314000e-05	-7.272795e-03	2.019584e+00
1.315000e-05	-7.668861e-03	1.842289e+00
1.316000e-05	-7.533385e-03	1.652687e+00
1.317000e-05	-6.430950e-03	1.441610e+00
1.318000e-05	-7.171756e-03	1.252689e+00
1.319000e-05	-7.830488e-03	1.093137e+00
1.320000e-05	-7.210330e-03	7.810589e-01
1.321000e-05	-5.982975e-03	6.216102e-01
1.322000e-05	-4.265379e-03	4.227867e-01
1.323000e-05	-4.348141e-03	2.637671e-01
1.324000e-05	-5.101829e-03	4.221545e-02
1.325000e-05	2.954071e-03	-1.447832e-01
1.326000e-05	7.218819e-04	-2.751579e-01
1.327000e-05	-2.772389e-03	-4.305750e-01
1.328000e-05	-2.767303e-03	-6.719989e-01
1.329000e-05	-4.229854e-03	-8.530239e-01
1.330000e-05	-1.277149e-03	-9.993934e-01
1.331000e-05	1.783675e-03	-1.169763e+00
1.332000e-05	2.304208e-02	-1.335232e+00
1.333000e-05	9.148600e-02	-1.528819e+00
1.334000e-05	-4.976733e-02	-1.780368e+00
1.335000e-05	-3.210631e-02	-2.042974e+00
1.336000e-05	-5.406958e-02	-2.334532e+00
1.337000e-05	-8.049275e-02	-2.433054e+00
1.338000e-05	1.498867e-01	-2.534686e+00
1.339000e-05	1.481415e-02	-2.662028e+00
1.340000e-05	-1.416176e-01	-2.873581e+00
1.341000e-05	2.014138e-01	-3.050905e+00
1.342000e-05	-1.266329e-01	-3.200048e+00
1.343000e-05	-5.081109e-02	-3.461025e+00
1.344000e-05	1.749144e-01	-3.598367e+00
1.345000e-05	-1.517569e-01	-3.819266e+00
1.346000e-05	1.102530e-02	-3.977872e+00
1.347000e-05	1.372015e-01	-4.084184e+00
1.348000e-05	-1.235391e-01	-4.326761e+00
1.349000e-05	1.039907e-01	-4.462533e+00
1.350000e-05	-1.315003e-01	-4.640975e+00
1.351000e-05	-1.375247e-03	-4.843053e+00
1.352000e-05	1.563924e-01	-4.987894e+00
1.353000e-05	-1.135935e-01	-5.198294e+00
1.354000e-05	6.676612e-02	-5.347769e+00
1.355000e-05	-5.267702e-02	-5.598793e+00
1.356000e-05	1.377906e-02	-5.738216e+00
1.357000e-05	5.317039e-02	-5.854582e+00
1.358000e-05	-8.686244e-02	-6.010026e+00
1.359000e-05	1.166836e-01	-6.251344e+00
1.360000e-05	-8.474839e-02	-6.388845e+00
1.361000e-05	2.937668e-02	-6.535738e+00
1.362000e-05	4.337555e-02	-6.652058e+00
1.363000e-05	-6.150406e-02	-6.838448e+00
1.364000e-05	6.980244e-02	-6.917720e+00
1.365000e-05	-7.544324e-02	-7.145690e+00
1.366000e-05	8.395794e-02	-7.254581e+00
1.367000e-05	-6.307912e-03	-7.439374e+00
1.368000e-05	-2.427298e-02	-7.555216e+00
1.369000e-05	2.706743e-02	-7.673083e+00
1.370000e-05	-3.159715e-02	-7.892005e+00
1.371000e-05	5.776286e-02	-8.009926e+00
1.372000e-05	-3.654980e-02	-8.105088e+00
1.373000e-05	3.858590e-02	-8.210905e+00
1.374000e-05	2.861174e-03	-8.345735e+00
1.375000e-05	-1.630471e-02	-8.431482e+00
1.376000e-05	1.615765e-02	-8.565736e+00
1.377000e-05	-7.979170e-03	-8.711955e+00
1.378000e-05	4.490220e-02	-8.799350e+00
1.379000e-05	-2.706643e-02	-8.884162e+00
1.380000e-05	1.511487e-02	-8.967798e+00
1.381000e-05	3.830026e-03	-9.103056e+00
1.382000e-05	1.321774e-02	-9.148321e+00
1.383000e-05	4.199877e-03	-9.231455e+00
1.384000e-05	-4.914775e-03	-9.306087e+00
1.385000e-05	2.369556e-02	-9.429776e+00
1.386000e-05	1.086772e-03	-9.494089e+00
1.387000e-05	1.412075e-02	-9.607925e+00
1.388000e-05	-2.353658e-03	-9.693561e+00
1.389000e-05	6.616410e-03	-9.715716e+00
1.390000e-05	5.449401e-03	-9.786797e+00
1.391000e-05	1.703090e-02	-9.840382e+00
1.392000e-05	1.688588e-02	-9.883058e+00
1.393000e-05	-1.145419e-03	-9.926645e+00
1.394000e-05	2.019345e-03	-9.957799e+00
1.395000e-05	9.231599e-03	-1.001890e+01
1.396000e-05	2.024448e-02	-1.007303e+01
1.397000e-05	9.330411e-03	-1.013417e+01
1.398000e-05	5.066163e-03	-1.019614e+01
1.399000e-05	7.559685e-03	-1.021983e+01
1.400000e-05	1.220698e-02	-1.027986e+01
1.401000e-05	1.233521e-02	-1.025154e+01
1.402000e-05	9.303974e-03	-1.029447e+01
1.403000e-05	9.561220e-03	-1.032360e+01
1.404000e-05	1.432163e-02	-1.030569e+01
1.405000e-05	1.562684e-02	-1.036622e+01
1.406000e-05	1.099372e-02	-1.035685e+01
1.407000e-05	8.829926e-03	-1.036729e+01
1.408000e-05	1.164262e-02	-1.034515e+01
1.409000e-05	1.573585e-02	-1.037667e+01
1.410000e-05	1.723974e-02	-1.033720e+01
1.411000e-05	1.713848e-02	-1.030662e+01
1.412000e-05	1.526896e-02	-1.034312e+01
1.413000e-05	1.584705e-02	-1.028357e+01
1.414000e-05	1.686976e-02	-1.024299e+01
1.415000e-05	1.964130e-02	-1.022045e+01
1.416000e-05	2.172123e-02	-1.023875e+01
1.417000e-05	2.060901e-02	-1.016777e+01
1.418000e-05	2.129469e-02	-1.006066e+01
1.419000e-05	2.186352e-02	-1.005108e+01
1.420000e-05	2.276630e-02	-1.000895e+01
1.421000e-05	2.350507e-02	-9.967901e+00
1.422000e-05	2.591507e-02	-9.926218e+00
1.423000e-05	2.722509e-02	-9.894039e+00
1.424000e-05	2.652190e-02	-9.838980e+00
1.425000e-05	2.726192e-02	-9.778824e+00
1.426000e-05	2.773037e-02	-9.725295e+00
1.427000e-05	2.817768e-02	-9.652608e+00
1.428000e-05	2.990866e-02	-9.587928e+00
1.429000e-05	3.192609e-02	-9.515317e+00
1.430000e-05	3.301284e-02	-9.473562e+00
1.431000e-05	3.164231e-02	-9.366751e+00
1.432000e-05	3.192318e-02	-9.231508e+00
1.433000e-05	3.343258e-02	-9.167322e+00
1.434000e-05	3.433715e-02	-9.072637e+00
1.435000e-05	3.627690e-02	-8.976922e+00
1.436000e-05	3.612958e-02	-8.873062e+00
1.437000e-05	3.590945e-02	-8.786926e+00
1.438000e-05	3.563624e-02	-8.734168e+00
1.439000e-05	3.599496e-02	-8.555980e+00
1.440000e-05	3.723318e-02	-8.420039e+00
1.441000e-05	3.562879e-02	-8.365746e+00
1.442000e-05	3.741338e-02	-8.232029e+00
1.443000e-05	3.766526e-02	-8.143793e+00
1.444000e-05	3.694057e-02	-8.050472e+00
1.445000e-05	3.539288e-02	-7.853672e+00
1.446000e-05	3.433592e-02	-7.707666e+00
1.447000e-05	3.543192e-02	-7.547953e+00
1.448000e-05	3.388754e-02	-7.398058e+00
1.449000e-05	3.439925e-02	-7.313668e+00
1.450000e-05	3.190630e-02	-7.178374e+00
1.451000e-05	2.896936e-02	-6.990559e+00
1.452000e-05	2.717590e-02	-6.860613e+00
1.453000e-05	2.737758e-02	-6.705295e+00
1.454000e-05	2.640419e-02	-6.607925e+00
1.455000e-05	2.372063e-02	-6.451009e+00
1.456000e-05	2.176736e-02	-6.325793e+00
1.457000e-05	2.033425e-02	-6.103746e+00
1.458000e-05	1.965828e-02	-5.955948e+00
1.459000e-05	1.680245e-02	-5.810983e+00
1.460000e-05	1.446208e-02	-5.691090e+00
1.461000e-05	1.502859e-02	-5.503296e+00
1.462000e-05	1.384782e-02	-5.274692e+00
1.463000e-05	1.230172e-02	-5.103769e+00
1.464000e-05	9.105647e-03	-4.934798e+00
1.465000e-05	9.332847e-03	-4.703718e+00
1.466000e-05	6.268615e-03	-4.556821e+00
1.467000e-05	8.840590e-03	-4.409053e+00
1.468000e-05	3.692285e-03	-4.261609e+00
1.469000e-05	5.409624e-03	-4.102739e+00
1.470000e-05	3.357639e-03	-3.874395e+00
1.471000e-05	6.035379e-03	-3.706796e+00
1.472000e-05	3.943928e-03	-3.515922e+00
1.473000e-05	5.492099e-03	-3.377472e+00
1.474000e-05	2.501381e-03	-3.169425e+00
1.475000e-05	2.952584e-03	-2.957455e+00
1.476000e-05	6.538296e-04	-2.779453e+00
1.477000e-05	6.517568e-04	-2.651160e+00
1.478000e-05	-1.636608e-03	-2.482134e+00
1.479000e-05	2.037660e-03	-2.270688e+00
1.480000e-05	2.440267e-03	-2.041685e+00
1.481000e-05	1.676296e-03	-1.872686e+00
1.482000e-05	-1.558962e-03	-1.706818e+00
1.483000e-05	-1.025848e-03	-1.524244e+00
1.484000e-05	-2.256843e-04	-1.232615e+00
1.485000e-05	-2.277998e-03	-1.083187e+00
1.486000e-05	-1.891927e-03	-8.641891e-01
1.487000e-05	-1.559342e-03	-7.062156e-01
1.488000e-05	-1.578594e-03	-4.833417e-01
1.489000e-05	-5.638788e-04	-2.842645e-01
1.490000e-05	-1.125754e-03	-1.253694e-01
1.491000e-05	2.876890e-03	6.255032e-02
1.492000e-05	3.636443e-03	2.839555e-01
1.493000e-05	-2.060397e-03	4.320528e-01
1.494000e-05	3.478951e-03	6.094724e-01
1.495000e-05	-3.855970e-03	7.698925e-01
1.496000e-05	-1.176358e-03	8.862855e-01
1.497000e-05	-2.451343e-03	1.168868e+00
1.498000e-05	7.612213e-03	1.375313e+00
1.499000e-05	3.548670e-02	1.530735e+00
1.500000e-05	6.476362e-02	1.811021e+00
1.501000e-05	-5.115655e-02	2.021024e+00
1.502000e-05	-3.690845e-02	2.200424e+00
1.503000e-05	-4.714607e-02	2.410391e+00
1.504000e-05	-6.813130e-02	2.513682e+00
1.505000e-05	7.069292e-02	2.652607e+00
1.506000e-05	9.947899e-02	2.833078e+00
1.507000e-05	-1.778599e-01	2.999999e+00
1.508000e-05	1.421622e-01	3.107262e+00
1.509000e-05	-2.668451e-02	3.380776e+00
1.510000e-05	-8.091029e-02	3.579869e+00
1.511000e-05	1.058829e-01	3.632612e+00
1.512000e-05	-5.058235e-02	3.946183e+00
1.513000e-05	-6.746248e-02	4.053583e+00
1.514000e-05	1.040631e-01	4.292578e+00
1.515000e-05	-4.634685e-02	4.442029e+00
1.516000e-05	2.411669e-03	4.590370e+00
1.517000e-05	-4.004506e-02	4.802024e+00
1.518000e-05	-3.671068e-02	5.020447e+00
1.519000e-05	6.343031e-02	5.242897e+00
1.520000e-05	-1.156348e-02	5.421449e+00
1.521000e-05	9.701794e-04	5.527769e+00
1.522000e-05	-3.826240e-02	5.746187e+00
1.523000e-05	1.311075e-02	5.924661e+00
1.524000e-05	-5.329905e-03	6.042583e+00
1.525000e-05	-2.685997e-02	6.210849e+00
1.526000e-05	2.925025e-02	6.338240e+00
1.527000e-05	-3.129628e-02	6.485111e+00
1.528000e-05	-1.189733e-03	6.675512e+00
1.529000e-05	-8.486791e-04	6.832551e+00
1.530000e-05	-2.305614e-02	6.979870e+00
1.531000e-05	3.461368e-03	7.135688e+00
1.532000e-05	-1.223917e-02	7.211450e+00
1.533000e-05	4.597724e-03	7.399270e+00
1.534000e-05	-7.530035e-03	7.527720e+00
1.535000e-05	-1.954375e-02	7.716761e+00
1.536000e-05	-7.630070e-03	7.842984e+00
1.537000e-05	-1.193136e-02	8.060354e+00
1.538000e-05	2.776095e-03	8.146566e+00
1.539000e-05	-1.407025e-02	8.243478e+00
1.540000e-05	-4.066616e-03	8.357294e+00
1.541000e-05	-1.492861e-03	8.472455e+00
1.542000e-05	-1.934131e-02	8.516770e+00
1.543000e-05	-1.480495e-02	8.664029e+00
1.544000e-05	-1.448383e-02	8.777241e+00
1.545000e-05	4.816194e-03	8.810480e+00
1.546000e-05	-9.889486e-03	8.934513e+00
1.547000e-05	-1.452667e-02	9.052479e+00
1.548000e-05	-1.404850e-02	9.167268e+00
1.549000e-05	-1.009590e-02	9.272028e+00
1.550000e-05	-6.609912e-03	9.314640e+00
1.551000e-05	-1.335679e-02	9.400827e+00
1.552000e-05	-8.043511e-03	9.482560e+00
1.553000e-05	-1.268412e-02	9.555219e+00
1.554000e-05	-1.025125e-02	9.619923e+00
1.555000e-05	-1.611719e-02	9.665057e+00
1.556000e-05	-1.624210e-02	9.769246e+00
1.557000e-05	-1.430722e-02	9.843408e+00
1.558000e-05	-6.861357e-03	9.927195e+00
1.559000e-05	-6.223574e-03	9.959345e+00
1.560000e-05	-1.756090e-02	1.000140e+01
1.561000e-05	-1.912149e-02	1.004353e+01
1.562000e-05	-1.548321e-02	1.011606e+01
1.563000e-05	-9.111332e-03	1.010574e+01
1.564000e-05	-1.422895e-02	1.015838e+01
1.565000e-05	-1.806032e-02	1.020995e+01
1.566000e-05	-1.602924e-02	1.028301e+01
1.567000e-05	-1.465508e-02	1.030654e+01
1.568000e-05	-1.408240e-02	1.027317e+01
1.569000e-05	-1.774150e-02	1.033659e+01
1.570000e-05	-1.716325e-02	1.031472e+01
1.571000e-05	-1.601362e-02	1.035524e+01
1.572000e-05	-1.263977e-02	1.033672e+01
1.573000e-05	-1.962490e-02	1.035669e+01
1.574000e-05	-2.290113e-02	1.032624e+01
1.575000e-05	-2.103280e-02	1.032670e+01
1.576000e-05	-1.762880e-02	1.030822e+01
1.577000e-05	-1.925713e-02	1.032472e+01
1.578000e-05	-2.220223e-02	1.032667e+01
1.579000e-05	-2.329171e-02	1.031516e+01
1.580000e-05	-2.402581e-02	1.028398e+01
1.581000e-05	-2.296460e-02	1.025401e+01
1.582000e-05	-2.600091e-02	1.024138e+01
1.583000e-05	-2.495660e-02	1.015732e+01
1.584000e-05	-2.707479e-02	1.013674e+01
1.585000e-05	-2.722804e-02	1.012527e+01
1.586000e-05	-2.829047e-02	1.007466e+01
1.587000e-05	-3.020742e-02	1.003251e+01
1.588000e-05	-3.124753e-02	1.000895e+01
1.589000e-05	-3.211596e-02	9.945223e+00
1.590000e-05	-3.088401e-02	9.884093e+00
1.591000e-05	-3.274357e-02	9.840455e+00
1.592000e-05	-3.555671e-02	9.696271e+00
1.593000e-05	-3.617883e-02	9.642035e+00
1.594000e-05	-3.710939e-02	9.589377e+00
1.595000e-05	-3.648931e-02	9.524641e+00
1.596000e-05	-3.760749e-02	9.410482e+00
1.597000e-05	-3.670371e-02	9.358325e+00
1.598000e-05	-3.961376e-02	9.264688e+00
1.599000e-05	-3.972426e-02	9.220030e+00
1.600000e-05	-4.229669e-02	9.146222e+00
1.601000e-05	-3.996415e-02	8.989455e+00
1.602000e-05	-4.243720e-02	8.885116e+00
1.603000e-05	-4.062523e-02	8.769453e+00
1.604000e-05	-4.342115e-02	8.714240e+00
1.605000e-05	-4.339128e-02	8.590354e+00
1.606000e-05	-4.335836e-02	8.473267e+00
1.607000e-05	-4.377400e-02	8.410954e+00
1.608000e-05	-4.315711e-02	8.305221e+00
1.609000e-05	-4.337362e-02	8.166805e+00
1.610000e-05	-4.281629e-02	8.033530e+00
1.611000e-05	-4.385839e-02	7.914721e+00
1.612000e-05	-4.279234e-02	7.757954e+00
1.613000e-05	-4.321121e-02	7.644114e+00
1.614000e-05	-4.246906e-02	7.506772e+00
1.615000e-05	-3.988540e-02	7.356832e+00
1.616000e-05	-3.576383e-02	7.177028e+00
1.617000e-05	-3.602916e-02	7.053138e+00
1.618000e-05	-3.754638e-02	6.914796e+00
1.619000e-05	-3.645387e-02	6.799404e+00
1.620000e-05	-3.188306e-02	6.652643e+00
1.621000e-05	-2.912260e-02	6.440660e+00
1.622000e-05	-2.856248e-02	6.325297e+00
1.623000e-05	-2.799203e-02	6.177929e+00
1.624000e-05	-2.578884e-02	6.061637e+00
1.625000e-05	-2.407448e-02	5.897373e+00
1.626000e-05	-2.399732e-02	5.714923e+00
1.627000e-05	-2.196932e-02	5.576448e+00
1.628000e-05	-2.030570e-02	5.389477e+00
1.629000e-05	-1.873415e-02	5.191582e+00
1.630000e-05	-1.706785e-02	4.960035e+00
1.631000e-05	-1.686476e-02	4.768003e+00
1.632000e-05	-1.701572e-02	4.611531e+00
1.633000e-05	-1.495988e-02	4.474163e+00
1.634000e-05	-1.383512e-02	4.316866e+00
1.635000e-05	-1.180434e-02	4.075868e+00
1.636000e-05	-1.216051e-02	3.935872e+00
1.637000e-05	-1.201304e-02	3.768472e+00
1.638000e-05	-1.198034e-02	3.589005e+00
1.639000e-05	-1.035115e-02	3.391558e+00
1.640000e-05	-1.111273e-02	3.189608e+00
1.641000e-05	-1.004426e-02	3.021160e+00
1.642000e-05	-8.940109e-03	2.862663e+00
1.643000e-05	-9.107535e-03	2.746821e+00
1.644000e-05	-9.035562e-03	2.411235e+00
1.645000e-05	-9.225930e-03	2.284263e+00
1.646000e-05	-6.839434e-03	2.104767e+00
1.647000e-05	-7.427242e-03	1.929022e+00
1.648000e-05	-6.466171e-03	1.737006e+00
1.649000e-05	-7.806867e-03	1.516972e+00
1.650000e-05	-7.087900e-03	1.347924e+00
1.651000e-05	-7.461864e-03	1.126926e+00
1.652000e-05	-6.164096e-03	9.248197e-01
1.653000e-05	-5.937208e-03	7.053197e-01
1.654000e-05	-4.751731e-03	5.183697e-01
1.655000e-05	-4.688877e-03	3.689750e-01
1.656000e-05	-4.898861e-03	1.180984e-01
1.657000e-05	-2.023103e-03	-4.205651e-02
1.658000e-05	2.113918e-03	-2.510238e-01
1.659000e-05	-3.486268e-03	-3.772947e-01
1.660000e-05	1.454130e-03	-5.457857e-01
1.661000e-05	-3.143702e-03	-7.988847e-01
1.662000e-05	4.351197e-04	-9.452108e-01
1.663000e-05	-2.285711e-03	-1.123179e+00
1.664000e-05	9.473987e-03	-1.203554e+00
1.665000e-05	6.353170e-02	-1.442528e+00
1.666000e-05	3.724061e-02	-1.663533e+00
1.667000e-05	-7.766321e-02	-1.916187e+00
1.668000e-05	-1.215860e-02	-2.210767e+00
1.669000e-05	-1.026314e-01	-2.420871e+00
1.670000e-05	3.338238e-02	-2.503607e+00
1.671000e-05	1.569640e-01	-2.558316e+00
1.672000e-05	-1.757268e-01	-2.789816e+00
1.673000e-05	8.624840e-02	-3.009243e+00
1.674000e-05	7.460715e-02	-3.155164e+00
1.675000e-05	-1.844353e-01	-3.376816e+00
1.676000e-05	1.583127e-01	-3.514190e+00
1.677000e-05	5.760265e-03	-3.685080e+00
1.678000e-05	-1.506212e-01	-3.931684e+00
1.679000e-05	1.827628e-01	-4.042029e+00
1.680000e-05	-5.411964e-02	-4.223473e+00
1.681000e-05	1.460457e-02	-4.410473e+00
1.682000e-05	7.224072e-03	-4.503714e+00
1.683000e-05	-1.474788e-01	-4.776211e+00
1.684000e-05	1.807892e-01	-4.935267e+00
1.685000e-05	-2.018871e-02	-5.124033e+00
1.686000e-05	-3.920705e-02	-5.294134e+00
1.687000e-05	4.951081e-02	-5.491501e+00
1.688000e-05	-7.919643e-02	-5.683183e+00
1.689000e-05	1.039608e-01	-5.850000e+00
1.690000e-05	-8.402672e-02	-5.949771e+00
1.691000e-05	4.702173e-02	-6.125116e+00
1.692000e-05	3.569645e-02	-6.303061e+00
1.693000e-05	-8.243058e-02	-6.533653e+00
1.694000e-05	1.068973e-01	-6.599322e+00
1.695000e-05	-7.374904e-02	-6.758343e+00
1.696000e-05	4.538427e-02	-6.853607e+00
1.697000e-05	-1.737194e-02	-7.110503e+00
1.698000e-05	-9.985240e-03	-7.229799e+00
1.699000e-05	8.226968e-02	-7.307767e+00
1.700000e-05	-7.337141e-02	-7.493535e+00
1.701000e-05	4.529374e-02	-7.629901e+00
1.702000e-05	-3.573738e-02	-7.779825e+00
1.703000e-05	3.687051e-02	-7.974240e+00
1.704000e-05	4.378140e-03	-8.062033e+00
1.705000e-05	-1.056891e-02	-8.178370e+00
1.706000e-05	4.821770e-02	-8.313609e+00
1.707000e-05	-3.653287e-02	-8.397372e+00
1.708000e-05	2.191088e-02	-8.463107e+00
1.709000e-05	-1.611551e-02	-8.659299e+00
1.710000e-05	3.612005e-02	-8.779269e+00
1.711000e-05	2.859623e-03	-8.873505e+00
1.712000e-05	-1.116223e-02	-8.935790e+00
1.713000e-05	1.921153e-02	-9.070500e+00
1.714000e-05	-1.360379e-03	-9.135138e+00
1.715000e-05	1.953007e-02	-9.199350e+00
1.716000e-05	-1.009731e-02	-9.284553e+00
1.717000e-05	1.917374e-02	-9.378294e+00
1.718000e-05	6.227698e-03	-9.453008e+00
1.719000e-05	8.039514e-03	-9.577298e+00
1.720000e-05	7.519590e-03	-9.651428e+00
1.721000e-05	1.642739e-03	-9.664617e+00
1.722000e-05	5.798761e-03	-9.766300e+00
1.723000e-05	9.178906e-03	-9.808904e+00
1.724000e-05	2.392705e-02	-9.862059e+00
1.725000e-05	6.778624e-03	-9.935712e+00
1.726000e-05	1.418343e-04	-9.957821e+00
1.727000e-05	2.425312e-03	-9.988849e+00
1.728000e-05	1.619241e-02	-1.005998e+01
1.729000e-05	1.451991e-02	-1.003306e+01
1.730000e-05	5.820186e-03	-1.013564e+01
1.731000e-05	6.963852e-03	-1.019630e+01
1.732000e-05	1.005861e-02	-1.016301e+01
1.733000e-05	1.291765e-02	-1.025994e+01
1.734000e-05	1.170614e-02	-1.028109e+01
1.735000e-05	9.301697e-03	-1.026406e+01
1.736000e-05	1.131806e-02	-1.032459e+01
1.737000e-05	1.490812e-02	-1.030674e+01
1.738000e-05	1.312315e-02	-1.037575e+01
1.739000e-05	1.110393e-02	-1.036572e+01
1.740000e-05	1.017743e-02	-1.035509e+01
1.741000e-05	1.342687e-02	-1.035620e+01
1.742000e-05	1.586630e-02	-1.037725e+01
1.743000e-05	1.819826e-02	-1.030472e+01
1.744000e-05	1.602824e-02	-1.035422e+01
1.745000e-05	1.532646e-02	-1.030209e+01
1.746000e-05	1.511965e-02	-1.028201e+01
1.747000e-05	1.830330e-02	-1.027148e+01
1.748000e-05	2.009178e-02	-1.022990e+01
1.749000e-05	1.991215e-02	-1.016782e+01
1.750000e-05	2.115329e-02	-1.012827e+01
1.751000e-05	2.240557e-02	-1.005316e+01
1.752000e-05	2.251107e-02	-1.000956e+01
1.753000e-05	2.247598e-02	-9.998350e+00
1.754000e-05	2.542516e-02	-9.967272e+00
1.755000e-05	2.636100e-02	-9.904642e+00
1.756000e-05	2.621358e-02	-9.832510e+00
1.757000e-05	2.697457e-02	-9.807426e+00
1.758000e-05	2.869310e-02	-9.756797e+00
1.759000e-05	2.902066e-02	-9.651587e+00
1.760000e-05	2.687869e-02	-9.619482e+00
1.761000e-05	2.901000e-02	-9.567795e+00
1.762000e-05	3.260298e-02	-9.483116e+00
1.763000e-05	3.416076e-02	-9.409858e+00
1.764000e-05	3.213269e-02	-9.283162e+00
1.765000e-05	3.111226e-02	-9.208426e+00
1.766000e-05	3.406652e-02	-9.122663e+00
1.767000e-05	3.584447e-02	-9.020006e+00
1.768000e-05	3.633915e-02	-8.915196e+00
1.769000e-05	3.516436e-02	-8.800901e+00
1.770000e-05	3.486063e-02	-8.764324e+00
1.771000e-05	3.599191e-02	-8.639481e+00
1.772000e-05	3.708859e-02	-8.481590e+00
1.773000e-05	3.710492e-02	-8.357328e+00
1.774000e-05	3.672976e-02	-8.291141e+00
1.775000e-05	3.693356e-02	-8.186874e+00
1.776000e-05	3.778975e-02	-8.063558e+00
1.777000e-05	3.598563e-02	-7.985747e+00
1.778000e-05	3.548387e-02	-7.756930e+00
1.779000e-05	3.397647e-02	-7.650458e+00
1.780000e-05	3.474115e-02	-7.502688e+00
1.781000e-05	3.471368e-02	-7.347351e+00
1.782000e-05	3.327890e-02	-7.219486e+00
1.783000e-05	2.996709e-02	-7.133191e+00
1.784000e-05	2.863125e-02	-6.945778e+00
1.785000e-05	2.747239e-02	-6.787927e+00
1.786000e-05	2.633125e-02	-6.662662e+00
1.787000e-05	2.434385e-02	-6.474644e+00
1.788000e-05	2.344530e-02	-6.357876e+00
1.789000e-05	2.190079e-02	-6.209984e+00
1.790000e-05	1.976636e-02	-6.000506e+00
1.791000e-05	1.747098e-02	-5.862142e+00
1.792000e-05	1.598312e-02	-5.776821e+00
1.793000e-05	1.525849e-02	-5.555873e+00
1.794000e-05	1.315665e-02	-5.397005e+00
1.795000e-05	1.239078e-02	-5.178975e+00
1.796000e-05	1.022209e-02	-5.020434e+00
1.797000e-05	1.054518e-02	-4.778883e+00
1.798000e-05	7.788131e-03	-4.629528e+00
1.799000e-05	8.921145e-03	-4.461137e+00
1.800000e-05	7.427057e-03	-4.335896e+00
1.801000e-05	5.698520e-03	-4.148003e+00
1.802000e-05	5.133874e-03	-3.999029e+00
1.803000e-05	4.123824e-03	-3.849509e+00
1.804000e-05	3.644716e-03	-3.599483e+00
1.805000e-05	4.032345e-03	-3.461637e+00
1.806000e-05	2.873789e-03	-3.294166e+00
1.807000e-05	3.196383e-03	-3.094818e+00
1.808000e-05	1.968733e-03	-2.893139e+00
1.809000e-05	1.933728e-03	-2.714769e+00
1.810000e-05	-9.761627e-04	-2.495371e+00
1.811000e-05	2.130185e-03	-2.368472e+00
1.812000e-05	1.602162e-04	-2.133448e+00
1.813000e-05	1.488320e-03	-1.928375e+00
1.814000e-05	-1.484292e-03	-1.787529e+00
1.815000e-05	1.326869e-03	-1.598526e+00
1.816000e-05	-1.663313e-03	-1.387029e+00
1.817000e-05	-6.113379e-04	-1.148450e+00
1.818000e-05	-2.326647e-03	-9.788734e-01
1.819000e-05	-9.943200e-04	-7.488539e-01
1.820000e-05	-2.847658e-03	-5.664760e-01
1.821000e-05	-1.797578e-03	-3.689274e-01
1.822000e-05	-2.190530e-03	-1.616049e-01
1.823000e-05	4.465363e-04	-6.116140e-02
1.824000e-05	4.584781e-03	1.497399e-01
1.825000e-05	-2.017276e-03	3.904161e-01
1.826000e-05	2.029683e-03	5.063084e-01
1.827000e-05	-2.484473e-03	7.041667e-01
1.828000e-05	-9.498819e-04	8.525751e-01
1.829000e-05	-2.977320e-03	1.065103e+00
1.830000e-05	3.428444e-03	1.263579e+00
1.831000e-05	1.475874e-02	1.432079e+00
1.832000e-05	6.680313e-02	1.695611e+00
1.833000e-05	3.570236e-03	1.947237e+00
1.834000e-05	-6.022024e-02	2.105686e+00
1.835000e-05	-3.380393e-02	2.325158e+00
1.836000e-05	-6.521064e-02	2.471503e+00
1.837000e-05	-2.391055e-02	2.529890e+00
1.838000e-05	1.655675e-01	2.768869e+00
1.839000e-05	-1.092890e-01	2.948811e+00
1.840000e-05	-2.367299e-02	3.073107e+00
1.841000e-05	1.239921e-01	3.264002e+00
1.842000e-05	-1.284070e-01	3.506637e+00
1.843000e-05	4.201635e-02	3.651502e+00
1.844000e-05	5.811705e-02	3.790894e+00
1.845000e-05	-1.303788e-01	4.030420e+00
1.846000e-05	7.688021e-02	4.189295e+00
1.847000e-05	1.746691e-02	4.400869e+00
1.848000e-05	-3.301383e-02	4.536261e+00
1.849000e-05	-8.281307e-04	4.706665e+00
1.850000e-05	-6.610215e-02	4.916612e+00
1.851000e-05	3.867341e-02	5.166392e+00
1.852000e-05	2.157543e-02	5.337216e+00
1.853000e-05	-4.843945e-03	5.474663e+00
1.854000e-05	-2.063139e-02	5.661029e+00
1.855000e-05	-1.857303e-02	5.819900e+00
1.856000e-05	1.548386e-02	6.011421e+00
1.857000e-05	-2.937492e-02	6.116714e+00
1.858000e-05	7.343187e-03	6.295661e+00
1.859000e-05	5.893841e-03	6.430955e+00
1.860000e-05	-3.504983e-02	6.609917e+00
1.861000e-05	2.226667e-02	6.788818e+00
1.862000e-05	-2.985916e-02	6.915162e+00
1.863000e-05	-3.523138e-03	7.061509e+00
1.864000e-05	-5.103955e-03	7.188866e+00
1.865000e-05	-6.921241e-03	7.294562e+00
1.866000e-05	8.705571e-03	7.483554e+00
1.867000e-05	-2.671264e-02	7.633028e+00
1.868000e-05	-2.587533e-03	7.779320e+00
1.869000e-05	-1.881261e-02	7.927719e+00
1.870000e-05	3.787786e-03	8.073585e+00
1.871000e-05	-1.116916e-02	8.210854e+00
1.872000e-05	-1.010550e-02	8.304162e+00
1.873000e-05	1.526546e-03	8.420878e+00
1.874000e-05	-1.353276e-02	8.484639e+00
1.875000e-05	-1.430942e-02	8.598473e+00
1.876000e-05	-1.843354e-02	8.733162e+00
1.877000e-05	-2.129393e-04	8.788421e+00
1.878000e-05	-4.309122e-03	8.842109e+00
1.879000e-05	-1.236301e-02	8.976671e+00
1.880000e-05	-1.575685e-02	9.125636e+00
1.881000e-05	-1.053811e-02	9.200902e+00
1.882000e-05	-8.258483e-03	9.285088e+00
1.883000e-05	-1.048687e-02	9.348343e+00
1.884000e-05	-1.193183e-02	9.450981e+00
1.885000e-05	-1.097852e-02	9.526635e+00
1.886000e-05	-1.119760e-02	9.548318e+00
1.887000e-05	-1.365167e-02	9.640006e+00
1.888000e-05	-1.434999e-02	9.695088e+00
1.889000e-05	-1.708969e-02	9.860905e+00
1.890000e-05	-1.029978e-02	9.895536e+00
1.891000e-05	-5.772379e-03	9.946745e+00
1.892000e-05	-1.012855e-02	9.968454e+00
1.893000e-05	-1.963196e-02	1.002110e+01
1.894000e-05	-1.849519e-02	1.009363e+01
1.895000e-05	-1.148756e-02	1.013621e+01
1.896000e-05	-1.150162e-02	1.016884e+01
1.897000e-05	-1.613397e-02	1.017887e+01
1.898000e-05	-1.825466e-02	1.024245e+01
1.899000e-05	-1.506093e-02	1.026251e+01
1.900000e-05	-1.596964e-02	1.024408e+01
1.901000e-05	-1.568529e-02	1.030419e+01
1.902000e-05	-1.816989e-02	1.030474e+01
1.903000e-05	-1.838296e-02	1.033574e+01
1.904000e-05	-1.391900e-02	1.036627e+01
1.905000e-05	-1.643173e-02	1.033730e+01
1.906000e-05	-2.099315e-02	1.032717e+01
1.907000e-05	-2.427068e-02	1.035675e+01
1.908000e-05	-1.906473e-02	1.032567e+01
1.909000e-05	-1.862904e-02	1.033722e+01
1.910000e-05	-1.875965e-02	1.033489e+01
1.911000e-05	-2.177080e-02	1.028626e+01
1.912000e-05	-2.397967e-02	1.027411e+01
1.913000e-05	-2.445898e-02	1.024356e+01
1.914000e-05	-2.403612e-02	1.024101e+01
1.915000e-05	-2.475702e-02	1.021991e+01
1.916000e-05	-2.702119e-02	1.017827e+01
1.917000e-05	-2.660827e-02	1.013627e+01
1.918000e-05	-2.749357e-02	1.009469e+01
1.919000e-05	-2.904693e-02	1.002256e+01
1.920000e-05	-3.193835e-02	1.000151e+01
1.921000e-05	-3.145742e-02	9.958822e+00
1.922000e-05	-2.994261e-02	9.934094e+00
1.923000e-05	-3.127601e-02	9.872056e+00
1.924000e-05	-3.444356e-02	9.797274e+00
1.925000e-05	-3.578417e-02	9.673637e+00
1.926000e-05	-3.444128e-02	9.600006e+00
1.927000e-05	-3.692653e-02	9.535748e+00
1.928000e-05	-3.733958e-02	9.422563e+00
1.929000e-05	-3.655796e-02	9.377928e+00
1.930000e-05	-3.741598e-02	9.285189e+00
1.931000e-05	-3.912724e-02	9.251157e+00
1.932000e-05	-4.329323e-02	9.177975e+00
1.933000e-05	-4.003320e-02	9.073139e+00
1.934000e-05	-4.162743e-02	8.955249e+00
1.935000e-05	-3.948603e-02	8.822477e+00
1.936000e-05	-4.387293e-02	8.777846e+00
1.937000e-05	-4.189460e-02	8.601082e+00
1.938000e-05	-4.503999e-02	8.536271e+00
1.939000e-05	-4.203022e-02	8.451605e+00
1.940000e-05	-4.350821e-02	8.366298e+00
1.941000e-05	-4.293026e-02	8.261060e+00
1.942000e-05	-4.418310e-02	8.075113e+00
1.943000e-05	-4.277886e-02	8.017452e+00
1.944000e-05	-4.341275e-02	7.850059e+00
1.945000e-05	-4.268446e-02	7.725719e+00
1.946000e-05	-4.261394e-02	7.599876e+00
1.947000e-05	-4.061431e-02	7.431435e+00
1.948000e-05	-3.809652e-02	7.262640e+00
1.949000e-05	-3.759827e-02	7.115772e+00
1.950000e-05	-3.662566e-02	6.987453e+00
1.951000e-05	-3.570451e-02	6.833061e+00
1.952000e-05	-3.327003e-02	6.706298e+00
1.953000e-05	-3.161266e-02	6.566399e+00
1.954000e-05	-2.925420e-02	6.356405e+00
1.955000e-05	-2.793574e-02	6.243061e+00
1.956000e-05	-2.708840e-02	6.094292e+00
1.957000e-05	-2.604215e-02	5.978979e+00
1.958000e-05	-2.448782e-02	5.808533e+00
1.959000e-05	-2.202740e-02	5.599983e+00
1.960000e-05	-2.121755e-02	5.444040e+00
1.961000e-05	-1.976296e-02	5.335267e+00
1.962000e-05	-1.850853e-02	5.022147e+00
1.963000e-05	-1.576547e-02	4.852691e+00
1.964000e-05	-1.507200e-02	4.693767e+00
1.965000e-05	-1.538555e-02	4.485875e+00
1.966000e-05	-1.558006e-02	4.408479e+00
1.967000e-05	-1.412286e-02	4.169158e+00
1.968000e-05	-1.252510e-02	3.991529e+00
1.969000e-05	-1.248832e-02	3.841659e+00
1.970000e-05	-1.186371e-02	3.652663e+00
1.971000e-05	-1.092692e-02	3.505843e+00
1.972000e-05	-9.258719e-03	3.272291e+00
1.973000e-05	-8.280813e-03	3.126268e+00
1.974000e-05	-8.953931e-03	2.956396e+00
1.975000e-05	-1.018436e-02	2.778501e+00
1.976000e-05	-1.016840e-02	2.578000e+00
1.977000e-05	-9.646531e-03	2.337501e+00
1.978000e-05	-7.956963e-03	2.169504e+00
1.979000e-05	-8.296519e-03	2.011030e+00
1.980000e-05	-7.062233e-03	1.854759e+00
1.981000e-05	-6.733054e-03	1.619631e+00
1.982000e-05	-5.432038e-03	1.461656e+00
1.983000e-05	-5.826766e-03	1.221710e+00
1.984000e-05	-6.708341e-03	9.806278e-01
1.985000e-05	-6.710789e-03	8.006088e-01
1.986000e-05	-7.062457e-03	5.906615e-01
1.987000e-05	-4.837712e-03	4.306841e-01
1.988000e-05	-4.926341e-03	2.517628e-01
1.989000e-05	-3.296710e-03	6.377730e-04
1.990000e-05	3.435408e-03	-1.457881e-01
1.991000e-05	-7.999971e-04	-3.056093e-01
1.992000e-05	-1.227098e-05	-4.645777e-01
1.993000e-05	-2.122058e-03	-6.710312e-01
1.994000e-05	-2.798712e-03	-8.719791e-01
1.995000e-05	-1.822253e-03	-9.999451e-01
1.996000e-05	2.846095e-03	-1.160794e+00
1.997000e-05	3.085327e-02	-1.349795e+00
1.998000e-05	8.832102e-02	-1.599316e+00
1.999000e-05	-6.305004e-02	-1.830924e+00
2.000000e-05	-2.142475e-02	-2.083050e+00
2.001000e-05	-6.675970e-02	-2.286662e+00
2.002000e-05	-6.572818e-02	-2.451579e+00
2.003000e-05	1.673638e-01	-2.485737e+00
2.004000e-05	-2.731158e-02	-2.703630e+00
2.005000e-05	-1.103486e-01	-2.916612e+00
2.006000e-05	1.904481e-01	-3.101004e+00
2.007000e-05	-1.634700e-01	-3.283028e+00
2.008000e-05	-4.395274e-03	-3.471528e+00
2.009000e-05	1.542199e-01	-3.590370e+00
2.010000e-05	-1.723698e-01	-3.790790e+00
2.011000e-05	5.730872e-02	-3.999898e+00
2.012000e-05	1.027934e-01	-4.126188e+00
2.013000e-05	-1.109528e-01	-4.368295e+00
2.014000e-05	1.031888e-01	-4.446130e+00
2.015000e-05	-1.541124e-01	-4.683479e+00
2.016000e-05	4.155903e-02	-4.864533e+00
2.017000e-05	1.278239e-01	-5.010898e+00
2.018000e-05	-1.135168e-01	-5.223320e+00
2.019000e-05	8.134648e-02	-5.410439e+00
2.020000e-05	-7.208504e-02	-5.621791e+00
2.021000e-05	3.955220e-02	-5.767245e+00
2.022000e-05	2.235888e-02	-5.905033e+00
2.023000e-05	-6.544476e-02	-6.040979e+00
2.024000e-05	1.129304e-01	-6.229199e+00
2.025000e-05	-1.007405e-01	-6.392371e+00
2.026000e-05	5.491237e-02	-6.545715e+00
2.027000e-05	1.780569e-02	-6.693083e+00
2.028000e-05	-4.182531e-02	-6.803951e+00
2.029000e-05	6.032387e-02	-6.955740e+00
2.030000e-05	-7.639579e-02	-7.166737e+00
2.031000e-05	9.328631e-02	-7.293030e+00
2.032000e-05	-2.929233e-02	-7.430399e+00
2.033000e-05	-7.209471e-03	-7.588268e+00
2.034000e-05	1.516730e-02	-7.696585e+00
2.035000e-05	-2.057032e-02	-7.914482e+00
2.036000e-05	5.350268e-02	-8.031950e+00
2.037000e-05	-3.723083e-02	-8.136113e+00
2.038000e-05	4.736884e-02	-8.239981e+00
2.039000e-05	-1.065604e-02	-8.326239e+00
2.040000e-05	-8.570425e-03	-8.421453e+00
2.041000e-05	9.733082e-03	-8.577191e+00
2.042000e-05	-1.641022e-04	-8.694608e+00
2.043000e-05	4.008502e-02	-8.800430e+00
2.044000e-05	-2.801209e-02	-8.933662e+00
2.045000e-05	2.016102e-02	-9.019895e+00
2.046000e-05	2.885287e-03	-9.083085e+00
2.047000e-05	1.722682e-02	-9.157815e+00
2.048000e-05	1.934676e-03	-9.241929e+00
2.049000e-05	-7.491007e-04	-9.325139e+00
2.050000e-05	1.952010e-02	-9.440899e+00
2.051000e-05	2.738797e-05	-9.535562e+00
2.052000e-05	1.461353e-02	-9.618875e+00
2.053000e-05	-1.201562e-03	-9.692634e+00
2.054000e-05	8.311808e-03	-9.746212e+00
2.055000e-05	5.461943e-03	-9.767875e+00
2.056000e-05	2.005443e-02	-9.882532e+00
2.057000e-05	1.661000e-02	-9.925112e+00
2.058000e-05	-1.228504e-03	-9.964745e+00
2.059000e-05	3.109945e-03	-9.958821e+00
2.060000e-05	7.546165e-03	-1.003050e+01
2.061000e-05	1.967003e-02	-1.007103e+01
2.062000e-05	8.607739e-03	-1.010556e+01
2.063000e-05	7.199970e-03	-1.014624e+01
2.064000e-05	7.788405e-03	-1.024182e+01
2.065000e-05	1.249146e-02	-1.026188e+01
2.066000e-05	1.329645e-02	-1.029451e+01
2.067000e-05	1.068302e-02	-1.033448e+01
2.068000e-05	8.855967e-03	-1.035462e+01
2.069000e-05	1.376947e-02	-1.032474e+01
2.070000e-05	1.389026e-02	-1.033672e+01
2.071000e-05	1.218544e-02	-1.035627e+01
2.072000e-05	9.048334e-03	-1.037578e+01
2.073000e-05	1.178011e-02	-1.037572e+01
2.074000e-05	1.639600e-02	-1.037410e+01
2.075000e-05	1.838473e-02	-1.034572e+01
2.076000e-05	1.788096e-02	-1.033317e+01
2.077000e-05	1.506618e-02	-1.028461e+01
2.078000e-05	1.410231e-02	-1.033357e+01
2.079000e-05	1.596635e-02	-1.028209e+01
2.080000e-05	2.026387e-02	-1.024033e+01
2.081000e-05	2.041042e-02	-1.016835e+01
2.082000e-05	1.945348e-02	-1.014674e+01
2.083000e-05	2.194611e-02	-1.013626e+01
2.084000e-05	2.272073e-02	-1.010206e+01
2.085000e-05	2.269238e-02	-9.969001e+00
2.086000e-05	2.278176e-02	-9.968826e+00
2.087000e-05	2.589758e-02	-9.956242e+00
2.088000e-05	2.695244e-02	-9.922114e+00
2.089000e-05	2.536900e-02	-9.819478e+00
2.090000e-05	2.615697e-02	-9.777371e+00
2.091000e-05	2.826219e-02	-9.705689e+00
2.092000e-05	2.933290e-02	-9.651059e+00
2.093000e-05	2.929704e-02	-9.597825e+00
2.094000e-05	3.171309e-02	-9.524770e+00
2.095000e-05	3.250861e-02	-9.430484e+00
2.096000e-05	3.289516e-02	-9.305692e+00
2.097000e-05	3.090616e-02	-9.231431e+00
2.098000e-05	3.171261e-02	-9.157772e+00
2.099000e-05	3.436447e-02	-9.053110e+00
2.100000e-05	3.557213e-02	-8.956745e+00
2.101000e-05	3.611188e-02	-8.881138e+00
2.102000e-05	3.519726e-02	-8.788352e+00
2.103000e-05	3.616781e-02	-8.684087e+00
2.104000e-05	3.827944e-02	-8.546300e+00
2.105000e-05	3.746047e-02	-8.430028e+00
2.106000e-05	3.673002e-02	-8.316746e+00
2.107000e-05	3.676752e-02	-8.210554e+00
2.108000e-05	3.656764e-02	-8.135198e+00
2.109000e-05	3.612425e-02	-7.980452e+00
2.110000e-05	3.580603e-02	-7.863168e+00
2.111000e-05	3.524159e-02	-7.662189e+00
2.112000e-05	3.555082e-02	-7.577351e+00
2.113000e-05	3.635184e-02	-7.439509e+00
2.114000e-05	3.479802e-02	-7.245162e+00
2.115000e-05	3.206944e-02	-7.157899e+00
2.116000e-05	2.934694e-02	-7.048383e+00
2.117000e-05	2.678370e-02	-6.841032e+00
2.118000e-05	2.640274e-02	-6.714692e+00
2.119000e-05	2.515071e-02	-6.567421e+00
2.120000e-05	2.349125e-02	-6.440534e+00
2.121000e-05	2.285624e-02	-6.315139e+00
2.122000e-05	2.132018e-02	-6.073668e+00
2.123000e-05	1.932310e-02	-5.937296e+00
2.124000e-05	1.715333e-02	-5.797979e+00
2.125000e-05	1.526408e-02	-5.662505e+00
2.126000e-05	1.444235e-02	-5.462738e+00
2.127000e-05	1.160702e-02	-5.263185e+00
2.128000e-05	1.153130e-02	-5.072739e+00
2.129000e-05	9.653657e-03	-4.894742e+00
2.130000e-05	8.727768e-03	-4.664593e+00
2.131000e-05	7.146241e-03	-4.536318e+00
2.132000e-05	9.117919e-03	-4.408927e+00
2.133000e-05	6.433368e-03	-4.260033e+00
2.134000e-05	7.228592e-03	-4.083112e+00
2.135000e-05	3.768235e-03	-3.936769e+00
2.136000e-05	3.537755e-03	-3.675267e+00
2.137000e-05	2.317388e-03	-3.536366e+00
2.138000e-05	4.175141e-03	-3.327399e+00
2.139000e-05	2.285896e-03	-3.197931e+00
2.140000e-05	2.332058e-03	-2.947828e+00
2.141000e-05	1.740667e-03	-2.777952e+00
2.142000e-05	1.127250e-03	-2.629533e+00
2.143000e-05	3.518637e-04	-2.420659e+00
2.144000e-05	1.635318e-03	-2.259109e+00
2.145000e-05	8.813277e-04	-2.023084e+00
2.146000e-05	-4.284656e-04	-1.853633e+00
2.147000e-05	-1.031150e-03	-1.683182e+00
2.148000e-05	-3.718040e-04	-1.485812e+00
2.149000e-05	-1.555221e-03	-1.231088e+00
2.150000e-05	-2.541369e-03	-1.043162e+00
2.151000e-05	-2.039257e-03	-8.317340e-01
2.152000e-05	-1.309111e-03	-6.808142e-01
2.153000e-05	-8.949082e-04	-4.416851e-01
2.154000e-05	-2.707821e-03	-2.737643e-01
2.155000e-05	-1.868828e-03	-6.529028e-02
2.156000e-05	3.241595e-03	4.410639e-02
2.157000e-05	1.575678e-03	3.061844e-01
2.158000e-05	-1.395553e-03	4.521053e-01
2.159000e-05	4.541603e-04	6.105751e-01
2.160000e-05	-3.650934e-03	8.119474e-01
2.161000e-05	-9.334880e-04	9.788408e-01
2.162000e-05	-1.202502e-04	1.219921e+00
2.163000e-05	7.851279e-03	1.398862e+00
2.164000e-05	4.079379e-02	1.587820e+00
2.165000e-05	5.686777e-02	1.822580e+00
2.166000e-05	-5.725562e-02	2.001528e+00
2.167000e-05	-3.347582e-02	2.231904e+00
2.168000e-05	-5.209370e-02	2.388920e+00
2.169000e-05	-6.682473e-02	2.466187e+00
2.170000e-05	9.806623e-02	2.693679e+00
2.171000e-05	6.470038e-02	2.843080e+00
2.172000e-05	-1.637196e-01	3.020929e+00
2.173000e-05	1.585876e-01	3.178266e+00
2.174000e-05	-6.001851e-02	3.368918e+00
2.175000e-05	-5.801698e-02	3.578923e+00
2.176000e-05	1.073204e-01	3.684212e+00
2.177000e-05	-7.807354e-02	3.896138e+00
2.178000e-05	-3.747404e-02	4.053605e+00
2.179000e-05	9.471275e-02	4.315562e+00
2.180000e-05	-5.100736e-02	4.444607e+00
2.181000e-05	7.137550e-03	4.622526e+00
2.182000e-05	-4.770956e-02	4.813503e+00
2.183000e-05	-2.153129e-02	5.063473e+00
2.184000e-05	5.901706e-02	5.242102e+00
2.185000e-05	-1.409970e-02	5.432376e+00
2.186000e-05	-1.483197e-03	5.589398e+00
2.187000e-05	-3.787921e-02	5.717191e+00
2.188000e-05	1.838389e-02	5.945867e+00
2.189000e-05	-1.031041e-02	6.083108e+00
2.190000e-05	-2.049041e-02	6.220925e+00
2.191000e-05	2.958048e-02	6.368294e+00
2.192000e-05	-3.720170e-02	6.535608e+00
2.193000e-05	7.104092e-03	6.694684e+00
2.194000e-05	-8.819839e-03	6.872032e+00
2.195000e-05	-1.902887e-02	6.979845e+00
2.196000e-05	4.190379e-03	7.124790e+00
2.197000e-05	-1.188736e-02	7.242033e+00
2.198000e-05	5.928762e-03	7.386749e+00
2.199000e-05	-1.307339e-02	7.599295e+00
2.200000e-05	-1.321672e-02	7.724588e+00
2.201000e-05	-8.241380e-03	7.833482e+00
2.202000e-05	-8.791221e-03	7.959401e+00
2.203000e-05	-5.778035e-04	8.176715e+00
2.204000e-05	-1.369878e-02	8.293009e+00
2.205000e-05	-2.785565e-03	8.356797e+00
2.206000e-05	-3.724177e-03	8.462106e+00
2.207000e-05	-1.849806e-02	8.537270e+00
2.208000e-05	-1.579135e-02	8.623531e+00
2.209000e-05	-1.037173e-02	8.777837e+00
2.210000e-05	1.964183e-03	8.842058e+00
2.211000e-05	-1.068378e-02	8.916169e+00
2.212000e-05	-1.577287e-02	9.053010e+00
2.213000e-05	-1.124448e-02	9.167376e+00
2.214000e-05	-9.364810e-03	9.271484e+00
2.215000e-05	-8.217674e-03	9.315665e+00
2.216000e-05	-1.504983e-02	9.359875e+00
2.217000e-05	-8.205873e-03	9.483160e+00
2.218000e-05	-1.262639e-02	9.518398e+00
2.219000e-05	-1.087741e-02	9.599854e+00
2.220000e-05	-1.574606e-02	9.676065e+00
2.221000e-05	-1.475674e-02	9.787225e+00
2.222000e-05	-1.402200e-02	9.841104e+00
2.223000e-05	-8.263742e-03	9.944669e+00
2.224000e-05	-6.941776e-03	9.988397e+00
2.225000e-05	-1.714655e-02	9.980458e+00
2.226000e-05	-1.913300e-02	1.006213e+01
2.227000e-05	-1.546660e-02	1.006516e+01
2.228000e-05	-1.056515e-02	1.015622e+01
2.229000e-05	-1.348495e-02	1.020735e+01
2.230000e-05	-1.918952e-02	1.021988e+01
2.231000e-05	-1.572064e-02	1.023263e+01
2.232000e-05	-1.647444e-02	1.030411e+01
2.233000e-05	-1.351032e-02	1.029411e+01
2.234000e-05	-1.772698e-02	1.028366e+01
2.235000e-05	-1.649926e-02	1.034614e+01
2.236000e-05	-1.665040e-02	1.034619e+01
2.237000e-05	-1.341292e-02	1.035629e+01
2.238000e-05	-2.008436e-02	1.031627e+01
2.239000e-05	-2.207562e-02	1.032627e+01
2.240000e-05	-2.129659e-02	1.037725e+01
2.241000e-05	-1.804055e-02	1.033622e+01
2.242000e-05	-1.813751e-02	1.032622e+01
2.243000e-05	-2.168437e-02	1.030616e+01
2.244000e-05	-2.203986e-02	1.028364e+01
2.245000e-05	-2.560773e-02	1.026466e+01
2.246000e-05	-2.325732e-02	1.026103e+01
2.247000e-05	-2.491808e-02	1.018990e+01
2.248000e-05	-2.480521e-02	1.020842e+01
2.249000e-05	-2.714157e-02	1.010682e+01
2.250000e-05	-2.733484e-02	1.010514e+01
2.251000e-05	-2.737818e-02	1.007409e+01
2.252000e-05	-3.024459e-02	1.002358e+01
2.253000e-05	-3.068022e-02	9.986827e+00
2.254000e-05	-3.118671e-02	9.947245e+00
2.255000e-05	-2.981004e-02	9.870612e+00
2.256000e-05	-3.352536e-02	9.787833e+00
2.257000e-05	-3.392504e-02	9.695249e+00
2.258000e-05	-3.541765e-02	9.620985e+00
2.259000e-05	-3.717323e-02	9.586849e+00
2.260000e-05	-3.662443e-02	9.504665e+00
2.261000e-05	-3.779244e-02	9.409010e+00
2.262000e-05	-3.543115e-02	9.316746e+00
2.263000e-05	-4.050351e-02	9.262138e+00
2.264000e-05	-4.010009e-02	9.221004e+00
2.265000e-05	-4.268432e-02	9.144269e+00
2.266000e-05	-4.141682e-02	8.999432e+00
2.267000e-05	-4.082164e-02	8.863638e+00
2.268000e-05	-4.258517e-02	8.778953e+00
2.269000e-05	-4.317792e-02	8.676167e+00
2.270000e-05	-4.418526e-02	8.577455e+00
2.271000e-05	-4.257054e-02	8.493668e+00
2.272000e-05	-4.418938e-02	8.378952e+00
2.273000e-05	-4.405452e-02	8.294216e+00
2.274000e-05	-4.459208e-02	8.127371e+00
2.275000e-05	-4.242545e-02	8.050505e+00
2.276000e-05	-4.336499e-02	7.865741e+00
2.277000e-05	-4.259273e-02	7.738352e+00
2.278000e-05	-4.314028e-02	7.632635e+00
2.279000e-05	-4.054781e-02	7.502219e+00
2.280000e-05	-3.988630e-02	7.306272e+00
2.281000e-05	-3.793747e-02	7.158453e+00
2.282000e-05	-3.701078e-02	7.043084e+00
2.283000e-05	-3.755258e-02	6.874263e+00
2.284000e-05	-3.538842e-02	6.788924e+00
2.285000e-05	-3.243426e-02	6.631158e+00
2.286000e-05	-2.917024e-02	6.462162e+00
2.287000e-05	-2.926445e-02	6.316244e+00
2.288000e-05	-2.819367e-02	6.145904e+00
2.289000e-05	-2.593872e-02	6.040560e+00
2.290000e-05	-2.474164e-02	5.932788e+00
2.291000e-05	-2.342545e-02	5.674272e+00
2.292000e-05	-2.219332e-02	5.507300e+00
2.293000e-05	-1.921475e-02	5.359427e+00
2.294000e-05	-1.905286e-02	5.165903e+00
2.295000e-05	-1.777526e-02	4.927476e+00
2.296000e-05	-1.713211e-02	4.799426e+00
2.297000e-05	-1.562429e-02	4.598505e+00
2.298000e-05	-1.459614e-02	4.442612e+00
2.299000e-05	-1.343687e-02	4.287241e+00
2.300000e-05	-1.224060e-02	4.052640e+00
2.301000e-05	-1.220549e-02	3.904746e+00
2.302000e-05	-1.257970e-02	3.726376e+00
2.303000e-05	-1.111265e-02	3.598004e+00
2.304000e-05	-1.063280e-02	3.350457e+00
2.305000e-05	-1.040530e-02	3.218509e+00
2.306000e-05	-9.638097e-03	3.010605e+00
2.307000e-05	-9.151674e-03	2.852085e+00
2.308000e-05	-8.653660e-03	2.734837e+00
2.309000e-05	-9.541589e-03	2.423588e+00
2.310000e-05	-8.300520e-03	2.243163e+00
2.311000e-05	-7.623950e-03	2.103843e+00
2.312000e-05	-6.641674e-03	1.945824e+00
2.313000e-05	-7.044034e-03	1.735293e+00
2.314000e-05	-6.886764e-03	1.537388e+00
2.315000e-05	-6.492301e-03	1.346374e+00
2.316000e-05	-5.669891e-03	1.105817e+00
2.317000e-05	-6.622425e-03	8.932404e-01
2.318000e-05	-5.578938e-03	7.358457e-01
2.319000e-05	-4.959397e-03	4.762910e-01
2.320000e-05	-4.811942e-03	3.789484e-01
2.321000e-05	-5.262970e-03	7.701962e-02
2.322000e-05	4.589525e-04	-6.305276e-02
2.323000e-05	2.409885e-03	-2.529751e-01
2.324000e-05	-2.980193e-03	-3.999686e-01
2.325000e-05	9.562467e-04	-5.802633e-01
2.326000e-05	-4.459394e-03	-7.688912e-01
2.327000e-05	-3.713455e-04	-9.156895e-01
2.328000e-05	-2.101978e-03	-1.062607e+00
2.329000e-05	1.380342e-02	-1.293630e+00
2.330000e-05	7.234597e-02	-1.454561e+00
2.331000e-05	1.617677e-02	-1.705132e+00
2.332000e-05	-7.031842e-02	-1.946761e+00
2.333000e-05	-1.819012e-02	-2.241422e+00
2.334000e-05	-1.016758e-01	-2.430970e+00
2.335000e-05	6.437823e-02	-2.464657e+00
2.336000e-05	1.284210e-01	-2.578817e+00
2.337000e-05	-1.823284e-01	-2.830924e+00
2.338000e-05	1.325522e-01	-2.977869e+00
2.339000e-05	2.508518e-02	-3.188321e+00
2.340000e-05	-1.622858e-01	-3.391266e+00
2.341000e-05	1.779662e-01	-3.536740e+00
2.342000e-05	-3.336225e-02	-3.673182e+00
2.343000e-05	-1.216539e-01	-3.945683e+00
2.344000e-05	1.841861e-01	-4.052576e+00
2.345000e-05	-8.947167e-02	-4.253105e+00
2.346000e-05	4.608159e-02	-4.411476e+00
2.347000e-05	-2.507287e-02	-4.586238e+00
2.348000e-05	-1.211993e-01	-4.798919e+00
2.349000e-05	1.838220e-01	-4.967237e+00
2.350000e-05	-5.333068e-02	-5.095660e+00
2.351000e-05	-8.321140e-03	-5.285656e+00
2.352000e-05	2.592386e-02	-5.533057e+00
2.353000e-05	-6.372962e-02	-5.704584e+00
2.354000e-05	1.012081e-01	-5.861478e+00
2.355000e-05	-9.398672e-02	-5.977869e+00
2.356000e-05	7.294948e-02	-6.117638e+00
2.357000e-05	1.022261e-03	-6.345182e+00
2.358000e-05	-6.221323e-02	-6.484607e+00
2.359000e-05	9.948042e-02	-6.619846e+00
2.360000e-05	-7.704558e-02	-6.767317e+00
2.361000e-05	6.211217e-02	-6.854036e+00
2.362000e-05	-3.792614e-02	-7.045507e+00
2.363000e-05	1.029909e-02	-7.231974e+00
2.364000e-05	6.286560e-02	-7.357866e+00
2.365000e-05	-6.558360e-02	-7.504712e+00
2.366000e-05	4.819549e-02	-7.631852e+00
2.367000e-05	-4.033536e-02	-7.808324e+00
2.368000e-05	4.548190e-02	-7.957820e+00
2.369000e-05	-6.749972e-03	-8.043607e+00
2.370000e-05	2.149854e-03	-8.178400e+00
2.371000e-05	3.932868e-02	-8.305158e+00
2.372000e-05	-3.692151e-02	-8.379324e+00
2.373000e-05	2.447962e-02	-8.484161e+00
2.374000e-05	-1.615382e-02	-8.641426e+00
2.375000e-05	4.355456e-02	-8.758246e+00
2.376000e-05	-8.475889e-03	-8.852506e+00
2.377000e-05	-6.327029e-03	-8.947263e+00
2.378000e-05	1.667726e-02	-9.051903e+00
2.379000e-05	4.062107e-03	-9.135191e+00
2.380000e-05	1.962815e-02	-9.218875e+00
2.381000e-05	-1.201858e-02	-9.304960e+00
2.382000e-05	2.056120e-02	-9.397317e+00
2.383000e-05	4.950851e-03	-9.483982e+00
2.384000e-05	1.189383e-02	-9.576767e+00
2.385000e-05	4.971421e-03	-9.631479e+00
2.386000e-05	2.620405e-03	-9.735533e+00
2.387000e-05	5.778084e-03	-9.728247e+00
2.388000e-05	1.157930e-02	-9.820928e+00
2.389000e-05	2.250650e-02	-9.893108e+00
2.390000e-05	4.544192e-03	-9.925738e+00
2.391000e-05	1.068121e-03	-9.977248e+00
2.392000e-05	5.376265e-03	-1.001840e+01
2.393000e-05	1.782303e-02	-1.003153e+01
2.394000e-05	1.321931e-02	-1.007316e+01
2.395000e-05	5.146887e-03	-1.016909e+01
2.396000e-05	6.340785e-03	-1.021928e+01
2.397000e-05	1.096021e-02	-1.018038e+01
2.398000e-05	1.385178e-02	-1.025004e+01
2.399000e-05	1.149706e-02	-1.028299e+01
2.400000e-05	9.015122e-03	-1.032411e+01
2.401000e-05	1.118486e-02	-1.033364e+01
2.402000e-05	1.565862e-02	-1.033520e+01
2.403000e-05	1.237778e-02	-1.035615e+01
2.404000e-05	9.620524e-03	-1.038620e+01
2.405000e-05	9.727247e-03	-1.035672e+01
2.406000e-05	1.453030e-02	-1.035870e+01
2.407000e-05	1.586081e-02	-1.034677e+01
2.408000e-05	1.733400e-02	-1.033574e+01
2.409000e-05	1.606647e-02	-1.033459e+01
2.410000e-05	1.404120e-02	-1.030652e+01
2.411000e-05	1.500803e-02	-1.030102e+01
2.412000e-05	1.870915e-02	-1.026253e+01
2.413000e-05	2.141928e-02	-1.018930e+01
2.414000e-05	1.909651e-02	-1.014633e+01
2.415000e-05	1.994183e-02	-1.010479e+01
2.416000e-05	2.188707e-02	-1.007411e+01
2.417000e-05	2.191802e-02	-1.001000e+01
2.418000e-05	2.190839e-02	-9.977927e+00
2.419000e-05	2.416909e-02	-9.957295e+00
2.420000e-05	2.607656e-02	-9.884140e+00
2.421000e-05	2.578508e-02	-9.872080e+00
2.422000e-05	2.647837e-02	-9.809427e+00
2.423000e-05	2.832418e-02	-9.737767e+00
2.424000e-05	2.770041e-02	-9.654089e+00
2.425000e-05	2.865922e-02	-9.591477e+00
2.426000e-05	2.972226e-02	-9.567321e+00
2.427000e-05	3.284941e-02	-9.512013e+00
2.428000e-05	3.201844e-02	-9.369300e+00
2.429000e-05	3.199523e-02	-9.282637e+00
2.430000e-05	3.271073e-02	-9.178329e+00
2.431000e-05	3.440121e-02	-9.104690e+00
2.432000e-05	3.585395e-02	-8.989927e+00
2.433000e-05	3.564809e-02	-8.914692e+00
2.434000e-05	3.570964e-02	-8.799854e+00
2.435000e-05	3.504798e-02	-8.687372e+00
2.436000e-05	3.726288e-02	-8.608009e+00
2.437000e-05	3.763922e-02	-8.474138e+00
2.438000e-05	3.655346e-02	-8.348374e+00
2.439000e-05	3.684030e-02	-8.293562e+00
2.440000e-05	3.703985e-02	-8.157397e+00
2.441000e-05	3.694978e-02	-8.042558e+00
2.442000e-05	3.660816e-02	-7.956222e+00
2.443000e-05	3.494163e-02	-7.737323e+00
2.444000e-05	3.481202e-02	-7.639981e+00
2.445000e-05	3.583314e-02	-7.513640e+00
2.446000e-05	3.457616e-02	-7.304770e+00
2.447000e-05	3.306209e-02	-7.209504e+00
2.448000e-05	2.973427e-02	-7.052666e+00
2.449000e-05	2.813088e-02	-6.884616e+00
2.450000e-05	2.805688e-02	-6.765899e+00
2.451000e-05	2.603582e-02	-6.622059e+00
2.452000e-05	2.584083e-02	-6.483689e+00
2.453000e-05	2.296488e-02	-6.357873e+00
2.454000e-05	2.149288e-02	-6.179030e+00
2.455000e-05	1.883025e-02	-5.987952e+00
2.456000e-05	1.851782e-02	-5.863134e+00
2.457000e-05	1.649641e-02	-5.724714e+00
2.458000e-05	1.543231e-02	-5.556950e+00
2.459000e-05	1.310301e-02	-5.416801e+00
2.460000e-05	1.282794e-02	-5.157326e+00
2.461000e-05	1.105137e-02	-5.008502e+00
2.462000e-05	8.943447e-03	-4.805929e+00
2.463000e-05	8.882220e-03	-4.597450e+00
2.464000e-05	6.645937e-03	-4.473056e+00
2.465000e-05	9.911118e-03	-4.273269e+00
2.466000e-05	4.430980e-03	-4.114425e+00
2.467000e-05	6.142843e-03	-3.978977e+00
2.468000e-05	2.162738e-03	-3.819055e+00
2.469000e-05	3.311278e-03	-3.588528e+00
2.470000e-05	2.706097e-03	-3.402104e+00
2.471000e-05	3.131357e-03	-3.290632e+00
2.472000e-05	2.686531e-03	-3.053239e+00
2.473000e-05	2.092551e-03	-2.880561e+00
2.474000e-05	1.745447e-03	-2.704266e+00
2.475000e-05	-1.956814e-04	-2.513296e+00
2.476000e-05	8.637856e-04	-2.356817e+00
2.477000e-05	-4.400088e-04	-2.124818e+00
2.478000e-05	3.835075e-04	-1.927397e+00
2.479000e-05	-2.341195e-03	-1.797952e+00
2.480000e-05	8.558068e-04	-1.598480e+00
2.481000e-05	-2.921420e-03	-1.356879e+00
2.482000e-05	-6.907192e-04	-1.136845e+00
2.483000e-05	-2.713626e-03	-8.963685e-01
2.484000e-05	-1.571632e-03	-7.784249e-01
2.485000e-05	-3.156108e-03	-5.354483e-01
2.486000e-05	-2.619150e-03	-3.459985e-01
2.487000e-05	-2.224229e-03	-2.215301e-01
2.488000e-05	1.741279e-03	1.005131e-02
2.489000e-05	3.510166e-03	2.188686e-01
2.490000e-05	-2.849244e-03	4.089487e-01
2.491000e-05	1.390207e-03	5.302384e-01
2.492000e-05	-1.916100e-03	7.253158e-01
2.493000e-05	-1.609928e-03	8.730826e-01
2.494000e-05	-1.943943e-03	1.105279e+00
2.495000e-05	4.100887e-03	1.274105e+00
2.496000e-05	1.838368e-02	1.453630e+00
2.497000e-05	6.879788e-02	1.737812e+00
2.498000e-05	-1.146591e-02	1.947865e+00
2.499000e-05	-5.448371e-02	2.118288e+00
2.500000e-05	-3.605466e-02	2.295238e+00
2.501000e-05	-6.859847e-02	2.463125e+00
2.502000e-05	-5.091318e-03	2.570851e+00
2.503000e-05	1.629293e-01	2.780945e+00
2.504000e-05	-1.412606e-01	2.946816e+00
2.505000e-05	2.272437e-02	3.083262e+00
2.506000e-05	8.922230e-02	3.265605e+00
2.507000e-05	-1.274059e-01	3.556315e+00
2.508000e-05	6.327351e-02	3.650505e+00
2.509000e-05	3.863604e-02	3.812524e+00
2.510000e-05	-1.219726e-01	3.999921e+00
2.511000e-05	8.864915e-02	4.159922e+00
2.512000e-05	-5.410167e-03	4.389924e+00
2.513000e-05	-2.106371e-02	4.537317e+00
2.514000e-05	-3.636421e-03	4.756717e+00
2.515000e-05	-6.153542e-02	4.966870e+00
2.516000e-05	4.815038e-02	5.158816e+00
2.517000e-05	1.007548e-02	5.348219e+00
2.518000e-05	-2.701080e-03	5.495661e+00
2.519000e-05	-2.619247e-02	5.683078e+00
2.520000e-05	-9.522820e-03	5.894504e+00
2.521000e-05	1.089894e-02	5.980953e+00
2.522000e-05	-3.050907e-02	6.177317e+00
2.523000e-05	1.582711e-02	6.344661e+00
2.524000e-05	-1.957892e-03	6.451480e+00
2.525000e-05	-2.974394e-02	6.640798e+00
2.526000e-05	1.624400e-02	6.800794e+00
2.527000e-05	-2.927232e-02	6.907165e+00
2.528000e-05	2.046057e-03	7.064083e+00
2.529000e-05	-6.997832e-03	7.180396e+00
2.530000e-05	-6.871730e-03	7.305163e+00
2.531000e-05	4.135857e-03	7.513009e+00
2.532000e-05	-2.512763e-02	7.694033e+00
2.533000e-05	-9.883508e-04	7.789296e+00
2.534000e-05	-1.849426e-02	7.958265e+00
2.535000e-05	3.631551e-03	8.094637e+00
2.536000e-05	-1.208775e-02	8.210480e+00
2.537000e-05	-7.283761e-03	8.325687e+00
2.538000e-05	6.268680e-04	8.441026e+00
2.539000e-05	-1.705633e-02	8.485690e+00
2.540000e-05	-1.525123e-02	8.591878e+00
2.541000e-05	-1.817265e-02	8.744216e+00
2.542000e-05	2.148834e-03	8.790851e+00
2.543000e-05	-7.251148e-03	8.823533e+00
2.544000e-05	-1.454007e-02	9.009825e+00
2.545000e-05	-1.506077e-02	9.115663e+00
2.546000e-05	-1.013792e-02	9.201975e+00
2.547000e-05	-8.032212e-03	9.285086e+00
2.548000e-05	-1.320289e-02	9.348244e+00
2.549000e-05	-1.134070e-02	9.421534e+00
2.550000e-05	-1.138322e-02	9.526285e+00
2.551000e-05	-1.102057e-02	9.578828e+00
2.552000e-05	-1.451870e-02	9.662531e+00
2.553000e-05	-1.454641e-02	9.748692e+00
2.554000e-05	-1.623359e-02	9.830375e+00
2.555000e-05	-1.020520e-02	9.901641e+00
2.556000e-05	-5.610673e-03	9.977273e+00
2.557000e-05	-1.290390e-02	1.002088e+01
2.558000e-05	-1.966870e-02	1.002258e+01
2.559000e-05	-1.829323e-02	1.010364e+01
2.560000e-05	-1.101953e-02	1.011469e+01
2.561000e-05	-1.172178e-02	1.012880e+01
2.562000e-05	-1.669951e-02	1.018932e+01
2.563000e-05	-1.711491e-02	1.022143e+01
2.564000e-05	-1.434706e-02	1.025261e+01
2.565000e-05	-1.445237e-02	1.029601e+01
2.566000e-05	-1.655769e-02	1.026426e+01
2.567000e-05	-1.739139e-02	1.030619e+01
2.568000e-05	-1.803461e-02	1.033572e+01
2.569000e-05	-1.288130e-02	1.033624e+01
2.570000e-05	-1.670222e-02	1.034727e+01
2.571000e-05	-1.965968e-02	1.035625e+01
2.572000e-05	-2.351287e-02	1.033772e+01
2.573000e-05	-1.886268e-02	1.034574e+01
2.574000e-05	-1.998463e-02	1.029769e+01
2.575000e-05	-2.022329e-02	1.035374e+01
2.576000e-05	-2.256625e-02	1.027609e+01
2.577000e-05	-2.301860e-02	1.030319e+01
2.578000e-05	-2.333558e-02	1.027501e+01
2.579000e-05	-2.427487e-02	1.023101e+01
2.580000e-05	-2.386459e-02	1.021793e+01
2.581000e-05	-2.520302e-02	1.014780e+01
2.582000e-05	-2.614894e-02	1.013780e+01
2.583000e-05	-2.931629e-02	1.011364e+01
2.584000e-05	-3.130551e-02	1.003214e+01
2.585000e-05	-3.183849e-02	1.001996e+01
2.586000e-05	-3.174352e-02	9.976375e+00
2.587000e-05	-3.023633e-02	9.945171e+00
2.588000e-05	-3.087073e-02	9.843985e+00
2.589000e-05	-3.250520e-02	9.717850e+00
2.590000e-05	-3.513134e-02	9.623611e+00
2.591000e-05	-3.507544e-02	9.609450e+00
2.592000e-05	-3.753168e-02	9.535719e+00
2.593000e-05	-3.872090e-02	9.462536e+00
2.594000e-05	-3.817814e-02	9.409449e+00
2.595000e-05	-3.907358e-02	9.334718e+00
2.596000e-05	-3.908739e-02	9.212681e+00
2.597000e-05	-4.138715e-02	9.167352e+00
2.598000e-05	-3.901865e-02	9.061538e+00
2.599000e-05	-4.129666e-02	8.925302e+00
2.600000e-05	-3.909358e-02	8.820032e+00
2.601000e-05	-4.493477e-02	8.726171e+00
2.602000e-05	-4.392326e-02	8.600487e+00
2.603000e-05	-4.514329e-02	8.505844e+00
2.604000e-05	-4.265512e-02	8.431531e+00
2.605000e-05	-4.401778e-02	8.356824e+00
2.606000e-05	-4.336649e-02	8.259032e+00
2.607000e-05	-4.330639e-02	8.066690e+00
2.608000e-05	-4.217545e-02	7.949351e+00
2.609000e-05	-4.280402e-02	7.811128e+00
2.610000e-05	-4.347864e-02	7.693688e+00
2.611000e-05	-4.327919e-02	7.568430e+00
2.612000e-05	-4.045568e-02	7.408534e+00
2.613000e-05	-3.883422e-02	7.222558e+00
2.614000e-05	-3.774502e-02	7.105246e+00
2.615000e-05	-3.712458e-02	6.929330e+00
2.616000e-05	-3.516913e-02	6.852134e+00
2.617000e-05	-3.317639e-02	6.704696e+00
2.618000e-05	-3.024653e-02	6.545972e+00
2.619000e-05	-3.092322e-02	6.376800e+00
2.620000e-05	-2.882423e-02	6.211559e+00
2.621000e-05	-2.749733e-02	6.094741e+00
2.622000e-05	-2.500223e-02	5.967847e+00
2.623000e-05	-2.428864e-02	5.780026e+00
2.624000e-05	-2.176985e-02	5.569454e+00
2.625000e-05	-2.042285e-02	5.440585e+00
2.626000e-05	-1.951709e-02	5.244742e+00
2.627000e-05	-1.811527e-02	5.042638e+00
2.628000e-05	-1.817887e-02	4.833709e+00
2.629000e-05	-1.592188e-02	4.653717e+00
2.630000e-05	-1.503782e-02	4.534341e+00
2.631000e-05	-1.428717e-02	4.379474e+00
2.632000e-05	-1.298700e-02	4.188427e+00
2.633000e-05	-1.207951e-02	3.957379e+00
2.634000e-05	-1.279997e-02	3.810084e+00
2.635000e-05	-1.154837e-02	3.632138e+00
2.636000e-05	-1.033299e-02	3.494316e+00
2.637000e-05	-9.547970e-03	3.282163e+00
2.638000e-05	-9.294311e-03	3.094263e+00
2.639000e-05	-8.571879e-03	2.923821e+00
2.640000e-05	-8.797047e-03	2.789026e+00
2.641000e-05	-8.818681e-03	2.505975e+00
2.642000e-05	-9.215709e-03	2.336321e+00
2.643000e-05	-7.999591e-03	2.168425e+00
2.644000e-05	-6.812994e-03	2.011029e+00
2.645000e-05	-5.323126e-03	1.789559e+00
2.646000e-05	-5.372300e-03	1.579060e+00
2.647000e-05	-5.725667e-03	1.391081e+00
2.648000e-05	-7.946942e-03	1.239584e+00
2.649000e-05	-7.096833e-03	1.011085e+00
2.650000e-05	-5.104751e-03	7.779749e-01
2.651000e-05	-5.386591e-03	5.884739e-01
2.652000e-05	-5.107353e-03	4.520040e-01
2.653000e-05	-6.282113e-03	2.812365e-01
2.654000e-05	-3.009336e-03	1.000771e-02
2.655000e-05	3.785619e-03	-1.778423e-01
2.656000e-05	2.557035e-04	-3.466606e-01
2.657000e-05	1.734986e-04	-4.545543e-01
2.658000e-05	-3.282226e-03	-7.251054e-01
2.659000e-05	-3.026005e-03	-8.326040e-01
2.660000e-05	-1.749067e-03	-1.062421e+00
2.661000e-05	5.260220e-03	-1.200444e+00
2.662000e-05	3.717998e-02	-1.400791e+00
2.663000e-05	8.118738e-02	-1.601418e+00
2.664000e-05	-7.401222e-02	-1.851028e+00
2.665000e-05	-1.433099e-02	-2.094182e+00
2.666000e-05	-7.794417e-02	-2.338392e+00
2.667000e-05	-4.603749e-02	-2.462557e+00
2.668000e-05	1.769550e-01	-2.514764e+00
2.669000e-05	-6.980273e-02	-2.715134e+00
2.670000e-05	-6.929878e-02	-2.947690e+00
2.671000e-05	1.723026e-01	-3.093083e+00
2.672000e-05	-1.854999e-01	-3.275056e+00
2.673000e-05	4.224148e-02	-3.483579e+00
2.674000e-05	1.243683e-01	-3.608318e+00
2.675000e-05	-1.811320e-01	-3.851898e+00
2.676000e-05	9.734790e-02	-3.980895e+00
2.677000e-05	6.395770e-02	-4.169237e+00
2.678000e-05	-8.739312e-02	-4.379342e+00
2.679000e-05	9.027345e-02	-4.443609e+00
2.680000e-05	-1.665311e-01	-4.714129e+00
2.681000e-05	8.473728e-02	-4.855029e+00
2.682000e-05	9.613011e-02	-5.039999e+00
2.683000e-05	-1.050017e-01	-5.262977e+00
2.684000e-05	8.402840e-02	-5.452468e+00
2.685000e-05	-8.438930e-02	-5.630973e+00
2.686000e-05	6.223829e-02	-5.768369e+00
2.687000e-05	-6.323200e-03	-5.935609e+00
2.688000e-05	-4.097513e-02	-6.063507e+00
2.689000e-05	1.026777e-01	-6.252800e+00
2.690000e-05	-1.100904e-01	-6.408375e+00
2.691000e-05	7.478656e-02	-6.547317e+00
2.692000e-05	-7.821239e-03	-6.694161e+00
2.693000e-05	-1.859522e-02	-6.823001e+00
2.694000e-05	4.556871e-02	-6.939840e+00
2.695000e-05	-6.847833e-02	-7.198764e+00
2.696000e-05	9.913423e-02	-7.303159e+00
2.697000e-05	-4.586116e-02	-7.421958e+00
2.698000e-05	1.039597e-02	-7.587817e+00
2.699000e-05	1.067569e-03	-7.748564e+00
2.700000e-05	-8.500984e-03	-7.906109e+00
2.701000e-05	4.448336e-02	-8.011001e+00
2.702000e-05	-3.478305e-02	-8.138212e+00
2.703000e-05	5.297063e-02	-8.272458e+00
2.704000e-05	-2.015923e-02	-8.337269e+00
2.705000e-05	9.014977e-04	-8.414978e+00
2.706000e-05	4.319366e-03	-8.558720e+00
2.707000e-05	9.871079e-03	-8.695086e+00
2.708000e-05	3.321428e-02	-8.781908e+00
2.709000e-05	-2.786167e-02	-8.925661e+00
2.710000e-05	2.108979e-02	-8.987921e+00
2.711000e-05	5.272834e-04	-9.085112e+00
2.712000e-05	2.057896e-02	-9.187317e+00
2.713000e-05	-1.526100e-03	-9.252501e+00
2.714000e-05	3.798519e-03	-9.286712e+00
2.715000e-05	1.762961e-02	-9.399905e+00
2.716000e-05	2.859478e-03	-9.557196e+00
2.717000e-05	1.420380e-02	-9.581425e+00
2.718000e-05	-2.661110e-03	-9.694582e+00
2.719000e-05	6.618785e-03	-9.736241e+00
2.720000e-05	5.145137e-03	-9.809347e+00
2.721000e-05	2.291195e-02	-9.844582e+00
2.722000e-05	1.345058e-02	-9.935689e+00
2.723000e-05	2.193432e-04	-9.957217e+00
2.724000e-05	2.457863e-03	-9.968321e+00
2.725000e-05	1.256455e-02	-1.002096e+01
2.726000e-05	1.804000e-02	-1.005308e+01
2.727000e-05	7.805975e-03	-1.013816e+01
2.728000e-05	5.474017e-03	-1.014777e+01
2.729000e-05	8.018993e-03	-1.018933e+01
2.730000e-05	1.300845e-02	-1.022084e+01
2.731000e-05	1.375566e-02	-1.031198e+01
2.732000e-05	8.841567e-03	-1.032309e+01
2.733000e-05	9.408126e-03	-1.033514e+01
2.734000e-05	1.353218e-02	-1.031511e+01
2.735000e-05	1.582582e-02	-1.033672e+01
2.736000e-05	1.110232e-02	-1.032732e+01
2.737000e-05	9.763955e-03	-1.037527e+01
2.738000e-05	1.031957e-02	-1.037672e+01
2.739000e-05	1.578038e-02	-1.033574e+01
2.740000e-05	1.744809e-02	-1.035569e+01
2.741000e-05	1.762627e-02	-1.029517e+01
2.742000e-05	1.373605e-02	-1.032497e+01
2.743000e-05	1.463922e-02	-1.031351e+01
2.744000e-05	1.793592e-02	-1.025099e+01
2.745000e-05	2.059236e-02	-1.022081e+01
2.746000e-05	2.009821e-02	-1.015037e+01
2.747000e-05	1.901855e-02	-1.008627e+01
2.748000e-05	2.056476e-02	-1.007514e+01
2.749000e-05	2.212039e-02	-1.005156e+01
2.750000e-05	2.194472e-02	-9.988479e+00
2.751000e-05	2.356476e-02	-9.997747e+00
2.752000e-05	2.593489e-02	-9.924694e+00
2.753000e-05	2.673777e-02	-9.883112e+00
2.754000e-05	2.701888e-02	-9.820930e+00
2.755000e-05	2.745897e-02	-9.747799e+00
2.756000e-05	2.833978e-02	-9.674689e+00
2.757000e-05	2.768069e-02	-9.620529e+00
2.758000e-05	2.866737e-02	-9.568374e+00
2.759000e-05	3.168713e-02	-9.514194e+00
2.760000e-05	3.269027e-02	-9.428809e+00
2.761000e-05	3.230726e-02	-9.333671e+00
2.762000e-05	3.154203e-02	-9.241928e+00
2.763000e-05	3.455091e-02	-9.146248e+00
2.764000e-05	3.456268e-02	-9.061633e+00
2.765000e-05	3.537438e-02	-8.946744e+00
2.766000e-05	3.550212e-02	-8.871107e+00
2.767000e-05	3.565228e-02	-8.768373e+00
2.768000e-05	3.608155e-02	-8.715137e+00
2.769000e-05	3.661956e-02	-8.574824e+00
2.770000e-05	3.763559e-02	-8.419426e+00
2.771000e-05	3.741656e-02	-8.285720e+00
2.772000e-05	3.695078e-02	-8.189380e+00
2.773000e-05	3.753277e-02	-8.075188e+00
2.774000e-05	3.701500e-02	-7.970050e+00
2.775000e-05	3.629806e-02	-7.850610e+00
2.776000e-05	3.471827e-02	-7.681760e+00
2.777000e-05	3.421939e-02	-7.536798e+00
2.778000e-05	3.502066e-02	-7.409479e+00
2.779000e-05	3.498063e-02	-7.251691e+00
2.780000e-05	3.171773e-02	-7.156247e+00
2.781000e-05	2.871139e-02	-6.958980e+00
2.782000e-05	2.771935e-02	-6.849483e+00
2.783000e-05	2.785146e-02	-6.696163e+00
2.784000e-05	2.547596e-02	-6.527895e+00
2.785000e-05	2.379797e-02	-6.430950e+00
2.786000e-05	2.209846e-02	-6.300709e+00
2.787000e-05	1.990842e-02	-6.073268e+00
2.788000e-05	1.821683e-02	-5.936218e+00
2.789000e-05	1.607882e-02	-5.769001e+00
2.790000e-05	1.621640e-02	-5.662604e+00
2.791000e-05	1.432802e-02	-5.414139e+00
2.792000e-05	1.235422e-02	-5.231034e+00
2.793000e-05	1.187953e-02	-5.102684e+00
2.794000e-05	8.445798e-03	-4.874217e+00
2.795000e-05	8.751547e-03	-4.653636e+00
2.796000e-05	6.466759e-03	-4.494792e+00
2.797000e-05	8.600969e-03	-4.388425e+00
2.798000e-05	5.056316e-03	-4.189984e+00
2.799000e-05	5.993990e-03	-4.072110e+00
2.800000e-05	3.047702e-03	-3.913214e+00
2.801000e-05	4.579896e-03	-3.633162e+00
2.802000e-05	2.251235e-03	-3.514718e+00
2.803000e-05	4.486436e-03	-3.316420e+00
2.804000e-05	2.349289e-03	-3.145974e+00
2.805000e-05	2.210687e-03	-2.947374e+00
2.806000e-05	-3.705997e-04	-2.737902e+00
2.807000e-05	-1.193480e-05	-2.606374e+00
2.808000e-05	2.552130e-04	-2.408572e+00
2.809000e-05	5.719278e-04	-2.240205e+00
2.810000e-05	6.641324e-04	-2.029979e+00
2.811000e-05	-1.638172e-03	-1.842085e+00
2.812000e-05	-7.777929e-04	-1.673189e+00
2.813000e-05	-9.331866e-05	-1.503163e+00
2.814000e-05	-1.286008e-03	-1.200528e+00
2.815000e-05	-2.441276e-03	-1.020582e+00
2.816000e-05	-1.955892e-03	-8.216814e-01
2.817000e-05	-1.819742e-03	-6.316392e-01
2.818000e-05	-1.911597e-03	-4.110840e-01
2.819000e-05	-3.549353e-03	-2.802353e-01
2.820000e-05	-8.103469e-04	-1.022379e-01
2.821000e-05	4.298661e-03	6.313054e-02
2.822000e-05	2.312717e-04	2.741435e-01
2.823000e-05	-5.554390e-04	4.421817e-01
2.824000e-05	5.201504e-04	6.250528e-01
2.825000e-05	-2.863136e-03	7.814236e-01
2.826000e-05	-3.035125e-03	9.409423e-01
2.827000e-05	5.226633e-04	1.221500e+00
2.828000e-05	9.687177e-03	1.359368e+00
2.829000e-05	4.950692e-02	1.620944e+00
2.830000e-05	4.615292e-02	1.853558e+00
2.831000e-05	-6.180739e-02	2.044555e+00
2.832000e-05	-3.136344e-02	2.253555e+00
2.833000e-05	-5.416821e-02	2.420949e+00
2.834000e-05	-6.139558e-02	2.505657e+00
2.835000e-05	1.201992e-01	2.684707e+00
2.836000e-05	2.204611e-02	2.884109e+00
2.837000e-05	-1.393301e-01	3.022526e+00
2.838000e-05	1.652569e-01	3.199766e+00
2.839000e-05	-8.871262e-02	3.422949e+00
2.840000e-05	-3.338790e-02	3.598423e+00
2.841000e-05	1.078529e-01	3.726218e+00
2.842000e-05	-9.718895e-02	3.946367e+00
2.843000e-05	-1.055268e-02	4.085159e+00
2.844000e-05	7.489779e-02	4.305712e+00
2.845000e-05	-4.949936e-02	4.473083e+00
2.846000e-05	1.180231e-02	4.641528e+00
2.847000e-05	-5.394978e-02	4.833183e+00
2.848000e-05	-7.519344e-03	5.074027e+00
2.849000e-05	5.230094e-02	5.294658e+00
2.850000e-05	-1.297184e-02	5.454053e+00
2.851000e-05	-4.072938e-03	5.589870e+00
2.852000e-05	-3.688546e-02	5.769743e+00
2.853000e-05	1.952511e-02	5.990320e+00
2.854000e-05	-1.602703e-02	6.084632e+00
2.855000e-05	-1.264102e-02	6.222455e+00
2.856000e-05	2.752060e-02	6.388295e+00
2.857000e-05	-4.134613e-02	6.536688e+00
2.858000e-05	1.159292e-02	6.697660e+00
2.859000e-05	-1.478020e-02	6.882107e+00
2.860000e-05	-1.334270e-02	7.038925e+00
2.861000e-05	2.166001e-03	7.105791e+00
2.862000e-05	-1.403139e-02	7.232059e+00
2.863000e-05	7.338433e-03	7.429648e+00
2.864000e-05	-1.668417e-02	7.570299e+00
2.865000e-05	-1.028489e-02	7.725238e+00
2.866000e-05	-1.265425e-02	7.831508e+00
2.867000e-05	-6.094286e-03	8.041999e+00
2.868000e-05	-3.330749e-03	8.184666e+00
2.869000e-05	-1.315463e-02	8.253587e+00
2.870000e-05	-1.768542e-03	8.398847e+00
2.871000e-05	-5.453848e-03	8.473110e+00
2.872000e-05	-1.940221e-02	8.538318e+00
2.873000e-05	-1.575097e-02	8.713032e+00
2.874000e-05	-8.672727e-03	8.797796e+00
2.875000e-05	2.437198e-03	8.783080e+00
2.876000e-05	-1.436014e-02	8.947288e+00
2.877000e-05	-1.618555e-02	9.034457e+00
2.878000e-05	-1.180343e-02	9.199824e+00
2.879000e-05	-8.590109e-03	9.233530e+00
2.880000e-05	-9.367797e-03	9.335236e+00
2.881000e-05	-1.419938e-02	9.410452e+00
2.882000e-05	-1.002207e-02	9.494087e+00
2.883000e-05	-1.152811e-02	9.546301e+00
2.884000e-05	-1.254592e-02	9.610404e+00
2.885000e-05	-1.597487e-02	9.705134e+00
2.886000e-05	-1.682449e-02	9.767795e+00
2.887000e-05	-1.229319e-02	9.872984e+00
2.888000e-05	-5.993839e-03	9.935696e+00
2.889000e-05	-7.651969e-03	9.988349e+00
2.890000e-05	-1.954456e-02	1.002098e+01
2.891000e-05	-1.891780e-02	1.007314e+01
2.892000e-05	-1.378754e-02	1.009564e+01
2.893000e-05	-8.574502e-03	1.015830e+01
2.894000e-05	-1.428115e-02	1.019890e+01
2.895000e-05	-1.840517e-02	1.018095e+01
2.896000e-05	-1.480401e-02	1.022948e+01
2.897000e-05	-1.575314e-02	1.027316e+01
2.898000e-05	-1.400223e-02	1.030559e+01
2.899000e-05	-1.864887e-02	1.032517e+01
2.900000e-05	-1.641560e-02	1.031669e+01
2.901000e-05	-1.550125e-02	1.034674e+01
2.902000e-05	-1.421513e-02	1.034532e+01
2.903000e-05	-2.013508e-02	1.032580e+01
2.904000e-05	-2.232991e-02	1.034630e+01
2.905000e-05	-2.008277e-02	1.033732e+01
2.906000e-05	-1.801974e-02	1.031719e+01
2.907000e-05	-1.875209e-02	1.033567e+01
2.908000e-05	-2.069462e-02	1.032562e+01
2.909000e-05	-2.259953e-02	1.026522e+01
2.910000e-05	-2.359785e-02	1.028506e+01
2.911000e-05	-2.422312e-02	1.026356e+01
2.912000e-05	-2.456792e-02	1.019088e+01
2.913000e-05	-2.570449e-02	1.017995e+01
2.914000e-05	-2.540433e-02	1.013527e+01
2.915000e-05	-2.726779e-02	1.011471e+01
2.916000e-05	-2.827587e-02	1.003316e+01
2.917000e-05	-3.126900e-02	1.001098e+01
2.918000e-05	-3.047731e-02	9.978277e+00
2.919000e-05	-3.107413e-02	9.926647e+00
2.920000e-05	-2.954431e-02	9.904593e+00
2.921000e-05	-3.258822e-02	9.796953e+00
2.922000e-05	-3.377949e-02	9.723617e+00
2.923000e-05	-3.651445e-02	9.622503e+00
2.924000e-05	-3.761082e-02	9.547274e+00
2.925000e-05	-3.852476e-02	9.503690e+00
2.926000e-05	-3.746762e-02	9.420502e+00
2.927000e-05	-3.594696e-02	9.337747e+00
2.928000e-05	-3.928938e-02	9.274139e+00
2.929000e-05	-4.122825e-02	9.189002e+00
2.930000e-05	-4.292261e-02	9.124690e+00
2.931000e-05	-4.145128e-02	8.949851e+00
2.932000e-05	-4.106406e-02	8.855594e+00
2.933000e-05	-4.200215e-02	8.757324e+00
2.934000e-05	-4.294473e-02	8.644113e+00
2.935000e-05	-4.350259e-02	8.549379e+00
2.936000e-05	-4.304376e-02	8.454162e+00
2.937000e-05	-4.452612e-02	8.368927e+00
2.938000e-05	-4.444085e-02	8.285710e+00
2.939000e-05	-4.366906e-02	8.126372e+00
2.940000e-05	-4.176949e-02	8.000084e+00
2.941000e-05	-4.353233e-02	7.893162e+00
2.942000e-05	-4.356733e-02	7.746926e+00
2.943000e-05	-4.331834e-02	7.641683e+00
2.944000e-05	-4.071797e-02	7.473716e+00
2.945000e-05	-4.026409e-02	7.303822e+00
2.946000e-05	-3.706930e-02	7.157876e+00
2.947000e-05	-3.699524e-02	7.041455e+00
2.948000e-05	-3.768744e-02	6.894192e+00
2.949000e-05	-3.538188e-02	6.748901e+00
2.950000e-05	-3.269071e-02	6.578434e+00
2.951000e-05	-2.965289e-02	6.443533e+00
2.952000e-05	-2.876808e-02	6.313192e+00
2.953000e-05	-2.690253e-02	6.127375e+00
2.954000e-05	-2.576700e-02	6.011081e+00
2.955000e-05	-2.470297e-02	5.883716e+00
2.956000e-05	-2.325327e-02	5.672693e+00
2.957000e-05	-2.195113e-02	5.513719e+00
2.958000e-05	-1.917549e-02	5.328849e+00
2.959000e-05	-1.903648e-02	5.159375e+00
2.960000e-05	-1.774893e-02	4.915851e+00
2.961000e-05	-1.699578e-02	4.757450e+00
2.962000e-05	-1.609844e-02	4.568474e+00
2.963000e-05	-1.452578e-02	4.410031e+00
2.964000e-05	-1.266162e-02	4.302191e+00
2.965000e-05	-1.177376e-02	4.012158e+00
2.966000e-05	-1.139129e-02	3.874192e+00
2.967000e-05	-1.159244e-02	3.714820e+00
2.968000e-05	-1.096342e-02	3.599426e+00
2.969000e-05	-1.049523e-02	3.378479e+00
2.970000e-05	-1.002703e-02	3.148447e+00
2.971000e-05	-9.979270e-03	2.988054e+00
2.972000e-05	-9.802847e-03	2.812559e+00
2.973000e-05	-7.988385e-03	2.664264e+00
2.974000e-05	-8.714027e-03	2.430135e+00
2.975000e-05	-7.319125e-03	2.221186e+00
2.976000e-05	-7.923198e-03	2.084787e+00
2.977000e-05	-6.958848e-03	1.884417e+00
2.978000e-05	-7.446538e-03	1.703893e+00
2.979000e-05	-6.133445e-03	1.503314e+00
2.980000e-05	-6.212052e-03	1.304766e+00
2.981000e-05	-7.012250e-03	1.143816e+00
2.982000e-05	-6.705675e-03	8.521105e-01
2.983000e-05	-5.299738e-03	6.648105e-01
2.984000e-05	-4.772561e-03	4.852894e-01
2.985000e-05	-4.746922e-03	3.653932e-01
2.986000e-05	-5.116758e-03	1.143169e-01
2.987000e-05	1.044554e-03	-7.510427e-02
2.988000e-05	1.862269e-03	-2.730503e-01
2.989000e-05	-3.576951e-03	-4.309713e-01
2.990000e-05	-4.923676e-04	-6.093472e-01
2.991000e-05	-3.658214e-03	-7.798676e-01
2.992000e-05	3.950299e-05	-9.573098e-01
2.993000e-05	-5.518249e-05	-1.114184e+00
2.994000e-05	1.474443e-02	-1.354225e+00
2.995000e-05	7.894160e-02	-1.523629e+00
2.996000e-05	-6.833042e-03	-1.706710e+00
2.997000e-05	-5.853476e-02	-1.978395e+00
2.998000e-05	-2.822091e-02	-2.261504e+00
2.999000e-05	-9.750264e-02	-2.430998e+00
3.000000e-05	9.369630e-02	-2.473637e+00
3.001000e-05	9.681688e-02	-2.619351e+00
3.002000e-05	-1.772680e-01	-2.841974e+00
3.003000e-05	1.675475e-01	-3.010024e+00
3.004000e-05	-2.280637e-02	-3.210795e+00
3.005000e-05	-1.306717e-01	-3.400346e+00
3.006000e-05	1.842493e-01	-3.548287e+00
3.007000e-05	-7.673331e-02	-3.686138e+00
3.008000e-05	-8.025873e-02	-3.968767e+00
3.009000e-05	1.769895e-01	-4.043584e+00
3.010000e-05	-1.106875e-01	-4.285158e+00
3.011000e-05	7.118879e-02	-4.422003e+00
3.012000e-05	-5.971791e-02	-4.599243e+00
3.013000e-05	-8.698396e-02	-4.791944e+00
3.014000e-05	1.792135e-01	-4.985770e+00
3.015000e-05	-8.094348e-02	-5.148185e+00
3.016000e-05	1.815018e-02	-5.297691e+00
3.017000e-05	7.799538e-04	-5.517710e+00
3.018000e-05	-4.165219e-02	-5.734184e+00
3.019000e-05	9.003075e-02	-5.832504e+00
3.020000e-05	-9.808798e-02	-5.989919e+00
3.021000e-05	9.182643e-02	-6.157291e+00
3.022000e-05	-2.701251e-02	-6.316214e+00
3.023000e-05	-3.359582e-02	-6.485634e+00
3.024000e-05	8.586710e-02	-6.629451e+00
3.025000e-05	-7.839967e-02	-6.798399e+00
3.026000e-05	6.923152e-02	-6.894088e+00
3.027000e-05	-5.270392e-02	-7.074432e+00
3.028000e-05	3.631922e-02	-7.262955e+00
3.029000e-05	4.154601e-02	-7.379693e+00
3.030000e-05	-5.630348e-02	-7.524563e+00
3.031000e-05	4.553006e-02	-7.642929e+00
3.032000e-05	-4.132370e-02	-7.841875e+00
3.033000e-05	5.332313e-02	-8.009321e+00
3.034000e-05	-1.834221e-02	-8.063109e+00
3.035000e-05	1.552017e-02	-8.199876e+00
3.036000e-05	2.918366e-02	-8.326060e+00
3.037000e-05	-3.161993e-02	-8.389325e+00
3.038000e-05	2.427892e-02	-8.494638e+00
3.039000e-05	-1.563035e-02	-8.631933e+00
3.040000e-05	4.584767e-02	-8.798970e+00
3.041000e-05	-1.405695e-02	-8.862582e+00
3.042000e-05	2.440524e-03	-8.978791e+00
3.043000e-05	1.193148e-02	-9.041453e+00
3.044000e-05	6.175040e-03	-9.148688e+00
3.045000e-05	1.648830e-02	-9.170424e+00
3.046000e-05	-9.753288e-03	-9.266533e+00
3.047000e-05	2.232243e-02	-9.418296e+00
3.048000e-05	1.677145e-03	-9.493535e+00
3.049000e-05	1.256554e-02	-9.560874e+00
3.050000e-05	2.802074e-03	-9.643979e+00
3.051000e-05	3.090111e-03	-9.745139e+00
3.052000e-05	5.103837e-03	-9.727341e+00
3.053000e-05	1.334232e-02	-9.802478e+00
3.054000e-05	2.150042e-02	-9.883658e+00
3.055000e-05	3.237738e-03	-9.957220e+00
3.056000e-05	1.619172e-03	-9.967346e+00
3.057000e-05	5.523077e-03	-1.001095e+01
3.058000e-05	1.820980e-02	-1.005353e+01
3.059000e-05	1.209673e-02	-1.006309e+01
3.060000e-05	5.931213e-03	-1.011517e+01
3.061000e-05	5.324829e-03	-1.018825e+01
3.062000e-05	1.212086e-02	-1.018980e+01
3.063000e-05	1.169546e-02	-1.028351e+01
3.064000e-05	1.254451e-02	-1.029306e+01
3.065000e-05	8.914196e-03	-1.033406e+01
3.066000e-05	1.232364e-02	-1.033464e+01
3.067000e-05	1.442992e-02	-1.035714e+01
3.068000e-05	1.172532e-02	-1.034715e+01
3.069000e-05	9.063959e-03	-1.033870e+01
3.070000e-05	9.877770e-03	-1.034622e+01
3.071000e-05	1.490505e-02	-1.034527e+01
3.072000e-05	1.692014e-02	-1.035575e+01
3.073000e-05	1.777456e-02	-1.035564e+01
3.074000e-05	1.640928e-02	-1.037360e+01
3.075000e-05	1.421025e-02	-1.029352e+01
3.076000e-05	1.579064e-02	-1.028306e+01
3.077000e-05	1.776479e-02	-1.021099e+01
3.078000e-05	2.033752e-02	-1.023843e+01
3.079000e-05	1.998023e-02	-1.013579e+01
3.080000e-05	2.112071e-02	-1.007574e+01
3.081000e-05	2.217979e-02	-1.011161e+01
3.082000e-05	2.135563e-02	-1.001950e+01
3.083000e-05	2.384011e-02	-9.969874e+00
3.084000e-05	2.561266e-02	-9.955220e+00
3.085000e-05	2.648155e-02	-9.855537e+00
3.086000e-05	2.524217e-02	-9.851454e+00
3.087000e-05	2.556354e-02	-9.797901e+00
3.088000e-05	2.830783e-02	-9.736846e+00
3.089000e-05	2.908072e-02	-9.642632e+00
3.090000e-05	2.857931e-02	-9.609878e+00
3.091000e-05	3.025982e-02	-9.556215e+00
3.092000e-05	3.223619e-02	-9.461488e+00
3.093000e-05	3.334352e-02	-9.359395e+00
3.094000e-05	3.295410e-02	-9.242610e+00
3.095000e-05	3.350132e-02	-9.149323e+00
3.096000e-05	3.450193e-02	-9.083668e+00
3.097000e-05	3.598135e-02	-8.988825e+00
3.098000e-05	3.607909e-02	-8.904262e+00
3.099000e-05	3.596893e-02	-8.810403e+00
3.100000e-05	3.627689e-02	-8.724717e+00
3.101000e-05	3.740299e-02	-8.589379e+00
3.102000e-05	3.701946e-02	-8.463612e+00
3.103000e-05	3.821402e-02	-8.357869e+00
3.104000e-05	3.838501e-02	-8.281936e+00
3.105000e-05	3.764282e-02	-8.128249e+00
3.106000e-05	3.607027e-02	-8.041549e+00
3.107000e-05	3.669047e-02	-7.865067e+00
3.108000e-05	3.646112e-02	-7.777817e+00
3.109000e-05	3.460781e-02	-7.618556e+00
3.110000e-05	3.373423e-02	-7.451084e+00
3.111000e-05	3.380026e-02	-7.296268e+00
3.112000e-05	3.394683e-02	-7.210953e+00
3.113000e-05	3.088039e-02	-7.021112e+00
3.114000e-05	2.794863e-02	-6.892192e+00
3.115000e-05	2.645387e-02	-6.756396e+00
3.116000e-05	2.695500e-02	-6.598904e+00
3.117000e-05	2.466846e-02	-6.473712e+00
3.118000e-05	2.274197e-02	-6.367371e+00
3.119000e-05	2.075336e-02	-6.177381e+00
3.120000e-05	1.977827e-02	-5.978474e+00
3.121000e-05	1.756738e-02	-5.772559e+00
3.122000e-05	1.636435e-02	-5.714168e+00
3.123000e-05	1.470808e-02	-5.526376e+00
3.124000e-05	1.332546e-02	-5.326247e+00
3.125000e-05	1.207987e-02	-5.127822e+00
3.126000e-05	1.029036e-02	-4.966999e+00
3.127000e-05	9.326854e-03	-4.736731e+00
3.128000e-05	6.619368e-03	-4.568397e+00
3.129000e-05	7.573915e-03	-4.440106e+00
3.130000e-05	6.813592e-03	-4.274215e+00
3.131000e-05	5.017806e-03	-4.107867e+00
3.132000e-05	4.179539e-03	-3.946369e+00
3.133000e-05	3.737692e-03	-3.759398e+00
3.134000e-05	2.939146e-03	-3.569000e+00
3.135000e-05	3.502597e-03	-3.397980e+00
3.136000e-05	2.412537e-03	-3.202052e+00
3.137000e-05	2.321500e-03	-3.061059e+00
3.138000e-05	2.974616e-04	-2.780603e+00
3.139000e-05	1.103369e-03	-2.674762e+00
3.140000e-05	-2.465661e-03	-2.503162e+00
3.141000e-05	6.623712e-04	-2.305769e+00
3.142000e-05	-8.581599e-05	-2.083114e+00
3.143000e-05	1.562292e-03	-1.927338e+00
3.144000e-05	-1.895122e-03	-1.755897e+00
3.145000e-05	-4.567562e-06	-1.557975e+00
3.146000e-05	-1.963941e-03	-1.344819e+00
3.147000e-05	-1.172448e-03	-1.105341e+00
3.148000e-05	-2.730968e-03	-9.159471e-01
3.149000e-05	-1.863972e-03	-7.873248e-01
3.150000e-05	-2.154591e-03	-5.358444e-01
3.151000e-05	-1.585474e-03	-3.368709e-01
3.152000e-05	-2.311589e-03	-1.689497e-01
3.153000e-05	2.090262e-03	2.152507e-02
3.154000e-05	5.304475e-03	2.209250e-01
3.155000e-05	-2.887509e-03	4.109215e-01
3.156000e-05	2.160157e-03	5.373711e-01
3.157000e-05	-3.476076e-03	7.868386e-01
3.158000e-05	-7.958190e-04	8.730830e-01
3.159000e-05	-2.356706e-03	1.125637e+00
3.160000e-05	4.919612e-03	1.305159e+00
3.161000e-05	2.418256e-02	1.515203e+00
3.162000e-05	7.012809e-02	1.779794e+00
3.163000e-05	-2.540833e-02	1.958342e+00
3.164000e-05	-4.927039e-02	2.148316e+00
3.165000e-05	-3.847490e-02	2.318789e+00
3.166000e-05	-6.841003e-02	2.473505e+00
3.167000e-05	1.805595e-02	2.570426e+00
3.168000e-05	1.491370e-01	2.840949e+00
3.169000e-05	-1.615087e-01	2.969290e+00
3.170000e-05	6.269416e-02	3.103758e+00
3.171000e-05	5.296562e-02	3.315191e+00
3.172000e-05	-1.148564e-01	3.555217e+00
3.173000e-05	8.208116e-02	3.651079e+00
3.174000e-05	7.902225e-03	3.841978e+00
3.175000e-05	-1.114168e-01	4.019979e+00
3.176000e-05	9.977039e-02	4.241428e+00
3.177000e-05	-1.853055e-02	4.432473e+00
3.178000e-05	-1.271717e-02	4.538795e+00
3.179000e-05	-1.514208e-02	4.798269e+00
3.180000e-05	-5.516512e-02	4.968314e+00
3.181000e-05	5.649856e-02	5.169293e+00
3.182000e-05	2.422069e-03	5.367798e+00
3.183000e-05	1.129724e-04	5.485191e+00
3.184000e-05	-3.103915e-02	5.654530e+00
3.185000e-05	-2.504714e-03	5.913082e+00
3.186000e-05	6.087178e-03	6.032524e+00
3.187000e-05	-2.988376e-02	6.168346e+00
3.188000e-05	2.305456e-02	6.304218e+00
3.189000e-05	-1.283342e-02	6.432107e+00
3.190000e-05	-2.209372e-02	6.651428e+00
3.191000e-05	1.303348e-02	6.840949e+00
3.192000e-05	-2.825527e-02	6.969165e+00
3.193000e-05	2.742491e-03	7.062606e+00
3.194000e-05	-1.068072e-02	7.231353e+00
3.195000e-05	-3.794845e-03	7.329266e+00
3.196000e-05	2.255194e-03	7.516612e+00
3.197000e-05	-2.424214e-02	7.643610e+00
3.198000e-05	-3.113084e-03	7.800500e+00
3.199000e-05	-1.822314e-02	7.986667e+00
3.200000e-05	3.642062e-03	8.094662e+00
3.201000e-05	-1.425935e-02	8.201977e+00
3.202000e-05	-7.268992e-03	8.326692e+00
3.203000e-05	5.567654e-04	8.432029e+00
3.204000e-05	-1.795247e-02	8.546691e+00
3.205000e-05	-1.461237e-02	8.599874e+00
3.206000e-05	-1.721319e-02	8.716317e+00
3.207000e-05	3.932270e-03	8.798999e+00
3.208000e-05	-9.623762e-03	8.853111e+00
3.209000e-05	-1.508214e-02	9.030354e+00
3.210000e-05	-1.485449e-02	9.108266e+00
3.211000e-05	-9.054548e-03	9.220454e+00
3.212000e-05	-7.433633e-03	9.295609e+00
3.213000e-05	-1.405673e-02	9.367799e+00
3.214000e-05	-1.052205e-02	9.503053e+00
3.215000e-05	-1.140790e-02	9.535714e+00
3.216000e-05	-1.043653e-02	9.589853e+00
3.217000e-05	-1.524849e-02	9.643032e+00
3.218000e-05	-1.528525e-02	9.765614e+00
3.219000e-05	-1.605433e-02	9.809904e+00
3.220000e-05	-8.291750e-03	9.905091e+00
3.221000e-05	-5.537949e-03	9.948250e+00
3.222000e-05	-1.385962e-02	1.000087e+01
3.223000e-05	-1.925276e-02	1.003308e+01
3.224000e-05	-1.703376e-02	1.007374e+01
3.225000e-05	-8.812724e-03	1.013619e+01
3.226000e-05	-1.317442e-02	1.015732e+01
3.227000e-05	-1.626865e-02	1.018838e+01
3.228000e-05	-1.788183e-02	1.023148e+01
3.229000e-05	-1.274532e-02	1.026408e+01
3.230000e-05	-1.541128e-02	1.027351e+01
3.231000e-05	-1.516813e-02	1.033469e+01
3.232000e-05	-1.787626e-02	1.033561e+01
3.233000e-05	-1.528292e-02	1.033474e+01
3.234000e-05	-1.319777e-02	1.032624e+01
3.235000e-05	-1.872958e-02	1.035617e+01
3.236000e-05	-2.185324e-02	1.033674e+01
3.237000e-05	-2.231201e-02	1.034625e+01
3.238000e-05	-1.671105e-02	1.032724e+01
3.239000e-05	-1.825504e-02	1.035522e+01
3.240000e-05	-2.092322e-02	1.033619e+01
3.241000e-05	-2.164728e-02	1.028472e+01
3.242000e-05	-2.298311e-02	1.027466e+01
3.243000e-05	-2.284504e-02	1.026301e+01
3.244000e-05	-2.525011e-02	1.025041e+01
3.245000e-05	-2.375754e-02	1.019995e+01
3.246000e-05	-2.564497e-02	1.015677e+01
3.247000e-05	-2.719019e-02	1.012622e+01
3.248000e-05	-2.849739e-02	1.011364e+01
3.249000e-05	-3.012533e-02	1.005104e+01
3.250000e-05	-3.050936e-02	1.000945e+01
3.251000e-05	-3.234644e-02	9.968322e+00
3.252000e-05	-2.978208e-02	9.913044e+00
3.253000e-05	-3.184422e-02	9.871530e+00
3.254000e-05	-3.483471e-02	9.706271e+00
3.255000e-05	-3.541703e-02	9.634610e+00
3.256000e-05	-3.589126e-02	9.590902e+00
3.257000e-05	-3.601463e-02	9.535745e+00
3.258000e-05	-3.715145e-02	9.441110e+00
3.259000e-05	-3.856418e-02	9.367352e+00
3.260000e-05	-3.966948e-02	9.315241e+00
3.261000e-05	-4.123091e-02	9.231531e+00
3.262000e-05	-4.258921e-02	9.167324e+00
3.263000e-05	-3.940697e-02	9.051437e+00
3.264000e-05	-4.005839e-02	8.864290e+00
3.265000e-05	-4.089722e-02	8.811003e+00
3.266000e-05	-4.360736e-02	8.704796e+00
3.267000e-05	-4.363629e-02	8.619407e+00
3.268000e-05	-4.424913e-02	8.535822e+00
3.269000e-05	-4.464719e-02	8.450457e+00
3.270000e-05	-4.481515e-02	8.336271e+00
3.271000e-05	-4.421591e-02	8.199952e+00
3.272000e-05	-4.275234e-02	8.053512e+00
3.273000e-05	-4.320220e-02	7.946770e+00
3.274000e-05	-4.326223e-02	7.800976e+00
3.275000e-05	-4.275066e-02	7.682691e+00
3.276000e-05	-4.116415e-02	7.546322e+00
3.277000e-05	-3.978851e-02	7.391955e+00
3.278000e-05	-3.792714e-02	7.230034e+00
3.279000e-05	-3.816939e-02	7.073693e+00
3.280000e-05	-3.740429e-02	6.965875e+00
3.281000e-05	-3.593229e-02	6.800060e+00
3.282000e-05	-3.309907e-02	6.692669e+00
3.283000e-05	-3.072745e-02	6.493741e+00
3.284000e-05	-2.945889e-02	6.357375e+00
3.285000e-05	-2.763330e-02	6.230054e+00
3.286000e-05	-2.654604e-02	6.094736e+00
3.287000e-05	-2.484058e-02	5.967424e+00
3.288000e-05	-2.327066e-02	5.777974e+00
3.289000e-05	-2.302030e-02	5.567452e+00
3.290000e-05	-2.056583e-02	5.431559e+00
3.291000e-05	-1.845387e-02	5.293211e+00
3.292000e-05	-1.917292e-02	5.071193e+00
3.293000e-05	-1.557956e-02	4.830055e+00
3.294000e-05	-1.750665e-02	4.663712e+00
3.295000e-05	-1.144734e-02	4.483690e+00
3.296000e-05	-1.446897e-02	4.388396e+00
3.297000e-05	-1.088141e-02	4.196795e+00
3.298000e-05	-1.284002e-02	3.978344e+00
3.299000e-05	-1.271349e-02	3.788502e+00
3.300000e-05	-1.214481e-02	3.611087e+00
3.301000e-05	-1.155934e-02	3.442212e+00
3.302000e-05	-1.017453e-02	3.242161e+00
3.303000e-05	-9.294703e-03	3.104289e+00
3.304000e-05	-8.954897e-03	2.914789e+00
3.305000e-05	-8.224108e-03	2.776947e+00
3.306000e-05	-8.174885e-03	2.516371e+00
3.307000e-05	-8.297466e-03	2.307794e+00
3.308000e-05	-7.265274e-03	2.145816e+00
3.309000e-05	-6.344755e-03	1.979977e+00
3.310000e-05	-7.471545e-03	1.768975e+00
3.311000e-05	-7.380648e-03	1.590021e+00
3.312000e-05	-7.839217e-03	1.409529e+00
3.313000e-05	-6.345640e-03	1.169107e+00
3.314000e-05	-6.059540e-03	9.074310e-01
3.315000e-05	-4.951661e-03	7.189498e-01
3.316000e-05	-3.807586e-03	5.789310e-01
3.317000e-05	-3.480453e-03	3.805313e-01
3.318000e-05	-6.030333e-03	2.116312e-01
3.319000e-05	-3.885234e-03	-4.057494e-02
3.320000e-05	2.164830e-03	-1.893687e-01
3.321000e-05	-2.470069e-03	-3.472382e-01
3.322000e-05	-7.047683e-04	-4.957081e-01
3.323000e-05	-3.838727e-03	-7.157832e-01
3.324000e-05	-8.766005e-04	-8.946055e-01
3.325000e-05	-1.650029e-03	-1.043096e+00
3.326000e-05	5.489549e-03	-1.189998e+00
3.327000e-05	4.564206e-02	-1.449375e+00
3.328000e-05	7.026740e-02	-1.641521e+00
3.329000e-05	-7.896391e-02	-1.874653e+00
3.330000e-05	-1.287722e-02	-2.097758e+00
3.331000e-05	-8.940427e-02	-2.387394e+00
3.332000e-05	-2.269859e-02	-2.475678e+00
3.333000e-05	1.792224e-01	-2.516738e+00
3.334000e-05	-1.083743e-01	-2.746236e+00
3.335000e-05	-2.041377e-02	-2.947805e+00
3.336000e-05	1.441221e-01	-3.135633e+00
3.337000e-05	-1.935453e-01	-3.306106e+00
3.338000e-05	8.473808e-02	-3.473686e+00
3.339000e-05	9.033185e-02	-3.620451e+00
3.340000e-05	-1.805169e-01	-3.880030e+00
3.341000e-05	1.336074e-01	-4.021471e+00
3.342000e-05	2.412941e-02	-4.208869e+00
3.343000e-05	-5.986031e-02	-4.418420e+00
3.344000e-05	6.965040e-02	-4.466180e+00
3.345000e-05	-1.672836e-01	-4.766060e+00
3.346000e-05	1.209008e-01	-4.874161e+00
3.347000e-05	5.784811e-02	-5.052585e+00
3.348000e-05	-8.671233e-02	-5.251024e+00
3.349000e-05	8.132444e-02	-5.420830e+00
3.350000e-05	-8.950257e-02	-5.652474e+00
3.351000e-05	7.634557e-02	-5.790799e+00
3.352000e-05	-3.408547e-02	-5.904788e+00
3.353000e-05	-1.170310e-02	-6.064608e+00
3.354000e-05	8.853169e-02	-6.252553e+00
3.355000e-05	-1.074023e-01	-6.461528e+00
3.356000e-05	9.036985e-02	-6.557418e+00
3.357000e-05	-3.078583e-02	-6.726137e+00
3.358000e-05	2.413010e-03	-6.852603e+00
3.359000e-05	2.704042e-02	-6.978879e+00
3.360000e-05	-5.374148e-02	-7.190368e+00
3.361000e-05	9.883834e-02	-7.285138e+00
3.362000e-05	-5.784466e-02	-7.461928e+00
3.363000e-05	2.441356e-02	-7.587323e+00
3.364000e-05	-1.137186e-02	-7.777237e+00
3.365000e-05	5.738882e-03	-7.945143e+00
3.366000e-05	3.371911e-02	-8.050476e+00
3.367000e-05	-2.850762e-02	-8.127293e+00
3.368000e-05	5.302034e-02	-8.282005e+00
3.369000e-05	-2.785836e-02	-8.398868e+00
3.370000e-05	8.816049e-03	-8.432082e+00
3.371000e-05	-2.000936e-03	-8.558347e+00
3.372000e-05	1.901688e-02	-8.735191e+00
3.373000e-05	2.493816e-02	-8.849428e+00
3.374000e-05	-2.395138e-02	-8.956190e+00
3.375000e-05	2.185586e-02	-9.010874e+00
3.376000e-05	-1.519742e-03	-9.105133e+00
3.377000e-05	2.151659e-02	-9.179420e+00
3.378000e-05	-6.459173e-03	-9.253903e+00
3.379000e-05	8.451673e-03	-9.357761e+00
3.380000e-05	1.538564e-02	-9.472007e+00
3.381000e-05	4.935397e-03	-9.545717e+00
3.382000e-05	1.207506e-02	-9.641478e+00
3.383000e-05	-1.795560e-03	-9.654636e+00
3.384000e-05	7.316790e-03	-9.746238e+00
3.385000e-05	6.517485e-03	-9.789873e+00
3.386000e-05	2.310816e-02	-9.872558e+00
3.387000e-05	1.064009e-02	-9.935236e+00
3.388000e-05	2.161616e-04	-9.968743e+00
3.389000e-05	2.114353e-03	-9.999397e+00
3.390000e-05	1.300353e-02	-1.000005e+01
3.391000e-05	1.744294e-02	-1.007456e+01
3.392000e-05	6.260145e-03	-1.010664e+01
3.393000e-05	5.224550e-03	-1.014577e+01
3.394000e-05	8.948975e-03	-1.019185e+01
3.395000e-05	1.311396e-02	-1.028038e+01
3.396000e-05	1.220807e-02	-1.023413e+01
3.397000e-05	8.435366e-03	-1.032457e+01
3.398000e-05	9.264169e-03	-1.031611e+01
3.399000e-05	1.531048e-02	-1.038707e+01
3.400000e-05	1.382959e-02	-1.037670e+01
3.401000e-05	9.622845e-03	-1.036725e+01
3.402000e-05	8.241644e-03	-1.036762e+01
3.403000e-05	1.395909e-02	-1.033822e+01
3.404000e-05	1.637405e-02	-1.035764e+01
3.405000e-05	1.785254e-02	-1.033574e+01
3.406000e-05	1.588155e-02	-1.035507e+01
3.407000e-05	1.419022e-02	-1.031564e+01
3.408000e-05	1.399025e-02	-1.025296e+01
3.409000e-05	1.784104e-02	-1.026196e+01
3.410000e-05	2.071280e-02	-1.022088e+01
3.411000e-05	2.115165e-02	-1.017978e+01
3.412000e-05	1.947632e-02	-1.013469e+01
3.413000e-05	2.204881e-02	-1.010461e+01
3.414000e-05	2.125330e-02	-1.002196e+01
3.415000e-05	2.312832e-02	-1.000888e+01
3.416000e-05	2.411812e-02	-9.966797e+00
3.417000e-05	2.640734e-02	-9.934141e+00
3.418000e-05	2.625676e-02	-9.854063e+00
3.419000e-05	2.647892e-02	-9.829901e+00
3.420000e-05	2.812662e-02	-9.777224e+00
3.421000e-05	2.867945e-02	-9.663654e+00
3.422000e-05	2.766891e-02	-9.651031e+00
3.423000e-05	2.957637e-02	-9.599350e+00
3.424000e-05	3.237717e-02	-9.534567e+00
3.425000e-05	3.395989e-02	-9.439381e+00
3.426000e-05	3.248033e-02	-9.304714e+00
3.427000e-05	3.172412e-02	-9.178456e+00
3.428000e-05	3.421357e-02	-9.126121e+00
3.429000e-05	3.547907e-02	-9.050980e+00
3.430000e-05	3.585910e-02	-8.976322e+00
3.431000e-05	3.544276e-02	-8.841032e+00
3.432000e-05	3.695628e-02	-8.797797e+00
3.433000e-05	3.487275e-02	-8.673117e+00
3.434000e-05	3.770990e-02	-8.535745e+00
3.435000e-05	3.652006e-02	-8.379899e+00
3.436000e-05	3.930351e-02	-8.314692e+00
3.437000e-05	3.811597e-02	-8.188401e+00
3.438000e-05	3.877604e-02	-8.104688e+00
3.439000e-05	3.587732e-02	-7.987851e+00
3.440000e-05	3.595128e-02	-7.861184e+00
3.441000e-05	3.288991e-02	-7.684537e+00
3.442000e-05	3.509932e-02	-7.546744e+00
3.443000e-05	3.519370e-02	-7.399896e+00
3.444000e-05	3.596326e-02	-7.243559e+00
3.445000e-05	3.029920e-02	-7.154748e+00
3.446000e-05	2.937476e-02	-6.978327e+00
3.447000e-05	2.845682e-02	-6.758953e+00
3.448000e-05	2.771676e-02	-6.683667e+00
3.449000e-05	2.523836e-02	-6.585847e+00
3.450000e-05	2.307829e-02	-6.409969e+00
3.451000e-05	2.228923e-02	-6.234607e+00
3.452000e-05	1.915601e-02	-6.052159e+00
3.453000e-05	1.652519e-02	-5.916216e+00
3.454000e-05	1.568900e-02	-5.758901e+00
3.455000e-05	1.494880e-02	-5.629579e+00
3.456000e-05	1.443746e-02	-5.392110e+00
3.457000e-05	1.195704e-02	-5.249059e+00
3.458000e-05	1.221237e-02	-5.042658e+00
3.459000e-05	9.114287e-03	-4.842640e+00
3.460000e-05	7.561704e-03	-4.619638e+00
3.461000e-05	6.281778e-03	-4.514837e+00
3.462000e-05	7.625794e-03	-4.377896e+00
3.463000e-05	4.878488e-03	-4.179451e+00
3.464000e-05	4.280149e-03	-4.051410e+00
3.465000e-05	3.090013e-03	-3.833638e+00
3.466000e-05	3.897830e-03	-3.622134e+00
3.467000e-05	3.232125e-03	-3.464288e+00
3.468000e-05	3.801111e-03	-3.264270e+00
3.469000e-05	2.852018e-03	-3.138320e+00
3.470000e-05	1.465631e-03	-2.894422e+00
3.471000e-05	2.916133e-04	-2.738346e+00
3.472000e-05	-1.401908e-03	-2.568474e+00
3.473000e-05	2.873770e-04	-2.339576e+00
3.474000e-05	7.125874e-04	-2.167932e+00
3.475000e-05	1.746445e-03	-1.979475e+00
3.476000e-05	-9.300523e-04	-1.831006e+00
3.477000e-05	6.116434e-04	-1.650082e+00
3.478000e-05	-1.556888e-03	-1.471613e+00
3.479000e-05	-9.373935e-04	-1.178977e+00
3.480000e-05	-3.345192e-03	-1.039978e+00
3.481000e-05	-1.371534e-03	-8.215778e-01
3.482000e-05	-2.364554e-03	-5.921063e-01
3.483000e-05	-1.652820e-03	-4.100024e-01
3.484000e-05	-2.952519e-03	-2.591588e-01
3.485000e-05	2.652382e-04	-5.373546e-02
3.486000e-05	5.219239e-03	9.571191e-02
3.487000e-05	7.736699e-04	3.382387e-01
3.488000e-05	9.176782e-04	4.961330e-01
3.489000e-05	6.249863e-05	6.546555e-01
3.490000e-05	-3.257691e-03	8.430740e-01
3.491000e-05	-2.340032e-03	1.031900e+00
3.492000e-05	1.665957e-03	1.241605e+00
3.493000e-05	8.472908e-03	1.382022e+00
3.494000e-05	5.785342e-02	1.621378e+00
3.495000e-05	3.217014e-02	1.884131e+00
3.496000e-05	-6.058474e-02	2.054584e+00
3.497000e-05	-3.223076e-02	2.254129e+00
3.498000e-05	-5.616165e-02	2.400504e+00
3.499000e-05	-5.173749e-02	2.518238e+00
3.500000e-05	1.389257e-01	2.736690e+00
3.501000e-05	-2.260983e-02	2.915184e+00
3.502000e-05	-1.083061e-01	3.003028e+00
3.503000e-05	1.584394e-01	3.178920e+00
3.504000e-05	-1.057703e-01	3.475502e+00
3.505000e-05	-6.597811e-03	3.630499e+00
3.506000e-05	9.914798e-02	3.709765e+00
3.507000e-05	-1.124666e-01	3.966841e+00
3.508000e-05	1.754636e-02	4.126661e+00
3.509000e-05	5.695185e-02	4.388292e+00
3.510000e-05	-4.673678e-02	4.518061e+00
3.511000e-05	1.004306e-02	4.688033e+00
3.512000e-05	-6.037427e-02	4.855032e+00
3.513000e-05	5.157879e-03	5.106559e+00
3.514000e-05	4.111790e-02	5.304137e+00
3.515000e-05	-1.113087e-02	5.494532e+00
3.516000e-05	-4.860576e-03	5.608900e+00
3.517000e-05	-3.014848e-02	5.778947e+00
3.518000e-05	1.740792e-02	5.998322e+00
3.519000e-05	-2.271818e-02	6.095212e+00
3.520000e-05	-6.442042e-03	6.262532e+00
3.521000e-05	2.250476e-02	6.389422e+00
3.522000e-05	-4.290084e-02	6.519243e+00
3.523000e-05	1.538692e-02	6.735243e+00
3.524000e-05	-1.936867e-02	6.905132e+00
3.525000e-05	-8.534602e-03	6.992924e+00
3.526000e-05	3.762192e-04	7.126713e+00
3.527000e-05	-1.391450e-02	7.255582e+00
3.528000e-05	6.672058e-03	7.441929e+00
3.529000e-05	-2.105978e-02	7.600450e+00
3.530000e-05	-5.988568e-03	7.737717e+00
3.531000e-05	-1.538824e-02	7.905086e+00
3.532000e-05	-3.650930e-03	8.031451e+00
3.533000e-05	-5.554553e-03	8.200816e+00
3.534000e-05	-1.182915e-02	8.284561e+00
3.535000e-05	9.220063e-04	8.408850e+00
3.536000e-05	-9.657445e-03	8.515585e+00
3.537000e-05	-1.900889e-02	8.569295e+00
3.538000e-05	-1.674951e-02	8.684609e+00
3.539000e-05	-4.430282e-03	8.768347e+00
3.540000e-05	-3.724864e-04	8.821979e+00
3.541000e-05	-1.368400e-02	8.969716e+00
3.542000e-05	-1.584088e-02	9.094086e+00
3.543000e-05	-1.095931e-02	9.171402e+00
3.544000e-05	-7.811793e-03	9.284634e+00
3.545000e-05	-9.580665e-03	9.315271e+00
3.546000e-05	-1.452336e-02	9.411456e+00
3.547000e-05	-9.648109e-03	9.535083e+00
3.548000e-05	-1.151111e-02	9.577400e+00
3.549000e-05	-1.179879e-02	9.652505e+00
3.550000e-05	-1.485695e-02	9.664088e+00
3.551000e-05	-1.635315e-02	9.809797e+00
3.552000e-05	-1.150330e-02	9.852485e+00
3.553000e-05	-6.155769e-03	9.966717e+00
3.554000e-05	-8.417269e-03	9.959277e+00
3.555000e-05	-1.841619e-02	1.002203e+01
3.556000e-05	-1.771289e-02	1.008308e+01
3.557000e-05	-1.224948e-02	1.009569e+01
3.558000e-05	-9.865314e-03	1.014672e+01
3.559000e-05	-1.537294e-02	1.014930e+01
3.560000e-05	-1.808339e-02	1.021898e+01
3.561000e-05	-1.448149e-02	1.028251e+01
3.562000e-05	-1.603327e-02	1.026504e+01
3.563000e-05	-1.453917e-02	1.026471e+01
3.564000e-05	-1.817515e-02	1.030459e+01
3.565000e-05	-1.507589e-02	1.032422e+01
3.566000e-05	-1.456482e-02	1.033664e+01
3.567000e-05	-1.477019e-02	1.035732e+01
3.568000e-05	-2.121180e-02	1.036732e+01
3.569000e-05	-2.322186e-02	1.036627e+01
3.570000e-05	-1.866964e-02	1.036674e+01
3.571000e-05	-1.807374e-02	1.033677e+01
3.572000e-05	-1.927670e-02	1.033465e+01
3.573000e-05	-2.222290e-02	1.031566e+01
3.574000e-05	-2.212239e-02	1.031516e+01
3.575000e-05	-2.437344e-02	1.024561e+01
3.576000e-05	-2.432261e-02	1.025300e+01
3.577000e-05	-2.497741e-02	1.021083e+01
3.578000e-05	-2.481916e-02	1.015783e+01
3.579000e-05	-2.632753e-02	1.013827e+01
3.580000e-05	-2.777858e-02	1.008521e+01
3.581000e-05	-2.885409e-02	1.008359e+01
3.582000e-05	-3.160202e-02	1.005105e+01
3.583000e-05	-3.082832e-02	9.958451e+00
3.584000e-05	-3.175708e-02	9.927223e+00
3.585000e-05	-3.089580e-02	9.880988e+00
3.586000e-05	-3.529207e-02	9.778856e+00
3.587000e-05	-3.493376e-02	9.685215e+00
3.588000e-05	-3.528482e-02	9.590980e+00
3.589000e-05	-3.600087e-02	9.546771e+00
3.590000e-05	-3.784561e-02	9.454661e+00
3.591000e-05	-3.707522e-02	9.440503e+00
3.592000e-05	-3.755085e-02	9.366772e+00
3.593000e-05	-4.030663e-02	9.262659e+00
3.594000e-05	-4.248852e-02	9.198951e+00
3.595000e-05	-4.114971e-02	9.105114e+00
3.596000e-05	-4.216871e-02	8.987899e+00
3.597000e-05	-4.075157e-02	8.854057e+00
3.598000e-05	-4.412646e-02	8.757324e+00
3.599000e-05	-4.251236e-02	8.643664e+00
3.600000e-05	-4.517369e-02	8.577346e+00
3.601000e-05	-4.260847e-02	8.482215e+00
3.602000e-05	-4.516422e-02	8.368850e+00
3.603000e-05	-4.266301e-02	8.284684e+00
3.604000e-05	-4.551580e-02	8.086848e+00
3.605000e-05	-4.132737e-02	8.009955e+00
3.606000e-05	-4.331681e-02	7.863112e+00
3.607000e-05	-4.209876e-02	7.726822e+00
3.608000e-05	-4.353752e-02	7.620004e+00
3.609000e-05	-4.056986e-02	7.461665e+00
3.610000e-05	-3.925910e-02	7.283214e+00
3.611000e-05	-3.746316e-02	7.146771e+00
3.612000e-05	-3.729647e-02	6.982008e+00
3.613000e-05	-3.609836e-02	6.894210e+00
3.614000e-05	-3.401477e-02	6.747921e+00
3.615000e-05	-3.156123e-02	6.559401e+00
3.616000e-05	-2.898286e-02	6.401556e+00
3.617000e-05	-2.882275e-02	6.283641e+00
3.618000e-05	-2.725513e-02	6.106348e+00
3.619000e-05	-2.572567e-02	5.991031e+00
3.620000e-05	-2.442324e-02	5.831784e+00
3.621000e-05	-2.252182e-02	5.633786e+00
3.622000e-05	-2.087499e-02	5.474293e+00
3.623000e-05	-1.827289e-02	5.337802e+00
3.624000e-05	-1.880231e-02	5.177920e+00
3.625000e-05	-1.714930e-02	4.914391e+00
3.626000e-05	-1.593059e-02	4.735345e+00
3.627000e-05	-1.437822e-02	4.576954e+00
3.628000e-05	-1.401927e-02	4.412131e+00
3.629000e-05	-1.354932e-02	4.221638e+00
3.630000e-05	-1.183252e-02	4.082158e+00
3.631000e-05	-1.080000e-02	3.854238e+00
3.632000e-05	-1.149524e-02	3.674266e+00
3.633000e-05	-1.164394e-02	3.536401e+00
3.634000e-05	-1.025256e-02	3.398420e+00
3.635000e-05	-8.510709e-03	3.128425e+00
3.636000e-05	-8.678270e-03	2.988475e+00
3.637000e-05	-9.223045e-03	2.830055e+00
3.638000e-05	-8.929269e-03	2.653534e+00
3.639000e-05	-9.337341e-03	2.370478e+00
3.640000e-05	-8.020499e-03	2.210685e+00
3.641000e-05	-7.400706e-03	2.022134e+00
3.642000e-05	-7.443637e-03	1.873811e+00
3.643000e-05	-6.818448e-03	1.672262e+00
3.644000e-05	-6.495376e-03	1.493238e+00
3.645000e-05	-5.866328e-03	1.273768e+00
3.646000e-05	-6.146499e-03	1.091268e+00
3.647000e-05	-6.976511e-03	8.626540e-01
3.648000e-05	-5.873361e-03	6.537629e-01
3.649000e-05	-4.437446e-03	4.527129e-01
3.650000e-05	-4.817633e-03	3.548420e-01
3.651000e-05	-4.856654e-03	5.421415e-02
3.652000e-05	8.155665e-04	-1.152055e-01
3.653000e-05	2.746576e-04	-2.525529e-01
3.654000e-05	-3.094929e-03	-4.304964e-01
3.655000e-05	5.022146e-04	-6.414463e-01
3.656000e-05	-4.119335e-03	-8.099714e-01
3.657000e-05	-1.156342e-03	-9.888196e-01
3.658000e-05	-9.738281e-04	-1.135186e+00
3.659000e-05	1.939877e-02	-1.257281e+00
3.660000e-05	8.341247e-02	-1.517160e+00
3.661000e-05	-2.619688e-02	-1.738340e+00
3.662000e-05	-4.795356e-02	-2.041445e+00
3.663000e-05	-3.862969e-02	-2.222153e+00
3.664000e-05	-9.013700e-02	-2.441425e+00
3.665000e-05	1.207347e-01	-2.504209e+00
3.666000e-05	5.712831e-02	-2.590475e+00
3.667000e-05	-1.608842e-01	-2.883583e+00
3.668000e-05	1.878677e-01	-3.091972e+00
3.669000e-05	-6.745976e-02	-3.240952e+00
3.670000e-05	-9.400133e-02	-3.430449e+00
3.671000e-05	1.828037e-01	-3.535819e+00
3.672000e-05	-1.097759e-01	-3.738662e+00
3.673000e-05	-3.688456e-02	-3.977797e+00
3.674000e-05	1.604167e-01	-4.104083e+00
3.675000e-05	-1.191892e-01	-4.296185e+00
3.676000e-05	8.934975e-02	-4.432555e+00
3.677000e-05	-9.260032e-02	-4.619796e+00
3.678000e-05	-4.851702e-02	-4.851974e+00
3.679000e-05	1.683769e-01	-4.958346e+00
3.680000e-05	-9.665741e-02	-5.159287e+00
3.681000e-05	4.416980e-02	-5.367315e+00
3.682000e-05	-2.431343e-02	-5.577139e+00
3.683000e-05	-1.657967e-02	-5.767167e+00
3.684000e-05	7.262248e-02	-5.871579e+00
3.685000e-05	-9.200145e-02	-6.029875e+00
3.686000e-05	1.049080e-01	-6.138717e+00
3.687000e-05	-5.377462e-02	-6.369812e+00
3.688000e-05	-5.192986e-03	-6.505161e+00
3.689000e-05	6.829934e-02	-6.652901e+00
3.690000e-05	-6.998144e-02	-6.799423e+00
3.691000e-05	7.300394e-02	-6.957266e+00
3.692000e-05	-6.505571e-02	-7.093582e+00
3.693000e-05	5.559184e-02	-7.274530e+00
3.694000e-05	1.899278e-02	-7.369870e+00
3.695000e-05	-4.081636e-02	-7.536638e+00
3.696000e-05	3.927482e-02	-7.653551e+00
3.697000e-05	-3.886909e-02	-7.881978e+00
3.698000e-05	5.579654e-02	-7.999328e+00
3.699000e-05	-2.547862e-02	-8.072559e+00
3.700000e-05	2.780521e-02	-8.240451e+00
3.701000e-05	1.601557e-02	-8.315612e+00
3.702000e-05	-2.666983e-02	-8.409475e+00
3.703000e-05	2.065761e-02	-8.515668e+00
3.704000e-05	-1.053737e-02	-8.654528e+00
3.705000e-05	4.681756e-02	-8.778926e+00
3.706000e-05	-2.187873e-02	-8.873608e+00
3.707000e-05	6.321701e-03	-8.968792e+00
3.708000e-05	1.026030e-02	-9.082056e+00
3.709000e-05	1.078197e-02	-9.157213e+00
3.710000e-05	1.302510e-02	-9.211477e+00
3.711000e-05	-9.613550e-03	-9.304164e+00
3.712000e-05	2.225850e-02	-9.348329e+00
3.713000e-05	1.228937e-04	-9.524558e+00
3.714000e-05	1.455115e-02	-9.611448e+00
3.715000e-05	-5.357098e-05	-9.661958e+00
3.716000e-05	4.677637e-03	-9.725242e+00
3.717000e-05	4.388330e-03	-9.767245e+00
3.718000e-05	1.582668e-02	-9.841955e+00
3.719000e-05	2.087794e-02	-9.894136e+00
3.720000e-05	1.319710e-03	-9.957768e+00
3.721000e-05	1.125749e-03	-9.967920e+00
3.722000e-05	5.970012e-03	-1.000198e+01
3.723000e-05	2.009468e-02	-1.005193e+01
3.724000e-05	1.038821e-02	-1.012514e+01
3.725000e-05	5.171246e-03	-1.015714e+01
3.726000e-05	5.501900e-03	-1.016935e+01
3.727000e-05	1.215372e-02	-1.023241e+01
3.728000e-05	1.390797e-02	-1.024156e+01
3.729000e-05	1.143657e-02	-1.032504e+01
3.730000e-05	8.039742e-03	-1.033419e+01
3.731000e-05	1.144024e-02	-1.029619e+01
3.732000e-05	1.458712e-02	-1.030669e+01
3.733000e-05	1.327106e-02	-1.037677e+01
3.734000e-05	9.178306e-03	-1.037630e+01
3.735000e-05	9.393892e-03	-1.036625e+01
3.736000e-05	1.417114e-02	-1.037665e+01
3.737000e-05	1.751157e-02	-1.032681e+01
3.738000e-05	1.701535e-02	-1.035622e+01
3.739000e-05	1.676784e-02	-1.035562e+01
3.740000e-05	1.399332e-02	-1.031506e+01
3.741000e-05	1.619565e-02	-1.029204e+01
3.742000e-05	1.967343e-02	-1.015236e+01
3.743000e-05	2.203320e-02	-1.015882e+01
3.744000e-05	1.942262e-02	-1.016725e+01
3.745000e-05	1.874229e-02	-1.014411e+01
3.746000e-05	2.250617e-02	-1.005208e+01
3.747000e-05	2.406745e-02	-1.001003e+01
3.748000e-05	2.402416e-02	-9.987848e+00
3.749000e-05	2.517814e-02	-9.936246e+00
3.750000e-05	2.606105e-02	-9.904110e+00
3.751000e-05	2.560030e-02	-9.851528e+00
3.752000e-05	2.724378e-02	-9.768273e+00
3.753000e-05	2.861946e-02	-9.726718e+00
3.754000e-05	2.918875e-02	-9.682634e+00
3.755000e-05	2.851908e-02	-9.620949e+00
3.756000e-05	3.019447e-02	-9.544718e+00
3.757000e-05	3.386003e-02	-9.440582e+00
3.758000e-05	3.415523e-02	-9.307872e+00
3.759000e-05	3.248481e-02	-9.222613e+00
3.760000e-05	3.199207e-02	-9.148349e+00
3.761000e-05	3.590441e-02	-9.104662e+00
3.762000e-05	3.667328e-02	-8.967851e+00
3.763000e-05	3.631378e-02	-8.864642e+00
3.764000e-05	3.467168e-02	-8.789399e+00
3.765000e-05	3.636461e-02	-8.714820e+00
3.766000e-05	3.842420e-02	-8.568475e+00
3.767000e-05	3.835729e-02	-8.460534e+00
3.768000e-05	3.642952e-02	-8.346320e+00
3.769000e-05	3.648195e-02	-8.223108e+00
3.770000e-05	3.712878e-02	-8.116297e+00
3.771000e-05	3.812848e-02	-8.050509e+00
3.772000e-05	3.630989e-02	-7.883193e+00
3.773000e-05	3.464935e-02	-7.727343e+00
3.774000e-05	3.386468e-02	-7.599851e+00
3.775000e-05	3.506267e-02	-7.429560e+00
3.776000e-05	3.389783e-02	-7.315191e+00
3.777000e-05	3.203873e-02	-7.219526e+00
3.778000e-05	2.833866e-02	-7.052614e+00
3.779000e-05	2.890295e-02	-6.861637e+00
3.780000e-05	2.846392e-02	-6.736847e+00
3.781000e-05	2.621021e-02	-6.598526e+00
3.782000e-05	2.293316e-02	-6.454109e+00
3.783000e-05	2.197875e-02	-6.327347e+00
3.784000e-05	2.178083e-02	-6.165799e+00
3.785000e-05	1.930883e-02	-5.968901e+00
3.786000e-05	1.749106e-02	-5.850083e+00
3.787000e-05	1.442523e-02	-5.693116e+00
3.788000e-05	1.441139e-02	-5.577343e+00
3.789000e-05	1.262326e-02	-5.344238e+00
3.790000e-05	1.271093e-02	-5.156824e+00
3.791000e-05	9.606541e-03	-4.928846e+00
3.792000e-05	8.628799e-03	-4.724367e+00
3.793000e-05	6.618528e-03	-4.567399e+00
3.794000e-05	7.161698e-03	-4.421530e+00
3.795000e-05	4.682622e-03	-4.261762e+00
3.796000e-05	4.417777e-03	-4.105217e+00
3.797000e-05	4.330314e-03	-3.958873e+00
3.798000e-05	4.726125e-03	-3.736351e+00
3.799000e-05	4.324931e-03	-3.566949e+00
3.800000e-05	3.106112e-03	-3.358930e+00
3.801000e-05	2.138071e-03	-3.239534e+00
3.802000e-05	1.836140e-03	-2.991606e+00
3.803000e-05	7.205967e-04	-2.830554e+00
3.804000e-05	1.728103e-03	-2.672161e+00
3.805000e-05	-1.215540e-04	-2.461664e+00
3.806000e-05	1.128921e-03	-2.295813e+00
3.807000e-05	-3.510075e-04	-2.073687e+00
3.808000e-05	1.118349e-03	-1.893843e+00
3.809000e-05	-6.546561e-04	-1.715844e+00
3.810000e-05	3.959036e-04	-1.558471e+00
3.811000e-05	-1.156177e-03	-1.292891e+00
3.812000e-05	-5.922891e-04	-1.094316e+00
3.813000e-05	-2.314281e-03	-9.057605e-01
3.814000e-05	-2.350232e-03	-7.678196e-01
3.815000e-05	-2.666319e-03	-4.327908e-01
3.816000e-05	-8.777452e-04	-3.359196e-01
3.817000e-05	-8.837187e-04	-1.464187e-01
3.818000e-05	2.941478e-03	2.997521e-02
3.819000e-05	3.266191e-03	2.524528e-01
3.820000e-05	-2.869000e-03	4.310027e-01
3.821000e-05	1.976327e-03	5.394487e-01
3.822000e-05	-4.073560e-03	7.382859e-01
3.823000e-05	-1.737562e-04	8.441355e-01
3.824000e-05	-1.924899e-03	1.156817e+00
3.825000e-05	5.966852e-03	1.316240e+00
3.826000e-05	2.882492e-02	1.546291e+00
3.827000e-05	6.779133e-02	1.760895e+00
3.828000e-05	-3.702300e-02	1.989875e+00
3.829000e-05	-4.251260e-02	2.168871e+00
3.830000e-05	-4.259251e-02	2.348319e+00
3.831000e-05	-6.897555e-02	2.472158e+00
3.832000e-05	4.328309e-02	2.602977e+00
3.833000e-05	1.261117e-01	2.822054e+00
3.834000e-05	-1.711652e-01	2.969946e+00
3.835000e-05	9.824421e-02	3.115234e+00
3.836000e-05	1.657009e-02	3.305715e+00
3.837000e-05	-9.814048e-02	3.558870e+00
3.838000e-05	9.335110e-02	3.643108e+00
3.839000e-05	-2.211577e-02	3.864053e+00
3.840000e-05	-9.105155e-02	4.042599e+00
3.841000e-05	1.049257e-01	4.193000e+00
3.842000e-05	-3.126161e-02	4.421504e+00
3.843000e-05	-6.892581e-03	4.580046e+00
3.844000e-05	-2.716985e-02	4.759447e+00
3.845000e-05	-4.730174e-02	4.939314e+00
3.846000e-05	6.022198e-02	5.231373e+00
3.847000e-05	-4.996967e-03	5.390923e+00
3.848000e-05	2.703751e-04	5.516865e+00
3.849000e-05	-3.365315e-02	5.684560e+00
3.850000e-05	5.122032e-03	5.905508e+00
3.851000e-05	4.369824e-05	6.052507e+00
3.852000e-05	-2.948956e-02	6.149846e+00
3.853000e-05	2.493208e-02	6.347767e+00
3.854000e-05	-2.163028e-02	6.473082e+00
3.855000e-05	-1.187635e-02	6.632978e+00
3.856000e-05	6.348424e-03	6.810979e+00
3.857000e-05	-2.760369e-02	6.928341e+00
3.858000e-05	3.169571e-03	7.084534e+00
3.859000e-05	-1.090588e-02	7.200475e+00
3.860000e-05	-5.391421e-05	7.368317e+00
3.861000e-05	-2.857530e-03	7.529137e+00
3.862000e-05	-2.195848e-02	7.723684e+00
3.863000e-05	-4.176688e-03	7.799928e+00
3.864000e-05	-1.509738e-02	7.960275e+00
3.865000e-05	2.121163e-03	8.166114e+00
3.866000e-05	-1.414543e-02	8.191928e+00
3.867000e-05	-5.035538e-03	8.367844e+00
3.868000e-05	5.428076e-04	8.433003e+00
3.869000e-05	-1.831465e-02	8.506694e+00
3.870000e-05	-1.527987e-02	8.611452e+00
3.871000e-05	-1.648183e-02	8.735666e+00
3.872000e-05	4.039745e-03	8.819875e+00
3.873000e-05	-8.977029e-03	8.874608e+00
3.874000e-05	-1.494856e-02	9.040453e+00
3.875000e-05	-1.410391e-02	9.157720e+00
3.876000e-05	-9.293061e-03	9.261504e+00
3.877000e-05	-6.459716e-03	9.305191e+00
3.878000e-05	-1.344508e-02	9.368896e+00
3.879000e-05	-8.643820e-03	9.483036e+00
3.880000e-05	-1.174444e-02	9.526720e+00
3.881000e-05	-1.047842e-02	9.597873e+00
3.882000e-05	-1.483018e-02	9.704506e+00
3.883000e-05	-1.511570e-02	9.727197e+00
3.884000e-05	-1.510427e-02	9.821854e+00
3.885000e-05	-8.033156e-03	9.933718e+00
3.886000e-05	-5.613104e-03	9.939222e+00
3.887000e-05	-1.466694e-02	9.960454e+00
3.888000e-05	-1.865093e-02	1.006306e+01
3.889000e-05	-1.623939e-02	1.011462e+01
3.890000e-05	-9.387230e-03	1.013767e+01
3.891000e-05	-1.213907e-02	1.017030e+01
3.892000e-05	-1.655344e-02	1.019138e+01
3.893000e-05	-1.596624e-02	1.025443e+01
3.894000e-05	-1.514772e-02	1.024099e+01
3.895000e-05	-1.431425e-02	1.030506e+01
3.896000e-05	-1.634048e-02	1.030462e+01
3.897000e-05	-1.612937e-02	1.030569e+01
3.898000e-05	-1.590188e-02	1.033569e+01
3.899000e-05	-1.288846e-02	1.038772e+01
3.900000e-05	-1.841795e-02	1.033625e+01
3.901000e-05	-2.276256e-02	1.031627e+01
3.902000e-05	-2.091752e-02	1.033527e+01
3.903000e-05	-1.774190e-02	1.034677e+01
3.904000e-05	-1.803674e-02	1.034617e+01
3.905000e-05	-2.152653e-02	1.033619e+01
3.906000e-05	-2.282498e-02	1.032561e+01
3.907000e-05	-2.370449e-02	1.030406e+01
3.908000e-05	-2.347366e-02	1.026301e+01
3.909000e-05	-2.487656e-02	1.020045e+01
3.910000e-05	-2.491871e-02	1.022783e+01
3.911000e-05	-2.642208e-02	1.017880e+01
3.912000e-05	-2.754029e-02	1.012572e+01
3.913000e-05	-2.852041e-02	1.007514e+01
3.914000e-05	-3.040515e-02	1.004308e+01
3.915000e-05	-3.116035e-02	1.000048e+01
3.916000e-05	-3.177047e-02	9.996777e+00
3.917000e-05	-3.010396e-02	9.904563e+00
3.918000e-05	-3.324662e-02	9.817933e+00
3.919000e-05	-3.505356e-02	9.756297e+00
3.920000e-05	-3.687979e-02	9.623483e+00
3.921000e-05	-3.640689e-02	9.597924e+00
3.922000e-05	-3.611098e-02	9.526266e+00
3.923000e-05	-3.759885e-02	9.438982e+00
3.924000e-05	-3.632086e-02	9.357323e+00
3.925000e-05	-3.984446e-02	9.295191e+00
3.926000e-05	-4.027233e-02	9.200054e+00
3.927000e-05	-4.351422e-02	9.147242e+00
3.928000e-05	-3.915292e-02	9.021541e+00
3.929000e-05	-4.175218e-02	8.905140e+00
3.930000e-05	-4.026737e-02	8.801379e+00
3.931000e-05	-4.501109e-02	8.724768e+00
3.932000e-05	-4.266300e-02	8.601425e+00
3.933000e-05	-4.458887e-02	8.515722e+00
3.934000e-05	-4.333469e-02	8.390928e+00
3.935000e-05	-4.377833e-02	8.304671e+00
3.936000e-05	-4.270407e-02	8.199878e+00
3.937000e-05	-4.292157e-02	8.042108e+00
3.938000e-05	-4.313376e-02	7.926243e+00
3.939000e-05	-4.305543e-02	7.769901e+00
3.940000e-05	-4.250379e-02	7.713611e+00
3.941000e-05	-4.059215e-02	7.547372e+00
3.942000e-05	-4.001160e-02	7.358331e+00
3.943000e-05	-3.785014e-02	7.179455e+00
3.944000e-05	-3.708100e-02	7.115237e+00
3.945000e-05	-3.680750e-02	6.947372e+00
3.946000e-05	-3.593203e-02	6.820430e+00
3.947000e-05	-3.114855e-02	6.662668e+00
3.948000e-05	-2.933496e-02	6.463639e+00
3.949000e-05	-2.818867e-02	6.356821e+00
3.950000e-05	-2.845705e-02	6.229507e+00
3.951000e-05	-2.634775e-02	6.062184e+00
3.952000e-05	-2.414756e-02	5.946347e+00
3.953000e-05	-2.287339e-02	5.696843e+00
3.954000e-05	-2.196523e-02	5.526922e+00
3.955000e-05	-1.985555e-02	5.371005e+00
3.956000e-05	-1.814771e-02	5.212062e+00
3.957000e-05	-1.691836e-02	4.988958e+00
3.958000e-05	-1.644888e-02	4.809978e+00
3.959000e-05	-1.653522e-02	4.661085e+00
3.960000e-05	-1.497611e-02	4.473639e+00
3.961000e-05	-1.230647e-02	4.355845e+00
3.962000e-05	-1.119693e-02	4.094299e+00
3.963000e-05	-1.302624e-02	3.956422e+00
3.964000e-05	-1.299520e-02	3.777902e+00
3.965000e-05	-1.163090e-02	3.591029e+00
3.966000e-05	-9.984307e-03	3.471660e+00
3.967000e-05	-9.480829e-03	3.200580e+00
3.968000e-05	-9.404521e-03	3.032660e+00
3.969000e-05	-8.828441e-03	2.904762e+00
3.970000e-05	-9.389800e-03	2.766898e+00
3.971000e-05	-8.712214e-03	2.472741e+00
3.972000e-05	-7.890378e-03	2.325317e+00
3.973000e-05	-7.570684e-03	2.135916e+00
3.974000e-05	-7.694337e-03	1.957999e+00
3.975000e-05	-7.547568e-03	1.768451e+00
3.976000e-05	-6.858342e-03	1.567451e+00
3.977000e-05	-6.481501e-03	1.378973e+00
3.978000e-05	-7.140268e-03	1.157020e+00
3.979000e-05	-7.895289e-03	9.073732e-01
3.980000e-05	-5.844583e-03	7.368960e-01
3.981000e-05	-5.087985e-03	5.359984e-01
3.982000e-05	-4.622592e-03	3.999736e-01
3.983000e-05	-5.991577e-03	1.785037e-01
3.984000e-05	-1.896727e-03	-3.297776e-02
3.985000e-05	2.737167e-03	-1.900186e-01
3.986000e-05	-2.575861e-03	-3.477910e-01
3.987000e-05	1.052190e-04	-5.267365e-01
3.988000e-05	-5.017528e-03	-7.582586e-01
3.989000e-05	-1.143742e-03	-8.862094e-01
3.990000e-05	-3.145899e-03	-1.031579e+00
3.991000e-05	8.993931e-03	-1.221457e+00
3.992000e-05	5.395417e-02	-1.441505e+00
3.993000e-05	5.415134e-02	-1.641053e+00
3.994000e-05	-7.850271e-02	-1.905133e+00
3.995000e-05	-1.086636e-02	-2.147241e+00
3.996000e-05	-9.487225e-02	-2.378446e+00
3.997000e-05	2.428789e-03	-2.483662e+00
3.998000e-05	1.681758e-01	-2.527270e+00
3.999000e-05	-1.410326e-01	-2.779337e+00
4.000000e-05	2.611688e-02	-2.949844e+00
4.001000e-05	1.102106e-01	-3.146238e+00
4.002000e-05	-1.879793e-01	-3.356158e+00
4.003000e-05	1.215214e-01	-3.494711e+00
4.004000e-05	4.918199e-02	-3.611001e+00
4.005000e-05	-1.681086e-01	-3.913629e+00
4.006000e-05	1.596401e-01	-4.019475e+00
4.007000e-05	-1.217776e-02	-4.201424e+00
4.008000e-05	-2.737779e-02	-4.379450e+00
4.009000e-05	4.270658e-02	-4.525742e+00
4.010000e-05	-1.582074e-01	-4.745741e+00
4.011000e-05	1.494614e-01	-4.886636e+00
4.012000e-05	2.123726e-02	-5.064084e+00
4.013000e-05	-6.613833e-02	-5.284561e+00
4.014000e-05	6.646799e-02	-5.463055e+00
4.015000e-05	-8.635516e-02	-5.642530e+00
4.016000e-05	9.272730e-02	-5.850902e+00
4.017000e-05	-5.559129e-02	-5.956715e+00
4.018000e-05	1.473719e-02	-6.136662e+00
4.019000e-05	6.069352e-02	-6.274558e+00
4.020000e-05	-9.807597e-02	-6.454057e+00
4.021000e-05	1.004173e-01	-6.589421e+00
4.022000e-05	-4.986903e-02	-6.737712e+00
4.023000e-05	2.324911e-02	-6.863582e+00
4.024000e-05	6.317347e-03	-7.072501e+00
4.025000e-05	-3.474867e-02	-7.210323e+00
4.026000e-05	9.149463e-02	-7.306764e+00
4.027000e-05	-6.595745e-02	-7.483029e+00
4.028000e-05	3.436753e-02	-7.600374e+00
4.029000e-05	-2.194739e-02	-7.766738e+00
4.030000e-05	2.110491e-02	-7.967764e+00
4.031000e-05	2.190346e-02	-8.022979e+00
4.032000e-05	-2.123388e-02	-8.176242e+00
4.033000e-05	5.078741e-02	-8.273508e+00
4.034000e-05	-3.240269e-02	-8.368820e+00
4.035000e-05	1.621107e-02	-8.453585e+00
4.036000e-05	-8.026749e-03	-8.600820e+00
4.037000e-05	2.601564e-02	-8.717738e+00
4.038000e-05	1.328901e-02	-8.842953e+00
4.039000e-05	-1.760230e-02	-8.896293e+00
4.040000e-05	2.201257e-02	-9.040376e+00
4.041000e-05	-2.428858e-05	-9.105641e+00
4.042000e-05	2.049063e-02	-9.197397e+00
4.043000e-05	-8.656391e-03	-9.264612e+00
4.044000e-05	1.323286e-02	-9.348721e+00
4.045000e-05	1.042181e-02	-9.430908e+00
4.046000e-05	5.065592e-03	-9.546870e+00
4.047000e-05	9.429681e-03	-9.611477e+00
4.048000e-05	-1.096960e-04	-9.675633e+00
4.049000e-05	8.380143e-03	-9.776195e+00
4.050000e-05	7.612675e-03	-9.801426e+00
4.051000e-05	2.131987e-02	-9.862057e+00
4.052000e-05	6.873108e-03	-9.915192e+00
4.053000e-05	8.933556e-04	-9.967794e+00
4.054000e-05	4.391517e-03	-9.970452e+00
4.055000e-05	1.455865e-02	-1.004103e+01
4.056000e-05	1.458208e-02	-1.008311e+01
4.057000e-05	6.952341e-03	-1.013714e+01
4.058000e-05	6.595055e-03	-1.019877e+01
4.059000e-05	9.711412e-03	-1.023086e+01
4.060000e-05	1.224236e-02	-1.026046e+01
4.061000e-05	1.225019e-02	-1.026294e+01
4.062000e-05	9.081911e-03	-1.027554e+01
4.063000e-05	1.026587e-02	-1.033564e+01
4.064000e-05	1.478710e-02	-1.031576e+01
4.065000e-05	1.417792e-02	-1.038730e+01
4.066000e-05	1.023117e-02	-1.034869e+01
4.067000e-05	8.678731e-03	-1.036530e+01
4.068000e-05	1.325145e-02	-1.031867e+01
4.069000e-05	1.595941e-02	-1.036525e+01
4.070000e-05	1.759021e-02	-1.034624e+01
4.071000e-05	1.606632e-02	-1.032612e+01
4.072000e-05	1.520033e-02	-1.027617e+01
4.073000e-05	1.487863e-02	-1.025404e+01
4.074000e-05	1.947098e-02	-1.028351e+01
4.075000e-05	2.037024e-02	-1.022936e+01
4.076000e-05	2.052018e-02	-1.015720e+01
4.077000e-05	2.027247e-02	-1.008629e+01
4.078000e-05	2.310035e-02	-1.006363e+01
4.079000e-05	2.264366e-02	-1.004296e+01
4.080000e-05	2.265637e-02	-1.000837e+01
4.081000e-05	2.531155e-02	-9.947295e+00
4.082000e-05	2.718640e-02	-9.883718e+00
4.083000e-05	2.652319e-02	-9.873608e+00
4.084000e-05	2.622362e-02	-9.809350e+00
4.085000e-05	2.835184e-02	-9.748321e+00
4.086000e-05	2.989154e-02	-9.693158e+00
4.087000e-05	2.779679e-02	-9.621030e+00
4.088000e-05	2.967885e-02	-9.568368e+00
4.089000e-05	3.162342e-02	-9.503089e+00
4.090000e-05	3.485043e-02	-9.429782e+00
4.091000e-05	3.304299e-02	-9.264265e+00
4.092000e-05	3.298322e-02	-9.199427e+00
4.093000e-05	3.354744e-02	-9.146267e+00
4.094000e-05	3.601122e-02	-9.021508e+00
4.095000e-05	3.617303e-02	-8.937244e+00
4.096000e-05	3.637235e-02	-8.871155e+00
4.097000e-05	3.568921e-02	-8.746872e+00
4.098000e-05	3.560245e-02	-8.632059e+00
4.099000e-05	3.780913e-02	-8.503639e+00
4.100000e-05	3.814312e-02	-8.380374e+00
4.101000e-05	3.763555e-02	-8.273737e+00
4.102000e-05	3.677687e-02	-8.138824e+00
4.103000e-05	3.661633e-02	-8.073035e+00
4.104000e-05	3.614291e-02	-7.966900e+00
4.105000e-05	3.543332e-02	-7.842000e+00
4.106000e-05	3.547647e-02	-7.672083e+00
4.107000e-05	3.432990e-02	-7.517188e+00
4.108000e-05	3.481725e-02	-7.378400e+00
4.109000e-05	3.318224e-02	-7.272660e+00
4.110000e-05	3.048103e-02	-7.106220e+00
4.111000e-05	2.762409e-02	-6.977301e+00
4.112000e-05	2.837847e-02	-6.799451e+00
4.113000e-05	2.692249e-02	-6.664609e+00
4.114000e-05	2.494377e-02	-6.525269e+00
4.115000e-05	2.235210e-02	-6.378926e+00
4.116000e-05	2.206448e-02	-6.252112e+00
4.117000e-05	1.956044e-02	-6.059559e+00
4.118000e-05	1.729550e-02	-5.894216e+00
4.119000e-05	1.569001e-02	-5.736922e+00
4.120000e-05	1.464341e-02	-5.598980e+00
4.121000e-05	1.359371e-02	-5.439986e+00
4.122000e-05	1.143980e-02	-5.189501e+00
4.123000e-05	1.067340e-02	-5.030531e+00
4.124000e-05	8.862881e-03	-4.799629e+00
4.125000e-05	8.671923e-03	-4.621084e+00
4.126000e-05	7.068652e-03	-4.493187e+00
4.127000e-05	7.303899e-03	-4.326366e+00
4.128000e-05	5.148146e-03	-4.190424e+00
4.129000e-05	5.870959e-03	-3.991052e+00
4.130000e-05	3.742781e-03	-3.850209e+00
4.131000e-05	4.225840e-03	-3.622055e+00
4.132000e-05	3.140562e-03	-3.473687e+00
4.133000e-05	3.302126e-03	-3.283763e+00
4.134000e-05	1.831578e-03	-3.115865e+00
4.135000e-05	1.996502e-03	-2.924870e+00
4.136000e-05	1.262374e-03	-2.737896e+00
4.137000e-05	8.066772e-04	-2.526870e+00
4.138000e-05	7.909481e-04	-2.368876e+00
4.139000e-05	6.081027e-04	-2.157426e+00
4.140000e-05	3.299187e-04	-1.966924e+00
4.141000e-05	-7.563279e-04	-1.790554e+00
4.142000e-05	1.126506e-03	-1.651606e+00
4.143000e-05	-1.191582e-03	-1.427584e+00
4.144000e-05	-7.948951e-04	-1.149551e+00
4.145000e-05	-2.622108e-03	-9.890012e-01
4.146000e-05	-9.297774e-04	-8.020075e-01
4.147000e-05	-2.639320e-03	-5.889774e-01
4.148000e-05	-3.534725e-04	-3.889774e-01
4.149000e-05	-3.134360e-03	-2.305825e-01
4.150000e-05	1.677372e-03	-3.261026e-02
4.151000e-05	3.153140e-03	1.372620e-01
4.152000e-05	-6.970060e-04	3.788435e-01
4.153000e-05	1.212875e-03	5.156858e-01
4.154000e-05	-6.935673e-04	6.737330e-01
4.155000e-05	-2.443628e-03	8.105776e-01
4.156000e-05	-2.615639e-03	1.024598e+00
4.157000e-05	2.458115e-03	1.242080e+00
4.158000e-05	1.326840e-02	1.442001e+00
4.159000e-05	6.109328e-02	1.614033e+00
4.160000e-05	1.875277e-02	1.905186e+00
4.161000e-05	-6.250884e-02	2.076684e+00
4.162000e-05	-3.184530e-02	2.273082e+00
4.163000e-05	-6.107430e-02	2.431528e+00
4.164000e-05	-3.981160e-02	2.577787e+00
4.165000e-05	1.508997e-01	2.786815e+00
4.166000e-05	-6.111454e-02	2.947258e+00
4.167000e-05	-6.581640e-02	3.053032e+00
4.168000e-05	1.432484e-01	3.242072e+00
4.169000e-05	-1.190856e-01	3.493680e+00
4.170000e-05	1.454328e-02	3.620527e+00
4.171000e-05	7.781415e-02	3.756793e+00
4.172000e-05	-1.214261e-01	3.998868e+00
4.173000e-05	4.679155e-02	4.116161e+00
4.174000e-05	3.842994e-02	4.369197e+00
4.175000e-05	-4.137009e-02	4.485687e+00
4.176000e-05	3.324808e-03	4.723535e+00
4.177000e-05	-6.366087e-02	4.856006e+00
4.178000e-05	2.106666e-02	5.146636e+00
4.179000e-05	3.355780e-02	5.306163e+00
4.180000e-05	-1.042840e-02	5.444633e+00
4.181000e-05	-1.453847e-02	5.590348e+00
4.182000e-05	-2.625899e-02	5.800899e+00
4.183000e-05	1.809155e-02	5.978847e+00
4.184000e-05	-2.492738e-02	6.116312e+00
4.185000e-05	-1.199580e-03	6.274107e+00
4.186000e-05	1.389254e-02	6.429824e+00
4.187000e-05	-3.901273e-02	6.580345e+00
4.188000e-05	1.871758e-02	6.748748e+00
4.189000e-05	-2.513431e-02	6.875111e+00
4.190000e-05	-6.845126e-03	7.052923e+00
4.191000e-05	-1.220903e-03	7.117295e+00
4.192000e-05	-1.049645e-02	7.274582e+00
4.193000e-05	8.080300e-03	7.491855e+00
4.194000e-05	-2.430190e-02	7.601379e+00
4.195000e-05	-3.820650e-03	7.777797e+00
4.196000e-05	-1.657777e-02	7.873561e+00
4.197000e-05	1.467758e-04	8.043582e+00
4.198000e-05	-9.018407e-03	8.190271e+00
4.199000e-05	-1.142060e-02	8.284112e+00
4.200000e-05	5.048250e-04	8.379428e+00
4.201000e-05	-1.069594e-02	8.484110e+00
4.202000e-05	-1.637138e-02	8.588844e+00
4.203000e-05	-1.619882e-02	8.694635e+00
4.204000e-05	-3.094447e-03	8.769770e+00
4.205000e-05	-2.858574e-03	8.873533e+00
4.206000e-05	-1.341225e-02	8.956722e+00
4.207000e-05	-1.527938e-02	9.154564e+00
4.208000e-05	-9.885538e-03	9.230430e+00
4.209000e-05	-7.454823e-03	9.262081e+00
4.210000e-05	-1.003705e-02	9.337794e+00
4.211000e-05	-1.222179e-02	9.418904e+00
4.212000e-05	-9.616390e-03	9.516114e+00
4.213000e-05	-1.225110e-02	9.579299e+00
4.214000e-05	-1.351095e-02	9.632032e+00
4.215000e-05	-1.495944e-02	9.694190e+00
4.216000e-05	-1.562160e-02	9.841297e+00
4.217000e-05	-1.009550e-02	9.904037e+00
4.218000e-05	-6.622440e-03	9.955746e+00
4.219000e-05	-9.781130e-03	1.000043e+01
4.220000e-05	-1.880017e-02	1.006196e+01
4.221000e-05	-1.658038e-02	1.006361e+01
4.222000e-05	-1.163074e-02	1.013574e+01
4.223000e-05	-1.147675e-02	1.018727e+01
4.224000e-05	-1.603667e-02	1.016940e+01
4.225000e-05	-1.798250e-02	1.023145e+01
4.226000e-05	-1.430633e-02	1.024156e+01
4.227000e-05	-1.584036e-02	1.028358e+01
4.228000e-05	-1.475104e-02	1.030661e+01
4.229000e-05	-1.653208e-02	1.033417e+01
4.230000e-05	-1.642214e-02	1.033716e+01
4.231000e-05	-1.402255e-02	1.035630e+01
4.232000e-05	-1.672191e-02	1.033677e+01
4.233000e-05	-2.073853e-02	1.032674e+01
4.234000e-05	-2.242085e-02	1.036827e+01
4.235000e-05	-1.788474e-02	1.033572e+01
4.236000e-05	-1.784455e-02	1.031622e+01
4.237000e-05	-2.039135e-02	1.032617e+01
4.238000e-05	-2.225894e-02	1.032417e+01
4.239000e-05	-2.323235e-02	1.027418e+01
4.240000e-05	-2.371466e-02	1.026361e+01
4.241000e-05	-2.526472e-02	1.023146e+01
4.242000e-05	-2.457124e-02	1.020945e+01
4.243000e-05	-2.638163e-02	1.015680e+01
4.244000e-05	-2.609409e-02	1.014675e+01
4.245000e-05	-2.840263e-02	1.008522e+01
4.246000e-05	-2.881985e-02	1.007458e+01
4.247000e-05	-3.126066e-02	1.001106e+01
4.248000e-05	-3.097643e-02	9.989822e+00
4.249000e-05	-3.094889e-02	9.914692e+00
4.250000e-05	-3.105078e-02	9.862513e+00
4.251000e-05	-3.508895e-02	9.776799e+00
4.252000e-05	-3.585183e-02	9.714541e+00
4.253000e-05	-3.617579e-02	9.611529e+00
4.254000e-05	-3.721205e-02	9.545821e+00
4.255000e-05	-3.691803e-02	9.472637e+00
4.256000e-05	-3.798209e-02	9.400477e+00
4.257000e-05	-3.726282e-02	9.335294e+00
4.258000e-05	-4.044593e-02	9.253105e+00
4.259000e-05	-4.196930e-02	9.188376e+00
4.260000e-05	-4.245352e-02	9.094139e+00
4.261000e-05	-4.134734e-02	8.897250e+00
4.262000e-05	-3.990589e-02	8.853029e+00
4.263000e-05	-4.356925e-02	8.707922e+00
4.264000e-05	-4.431110e-02	8.653633e+00
4.265000e-05	-4.462890e-02	8.546821e+00
4.266000e-05	-4.146549e-02	8.421983e+00
4.267000e-05	-4.389199e-02	8.377927e+00
4.268000e-05	-4.414075e-02	8.231083e+00
4.269000e-05	-4.308686e-02	8.105195e+00
4.270000e-05	-4.258887e-02	7.988950e+00
4.271000e-05	-4.307748e-02	7.863510e+00
4.272000e-05	-4.332438e-02	7.725246e+00
4.273000e-05	-4.187433e-02	7.610904e+00
4.274000e-05	-3.969373e-02	7.462058e+00
4.275000e-05	-3.785520e-02	7.263662e+00
4.276000e-05	-3.839622e-02	7.147315e+00
4.277000e-05	-3.653173e-02	6.989528e+00
4.278000e-05	-3.620199e-02	6.893085e+00
4.279000e-05	-3.331420e-02	6.747270e+00
4.280000e-05	-3.050989e-02	6.578847e+00
4.281000e-05	-2.906274e-02	6.398929e+00
4.282000e-05	-2.827496e-02	6.283163e+00
4.283000e-05	-2.681508e-02	6.133846e+00
4.284000e-05	-2.635588e-02	5.998451e+00
4.285000e-05	-2.326480e-02	5.840563e+00
4.286000e-05	-2.211277e-02	5.630055e+00
4.287000e-05	-2.026059e-02	5.475114e+00
4.288000e-05	-2.068130e-02	5.295693e+00
4.289000e-05	-1.855490e-02	5.096222e+00
4.290000e-05	-1.719223e-02	4.883793e+00
4.291000e-05	-1.521500e-02	4.735346e+00
4.292000e-05	-1.529095e-02	4.567822e+00
4.293000e-05	-1.327112e-02	4.389955e+00
4.294000e-05	-1.290428e-02	4.218586e+00
4.295000e-05	-1.178730e-02	3.991028e+00
4.296000e-05	-1.185509e-02	3.861660e+00
4.297000e-05	-1.164568e-02	3.674289e+00
4.298000e-05	-1.188663e-02	3.536967e+00
4.299000e-05	-1.012955e-02	3.304291e+00
4.300000e-05	-1.028459e-02	3.116342e+00
4.301000e-05	-1.009173e-02	2.958373e+00
4.302000e-05	-1.014455e-02	2.809579e+00
4.303000e-05	-8.699018e-03	2.610559e+00
4.304000e-05	-8.547547e-03	2.380929e+00
4.305000e-05	-7.944078e-03	2.190479e+00
4.306000e-05	-7.677516e-03	2.051584e+00
4.307000e-05	-7.799177e-03	1.854239e+00
4.308000e-05	-7.542389e-03	1.621130e+00
4.309000e-05	-7.434262e-03	1.433237e+00
4.310000e-05	-6.896058e-03	1.262658e+00
4.311000e-05	-5.885256e-03	1.022162e+00
4.312000e-05	-6.228087e-03	8.200563e-01
4.313000e-05	-5.568670e-03	6.321327e-01
4.314000e-05	-5.254134e-03	4.521865e-01
4.315000e-05	-4.721357e-03	2.823130e-01
4.316000e-05	-5.156858e-03	1.225540e-02
4.317000e-05	1.748662e-03	-1.057858e-01
4.318000e-05	-3.915630e-04	-2.851578e-01
4.319000e-05	-2.327605e-03	-4.510016e-01
4.320000e-05	-5.849972e-04	-6.725314e-01
4.321000e-05	-2.794660e-03	-8.215790e-01
4.322000e-05	-1.675835e-03	-9.893175e-01
4.323000e-05	5.339928e-04	-1.165291e+00
4.324000e-05	2.542214e-02	-1.328189e+00
4.325000e-05	8.640369e-02	-1.547741e+00
4.326000e-05	-4.383621e-02	-1.790416e+00
4.327000e-05	-3.660112e-02	-2.051595e+00
4.328000e-05	-5.251493e-02	-2.325660e+00
4.329000e-05	-7.919739e-02	-2.452555e+00
4.330000e-05	1.426584e-01	-2.484760e+00
4.331000e-05	1.755869e-02	-2.663457e+00
4.332000e-05	-1.360526e-01	-2.884181e+00
4.333000e-05	1.914288e-01	-3.033601e+00
4.334000e-05	-1.106008e-01	-3.241527e+00
4.335000e-05	-5.202009e-02	-3.420500e+00
4.336000e-05	1.703104e-01	-3.599394e+00
4.337000e-05	-1.408172e-01	-3.757816e+00
4.338000e-05	4.484069e-03	-3.999446e+00
4.339000e-05	1.346896e-01	-4.084638e+00
4.340000e-05	-1.133109e-01	-4.316215e+00
4.341000e-05	9.640186e-02	-4.432084e+00
4.342000e-05	-1.212668e-01	-4.630931e+00
4.343000e-05	-8.449636e-03	-4.851004e+00
4.344000e-05	1.513440e-01	-5.029299e+00
4.345000e-05	-1.051537e-01	-5.167823e+00
4.346000e-05	5.993431e-02	-5.366720e+00
4.347000e-05	-4.594601e-02	-5.547820e+00
4.348000e-05	1.060885e-02	-5.757766e+00
4.349000e-05	5.022966e-02	-5.864013e+00
4.350000e-05	-8.100620e-02	-6.069976e+00
4.351000e-05	1.094075e-01	-6.200796e+00
4.352000e-05	-7.435628e-02	-6.399870e+00
4.353000e-05	2.429631e-02	-6.554737e+00
4.354000e-05	4.476119e-02	-6.642531e+00
4.355000e-05	-5.837553e-02	-6.810451e+00
4.356000e-05	6.467801e-02	-6.916815e+00
4.357000e-05	-6.958173e-02	-7.136236e+00
4.358000e-05	7.559459e-02	-7.273562e+00
4.359000e-05	-3.737106e-03	-7.410400e+00
4.360000e-05	-2.645028e-02	-7.557241e+00
4.361000e-05	2.647770e-02	-7.674054e+00
4.362000e-05	-2.706737e-02	-7.895560e+00
4.363000e-05	5.590945e-02	-8.019450e+00
4.364000e-05	-3.251926e-02	-8.124712e+00
4.365000e-05	3.487056e-02	-8.240426e+00
4.366000e-05	2.581480e-03	-8.365712e+00
4.367000e-05	-1.774213e-02	-8.431449e+00
4.368000e-05	1.587984e-02	-8.557216e+00
4.369000e-05	-6.554606e-03	-8.694580e+00
4.370000e-05	4.488176e-02	-8.810927e+00
4.371000e-05	-2.430158e-02	-8.905060e+00
4.372000e-05	1.384347e-02	-8.998324e+00
4.373000e-05	5.534315e-03	-9.105555e+00
4.374000e-05	1.246443e-02	-9.176793e+00
4.375000e-05	5.475816e-03	-9.201027e+00
4.376000e-05	-6.228734e-03	-9.294610e+00
4.377000e-05	2.150158e-02	-9.402295e+00
4.378000e-05	1.448982e-03	-9.545565e+00
4.379000e-05	1.381995e-02	-9.608925e+00
4.380000e-05	-6.930462e-04	-9.664508e+00
4.381000e-05	5.727302e-03	-9.705240e+00
4.382000e-05	5.506552e-03	-9.776769e+00
4.383000e-05	1.696102e-02	-9.854453e+00
4.384000e-05	1.655231e-02	-9.905038e+00
4.385000e-05	-4.648897e-04	-9.956296e+00
4.386000e-05	2.576657e-03	-9.957945e+00
4.387000e-05	8.796456e-03	-1.001143e+01
4.388000e-05	1.841071e-02	-1.005258e+01
4.389000e-05	8.213037e-03	-1.008509e+01
4.390000e-05	5.719974e-03	-1.016517e+01
4.391000e-05	8.449659e-03	-1.017880e+01
4.392000e-05	1.139877e-02	-1.025131e+01
4.393000e-05	1.247292e-02	-1.025263e+01
4.394000e-05	9.968408e-03	-1.032349e+01
4.395000e-05	9.856326e-03	-1.034409e+01
4.396000e-05	1.221970e-02	-1.032669e+01
4.397000e-05	1.429918e-02	-1.033717e+01
4.398000e-05	1.093744e-02	-1.037778e+01
4.399000e-05	1.030884e-02	-1.033622e+01
4.400000e-05	1.277398e-02	-1.032719e+01
4.401000e-05	1.530097e-02	-1.038535e+01
4.402000e-05	1.694262e-02	-1.032617e+01
4.403000e-05	1.693194e-02	-1.032822e+01
4.404000e-05	1.576942e-02	-1.030452e+01
4.405000e-05	1.446497e-02	-1.029309e+01
4.406000e-05	1.708427e-02	-1.027304e+01
4.407000e-05	2.043620e-02	-1.024036e+01
4.408000e-05	2.181500e-02	-1.016830e+01
4.409000e-05	2.048386e-02	-1.014625e+01
4.410000e-05	2.027655e-02	-1.011516e+01
4.411000e-05	2.186541e-02	-1.003253e+01
4.412000e-05	2.324885e-02	-1.001088e+01
4.413000e-05	2.371703e-02	-9.967400e+00
4.414000e-05	2.559704e-02	-9.936271e+00
4.415000e-05	2.671080e-02	-9.884139e+00
4.416000e-05	2.692682e-02	-9.809980e+00
4.417000e-05	2.768010e-02	-9.768351e+00
4.418000e-05	2.926269e-02	-9.725690e+00
4.419000e-05	2.868095e-02	-9.642136e+00
4.420000e-05	2.921484e-02	-9.598327e+00
4.421000e-05	3.093484e-02	-9.537196e+00
4.422000e-05	3.362363e-02	-9.441013e+00
4.423000e-05	3.293341e-02	-9.328741e+00
4.424000e-05	3.242751e-02	-9.289928e+00
4.425000e-05	3.251923e-02	-9.157323e+00
4.426000e-05	3.441963e-02	-9.054059e+00
4.427000e-05	3.659097e-02	-8.978822e+00
4.428000e-05	3.608234e-02	-8.863637e+00
4.429000e-05	3.607264e-02	-8.769424e+00
4.430000e-05	3.566348e-02	-8.704650e+00
4.431000e-05	3.658546e-02	-8.567921e+00
4.432000e-05	3.628123e-02	-8.449081e+00
4.433000e-05	3.752547e-02	-8.336770e+00
4.434000e-05	3.706275e-02	-8.201004e+00
4.435000e-05	3.756049e-02	-8.146272e+00
4.436000e-05	3.738566e-02	-8.019479e+00
4.437000e-05	3.606238e-02	-7.874189e+00
4.438000e-05	3.454972e-02	-7.684817e+00
4.439000e-05	3.358994e-02	-7.567351e+00
4.440000e-05	3.471622e-02	-7.432557e+00
4.441000e-05	3.487949e-02	-7.305166e+00
4.442000e-05	3.193118e-02	-7.178326e+00
4.443000e-05	2.796636e-02	-7.071434e+00
4.444000e-05	2.857940e-02	-6.862580e+00
4.445000e-05	2.794815e-02	-6.696847e+00
4.446000e-05	2.545616e-02	-6.578925e+00
4.447000e-05	2.349322e-02	-6.450135e+00
4.448000e-05	2.233543e-02	-6.335292e+00
4.449000e-05	2.123438e-02	-6.114195e+00
4.450000e-05	1.874035e-02	-5.968423e+00
4.451000e-05	1.623658e-02	-5.801506e+00
4.452000e-05	1.505980e-02	-5.674088e+00
4.453000e-05	1.401577e-02	-5.526243e+00
4.454000e-05	1.297253e-02	-5.286691e+00
4.455000e-05	1.191548e-02	-5.134265e+00
4.456000e-05	9.880717e-03	-4.896825e+00
4.457000e-05	8.098823e-03	-4.714187e+00
4.458000e-05	7.254314e-03	-4.559819e+00
4.459000e-05	8.672527e-03	-4.379978e+00
4.460000e-05	6.325201e-03	-4.260160e+00
4.461000e-05	5.458676e-03	-4.085266e+00
4.462000e-05	4.421762e-03	-3.937420e+00
4.463000e-05	4.176354e-03	-3.695322e+00
4.464000e-05	3.406592e-03	-3.536421e+00
4.465000e-05	3.273964e-03	-3.356447e+00
4.466000e-05	3.744488e-03	-3.201429e+00
4.467000e-05	3.033192e-03	-2.947527e+00
4.468000e-05	1.600796e-03	-2.770526e+00
4.469000e-05	7.034027e-04	-2.652109e+00
4.470000e-05	-3.295633e-05	-2.462587e+00
4.471000e-05	1.564683e-03	-2.285759e+00
4.472000e-05	4.882427e-04	-2.042633e+00
4.473000e-05	3.181615e-05	-1.893737e+00
4.474000e-05	5.526483e-04	-1.715363e+00
4.475000e-05	4.569871e-04	-1.524271e+00
4.476000e-05	-1.260969e-03	-1.261608e+00
4.477000e-05	-2.020314e-03	-1.103764e+00
4.478000e-05	-2.539787e-03	-8.941868e-01
4.479000e-05	-1.383751e-03	-7.063721e-01
4.480000e-05	-1.682452e-03	-4.526867e-01
4.481000e-05	-2.909690e-03	-2.727632e-01
4.482000e-05	-1.709224e-03	-1.359169e-01
4.483000e-05	3.882021e-03	3.210021e-02
4.484000e-05	3.177419e-03	2.550280e-01
4.485000e-05	-1.717405e-03	4.525790e-01
4.486000e-05	1.534753e-03	5.804751e-01
4.487000e-05	-2.857311e-03	7.583436e-01
4.488000e-05	-1.493535e-03	9.192134e-01
4.489000e-05	-1.672275e-03	1.158921e+00
4.490000e-05	6.094417e-03	1.358288e+00
4.491000e-05	3.583542e-02	1.589240e+00
4.492000e-05	6.270970e-02	1.810973e+00
4.493000e-05	-4.597921e-02	2.010526e+00
4.494000e-05	-3.870870e-02	2.190440e+00
4.495000e-05	-4.567095e-02	2.357445e+00
4.496000e-05	-6.805888e-02	2.463109e+00
4.497000e-05	6.829748e-02	2.643578e+00
4.498000e-05	9.689032e-02	2.842005e+00
4.499000e-05	-1.681890e-01	2.989897e+00
4.500000e-05	1.245714e-01	3.177212e+00
4.501000e-05	-1.930634e-02	3.369345e+00
4.502000e-05	-7.865353e-02	3.578891e+00
4.503000e-05	1.043867e-01	3.704634e+00
4.504000e-05	-4.554069e-02	3.883582e+00
4.505000e-05	-6.746670e-02	4.042530e+00
4.506000e-05	9.615736e-02	4.304658e+00
4.507000e-05	-4.128326e-02	4.454105e+00
4.508000e-05	-5.142803e-04	4.611320e+00
4.509000e-05	-3.609851e-02	4.790399e+00
4.510000e-05	-3.600860e-02	4.980973e+00
4.511000e-05	5.529412e-02	5.241447e+00
4.512000e-05	-6.503255e-03	5.431428e+00
4.513000e-05	2.498333e-03	5.587743e+00
4.514000e-05	-3.417961e-02	5.724688e+00
4.515000e-05	8.806625e-03	5.874638e+00
4.516000e-05	-7.464266e-03	6.092054e+00
4.517000e-05	-2.600390e-02	6.222396e+00
4.518000e-05	2.712903e-02	6.356692e+00
4.519000e-05	-2.959740e-02	6.494561e+00
4.520000e-05	-5.483878e-03	6.685056e+00
4.521000e-05	-7.933033e-05	6.852954e+00
4.522000e-05	-1.975046e-02	6.978419e+00
4.523000e-05	5.954240e-03	7.145131e+00
4.524000e-05	-1.137923e-02	7.210447e+00
4.525000e-05	6.792579e-05	7.349291e+00
4.526000e-05	-9.262149e-03	7.578245e+00
4.527000e-05	-1.711601e-02	7.715188e+00
4.528000e-05	-5.522014e-03	7.822450e+00
4.529000e-05	-1.382391e-02	7.960792e+00
4.530000e-05	1.076246e-03	8.167262e+00
4.531000e-05	-1.224998e-02	8.252958e+00
4.532000e-05	-1.975968e-03	8.377794e+00
4.533000e-05	-1.288983e-03	8.463078e+00
4.534000e-05	-1.866063e-02	8.537293e+00
4.535000e-05	-1.559230e-02	8.661977e+00
4.536000e-05	-1.444097e-02	8.746770e+00
4.537000e-05	3.963894e-03	8.820974e+00
4.538000e-05	-1.130966e-02	8.895162e+00
4.539000e-05	-1.511303e-02	9.041981e+00
4.540000e-05	-1.319271e-02	9.177867e+00
4.541000e-05	-7.077106e-03	9.252632e+00
4.542000e-05	-5.129360e-03	9.325212e+00
4.543000e-05	-1.403707e-02	9.409825e+00
4.544000e-05	-9.942699e-03	9.483485e+00
4.545000e-05	-1.335825e-02	9.566719e+00
4.546000e-05	-1.177589e-02	9.619875e+00
4.547000e-05	-1.585491e-02	9.653558e+00
4.548000e-05	-1.542039e-02	9.726292e+00
4.549000e-05	-1.380174e-02	9.841981e+00
4.550000e-05	-7.159653e-03	9.936066e+00
4.551000e-05	-5.556904e-03	9.969400e+00
4.552000e-05	-1.603959e-02	1.000095e+01
4.553000e-05	-1.809981e-02	1.006453e+01
4.554000e-05	-1.604859e-02	1.010466e+01
4.555000e-05	-9.853103e-03	1.014482e+01
4.556000e-05	-1.385016e-02	1.016782e+01
4.557000e-05	-1.787127e-02	1.022188e+01
4.558000e-05	-1.550658e-02	1.023055e+01
4.559000e-05	-1.588975e-02	1.026411e+01
4.560000e-05	-1.439285e-02	1.030356e+01
4.561000e-05	-1.648185e-02	1.030566e+01
4.562000e-05	-1.572108e-02	1.032569e+01
4.563000e-05	-1.664663e-02	1.033872e+01
4.564000e-05	-1.449919e-02	1.034527e+01
4.565000e-05	-2.017897e-02	1.035680e+01
4.566000e-05	-2.276469e-02	1.036827e+01
4.567000e-05	-2.112731e-02	1.032622e+01
4.568000e-05	-1.773495e-02	1.032669e+01
4.569000e-05	-1.872963e-02	1.031522e+01
4.570000e-05	-2.134402e-02	1.032569e+01
4.571000e-05	-2.185282e-02	1.029566e+01
4.572000e-05	-2.386945e-02	1.028414e+01
4.573000e-05	-2.402508e-02	1.027206e+01
4.574000e-05	-2.600155e-02	1.024288e+01
4.575000e-05	-2.476188e-02	1.016845e+01
4.576000e-05	-2.740159e-02	1.017825e+01
4.577000e-05	-2.813439e-02	1.010519e+01
4.578000e-05	-2.921064e-02	1.010416e+01
4.579000e-05	-2.961285e-02	1.007261e+01
4.580000e-05	-2.982667e-02	9.998901e+00
4.581000e-05	-3.143701e-02	9.937821e+00
4.582000e-05	-3.070381e-02	9.884566e+00
4.583000e-05	-3.364955e-02	9.800355e+00
4.584000e-05	-3.466863e-02	9.706215e+00
4.585000e-05	-3.604934e-02	9.643583e+00
4.586000e-05	-3.690305e-02	9.578323e+00
4.587000e-05	-3.759827e-02	9.515641e+00
4.588000e-05	-3.746491e-02	9.480634e+00
4.589000e-05	-3.551633e-02	9.366848e+00
4.590000e-05	-3.940606e-02	9.294187e+00
4.591000e-05	-4.038692e-02	9.208504e+00
4.592000e-05	-4.243737e-02	9.147668e+00
4.593000e-05	-3.956852e-02	8.989879e+00
4.594000e-05	-4.076646e-02	8.882634e+00
4.595000e-05	-4.100379e-02	8.758901e+00
4.596000e-05	-4.395155e-02	8.705168e+00
4.597000e-05	-4.308688e-02	8.600379e+00
4.598000e-05	-4.318860e-02	8.505211e+00
4.599000e-05	-4.340957e-02	8.380003e+00
4.600000e-05	-4.375169e-02	8.314690e+00
4.601000e-05	-4.374143e-02	8.167422e+00
4.602000e-05	-4.199675e-02	8.020556e+00
4.603000e-05	-4.315342e-02	7.924266e+00
4.604000e-05	-4.210878e-02	7.798400e+00
4.605000e-05	-4.245263e-02	7.675559e+00
4.606000e-05	-4.047814e-02	7.517246e+00
4.607000e-05	-3.949379e-02	7.348802e+00
4.608000e-05	-3.752090e-02	7.178427e+00
4.609000e-05	-3.674083e-02	7.044160e+00
4.610000e-05	-3.671204e-02	6.925301e+00
4.611000e-05	-3.474044e-02	6.800451e+00
4.612000e-05	-3.268197e-02	6.653211e+00
4.613000e-05	-2.982122e-02	6.433084e+00
4.614000e-05	-2.885140e-02	6.346321e+00
4.615000e-05	-2.734594e-02	6.198428e+00
4.616000e-05	-2.572811e-02	6.073182e+00
4.617000e-05	-2.442750e-02	5.873271e+00
4.618000e-05	-2.287009e-02	5.703750e+00
4.619000e-05	-2.178947e-02	5.556344e+00
4.620000e-05	-1.991670e-02	5.377924e+00
4.621000e-05	-1.826907e-02	5.188535e+00
4.622000e-05	-1.680923e-02	4.997925e+00
4.623000e-05	-1.647386e-02	4.778449e+00
4.624000e-05	-1.649939e-02	4.641060e+00
4.625000e-05	-1.485613e-02	4.464187e+00
4.626000e-05	-1.354796e-02	4.315817e+00
4.627000e-05	-1.140130e-02	4.062638e+00
4.628000e-05	-1.240169e-02	3.916318e+00
4.629000e-05	-1.215099e-02	3.767521e+00
4.630000e-05	-1.128291e-02	3.579980e+00
4.631000e-05	-1.118120e-02	3.410556e+00
4.632000e-05	-1.092555e-02	3.161001e+00
4.633000e-05	-9.850158e-03	3.073610e+00
4.634000e-05	-9.868897e-03	2.873113e+00
4.635000e-05	-9.078900e-03	2.685291e+00
4.636000e-05	-9.338060e-03	2.462617e+00
4.637000e-05	-7.899877e-03	2.284787e+00
4.638000e-05	-8.892990e-03	2.085839e+00
4.639000e-05	-7.773392e-03	1.957349e+00
4.640000e-05	-7.608353e-03	1.716391e+00
4.641000e-05	-7.476371e-03	1.557347e+00
4.642000e-05	-6.660327e-03	1.335947e+00
4.643000e-05	-7.202607e-03	1.147849e+00
4.644000e-05	-6.091258e-03	8.818141e-01
4.645000e-05	-5.913287e-03	7.068656e-01
4.646000e-05	-5.477200e-03	5.263921e-01
4.647000e-05	-5.048947e-03	3.894787e-01
4.648000e-05	-5.354353e-03	1.564696e-01
4.649000e-05	-9.221261e-04	-4.157783e-02
4.650000e-05	2.031166e-03	-2.095461e-01
4.651000e-05	-2.983667e-03	-3.589699e-01
4.652000e-05	7.296355e-04	-5.178120e-01
4.653000e-05	-3.714503e-03	-7.593148e-01
4.654000e-05	-9.000332e-04	-9.062109e-01
4.655000e-05	-2.731559e-03	-1.074658e+00
4.656000e-05	1.059777e-02	-1.274582e+00
4.657000e-05	6.283153e-02	-1.453609e+00
4.658000e-05	3.693420e-02	-1.653032e+00
4.659000e-05	-7.502174e-02	-1.947210e+00
4.660000e-05	-1.491891e-02	-2.189293e+00
4.661000e-05	-9.918893e-02	-2.407849e+00
4.662000e-05	3.275502e-02	-2.494088e+00
4.663000e-05	1.505607e-01	-2.547297e+00
4.664000e-05	-1.606383e-01	-2.800846e+00
4.665000e-05	7.006438e-02	-2.978845e+00
4.666000e-05	7.186272e-02	-3.137191e+00
4.667000e-05	-1.766746e-01	-3.337340e+00
4.668000e-05	1.444413e-01	-3.525241e+00
4.669000e-05	5.735452e-03	-3.653608e+00
4.670000e-05	-1.457748e-01	-3.857761e+00
4.671000e-05	1.772124e-01	-4.031554e+00
4.672000e-05	-4.672808e-02	-4.252474e+00
4.673000e-05	3.808409e-03	-4.411575e+00
4.674000e-05	9.849359e-03	-4.507234e+00
4.675000e-05	-1.379190e-01	-4.829771e+00
4.676000e-05	1.677854e-01	-4.927783e+00
4.677000e-05	-1.472661e-02	-5.094132e+00
4.678000e-05	-4.051885e-02	-5.296082e+00
4.679000e-05	4.806484e-02	-5.514582e+00
4.680000e-05	-7.518992e-02	-5.644606e+00
4.681000e-05	9.627736e-02	-5.841524e+00
4.682000e-05	-7.181885e-02	-5.967818e+00
4.683000e-05	4.077477e-02	-6.125164e+00
4.684000e-05	3.320718e-02	-6.263660e+00
4.685000e-05	-8.334322e-02	-6.473059e+00
4.686000e-05	1.008892e-01	-6.558876e+00
4.687000e-05	-6.300666e-02	-6.746693e+00
4.688000e-05	4.047572e-02	-6.894036e+00
4.689000e-05	-1.423875e-02	-7.080581e+00
4.690000e-05	-1.337171e-02	-7.212375e+00
4.691000e-05	7.798738e-02	-7.316790e+00
4.692000e-05	-6.648438e-02	-7.494637e+00
4.693000e-05	4.013683e-02	-7.640425e+00
4.694000e-05	-3.097227e-02	-7.749876e+00
4.695000e-05	3.261315e-02	-7.977693e+00
4.696000e-05	8.153258e-03	-8.032980e+00
4.697000e-05	-1.081587e-02	-8.188275e+00
4.698000e-05	4.554677e-02	-8.284086e+00
4.699000e-05	-3.564594e-02	-8.388399e+00
4.700000e-05	1.927703e-02	-8.475058e+00
4.701000e-05	-1.191356e-02	-8.640329e+00
4.702000e-05	3.384928e-02	-8.767746e+00
4.703000e-05	3.178698e-03	-8.832534e+00
4.704000e-05	-1.300976e-02	-8.926741e+00
4.705000e-05	1.909284e-02	-9.010480e+00
4.706000e-05	9.248215e-04	-9.136641e+00
4.707000e-05	1.997746e-02	-9.159823e+00
4.708000e-05	-1.029554e-02	-9.253558e+00
4.709000e-05	1.657234e-02	-9.377157e+00
4.710000e-05	7.304354e-03	-9.493509e+00
4.711000e-05	9.236179e-03	-9.569298e+00
4.712000e-05	7.265176e-03	-9.622028e+00
4.713000e-05	1.475905e-04	-9.693613e+00
4.714000e-05	6.532989e-03	-9.766219e+00
4.715000e-05	9.429578e-03	-9.821424e+00
4.716000e-05	2.338122e-02	-9.862538e+00
4.717000e-05	6.306094e-03	-9.965241e+00
4.718000e-05	6.602820e-04	-9.937296e+00
4.719000e-05	3.205778e-03	-9.960924e+00
4.720000e-05	1.668839e-02	-1.002001e+01
4.721000e-05	1.539225e-02	-1.007356e+01
4.722000e-05	5.603352e-03	-1.013819e+01
4.723000e-05	6.480693e-03	-1.018832e+01
4.724000e-05	1.088449e-02	-1.017985e+01
4.725000e-05	1.358132e-02	-1.025346e+01
4.726000e-05	1.118502e-02	-1.028292e+01
4.727000e-05	8.072737e-03	-1.033464e+01
4.728000e-05	1.171339e-02	-1.032369e+01
4.729000e-05	1.658665e-02	-1.035675e+01
4.730000e-05	1.293040e-02	-1.033722e+01
4.731000e-05	9.572722e-03	-1.036772e+01
4.732000e-05	9.196205e-03	-1.034630e+01
4.733000e-05	1.402027e-02	-1.035729e+01
4.734000e-05	1.528804e-02	-1.033662e+01
4.735000e-05	1.838773e-02	-1.035867e+01
4.736000e-05	1.699124e-02	-1.032457e+01
4.737000e-05	1.414028e-02	-1.027459e+01
4.738000e-05	1.562656e-02	-1.030504e+01
4.739000e-05	1.796082e-02	-1.020301e+01
4.740000e-05	2.140428e-02	-1.021088e+01
4.741000e-05	2.022792e-02	-1.019937e+01
4.742000e-05	2.123920e-02	-1.011627e+01
4.743000e-05	2.149869e-02	-1.007211e+01
4.744000e-05	2.201529e-02	-1.000245e+01
4.745000e-05	2.322228e-02	-9.998376e+00
4.746000e-05	2.491239e-02	-9.937222e+00
4.747000e-05	2.600572e-02	-9.894712e+00
4.748000e-05	2.616628e-02	-9.863508e+00
4.749000e-05	2.631861e-02	-9.799904e+00
4.750000e-05	2.839631e-02	-9.745272e+00
4.751000e-05	2.793449e-02	-9.685111e+00
4.752000e-05	2.870926e-02	-9.621554e+00
4.753000e-05	3.005850e-02	-9.576945e+00
4.754000e-05	3.299486e-02	-9.485192e+00
4.755000e-05	3.292013e-02	-9.387826e+00
4.756000e-05	3.262542e-02	-9.302590e+00
4.757000e-05	3.197947e-02	-9.198951e+00
4.758000e-05	3.377604e-02	-9.085740e+00
4.759000e-05	3.476036e-02	-9.031479e+00
4.760000e-05	3.669235e-02	-8.905747e+00
4.761000e-05	3.499086e-02	-8.830626e+00
4.762000e-05	3.508554e-02	-8.756771e+00
4.763000e-05	3.611197e-02	-8.611507e+00
4.764000e-05	3.735127e-02	-8.482637e+00
4.765000e-05	3.721044e-02	-8.408353e+00
4.766000e-05	3.614901e-02	-8.284213e+00
4.767000e-05	3.784103e-02	-8.169872e+00
4.768000e-05	3.733560e-02	-8.062612e+00
4.769000e-05	3.622141e-02	-7.956847e+00
4.770000e-05	3.426643e-02	-7.810502e+00
4.771000e-05	3.502756e-02	-7.591504e+00
4.772000e-05	3.522992e-02	-7.484191e+00
4.773000e-05	3.422512e-02	-7.366873e+00
4.774000e-05	3.343980e-02	-7.220580e+00
4.775000e-05	3.091944e-02	-7.114717e+00
4.776000e-05	2.880492e-02	-6.925771e+00
4.777000e-05	2.799479e-02	-6.768924e+00
4.778000e-05	2.672137e-02	-6.660134e+00
4.779000e-05	2.462784e-02	-6.484218e+00
4.780000e-05	2.226482e-02	-6.378926e+00
4.781000e-05	2.116186e-02	-6.180580e+00
4.782000e-05	1.948961e-02	-6.040431e+00
4.783000e-05	1.793485e-02	-5.903639e+00
4.784000e-05	1.660178e-02	-5.736821e+00
4.785000e-05	1.524507e-02	-5.588400e+00
4.786000e-05	1.370603e-02	-5.388404e+00
4.787000e-05	1.268160e-02	-5.167899e+00
4.788000e-05	1.145913e-02	-5.020507e+00
4.789000e-05	8.948156e-03	-4.828981e+00
4.790000e-05	8.954628e-03	-4.599531e+00
4.791000e-05	6.926944e-03	-4.451659e+00
4.792000e-05	7.897227e-03	-4.325365e+00
4.793000e-05	4.836904e-03	-4.157924e+00
4.794000e-05	4.989616e-03	-4.030503e+00
4.795000e-05	2.640246e-03	-3.830035e+00
4.796000e-05	4.312546e-03	-3.580480e+00
4.797000e-05	3.233859e-03	-3.453183e+00
4.798000e-05	3.758885e-03	-3.262732e+00
4.799000e-05	2.166430e-03	-3.063737e+00
4.800000e-05	1.518222e-03	-2.864135e+00
4.801000e-05	1.338937e-03	-2.674316e+00
4.802000e-05	-1.693614e-04	-2.536797e+00
4.803000e-05	1.663135e-03	-2.349396e+00
4.804000e-05	1.061731e-03	-2.135313e+00
4.805000e-05	1.576658e-03	-1.966446e+00
4.806000e-05	-3.248350e-04	-1.777976e+00
4.807000e-05	1.155909e-03	-1.601481e+00
4.808000e-05	-1.340492e-03	-1.396524e+00
4.809000e-05	-5.912745e-04	-1.134968e+00
4.810000e-05	-1.870967e-03	-9.570247e-01
4.811000e-05	-1.242430e-03	-7.605288e-01
4.812000e-05	-2.686091e-03	-5.680259e-01
4.813000e-05	-1.965417e-03	-3.794724e-01
4.814000e-05	-1.997290e-03	-2.110814e-01
4.815000e-05	1.882996e-03	-1.218033e-02
4.816000e-05	4.201828e-03	1.387121e-01
4.817000e-05	-1.495079e-03	3.984937e-01
4.818000e-05	1.564114e-03	4.873094e-01
4.819000e-05	-1.557361e-03	7.166644e-01
4.820000e-05	-1.361297e-03	8.300753e-01
4.821000e-05	-3.558525e-03	1.073556e+00
4.822000e-05	3.276802e-03	1.272579e+00
4.823000e-05	1.442157e-02	1.464632e+00
4.824000e-05	6.622804e-02	1.715190e+00
4.825000e-05	5.082412e-03	1.926287e+00
4.826000e-05	-5.992848e-02	2.115732e+00
4.827000e-05	-3.423644e-02	2.276712e+00
4.828000e-05	-6.373130e-02	2.440930e+00
4.829000e-05	-2.200698e-02	2.619871e+00
4.830000e-05	1.536062e-01	2.799942e+00
4.831000e-05	-9.727618e-02	2.947785e+00
4.832000e-05	-2.307990e-02	3.063607e+00
4.833000e-05	1.181394e-01	3.241500e+00
4.834000e-05	-1.230736e-01	3.514660e+00
4.835000e-05	3.954133e-02	3.631528e+00
4.836000e-05	6.166327e-02	3.810919e+00
4.837000e-05	-1.202982e-01	3.999870e+00
4.838000e-05	6.309455e-02	4.188715e+00
4.839000e-05	1.646794e-02	4.400372e+00
4.840000e-05	-3.357973e-02	4.557842e+00
4.841000e-05	1.503127e-03	4.705162e+00
4.842000e-05	-6.179145e-02	4.928035e+00
4.843000e-05	3.251868e-02	5.158193e+00
4.844000e-05	2.194541e-02	5.367741e+00
4.845000e-05	-6.150676e-03	5.486159e+00
4.846000e-05	-1.722490e-02	5.620528e+00
4.847000e-05	-1.872258e-02	5.841403e+00
4.848000e-05	1.213596e-02	6.029949e+00
4.849000e-05	-2.783037e-02	6.157294e+00
4.850000e-05	8.066712e-03	6.274661e+00
4.851000e-05	8.460083e-03	6.441501e+00
4.852000e-05	-3.635808e-02	6.600347e+00
4.853000e-05	1.573747e-02	6.779798e+00
4.854000e-05	-2.741353e-02	6.905687e+00
4.855000e-05	-3.951067e-04	7.042457e+00
4.856000e-05	-3.210449e-03	7.169796e+00
4.857000e-05	-8.833012e-03	7.306112e+00
4.858000e-05	3.993893e-03	7.474009e+00
4.859000e-05	-2.282528e-02	7.652475e+00
4.860000e-05	-2.492491e-03	7.789345e+00
4.861000e-05	-1.544072e-02	7.924238e+00
4.862000e-05	9.165258e-05	8.103478e+00
4.863000e-05	-1.076669e-02	8.179823e+00
4.864000e-05	-9.264524e-03	8.305738e+00
4.865000e-05	1.705534e-03	8.419444e+00
4.866000e-05	-1.345456e-02	8.484661e+00
4.867000e-05	-1.673559e-02	8.609900e+00
4.868000e-05	-1.690078e-02	8.694638e+00
4.869000e-05	1.150883e-03	8.788348e+00
4.870000e-05	-4.209276e-03	8.865057e+00
4.871000e-05	-1.549319e-02	8.969821e+00
4.872000e-05	-1.627919e-02	9.106617e+00
4.873000e-05	-8.920256e-03	9.202450e+00
4.874000e-05	-7.010536e-03	9.325107e+00
4.875000e-05	-1.112096e-02	9.377795e+00
4.876000e-05	-1.301932e-02	9.452404e+00
4.877000e-05	-1.016445e-02	9.515115e+00
4.878000e-05	-1.124263e-02	9.579770e+00
4.879000e-05	-1.317884e-02	9.642507e+00
4.880000e-05	-1.530096e-02	9.727662e+00
4.881000e-05	-1.566575e-02	9.850822e+00
4.882000e-05	-8.702618e-03	9.903038e+00
4.883000e-05	-7.111811e-03	9.976772e+00
4.884000e-05	-1.208541e-02	1.000035e+01
4.885000e-05	-2.071495e-02	1.001101e+01
4.886000e-05	-1.651995e-02	1.009458e+01
4.887000e-05	-1.093212e-02	1.014424e+01
4.888000e-05	-1.142038e-02	1.014777e+01
4.889000e-05	-1.634297e-02	1.017833e+01
4.890000e-05	-1.690917e-02	1.028143e+01
4.891000e-05	-1.494023e-02	1.027205e+01
4.892000e-05	-1.639624e-02	1.028208e+01
4.893000e-05	-1.551620e-02	1.032617e+01
4.894000e-05	-1.760685e-02	1.032612e+01
4.895000e-05	-1.663437e-02	1.031619e+01
4.896000e-05	-1.370286e-02	1.034722e+01
4.897000e-05	-1.751868e-02	1.034732e+01
4.898000e-05	-2.102831e-02	1.033569e+01
4.899000e-05	-2.281032e-02	1.036724e+01
4.900000e-05	-1.806331e-02	1.035522e+01
4.901000e-05	-1.917837e-02	1.030721e+01
4.902000e-05	-2.068165e-02	1.033467e+01
4.903000e-05	-2.242666e-02	1.032369e+01
4.904000e-05	-2.417311e-02	1.028416e+01
4.905000e-05	-2.409603e-02	1.023311e+01
4.906000e-05	-2.437438e-02	1.026048e+01
4.907000e-05	-2.396784e-02	1.021045e+01
4.908000e-05	-2.563371e-02	1.018882e+01
4.909000e-05	-2.684892e-02	1.012727e+01
4.910000e-05	-2.853053e-02	1.009622e+01
4.911000e-05	-2.954627e-02	1.005154e+01
4.912000e-05	-3.138204e-02	1.000303e+01
4.913000e-05	-3.065258e-02	9.978750e+00
4.914000e-05	-3.052945e-02	9.904721e+00
4.915000e-05	-3.178372e-02	9.902058e+00
4.916000e-05	-3.467268e-02	9.738802e+00
4.917000e-05	-3.561854e-02	9.702637e+00
4.918000e-05	-3.426972e-02	9.609883e+00
4.919000e-05	-3.704709e-02	9.526318e+00
4.920000e-05	-3.701317e-02	9.472083e+00
4.921000e-05	-3.813422e-02	9.410478e+00
4.922000e-05	-3.707316e-02	9.325262e+00
4.923000e-05	-3.936023e-02	9.242610e+00
4.924000e-05	-4.155720e-02	9.169373e+00
4.925000e-05	-4.059692e-02	9.083039e+00
4.926000e-05	-4.078867e-02	8.946772e+00
4.927000e-05	-4.050818e-02	8.821533e+00
4.928000e-05	-4.389500e-02	8.766271e+00
4.929000e-05	-4.358991e-02	8.641582e+00
4.930000e-05	-4.398830e-02	8.546742e+00
4.931000e-05	-4.109582e-02	8.461108e+00
4.932000e-05	-4.404407e-02	8.346795e+00
4.933000e-05	-4.310600e-02	8.211511e+00
4.934000e-05	-4.489952e-02	8.102743e+00
4.935000e-05	-4.172408e-02	7.958847e+00
4.936000e-05	-4.323128e-02	7.869653e+00
4.937000e-05	-4.210359e-02	7.715816e+00
4.938000e-05	-4.250819e-02	7.619051e+00
4.939000e-05	-3.981057e-02	7.452687e+00
4.940000e-05	-3.825353e-02	7.253657e+00
4.941000e-05	-3.653878e-02	7.146821e+00
4.942000e-05	-3.822828e-02	6.978929e+00
4.943000e-05	-3.600961e-02	6.872684e+00
4.944000e-05	-3.239603e-02	6.727872e+00
4.945000e-05	-3.043553e-02	6.555852e+00
4.946000e-05	-2.995463e-02	6.369449e+00
4.947000e-05	-2.875613e-02	6.233637e+00
4.948000e-05	-2.726866e-02	6.104717e+00
4.949000e-05	-2.413575e-02	5.989427e+00
4.950000e-05	-2.517670e-02	5.791035e+00
4.951000e-05	-2.170496e-02	5.621031e+00
4.952000e-05	-2.155109e-02	5.504159e+00
4.953000e-05	-1.755131e-02	5.314818e+00
4.954000e-05	-1.901713e-02	5.124817e+00
4.955000e-05	-1.752710e-02	4.853606e+00
4.956000e-05	-1.732962e-02	4.704291e+00
4.957000e-05	-1.454916e-02	4.507399e+00
4.958000e-05	-1.410974e-02	4.369451e+00
4.959000e-05	-1.332893e-02	4.171550e+00
4.960000e-05	-1.250983e-02	4.008476e+00
4.961000e-05	-1.122476e-02	3.794029e+00
4.962000e-05	-1.129886e-02	3.672163e+00
4.963000e-05	-1.201788e-02	3.506372e+00
4.964000e-05	-1.225531e-02	3.295788e+00
4.965000e-05	-9.480426e-03	3.126843e+00
4.966000e-05	-9.873628e-03	2.956871e+00
4.967000e-05	-8.172457e-03	2.778526e+00
4.968000e-05	-9.922619e-03	2.557627e+00
4.969000e-05	-9.042879e-03	2.358400e+00
4.970000e-05	-8.613964e-03	2.199550e+00
4.971000e-05	-8.364100e-03	1.990530e+00
4.972000e-05	-6.538468e-03	1.860636e+00
4.973000e-05	-6.422831e-03	1.631559e+00
4.974000e-05	-6.953406e-03	1.441184e+00
4.975000e-05	-7.575997e-03	1.242081e+00
4.976000e-05	-6.621290e-03	9.816026e-01
4.977000e-05	-5.604504e-03	8.085300e-01
4.978000e-05	-4.939776e-03	6.115802e-01
4.979000e-05	-4.572953e-03	4.210589e-01
4.980000e-05	-5.543846e-03	2.217892e-01
4.981000e-05	-4.695051e-03	3.417895e-02
4.982000e-05	2.140505e-03	-1.277872e-01
4.983000e-05	-1.280280e-03	-3.041093e-01
4.984000e-05	-1.447721e-03	-4.330551e-01
4.985000e-05	-1.105573e-03	-6.816831e-01
4.986000e-05	-1.809699e-03	-8.330538e-01
4.987000e-05	-9.881608e-04	-9.884473e-01
4.988000e-05	3.452093e-03	-1.157842e+00
4.989000e-05	3.088530e-02	-1.337841e+00
4.990000e-05	8.252373e-02	-1.610287e+00
4.991000e-05	-5.719406e-02	-1.830970e+00
4.992000e-05	-2.723851e-02	-2.063603e+00
4.993000e-05	-6.502934e-02	-2.336613e+00
4.994000e-05	-6.229851e-02	-2.421554e+00
4.995000e-05	1.594406e-01	-2.486137e+00
4.996000e-05	-2.471719e-02	-2.653655e+00
4.997000e-05	-1.018693e-01	-2.936188e+00
4.998000e-05	1.840187e-01	-3.111462e+00
4.999000e-05	-1.440099e-01	-3.262952e+00
