# 260410_15:46:49.723230
t	CH1	CH2
0.000000e+00	2.064775e-03	-6.614661e-01
1.000000e-08	-3.031863e-03	-8.635213e-01
2.000000e-08	1.542262e-04	-1.071545e+00
3.000000e-08	-8.134909e-04	-1.293676e+00
4.000000e-08	5.454452e-03	-1.576261e+00
5.000000e-08	4.904582e-02	-1.696762e+00
6.000000e-08	7.701471e-02	-1.957263e+00
7.000000e-08	-8.057398e-02	-2.292529e+00
8.000000e-08	-8.876903e-03	-2.580867e+00
9.000000e-08	-4.625343e-02	-2.810951e+00
1.000000e-07	-6.483992e-02	-3.064448e+00
1.100000e-07	3.118788e-02	-3.230499e+00
1.200000e-07	1.465933e-01	-3.327767e+00
1.300000e-07	-1.900607e-01	-3.630869e+00
1.400000e-07	1.745186e-01	-3.843076e+00
1.500000e-07	-8.563287e-02	-4.043550e+00
1.600000e-07	-4.315677e-02	-4.295158e+00
1.700000e-07	1.152288e-01	-4.472158e+00
1.800000e-07	-1.402548e-01	-4.735716e+00
1.900000e-07	9.084598e-02	-4.979820e+00
2.000000e-07	4.272155e-02	-5.128768e+00
2.100000e-07	-7.615463e-02	-5.453627e+00
2.200000e-07	1.108432e-01	-5.705187e+00
2.300000e-07	-1.711476e-01	-5.954663e+00
2.400000e-07	1.044514e-01	-6.106243e+00
2.500000e-07	-1.051379e-03	-6.347139e+00
2.600000e-07	1.378442e-02	-6.598370e+00
2.700000e-07	5.777576e-02	-6.735796e+00
2.800000e-07	-1.246124e-01	-6.988291e+00
2.900000e-07	1.247870e-01	-7.210375e+00
3.000000e-07	-9.157021e-02	-7.380500e+00
3.100000e-07	5.193173e-02	-7.640425e+00
3.200000e-07	8.873980e-03	-7.812880e+00
3.300000e-07	-3.487749e-02	-8.042033e+00
3.400000e-07	7.295988e-02	-8.230504e+00
3.500000e-07	-7.376792e-02	-8.409903e+00
3.600000e-07	7.029592e-02	-8.599380e+00
3.700000e-07	-5.812448e-02	-8.790874e+00
3.800000e-07	3.758029e-02	-8.956775e+00
3.900000e-07	6.750546e-03	-9.125192e+00
4.000000e-07	2.160036e-03	-9.304113e+00
4.100000e-07	2.307670e-02	-9.442612e+00
4.200000e-07	-4.758754e-02	-9.613132e+00
4.300000e-07	4.131270e-02	-9.749378e+00
4.400000e-07	-2.321604e-02	-9.915268e+00
4.500000e-07	4.190665e-02	-1.010472e+01
4.600000e-07	-1.311651e-02	-1.024296e+01
4.700000e-07	1.814595e-02	-1.043996e+01
4.800000e-07	-6.355722e-03	-1.053835e+01
4.900000e-07	-4.386137e-03	-1.069416e+01
5.000000e-07	1.100456e-02	-1.078005e+01
5.100000e-07	5.607075e-03	-1.096425e+01
5.200000e-07	1.817005e-02	-1.105214e+01
5.300000e-07	-7.523817e-03	-1.115791e+01
5.400000e-07	1.421503e-02	-1.130582e+01
5.500000e-07	-1.424105e-03	-1.144309e+01
5.600000e-07	1.288382e-02	-1.158838e+01
5.700000e-07	-1.670076e-03	-1.166474e+01
5.800000e-07	1.312472e-02	-1.180001e+01
5.900000e-07	7.961884e-03	-1.186672e+01
6.000000e-07	6.071976e-03	-1.205351e+01
6.100000e-07	2.012130e-03	-1.209535e+01
6.200000e-07	4.002501e-03	-1.218996e+01
6.300000e-07	7.641797e-03	-1.224417e+01
6.400000e-07	1.147000e-02	-1.229683e+01
6.500000e-07	1.530581e-02	-1.241099e+01
6.600000e-07	6.454125e-03	-1.251385e+01
6.700000e-07	3.365153e-03	-1.253633e+01
6.800000e-07	2.718876e-03	-1.259002e+01
6.900000e-07	1.300892e-02	-1.260267e+01
7.000000e-07	1.082301e-02	-1.267578e+01
7.100000e-07	8.413783e-03	-1.276693e+01
7.200000e-07	7.387484e-03	-1.279212e+01
7.300000e-07	8.463840e-03	-1.279367e+01
7.400000e-07	1.077581e-02	-1.290385e+01
7.500000e-07	9.483769e-03	-1.287428e+01
7.600000e-07	1.034018e-02	-1.290585e+01
7.700000e-07	1.088030e-02	-1.293591e+01
7.800000e-07	1.421534e-02	-1.292946e+01
7.900000e-07	1.193664e-02	-1.297735e+01
8.000000e-07	1.020725e-02	-1.294798e+01
8.100000e-07	1.040112e-02	-1.292746e+01
8.200000e-07	1.287594e-02	-1.293900e+01
8.300000e-07	1.782420e-02	-1.293688e+01
8.400000e-07	1.840867e-02	-1.292785e+01
8.500000e-07	1.671724e-02	-1.289590e+01
8.600000e-07	1.557093e-02	-1.289428e+01
8.700000e-07	1.636895e-02	-1.283435e+01
8.800000e-07	1.916388e-02	-1.280219e+01
8.900000e-07	2.189334e-02	-1.279111e+01
9.000000e-07	2.314689e-02	-1.273751e+01
9.100000e-07	2.378357e-02	-1.268788e+01
9.200000e-07	2.450456e-02	-1.260375e+01
9.300000e-07	2.512574e-02	-1.255954e+01
9.400000e-07	2.772883e-02	-1.253749e+01
9.500000e-07	2.877104e-02	-1.247432e+01
9.600000e-07	3.117694e-02	-1.241154e+01
9.700000e-07	3.273101e-02	-1.234488e+01
9.800000e-07	3.429491e-02	-1.223125e+01
9.900000e-07	3.574956e-02	-1.212701e+01
1.000000e-06	3.741603e-02	-1.208470e+01
1.010000e-06	3.942748e-02	-1.200167e+01
1.020000e-06	4.162489e-02	-1.186533e+01
1.030000e-06	4.552585e-02	-1.176754e+01
1.040000e-06	4.735420e-02	-1.167170e+01
1.050000e-06	4.876889e-02	-1.148846e+01
1.060000e-06	5.082547e-02	-1.139220e+01
1.070000e-06	5.465559e-02	-1.127388e+01
1.080000e-06	5.945938e-02	-1.110483e+01
1.090000e-06	6.247434e-02	-1.096962e+01
1.100000e-06	6.471642e-02	-1.088485e+01
1.110000e-06	6.725426e-02	-1.075963e+01
1.120000e-06	7.072206e-02	-1.064377e+01
1.130000e-06	7.372707e-02	-1.050738e+01
1.140000e-06	7.579553e-02	-1.034007e+01
1.150000e-06	7.835760e-02	-1.019077e+01
1.160000e-06	8.037086e-02	-1.001172e+01
1.170000e-06	8.186725e-02	-9.904449e+00
1.180000e-06	8.107377e-02	-9.747035e+00
1.190000e-06	8.017745e-02	-9.611172e+00
1.200000e-06	7.896635e-02	-9.423324e+00
1.210000e-06	7.824693e-02	-9.243825e+00
1.220000e-06	7.566618e-02	-9.126974e+00
1.230000e-06	7.131067e-02	-8.915033e+00
1.240000e-06	6.809321e-02	-8.748059e+00
1.250000e-06	6.275394e-02	-8.556091e+00
1.260000e-06	5.909719e-02	-8.349486e+00
1.270000e-06	5.577409e-02	-8.200713e+00
1.280000e-06	5.192511e-02	-7.983871e+00
1.290000e-06	4.711179e-02	-7.842270e+00
1.300000e-06	4.289404e-02	-7.582145e+00
1.310000e-06	3.743742e-02	-7.391662e+00
1.320000e-06	3.347991e-02	-7.201118e+00
1.330000e-06	3.061791e-02	-6.949241e+00
1.340000e-06	2.738210e-02	-6.738112e+00
1.350000e-06	2.480812e-02	-6.599688e+00
1.360000e-06	2.025430e-02	-6.390014e+00
1.370000e-06	1.912346e-02	-6.129214e+00
1.380000e-06	1.465992e-02	-5.957509e+00
1.390000e-06	1.426966e-02	-5.708510e+00
1.400000e-06	1.065546e-02	-5.545855e+00
1.410000e-06	1.187068e-02	-5.284876e+00
1.420000e-06	7.391990e-03	-5.022820e+00
1.430000e-06	7.721189e-03	-4.746076e+00
1.440000e-06	3.819072e-03	-4.496501e+00
1.450000e-06	4.835319e-03	-4.347029e+00
1.460000e-06	2.637535e-03	-4.126479e+00
1.470000e-06	4.476439e-03	-3.938525e+00
1.480000e-06	1.550609e-03	-3.674795e+00
1.490000e-06	2.806995e-03	-3.423893e+00
1.500000e-06	-9.406663e-04	-3.231187e+00
1.510000e-06	-3.851179e-04	-2.951034e+00
1.520000e-06	-1.847444e-03	-2.737999e+00
1.530000e-06	4.323432e-04	-2.485479e+00
1.540000e-06	-1.996189e-03	-2.266440e+00
1.550000e-06	-1.396455e-03	-2.011134e+00
1.560000e-06	-3.153351e-03	-1.831660e+00
1.570000e-06	-2.004697e-03	-1.571034e+00
1.580000e-06	-3.316915e-03	-1.285777e+00
1.590000e-06	-3.336006e-03	-1.043187e+00
1.600000e-06	-3.588846e-03	-8.326055e-01
1.610000e-06	-3.165962e-03	-5.395565e-01
1.620000e-06	-2.918287e-03	-2.754249e-01
1.630000e-06	-2.297372e-03	-9.489474e-02
1.640000e-06	6.062990e-03	1.161079e-01
1.650000e-06	-2.235728e-03	3.873398e-01
1.660000e-06	2.147459e-03	5.884160e-01
1.670000e-06	-2.398095e-03	7.672934e-01
1.680000e-06	7.368947e-04	1.069397e+00
1.690000e-06	-2.906861e-03	1.314554e+00
1.700000e-06	1.343556e-03	1.495683e+00
1.710000e-06	1.660319e-02	1.759317e+00
1.720000e-06	6.731037e-02	2.019316e+00
1.730000e-06	1.555638e-02	2.294922e+00
1.740000e-06	-6.868891e-02	2.517083e+00
1.750000e-06	-2.245571e-02	2.799896e+00
1.760000e-06	-3.131134e-02	3.018320e+00
1.770000e-06	-5.967008e-02	3.147818e+00
1.780000e-06	1.815721e-02	3.335634e+00
1.790000e-06	1.454903e-01	3.586817e+00
1.800000e-06	-1.716231e-01	3.827845e+00
1.810000e-06	1.088580e-01	3.957325e+00
1.820000e-06	1.145974e-02	4.231951e+00
1.830000e-06	-9.344823e-02	4.454033e+00
1.840000e-06	7.574982e-02	4.683663e+00
1.850000e-06	-5.902232e-02	4.955790e+00
1.860000e-06	2.392728e-02	5.250875e+00
1.870000e-06	2.873276e-02	5.481455e+00
1.880000e-06	-3.817389e-02	5.641605e+00
1.890000e-06	1.812801e-02	5.926085e+00
1.900000e-06	-5.057620e-02	6.146693e+00
1.910000e-06	1.082728e-02	6.346242e+00
1.920000e-06	-4.605800e-03	6.527322e+00
1.930000e-06	2.138180e-02	6.788371e+00
1.940000e-06	1.361231e-02	6.987824e+00
1.950000e-06	-6.237237e-02	7.217830e+00
1.960000e-06	4.127935e-02	7.378847e+00
1.970000e-06	-3.748619e-02	7.610350e+00
1.980000e-06	1.066851e-02	7.840406e+00
1.990000e-06	1.401286e-03	8.033506e+00
2.000000e-06	-1.025846e-02	8.243030e+00
2.010000e-06	4.139525e-03	8.421377e+00
2.020000e-06	-2.902987e-02	8.557822e+00
2.030000e-06	-1.562340e-03	8.725770e+00
2.040000e-06	-1.558683e-02	8.956168e+00
2.050000e-06	8.378694e-03	9.045642e+00
2.060000e-06	-5.751699e-03	9.264663e+00
2.070000e-06	-7.565798e-03	9.440538e+00
2.080000e-06	-2.134646e-04	9.580402e+00
2.090000e-06	-1.894221e-02	9.707875e+00
2.100000e-06	-6.782300e-03	9.895826e+00
2.110000e-06	-1.035137e-02	1.010307e+01
2.120000e-06	1.062258e-03	1.022199e+01
2.130000e-06	-1.011138e-02	1.033743e+01
2.140000e-06	-8.257520e-03	1.052372e+01
2.150000e-06	-1.206557e-02	1.064201e+01
2.160000e-06	-1.191945e-02	1.081148e+01
2.170000e-06	-9.889340e-03	1.091675e+01
2.180000e-06	-4.155268e-03	1.102001e+01
2.190000e-06	-1.851284e-03	1.115691e+01
2.200000e-06	-1.029275e-02	1.129417e+01
2.210000e-06	-1.408516e-02	1.141193e+01
2.220000e-06	-1.148009e-02	1.152670e+01
2.230000e-06	-9.909088e-03	1.167465e+01
2.240000e-06	-1.185585e-02	1.180095e+01
2.250000e-06	-1.017634e-02	1.189266e+01
2.260000e-06	-9.057424e-03	1.195791e+01
2.270000e-06	-1.059056e-02	1.206215e+01
2.280000e-06	-1.674717e-02	1.215741e+01
2.290000e-06	-1.371890e-02	1.222012e+01
2.300000e-06	-1.269855e-02	1.229677e+01
2.310000e-06	-9.249822e-03	1.242989e+01
2.320000e-06	-9.191053e-03	1.243214e+01
2.330000e-06	-1.134176e-02	1.254583e+01
2.340000e-06	-1.617766e-02	1.256841e+01
2.350000e-06	-1.754280e-02	1.259251e+01
2.360000e-06	-1.282228e-02	1.264224e+01
2.370000e-06	-1.327905e-02	1.272518e+01
2.380000e-06	-1.133361e-02	1.269733e+01
2.390000e-06	-1.407029e-02	1.277096e+01
2.400000e-06	-1.612744e-02	1.283099e+01
2.410000e-06	-1.842860e-02	1.286267e+01
2.420000e-06	-1.510477e-02	1.284390e+01
2.430000e-06	-1.556707e-02	1.287433e+01
2.440000e-06	-1.630732e-02	1.287333e+01
2.450000e-06	-1.640763e-02	1.289483e+01
2.460000e-06	-1.731543e-02	1.292783e+01
2.470000e-06	-2.053258e-02	1.293581e+01
2.480000e-06	-2.215722e-02	1.289578e+01
2.490000e-06	-1.998449e-02	1.290728e+01
2.500000e-06	-1.936989e-02	1.286481e+01
2.510000e-06	-2.176692e-02	1.283178e+01
2.520000e-06	-2.354833e-02	1.282167e+01
2.530000e-06	-2.486222e-02	1.280962e+01
2.540000e-06	-2.651481e-02	1.277056e+01
2.550000e-06	-2.820462e-02	1.272789e+01
2.560000e-06	-2.728800e-02	1.270480e+01
2.570000e-06	-2.694905e-02	1.265267e+01
2.580000e-06	-2.977885e-02	1.262109e+01
2.590000e-06	-3.338175e-02	1.253799e+01
2.600000e-06	-3.507788e-02	1.250481e+01
2.610000e-06	-3.616798e-02	1.246375e+01
2.620000e-06	-3.660069e-02	1.238007e+01
2.630000e-06	-3.794105e-02	1.232531e+01
2.640000e-06	-4.055846e-02	1.221167e+01
2.650000e-06	-4.253595e-02	1.212633e+01
2.660000e-06	-4.578073e-02	1.205170e+01
2.670000e-06	-4.650918e-02	1.196801e+01
2.680000e-06	-5.017157e-02	1.184275e+01
2.690000e-06	-5.018575e-02	1.172956e+01
2.700000e-06	-5.384628e-02	1.166175e+01
2.710000e-06	-5.450061e-02	1.149693e+01
2.720000e-06	-6.059100e-02	1.138812e+01
2.730000e-06	-6.271989e-02	1.128431e+01
2.740000e-06	-6.706586e-02	1.116656e+01
2.750000e-06	-6.700762e-02	1.102217e+01
2.760000e-06	-7.187653e-02	1.091486e+01
2.770000e-06	-7.375387e-02	1.079162e+01
2.780000e-06	-7.865596e-02	1.065477e+01
2.790000e-06	-7.994928e-02	1.047691e+01
2.800000e-06	-8.473527e-02	1.035749e+01
2.810000e-06	-8.577572e-02	1.023964e+01
2.820000e-06	-8.685025e-02	1.008335e+01
2.830000e-06	-8.747492e-02	9.936055e+00
2.840000e-06	-8.841159e-02	9.729038e+00
2.850000e-06	-8.850257e-02	9.568546e+00
2.860000e-06	-8.676494e-02	9.411720e+00
2.870000e-06	-8.457726e-02	9.234722e+00
2.880000e-06	-8.195877e-02	9.117956e+00
2.890000e-06	-7.884144e-02	8.906929e+00
2.900000e-06	-7.489199e-02	8.725481e+00
2.910000e-06	-7.103172e-02	8.538611e+00
2.920000e-06	-6.714156e-02	8.390615e+00
2.930000e-06	-6.306426e-02	8.221221e+00
2.940000e-06	-5.752403e-02	7.999569e+00
2.950000e-06	-5.316205e-02	7.801718e+00
2.960000e-06	-4.898116e-02	7.641744e+00
2.970000e-06	-4.536078e-02	7.451738e+00
2.980000e-06	-4.259469e-02	7.199139e+00
2.990000e-06	-3.856363e-02	6.980189e+00
3.000000e-06	-3.486890e-02	6.788612e+00
3.010000e-06	-3.138346e-02	6.568163e+00
3.020000e-06	-2.809306e-02	6.358010e+00
3.030000e-06	-2.642122e-02	6.178535e+00
3.040000e-06	-2.397739e-02	6.010607e+00
3.050000e-06	-2.143397e-02	5.716160e+00
3.060000e-06	-2.078593e-02	5.536480e+00
3.070000e-06	-1.833125e-02	5.314428e+00
3.080000e-06	-1.523452e-02	5.022296e+00
3.090000e-06	-1.400721e-02	4.759040e+00
3.100000e-06	-1.310336e-02	4.548003e+00
3.110000e-06	-1.273774e-02	4.359530e+00
3.120000e-06	-1.239382e-02	4.054927e+00
3.130000e-06	-1.095008e-02	3.833295e+00
3.140000e-06	-9.502867e-03	3.652772e+00
3.150000e-06	-8.277789e-03	3.472366e+00
3.160000e-06	-8.875751e-03	3.187104e+00
3.170000e-06	-7.604330e-03	2.968536e+00
3.180000e-06	-8.098398e-03	2.789502e+00
3.190000e-06	-6.318066e-03	2.466400e+00
3.200000e-06	-6.552312e-03	2.263292e+00
3.210000e-06	-6.141720e-03	2.032634e+00
3.220000e-06	-6.359451e-03	1.780688e+00
3.230000e-06	-6.545882e-03	1.526003e+00
3.240000e-06	-6.285562e-03	1.305445e+00
3.250000e-06	-5.455651e-03	1.053817e+00
3.260000e-06	-5.643449e-03	7.480316e-01
3.270000e-06	-4.932990e-03	5.070473e-01
3.280000e-06	-3.231444e-03	2.944213e-01
3.290000e-06	-3.194390e-03	6.329318e-02
3.300000e-06	4.968424e-03	-1.673420e-01
3.310000e-06	-1.597262e-03	-3.683646e-01
3.320000e-06	2.397193e-04	-6.102908e-01
3.330000e-06	-5.852350e-04	-8.735251e-01
3.340000e-06	-4.586659e-04	-1.070051e+00
3.350000e-06	-7.541822e-04	-1.263025e+00
3.360000e-06	3.698205e-03	-1.527262e+00
3.370000e-06	4.575081e-02	-1.725661e+00
3.380000e-06	8.278600e-02	-1.906189e+00
3.390000e-06	-7.565536e-02	-2.272920e+00
3.400000e-06	-1.253306e-02	-2.610263e+00
3.410000e-06	-4.315100e-02	-2.799974e+00
3.420000e-06	-6.409610e-02	-3.042496e+00
3.430000e-06	1.212832e-02	-3.200424e+00
3.440000e-06	1.647002e-01	-3.326741e+00
3.450000e-06	-1.852620e-01	-3.639893e+00
3.460000e-06	1.601590e-01	-3.813975e+00
3.470000e-06	-5.741112e-02	-4.021529e+00
3.480000e-06	-6.700070e-02	-4.285108e+00
3.490000e-06	1.242536e-01	-4.445604e+00
3.500000e-06	-1.347740e-01	-4.706204e+00
3.510000e-06	7.485307e-02	-4.926316e+00
3.520000e-06	6.348006e-02	-5.118216e+00
3.530000e-06	-9.187691e-02	-5.471504e+00
3.540000e-06	1.183432e-01	-5.692160e+00
3.550000e-06	-1.673786e-01	-5.874562e+00
3.560000e-06	8.707735e-02	-6.086656e+00
3.570000e-06	1.513508e-02	-6.336536e+00
3.580000e-06	7.395842e-04	-6.578267e+00
3.590000e-06	7.245060e-02	-6.737245e+00
3.600000e-06	-1.317725e-01	-6.987874e+00
3.610000e-06	1.186240e-01	-7.210973e+00
3.620000e-06	-7.820076e-02	-7.429902e+00
3.630000e-06	3.490433e-02	-7.608879e+00
3.640000e-06	2.539026e-02	-7.842483e+00
3.650000e-06	-4.735882e-02	-8.033059e+00
3.660000e-06	8.246005e-02	-8.220500e+00
3.670000e-06	-7.588517e-02	-8.359374e+00
3.680000e-06	6.568383e-02	-8.579904e+00
3.690000e-06	-5.210979e-02	-8.808325e+00
3.700000e-06	2.849829e-02	-8.977750e+00
3.710000e-06	1.565853e-02	-9.064241e+00
3.720000e-06	-4.381047e-03	-9.303158e+00
3.730000e-06	3.071463e-02	-9.424514e+00
3.740000e-06	-5.084709e-02	-9.641634e+00
3.750000e-06	4.154424e-02	-9.789380e+00
3.760000e-06	-2.214674e-02	-9.916270e+00
3.770000e-06	3.952277e-02	-1.005209e+01
3.780000e-06	-9.692705e-03	-1.022351e+01
3.790000e-06	1.336529e-02	-1.040911e+01
3.800000e-06	-1.678563e-03	-1.055635e+01
3.810000e-06	-6.496736e-03	-1.069464e+01
3.820000e-06	1.330391e-02	-1.077046e+01
3.830000e-06	4.128085e-03	-1.092684e+01
3.840000e-06	2.030929e-02	-1.100211e+01
3.850000e-06	-7.729086e-03	-1.118098e+01
3.860000e-06	1.222646e-02	-1.130627e+01
3.870000e-06	-1.715506e-03	-1.142211e+01
3.880000e-06	1.245697e-02	-1.151685e+01
3.890000e-06	-1.048567e-03	-1.167365e+01
3.900000e-06	1.292507e-02	-1.180851e+01
3.910000e-06	9.309866e-03	-1.183622e+01
3.920000e-06	7.460412e-03	-1.202104e+01
3.930000e-06	2.853449e-03	-1.209520e+01
3.940000e-06	3.391431e-03	-1.215991e+01
3.950000e-06	6.856490e-03	-1.223364e+01
3.960000e-06	1.030543e-02	-1.231533e+01
3.970000e-06	1.495629e-02	-1.238949e+01
3.980000e-06	6.337375e-03	-1.244572e+01
3.990000e-06	4.463009e-03	-1.253593e+01
4.000000e-06	2.060421e-03	-1.261001e+01
4.010000e-06	1.207757e-02	-1.264264e+01
4.020000e-06	1.061540e-02	-1.267685e+01
4.030000e-06	8.968133e-03	-1.275693e+01
4.040000e-06	7.685494e-03	-1.278216e+01
4.050000e-06	9.414583e-03	-1.287364e+01
4.060000e-06	1.117294e-02	-1.290420e+01
4.070000e-06	9.588999e-03	-1.290530e+01
4.080000e-06	9.714756e-03	-1.291690e+01
4.090000e-06	1.108991e-02	-1.294593e+01
4.100000e-06	1.356533e-02	-1.291843e+01
4.110000e-06	1.293256e-02	-1.294893e+01
4.120000e-06	1.141605e-02	-1.293993e+01
4.130000e-06	1.067019e-02	-1.295953e+01
4.140000e-06	1.277515e-02	-1.291746e+01
4.150000e-06	1.723262e-02	-1.294741e+01
4.160000e-06	1.779013e-02	-1.290645e+01
4.170000e-06	1.793142e-02	-1.291887e+01
4.180000e-06	1.529463e-02	-1.291578e+01
4.190000e-06	1.595912e-02	-1.286430e+01
4.200000e-06	1.901212e-02	-1.280319e+01
4.210000e-06	2.202446e-02	-1.277064e+01
4.220000e-06	2.282870e-02	-1.272908e+01
4.230000e-06	2.313462e-02	-1.268695e+01
4.240000e-06	2.452125e-02	-1.263174e+01
4.250000e-06	2.567896e-02	-1.260009e+01
4.260000e-06	2.733598e-02	-1.253754e+01
4.270000e-06	2.886417e-02	-1.249580e+01
4.280000e-06	3.056588e-02	-1.238104e+01
4.290000e-06	3.290339e-02	-1.227688e+01
4.300000e-06	3.488432e-02	-1.222117e+01
4.310000e-06	3.560551e-02	-1.217051e+01
4.320000e-06	3.722422e-02	-1.208378e+01
4.330000e-06	3.873518e-02	-1.197011e+01
4.340000e-06	4.261203e-02	-1.185633e+01
4.350000e-06	4.602762e-02	-1.173804e+01
4.360000e-06	4.836147e-02	-1.163372e+01
4.370000e-06	4.917636e-02	-1.154843e+01
4.380000e-06	5.104482e-02	-1.140107e+01
4.390000e-06	5.396503e-02	-1.127443e+01
4.400000e-06	5.845039e-02	-1.108589e+01
4.410000e-06	6.157988e-02	-1.095159e+01
4.420000e-06	6.501987e-02	-1.086438e+01
4.430000e-06	6.731674e-02	-1.074058e+01
4.440000e-06	7.036584e-02	-1.063330e+01
4.450000e-06	7.339560e-02	-1.048598e+01
4.460000e-06	7.601742e-02	-1.034059e+01
4.470000e-06	7.889143e-02	-1.018212e+01
4.480000e-06	8.010809e-02	-1.002420e+01
4.490000e-06	8.118929e-02	-9.876377e+00
4.500000e-06	8.016595e-02	-9.767563e+00
4.510000e-06	8.068608e-02	-9.601170e+00
4.520000e-06	7.894770e-02	-9.383874e+00
4.530000e-06	7.728069e-02	-9.254855e+00
4.540000e-06	7.616617e-02	-9.086472e+00
4.550000e-06	7.273026e-02	-8.927513e+00
4.560000e-06	6.793913e-02	-8.740586e+00
4.570000e-06	6.369820e-02	-8.508634e+00
4.580000e-06	5.913714e-02	-8.420087e+00
4.590000e-06	5.706529e-02	-8.222167e+00
4.600000e-06	5.256934e-02	-8.053846e+00
4.610000e-06	4.684178e-02	-7.813268e+00
4.620000e-06	4.253472e-02	-7.620717e+00
4.630000e-06	3.710861e-02	-7.421138e+00
4.640000e-06	3.395484e-02	-7.233613e+00
4.650000e-06	3.106104e-02	-6.929349e+00
4.660000e-06	2.822449e-02	-6.790089e+00
4.670000e-06	2.463079e-02	-6.560129e+00
4.680000e-06	2.114875e-02	-6.430664e+00
4.690000e-06	1.921792e-02	-6.169141e+00
4.700000e-06	1.526999e-02	-5.940029e+00
4.710000e-06	1.472545e-02	-5.718030e+00
4.720000e-06	1.116091e-02	-5.528499e+00
4.730000e-06	1.161401e-02	-5.304359e+00
4.740000e-06	7.166350e-03	-5.048692e+00
4.750000e-06	8.359131e-03	-4.736587e+00
4.760000e-06	4.138265e-03	-4.528451e+00
4.770000e-06	5.117362e-03	-4.358028e+00
4.780000e-06	2.462304e-03	-4.188452e+00
4.790000e-06	3.991564e-03	-3.907975e+00
4.800000e-06	2.220998e-03	-3.642296e+00
4.810000e-06	2.665764e-03	-3.463891e+00
4.820000e-06	-1.941824e-03	-3.233238e+00
4.830000e-06	-6.217641e-04	-2.960160e+00
4.840000e-06	-3.012203e-03	-2.769504e+00
4.850000e-06	4.761008e-04	-2.536925e+00
4.860000e-06	-1.748456e-03	-2.325490e+00
4.870000e-06	-1.032077e-03	-2.003188e+00
4.880000e-06	-2.729631e-03	-1.801662e+00
4.890000e-06	-2.228799e-03	-1.581630e+00
4.900000e-06	-2.764708e-03	-1.297103e+00
4.910000e-06	-3.058692e-03	-1.021792e+00
4.920000e-06	-3.380920e-03	-8.021590e-01
4.930000e-06	-3.169513e-03	-5.712292e-01
4.940000e-06	-3.260280e-03	-3.164987e-01
4.950000e-06	-2.105943e-03	-4.589836e-02
4.960000e-06	6.196240e-03	1.355816e-01
4.970000e-06	-2.191426e-03	3.778397e-01
4.980000e-06	1.086527e-03	5.682134e-01
4.990000e-06	-1.355051e-03	7.989896e-01
5.000000e-06	-1.746351e-04	1.009800e+00
5.010000e-06	-2.765646e-03	1.295033e+00
5.020000e-06	-1.351964e-04	1.484210e+00
5.030000e-06	1.611709e-02	1.777823e+00
5.040000e-06	6.453689e-02	1.989321e+00
5.050000e-06	2.514487e-02	2.241874e+00
5.060000e-06	-7.224334e-02	2.525782e+00
5.070000e-06	-2.138023e-02	2.787842e+00
5.080000e-06	-3.388204e-02	2.967871e+00
5.090000e-06	-5.554720e-02	3.176817e+00
5.100000e-06	3.256636e-03	3.313739e+00
5.110000e-06	1.541572e-01	3.569290e+00
5.120000e-06	-1.636590e-01	3.806367e+00
5.130000e-06	8.832792e-02	3.987795e+00
5.140000e-06	3.508427e-02	4.241022e+00
5.150000e-06	-1.011167e-01	4.462552e+00
5.160000e-06	7.504168e-02	4.673568e+00
5.170000e-06	-5.500284e-02	4.987211e+00
5.180000e-06	1.158117e-02	5.171322e+00
5.190000e-06	3.597590e-02	5.462024e+00
5.200000e-06	-4.125386e-02	5.671579e+00
5.210000e-06	1.979565e-02	5.895968e+00
5.220000e-06	-4.753948e-02	6.104741e+00
5.230000e-06	5.818638e-03	6.297162e+00
5.240000e-06	1.019141e-03	6.556763e+00
5.250000e-06	1.889522e-02	6.736370e+00
5.260000e-06	2.093430e-02	6.959771e+00
5.270000e-06	-6.700661e-02	7.177800e+00
5.280000e-06	3.784922e-02	7.405922e+00
5.290000e-06	-3.424045e-02	7.600372e+00
5.300000e-06	3.953706e-03	7.840485e+00
5.310000e-06	4.274428e-03	8.039929e+00
5.320000e-06	-1.277389e-02	8.261057e+00
5.330000e-06	7.736935e-03	8.379429e+00
5.340000e-06	-2.588602e-02	8.577324e+00
5.350000e-06	-2.938291e-04	8.725768e+00
5.360000e-06	-1.376800e-02	8.943614e+00
5.370000e-06	5.070265e-03	9.082561e+00
5.380000e-06	-5.306120e-03	9.272613e+00
5.390000e-06	-9.501032e-03	9.390555e+00
5.400000e-06	-7.363196e-04	9.567928e+00
5.410000e-06	-1.940258e-02	9.777224e+00
5.420000e-06	-6.637929e-03	9.906245e+00
5.430000e-06	-8.285333e-03	1.010414e+01
5.440000e-06	1.684717e-03	1.023104e+01
5.450000e-06	-7.007873e-03	1.034782e+01
5.460000e-06	-8.023707e-03	1.052460e+01
5.470000e-06	-9.137841e-03	1.062356e+01
5.480000e-06	-1.276237e-02	1.083138e+01
5.490000e-06	-1.245988e-02	1.090679e+01
5.500000e-06	-7.132690e-03	1.100054e+01
5.510000e-06	-4.457704e-03	1.112685e+01
5.520000e-06	-1.091758e-02	1.126470e+01
5.530000e-06	-1.440422e-02	1.145149e+01
5.540000e-06	-1.044204e-02	1.153728e+01
5.550000e-06	-7.558220e-03	1.167372e+01
5.560000e-06	-8.464891e-03	1.177890e+01
5.570000e-06	-8.422800e-03	1.187314e+01
5.580000e-06	-9.332289e-03	1.195890e+01
5.590000e-06	-1.278523e-02	1.204312e+01
5.600000e-06	-1.702223e-02	1.218888e+01
5.610000e-06	-1.456337e-02	1.222099e+01
5.620000e-06	-1.203108e-02	1.225520e+01
5.630000e-06	-8.266492e-03	1.240996e+01
5.640000e-06	-8.295303e-03	1.247319e+01
5.650000e-06	-1.054168e-02	1.250481e+01
5.660000e-06	-1.395874e-02	1.258793e+01
5.670000e-06	-1.642840e-02	1.259061e+01
5.680000e-06	-1.260309e-02	1.266269e+01
5.690000e-06	-1.418197e-02	1.268533e+01
5.700000e-06	-1.370714e-02	1.276638e+01
5.710000e-06	-1.508995e-02	1.277897e+01
5.720000e-06	-1.556617e-02	1.286012e+01
5.730000e-06	-1.745579e-02	1.282222e+01
5.740000e-06	-1.367592e-02	1.287470e+01
5.750000e-06	-1.438760e-02	1.291530e+01
5.760000e-06	-1.589681e-02	1.291333e+01
5.770000e-06	-1.629693e-02	1.286690e+01
5.780000e-06	-1.789238e-02	1.290523e+01
5.790000e-06	-2.108571e-02	1.292545e+01
5.800000e-06	-2.258700e-02	1.292538e+01
5.810000e-06	-1.935166e-02	1.290533e+01
5.820000e-06	-1.946481e-02	1.290478e+01
5.830000e-06	-2.119332e-02	1.286330e+01
5.840000e-06	-2.275685e-02	1.287170e+01
5.850000e-06	-2.434124e-02	1.280162e+01
5.860000e-06	-2.618966e-02	1.276806e+01
5.870000e-06	-2.703132e-02	1.271741e+01
5.880000e-06	-2.810669e-02	1.267580e+01
5.890000e-06	-2.832419e-02	1.264275e+01
5.900000e-06	-3.031193e-02	1.261114e+01
5.910000e-06	-3.324856e-02	1.255698e+01
5.920000e-06	-3.503852e-02	1.251485e+01
5.930000e-06	-3.585348e-02	1.246273e+01
5.940000e-06	-3.703137e-02	1.237157e+01
5.950000e-06	-3.743672e-02	1.233586e+01
5.960000e-06	-3.966240e-02	1.220222e+01
5.970000e-06	-4.200450e-02	1.214646e+01
5.980000e-06	-4.611434e-02	1.204372e+01
5.990000e-06	-4.682829e-02	1.195711e+01
6.000000e-06	-4.978833e-02	1.188470e+01
6.010000e-06	-4.917154e-02	1.175948e+01
6.020000e-06	-5.410692e-02	1.164478e+01
6.030000e-06	-5.498446e-02	1.155854e+01
6.040000e-06	-5.848707e-02	1.140067e+01
6.050000e-06	-6.118184e-02	1.129428e+01
6.060000e-06	-6.658991e-02	1.117848e+01
6.070000e-06	-6.787571e-02	1.102172e+01
6.080000e-06	-7.122225e-02	1.090688e+01
6.090000e-06	-7.354031e-02	1.081067e+01
6.100000e-06	-7.937383e-02	1.063335e+01
6.110000e-06	-8.030222e-02	1.051543e+01
6.120000e-06	-8.420999e-02	1.035906e+01
6.130000e-06	-8.561623e-02	1.021009e+01
6.140000e-06	-8.776629e-02	1.006635e+01
6.150000e-06	-8.788722e-02	9.888531e+00
6.160000e-06	-8.801694e-02	9.726061e+00
6.170000e-06	-8.819818e-02	9.589062e+00
6.180000e-06	-8.705811e-02	9.430117e+00
6.190000e-06	-8.552698e-02	9.264275e+00
6.200000e-06	-8.162819e-02	9.139401e+00
6.210000e-06	-7.869803e-02	8.947157e+00
6.220000e-06	-7.495540e-02	8.709082e+00
6.230000e-06	-7.091676e-02	8.549087e+00
6.240000e-06	-6.672152e-02	8.411165e+00
6.250000e-06	-6.229464e-02	8.232192e+00
6.260000e-06	-5.824002e-02	7.983771e+00
6.270000e-06	-5.370116e-02	7.862718e+00
6.280000e-06	-5.027158e-02	7.653744e+00
6.290000e-06	-4.478088e-02	7.464353e+00
6.300000e-06	-4.253956e-02	7.200617e+00
6.310000e-06	-3.811807e-02	6.991639e+00
6.320000e-06	-3.579260e-02	6.830589e+00
6.330000e-06	-3.087451e-02	6.571262e+00
6.340000e-06	-2.828199e-02	6.399535e+00
6.350000e-06	-2.563079e-02	6.168664e+00
6.360000e-06	-2.448162e-02	5.989638e+00
6.370000e-06	-2.171466e-02	5.771660e+00
6.380000e-06	-2.060562e-02	5.546101e+00
6.390000e-06	-1.800100e-02	5.305057e+00
6.400000e-06	-1.619286e-02	5.053871e+00
6.410000e-06	-1.462202e-02	4.760036e+00
6.420000e-06	-1.449013e-02	4.566980e+00
6.430000e-06	-1.254803e-02	4.379528e+00
6.440000e-06	-1.028912e-02	4.066557e+00
6.450000e-06	-1.102908e-02	3.894821e+00
6.460000e-06	-1.088005e-02	3.644818e+00
6.470000e-06	-9.666890e-03	3.433370e+00
6.480000e-06	-8.435090e-03	3.168635e+00
6.490000e-06	-8.255881e-03	2.969033e+00
6.500000e-06	-8.271615e-03	2.799081e+00
6.510000e-06	-6.793061e-03	2.475900e+00
6.520000e-06	-5.501220e-03	2.262313e+00
6.530000e-06	-6.244298e-03	2.022740e+00
6.540000e-06	-6.479596e-03	1.822663e+00
6.550000e-06	-6.481786e-03	1.549078e+00
6.560000e-06	-5.914533e-03	1.315947e+00
6.570000e-06	-5.504062e-03	1.063342e+00
6.580000e-06	-5.748522e-03	7.596002e-01
6.590000e-06	-5.149033e-03	5.583775e-01
6.600000e-06	-4.144920e-03	3.364500e-01
6.610000e-06	-3.920272e-03	3.424574e-02
6.620000e-06	3.800887e-03	-1.662668e-01
6.630000e-06	5.630585e-04	-3.673135e-01
6.640000e-06	-1.660974e-03	-6.207407e-01
6.650000e-06	-1.067254e-04	-8.009473e-01
6.660000e-06	-8.947254e-04	-1.042496e+00
6.670000e-06	-1.319696e-03	-1.233401e+00
6.680000e-06	2.696803e-03	-1.525235e+00
6.690000e-06	4.244978e-02	-1.745734e+00
6.700000e-06	8.721888e-02	-1.915659e+00
6.710000e-06	-7.028233e-02	-2.189821e+00
6.720000e-06	-1.856621e-02	-2.538713e+00
6.730000e-06	-3.834686e-02	-2.817901e+00
6.740000e-06	-6.088851e-02	-3.001921e+00
6.750000e-06	-4.242787e-03	-3.189949e+00
6.760000e-06	1.787369e-01	-3.326716e+00
6.770000e-06	-1.769078e-01	-3.579343e+00
6.780000e-06	1.419962e-01	-3.838903e+00
6.790000e-06	-2.804639e-02	-4.041478e+00
6.800000e-06	-8.566717e-02	-4.273132e+00
6.810000e-06	1.355069e-01	-4.422529e+00
6.820000e-06	-1.279633e-01	-4.724689e+00
6.830000e-06	5.403825e-02	-4.947742e+00
6.840000e-06	8.365176e-02	-5.126214e+00
6.850000e-06	-1.045672e-01	-5.432526e+00
6.860000e-06	1.233457e-01	-5.683635e+00
6.870000e-06	-1.595350e-01	-5.874032e+00
6.880000e-06	6.962001e-02	-6.094711e+00
6.890000e-06	3.169381e-02	-6.312639e+00
6.900000e-06	-1.506557e-02	-6.547221e+00
6.910000e-06	8.592236e-02	-6.735741e+00
6.920000e-06	-1.359418e-01	-6.957745e+00
6.930000e-06	1.114093e-01	-7.229402e+00
6.940000e-06	-6.237919e-02	-7.369374e+00
6.950000e-06	1.866562e-02	-7.620808e+00
6.960000e-06	4.125703e-02	-7.791502e+00
6.970000e-06	-6.014167e-02	-8.062008e+00
6.980000e-06	8.741029e-02	-8.219954e+00
6.990000e-06	-7.484997e-02	-8.358426e+00
7.000000e-06	6.301734e-02	-8.565878e+00
7.010000e-06	-4.420461e-02	-8.748774e+00
7.020000e-06	1.898778e-02	-8.947796e+00
7.030000e-06	2.347793e-02	-9.095216e+00
7.040000e-06	-1.260649e-02	-9.253689e+00
7.050000e-06	3.694547e-02	-9.391459e+00
7.060000e-06	-5.397563e-02	-9.649979e+00
7.070000e-06	4.283158e-02	-9.777398e+00
7.080000e-06	-1.990177e-02	-9.916270e+00
7.090000e-06	3.677585e-02	-1.009257e+01
7.100000e-06	-4.244891e-03	-1.021156e+01
7.110000e-06	7.339459e-03	-1.039901e+01
7.120000e-06	2.575017e-03	-1.053627e+01
7.130000e-06	-1.083282e-02	-1.065417e+01
7.140000e-06	1.838633e-02	-1.075943e+01
7.150000e-06	1.319130e-03	-1.094480e+01
7.160000e-06	2.139263e-02	-1.102066e+01
7.170000e-06	-8.397877e-03	-1.119036e+01
7.180000e-06	1.415831e-02	-1.130527e+01
7.190000e-06	1.944663e-04	-1.143209e+01
7.200000e-06	1.067311e-02	-1.152635e+01
7.210000e-06	-1.134584e-03	-1.169265e+01
7.220000e-06	1.098231e-02	-1.179856e+01
7.230000e-06	1.035297e-02	-1.186570e+01
7.240000e-06	6.794397e-03	-1.201209e+01
7.250000e-06	3.028828e-03	-1.209575e+01
7.260000e-06	9.566581e-04	-1.218893e+01
7.270000e-06	7.897630e-03	-1.222262e+01
7.280000e-06	1.100889e-02	-1.228730e+01
7.290000e-06	1.707693e-02	-1.236743e+01
7.300000e-06	5.774247e-03	-1.249477e+01
7.310000e-06	3.182242e-03	-1.251636e+01
7.320000e-06	8.143704e-04	-1.258096e+01
7.330000e-06	1.407913e-02	-1.266155e+01
7.340000e-06	1.254132e-02	-1.269635e+01
7.350000e-06	8.559004e-03	-1.273996e+01
7.360000e-06	6.560061e-03	-1.278196e+01
7.370000e-06	8.674713e-03	-1.286265e+01
7.380000e-06	1.116345e-02	-1.290377e+01
7.390000e-06	9.705665e-03	-1.288632e+01
7.400000e-06	1.011786e-02	-1.290535e+01
7.410000e-06	1.056112e-02	-1.291793e+01
7.420000e-06	1.458425e-02	-1.291693e+01
7.430000e-06	1.304293e-02	-1.294893e+01
7.440000e-06	1.020978e-02	-1.293948e+01
7.450000e-06	9.026373e-03	-1.297891e+01
7.460000e-06	1.227793e-02	-1.294848e+01
7.470000e-06	1.735055e-02	-1.296688e+01
7.480000e-06	1.861610e-02	-1.291688e+01
7.490000e-06	1.744255e-02	-1.291833e+01
7.500000e-06	1.539881e-02	-1.290328e+01
7.510000e-06	1.558078e-02	-1.286530e+01
7.520000e-06	2.027520e-02	-1.284267e+01
7.530000e-06	2.221798e-02	-1.282262e+01
7.540000e-06	2.253278e-02	-1.270048e+01
7.550000e-06	2.152527e-02	-1.272728e+01
7.560000e-06	2.453682e-02	-1.262467e+01
7.570000e-06	2.568493e-02	-1.257961e+01
7.580000e-06	2.729909e-02	-1.250596e+01
7.590000e-06	2.871376e-02	-1.246580e+01
7.600000e-06	3.194437e-02	-1.239112e+01
7.610000e-06	3.243681e-02	-1.231633e+01
7.620000e-06	3.423791e-02	-1.221270e+01
7.630000e-06	3.530593e-02	-1.216999e+01
7.640000e-06	3.712615e-02	-1.210328e+01
7.650000e-06	3.828827e-02	-1.201162e+01
7.660000e-06	4.239452e-02	-1.188482e+01
7.670000e-06	4.628774e-02	-1.172909e+01
7.680000e-06	4.739489e-02	-1.166278e+01
7.690000e-06	4.836744e-02	-1.150854e+01
7.700000e-06	5.109808e-02	-1.142224e+01
7.710000e-06	5.477390e-02	-1.124536e+01
7.720000e-06	5.821639e-02	-1.113003e+01
7.730000e-06	6.206296e-02	-1.097120e+01
7.740000e-06	6.465384e-02	-1.091630e+01
7.750000e-06	6.753641e-02	-1.079061e+01
7.760000e-06	6.955659e-02	-1.065377e+01
7.770000e-06	7.293263e-02	-1.050696e+01
7.780000e-06	7.661328e-02	-1.040214e+01
7.790000e-06	7.871367e-02	-1.022077e+01
7.800000e-06	8.017717e-02	-1.005325e+01
7.810000e-06	8.035355e-02	-9.916434e+00
7.820000e-06	8.149155e-02	-9.750613e+00
7.830000e-06	8.055849e-02	-9.623246e+00
7.840000e-06	7.955779e-02	-9.423824e+00
7.850000e-06	7.860114e-02	-9.224281e+00
7.860000e-06	7.569595e-02	-9.136477e+00
7.870000e-06	7.230537e-02	-8.937560e+00
7.880000e-06	6.852119e-02	-8.780609e+00
7.890000e-06	6.423292e-02	-8.570168e+00
7.900000e-06	5.942354e-02	-8.360143e+00
7.910000e-06	5.555789e-02	-8.261667e+00
7.920000e-06	5.196680e-02	-8.033245e+00
7.930000e-06	4.725502e-02	-7.853898e+00
7.940000e-06	4.272133e-02	-7.612121e+00
7.950000e-06	3.762700e-02	-7.402143e+00
7.960000e-06	3.422602e-02	-7.233239e+00
7.970000e-06	3.042694e-02	-7.011817e+00
7.980000e-06	2.852844e-02	-6.781092e+00
7.990000e-06	2.448406e-02	-6.630613e+00
8.000000e-06	2.060560e-02	-6.379692e+00
8.010000e-06	1.819846e-02	-6.170239e+00
8.020000e-06	1.588551e-02	-5.957530e+00
8.030000e-06	1.497378e-02	-5.757029e+00
8.040000e-06	9.801525e-03	-5.540083e+00
8.050000e-06	1.043725e-02	-5.263953e+00
8.060000e-06	8.080300e-03	-5.031820e+00
8.070000e-06	8.448533e-03	-4.759164e+00
8.080000e-06	4.382878e-03	-4.570007e+00
8.090000e-06	4.494863e-03	-4.388630e+00
8.100000e-06	2.464462e-03	-4.120133e+00
8.110000e-06	4.370161e-03	-3.948523e+00
8.120000e-06	1.032334e-03	-3.664851e+00
8.130000e-06	2.167280e-03	-3.464344e+00
8.140000e-06	-1.717586e-03	-3.223316e+00
8.150000e-06	-1.834989e-05	-2.981241e+00
8.160000e-06	-1.876167e-03	-2.778030e+00
8.170000e-06	1.195259e-03	-2.557476e+00
8.180000e-06	-1.021323e-03	-2.316974e+00
8.190000e-06	-6.159647e-04	-2.022317e+00
8.200000e-06	-3.344660e-03	-1.833761e+00
8.210000e-06	-2.088254e-03	-1.601587e+00
8.220000e-06	-2.879884e-03	-1.287975e+00
8.230000e-06	-4.251736e-03	-1.083387e+00
8.240000e-06	-3.388124e-03	-8.102092e-01
8.250000e-06	-2.013700e-03	-6.202141e-01
8.260000e-06	-2.341505e-03	-3.784763e-01
8.270000e-06	-3.070879e-03	-1.064961e-01
8.280000e-06	5.860409e-03	8.403145e-02
8.290000e-06	-1.149674e-03	3.553158e-01
8.300000e-06	1.260631e-03	5.962620e-01
8.310000e-06	-7.494649e-04	7.913171e-01
8.320000e-06	-1.326947e-03	9.798146e-01
8.330000e-06	-3.516593e-03	1.293528e+00
8.340000e-06	-7.710496e-04	1.495108e+00
8.350000e-06	1.561692e-02	1.788764e+00
8.360000e-06	5.992166e-02	1.966320e+00
8.370000e-06	3.485104e-02	2.219350e+00
8.380000e-06	-7.343038e-02	2.484007e+00
8.390000e-06	-2.074349e-02	2.808293e+00
8.400000e-06	-3.594856e-02	2.969293e+00
8.410000e-06	-5.204310e-02	3.157241e+00
8.420000e-06	-1.189713e-02	3.304168e+00
8.430000e-06	1.616993e-01	3.587242e+00
8.440000e-06	-1.509761e-01	3.758218e+00
8.450000e-06	6.583942e-02	3.957197e+00
8.460000e-06	5.672088e-02	4.188295e+00
8.470000e-06	-1.147873e-01	4.472555e+00
8.480000e-06	7.253060e-02	4.695032e+00
8.490000e-06	-4.782418e-02	4.866063e+00
8.500000e-06	6.249031e-03	5.219978e+00
8.510000e-06	4.211493e-02	5.431028e+00
8.520000e-06	-4.330708e-02	5.672111e+00
8.530000e-06	1.951448e-02	5.885014e+00
8.540000e-06	-4.435011e-02	6.096113e+00
8.550000e-06	1.258887e-03	6.346687e+00
8.560000e-06	3.999120e-03	6.514687e+00
8.570000e-06	1.365902e-02	6.746820e+00
8.580000e-06	2.607424e-02	6.956223e+00
8.590000e-06	-6.977770e-02	7.206346e+00
8.600000e-06	3.555813e-02	7.347319e+00
8.610000e-06	-2.747488e-02	7.579430e+00
8.620000e-06	-1.799698e-03	7.780928e+00
8.630000e-06	6.705558e-03	8.010483e+00
8.640000e-06	-1.520028e-02	8.251507e+00
8.650000e-06	1.010530e-02	8.358374e+00
8.660000e-06	-2.566839e-02	8.536828e+00
8.670000e-06	-2.605238e-03	8.693242e+00
8.680000e-06	-1.279293e-02	8.892167e+00
8.690000e-06	2.942073e-03	9.064643e+00
8.700000e-06	-2.422494e-03	9.233133e+00
8.710000e-06	-1.284329e-02	9.390405e+00
8.720000e-06	7.442552e-04	9.567354e+00
8.730000e-06	-1.881229e-02	9.727801e+00
8.740000e-06	-6.972143e-03	9.895243e+00
8.750000e-06	-7.879870e-03	1.006267e+01
8.760000e-06	1.990731e-03	1.025093e+01
8.770000e-06	-6.362325e-03	1.035693e+01
8.780000e-06	-1.162658e-02	1.050425e+01
8.790000e-06	-8.850691e-03	1.063212e+01
8.800000e-06	-1.329767e-02	1.081893e+01
8.810000e-06	-1.033958e-02	1.091522e+01
8.820000e-06	-6.156618e-03	1.102059e+01
8.830000e-06	-1.925517e-03	1.113685e+01
8.840000e-06	-9.297217e-03	1.124217e+01
8.850000e-06	-1.422340e-02	1.138194e+01
8.860000e-06	-1.158648e-02	1.150432e+01
8.870000e-06	-9.323276e-03	1.166374e+01
8.880000e-06	-9.336035e-03	1.175698e+01
8.890000e-06	-8.933715e-03	1.187314e+01
8.900000e-06	-7.982522e-03	1.192635e+01
8.910000e-06	-1.254377e-02	1.208162e+01
8.920000e-06	-1.504523e-02	1.214635e+01
8.930000e-06	-1.366976e-02	1.221156e+01
8.940000e-06	-1.142067e-02	1.226515e+01
8.950000e-06	-9.169992e-03	1.236996e+01
8.960000e-06	-9.724102e-03	1.246207e+01
8.970000e-06	-1.080980e-02	1.250425e+01
8.980000e-06	-1.458518e-02	1.252896e+01
8.990000e-06	-1.660989e-02	1.261054e+01
9.000000e-06	-1.290723e-02	1.267369e+01
9.010000e-06	-1.248052e-02	1.268580e+01
9.020000e-06	-1.395596e-02	1.273786e+01
9.030000e-06	-1.456287e-02	1.276756e+01
9.040000e-06	-1.541764e-02	1.279970e+01
9.050000e-06	-1.796884e-02	1.284272e+01
9.060000e-06	-1.346793e-02	1.288415e+01
9.070000e-06	-1.669142e-02	1.286378e+01
9.080000e-06	-1.348480e-02	1.290538e+01
9.090000e-06	-1.826324e-02	1.289528e+01
9.100000e-06	-1.640211e-02	1.292636e+01
9.110000e-06	-2.138013e-02	1.291538e+01
9.120000e-06	-2.177757e-02	1.290630e+01
9.130000e-06	-1.917792e-02	1.291368e+01
9.140000e-06	-2.047833e-02	1.288385e+01
9.150000e-06	-2.100138e-02	1.287428e+01
9.160000e-06	-2.311527e-02	1.283315e+01
9.170000e-06	-2.465663e-02	1.281017e+01
9.180000e-06	-2.603475e-02	1.277809e+01
9.190000e-06	-2.764659e-02	1.274746e+01
9.200000e-06	-2.826523e-02	1.269530e+01
9.210000e-06	-2.855204e-02	1.266377e+01
9.220000e-06	-2.938961e-02	1.260954e+01
9.230000e-06	-3.256676e-02	1.252798e+01
9.240000e-06	-3.526554e-02	1.252588e+01
9.250000e-06	-3.689778e-02	1.246375e+01
9.260000e-06	-3.670301e-02	1.242912e+01
9.270000e-06	-3.771215e-02	1.230596e+01
9.280000e-06	-4.063917e-02	1.223057e+01
9.290000e-06	-4.204777e-02	1.212651e+01
9.300000e-06	-4.491785e-02	1.203312e+01
9.310000e-06	-4.642419e-02	1.191849e+01
9.320000e-06	-5.031261e-02	1.187327e+01
9.330000e-06	-5.028990e-02	1.178959e+01
9.340000e-06	-5.311341e-02	1.166238e+01
9.350000e-06	-5.427686e-02	1.154808e+01
9.360000e-06	-6.013200e-02	1.139975e+01
9.370000e-06	-6.127300e-02	1.125433e+01
9.380000e-06	-6.712809e-02	1.116654e+01
9.390000e-06	-6.771425e-02	1.105225e+01
9.400000e-06	-7.177318e-02	1.091751e+01
9.410000e-06	-7.290923e-02	1.082112e+01
9.420000e-06	-7.867500e-02	1.068427e+01
9.430000e-06	-8.013878e-02	1.048646e+01
9.440000e-06	-8.448891e-02	1.034907e+01
9.450000e-06	-8.542555e-02	1.023222e+01
9.460000e-06	-8.736119e-02	1.008482e+01
9.470000e-06	-8.767647e-02	9.947509e+00
9.480000e-06	-8.831517e-02	9.748113e+00
9.490000e-06	-8.885559e-02	9.579618e+00
9.500000e-06	-8.754507e-02	9.422241e+00
9.510000e-06	-8.543708e-02	9.265824e+00
9.520000e-06	-8.204180e-02	9.098501e+00
9.530000e-06	-7.880262e-02	8.946508e+00
9.540000e-06	-7.477376e-02	8.748960e+00
9.550000e-06	-7.071777e-02	8.568610e+00
9.560000e-06	-6.765163e-02	8.411645e+00
9.570000e-06	-6.380094e-02	8.250796e+00
9.580000e-06	-5.896225e-02	8.022252e+00
9.590000e-06	-5.389480e-02	7.832717e+00
9.600000e-06	-4.965568e-02	7.632345e+00
9.610000e-06	-4.549037e-02	7.440293e+00
9.620000e-06	-4.249298e-02	7.221221e+00
9.630000e-06	-3.893507e-02	6.991117e+00
9.640000e-06	-3.509457e-02	6.841165e+00
9.650000e-06	-3.168777e-02	6.640319e+00
9.660000e-06	-2.892499e-02	6.409110e+00
9.670000e-06	-2.732520e-02	6.189109e+00
9.680000e-06	-2.419224e-02	6.020613e+00
9.690000e-06	-2.226311e-02	5.769692e+00
9.700000e-06	-2.052096e-02	5.547525e+00
9.710000e-06	-1.829416e-02	5.326978e+00
9.720000e-06	-1.590559e-02	5.014445e+00
9.730000e-06	-1.461672e-02	4.760588e+00
9.740000e-06	-1.425532e-02	4.577533e+00
9.750000e-06	-1.269204e-02	4.400113e+00
9.760000e-06	-1.206716e-02	4.097080e+00
9.770000e-06	-1.043029e-02	3.864396e+00
9.780000e-06	-1.111236e-02	3.683775e+00
9.790000e-06	-9.602017e-03	3.482846e+00
9.800000e-06	-8.730844e-03	3.200614e+00
9.810000e-06	-7.866813e-03	3.010006e+00
9.820000e-06	-7.901518e-03	2.801108e+00
9.830000e-06	-8.118285e-03	2.485980e+00
9.840000e-06	-6.282362e-03	2.294317e+00
9.850000e-06	-6.641640e-03	2.052762e+00
9.860000e-06	-6.882617e-03	1.852338e+00
9.870000e-06	-6.724654e-03	1.568034e+00
9.880000e-06	-6.193400e-03	1.305925e+00
9.890000e-06	-4.974265e-03	1.042818e+00
9.900000e-06	-5.635992e-03	7.800601e-01
9.910000e-06	-4.543556e-03	5.390527e-01
9.920000e-06	-4.682373e-03	3.475013e-01
9.930000e-06	-3.115990e-03	8.577050e-02
9.940000e-06	3.311411e-03	-1.262592e-01
9.950000e-06	1.768312e-03	-3.557884e-01
9.960000e-06	-2.071002e-03	-6.091922e-01
9.970000e-06	-1.862997e-03	-8.329774e-01
9.980000e-06	-6.214512e-04	-1.030400e+00
9.990000e-06	-2.278167e-03	-1.233001e+00
1.000000e-05	4.709050e-03	-1.507162e+00
1.001000e-05	3.705694e-02	-1.715712e+00
1.002000e-05	9.160667e-02	-1.914685e+00
1.003000e-05	-6.454546e-02	-2.169745e+00
1.004000e-05	-2.597388e-02	-2.526732e+00
1.005000e-05	-3.515353e-02	-2.759446e+00
1.006000e-05	-5.784500e-02	-3.010371e+00
1.007000e-05	-1.812662e-02	-3.159424e+00
1.008000e-05	1.890679e-01	-3.315263e+00
1.009000e-05	-1.656405e-01	-3.608266e+00
1.010000e-05	1.220245e-01	-3.821451e+00
1.011000e-05	2.184918e-03	-3.990526e+00
1.012000e-05	-1.072868e-01	-4.274057e+00
1.013000e-05	1.411431e-01	-4.442980e+00
1.014000e-05	-1.169790e-01	-4.725055e+00
1.015000e-05	3.366740e-02	-4.946318e+00
1.016000e-05	1.019831e-01	-5.116742e+00
1.017000e-05	-1.125739e-01	-5.430531e+00
1.018000e-05	1.244776e-01	-5.663083e+00
1.019000e-05	-1.515280e-01	-5.873111e+00
1.020000e-05	5.056971e-02	-6.103707e+00
1.021000e-05	5.184420e-02	-6.294064e+00
1.022000e-05	-2.718933e-02	-6.517722e+00
1.023000e-05	9.268911e-02	-6.724744e+00
1.024000e-05	-1.355734e-01	-6.907770e+00
1.025000e-05	1.012559e-01	-7.210246e+00
1.026000e-05	-4.568413e-02	-7.368849e+00
1.027000e-05	-3.897139e-04	-7.589375e+00
1.028000e-05	5.658547e-02	-7.809427e+00
1.029000e-05	-6.805899e-02	-8.019505e+00
1.030000e-05	9.147962e-02	-8.210506e+00
1.031000e-05	-7.469663e-02	-8.337850e+00
1.032000e-05	5.492262e-02	-8.567304e+00
1.033000e-05	-3.317136e-02	-8.698725e+00
1.034000e-05	1.004175e-02	-8.927721e+00
1.035000e-05	3.326760e-02	-9.084718e+00
1.036000e-05	-2.003377e-02	-9.233537e+00
1.037000e-05	4.050418e-02	-9.433033e+00
1.038000e-05	-5.534763e-02	-9.641033e+00
1.039000e-05	4.027144e-02	-9.738425e+00
1.040000e-05	-1.742215e-02	-9.894692e+00
1.041000e-05	3.238211e-02	-1.004419e+01
1.042000e-05	-8.466973e-04	-1.022144e+01
1.043000e-05	7.120190e-03	-1.037137e+01
1.044000e-05	7.112294e-03	-1.052775e+01
1.045000e-05	-1.305661e-02	-1.064369e+01
1.046000e-05	1.590456e-02	-1.076843e+01
1.047000e-05	1.769872e-03	-1.092637e+01
1.048000e-05	2.213677e-02	-1.099251e+01
1.049000e-05	-7.863925e-03	-1.115930e+01
1.050000e-05	9.902041e-03	-1.131624e+01
1.051000e-05	3.695050e-04	-1.136153e+01
1.052000e-05	1.083042e-02	-1.152788e+01
1.053000e-05	1.540374e-03	-1.164162e+01
1.054000e-05	1.080169e-02	-1.177100e+01
1.055000e-05	1.054440e-02	-1.185522e+01
1.056000e-05	4.031442e-03	-1.199113e+01
1.057000e-05	2.970066e-03	-1.211530e+01
1.058000e-05	2.054322e-03	-1.217951e+01
1.059000e-05	7.145899e-03	-1.220214e+01
1.060000e-05	9.515413e-03	-1.233582e+01
1.061000e-05	1.600205e-02	-1.239896e+01
1.062000e-05	8.014473e-03	-1.242425e+01
1.063000e-05	4.367329e-03	-1.256888e+01
1.064000e-05	1.809579e-03	-1.258854e+01
1.065000e-05	1.138489e-02	-1.264462e+01
1.066000e-05	1.226014e-02	-1.269530e+01
1.067000e-05	8.932027e-03	-1.272731e+01
1.068000e-05	6.716220e-03	-1.274006e+01
1.069000e-05	7.478281e-03	-1.285369e+01
1.070000e-05	9.877753e-03	-1.286375e+01
1.071000e-05	1.003692e-02	-1.289583e+01
1.072000e-05	1.041863e-02	-1.291728e+01
1.073000e-05	1.115580e-02	-1.294786e+01
1.074000e-05	1.413883e-02	-1.292843e+01
1.075000e-05	1.351911e-02	-1.294798e+01
1.076000e-05	1.052704e-02	-1.294946e+01
1.077000e-05	9.445805e-03	-1.292991e+01
1.078000e-05	1.207329e-02	-1.291706e+01
1.079000e-05	1.716350e-02	-1.291641e+01
1.080000e-05	1.848674e-02	-1.292938e+01
1.081000e-05	1.752450e-02	-1.288643e+01
1.082000e-05	1.516717e-02	-1.290583e+01
1.083000e-05	1.633856e-02	-1.288520e+01
1.084000e-05	1.936180e-02	-1.281169e+01
1.085000e-05	2.180407e-02	-1.282299e+01
1.086000e-05	2.290563e-02	-1.276056e+01
1.087000e-05	2.380030e-02	-1.267695e+01
1.088000e-05	2.488614e-02	-1.261429e+01
1.089000e-05	2.549238e-02	-1.254957e+01
1.090000e-05	2.658233e-02	-1.253746e+01
1.091000e-05	2.847517e-02	-1.248380e+01
1.092000e-05	3.175774e-02	-1.235060e+01
1.093000e-05	3.372111e-02	-1.229790e+01
1.094000e-05	3.403343e-02	-1.224325e+01
1.095000e-05	3.582410e-02	-1.217851e+01
1.096000e-05	3.580377e-02	-1.209635e+01
1.097000e-05	3.824287e-02	-1.198217e+01
1.098000e-05	4.275948e-02	-1.186583e+01
1.099000e-05	4.652620e-02	-1.174964e+01
1.100000e-05	4.781494e-02	-1.165583e+01
1.101000e-05	4.851058e-02	-1.155886e+01
1.102000e-05	5.088779e-02	-1.137272e+01
1.103000e-05	5.457407e-02	-1.127495e+01
1.104000e-05	5.770786e-02	-1.110054e+01
1.105000e-05	6.193936e-02	-1.100125e+01
1.106000e-05	6.416801e-02	-1.090480e+01
1.107000e-05	6.739537e-02	-1.077961e+01
1.108000e-05	6.975707e-02	-1.067372e+01
1.109000e-05	7.302178e-02	-1.049601e+01
1.110000e-05	7.688422e-02	-1.038167e+01
1.111000e-05	7.793415e-02	-1.022232e+01
1.112000e-05	8.018545e-02	-1.005528e+01
1.113000e-05	8.152360e-02	-9.928430e+00
1.114000e-05	8.140577e-02	-9.741108e+00
1.115000e-05	8.018127e-02	-9.644167e+00
1.116000e-05	7.911702e-02	-9.482899e+00
1.117000e-05	7.766589e-02	-9.246859e+00
1.118000e-05	7.604485e-02	-9.107454e+00
1.119000e-05	7.312870e-02	-8.950559e+00
1.120000e-05	6.835108e-02	-8.770066e+00
1.121000e-05	6.409900e-02	-8.620212e+00
1.122000e-05	5.981723e-02	-8.382591e+00
1.123000e-05	5.590204e-02	-8.232267e+00
1.124000e-05	5.266508e-02	-8.044898e+00
1.125000e-05	4.731326e-02	-7.894921e+00
1.126000e-05	4.313956e-02	-7.631745e+00
1.127000e-05	3.831143e-02	-7.404741e+00
1.128000e-05	3.463152e-02	-7.252242e+00
1.129000e-05	3.107232e-02	-6.994315e+00
1.130000e-05	2.787102e-02	-6.791115e+00
1.131000e-05	2.553484e-02	-6.632188e+00
1.132000e-05	2.062978e-02	-6.413238e+00
1.133000e-05	1.916346e-02	-6.201316e+00
1.134000e-05	1.544153e-02	-5.990037e+00
1.135000e-05	1.495225e-02	-5.748632e+00
1.136000e-05	1.129176e-02	-5.549520e+00
1.137000e-05	1.102700e-02	-5.318580e+00
1.138000e-05	7.087297e-03	-5.034844e+00
1.139000e-05	7.755437e-03	-4.770739e+00
1.140000e-05	5.394835e-03	-4.580110e+00
1.141000e-05	4.409132e-03	-4.399504e+00
1.142000e-05	3.078486e-03	-4.188537e+00
1.143000e-05	3.858909e-03	-3.980455e+00
1.144000e-05	2.208038e-03	-3.727330e+00
1.145000e-05	1.147175e-03	-3.454867e+00
1.146000e-05	-2.413419e-04	-3.254871e+00
1.147000e-05	5.039807e-04	-3.021785e+00
1.148000e-05	-2.560173e-03	-2.769080e+00
1.149000e-05	1.153120e-04	-2.559024e+00
1.150000e-05	-1.963320e-03	-2.367503e+00
1.151000e-05	-9.147379e-04	-2.064318e+00
1.152000e-05	-3.509068e-03	-1.834763e+00
1.153000e-05	-1.259178e-03	-1.611613e+00
1.154000e-05	-3.269844e-03	-1.317200e+00
1.155000e-05	-2.080037e-03	-1.074887e+00
1.156000e-05	-4.205376e-03	-8.327618e-01
1.157000e-05	-2.794496e-03	-6.021792e-01
1.158000e-05	-3.204301e-03	-3.295001e-01
1.159000e-05	-3.104654e-03	-1.194997e-01
1.160000e-05	5.314189e-03	9.403270e-02
1.161000e-05	3.883330e-04	3.852608e-01
1.162000e-05	5.286284e-04	5.472645e-01
1.163000e-05	-8.150990e-04	7.982869e-01
1.164000e-05	-1.248985e-03	9.792935e-01
1.165000e-05	-1.707311e-03	1.301523e+00
1.166000e-05	-4.213596e-04	1.483683e+00
1.167000e-05	1.433150e-02	1.768288e+00
1.168000e-05	5.708195e-02	1.936816e+00
1.169000e-05	4.286591e-02	2.218871e+00
1.170000e-05	-7.531187e-02	2.464504e+00
1.171000e-05	-2.266484e-02	2.786813e+00
1.172000e-05	-3.630475e-02	2.936718e+00
1.173000e-05	-4.558559e-02	3.136666e+00
1.174000e-05	-2.266639e-02	3.313587e+00
1.175000e-05	1.661913e-01	3.557715e+00
1.176000e-05	-1.391051e-01	3.746246e+00
1.177000e-05	3.957248e-02	3.936718e+00
1.178000e-05	7.788330e-02	4.178819e+00
1.179000e-05	-1.211762e-01	4.451507e+00
1.180000e-05	7.175478e-02	4.641027e+00
1.181000e-05	-4.233294e-02	4.934112e+00
1.182000e-05	-5.245592e-03	5.198346e+00
1.183000e-05	4.732690e-02	5.410504e+00
1.184000e-05	-4.150771e-02	5.641481e+00
1.185000e-05	1.994634e-02	5.862087e+00
1.186000e-05	-4.089423e-02	6.094615e+00
1.187000e-05	-5.094491e-03	6.284690e+00
1.188000e-05	7.701890e-03	6.483641e+00
1.189000e-05	8.428929e-03	6.766798e+00
1.190000e-05	3.266175e-02	6.926771e+00
1.191000e-05	-6.909760e-02	7.107295e+00
1.192000e-05	3.005614e-02	7.386245e+00
1.193000e-05	-2.172252e-02	7.549271e+00
1.194000e-05	-6.547277e-03	7.758852e+00
1.195000e-05	1.218089e-02	8.020882e+00
1.196000e-05	-1.778249e-02	8.201507e+00
1.197000e-05	9.639034e-03	8.377804e+00
1.198000e-05	-2.536663e-02	8.517744e+00
1.199000e-05	-3.371172e-03	8.675187e+00
1.200000e-05	-1.108919e-02	8.902638e+00
1.201000e-05	1.759473e-04	9.095113e+00
1.202000e-05	2.435722e-04	9.253639e+00
1.203000e-05	-1.406838e-02	9.390405e+00
1.204000e-05	1.942385e-03	9.566877e+00
1.205000e-05	-1.964970e-02	9.725847e+00
1.206000e-05	-7.215823e-03	9.894169e+00
1.207000e-05	-7.355863e-03	1.005204e+01
1.208000e-05	1.305261e-03	1.019011e+01
1.209000e-05	-6.002102e-03	1.032682e+01
1.210000e-05	-1.192383e-02	1.050419e+01
1.211000e-05	-8.347066e-03	1.060206e+01
1.212000e-05	-1.363896e-02	1.077943e+01
1.213000e-05	-1.019295e-02	1.090627e+01
1.214000e-05	-7.199955e-03	1.104204e+01
1.215000e-05	-1.532128e-03	1.110680e+01
1.216000e-05	-9.112583e-03	1.129354e+01
1.217000e-05	-1.471858e-02	1.140049e+01
1.218000e-05	-1.080414e-02	1.153628e+01
1.219000e-05	-8.357760e-03	1.164409e+01
1.220000e-05	-9.728797e-03	1.172735e+01
1.221000e-05	-1.095582e-02	1.184422e+01
1.222000e-05	-7.944962e-03	1.192640e+01
1.223000e-05	-1.189026e-02	1.203159e+01
1.224000e-05	-1.600513e-02	1.217628e+01
1.225000e-05	-1.263634e-02	1.220104e+01
1.226000e-05	-1.071707e-02	1.223480e+01
1.227000e-05	-8.376778e-03	1.236993e+01
1.228000e-05	-9.981960e-03	1.248167e+01
1.229000e-05	-1.022582e-02	1.251523e+01
1.230000e-05	-1.508987e-02	1.254846e+01
1.231000e-05	-1.675151e-02	1.259156e+01
1.232000e-05	-1.441574e-02	1.266480e+01
1.233000e-05	-1.209442e-02	1.268470e+01
1.234000e-05	-1.386517e-02	1.272688e+01
1.235000e-05	-1.395454e-02	1.276787e+01
1.236000e-05	-1.491067e-02	1.280106e+01
1.237000e-05	-1.753627e-02	1.283312e+01
1.238000e-05	-1.528411e-02	1.287512e+01
1.239000e-05	-1.549893e-02	1.289425e+01
1.240000e-05	-1.523706e-02	1.292428e+01
1.241000e-05	-1.637824e-02	1.293536e+01
1.242000e-05	-1.736168e-02	1.291728e+01
1.243000e-05	-2.028694e-02	1.290643e+01
1.244000e-05	-2.123751e-02	1.291568e+01
1.245000e-05	-2.005695e-02	1.290690e+01
1.246000e-05	-1.966232e-02	1.288680e+01
1.247000e-05	-2.109863e-02	1.287322e+01
1.248000e-05	-2.313794e-02	1.284373e+01
1.249000e-05	-2.494927e-02	1.281254e+01
1.250000e-05	-2.649441e-02	1.274947e+01
1.251000e-05	-2.697510e-02	1.274741e+01
1.252000e-05	-2.720225e-02	1.270377e+01
1.253000e-05	-2.880336e-02	1.267320e+01
1.254000e-05	-2.953929e-02	1.263211e+01
1.255000e-05	-3.308059e-02	1.259796e+01
1.256000e-05	-3.406848e-02	1.250585e+01
1.257000e-05	-3.633452e-02	1.248427e+01
1.258000e-05	-3.766901e-02	1.237254e+01
1.259000e-05	-3.805365e-02	1.228743e+01
1.260000e-05	-3.964708e-02	1.220120e+01
1.261000e-05	-4.162995e-02	1.211843e+01
1.262000e-05	-4.571503e-02	1.208425e+01
1.263000e-05	-4.698032e-02	1.196862e+01
1.264000e-05	-4.967323e-02	1.190380e+01
1.265000e-05	-4.967700e-02	1.175864e+01
1.266000e-05	-5.376318e-02	1.162330e+01
1.267000e-05	-5.481707e-02	1.155999e+01
1.268000e-05	-5.983624e-02	1.140214e+01
1.269000e-05	-6.152496e-02	1.132433e+01
1.270000e-05	-6.596283e-02	1.112846e+01
1.271000e-05	-6.773797e-02	1.103272e+01
1.272000e-05	-7.142275e-02	1.093743e+01
1.273000e-05	-7.305376e-02	1.082121e+01
1.274000e-05	-7.833022e-02	1.065385e+01
1.275000e-05	-8.045153e-02	1.053693e+01
1.276000e-05	-8.426446e-02	1.036111e+01
1.277000e-05	-8.578900e-02	1.022277e+01
1.278000e-05	-8.736499e-02	1.011585e+01
1.279000e-05	-8.765295e-02	9.946532e+00
1.280000e-05	-8.884149e-02	9.738586e+00
1.281000e-05	-8.798024e-02	9.570592e+00
1.282000e-05	-8.827057e-02	9.423194e+00
1.283000e-05	-8.600808e-02	9.295225e+00
1.284000e-05	-8.228664e-02	9.170008e+00
1.285000e-05	-7.994304e-02	8.918536e+00
1.286000e-05	-7.286626e-02	8.738108e+00
1.287000e-05	-7.094053e-02	8.559637e+00
1.288000e-05	-6.703509e-02	8.431196e+00
1.289000e-05	-6.416757e-02	8.252795e+00
1.290000e-05	-6.023074e-02	8.082823e+00
1.291000e-05	-5.422103e-02	7.842770e+00
1.292000e-05	-5.159207e-02	7.633843e+00
1.293000e-05	-4.624534e-02	7.402842e+00
1.294000e-05	-4.101667e-02	7.241114e+00
1.295000e-05	-3.722683e-02	7.021222e+00
1.296000e-05	-3.392786e-02	6.841738e+00
1.297000e-05	-3.257606e-02	6.632293e+00
1.298000e-05	-2.862800e-02	6.391663e+00
1.299000e-05	-2.793988e-02	6.179688e+00
1.300000e-05	-2.553004e-02	6.002186e+00
1.301000e-05	-2.310786e-02	5.751163e+00
1.302000e-05	-1.962054e-02	5.599051e+00
1.303000e-05	-1.816134e-02	5.377553e+00
1.304000e-05	-1.547478e-02	5.096976e+00
1.305000e-05	-1.432308e-02	4.810689e+00
1.306000e-05	-1.381703e-02	4.600108e+00
1.307000e-05	-1.181891e-02	4.430057e+00
1.308000e-05	-1.147058e-02	4.128078e+00
1.309000e-05	-1.189702e-02	3.884877e+00
1.310000e-05	-1.278320e-02	3.675245e+00
1.311000e-05	-9.292050e-03	3.465992e+00
1.312000e-05	-8.217357e-03	3.222136e+00
1.313000e-05	-7.561773e-03	3.010660e+00
1.314000e-05	-8.429584e-03	2.801606e+00
1.315000e-05	-7.460314e-03	2.537105e+00
1.316000e-05	-6.632365e-03	2.245377e+00
1.317000e-05	-6.223589e-03	2.033815e+00
1.318000e-05	-7.356502e-03	1.852787e+00
1.319000e-05	-6.751005e-03	1.588579e+00
1.320000e-05	-6.943632e-03	1.307525e+00
1.321000e-05	-4.934807e-03	1.053919e+00
1.322000e-05	-5.962047e-03	7.921304e-01
1.323000e-05	-4.684375e-03	5.885275e-01
1.324000e-05	-4.043498e-03	3.485250e-01
1.325000e-05	-3.382700e-03	8.537081e-02
1.326000e-05	2.583307e-03	-1.357369e-01
1.327000e-05	2.316348e-03	-3.468620e-01
1.328000e-05	-3.712714e-03	-5.671393e-01
1.329000e-05	1.222783e-03	-8.018488e-01
1.330000e-05	-2.602449e-03	-1.000520e+00
1.331000e-05	7.947985e-04	-1.262928e+00
1.332000e-05	7.453988e-04	-1.534209e+00
1.333000e-05	3.472818e-02	-1.684260e+00
1.334000e-05	9.052404e-02	-1.884609e+00
1.335000e-05	-5.563668e-02	-2.199245e+00
1.336000e-05	-3.094727e-02	-2.527236e+00
1.337000e-05	-3.029413e-02	-2.807416e+00
1.338000e-05	-5.581211e-02	-3.009822e+00
1.339000e-05	-3.308187e-02	-3.180424e+00
1.340000e-05	1.945776e-01	-3.285110e+00
1.341000e-05	-1.514696e-01	-3.565742e+00
1.342000e-05	9.796298e-02	-3.810345e+00
1.343000e-05	3.309757e-02	-4.000868e+00
1.344000e-05	-1.240201e-01	-4.221976e+00
1.345000e-05	1.460269e-01	-4.452478e+00
1.346000e-05	-1.064643e-01	-4.683060e+00
1.347000e-05	1.222352e-02	-4.906189e+00
1.348000e-05	1.167844e-01	-5.094161e+00
1.349000e-05	-1.177033e-01	-5.452999e+00
1.350000e-05	1.248760e-01	-5.683112e+00
1.351000e-05	-1.382268e-01	-5.844506e+00
1.352000e-05	2.798931e-02	-6.072109e+00
1.353000e-05	6.731294e-02	-6.243486e+00
1.354000e-05	-4.062423e-02	-6.558195e+00
1.355000e-05	1.023451e-01	-6.725742e+00
1.356000e-05	-1.340255e-01	-6.927216e+00
1.357000e-05	8.943037e-02	-7.168900e+00
1.358000e-05	-2.803897e-02	-7.308795e+00
1.359000e-05	-1.795233e-02	-7.576265e+00
1.360000e-05	7.069757e-02	-7.750402e+00
1.361000e-05	-7.682510e-02	-8.030001e+00
1.362000e-05	9.475612e-02	-8.190430e+00
1.363000e-05	-6.859692e-02	-8.365755e+00
1.364000e-05	4.658185e-02	-8.537800e+00
1.365000e-05	-2.540545e-02	-8.748674e+00
1.366000e-05	-1.888072e-03	-8.935750e+00
1.367000e-05	4.087106e-02	-9.074140e+00
1.368000e-05	-2.440634e-02	-9.240562e+00
1.369000e-05	4.659405e-02	-9.422612e+00
1.370000e-05	-5.344202e-02	-9.589029e+00
1.371000e-05	3.712768e-02	-9.729374e+00
1.372000e-05	-1.305487e-02	-9.906661e+00
1.373000e-05	2.707504e-02	-1.006004e+01
1.374000e-05	3.957271e-03	-1.020893e+01
1.375000e-05	3.591469e-04	-1.032953e+01
1.376000e-05	9.375842e-03	-1.050730e+01
1.377000e-05	-1.543711e-02	-1.067261e+01
1.378000e-05	1.767988e-02	-1.071690e+01
1.379000e-05	2.174371e-04	-1.094522e+01
1.380000e-05	2.252753e-02	-1.101207e+01
1.381000e-05	-6.069860e-03	-1.114941e+01
1.382000e-05	1.088123e-02	-1.129622e+01
1.383000e-05	1.767515e-03	-1.139089e+01
1.384000e-05	8.401777e-03	-1.151100e+01
1.385000e-05	1.009029e-03	-1.164310e+01
1.386000e-05	8.910585e-03	-1.178151e+01
1.387000e-05	1.188416e-02	-1.182552e+01
1.388000e-05	6.117521e-03	-1.201831e+01
1.389000e-05	3.679943e-03	-1.208425e+01
1.390000e-05	1.450532e-03	-1.215093e+01
1.391000e-05	8.129482e-03	-1.223317e+01
1.392000e-05	8.656133e-03	-1.231375e+01
1.393000e-05	1.518207e-02	-1.238988e+01
1.394000e-05	7.826618e-03	-1.248222e+01
1.395000e-05	5.089929e-03	-1.255651e+01
1.396000e-05	2.347336e-03	-1.258141e+01
1.397000e-05	1.073732e-02	-1.260417e+01
1.398000e-05	1.156083e-02	-1.265480e+01
1.399000e-05	9.432304e-03	-1.272051e+01
1.400000e-05	8.161205e-03	-1.280049e+01
1.401000e-05	7.596529e-03	-1.287266e+01
1.402000e-05	1.070169e-02	-1.286322e+01
1.403000e-05	9.062198e-03	-1.291480e+01
1.404000e-05	1.033350e-02	-1.292733e+01
1.405000e-05	9.433809e-03	-1.291540e+01
1.406000e-05	1.419902e-02	-1.291491e+01
1.407000e-05	1.371690e-02	-1.292943e+01
1.408000e-05	1.107725e-02	-1.295548e+01
1.409000e-05	9.180054e-03	-1.294898e+01
1.410000e-05	1.285661e-02	-1.294893e+01
1.411000e-05	1.640084e-02	-1.295836e+01
1.412000e-05	1.751421e-02	-1.287890e+01
1.413000e-05	1.787295e-02	-1.292533e+01
1.414000e-05	1.561505e-02	-1.288435e+01
1.415000e-05	1.608454e-02	-1.287330e+01
1.416000e-05	1.833173e-02	-1.286367e+01
1.417000e-05	2.195967e-02	-1.280214e+01
1.418000e-05	2.367844e-02	-1.276051e+01
1.419000e-05	2.265965e-02	-1.269640e+01
1.420000e-05	2.394776e-02	-1.267464e+01
1.421000e-05	2.624983e-02	-1.260064e+01
1.422000e-05	2.552575e-02	-1.253741e+01
1.423000e-05	2.754786e-02	-1.244540e+01
1.424000e-05	3.112928e-02	-1.239167e+01
1.425000e-05	3.322952e-02	-1.233854e+01
1.426000e-05	3.328933e-02	-1.222372e+01
1.427000e-05	3.520217e-02	-1.217049e+01
1.428000e-05	3.672140e-02	-1.208483e+01
1.429000e-05	3.870441e-02	-1.201269e+01
1.430000e-05	4.162243e-02	-1.191437e+01
1.431000e-05	4.426363e-02	-1.176004e+01
1.432000e-05	4.799632e-02	-1.164490e+01
1.433000e-05	4.882626e-02	-1.156746e+01
1.434000e-05	5.062928e-02	-1.145327e+01
1.435000e-05	5.405642e-02	-1.131638e+01
1.436000e-05	5.743436e-02	-1.113501e+01
1.437000e-05	6.057350e-02	-1.100172e+01
1.438000e-05	6.350183e-02	-1.088540e+01
1.439000e-05	6.784345e-02	-1.078969e+01
1.440000e-05	6.955295e-02	-1.068480e+01
1.441000e-05	7.165474e-02	-1.051808e+01
1.442000e-05	7.534743e-02	-1.040261e+01
1.443000e-05	7.904575e-02	-1.019275e+01
1.444000e-05	8.078697e-02	-1.006530e+01
1.445000e-05	8.035126e-02	-9.955979e+00
1.446000e-05	8.065991e-02	-9.780590e+00
1.447000e-05	8.041568e-02	-9.593269e+00
1.448000e-05	7.902082e-02	-9.444328e+00
1.449000e-05	7.772500e-02	-9.254379e+00
1.450000e-05	7.677905e-02	-9.128381e+00
1.451000e-05	7.386848e-02	-8.989214e+00
1.452000e-05	6.780731e-02	-8.822641e+00
1.453000e-05	6.415378e-02	-8.591067e+00
1.454000e-05	6.080058e-02	-8.401713e+00
1.455000e-05	5.750384e-02	-8.244318e+00
1.456000e-05	5.061764e-02	-8.094896e+00
1.457000e-05	4.767624e-02	-7.844952e+00
1.458000e-05	4.429402e-02	-7.612275e+00
1.459000e-05	3.816250e-02	-7.423816e+00
1.460000e-05	3.359276e-02	-7.253222e+00
1.461000e-05	3.113026e-02	-7.043816e+00
1.462000e-05	2.847506e-02	-6.812115e+00
1.463000e-05	2.487681e-02	-6.582168e+00
1.464000e-05	2.087854e-02	-6.393214e+00
1.465000e-05	2.006229e-02	-6.230795e+00
1.466000e-05	1.660098e-02	-5.970085e+00
1.467000e-05	1.426744e-02	-5.728113e+00
1.468000e-05	1.200126e-02	-5.569032e+00
1.469000e-05	1.147025e-02	-5.318504e+00
1.470000e-05	8.164814e-03	-5.034824e+00
1.471000e-05	6.963534e-03	-4.791168e+00
1.472000e-05	5.040124e-03	-4.578630e+00
1.473000e-05	5.613261e-03	-4.379658e+00
1.474000e-05	2.440090e-03	-4.168131e+00
1.475000e-05	4.780337e-03	-3.989128e+00
1.476000e-05	1.356924e-03	-3.677129e+00
1.477000e-05	1.925902e-03	-3.505894e+00
1.478000e-05	-1.205324e-03	-3.214772e+00
1.479000e-05	2.373238e-04	-3.053771e+00
1.480000e-05	-2.210790e-03	-2.790004e+00
1.481000e-05	4.615501e-04	-2.528104e+00
1.482000e-05	-1.744242e-03	-2.340000e+00
1.483000e-05	-1.915060e-04	-2.094471e+00
1.484000e-05	-4.120394e-03	-1.844834e+00
1.485000e-05	-3.418218e-03	-1.642784e+00
1.486000e-05	-3.059824e-03	-1.329630e+00
1.487000e-05	-1.588222e-03	-1.073392e+00
1.488000e-05	-3.068982e-03	-8.343143e-01
1.489000e-05	-2.655614e-03	-6.197879e-01
1.490000e-05	-3.509592e-03	-3.580049e-01
1.491000e-05	-2.230557e-03	-1.190537e-01
1.492000e-05	3.789131e-03	8.208020e-02
1.493000e-05	7.135811e-04	3.546867e-01
1.494000e-05	-1.539439e-03	5.463092e-01
1.495000e-05	3.500528e-04	7.566695e-01
1.496000e-05	-2.247757e-03	1.009392e+00
1.497000e-05	-1.360984e-03	1.260948e+00
1.498000e-05	-1.706405e-03	1.511503e+00
1.499000e-05	1.305243e-02	1.763761e+00
1.500000e-05	5.232954e-02	1.946740e+00
1.501000e-05	5.095490e-02	2.208742e+00
1.502000e-05	-7.386259e-02	2.461952e+00
1.503000e-05	-2.266281e-02	2.735266e+00
1.504000e-05	-3.775472e-02	2.987741e+00
1.505000e-05	-4.157893e-02	3.166766e+00
1.506000e-05	-3.466822e-02	3.282535e+00
1.507000e-05	1.657712e-01	3.514640e+00
1.508000e-05	-1.219196e-01	3.776716e+00
1.509000e-05	1.282806e-02	3.936692e+00
1.510000e-05	9.954483e-02	4.170345e+00
1.511000e-05	-1.274938e-01	4.451977e+00
1.512000e-05	6.722850e-02	4.640008e+00
1.513000e-05	-3.230432e-02	4.912536e+00
1.514000e-05	-1.170862e-02	5.147347e+00
1.515000e-05	5.031908e-02	5.491479e+00
1.516000e-05	-4.310426e-02	5.660403e+00
1.517000e-05	1.656186e-02	5.841483e+00
1.518000e-05	-3.844985e-02	6.062209e+00
1.519000e-05	-1.066610e-02	6.284137e+00
1.520000e-05	1.322046e-02	6.514586e+00
1.521000e-05	4.570164e-03	6.724212e+00
1.522000e-05	3.668940e-02	6.956698e+00
1.523000e-05	-6.873190e-02	7.133220e+00
1.524000e-05	2.545068e-02	7.335223e+00
1.525000e-05	-1.637038e-02	7.578696e+00
1.526000e-05	-1.454737e-02	7.778822e+00
1.527000e-05	1.634770e-02	8.019331e+00
1.528000e-05	-1.812895e-02	8.189929e+00
1.529000e-05	1.091251e-02	8.387804e+00
1.530000e-05	-2.570848e-02	8.526850e+00
1.531000e-05	-5.559942e-03	8.655741e+00
1.532000e-05	-7.221054e-03	8.902089e+00
1.533000e-05	-2.765293e-04	9.042088e+00
1.534000e-05	1.284076e-03	9.231984e+00
1.535000e-05	-1.670277e-02	9.389904e+00
1.536000e-05	3.769884e-03	9.547275e+00
1.537000e-05	-1.812453e-02	9.735674e+00
1.538000e-05	-8.118098e-03	9.884170e+00
1.539000e-05	-7.816107e-03	1.006213e+01
1.540000e-05	9.563521e-04	1.020848e+01
1.541000e-05	-3.585898e-03	1.032573e+01
1.542000e-05	-1.325705e-02	1.046714e+01
1.543000e-05	-7.914269e-03	1.058141e+01
1.544000e-05	-1.483732e-02	1.078888e+01
1.545000e-05	-9.498296e-03	1.091580e+01
1.546000e-05	-7.916221e-03	1.102003e+01
1.547000e-05	-3.202915e-04	1.109870e+01
1.548000e-05	-8.243033e-03	1.127275e+01
1.549000e-05	-1.478472e-02	1.139794e+01
1.550000e-05	-1.086777e-02	1.146675e+01
1.551000e-05	-8.821222e-03	1.165207e+01
1.552000e-05	-8.682968e-03	1.174836e+01
1.553000e-05	-1.139107e-02	1.184267e+01
1.554000e-05	-7.523493e-03	1.193586e+01
1.555000e-05	-1.088702e-02	1.200109e+01
1.556000e-05	-1.521373e-02	1.214985e+01
1.557000e-05	-1.359900e-02	1.221949e+01
1.558000e-05	-1.159053e-02	1.225522e+01
1.559000e-05	-8.690029e-03	1.234993e+01
1.560000e-05	-9.276420e-03	1.245264e+01
1.561000e-05	-1.019272e-02	1.250570e+01
1.562000e-05	-1.433617e-02	1.254843e+01
1.563000e-05	-1.661033e-02	1.261004e+01
1.564000e-05	-1.433333e-02	1.267274e+01
1.565000e-05	-1.196090e-02	1.268678e+01
1.566000e-05	-1.330960e-02	1.273645e+01
1.567000e-05	-1.437826e-02	1.279996e+01
1.568000e-05	-1.617999e-02	1.281162e+01
1.569000e-05	-1.688810e-02	1.282120e+01
1.570000e-05	-1.523049e-02	1.284163e+01
1.571000e-05	-1.608468e-02	1.289425e+01
1.572000e-05	-1.529220e-02	1.291633e+01
1.573000e-05	-1.558796e-02	1.290686e+01
1.574000e-05	-1.634254e-02	1.291638e+01
1.575000e-05	-2.130388e-02	1.294631e+01
1.576000e-05	-2.184762e-02	1.292676e+01
1.577000e-05	-2.014249e-02	1.289685e+01
1.578000e-05	-2.059708e-02	1.288486e+01
1.579000e-05	-2.126044e-02	1.286578e+01
1.580000e-05	-2.219378e-02	1.283322e+01
1.581000e-05	-2.403125e-02	1.282304e+01
1.582000e-05	-2.600696e-02	1.278147e+01
1.583000e-05	-2.793967e-02	1.272643e+01
1.584000e-05	-2.658108e-02	1.270535e+01
1.585000e-05	-2.896937e-02	1.264367e+01
1.586000e-05	-2.941605e-02	1.261016e+01
1.587000e-05	-3.381735e-02	1.256799e+01
1.588000e-05	-3.391954e-02	1.248633e+01
1.589000e-05	-3.678252e-02	1.245422e+01
1.590000e-05	-3.778714e-02	1.242114e+01
1.591000e-05	-3.860782e-02	1.228848e+01
1.592000e-05	-3.880984e-02	1.219314e+01
1.593000e-05	-4.296574e-02	1.216646e+01
1.594000e-05	-4.474876e-02	1.205272e+01
1.595000e-05	-4.638774e-02	1.196016e+01
1.596000e-05	-4.845149e-02	1.188425e+01
1.597000e-05	-5.112695e-02	1.177064e+01
1.598000e-05	-5.299318e-02	1.165427e+01
1.599000e-05	-5.450618e-02	1.155001e+01
1.600000e-05	-5.840636e-02	1.139007e+01
1.601000e-05	-6.183868e-02	1.128641e+01
1.602000e-05	-6.512601e-02	1.117046e+01
1.603000e-05	-6.756596e-02	1.106377e+01
1.604000e-05	-7.183020e-02	1.094694e+01
1.605000e-05	-7.344878e-02	1.084119e+01
1.606000e-05	-7.771377e-02	1.070533e+01
1.607000e-05	-8.072724e-02	1.050643e+01
1.608000e-05	-8.360270e-02	1.037014e+01
1.609000e-05	-8.452478e-02	1.022177e+01
1.610000e-05	-8.798774e-02	1.009683e+01
1.611000e-05	-8.751731e-02	9.958560e+00
1.612000e-05	-8.832476e-02	9.779164e+00
1.613000e-05	-8.820138e-02	9.602094e+00
1.614000e-05	-8.782933e-02	9.420696e+00
1.615000e-05	-8.553947e-02	9.285800e+00
1.616000e-05	-8.270403e-02	9.166509e+00
1.617000e-05	-7.901724e-02	8.898561e+00
1.618000e-05	-7.614040e-02	8.768034e+00
1.619000e-05	-7.100231e-02	8.560165e+00
1.620000e-05	-6.820461e-02	8.422716e+00
1.621000e-05	-6.278699e-02	8.285296e+00
1.622000e-05	-5.921481e-02	8.054268e+00
1.623000e-05	-5.429680e-02	7.845818e+00
1.624000e-05	-5.041153e-02	7.652749e+00
1.625000e-05	-4.684856e-02	7.442746e+00
1.626000e-05	-4.220557e-02	7.212643e+00
1.627000e-05	-3.888512e-02	7.022718e+00
1.628000e-05	-3.536002e-02	6.822639e+00
1.629000e-05	-3.185994e-02	6.622763e+00
1.630000e-05	-2.923032e-02	6.402165e+00
1.631000e-05	-2.616992e-02	6.191589e+00
1.632000e-05	-2.520436e-02	6.042139e+00
1.633000e-05	-2.167012e-02	5.781764e+00
1.634000e-05	-2.005397e-02	5.568560e+00
1.635000e-05	-1.913731e-02	5.307584e+00
1.636000e-05	-1.745824e-02	5.113948e+00
1.637000e-05	-1.442055e-02	4.790691e+00
1.638000e-05	-1.413224e-02	4.599658e+00
1.639000e-05	-1.273465e-02	4.392562e+00
1.640000e-05	-1.241537e-02	4.168083e+00
1.641000e-05	-9.831286e-03	3.956447e+00
1.642000e-05	-1.091371e-02	3.685376e+00
1.643000e-05	-1.030829e-02	3.484921e+00
1.644000e-05	-1.113185e-02	3.222313e+00
1.645000e-05	-8.797140e-03	3.021555e+00
1.646000e-05	-8.225779e-03	2.820135e+00
1.647000e-05	-7.307469e-03	2.548959e+00
1.648000e-05	-6.581511e-03	2.285321e+00
1.649000e-05	-6.309342e-03	2.062792e+00
1.650000e-05	-6.051937e-03	1.893867e+00
1.651000e-05	-7.512641e-03	1.570108e+00
1.652000e-05	-6.243453e-03	1.368975e+00
1.653000e-05	-5.565306e-03	1.077487e+00
1.654000e-05	-5.432391e-03	8.215566e-01
1.655000e-05	-5.562268e-03	5.700789e-01
1.656000e-05	-4.251995e-03	4.075050e-01
1.657000e-05	-3.370409e-03	9.581970e-02
1.658000e-05	1.985516e-03	-1.166843e-01
1.659000e-05	2.821164e-03	-3.162883e-01
1.660000e-05	-4.266548e-03	-5.065895e-01
1.661000e-05	2.020336e-03	-7.814185e-01
1.662000e-05	-4.198968e-03	-1.018898e+00
1.663000e-05	8.476536e-04	-1.220475e+00
1.664000e-05	3.653455e-04	-1.483732e+00
1.665000e-05	3.223300e-02	-1.674234e+00
1.666000e-05	9.154442e-02	-1.894056e+00
1.667000e-05	-4.619451e-02	-2.169192e+00
1.668000e-05	-3.902193e-02	-2.516232e+00
1.669000e-05	-2.630873e-02	-2.776922e+00
1.670000e-05	-5.471216e-02	-2.998320e+00
1.671000e-05	-4.543663e-02	-3.228450e+00
1.672000e-05	1.953533e-01	-3.295162e+00
1.673000e-05	-1.377101e-01	-3.526187e+00
1.674000e-05	6.888624e-02	-3.800401e+00
1.675000e-05	6.023889e-02	-4.008299e+00
1.676000e-05	-1.423949e-01	-4.240005e+00
1.677000e-05	1.472234e-01	-4.400428e+00
1.678000e-05	-9.386684e-02	-4.650486e+00
1.679000e-05	-8.705480e-03	-4.885219e+00
1.680000e-05	1.303699e-01	-5.065089e+00
1.681000e-05	-1.213245e-01	-5.380375e+00
1.682000e-05	1.189214e-01	-5.620033e+00
1.683000e-05	-1.219614e-01	-5.792033e+00
1.684000e-05	5.477685e-03	-6.101558e+00
1.685000e-05	8.388478e-02	-6.262035e+00
1.686000e-05	-4.876649e-02	-6.505690e+00
1.687000e-05	1.074217e-01	-6.674643e+00
1.688000e-05	-1.299137e-01	-6.937091e+00
1.689000e-05	7.442233e-02	-7.188270e+00
1.690000e-05	-8.444968e-03	-7.318270e+00
1.691000e-05	-3.454733e-02	-7.538775e+00
1.692000e-05	8.273667e-02	-7.758422e+00
1.693000e-05	-8.364642e-02	-7.988377e+00
1.694000e-05	9.320681e-02	-8.178828e+00
1.695000e-05	-6.287220e-02	-8.327872e+00
1.696000e-05	3.898668e-02	-8.526797e+00
1.697000e-05	-1.422437e-02	-8.717252e+00
1.698000e-05	-1.246665e-02	-8.926771e+00
1.699000e-05	4.917121e-02	-9.063209e+00
1.700000e-05	-2.788187e-02	-9.192533e+00
1.701000e-05	4.807487e-02	-9.420434e+00
1.702000e-05	-5.498453e-02	-9.561005e+00
1.703000e-05	3.219436e-02	-9.728376e+00
1.704000e-05	-8.072030e-03	-9.873268e+00
1.705000e-05	2.222733e-02	-1.004106e+01
1.706000e-05	9.077672e-03	-1.018948e+01
1.707000e-05	-3.985194e-03	-1.037940e+01
1.708000e-05	1.450817e-02	-1.047525e+01
1.709000e-05	-1.752782e-02	-1.065307e+01
1.710000e-05	1.773709e-02	-1.073787e+01
1.711000e-05	-8.987187e-04	-1.090469e+01
1.712000e-05	2.284581e-02	-1.101208e+01
1.713000e-05	-5.854065e-03	-1.113630e+01
1.714000e-05	9.533037e-03	-1.129630e+01
1.715000e-05	1.986386e-03	-1.138888e+01
1.716000e-05	7.963938e-03	-1.152738e+01
1.717000e-05	2.488588e-03	-1.161214e+01
1.718000e-05	7.818411e-03	-1.177991e+01
1.719000e-05	1.352565e-02	-1.186510e+01
1.720000e-05	4.972196e-03	-1.199046e+01
1.721000e-05	4.469385e-03	-1.209672e+01
1.722000e-05	1.442750e-03	-1.214746e+01
1.723000e-05	7.824160e-03	-1.222219e+01
1.724000e-05	8.822806e-03	-1.230427e+01
1.725000e-05	1.536548e-02	-1.239051e+01
1.726000e-05	8.408114e-03	-1.244212e+01
1.727000e-05	4.162761e-03	-1.251738e+01
1.728000e-05	2.431495e-03	-1.258846e+01
1.729000e-05	1.054891e-02	-1.261264e+01
1.730000e-05	1.239666e-02	-1.268523e+01
1.731000e-05	9.066524e-03	-1.276838e+01
1.732000e-05	9.144218e-03	-1.278994e+01
1.733000e-05	8.334986e-03	-1.283270e+01
1.734000e-05	9.808145e-03	-1.288422e+01
1.735000e-05	9.740386e-03	-1.290525e+01
1.736000e-05	1.019865e-02	-1.289488e+01
1.737000e-05	1.150136e-02	-1.294537e+01
1.738000e-05	1.365861e-02	-1.293888e+01
1.739000e-05	1.334950e-02	-1.293893e+01
1.740000e-05	1.015423e-02	-1.295798e+01
1.741000e-05	9.720276e-03	-1.293843e+01
1.742000e-05	1.290689e-02	-1.295738e+01
1.743000e-05	1.519073e-02	-1.293846e+01
1.744000e-05	1.855285e-02	-1.293640e+01
1.745000e-05	1.740921e-02	-1.290695e+01
1.746000e-05	1.670628e-02	-1.288680e+01
1.747000e-05	1.596956e-02	-1.287377e+01
1.748000e-05	1.734645e-02	-1.284367e+01
1.749000e-05	2.134826e-02	-1.280269e+01
1.750000e-05	2.390789e-02	-1.276151e+01
1.751000e-05	2.370685e-02	-1.271800e+01
1.752000e-05	2.341595e-02	-1.264515e+01
1.753000e-05	2.564376e-02	-1.259954e+01
1.754000e-05	2.611666e-02	-1.255746e+01
1.755000e-05	2.781901e-02	-1.242483e+01
1.756000e-05	3.023073e-02	-1.245170e+01
1.757000e-05	3.461160e-02	-1.231601e+01
1.758000e-05	3.415218e-02	-1.223317e+01
1.759000e-05	3.526352e-02	-1.219008e+01
1.760000e-05	3.561058e-02	-1.207482e+01
1.761000e-05	3.959126e-02	-1.198069e+01
1.762000e-05	4.207179e-02	-1.188638e+01
1.763000e-05	4.562780e-02	-1.179156e+01
1.764000e-05	4.699147e-02	-1.168436e+01
1.765000e-05	4.896607e-02	-1.156846e+01
1.766000e-05	5.048081e-02	-1.143367e+01
1.767000e-05	5.375931e-02	-1.129853e+01
1.768000e-05	5.674142e-02	-1.118906e+01
1.769000e-05	6.135616e-02	-1.094522e+01
1.770000e-05	6.376616e-02	-1.090536e+01
1.771000e-05	6.679213e-02	-1.079166e+01
1.772000e-05	6.949908e-02	-1.069487e+01
1.773000e-05	7.274037e-02	-1.054851e+01
1.774000e-05	7.540060e-02	-1.043219e+01
1.775000e-05	7.838653e-02	-1.021330e+01
1.776000e-05	7.915117e-02	-1.005588e+01
1.777000e-05	8.132175e-02	-9.887975e+00
1.778000e-05	8.105486e-02	-9.801662e+00
1.779000e-05	8.047488e-02	-9.693747e+00
1.780000e-05	7.944347e-02	-9.525930e+00
1.781000e-05	7.708426e-02	-9.304956e+00
1.782000e-05	7.669966e-02	-9.129502e+00
1.783000e-05	7.325710e-02	-8.989534e+00
1.784000e-05	6.886102e-02	-8.830663e+00
1.785000e-05	6.302450e-02	-8.611716e+00
1.786000e-05	6.014904e-02	-8.401667e+00
1.787000e-05	5.671557e-02	-8.283318e+00
1.788000e-05	5.300311e-02	-8.066796e+00
1.789000e-05	4.713886e-02	-7.866429e+00
1.790000e-05	4.374530e-02	-7.645299e+00
1.791000e-05	3.886024e-02	-7.464768e+00
1.792000e-05	3.532951e-02	-7.262821e+00
1.793000e-05	3.059528e-02	-7.013369e+00
1.794000e-05	2.805104e-02	-6.814713e+00
1.795000e-05	2.479589e-02	-6.641793e+00
1.796000e-05	2.206354e-02	-6.454118e+00
1.797000e-05	1.924434e-02	-6.258262e+00
1.798000e-05	1.612997e-02	-6.001612e+00
1.799000e-05	1.421452e-02	-5.782633e+00
1.800000e-05	1.146505e-02	-5.569630e+00
1.801000e-05	1.124326e-02	-5.306485e+00
1.802000e-05	8.741764e-03	-5.105919e+00
1.803000e-05	6.944669e-03	-4.804241e+00
1.804000e-05	5.977513e-03	-4.577984e+00
1.805000e-05	4.433394e-03	-4.421637e+00
1.806000e-05	2.287491e-03	-4.211613e+00
1.807000e-05	3.170761e-03	-3.950178e+00
1.808000e-05	2.191654e-03	-3.729503e+00
1.809000e-05	2.386903e-03	-3.506499e+00
1.810000e-05	-9.914077e-04	-3.235422e+00
1.811000e-05	7.033677e-04	-3.033841e+00
1.812000e-05	-2.275150e-03	-2.780160e+00
1.813000e-05	-2.082817e-04	-2.589081e+00
1.814000e-05	-2.448029e-03	-2.337500e+00
1.815000e-05	3.684323e-04	-2.066344e+00
1.816000e-05	-2.903147e-03	-1.864816e+00
1.817000e-05	-1.078545e-03	-1.673749e+00
1.818000e-05	-3.944595e-03	-1.340627e+00
1.819000e-05	-2.122810e-03	-1.096470e+00
1.820000e-05	-4.288372e-03	-8.318654e-01
1.821000e-05	-2.744546e-03	-6.627368e-01
1.822000e-05	-3.663855e-03	-3.800538e-01
1.823000e-05	-1.840447e-03	-1.479786e-01
1.824000e-05	3.954819e-03	6.994763e-02
1.825000e-05	1.293681e-03	3.356330e-01
1.826000e-05	-8.963844e-04	5.357082e-01
1.827000e-05	9.350669e-04	7.573132e-01
1.828000e-05	-3.106687e-03	9.777446e-01
1.829000e-05	-1.886686e-03	1.241471e+00
1.830000e-05	-1.742826e-03	1.481507e+00
1.831000e-05	1.226014e-02	1.684209e+00
1.832000e-05	4.782471e-02	1.936137e+00
1.833000e-05	5.725945e-02	2.168295e+00
1.834000e-05	-7.372848e-02	2.469929e+00
1.835000e-05	-2.416257e-02	2.725259e+00
1.836000e-05	-3.810318e-02	2.956217e+00
1.837000e-05	-3.637085e-02	3.135740e+00
1.838000e-05	-4.571474e-02	3.294134e+00
1.839000e-05	1.635521e-01	3.524162e+00
1.840000e-05	-1.033097e-01	3.716217e+00
1.841000e-05	-1.231653e-02	3.935240e+00
1.842000e-05	1.193028e-01	4.157696e+00
1.843000e-05	-1.318075e-01	4.418553e+00
1.844000e-05	5.942681e-02	4.641454e+00
1.845000e-05	-2.426605e-02	4.863583e+00
1.846000e-05	-1.953845e-02	5.176674e+00
1.847000e-05	5.532646e-02	5.410351e+00
1.848000e-05	-4.136629e-02	5.620348e+00
1.849000e-05	1.199918e-02	5.863935e+00
1.850000e-05	-3.153710e-02	6.103182e+00
1.851000e-05	-1.790046e-02	6.273584e+00
1.852000e-05	1.763592e-02	6.482509e+00
1.853000e-05	-2.343065e-03	6.706241e+00
1.854000e-05	4.279273e-02	6.924740e+00
1.855000e-05	-6.727638e-02	7.096717e+00
1.856000e-05	2.103646e-02	7.336667e+00
1.857000e-05	-9.090982e-03	7.547350e+00
1.858000e-05	-2.009191e-02	7.736772e+00
1.859000e-05	1.801398e-02	8.008306e+00
1.860000e-05	-2.204399e-02	8.158424e+00
1.861000e-05	9.810678e-03	8.366325e+00
1.862000e-05	-2.313665e-02	8.524246e+00
1.863000e-05	-6.861711e-03	8.703722e+00
1.864000e-05	-4.933468e-03	8.820484e+00
1.865000e-05	-3.233514e-03	9.020539e+00
1.866000e-05	4.683842e-03	9.222062e+00
1.867000e-05	-1.870429e-02	9.378904e+00
1.868000e-05	3.029331e-03	9.506423e+00
1.869000e-05	-1.868386e-02	9.705248e+00
1.870000e-05	-8.018283e-03	9.844617e+00
1.871000e-05	-7.669085e-03	1.005159e+01
1.872000e-05	-7.899132e-04	1.015998e+01
1.873000e-05	-1.052886e-03	1.030525e+01
1.874000e-05	-1.254113e-02	1.043312e+01
1.875000e-05	-9.222889e-03	1.067946e+01
1.876000e-05	-1.619578e-02	1.075825e+01
1.877000e-05	-8.970675e-03	1.089529e+01
1.878000e-05	-6.980507e-03	1.099194e+01
1.879000e-05	-1.317691e-03	1.113625e+01
1.880000e-05	-8.887455e-03	1.123209e+01
1.881000e-05	-1.424873e-02	1.138748e+01
1.882000e-05	-1.070200e-02	1.152483e+01
1.883000e-05	-9.189267e-03	1.164407e+01
1.884000e-05	-8.712685e-03	1.175935e+01
1.885000e-05	-1.091024e-02	1.190154e+01
1.886000e-05	-7.266485e-03	1.191525e+01
1.887000e-05	-1.212977e-02	1.204004e+01
1.888000e-05	-1.496040e-02	1.215428e+01
1.889000e-05	-1.400093e-02	1.219056e+01
1.890000e-05	-1.102306e-02	1.229463e+01
1.891000e-05	-7.688796e-03	1.240845e+01
1.892000e-05	-8.483589e-03	1.241170e+01
1.893000e-05	-1.013263e-02	1.250622e+01
1.894000e-05	-1.550760e-02	1.260698e+01
1.895000e-05	-1.675580e-02	1.261151e+01
1.896000e-05	-1.387468e-02	1.264262e+01
1.897000e-05	-1.126665e-02	1.268422e+01
1.898000e-05	-1.361526e-02	1.271491e+01
1.899000e-05	-1.390652e-02	1.274946e+01
1.900000e-05	-1.522782e-02	1.283006e+01
1.901000e-05	-1.801484e-02	1.287208e+01
1.902000e-05	-1.546962e-02	1.288312e+01
1.903000e-05	-1.500884e-02	1.288373e+01
1.904000e-05	-1.490191e-02	1.290623e+01
1.905000e-05	-1.545795e-02	1.289475e+01
1.906000e-05	-1.652710e-02	1.288628e+01
1.907000e-05	-1.955376e-02	1.289631e+01
1.908000e-05	-2.216236e-02	1.291486e+01
1.909000e-05	-2.073492e-02	1.289578e+01
1.910000e-05	-2.030581e-02	1.289525e+01
1.911000e-05	-2.056489e-02	1.287327e+01
1.912000e-05	-2.297599e-02	1.286422e+01
1.913000e-05	-2.423336e-02	1.281212e+01
1.914000e-05	-2.617515e-02	1.277009e+01
1.915000e-05	-2.745038e-02	1.272688e+01
1.916000e-05	-2.747250e-02	1.270483e+01
1.917000e-05	-2.792466e-02	1.266222e+01
1.918000e-05	-2.999561e-02	1.262212e+01
1.919000e-05	-3.193774e-02	1.255006e+01
1.920000e-05	-3.387238e-02	1.251685e+01
1.921000e-05	-3.562806e-02	1.247480e+01
1.922000e-05	-3.872280e-02	1.238155e+01
1.923000e-05	-3.678671e-02	1.232845e+01
1.924000e-05	-3.866878e-02	1.221325e+01
1.925000e-05	-4.339207e-02	1.213701e+01
1.926000e-05	-4.450987e-02	1.208382e+01
1.927000e-05	-4.833661e-02	1.197907e+01
1.928000e-05	-4.620534e-02	1.188632e+01
1.929000e-05	-4.991449e-02	1.179014e+01
1.930000e-05	-5.212670e-02	1.169540e+01
1.931000e-05	-5.467924e-02	1.156059e+01
1.932000e-05	-6.103400e-02	1.143377e+01
1.933000e-05	-6.072823e-02	1.126645e+01
1.934000e-05	-6.698086e-02	1.119049e+01
1.935000e-05	-6.613804e-02	1.107282e+01
1.936000e-05	-7.072867e-02	1.092753e+01
1.937000e-05	-7.253047e-02	1.086219e+01
1.938000e-05	-7.665981e-02	1.070638e+01
1.939000e-05	-8.016825e-02	1.053756e+01
1.940000e-05	-8.383332e-02	1.038112e+01
1.941000e-05	-8.569846e-02	1.025427e+01
1.942000e-05	-8.734335e-02	1.010688e+01
1.943000e-05	-8.746546e-02	1.000759e+01
1.944000e-05	-8.886734e-02	9.779637e+00
1.945000e-05	-8.748648e-02	9.589744e+00
1.946000e-05	-8.799317e-02	9.463269e+00
1.947000e-05	-8.582703e-02	9.285424e+00
1.948000e-05	-8.294277e-02	9.176510e+00
1.949000e-05	-7.850123e-02	8.919038e+00
1.950000e-05	-7.534587e-02	8.779034e+00
1.951000e-05	-7.211929e-02	8.591142e+00
1.952000e-05	-6.836083e-02	8.453241e+00
1.953000e-05	-6.411429e-02	8.264272e+00
1.954000e-05	-5.878278e-02	8.065301e+00
1.955000e-05	-5.440903e-02	7.865391e+00
1.956000e-05	-4.997324e-02	7.685897e+00
1.957000e-05	-4.613501e-02	7.494921e+00
1.958000e-05	-4.266204e-02	7.221239e+00
1.959000e-05	-3.939440e-02	7.033293e+00
1.960000e-05	-3.559529e-02	6.844744e+00
1.961000e-05	-3.255654e-02	6.671873e+00
1.962000e-05	-2.936119e-02	6.412721e+00
1.963000e-05	-2.786185e-02	6.181715e+00
1.964000e-05	-2.439757e-02	6.042691e+00
1.965000e-05	-2.235429e-02	5.819236e+00
1.966000e-05	-1.994726e-02	5.579561e+00
1.967000e-05	-1.967349e-02	5.369112e+00
1.968000e-05	-1.621579e-02	5.107004e+00
1.969000e-05	-1.460528e-02	4.831668e+00
1.970000e-05	-1.342333e-02	4.601688e+00
1.971000e-05	-1.390463e-02	4.421135e+00
1.972000e-05	-1.344660e-02	4.238638e+00
1.973000e-05	-1.219577e-02	3.907475e+00
1.974000e-05	-9.741237e-03	3.715870e+00
1.975000e-05	-8.632879e-03	3.525499e+00
1.976000e-05	-9.597042e-03	3.234341e+00
1.977000e-05	-9.165164e-03	3.030714e+00
1.978000e-05	-7.305039e-03	2.809561e+00
1.979000e-05	-6.878052e-03	2.567555e+00
1.980000e-05	-7.744557e-03	2.316952e+00
1.981000e-05	-7.917017e-03	2.054342e+00
1.982000e-05	-6.301277e-03	1.872839e+00
1.983000e-05	-6.127328e-03	1.601660e+00
1.984000e-05	-6.619907e-03	1.379949e+00
1.985000e-05	-5.824240e-03	1.105521e+00
1.986000e-05	-5.563781e-03	8.120830e-01
1.987000e-05	-5.103325e-03	5.900517e-01
1.988000e-05	-4.591786e-03	3.995763e-01
1.989000e-05	-3.613651e-03	1.158199e-01
1.990000e-05	1.270489e-03	-1.146867e-01
1.991000e-05	4.177267e-03	-3.352580e-01
1.992000e-05	-5.237298e-03	-4.876880e-01
1.993000e-05	2.905485e-03	-7.468646e-01
1.994000e-05	-4.046222e-03	-9.782647e-01
1.995000e-05	2.252614e-03	-1.200421e+00
1.996000e-05	-2.152181e-03	-1.513034e+00
1.997000e-05	2.895755e-02	-1.672583e+00
1.998000e-05	9.009511e-02	-1.875076e+00
1.999000e-05	-3.545616e-02	-2.094691e+00
2.000000e-05	-4.617994e-02	-2.496088e+00
2.001000e-05	-2.079893e-02	-2.787791e+00
2.002000e-05	-5.518953e-02	-2.968816e+00
2.003000e-05	-5.506640e-02	-3.178421e+00
2.004000e-05	1.926325e-01	-3.296138e+00
2.005000e-05	-1.205400e-01	-3.528213e+00
2.006000e-05	3.885830e-02	-3.747720e+00
2.007000e-05	8.628019e-02	-3.968851e+00
2.008000e-05	-1.579273e-01	-4.250579e+00
2.009000e-05	1.455851e-01	-4.408500e+00
2.010000e-05	-7.962895e-02	-4.671829e+00
2.011000e-05	-2.935916e-02	-4.914688e+00
2.012000e-05	1.420943e-01	-5.073738e+00
2.013000e-05	-1.201689e-01	-5.406749e+00
2.014000e-05	1.117012e-01	-5.620478e+00
2.015000e-05	-1.033932e-01	-5.822404e+00
2.016000e-05	-1.852433e-02	-6.031509e+00
2.017000e-05	9.823821e-02	-6.221488e+00
2.018000e-05	-5.770359e-02	-6.473214e+00
2.019000e-05	1.114836e-01	-6.672692e+00
2.020000e-05	-1.198389e-01	-6.905067e+00
2.021000e-05	5.779836e-02	-7.138796e+00
2.022000e-05	1.038664e-02	-7.326824e+00
2.023000e-05	-5.232798e-02	-7.537720e+00
2.024000e-05	9.183606e-02	-7.785251e+00
2.025000e-05	-8.857424e-02	-7.988400e+00
2.026000e-05	9.011532e-02	-8.179407e+00
2.027000e-05	-5.462027e-02	-8.307221e+00
2.028000e-05	2.937061e-02	-8.544769e+00
2.029000e-05	-1.639272e-03	-8.666771e+00
2.030000e-05	-2.309406e-02	-8.896248e+00
2.031000e-05	5.433374e-02	-9.043061e+00
2.032000e-05	-3.333512e-02	-9.171561e+00
2.033000e-05	5.149607e-02	-9.401585e+00
2.034000e-05	-5.123841e-02	-9.569883e+00
2.035000e-05	2.668022e-02	-9.746849e+00
2.036000e-05	-4.388798e-03	-9.893239e+00
2.037000e-05	1.694598e-02	-1.005949e+01
2.038000e-05	1.485161e-02	-1.019051e+01
2.039000e-05	-7.292586e-03	-1.036940e+01
2.040000e-05	1.777599e-02	-1.050570e+01
2.041000e-05	-1.944558e-02	-1.066211e+01
2.042000e-05	1.848774e-02	-1.074883e+01
2.043000e-05	-1.986093e-03	-1.085569e+01
2.044000e-05	2.209429e-02	-1.099146e+01
2.045000e-05	-4.938279e-03	-1.116727e+01
2.046000e-05	7.345139e-03	-1.124622e+01
2.047000e-05	4.026808e-03	-1.140146e+01
2.048000e-05	8.323076e-03	-1.149635e+01
2.049000e-05	4.085323e-03	-1.161101e+01
2.050000e-05	5.167683e-03	-1.177893e+01
2.051000e-05	1.376134e-02	-1.188473e+01
2.052000e-05	4.304315e-03	-1.200033e+01
2.053000e-05	5.672647e-03	-1.211527e+01
2.054000e-05	4.996082e-04	-1.212891e+01
2.055000e-05	7.661373e-03	-1.220376e+01
2.056000e-05	8.417688e-03	-1.230370e+01
2.057000e-05	1.630873e-02	-1.236151e+01
2.058000e-05	9.102074e-03	-1.247162e+01
2.059000e-05	4.601543e-03	-1.252688e+01
2.060000e-05	1.392434e-03	-1.256841e+01
2.061000e-05	1.043120e-02	-1.263112e+01
2.062000e-05	1.219573e-02	-1.263423e+01
2.063000e-05	8.523620e-03	-1.273835e+01
2.064000e-05	7.464691e-03	-1.277996e+01
2.065000e-05	8.269513e-03	-1.284212e+01
2.066000e-05	1.057740e-02	-1.285319e+01
2.067000e-05	1.018897e-02	-1.290485e+01
2.068000e-05	1.101594e-02	-1.288635e+01
2.069000e-05	1.176631e-02	-1.290743e+01
2.070000e-05	1.262107e-02	-1.292788e+01
2.071000e-05	1.183356e-02	-1.291791e+01
2.072000e-05	1.092965e-02	-1.295848e+01
2.073000e-05	1.152468e-02	-1.294903e+01
2.074000e-05	1.257599e-02	-1.292896e+01
2.075000e-05	1.530169e-02	-1.293645e+01
2.076000e-05	1.805053e-02	-1.295788e+01
2.077000e-05	1.851154e-02	-1.294593e+01
2.078000e-05	1.672578e-02	-1.289633e+01
2.079000e-05	1.555713e-02	-1.288582e+01
2.080000e-05	1.836459e-02	-1.285229e+01
2.081000e-05	2.223274e-02	-1.280207e+01
2.082000e-05	2.350154e-02	-1.276208e+01
2.083000e-05	2.265109e-02	-1.271733e+01
2.084000e-05	2.371362e-02	-1.264520e+01
2.085000e-05	2.565224e-02	-1.260109e+01
2.086000e-05	2.598723e-02	-1.255703e+01
2.087000e-05	2.923045e-02	-1.248628e+01
2.088000e-05	3.053201e-02	-1.241219e+01
2.089000e-05	3.243144e-02	-1.233836e+01
2.090000e-05	3.364309e-02	-1.224377e+01
2.091000e-05	3.582022e-02	-1.213009e+01
2.092000e-05	3.642230e-02	-1.209175e+01
2.093000e-05	3.803030e-02	-1.201319e+01
2.094000e-05	4.165305e-02	-1.191835e+01
2.095000e-05	4.476344e-02	-1.181064e+01
2.096000e-05	4.706061e-02	-1.166583e+01
2.097000e-05	4.898043e-02	-1.158152e+01
2.098000e-05	5.117724e-02	-1.142325e+01
2.099000e-05	5.311531e-02	-1.127898e+01
2.100000e-05	5.612503e-02	-1.113001e+01
2.101000e-05	6.114961e-02	-1.103377e+01
2.102000e-05	6.507869e-02	-1.088635e+01
2.103000e-05	6.646869e-02	-1.081317e+01
2.104000e-05	6.814441e-02	-1.068427e+01
2.105000e-05	7.255124e-02	-1.056006e+01
2.106000e-05	7.501141e-02	-1.043324e+01
2.107000e-05	7.912687e-02	-1.023483e+01
2.108000e-05	7.947711e-02	-1.007641e+01
2.109000e-05	8.103316e-02	-9.939034e+00
2.110000e-05	8.074140e-02	-9.811642e+00
2.111000e-05	8.006026e-02	-9.643225e+00
2.112000e-05	7.955254e-02	-9.456920e+00
2.113000e-05	7.771559e-02	-9.305355e+00
2.114000e-05	7.659618e-02	-9.159930e+00
2.115000e-05	7.296379e-02	-8.989715e+00
2.116000e-05	7.025116e-02	-8.822693e+00
2.117000e-05	6.446323e-02	-8.622241e+00
2.118000e-05	6.018697e-02	-8.422274e+00
2.119000e-05	5.711725e-02	-8.224846e+00
2.120000e-05	5.270437e-02	-8.085377e+00
2.121000e-05	4.929930e-02	-7.917416e+00
2.122000e-05	4.265506e-02	-7.655301e+00
2.123000e-05	3.950807e-02	-7.457267e+00
2.124000e-05	3.472010e-02	-7.214243e+00
2.125000e-05	3.205091e-02	-7.065916e+00
2.126000e-05	2.816863e-02	-6.803619e+00
2.127000e-05	2.530377e-02	-6.642817e+00
2.128000e-05	2.168139e-02	-6.443693e+00
2.129000e-05	1.984243e-02	-6.252843e+00
2.130000e-05	1.625674e-02	-6.011162e+00
2.131000e-05	1.398310e-02	-5.809633e+00
2.132000e-05	1.200426e-02	-5.610427e+00
2.133000e-05	1.105500e-02	-5.329709e+00
2.134000e-05	8.318590e-03	-5.106423e+00
2.135000e-05	6.525449e-03	-4.782391e+00
2.136000e-05	6.396295e-03	-4.600959e+00
2.137000e-05	3.933610e-03	-4.402185e+00
2.138000e-05	3.591567e-03	-4.201712e+00
2.139000e-05	2.431372e-03	-4.021106e+00
2.140000e-05	2.912473e-03	-3.717982e+00
2.141000e-05	2.008679e-03	-3.565972e+00
2.142000e-05	-7.546334e-05	-3.307471e+00
2.143000e-05	-7.138365e-04	-3.083938e+00
2.144000e-05	-2.687946e-03	-2.781159e+00
2.145000e-05	-2.485402e-05	-2.620559e+00
2.146000e-05	-1.938146e-03	-2.378975e+00
2.147000e-05	-4.467811e-04	-2.127970e+00
2.148000e-05	-2.731889e-03	-1.874366e+00
2.149000e-05	-5.758321e-04	-1.684787e+00
2.150000e-05	-3.731745e-03	-1.351806e+00
2.151000e-05	-3.329745e-03	-1.116443e+00
2.152000e-05	-3.766432e-03	-8.843459e-01
2.153000e-05	-3.169574e-03	-6.618845e-01
2.154000e-05	-3.452815e-03	-3.900302e-01
2.155000e-05	-2.339681e-03	-1.805749e-01
2.156000e-05	3.441629e-03	6.153007e-02
2.157000e-05	2.607224e-03	3.231057e-01
2.158000e-05	-3.065195e-03	5.146894e-01
2.159000e-05	9.262281e-04	7.347344e-01
2.160000e-05	-2.410732e-03	8.966381e-01
2.161000e-05	-8.613156e-04	1.201375e+00
2.162000e-05	-2.321402e-03	1.472530e+00
2.163000e-05	1.097451e-02	1.744163e+00
2.164000e-05	4.408526e-02	1.916163e+00
2.165000e-05	6.289173e-02	2.157340e+00
2.166000e-05	-7.074863e-02	2.432425e+00
2.167000e-05	-2.565677e-02	2.744187e+00
2.168000e-05	-3.714784e-02	2.916113e+00
2.169000e-05	-3.215351e-02	3.086687e+00
2.170000e-05	-5.465069e-02	3.272607e+00
2.171000e-05	1.590595e-01	3.485638e+00
2.172000e-05	-8.168736e-02	3.724692e+00
2.173000e-05	-3.951116e-02	3.886142e+00
2.174000e-05	1.367102e-01	4.154791e+00
2.175000e-05	-1.317568e-01	4.419877e+00
2.176000e-05	5.353302e-02	4.619879e+00
2.177000e-05	-1.483045e-02	4.881983e+00
2.178000e-05	-2.889929e-02	5.116319e+00
2.179000e-05	5.540261e-02	5.358750e+00
2.180000e-05	-3.812269e-02	5.629001e+00
2.181000e-05	9.388336e-03	5.839938e+00
2.182000e-05	-2.586191e-02	6.071537e+00
2.183000e-05	-2.155227e-02	6.243132e+00
2.184000e-05	1.940361e-02	6.473942e+00
2.185000e-05	-4.823410e-03	6.645191e+00
2.186000e-05	4.346680e-02	6.904135e+00
2.187000e-05	-6.283697e-02	7.115770e+00
2.188000e-05	1.263484e-02	7.323694e+00
2.189000e-05	-2.070259e-03	7.517197e+00
2.190000e-05	-2.568200e-02	7.726797e+00
2.191000e-05	2.153086e-02	7.949276e+00
2.192000e-05	-2.171837e-02	8.148379e+00
2.193000e-05	1.092928e-02	8.346321e+00
2.194000e-05	-2.055893e-02	8.496194e+00
2.195000e-05	-1.004106e-02	8.655113e+00
2.196000e-05	-5.698413e-03	8.873557e+00
2.197000e-05	-6.290184e-03	9.008963e+00
2.198000e-05	6.494634e-03	9.211503e+00
2.199000e-05	-1.816310e-02	9.348403e+00
2.200000e-05	4.157015e-03	9.496747e+00
2.201000e-05	-1.794472e-02	9.693169e+00
2.202000e-05	-8.929575e-03	9.834163e+00
2.203000e-05	-7.114810e-03	1.002104e+01
2.204000e-05	-2.073268e-03	1.016801e+01
2.205000e-05	-1.512525e-03	1.032669e+01
2.206000e-05	-1.422771e-02	1.047207e+01
2.207000e-05	-5.373249e-03	1.059938e+01
2.208000e-05	-1.615644e-02	1.071738e+01
2.209000e-05	-1.004347e-02	1.087517e+01
2.210000e-05	-1.003297e-02	1.103103e+01
2.211000e-05	-3.225227e-06	1.110470e+01
2.212000e-05	-6.947236e-03	1.124959e+01
2.213000e-05	-1.484614e-02	1.135847e+01
2.214000e-05	-1.160401e-02	1.144707e+01
2.215000e-05	-8.842793e-03	1.165214e+01
2.216000e-05	-7.807919e-03	1.177841e+01
2.217000e-05	-1.098938e-02	1.185257e+01
2.218000e-05	-7.227221e-03	1.191777e+01
2.219000e-05	-1.104839e-02	1.203110e+01
2.220000e-05	-1.551676e-02	1.209578e+01
2.221000e-05	-1.350987e-02	1.217049e+01
2.222000e-05	-1.169104e-02	1.227264e+01
2.223000e-05	-8.081128e-03	1.232746e+01
2.224000e-05	-9.470433e-03	1.241160e+01
2.225000e-05	-1.046565e-02	1.247725e+01
2.226000e-05	-1.426063e-02	1.253691e+01
2.227000e-05	-1.566805e-02	1.258949e+01
2.228000e-05	-1.497694e-02	1.262157e+01
2.229000e-05	-1.163450e-02	1.266572e+01
2.230000e-05	-1.502722e-02	1.271593e+01
2.231000e-05	-1.244414e-02	1.275846e+01
2.232000e-05	-1.684007e-02	1.281100e+01
2.233000e-05	-1.712522e-02	1.283225e+01
2.234000e-05	-1.638968e-02	1.285217e+01
2.235000e-05	-1.448749e-02	1.285323e+01
2.236000e-05	-1.520530e-02	1.291485e+01
2.237000e-05	-1.645021e-02	1.288633e+01
2.238000e-05	-1.650571e-02	1.291483e+01
2.239000e-05	-2.051588e-02	1.289641e+01
2.240000e-05	-2.254195e-02	1.292533e+01
2.241000e-05	-2.014540e-02	1.289430e+01
2.242000e-05	-2.092474e-02	1.287428e+01
2.243000e-05	-2.036592e-02	1.282378e+01
2.244000e-05	-2.325971e-02	1.289315e+01
2.245000e-05	-2.418672e-02	1.283010e+01
2.246000e-05	-2.549280e-02	1.277064e+01
2.247000e-05	-2.735290e-02	1.274746e+01
2.248000e-05	-2.657043e-02	1.272630e+01
2.249000e-05	-2.791911e-02	1.263375e+01
2.250000e-05	-2.917840e-02	1.262219e+01
2.251000e-05	-3.310005e-02	1.260856e+01
2.252000e-05	-3.468119e-02	1.251688e+01
2.253000e-05	-3.486197e-02	1.244425e+01
2.254000e-05	-3.738267e-02	1.242014e+01
2.255000e-05	-3.785644e-02	1.233898e+01
2.256000e-05	-3.853837e-02	1.223329e+01
2.257000e-05	-4.090876e-02	1.215711e+01
2.258000e-05	-4.586608e-02	1.208325e+01
2.259000e-05	-4.774888e-02	1.197964e+01
2.260000e-05	-4.816503e-02	1.187375e+01
2.261000e-05	-4.953210e-02	1.179164e+01
2.262000e-05	-5.276892e-02	1.171533e+01
2.263000e-05	-5.443868e-02	1.158006e+01
2.264000e-05	-5.802047e-02	1.143172e+01
2.265000e-05	-6.108351e-02	1.124541e+01
2.266000e-05	-6.567250e-02	1.117906e+01
2.267000e-05	-6.694350e-02	1.108470e+01
2.268000e-05	-7.004274e-02	1.095848e+01
2.269000e-05	-7.222147e-02	1.084270e+01
2.270000e-05	-7.761107e-02	1.072691e+01
2.271000e-05	-7.951960e-02	1.053912e+01
2.272000e-05	-8.408000e-02	1.039262e+01
2.273000e-05	-8.511222e-02	1.024420e+01
2.274000e-05	-8.610846e-02	1.010641e+01
2.275000e-05	-8.562122e-02	9.997532e+00
2.276000e-05	-8.849497e-02	9.842141e+00
2.277000e-05	-8.907933e-02	9.610196e+00
2.278000e-05	-8.760470e-02	9.475246e+00
2.279000e-05	-8.486921e-02	9.296900e+00
2.280000e-05	-8.297252e-02	9.189083e+00
2.281000e-05	-8.013887e-02	8.959087e+00
2.282000e-05	-7.549758e-02	8.768587e+00
2.283000e-05	-7.086095e-02	8.620715e+00
2.284000e-05	-6.887382e-02	8.462221e+00
2.285000e-05	-6.462729e-02	8.256927e+00
2.286000e-05	-5.895051e-02	8.055003e+00
2.287000e-05	-5.403380e-02	7.905870e+00
2.288000e-05	-5.034182e-02	7.686794e+00
2.289000e-05	-4.659206e-02	7.523870e+00
2.290000e-05	-4.337148e-02	7.225070e+00
2.291000e-05	-4.024578e-02	7.093865e+00
2.292000e-05	-3.645255e-02	6.855267e+00
2.293000e-05	-3.221049e-02	6.664396e+00
2.294000e-05	-2.836050e-02	6.411692e+00
2.295000e-05	-2.604409e-02	6.253265e+00
2.296000e-05	-2.473727e-02	6.043718e+00
2.297000e-05	-2.272660e-02	5.872866e+00
2.298000e-05	-2.049584e-02	5.601058e+00
2.299000e-05	-2.005234e-02	5.378680e+00
2.300000e-05	-1.769042e-02	5.156050e+00
2.301000e-05	-1.459186e-02	4.853216e+00
2.302000e-05	-1.381409e-02	4.592184e+00
2.303000e-05	-1.294509e-02	4.411637e+00
2.304000e-05	-1.209352e-02	4.150257e+00
2.305000e-05	-1.125577e-02	3.938003e+00
2.306000e-05	-1.050357e-02	3.737477e+00
2.307000e-05	-9.317342e-03	3.538496e+00
2.308000e-05	-9.511507e-03	3.242368e+00
2.309000e-05	-8.865967e-03	3.033213e+00
2.310000e-05	-8.855827e-03	2.812185e+00
2.311000e-05	-7.194612e-03	2.567737e+00
2.312000e-05	-7.567189e-03	2.295928e+00
2.313000e-05	-6.842249e-03	2.084918e+00
2.314000e-05	-5.871287e-03	1.913968e+00
2.315000e-05	-5.723382e-03	1.641114e+00
2.316000e-05	-6.160681e-03	1.390579e+00
2.317000e-05	-6.219247e-03	1.147027e+00
2.318000e-05	-5.337400e-03	8.142828e-01
2.319000e-05	-4.828163e-03	5.806788e-01
2.320000e-05	-4.321570e-03	3.810789e-01
2.321000e-05	-4.357585e-03	1.270275e-01
2.322000e-05	5.554846e-04	-1.151606e-01
2.323000e-05	5.286229e-03	-2.941854e-01
2.324000e-05	-4.007224e-03	-5.261129e-01
2.325000e-05	2.357054e-03	-7.878961e-01
2.326000e-05	-4.108193e-03	-9.593410e-01
2.327000e-05	1.628890e-03	-1.197344e+00
2.328000e-05	-1.635345e-03	-1.460553e+00
2.329000e-05	2.608759e-02	-1.632603e+00
2.330000e-05	8.912968e-02	-1.833554e+00
2.331000e-05	-2.397181e-02	-2.143610e+00
2.332000e-05	-5.244787e-02	-2.463509e+00
2.333000e-05	-1.603869e-02	-2.764765e+00
2.334000e-05	-5.436701e-02	-2.946816e+00
2.335000e-05	-6.375980e-02	-3.157751e+00
2.336000e-05	1.881104e-01	-3.295134e+00
2.337000e-05	-9.668834e-02	-3.495109e+00
2.338000e-05	8.594761e-03	-3.786816e+00
2.339000e-05	1.118412e-01	-3.987771e+00
2.340000e-05	-1.694254e-01	-4.207832e+00
2.341000e-05	1.388565e-01	-4.388023e+00
2.342000e-05	-6.192938e-02	-4.631958e+00
2.343000e-05	-4.829229e-02	-4.883536e+00
2.344000e-05	1.521343e-01	-5.054132e+00
2.345000e-05	-1.162471e-01	-5.359622e+00
2.346000e-05	1.007458e-01	-5.642529e+00
2.347000e-05	-8.456836e-02	-5.810930e+00
2.348000e-05	-4.153870e-02	-6.012007e+00
2.349000e-05	1.108363e-01	-6.231853e+00
2.350000e-05	-6.517623e-02	-6.475138e+00
2.351000e-05	1.122505e-01	-6.693686e+00
2.352000e-05	-1.096045e-01	-6.913586e+00
2.353000e-05	3.941951e-02	-7.116897e+00
2.354000e-05	2.867809e-02	-7.327269e+00
2.355000e-05	-6.819046e-02	-7.546696e+00
2.356000e-05	1.010001e-01	-7.756896e+00
2.357000e-05	-8.885617e-02	-7.958901e+00
2.358000e-05	8.516504e-02	-8.189377e+00
2.359000e-05	-4.520567e-02	-8.317272e+00
2.360000e-05	1.825114e-02	-8.505223e+00
2.361000e-05	8.873397e-03	-8.705752e+00
2.362000e-05	-3.386005e-02	-8.923188e+00
2.363000e-05	5.930676e-02	-9.022112e+00
2.364000e-05	-3.453958e-02	-9.170931e+00
2.365000e-05	5.187136e-02	-9.430457e+00
2.366000e-05	-4.712307e-02	-9.549900e+00
2.367000e-05	2.009057e-02	-9.716849e+00
2.368000e-05	-5.103996e-04	-9.864691e+00
2.369000e-05	1.124740e-02	-1.001006e+01
2.370000e-05	1.968987e-02	-1.017843e+01
2.371000e-05	-9.135449e-03	-1.033742e+01
2.372000e-05	2.100896e-02	-1.051372e+01
2.373000e-05	-2.041120e-02	-1.062198e+01
2.374000e-05	1.785229e-02	-1.072883e+01
2.375000e-05	-2.942083e-03	-1.086562e+01
2.376000e-05	2.222682e-02	-1.100101e+01
2.377000e-05	-2.575326e-03	-1.112533e+01
2.378000e-05	6.228907e-03	-1.127379e+01
2.379000e-05	5.602213e-03	-1.137846e+01
2.380000e-05	5.836629e-03	-1.151733e+01
2.381000e-05	5.688762e-03	-1.160207e+01
2.382000e-05	5.045407e-03	-1.175788e+01
2.383000e-05	1.569447e-02	-1.184219e+01
2.384000e-05	3.995134e-03	-1.194991e+01
2.385000e-05	4.947158e-03	-1.208574e+01
2.386000e-05	1.896623e-05	-1.216696e+01
2.387000e-05	8.161750e-03	-1.222256e+01
2.388000e-05	8.100774e-03	-1.228520e+01
2.389000e-05	1.624320e-02	-1.236888e+01
2.390000e-05	1.019810e-02	-1.242417e+01
2.391000e-05	4.684101e-03	-1.254433e+01
2.392000e-05	1.266879e-03	-1.255844e+01
2.393000e-05	9.305868e-03	-1.260262e+01
2.394000e-05	1.350346e-02	-1.265633e+01
2.395000e-05	9.822991e-03	-1.270691e+01
2.396000e-05	8.850998e-03	-1.279248e+01
2.397000e-05	6.817014e-03	-1.285114e+01
2.398000e-05	9.427776e-03	-1.288374e+01
2.399000e-05	9.330054e-03	-1.288427e+01
2.400000e-05	9.749540e-03	-1.294583e+01
2.401000e-05	1.164872e-02	-1.291738e+01
2.402000e-05	1.375678e-02	-1.293693e+01
2.403000e-05	1.417397e-02	-1.294693e+01
2.404000e-05	1.024363e-02	-1.294948e+01
2.405000e-05	1.013526e-02	-1.296853e+01
2.406000e-05	1.185355e-02	-1.294688e+01
2.407000e-05	1.588758e-02	-1.292893e+01
2.408000e-05	1.822919e-02	-1.296738e+01
2.409000e-05	1.730369e-02	-1.293585e+01
2.410000e-05	1.726033e-02	-1.290635e+01
2.411000e-05	1.615785e-02	-1.287477e+01
2.412000e-05	1.904294e-02	-1.285412e+01
2.413000e-05	2.142762e-02	-1.285209e+01
2.414000e-05	2.359381e-02	-1.276851e+01
2.415000e-05	2.275604e-02	-1.271840e+01
2.416000e-05	2.440399e-02	-1.265430e+01
2.417000e-05	2.449861e-02	-1.259259e+01
2.418000e-05	2.548581e-02	-1.253893e+01
2.419000e-05	2.849288e-02	-1.248533e+01
2.420000e-05	3.152895e-02	-1.240262e+01
2.421000e-05	3.261037e-02	-1.234693e+01
2.422000e-05	3.334761e-02	-1.226377e+01
2.423000e-05	3.503408e-02	-1.217896e+01
2.424000e-05	3.724625e-02	-1.213540e+01
2.425000e-05	3.711264e-02	-1.204212e+01
2.426000e-05	4.123166e-02	-1.193946e+01
2.427000e-05	4.474728e-02	-1.176161e+01
2.428000e-05	4.678046e-02	-1.165688e+01
2.429000e-05	4.776889e-02	-1.156812e+01
2.430000e-05	5.012863e-02	-1.146522e+01
2.431000e-05	5.433886e-02	-1.135900e+01
2.432000e-05	5.729567e-02	-1.118052e+01
2.433000e-05	6.091847e-02	-1.105280e+01
2.434000e-05	6.375735e-02	-1.092750e+01
2.435000e-05	6.629265e-02	-1.082169e+01
2.436000e-05	6.863753e-02	-1.069577e+01
2.437000e-05	7.173295e-02	-1.057954e+01
2.438000e-05	7.550250e-02	-1.042214e+01
2.439000e-05	7.762558e-02	-1.028232e+01
2.440000e-05	7.994994e-02	-1.009598e+01
2.441000e-05	8.161796e-02	-9.958485e+00
2.442000e-05	8.122474e-02	-9.831189e+00
2.443000e-05	8.047851e-02	-9.673722e+00
2.444000e-05	7.955550e-02	-9.507975e+00
2.445000e-05	7.966568e-02	-9.275505e+00
2.446000e-05	7.629967e-02	-9.169527e+00
2.447000e-05	7.305179e-02	-8.980714e+00
2.448000e-05	6.844725e-02	-8.812690e+00
2.449000e-05	6.561462e-02	-8.672770e+00
2.450000e-05	5.993133e-02	-8.425622e+00
2.451000e-05	5.800688e-02	-8.326318e+00
2.452000e-05	5.464839e-02	-8.077875e+00
2.453000e-05	4.990376e-02	-7.917946e+00
2.454000e-05	4.409253e-02	-7.683402e+00
2.455000e-05	3.847976e-02	-7.434320e+00
2.456000e-05	3.556552e-02	-7.224269e+00
2.457000e-05	3.113468e-02	-7.083952e+00
2.458000e-05	2.809058e-02	-6.864142e+00
2.459000e-05	2.520809e-02	-6.634266e+00
2.460000e-05	2.394031e-02	-6.464342e+00
2.461000e-05	1.942330e-02	-6.234866e+00
2.462000e-05	1.702937e-02	-5.994213e+00
2.463000e-05	1.433120e-02	-5.811217e+00
2.464000e-05	1.283985e-02	-5.602165e+00
2.465000e-05	9.690718e-03	-5.392211e+00
2.466000e-05	9.036592e-03	-5.116420e+00
2.467000e-05	6.359700e-03	-4.873842e+00
2.468000e-05	6.070251e-03	-4.569134e+00
2.469000e-05	3.741771e-03	-4.442586e+00
2.470000e-05	4.279431e-03	-4.202662e+00
2.471000e-05	2.722933e-03	-4.002187e+00
2.472000e-05	2.978562e-03	-3.760160e+00
2.473000e-05	2.246841e-03	-3.556923e+00
2.474000e-05	4.829348e-04	-3.255971e+00
2.475000e-05	6.579298e-05	-3.064472e+00
2.476000e-05	-2.873853e-03	-2.812104e+00
2.477000e-05	2.877268e-04	-2.650829e+00
2.478000e-05	-7.493379e-04	-2.398024e+00
2.479000e-05	-2.770055e-04	-2.115474e+00
2.480000e-05	-3.721290e-03	-1.876391e+00
2.481000e-05	-8.507742e-04	-1.693307e+00
2.482000e-05	-3.468370e-03	-1.401759e+00
2.483000e-05	-2.519600e-03	-1.147016e+00
2.484000e-05	-4.919370e-03	-8.619169e-01
2.485000e-05	-2.374736e-03	-6.429619e-01
2.486000e-05	-3.160413e-03	-4.025515e-01
2.487000e-05	-2.688311e-03	-2.116340e-01
2.488000e-05	1.629066e-03	5.310669e-02
2.489000e-05	4.451899e-03	2.946330e-01
2.490000e-05	-3.289511e-03	4.851343e-01
2.491000e-05	2.482555e-03	7.561907e-01
2.492000e-05	-3.729514e-03	9.761386e-01
2.493000e-05	1.685050e-04	1.179426e+00
2.494000e-05	-2.721956e-03	1.451005e+00
2.495000e-05	7.987437e-03	1.704083e+00
2.496000e-05	4.056668e-02	1.926138e+00
2.497000e-05	6.831036e-02	2.157191e+00
2.498000e-05	-6.572849e-02	2.429880e+00
2.499000e-05	-2.878543e-02	2.703088e+00
2.500000e-05	-3.755666e-02	2.905113e+00
2.501000e-05	-3.015769e-02	3.084166e+00
2.502000e-05	-6.123295e-02	3.272106e+00
2.503000e-05	1.534045e-01	3.442486e+00
2.504000e-05	-5.815211e-02	3.705187e+00
2.505000e-05	-6.365042e-02	3.885592e+00
2.506000e-05	1.501224e-01	4.156764e+00
2.507000e-05	-1.331190e-01	4.420850e+00
2.508000e-05	4.394696e-02	4.568330e+00
2.509000e-05	-2.981531e-03	4.831508e+00
2.510000e-05	-3.426031e-02	5.125746e+00
2.511000e-05	5.654937e-02	5.367347e+00
2.512000e-05	-3.499189e-02	5.639403e+00
2.513000e-05	5.197580e-03	5.809384e+00
2.514000e-05	-1.934765e-02	6.041509e+00
2.515000e-05	-2.780068e-02	6.264087e+00
2.516000e-05	2.204179e-02	6.452583e+00
2.517000e-05	-9.504777e-03	6.694991e+00
2.518000e-05	4.423789e-02	6.854688e+00
2.519000e-05	-5.703490e-02	7.054166e+00
2.520000e-05	5.068230e-03	7.282540e+00
2.521000e-05	7.807395e-03	7.536147e+00
2.522000e-05	-3.232924e-02	7.748301e+00
2.523000e-05	2.460224e-02	7.978776e+00
2.524000e-05	-2.229843e-02	8.169401e+00
2.525000e-05	1.010235e-02	8.315272e+00
2.526000e-05	-2.040977e-02	8.562646e+00
2.527000e-05	-1.199342e-02	8.683113e+00
2.528000e-05	-2.040240e-03	8.850592e+00
2.529000e-05	-7.783840e-03	9.030931e+00
2.530000e-05	7.926446e-03	9.218929e+00
2.531000e-05	-1.948364e-02	9.358874e+00
2.532000e-05	4.627118e-03	9.517224e+00
2.533000e-05	-1.747510e-02	9.695700e+00
2.534000e-05	-8.974025e-03	9.863066e+00
2.535000e-05	-6.350891e-03	1.003156e+01
2.536000e-05	-3.157436e-03	1.017738e+01
2.537000e-05	-1.355972e-03	1.029524e+01
2.538000e-05	-1.480007e-02	1.044107e+01
2.539000e-05	-4.337234e-03	1.061706e+01
2.540000e-05	-1.604551e-02	1.070782e+01
2.541000e-05	-8.363683e-03	1.090470e+01
2.542000e-05	-1.049545e-02	1.097946e+01
2.543000e-05	3.935375e-04	1.111577e+01
2.544000e-05	-8.511638e-03	1.122961e+01
2.545000e-05	-1.444660e-02	1.135783e+01
2.546000e-05	-1.205081e-02	1.145470e+01
2.547000e-05	-8.905383e-03	1.163199e+01
2.548000e-05	-6.769114e-03	1.173841e+01
2.549000e-05	-1.193974e-02	1.184157e+01
2.550000e-05	-8.541925e-03	1.194585e+01
2.551000e-05	-1.236991e-02	1.200309e+01
2.552000e-05	-1.314748e-02	1.212528e+01
2.553000e-05	-1.359400e-02	1.219001e+01
2.554000e-05	-1.068438e-02	1.226520e+01
2.555000e-05	-9.151414e-03	1.234939e+01
2.556000e-05	-9.968738e-03	1.244216e+01
2.557000e-05	-9.897078e-03	1.247372e+01
2.558000e-05	-1.494388e-02	1.255588e+01
2.559000e-05	-1.504567e-02	1.259204e+01
2.560000e-05	-1.528578e-02	1.266372e+01
2.561000e-05	-1.078845e-02	1.269620e+01
2.562000e-05	-1.411307e-02	1.271790e+01
2.563000e-05	-1.359809e-02	1.277804e+01
2.564000e-05	-1.502932e-02	1.283152e+01
2.565000e-05	-1.739326e-02	1.282065e+01
2.566000e-05	-1.495922e-02	1.289222e+01
2.567000e-05	-1.506309e-02	1.287523e+01
2.568000e-05	-1.580974e-02	1.287423e+01
2.569000e-05	-1.657888e-02	1.288638e+01
2.570000e-05	-1.685881e-02	1.289443e+01
2.571000e-05	-1.980694e-02	1.289638e+01
2.572000e-05	-2.133915e-02	1.292635e+01
2.573000e-05	-1.969295e-02	1.287385e+01
2.574000e-05	-1.971407e-02	1.292425e+01
2.575000e-05	-2.065212e-02	1.285485e+01
2.576000e-05	-2.434921e-02	1.284270e+01
2.577000e-05	-2.424740e-02	1.285412e+01
2.578000e-05	-2.501121e-02	1.281044e+01
2.579000e-05	-2.659783e-02	1.272649e+01
2.580000e-05	-2.724063e-02	1.272583e+01
2.581000e-05	-2.824851e-02	1.268475e+01
2.582000e-05	-2.896282e-02	1.262216e+01
2.583000e-05	-3.235524e-02	1.256848e+01
2.584000e-05	-3.367726e-02	1.251586e+01
2.585000e-05	-3.524949e-02	1.249330e+01
2.586000e-05	-3.641582e-02	1.245164e+01
2.587000e-05	-3.856322e-02	1.231903e+01
2.588000e-05	-3.954254e-02	1.231522e+01
2.589000e-05	-4.215554e-02	1.216749e+01
2.590000e-05	-4.421156e-02	1.206480e+01
2.591000e-05	-4.691137e-02	1.199954e+01
2.592000e-05	-4.751680e-02	1.189525e+01
2.593000e-05	-4.945242e-02	1.179106e+01
2.594000e-05	-5.223996e-02	1.169585e+01
2.595000e-05	-5.476695e-02	1.160961e+01
2.596000e-05	-5.853997e-02	1.144575e+01
2.597000e-05	-6.090876e-02	1.132596e+01
2.598000e-05	-6.422951e-02	1.121059e+01
2.599000e-05	-6.673461e-02	1.103535e+01
2.600000e-05	-7.074801e-02	1.093738e+01
2.601000e-05	-7.304019e-02	1.084419e+01
2.602000e-05	-7.635297e-02	1.068653e+01
2.603000e-05	-7.949783e-02	1.055851e+01
2.604000e-05	-8.277278e-02	1.036012e+01
2.605000e-05	-8.542300e-02	1.027380e+01
2.606000e-05	-8.529217e-02	1.008545e+01
2.607000e-05	-8.726031e-02	1.001109e+01
2.608000e-05	-8.877728e-02	9.780617e+00
2.609000e-05	-8.927685e-02	9.641775e+00
2.610000e-05	-8.737626e-02	9.464345e+00
2.611000e-05	-8.466812e-02	9.306901e+00
2.612000e-05	-8.279276e-02	9.210034e+00
2.613000e-05	-8.069027e-02	9.022142e+00
2.614000e-05	-7.610120e-02	8.779089e+00
2.615000e-05	-7.183473e-02	8.592090e+00
2.616000e-05	-6.885648e-02	8.464747e+00
2.617000e-05	-6.557307e-02	8.266946e+00
2.618000e-05	-5.950501e-02	8.083952e+00
2.619000e-05	-5.453454e-02	7.896345e+00
2.620000e-05	-5.100961e-02	7.727351e+00
2.621000e-05	-4.753065e-02	7.538880e+00
2.622000e-05	-4.321001e-02	7.285621e+00
2.623000e-05	-3.927254e-02	7.055816e+00
2.624000e-05	-3.622136e-02	6.875772e+00
2.625000e-05	-3.245027e-02	6.664922e+00
2.626000e-05	-2.893273e-02	6.413295e+00
2.627000e-05	-2.713190e-02	6.242216e+00
2.628000e-05	-2.492482e-02	6.044342e+00
2.629000e-05	-2.299662e-02	5.891890e+00
2.630000e-05	-2.084760e-02	5.592784e+00
2.631000e-05	-1.904860e-02	5.378634e+00
2.632000e-05	-1.733289e-02	5.149058e+00
2.633000e-05	-1.494726e-02	4.835319e+00
2.634000e-05	-1.387995e-02	4.624237e+00
2.635000e-05	-1.345016e-02	4.433162e+00
2.636000e-05	-1.222132e-02	4.251737e+00
2.637000e-05	-1.078561e-02	3.947528e+00
2.638000e-05	-1.127111e-02	3.737499e+00
2.639000e-05	-1.002245e-02	3.557524e+00
2.640000e-05	-8.476532e-03	3.273767e+00
2.641000e-05	-9.020084e-03	3.033212e+00
2.642000e-05	-9.217638e-03	2.822660e+00
2.643000e-05	-7.576062e-03	2.600134e+00
2.644000e-05	-5.859203e-03	2.306471e+00
2.645000e-05	-7.388463e-03	2.095418e+00
2.646000e-05	-6.653358e-03	1.924920e+00
2.647000e-05	-6.012615e-03	1.644759e+00
2.648000e-05	-5.792564e-03	1.391604e+00
2.649000e-05	-6.626479e-03	1.169103e+00
2.650000e-05	-4.975861e-03	8.452454e-01
2.651000e-05	-6.993994e-03	6.022353e-01
2.652000e-05	-2.893153e-03	4.000551e-01
2.653000e-05	-5.231107e-03	1.180212e-01
2.654000e-05	7.248167e-04	-7.308039e-02
2.655000e-05	5.433733e-03	-2.855844e-01
2.656000e-05	-4.422387e-03	-5.031118e-01
2.657000e-05	2.845616e-03	-7.358209e-01
2.658000e-05	-4.363552e-03	-9.467672e-01
2.659000e-05	1.580588e-03	-1.148871e+00
2.660000e-05	-2.948786e-03	-1.480982e+00
2.661000e-05	2.200744e-02	-1.644109e+00
2.662000e-05	8.694314e-02	-1.842078e+00
2.663000e-05	-1.082294e-02	-2.127113e+00
2.664000e-05	-5.927770e-02	-2.451554e+00
2.665000e-05	-1.291835e-02	-2.745313e+00
2.666000e-05	-5.605186e-02	-2.946193e+00
2.667000e-05	-6.960695e-02	-3.146920e+00
2.668000e-05	1.794774e-01	-3.273063e+00
2.669000e-05	-7.029246e-02	-3.474712e+00
2.670000e-05	-1.937882e-02	-3.747217e+00
2.671000e-05	1.332455e-01	-3.936773e+00
2.672000e-05	-1.786878e-01	-4.188403e+00
2.673000e-05	1.313046e-01	-4.418925e+00
2.674000e-05	-4.925964e-02	-4.589279e+00
2.675000e-05	-6.923584e-02	-4.882657e+00
2.676000e-05	1.619039e-01	-5.104061e+00
2.677000e-05	-1.050870e-01	-5.327120e+00
2.678000e-05	8.594850e-02	-5.628957e+00
2.679000e-05	-6.543747e-02	-5.800380e+00
2.680000e-05	-6.266151e-02	-6.030053e+00
2.681000e-05	1.240774e-01	-6.210458e+00
2.682000e-05	-6.961152e-02	-6.453010e+00
2.683000e-05	1.083645e-01	-6.673686e+00
2.684000e-05	-9.724315e-02	-6.852566e+00
2.685000e-05	2.031564e-02	-7.086748e+00
2.686000e-05	4.859045e-02	-7.335671e+00
2.687000e-05	-7.944680e-02	-7.527272e+00
2.688000e-05	1.069841e-01	-7.749796e+00
2.689000e-05	-9.018224e-02	-7.959751e+00
2.690000e-05	7.704721e-02	-8.166324e+00
2.691000e-05	-3.289418e-02	-8.305745e+00
2.692000e-05	7.382774e-03	-8.485375e+00
2.693000e-05	1.937034e-02	-8.684642e+00
2.694000e-05	-4.255562e-02	-8.895196e+00
2.695000e-05	6.446347e-02	-9.022038e+00
2.696000e-05	-3.599843e-02	-9.200937e+00
2.697000e-05	5.066165e-02	-9.399933e+00
2.698000e-05	-4.278462e-02	-9.547333e+00
2.699000e-05	1.393437e-02	-9.745823e+00
2.700000e-05	4.712568e-03	-9.832167e+00
2.701000e-05	5.470168e-03	-1.002106e+01
2.702000e-05	2.459133e-02	-1.014836e+01
2.703000e-05	-1.310261e-02	-1.027833e+01
2.704000e-05	2.215831e-02	-1.049527e+01
2.705000e-05	-2.003023e-02	-1.062104e+01
2.706000e-05	1.892737e-02	-1.072730e+01
2.707000e-05	-7.546469e-04	-1.084114e+01
2.708000e-05	1.888716e-02	-1.102153e+01
2.709000e-05	-2.210962e-03	-1.112527e+01
2.710000e-05	4.531115e-03	-1.127272e+01
2.711000e-05	7.607155e-03	-1.133993e+01
2.712000e-05	4.544724e-03	-1.151575e+01
2.713000e-05	5.567233e-03	-1.160009e+01
2.714000e-05	3.211645e-03	-1.175791e+01
2.715000e-05	1.554216e-02	-1.181362e+01
2.716000e-05	5.231718e-03	-1.197836e+01
2.717000e-05	5.352636e-03	-1.209327e+01
2.718000e-05	-3.320169e-05	-1.214795e+01
2.719000e-05	7.523993e-03	-1.222259e+01
2.720000e-05	8.346267e-03	-1.228464e+01
2.721000e-05	1.463132e-02	-1.235891e+01
2.722000e-05	1.068886e-02	-1.242269e+01
2.723000e-05	3.353605e-03	-1.251688e+01
2.724000e-05	2.192280e-03	-1.257898e+01
2.725000e-05	8.462746e-03	-1.262056e+01
2.726000e-05	1.443237e-02	-1.265473e+01
2.727000e-05	1.004964e-02	-1.270738e+01
2.728000e-05	7.780867e-03	-1.280061e+01
2.729000e-05	7.475128e-03	-1.285114e+01
2.730000e-05	9.640398e-03	-1.288317e+01
2.731000e-05	1.109965e-02	-1.287582e+01
2.732000e-05	8.773680e-03	-1.290633e+01
2.733000e-05	1.046251e-02	-1.293588e+01
2.734000e-05	1.272817e-02	-1.292738e+01
2.735000e-05	1.504763e-02	-1.296983e+01
2.736000e-05	1.156426e-02	-1.291998e+01
2.737000e-05	1.220143e-02	-1.295951e+01
2.738000e-05	1.176389e-02	-1.296686e+01
2.739000e-05	1.500349e-02	-1.293638e+01
2.740000e-05	1.617146e-02	-1.292740e+01
2.741000e-05	1.799080e-02	-1.291583e+01
2.742000e-05	1.799638e-02	-1.289635e+01
2.743000e-05	1.682322e-02	-1.290627e+01
2.744000e-05	1.746758e-02	-1.287470e+01
2.745000e-05	2.140115e-02	-1.284266e+01
2.746000e-05	2.316020e-02	-1.278754e+01
2.747000e-05	2.303199e-02	-1.271783e+01
2.748000e-05	2.329506e-02	-1.263483e+01
2.749000e-05	2.443418e-02	-1.258112e+01
2.750000e-05	2.659415e-02	-1.256751e+01
2.751000e-05	2.866633e-02	-1.248536e+01
2.752000e-05	3.221652e-02	-1.237225e+01
2.753000e-05	3.297150e-02	-1.234599e+01
2.754000e-05	3.265835e-02	-1.226375e+01
2.755000e-05	3.411860e-02	-1.215008e+01
2.756000e-05	3.634392e-02	-1.208725e+01
2.757000e-05	3.908405e-02	-1.204174e+01
2.758000e-05	4.102596e-02	-1.193745e+01
2.759000e-05	4.367615e-02	-1.180209e+01
2.760000e-05	4.717595e-02	-1.166588e+01
2.761000e-05	5.022989e-02	-1.159114e+01
2.762000e-05	5.013485e-02	-1.148432e+01
2.763000e-05	5.319502e-02	-1.127748e+01
2.764000e-05	5.534839e-02	-1.115919e+01
2.765000e-05	6.101768e-02	-1.104328e+01
2.766000e-05	6.274699e-02	-1.091633e+01
2.767000e-05	6.554482e-02	-1.082269e+01
2.768000e-05	6.887734e-02	-1.069645e+01
2.769000e-05	7.264511e-02	-1.059051e+01
2.770000e-05	7.655744e-02	-1.043329e+01
2.771000e-05	7.791376e-02	-1.029583e+01
2.772000e-05	7.937086e-02	-1.010750e+01
2.773000e-05	8.033816e-02	-9.959984e+00
2.774000e-05	8.112648e-02	-9.813691e+00
2.775000e-05	8.049151e-02	-9.673846e+00
2.776000e-05	8.003255e-02	-9.525430e+00
2.777000e-05	7.732745e-02	-9.306409e+00
2.778000e-05	7.715920e-02	-9.180585e+00
2.779000e-05	7.335191e-02	-9.022763e+00
2.780000e-05	7.048129e-02	-8.824618e+00
2.781000e-05	6.530217e-02	-8.643316e+00
2.782000e-05	6.181747e-02	-8.433696e+00
2.783000e-05	5.668608e-02	-8.306392e+00
2.784000e-05	5.380943e-02	-8.096402e+00
2.785000e-05	4.903798e-02	-7.987979e+00
2.786000e-05	4.491203e-02	-7.705353e+00
2.787000e-05	3.970349e-02	-7.465920e+00
2.788000e-05	3.485328e-02	-7.295800e+00
2.789000e-05	3.162672e-02	-7.056368e+00
2.790000e-05	2.941282e-02	-6.844742e+00
2.791000e-05	2.598798e-02	-6.654819e+00
2.792000e-05	2.357604e-02	-6.445244e+00
2.793000e-05	2.045342e-02	-6.275896e+00
2.794000e-05	1.751995e-02	-6.023294e+00
2.795000e-05	1.315182e-02	-5.812315e+00
2.796000e-05	1.192907e-02	-5.622136e+00
2.797000e-05	1.091187e-02	-5.410160e+00
2.798000e-05	1.011582e-02	-5.118000e+00
2.799000e-05	7.151035e-03	-4.854446e+00
2.800000e-05	7.063734e-03	-4.600906e+00
2.801000e-05	4.154300e-03	-4.452634e+00
2.802000e-05	4.672946e-03	-4.253714e+00
2.803000e-05	2.306466e-03	-4.042609e+00
2.804000e-05	2.257119e-03	-3.770102e+00
2.805000e-05	1.420871e-03	-3.566948e+00
2.806000e-05	5.295465e-04	-3.297525e+00
2.807000e-05	8.718707e-04	-3.134970e+00
2.808000e-05	-2.197602e-03	-2.832306e+00
2.809000e-05	-1.488970e-03	-2.612284e+00
2.810000e-05	-1.558927e-03	-2.410100e+00
2.811000e-05	-5.702081e-04	-2.098577e+00
2.812000e-05	-1.997997e-03	-1.926338e+00
2.813000e-05	-1.188203e-03	-1.676415e+00
2.814000e-05	-4.115141e-03	-1.432838e+00
2.815000e-05	-3.143008e-03	-1.179572e+00
2.816000e-05	-4.867643e-03	-9.159167e-01
2.817000e-05	-3.393639e-03	-6.149207e-01
2.818000e-05	-3.493169e-03	-4.031300e-01
2.819000e-05	-1.585856e-03	-1.716276e-01
2.820000e-05	2.785831e-03	-6.486880e-04
2.821000e-05	4.709787e-03	2.915781e-01
2.822000e-05	-5.410421e-03	4.951818e-01
2.823000e-05	2.607010e-03	7.151399e-01
2.824000e-05	-4.384101e-03	9.075617e-01
2.825000e-05	-1.139160e-04	1.197272e+00
2.826000e-05	-4.185986e-03	1.409955e+00
2.827000e-05	8.670365e-03	1.681603e+00
2.828000e-05	3.682758e-02	1.915136e+00
2.829000e-05	7.145872e-02	2.137640e+00
2.830000e-05	-6.189118e-02	2.417874e+00
2.831000e-05	-3.251262e-02	2.703614e+00
2.832000e-05	-3.587977e-02	2.884086e+00
2.833000e-05	-2.735710e-02	3.095135e+00
2.834000e-05	-6.677260e-02	3.263056e+00
2.835000e-05	1.434684e-01	3.482559e+00
2.836000e-05	-3.288071e-02	3.694094e+00
2.837000e-05	-8.618160e-02	3.914612e+00
2.838000e-05	1.612599e-01	4.127162e+00
2.839000e-05	-1.282806e-01	4.397450e+00
2.840000e-05	3.261055e-02	4.626925e+00
2.841000e-05	7.203420e-03	4.888880e+00
2.842000e-05	-4.291577e-02	5.115162e+00
2.843000e-05	5.607518e-02	5.365799e+00
2.844000e-05	-3.123563e-02	5.627875e+00
2.845000e-05	1.344087e-03	5.810434e+00
2.846000e-05	-1.429013e-02	6.021006e+00
2.847000e-05	-3.253147e-02	6.233961e+00
2.848000e-05	2.260885e-02	6.442453e+00
2.849000e-05	-1.180091e-02	6.652636e+00
2.850000e-05	4.713907e-02	6.902568e+00
2.851000e-05	-5.165423e-02	7.103192e+00
2.852000e-05	-3.128734e-03	7.261637e+00
2.853000e-05	1.093067e-02	7.474597e+00
2.854000e-05	-3.594377e-02	7.754697e+00
2.855000e-05	2.694467e-02	7.936256e+00
2.856000e-05	-2.239105e-02	8.156882e+00
2.857000e-05	8.567731e-03	8.318295e+00
2.858000e-05	-1.793914e-02	8.473645e+00
2.859000e-05	-1.380190e-02	8.644140e+00
2.860000e-05	-1.109572e-03	8.811532e+00
2.861000e-05	-1.118094e-02	8.997859e+00
2.862000e-05	9.719251e-03	9.178378e+00
2.863000e-05	-2.078154e-02	9.347326e+00
2.864000e-05	4.987120e-03	9.505200e+00
2.865000e-05	-1.562730e-02	9.713171e+00
2.866000e-05	-1.040327e-02	9.832516e+00
2.867000e-05	-7.524381e-03	1.006003e+01
2.868000e-05	-3.858974e-03	1.017783e+01
2.869000e-05	1.443689e-03	1.032622e+01
2.870000e-05	-1.397608e-02	1.044199e+01
2.871000e-05	-5.457881e-03	1.060096e+01
2.872000e-05	-1.685502e-02	1.070690e+01
2.873000e-05	-1.111440e-02	1.084162e+01
2.874000e-05	-9.133417e-03	1.096848e+01
2.875000e-05	-1.760585e-03	1.112480e+01
2.876000e-05	-5.383857e-03	1.124144e+01
2.877000e-05	-1.469046e-02	1.138636e+01
2.878000e-05	-1.120081e-02	1.146522e+01
2.879000e-05	-1.001307e-02	1.162164e+01
2.880000e-05	-8.129411e-03	1.173830e+01
2.881000e-05	-1.240128e-02	1.183101e+01
2.882000e-05	-7.425615e-03	1.190422e+01
2.883000e-05	-1.076763e-02	1.200014e+01
2.884000e-05	-1.401511e-02	1.208425e+01
2.885000e-05	-1.512725e-02	1.219991e+01
2.886000e-05	-1.175504e-02	1.225565e+01
2.887000e-05	-9.839468e-03	1.234786e+01
2.888000e-05	-9.260425e-03	1.243162e+01
2.889000e-05	-1.016189e-02	1.248482e+01
2.890000e-05	-1.436491e-02	1.251838e+01
2.891000e-05	-1.485729e-02	1.260001e+01
2.892000e-05	-1.539855e-02	1.264109e+01
2.893000e-05	-1.244583e-02	1.266523e+01
2.894000e-05	-1.467424e-02	1.273636e+01
2.895000e-05	-1.366159e-02	1.279851e+01
2.896000e-05	-1.519444e-02	1.278207e+01
2.897000e-05	-1.660726e-02	1.284254e+01
2.898000e-05	-1.514917e-02	1.285025e+01
2.899000e-05	-1.638401e-02	1.286378e+01
2.900000e-05	-1.616036e-02	1.291630e+01
2.901000e-05	-1.684410e-02	1.288690e+01
2.902000e-05	-1.578817e-02	1.292631e+01
2.903000e-05	-1.952303e-02	1.291641e+01
2.904000e-05	-2.155691e-02	1.293483e+01
2.905000e-05	-2.132442e-02	1.288586e+01
2.906000e-05	-1.982736e-02	1.288383e+01
2.907000e-05	-2.075840e-02	1.288278e+01
2.908000e-05	-2.253870e-02	1.285172e+01
2.909000e-05	-2.417355e-02	1.282317e+01
2.910000e-05	-2.559019e-02	1.275909e+01
2.911000e-05	-2.676256e-02	1.275846e+01
2.912000e-05	-2.775531e-02	1.271736e+01
2.913000e-05	-2.818510e-02	1.269472e+01
2.914000e-05	-2.953158e-02	1.261167e+01
2.915000e-05	-3.200479e-02	1.255809e+01
2.916000e-05	-3.297485e-02	1.252741e+01
2.917000e-05	-3.557242e-02	1.248380e+01
2.918000e-05	-3.664563e-02	1.244259e+01
2.919000e-05	-3.877613e-02	1.232896e+01
2.920000e-05	-3.900864e-02	1.225329e+01
2.921000e-05	-4.162979e-02	1.215949e+01
2.922000e-05	-4.386985e-02	1.210495e+01
2.923000e-05	-4.627812e-02	1.196054e+01
2.924000e-05	-4.767107e-02	1.191535e+01
2.925000e-05	-5.007105e-02	1.180114e+01
2.926000e-05	-5.267612e-02	1.168583e+01
2.927000e-05	-5.420986e-02	1.157159e+01
2.928000e-05	-5.750536e-02	1.141430e+01
2.929000e-05	-6.004937e-02	1.133596e+01
2.930000e-05	-6.552561e-02	1.121109e+01
2.931000e-05	-6.723385e-02	1.105475e+01
2.932000e-05	-7.045514e-02	1.094009e+01
2.933000e-05	-7.320693e-02	1.084522e+01
2.934000e-05	-7.740884e-02	1.074745e+01
2.935000e-05	-7.913862e-02	1.057064e+01
2.936000e-05	-8.046654e-02	1.042230e+01
2.937000e-05	-8.491404e-02	1.026378e+01
2.938000e-05	-8.692675e-02	1.012801e+01
2.939000e-05	-9.017620e-02	1.001161e+01
2.940000e-05	-8.730835e-02	9.803689e+00
2.941000e-05	-8.791745e-02	9.642744e+00
2.942000e-05	-8.766031e-02	9.465800e+00
2.943000e-05	-8.366181e-02	9.357905e+00
2.944000e-05	-8.255983e-02	9.199559e+00
2.945000e-05	-8.018468e-02	8.999215e+00
2.946000e-05	-7.836690e-02	8.830238e+00
2.947000e-05	-7.356464e-02	8.621718e+00
2.948000e-05	-6.748986e-02	8.506220e+00
2.949000e-05	-6.442231e-02	8.296950e+00
2.950000e-05	-5.944259e-02	8.125349e+00
2.951000e-05	-5.601733e-02	7.896424e+00
2.952000e-05	-5.134416e-02	7.717399e+00
2.953000e-05	-4.809875e-02	7.517425e+00
2.954000e-05	-4.292814e-02	7.276296e+00
2.955000e-05	-4.025657e-02	7.094393e+00
2.956000e-05	-3.639628e-02	6.905821e+00
2.957000e-05	-3.318020e-02	6.684419e+00
2.958000e-05	-2.875066e-02	6.482171e+00
2.959000e-05	-2.825824e-02	6.252786e+00
2.960000e-05	-2.539987e-02	6.064291e+00
2.961000e-05	-2.369214e-02	5.864863e+00
2.962000e-05	-2.042253e-02	5.620666e+00
2.963000e-05	-1.894914e-02	5.400683e+00
2.964000e-05	-1.675746e-02	5.208130e+00
2.965000e-05	-1.475674e-02	4.885600e+00
2.966000e-05	-1.377056e-02	4.654288e+00
2.967000e-05	-1.329019e-02	4.413234e+00
2.968000e-05	-1.261062e-02	4.233212e+00
2.969000e-05	-1.044871e-02	3.999050e+00
2.970000e-05	-9.933633e-03	3.749022e+00
2.971000e-05	-1.051271e-02	3.585951e+00
2.972000e-05	-9.761628e-03	3.296896e+00
2.973000e-05	-7.640583e-03	3.064268e+00
2.974000e-05	-8.509145e-03	2.843738e+00
2.975000e-05	-7.772053e-03	2.600787e+00
2.976000e-05	-7.244187e-03	2.368525e+00
2.977000e-05	-6.455457e-03	2.085920e+00
2.978000e-05	-6.760594e-03	1.905941e+00
2.979000e-05	-6.725344e-03	1.663838e+00
2.980000e-05	-6.593481e-03	1.421680e+00
2.981000e-05	-5.558877e-03	1.210076e+00
2.982000e-05	-5.568434e-03	8.628395e-01
2.983000e-05	-4.867502e-03	6.142090e-01
2.984000e-05	-4.745510e-03	4.120553e-01
2.985000e-05	-4.107276e-03	1.701038e-01
2.986000e-05	-1.321890e-03	-7.353676e-02
2.987000e-05	6.908999e-03	-2.846593e-01
2.988000e-05	-5.263115e-03	-4.935317e-01
2.989000e-05	2.640451e-03	-7.948422e-01
2.990000e-05	-5.212989e-03	-9.581422e-01
2.991000e-05	2.500883e-03	-1.176750e+00
2.992000e-05	-2.935414e-03	-1.419501e+00
2.993000e-05	2.073419e-02	-1.653053e+00
2.994000e-05	8.223646e-02	-1.840530e+00
2.995000e-05	4.718428e-04	-2.054084e+00
2.996000e-05	-6.566909e-02	-2.449005e+00
2.997000e-05	-7.471072e-03	-2.696690e+00
2.998000e-05	-5.481617e-02	-2.926187e+00
2.999000e-05	-7.375457e-02	-3.167844e+00
3.000000e-05	1.676932e-01	-3.253584e+00
3.001000e-05	-4.519538e-02	-3.464562e+00
3.002000e-05	-4.898481e-02	-3.757195e+00
3.003000e-05	1.486805e-01	-3.927769e+00
3.004000e-05	-1.845476e-01	-4.187350e+00
3.005000e-05	1.208546e-01	-4.378976e+00
3.006000e-05	-2.491575e-02	-4.549378e+00
3.007000e-05	-8.356926e-02	-4.851113e+00
3.008000e-05	1.603025e-01	-5.042108e+00
3.009000e-05	-9.643765e-02	-5.297041e+00
3.010000e-05	7.166443e-02	-5.599404e+00
3.011000e-05	-4.201253e-02	-5.761900e+00
3.012000e-05	-8.644219e-02	-6.019454e+00
3.013000e-05	1.320069e-01	-6.180987e+00
3.014000e-05	-6.835994e-02	-6.462558e+00
3.015000e-05	1.058736e-01	-6.662034e+00
3.016000e-05	-8.129364e-02	-6.853561e+00
3.017000e-05	7.006333e-04	-7.095669e+00
3.018000e-05	6.357705e-02	-7.326142e+00
3.019000e-05	-9.456191e-02	-7.517242e+00
3.020000e-05	1.101585e-01	-7.695299e+00
3.021000e-05	-8.389745e-02	-7.927777e+00
3.022000e-05	7.125718e-02	-8.127750e+00
3.023000e-05	-2.188040e-02	-8.285722e+00
3.024000e-05	-7.087881e-03	-8.493220e+00
3.025000e-05	2.842582e-02	-8.663645e+00
3.026000e-05	-5.111604e-02	-8.876184e+00
3.027000e-05	6.863557e-02	-9.031558e+00
3.028000e-05	-3.443777e-02	-9.170381e+00
3.029000e-05	4.910084e-02	-9.398927e+00
3.030000e-05	-3.832561e-02	-9.537353e+00
3.031000e-05	6.399124e-03	-9.716298e+00
3.032000e-05	1.131530e-02	-9.853592e+00
3.033000e-05	3.802086e-04	-1.001046e+01
3.034000e-05	2.902108e-02	-1.018631e+01
3.035000e-05	-1.562304e-02	-1.032630e+01
3.036000e-05	2.569676e-02	-1.047272e+01
3.037000e-05	-2.217042e-02	-1.061051e+01
3.038000e-05	1.563624e-02	-1.072735e+01
3.039000e-05	-1.557352e-03	-1.084219e+01
3.040000e-05	1.977760e-02	-1.096896e+01
3.041000e-05	2.206341e-03	-1.108576e+01
3.042000e-05	3.309155e-03	-1.128212e+01
3.043000e-05	6.938588e-03	-1.137689e+01
3.044000e-05	2.542643e-03	-1.150620e+01
3.045000e-05	6.952547e-03	-1.158957e+01
3.046000e-05	1.974636e-03	-1.172791e+01
3.047000e-05	1.645250e-02	-1.185305e+01
3.048000e-05	4.026650e-03	-1.194041e+01
3.049000e-05	5.625678e-03	-1.209372e+01
3.050000e-05	-2.732221e-04	-1.213743e+01
3.051000e-05	7.321952e-03	-1.224311e+01
3.052000e-05	7.080235e-03	-1.224569e+01
3.053000e-05	1.584116e-02	-1.233089e+01
3.054000e-05	1.159507e-02	-1.240107e+01
3.055000e-05	6.280061e-03	-1.249485e+01
3.056000e-05	1.902969e-03	-1.254793e+01
3.057000e-05	6.989779e-03	-1.261162e+01
3.058000e-05	1.305649e-02	-1.266628e+01
3.059000e-05	8.881139e-03	-1.268738e+01
3.060000e-05	9.254888e-03	-1.275148e+01
3.061000e-05	8.202215e-03	-1.285159e+01
3.062000e-05	1.102161e-02	-1.288424e+01
3.063000e-05	9.471288e-03	-1.290632e+01
3.064000e-05	9.313614e-03	-1.288525e+01
3.065000e-05	1.015692e-02	-1.292688e+01
3.066000e-05	1.282273e-02	-1.291643e+01
3.067000e-05	1.435124e-02	-1.291891e+01
3.068000e-05	1.165640e-02	-1.291788e+01
3.069000e-05	1.004585e-02	-1.293796e+01
3.070000e-05	1.143709e-02	-1.293994e+01
3.071000e-05	1.438395e-02	-1.293846e+01
3.072000e-05	1.790732e-02	-1.293595e+01
3.073000e-05	1.872587e-02	-1.293535e+01
3.074000e-05	1.743208e-02	-1.292583e+01
3.075000e-05	1.571879e-02	-1.286425e+01
3.076000e-05	1.770683e-02	-1.284367e+01
3.077000e-05	2.094852e-02	-1.280214e+01
3.078000e-05	2.390231e-02	-1.275058e+01
3.079000e-05	2.219804e-02	-1.271741e+01
3.080000e-05	2.334947e-02	-1.264575e+01
3.081000e-05	2.543395e-02	-1.260055e+01
3.082000e-05	2.363117e-02	-1.253094e+01
3.083000e-05	2.960215e-02	-1.247590e+01
3.084000e-05	2.790750e-02	-1.245214e+01
3.085000e-05	3.591202e-02	-1.232946e+01
3.086000e-05	3.403347e-02	-1.225477e+01
3.087000e-05	3.741929e-02	-1.219206e+01
3.088000e-05	3.627663e-02	-1.210640e+01
3.089000e-05	3.548459e-02	-1.202317e+01
3.090000e-05	4.010495e-02	-1.191896e+01
3.091000e-05	4.068878e-02	-1.182212e+01
3.092000e-05	4.767139e-02	-1.171533e+01
3.093000e-05	4.768519e-02	-1.156054e+01
3.094000e-05	5.264582e-02	-1.147525e+01
3.095000e-05	5.399229e-02	-1.136698e+01
3.096000e-05	5.888065e-02	-1.116054e+01
3.097000e-05	6.110935e-02	-1.106385e+01
3.098000e-05	6.350067e-02	-1.090798e+01
3.099000e-05	6.435303e-02	-1.085374e+01
3.100000e-05	6.688358e-02	-1.072490e+01
3.101000e-05	6.995089e-02	-1.055949e+01
3.102000e-05	7.489071e-02	-1.044472e+01
3.103000e-05	7.880789e-02	-1.022597e+01
3.104000e-05	8.149144e-02	-1.008743e+01
3.105000e-05	8.221539e-02	-9.959587e+00
3.106000e-05	8.178849e-02	-9.791743e+00
3.107000e-05	8.078024e-02	-9.674274e+00
3.108000e-05	7.844721e-02	-9.508553e+00
3.109000e-05	7.682273e-02	-9.306535e+00
3.110000e-05	7.621064e-02	-9.159560e+00
3.111000e-05	7.430112e-02	-9.021264e+00
3.112000e-05	7.056712e-02	-8.862164e+00
3.113000e-05	6.599297e-02	-8.655344e+00
3.114000e-05	6.120794e-02	-8.443727e+00
3.115000e-05	5.804805e-02	-8.266393e+00
3.116000e-05	5.417582e-02	-8.117880e+00
3.117000e-05	4.823547e-02	-7.938976e+00
3.118000e-05	4.448169e-02	-7.685376e+00
3.119000e-05	3.900927e-02	-7.476342e+00
3.120000e-05	3.559730e-02	-7.244871e+00
3.121000e-05	3.173300e-02	-7.104899e+00
3.122000e-05	3.010493e-02	-6.836373e+00
3.123000e-05	2.718055e-02	-6.674319e+00
3.124000e-05	2.306534e-02	-6.496946e+00
3.125000e-05	1.978830e-02	-6.265349e+00
3.126000e-05	1.793394e-02	-6.063193e+00
3.127000e-05	1.411766e-02	-5.842261e+00
3.128000e-05	1.240448e-02	-5.623039e+00
3.129000e-05	1.075971e-02	-5.453914e+00
3.130000e-05	9.795879e-03	-5.128450e+00
3.131000e-05	7.348111e-03	-4.885873e+00
3.132000e-05	6.964369e-03	-4.644214e+00
3.133000e-05	4.083873e-03	-4.433710e+00
3.134000e-05	4.255383e-03	-4.233813e+00
3.135000e-05	3.205678e-03	-3.984634e+00
3.136000e-05	2.456628e-03	-3.771679e+00
3.137000e-05	2.395669e-03	-3.548551e+00
3.138000e-05	-2.275350e-04	-3.346446e+00
3.139000e-05	1.208810e-04	-3.097422e+00
3.140000e-05	-1.961897e-03	-2.853233e+00
3.141000e-05	-2.500558e-04	-2.633760e+00
3.142000e-05	-2.325752e-03	-2.422125e+00
3.143000e-05	-1.455167e-04	-2.130051e+00
3.144000e-05	-3.403248e-03	-1.934968e+00
3.145000e-05	-1.956092e-03	-1.675967e+00
3.146000e-05	-3.862287e-03	-1.443857e+00
3.147000e-05	-2.547096e-03	-1.170525e+00
3.148000e-05	-3.862058e-03	-9.148945e-01
3.149000e-05	-2.761113e-03	-7.164620e-01
3.150000e-05	-3.406586e-03	-4.236825e-01
3.151000e-05	-2.448972e-03	-2.116300e-01
3.152000e-05	1.671835e-03	2.897507e-02
3.153000e-05	4.589030e-03	2.534541e-01
3.154000e-05	-5.031000e-03	4.725581e-01
3.155000e-05	2.669062e-03	6.526383e-01
3.156000e-05	-4.729696e-03	9.276379e-01
3.157000e-05	6.387407e-04	1.177341e+00
3.158000e-05	-4.033357e-03	1.452399e+00
3.159000e-05	8.027295e-03	1.670533e+00
3.160000e-05	3.368020e-02	1.883633e+00
3.161000e-05	7.509724e-02	2.115613e+00
3.162000e-05	-5.512064e-02	2.368375e+00
3.163000e-05	-3.586897e-02	2.651058e+00
3.164000e-05	-3.583776e-02	2.873158e+00
3.165000e-05	-2.608339e-02	3.104211e+00
3.166000e-05	-7.037759e-02	3.263585e+00
3.167000e-05	1.330126e-01	3.410962e+00
3.168000e-05	-9.369912e-03	3.674037e+00
3.169000e-05	-1.093280e-01	3.863637e+00
3.170000e-05	1.686552e-01	4.054691e+00
3.171000e-05	-1.203054e-01	4.388851e+00
3.172000e-05	2.061750e-02	4.557323e+00
3.173000e-05	1.535931e-02	4.841428e+00
3.174000e-05	-4.972076e-02	5.085096e+00
3.175000e-05	5.713627e-02	5.366772e+00
3.176000e-05	-2.417920e-02	5.578799e+00
3.177000e-05	-5.198215e-03	5.807335e+00
3.178000e-05	-9.625707e-03	6.002403e+00
3.179000e-05	-3.703729e-02	6.211557e+00
3.180000e-05	2.585016e-02	6.430435e+00
3.181000e-05	-1.301541e-02	6.622563e+00
3.182000e-05	4.715496e-02	6.842587e+00
3.183000e-05	-4.696871e-02	7.083738e+00
3.184000e-05	-1.134548e-02	7.332647e+00
3.185000e-05	1.759786e-02	7.492996e+00
3.186000e-05	-4.018958e-02	7.723721e+00
3.187000e-05	2.832859e-02	7.925671e+00
3.188000e-05	-2.148421e-02	8.146375e+00
3.189000e-05	7.984664e-03	8.328742e+00
3.190000e-05	-1.466959e-02	8.494669e+00
3.191000e-05	-1.573159e-02	8.661563e+00
3.192000e-05	8.176848e-04	8.859481e+00
3.193000e-05	-1.338095e-02	9.020335e+00
3.194000e-05	1.233756e-02	9.198502e+00
3.195000e-05	-2.131894e-02	9.347325e+00
3.196000e-05	3.630778e-03	9.535676e+00
3.197000e-05	-1.632664e-02	9.672744e+00
3.198000e-05	-1.117200e-02	9.851969e+00
3.199000e-05	-6.189618e-03	9.998534e+00
3.200000e-05	-4.292796e-03	1.015743e+01
3.201000e-05	1.730915e-03	1.026412e+01
3.202000e-05	-1.440637e-02	1.042099e+01
3.203000e-05	-4.464744e-03	1.056844e+01
3.204000e-05	-1.726514e-02	1.072575e+01
3.205000e-05	-9.154832e-03	1.087415e+01
3.206000e-05	-1.238337e-02	1.095894e+01
3.207000e-05	4.942940e-04	1.108462e+01
3.208000e-05	-7.046267e-03	1.128399e+01
3.209000e-05	-1.358524e-02	1.135736e+01
3.210000e-05	-1.181059e-02	1.146317e+01
3.211000e-05	-1.028995e-02	1.165204e+01
3.212000e-05	-7.541664e-03	1.172583e+01
3.213000e-05	-1.279178e-02	1.182154e+01
3.214000e-05	-8.021478e-03	1.190480e+01
3.215000e-05	-1.162008e-02	1.196847e+01
3.216000e-05	-1.412023e-02	1.210375e+01
3.217000e-05	-1.509399e-02	1.218849e+01
3.218000e-05	-1.177912e-02	1.222255e+01
3.219000e-05	-9.469700e-03	1.232686e+01
3.220000e-05	-9.300131e-03	1.242147e+01
3.221000e-05	-9.563706e-03	1.250477e+01
3.222000e-05	-1.446002e-02	1.254833e+01
3.223000e-05	-1.622735e-02	1.259049e+01
3.224000e-05	-1.570228e-02	1.266307e+01
3.225000e-05	-1.210652e-02	1.268578e+01
3.226000e-05	-1.409204e-02	1.272633e+01
3.227000e-05	-1.376766e-02	1.274001e+01
3.228000e-05	-1.547647e-02	1.278059e+01
3.229000e-05	-1.712374e-02	1.283011e+01
3.230000e-05	-1.541695e-02	1.285915e+01
3.231000e-05	-1.603344e-02	1.283580e+01
3.232000e-05	-1.436430e-02	1.291428e+01
3.233000e-05	-1.683082e-02	1.291528e+01
3.234000e-05	-1.694007e-02	1.291683e+01
3.235000e-05	-1.986863e-02	1.290633e+01
3.236000e-05	-2.146930e-02	1.289790e+01
3.237000e-05	-2.062848e-02	1.292583e+01
3.238000e-05	-2.008932e-02	1.290485e+01
3.239000e-05	-2.015866e-02	1.290480e+01
3.240000e-05	-2.217829e-02	1.285320e+01
3.241000e-05	-2.361727e-02	1.282214e+01
3.242000e-05	-2.625420e-02	1.275109e+01
3.243000e-05	-2.724906e-02	1.277836e+01
3.244000e-05	-2.835806e-02	1.272885e+01
3.245000e-05	-2.827540e-02	1.268425e+01
3.246000e-05	-2.946258e-02	1.261264e+01
3.247000e-05	-3.159229e-02	1.255001e+01
3.248000e-05	-3.348452e-02	1.252688e+01
3.249000e-05	-3.516915e-02	1.248530e+01
3.250000e-05	-3.644659e-02	1.242161e+01
3.251000e-05	-3.805141e-02	1.233951e+01
3.252000e-05	-3.838733e-02	1.223430e+01
3.253000e-05	-4.241934e-02	1.218051e+01
3.254000e-05	-4.387964e-02	1.209525e+01
3.255000e-05	-4.620380e-02	1.197959e+01
3.256000e-05	-4.744348e-02	1.189478e+01
3.257000e-05	-5.056592e-02	1.182267e+01
3.258000e-05	-5.195044e-02	1.172631e+01
3.259000e-05	-5.329101e-02	1.162206e+01
3.260000e-05	-5.745321e-02	1.146628e+01
3.261000e-05	-6.095337e-02	1.133743e+01
3.262000e-05	-6.462221e-02	1.121159e+01
3.263000e-05	-6.706108e-02	1.109427e+01
3.264000e-05	-6.949835e-02	1.093901e+01
3.265000e-05	-7.250297e-02	1.086372e+01
3.266000e-05	-7.583291e-02	1.073901e+01
3.267000e-05	-7.974734e-02	1.055964e+01
3.268000e-05	-8.266506e-02	1.039274e+01
3.269000e-05	-8.494977e-02	1.028377e+01
3.270000e-05	-8.579382e-02	1.015748e+01
3.271000e-05	-8.737328e-02	1.000214e+01
3.272000e-05	-8.871532e-02	9.830268e+00
3.273000e-05	-8.913133e-02	9.641700e+00
3.274000e-05	-8.864108e-02	9.495300e+00
3.275000e-05	-8.638597e-02	9.336875e+00
3.276000e-05	-8.495947e-02	9.200633e+00
3.277000e-05	-7.929575e-02	9.012793e+00
3.278000e-05	-7.575782e-02	8.782668e+00
3.279000e-05	-7.256996e-02	8.632242e+00
3.280000e-05	-6.953437e-02	8.464273e+00
3.281000e-05	-6.450581e-02	8.317950e+00
3.282000e-05	-6.066852e-02	8.096977e+00
3.283000e-05	-5.624894e-02	7.905855e+00
3.284000e-05	-5.132745e-02	7.736874e+00
3.285000e-05	-4.751109e-02	7.527402e+00
3.286000e-05	-4.324934e-02	7.285799e+00
3.287000e-05	-4.074063e-02	7.104398e+00
3.288000e-05	-3.718606e-02	6.885319e+00
3.289000e-05	-3.182931e-02	6.705474e+00
3.290000e-05	-2.977700e-02	6.465170e+00
3.291000e-05	-2.764025e-02	6.283843e+00
3.292000e-05	-2.560782e-02	6.065316e+00
3.293000e-05	-2.290577e-02	5.884841e+00
3.294000e-05	-2.073811e-02	5.621608e+00
3.295000e-05	-1.948818e-02	5.421160e+00
3.296000e-05	-1.715612e-02	5.200607e+00
3.297000e-05	-1.505517e-02	4.845872e+00
3.298000e-05	-1.463074e-02	4.675289e+00
3.299000e-05	-1.287065e-02	4.433263e+00
3.300000e-05	-1.239156e-02	4.273812e+00
3.301000e-05	-1.097456e-02	3.999003e+00
3.302000e-05	-1.094273e-02	3.719029e+00
3.303000e-05	-9.456323e-03	3.592505e+00
3.304000e-05	-8.828246e-03	3.308273e+00
3.305000e-05	-8.704236e-03	3.104292e+00
3.306000e-05	-8.287517e-03	2.854163e+00
3.307000e-05	-6.999453e-03	2.655363e+00
3.308000e-05	-7.836074e-03	2.368530e+00
3.309000e-05	-7.203363e-03	2.147020e+00
3.310000e-05	-6.143776e-03	1.936970e+00
3.311000e-05	-6.121610e-03	1.684814e+00
3.312000e-05	-6.219060e-03	1.401730e+00
3.313000e-05	-5.596138e-03	1.159078e+00
3.314000e-05	-5.686345e-03	8.863932e-01
3.315000e-05	-4.762385e-03	6.632355e-01
3.316000e-05	-4.646189e-03	4.436040e-01
3.317000e-05	-3.684905e-03	1.612000e-01
3.318000e-05	-1.827147e-03	-4.298145e-02
3.319000e-05	7.234512e-03	-2.830329e-01
3.320000e-05	-5.377431e-03	-4.430342e-01
3.321000e-05	2.932914e-03	-7.253894e-01
3.322000e-05	-5.032283e-03	-9.566895e-01
3.323000e-05	3.003873e-03	-1.156245e+00
3.324000e-05	-2.758956e-03	-1.368900e+00
3.325000e-05	1.749508e-02	-1.592529e+00
3.326000e-05	7.912252e-02	-1.831080e+00
3.327000e-05	1.239017e-02	-2.032013e+00
3.328000e-05	-7.167882e-02	-2.400333e+00
3.329000e-05	-5.118222e-03	-2.715191e+00
3.330000e-05	-5.559512e-02	-2.876089e+00
3.331000e-05	-7.394447e-02	-3.137344e+00
3.332000e-05	1.542502e-01	-3.252059e+00
3.333000e-05	-1.871595e-02	-3.473009e+00
3.334000e-05	-7.813167e-02	-3.744240e+00
3.335000e-05	1.623472e-01	-3.887245e+00
3.336000e-05	-1.854359e-01	-4.177324e+00
3.337000e-05	1.085440e-01	-4.397900e+00
3.338000e-05	-5.059086e-03	-4.597275e+00
3.339000e-05	-9.685413e-02	-4.831564e+00
3.340000e-05	1.598515e-01	-5.061608e+00
3.341000e-05	-8.755444e-02	-5.295190e+00
3.342000e-05	5.166285e-02	-5.578426e+00
3.343000e-05	-1.650127e-02	-5.769349e+00
3.344000e-05	-1.034763e-01	-6.018481e+00
3.345000e-05	1.383802e-01	-6.209834e+00
3.346000e-05	-7.032938e-02	-6.423037e+00
3.347000e-05	9.767925e-02	-6.662562e+00
3.348000e-05	-6.371912e-02	-6.820559e+00
3.349000e-05	-1.890320e-02	-7.115690e+00
3.350000e-05	7.923184e-02	-7.295142e+00
3.351000e-05	-1.044192e-01	-7.474745e+00
3.352000e-05	1.116264e-01	-7.716295e+00
3.353000e-05	-7.805267e-02	-7.896825e+00
3.354000e-05	5.890944e-02	-8.096247e+00
3.355000e-05	-1.087979e-02	-8.284218e+00
3.356000e-05	-1.763588e-02	-8.503692e+00
3.357000e-05	4.128942e-02	-8.665097e+00
3.358000e-05	-5.480481e-02	-8.862143e+00
3.359000e-05	6.693209e-02	-9.002483e+00
3.360000e-05	-3.571031e-02	-9.168853e+00
3.361000e-05	4.453064e-02	-9.377480e+00
3.362000e-05	-2.910648e-02	-9.519874e+00
3.363000e-05	1.381821e-04	-9.696252e+00
3.364000e-05	1.641457e-02	-9.842063e+00
3.365000e-05	-4.308957e-03	-9.950433e+00
3.366000e-05	3.297544e-02	-1.015578e+01
3.367000e-05	-1.722224e-02	-1.029472e+01
3.368000e-05	2.517522e-02	-1.049419e+01
3.369000e-05	-2.249191e-02	-1.060099e+01
3.370000e-05	1.436078e-02	-1.070680e+01
3.371000e-05	7.553946e-04	-1.081157e+01
3.372000e-05	1.960933e-02	-1.098054e+01
3.373000e-05	3.475973e-03	-1.106630e+01
3.374000e-05	1.267764e-04	-1.128262e+01
3.375000e-05	8.352641e-03	-1.133791e+01
3.376000e-05	3.588404e-03	-1.149530e+01
3.377000e-05	1.024988e-02	-1.154904e+01
3.378000e-05	9.673733e-04	-1.171578e+01
3.379000e-05	1.498107e-02	-1.180212e+01
3.380000e-05	3.345981e-03	-1.195774e+01
3.381000e-05	8.074657e-03	-1.205425e+01
3.382000e-05	-1.298095e-03	-1.213736e+01
3.383000e-05	8.809851e-03	-1.221156e+01
3.384000e-05	6.394188e-03	-1.229467e+01
3.385000e-05	1.507875e-02	-1.236046e+01
3.386000e-05	1.226252e-02	-1.245169e+01
3.387000e-05	3.856705e-03	-1.252427e+01
3.388000e-05	2.466937e-03	-1.255891e+01
3.389000e-05	5.371155e-03	-1.262204e+01
3.390000e-05	1.649262e-02	-1.266470e+01
3.391000e-05	8.692965e-03	-1.273841e+01
3.392000e-05	8.794933e-03	-1.278051e+01
3.393000e-05	6.661168e-03	-1.281264e+01
3.394000e-05	1.003355e-02	-1.284360e+01
3.395000e-05	9.741375e-03	-1.291630e+01
3.396000e-05	1.031934e-02	-1.291788e+01
3.397000e-05	1.066012e-02	-1.291731e+01
3.398000e-05	1.380303e-02	-1.293786e+01
3.399000e-05	1.350653e-02	-1.292891e+01
3.400000e-05	1.052809e-02	-1.295951e+01
3.401000e-05	9.025472e-03	-1.294998e+01
3.402000e-05	1.133150e-02	-1.293703e+01
3.403000e-05	1.461919e-02	-1.291841e+01
3.404000e-05	1.840336e-02	-1.291793e+01
3.405000e-05	1.853219e-02	-1.291688e+01
3.406000e-05	1.754804e-02	-1.290438e+01
3.407000e-05	1.540126e-02	-1.289572e+01
3.408000e-05	1.731195e-02	-1.283275e+01
3.409000e-05	2.085458e-02	-1.284322e+01
3.410000e-05	2.363277e-02	-1.280154e+01
3.411000e-05	2.297057e-02	-1.272696e+01
3.412000e-05	2.298591e-02	-1.267525e+01
3.413000e-05	2.410376e-02	-1.264159e+01
3.414000e-05	2.575782e-02	-1.255702e+01
3.415000e-05	2.829230e-02	-1.252535e+01
3.416000e-05	2.995900e-02	-1.242370e+01
3.417000e-05	3.231550e-02	-1.230746e+01
3.418000e-05	3.333698e-02	-1.228575e+01
3.419000e-05	3.578196e-02	-1.221214e+01
3.420000e-05	3.602557e-02	-1.212588e+01
3.421000e-05	3.760425e-02	-1.202360e+01
3.422000e-05	4.031701e-02	-1.189861e+01
3.423000e-05	4.513498e-02	-1.180361e+01
3.424000e-05	4.785963e-02	-1.168643e+01
3.425000e-05	4.928522e-02	-1.159954e+01
3.426000e-05	4.869706e-02	-1.148577e+01
3.427000e-05	5.145817e-02	-1.132798e+01
3.428000e-05	5.685089e-02	-1.117059e+01
3.429000e-05	6.115376e-02	-1.105378e+01
3.430000e-05	6.340447e-02	-1.090893e+01
3.431000e-05	6.574326e-02	-1.080269e+01
3.432000e-05	6.837521e-02	-1.069792e+01
3.433000e-05	7.263551e-02	-1.059159e+01
3.434000e-05	7.498336e-02	-1.044530e+01
3.435000e-05	7.730429e-02	-1.029685e+01
3.436000e-05	7.868215e-02	-1.008593e+01
3.437000e-05	8.072420e-02	-9.978056e+00
3.438000e-05	8.125189e-02	-9.863794e+00
3.439000e-05	8.198098e-02	-9.674874e+00
3.440000e-05	8.064728e-02	-9.539485e+00
3.441000e-05	7.888773e-02	-9.378510e+00
3.442000e-05	7.686724e-02	-9.192138e+00
3.443000e-05	7.430105e-02	-9.051213e+00
3.444000e-05	7.050481e-02	-8.875221e+00
3.445000e-05	6.590204e-02	-8.677796e+00
3.446000e-05	6.185769e-02	-8.444248e+00
3.447000e-05	5.860720e-02	-8.326924e+00
3.448000e-05	5.476159e-02	-8.128976e+00
3.449000e-05	4.961174e-02	-7.988030e+00
3.450000e-05	4.586049e-02	-7.687484e+00
3.451000e-05	4.054521e-02	-7.508301e+00
3.452000e-05	3.591670e-02	-7.297427e+00
3.453000e-05	3.094123e-02	-7.147920e+00
3.454000e-05	2.937445e-02	-6.883779e+00
3.455000e-05	2.612832e-02	-6.675897e+00
3.456000e-05	2.410498e-02	-6.454946e+00
3.457000e-05	2.070219e-02	-6.324419e+00
3.458000e-05	1.730287e-02	-6.063769e+00
3.459000e-05	1.329276e-02	-5.832814e+00
3.460000e-05	1.301275e-02	-5.624159e+00
3.461000e-05	1.190625e-02	-5.432841e+00
3.462000e-05	1.176556e-02	-5.158529e+00
3.463000e-05	6.331524e-03	-4.917497e+00
3.464000e-05	6.467275e-03	-4.642713e+00
3.465000e-05	3.858542e-03	-4.433237e+00
3.466000e-05	4.741308e-03	-4.263817e+00
3.467000e-05	1.792228e-03	-4.033235e+00
3.468000e-05	3.021000e-03	-3.853736e+00
3.469000e-05	2.489445e-03	-3.589078e+00
3.470000e-05	6.349727e-04	-3.338052e+00
3.471000e-05	-1.537385e-03	-3.127466e+00
3.472000e-05	-1.977698e-03	-2.834764e+00
3.473000e-05	1.500132e-04	-2.644762e+00
3.474000e-05	-9.823398e-04	-2.422704e+00
3.475000e-05	-1.052882e-03	-2.160204e+00
3.476000e-05	-3.709223e-03	-1.927472e+00
3.477000e-05	-2.579620e-03	-1.675443e+00
3.478000e-05	-3.657040e-03	-1.515311e+00
3.479000e-05	-6.087934e-04	-1.150001e+00
3.480000e-05	-3.663111e-03	-9.664706e-01
3.481000e-05	-3.836899e-03	-7.265171e-01
3.482000e-05	-4.500546e-03	-4.223075e-01
3.483000e-05	-1.648305e-03	-2.531776e-01
3.484000e-05	3.409930e-04	4.945499e-02
3.485000e-05	4.422124e-03	2.525789e-01
3.486000e-05	-3.916540e-03	5.030818e-01
3.487000e-05	4.375385e-03	6.736081e-01
3.488000e-05	-4.641454e-03	9.160590e-01
3.489000e-05	-7.373939e-05	1.186192e+00
3.490000e-05	-3.709409e-03	1.348372e+00
3.491000e-05	6.511403e-03	1.680984e+00
3.492000e-05	3.096363e-02	1.863061e+00
3.493000e-05	7.548881e-02	2.084612e+00
3.494000e-05	-4.720505e-02	2.365824e+00
3.495000e-05	-4.043916e-02	2.662436e+00
3.496000e-05	-3.502888e-02	2.873109e+00
3.497000e-05	-2.541075e-02	3.094087e+00
3.498000e-05	-7.192383e-02	3.232527e+00
3.499000e-05	1.209319e-01	3.451933e+00
3.500000e-05	1.451860e-02	3.663059e+00
3.501000e-05	-1.282793e-01	3.895563e+00
3.502000e-05	1.718130e-01	4.124508e+00
3.503000e-05	-1.123208e-01	4.335873e+00
3.504000e-05	5.522402e-03	4.547775e+00
3.505000e-05	2.705815e-02	4.818454e+00
3.506000e-05	-5.218400e-02	5.072965e+00
3.507000e-05	5.516196e-02	5.355225e+00
3.508000e-05	-1.903796e-02	5.528776e+00
3.509000e-05	-1.067234e-02	5.769332e+00
3.510000e-05	-4.636168e-03	6.001433e+00
3.511000e-05	-3.992777e-02	6.229832e+00
3.512000e-05	2.668999e-02	6.422435e+00
3.513000e-05	-1.519607e-02	6.681537e+00
3.514000e-05	4.498353e-02	6.881134e+00
3.515000e-05	-3.913541e-02	7.072117e+00
3.516000e-05	-1.801244e-02	7.311237e+00
3.517000e-05	2.383876e-02	7.483592e+00
3.518000e-05	-4.451031e-02	7.695670e+00
3.519000e-05	2.794789e-02	7.895224e+00
3.520000e-05	-1.929112e-02	8.117221e+00
3.521000e-05	8.126794e-03	8.266720e+00
3.522000e-05	-1.343239e-02	8.502593e+00
3.523000e-05	-1.992607e-02	8.662540e+00
3.524000e-05	6.723252e-04	8.819512e+00
3.525000e-05	-1.461370e-02	9.010409e+00
3.526000e-05	1.287026e-02	9.147306e+00
3.527000e-05	-2.019906e-02	9.336304e+00
3.528000e-05	2.950123e-03	9.495218e+00
3.529000e-05	-1.472677e-02	9.692115e+00
3.530000e-05	-1.259795e-02	9.811487e+00
3.531000e-05	-5.560069e-03	9.979933e+00
3.532000e-05	-5.513626e-03	1.016731e+01
3.533000e-05	2.085941e-03	1.027467e+01
3.534000e-05	-1.446866e-02	1.040391e+01
3.535000e-05	-4.667020e-03	1.058697e+01
3.536000e-05	-1.581484e-02	1.068518e+01
3.537000e-05	-9.411656e-03	1.086122e+01
3.538000e-05	-1.167400e-02	1.095838e+01
3.539000e-05	-4.478742e-04	1.113372e+01
3.540000e-05	-5.369807e-03	1.123004e+01
3.541000e-05	-1.313618e-02	1.132589e+01
3.542000e-05	-1.353352e-02	1.143368e+01
3.543000e-05	-1.111538e-02	1.165146e+01
3.544000e-05	-7.899999e-03	1.172530e+01
3.545000e-05	-1.218801e-02	1.181004e+01
3.546000e-05	-7.384730e-03	1.188573e+01
3.547000e-05	-1.060388e-02	1.201144e+01
3.548000e-05	-1.339675e-02	1.211433e+01
3.549000e-05	-1.493203e-02	1.220941e+01
3.550000e-05	-1.216834e-02	1.224270e+01
3.551000e-05	-9.618025e-03	1.230983e+01
3.552000e-05	-9.389595e-03	1.247052e+01
3.553000e-05	-9.157025e-03	1.251473e+01
3.554000e-05	-1.360461e-02	1.253586e+01
3.555000e-05	-1.542359e-02	1.260994e+01
3.556000e-05	-1.671979e-02	1.264117e+01
3.557000e-05	-1.117240e-02	1.270470e+01
3.558000e-05	-1.454603e-02	1.272683e+01
3.559000e-05	-1.271650e-02	1.274936e+01
3.560000e-05	-1.636692e-02	1.278955e+01
3.561000e-05	-1.721458e-02	1.285215e+01
3.562000e-05	-1.583062e-02	1.287267e+01
3.563000e-05	-1.488365e-02	1.285425e+01
3.564000e-05	-1.601575e-02	1.289428e+01
3.565000e-05	-1.641661e-02	1.293690e+01
3.566000e-05	-1.574262e-02	1.294588e+01
3.567000e-05	-2.005911e-02	1.289476e+01
3.568000e-05	-2.141770e-02	1.290483e+01
3.569000e-05	-2.072681e-02	1.292683e+01
3.570000e-05	-1.925505e-02	1.292530e+01
3.571000e-05	-2.103093e-02	1.289367e+01
3.572000e-05	-2.269627e-02	1.285275e+01
3.573000e-05	-2.336129e-02	1.283162e+01
3.574000e-05	-2.612798e-02	1.277112e+01
3.575000e-05	-2.670836e-02	1.277011e+01
3.576000e-05	-2.765723e-02	1.272891e+01
3.577000e-05	-2.722265e-02	1.267575e+01
3.578000e-05	-2.892269e-02	1.265312e+01
3.579000e-05	-3.155819e-02	1.259899e+01
3.580000e-05	-3.387859e-02	1.254896e+01
3.581000e-05	-3.539509e-02	1.247432e+01
3.582000e-05	-3.615734e-02	1.241214e+01
3.583000e-05	-3.805642e-02	1.231858e+01
3.584000e-05	-3.786600e-02	1.228272e+01
3.585000e-05	-4.187449e-02	1.216956e+01
3.586000e-05	-4.367657e-02	1.207493e+01
3.587000e-05	-4.615791e-02	1.199109e+01
3.588000e-05	-4.778496e-02	1.190690e+01
3.589000e-05	-5.003759e-02	1.182172e+01
3.590000e-05	-5.158434e-02	1.172740e+01
3.591000e-05	-5.286591e-02	1.165116e+01
3.592000e-05	-5.684249e-02	1.145480e+01
3.593000e-05	-6.129946e-02	1.133849e+01
3.594000e-05	-6.363164e-02	1.122109e+01
3.595000e-05	-6.610634e-02	1.108530e+01
3.596000e-05	-6.852891e-02	1.098108e+01
3.597000e-05	-7.337818e-02	1.086327e+01
3.598000e-05	-7.660766e-02	1.073845e+01
3.599000e-05	-7.928705e-02	1.057014e+01
3.600000e-05	-8.174783e-02	1.043367e+01
3.601000e-05	-8.394901e-02	1.030485e+01
3.602000e-05	-8.684798e-02	1.012836e+01
3.603000e-05	-8.675889e-02	1.002114e+01
3.604000e-05	-8.878969e-02	9.869793e+00
3.605000e-05	-8.818026e-02	9.634329e+00
3.606000e-05	-8.792872e-02	9.505375e+00
3.607000e-05	-8.578330e-02	9.327559e+00
3.608000e-05	-8.454059e-02	9.219614e+00
3.609000e-05	-7.965817e-02	9.021214e+00
3.610000e-05	-7.710283e-02	8.861167e+00
3.611000e-05	-7.331701e-02	8.643720e+00
3.612000e-05	-6.967007e-02	8.465348e+00
3.613000e-05	-6.478984e-02	8.328549e+00
3.614000e-05	-5.901778e-02	8.126405e+00
3.615000e-05	-5.545674e-02	7.889475e+00
3.616000e-05	-5.195044e-02	7.738979e+00
3.617000e-05	-4.804430e-02	7.569004e+00
3.618000e-05	-4.356206e-02	7.287879e+00
3.619000e-05	-3.961483e-02	7.135847e+00
3.620000e-05	-3.723855e-02	6.907372e+00
3.621000e-05	-3.341761e-02	6.757450e+00
3.622000e-05	-3.057474e-02	6.484823e+00
3.623000e-05	-2.792504e-02	6.275268e+00
3.624000e-05	-2.537953e-02	6.065842e+00
3.625000e-05	-2.316536e-02	5.925391e+00
3.626000e-05	-2.062684e-02	5.632687e+00
3.627000e-05	-1.848340e-02	5.453791e+00
3.628000e-05	-1.701479e-02	5.208157e+00
3.629000e-05	-1.682299e-02	4.876000e+00
3.630000e-05	-1.465137e-02	4.674266e+00
3.631000e-05	-1.329790e-02	4.475236e+00
3.632000e-05	-1.082155e-02	4.243363e+00
3.633000e-05	-1.141132e-02	3.999504e+00
3.634000e-05	-1.083283e-02	3.809530e+00
3.635000e-05	-1.088309e-02	3.579554e+00
3.636000e-05	-8.755326e-03	3.328876e+00
3.637000e-05	-7.642589e-03	3.065288e+00
3.638000e-05	-7.987370e-03	2.862840e+00
3.639000e-05	-7.056146e-03	2.682335e+00
3.640000e-05	-7.198101e-03	2.390052e+00
3.641000e-05	-6.000770e-03	2.148441e+00
3.642000e-05	-6.282579e-03	1.979422e+00
3.643000e-05	-6.589255e-03	1.663767e+00
3.644000e-05	-5.943889e-03	1.413707e+00
3.645000e-05	-5.390565e-03	1.221101e+00
3.646000e-05	-4.868660e-03	8.873193e-01
3.647000e-05	-5.138066e-03	6.938879e-01
3.648000e-05	-5.441141e-03	4.236065e-01
3.649000e-05	-3.952101e-03	2.032526e-01
3.650000e-05	-1.853607e-03	1.896830e-02
3.651000e-05	7.224751e-03	-2.626353e-01
3.652000e-05	-5.164687e-03	-4.535803e-01
3.653000e-05	3.805988e-03	-7.342607e-01
3.654000e-05	-5.514370e-03	-9.372633e-01
3.655000e-05	1.691080e-03	-1.145262e+00
3.656000e-05	-2.730082e-03	-1.358375e+00
3.657000e-05	1.666365e-02	-1.609004e+00
3.658000e-05	7.486385e-02	-1.790476e+00
3.659000e-05	2.440491e-02	-2.062954e+00
3.660000e-05	-7.680161e-02	-2.428357e+00
3.661000e-05	-2.876470e-03	-2.712137e+00
3.662000e-05	-5.575441e-02	-2.875141e+00
3.663000e-05	-7.534769e-02	-3.134717e+00
3.664000e-05	1.398648e-01	-3.253561e+00
3.665000e-05	1.020789e-02	-3.442457e+00
3.666000e-05	-1.043670e-01	-3.696161e+00
3.667000e-05	1.753992e-01	-3.915242e+00
3.668000e-05	-1.827391e-01	-4.136721e+00
3.669000e-05	8.975359e-02	-4.357797e+00
3.670000e-05	1.197347e-02	-4.538324e+00
3.671000e-05	-1.120644e-01	-4.842534e+00
3.672000e-05	1.586664e-01	-5.031507e+00
3.673000e-05	-6.965916e-02	-5.294568e+00
3.674000e-05	3.276838e-02	-5.538954e+00
3.675000e-05	4.170124e-03	-5.758325e+00
3.676000e-05	-1.201752e-01	-6.009428e+00
3.677000e-05	1.432037e-01	-6.169454e+00
3.678000e-05	-6.486546e-02	-6.411984e+00
3.679000e-05	8.852448e-02	-6.650610e+00
3.680000e-05	-4.815080e-02	-6.800010e+00
3.681000e-05	-3.867518e-02	-7.093616e+00
3.682000e-05	9.375762e-02	-7.254221e+00
3.683000e-05	-1.091081e-01	-7.496195e+00
3.684000e-05	1.083837e-01	-7.694692e+00
3.685000e-05	-6.921971e-02	-7.906223e+00
3.686000e-05	4.692134e-02	-8.126271e+00
3.687000e-05	3.242948e-03	-8.294642e+00
3.688000e-05	-2.993175e-02	-8.474219e+00
3.689000e-05	4.844934e-02	-8.644169e+00
3.690000e-05	-6.048561e-02	-8.843568e+00
3.691000e-05	6.761592e-02	-9.011510e+00
3.692000e-05	-3.162376e-02	-9.170481e+00
3.693000e-05	4.073712e-02	-9.338307e+00
3.694000e-05	-2.325764e-02	-9.516703e+00
3.695000e-05	-7.576687e-03	-9.725649e+00
3.696000e-05	2.194752e-02	-9.811641e+00
3.697000e-05	-9.230004e-03	-9.940432e+00
3.698000e-05	3.552141e-02	-1.014686e+01
3.699000e-05	-1.986840e-02	-1.029713e+01
3.700000e-05	2.676244e-02	-1.048321e+01
3.701000e-05	-2.055156e-02	-1.062996e+01
3.702000e-05	1.342040e-02	-1.070633e+01
3.703000e-05	2.113083e-03	-1.082104e+01
3.704000e-05	1.610820e-02	-1.097004e+01
3.705000e-05	5.426068e-03	-1.108515e+01
3.706000e-05	-8.278131e-04	-1.127099e+01
3.707000e-05	1.017303e-02	-1.137836e+01
3.708000e-05	1.151536e-03	-1.146527e+01
3.709000e-05	9.313282e-03	-1.156999e+01
3.710000e-05	-7.380668e-05	-1.170638e+01
3.711000e-05	1.726169e-02	-1.181210e+01
3.712000e-05	4.786980e-03	-1.189836e+01
3.713000e-05	6.292828e-03	-1.205367e+01
3.714000e-05	4.722495e-04	-1.214740e+01
3.715000e-05	6.050731e-03	-1.220151e+01
3.716000e-05	7.924151e-03	-1.227320e+01
3.717000e-05	1.391051e-02	-1.233783e+01
3.718000e-05	1.183630e-02	-1.241107e+01
3.719000e-05	5.560393e-03	-1.251530e+01
3.720000e-05	2.318941e-03	-1.255991e+01
3.721000e-05	6.152841e-03	-1.260309e+01
3.722000e-05	1.446962e-02	-1.265417e+01
3.723000e-05	1.058029e-02	-1.270793e+01
3.724000e-05	7.868834e-03	-1.279064e+01
3.725000e-05	7.254705e-03	-1.282364e+01
3.726000e-05	8.786956e-03	-1.288175e+01
3.727000e-05	9.632098e-03	-1.290425e+01
3.728000e-05	9.756820e-03	-1.290585e+01
3.729000e-05	1.035862e-02	-1.292690e+01
3.730000e-05	1.283902e-02	-1.292686e+01
3.731000e-05	1.386710e-02	-1.295891e+01
3.732000e-05	1.283137e-02	-1.292746e+01
3.733000e-05	1.021077e-02	-1.294041e+01
3.734000e-05	1.148430e-02	-1.295051e+01
3.735000e-05	1.399182e-02	-1.293588e+01
3.736000e-05	1.717627e-02	-1.292643e+01
3.737000e-05	1.626501e-02	-1.291838e+01
3.738000e-05	1.664246e-02	-1.288582e+01
3.739000e-05	1.539209e-02	-1.290480e+01
3.740000e-05	1.817780e-02	-1.286367e+01
3.741000e-05	2.125821e-02	-1.285272e+01
3.742000e-05	2.413131e-02	-1.279214e+01
3.743000e-05	2.285975e-02	-1.275896e+01
3.744000e-05	2.342539e-02	-1.265282e+01
3.745000e-05	2.396921e-02	-1.264367e+01
3.746000e-05	2.451672e-02	-1.254996e+01
3.747000e-05	2.695987e-02	-1.246638e+01
3.748000e-05	3.074411e-02	-1.245417e+01
3.749000e-05	3.305553e-02	-1.233849e+01
3.750000e-05	3.420057e-02	-1.228630e+01
3.751000e-05	3.459655e-02	-1.222259e+01
3.752000e-05	3.638380e-02	-1.213788e+01
3.753000e-05	3.792858e-02	-1.200262e+01
3.754000e-05	3.978768e-02	-1.196956e+01
3.755000e-05	4.365049e-02	-1.187219e+01
3.756000e-05	4.608574e-02	-1.171851e+01
3.757000e-05	4.854153e-02	-1.157267e+01
3.758000e-05	4.943975e-02	-1.148538e+01
3.759000e-05	5.185537e-02	-1.134868e+01
3.760000e-05	5.694246e-02	-1.119152e+01
3.761000e-05	6.037489e-02	-1.108585e+01
3.762000e-05	6.310358e-02	-1.092891e+01
3.763000e-05	6.546060e-02	-1.081374e+01
3.764000e-05	6.859338e-02	-1.068745e+01
3.765000e-05	7.144988e-02	-1.060221e+01
3.766000e-05	7.459653e-02	-1.045477e+01
3.767000e-05	7.790000e-02	-1.031598e+01
3.768000e-05	7.993341e-02	-1.011736e+01
3.769000e-05	8.127199e-02	-1.001106e+01
3.770000e-05	7.978097e-02	-9.823765e+00
3.771000e-05	8.087074e-02	-9.686821e+00
3.772000e-05	8.046624e-02	-9.568608e+00
3.773000e-05	7.923827e-02	-9.355563e+00
3.774000e-05	7.703106e-02	-9.190058e+00
3.775000e-05	7.451962e-02	-9.061739e+00
3.776000e-05	7.099983e-02	-8.875246e+00
3.777000e-05	6.541975e-02	-8.666826e+00
3.778000e-05	6.159699e-02	-8.476429e+00
3.779000e-05	5.880187e-02	-8.336428e+00
3.780000e-05	5.488412e-02	-8.177026e+00
3.781000e-05	4.995199e-02	-7.990056e+00
3.782000e-05	4.541098e-02	-7.748106e+00
3.783000e-05	4.082074e-02	-7.537900e+00
3.784000e-05	3.556713e-02	-7.296952e+00
3.785000e-05	3.216719e-02	-7.158424e+00
3.786000e-05	2.940272e-02	-6.906426e+00
3.787000e-05	2.666607e-02	-6.676472e+00
3.788000e-05	2.301420e-02	-6.525946e+00
3.789000e-05	1.997377e-02	-6.316967e+00
3.790000e-05	1.822721e-02	-6.074370e+00
3.791000e-05	1.513113e-02	-5.875813e+00
3.792000e-05	1.365950e-02	-5.664189e+00
3.793000e-05	9.916223e-03	-5.440412e+00
3.794000e-05	1.039543e-02	-5.181600e+00
3.795000e-05	6.034205e-03	-4.926049e+00
3.796000e-05	6.289857e-03	-4.675760e+00
3.797000e-05	2.912326e-03	-4.453834e+00
3.798000e-05	5.104891e-03	-4.284893e+00
3.799000e-05	2.373103e-03	-4.053213e+00
3.800000e-05	3.837098e-03	-3.773265e+00
3.801000e-05	1.660219e-03	-3.560579e+00
3.802000e-05	3.940243e-04	-3.349474e+00
3.803000e-05	-7.000131e-04	-3.158523e+00
3.804000e-05	-2.112297e-03	-2.834814e+00
3.805000e-05	-1.333726e-03	-2.623236e+00
3.806000e-05	-1.030395e-03	-2.443159e+00
3.807000e-05	-4.634739e-04	-2.181804e+00
3.808000e-05	-2.908603e-03	-1.937470e+00
3.809000e-05	-1.780743e-03	-1.707941e+00
3.810000e-05	-3.729263e-03	-1.524864e+00
3.811000e-05	-6.172763e-04	-1.189075e+00
3.812000e-05	-3.910459e-03	-9.175721e-01
3.813000e-05	-2.593998e-03	-7.684909e-01
3.814000e-05	-4.353771e-03	-4.542553e-01
3.815000e-05	-1.753417e-03	-2.337527e-01
3.816000e-05	-3.686650e-04	-1.215258e-02
3.817000e-05	5.847385e-03	2.399513e-01
3.818000e-05	-4.884207e-03	4.730080e-01
3.819000e-05	4.138351e-03	6.720341e-01
3.820000e-05	-4.729508e-03	8.655316e-01
3.821000e-05	1.180064e-04	1.095717e+00
3.822000e-05	-4.584682e-03	1.398846e+00
3.823000e-05	6.357074e-03	1.639405e+00
3.824000e-05	2.912236e-02	1.863132e+00
3.825000e-05	7.722468e-02	2.046061e+00
3.826000e-05	-3.959874e-02	2.376745e+00
3.827000e-05	-4.426073e-02	2.670904e+00
3.828000e-05	-3.206067e-02	2.852536e+00
3.829000e-05	-2.473126e-02	3.043037e+00
3.830000e-05	-7.364895e-02	3.220557e+00
3.831000e-05	1.069393e-01	3.380933e+00
3.832000e-05	3.837727e-02	3.650537e+00
3.833000e-05	-1.442911e-01	3.862508e+00
3.834000e-05	1.732154e-01	4.072983e+00
3.835000e-05	-9.979208e-02	4.356271e+00
3.836000e-05	-7.916950e-03	4.528799e+00
3.837000e-05	3.647599e-02	4.807904e+00
3.838000e-05	-5.602572e-02	5.074036e+00
3.839000e-05	5.206687e-02	5.325612e+00
3.840000e-05	-1.405890e-02	5.566773e+00
3.841000e-05	-1.593067e-02	5.767881e+00
3.842000e-05	2.535750e-03	5.969836e+00
3.843000e-05	-4.412971e-02	6.160408e+00
3.844000e-05	2.624065e-02	6.408883e+00
3.845000e-05	-1.503265e-02	6.601411e+00
3.846000e-05	4.413854e-02	6.841166e+00
3.847000e-05	-3.201449e-02	7.060540e+00
3.848000e-05	-2.662136e-02	7.231537e+00
3.849000e-05	2.848618e-02	7.424568e+00
3.850000e-05	-4.555094e-02	7.714120e+00
3.851000e-05	2.671135e-02	7.913123e+00
3.852000e-05	-1.808620e-02	8.125297e+00
3.853000e-05	5.924310e-03	8.316696e+00
3.854000e-05	-9.016601e-03	8.472139e+00
3.855000e-05	-2.042383e-02	8.621515e+00
3.856000e-05	1.693450e-03	8.808428e+00
3.857000e-05	-1.633995e-02	8.967885e+00
3.858000e-05	1.285289e-02	9.168827e+00
3.859000e-05	-1.969799e-02	9.305274e+00
3.860000e-05	1.957975e-03	9.504674e+00
3.861000e-05	-1.248125e-02	9.642516e+00
3.862000e-05	-1.310940e-02	9.800907e+00
3.863000e-05	-6.438129e-03	9.979833e+00
3.864000e-05	-5.933434e-03	1.014776e+01
3.865000e-05	3.113436e-03	1.027417e+01
3.866000e-05	-1.391582e-02	1.038949e+01
3.867000e-05	-5.011813e-03	1.056776e+01
3.868000e-05	-1.687584e-02	1.065523e+01
3.869000e-05	-9.317659e-03	1.085415e+01
3.870000e-05	-1.214421e-02	1.096933e+01
3.871000e-05	-1.621691e-03	1.107419e+01
3.872000e-05	-5.994352e-03	1.120949e+01
3.873000e-05	-1.295321e-02	1.133788e+01
3.874000e-05	-1.352026e-02	1.141352e+01
3.875000e-05	-1.106681e-02	1.158789e+01
3.876000e-05	-7.428117e-03	1.173730e+01
3.877000e-05	-1.170476e-02	1.181111e+01
3.878000e-05	-6.840964e-03	1.189473e+01
3.879000e-05	-1.074305e-02	1.198947e+01
3.880000e-05	-1.332338e-02	1.212325e+01
3.881000e-05	-1.595737e-02	1.217896e+01
3.882000e-05	-1.210033e-02	1.225265e+01
3.883000e-05	-1.044142e-02	1.234776e+01
3.884000e-05	-9.240124e-03	1.241149e+01
3.885000e-05	-9.661372e-03	1.249570e+01
3.886000e-05	-1.342310e-02	1.253733e+01
3.887000e-05	-1.565012e-02	1.258056e+01
3.888000e-05	-1.670211e-02	1.265212e+01
3.889000e-05	-1.198805e-02	1.264470e+01
3.890000e-05	-1.347168e-02	1.271683e+01
3.891000e-05	-1.272968e-02	1.275851e+01
3.892000e-05	-1.480969e-02	1.280101e+01
3.893000e-05	-1.766920e-02	1.284173e+01
3.894000e-05	-1.616496e-02	1.285375e+01
3.895000e-05	-1.540058e-02	1.286575e+01
3.896000e-05	-1.479361e-02	1.290528e+01
3.897000e-05	-1.735073e-02	1.288283e+01
3.898000e-05	-1.558341e-02	1.292738e+01
3.899000e-05	-2.005651e-02	1.294791e+01
3.900000e-05	-2.078470e-02	1.294680e+01
3.901000e-05	-2.200473e-02	1.294680e+01
3.902000e-05	-1.988793e-02	1.288575e+01
3.903000e-05	-1.809126e-02	1.287223e+01
3.904000e-05	-2.152953e-02	1.287372e+01
3.905000e-05	-2.338250e-02	1.283965e+01
3.906000e-05	-2.588301e-02	1.278257e+01
3.907000e-05	-2.905678e-02	1.277891e+01
3.908000e-05	-2.841205e-02	1.270648e+01
3.909000e-05	-2.878213e-02	1.267430e+01
3.910000e-05	-2.845146e-02	1.264364e+01
3.911000e-05	-3.056519e-02	1.260054e+01
3.912000e-05	-3.217392e-02	1.252743e+01
3.913000e-05	-3.341897e-02	1.248523e+01
3.914000e-05	-3.589540e-02	1.243369e+01
3.915000e-05	-3.854729e-02	1.232849e+01
3.916000e-05	-4.002835e-02	1.227535e+01
3.917000e-05	-4.304928e-02	1.214946e+01
3.918000e-05	-4.457008e-02	1.209530e+01
3.919000e-05	-4.748346e-02	1.200009e+01
3.920000e-05	-4.620402e-02	1.190483e+01
3.921000e-05	-4.951085e-02	1.184114e+01
3.922000e-05	-4.973936e-02	1.172843e+01
3.923000e-05	-5.364581e-02	1.160307e+01
3.924000e-05	-5.549009e-02	1.146581e+01
3.925000e-05	-6.159487e-02	1.134049e+01
3.926000e-05	-6.455663e-02	1.121014e+01
3.927000e-05	-6.796643e-02	1.108585e+01
3.928000e-05	-6.966361e-02	1.095114e+01
3.929000e-05	-7.288441e-02	1.083422e+01
3.930000e-05	-7.523998e-02	1.073948e+01
3.931000e-05	-7.876402e-02	1.057114e+01
3.932000e-05	-8.160806e-02	1.047575e+01
3.933000e-05	-8.474373e-02	1.027630e+01
3.934000e-05	-8.627998e-02	1.013898e+01
3.935000e-05	-8.749374e-02	1.001222e+01
3.936000e-05	-8.835294e-02	9.864798e+00
3.937000e-05	-8.829201e-02	9.644353e+00
3.938000e-05	-8.929052e-02	9.516899e+00
3.939000e-05	-8.672171e-02	9.327479e+00
3.940000e-05	-8.363035e-02	9.212165e+00
3.941000e-05	-7.914565e-02	9.014189e+00
3.942000e-05	-7.605319e-02	8.864696e+00
3.943000e-05	-7.274160e-02	8.646321e+00
3.944000e-05	-7.015046e-02	8.495870e+00
3.945000e-05	-6.592081e-02	8.349475e+00
3.946000e-05	-6.154759e-02	8.139434e+00
3.947000e-05	-5.659333e-02	7.946929e+00
3.948000e-05	-5.157969e-02	7.719557e+00
3.949000e-05	-4.775541e-02	7.518505e+00
3.950000e-05	-4.380321e-02	7.277575e+00
3.951000e-05	-4.033699e-02	7.107401e+00
3.952000e-05	-3.688761e-02	6.936898e+00
3.953000e-05	-3.292111e-02	6.726447e+00
3.954000e-05	-3.017883e-02	6.465300e+00
3.955000e-05	-2.751139e-02	6.285395e+00
3.956000e-05	-2.537590e-02	6.075766e+00
3.957000e-05	-2.276759e-02	5.905971e+00
3.958000e-05	-2.139333e-02	5.654692e+00
3.959000e-05	-1.952312e-02	5.462737e+00
3.960000e-05	-1.713319e-02	5.182263e+00
3.961000e-05	-1.455075e-02	4.927470e+00
3.962000e-05	-1.312595e-02	4.676415e+00
3.963000e-05	-1.349472e-02	4.454791e+00
3.964000e-05	-1.302172e-02	4.293366e+00
3.965000e-05	-1.229942e-02	4.010555e+00
3.966000e-05	-1.057578e-02	3.781057e+00
3.967000e-05	-9.877155e-03	3.610530e+00
3.968000e-05	-9.225964e-03	3.369021e+00
3.969000e-05	-8.504838e-03	3.095946e+00
3.970000e-05	-8.556406e-03	2.885841e+00
3.971000e-05	-7.604239e-03	2.672390e+00
3.972000e-05	-7.186415e-03	2.411524e+00
3.973000e-05	-6.233273e-03	2.159550e+00
3.974000e-05	-5.741066e-03	1.968496e+00
3.975000e-05	-6.094762e-03	1.716292e+00
3.976000e-05	-6.900813e-03	1.453284e+00
3.977000e-05	-6.119815e-03	1.203103e+00
3.978000e-05	-6.185113e-03	8.778430e-01
3.979000e-05	-5.447645e-03	6.853907e-01
3.980000e-05	-5.024696e-03	4.332540e-01
3.981000e-05	-2.234373e-03	2.521765e-01
3.982000e-05	-1.148122e-03	-2.200651e-02
3.983000e-05	6.651608e-03	-2.420580e-01
3.984000e-05	-5.994460e-03	-4.215303e-01
3.985000e-05	2.448225e-03	-7.240872e-01
3.986000e-05	-3.888744e-03	-9.162170e-01
3.987000e-05	2.280985e-03	-1.086793e+00
3.988000e-05	-3.142131e-03	-1.349325e+00
3.989000e-05	1.436044e-02	-1.628929e+00
3.990000e-05	7.011270e-02	-1.758525e+00
3.991000e-05	3.564484e-02	-2.072437e+00
3.992000e-05	-7.944759e-02	-2.407351e+00
3.993000e-05	-8.180934e-04	-2.682136e+00
3.994000e-05	-5.483437e-02	-2.894611e+00
3.995000e-05	-7.410689e-02	-3.097170e+00
3.996000e-05	1.224686e-01	-3.261583e+00
3.997000e-05	3.836992e-02	-3.431932e+00
3.998000e-05	-1.256646e-01	-3.704092e+00
3.999000e-05	1.832283e-01	-3.853187e+00
4.000000e-05	-1.748401e-01	-4.147249e+00
4.001000e-05	6.991551e-02	-4.338371e+00
4.002000e-05	3.283186e-02	-4.538726e+00
4.003000e-05	-1.217980e-01	-4.850508e+00
4.004000e-05	1.522648e-01	-5.040984e+00
4.005000e-05	-5.473686e-02	-5.271986e+00
4.006000e-05	1.322859e-02	-5.587899e+00
4.007000e-05	2.806152e-02	-5.738324e+00
4.008000e-05	-1.357095e-01	-5.988326e+00
4.009000e-05	1.416165e-01	-6.209303e+00
4.010000e-05	-5.911065e-02	-6.429432e+00
4.011000e-05	7.956052e-02	-6.620512e+00
4.012000e-05	-2.769257e-02	-6.841961e+00
4.013000e-05	-5.704876e-02	-7.114021e+00
4.014000e-05	1.028519e-01	-7.272669e+00
4.015000e-05	-1.130958e-01	-7.503167e+00
4.016000e-05	1.038564e-01	-7.693146e+00
4.017000e-05	-5.801150e-02	-7.936273e+00
4.018000e-05	3.398212e-02	-8.095273e+00
4.019000e-05	1.518169e-02	-8.264170e+00
4.020000e-05	-3.951857e-02	-8.472168e+00
4.021000e-05	5.629252e-02	-8.662595e+00
4.022000e-05	-6.282712e-02	-8.872140e+00
4.023000e-05	6.484396e-02	-8.950532e+00
4.024000e-05	-2.772817e-02	-9.157804e+00
4.025000e-05	3.442915e-02	-9.365833e+00
4.026000e-05	-1.513957e-02	-9.515776e+00
4.027000e-05	-1.487180e-02	-9.714171e+00
4.028000e-05	2.713696e-02	-9.811989e+00
4.029000e-05	-1.306637e-02	-9.970009e+00
4.030000e-05	3.912779e-02	-1.018676e+01
4.031000e-05	-1.890795e-02	-1.025735e+01
4.032000e-05	2.635995e-02	-1.045421e+01
4.033000e-05	-1.970707e-02	-1.059939e+01
4.034000e-05	9.777712e-03	-1.072632e+01
4.035000e-05	2.262173e-03	-1.083211e+01
4.036000e-05	1.619077e-02	-1.096093e+01
4.037000e-05	8.209798e-03	-1.109723e+01
4.038000e-05	-3.603064e-03	-1.125269e+01
4.039000e-05	1.018356e-02	-1.134739e+01
4.040000e-05	9.984286e-04	-1.145432e+01
4.041000e-05	1.243007e-02	-1.158042e+01
4.042000e-05	-2.198893e-04	-1.172688e+01
4.043000e-05	1.597586e-02	-1.182354e+01
4.044000e-05	3.264176e-03	-1.189881e+01
4.045000e-05	6.369511e-03	-1.208260e+01
4.046000e-05	-4.083373e-04	-1.213785e+01
4.047000e-05	6.025543e-03	-1.220056e+01
4.048000e-05	6.651379e-03	-1.224522e+01
4.049000e-05	1.502891e-02	-1.235788e+01
4.050000e-05	1.241462e-02	-1.241154e+01
4.051000e-05	6.325778e-03	-1.254338e+01
4.052000e-05	1.358524e-03	-1.255841e+01
4.053000e-05	5.364653e-03	-1.261056e+01
4.054000e-05	1.287618e-02	-1.262575e+01
4.055000e-05	9.821080e-03	-1.272793e+01
4.056000e-05	8.452311e-03	-1.276901e+01
4.057000e-05	7.230233e-03	-1.286212e+01
4.058000e-05	9.336936e-03	-1.284367e+01
4.059000e-05	1.059954e-02	-1.289570e+01
4.060000e-05	1.059437e-02	-1.292733e+01
4.061000e-05	1.079434e-02	-1.291636e+01
4.062000e-05	1.149840e-02	-1.293793e+01
4.063000e-05	1.342554e-02	-1.293796e+01
4.064000e-05	1.186384e-02	-1.294848e+01
4.065000e-05	9.076095e-03	-1.294996e+01
4.066000e-05	1.139808e-02	-1.290893e+01
4.067000e-05	1.293984e-02	-1.294953e+01
4.068000e-05	1.817597e-02	-1.295838e+01
4.069000e-05	1.813334e-02	-1.290690e+01
4.070000e-05	1.802621e-02	-1.292778e+01
4.071000e-05	1.447004e-02	-1.288530e+01
4.072000e-05	1.684164e-02	-1.287422e+01
4.073000e-05	1.979372e-02	-1.284214e+01
4.074000e-05	2.347081e-02	-1.278201e+01
4.075000e-05	2.375265e-02	-1.270846e+01
4.076000e-05	2.409923e-02	-1.269680e+01
4.077000e-05	2.414741e-02	-1.261167e+01
4.078000e-05	2.516161e-02	-1.255798e+01
4.079000e-05	2.769811e-02	-1.253691e+01
4.080000e-05	2.953731e-02	-1.245425e+01
4.081000e-05	3.230113e-02	-1.236854e+01
4.082000e-05	3.353474e-02	-1.229575e+01
4.083000e-05	3.539816e-02	-1.219116e+01
4.084000e-05	3.643276e-02	-1.212948e+01
4.085000e-05	3.707038e-02	-1.206172e+01
4.086000e-05	3.991687e-02	-1.192906e+01
4.087000e-05	4.310675e-02	-1.181372e+01
4.088000e-05	4.678412e-02	-1.168940e+01
4.089000e-05	4.822482e-02	-1.161262e+01
4.090000e-05	5.032116e-02	-1.149430e+01
4.091000e-05	5.206120e-02	-1.136006e+01
4.092000e-05	5.541525e-02	-1.117322e+01
4.093000e-05	5.948395e-02	-1.108487e+01
4.094000e-05	6.426012e-02	-1.093848e+01
4.095000e-05	6.579014e-02	-1.082367e+01
4.096000e-05	6.720497e-02	-1.073793e+01
4.097000e-05	7.102938e-02	-1.063264e+01
4.098000e-05	7.536591e-02	-1.047477e+01
4.099000e-05	7.771311e-02	-1.029793e+01
4.100000e-05	7.924051e-02	-1.013896e+01
4.101000e-05	8.102846e-02	-1.002161e+01
4.102000e-05	8.131966e-02	-9.842743e+00
4.103000e-05	8.056032e-02	-9.697426e+00
4.104000e-05	7.983721e-02	-9.561081e+00
4.105000e-05	7.863407e-02	-9.329014e+00
4.106000e-05	7.751885e-02	-9.201634e+00
4.107000e-05	7.484745e-02	-9.054292e+00
4.108000e-05	7.173035e-02	-8.866822e+00
4.109000e-05	6.683370e-02	-8.697927e+00
4.110000e-05	6.254011e-02	-8.463751e+00
4.111000e-05	5.813636e-02	-8.337946e+00
4.112000e-05	5.485360e-02	-8.179005e+00
4.113000e-05	4.930594e-02	-8.011106e+00
4.114000e-05	4.531272e-02	-7.778661e+00
4.115000e-05	4.067316e-02	-7.517952e+00
4.116000e-05	3.642430e-02	-7.376899e+00
4.117000e-05	3.279076e-02	-7.189101e+00
4.118000e-05	2.893358e-02	-6.887473e+00
4.119000e-05	2.744152e-02	-6.686400e+00
4.120000e-05	2.362134e-02	-6.516996e+00
4.121000e-05	2.010110e-02	-6.346925e+00
4.122000e-05	1.785344e-02	-6.084422e+00
4.123000e-05	1.523369e-02	-5.873898e+00
4.124000e-05	1.316531e-02	-5.644792e+00
4.125000e-05	9.842296e-03	-5.454866e+00
4.126000e-05	1.083080e-02	-5.159104e+00
4.127000e-05	6.122069e-03	-4.949048e+00
4.128000e-05	7.940118e-03	-4.663764e+00
4.129000e-05	2.367480e-03	-4.465363e+00
4.130000e-05	5.026581e-03	-4.274892e+00
4.131000e-05	2.431609e-03	-4.084339e+00
4.132000e-05	3.384816e-03	-3.863416e+00
4.133000e-05	9.878244e-04	-3.600553e+00
4.134000e-05	1.020293e-03	-3.370154e+00
4.135000e-05	7.303321e-06	-3.180024e+00
4.136000e-05	-1.786099e-03	-2.844962e+00
4.137000e-05	-1.615906e-03	-2.663810e+00
4.138000e-05	-7.346506e-04	-2.443661e+00
4.139000e-05	-1.195262e-04	-2.199230e+00
4.140000e-05	-2.772527e-03	-1.977496e+00
4.141000e-05	-2.403341e-03	-1.747448e+00
4.142000e-05	-3.469646e-03	-1.546918e+00
4.143000e-05	-2.426058e-03	-1.230154e+00
4.144000e-05	-5.090036e-03	-9.479711e-01
4.145000e-05	-2.083497e-03	-7.280909e-01
4.146000e-05	-3.759240e-03	-4.752366e-01
4.147000e-05	-2.551837e-03	-2.436815e-01
4.148000e-05	-3.030723e-04	-4.212758e-02
4.149000e-05	7.148743e-03	2.298527e-01
4.150000e-05	-5.143679e-03	4.530292e-01
4.151000e-05	3.493239e-03	6.440842e-01
4.152000e-05	-4.293656e-03	8.530365e-01
4.153000e-05	1.532480e-03	1.114243e+00
4.154000e-05	-4.744500e-03	1.377274e+00
4.155000e-05	4.171566e-03	1.610408e+00
4.156000e-05	2.655559e-02	1.852031e+00
4.157000e-05	7.824756e-02	2.093559e+00
4.158000e-05	-3.112609e-02	2.325717e+00
4.159000e-05	-4.874132e-02	2.631883e+00
4.160000e-05	-3.058516e-02	2.862985e+00
4.161000e-05	-2.567381e-02	3.032484e+00
4.162000e-05	-7.372037e-02	3.218978e+00
4.163000e-05	9.233817e-02	3.379878e+00
4.164000e-05	6.021034e-02	3.642007e+00
4.165000e-05	-1.563930e-01	3.810989e+00
4.166000e-05	1.696334e-01	4.049960e+00
4.167000e-05	-8.279100e-02	4.324191e+00
4.168000e-05	-2.030156e-02	4.557796e+00
4.169000e-05	4.379871e-02	4.776228e+00
4.170000e-05	-6.050682e-02	5.042441e+00
4.171000e-05	4.853747e-02	5.294191e+00
4.172000e-05	-5.499049e-03	5.526297e+00
4.173000e-05	-1.991743e-02	5.726225e+00
4.174000e-05	4.625679e-03	5.948477e+00
4.175000e-05	-4.729193e-02	6.219378e+00
4.176000e-05	2.593509e-02	6.408377e+00
4.177000e-05	-1.323962e-02	6.578884e+00
4.178000e-05	4.254527e-02	6.842586e+00
4.179000e-05	-2.479031e-02	7.020987e+00
4.180000e-05	-3.509457e-02	7.190041e+00
4.181000e-05	3.265233e-02	7.442071e+00
4.182000e-05	-4.586341e-02	7.653620e+00
4.183000e-05	2.657656e-02	7.873119e+00
4.184000e-05	-1.651995e-02	8.104699e+00
4.185000e-05	2.327693e-03	8.254668e+00
4.186000e-05	-6.471213e-03	8.441564e+00
4.187000e-05	-2.152323e-02	8.620959e+00
4.188000e-05	1.621438e-03	8.759408e+00
4.189000e-05	-1.642663e-02	8.957855e+00
4.190000e-05	1.349860e-02	9.137329e+00
4.191000e-05	-1.648929e-02	9.346223e+00
4.192000e-05	-4.250360e-04	9.474695e+00
4.193000e-05	-1.187448e-02	9.661585e+00
4.194000e-05	-1.402362e-02	9.809511e+00
4.195000e-05	-4.968903e-03	9.916884e+00
4.196000e-05	-6.171388e-03	1.013528e+01
4.197000e-05	1.575802e-03	1.024304e+01
4.198000e-05	-1.406809e-02	1.039099e+01
4.199000e-05	-5.300533e-03	1.053678e+01
4.200000e-05	-1.553852e-02	1.069515e+01
4.201000e-05	-9.506632e-03	1.086117e+01
4.202000e-05	-1.183065e-02	1.092893e+01
4.203000e-05	-5.581774e-04	1.109422e+01
4.204000e-05	-5.356705e-03	1.121846e+01
4.205000e-05	-1.301160e-02	1.134586e+01
4.206000e-05	-1.321428e-02	1.142320e+01
4.207000e-05	-1.014384e-02	1.160996e+01
4.208000e-05	-7.739420e-03	1.169427e+01
4.209000e-05	-1.262185e-02	1.183099e+01
4.210000e-05	-7.364552e-03	1.188420e+01
4.211000e-05	-1.019675e-02	1.194944e+01
4.212000e-05	-1.346244e-02	1.208420e+01
4.213000e-05	-1.606662e-02	1.216896e+01
4.214000e-05	-1.170090e-02	1.225420e+01
4.215000e-05	-9.352215e-03	1.228789e+01
4.216000e-05	-8.367335e-03	1.240104e+01
4.217000e-05	-9.355018e-03	1.249367e+01
4.218000e-05	-1.363479e-02	1.252733e+01
4.219000e-05	-1.577959e-02	1.259056e+01
4.220000e-05	-1.657540e-02	1.265257e+01
4.221000e-05	-1.097028e-02	1.269425e+01
4.222000e-05	-1.307941e-02	1.274633e+01
4.223000e-05	-1.365447e-02	1.279836e+01
4.224000e-05	-1.602709e-02	1.275944e+01
4.225000e-05	-1.629450e-02	1.280220e+01
4.226000e-05	-1.585731e-02	1.283372e+01
4.227000e-05	-1.550672e-02	1.282178e+01
4.228000e-05	-1.585431e-02	1.291576e+01
4.229000e-05	-1.631415e-02	1.291630e+01
4.230000e-05	-1.540666e-02	1.291533e+01
4.231000e-05	-1.948980e-02	1.289775e+01
4.232000e-05	-2.150862e-02	1.290885e+01
4.233000e-05	-2.148172e-02	1.292581e+01
4.234000e-05	-1.977399e-02	1.290488e+01
4.235000e-05	-1.969798e-02	1.287538e+01
4.236000e-05	-2.246329e-02	1.282365e+01
4.237000e-05	-2.399881e-02	1.282195e+01
4.238000e-05	-2.608345e-02	1.279270e+01
4.239000e-05	-2.741223e-02	1.273686e+01
4.240000e-05	-2.678725e-02	1.272736e+01
4.241000e-05	-2.698312e-02	1.268523e+01
4.242000e-05	-2.926495e-02	1.264269e+01
4.243000e-05	-3.185471e-02	1.260006e+01
4.244000e-05	-3.311852e-02	1.253893e+01
4.245000e-05	-3.383680e-02	1.250475e+01
4.246000e-05	-3.713104e-02	1.246369e+01
4.247000e-05	-3.803525e-02	1.233903e+01
4.248000e-05	-3.793110e-02	1.229430e+01
4.249000e-05	-4.082883e-02	1.215909e+01
4.250000e-05	-4.348935e-02	1.211488e+01
4.251000e-05	-4.687338e-02	1.200064e+01
4.252000e-05	-4.730720e-02	1.191693e+01
4.253000e-05	-5.054408e-02	1.185164e+01
4.254000e-05	-5.062339e-02	1.169693e+01
4.255000e-05	-5.443425e-02	1.162274e+01
4.256000e-05	-5.634937e-02	1.146633e+01
4.257000e-05	-6.157256e-02	1.132744e+01
4.258000e-05	-6.351704e-02	1.122167e+01
4.259000e-05	-6.745389e-02	1.108692e+01
4.260000e-05	-6.862272e-02	1.097916e+01
4.261000e-05	-7.251549e-02	1.088480e+01
4.262000e-05	-7.502572e-02	1.076906e+01
4.263000e-05	-7.964230e-02	1.061916e+01
4.264000e-05	-8.210846e-02	1.045317e+01
4.265000e-05	-8.542288e-02	1.031740e+01
4.266000e-05	-8.539068e-02	1.016893e+01
4.267000e-05	-8.615348e-02	1.004214e+01
4.268000e-05	-8.794128e-02	9.893797e+00
4.269000e-05	-8.858932e-02	9.634880e+00
4.270000e-05	-8.930288e-02	9.518825e+00
4.271000e-05	-8.670185e-02	9.327955e+00
4.272000e-05	-8.399161e-02	9.222691e+00
4.273000e-05	-8.048550e-02	9.023390e+00
4.274000e-05	-7.688220e-02	8.853668e+00
4.275000e-05	-7.368500e-02	8.643845e+00
4.276000e-05	-6.981173e-02	8.495823e+00
4.277000e-05	-6.641481e-02	8.399003e+00
4.278000e-05	-6.172304e-02	8.129007e+00
4.279000e-05	-5.649282e-02	7.947926e+00
4.280000e-05	-5.159382e-02	7.737505e+00
4.281000e-05	-4.653280e-02	7.589106e+00
4.282000e-05	-4.455942e-02	7.314904e+00
4.283000e-05	-4.116681e-02	7.115450e+00
4.284000e-05	-3.809886e-02	6.917001e+00
4.285000e-05	-3.432618e-02	6.738474e+00
4.286000e-05	-2.975020e-02	6.485876e+00
4.287000e-05	-2.663050e-02	6.296414e+00
4.288000e-05	-2.437613e-02	6.106395e+00
4.289000e-05	-2.384508e-02	5.955996e+00
4.290000e-05	-2.216563e-02	5.675196e+00
4.291000e-05	-2.062854e-02	5.451836e+00
4.292000e-05	-1.602559e-02	5.193237e+00
4.293000e-05	-1.485755e-02	4.897450e+00
4.294000e-05	-1.364579e-02	4.715947e+00
4.295000e-05	-1.364053e-02	4.474813e+00
4.296000e-05	-1.120989e-02	4.345317e+00
4.297000e-05	-1.188054e-02	3.992078e+00
4.298000e-05	-1.053308e-02	3.829604e+00
4.299000e-05	-1.040765e-02	3.602578e+00
4.300000e-05	-8.342630e-03	3.308550e+00
4.301000e-05	-8.552165e-03	3.115395e+00
4.302000e-05	-8.857878e-03	2.876290e+00
4.303000e-05	-7.673203e-03	2.704938e+00
4.304000e-05	-6.837538e-03	2.401128e+00
4.305000e-05	-6.604815e-03	2.158022e+00
4.306000e-05	-6.357378e-03	1.988024e+00
4.307000e-05	-5.116387e-03	1.686891e+00
4.308000e-05	-6.640816e-03	1.513758e+00
4.309000e-05	-7.085090e-03	1.222155e+00
4.310000e-05	-6.684869e-03	9.068858e-01
4.311000e-05	-4.968511e-03	6.753154e-01
4.312000e-05	-4.750938e-03	4.947604e-01
4.313000e-05	-3.201870e-03	2.202051e-01
4.314000e-05	-1.710173e-03	-1.045775e-02
4.315000e-05	7.825362e-03	-2.310040e-01
4.316000e-05	-4.816783e-03	-4.509777e-01
4.317000e-05	1.881225e-03	-7.136882e-01
4.318000e-05	-4.209152e-03	-9.056168e-01
4.319000e-05	1.968092e-03	-1.136240e+00
4.320000e-05	-3.565049e-03	-1.355799e+00
4.321000e-05	1.187010e-02	-1.611001e+00
4.322000e-05	6.650556e-02	-1.799904e+00
4.323000e-05	4.566354e-02	-2.019458e+00
4.324000e-05	-8.250799e-02	-2.366328e+00
4.325000e-05	-3.459169e-04	-2.663712e+00
4.326000e-05	-5.372984e-02	-2.873542e+00
4.327000e-05	-7.246387e-02	-3.114317e+00
4.328000e-05	1.038402e-01	-3.251607e+00
4.329000e-05	6.537194e-02	-3.390409e+00
4.330000e-05	-1.403152e-01	-3.692591e+00
4.331000e-05	1.881300e-01	-3.896295e+00
4.332000e-05	-1.646008e-01	-4.115269e+00
4.333000e-05	4.703951e-02	-4.336899e+00
4.334000e-05	5.110089e-02	-4.526225e+00
4.335000e-05	-1.289458e-01	-4.841004e+00
4.336000e-05	1.409472e-01	-5.009483e+00
4.337000e-05	-3.418587e-02	-5.233067e+00
4.338000e-05	-5.281352e-03	-5.537851e+00
4.339000e-05	4.867163e-02	-5.746197e+00
4.340000e-05	-1.462578e-01	-5.967877e+00
4.341000e-05	1.374477e-01	-6.147355e+00
4.342000e-05	-5.064696e-02	-6.389480e+00
4.343000e-05	6.718897e-02	-6.599988e+00
4.344000e-05	-8.795138e-03	-6.810908e+00
4.345000e-05	-7.352597e-02	-7.044117e+00
4.346000e-05	1.111721e-01	-7.244115e+00
4.347000e-05	-1.128646e-01	-7.492023e+00
4.348000e-05	9.796615e-02	-7.671668e+00
4.349000e-05	-4.559926e-02	-7.847725e+00
4.350000e-05	2.029303e-02	-8.104677e+00
4.351000e-05	2.851362e-02	-8.272166e+00
4.352000e-05	-4.808401e-02	-8.471615e+00
4.353000e-05	6.224760e-02	-8.632570e+00
4.354000e-05	-6.524896e-02	-8.851592e+00
4.355000e-05	6.099702e-02	-9.020509e+00
4.356000e-05	-2.250139e-02	-9.138328e+00
4.357000e-05	3.057541e-02	-9.357327e+00
4.358000e-05	-6.622359e-03	-9.485604e+00
4.359000e-05	-2.275348e-02	-9.683197e+00
4.360000e-05	2.998306e-02	-9.812539e+00
4.361000e-05	-1.661155e-02	-9.968931e+00
4.362000e-05	4.172750e-02	-1.015575e+01
4.363000e-05	-1.893052e-02	-1.027520e+01
4.364000e-05	2.434700e-02	-1.047259e+01
4.365000e-05	-1.736832e-02	-1.056993e+01
4.366000e-05	8.575308e-03	-1.071525e+01
4.367000e-05	5.497968e-03	-1.081156e+01
4.368000e-05	1.263538e-02	-1.094989e+01
4.369000e-05	1.079437e-02	-1.107475e+01
4.370000e-05	-4.899283e-03	-1.128104e+01
4.371000e-05	1.137732e-02	-1.130791e+01
4.372000e-05	8.437032e-05	-1.144271e+01
4.373000e-05	1.171567e-02	-1.156057e+01
4.374000e-05	-1.344023e-03	-1.169423e+01
4.375000e-05	1.672264e-02	-1.181262e+01
4.376000e-05	6.862939e-03	-1.189893e+01
4.377000e-05	7.079786e-03	-1.203360e+01
4.378000e-05	4.922272e-04	-1.211586e+01
4.379000e-05	4.897696e-03	-1.221149e+01
4.380000e-05	6.773473e-03	-1.225515e+01
4.381000e-05	1.215676e-02	-1.233934e+01
4.382000e-05	1.281874e-02	-1.240209e+01
4.383000e-05	4.674782e-03	-1.250481e+01
4.384000e-05	3.479534e-03	-1.256946e+01
4.385000e-05	4.843566e-03	-1.262092e+01
4.386000e-05	1.445291e-02	-1.263428e+01
4.387000e-05	9.820154e-03	-1.269783e+01
4.388000e-05	8.699268e-03	-1.269001e+01
4.389000e-05	7.087709e-03	-1.282309e+01
4.390000e-05	9.142512e-03	-1.287380e+01
4.391000e-05	9.462391e-03	-1.290430e+01
4.392000e-05	8.923341e-03	-1.289685e+01
4.393000e-05	9.711359e-03	-1.291483e+01
4.394000e-05	1.233743e-02	-1.292791e+01
4.395000e-05	1.288535e-02	-1.293996e+01
4.396000e-05	1.270374e-02	-1.294896e+01
4.397000e-05	1.041651e-02	-1.293091e+01
4.398000e-05	1.149985e-02	-1.294846e+01
4.399000e-05	1.264764e-02	-1.294946e+01
4.400000e-05	1.638409e-02	-1.292846e+01
4.401000e-05	1.782570e-02	-1.291683e+01
4.402000e-05	1.744088e-02	-1.289635e+01
4.403000e-05	1.542568e-02	-1.288435e+01
4.404000e-05	1.661985e-02	-1.287372e+01
4.405000e-05	2.094268e-02	-1.280321e+01
4.406000e-05	2.332499e-02	-1.279156e+01
4.407000e-05	2.350827e-02	-1.277896e+01
4.408000e-05	2.292948e-02	-1.267532e+01
4.409000e-05	2.465260e-02	-1.260120e+01
4.410000e-05	2.528793e-02	-1.253901e+01
4.411000e-05	2.730932e-02	-1.250645e+01
4.412000e-05	2.873313e-02	-1.242275e+01
4.413000e-05	3.231639e-02	-1.234851e+01
4.414000e-05	3.344450e-02	-1.227685e+01
4.415000e-05	3.534042e-02	-1.220259e+01
4.416000e-05	3.718227e-02	-1.213795e+01
4.417000e-05	3.820983e-02	-1.206429e+01
4.418000e-05	3.929406e-02	-1.198103e+01
4.419000e-05	4.355209e-02	-1.184427e+01
4.420000e-05	4.643790e-02	-1.167648e+01
4.421000e-05	4.812614e-02	-1.162214e+01
4.422000e-05	4.956203e-02	-1.147533e+01
4.423000e-05	5.259412e-02	-1.136966e+01
4.424000e-05	5.529649e-02	-1.115317e+01
4.425000e-05	5.886662e-02	-1.109623e+01
4.426000e-05	6.302008e-02	-1.097746e+01
4.427000e-05	6.574657e-02	-1.085324e+01
4.428000e-05	6.814853e-02	-1.076798e+01
4.429000e-05	7.070442e-02	-1.060314e+01
4.430000e-05	7.524462e-02	-1.048630e+01
4.431000e-05	7.705197e-02	-1.033850e+01
4.432000e-05	7.975882e-02	-1.014754e+01
4.433000e-05	8.073862e-02	-9.982715e+00
4.434000e-05	8.155813e-02	-9.865744e+00
4.435000e-05	8.101777e-02	-9.726375e+00
4.436000e-05	7.946446e-02	-9.601078e+00
4.437000e-05	8.047068e-02	-9.380737e+00
4.438000e-05	7.753011e-02	-9.211087e+00
4.439000e-05	7.444767e-02	-9.084792e+00
4.440000e-05	7.025138e-02	-8.885822e+00
4.441000e-05	6.722229e-02	-8.708448e+00
4.442000e-05	6.310298e-02	-8.527879e+00
4.443000e-05	5.863649e-02	-8.327501e+00
4.444000e-05	5.493107e-02	-8.159081e+00
4.445000e-05	5.056955e-02	-7.992633e+00
4.446000e-05	4.572024e-02	-7.809684e+00
4.447000e-05	3.993484e-02	-7.528480e+00
4.448000e-05	3.628382e-02	-7.358504e+00
4.449000e-05	3.300347e-02	-7.179583e+00
4.450000e-05	2.988308e-02	-6.910501e+00
4.451000e-05	2.665882e-02	-6.716950e+00
4.452000e-05	2.365111e-02	-6.538970e+00
4.453000e-05	2.008625e-02	-6.348522e+00
4.454000e-05	1.820703e-02	-6.096398e+00
4.455000e-05	1.521842e-02	-5.886441e+00
4.456000e-05	1.316132e-02	-5.686317e+00
4.457000e-05	9.840961e-03	-5.455392e+00
4.458000e-05	1.025057e-02	-5.182183e+00
4.459000e-05	6.434117e-03	-4.989030e+00
4.460000e-05	7.719503e-03	-4.656219e+00
4.461000e-05	4.045454e-03	-4.495312e+00
4.462000e-05	4.883575e-03	-4.306417e+00
4.463000e-05	2.748665e-03	-4.075266e+00
4.464000e-05	4.409098e-03	-3.893964e+00
4.465000e-05	1.717674e-03	-3.611603e+00
4.466000e-05	5.280924e-04	-3.411655e+00
4.467000e-05	-1.289350e-03	-3.189551e+00
4.468000e-05	-1.120491e-03	-2.887269e+00
4.469000e-05	-1.064906e-03	-2.715337e+00
4.470000e-05	-1.879560e-04	-2.434783e+00
4.471000e-05	-6.742143e-04	-2.192283e+00
4.472000e-05	-2.073014e-03	-1.978500e+00
4.473000e-05	-2.188430e-03	-1.747975e+00
4.474000e-05	-2.943313e-03	-1.557463e+00
4.475000e-05	-1.942939e-03	-1.242151e+00
4.476000e-05	-3.753730e-03	-9.996211e-01
4.477000e-05	-2.326968e-03	-7.704983e-01
4.478000e-05	-2.875491e-03	-5.063342e-01
4.479000e-05	-2.865309e-03	-2.332604e-01
4.480000e-05	-9.952009e-04	-5.315640e-02
4.481000e-05	6.406442e-03	2.192726e-01
4.482000e-05	-3.447439e-03	4.414803e-01
4.483000e-05	3.330029e-03	6.520792e-01
4.484000e-05	-3.788319e-03	8.620104e-01
4.485000e-05	9.159694e-04	1.113616e+00
4.486000e-05	-3.978159e-03	1.345247e+00
4.487000e-05	3.806629e-03	1.609403e+00
4.488000e-05	2.497115e-02	1.821980e+00
4.489000e-05	7.630993e-02	2.041962e+00
4.490000e-05	-2.109168e-02	2.334242e+00
4.491000e-05	-5.378311e-02	2.611830e+00
4.492000e-05	-2.745888e-02	2.852038e+00
4.493000e-05	-2.653568e-02	3.052985e+00
4.494000e-05	-7.151862e-02	3.198456e+00
4.495000e-05	7.655931e-02	3.407377e+00
4.496000e-05	8.013553e-02	3.630037e+00
4.497000e-05	-1.657761e-01	3.828987e+00
4.498000e-05	1.613196e-01	4.020533e+00
4.499000e-05	-6.525553e-02	4.285172e+00
4.500000e-05	-3.592791e-02	4.546222e+00
4.501000e-05	5.122714e-02	4.746826e+00
4.502000e-05	-6.161697e-02	5.030528e+00
4.503000e-05	4.512516e-02	5.303645e+00
4.504000e-05	7.055312e-04	5.495297e+00
4.505000e-05	-2.714025e-02	5.736699e+00
4.506000e-05	1.046058e-02	5.975358e+00
4.507000e-05	-4.813970e-02	6.188352e+00
4.508000e-05	2.320384e-02	6.368900e+00
4.509000e-05	-1.442639e-02	6.608884e+00
4.510000e-05	3.919959e-02	6.799933e+00
4.511000e-05	-1.578724e-02	7.061462e+00
4.512000e-05	-4.114181e-02	7.261438e+00
4.513000e-05	3.533866e-02	7.412993e+00
4.514000e-05	-4.614836e-02	7.632566e+00
4.515000e-05	2.382465e-02	7.892543e+00
4.516000e-05	-1.448813e-02	8.103646e+00
4.517000e-05	1.373733e-03	8.304220e+00
4.518000e-05	-4.497465e-03	8.451040e+00
4.519000e-05	-2.330706e-02	8.610960e+00
4.520000e-05	1.588224e-03	8.768355e+00
4.521000e-05	-1.722746e-02	8.956779e+00
4.522000e-05	1.212875e-02	9.077856e+00
4.523000e-05	-1.680106e-02	9.304173e+00
4.524000e-05	-1.165611e-03	9.484141e+00
4.525000e-05	-1.004015e-02	9.599468e+00
4.526000e-05	-1.487482e-02	9.779513e+00
4.527000e-05	-5.765054e-03	9.948858e+00
4.528000e-05	-6.531449e-03	1.008771e+01
4.529000e-05	3.013813e-03	1.025162e+01
4.530000e-05	-1.305953e-02	1.042839e+01
4.531000e-05	-5.513705e-03	1.056681e+01
4.532000e-05	-1.547816e-02	1.065517e+01
4.533000e-05	-1.005918e-02	1.084162e+01
4.534000e-05	-1.220068e-02	1.092730e+01
4.535000e-05	-1.880123e-03	1.104359e+01
4.536000e-05	-5.431500e-03	1.116749e+01
4.537000e-05	-1.175571e-02	1.131478e+01
4.538000e-05	-1.452020e-02	1.145364e+01
4.539000e-05	-9.574704e-03	1.159041e+01
4.540000e-05	-7.689686e-03	1.171475e+01
4.541000e-05	-1.186104e-02	1.176142e+01
4.542000e-05	-8.274400e-03	1.185625e+01
4.543000e-05	-1.019433e-02	1.196848e+01
4.544000e-05	-1.334206e-02	1.206270e+01
4.545000e-05	-1.591231e-02	1.216839e+01
4.546000e-05	-1.082822e-02	1.223317e+01
4.547000e-05	-1.035490e-02	1.231680e+01
4.548000e-05	-9.555070e-03	1.243046e+01
4.549000e-05	-9.840576e-03	1.247522e+01
4.550000e-05	-1.328014e-02	1.251586e+01
4.551000e-05	-1.500791e-02	1.260951e+01
4.552000e-05	-1.637456e-02	1.263267e+01
4.553000e-05	-1.204766e-02	1.267368e+01
4.554000e-05	-1.416790e-02	1.269728e+01
4.555000e-05	-1.349759e-02	1.273696e+01
4.556000e-05	-1.509929e-02	1.275904e+01
4.557000e-05	-1.648744e-02	1.284205e+01
4.558000e-05	-1.665820e-02	1.288175e+01
4.559000e-05	-1.566020e-02	1.285417e+01
4.560000e-05	-1.433797e-02	1.287380e+01
4.561000e-05	-1.538054e-02	1.290540e+01
4.562000e-05	-1.747314e-02	1.289528e+01
4.563000e-05	-1.947040e-02	1.289681e+01
4.564000e-05	-2.103194e-02	1.293638e+01
4.565000e-05	-2.230200e-02	1.288586e+01
4.566000e-05	-1.861561e-02	1.289480e+01
4.567000e-05	-2.215745e-02	1.288380e+01
4.568000e-05	-1.972133e-02	1.288325e+01
4.569000e-05	-2.447272e-02	1.284257e+01
4.570000e-05	-2.523813e-02	1.281214e+01
4.571000e-05	-2.731885e-02	1.275699e+01
4.572000e-05	-2.797201e-02	1.272640e+01
4.573000e-05	-2.715113e-02	1.264430e+01
4.574000e-05	-2.934044e-02	1.262270e+01
4.575000e-05	-3.047986e-02	1.259061e+01
4.576000e-05	-3.459396e-02	1.255695e+01
4.577000e-05	-3.435899e-02	1.248533e+01
4.578000e-05	-3.675325e-02	1.244222e+01
4.579000e-05	-3.805155e-02	1.236958e+01
4.580000e-05	-3.818708e-02	1.226680e+01
4.581000e-05	-4.053577e-02	1.220106e+01
4.582000e-05	-4.231916e-02	1.206591e+01
4.583000e-05	-4.660290e-02	1.202124e+01
4.584000e-05	-4.771264e-02	1.193685e+01
4.585000e-05	-5.105240e-02	1.185359e+01
4.586000e-05	-5.039977e-02	1.173642e+01
4.587000e-05	-5.385615e-02	1.162324e+01
4.588000e-05	-5.567512e-02	1.148740e+01
4.589000e-05	-6.139308e-02	1.132799e+01
4.590000e-05	-6.277083e-02	1.119069e+01
4.591000e-05	-6.652780e-02	1.111540e+01
4.592000e-05	-6.957583e-02	1.098159e+01
4.593000e-05	-7.250781e-02	1.087525e+01
4.594000e-05	-7.417843e-02	1.076161e+01
4.595000e-05	-7.930682e-02	1.061271e+01
4.596000e-05	-8.191246e-02	1.044425e+01
4.597000e-05	-8.482960e-02	1.031688e+01
4.598000e-05	-8.587758e-02	1.015956e+01
4.599000e-05	-8.673938e-02	1.001269e+01
4.600000e-05	-8.794004e-02	9.884796e+00
4.601000e-05	-8.861200e-02	9.693826e+00
4.602000e-05	-8.789963e-02	9.507907e+00
4.603000e-05	-8.656218e-02	9.377534e+00
4.604000e-05	-8.429521e-02	9.222640e+00
4.605000e-05	-8.058020e-02	9.043291e+00
4.606000e-05	-7.693056e-02	8.834220e+00
4.607000e-05	-7.320035e-02	8.684367e+00
4.608000e-05	-6.965819e-02	8.536874e+00
4.609000e-05	-6.577740e-02	8.359525e+00
4.610000e-05	-6.189761e-02	8.178951e+00
4.611000e-05	-5.635515e-02	7.939478e+00
4.612000e-05	-5.213158e-02	7.757556e+00
4.613000e-05	-4.833624e-02	7.579129e+00
4.614000e-05	-4.464978e-02	7.356858e+00
4.615000e-05	-4.034987e-02	7.137945e+00
4.616000e-05	-3.825505e-02	6.965876e+00
4.617000e-05	-3.407436e-02	6.758473e+00
4.618000e-05	-2.976624e-02	6.516422e+00
4.619000e-05	-2.739280e-02	6.286421e+00
4.620000e-05	-2.605135e-02	6.106868e+00
4.621000e-05	-2.372433e-02	5.964920e+00
4.622000e-05	-2.118704e-02	5.664718e+00
4.623000e-05	-1.915000e-02	5.483868e+00
4.624000e-05	-1.694934e-02	5.264738e+00
4.625000e-05	-1.567379e-02	4.928054e+00
4.626000e-05	-1.374515e-02	4.694941e+00
4.627000e-05	-1.369321e-02	4.484317e+00
4.628000e-05	-1.233905e-02	4.306369e+00
4.629000e-05	-1.227202e-02	4.033583e+00
4.630000e-05	-1.002253e-02	3.801130e+00
4.631000e-05	-9.902069e-03	3.620632e+00
4.632000e-05	-8.261177e-03	3.366970e+00
4.633000e-05	-9.590363e-03	3.156414e+00
4.634000e-05	-8.822032e-03	2.896887e+00
4.635000e-05	-7.888658e-03	2.704965e+00
4.636000e-05	-6.788041e-03	2.412100e+00
4.637000e-05	-6.341328e-03	2.189502e+00
4.638000e-05	-6.536199e-03	1.998549e+00
4.639000e-05	-6.421831e-03	1.728446e+00
4.640000e-05	-5.134355e-03	1.445311e+00
4.641000e-05	-5.586330e-03	1.222183e+00
4.642000e-05	-4.700142e-03	9.375396e-01
4.643000e-05	-5.505063e-03	6.948894e-01
4.644000e-05	-5.049262e-03	4.538080e-01
4.645000e-05	-4.896191e-03	2.532825e-01
4.646000e-05	-2.709693e-03	-3.997894e-02
4.647000e-05	7.197326e-03	-2.104515e-01
4.648000e-05	-3.876342e-03	-4.415014e-01
4.649000e-05	2.464271e-03	-7.026420e-01
4.650000e-05	-4.269106e-03	-9.051133e-01
4.651000e-05	3.445367e-04	-1.083241e+00
4.652000e-05	-3.041260e-03	-1.368196e+00
4.653000e-05	1.125830e-02	-1.598476e+00
4.654000e-05	6.265748e-02	-1.817378e+00
4.655000e-05	5.563389e-02	-1.998981e+00
4.656000e-05	-8.407384e-02	-2.347270e+00
4.657000e-05	-1.975144e-03	-2.682559e+00
4.658000e-05	-5.334153e-02	-2.872488e+00
4.659000e-05	-7.064215e-02	-3.095695e+00
4.660000e-05	8.336189e-02	-3.222080e+00
4.661000e-05	8.843434e-02	-3.389833e+00
4.662000e-05	-1.547570e-01	-3.681518e+00
4.663000e-05	1.868130e-01	-3.874191e+00
4.664000e-05	-1.507345e-01	-4.105220e+00
4.665000e-05	2.276299e-02	-4.346847e+00
4.666000e-05	6.436465e-02	-4.506699e+00
4.667000e-05	-1.322222e-01	-4.799482e+00
4.668000e-05	1.335635e-01	-5.000034e+00
4.669000e-05	-1.282955e-02	-5.231412e+00
4.670000e-05	-2.792407e-02	-5.566249e+00
4.671000e-05	6.345917e-02	-5.697751e+00
4.672000e-05	-1.542895e-01	-5.967803e+00
4.673000e-05	1.344550e-01	-6.147382e+00
4.674000e-05	-3.917451e-02	-6.399454e+00
4.675000e-05	5.218413e-02	-6.589487e+00
4.676000e-05	6.194993e-03	-6.797955e+00
4.677000e-05	-8.777080e-02	-7.041495e+00
4.678000e-05	1.183129e-01	-7.283614e+00
4.679000e-05	-1.096559e-01	-7.422591e+00
4.680000e-05	8.631532e-02	-7.673595e+00
4.681000e-05	-3.214973e-02	-7.853672e+00
4.682000e-05	6.806142e-03	-8.074692e+00
4.683000e-05	4.265399e-02	-8.260635e+00
4.684000e-05	-5.823028e-02	-8.461593e+00
4.685000e-05	6.263171e-02	-8.601990e+00
4.686000e-05	-6.608287e-02	-8.821141e+00
4.687000e-05	5.859568e-02	-8.989512e+00
4.688000e-05	-1.310119e-02	-9.126278e+00
4.689000e-05	2.335768e-02	-9.364724e+00
4.690000e-05	-1.182269e-03	-9.496197e+00
4.691000e-05	-3.068639e-02	-9.694197e+00
4.692000e-05	3.544922e-02	-9.830462e+00
4.693000e-05	-1.834855e-02	-9.957905e+00
4.694000e-05	4.194620e-02	-1.013425e+01
4.695000e-05	-1.991877e-02	-1.026610e+01
4.696000e-05	2.416696e-02	-1.048262e+01
4.697000e-05	-1.411051e-02	-1.054891e+01
4.698000e-05	5.494450e-03	-1.069375e+01
4.699000e-05	5.538070e-03	-1.079154e+01
4.700000e-05	9.573908e-03	-1.095841e+01
4.701000e-05	1.318962e-02	-1.102462e+01
4.702000e-05	-4.202639e-03	-1.123012e+01
4.703000e-05	1.385925e-02	-1.132633e+01
4.704000e-05	-8.652010e-04	-1.146567e+01
4.705000e-05	1.057334e-02	-1.157942e+01
4.706000e-05	-1.730273e-03	-1.167623e+01
4.707000e-05	1.638305e-02	-1.181402e+01
4.708000e-05	6.291050e-03	-1.191878e+01
4.709000e-05	6.815003e-03	-1.202514e+01
4.710000e-05	4.128031e-04	-1.212582e+01
4.711000e-05	4.200053e-03	-1.220156e+01
4.712000e-05	8.160335e-03	-1.227362e+01
4.713000e-05	1.243485e-02	-1.229786e+01
4.714000e-05	1.339865e-02	-1.239052e+01
4.715000e-05	5.352037e-03	-1.251280e+01
4.716000e-05	3.526076e-03	-1.253685e+01
4.717000e-05	4.417642e-03	-1.258154e+01
4.718000e-05	1.325595e-02	-1.264320e+01
4.719000e-05	9.010515e-03	-1.271745e+01
4.720000e-05	9.029654e-03	-1.275106e+01
4.721000e-05	7.778609e-03	-1.285112e+01
4.722000e-05	9.925079e-03	-1.285320e+01
4.723000e-05	1.025621e-02	-1.289377e+01
4.724000e-05	9.296978e-03	-1.291583e+01
4.725000e-05	1.006222e-02	-1.290686e+01
4.726000e-05	1.200551e-02	-1.291888e+01
4.727000e-05	1.386274e-02	-1.294695e+01
4.728000e-05	1.177737e-02	-1.293700e+01
4.729000e-05	9.720715e-03	-1.293841e+01
4.730000e-05	1.119890e-02	-1.292796e+01
4.731000e-05	1.435323e-02	-1.293893e+01
4.732000e-05	1.695179e-02	-1.292846e+01
4.733000e-05	1.748223e-02	-1.289635e+01
4.734000e-05	1.745267e-02	-1.289530e+01
4.735000e-05	1.665549e-02	-1.289535e+01
4.736000e-05	1.671982e-02	-1.286320e+01
4.737000e-05	1.910082e-02	-1.282369e+01
4.738000e-05	2.259583e-02	-1.277004e+01
4.739000e-05	2.288329e-02	-1.275843e+01
4.740000e-05	2.331944e-02	-1.266633e+01
4.741000e-05	2.442033e-02	-1.262165e+01
4.742000e-05	2.621276e-02	-1.254951e+01
4.743000e-05	2.691993e-02	-1.248583e+01
4.744000e-05	2.958140e-02	-1.245474e+01
4.745000e-05	3.149539e-02	-1.237049e+01
4.746000e-05	3.329231e-02	-1.230430e+01
4.747000e-05	3.501451e-02	-1.222214e+01
4.748000e-05	3.536424e-02	-1.214748e+01
4.749000e-05	3.798492e-02	-1.205270e+01
4.750000e-05	3.959765e-02	-1.196058e+01
4.751000e-05	4.239462e-02	-1.181632e+01
4.752000e-05	4.596010e-02	-1.172798e+01
4.753000e-05	4.785788e-02	-1.165220e+01
4.754000e-05	5.030369e-02	-1.148600e+01
4.755000e-05	5.192505e-02	-1.140154e+01
4.756000e-05	5.570894e-02	-1.122122e+01
4.757000e-05	5.861288e-02	-1.106648e+01
4.758000e-05	6.226459e-02	-1.096748e+01
4.759000e-05	6.500784e-02	-1.083277e+01
4.760000e-05	6.744743e-02	-1.073895e+01
4.761000e-05	7.084436e-02	-1.063266e+01
4.762000e-05	7.516470e-02	-1.048380e+01
4.763000e-05	7.665787e-02	-1.033850e+01
4.764000e-05	7.890430e-02	-1.015005e+01
4.765000e-05	8.008894e-02	-9.992662e+00
4.766000e-05	8.154499e-02	-9.874819e+00
4.767000e-05	8.034645e-02	-9.717899e+00
4.768000e-05	7.977945e-02	-9.569108e+00
4.769000e-05	7.876192e-02	-9.390683e+00
4.770000e-05	7.735700e-02	-9.232135e+00
4.771000e-05	7.466880e-02	-9.044317e+00
4.772000e-05	7.169491e-02	-8.895900e+00
4.773000e-05	6.729779e-02	-8.726476e+00
4.774000e-05	6.335034e-02	-8.506529e+00
4.775000e-05	5.859342e-02	-8.337451e+00
4.776000e-05	5.584683e-02	-8.209577e+00
4.777000e-05	5.033356e-02	-8.033658e+00
4.778000e-05	4.583517e-02	-7.781008e+00
4.779000e-05	4.028559e-02	-7.558426e+00
4.780000e-05	3.782427e-02	-7.358955e+00
4.781000e-05	3.301316e-02	-7.208549e+00
4.782000e-05	2.992903e-02	-6.957129e+00
4.783000e-05	2.670053e-02	-6.718399e+00
4.784000e-05	2.379955e-02	-6.537946e+00
4.785000e-05	2.039671e-02	-6.380001e+00
4.786000e-05	1.858024e-02	-6.075373e+00
4.787000e-05	1.460806e-02	-5.906418e+00
4.788000e-05	1.404507e-02	-5.677293e+00
4.789000e-05	1.108886e-02	-5.525491e+00
4.790000e-05	1.064692e-02	-5.192634e+00
4.791000e-05	6.435160e-03	-4.990601e+00
4.792000e-05	7.740385e-03	-4.656816e+00
4.793000e-05	4.149532e-03	-4.496842e+00
4.794000e-05	5.744694e-03	-4.305920e+00
4.795000e-05	2.243675e-03	-4.055267e+00
4.796000e-05	4.628106e-03	-3.884438e+00
4.797000e-05	1.090772e-03	-3.632630e+00
4.798000e-05	5.723778e-05	-3.403100e+00
4.799000e-05	-7.231280e-04	-3.201600e+00
4.800000e-05	-1.012919e-03	-2.918421e+00
4.801000e-05	-4.503016e-04	-2.704817e+00
4.802000e-05	-8.537699e-04	-2.484786e+00
4.803000e-05	1.687974e-06	-2.221179e+00
4.804000e-05	-2.838578e-03	-1.988926e+00
4.805000e-05	-1.783065e-03	-1.759496e+00
4.806000e-05	-3.397331e-03	-1.537466e+00
4.807000e-05	-1.133049e-03	-1.270751e+00
4.808000e-05	-4.877620e-03	-9.615511e-01
4.809000e-05	-2.097936e-03	-7.880209e-01
4.810000e-05	-3.945716e-03	-5.068104e-01
4.811000e-05	-2.376737e-03	-2.648105e-01
4.812000e-05	-1.720073e-03	-4.373396e-02
4.813000e-05	6.851454e-03	1.992752e-01
4.814000e-05	-3.566157e-03	4.205290e-01
4.815000e-05	3.850188e-03	6.115590e-01
4.816000e-05	-5.122529e-03	8.314778e-01
4.817000e-05	7.089558e-04	1.074591e+00
4.818000e-05	-3.073749e-03	1.376195e+00
4.819000e-05	4.255293e-03	1.578903e+00
4.820000e-05	2.224673e-02	1.809980e+00
4.821000e-05	7.400148e-02	2.022108e+00
4.822000e-05	-1.164314e-02	2.324137e+00
4.823000e-05	-5.722111e-02	2.569277e+00
4.824000e-05	-2.618672e-02	2.798934e+00
4.825000e-05	-2.781201e-02	3.022483e+00
4.826000e-05	-7.034730e-02	3.218377e+00
4.827000e-05	6.084191e-02	3.357879e+00
4.828000e-05	9.840569e-02	3.601980e+00
4.829000e-05	-1.696708e-01	3.780986e+00
4.830000e-05	1.509867e-01	4.010905e+00
4.831000e-05	-4.613910e-02	4.293142e+00
4.832000e-05	-4.858734e-02	4.506723e+00
4.833000e-05	5.847273e-02	4.755799e+00
4.834000e-05	-6.290646e-02	4.967884e+00
4.835000e-05	3.826659e-02	5.234585e+00
4.836000e-05	8.353355e-03	5.533697e+00
4.837000e-05	-3.077731e-02	5.725176e+00
4.838000e-05	1.269195e-02	5.957275e+00
4.839000e-05	-4.922051e-02	6.138854e+00
4.840000e-05	2.077189e-02	6.347850e+00
4.841000e-05	-1.187232e-02	6.590330e+00
4.842000e-05	3.574758e-02	6.809985e+00
4.843000e-05	-7.161311e-03	6.980435e+00
4.844000e-05	-4.809838e-02	7.200912e+00
4.845000e-05	3.577222e-02	7.399368e+00
4.846000e-05	-4.547325e-02	7.653039e+00
4.847000e-05	2.136202e-02	7.832543e+00
4.848000e-05	-1.131722e-02	8.064596e+00
4.849000e-05	-2.404814e-03	8.283643e+00
4.850000e-05	-1.797529e-03	8.442566e+00
4.851000e-05	-2.341405e-02	8.589984e+00
4.852000e-05	3.024003e-03	8.738383e+00
4.853000e-05	-1.730061e-02	8.954807e+00
4.854000e-05	1.102672e-02	9.096325e+00
4.855000e-05	-1.481271e-02	9.306252e+00
4.856000e-05	-1.795896e-03	9.442646e+00
4.857000e-05	-7.321780e-03	9.591012e+00
4.858000e-05	-1.600934e-02	9.809884e+00
4.859000e-05	-6.380441e-03	9.927228e+00
4.860000e-05	-6.775668e-03	1.009473e+01
4.861000e-05	3.366597e-03	1.026369e+01
4.862000e-05	-1.266565e-02	1.037896e+01
4.863000e-05	-6.755542e-03	1.052586e+01
4.864000e-05	-1.406721e-02	1.063615e+01
4.865000e-05	-1.025178e-02	1.084159e+01
4.866000e-05	-1.294022e-02	1.096898e+01
4.867000e-05	-3.094820e-03	1.108467e+01
4.868000e-05	-3.758382e-03	1.115846e+01
4.869000e-05	-1.092427e-02	1.131521e+01
4.870000e-05	-1.365886e-02	1.142159e+01
4.871000e-05	-1.077084e-02	1.158052e+01
4.872000e-05	-8.663668e-03	1.169481e+01
4.873000e-05	-1.179073e-02	1.181004e+01
4.874000e-05	-7.769858e-03	1.187417e+01
4.875000e-05	-8.866272e-03	1.196786e+01
4.876000e-05	-1.296984e-02	1.207365e+01
4.877000e-05	-1.552491e-02	1.219744e+01
4.878000e-05	-1.294392e-02	1.224267e+01
4.879000e-05	-1.030802e-02	1.229741e+01
4.880000e-05	-8.756931e-03	1.237091e+01
4.881000e-05	-9.838235e-03	1.243372e+01
4.882000e-05	-1.231332e-02	1.252683e+01
4.883000e-05	-1.388588e-02	1.260004e+01
4.884000e-05	-1.654413e-02	1.261007e+01
4.885000e-05	-1.209480e-02	1.267270e+01
4.886000e-05	-1.341786e-02	1.273573e+01
4.887000e-05	-1.316065e-02	1.273936e+01
4.888000e-05	-1.475507e-02	1.278049e+01
4.889000e-05	-1.699979e-02	1.284162e+01
4.890000e-05	-1.660529e-02	1.282213e+01
4.891000e-05	-1.537716e-02	1.291375e+01
4.892000e-05	-1.514696e-02	1.294575e+01
4.893000e-05	-1.636948e-02	1.291486e+01
4.894000e-05	-1.508072e-02	1.292578e+01
4.895000e-05	-1.967750e-02	1.290536e+01
4.896000e-05	-2.164194e-02	1.293586e+01
4.897000e-05	-2.175676e-02	1.292628e+01
4.898000e-05	-1.982498e-02	1.291475e+01
4.899000e-05	-2.053389e-02	1.287528e+01
4.900000e-05	-2.179799e-02	1.287312e+01
4.901000e-05	-2.306537e-02	1.279270e+01
4.902000e-05	-2.492024e-02	1.283055e+01
4.903000e-05	-2.810373e-02	1.275989e+01
4.904000e-05	-2.895749e-02	1.267846e+01
4.905000e-05	-2.830679e-02	1.267477e+01
4.906000e-05	-2.780397e-02	1.265265e+01
4.907000e-05	-3.077708e-02	1.258061e+01
4.908000e-05	-3.297989e-02	1.252841e+01
4.909000e-05	-3.523534e-02	1.248530e+01
4.910000e-05	-3.729715e-02	1.245169e+01
4.911000e-05	-3.746883e-02	1.238156e+01
4.912000e-05	-3.813156e-02	1.227578e+01
4.913000e-05	-4.013625e-02	1.223206e+01
4.914000e-05	-4.324047e-02	1.211790e+01
4.915000e-05	-4.614507e-02	1.197214e+01
4.916000e-05	-4.730100e-02	1.192836e+01
4.917000e-05	-5.081311e-02	1.182216e+01
4.918000e-05	-5.094079e-02	1.171888e+01
4.919000e-05	-5.277078e-02	1.163212e+01
4.920000e-05	-5.599792e-02	1.152690e+01
4.921000e-05	-6.124185e-02	1.135651e+01
4.922000e-05	-6.283802e-02	1.125225e+01
4.923000e-05	-6.690458e-02	1.111687e+01
4.924000e-05	-6.841104e-02	1.103161e+01
4.925000e-05	-7.227281e-02	1.086582e+01
4.926000e-05	-7.407937e-02	1.078116e+01
4.927000e-05	-7.863066e-02	1.061271e+01
4.928000e-05	-8.131011e-02	1.047330e+01
4.929000e-05	-8.462596e-02	1.032690e+01
4.930000e-05	-8.656907e-02	1.017956e+01
4.931000e-05	-8.717338e-02	1.005374e+01
4.932000e-05	-8.756036e-02	9.884965e+00
4.933000e-05	-8.805048e-02	9.696327e+00
4.934000e-05	-8.888919e-02	9.527373e+00
4.935000e-05	-8.712893e-02	9.380008e+00
4.936000e-05	-8.486724e-02	9.242189e+00
4.937000e-05	-8.145150e-02	9.045315e+00
4.938000e-05	-7.648215e-02	8.904775e+00
4.939000e-05	-7.362056e-02	8.685369e+00
4.940000e-05	-7.022017e-02	8.516925e+00
4.941000e-05	-6.645331e-02	8.389523e+00
4.942000e-05	-6.223478e-02	8.190506e+00
4.943000e-05	-5.643095e-02	7.959624e+00
4.944000e-05	-5.181412e-02	7.768129e+00
4.945000e-05	-4.823413e-02	7.621583e+00
4.946000e-05	-4.488053e-02	7.358634e+00
4.947000e-05	-4.100569e-02	7.127946e+00
4.948000e-05	-3.794013e-02	6.966450e+00
4.949000e-05	-3.413933e-02	6.748550e+00
4.950000e-05	-3.107540e-02	6.527406e+00
4.951000e-05	-2.667168e-02	6.325392e+00
4.952000e-05	-2.508029e-02	6.136475e+00
4.953000e-05	-2.402861e-02	5.938476e+00
4.954000e-05	-2.217118e-02	5.636769e+00
4.955000e-05	-2.013991e-02	5.523868e+00
4.956000e-05	-1.722400e-02	5.234311e+00
4.957000e-05	-1.547870e-02	4.967607e+00
4.958000e-05	-1.424053e-02	4.745472e+00
4.959000e-05	-1.377039e-02	4.477943e+00
4.960000e-05	-1.260009e-02	4.325465e+00
4.961000e-05	-1.221516e-02	4.023210e+00
4.962000e-05	-1.056415e-02	3.822079e+00
4.963000e-05	-9.902866e-03	3.592659e+00
4.964000e-05	-1.002534e-02	3.399603e+00
4.965000e-05	-8.576637e-03	3.176471e+00
4.966000e-05	-8.138430e-03	2.926918e+00
4.967000e-05	-8.512393e-03	2.777389e+00
4.968000e-05	-7.846413e-03	2.436113e+00
4.969000e-05	-6.451925e-03	2.180076e+00
4.970000e-05	-6.970244e-03	1.990581e+00
4.971000e-05	-6.536919e-03	1.789946e+00
4.972000e-05	-6.104942e-03	1.485934e+00
4.973000e-05	-5.299665e-03	1.262733e+00
4.974000e-05	-5.460180e-03	9.500158e-01
4.975000e-05	-5.828741e-03	6.964419e-01
4.976000e-05	-5.031147e-03	5.048080e-01
4.977000e-05	-3.705030e-03	2.838378e-01
4.978000e-05	-3.300993e-03	-8.977556e-03
4.979000e-05	6.299555e-03	-2.004553e-01
4.980000e-05	-3.061300e-03	-3.994724e-01
4.981000e-05	1.521460e-03	-6.930334e-01
4.982000e-05	-2.761016e-03	-8.730869e-01
4.983000e-05	-1.366768e-03	-1.095112e+00
4.984000e-05	-7.506713e-04	-1.335271e+00
4.985000e-05	7.845698e-03	-1.556349e+00
4.986000e-05	6.063195e-02	-1.757869e+00
4.987000e-05	6.371695e-02	-1.958876e+00
4.988000e-05	-8.310864e-02	-2.355119e+00
4.989000e-05	-5.439627e-03	-2.620558e+00
4.990000e-05	-5.127508e-02	-2.852088e+00
4.991000e-05	-6.867086e-02	-3.074140e+00
4.992000e-05	6.355211e-02	-3.250533e+00
4.993000e-05	1.078109e-01	-3.390406e+00
4.994000e-05	-1.643302e-01	-3.640032e+00
4.995000e-05	1.845316e-01	-3.882564e+00
4.996000e-05	-1.313978e-01	-4.093694e+00
4.997000e-05	-8.784281e-05	-4.307247e+00
4.998000e-05	8.578776e-02	-4.514196e+00
4.999000e-05	-1.340245e-01	-4.796902e+00
