# 260410_15:41:02.989072
t	CH1	CH2
0.000000e+00	-2.015771e-03	1.042930e-01
1.000000e-08	5.175159e-03	-1.988949e-01
2.000000e-08	1.483990e-03	-4.414753e-01
3.000000e-08	-1.220380e-03	-7.567920e-01
4.000000e-08	-1.931065e-04	-1.040890e+00
5.000000e-08	-9.045716e-04	-1.325612e+00
6.000000e-08	-1.093387e-03	-1.598418e+00
7.000000e-08	1.696448e-02	-1.870478e+00
8.000000e-08	7.167202e-02	-2.091579e+00
9.000000e-08	4.704940e-02	-2.397921e+00
1.000000e-07	-9.833938e-02	-2.798398e+00
1.100000e-07	1.274137e-02	-3.207897e+00
1.200000e-07	-4.819791e-02	-3.422604e+00
1.300000e-07	-2.987597e-02	-3.640080e+00
1.400000e-07	-4.176458e-02	-3.935288e+00
1.500000e-07	1.867237e-01	-4.084112e+00
1.600000e-07	-1.710482e-01	-4.440874e+00
1.700000e-07	1.220340e-01	-4.714101e+00
1.800000e-07	-1.749923e-02	-5.015790e+00
1.900000e-07	-7.385855e-02	-5.354661e+00
2.000000e-07	1.155394e-01	-5.587375e+00
2.100000e-07	-1.559023e-01	-5.930607e+00
2.200000e-07	1.651624e-01	-6.158316e+00
2.300000e-07	-5.167681e-02	-6.451373e+00
2.400000e-07	-2.112852e-02	-6.746165e+00
2.500000e-07	5.569494e-02	-7.038195e+00
2.600000e-07	-1.287351e-01	-7.303138e+00
2.700000e-07	1.424975e-01	-7.608790e+00
2.800000e-07	-1.121173e-01	-7.882038e+00
2.900000e-07	1.317378e-01	-8.125263e+00
3.000000e-07	-4.739079e-02	-8.377342e+00
3.100000e-07	-3.293080e-02	-8.681405e+00
3.200000e-07	6.410411e-02	-8.921558e+00
3.300000e-07	-8.190589e-02	-9.165692e+00
3.400000e-07	1.014116e-01	-9.446249e+00
3.500000e-07	-9.571472e-02	-9.688928e+00
3.600000e-07	9.300868e-02	-9.891983e+00
3.700000e-07	-5.014793e-02	-1.014244e+01
3.800000e-07	3.155301e-02	-1.036514e+01
3.900000e-07	-1.781862e-02	-1.056825e+01
4.000000e-07	-2.744855e-03	-1.074925e+01
4.100000e-07	3.555959e-02	-1.102930e+01
4.200000e-07	-3.181708e-02	-1.123981e+01
4.300000e-07	4.558494e-02	-1.146088e+01
4.400000e-07	-3.865465e-02	-1.173051e+01
4.500000e-07	3.372712e-02	-1.189154e+01
4.600000e-07	-3.838966e-02	-1.211206e+01
4.700000e-07	4.140435e-02	-1.228354e+01
4.800000e-07	-8.987946e-03	-1.250146e+01
4.900000e-07	2.335305e-02	-1.265948e+01
5.000000e-07	-1.547188e-02	-1.287093e+01
5.100000e-07	9.199482e-03	-1.304136e+01
5.200000e-07	-1.464896e-03	-1.320775e+01
5.300000e-07	1.349086e-04	-1.339863e+01
5.400000e-07	1.212903e-02	-1.356457e+01
5.500000e-07	3.287302e-03	-1.365101e+01
5.600000e-07	1.437464e-02	-1.386144e+01
5.700000e-07	-7.196202e-03	-1.401073e+01
5.800000e-07	1.386988e-02	-1.416568e+01
5.900000e-07	5.724615e-05	-1.434347e+01
6.000000e-07	8.308660e-03	-1.448131e+01
6.100000e-07	4.895788e-04	-1.457610e+01
6.200000e-07	9.597626e-03	-1.475549e+01
6.300000e-07	1.417749e-03	-1.482825e+01
6.400000e-07	1.716825e-03	-1.492415e+01
6.500000e-07	4.265286e-03	-1.504928e+01
6.600000e-07	1.142038e-02	-1.510460e+01
6.700000e-07	1.381404e-02	-1.522826e+01
6.800000e-07	9.208174e-03	-1.533252e+01
6.900000e-07	5.645636e-03	-1.540813e+01
7.000000e-07	5.456114e-04	-1.552246e+01
7.100000e-07	4.333424e-03	-1.554610e+01
7.200000e-07	7.388708e-03	-1.567731e+01
7.300000e-07	1.003521e-02	-1.566244e+01
7.400000e-07	9.303374e-03	-1.575557e+01
7.500000e-07	1.113026e-02	-1.579826e+01
7.600000e-07	8.473733e-03	-1.586089e+01
7.700000e-07	9.354267e-03	-1.586241e+01
7.800000e-07	1.030923e-02	-1.592257e+01
7.900000e-07	1.159854e-02	-1.595410e+01
8.000000e-07	1.039863e-02	-1.600618e+01
8.100000e-07	1.180410e-02	-1.596620e+01
8.200000e-07	1.269054e-02	-1.603720e+01
8.300000e-07	1.116770e-02	-1.601776e+01
8.400000e-07	1.235066e-02	-1.601728e+01
8.500000e-07	1.719227e-02	-1.597718e+01
8.600000e-07	2.020575e-02	-1.598623e+01
8.700000e-07	1.984626e-02	-1.600660e+01
8.800000e-07	1.904014e-02	-1.592552e+01
8.900000e-07	1.893320e-02	-1.591195e+01
9.000000e-07	2.111293e-02	-1.590189e+01
9.100000e-07	2.324297e-02	-1.582981e+01
9.200000e-07	2.768027e-02	-1.575521e+01
9.300000e-07	2.938167e-02	-1.571345e+01
9.400000e-07	2.995614e-02	-1.568052e+01
9.500000e-07	3.173104e-02	-1.559676e+01
9.600000e-07	3.549846e-02	-1.552460e+01
9.700000e-07	3.743160e-02	-1.545991e+01
9.800000e-07	4.040232e-02	-1.531378e+01
9.900000e-07	4.471697e-02	-1.530147e+01
1.000000e-06	5.012020e-02	-1.521723e+01
1.010000e-06	5.489609e-02	-1.507157e+01
1.020000e-06	5.998875e-02	-1.499770e+01
1.030000e-06	6.803995e-02	-1.490200e+01
1.040000e-06	7.851296e-02	-1.479428e+01
1.050000e-06	9.016960e-02	-1.464891e+01
1.060000e-06	1.022392e-01	-1.455665e+01
1.070000e-06	1.151892e-01	-1.445871e+01
1.080000e-06	1.290734e-01	-1.424052e+01
1.090000e-06	1.442796e-01	-1.412357e+01
1.100000e-06	1.579525e-01	-1.396623e+01
1.110000e-06	1.687885e-01	-1.380881e+01
1.120000e-06	1.750895e-01	-1.365296e+01
1.130000e-06	1.762650e-01	-1.351252e+01
1.140000e-06	1.727459e-01	-1.330517e+01
1.150000e-06	1.647724e-01	-1.315788e+01
1.160000e-06	1.544447e-01	-1.298733e+01
1.170000e-06	1.415115e-01	-1.284006e+01
1.180000e-06	1.294404e-01	-1.265891e+01
1.190000e-06	1.151628e-01	-1.245299e+01
1.200000e-06	1.021951e-01	-1.229217e+01
1.210000e-06	8.932297e-02	-1.209250e+01
1.220000e-06	7.784315e-02	-1.182045e+01
1.230000e-06	6.927798e-02	-1.166039e+01
1.240000e-06	5.985875e-02	-1.141880e+01
1.250000e-06	5.198979e-02	-1.115723e+01
1.260000e-06	4.405795e-02	-1.095578e+01
1.270000e-06	3.722867e-02	-1.073482e+01
1.280000e-06	3.187897e-02	-1.058720e+01
1.290000e-06	2.652953e-02	-1.029520e+01
1.300000e-06	2.251921e-02	-1.008209e+01
1.310000e-06	1.890830e-02	-9.810412e+00
1.320000e-06	1.593327e-02	-9.608982e+00
1.330000e-06	1.317102e-02	-9.386804e+00
1.340000e-06	1.115406e-02	-9.094173e+00
1.350000e-06	8.627132e-03	-8.904166e+00
1.360000e-06	6.014244e-03	-8.612037e+00
1.370000e-06	5.228124e-03	-8.418877e+00
1.380000e-06	3.749449e-03	-8.136850e+00
1.390000e-06	3.010226e-03	-7.850624e+00
1.400000e-06	1.360653e-03	-7.559404e+00
1.410000e-06	1.003609e-03	-7.314772e+00
1.420000e-06	4.342673e-04	-7.023057e+00
1.430000e-06	-9.845704e-05	-6.726322e+00
1.440000e-06	-2.300726e-04	-6.534663e+00
1.450000e-06	-1.141171e-03	-6.219535e+00
1.460000e-06	-1.148086e-03	-5.946799e+00
1.470000e-06	-2.031740e-03	-5.621689e+00
1.480000e-06	-2.685138e-03	-5.347854e+00
1.490000e-06	-2.604751e-03	-5.044561e+00
1.500000e-06	-3.485042e-03	-4.708292e+00
1.510000e-06	-2.798261e-03	-4.443184e+00
1.520000e-06	-3.081657e-03	-4.199508e+00
1.530000e-06	-4.357019e-03	-3.913323e+00
1.540000e-06	-3.610233e-03	-3.539507e+00
1.550000e-06	-5.067871e-03	-3.348400e+00
1.560000e-06	-2.961817e-03	-3.051138e+00
1.570000e-06	-4.368949e-03	-2.727397e+00
1.580000e-06	-3.089147e-03	-2.465237e+00
1.590000e-06	-5.093044e-03	-2.139426e+00
1.600000e-06	-4.306087e-03	-1.873237e+00
1.610000e-06	-5.006833e-03	-1.608580e+00
1.620000e-06	-5.432596e-03	-1.202763e+00
1.630000e-06	-3.874900e-03	-9.389758e-01
1.640000e-06	-4.886014e-03	-6.336640e-01
1.650000e-06	-4.513030e-03	-3.379509e-01
1.660000e-06	-2.161099e-03	-8.221283e-02
1.670000e-06	7.270574e-03	2.504987e-01
1.680000e-06	-2.554798e-03	4.846820e-01
1.690000e-06	2.939650e-03	7.883409e-01
1.700000e-06	-5.102204e-03	1.052427e+00
1.710000e-06	1.373694e-03	1.390294e+00
1.720000e-06	-6.469848e-03	1.694608e+00
1.730000e-06	1.270980e-02	1.966290e+00
1.740000e-06	3.191405e-02	2.169821e+00
1.750000e-06	8.645742e-02	2.483084e+00
1.760000e-06	-7.225000e-02	2.862532e+00
1.770000e-06	-3.108525e-02	3.167375e+00
1.780000e-06	-3.816152e-02	3.480953e+00
1.790000e-06	-2.095271e-04	3.736137e+00
1.800000e-06	-6.342179e-02	3.966816e+00
1.810000e-06	2.867133e-02	4.147721e+00
1.820000e-06	1.027687e-01	4.452530e+00
1.830000e-06	-1.342684e-01	4.787347e+00
1.840000e-06	9.066583e-02	5.081459e+00
1.850000e-06	6.121968e-03	5.387719e+00
1.860000e-06	-8.484657e-02	5.622133e+00
1.870000e-06	6.301405e-02	5.966768e+00
1.880000e-06	-5.847259e-02	6.250929e+00
1.890000e-06	7.647901e-02	6.473556e+00
1.900000e-06	-4.300702e-02	6.774274e+00
1.910000e-06	-1.394020e-02	7.041055e+00
1.920000e-06	9.763798e-03	7.377197e+00
1.930000e-06	-3.407873e-02	7.638931e+00
1.940000e-06	3.956738e-02	7.894568e+00
1.950000e-06	-5.220427e-02	8.239455e+00
1.960000e-06	6.853898e-02	8.459877e+00
1.970000e-06	-3.817196e-02	8.693011e+00
1.980000e-06	-1.788123e-02	8.926117e+00
1.990000e-06	1.217548e-02	9.167796e+00
2.000000e-06	-3.195850e-02	9.410804e+00
2.010000e-06	2.997315e-02	9.651455e+00
2.020000e-06	-3.260479e-02	9.913588e+00
2.030000e-06	3.384411e-02	1.014417e+01
2.040000e-06	-4.055322e-02	1.035569e+01
2.050000e-06	9.366035e-03	1.063981e+01
2.060000e-06	-2.259772e-02	1.082728e+01
2.070000e-06	9.463366e-03	1.102943e+01
2.080000e-06	-5.987449e-04	1.127193e+01
2.090000e-06	-1.566240e-02	1.152351e+01
2.100000e-06	4.083012e-03	1.171501e+01
2.110000e-06	-1.444829e-02	1.192402e+01
2.120000e-06	1.880362e-03	1.213414e+01
2.130000e-06	-2.321030e-02	1.235454e+01
2.140000e-06	1.258856e-02	1.248354e+01
2.150000e-06	-6.828974e-03	1.267197e+01
2.160000e-06	-2.754817e-03	1.289345e+01
2.170000e-06	-1.799404e-02	1.312989e+01
2.180000e-06	-7.404131e-03	1.327074e+01
2.190000e-06	-5.456575e-03	1.343928e+01
2.200000e-06	-1.155767e-02	1.356772e+01
2.210000e-06	-1.238245e-03	1.371360e+01
2.220000e-06	-7.617260e-03	1.387291e+01
2.230000e-06	-3.936322e-03	1.407044e+01
2.240000e-06	-1.669354e-02	1.422929e+01
2.250000e-06	-5.217121e-03	1.438572e+01
2.260000e-06	-1.031006e-02	1.452239e+01
2.270000e-06	-7.667042e-03	1.460781e+01
2.280000e-06	-8.601141e-03	1.480412e+01
2.290000e-06	-9.210691e-03	1.484143e+01
2.300000e-06	-1.180565e-02	1.492460e+01
2.310000e-06	-1.697169e-02	1.503936e+01
2.320000e-06	-7.021898e-03	1.517510e+01
2.330000e-06	-9.218317e-03	1.526034e+01
2.340000e-06	-6.097234e-03	1.535412e+01
2.350000e-06	-1.306816e-02	1.541778e+01
2.360000e-06	-1.194545e-02	1.549345e+01
2.370000e-06	-1.327855e-02	1.557624e+01
2.380000e-06	-1.467464e-02	1.565029e+01
2.390000e-06	-1.183226e-02	1.570294e+01
2.400000e-06	-1.531376e-02	1.576613e+01
2.410000e-06	-1.048546e-02	1.577821e+01
2.420000e-06	-1.568104e-02	1.588001e+01
2.430000e-06	-1.534112e-02	1.587349e+01
2.440000e-06	-1.802280e-02	1.590367e+01
2.450000e-06	-1.369260e-02	1.592663e+01
2.460000e-06	-1.465643e-02	1.599718e+01
2.470000e-06	-1.817597e-02	1.596875e+01
2.480000e-06	-1.752577e-02	1.601879e+01
2.490000e-06	-2.038498e-02	1.599981e+01
2.500000e-06	-2.079220e-02	1.598926e+01
2.510000e-06	-2.429014e-02	1.599628e+01
2.520000e-06	-2.230111e-02	1.598718e+01
2.530000e-06	-2.393074e-02	1.598533e+01
2.540000e-06	-2.393606e-02	1.598517e+01
2.550000e-06	-2.835155e-02	1.595560e+01
2.560000e-06	-2.973919e-02	1.588189e+01
2.570000e-06	-3.244474e-02	1.582939e+01
2.580000e-06	-3.419145e-02	1.580616e+01
2.590000e-06	-3.241762e-02	1.576455e+01
2.600000e-06	-3.660435e-02	1.566047e+01
2.610000e-06	-3.973618e-02	1.557829e+01
2.620000e-06	-4.440006e-02	1.551515e+01
2.630000e-06	-4.451700e-02	1.541196e+01
2.640000e-06	-4.883239e-02	1.540718e+01
2.650000e-06	-5.247740e-02	1.529245e+01
2.660000e-06	-5.654527e-02	1.520871e+01
2.670000e-06	-6.242586e-02	1.511207e+01
2.680000e-06	-6.912457e-02	1.497823e+01
2.690000e-06	-7.981071e-02	1.490152e+01
2.700000e-06	-8.829945e-02	1.474620e+01
2.710000e-06	-9.972621e-02	1.461844e+01
2.720000e-06	-1.109794e-01	1.448570e+01
2.730000e-06	-1.253322e-01	1.439883e+01
2.740000e-06	-1.421630e-01	1.422244e+01
2.750000e-06	-1.564150e-01	1.414552e+01
2.760000e-06	-1.703142e-01	1.394578e+01
2.770000e-06	-1.766610e-01	1.381671e+01
2.780000e-06	-1.843170e-01	1.367042e+01
2.790000e-06	-1.811550e-01	1.353157e+01
2.800000e-06	-1.792205e-01	1.330502e+01
2.810000e-06	-1.681519e-01	1.311622e+01
2.820000e-06	-1.590079e-01	1.295778e+01
2.830000e-06	-1.450290e-01	1.278934e+01
2.840000e-06	-1.319127e-01	1.260088e+01
2.850000e-06	-1.181205e-01	1.245046e+01
2.860000e-06	-1.052461e-01	1.220994e+01
2.870000e-06	-9.453812e-02	1.209246e+01
2.880000e-06	-8.430558e-02	1.182894e+01
2.890000e-06	-7.505942e-02	1.166949e+01
2.900000e-06	-6.389519e-02	1.137936e+01
2.910000e-06	-5.561336e-02	1.116876e+01
2.920000e-06	-4.917206e-02	1.092580e+01
2.930000e-06	-4.324353e-02	1.074670e+01
2.940000e-06	-3.953628e-02	1.050612e+01
2.950000e-06	-3.389936e-02	1.026364e+01
2.960000e-06	-2.993374e-02	1.002249e+01
2.970000e-06	-2.600633e-02	9.798410e+00
2.980000e-06	-2.354418e-02	9.567751e+00
2.990000e-06	-2.039128e-02	9.336251e+00
3.000000e-06	-1.883591e-02	9.094126e+00
3.010000e-06	-1.659726e-02	8.824016e+00
3.020000e-06	-1.600784e-02	8.568385e+00
3.030000e-06	-1.341167e-02	8.347303e+00
3.040000e-06	-1.142841e-02	8.083592e+00
3.050000e-06	-1.136969e-02	7.830035e+00
3.060000e-06	-1.043465e-02	7.578857e+00
3.070000e-06	-1.065280e-02	7.284643e+00
3.080000e-06	-9.172263e-03	6.999959e+00
3.090000e-06	-9.367135e-03	6.748277e+00
3.100000e-06	-7.313919e-03	6.485513e+00
3.110000e-06	-7.617462e-03	6.209430e+00
3.120000e-06	-7.565152e-03	5.916901e+00
3.130000e-06	-7.169713e-03	5.614642e+00
3.140000e-06	-6.752216e-03	5.318878e+00
3.150000e-06	-6.238618e-03	4.964014e+00
3.160000e-06	-6.409344e-03	4.675816e+00
3.170000e-06	-6.600271e-03	4.422085e+00
3.180000e-06	-5.940243e-03	4.127925e+00
3.190000e-06	-5.661259e-03	3.854161e+00
3.200000e-06	-6.900238e-03	3.571479e+00
3.210000e-06	-6.147529e-03	3.314743e+00
3.220000e-06	-5.106736e-03	2.968956e+00
3.230000e-06	-5.545710e-03	2.736871e+00
3.240000e-06	-5.067897e-03	2.370099e+00
3.250000e-06	-5.488934e-03	2.086697e+00
3.260000e-06	-5.968219e-03	1.842616e+00
3.270000e-06	-5.458807e-03	1.505845e+00
3.280000e-06	-5.051679e-03	1.202661e+00
3.290000e-06	-4.580192e-03	8.741929e-01
3.300000e-06	-4.651215e-03	5.615286e-01
3.310000e-06	-3.284347e-03	3.063208e-01
3.320000e-06	-9.499526e-04	1.163230e-02
3.330000e-06	9.419567e-03	-3.221305e-01
3.340000e-06	-4.704891e-03	-5.253108e-01
3.350000e-06	4.156476e-03	-8.489751e-01
3.360000e-06	-4.280061e-03	-1.124208e+00
3.370000e-06	2.740959e-03	-1.369872e+00
3.380000e-06	-2.499411e-03	-1.683083e+00
3.390000e-06	3.155583e-02	-1.955212e+00
3.400000e-06	9.583491e-02	-2.195791e+00
3.410000e-06	-3.062958e-02	-2.555885e+00
3.420000e-06	-5.839256e-02	-2.934564e+00
3.430000e-06	-6.588329e-03	-3.283006e+00
3.440000e-06	-3.016194e-02	-3.533637e+00
3.450000e-06	-7.213387e-02	-3.806792e+00
3.460000e-06	7.184316e-02	-3.958927e+00
3.470000e-06	8.607290e-02	-4.239324e+00
3.480000e-06	-1.406001e-01	-4.524183e+00
3.490000e-06	1.966002e-01	-4.772795e+00
3.500000e-06	-1.566205e-01	-5.092509e+00
3.510000e-06	7.949234e-02	-5.430528e+00
3.520000e-06	-1.295458e-02	-5.702558e+00
3.530000e-06	-7.449362e-02	-5.978293e+00
3.540000e-06	1.683138e-01	-6.221948e+00
3.550000e-06	-1.349440e-01	-6.564685e+00
3.560000e-06	9.079198e-02	-6.849300e+00
3.570000e-06	-6.843034e-02	-7.092562e+00
3.580000e-06	-1.895979e-02	-7.430374e+00
3.590000e-06	8.234795e-02	-7.702475e+00
3.600000e-06	-8.883253e-02	-7.986246e+00
3.610000e-06	1.635369e-01	-8.239428e+00
3.620000e-06	-1.472721e-01	-8.471928e+00
3.630000e-06	8.146256e-02	-8.754165e+00
3.640000e-06	-4.004348e-02	-9.026249e+00
3.650000e-06	1.035601e-02	-9.230483e+00
3.660000e-06	3.666969e-02	-9.472456e+00
3.670000e-06	-5.867222e-02	-9.744038e+00
3.680000e-06	8.925234e-02	-9.946618e+00
3.690000e-06	-7.871531e-02	-1.022820e+01
3.700000e-06	7.072188e-02	-1.041836e+01
3.710000e-06	-6.875604e-02	-1.065041e+01
3.720000e-06	6.015674e-02	-1.085103e+01
3.730000e-06	-2.367276e-02	-1.105093e+01
3.740000e-06	1.994767e-02	-1.131146e+01
3.750000e-06	3.921663e-03	-1.151314e+01
3.760000e-06	-9.419088e-03	-1.175720e+01
3.770000e-06	1.067332e-02	-1.197615e+01
3.780000e-06	-1.973177e-02	-1.221827e+01
3.790000e-06	3.913412e-02	-1.236674e+01
3.800000e-06	-1.202567e-02	-1.257610e+01
3.810000e-06	2.487372e-02	-1.278509e+01
3.820000e-06	-2.379562e-02	-1.295404e+01
3.830000e-06	2.075644e-02	-1.309246e+01
3.840000e-06	-1.251556e-02	-1.330993e+01
3.850000e-06	1.716124e-02	-1.343820e+01
3.860000e-06	-7.701162e-04	-1.357720e+01
3.870000e-06	1.521365e-02	-1.377817e+01
3.880000e-06	-2.075973e-03	-1.390346e+01
3.890000e-06	3.292263e-03	-1.411389e+01
3.900000e-06	6.823531e-03	-1.419823e+01
3.910000e-06	4.475305e-03	-1.435672e+01
3.920000e-06	6.487186e-03	-1.452183e+01
3.930000e-06	4.156615e-03	-1.461830e+01
3.940000e-06	1.121117e-02	-1.472714e+01
3.950000e-06	-6.562732e-04	-1.486986e+01
3.960000e-06	4.530153e-03	-1.495562e+01
3.970000e-06	3.485196e-03	-1.508983e+01
3.980000e-06	1.287778e-02	-1.518615e+01
3.990000e-06	9.568031e-03	-1.525033e+01
4.000000e-06	8.838215e-03	-1.535422e+01
4.010000e-06	3.838890e-03	-1.543786e+01
4.020000e-06	4.330781e-03	-1.548460e+01
4.030000e-06	7.208614e-03	-1.558723e+01
4.040000e-06	1.053880e-02	-1.563929e+01
4.050000e-06	9.837711e-03	-1.571400e+01
4.060000e-06	8.436367e-03	-1.577618e+01
4.070000e-06	8.256834e-03	-1.581876e+01
4.080000e-06	7.698530e-03	-1.587981e+01
4.090000e-06	8.833181e-03	-1.588194e+01
4.100000e-06	1.082480e-02	-1.592492e+01
4.110000e-06	1.151890e-02	-1.592618e+01
4.120000e-06	1.220836e-02	-1.596462e+01
4.130000e-06	1.266948e-02	-1.598618e+01
4.140000e-06	1.136797e-02	-1.598668e+01
4.150000e-06	1.090760e-02	-1.600620e+01
4.160000e-06	1.295356e-02	-1.598828e+01
4.170000e-06	1.891044e-02	-1.598725e+01
4.180000e-06	2.046663e-02	-1.597368e+01
4.190000e-06	1.887503e-02	-1.597410e+01
4.200000e-06	1.847219e-02	-1.587450e+01
4.210000e-06	2.046975e-02	-1.590342e+01
4.220000e-06	2.310499e-02	-1.581987e+01
4.230000e-06	2.472394e-02	-1.578771e+01
4.240000e-06	2.842620e-02	-1.576503e+01
4.250000e-06	2.999546e-02	-1.571344e+01
4.260000e-06	3.101722e-02	-1.562788e+01
4.270000e-06	3.233995e-02	-1.559770e+01
4.280000e-06	3.528018e-02	-1.548357e+01
4.290000e-06	3.864491e-02	-1.541936e+01
4.300000e-06	4.327095e-02	-1.535552e+01
4.310000e-06	4.704742e-02	-1.526044e+01
4.320000e-06	5.057139e-02	-1.514572e+01
4.330000e-06	5.567578e-02	-1.503287e+01
4.340000e-06	6.227354e-02	-1.496418e+01
4.350000e-06	7.169383e-02	-1.486194e+01
4.360000e-06	8.129470e-02	-1.476620e+01
4.370000e-06	9.420811e-02	-1.459934e+01
4.380000e-06	1.069792e-01	-1.449452e+01
4.390000e-06	1.205209e-01	-1.434676e+01
4.400000e-06	1.343860e-01	-1.419831e+01
4.410000e-06	1.492383e-01	-1.406294e+01
4.420000e-06	1.628350e-01	-1.393512e+01
4.430000e-06	1.717452e-01	-1.374620e+01
4.440000e-06	1.756813e-01	-1.359688e+01
4.450000e-06	1.752090e-01	-1.338896e+01
4.460000e-06	1.702677e-01	-1.326259e+01
4.470000e-06	1.610526e-01	-1.313622e+01
4.480000e-06	1.504768e-01	-1.294617e+01
4.490000e-06	1.373858e-01	-1.282678e+01
4.500000e-06	1.242137e-01	-1.258875e+01
4.510000e-06	1.104759e-01	-1.239738e+01
4.520000e-06	9.704494e-02	-1.220998e+01
4.530000e-06	8.662596e-02	-1.200091e+01
4.540000e-06	7.514380e-02	-1.182678e+01
4.550000e-06	6.567807e-02	-1.155575e+01
4.560000e-06	5.683690e-02	-1.130612e+01
4.570000e-06	4.956399e-02	-1.111404e+01
4.580000e-06	4.180207e-02	-1.079257e+01
4.590000e-06	3.497775e-02	-1.064159e+01
4.600000e-06	2.933286e-02	-1.048336e+01
4.610000e-06	2.473549e-02	-1.020938e+01
4.620000e-06	2.167854e-02	-9.968381e+00
4.630000e-06	1.913975e-02	-9.784405e+00
4.640000e-06	1.489562e-02	-9.526099e+00
4.650000e-06	1.199155e-02	-9.254668e+00
4.660000e-06	9.476129e-03	-9.020536e+00
4.670000e-06	7.744837e-03	-8.810934e+00
4.680000e-06	6.150403e-03	-8.547302e+00
4.690000e-06	4.596056e-03	-8.313614e+00
4.700000e-06	3.592183e-03	-8.050635e+00
4.710000e-06	1.718890e-03	-7.766880e+00
4.720000e-06	1.991015e-03	-7.481568e+00
4.730000e-06	-2.512972e-04	-7.211060e+00
4.740000e-06	9.276227e-04	-6.918271e+00
4.750000e-06	-1.119106e-03	-6.633640e+00
4.760000e-06	-2.589081e-04	-6.361508e+00
4.770000e-06	-2.890758e-03	-6.115269e+00
4.780000e-06	-4.614271e-04	-5.861559e+00
4.790000e-06	-2.427092e-03	-5.548381e+00
4.800000e-06	-2.144770e-03	-5.213182e+00
4.810000e-06	-3.958140e-03	-4.947850e+00
4.820000e-06	-1.781225e-03	-4.572531e+00
4.830000e-06	-2.957410e-03	-4.359397e+00
4.840000e-06	-2.255808e-03	-4.115735e+00
4.850000e-06	-5.052631e-03	-3.820457e+00
4.860000e-06	-4.582576e-03	-3.557346e+00
4.870000e-06	-5.217045e-03	-3.263659e+00
4.880000e-06	-2.367784e-03	-2.927951e+00
4.890000e-06	-3.595687e-03	-2.664162e+00
4.900000e-06	-4.659713e-03	-2.397897e+00
4.910000e-06	-5.713566e-03	-2.063640e+00
4.920000e-06	-4.619940e-03	-1.788051e+00
4.930000e-06	-3.342541e-03	-1.495267e+00
4.940000e-06	-3.927294e-03	-1.146850e+00
4.950000e-06	-5.747934e-03	-8.046541e-01
4.960000e-06	-5.144956e-03	-5.264231e-01
4.970000e-06	-3.606852e-03	-2.531840e-01
4.980000e-06	1.723366e-03	7.044239e-02
4.990000e-06	5.756235e-03	3.457209e-01
5.000000e-06	-6.543799e-03	6.178476e-01
5.010000e-06	4.137665e-03	8.400239e-01
5.020000e-06	-5.862005e-03	1.207894e+00
5.030000e-06	2.103427e-03	1.433082e+00
5.040000e-06	-5.895525e-03	1.797821e+00
5.050000e-06	1.756965e-02	2.001926e+00
5.060000e-06	5.808232e-02	2.263141e+00
5.070000e-06	4.978573e-02	2.649974e+00
5.080000e-06	-9.026231e-02	2.987866e+00
5.090000e-06	-1.299799e-02	3.231954e+00
5.100000e-06	-3.929310e-02	3.556240e+00
5.110000e-06	-6.023832e-03	3.788424e+00
5.120000e-06	-6.163115e-02	4.038049e+00
5.130000e-06	8.411604e-02	4.292507e+00
5.140000e-06	3.777589e-02	4.585824e+00
5.150000e-06	-1.316219e-01	4.862057e+00
5.160000e-06	1.731103e-01	5.168245e+00
5.170000e-06	-1.225668e-01	5.503067e+00
5.180000e-06	2.881572e-02	5.755220e+00
5.190000e-06	-9.857276e-03	6.042003e+00
5.200000e-06	-9.527385e-04	6.324187e+00
5.210000e-06	4.951546e-02	6.587246e+00
5.220000e-06	-6.591588e-02	6.924532e+00
5.230000e-06	2.653777e-02	7.165692e+00
5.240000e-06	-2.852650e-02	7.462957e+00
5.250000e-06	1.079682e-02	7.724717e+00
5.260000e-06	-8.130473e-03	8.098403e+00
5.270000e-06	-1.325962e-02	8.322166e+00
5.280000e-06	5.521178e-02	8.514140e+00
5.290000e-06	-5.556195e-02	8.766719e+00
5.300000e-06	1.501722e-02	9.039784e+00
5.310000e-06	-1.707870e-02	9.281534e+00
5.320000e-06	-6.580107e-03	9.522487e+00
5.330000e-06	6.676191e-03	9.726201e+00
5.340000e-06	-8.452480e-03	9.977299e+00
5.350000e-06	1.305907e-02	1.021828e+01
5.360000e-06	-3.235070e-02	1.045985e+01
5.370000e-06	5.218164e-03	1.070301e+01
5.380000e-06	-1.489662e-02	1.090204e+01
5.390000e-06	1.233036e-02	1.114257e+01
5.400000e-06	-1.103582e-02	1.139410e+01
5.410000e-06	-1.271611e-02	1.154612e+01
5.420000e-06	1.885447e-03	1.182675e+01
5.430000e-06	-8.429135e-03	1.198975e+01
5.440000e-06	-7.579941e-03	1.224776e+01
5.450000e-06	-1.489561e-02	1.237868e+01
5.460000e-06	7.886973e-03	1.258720e+01
5.470000e-06	-2.995054e-03	1.273625e+01
5.480000e-06	-1.021825e-02	1.295510e+01
5.490000e-06	-1.321262e-02	1.313459e+01
5.500000e-06	-7.981151e-03	1.329247e+01
5.510000e-06	-4.730319e-03	1.346144e+01
5.520000e-06	-9.954734e-03	1.359929e+01
5.530000e-06	-2.237257e-03	1.382625e+01
5.540000e-06	-8.489455e-03	1.396560e+01
5.550000e-06	-8.856014e-03	1.410099e+01
5.560000e-06	-1.105852e-02	1.429089e+01
5.570000e-06	-7.348975e-03	1.443770e+01
5.580000e-06	-7.371741e-03	1.451600e+01
5.590000e-06	-1.097111e-02	1.466192e+01
5.600000e-06	-6.080827e-03	1.480623e+01
5.610000e-06	-1.213381e-02	1.490304e+01
5.620000e-06	-1.266256e-02	1.499925e+01
5.630000e-06	-1.504507e-02	1.509194e+01
5.640000e-06	-7.869629e-03	1.520770e+01
5.650000e-06	-7.775748e-03	1.532284e+01
5.660000e-06	-1.130377e-02	1.535665e+01
5.670000e-06	-1.078232e-02	1.546031e+01
5.680000e-06	-1.332778e-02	1.553399e+01
5.690000e-06	-1.205538e-02	1.562676e+01
5.700000e-06	-1.605394e-02	1.566037e+01
5.710000e-06	-1.162020e-02	1.571349e+01
5.720000e-06	-1.501777e-02	1.580570e+01
5.730000e-06	-1.216453e-02	1.581981e+01
5.740000e-06	-1.620664e-02	1.588139e+01
5.750000e-06	-1.701708e-02	1.589509e+01
5.760000e-06	-1.459550e-02	1.596612e+01
5.770000e-06	-1.485487e-02	1.594768e+01
5.780000e-06	-1.422853e-02	1.597768e+01
5.790000e-06	-1.961329e-02	1.597771e+01
5.800000e-06	-1.726987e-02	1.599878e+01
5.810000e-06	-2.202419e-02	1.602025e+01
5.820000e-06	-2.159378e-02	1.602833e+01
5.830000e-06	-2.371667e-02	1.597720e+01
5.840000e-06	-2.178372e-02	1.597823e+01
5.850000e-06	-2.424127e-02	1.594672e+01
5.860000e-06	-2.752637e-02	1.589462e+01
5.870000e-06	-2.787729e-02	1.586407e+01
5.880000e-06	-3.041548e-02	1.582152e+01
5.890000e-06	-3.120825e-02	1.581886e+01
5.900000e-06	-3.485382e-02	1.572713e+01
5.910000e-06	-3.342510e-02	1.569505e+01
5.920000e-06	-3.758208e-02	1.566092e+01
5.930000e-06	-4.092467e-02	1.559623e+01
5.940000e-06	-4.369015e-02	1.549512e+01
5.950000e-06	-4.597837e-02	1.541983e+01
5.960000e-06	-4.856650e-02	1.535365e+01
5.970000e-06	-5.461090e-02	1.528184e+01
5.980000e-06	-5.824366e-02	1.516820e+01
5.990000e-06	-6.480769e-02	1.505989e+01
6.000000e-06	-7.239890e-02	1.494520e+01
6.010000e-06	-8.195698e-02	1.483092e+01
6.020000e-06	-9.350196e-02	1.468560e+01
6.030000e-06	-1.020466e-01	1.461829e+01
6.040000e-06	-1.174767e-01	1.448355e+01
6.050000e-06	-1.294280e-01	1.436675e+01
6.060000e-06	-1.487879e-01	1.416984e+01
6.070000e-06	-1.601176e-01	1.406294e+01
6.080000e-06	-1.743019e-01	1.389212e+01
6.090000e-06	-1.779460e-01	1.375516e+01
6.100000e-06	-1.837230e-01	1.358778e+01
6.110000e-06	-1.812353e-01	1.336986e+01
6.120000e-06	-1.757674e-01	1.323199e+01
6.130000e-06	-1.661031e-01	1.306112e+01
6.140000e-06	-1.538978e-01	1.292412e+01
6.150000e-06	-1.404931e-01	1.272565e+01
6.160000e-06	-1.266610e-01	1.253775e+01
6.170000e-06	-1.132615e-01	1.232675e+01
6.180000e-06	-1.018432e-01	1.218633e+01
6.190000e-06	-9.100113e-02	1.194735e+01
6.200000e-06	-8.090935e-02	1.173570e+01
6.210000e-06	-7.046980e-02	1.149525e+01
6.220000e-06	-6.143569e-02	1.130515e+01
6.230000e-06	-5.462663e-02	1.104357e+01
6.240000e-06	-4.744721e-02	1.087412e+01
6.250000e-06	-4.042091e-02	1.060204e+01
6.260000e-06	-3.840491e-02	1.042196e+01
6.270000e-06	-3.315028e-02	1.019991e+01
6.280000e-06	-2.922396e-02	9.978380e+00
6.290000e-06	-2.404398e-02	9.726205e+00
6.300000e-06	-2.282590e-02	9.433141e+00
6.310000e-06	-2.028232e-02	9.263492e+00
6.320000e-06	-1.935867e-02	8.971510e+00
6.330000e-06	-1.688450e-02	8.727301e+00
6.340000e-06	-1.330647e-02	8.515249e+00
6.350000e-06	-1.261730e-02	8.202023e+00
6.360000e-06	-1.099651e-02	7.980486e+00
6.370000e-06	-1.098593e-02	7.748275e+00
6.380000e-06	-1.102515e-02	7.442639e+00
6.390000e-06	-9.675288e-03	7.157455e+00
6.400000e-06	-8.686022e-03	6.895770e+00
6.410000e-06	-9.130356e-03	6.652090e+00
6.420000e-06	-8.240736e-03	6.326430e+00
6.430000e-06	-7.117411e-03	6.115795e+00
6.440000e-06	-7.204626e-03	5.812538e+00
6.450000e-06	-7.511937e-03	5.527379e+00
6.460000e-06	-6.862403e-03	5.225061e+00
6.470000e-06	-6.023027e-03	4.918421e+00
6.480000e-06	-6.050380e-03	4.610559e+00
6.490000e-06	-6.986541e-03	4.349752e+00
6.500000e-06	-6.420386e-03	4.021134e+00
6.510000e-06	-5.909531e-03	3.749929e+00
6.520000e-06	-6.289874e-03	3.504771e+00
6.530000e-06	-5.981027e-03	3.158629e+00
6.540000e-06	-4.898784e-03	2.895722e+00
6.550000e-06	-4.927431e-03	2.611610e+00
6.560000e-06	-5.178597e-03	2.245745e+00
6.570000e-06	-5.865461e-03	2.029585e+00
6.580000e-06	-5.770134e-03	1.758322e+00
6.590000e-06	-5.449353e-03	1.420636e+00
6.600000e-06	-3.965253e-03	1.094771e+00
6.610000e-06	-5.620516e-03	7.299097e-01
6.620000e-06	-3.397465e-03	4.637405e-01
6.630000e-06	-3.628841e-03	2.005064e-01
6.640000e-06	2.612849e-03	-7.370566e-02
6.650000e-06	9.014410e-03	-3.777873e-01
6.660000e-06	-4.190095e-03	-6.606253e-01
6.670000e-06	3.087194e-03	-9.257597e-01
6.680000e-06	-5.258308e-03	-1.209469e+00
6.690000e-06	1.991664e-03	-1.505135e+00
6.700000e-06	5.638017e-03	-1.789390e+00
6.710000e-06	4.766323e-02	-1.987919e+00
6.720000e-06	9.249197e-02	-2.323127e+00
6.730000e-06	-9.191533e-02	-2.693103e+00
6.740000e-06	-4.107077e-03	-3.091553e+00
6.750000e-06	-4.052124e-02	-3.408320e+00
6.760000e-06	-1.456716e-02	-3.609368e+00
6.770000e-06	-9.106618e-02	-3.871078e+00
6.780000e-06	1.733948e-01	-4.062578e+00
6.790000e-06	-6.564965e-02	-4.334236e+00
6.800000e-06	-5.505362e-03	-4.650923e+00
6.810000e-06	1.136618e-01	-4.902578e+00
6.820000e-06	-1.667259e-01	-5.259948e+00
6.830000e-06	1.594804e-01	-5.581116e+00
6.840000e-06	-1.360495e-01	-5.807300e+00
6.850000e-06	6.770149e-02	-6.073612e+00
6.860000e-06	6.749325e-02	-6.366690e+00
6.870000e-06	-1.125346e-01	-6.659953e+00
6.880000e-06	1.217380e-01	-6.973611e+00
6.890000e-06	-1.527663e-01	-7.219871e+00
6.900000e-06	1.046672e-01	-7.523588e+00
6.910000e-06	-4.130816e-02	-7.776742e+00
6.920000e-06	2.949401e-02	-8.094607e+00
6.930000e-06	7.764352e-02	-8.312137e+00
6.940000e-06	-1.295140e-01	-8.606248e+00
6.950000e-06	1.194615e-01	-8.848852e+00
6.960000e-06	-1.091223e-01	-9.072536e+00
6.970000e-06	9.471412e-02	-9.284633e+00
6.980000e-06	-5.909298e-02	-9.556195e+00
6.990000e-06	3.385758e-02	-9.799750e+00
7.000000e-06	1.674401e-02	-1.001927e+01
7.010000e-06	-3.077762e-02	-1.026341e+01
7.020000e-06	4.406627e-02	-1.051256e+01
7.030000e-06	-5.887334e-02	-1.073469e+01
7.040000e-06	7.339391e-02	-1.091311e+01
7.050000e-06	-5.337629e-02	-1.117606e+01
7.060000e-06	5.441130e-02	-1.139530e+01
7.070000e-06	-3.708319e-02	-1.158880e+01
7.080000e-06	2.673028e-02	-1.184938e+01
7.090000e-06	-2.328650e-02	-1.204943e+01
7.100000e-06	1.871209e-02	-1.224938e+01
7.110000e-06	1.228210e-02	-1.243831e+01
7.120000e-06	6.673394e-03	-1.263783e+01
7.130000e-06	6.021337e-03	-1.280776e+01
7.140000e-06	-1.000962e-02	-1.298628e+01
7.150000e-06	1.208706e-02	-1.315367e+01
7.160000e-06	-1.165764e-02	-1.331505e+01
7.170000e-06	1.776516e-02	-1.349144e+01
7.180000e-06	-6.107247e-04	-1.363096e+01
7.190000e-06	1.914083e-02	-1.380035e+01
7.200000e-06	-9.005992e-03	-1.397425e+01
7.210000e-06	1.163588e-02	-1.411354e+01
7.220000e-06	7.455922e-05	-1.429088e+01
7.230000e-06	1.147681e-02	-1.443938e+01
7.240000e-06	9.005044e-04	-1.454405e+01
7.250000e-06	1.036913e-02	-1.467096e+01
7.260000e-06	4.181513e-03	-1.478777e+01
7.270000e-06	1.585011e-03	-1.488342e+01
7.280000e-06	2.574086e-03	-1.498720e+01
7.290000e-06	6.716836e-03	-1.513199e+01
7.300000e-06	1.348782e-02	-1.515728e+01
7.310000e-06	9.535565e-03	-1.528249e+01
7.320000e-06	8.349024e-03	-1.539473e+01
7.330000e-06	3.324577e-03	-1.550186e+01
7.340000e-06	4.770590e-03	-1.553402e+01
7.350000e-06	6.292213e-03	-1.562623e+01
7.360000e-06	1.065818e-02	-1.567191e+01
7.370000e-06	9.063454e-03	-1.574362e+01
7.380000e-06	8.737666e-03	-1.575668e+01
7.390000e-06	7.957762e-03	-1.581936e+01
7.400000e-06	8.111751e-03	-1.591041e+01
7.410000e-06	9.776936e-03	-1.594396e+01
7.420000e-06	1.068329e-02	-1.594452e+01
7.430000e-06	1.122037e-02	-1.596812e+01
7.440000e-06	1.192016e-02	-1.599713e+01
7.450000e-06	1.296714e-02	-1.600818e+01
7.460000e-06	1.101642e-02	-1.603723e+01
7.470000e-06	1.195312e-02	-1.601880e+01
7.480000e-06	1.444839e-02	-1.599813e+01
7.490000e-06	1.852146e-02	-1.593756e+01
7.500000e-06	1.901938e-02	-1.598625e+01
7.510000e-06	1.963447e-02	-1.595455e+01
7.520000e-06	2.096327e-02	-1.591457e+01
7.530000e-06	1.996688e-02	-1.589289e+01
7.540000e-06	2.264840e-02	-1.580888e+01
7.550000e-06	2.676898e-02	-1.579770e+01
7.560000e-06	3.014206e-02	-1.577310e+01
7.570000e-06	2.977350e-02	-1.568186e+01
7.580000e-06	3.044877e-02	-1.561876e+01
7.590000e-06	3.378937e-02	-1.558622e+01
7.600000e-06	3.611596e-02	-1.548204e+01
7.610000e-06	3.911393e-02	-1.540875e+01
7.620000e-06	4.361522e-02	-1.531449e+01
7.630000e-06	4.902068e-02	-1.522739e+01
7.640000e-06	5.296148e-02	-1.516564e+01
7.650000e-06	5.833831e-02	-1.502874e+01
7.660000e-06	6.421291e-02	-1.491354e+01
7.670000e-06	7.464657e-02	-1.481988e+01
7.680000e-06	8.571031e-02	-1.470362e+01
7.690000e-06	9.883621e-02	-1.455713e+01
7.700000e-06	1.119859e-01	-1.446144e+01
7.710000e-06	1.258574e-01	-1.430300e+01
7.720000e-06	1.405327e-01	-1.416575e+01
7.730000e-06	1.532794e-01	-1.397836e+01
7.740000e-06	1.667155e-01	-1.387041e+01
7.750000e-06	1.734902e-01	-1.372152e+01
7.760000e-06	1.771790e-01	-1.355705e+01
7.770000e-06	1.731155e-01	-1.338625e+01
7.780000e-06	1.675219e-01	-1.321036e+01
7.790000e-06	1.574179e-01	-1.304049e+01
7.800000e-06	1.468411e-01	-1.287101e+01
7.810000e-06	1.329053e-01	-1.270355e+01
7.820000e-06	1.204260e-01	-1.253462e+01
7.830000e-06	1.054604e-01	-1.229570e+01
7.840000e-06	9.314976e-02	-1.215622e+01
7.850000e-06	8.123298e-02	-1.189572e+01
7.860000e-06	7.201371e-02	-1.171417e+01
7.870000e-06	6.233623e-02	-1.145462e+01
7.880000e-06	5.543003e-02	-1.123154e+01
7.890000e-06	4.638774e-02	-1.105048e+01
7.900000e-06	3.918753e-02	-1.083901e+01
7.910000e-06	3.358396e-02	-1.062836e+01
7.920000e-06	2.833225e-02	-1.038784e+01
7.930000e-06	2.364397e-02	-1.011532e+01
7.940000e-06	2.052475e-02	-9.873191e+00
7.950000e-06	1.694651e-02	-9.684164e+00
7.960000e-06	1.438001e-02	-9.430915e+00
7.970000e-06	1.136908e-02	-9.237855e+00
7.980000e-06	8.978084e-03	-8.967249e+00
7.990000e-06	6.594210e-03	-8.725765e+00
8.000000e-06	5.720287e-03	-8.451067e+00
8.010000e-06	4.242948e-03	-8.179959e+00
8.020000e-06	3.683086e-03	-7.945352e+00
8.030000e-06	1.076816e-03	-7.684615e+00
8.040000e-06	1.352417e-03	-7.379880e+00
8.050000e-06	2.237333e-04	-7.124293e+00
8.060000e-06	1.496848e-04	-6.832062e+00
8.070000e-06	-7.075620e-04	-6.568803e+00
8.080000e-06	-1.351509e-04	-6.294122e+00
8.090000e-06	-2.033950e-03	-6.010534e+00
8.100000e-06	-7.166157e-04	-5.729422e+00
8.110000e-06	-3.468122e-03	-5.421485e+00
8.120000e-06	-1.383668e-03	-5.115875e+00
8.130000e-06	-3.577032e-03	-4.810511e+00
8.140000e-06	-2.575131e-03	-4.515299e+00
8.150000e-06	-3.622851e-03	-4.263692e+00
8.160000e-06	-3.679348e-03	-4.000478e+00
8.170000e-06	-3.692986e-03	-3.736240e+00
8.180000e-06	-5.364134e-03	-3.402633e+00
8.190000e-06	-3.692589e-03	-3.127875e+00
8.200000e-06	-4.186511e-03	-2.850184e+00
8.210000e-06	-2.940008e-03	-2.557902e+00
8.220000e-06	-5.063657e-03	-2.244238e+00
8.230000e-06	-4.519121e-03	-1.957501e+00
8.240000e-06	-5.083504e-03	-1.686216e+00
8.250000e-06	-4.476334e-03	-1.337976e+00
8.260000e-06	-5.267520e-03	-1.042683e+00
8.270000e-06	-4.620053e-03	-6.884997e-01
8.280000e-06	-4.869896e-03	-4.226101e-01
8.290000e-06	-3.132709e-03	-1.580734e-01
8.300000e-06	4.761681e-03	1.657344e-01
8.310000e-06	-2.878127e-05	4.504240e-01
8.320000e-06	-1.416985e-03	6.836129e-01
8.330000e-06	-6.426610e-05	9.973171e-01
8.340000e-06	-3.153129e-03	1.283033e+00
8.350000e-06	-2.403700e-03	1.638371e+00
8.360000e-06	3.161909e-03	1.853188e+00
8.370000e-06	2.322065e-02	2.105187e+00
8.380000e-06	8.345813e-02	2.386920e+00
8.390000e-06	-1.753325e-02	2.765716e+00
8.400000e-06	-6.518488e-02	3.093036e+00
8.410000e-06	-2.174829e-02	3.386164e+00
8.420000e-06	-1.926999e-02	3.600500e+00
8.430000e-06	-3.842113e-02	3.882709e+00
8.440000e-06	-2.428098e-02	4.084540e+00
8.450000e-06	1.171361e-01	4.398316e+00
8.460000e-06	-6.389900e-02	4.711682e+00
8.470000e-06	-2.670250e-02	4.975222e+00
8.480000e-06	1.244503e-01	5.301579e+00
8.490000e-06	-1.524891e-01	5.601245e+00
8.500000e-06	8.839759e-02	5.881558e+00
8.510000e-06	-6.517161e-02	6.146296e+00
8.520000e-06	5.718239e-02	6.408845e+00
8.530000e-06	-1.887703e-03	6.723984e+00
8.540000e-06	-4.838919e-02	6.966819e+00
8.550000e-06	3.570297e-02	7.262003e+00
8.560000e-06	-5.311576e-02	7.607249e+00
8.570000e-06	4.552050e-02	7.809823e+00
8.580000e-06	-4.894727e-02	8.165065e+00
8.590000e-06	4.593984e-02	8.358275e+00
8.600000e-06	5.876301e-03	8.628350e+00
8.610000e-06	-4.578464e-02	8.879432e+00
8.620000e-06	2.405707e-02	9.132591e+00
8.630000e-06	-3.560025e-02	9.326218e+00
8.640000e-06	2.574788e-02	9.585699e+00
8.650000e-06	-2.581881e-02	9.859380e+00
8.660000e-06	2.252397e-02	1.008149e+01
8.670000e-06	-2.395213e-02	1.028254e+01
8.680000e-06	-2.826297e-03	1.056607e+01
8.690000e-06	-1.211052e-02	1.077623e+01
8.700000e-06	-1.986558e-03	1.095770e+01
8.710000e-06	6.462907e-03	1.116827e+01
8.720000e-06	-1.550969e-02	1.143083e+01
8.730000e-06	-7.771981e-05	1.163986e+01
8.740000e-06	-9.065504e-03	1.184039e+01
8.750000e-06	-8.982864e-04	1.207236e+01
8.760000e-06	-2.167162e-02	1.228194e+01
8.770000e-06	4.625297e-03	1.246939e+01
8.780000e-06	-1.499200e-03	1.262177e+01
8.790000e-06	-1.823150e-04	1.284031e+01
8.800000e-06	-1.828951e-02	1.299776e+01
8.810000e-06	-8.254925e-03	1.317775e+01
8.820000e-06	-6.319879e-03	1.336363e+01
8.830000e-06	-8.841049e-03	1.354409e+01
8.840000e-06	-6.156003e-03	1.366089e+01
8.850000e-06	-5.983978e-03	1.383876e+01
8.860000e-06	-2.971741e-03	1.402665e+01
8.870000e-06	-1.553675e-02	1.415758e+01
8.880000e-06	-6.138125e-03	1.435499e+01
8.890000e-06	-1.127136e-02	1.446036e+01
8.900000e-06	-6.091775e-03	1.460613e+01
8.910000e-06	-1.106610e-02	1.472345e+01
8.920000e-06	-6.738867e-03	1.483833e+01
8.930000e-06	-1.318273e-02	1.490307e+01
8.940000e-06	-1.707609e-02	1.497828e+01
8.950000e-06	-1.039761e-02	1.508549e+01
8.960000e-06	-9.416659e-03	1.520923e+01
8.970000e-06	-5.780103e-03	1.534212e+01
8.980000e-06	-1.220384e-02	1.538873e+01
8.990000e-06	-9.581926e-03	1.546339e+01
9.000000e-06	-1.445400e-02	1.552707e+01
9.010000e-06	-1.273012e-02	1.567831e+01
9.020000e-06	-1.316703e-02	1.571145e+01
9.030000e-06	-1.377366e-02	1.572358e+01
9.040000e-06	-1.270724e-02	1.575726e+01
9.050000e-06	-1.592038e-02	1.587046e+01
9.060000e-06	-1.411550e-02	1.587297e+01
9.070000e-06	-1.895879e-02	1.590557e+01
9.080000e-06	-1.345969e-02	1.593620e+01
9.090000e-06	-1.618098e-02	1.592875e+01
9.100000e-06	-1.491226e-02	1.597870e+01
9.110000e-06	-1.899551e-02	1.601871e+01
9.120000e-06	-1.934817e-02	1.598873e+01
9.130000e-06	-2.087358e-02	1.602923e+01
9.140000e-06	-2.293528e-02	1.601770e+01
9.150000e-06	-2.206827e-02	1.597931e+01
9.160000e-06	-2.379360e-02	1.597673e+01
9.170000e-06	-2.317264e-02	1.596517e+01
9.180000e-06	-2.791927e-02	1.591552e+01
9.190000e-06	-2.779877e-02	1.585407e+01
9.200000e-06	-3.121857e-02	1.581991e+01
9.210000e-06	-3.270785e-02	1.579821e+01
9.220000e-06	-3.395830e-02	1.574455e+01
9.230000e-06	-3.470974e-02	1.570192e+01
9.240000e-06	-3.799415e-02	1.563984e+01
9.250000e-06	-4.343519e-02	1.555523e+01
9.260000e-06	-4.368455e-02	1.547282e+01
9.270000e-06	-4.781065e-02	1.537973e+01
9.280000e-06	-4.950008e-02	1.531300e+01
9.290000e-06	-5.487190e-02	1.522981e+01
9.300000e-06	-6.047952e-02	1.516457e+01
9.310000e-06	-6.733902e-02	1.499884e+01
9.320000e-06	-7.758049e-02	1.492460e+01
9.330000e-06	-8.467725e-02	1.480826e+01
9.340000e-06	-9.690649e-02	1.463247e+01
9.350000e-06	-1.061362e-01	1.453618e+01
9.360000e-06	-1.224227e-01	1.447136e+01
9.370000e-06	-1.364584e-01	1.428510e+01
9.380000e-06	-1.538543e-01	1.417526e+01
9.390000e-06	-1.657924e-01	1.400781e+01
9.400000e-06	-1.758683e-01	1.386099e+01
9.410000e-06	-1.821736e-01	1.369157e+01
9.420000e-06	-1.829820e-01	1.355523e+01
9.430000e-06	-1.800026e-01	1.334680e+01
9.440000e-06	-1.719957e-01	1.320731e+01
9.450000e-06	-1.626089e-01	1.298937e+01
9.460000e-06	-1.495528e-01	1.285196e+01
9.470000e-06	-1.364591e-01	1.268056e+01
9.480000e-06	-1.216556e-01	1.248307e+01
9.490000e-06	-1.081213e-01	1.226505e+01
9.500000e-06	-9.769729e-02	1.210363e+01
9.510000e-06	-8.737612e-02	1.188362e+01
9.520000e-06	-7.874300e-02	1.168510e+01
9.530000e-06	-6.747743e-02	1.141207e+01
9.540000e-06	-5.889021e-02	1.122096e+01
9.550000e-06	-5.059342e-02	1.100944e+01
9.560000e-06	-4.613599e-02	1.081039e+01
9.570000e-06	-3.979702e-02	1.056783e+01
9.580000e-06	-3.681188e-02	1.042873e+01
9.590000e-06	-3.150296e-02	1.012675e+01
9.600000e-06	-2.691332e-02	9.872547e+00
9.610000e-06	-2.371246e-02	9.633642e+00
9.620000e-06	-2.116783e-02	9.378856e+00
9.630000e-06	-1.983528e-02	9.129831e+00
9.640000e-06	-1.779665e-02	8.925703e+00
9.650000e-06	-1.599025e-02	8.641539e+00
9.660000e-06	-1.362182e-02	8.452987e+00
9.670000e-06	-1.240027e-02	8.177830e+00
9.680000e-06	-1.105109e-02	7.896674e+00
9.690000e-06	-1.012729e-02	7.623694e+00
9.700000e-06	-1.050090e-02	7.346784e+00
9.710000e-06	-9.280449e-03	7.074193e+00
9.720000e-06	-1.079245e-02	6.812559e+00
9.730000e-06	-8.105366e-03	6.546857e+00
9.740000e-06	-7.094315e-03	6.274164e+00
9.750000e-06	-7.177379e-03	6.011510e+00
9.760000e-06	-7.604182e-03	5.707450e+00
9.770000e-06	-7.546061e-03	5.444564e+00
9.780000e-06	-6.568559e-03	5.155775e+00
9.790000e-06	-5.406286e-03	4.759530e+00
9.800000e-06	-6.429348e-03	4.536302e+00
9.810000e-06	-6.141084e-03	4.202565e+00
9.820000e-06	-6.203185e-03	3.916351e+00
9.830000e-06	-5.406424e-03	3.684189e+00
9.840000e-06	-6.035034e-03	3.381480e+00
9.850000e-06	-5.933687e-03	3.064738e+00
9.860000e-06	-6.077489e-03	2.820627e+00
9.870000e-06	-4.985445e-03	2.505817e+00
9.880000e-06	-4.916202e-03	2.191433e+00
9.890000e-06	-4.734999e-03	1.935347e+00
9.900000e-06	-5.290378e-03	1.641056e+00
9.910000e-06	-5.313738e-03	1.285820e+00
9.920000e-06	-4.888881e-03	9.391314e-01
9.930000e-06	-4.091177e-03	6.541379e-01
9.940000e-06	-3.553549e-03	3.685813e-01
9.950000e-06	-1.854778e-03	5.424420e-02
9.960000e-06	6.686289e-03	-2.183962e-01
9.970000e-06	6.943164e-04	-4.214989e-01
9.980000e-06	-4.623931e-04	-7.473371e-01
9.990000e-06	2.933690e-04	-1.008921e+00
1.000000e-05	-1.393804e-03	-1.384682e+00
1.001000e-05	-1.019571e-03	-1.620469e+00
1.002000e-05	1.886724e-02	-1.891553e+00
1.003000e-05	7.521993e-02	-2.061628e+00
1.004000e-05	3.811167e-02	-2.439272e+00
1.005000e-05	-9.919996e-02	-2.838921e+00
1.006000e-05	1.396568e-02	-3.218338e+00
1.007000e-05	-4.697004e-02	-3.462051e+00
1.008000e-05	-3.243027e-02	-3.681582e+00
1.009000e-05	-3.168734e-02	-3.914217e+00
1.010000e-05	1.854547e-01	-4.135240e+00
1.011000e-05	-1.799861e-01	-4.429470e+00
1.012000e-05	1.422339e-01	-4.724189e+00
1.013000e-05	-3.614978e-02	-4.958242e+00
1.014000e-05	-5.225458e-02	-5.356290e+00
1.015000e-05	1.088236e-01	-5.589346e+00
1.016000e-05	-1.575353e-01	-5.932136e+00
1.017000e-05	1.740783e-01	-6.148146e+00
1.018000e-05	-6.798030e-02	-6.480003e+00
1.019000e-05	-5.070593e-03	-6.755741e+00
1.020000e-05	4.258166e-02	-7.049348e+00
1.021000e-05	-1.219646e-01	-7.325237e+00
1.022000e-05	1.449619e-01	-7.588321e+00
1.023000e-05	-1.179749e-01	-7.902431e+00
1.024000e-05	1.424044e-01	-8.147237e+00
1.025000e-05	-6.569144e-02	-8.416795e+00
1.026000e-05	-1.876272e-02	-8.650453e+00
1.027000e-05	5.287864e-02	-8.914138e+00
1.028000e-05	-7.498675e-02	-9.147296e+00
1.029000e-05	1.013679e-01	-9.398249e+00
1.030000e-05	-9.880949e-02	-9.621377e+00
1.031000e-05	9.675913e-02	-9.871481e+00
1.032000e-05	-6.155669e-02	-1.010412e+01
1.033000e-05	4.283031e-02	-1.038557e+01
1.034000e-05	-2.617816e-02	-1.054720e+01
1.035000e-05	5.624564e-03	-1.081830e+01
1.036000e-05	2.852248e-02	-1.101830e+01
1.037000e-05	-2.612874e-02	-1.134886e+01
1.038000e-05	4.244766e-02	-1.149148e+01
1.039000e-05	-3.809218e-02	-1.170456e+01
1.040000e-05	3.328745e-02	-1.195396e+01
1.041000e-05	-3.740831e-02	-1.214409e+01
1.042000e-05	4.428029e-02	-1.229302e+01
1.043000e-05	-1.061815e-02	-1.252301e+01
1.044000e-05	2.464456e-02	-1.272101e+01
1.045000e-05	-1.860693e-02	-1.288134e+01
1.046000e-05	1.058279e-02	-1.306091e+01
1.047000e-05	-2.032883e-03	-1.320731e+01
1.048000e-05	5.568530e-03	-1.341725e+01
1.049000e-05	8.695735e-03	-1.354362e+01
1.050000e-05	6.535428e-03	-1.373354e+01
1.051000e-05	9.721491e-03	-1.388244e+01
1.052000e-05	-6.028518e-03	-1.405043e+01
1.053000e-05	1.268471e-02	-1.419763e+01
1.054000e-05	1.855789e-04	-1.435547e+01
1.055000e-05	1.064954e-02	-1.446138e+01
1.056000e-05	9.637621e-04	-1.458627e+01
1.057000e-05	1.439622e-02	-1.471356e+01
1.058000e-05	3.830498e-04	-1.480830e+01
1.059000e-05	2.544751e-03	-1.492620e+01
1.060000e-05	1.603922e-03	-1.504881e+01
1.061000e-05	9.796688e-03	-1.513609e+01
1.062000e-05	1.221551e-02	-1.524880e+01
1.063000e-05	9.132872e-03	-1.535352e+01
1.064000e-05	6.766966e-03	-1.540923e+01
1.065000e-05	3.152454e-03	-1.549392e+01
1.066000e-05	7.380289e-03	-1.554567e+01
1.067000e-05	8.726682e-03	-1.565786e+01
1.068000e-05	9.818290e-03	-1.566189e+01
1.069000e-05	7.142463e-03	-1.570410e+01
1.070000e-05	7.820494e-03	-1.581728e+01
1.071000e-05	8.279394e-03	-1.583936e+01
1.072000e-05	8.901376e-03	-1.590146e+01
1.073000e-05	1.112164e-02	-1.594200e+01
1.074000e-05	1.149007e-02	-1.598558e+01
1.075000e-05	1.213812e-02	-1.601825e+01
1.076000e-05	1.233787e-02	-1.596617e+01
1.077000e-05	1.242583e-02	-1.600520e+01
1.078000e-05	9.947129e-03	-1.603880e+01
1.079000e-05	1.201632e-02	-1.600673e+01
1.080000e-05	1.692205e-02	-1.599723e+01
1.081000e-05	1.998180e-02	-1.598721e+01
1.082000e-05	1.875731e-02	-1.599462e+01
1.083000e-05	1.879682e-02	-1.594557e+01
1.084000e-05	2.082080e-02	-1.593242e+01
1.085000e-05	2.198917e-02	-1.584137e+01
1.086000e-05	2.328665e-02	-1.578974e+01
1.087000e-05	2.653370e-02	-1.577466e+01
1.088000e-05	2.853530e-02	-1.574305e+01
1.089000e-05	3.049036e-02	-1.565094e+01
1.090000e-05	3.212493e-02	-1.561775e+01
1.091000e-05	3.412342e-02	-1.555407e+01
1.092000e-05	3.688772e-02	-1.542939e+01
1.093000e-05	4.103396e-02	-1.536718e+01
1.094000e-05	4.576720e-02	-1.529149e+01
1.095000e-05	5.107096e-02	-1.518771e+01
1.096000e-05	5.409558e-02	-1.508295e+01
1.097000e-05	5.986803e-02	-1.498768e+01
1.098000e-05	6.898126e-02	-1.485247e+01
1.099000e-05	7.850300e-02	-1.481720e+01
1.100000e-05	8.942539e-02	-1.464296e+01
1.101000e-05	1.027401e-01	-1.450317e+01
1.102000e-05	1.170083e-01	-1.443936e+01
1.103000e-05	1.303698e-01	-1.423141e+01
1.104000e-05	1.443410e-01	-1.406447e+01
1.105000e-05	1.589259e-01	-1.398778e+01
1.106000e-05	1.697476e-01	-1.379891e+01
1.107000e-05	1.752405e-01	-1.367049e+01
1.108000e-05	1.762799e-01	-1.346356e+01
1.109000e-05	1.712503e-01	-1.331414e+01
1.110000e-05	1.643859e-01	-1.314675e+01
1.111000e-05	1.539519e-01	-1.299941e+01
1.112000e-05	1.416720e-01	-1.281943e+01
1.113000e-05	1.296116e-01	-1.262139e+01
1.114000e-05	1.148166e-01	-1.250306e+01
1.115000e-05	1.023768e-01	-1.226051e+01
1.116000e-05	8.892091e-02	-1.208359e+01
1.117000e-05	7.808768e-02	-1.183144e+01
1.118000e-05	6.846280e-02	-1.165291e+01
1.119000e-05	5.960225e-02	-1.135818e+01
1.120000e-05	5.155820e-02	-1.114678e+01
1.121000e-05	4.357656e-02	-1.091625e+01
1.122000e-05	3.742355e-02	-1.074625e+01
1.123000e-05	3.131750e-02	-1.055623e+01
1.124000e-05	2.692294e-02	-1.032457e+01
1.125000e-05	2.365505e-02	-1.006409e+01
1.126000e-05	1.988950e-02	-9.811934e+00
1.127000e-05	1.509723e-02	-9.589904e+00
1.128000e-05	1.374468e-02	-9.378326e+00
1.129000e-05	9.962448e-03	-9.124267e+00
1.130000e-05	7.860755e-03	-8.904068e+00
1.131000e-05	5.601977e-03	-8.631512e+00
1.132000e-05	5.977854e-03	-8.367899e+00
1.133000e-05	4.243935e-03	-8.086247e+00
1.134000e-05	3.082176e-03	-7.823010e+00
1.135000e-05	2.080441e-03	-7.538326e+00
1.136000e-05	3.199943e-04	-7.304770e+00
1.137000e-05	-3.815359e-04	-6.990933e+00
1.138000e-05	-4.509734e-04	-6.726847e+00
1.139000e-05	-6.247807e-04	-6.484217e+00
1.140000e-05	-7.427210e-04	-6.192959e+00
1.141000e-05	-2.680843e-03	-5.926771e+00
1.142000e-05	-1.833296e-03	-5.671091e+00
1.143000e-05	-3.297667e-03	-5.347828e+00
1.144000e-05	-1.898184e-03	-5.042134e+00
1.145000e-05	-1.905175e-03	-4.704792e+00
1.146000e-05	-2.659983e-03	-4.412711e+00
1.147000e-05	-3.438156e-03	-4.159554e+00
1.148000e-05	-4.818618e-03	-3.875243e+00
1.149000e-05	-4.799352e-03	-3.612053e+00
1.150000e-05	-5.872455e-03	-3.327778e+00
1.151000e-05	-3.456842e-03	-3.043034e+00
1.152000e-05	-3.857503e-03	-2.727319e+00
1.153000e-05	-3.279061e-03	-2.435111e+00
1.154000e-05	-4.648955e-03	-2.177426e+00
1.155000e-05	-4.074771e-03	-1.864760e+00
1.156000e-05	-4.448166e-03	-1.579049e+00
1.157000e-05	-5.275405e-03	-1.283660e+00
1.158000e-05	-6.454991e-03	-9.352947e-01
1.159000e-05	-4.320787e-03	-6.131339e-01
1.160000e-05	-4.328305e-03	-3.373946e-01
1.161000e-05	-2.316755e-03	-3.518395e-02
1.162000e-05	7.290184e-03	2.700788e-01
1.163000e-05	-5.106904e-03	5.238108e-01
1.164000e-05	4.157987e-03	7.658222e-01
1.165000e-05	-4.334496e-03	1.072682e+00
1.166000e-05	1.295748e-03	1.348337e+00
1.167000e-05	-7.101838e-03	1.710161e+00
1.168000e-05	1.355928e-02	1.946844e+00
1.169000e-05	3.505042e-02	2.239370e+00
1.170000e-05	8.583835e-02	2.514483e+00
1.171000e-05	-7.932382e-02	2.873558e+00
1.172000e-05	-2.655491e-02	3.196319e+00
1.173000e-05	-3.827598e-02	3.466008e+00
1.174000e-05	1.831248e-03	3.734711e+00
1.175000e-05	-6.705857e-02	3.957317e+00
1.176000e-05	3.360674e-02	4.167723e+00
1.177000e-05	1.006831e-01	4.482007e+00
1.178000e-05	-1.401635e-01	4.795270e+00
1.179000e-05	1.082274e-01	5.032034e+00
1.180000e-05	-1.253797e-02	5.417350e+00
1.181000e-05	-7.242778e-02	5.661534e+00
1.182000e-05	5.558879e-02	5.987794e+00
1.183000e-05	-5.387351e-02	6.222379e+00
1.184000e-05	7.684507e-02	6.543057e+00
1.185000e-05	-4.648033e-02	6.816774e+00
1.186000e-05	-9.987305e-03	7.131960e+00
1.187000e-05	7.543027e-03	7.396217e+00
1.188000e-05	-3.003941e-02	7.689458e+00
1.189000e-05	3.808606e-02	7.914066e+00
1.190000e-05	-5.177256e-02	8.258904e+00
1.191000e-05	7.089369e-02	8.449981e+00
1.192000e-05	-4.350649e-02	8.732542e+00
1.193000e-05	-1.327929e-02	8.926666e+00
1.194000e-05	1.047896e-02	9.198428e+00
1.195000e-05	-2.951884e-02	9.440333e+00
1.196000e-05	2.903593e-02	9.673408e+00
1.197000e-05	-3.312794e-02	9.952463e+00
1.198000e-05	3.251447e-02	1.018367e+01
1.199000e-05	-4.150925e-02	1.042725e+01
1.200000e-05	1.307513e-02	1.063840e+01
1.201000e-05	-2.288900e-02	1.086941e+01
1.202000e-05	1.059580e-02	1.105984e+01
1.203000e-05	-3.200212e-03	1.126996e+01
1.204000e-05	-1.575125e-02	1.152301e+01
1.205000e-05	3.422952e-03	1.175410e+01
1.206000e-05	-1.382228e-02	1.197417e+01
1.207000e-05	8.994360e-04	1.213462e+01
1.208000e-05	-2.294655e-02	1.234554e+01
1.209000e-05	1.260256e-02	1.252409e+01
1.210000e-05	-6.541037e-03	1.270352e+01
1.211000e-05	-3.719719e-03	1.285196e+01
1.212000e-05	-1.724178e-02	1.307144e+01
1.213000e-05	-8.121720e-03	1.325821e+01
1.214000e-05	-4.739580e-03	1.340873e+01
1.215000e-05	-1.207572e-02	1.362613e+01
1.216000e-05	-1.525372e-03	1.373463e+01
1.217000e-05	-9.719798e-03	1.391247e+01
1.218000e-05	-3.933076e-03	1.405981e+01
1.219000e-05	-1.749202e-02	1.422821e+01
1.220000e-05	-4.624647e-03	1.441565e+01
1.221000e-05	-1.068918e-02	1.451505e+01
1.222000e-05	-7.719640e-03	1.460971e+01
1.223000e-05	-8.104359e-03	1.473512e+01
1.224000e-05	-1.047627e-02	1.486151e+01
1.225000e-05	-1.261363e-02	1.496517e+01
1.226000e-05	-1.783777e-02	1.502089e+01
1.227000e-05	-6.703447e-03	1.514670e+01
1.228000e-05	-9.801629e-03	1.523831e+01
1.229000e-05	-6.404730e-03	1.532457e+01
1.230000e-05	-1.279237e-02	1.544929e+01
1.231000e-05	-1.050888e-02	1.549399e+01
1.232000e-05	-1.408429e-02	1.555663e+01
1.233000e-05	-1.535795e-02	1.568981e+01
1.234000e-05	-1.176346e-02	1.573302e+01
1.235000e-05	-1.458322e-02	1.579663e+01
1.236000e-05	-1.018220e-02	1.581881e+01
1.237000e-05	-1.659373e-02	1.585299e+01
1.238000e-05	-1.585193e-02	1.588099e+01
1.239000e-05	-1.695059e-02	1.590615e+01
1.240000e-05	-1.311506e-02	1.593568e+01
1.241000e-05	-1.437267e-02	1.599823e+01
1.242000e-05	-1.834747e-02	1.597673e+01
1.243000e-05	-1.765025e-02	1.599823e+01
1.244000e-05	-2.025165e-02	1.603681e+01
1.245000e-05	-2.071946e-02	1.598728e+01
1.246000e-05	-2.447820e-02	1.597773e+01
1.247000e-05	-2.196155e-02	1.599673e+01
1.248000e-05	-2.395808e-02	1.597718e+01
1.249000e-05	-2.486703e-02	1.593568e+01
1.250000e-05	-2.730270e-02	1.590214e+01
1.251000e-05	-3.024296e-02	1.584149e+01
1.252000e-05	-3.200324e-02	1.582986e+01
1.253000e-05	-3.452347e-02	1.576671e+01
1.254000e-05	-3.235102e-02	1.569355e+01
1.255000e-05	-3.763582e-02	1.568044e+01
1.256000e-05	-3.974118e-02	1.562825e+01
1.257000e-05	-4.441639e-02	1.551607e+01
1.258000e-05	-4.429684e-02	1.547087e+01
1.259000e-05	-4.854445e-02	1.540465e+01
1.260000e-05	-5.135781e-02	1.527142e+01
1.261000e-05	-5.631835e-02	1.519623e+01
1.262000e-05	-6.301706e-02	1.509402e+01
1.263000e-05	-7.007009e-02	1.496868e+01
1.264000e-05	-7.937591e-02	1.490245e+01
1.265000e-05	-8.812076e-02	1.477567e+01
1.266000e-05	-1.006369e-01	1.464089e+01
1.267000e-05	-1.116068e-01	1.450305e+01
1.268000e-05	-1.258730e-01	1.439826e+01
1.269000e-05	-1.431167e-01	1.424096e+01
1.270000e-05	-1.571366e-01	1.410305e+01
1.271000e-05	-1.712539e-01	1.393375e+01
1.272000e-05	-1.774559e-01	1.380873e+01
1.273000e-05	-1.841015e-01	1.362986e+01
1.274000e-05	-1.809781e-01	1.344144e+01
1.275000e-05	-1.794779e-01	1.329653e+01
1.276000e-05	-1.681452e-01	1.310420e+01
1.277000e-05	-1.587223e-01	1.294573e+01
1.278000e-05	-1.436119e-01	1.274833e+01
1.279000e-05	-1.317744e-01	1.256876e+01
1.280000e-05	-1.179978e-01	1.243046e+01
1.281000e-05	-1.067383e-01	1.221194e+01
1.282000e-05	-9.434709e-02	1.208244e+01
1.283000e-05	-8.360631e-02	1.181936e+01
1.284000e-05	-7.395305e-02	1.158781e+01
1.285000e-05	-6.369394e-02	1.135881e+01
1.286000e-05	-5.683459e-02	1.117725e+01
1.287000e-05	-4.985075e-02	1.093575e+01
1.288000e-05	-4.303738e-02	1.073530e+01
1.289000e-05	-3.843810e-02	1.052470e+01
1.290000e-05	-3.334773e-02	1.026401e+01
1.291000e-05	-3.033363e-02	1.003146e+01
1.292000e-05	-2.579093e-02	9.807808e+00
1.293000e-05	-2.295403e-02	9.545852e+00
1.294000e-05	-2.131230e-02	9.317296e+00
1.295000e-05	-1.852822e-02	9.043119e+00
1.296000e-05	-1.734469e-02	8.840038e+00
1.297000e-05	-1.428153e-02	8.578883e+00
1.298000e-05	-1.262924e-02	8.348204e+00
1.299000e-05	-1.132943e-02	8.103148e+00
1.300000e-05	-1.146250e-02	7.820458e+00
1.301000e-05	-1.074752e-02	7.496783e+00
1.302000e-05	-1.020041e-02	7.242042e+00
1.303000e-05	-8.501864e-03	7.000008e+00
1.304000e-05	-9.996359e-03	6.709350e+00
1.305000e-05	-7.928238e-03	6.441087e+00
1.306000e-05	-7.061676e-03	6.158856e+00
1.307000e-05	-6.939349e-03	5.908226e+00
1.308000e-05	-7.475242e-03	5.631467e+00
1.309000e-05	-7.113775e-03	5.366877e+00
1.310000e-05	-6.362538e-03	5.032040e+00
1.311000e-05	-6.482540e-03	4.724693e+00
1.312000e-05	-6.283588e-03	4.391633e+00
1.313000e-05	-5.695856e-03	4.168827e+00
1.314000e-05	-5.896826e-03	3.822684e+00
1.315000e-05	-5.694876e-03	3.558979e+00
1.316000e-05	-5.396742e-03	3.293189e+00
1.317000e-05	-5.387548e-03	2.991031e+00
1.318000e-05	-5.007761e-03	2.706797e+00
1.319000e-05	-4.845722e-03	2.370479e+00
1.320000e-05	-5.972152e-03	2.116817e+00
1.321000e-05	-5.227609e-03	1.833110e+00
1.322000e-05	-4.698509e-03	1.516270e+00
1.323000e-05	-4.236905e-03	1.219608e+00
1.324000e-05	-4.863245e-03	8.941392e-01
1.325000e-05	-3.474524e-03	5.300048e-01
1.326000e-05	-3.361713e-03	3.058418e-01
1.327000e-05	-2.381996e-04	-4.102264e-02
1.328000e-05	8.694831e-03	-2.826831e-01
1.329000e-05	-5.048904e-03	-5.948631e-01
1.330000e-05	4.745012e-03	-8.310241e-01
1.331000e-05	-4.642043e-03	-1.115706e+00
1.332000e-05	3.217307e-03	-1.469548e+00
1.333000e-05	-2.075432e-03	-1.695607e+00
1.334000e-05	3.315002e-02	-1.956212e+00
1.335000e-05	9.894687e-02	-2.176837e+00
1.336000e-05	-4.066049e-02	-2.595815e+00
1.337000e-05	-5.275322e-02	-2.925515e+00
1.338000e-05	-1.223381e-02	-3.294176e+00
1.339000e-05	-2.795521e-02	-3.535235e+00
1.340000e-05	-7.818968e-02	-3.825296e+00
1.341000e-05	8.648596e-02	-3.996971e+00
1.342000e-05	6.900299e-02	-4.209524e+00
1.343000e-05	-1.339208e-01	-4.555170e+00
1.344000e-05	1.985384e-01	-4.799319e+00
1.345000e-05	-1.687946e-01	-5.123060e+00
1.346000e-05	9.696315e-02	-5.458907e+00
1.347000e-05	-3.389909e-02	-5.732587e+00
1.348000e-05	-5.859940e-02	-6.007319e+00
1.349000e-05	1.634912e-01	-6.268928e+00
1.350000e-05	-1.402483e-01	-6.577667e+00
1.351000e-05	1.019976e-01	-6.842080e+00
1.352000e-05	-8.398447e-02	-7.184586e+00
1.353000e-05	-2.233015e-03	-7.470351e+00
1.354000e-05	7.087330e-02	-7.692458e+00
1.355000e-05	-8.100879e-02	-7.966746e+00
1.356000e-05	1.622201e-01	-8.270804e+00
1.357000e-05	-1.548797e-01	-8.483561e+00
1.358000e-05	9.251239e-02	-8.787164e+00
1.359000e-05	-5.457269e-02	-8.979774e+00
1.360000e-05	2.327277e-02	-9.281476e+00
1.361000e-05	2.569656e-02	-9.474982e+00
1.362000e-05	-4.932487e-02	-9.765141e+00
1.363000e-05	8.629602e-02	-9.973667e+00
1.364000e-05	-7.871847e-02	-1.021772e+01
1.365000e-05	7.042711e-02	-1.048933e+01
1.366000e-05	-7.377892e-02	-1.068143e+01
1.367000e-05	6.705535e-02	-1.092095e+01
1.368000e-05	-2.896563e-02	-1.109186e+01
1.369000e-05	2.698025e-02	-1.132209e+01
1.370000e-05	-4.023973e-03	-1.153401e+01
1.371000e-05	-5.118336e-03	-1.177672e+01
1.372000e-05	6.329089e-03	-1.196523e+01
1.373000e-05	-1.501127e-02	-1.223728e+01
1.374000e-05	3.708762e-02	-1.234667e+01
1.375000e-05	-1.034340e-02	-1.259662e+01
1.376000e-05	2.352674e-02	-1.277569e+01
1.377000e-05	-2.334621e-02	-1.294364e+01
1.378000e-05	2.070498e-02	-1.312949e+01
1.379000e-05	-1.424292e-02	-1.327041e+01
1.380000e-05	1.915720e-02	-1.343838e+01
1.381000e-05	-4.685746e-04	-1.359823e+01
1.382000e-05	1.634139e-02	-1.375607e+01
1.383000e-05	-4.226264e-03	-1.391407e+01
1.384000e-05	5.045924e-03	-1.412149e+01
1.385000e-05	5.927690e-03	-1.422831e+01
1.386000e-05	5.497759e-03	-1.441467e+01
1.387000e-05	5.964589e-03	-1.453249e+01
1.388000e-05	7.245588e-03	-1.462926e+01
1.389000e-05	1.140293e-02	-1.478517e+01
1.390000e-05	-1.201058e-03	-1.490136e+01
1.391000e-05	2.629092e-03	-1.497620e+01
1.392000e-05	3.985975e-03	-1.510089e+01
1.393000e-05	1.332400e-02	-1.514623e+01
1.394000e-05	1.065419e-02	-1.527086e+01
1.395000e-05	8.500534e-03	-1.535465e+01
1.396000e-05	4.158734e-03	-1.545978e+01
1.397000e-05	3.131709e-03	-1.552409e+01
1.398000e-05	7.498359e-03	-1.559767e+01
1.399000e-05	1.061990e-02	-1.566984e+01
1.400000e-05	9.259429e-03	-1.570342e+01
1.401000e-05	8.408948e-03	-1.575513e+01
1.402000e-05	8.259465e-03	-1.582681e+01
1.403000e-05	7.731510e-03	-1.585029e+01
1.404000e-05	8.730875e-03	-1.592247e+01
1.405000e-05	1.051756e-02	-1.592550e+01
1.406000e-05	1.239925e-02	-1.595612e+01
1.407000e-05	1.207227e-02	-1.598512e+01
1.408000e-05	1.297394e-02	-1.599665e+01
1.409000e-05	1.062148e-02	-1.601731e+01
1.410000e-05	1.122727e-02	-1.599725e+01
1.411000e-05	1.264268e-02	-1.599725e+01
1.412000e-05	1.822861e-02	-1.598868e+01
1.413000e-05	1.957081e-02	-1.597555e+01
1.414000e-05	1.992589e-02	-1.595512e+01
1.415000e-05	1.912592e-02	-1.594505e+01
1.416000e-05	1.970502e-02	-1.588244e+01
1.417000e-05	2.240351e-02	-1.585186e+01
1.418000e-05	2.554418e-02	-1.579821e+01
1.419000e-05	2.893002e-02	-1.575563e+01
1.420000e-05	3.018061e-02	-1.569297e+01
1.421000e-05	3.032359e-02	-1.564934e+01
1.422000e-05	3.223853e-02	-1.554978e+01
1.423000e-05	3.492149e-02	-1.553464e+01
1.424000e-05	3.829309e-02	-1.543978e+01
1.425000e-05	4.267409e-02	-1.534457e+01
1.426000e-05	4.807762e-02	-1.525141e+01
1.427000e-05	5.206840e-02	-1.516670e+01
1.428000e-05	5.670857e-02	-1.506189e+01
1.429000e-05	6.289534e-02	-1.497362e+01
1.430000e-05	7.140834e-02	-1.488298e+01
1.431000e-05	8.222689e-02	-1.472617e+01
1.432000e-05	9.406971e-02	-1.459984e+01
1.433000e-05	1.078959e-01	-1.451252e+01
1.434000e-05	1.216464e-01	-1.434628e+01
1.435000e-05	1.357569e-01	-1.424931e+01
1.436000e-05	1.503302e-01	-1.406092e+01
1.437000e-05	1.631309e-01	-1.396360e+01
1.438000e-05	1.723758e-01	-1.376815e+01
1.439000e-05	1.771671e-01	-1.364033e+01
1.440000e-05	1.757532e-01	-1.338881e+01
1.441000e-05	1.694871e-01	-1.328251e+01
1.442000e-05	1.600013e-01	-1.309514e+01
1.443000e-05	1.498560e-01	-1.293625e+01
1.444000e-05	1.373813e-01	-1.275580e+01
1.445000e-05	1.242592e-01	-1.257675e+01
1.446000e-05	1.105039e-01	-1.240981e+01
1.447000e-05	9.753429e-02	-1.222043e+01
1.448000e-05	8.446103e-02	-1.203086e+01
1.449000e-05	7.440027e-02	-1.178778e+01
1.450000e-05	6.538153e-02	-1.158768e+01
1.451000e-05	5.725462e-02	-1.126554e+01
1.452000e-05	4.924588e-02	-1.109404e+01
1.453000e-05	4.115336e-02	-1.084212e+01
1.454000e-05	3.459258e-02	-1.066402e+01
1.455000e-05	2.973378e-02	-1.045199e+01
1.456000e-05	2.582280e-02	-1.020986e+01
1.457000e-05	2.226955e-02	-9.936928e+00
1.458000e-05	1.826810e-02	-9.727302e+00
1.459000e-05	1.476522e-02	-9.516195e+00
1.460000e-05	1.187523e-02	-9.304139e+00
1.461000e-05	9.336090e-03	-9.051961e+00
1.462000e-05	7.793299e-03	-8.798431e+00
1.463000e-05	6.986489e-03	-8.558752e+00
1.464000e-05	5.173315e-03	-8.263189e+00
1.465000e-05	4.229466e-03	-8.042514e+00
1.466000e-05	2.045182e-03	-7.748779e+00
1.467000e-05	8.307805e-04	-7.433518e+00
1.468000e-05	3.268080e-04	-7.181954e+00
1.469000e-05	9.609121e-04	-6.907246e+00
1.470000e-05	-1.224442e-03	-6.642635e+00
1.471000e-05	4.706355e-05	-6.390455e+00
1.472000e-05	-2.329243e-03	-6.105818e+00
1.473000e-05	-1.125616e-03	-5.851583e+00
1.474000e-05	-4.124369e-03	-5.537827e+00
1.475000e-05	-2.164590e-03	-5.223556e+00
1.476000e-05	-2.924460e-03	-4.916773e+00
1.477000e-05	-4.081408e-03	-4.569480e+00
1.478000e-05	-1.974717e-03	-4.347424e+00
1.479000e-05	-6.560060e-03	-4.106690e+00
1.480000e-05	-1.247555e-03	-3.740526e+00
1.481000e-05	-6.132053e-03	-3.505315e+00
1.482000e-05	-3.261451e-03	-3.252632e+00
1.483000e-05	-3.968733e-03	-2.927396e+00
1.484000e-05	-4.651543e-03	-2.642557e+00
1.485000e-05	-4.891177e-03	-2.290027e+00
1.486000e-05	-5.862836e-03	-2.044184e+00
1.487000e-05	-4.426287e-03	-1.781431e+00
1.488000e-05	-3.815379e-03	-1.474858e+00
1.489000e-05	-5.334665e-03	-1.097293e+00
1.490000e-05	-5.117464e-03	-8.517091e-01
1.491000e-05	-5.237464e-03	-5.188721e-01
1.492000e-05	-3.779139e-03	-2.337115e-01
1.493000e-05	1.069294e-03	2.007289e-02
1.494000e-05	6.256875e-03	3.467909e-01
1.495000e-05	-5.371605e-03	5.884215e-01
1.496000e-05	3.993547e-03	8.815853e-01
1.497000e-05	-6.648697e-03	1.218373e+00
1.498000e-05	2.182021e-04	1.492035e+00
1.499000e-05	-5.281255e-03	1.810975e+00
1.500000e-05	2.023777e-02	2.000526e+00
1.501000e-05	6.052982e-02	2.311612e+00
1.502000e-05	4.580403e-02	2.650578e+00
1.503000e-05	-9.259252e-02	2.978820e+00
1.504000e-05	-1.125005e-02	3.264039e+00
1.505000e-05	-3.852800e-02	3.595644e+00
1.506000e-05	-6.984999e-03	3.868425e+00
1.507000e-05	-6.165717e-02	4.059456e+00
1.508000e-05	8.874583e-02	4.291031e+00
1.509000e-05	2.768403e-02	4.606845e+00
1.510000e-05	-1.272701e-01	4.833034e+00
1.511000e-05	1.762173e-01	5.183818e+00
1.512000e-05	-1.373248e-01	5.512113e+00
1.513000e-05	4.665014e-02	5.827726e+00
1.514000e-05	-1.908526e-02	6.051485e+00
1.515000e-05	5.357457e-03	6.324190e+00
1.516000e-05	4.324590e-02	6.618379e+00
1.517000e-05	-6.605168e-02	6.902536e+00
1.518000e-05	3.121163e-02	7.155642e+00
1.519000e-05	-3.896875e-02	7.502534e+00
1.520000e-05	1.474998e-02	7.764744e+00
1.521000e-05	-1.092110e-02	8.049979e+00
1.522000e-05	-2.650733e-03	8.333086e+00
1.523000e-05	5.181997e-02	8.524191e+00
1.524000e-05	-5.877394e-02	8.785170e+00
1.525000e-05	1.784888e-02	9.072355e+00
1.526000e-05	-1.963596e-02	9.291007e+00
1.527000e-05	-1.233562e-03	9.532540e+00
1.528000e-05	1.603871e-03	9.745220e+00
1.529000e-05	-7.431512e-03	9.996830e+00
1.530000e-05	7.985840e-03	1.026931e+01
1.531000e-05	-2.628594e-02	1.043141e+01
1.532000e-05	5.344463e-03	1.071396e+01
1.533000e-05	-1.519977e-02	1.091312e+01
1.534000e-05	1.093375e-02	1.113454e+01
1.535000e-05	-1.022467e-02	1.132307e+01
1.536000e-05	-9.714162e-03	1.159527e+01
1.537000e-05	-7.888569e-04	1.179831e+01
1.538000e-05	-9.505368e-03	1.197133e+01
1.539000e-05	-1.028254e-02	1.222925e+01
1.540000e-05	-1.171544e-02	1.240723e+01
1.541000e-05	6.833612e-03	1.259873e+01
1.542000e-05	-2.670784e-03	1.275712e+01
1.543000e-05	-1.115962e-02	1.295712e+01
1.544000e-05	-1.225147e-02	1.313402e+01
1.545000e-05	-8.799095e-03	1.333297e+01
1.546000e-05	-5.820146e-03	1.346191e+01
1.547000e-05	-1.089290e-02	1.365880e+01
1.548000e-05	-3.369744e-03	1.381810e+01
1.549000e-05	-7.454287e-03	1.396452e+01
1.550000e-05	-9.642021e-03	1.408454e+01
1.551000e-05	-1.002983e-02	1.428134e+01
1.552000e-05	-7.899470e-03	1.442971e+01
1.553000e-05	-8.049802e-03	1.457750e+01
1.554000e-05	-1.091341e-02	1.465234e+01
1.555000e-05	-5.757855e-03	1.478778e+01
1.556000e-05	-1.236142e-02	1.490249e+01
1.557000e-05	-1.354019e-02	1.500768e+01
1.558000e-05	-1.473436e-02	1.512246e+01
1.559000e-05	-8.139717e-03	1.516973e+01
1.560000e-05	-7.444333e-03	1.528189e+01
1.561000e-05	-1.039918e-02	1.538668e+01
1.562000e-05	-1.081811e-02	1.547831e+01
1.563000e-05	-1.399803e-02	1.555449e+01
1.564000e-05	-1.098439e-02	1.560873e+01
1.565000e-05	-1.482021e-02	1.566934e+01
1.566000e-05	-1.343513e-02	1.573507e+01
1.567000e-05	-1.546534e-02	1.579568e+01
1.568000e-05	-1.141643e-02	1.581079e+01
1.569000e-05	-1.489179e-02	1.591097e+01
1.570000e-05	-1.785693e-02	1.592259e+01
1.571000e-05	-1.445162e-02	1.594517e+01
1.572000e-05	-1.410836e-02	1.596670e+01
1.573000e-05	-1.307962e-02	1.596778e+01
1.574000e-05	-1.899937e-02	1.597673e+01
1.575000e-05	-1.667777e-02	1.600881e+01
1.576000e-05	-2.123290e-02	1.596831e+01
1.577000e-05	-2.225560e-02	1.597525e+01
1.578000e-05	-2.287370e-02	1.598921e+01
1.579000e-05	-2.225835e-02	1.599768e+01
1.580000e-05	-2.402365e-02	1.596565e+01
1.581000e-05	-2.853374e-02	1.593415e+01
1.582000e-05	-2.700266e-02	1.587210e+01
1.583000e-05	-2.922078e-02	1.583239e+01
1.584000e-05	-3.108574e-02	1.580734e+01
1.585000e-05	-3.539151e-02	1.574466e+01
1.586000e-05	-3.396736e-02	1.570247e+01
1.587000e-05	-3.806785e-02	1.565984e+01
1.588000e-05	-4.115043e-02	1.558571e+01
1.589000e-05	-4.313404e-02	1.549402e+01
1.590000e-05	-4.640502e-02	1.543976e+01
1.591000e-05	-4.882537e-02	1.532408e+01
1.592000e-05	-5.407397e-02	1.524036e+01
1.593000e-05	-5.813646e-02	1.516568e+01
1.594000e-05	-6.594947e-02	1.503991e+01
1.595000e-05	-7.443625e-02	1.494615e+01
1.596000e-05	-8.247436e-02	1.481936e+01
1.597000e-05	-9.348796e-02	1.469407e+01
1.598000e-05	-1.022488e-01	1.459831e+01
1.599000e-05	-1.191134e-01	1.447202e+01
1.600000e-05	-1.317306e-01	1.435475e+01
1.601000e-05	-1.496115e-01	1.419776e+01
1.602000e-05	-1.602533e-01	1.405197e+01
1.603000e-05	-1.743468e-01	1.384250e+01
1.604000e-05	-1.796266e-01	1.376615e+01
1.605000e-05	-1.841567e-01	1.355781e+01
1.606000e-05	-1.806320e-01	1.337836e+01
1.607000e-05	-1.754761e-01	1.326994e+01
1.608000e-05	-1.659304e-01	1.306252e+01
1.609000e-05	-1.530171e-01	1.288409e+01
1.610000e-05	-1.399768e-01	1.266422e+01
1.611000e-05	-1.265657e-01	1.251523e+01
1.612000e-05	-1.138387e-01	1.233878e+01
1.613000e-05	-1.009816e-01	1.214628e+01
1.614000e-05	-9.076632e-02	1.195783e+01
1.615000e-05	-8.029178e-02	1.175785e+01
1.616000e-05	-7.070192e-02	1.149425e+01
1.617000e-05	-6.123120e-02	1.131517e+01
1.618000e-05	-5.429332e-02	1.103262e+01
1.619000e-05	-4.779087e-02	1.088417e+01
1.620000e-05	-4.092593e-02	1.060156e+01
1.621000e-05	-3.681519e-02	1.042201e+01
1.622000e-05	-3.201167e-02	1.013993e+01
1.623000e-05	-2.802488e-02	9.967732e+00
1.624000e-05	-2.466795e-02	9.726223e+00
1.625000e-05	-2.215594e-02	9.485539e+00
1.626000e-05	-2.040444e-02	9.262064e+00
1.627000e-05	-1.816484e-02	8.989860e+00
1.628000e-05	-1.665592e-02	8.715854e+00
1.629000e-05	-1.489161e-02	8.495797e+00
1.630000e-05	-1.252806e-02	8.244093e+00
1.631000e-05	-1.100401e-02	7.928859e+00
1.632000e-05	-1.066720e-02	7.718272e+00
1.633000e-05	-9.847308e-03	7.452518e+00
1.634000e-05	-9.851052e-03	7.147883e+00
1.635000e-05	-9.848060e-03	6.915697e+00
1.636000e-05	-8.805813e-03	6.613593e+00
1.637000e-05	-7.014237e-03	6.366377e+00
1.638000e-05	-6.104902e-03	6.095767e+00
1.639000e-05	-7.804173e-03	5.791439e+00
1.640000e-05	-7.389962e-03	5.506277e+00
1.641000e-05	-7.322890e-03	5.222138e+00
1.642000e-05	-6.050445e-03	4.935149e+00
1.643000e-05	-5.627428e-03	4.570506e+00
1.644000e-05	-5.898584e-03	4.298923e+00
1.645000e-05	-4.345327e-03	4.024040e+00
1.646000e-05	-8.768366e-03	3.725872e+00
1.647000e-05	-4.275848e-03	3.514192e+00
1.648000e-05	-7.895161e-03	3.196879e+00
1.649000e-05	-1.745397e-03	2.885742e+00
1.650000e-05	-6.096250e-03	2.581509e+00
1.651000e-05	-3.370100e-03	2.274691e+00
1.652000e-05	-5.973259e-03	2.032080e+00
1.653000e-05	-6.909722e-03	1.696353e+00
1.654000e-05	-5.956645e-03	1.370661e+00
1.655000e-05	-6.063045e-03	1.035794e+00
1.656000e-05	-3.052301e-03	7.688760e-01
1.657000e-05	-3.272888e-03	4.652881e-01
1.658000e-05	-2.221756e-03	1.410361e-01
1.659000e-05	3.434984e-03	-1.441345e-01
1.660000e-05	8.120907e-03	-3.589123e-01
1.661000e-05	-5.647657e-03	-6.039805e-01
1.662000e-05	3.189626e-03	-9.663110e-01
1.663000e-05	-5.777706e-03	-1.219899e+00
1.664000e-05	3.082026e-03	-1.564182e+00
1.665000e-05	5.455292e-03	-1.758919e+00
1.666000e-05	5.085319e-02	-2.000470e+00
1.667000e-05	9.003554e-02	-2.333683e+00
1.668000e-05	-9.772483e-02	-2.725604e+00
1.669000e-05	7.293887e-04	-3.100029e+00
1.670000e-05	-4.505914e-02	-3.379874e+00
1.671000e-05	-1.190296e-02	-3.608395e+00
1.672000e-05	-9.280763e-02	-3.921933e+00
1.673000e-05	1.849280e-01	-4.083604e+00
1.674000e-05	-8.812606e-02	-4.365208e+00
1.675000e-05	1.369026e-02	-4.639974e+00
1.676000e-05	1.051314e-01	-4.891561e+00
1.677000e-05	-1.604218e-01	-5.229397e+00
1.678000e-05	1.590336e-01	-5.553188e+00
1.679000e-05	-1.530417e-01	-5.827348e+00
1.680000e-05	8.535894e-02	-6.093559e+00
1.681000e-05	5.480201e-02	-6.395740e+00
1.682000e-05	-1.025868e-01	-6.711458e+00
1.683000e-05	1.195346e-01	-6.934061e+00
1.684000e-05	-1.590780e-01	-7.249373e+00
1.685000e-05	1.171784e-01	-7.524062e+00
1.686000e-05	-5.481708e-02	-7.837721e+00
1.687000e-05	4.429723e-02	-8.123533e+00
1.688000e-05	6.242071e-02	-8.311586e+00
1.689000e-05	-1.221899e-01	-8.587852e+00
1.690000e-05	1.184585e-01	-8.868358e+00
1.691000e-05	-1.093405e-01	-9.123511e+00
1.692000e-05	1.024875e-01	-9.355188e+00
1.693000e-05	-6.931284e-02	-9.605673e+00
1.694000e-05	4.321902e-02	-9.798774e+00
1.695000e-05	7.183199e-03	-1.000888e+01
1.696000e-05	-2.153006e-02	-1.030200e+01
1.697000e-05	3.540751e-02	-1.053306e+01
1.698000e-05	-5.502837e-02	-1.071514e+01
1.699000e-05	7.029064e-02	-1.093612e+01
1.700000e-05	-5.036896e-02	-1.119609e+01
1.701000e-05	5.818748e-02	-1.141715e+01
1.702000e-05	-3.905846e-02	-1.161875e+01
1.703000e-05	2.846344e-02	-1.184088e+01
1.704000e-05	-2.792456e-02	-1.207088e+01
1.705000e-05	2.340348e-02	-1.231098e+01
1.706000e-05	8.436128e-03	-1.241880e+01
1.707000e-05	8.514020e-03	-1.263938e+01
1.708000e-05	2.647367e-03	-1.281980e+01
1.709000e-05	-6.501696e-03	-1.300573e+01
1.710000e-05	1.226624e-02	-1.314662e+01
1.711000e-05	-8.630688e-03	-1.332465e+01
1.712000e-05	1.737585e-02	-1.352999e+01
1.713000e-05	-1.292211e-03	-1.367026e+01
1.714000e-05	1.673513e-02	-1.383828e+01
1.715000e-05	-8.328456e-03	-1.397867e+01
1.716000e-05	1.167795e-02	-1.414310e+01
1.717000e-05	-3.463764e-04	-1.426184e+01
1.718000e-05	1.091570e-02	-1.441930e+01
1.719000e-05	2.405608e-04	-1.457407e+01
1.720000e-05	1.491521e-02	-1.464054e+01
1.721000e-05	5.036827e-03	-1.476725e+01
1.722000e-05	1.489466e-03	-1.491354e+01
1.723000e-05	9.725260e-04	-1.497826e+01
1.724000e-05	5.828371e-03	-1.513394e+01
1.725000e-05	1.191197e-02	-1.517720e+01
1.726000e-05	8.793879e-03	-1.532147e+01
1.727000e-05	7.854160e-03	-1.537567e+01
1.728000e-05	4.456401e-03	-1.546946e+01
1.729000e-05	6.667282e-03	-1.554609e+01
1.730000e-05	9.498352e-03	-1.560823e+01
1.731000e-05	9.541538e-03	-1.568086e+01
1.732000e-05	8.722012e-03	-1.573505e+01
1.733000e-05	6.513006e-03	-1.574568e+01
1.734000e-05	7.494977e-03	-1.582876e+01
1.735000e-05	7.701728e-03	-1.587084e+01
1.736000e-05	1.046120e-02	-1.590302e+01
1.737000e-05	1.131477e-02	-1.594507e+01
1.738000e-05	1.318805e-02	-1.598515e+01
1.739000e-05	1.244085e-02	-1.599628e+01
1.740000e-05	1.298286e-02	-1.599725e+01
1.741000e-05	1.084620e-02	-1.599868e+01
1.742000e-05	1.161387e-02	-1.602873e+01
1.743000e-05	1.375897e-02	-1.599876e+01
1.744000e-05	1.804163e-02	-1.595673e+01
1.745000e-05	1.859881e-02	-1.593660e+01
1.746000e-05	1.927149e-02	-1.595560e+01
1.747000e-05	2.127694e-02	-1.591302e+01
1.748000e-05	2.135187e-02	-1.587389e+01
1.749000e-05	2.384164e-02	-1.585079e+01
1.750000e-05	2.587106e-02	-1.575663e+01
1.751000e-05	2.881421e-02	-1.576360e+01
1.752000e-05	2.898079e-02	-1.570187e+01
1.753000e-05	3.104263e-02	-1.561038e+01
1.754000e-05	3.393211e-02	-1.551630e+01
1.755000e-05	3.561934e-02	-1.544194e+01
1.756000e-05	4.004448e-02	-1.538823e+01
1.757000e-05	4.508516e-02	-1.532297e+01
1.758000e-05	4.943512e-02	-1.519991e+01
1.759000e-05	5.296239e-02	-1.510407e+01
1.760000e-05	5.758284e-02	-1.501878e+01
1.761000e-05	6.660131e-02	-1.492499e+01
1.762000e-05	7.602252e-02	-1.480034e+01
1.763000e-05	8.611394e-02	-1.467414e+01
1.764000e-05	9.794946e-02	-1.456910e+01
1.765000e-05	1.120840e-01	-1.449036e+01
1.766000e-05	1.272480e-01	-1.429397e+01
1.767000e-05	1.420080e-01	-1.419520e+01
1.768000e-05	1.553393e-01	-1.401781e+01
1.769000e-05	1.661499e-01	-1.382244e+01
1.770000e-05	1.741675e-01	-1.373400e+01
1.771000e-05	1.772922e-01	-1.352515e+01
1.772000e-05	1.738334e-01	-1.333523e+01
1.773000e-05	1.665164e-01	-1.323076e+01
1.774000e-05	1.574650e-01	-1.303094e+01
1.775000e-05	1.464566e-01	-1.290304e+01
1.776000e-05	1.327299e-01	-1.265462e+01
1.777000e-05	1.187457e-01	-1.253464e+01
1.778000e-05	1.056824e-01	-1.234527e+01
1.779000e-05	9.300101e-02	-1.213557e+01
1.780000e-05	8.213965e-02	-1.190574e+01
1.781000e-05	7.086786e-02	-1.171564e+01
1.782000e-05	6.133534e-02	-1.147099e+01
1.783000e-05	5.370229e-02	-1.123991e+01
1.784000e-05	4.649773e-02	-1.099928e+01
1.785000e-05	3.970738e-02	-1.082041e+01
1.786000e-05	3.280047e-02	-1.056993e+01
1.787000e-05	2.860231e-02	-1.034883e+01
1.788000e-05	2.452176e-02	-1.011567e+01
1.789000e-05	2.032096e-02	-9.854244e+00
1.790000e-05	1.626344e-02	-9.674166e+00
1.791000e-05	1.204975e-02	-9.421459e+00
1.792000e-05	1.080915e-02	-9.177406e+00
1.793000e-05	1.006932e-02	-8.925800e+00
1.794000e-05	5.641540e-03	-8.727272e+00
1.795000e-05	6.717137e-03	-8.411583e+00
1.796000e-05	4.014401e-03	-8.190426e+00
1.797000e-05	3.830389e-03	-7.937294e+00
1.798000e-05	2.916872e-03	-7.671614e+00
1.799000e-05	-9.904066e-04	-7.368328e+00
1.800000e-05	6.776082e-04	-7.095168e+00
1.801000e-05	-2.751682e-03	-6.819985e+00
1.802000e-05	1.866880e-04	-6.557454e+00
1.803000e-05	-6.496071e-04	-6.293168e+00
1.804000e-05	-1.906703e-03	-6.029005e+00
1.805000e-05	-5.154971e-04	-5.696298e+00
1.806000e-05	-1.944937e-03	-5.412539e+00
1.807000e-05	-2.183541e-03	-5.133297e+00
1.808000e-05	-4.504974e-03	-4.790933e+00
1.809000e-05	-3.448637e-03	-4.485223e+00
1.810000e-05	-3.930478e-03	-4.294684e+00
1.811000e-05	-4.776247e-03	-4.011503e+00
1.812000e-05	-4.161172e-03	-3.704662e+00
1.813000e-05	-4.735591e-03	-3.432558e+00
1.814000e-05	-2.299531e-03	-3.166825e+00
1.815000e-05	-4.292197e-03	-2.791558e+00
1.816000e-05	-3.679947e-03	-2.547850e+00
1.817000e-05	-5.557680e-03	-2.266160e+00
1.818000e-05	-4.323579e-03	-1.937395e+00
1.819000e-05	-5.338404e-03	-1.675213e+00
1.820000e-05	-4.989748e-03	-1.329025e+00
1.821000e-05	-6.885074e-03	-1.001134e+00
1.822000e-05	-4.816437e-03	-7.258959e-01
1.823000e-05	-4.129447e-03	-4.025050e-01
1.824000e-05	-2.653173e-03	-1.075234e-01
1.825000e-05	5.823411e-03	1.747899e-01
1.826000e-05	-3.996062e-04	4.825227e-01
1.827000e-05	-5.636176e-04	7.131608e-01
1.828000e-05	-4.910446e-04	9.878674e-01
1.829000e-05	-2.330374e-03	1.313133e+00
1.830000e-05	-3.367727e-03	1.610869e+00
1.831000e-05	4.734112e-03	1.892609e+00
1.832000e-05	2.439715e-02	2.134157e+00
1.833000e-05	8.746713e-02	2.437491e+00
1.834000e-05	-2.832547e-02	2.805792e+00
1.835000e-05	-5.973198e-02	3.081962e+00
1.836000e-05	-2.248998e-02	3.366761e+00
1.837000e-05	-1.342164e-02	3.670582e+00
1.838000e-05	-4.388966e-02	3.904158e+00
1.839000e-05	-1.812697e-02	4.094138e+00
1.840000e-05	1.164911e-01	4.377874e+00
1.841000e-05	-7.639159e-02	4.683140e+00
1.842000e-05	-8.865400e-03	4.996199e+00
1.843000e-05	1.170332e-01	5.293562e+00
1.844000e-05	-1.511729e-01	5.617419e+00
1.845000e-05	9.116154e-02	5.912511e+00
1.846000e-05	-6.823456e-02	6.188369e+00
1.847000e-05	6.418347e-02	6.409348e+00
1.848000e-05	-9.209274e-03	6.733966e+00
1.849000e-05	-4.736128e-02	6.970345e+00
1.850000e-05	3.439065e-02	7.271008e+00
1.851000e-05	-5.222912e-02	7.615717e+00
1.852000e-05	4.966104e-02	7.849477e+00
1.853000e-05	-5.519713e-02	8.176589e+00
1.854000e-05	5.110716e-02	8.365319e+00
1.855000e-05	-3.995224e-04	8.638280e+00
1.856000e-05	-4.095397e-02	8.870482e+00
1.857000e-05	2.404500e-02	9.123564e+00
1.858000e-05	-3.906297e-02	9.368772e+00
1.859000e-05	2.766998e-02	9.587699e+00
1.860000e-05	-2.887931e-02	9.859833e+00
1.861000e-05	2.679976e-02	1.010349e+01
1.862000e-05	-2.723932e-02	1.030247e+01
1.863000e-05	2.899605e-04	1.058557e+01
1.864000e-05	-1.469048e-02	1.075515e+01
1.865000e-05	-7.106133e-05	1.097775e+01
1.866000e-05	4.232235e-03	1.118665e+01
1.867000e-05	-1.699009e-02	1.145791e+01
1.868000e-05	7.174076e-04	1.168146e+01
1.869000e-05	-1.009271e-02	1.187149e+01
1.870000e-05	1.080594e-03	1.212204e+01
1.871000e-05	-2.290601e-02	1.229038e+01
1.872000e-05	5.825838e-03	1.246049e+01
1.873000e-05	-3.642265e-03	1.265089e+01
1.874000e-05	-2.633209e-04	1.284886e+01
1.875000e-05	-1.916210e-02	1.305880e+01
1.876000e-05	-8.558850e-03	1.318670e+01
1.877000e-05	-7.211161e-03	1.336612e+01
1.878000e-05	-9.076903e-03	1.351404e+01
1.879000e-05	-4.230135e-03	1.369242e+01
1.880000e-05	-6.802300e-03	1.385889e+01
1.881000e-05	-3.460880e-03	1.400783e+01
1.882000e-05	-1.706310e-02	1.415768e+01
1.883000e-05	-5.121301e-03	1.432399e+01
1.884000e-05	-1.128371e-02	1.448086e+01
1.885000e-05	-6.221038e-03	1.457770e+01
1.886000e-05	-1.105120e-02	1.475205e+01
1.887000e-05	-6.745711e-03	1.481928e+01
1.888000e-05	-1.185991e-02	1.494607e+01
1.889000e-05	-1.606201e-02	1.504986e+01
1.890000e-05	-9.921113e-03	1.513510e+01
1.891000e-05	-1.046877e-02	1.525081e+01
1.892000e-05	-6.149097e-03	1.531400e+01
1.893000e-05	-1.271515e-02	1.542769e+01
1.894000e-05	-8.266347e-03	1.547295e+01
1.895000e-05	-1.416907e-02	1.558760e+01
1.896000e-05	-1.314533e-02	1.563923e+01
1.897000e-05	-1.381263e-02	1.572152e+01
1.898000e-05	-1.341910e-02	1.571505e+01
1.899000e-05	-1.226779e-02	1.579728e+01
1.900000e-05	-1.475856e-02	1.584137e+01
1.901000e-05	-1.474311e-02	1.590299e+01
1.902000e-05	-1.855556e-02	1.592409e+01
1.903000e-05	-1.265173e-02	1.594660e+01
1.904000e-05	-1.513797e-02	1.597816e+01
1.905000e-05	-1.546031e-02	1.600675e+01
1.906000e-05	-1.883489e-02	1.602773e+01
1.907000e-05	-1.836498e-02	1.603873e+01
1.908000e-05	-2.076811e-02	1.601928e+01
1.909000e-05	-2.316098e-02	1.599921e+01
1.910000e-05	-2.133213e-02	1.597675e+01
1.911000e-05	-2.345370e-02	1.598523e+01
1.912000e-05	-2.318091e-02	1.597710e+01
1.913000e-05	-2.783571e-02	1.594259e+01
1.914000e-05	-2.865213e-02	1.591347e+01
1.915000e-05	-3.129946e-02	1.583039e+01
1.916000e-05	-3.245862e-02	1.577071e+01
1.917000e-05	-3.289775e-02	1.575608e+01
1.918000e-05	-3.556113e-02	1.570300e+01
1.919000e-05	-3.788936e-02	1.560934e+01
1.920000e-05	-4.314900e-02	1.555668e+01
1.921000e-05	-4.410932e-02	1.549194e+01
1.922000e-05	-4.809173e-02	1.538721e+01
1.923000e-05	-5.040196e-02	1.529445e+01
1.924000e-05	-5.592624e-02	1.524929e+01
1.925000e-05	-6.100958e-02	1.510255e+01
1.926000e-05	-6.752674e-02	1.495984e+01
1.927000e-05	-7.761920e-02	1.491297e+01
1.928000e-05	-8.406554e-02	1.479881e+01
1.929000e-05	-9.761018e-02	1.469497e+01
1.930000e-05	-1.071797e-01	1.457631e+01
1.931000e-05	-1.240950e-01	1.445089e+01
1.932000e-05	-1.381656e-01	1.430352e+01
1.933000e-05	-1.551994e-01	1.414568e+01
1.934000e-05	-1.660760e-01	1.399881e+01
1.935000e-05	-1.765958e-01	1.383181e+01
1.936000e-05	-1.826415e-01	1.368199e+01
1.937000e-05	-1.827964e-01	1.349408e+01
1.938000e-05	-1.799399e-01	1.333771e+01
1.939000e-05	-1.721440e-01	1.319881e+01
1.940000e-05	-1.629777e-01	1.297946e+01
1.941000e-05	-1.481177e-01	1.285091e+01
1.942000e-05	-1.354838e-01	1.268152e+01
1.943000e-05	-1.216600e-01	1.250409e+01
1.944000e-05	-1.092891e-01	1.227265e+01
1.945000e-05	-9.708315e-02	1.210454e+01
1.946000e-05	-8.717331e-02	1.188112e+01
1.947000e-05	-7.670014e-02	1.168307e+01
1.948000e-05	-6.677476e-02	1.143147e+01
1.949000e-05	-5.792074e-02	1.122051e+01
1.950000e-05	-5.181683e-02	1.098188e+01
1.951000e-05	-4.477756e-02	1.081981e+01
1.952000e-05	-3.888622e-02	1.054681e+01
1.953000e-05	-3.563794e-02	1.035773e+01
1.954000e-05	-3.142135e-02	1.013472e+01
1.955000e-05	-2.696102e-02	9.873601e+00
1.956000e-05	-2.317743e-02	9.630509e+00
1.957000e-05	-2.227221e-02	9.389455e+00
1.958000e-05	-1.980273e-02	9.176301e+00
1.959000e-05	-1.655002e-02	8.946152e+00
1.960000e-05	-1.462850e-02	8.662543e+00
1.961000e-05	-1.348792e-02	8.441062e+00
1.962000e-05	-1.208648e-02	8.167779e+00
1.963000e-05	-1.203729e-02	7.895119e+00
1.964000e-05	-1.093551e-02	7.650440e+00
1.965000e-05	-1.009048e-02	7.389326e+00
1.966000e-05	-8.449374e-03	7.053639e+00
1.967000e-05	-8.793391e-03	6.832057e+00
1.968000e-05	-7.879115e-03	6.535247e+00
1.969000e-05	-8.452584e-03	6.252617e+00
1.970000e-05	-6.960694e-03	6.021956e+00
1.971000e-05	-7.183023e-03	5.746723e+00
1.972000e-05	-6.949581e-03	5.441587e+00
1.973000e-05	-6.735115e-03	5.088253e+00
1.974000e-05	-5.904588e-03	4.789358e+00
1.975000e-05	-5.753094e-03	4.493794e+00
1.976000e-05	-6.517278e-03	4.223689e+00
1.977000e-05	-5.315243e-03	3.898348e+00
1.978000e-05	-5.885948e-03	3.604634e+00
1.979000e-05	-5.759763e-03	3.338906e+00
1.980000e-05	-6.034463e-03	3.054193e+00
1.981000e-05	-4.757244e-03	2.780577e+00
1.982000e-05	-5.039697e-03	2.435292e+00
1.983000e-05	-5.478902e-03	2.181055e+00
1.984000e-05	-5.033190e-03	1.895847e+00
1.985000e-05	-5.456444e-03	1.558605e+00
1.986000e-05	-4.449303e-03	1.296668e+00
1.987000e-05	-5.033618e-03	9.614048e-01
1.988000e-05	-3.671781e-03	6.827190e-01
1.989000e-05	-2.890020e-03	3.796037e-01
1.990000e-05	-2.820991e-03	9.481520e-02
1.991000e-05	7.140594e-03	-2.294689e-01
1.992000e-05	-9.978277e-05	-4.410489e-01
1.993000e-05	1.068442e-03	-7.684411e-01
1.994000e-05	-1.189296e-03	-1.038525e+00
1.995000e-05	2.521194e-04	-1.346190e+00
1.996000e-05	-1.930774e-03	-1.602375e+00
1.997000e-05	1.957966e-02	-1.862553e+00
1.998000e-05	7.721378e-02	-2.102581e+00
1.999000e-05	3.064043e-02	-2.451998e+00
2.000000e-05	-9.593529e-02	-2.821949e+00
2.001000e-05	1.336753e-02	-3.187816e+00
2.002000e-05	-4.624006e-02	-3.462657e+00
2.003000e-05	-3.630948e-02	-3.682057e+00
2.004000e-05	-2.189182e-02	-3.957269e+00
2.005000e-05	1.784131e-01	-4.144666e+00
2.006000e-05	-1.881584e-01	-4.429925e+00
2.007000e-05	1.581854e-01	-4.745011e+00
2.008000e-05	-5.670107e-02	-4.987816e+00
2.009000e-05	-3.301661e-02	-5.336194e+00
2.010000e-05	9.577087e-02	-5.650371e+00
2.011000e-05	-1.538682e-01	-5.933637e+00
2.012000e-05	1.825458e-01	-6.226319e+00
2.013000e-05	-8.325871e-02	-6.460404e+00
2.014000e-05	9.807694e-03	-6.774638e+00
2.015000e-05	2.946955e-02	-7.061378e+00
2.016000e-05	-1.130417e-01	-7.355166e+00
2.017000e-05	1.455085e-01	-7.598822e+00
2.018000e-05	-1.231635e-01	-7.873960e+00
2.019000e-05	1.538392e-01	-8.146770e+00
2.020000e-05	-8.375366e-02	-8.407342e+00
2.021000e-05	-2.120957e-03	-8.722435e+00
2.022000e-05	4.176606e-02	-8.923566e+00
2.023000e-05	-6.615436e-02	-9.175720e+00
2.024000e-05	9.761524e-02	-9.428275e+00
2.025000e-05	-9.736349e-02	-9.649849e+00
2.026000e-05	1.030048e-01	-9.892984e+00
2.027000e-05	-6.922937e-02	-1.016457e+01
2.028000e-05	4.882748e-02	-1.032570e+01
2.029000e-05	-3.545531e-02	-1.060727e+01
2.030000e-05	1.555269e-02	-1.078879e+01
2.031000e-05	2.287594e-02	-1.101930e+01
2.032000e-05	-2.017996e-02	-1.127093e+01
2.033000e-05	3.870374e-02	-1.146841e+01
2.034000e-05	-3.678505e-02	-1.172301e+01
2.035000e-05	3.258597e-02	-1.195556e+01
2.036000e-05	-3.667903e-02	-1.217609e+01
2.037000e-05	4.550814e-02	-1.233451e+01
2.038000e-05	-1.278754e-02	-1.253456e+01
2.039000e-05	2.621719e-02	-1.274349e+01
2.040000e-05	-1.989699e-02	-1.288097e+01
2.041000e-05	1.306260e-02	-1.305048e+01
2.042000e-05	-4.454240e-03	-1.321978e+01
2.043000e-05	7.996698e-03	-1.337718e+01
2.044000e-05	8.216740e-03	-1.359402e+01
2.045000e-05	7.351426e-03	-1.372352e+01
2.046000e-05	7.926088e-03	-1.387136e+01
2.047000e-05	-4.829085e-03	-1.406078e+01
2.048000e-05	1.247491e-02	-1.418773e+01
2.049000e-05	3.243386e-05	-1.437162e+01
2.050000e-05	1.193426e-02	-1.447188e+01
2.051000e-05	7.091712e-04	-1.460765e+01
2.052000e-05	1.415550e-02	-1.472504e+01
2.053000e-05	-1.332034e-03	-1.484773e+01
2.054000e-05	2.988763e-03	-1.495505e+01
2.055000e-05	1.796473e-03	-1.503833e+01
2.056000e-05	1.071167e-02	-1.515550e+01
2.057000e-05	1.180165e-02	-1.522678e+01
2.058000e-05	9.014999e-03	-1.533609e+01
2.059000e-05	5.533167e-03	-1.541678e+01
2.060000e-05	2.202901e-03	-1.553449e+01
2.061000e-05	5.690169e-03	-1.559765e+01
2.062000e-05	8.957197e-03	-1.567928e+01
2.063000e-05	1.097766e-02	-1.571247e+01
2.064000e-05	7.814861e-03	-1.574420e+01
2.065000e-05	7.468093e-03	-1.580773e+01
2.066000e-05	7.348011e-03	-1.588979e+01
2.067000e-05	8.628336e-03	-1.588094e+01
2.068000e-05	1.051615e-02	-1.590252e+01
2.069000e-05	1.145237e-02	-1.595500e+01
2.070000e-05	1.182263e-02	-1.598713e+01
2.071000e-05	1.215390e-02	-1.600680e+01
2.072000e-05	1.224203e-02	-1.597820e+01
2.073000e-05	1.071035e-02	-1.601618e+01
2.074000e-05	1.298470e-02	-1.600720e+01
2.075000e-05	1.606356e-02	-1.599770e+01
2.076000e-05	1.986758e-02	-1.595573e+01
2.077000e-05	1.952263e-02	-1.597515e+01
2.078000e-05	1.916764e-02	-1.593353e+01
2.079000e-05	2.003903e-02	-1.593350e+01
2.080000e-05	2.089739e-02	-1.586137e+01
2.081000e-05	2.421191e-02	-1.582981e+01
2.082000e-05	2.778618e-02	-1.576613e+01
2.083000e-05	2.989360e-02	-1.570555e+01
2.084000e-05	2.986777e-02	-1.566144e+01
2.085000e-05	3.144562e-02	-1.559928e+01
2.086000e-05	3.448194e-02	-1.550504e+01
2.087000e-05	3.793794e-02	-1.543944e+01
2.088000e-05	4.234504e-02	-1.534760e+01
2.089000e-05	4.630671e-02	-1.530299e+01
2.090000e-05	5.069491e-02	-1.518873e+01
2.091000e-05	5.467527e-02	-1.507189e+01
2.092000e-05	6.182173e-02	-1.499876e+01
2.093000e-05	6.900277e-02	-1.488307e+01
2.094000e-05	7.883950e-02	-1.477920e+01
2.095000e-05	9.076419e-02	-1.464197e+01
2.096000e-05	1.044229e-01	-1.453662e+01
2.097000e-05	1.182290e-01	-1.440933e+01
2.098000e-05	1.316943e-01	-1.424136e+01
2.099000e-05	1.457575e-01	-1.408507e+01
2.100000e-05	1.594270e-01	-1.398768e+01
2.101000e-05	1.699726e-01	-1.380886e+01
2.102000e-05	1.770097e-01	-1.364147e+01
2.103000e-05	1.763473e-01	-1.345404e+01
2.104000e-05	1.715093e-01	-1.334307e+01
2.105000e-05	1.634070e-01	-1.313725e+01
2.106000e-05	1.534363e-01	-1.299580e+01
2.107000e-05	1.416004e-01	-1.281989e+01
2.108000e-05	1.282444e-01	-1.259991e+01
2.109000e-05	1.142669e-01	-1.246249e+01
2.110000e-05	1.019269e-01	-1.222206e+01
2.111000e-05	8.876338e-02	-1.207102e+01
2.112000e-05	7.771990e-02	-1.184146e+01
2.113000e-05	6.775309e-02	-1.162141e+01
2.114000e-05	5.979800e-02	-1.137678e+01
2.115000e-05	5.220320e-02	-1.114675e+01
2.116000e-05	4.356906e-02	-1.090622e+01
2.117000e-05	3.681330e-02	-1.072572e+01
2.118000e-05	3.042316e-02	-1.054725e+01
2.119000e-05	2.623724e-02	-1.030167e+01
2.120000e-05	2.337722e-02	-1.004204e+01
2.121000e-05	1.924847e-02	-9.839955e+00
2.122000e-05	1.528130e-02	-9.639403e+00
2.123000e-05	1.221186e-02	-9.337277e+00
2.124000e-05	1.065600e-02	-9.094169e+00
2.125000e-05	7.767304e-03	-8.895617e+00
2.126000e-05	5.834483e-03	-8.629404e+00
2.127000e-05	4.181282e-03	-8.337901e+00
2.128000e-05	3.749704e-03	-8.084823e+00
2.129000e-05	2.460710e-03	-7.813507e+00
2.130000e-05	1.475751e-03	-7.556772e+00
2.131000e-05	4.885698e-04	-7.315193e+00
2.132000e-05	5.407863e-04	-7.001332e+00
2.133000e-05	-2.267501e-04	-6.726297e+00
2.134000e-05	3.987900e-04	-6.461715e+00
2.135000e-05	-1.917167e-03	-6.190881e+00
2.136000e-05	-3.087028e-03	-5.925871e+00
2.137000e-05	-2.642638e-03	-5.633104e+00
2.138000e-05	-2.319067e-03	-5.338751e+00
2.139000e-05	-3.116992e-03	-5.022210e+00
2.140000e-05	-2.491908e-03	-4.705739e+00
2.141000e-05	-3.144104e-03	-4.412030e+00
2.142000e-05	-2.673132e-03	-4.149952e+00
2.143000e-05	-4.931391e-03	-3.886168e+00
2.144000e-05	-3.684575e-03	-3.579453e+00
2.145000e-05	-5.081910e-03	-3.306771e+00
2.146000e-05	-3.462146e-03	-3.025063e+00
2.147000e-05	-4.213189e-03	-2.717821e+00
2.148000e-05	-3.063256e-03	-2.462584e+00
2.149000e-05	-5.614144e-03	-2.158872e+00
2.150000e-05	-3.887828e-03	-1.854635e+00
2.151000e-05	-5.392157e-03	-1.600957e+00
2.152000e-05	-4.071038e-03	-1.242190e+00
2.153000e-05	-5.693960e-03	-9.159157e-01
2.154000e-05	-4.905937e-03	-6.429813e-01
2.155000e-05	-3.440588e-03	-3.174447e-01
2.156000e-05	-1.076072e-03	-4.408526e-02
2.157000e-05	8.950250e-03	3.319502e-01
2.158000e-05	-5.217741e-03	5.053120e-01
2.159000e-05	3.792510e-03	7.764975e-01
2.160000e-05	-4.965768e-03	1.156184e+00
2.161000e-05	2.116538e-03	1.398294e+00
2.162000e-05	-6.893456e-03	1.713260e+00
2.163000e-05	1.469040e-02	1.976842e+00
2.164000e-05	3.614492e-02	2.230367e+00
2.165000e-05	8.455445e-02	2.504608e+00
2.166000e-05	-8.412407e-02	2.884082e+00
2.167000e-05	-2.142026e-02	3.207342e+00
2.168000e-05	-4.128176e-02	3.492009e+00
2.169000e-05	3.468735e-03	3.745666e+00
2.170000e-05	-6.906794e-02	3.958416e+00
2.171000e-05	4.131845e-02	4.258828e+00
2.172000e-05	9.648448e-02	4.501981e+00
2.173000e-05	-1.474876e-01	4.778327e+00
2.174000e-05	1.230895e-01	5.110588e+00
2.175000e-05	-3.151896e-02	5.409424e+00
2.176000e-05	-5.729721e-02	5.692059e+00
2.177000e-05	4.951585e-02	6.027749e+00
2.178000e-05	-5.112599e-02	6.271057e+00
2.179000e-05	7.493936e-02	6.565088e+00
2.180000e-05	-5.220919e-02	6.869454e+00
2.181000e-05	-3.047462e-03	7.113013e+00
2.182000e-05	1.339870e-03	7.366749e+00
2.183000e-05	-2.539634e-02	7.691507e+00
2.184000e-05	3.378485e-02	7.986115e+00
2.185000e-05	-4.901142e-02	8.239933e+00
2.186000e-05	7.126659e-02	8.450458e+00
2.187000e-05	-4.680957e-02	8.703465e+00
2.188000e-05	-8.504603e-03	8.946670e+00
2.189000e-05	7.346214e-03	9.197248e+00
2.190000e-05	-2.766904e-02	9.449834e+00
2.191000e-05	2.776437e-02	9.662961e+00
2.192000e-05	-3.287971e-02	9.914141e+00
2.193000e-05	3.110316e-02	1.013472e+01
2.194000e-05	-4.287640e-02	1.040715e+01
2.195000e-05	1.315143e-02	1.060895e+01
2.196000e-05	-2.339372e-02	1.080926e+01
2.197000e-05	9.259333e-03	1.107138e+01
2.198000e-05	-3.449830e-03	1.126094e+01
2.199000e-05	-1.537180e-02	1.148299e+01
2.200000e-05	5.136626e-03	1.177554e+01
2.201000e-05	-1.526566e-02	1.195559e+01
2.202000e-05	1.244400e-04	1.214865e+01
2.203000e-05	-2.211552e-02	1.234713e+01
2.204000e-05	1.283469e-02	1.256510e+01
2.205000e-05	-7.500613e-03	1.272256e+01
2.206000e-05	-4.598582e-03	1.289502e+01
2.207000e-05	-1.727874e-02	1.309096e+01
2.208000e-05	-7.280539e-03	1.324984e+01
2.209000e-05	-4.706263e-03	1.343781e+01
2.210000e-05	-1.217652e-02	1.357918e+01
2.211000e-05	-7.829597e-04	1.373652e+01
2.212000e-05	-1.001938e-02	1.391211e+01
2.213000e-05	-4.160278e-03	1.403334e+01
2.214000e-05	-1.569935e-02	1.427973e+01
2.215000e-05	-5.352102e-03	1.439518e+01
2.216000e-05	-1.039619e-02	1.453459e+01
2.217000e-05	-8.238433e-03	1.464131e+01
2.218000e-05	-7.258426e-03	1.474472e+01
2.219000e-05	-1.053060e-02	1.487086e+01
2.220000e-05	-1.183635e-02	1.495567e+01
2.221000e-05	-1.700093e-02	1.506334e+01
2.222000e-05	-6.061215e-03	1.517812e+01
2.223000e-05	-9.404098e-03	1.522134e+01
2.224000e-05	-6.702246e-03	1.534455e+01
2.225000e-05	-1.281595e-02	1.543036e+01
2.226000e-05	-1.162446e-02	1.551104e+01
2.227000e-05	-1.294527e-02	1.558768e+01
2.228000e-05	-1.437415e-02	1.563079e+01
2.229000e-05	-1.033450e-02	1.574347e+01
2.230000e-05	-1.573967e-02	1.579517e+01
2.231000e-05	-1.064424e-02	1.581876e+01
2.232000e-05	-1.596214e-02	1.587139e+01
2.233000e-05	-1.475307e-02	1.589355e+01
2.234000e-05	-1.784295e-02	1.594662e+01
2.235000e-05	-1.337527e-02	1.593671e+01
2.236000e-05	-1.339396e-02	1.598768e+01
2.237000e-05	-1.760392e-02	1.595775e+01
2.238000e-05	-1.752800e-02	1.600828e+01
2.239000e-05	-2.171530e-02	1.599926e+01
2.240000e-05	-2.082097e-02	1.602931e+01
2.241000e-05	-2.348291e-02	1.599826e+01
2.242000e-05	-2.087324e-02	1.599871e+01
2.243000e-05	-2.336542e-02	1.595818e+01
2.244000e-05	-2.639209e-02	1.595662e+01
2.245000e-05	-2.793611e-02	1.590552e+01
2.246000e-05	-2.917297e-02	1.585442e+01
2.247000e-05	-3.097878e-02	1.584034e+01
2.248000e-05	-3.407410e-02	1.576711e+01
2.249000e-05	-3.216156e-02	1.569405e+01
2.250000e-05	-3.688905e-02	1.568291e+01
2.251000e-05	-3.904379e-02	1.556818e+01
2.252000e-05	-4.380365e-02	1.549357e+01
2.253000e-05	-4.511446e-02	1.544237e+01
2.254000e-05	-4.906995e-02	1.537613e+01
2.255000e-05	-5.250521e-02	1.527990e+01
2.256000e-05	-5.515485e-02	1.519921e+01
2.257000e-05	-6.258292e-02	1.509299e+01
2.258000e-05	-7.065075e-02	1.498663e+01
2.259000e-05	-8.093629e-02	1.485146e+01
2.260000e-05	-8.870005e-02	1.475720e+01
2.261000e-05	-9.973168e-02	1.463989e+01
2.262000e-05	-1.136586e-01	1.453608e+01
2.263000e-05	-1.265219e-01	1.440878e+01
2.264000e-05	-1.440619e-01	1.421244e+01
2.265000e-05	-1.562726e-01	1.411405e+01
2.266000e-05	-1.725822e-01	1.392410e+01
2.267000e-05	-1.774748e-01	1.377718e+01
2.268000e-05	-1.853341e-01	1.360989e+01
2.269000e-05	-1.810740e-01	1.346149e+01
2.270000e-05	-1.787391e-01	1.330502e+01
2.271000e-05	-1.679576e-01	1.313420e+01
2.272000e-05	-1.585722e-01	1.291615e+01
2.273000e-05	-1.432377e-01	1.276873e+01
2.274000e-05	-1.307817e-01	1.257886e+01
2.275000e-05	-1.171565e-01	1.238091e+01
2.276000e-05	-1.050010e-01	1.218991e+01
2.277000e-05	-9.391219e-02	1.202049e+01
2.278000e-05	-8.325894e-02	1.182936e+01
2.279000e-05	-7.414439e-02	1.161889e+01
2.280000e-05	-6.400872e-02	1.138930e+01
2.281000e-05	-5.586206e-02	1.116730e+01
2.282000e-05	-4.952850e-02	1.092775e+01
2.283000e-05	-4.311215e-02	1.073615e+01
2.284000e-05	-3.802712e-02	1.049410e+01
2.285000e-05	-3.384376e-02	1.026256e+01
2.286000e-05	-2.970531e-02	1.004251e+01
2.287000e-05	-2.527311e-02	9.770389e+00
2.288000e-05	-2.293132e-02	9.538251e+00
2.289000e-05	-2.022909e-02	9.275747e+00
2.290000e-05	-1.899503e-02	9.044047e+00
2.291000e-05	-1.681743e-02	8.792038e+00
2.292000e-05	-1.422563e-02	8.578901e+00
2.293000e-05	-1.278705e-02	8.327300e+00
2.294000e-05	-1.160632e-02	8.025538e+00
2.295000e-05	-1.097657e-02	7.820435e+00
2.296000e-05	-1.014314e-02	7.567201e+00
2.297000e-05	-1.088305e-02	7.253088e+00
2.298000e-05	-8.840462e-03	6.958883e+00
2.299000e-05	-8.938798e-03	6.705773e+00
2.300000e-05	-7.696013e-03	6.405538e+00
2.301000e-05	-7.694151e-03	6.158425e+00
2.302000e-05	-7.881075e-03	5.906225e+00
2.303000e-05	-6.867976e-03	5.613007e+00
2.304000e-05	-6.563149e-03	5.348278e+00
2.305000e-05	-6.296829e-03	5.000433e+00
2.306000e-05	-6.756765e-03	4.694243e+00
2.307000e-05	-5.795339e-03	4.442631e+00
2.308000e-05	-5.894402e-03	4.076801e+00
2.309000e-05	-5.505040e-03	3.802682e+00
2.310000e-05	-6.447554e-03	3.548430e+00
2.311000e-05	-5.600649e-03	3.242219e+00
2.312000e-05	-4.808908e-03	2.952477e+00
2.313000e-05	-5.343577e-03	2.706298e+00
2.314000e-05	-5.083673e-03	2.370377e+00
2.315000e-05	-5.412914e-03	2.095716e+00
2.316000e-05	-5.037909e-03	1.783713e+00
2.317000e-05	-4.679420e-03	1.515748e+00
2.318000e-05	-5.033243e-03	1.179104e+00
2.319000e-05	-4.748443e-03	8.351658e-01
2.320000e-05	-4.531503e-03	5.094473e-01
2.321000e-05	-1.848354e-03	2.953920e-01
2.322000e-05	-5.356924e-04	-3.044738e-02
2.323000e-05	8.209369e-03	-2.722094e-01
2.324000e-05	-6.525009e-03	-5.563108e-01
2.325000e-05	5.491289e-03	-8.425792e-01
2.326000e-05	-4.773217e-03	-1.144711e+00
2.327000e-05	3.932011e-03	-1.479052e+00
2.328000e-05	-1.906478e-03	-1.734686e+00
2.329000e-05	3.429711e-02	-1.956836e+00
2.330000e-05	1.004305e-01	-2.239795e+00
2.331000e-05	-5.147935e-02	-2.593816e+00
2.332000e-05	-4.462429e-02	-2.977262e+00
2.333000e-05	-1.618836e-02	-3.314206e+00
2.334000e-05	-2.346592e-02	-3.556265e+00
2.335000e-05	-8.525985e-02	-3.747420e+00
2.336000e-05	1.004258e-01	-4.018451e+00
2.337000e-05	4.848337e-02	-4.209928e+00
2.338000e-05	-1.245972e-01	-4.534665e+00
2.339000e-05	1.973063e-01	-4.808346e+00
2.340000e-05	-1.802290e-01	-5.145236e+00
2.341000e-05	1.144505e-01	-5.442477e+00
2.342000e-05	-4.963946e-02	-5.715537e+00
2.343000e-05	-4.139663e-02	-6.038920e+00
2.344000e-05	1.559872e-01	-6.322457e+00
2.345000e-05	-1.468468e-01	-6.586746e+00
2.346000e-05	1.120332e-01	-6.889957e+00
2.347000e-05	-9.860296e-02	-7.144141e+00
2.348000e-05	1.561845e-02	-7.439853e+00
2.349000e-05	5.670909e-02	-7.702437e+00
2.350000e-05	-7.150541e-02	-8.016750e+00
2.351000e-05	1.594890e-01	-8.270355e+00
2.352000e-05	-1.595990e-01	-8.473489e+00
2.353000e-05	1.044065e-01	-8.807200e+00
2.354000e-05	-6.744876e-02	-9.029294e+00
2.355000e-05	3.567873e-02	-9.281058e+00
2.356000e-05	1.394272e-02	-9.521032e+00
2.357000e-05	-3.885620e-02	-9.742639e+00
2.358000e-05	8.047931e-02	-9.964172e+00
2.359000e-05	-7.687246e-02	-1.025830e+01
2.360000e-05	7.336539e-02	-1.043883e+01
2.361000e-05	-7.514944e-02	-1.066943e+01
2.362000e-05	7.198652e-02	-1.089103e+01
2.363000e-05	-3.726752e-02	-1.110193e+01
2.364000e-05	3.307468e-02	-1.133311e+01
2.365000e-05	-8.020699e-03	-1.155512e+01
2.366000e-05	7.467288e-04	-1.180820e+01
2.367000e-05	1.800724e-03	-1.201668e+01
2.368000e-05	-1.125916e-02	-1.222770e+01
2.369000e-05	3.430667e-02	-1.235720e+01
2.370000e-05	-8.570590e-03	-1.259622e+01
2.371000e-05	2.196486e-02	-1.275510e+01
2.372000e-05	-2.302936e-02	-1.294509e+01
2.373000e-05	2.141686e-02	-1.313306e+01
2.374000e-05	-1.385052e-02	-1.329134e+01
2.375000e-05	1.883168e-02	-1.347778e+01
2.376000e-05	-9.686561e-04	-1.362723e+01
2.377000e-05	1.634207e-02	-1.378670e+01
2.378000e-05	-4.509545e-03	-1.393399e+01
2.379000e-05	6.242116e-03	-1.408247e+01
2.380000e-05	4.786538e-03	-1.421031e+01
2.381000e-05	5.979106e-03	-1.439615e+01
2.382000e-05	5.646487e-03	-1.450257e+01
2.383000e-05	7.042573e-03	-1.464943e+01
2.384000e-05	1.007230e-02	-1.476565e+01
2.385000e-05	-1.646560e-03	-1.489294e+01
2.386000e-05	3.425542e-03	-1.498515e+01
2.387000e-05	3.461868e-03	-1.510149e+01
2.388000e-05	1.272162e-02	-1.516762e+01
2.389000e-05	9.692176e-03	-1.529188e+01
2.390000e-05	8.598463e-03	-1.536712e+01
2.391000e-05	4.221970e-03	-1.547781e+01
2.392000e-05	3.518497e-03	-1.551305e+01
2.393000e-05	7.561809e-03	-1.556668e+01
2.394000e-05	1.006902e-02	-1.559086e+01
2.395000e-05	8.687746e-03	-1.572351e+01
2.396000e-05	7.610679e-03	-1.578860e+01
2.397000e-05	8.489505e-03	-1.584828e+01
2.398000e-05	7.760476e-03	-1.588179e+01
2.399000e-05	8.803110e-03	-1.594342e+01
2.400000e-05	1.050657e-02	-1.591457e+01
2.401000e-05	1.203590e-02	-1.595618e+01
2.402000e-05	1.167436e-02	-1.597658e+01
2.403000e-05	1.277102e-02	-1.602975e+01
2.404000e-05	1.159240e-02	-1.604866e+01
2.405000e-05	1.123118e-02	-1.601773e+01
2.406000e-05	1.310030e-02	-1.599715e+01
2.407000e-05	1.794273e-02	-1.600873e+01
2.408000e-05	1.955953e-02	-1.600715e+01
2.409000e-05	1.952205e-02	-1.593518e+01
2.410000e-05	1.909362e-02	-1.591607e+01
2.411000e-05	2.119985e-02	-1.589440e+01
2.412000e-05	2.116880e-02	-1.583884e+01
2.413000e-05	2.383151e-02	-1.577768e+01
2.414000e-05	2.974433e-02	-1.574610e+01
2.415000e-05	2.902531e-02	-1.573094e+01
2.416000e-05	3.318350e-02	-1.563031e+01
2.417000e-05	3.171098e-02	-1.560556e+01
2.418000e-05	3.620739e-02	-1.551409e+01
2.419000e-05	3.883819e-02	-1.543876e+01
2.420000e-05	4.291215e-02	-1.530605e+01
2.421000e-05	4.634974e-02	-1.525989e+01
2.422000e-05	5.028358e-02	-1.515563e+01
2.423000e-05	5.759402e-02	-1.502082e+01
2.424000e-05	6.549539e-02	-1.494665e+01
2.425000e-05	7.386419e-02	-1.485141e+01
2.426000e-05	8.533981e-02	-1.472562e+01
2.427000e-05	9.376992e-02	-1.461981e+01
2.428000e-05	1.076017e-01	-1.448350e+01
2.429000e-05	1.211303e-01	-1.435473e+01
2.430000e-05	1.394242e-01	-1.420880e+01
2.431000e-05	1.503760e-01	-1.403192e+01
2.432000e-05	1.615235e-01	-1.388309e+01
2.433000e-05	1.712729e-01	-1.372618e+01
2.434000e-05	1.795937e-01	-1.358783e+01
2.435000e-05	1.776100e-01	-1.338836e+01
2.436000e-05	1.682502e-01	-1.325254e+01
2.437000e-05	1.569675e-01	-1.305417e+01
2.438000e-05	1.492548e-01	-1.291505e+01
2.439000e-05	1.383743e-01	-1.275667e+01
2.440000e-05	1.248424e-01	-1.257728e+01
2.441000e-05	1.077630e-01	-1.240880e+01
2.442000e-05	9.526167e-02	-1.218898e+01
2.443000e-05	8.524932e-02	-1.200075e+01
2.444000e-05	7.642641e-02	-1.175820e+01
2.445000e-05	6.594998e-02	-1.154616e+01
2.446000e-05	5.439533e-02	-1.128362e+01
2.447000e-05	4.687296e-02	-1.111411e+01
2.448000e-05	4.232206e-02	-1.087404e+01
2.449000e-05	3.655151e-02	-1.064153e+01
2.450000e-05	2.950012e-02	-1.046052e+01
2.451000e-05	2.325506e-02	-1.018993e+01
2.452000e-05	2.014773e-02	-9.956775e+00
2.453000e-05	1.824391e-02	-9.736779e+00
2.454000e-05	1.587511e-02	-9.507671e+00
2.455000e-05	1.133753e-02	-9.302159e+00
2.456000e-05	8.058177e-03	-9.021034e+00
2.457000e-05	6.046301e-03	-8.769403e+00
2.458000e-05	6.490594e-03	-8.556173e+00
2.459000e-05	5.282981e-03	-8.273142e+00
2.460000e-05	3.727361e-03	-8.022039e+00
2.461000e-05	1.156266e-04	-7.747328e+00
2.462000e-05	4.718081e-04	-7.462063e+00
2.463000e-05	9.284242e-04	-7.189926e+00
2.464000e-05	1.863052e-03	-6.936744e+00
2.465000e-05	-1.933242e-03	-6.613038e+00
2.466000e-05	5.838361e-05	-6.381005e+00
2.467000e-05	-3.390191e-03	-6.074744e+00
2.468000e-05	1.130998e-04	-5.812984e+00
2.469000e-05	-2.963731e-03	-5.517302e+00
2.470000e-05	-2.036534e-03	-5.220558e+00
2.471000e-05	-4.564998e-03	-4.936148e+00
2.472000e-05	-8.079601e-04	-4.599427e+00
2.473000e-05	-3.832848e-03	-4.349846e+00
2.474000e-05	-2.724871e-03	-4.085272e+00
2.475000e-05	-4.943819e-03	-3.800453e+00
2.476000e-05	-3.211001e-03	-3.515717e+00
2.477000e-05	-4.847452e-03	-3.250731e+00
2.478000e-05	-4.006939e-03	-2.929351e+00
2.479000e-05	-4.335828e-03	-2.662084e+00
2.480000e-05	-3.090086e-03	-2.358976e+00
2.481000e-05	-4.343379e-03	-2.031630e+00
2.482000e-05	-4.721789e-03	-1.739579e+00
2.483000e-05	-4.431289e-03	-1.474263e+00
2.484000e-05	-4.862852e-03	-1.116821e+00
2.485000e-05	-4.632353e-03	-8.326549e-01
2.486000e-05	-4.906888e-03	-5.173707e-01
2.487000e-05	-3.352924e-03	-2.532103e-01
2.488000e-05	1.164188e-03	1.030279e-01
2.489000e-05	5.929383e-03	3.447647e-01
2.490000e-05	-5.809620e-03	6.193988e-01
2.491000e-05	3.805895e-03	8.709830e-01
2.492000e-05	-5.008156e-03	1.189396e+00
2.493000e-05	1.798307e-03	1.493158e+00
2.494000e-05	-3.745824e-03	1.828973e+00
2.495000e-05	2.010182e-02	2.020552e+00
2.496000e-05	6.395275e-02	2.313686e+00
2.497000e-05	3.621449e-02	2.692132e+00
2.498000e-05	-9.016052e-02	2.996870e+00
2.499000e-05	-1.000808e-02	3.241083e+00
2.500000e-05	-3.609709e-02	3.575320e+00
2.501000e-05	-9.327121e-03	3.863024e+00
2.502000e-05	-5.814223e-02	4.050981e+00
2.503000e-05	9.468902e-02	4.291634e+00
2.504000e-05	1.657411e-02	4.586823e+00
2.505000e-05	-1.188898e-01	4.853509e+00
2.506000e-05	1.794760e-01	5.279303e+00
2.507000e-05	-1.484833e-01	5.533665e+00
2.508000e-05	5.137243e-02	5.799298e+00
2.509000e-05	-3.265384e-02	6.093083e+00
2.510000e-05	1.643231e-02	6.354667e+00
2.511000e-05	4.148965e-02	6.610352e+00
2.512000e-05	-6.503723e-02	6.861588e+00
2.513000e-05	3.212017e-02	7.185346e+00
2.514000e-05	-4.063423e-02	7.509984e+00
2.515000e-05	2.382840e-02	7.747216e+00
2.516000e-05	-1.758199e-02	8.069330e+00
2.517000e-05	1.331694e-03	8.306113e+00
2.518000e-05	4.356495e-02	8.535694e+00
2.519000e-05	-6.156904e-02	8.788300e+00
2.520000e-05	2.074210e-02	9.059432e+00
2.521000e-05	-2.063745e-02	9.310137e+00
2.522000e-05	4.649098e-03	9.554165e+00
2.523000e-05	-4.129027e-03	9.826150e+00
2.524000e-05	-3.286388e-03	9.988827e+00
2.525000e-05	4.604093e-03	1.023885e+01
2.526000e-05	-2.437367e-02	1.047139e+01
2.527000e-05	7.105665e-04	1.072205e+01
2.528000e-05	-1.452711e-02	1.090559e+01
2.529000e-05	1.150226e-02	1.113504e+01
2.530000e-05	-1.136195e-02	1.139515e+01
2.531000e-05	-9.370155e-03	1.158678e+01
2.532000e-05	-1.660667e-03	1.180723e+01
2.533000e-05	-7.678451e-03	1.197923e+01
2.534000e-05	-1.056354e-02	1.223883e+01
2.535000e-05	-8.785155e-03	1.243823e+01
2.536000e-05	5.270592e-03	1.258820e+01
2.537000e-05	-4.373240e-03	1.277620e+01
2.538000e-05	-1.390277e-02	1.296672e+01
2.539000e-05	-9.996631e-03	1.315355e+01
2.540000e-05	-7.572442e-03	1.333257e+01
2.541000e-05	-5.432754e-03	1.347044e+01
2.542000e-05	-1.184826e-02	1.364081e+01
2.543000e-05	-3.087963e-03	1.378716e+01
2.544000e-05	-5.686294e-03	1.393505e+01
2.545000e-05	-1.093608e-02	1.416155e+01
2.546000e-05	-1.002377e-02	1.428082e+01
2.547000e-05	-8.975886e-03	1.442931e+01
2.548000e-05	-6.745513e-03	1.460662e+01
2.549000e-05	-1.168669e-02	1.468196e+01
2.550000e-05	-5.021115e-03	1.480818e+01
2.551000e-05	-1.266390e-02	1.488197e+01
2.552000e-05	-1.260328e-02	1.499767e+01
2.553000e-05	-1.333904e-02	1.506347e+01
2.554000e-05	-7.934194e-03	1.517868e+01
2.555000e-05	-8.047462e-03	1.530154e+01
2.556000e-05	-1.103540e-02	1.536818e+01
2.557000e-05	-9.704689e-03	1.545126e+01
2.558000e-05	-1.363836e-02	1.557605e+01
2.559000e-05	-1.243670e-02	1.556916e+01
2.560000e-05	-1.540246e-02	1.569139e+01
2.561000e-05	-1.117057e-02	1.572402e+01
2.562000e-05	-1.404349e-02	1.577565e+01
2.563000e-05	-1.224013e-02	1.582086e+01
2.564000e-05	-1.498196e-02	1.584244e+01
2.565000e-05	-1.727575e-02	1.594654e+01
2.566000e-05	-1.434161e-02	1.594507e+01
2.567000e-05	-1.456002e-02	1.597767e+01
2.568000e-05	-1.464027e-02	1.597621e+01
2.569000e-05	-1.976921e-02	1.601873e+01
2.570000e-05	-1.646022e-02	1.597620e+01
2.571000e-05	-2.077429e-02	1.601828e+01
2.572000e-05	-2.207357e-02	1.600726e+01
2.573000e-05	-2.292475e-02	1.594870e+01
2.574000e-05	-2.211618e-02	1.597725e+01
2.575000e-05	-2.300687e-02	1.593565e+01
2.576000e-05	-2.862965e-02	1.587767e+01
2.577000e-05	-2.696323e-02	1.586300e+01
2.578000e-05	-3.005558e-02	1.585499e+01
2.579000e-05	-3.117680e-02	1.579831e+01
2.580000e-05	-3.594984e-02	1.575770e+01
2.581000e-05	-3.410766e-02	1.567460e+01
2.582000e-05	-3.808814e-02	1.565941e+01
2.583000e-05	-4.104578e-02	1.555773e+01
2.584000e-05	-4.368191e-02	1.549350e+01
2.585000e-05	-4.581690e-02	1.537918e+01
2.586000e-05	-4.985881e-02	1.529355e+01
2.587000e-05	-5.572983e-02	1.525094e+01
2.588000e-05	-5.988563e-02	1.516671e+01
2.589000e-05	-6.553375e-02	1.503046e+01
2.590000e-05	-7.472360e-02	1.492560e+01
2.591000e-05	-8.213147e-02	1.481991e+01
2.592000e-05	-9.427991e-02	1.470660e+01
2.593000e-05	-1.028024e-01	1.460823e+01
2.594000e-05	-1.195900e-01	1.446454e+01
2.595000e-05	-1.319717e-01	1.435663e+01
2.596000e-05	-1.499732e-01	1.418926e+01
2.597000e-05	-1.613913e-01	1.400036e+01
2.598000e-05	-1.746428e-01	1.387294e+01
2.599000e-05	-1.799057e-01	1.373510e+01
2.600000e-05	-1.845703e-01	1.359721e+01
2.601000e-05	-1.798181e-01	1.340836e+01
2.602000e-05	-1.763995e-01	1.326144e+01
2.603000e-05	-1.648867e-01	1.306192e+01
2.604000e-05	-1.531438e-01	1.289260e+01
2.605000e-05	-1.395676e-01	1.271362e+01
2.606000e-05	-1.240148e-01	1.252567e+01
2.607000e-05	-1.119519e-01	1.234573e+01
2.608000e-05	-1.000803e-01	1.215825e+01
2.609000e-05	-9.198145e-02	1.196673e+01
2.610000e-05	-8.026292e-02	1.175518e+01
2.611000e-05	-7.076363e-02	1.152627e+01
2.612000e-05	-6.177233e-02	1.127357e+01
2.613000e-05	-5.274482e-02	1.103254e+01
2.614000e-05	-4.705422e-02	1.084154e+01
2.615000e-05	-3.818658e-02	1.062146e+01
2.616000e-05	-3.580613e-02	1.043089e+01
2.617000e-05	-3.212095e-02	1.021086e+01
2.618000e-05	-2.993112e-02	9.976730e+00
2.619000e-05	-2.569867e-02	9.726649e+00
2.620000e-05	-2.236241e-02	9.461487e+00
2.621000e-05	-2.017707e-02	9.242489e+00
2.622000e-05	-1.724658e-02	8.987884e+00
2.623000e-05	-1.517869e-02	8.717274e+00
2.624000e-05	-1.398638e-02	8.505171e+00
2.625000e-05	-1.172214e-02	8.253967e+00
2.626000e-05	-1.152451e-02	7.968361e+00
2.627000e-05	-1.001179e-02	7.695749e+00
2.628000e-05	-1.073284e-02	7.413065e+00
2.629000e-05	-1.018134e-02	7.118328e+00
2.630000e-05	-9.791285e-03	6.895169e+00
2.631000e-05	-9.014746e-03	6.581558e+00
2.632000e-05	-7.266469e-03	6.327772e+00
2.633000e-05	-6.180195e-03	6.064742e+00
2.634000e-05	-5.959024e-03	5.782132e+00
2.635000e-05	-7.543338e-03	5.494799e+00
2.636000e-05	-7.768945e-03	5.243513e+00
2.637000e-05	-6.552856e-03	4.902665e+00
2.638000e-05	-5.603200e-03	4.610459e+00
2.639000e-05	-5.968881e-03	4.276726e+00
2.640000e-05	-6.667513e-03	4.031083e+00
2.641000e-05	-6.124979e-03	3.707797e+00
2.642000e-05	-6.493957e-03	3.435718e+00
2.643000e-05	-4.743985e-03	3.139402e+00
2.644000e-05	-4.693448e-03	2.904188e+00
2.645000e-05	-5.197472e-03	2.550504e+00
2.646000e-05	-5.564093e-03	2.273713e+00
2.647000e-05	-5.766163e-03	2.001079e+00
2.648000e-05	-5.479144e-03	1.667318e+00
2.649000e-05	-5.698082e-03	1.380607e+00
2.650000e-05	-5.674461e-03	1.075267e+00
2.651000e-05	-5.259849e-03	7.384484e-01
2.652000e-05	-3.587302e-03	4.466867e-01
2.653000e-05	-1.629483e-03	1.599485e-01
2.654000e-05	3.047581e-03	-1.443096e-01
2.655000e-05	6.489628e-03	-3.964186e-01
2.656000e-05	-5.259921e-03	-7.237503e-01
2.657000e-05	3.148143e-03	-9.452634e-01
2.658000e-05	-4.970932e-03	-1.230023e+00
2.659000e-05	1.726188e-03	-1.533840e+00
2.660000e-05	6.349719e-03	-1.785919e+00
2.661000e-05	5.246123e-02	-1.968974e+00
2.662000e-05	8.671725e-02	-2.375110e+00
2.663000e-05	-1.019832e-01	-2.743657e+00
2.664000e-05	6.094727e-03	-3.134581e+00
2.665000e-05	-4.754139e-02	-3.378920e+00
2.666000e-05	-1.017571e-02	-3.609471e+00
2.667000e-05	-9.117088e-02	-3.903562e+00
2.668000e-05	1.955336e-01	-4.082084e+00
2.669000e-05	-1.086987e-01	-4.375688e+00
2.670000e-05	3.404177e-02	-4.661929e+00
2.671000e-05	9.051705e-02	-4.885086e+00
2.672000e-05	-1.553963e-01	-5.270034e+00
2.673000e-05	1.618293e-01	-5.565288e+00
2.674000e-05	-1.616923e-01	-5.827896e+00
2.675000e-05	1.044093e-01	-6.115587e+00
2.676000e-05	3.756425e-02	-6.368217e+00
2.677000e-05	-9.509937e-02	-6.681533e+00
2.678000e-05	1.168648e-01	-6.935686e+00
2.679000e-05	-1.625270e-01	-7.260007e+00
2.680000e-05	1.293145e-01	-7.544639e+00
2.681000e-05	-6.974951e-02	-7.817699e+00
2.682000e-05	6.225730e-02	-8.134014e+00
2.683000e-05	4.536025e-02	-8.354662e+00
2.684000e-05	-1.127198e-01	-8.616848e+00
2.685000e-05	1.162497e-01	-8.890484e+00
2.686000e-05	-1.114071e-01	-9.112039e+00
2.687000e-05	1.099568e-01	-9.376166e+00
2.688000e-05	-7.897299e-02	-9.597223e+00
2.689000e-05	5.485480e-02	-9.808383e+00
2.690000e-05	-5.327489e-03	-1.006240e+01
2.691000e-05	-1.259405e-02	-1.034353e+01
2.692000e-05	2.879416e-02	-1.053211e+01
2.693000e-05	-4.726131e-02	-1.074667e+01
2.694000e-05	6.814610e-02	-1.093564e+01
2.695000e-05	-5.218927e-02	-1.120705e+01
2.696000e-05	5.921747e-02	-1.139780e+01
2.697000e-05	-4.101167e-02	-1.160733e+01
2.698000e-05	3.211451e-02	-1.189943e+01
2.699000e-05	-3.233339e-02	-1.208233e+01
2.700000e-05	2.766092e-02	-1.227141e+01
2.701000e-05	5.199838e-03	-1.242093e+01
2.702000e-05	1.212351e-02	-1.267183e+01
2.703000e-05	-1.349127e-03	-1.280868e+01
2.704000e-05	-3.443438e-03	-1.300775e+01
2.705000e-05	1.131670e-02	-1.315563e+01
2.706000e-05	-6.343567e-03	-1.338652e+01
2.707000e-05	1.670116e-02	-1.351251e+01
2.708000e-05	-1.234548e-03	-1.368141e+01
2.709000e-05	1.529417e-02	-1.387131e+01
2.710000e-05	-9.864597e-03	-1.397723e+01
2.711000e-05	1.302609e-02	-1.413512e+01
2.712000e-05	-9.451162e-04	-1.433144e+01
2.713000e-05	1.123956e-02	-1.441788e+01
2.714000e-05	2.907429e-04	-1.455712e+01
2.715000e-05	1.323220e-02	-1.468156e+01
2.716000e-05	3.310327e-03	-1.476675e+01
2.717000e-05	1.189648e-03	-1.493154e+01
2.718000e-05	1.254900e-03	-1.500671e+01
2.719000e-05	7.221992e-03	-1.514359e+01
2.720000e-05	1.243848e-02	-1.517823e+01
2.721000e-05	8.531819e-03	-1.533089e+01
2.722000e-05	8.384362e-03	-1.541768e+01
2.723000e-05	2.811324e-03	-1.549239e+01
2.724000e-05	4.742048e-03	-1.556468e+01
2.725000e-05	8.624955e-03	-1.562731e+01
2.726000e-05	1.173993e-02	-1.567194e+01
2.727000e-05	8.039525e-03	-1.572457e+01
2.728000e-05	7.711163e-03	-1.579723e+01
2.729000e-05	7.805395e-03	-1.587086e+01
2.730000e-05	9.560488e-03	-1.587187e+01
2.731000e-05	1.023425e-02	-1.593352e+01
2.732000e-05	1.054562e-02	-1.593554e+01
2.733000e-05	1.146975e-02	-1.599715e+01
2.734000e-05	1.186817e-02	-1.597713e+01
2.735000e-05	1.343405e-02	-1.598820e+01
2.736000e-05	1.066760e-02	-1.601863e+01
2.737000e-05	1.122083e-02	-1.597778e+01
2.738000e-05	1.451692e-02	-1.601776e+01
2.739000e-05	1.933949e-02	-1.598765e+01
2.740000e-05	1.936575e-02	-1.594668e+01
2.741000e-05	1.924192e-02	-1.593608e+01
2.742000e-05	1.979909e-02	-1.592552e+01
2.743000e-05	2.113186e-02	-1.588289e+01
2.744000e-05	2.346010e-02	-1.582129e+01
2.745000e-05	2.668848e-02	-1.580826e+01
2.746000e-05	2.974640e-02	-1.575352e+01
2.747000e-05	2.936047e-02	-1.570342e+01
2.748000e-05	3.144193e-02	-1.561921e+01
2.749000e-05	3.405688e-02	-1.555713e+01
2.750000e-05	3.685145e-02	-1.548289e+01
2.751000e-05	3.967330e-02	-1.535721e+01
2.752000e-05	4.432268e-02	-1.528307e+01
2.753000e-05	4.963893e-02	-1.521081e+01
2.754000e-05	5.344887e-02	-1.513504e+01
2.755000e-05	5.951911e-02	-1.498933e+01
2.756000e-05	6.632663e-02	-1.491302e+01
2.757000e-05	7.654006e-02	-1.481986e+01
2.758000e-05	8.683282e-02	-1.466257e+01
2.759000e-05	9.955187e-02	-1.455878e+01
2.760000e-05	1.124967e-01	-1.449039e+01
2.761000e-05	1.267866e-01	-1.431450e+01
2.762000e-05	1.415680e-01	-1.416515e+01
2.763000e-05	1.551839e-01	-1.402081e+01
2.764000e-05	1.673593e-01	-1.387186e+01
2.765000e-05	1.753122e-01	-1.368602e+01
2.766000e-05	1.767834e-01	-1.352718e+01
2.767000e-05	1.732511e-01	-1.335720e+01
2.768000e-05	1.661231e-01	-1.322033e+01
2.769000e-05	1.567761e-01	-1.299151e+01
2.770000e-05	1.445277e-01	-1.287147e+01
2.771000e-05	1.321645e-01	-1.261407e+01
2.772000e-05	1.184261e-01	-1.251315e+01
2.773000e-05	1.053681e-01	-1.228615e+01
2.774000e-05	9.248123e-02	-1.208670e+01
2.775000e-05	8.090709e-02	-1.186522e+01
2.776000e-05	7.100304e-02	-1.169460e+01
2.777000e-05	6.229863e-02	-1.144107e+01
2.778000e-05	5.389743e-02	-1.120896e+01
2.779000e-05	4.529680e-02	-1.101040e+01
2.780000e-05	3.840091e-02	-1.080983e+01
2.781000e-05	3.145672e-02	-1.059836e+01
2.782000e-05	2.823313e-02	-1.036983e+01
2.783000e-05	2.351483e-02	-1.009619e+01
2.784000e-05	2.070292e-02	-9.854012e+00
2.785000e-05	1.603510e-02	-9.653644e+00
2.786000e-05	1.379129e-02	-9.430013e+00
2.787000e-05	1.028040e-02	-9.217355e+00
2.788000e-05	7.777650e-03	-8.937372e+00
2.789000e-05	5.946074e-03	-8.715616e+00
2.790000e-05	5.242500e-03	-8.413612e+00
2.791000e-05	4.050388e-03	-8.188854e+00
2.792000e-05	3.166805e-03	-7.935299e+00
2.793000e-05	1.798281e-03	-7.603063e+00
2.794000e-05	4.609138e-04	-7.369376e+00
2.795000e-05	5.170699e-04	-7.063171e+00
2.796000e-05	-1.372804e-03	-6.811458e+00
2.797000e-05	-1.538637e-04	-6.577848e+00
2.798000e-05	-4.248043e-04	-6.284164e+00
2.799000e-05	-3.086725e-03	-5.989380e+00
2.800000e-05	-1.755075e-03	-5.706244e+00
2.801000e-05	-2.778279e-03	-5.423710e+00
2.802000e-05	-2.734001e-03	-5.096295e+00
2.803000e-05	-3.234068e-03	-4.809910e+00
2.804000e-05	-1.979475e-03	-4.475793e+00
2.805000e-05	-3.094019e-03	-4.274639e+00
2.806000e-05	-4.443425e-03	-3.992055e+00
2.807000e-05	-4.450848e-03	-3.674792e+00
2.808000e-05	-5.102843e-03	-3.401080e+00
2.809000e-05	-3.772291e-03	-3.096497e+00
2.810000e-05	-3.570028e-03	-2.820630e+00
2.811000e-05	-3.503896e-03	-2.498347e+00
2.812000e-05	-5.480148e-03	-2.243114e+00
2.813000e-05	-3.553587e-03	-1.938423e+00
2.814000e-05	-4.538934e-03	-1.674639e+00
2.815000e-05	-3.786238e-03	-1.359897e+00
2.816000e-05	-5.444471e-03	-1.011611e+00
2.817000e-05	-4.394353e-03	-7.353470e-01
2.818000e-05	-4.747030e-03	-3.930563e-01
2.819000e-05	-3.143154e-03	-1.079445e-01
2.820000e-05	5.935478e-03	1.752664e-01
2.821000e-05	-1.730068e-03	4.301027e-01
2.822000e-05	9.714607e-04	7.146370e-01
2.823000e-05	-7.214810e-04	1.038922e+00
2.824000e-05	-1.271154e-03	1.323062e+00
2.825000e-05	-3.961338e-03	1.678369e+00
2.826000e-05	6.215159e-03	1.893161e+00
2.827000e-05	2.353394e-02	2.134686e+00
2.828000e-05	8.940058e-02	2.409974e+00
2.829000e-05	-3.737475e-02	2.798394e+00
2.830000e-05	-5.400953e-02	3.105634e+00
2.831000e-05	-2.740926e-02	3.406241e+00
2.832000e-05	-1.094460e-02	3.632033e+00
2.833000e-05	-4.850144e-02	3.933139e+00
2.834000e-05	-1.047729e-02	4.134193e+00
2.835000e-05	1.198450e-01	4.428321e+00
2.836000e-05	-9.063362e-02	4.722609e+00
2.837000e-05	8.006256e-03	4.978696e+00
2.838000e-05	1.028785e-01	5.332066e+00
2.839000e-05	-1.465648e-01	5.598419e+00
2.840000e-05	9.227020e-02	5.900991e+00
2.841000e-05	-7.280614e-02	6.177220e+00
2.842000e-05	6.859165e-02	6.407876e+00
2.843000e-05	-1.557601e-02	6.712140e+00
2.844000e-05	-4.208804e-02	7.007847e+00
2.845000e-05	3.331265e-02	7.281513e+00
2.846000e-05	-5.285320e-02	7.566751e+00
2.847000e-05	4.955537e-02	7.842533e+00
2.848000e-05	-5.847507e-02	8.154770e+00
2.849000e-05	5.737057e-02	8.385849e+00
2.850000e-05	-7.772297e-03	8.629778e+00
2.851000e-05	-3.971002e-02	8.821516e+00
2.852000e-05	2.454484e-02	9.094512e+00
2.853000e-05	-3.917832e-02	9.386720e+00
2.854000e-05	3.022984e-02	9.597827e+00
2.855000e-05	-3.287495e-02	9.859379e+00
2.856000e-05	3.089947e-02	1.010207e+01
2.857000e-05	-3.207210e-02	1.030344e+01
2.858000e-05	3.153908e-03	1.057670e+01
2.859000e-05	-1.729672e-02	1.079770e+01
2.860000e-05	1.843635e-03	1.098727e+01
2.861000e-05	2.614381e-03	1.120723e+01
2.862000e-05	-1.791044e-02	1.146881e+01
2.863000e-05	2.690370e-03	1.168086e+01
2.864000e-05	-1.001572e-02	1.191246e+01
2.865000e-05	1.342282e-03	1.208247e+01
2.866000e-05	-2.439805e-02	1.230199e+01
2.867000e-05	6.716609e-03	1.247138e+01
2.868000e-05	-5.581979e-03	1.269041e+01
2.869000e-05	-6.469350e-05	1.282033e+01
2.870000e-05	-1.802886e-02	1.305880e+01
2.871000e-05	-7.306646e-03	1.319828e+01
2.872000e-05	-6.221520e-03	1.336565e+01
2.873000e-05	-1.016400e-02	1.355504e+01
2.874000e-05	-4.218931e-03	1.370232e+01
2.875000e-05	-7.573148e-03	1.384984e+01
2.876000e-05	-2.809097e-03	1.402866e+01
2.877000e-05	-1.729048e-02	1.416965e+01
2.878000e-05	-4.109646e-03	1.433262e+01
2.879000e-05	-1.288510e-02	1.448089e+01
2.880000e-05	-6.190573e-03	1.462718e+01
2.881000e-05	-1.125187e-02	1.474302e+01
2.882000e-05	-5.094703e-03	1.482946e+01
2.883000e-05	-1.163109e-02	1.490507e+01
2.884000e-05	-1.745597e-02	1.502938e+01
2.885000e-05	-8.960782e-03	1.513505e+01
2.886000e-05	-1.048109e-02	1.521929e+01
2.887000e-05	-5.976123e-03	1.531304e+01
2.888000e-05	-1.371198e-02	1.540016e+01
2.889000e-05	-9.780586e-03	1.549187e+01
2.890000e-05	-1.446359e-02	1.556705e+01
2.891000e-05	-1.295917e-02	1.561934e+01
2.892000e-05	-1.364201e-02	1.570394e+01
2.893000e-05	-1.457284e-02	1.573510e+01
2.894000e-05	-1.165138e-02	1.576673e+01
2.895000e-05	-1.430138e-02	1.582042e+01
2.896000e-05	-1.415271e-02	1.587997e+01
2.897000e-05	-1.900922e-02	1.591562e+01
2.898000e-05	-1.381082e-02	1.596710e+01
2.899000e-05	-1.604119e-02	1.596876e+01
2.900000e-05	-1.574863e-02	1.595873e+01
2.901000e-05	-1.885334e-02	1.596874e+01
2.902000e-05	-1.917763e-02	1.600978e+01
2.903000e-05	-2.099253e-02	1.602781e+01
2.904000e-05	-2.326200e-02	1.601823e+01
2.905000e-05	-2.158022e-02	1.599778e+01
2.906000e-05	-2.446711e-02	1.595826e+01
2.907000e-05	-2.467565e-02	1.592615e+01
2.908000e-05	-2.882785e-02	1.593410e+01
2.909000e-05	-2.786761e-02	1.590252e+01
2.910000e-05	-3.169483e-02	1.581084e+01
2.911000e-05	-3.311146e-02	1.579870e+01
2.912000e-05	-3.411465e-02	1.571560e+01
2.913000e-05	-3.573084e-02	1.569352e+01
2.914000e-05	-3.851987e-02	1.562879e+01
2.915000e-05	-4.368581e-02	1.556618e+01
2.916000e-05	-4.419660e-02	1.547387e+01
2.917000e-05	-4.869534e-02	1.536728e+01
2.918000e-05	-4.962939e-02	1.531295e+01
2.919000e-05	-5.595540e-02	1.522019e+01
2.920000e-05	-6.181067e-02	1.508415e+01
2.921000e-05	-6.988631e-02	1.495978e+01
2.922000e-05	-7.813037e-02	1.492499e+01
2.923000e-05	-8.448725e-02	1.480783e+01
2.924000e-05	-9.740555e-02	1.467402e+01
2.925000e-05	-1.084116e-01	1.457663e+01
2.926000e-05	-1.243841e-01	1.442089e+01
2.927000e-05	-1.382189e-01	1.429260e+01
2.928000e-05	-1.538890e-01	1.412505e+01
2.929000e-05	-1.675766e-01	1.398720e+01
2.930000e-05	-1.768248e-01	1.384981e+01
2.931000e-05	-1.833997e-01	1.368294e+01
2.932000e-05	-1.832344e-01	1.348520e+01
2.933000e-05	-1.800433e-01	1.332673e+01
2.934000e-05	-1.713007e-01	1.319973e+01
2.935000e-05	-1.615293e-01	1.294876e+01
2.936000e-05	-1.465977e-01	1.284199e+01
2.937000e-05	-1.341722e-01	1.263294e+01
2.938000e-05	-1.209179e-01	1.247457e+01
2.939000e-05	-1.098239e-01	1.227457e+01
2.940000e-05	-9.663457e-02	1.210502e+01
2.941000e-05	-8.688920e-02	1.187164e+01
2.942000e-05	-7.555145e-02	1.168249e+01
2.943000e-05	-6.635360e-02	1.144097e+01
2.944000e-05	-5.817694e-02	1.119093e+01
2.945000e-05	-5.081530e-02	1.099935e+01
2.946000e-05	-4.482047e-02	1.077033e+01
2.947000e-05	-3.949666e-02	1.056681e+01
2.948000e-05	-3.460077e-02	1.033775e+01
2.949000e-05	-3.058672e-02	1.009573e+01
2.950000e-05	-2.646623e-02	9.832621e+00
2.951000e-05	-2.415953e-02	9.650490e+00
2.952000e-05	-2.129962e-02	9.379379e+00
2.953000e-05	-1.954919e-02	9.169781e+00
2.954000e-05	-1.662049e-02	8.915172e+00
2.955000e-05	-1.476197e-02	8.652015e+00
2.956000e-05	-1.280236e-02	8.421560e+00
2.957000e-05	-1.183184e-02	8.148775e+00
2.958000e-05	-1.176513e-02	7.884197e+00
2.959000e-05	-1.028624e-02	7.651038e+00
2.960000e-05	-9.616478e-03	7.316276e+00
2.961000e-05	-9.063706e-03	6.993168e+00
2.962000e-05	-9.651533e-03	6.791583e+00
2.963000e-05	-8.381209e-03	6.524226e+00
2.964000e-05	-6.723847e-03	6.231585e+00
2.965000e-05	-6.171000e-03	5.999980e+00
2.966000e-05	-7.115327e-03	5.697327e+00
2.967000e-05	-7.595630e-03	5.403088e+00
2.968000e-05	-6.450177e-03	5.087172e+00
2.969000e-05	-6.909483e-03	4.767378e+00
2.970000e-05	-6.506915e-03	4.484741e+00
2.971000e-05	-7.288265e-03	4.231986e+00
2.972000e-05	-5.882803e-03	3.916270e+00
2.973000e-05	-5.906067e-03	3.632183e+00
2.974000e-05	-5.812726e-03	3.348380e+00
2.975000e-05	-5.498969e-03	3.044692e+00
2.976000e-05	-5.091671e-03	2.780055e+00
2.977000e-05	-5.565394e-03	2.464213e+00
2.978000e-05	-6.153472e-03	2.159428e+00
2.979000e-05	-6.485020e-03	1.884770e+00
2.980000e-05	-5.368884e-03	1.601134e+00
2.981000e-05	-4.853383e-03	1.297744e+00
2.982000e-05	-4.630694e-03	9.784486e-01
2.983000e-05	-4.940867e-03	6.336877e-01
2.984000e-05	-2.915959e-03	3.610511e-01
2.985000e-05	-1.805255e-03	5.628783e-02
2.986000e-05	8.539661e-03	-2.294488e-01
2.987000e-05	-1.988478e-03	-4.535243e-01
2.988000e-05	1.084523e-03	-8.274198e-01
2.989000e-05	-2.552848e-03	-1.060527e+00
2.990000e-05	8.804975e-04	-1.386761e+00
2.991000e-05	-2.881918e-03	-1.649473e+00
2.992000e-05	2.216037e-02	-1.891580e+00
2.993000e-05	8.266553e-02	-2.114677e+00
2.994000e-05	2.182394e-02	-2.472004e+00
2.995000e-05	-9.202046e-02	-2.820895e+00
2.996000e-05	1.205125e-02	-3.209401e+00
2.997000e-05	-4.552125e-02	-3.472633e+00
2.998000e-05	-4.291347e-02	-3.723080e+00
2.999000e-05	-8.719435e-03	-3.966862e+00
3.000000e-05	1.731528e-01	-4.157212e+00
3.001000e-05	-1.932554e-01	-4.462030e+00
3.002000e-05	1.681413e-01	-4.767191e+00
3.003000e-05	-8.107846e-02	-5.057825e+00
3.004000e-05	-1.186775e-02	-5.368769e+00
3.005000e-05	8.290111e-02	-5.650800e+00
3.006000e-05	-1.491938e-01	-5.914135e+00
3.007000e-05	1.891028e-01	-6.207349e+00
3.008000e-05	-9.706530e-02	-6.489933e+00
3.009000e-05	2.779258e-02	-6.786692e+00
3.010000e-05	1.598990e-02	-7.040401e+00
3.011000e-05	-1.018980e-01	-7.395695e+00
3.012000e-05	1.405690e-01	-7.599778e+00
3.013000e-05	-1.269447e-01	-7.939438e+00
3.014000e-05	1.648679e-01	-8.168771e+00
3.015000e-05	-9.989606e-02	-8.409802e+00
3.016000e-05	1.344636e-02	-8.723987e+00
3.017000e-05	2.818367e-02	-8.924141e+00
3.018000e-05	-5.494869e-02	-9.207846e+00
3.019000e-05	9.269000e-02	-9.377730e+00
3.020000e-05	-9.839749e-02	-9.681504e+00
3.021000e-05	1.057631e-01	-9.893063e+00
3.022000e-05	-7.502665e-02	-1.010552e+01
3.023000e-05	5.791234e-02	-1.035610e+01
3.024000e-05	-4.464824e-02	-1.059922e+01
3.025000e-05	2.502938e-02	-1.082033e+01
3.026000e-05	1.391564e-02	-1.102975e+01
3.027000e-05	-1.388490e-02	-1.125094e+01
3.028000e-05	3.326782e-02	-1.147196e+01
3.029000e-05	-3.238456e-02	-1.173407e+01
3.030000e-05	3.080943e-02	-1.195504e+01
3.031000e-05	-3.621017e-02	-1.214462e+01
3.032000e-05	4.517035e-02	-1.231264e+01
3.033000e-05	-1.345353e-02	-1.253264e+01
3.034000e-05	2.756312e-02	-1.272259e+01
3.035000e-05	-2.158683e-02	-1.290246e+01
3.036000e-05	1.485315e-02	-1.307096e+01
3.037000e-05	-6.948726e-03	-1.319880e+01
3.038000e-05	9.442573e-03	-1.340670e+01
3.039000e-05	6.407269e-03	-1.356655e+01
3.040000e-05	8.113985e-03	-1.374314e+01
3.041000e-05	5.660543e-03	-1.389454e+01
3.042000e-05	-3.798642e-03	-1.406834e+01
3.043000e-05	1.079379e-02	-1.422870e+01
3.044000e-05	8.811569e-04	-1.436460e+01
3.045000e-05	1.032765e-02	-1.446991e+01
3.046000e-05	1.702313e-03	-1.460625e+01
3.047000e-05	1.440156e-02	-1.471612e+01
3.048000e-05	-1.176835e-03	-1.483981e+01
3.049000e-05	2.840081e-03	-1.493463e+01
3.050000e-05	2.398234e-03	-1.507988e+01
3.051000e-05	1.110995e-02	-1.515510e+01
3.052000e-05	1.063463e-02	-1.522836e+01
3.053000e-05	8.900236e-03	-1.533414e+01
3.054000e-05	6.099156e-03	-1.544020e+01
3.055000e-05	3.001084e-03	-1.551246e+01
3.056000e-05	6.498541e-03	-1.558617e+01
3.057000e-05	8.951987e-03	-1.566133e+01
3.058000e-05	1.021310e-02	-1.566292e+01
3.059000e-05	8.494051e-03	-1.575510e+01
3.060000e-05	8.369352e-03	-1.580978e+01
3.061000e-05	6.807411e-03	-1.585023e+01
3.062000e-05	8.104017e-03	-1.587192e+01
3.063000e-05	1.155559e-02	-1.592397e+01
3.064000e-05	1.184454e-02	-1.595360e+01
3.065000e-05	1.139944e-02	-1.595660e+01
3.066000e-05	1.181804e-02	-1.599720e+01
3.067000e-05	1.273979e-02	-1.600778e+01
3.068000e-05	1.061187e-02	-1.600673e+01
3.069000e-05	1.309870e-02	-1.602828e+01
3.070000e-05	1.597962e-02	-1.596824e+01
3.071000e-05	1.953056e-02	-1.596575e+01
3.072000e-05	1.929633e-02	-1.596613e+01
3.073000e-05	2.033975e-02	-1.590450e+01
3.074000e-05	1.909459e-02	-1.588394e+01
3.075000e-05	1.929812e-02	-1.587286e+01
3.076000e-05	2.473019e-02	-1.578976e+01
3.077000e-05	2.826089e-02	-1.576605e+01
3.078000e-05	3.145130e-02	-1.568350e+01
3.079000e-05	3.001595e-02	-1.565094e+01
3.080000e-05	3.108330e-02	-1.555775e+01
3.081000e-05	3.601256e-02	-1.553605e+01
3.082000e-05	3.745102e-02	-1.541034e+01
3.083000e-05	4.147378e-02	-1.532513e+01
3.084000e-05	4.570520e-02	-1.527344e+01
3.085000e-05	5.136125e-02	-1.517673e+01
3.086000e-05	5.554170e-02	-1.509194e+01
3.087000e-05	6.140125e-02	-1.496823e+01
3.088000e-05	6.865428e-02	-1.485192e+01
3.089000e-05	7.959102e-02	-1.476663e+01
3.090000e-05	9.099334e-02	-1.464153e+01
3.091000e-05	1.049222e-01	-1.453705e+01
3.092000e-05	1.175785e-01	-1.439985e+01
3.093000e-05	1.323922e-01	-1.422092e+01
3.094000e-05	1.462996e-01	-1.409449e+01
3.095000e-05	1.611817e-01	-1.398625e+01
3.096000e-05	1.698297e-01	-1.376833e+01
3.097000e-05	1.764547e-01	-1.364244e+01
3.098000e-05	1.749278e-01	-1.347307e+01
3.099000e-05	1.710750e-01	-1.332355e+01
3.100000e-05	1.623721e-01	-1.310570e+01
3.101000e-05	1.535320e-01	-1.298828e+01
3.102000e-05	1.409978e-01	-1.280936e+01
3.103000e-05	1.266837e-01	-1.263089e+01
3.104000e-05	1.136199e-01	-1.243144e+01
3.105000e-05	1.019308e-01	-1.228206e+01
3.106000e-05	8.964953e-02	-1.205195e+01
3.107000e-05	7.748537e-02	-1.185187e+01
3.108000e-05	6.747315e-02	-1.162039e+01
3.109000e-05	5.836941e-02	-1.139826e+01
3.110000e-05	4.934059e-02	-1.114273e+01
3.111000e-05	4.207035e-02	-1.090617e+01
3.112000e-05	3.647162e-02	-1.073514e+01
3.113000e-05	3.176452e-02	-1.052572e+01
3.114000e-05	2.669841e-02	-1.027167e+01
3.115000e-05	2.344371e-02	-1.003951e+01
3.116000e-05	1.985628e-02	-9.830886e+00
3.117000e-05	1.594481e-02	-9.579852e+00
3.118000e-05	1.130955e-02	-9.346302e+00
3.119000e-05	8.143784e-03	-9.063171e+00
3.120000e-05	5.557182e-03	-8.842666e+00
3.121000e-05	6.313233e-03	-8.620932e+00
3.122000e-05	5.556242e-03	-8.326877e+00
3.123000e-05	4.845087e-03	-8.086769e+00
3.124000e-05	3.612684e-03	-7.852964e+00
3.125000e-05	3.627806e-03	-7.548351e+00
3.126000e-05	6.634978e-04	-7.294564e+00
3.127000e-05	-9.729264e-04	-6.991405e+00
3.128000e-05	-1.890212e-03	-6.695746e+00
3.129000e-05	-9.819594e-04	-6.494690e+00
3.130000e-05	-1.564095e-03	-6.139985e+00
3.131000e-05	-1.625035e-03	-5.886244e+00
3.132000e-05	-1.515468e-03	-5.614157e+00
3.133000e-05	-2.370810e-03	-5.338796e+00
3.134000e-05	-2.938256e-03	-5.001638e+00
3.135000e-05	-1.450638e-03	-4.714166e+00
3.136000e-05	-3.581621e-03	-4.433084e+00
3.137000e-05	-3.947132e-03	-4.159874e+00
3.138000e-05	-5.289840e-03	-3.864643e+00
3.139000e-05	-2.988716e-03	-3.570003e+00
3.140000e-05	-6.367244e-03	-3.296794e+00
3.141000e-05	-2.675022e-03	-3.040980e+00
3.142000e-05	-4.444790e-03	-2.727321e+00
3.143000e-05	-3.279801e-03	-2.464161e+00
3.144000e-05	-3.735207e-03	-2.098298e+00
3.145000e-05	-6.005919e-03	-1.824712e+00
3.146000e-05	-1.957681e-03	-1.560471e+00
3.147000e-05	-5.056979e-03	-1.209980e+00
3.148000e-05	-5.039692e-03	-8.858382e-01
3.149000e-05	-5.128278e-03	-5.526087e-01
3.150000e-05	-4.810252e-03	-3.353159e-01
3.151000e-05	1.009036e-03	-2.710119e-03
3.152000e-05	8.101171e-03	2.701057e-01
3.153000e-05	-5.862211e-03	5.647896e-01
3.154000e-05	4.233024e-03	8.094486e-01
3.155000e-05	-5.949921e-03	1.113163e+00
3.156000e-05	2.827372e-03	1.409365e+00
3.157000e-05	-7.242032e-03	1.736736e+00
3.158000e-05	1.546641e-02	1.936842e+00
3.159000e-05	3.852763e-02	2.238900e+00
3.160000e-05	8.395610e-02	2.583137e+00
3.161000e-05	-8.875972e-02	2.932658e+00
3.162000e-05	-1.965943e-02	3.226319e+00
3.163000e-05	-4.466999e-02	3.492034e+00
3.164000e-05	4.066991e-03	3.786291e+00
3.165000e-05	-7.094565e-02	4.016869e+00
3.166000e-05	5.162832e-02	4.228848e+00
3.167000e-05	9.440112e-02	4.463561e+00
3.168000e-05	-1.526901e-01	4.786350e+00
3.169000e-05	1.384371e-01	5.115588e+00
3.170000e-05	-5.304589e-02	5.418898e+00
3.171000e-05	-4.817718e-02	5.715061e+00
3.172000e-05	3.757258e-02	6.026344e+00
3.173000e-05	-3.984607e-02	6.322065e+00
3.174000e-05	7.701989e-02	6.506167e+00
3.175000e-05	-5.732137e-02	6.788901e+00
3.176000e-05	1.146743e-03	7.102088e+00
3.177000e-05	-2.637558e-03	7.428251e+00
3.178000e-05	-1.969202e-02	7.690979e+00
3.179000e-05	2.888444e-02	7.957670e+00
3.180000e-05	-4.535688e-02	8.280409e+00
3.181000e-05	7.266212e-02	8.500439e+00
3.182000e-05	-5.219682e-02	8.733567e+00
3.183000e-05	-6.511842e-03	8.975250e+00
3.184000e-05	4.086144e-03	9.247778e+00
3.185000e-05	-2.496018e-02	9.470412e+00
3.186000e-05	2.662084e-02	9.713511e+00
3.187000e-05	-3.009214e-02	9.943994e+00
3.188000e-05	3.215530e-02	1.015667e+01
3.189000e-05	-4.370810e-02	1.038675e+01
3.190000e-05	1.129149e-02	1.068888e+01
3.191000e-05	-2.328690e-02	1.087238e+01
3.192000e-05	1.205349e-02	1.110101e+01
3.193000e-05	-4.410012e-03	1.127197e+01
3.194000e-05	-1.596146e-02	1.152499e+01
3.195000e-05	5.456866e-03	1.174307e+01
3.196000e-05	-1.469273e-02	1.198662e+01
3.197000e-05	-6.307833e-04	1.218762e+01
3.198000e-05	-2.286015e-02	1.235560e+01
3.199000e-05	1.371472e-02	1.257512e+01
3.200000e-05	-6.622620e-03	1.275304e+01
3.201000e-05	-5.619313e-03	1.293189e+01
3.202000e-05	-1.642188e-02	1.310251e+01
3.203000e-05	-7.021887e-03	1.326138e+01
3.204000e-05	-5.117452e-03	1.341831e+01
3.205000e-05	-1.330111e-02	1.360571e+01
3.206000e-05	1.154101e-04	1.377463e+01
3.207000e-05	-8.288873e-03	1.393392e+01
3.208000e-05	-4.703165e-03	1.406881e+01
3.209000e-05	-1.596851e-02	1.424926e+01
3.210000e-05	-4.745182e-03	1.441565e+01
3.211000e-05	-1.280442e-02	1.451442e+01
3.212000e-05	-7.340950e-03	1.463886e+01
3.213000e-05	-7.123736e-03	1.475468e+01
3.214000e-05	-8.180331e-03	1.484102e+01
3.215000e-05	-1.221182e-02	1.498772e+01
3.216000e-05	-1.734204e-02	1.507994e+01
3.217000e-05	-6.654625e-03	1.515620e+01
3.218000e-05	-1.088902e-02	1.529184e+01
3.219000e-05	-6.879332e-03	1.534465e+01
3.220000e-05	-1.245658e-02	1.544076e+01
3.221000e-05	-1.113613e-02	1.554550e+01
3.222000e-05	-1.233585e-02	1.556723e+01
3.223000e-05	-1.651051e-02	1.572086e+01
3.224000e-05	-1.054807e-02	1.572397e+01
3.225000e-05	-1.573028e-02	1.576676e+01
3.226000e-05	-1.054018e-02	1.577989e+01
3.227000e-05	-1.548516e-02	1.585196e+01
3.228000e-05	-1.505084e-02	1.592461e+01
3.229000e-05	-1.713722e-02	1.595515e+01
3.230000e-05	-1.450842e-02	1.597565e+01
3.231000e-05	-1.540181e-02	1.595876e+01
3.232000e-05	-1.853598e-02	1.601973e+01
3.233000e-05	-1.789999e-02	1.600826e+01
3.234000e-05	-2.053241e-02	1.599821e+01
3.235000e-05	-2.052458e-02	1.598921e+01
3.236000e-05	-2.349898e-02	1.598826e+01
3.237000e-05	-2.297074e-02	1.599868e+01
3.238000e-05	-2.490613e-02	1.595820e+01
3.239000e-05	-2.642751e-02	1.596515e+01
3.240000e-05	-2.743151e-02	1.588460e+01
3.241000e-05	-2.956806e-02	1.583302e+01
3.242000e-05	-3.164732e-02	1.585044e+01
3.243000e-05	-3.537920e-02	1.578876e+01
3.244000e-05	-3.265999e-02	1.573402e+01
3.245000e-05	-3.723696e-02	1.568201e+01
3.246000e-05	-3.954070e-02	1.555881e+01
3.247000e-05	-4.302429e-02	1.552518e+01
3.248000e-05	-4.511430e-02	1.546089e+01
3.249000e-05	-4.971490e-02	1.536668e+01
3.250000e-05	-5.410267e-02	1.526190e+01
3.251000e-05	-5.633931e-02	1.518823e+01
3.252000e-05	-6.342827e-02	1.510207e+01
3.253000e-05	-7.010031e-02	1.494721e+01
3.254000e-05	-8.055818e-02	1.486191e+01
3.255000e-05	-8.901794e-02	1.471575e+01
3.256000e-05	-1.011275e-01	1.463031e+01
3.257000e-05	-1.145913e-01	1.450365e+01
3.258000e-05	-1.272678e-01	1.437136e+01
3.259000e-05	-1.448798e-01	1.426987e+01
3.260000e-05	-1.560032e-01	1.410400e+01
3.261000e-05	-1.727121e-01	1.391657e+01
3.262000e-05	-1.775059e-01	1.377973e+01
3.263000e-05	-1.861402e-01	1.361138e+01
3.264000e-05	-1.809630e-01	1.344249e+01
3.265000e-05	-1.771202e-01	1.331462e+01
3.266000e-05	-1.661076e-01	1.309465e+01
3.267000e-05	-1.577617e-01	1.294665e+01
3.268000e-05	-1.432866e-01	1.274676e+01
3.269000e-05	-1.298164e-01	1.259843e+01
3.270000e-05	-1.166670e-01	1.241086e+01
3.271000e-05	-1.043094e-01	1.217936e+01
3.272000e-05	-9.306668e-02	1.203051e+01
3.273000e-05	-8.217498e-02	1.176038e+01
3.274000e-05	-7.318522e-02	1.160029e+01
3.275000e-05	-6.386141e-02	1.138678e+01
3.276000e-05	-5.577395e-02	1.111578e+01
3.277000e-05	-4.889774e-02	1.093675e+01
3.278000e-05	-4.317645e-02	1.070518e+01
3.279000e-05	-3.759201e-02	1.054308e+01
3.280000e-05	-3.277538e-02	1.023207e+01
3.281000e-05	-2.950614e-02	1.006151e+01
3.282000e-05	-2.549808e-02	9.748836e+00
3.283000e-05	-2.264957e-02	9.515229e+00
3.284000e-05	-2.017061e-02	9.285643e+00
3.285000e-05	-1.848583e-02	9.064062e+00
3.286000e-05	-1.605254e-02	8.810960e+00
3.287000e-05	-1.450851e-02	8.586380e+00
3.288000e-05	-1.249327e-02	8.336701e+00
3.289000e-05	-1.139325e-02	8.063640e+00
3.290000e-05	-1.145656e-02	7.789908e+00
3.291000e-05	-1.053235e-02	7.535302e+00
3.292000e-05	-1.068317e-02	7.241019e+00
3.293000e-05	-8.723825e-03	6.958981e+00
3.294000e-05	-8.364446e-03	6.724248e+00
3.295000e-05	-8.056441e-03	6.390935e+00
3.296000e-05	-7.294409e-03	6.168353e+00
3.297000e-05	-7.353456e-03	5.876169e+00
3.298000e-05	-7.332197e-03	5.591533e+00
3.299000e-05	-7.770618e-03	5.337378e+00
3.300000e-05	-6.305538e-03	4.970381e+00
3.301000e-05	-6.126830e-03	4.613669e+00
3.302000e-05	-6.113653e-03	4.411584e+00
3.303000e-05	-6.936571e-03	4.085269e+00
3.304000e-05	-6.570789e-03	3.811583e+00
3.305000e-05	-5.860454e-03	3.538402e+00
3.306000e-05	-5.500523e-03	3.224083e+00
3.307000e-05	-5.569107e-03	2.948927e+00
3.308000e-05	-5.368745e-03	2.676765e+00
3.309000e-05	-4.693390e-03	2.379355e+00
3.310000e-05	-5.487654e-03	2.064167e+00
3.311000e-05	-6.056865e-03	1.841082e+00
3.312000e-05	-5.644205e-03	1.475269e+00
3.313000e-05	-5.066509e-03	1.190004e+00
3.314000e-05	-4.557357e-03	8.331128e-01
3.315000e-05	-4.126137e-03	5.393985e-01
3.316000e-05	-2.882281e-03	2.347379e-01
3.317000e-05	-7.782053e-04	-6.210283e-02
3.318000e-05	9.970001e-03	-3.036845e-01
3.319000e-05	-6.300621e-03	-5.887874e-01
3.320000e-05	6.179993e-03	-8.716067e-01
3.321000e-05	-5.867626e-03	-1.156287e+00
3.322000e-05	5.111948e-03	-1.503554e+00
3.323000e-05	-2.422720e-03	-1.704288e+00
3.324000e-05	3.514009e-02	-1.977293e+00
3.325000e-05	1.026351e-01	-2.228973e+00
3.326000e-05	-6.063089e-02	-2.627892e+00
3.327000e-05	-3.668629e-02	-2.967243e+00
3.328000e-05	-2.165193e-02	-3.344158e+00
3.329000e-05	-1.971888e-02	-3.557240e+00
3.330000e-05	-9.014828e-02	-3.807322e+00
3.331000e-05	1.155283e-01	-4.000445e+00
3.332000e-05	2.654267e-02	-4.268953e+00
3.333000e-05	-1.152310e-01	-4.574219e+00
3.334000e-05	1.934478e-01	-4.798423e+00
3.335000e-05	-1.887490e-01	-5.154663e+00
3.336000e-05	1.300164e-01	-5.511403e+00
3.337000e-05	-6.807054e-02	-5.715212e+00
3.338000e-05	-2.288215e-02	-6.017399e+00
3.339000e-05	1.475440e-01	-6.283087e+00
3.340000e-05	-1.490909e-01	-6.647820e+00
3.341000e-05	1.224837e-01	-6.900928e+00
3.342000e-05	-1.132889e-01	-7.122718e+00
3.343000e-05	3.298967e-02	-7.460481e+00
3.344000e-05	4.101971e-02	-7.723512e+00
3.345000e-05	-5.909981e-02	-8.037873e+00
3.346000e-05	1.527001e-01	-8.281428e+00
3.347000e-05	-1.626715e-01	-8.504111e+00
3.348000e-05	1.139019e-01	-8.786669e+00
3.349000e-05	-7.901935e-02	-9.018854e+00
3.350000e-05	4.994866e-02	-9.280960e+00
3.351000e-05	1.123855e-03	-9.534038e+00
3.352000e-05	-2.939287e-02	-9.735264e+00
3.353000e-05	7.053060e-02	-9.975623e+00
3.354000e-05	-7.238074e-02	-1.025830e+01
3.355000e-05	7.336469e-02	-1.045135e+01
3.356000e-05	-7.616804e-02	-1.070201e+01
3.357000e-05	7.605063e-02	-1.094356e+01
3.358000e-05	-4.355617e-02	-1.108438e+01
3.359000e-05	3.855808e-02	-1.134462e+01
3.360000e-05	-1.406538e-02	-1.153667e+01
3.361000e-05	7.422206e-03	-1.182725e+01
3.362000e-05	-4.042324e-03	-1.202820e+01
3.363000e-05	-8.172193e-03	-1.222720e+01
3.364000e-05	3.037844e-02	-1.239675e+01
3.365000e-05	-6.798312e-03	-1.260515e+01
3.366000e-05	2.069006e-02	-1.276760e+01
3.367000e-05	-2.307687e-02	-1.297319e+01
3.368000e-05	2.132933e-02	-1.312511e+01
3.369000e-05	-1.456061e-02	-1.327249e+01
3.370000e-05	1.958046e-02	-1.347040e+01
3.371000e-05	-4.221996e-03	-1.361783e+01
3.372000e-05	1.747405e-02	-1.377665e+01
3.373000e-05	-5.724962e-03	-1.392307e+01
3.374000e-05	8.488046e-03	-1.412192e+01
3.375000e-05	4.394106e-03	-1.420931e+01
3.376000e-05	7.443671e-03	-1.437713e+01
3.377000e-05	3.304064e-03	-1.450254e+01
3.378000e-05	6.514095e-03	-1.465993e+01
3.379000e-05	9.267684e-03	-1.478667e+01
3.380000e-05	6.582027e-04	-1.484134e+01
3.381000e-05	2.674371e-03	-1.493772e+01
3.382000e-05	3.875323e-03	-1.506189e+01
3.383000e-05	1.241558e-02	-1.517818e+01
3.384000e-05	1.050812e-02	-1.526241e+01
3.385000e-05	8.788800e-03	-1.537665e+01
3.386000e-05	3.158826e-03	-1.546978e+01
3.387000e-05	3.781763e-03	-1.552459e+01
3.388000e-05	7.678588e-03	-1.563726e+01
3.389000e-05	1.050128e-02	-1.566134e+01
3.390000e-05	7.961628e-03	-1.569202e+01
3.391000e-05	7.755666e-03	-1.576818e+01
3.392000e-05	8.430267e-03	-1.583833e+01
3.393000e-05	8.792900e-03	-1.589037e+01
3.394000e-05	9.647511e-03	-1.595249e+01
3.395000e-05	1.121742e-02	-1.593502e+01
3.396000e-05	1.152726e-02	-1.596515e+01
3.397000e-05	1.211580e-02	-1.597811e+01
3.398000e-05	1.312497e-02	-1.600865e+01
3.399000e-05	1.130048e-02	-1.598771e+01
3.400000e-05	1.137873e-02	-1.599678e+01
3.401000e-05	1.358230e-02	-1.599623e+01
3.402000e-05	1.797581e-02	-1.599665e+01
3.403000e-05	1.961806e-02	-1.598877e+01
3.404000e-05	2.000165e-02	-1.598658e+01
3.405000e-05	1.976491e-02	-1.593302e+01
3.406000e-05	2.101760e-02	-1.592139e+01
3.407000e-05	2.176818e-02	-1.587086e+01
3.408000e-05	2.490302e-02	-1.582671e+01
3.409000e-05	2.877533e-02	-1.576417e+01
3.410000e-05	3.017226e-02	-1.568442e+01
3.411000e-05	3.055717e-02	-1.561136e+01
3.412000e-05	3.326256e-02	-1.558620e+01
3.413000e-05	3.562164e-02	-1.549449e+01
3.414000e-05	3.916061e-02	-1.542038e+01
3.415000e-05	4.248764e-02	-1.533517e+01
3.416000e-05	4.819879e-02	-1.525981e+01
3.417000e-05	5.231690e-02	-1.515462e+01
3.418000e-05	5.707389e-02	-1.506244e+01
3.419000e-05	6.313349e-02	-1.495512e+01
3.420000e-05	7.256587e-02	-1.482028e+01
3.421000e-05	8.376585e-02	-1.475612e+01
3.422000e-05	9.572440e-02	-1.459824e+01
3.423000e-05	1.090110e-01	-1.449505e+01
3.424000e-05	1.224190e-01	-1.437460e+01
3.425000e-05	1.375043e-01	-1.417828e+01
3.426000e-05	1.513059e-01	-1.406144e+01
3.427000e-05	1.633864e-01	-1.392417e+01
3.428000e-05	1.724233e-01	-1.373760e+01
3.429000e-05	1.763601e-01	-1.361883e+01
3.430000e-05	1.754178e-01	-1.342929e+01
3.431000e-05	1.687636e-01	-1.325047e+01
3.432000e-05	1.594254e-01	-1.309462e+01
3.433000e-05	1.485696e-01	-1.290717e+01
3.434000e-05	1.360888e-01	-1.275725e+01
3.435000e-05	1.223214e-01	-1.253773e+01
3.436000e-05	1.087167e-01	-1.235888e+01
3.437000e-05	9.556881e-02	-1.217983e+01
3.438000e-05	8.407397e-02	-1.198818e+01
3.439000e-05	7.366558e-02	-1.178720e+01
3.440000e-05	6.455340e-02	-1.149675e+01
3.441000e-05	5.561911e-02	-1.129457e+01
3.442000e-05	4.784808e-02	-1.108362e+01
3.443000e-05	4.163354e-02	-1.081349e+01
3.444000e-05	3.361064e-02	-1.067106e+01
3.445000e-05	2.788359e-02	-1.046145e+01
3.446000e-05	2.409059e-02	-1.020033e+01
3.447000e-05	2.266429e-02	-9.899348e+00
3.448000e-05	1.794504e-02	-9.748375e+00
3.449000e-05	1.421819e-02	-9.546196e+00
3.450000e-05	1.160473e-02	-9.253037e+00
3.451000e-05	9.620816e-03	-8.991009e+00
3.452000e-05	6.519017e-03	-8.809402e+00
3.453000e-05	5.323188e-03	-8.507695e+00
3.454000e-05	4.956751e-03	-8.274464e+00
3.455000e-05	4.088770e-03	-8.031610e+00
3.456000e-05	1.762561e-03	-7.767298e+00
3.457000e-05	2.598314e-04	-7.461563e+00
3.458000e-05	2.838553e-04	-7.190455e+00
3.459000e-05	7.190819e-04	-6.925826e+00
3.460000e-05	-5.511706e-04	-6.643064e+00
3.461000e-05	5.024693e-05	-6.370454e+00
3.462000e-05	-2.872253e-03	-6.075790e+00
3.463000e-05	-1.397670e-03	-5.823008e+00
3.464000e-05	-3.181814e-03	-5.566793e+00
3.465000e-05	-8.031512e-04	-5.170478e+00
3.466000e-05	-2.630981e-03	-4.885192e+00
3.467000e-05	-1.469302e-03	-4.570854e+00
3.468000e-05	-3.780419e-03	-4.307848e+00
3.469000e-05	-2.819140e-03	-4.106269e+00
3.470000e-05	-4.011817e-03	-3.740955e+00
3.471000e-05	-4.511311e-03	-3.495742e+00
3.472000e-05	-4.721557e-03	-3.231182e+00
3.473000e-05	-3.129146e-03	-2.907240e+00
3.474000e-05	-3.214244e-03	-2.633130e+00
3.475000e-05	-4.462389e-03	-2.346896e+00
3.476000e-05	-5.166311e-03	-2.011656e+00
3.477000e-05	-5.093608e-03	-1.729421e+00
3.478000e-05	-4.040425e-03	-1.415290e+00
3.479000e-05	-5.052325e-03	-1.076769e+00
3.480000e-05	-4.426559e-03	-7.516302e-01
3.481000e-05	-4.388392e-03	-5.052907e-01
3.482000e-05	-3.645138e-03	-2.231554e-01
3.483000e-05	2.351136e-03	6.155396e-02
3.484000e-05	4.900211e-03	3.863698e-01
3.485000e-05	-4.472852e-03	6.404502e-01
3.486000e-05	2.925071e-03	9.125341e-01
3.487000e-05	-4.343800e-03	1.209372e+00
3.488000e-05	8.823159e-04	1.513539e+00
3.489000e-05	-2.395406e-03	1.830002e+00
3.490000e-05	1.952556e-02	2.041003e+00
3.491000e-05	6.750456e-02	2.294162e+00
3.492000e-05	2.984582e-02	2.691659e+00
3.493000e-05	-8.753649e-02	3.038844e+00
3.494000e-05	-1.125349e-02	3.284082e+00
3.495000e-05	-3.541301e-02	3.586845e+00
3.496000e-05	-1.283307e-02	3.830033e+00
3.497000e-05	-5.471958e-02	4.051477e+00
3.498000e-05	9.948209e-02	4.352160e+00
3.499000e-05	4.049582e-03	4.591447e+00
3.500000e-05	-1.096040e-01	4.871992e+00
3.501000e-05	1.788951e-01	5.206450e+00
3.502000e-05	-1.584263e-01	5.514638e+00
3.503000e-05	6.527503e-02	5.819447e+00
3.504000e-05	-3.925184e-02	6.102108e+00
3.505000e-05	2.522487e-02	6.345216e+00
3.506000e-05	3.170050e-02	6.650954e+00
3.507000e-05	-6.566925e-02	6.913663e+00
3.508000e-05	3.725531e-02	7.155200e+00
3.509000e-05	-4.552379e-02	7.542112e+00
3.510000e-05	2.900958e-02	7.746267e+00
3.511000e-05	-2.634037e-02	8.113830e+00
3.512000e-05	1.035690e-02	8.305090e+00
3.513000e-05	3.922144e-02	8.535217e+00
3.514000e-05	-5.853544e-02	8.807271e+00
3.515000e-05	2.240781e-02	9.081331e+00
3.516000e-05	-2.559490e-02	9.313612e+00
3.517000e-05	7.248823e-03	9.535064e+00
3.518000e-05	-7.996423e-03	9.815732e+00
3.519000e-05	2.498428e-03	1.002933e+01
3.520000e-05	-6.396550e-04	1.025938e+01
3.521000e-05	-2.083329e-02	1.047201e+01
3.522000e-05	-5.307325e-04	1.069349e+01
3.523000e-05	-1.194798e-02	1.093319e+01
3.524000e-05	1.046647e-02	1.115612e+01
3.525000e-05	-1.115482e-02	1.134463e+01
3.526000e-05	-7.074714e-03	1.159685e+01
3.527000e-05	-2.491323e-03	1.183871e+01
3.528000e-05	-6.680036e-03	1.201986e+01
3.529000e-05	-1.359356e-02	1.226826e+01
3.530000e-05	-6.416637e-03	1.241783e+01
3.531000e-05	4.418996e-03	1.261928e+01
3.532000e-05	-1.697452e-03	1.279665e+01
3.533000e-05	-1.526872e-02	1.298610e+01
3.534000e-05	-1.020535e-02	1.316354e+01
3.535000e-05	-8.211967e-03	1.330300e+01
3.536000e-05	-5.852049e-03	1.350196e+01
3.537000e-05	-1.048501e-02	1.365878e+01
3.538000e-05	-3.208708e-03	1.378678e+01
3.539000e-05	-5.133736e-03	1.394610e+01
3.540000e-05	-1.159017e-02	1.409255e+01
3.541000e-05	-8.882835e-03	1.428134e+01
3.542000e-05	-9.292729e-03	1.445081e+01
3.543000e-05	-6.177726e-03	1.454667e+01
3.544000e-05	-1.186177e-02	1.467046e+01
3.545000e-05	-5.137197e-03	1.479624e+01
3.546000e-05	-1.245815e-02	1.492401e+01
3.547000e-05	-1.489941e-02	1.498683e+01
3.548000e-05	-1.326729e-02	1.513452e+01
3.549000e-05	-7.847883e-03	1.519831e+01
3.550000e-05	-4.762835e-03	1.527247e+01
3.551000e-05	-1.132366e-02	1.539815e+01
3.552000e-05	-1.042072e-02	1.547979e+01
3.553000e-05	-1.590770e-02	1.551460e+01
3.554000e-05	-1.288225e-02	1.560918e+01
3.555000e-05	-1.537168e-02	1.564044e+01
3.556000e-05	-1.161204e-02	1.570307e+01
3.557000e-05	-1.442626e-02	1.581723e+01
3.558000e-05	-1.211229e-02	1.584932e+01
3.559000e-05	-1.530968e-02	1.591299e+01
3.560000e-05	-1.771494e-02	1.591457e+01
3.561000e-05	-1.380949e-02	1.593672e+01
3.562000e-05	-1.516117e-02	1.594668e+01
3.563000e-05	-1.411013e-02	1.596820e+01
3.564000e-05	-2.044954e-02	1.601770e+01
3.565000e-05	-1.849141e-02	1.598828e+01
3.566000e-05	-2.260491e-02	1.601625e+01
3.567000e-05	-2.279981e-02	1.596673e+01
3.568000e-05	-2.224957e-02	1.598923e+01
3.569000e-05	-2.139033e-02	1.597528e+01
3.570000e-05	-2.221023e-02	1.593773e+01
3.571000e-05	-2.847407e-02	1.594307e+01
3.572000e-05	-2.780186e-02	1.587207e+01
3.573000e-05	-3.144120e-02	1.583051e+01
3.574000e-05	-3.206001e-02	1.583886e+01
3.575000e-05	-3.381835e-02	1.577568e+01
3.576000e-05	-3.430458e-02	1.569194e+01
3.577000e-05	-3.772541e-02	1.563987e+01
3.578000e-05	-4.216735e-02	1.556671e+01
3.579000e-05	-4.247297e-02	1.549352e+01
3.580000e-05	-4.675049e-02	1.541926e+01
3.581000e-05	-4.976472e-02	1.530558e+01
3.582000e-05	-5.657444e-02	1.526339e+01
3.583000e-05	-5.957884e-02	1.513517e+01
3.584000e-05	-6.535194e-02	1.503049e+01
3.585000e-05	-7.517431e-02	1.489418e+01
3.586000e-05	-8.381777e-02	1.482033e+01
3.587000e-05	-9.444167e-02	1.469462e+01
3.588000e-05	-1.028662e-01	1.457836e+01
3.589000e-05	-1.181254e-01	1.449149e+01
3.590000e-05	-1.319461e-01	1.432563e+01
3.591000e-05	-1.515872e-01	1.420776e+01
3.592000e-05	-1.625581e-01	1.405187e+01
3.593000e-05	-1.749717e-01	1.386147e+01
3.594000e-05	-1.802409e-01	1.372510e+01
3.595000e-05	-1.841004e-01	1.357726e+01
3.596000e-05	-1.806130e-01	1.335886e+01
3.597000e-05	-1.744212e-01	1.322342e+01
3.598000e-05	-1.649078e-01	1.304152e+01
3.599000e-05	-1.506974e-01	1.286555e+01
3.600000e-05	-1.387111e-01	1.268417e+01
3.601000e-05	-1.250437e-01	1.252665e+01
3.602000e-05	-1.127059e-01	1.236628e+01
3.603000e-05	-9.943188e-02	1.214815e+01
3.604000e-05	-8.995301e-02	1.199773e+01
3.605000e-05	-8.041943e-02	1.175725e+01
3.606000e-05	-6.972504e-02	1.151362e+01
3.607000e-05	-6.016414e-02	1.128462e+01
3.608000e-05	-5.262360e-02	1.105314e+01
3.609000e-05	-4.674786e-02	1.085349e+01
3.610000e-05	-4.000542e-02	1.065197e+01
3.611000e-05	-3.638602e-02	1.039898e+01
3.612000e-05	-3.246066e-02	1.016888e+01
3.613000e-05	-2.832939e-02	9.935655e+00
3.614000e-05	-2.428959e-02	9.695548e+00
3.615000e-05	-2.195635e-02	9.453039e+00
3.616000e-05	-2.026040e-02	9.221485e+00
3.617000e-05	-1.699269e-02	8.938882e+00
3.618000e-05	-1.606787e-02	8.724825e+00
3.619000e-05	-1.402380e-02	8.485193e+00
3.620000e-05	-1.273835e-02	8.243017e+00
3.621000e-05	-1.097899e-02	7.908482e+00
3.622000e-05	-1.137945e-02	7.735299e+00
3.623000e-05	-1.054484e-02	7.421960e+00
3.624000e-05	-1.010829e-02	7.146399e+00
3.625000e-05	-9.236903e-03	6.886193e+00
3.626000e-05	-8.626401e-03	6.590385e+00
3.627000e-05	-8.605996e-03	6.306322e+00
3.628000e-05	-7.089799e-03	6.065117e+00
3.629000e-05	-7.174710e-03	5.811456e+00
3.630000e-05	-6.752646e-03	5.497748e+00
3.631000e-05	-7.250130e-03	5.192039e+00
3.632000e-05	-6.411651e-03	4.853065e+00
3.633000e-05	-6.130913e-03	4.570427e+00
3.634000e-05	-6.294785e-03	4.267869e+00
3.635000e-05	-5.526717e-03	4.001058e+00
3.636000e-05	-6.019055e-03	3.716797e+00
3.637000e-05	-5.705509e-03	3.453714e+00
3.638000e-05	-5.515409e-03	3.127348e+00
3.639000e-05	-6.058496e-03	2.855689e+00
3.640000e-05	-5.879159e-03	2.601457e+00
3.641000e-05	-4.977980e-03	2.242687e+00
3.642000e-05	-4.753009e-03	1.991081e+00
3.643000e-05	-5.053023e-03	1.695796e+00
3.644000e-05	-6.003221e-03	1.379549e+00
3.645000e-05	-5.463531e-03	1.054263e+00
3.646000e-05	-4.755078e-03	7.389495e-01
3.647000e-05	-3.697512e-03	4.631604e-01
3.648000e-05	-1.639612e-03	1.494036e-01
3.649000e-05	3.044532e-03	-1.637884e-01
3.650000e-05	5.199575e-03	-3.894436e-01
3.651000e-05	-4.484643e-03	-7.035869e-01
3.652000e-05	4.111461e-03	-9.363635e-01
3.653000e-05	-4.086650e-03	-1.249477e+00
3.654000e-05	1.495711e-03	-1.578837e+00
3.655000e-05	9.098178e-03	-1.818372e+00
3.656000e-05	5.551012e-02	-2.009473e+00
3.657000e-05	8.249127e-02	-2.295212e+00
3.658000e-05	-1.063690e-01	-2.733585e+00
3.659000e-05	1.051880e-02	-3.101632e+00
3.660000e-05	-4.995143e-02	-3.399950e+00
3.661000e-05	-1.210614e-02	-3.609448e+00
3.662000e-05	-8.855348e-02	-3.901509e+00
3.663000e-05	2.035623e-01	-4.104534e+00
3.664000e-05	-1.274923e-01	-4.335217e+00
3.665000e-05	5.633064e-02	-4.661432e+00
3.666000e-05	6.845124e-02	-4.945633e+00
3.667000e-05	-1.496961e-01	-5.291481e+00
3.668000e-05	1.606633e-01	-5.554221e+00
3.669000e-05	-1.710782e-01	-5.870903e+00
3.670000e-05	1.212644e-01	-6.122084e+00
3.671000e-05	1.941111e-02	-6.416242e+00
3.672000e-05	-8.144016e-02	-6.681529e+00
3.673000e-05	1.110261e-01	-6.946623e+00
3.674000e-05	-1.639666e-01	-7.270582e+00
3.675000e-05	1.410087e-01	-7.525668e+00
3.676000e-05	-8.428657e-02	-7.847821e+00
3.677000e-05	7.883489e-02	-8.112484e+00
3.678000e-05	2.706939e-02	-8.354041e+00
3.679000e-05	-1.000118e-01	-8.627772e+00
3.680000e-05	1.106879e-01	-8.892908e+00
3.681000e-05	-1.112666e-01	-9.132591e+00
3.682000e-05	1.145902e-01	-9.336194e+00
3.683000e-05	-8.776202e-02	-9.617252e+00
3.684000e-05	6.516972e-02	-9.819250e+00
3.685000e-05	-1.573591e-02	-1.007085e+01
3.686000e-05	-2.599793e-03	-1.031506e+01
3.687000e-05	2.009042e-02	-1.053361e+01
3.688000e-05	-4.094592e-02	-1.074570e+01
3.689000e-05	6.424909e-02	-1.097562e+01
3.690000e-05	-5.091600e-02	-1.119715e+01
3.691000e-05	6.032018e-02	-1.145625e+01
3.692000e-05	-4.404146e-02	-1.166033e+01
3.693000e-05	3.558267e-02	-1.186041e+01
3.694000e-05	-3.612255e-02	-1.207246e+01
3.695000e-05	3.261774e-02	-1.227944e+01
3.696000e-05	6.530167e-04	-1.243983e+01
3.697000e-05	1.561205e-02	-1.264038e+01
3.698000e-05	-5.056588e-03	-1.283883e+01
3.699000e-05	-1.664219e-03	-1.301785e+01
3.700000e-05	9.761207e-03	-1.320667e+01
3.701000e-05	-5.365938e-03	-1.338467e+01
3.702000e-05	1.548504e-02	-1.352302e+01
3.703000e-05	-1.483266e-03	-1.371136e+01
3.704000e-05	1.609484e-02	-1.384773e+01
3.705000e-05	-9.925405e-03	-1.398565e+01
3.706000e-05	1.445321e-02	-1.415465e+01
3.707000e-05	-1.153860e-03	-1.431089e+01
3.708000e-05	1.231525e-02	-1.442928e+01
3.709000e-05	-1.464718e-03	-1.455505e+01
3.710000e-05	1.397054e-02	-1.471341e+01
3.711000e-05	2.467748e-03	-1.480620e+01
3.712000e-05	1.299208e-03	-1.491360e+01
3.713000e-05	1.943725e-03	-1.502726e+01
3.714000e-05	8.887024e-03	-1.512401e+01
3.715000e-05	1.273303e-02	-1.522775e+01
3.716000e-05	7.516994e-03	-1.526199e+01
3.717000e-05	6.594064e-03	-1.536727e+01
3.718000e-05	3.312799e-03	-1.544099e+01
3.719000e-05	7.246798e-03	-1.558502e+01
3.720000e-05	8.504044e-03	-1.559921e+01
3.721000e-05	1.019439e-02	-1.566997e+01
3.722000e-05	8.613513e-03	-1.573560e+01
3.723000e-05	8.255078e-03	-1.583523e+01
3.724000e-05	8.109317e-03	-1.582979e+01
3.725000e-05	8.275356e-03	-1.589347e+01
3.726000e-05	1.094316e-02	-1.590402e+01
3.727000e-05	1.166931e-02	-1.595450e+01
3.728000e-05	1.189346e-02	-1.597707e+01
3.729000e-05	1.138952e-02	-1.597918e+01
3.730000e-05	1.252605e-02	-1.600720e+01
3.731000e-05	1.197861e-02	-1.601829e+01
3.732000e-05	1.296343e-02	-1.602923e+01
3.733000e-05	1.481621e-02	-1.595780e+01
3.734000e-05	1.824874e-02	-1.595628e+01
3.735000e-05	1.960033e-02	-1.595713e+01
3.736000e-05	1.979615e-02	-1.595452e+01
3.737000e-05	2.042254e-02	-1.591492e+01
3.738000e-05	2.127835e-02	-1.591197e+01
3.739000e-05	2.285028e-02	-1.581924e+01
3.740000e-05	2.649226e-02	-1.578715e+01
3.741000e-05	2.853172e-02	-1.569405e+01
3.742000e-05	3.019573e-02	-1.570189e+01
3.743000e-05	3.128214e-02	-1.563834e+01
3.744000e-05	3.434917e-02	-1.554615e+01
3.745000e-05	3.691479e-02	-1.548297e+01
3.746000e-05	4.000859e-02	-1.537726e+01
3.747000e-05	4.464260e-02	-1.532397e+01
3.748000e-05	4.890144e-02	-1.520829e+01
3.749000e-05	5.247215e-02	-1.511352e+01
3.750000e-05	5.842470e-02	-1.498886e+01
3.751000e-05	6.722593e-02	-1.491455e+01
3.752000e-05	7.753844e-02	-1.480075e+01
3.753000e-05	8.790830e-02	-1.466254e+01
3.754000e-05	9.925867e-02	-1.454970e+01
3.755000e-05	1.131998e-01	-1.447094e+01
3.756000e-05	1.273817e-01	-1.430400e+01
3.757000e-05	1.414202e-01	-1.414618e+01
3.758000e-05	1.549197e-01	-1.399986e+01
3.759000e-05	1.670543e-01	-1.382147e+01
3.760000e-05	1.746797e-01	-1.369260e+01
3.761000e-05	1.762465e-01	-1.354569e+01
3.762000e-05	1.726073e-01	-1.336675e+01
3.763000e-05	1.669445e-01	-1.322936e+01
3.764000e-05	1.576588e-01	-1.303041e+01
3.765000e-05	1.452989e-01	-1.286362e+01
3.766000e-05	1.309333e-01	-1.268517e+01
3.767000e-05	1.171401e-01	-1.249507e+01
3.768000e-05	1.049609e-01	-1.230620e+01
3.769000e-05	9.085937e-02	-1.206565e+01
3.770000e-05	7.966224e-02	-1.190447e+01
3.771000e-05	6.990470e-02	-1.170460e+01
3.772000e-05	6.295845e-02	-1.148049e+01
3.773000e-05	5.377929e-02	-1.121933e+01
3.774000e-05	4.540492e-02	-1.100093e+01
3.775000e-05	3.736380e-02	-1.077938e+01
3.776000e-05	3.180155e-02	-1.057741e+01
3.777000e-05	2.695538e-02	-1.036573e+01
3.778000e-05	2.417569e-02	-1.013617e+01
3.779000e-05	2.054594e-02	-9.855118e+00
3.780000e-05	1.638595e-02	-9.622535e+00
3.781000e-05	1.249515e-02	-9.429008e+00
3.782000e-05	1.090147e-02	-9.176376e+00
3.783000e-05	8.755594e-03	-8.947348e+00
3.784000e-05	7.193385e-03	-8.694667e+00
3.785000e-05	4.663131e-03	-8.462006e+00
3.786000e-05	4.982279e-03	-8.188455e+00
3.787000e-05	2.917162e-03	-7.947273e+00
3.788000e-05	1.287532e-03	-7.623012e+00
3.789000e-05	6.699857e-04	-7.358356e+00
3.790000e-05	3.780569e-04	-7.113145e+00
3.791000e-05	8.379007e-04	-6.770504e+00
3.792000e-05	-9.582146e-05	-6.544875e+00
3.793000e-05	-6.005618e-04	-6.253138e+00
3.794000e-05	-2.447875e-03	-5.978830e+00
3.795000e-05	-1.555991e-03	-5.706747e+00
3.796000e-05	-2.251924e-03	-5.392509e+00
3.797000e-05	-1.507933e-03	-5.084819e+00
3.798000e-05	-2.330673e-03	-4.779456e+00
3.799000e-05	-2.273640e-03	-4.495216e+00
3.800000e-05	-3.453449e-03	-4.275738e+00
3.801000e-05	-4.185560e-03	-3.989404e+00
3.802000e-05	-3.467540e-03	-3.665586e+00
3.803000e-05	-5.164335e-03	-3.430504e+00
3.804000e-05	-3.597136e-03	-3.097366e+00
3.805000e-05	-3.583855e-03	-2.769080e+00
3.806000e-05	-1.589902e-03	-2.506370e+00
3.807000e-05	-6.277833e-03	-2.202634e+00
3.808000e-05	-3.193141e-03	-1.946371e+00
3.809000e-05	-5.466217e-03	-1.674687e+00
3.810000e-05	-3.433065e-03	-1.305423e+00
3.811000e-05	-5.895478e-03	-1.000127e+00
3.812000e-05	-3.417287e-03	-7.183721e-01
3.813000e-05	-4.118041e-03	-3.715737e-01
3.814000e-05	-3.094133e-03	-1.283658e-01
3.815000e-05	5.700104e-03	1.562433e-01
3.816000e-05	-2.676860e-03	4.506028e-01
3.817000e-05	1.056689e-03	7.332119e-01
3.818000e-05	-1.501861e-03	1.039372e+00
3.819000e-05	-6.853438e-04	1.332689e+00
3.820000e-05	-4.055195e-03	1.625923e+00
3.821000e-05	6.919893e-03	1.905061e+00
3.822000e-05	2.459467e-02	2.145767e+00
3.823000e-05	9.145839e-02	2.409949e+00
3.824000e-05	-4.601709e-02	2.787374e+00
3.825000e-05	-4.950800e-02	3.095112e+00
3.826000e-05	-2.951441e-02	3.406289e+00
3.827000e-05	-5.938402e-03	3.663083e+00
3.828000e-05	-5.314320e-02	3.995188e+00
3.829000e-05	-5.559739e-03	4.104639e+00
3.830000e-05	1.192238e-01	4.397900e+00
3.831000e-05	-1.035015e-01	4.744112e+00
3.832000e-05	2.764934e-02	4.966752e+00
3.833000e-05	8.790108e-02	5.322639e+00
3.834000e-05	-1.384513e-01	5.599301e+00
3.835000e-05	9.187988e-02	5.912185e+00
3.836000e-05	-7.596382e-02	6.177745e+00
3.837000e-05	7.160269e-02	6.428901e+00
3.838000e-05	-2.280421e-02	6.733716e+00
3.839000e-05	-3.471257e-02	7.017879e+00
3.840000e-05	3.161047e-02	7.293487e+00
3.841000e-05	-5.244937e-02	7.608347e+00
3.842000e-05	5.066334e-02	7.852414e+00
3.843000e-05	-6.118117e-02	8.187793e+00
3.844000e-05	6.283050e-02	8.417829e+00
3.845000e-05	-1.468393e-02	8.609477e+00
3.846000e-05	-3.469339e-02	8.893034e+00
3.847000e-05	2.339234e-02	9.161593e+00
3.848000e-05	-3.919018e-02	9.366722e+00
3.849000e-05	3.110450e-02	9.607304e+00
3.850000e-05	-3.502771e-02	9.860412e+00
3.851000e-05	3.381496e-02	1.010304e+01
3.852000e-05	-3.414606e-02	1.033507e+01
3.853000e-05	7.066976e-03	1.059612e+01
3.854000e-05	-1.864632e-02	1.074775e+01
3.855000e-05	4.419601e-03	1.100830e+01
3.856000e-05	1.365262e-03	1.119678e+01
3.857000e-05	-1.729697e-02	1.146934e+01
3.858000e-05	3.703281e-03	1.168202e+01
3.859000e-05	-9.877388e-03	1.190194e+01
3.860000e-05	3.299057e-03	1.209399e+01
3.861000e-05	-2.588743e-02	1.232199e+01
3.862000e-05	8.728461e-03	1.248089e+01
3.863000e-05	-4.683566e-03	1.268146e+01
3.864000e-05	3.012008e-04	1.285881e+01
3.865000e-05	-1.917722e-02	1.301733e+01
3.866000e-05	-7.215694e-03	1.318978e+01
3.867000e-05	-5.377687e-03	1.337718e+01
3.868000e-05	-1.056000e-02	1.355605e+01
3.869000e-05	-3.266438e-03	1.371151e+01
3.870000e-05	-8.501863e-03	1.390141e+01
3.871000e-05	-2.899550e-03	1.398973e+01
3.872000e-05	-1.672365e-02	1.419771e+01
3.873000e-05	-3.960146e-03	1.436302e+01
3.874000e-05	-1.192869e-02	1.450189e+01
3.875000e-05	-7.330659e-03	1.459675e+01
3.876000e-05	-1.084578e-02	1.475299e+01
3.877000e-05	-7.210771e-03	1.482893e+01
3.878000e-05	-1.161989e-02	1.494464e+01
3.879000e-05	-1.634902e-02	1.500933e+01
3.880000e-05	-7.446863e-03	1.511565e+01
3.881000e-05	-1.046983e-02	1.518931e+01
3.882000e-05	-6.173305e-03	1.530400e+01
3.883000e-05	-1.406796e-02	1.538721e+01
3.884000e-05	-9.710114e-03	1.553092e+01
3.885000e-05	-1.453848e-02	1.556615e+01
3.886000e-05	-1.361599e-02	1.556881e+01
3.887000e-05	-1.293375e-02	1.570247e+01
3.888000e-05	-1.454216e-02	1.573455e+01
3.889000e-05	-1.169208e-02	1.579924e+01
3.890000e-05	-1.610333e-02	1.584036e+01
3.891000e-05	-1.465939e-02	1.590044e+01
3.892000e-05	-1.873185e-02	1.592507e+01
3.893000e-05	-1.270716e-02	1.599568e+01
3.894000e-05	-1.585105e-02	1.594815e+01
3.895000e-05	-1.618056e-02	1.595723e+01
3.896000e-05	-1.867913e-02	1.602976e+01
3.897000e-05	-1.945981e-02	1.599828e+01
3.898000e-05	-2.105422e-02	1.598881e+01
3.899000e-05	-2.345359e-02	1.597733e+01
3.900000e-05	-2.100725e-02	1.601718e+01
3.901000e-05	-2.444700e-02	1.597768e+01
3.902000e-05	-2.481710e-02	1.593518e+01
3.903000e-05	-2.855578e-02	1.592467e+01
3.904000e-05	-2.808387e-02	1.589202e+01
3.905000e-05	-3.151345e-02	1.582091e+01
3.906000e-05	-3.351790e-02	1.579776e+01
3.907000e-05	-3.362714e-02	1.573355e+01
3.908000e-05	-3.625625e-02	1.570240e+01
3.909000e-05	-3.834839e-02	1.560776e+01
3.910000e-05	-4.391360e-02	1.555712e+01
3.911000e-05	-4.409616e-02	1.547339e+01
3.912000e-05	-4.904696e-02	1.534721e+01
3.913000e-05	-5.156016e-02	1.527402e+01
3.914000e-05	-5.625027e-02	1.523929e+01
3.915000e-05	-6.087654e-02	1.511462e+01
3.916000e-05	-6.648569e-02	1.496828e+01
3.917000e-05	-7.932792e-02	1.490500e+01
3.918000e-05	-8.576012e-02	1.477725e+01
3.919000e-05	-9.781194e-02	1.465252e+01
3.920000e-05	-1.083514e-01	1.453563e+01
3.921000e-05	-1.236961e-01	1.439081e+01
3.922000e-05	-1.391995e-01	1.430354e+01
3.923000e-05	-1.543564e-01	1.411767e+01
3.924000e-05	-1.676197e-01	1.398828e+01
3.925000e-05	-1.762063e-01	1.384934e+01
3.926000e-05	-1.842123e-01	1.364249e+01
3.927000e-05	-1.818256e-01	1.352457e+01
3.928000e-05	-1.800415e-01	1.335763e+01
3.929000e-05	-1.698556e-01	1.316726e+01
3.930000e-05	-1.619086e-01	1.300028e+01
3.931000e-05	-1.456792e-01	1.282296e+01
3.932000e-05	-1.353751e-01	1.266144e+01
3.933000e-05	-1.204405e-01	1.246399e+01
3.934000e-05	-1.091149e-01	1.222260e+01
3.935000e-05	-9.530827e-02	1.211304e+01
3.936000e-05	-8.619388e-02	1.185402e+01
3.937000e-05	-7.563052e-02	1.165494e+01
3.938000e-05	-6.619784e-02	1.145994e+01
3.939000e-05	-5.723024e-02	1.116139e+01
3.940000e-05	-5.140528e-02	1.095931e+01
3.941000e-05	-4.541616e-02	1.079986e+01
3.942000e-05	-3.886798e-02	1.054815e+01
3.943000e-05	-3.471282e-02	1.029570e+01
3.944000e-05	-3.058659e-02	1.005517e+01
3.945000e-05	-2.585268e-02	9.851968e+00
3.946000e-05	-2.340547e-02	9.601913e+00
3.947000e-05	-2.131734e-02	9.387877e+00
3.948000e-05	-1.990301e-02	9.146276e+00
3.949000e-05	-1.699763e-02	8.914218e+00
3.950000e-05	-1.511111e-02	8.642009e+00
3.951000e-05	-1.441558e-02	8.371033e+00
3.952000e-05	-1.265720e-02	8.158300e+00
3.953000e-05	-1.102235e-02	7.885017e+00
3.954000e-05	-1.051039e-02	7.611984e+00
3.955000e-05	-1.090440e-02	7.326797e+00
3.956000e-05	-9.189388e-03	7.043040e+00
3.957000e-05	-8.694934e-03	6.801485e+00
3.958000e-05	-7.474543e-03	6.485288e+00
3.959000e-05	-8.129990e-03	6.223612e+00
3.960000e-05	-7.846423e-03	5.970484e+00
3.961000e-05	-7.072979e-03	5.717196e+00
3.962000e-05	-8.196317e-03	5.423510e+00
3.963000e-05	-6.622830e-03	5.086223e+00
3.964000e-05	-6.035027e-03	4.758375e+00
3.965000e-05	-4.625513e-03	4.465169e+00
3.966000e-05	-6.720276e-03	4.201461e+00
3.967000e-05	-5.101485e-03	3.906218e+00
3.968000e-05	-5.935288e-03	3.642084e+00
3.969000e-05	-5.760396e-03	3.329427e+00
3.970000e-05	-7.232220e-03	3.054138e+00
3.971000e-05	-5.520970e-03	2.790002e+00
3.972000e-05	-4.292488e-03	2.473084e+00
3.973000e-05	-5.537735e-03	2.150851e+00
3.974000e-05	-5.556833e-03	1.886292e+00
3.975000e-05	-5.561954e-03	1.540076e+00
3.976000e-05	-4.868196e-03	1.274770e+00
3.977000e-05	-5.221902e-03	9.063919e-01
3.978000e-05	-3.791253e-03	5.922103e-01
3.979000e-05	-3.437124e-03	3.494245e-01
3.980000e-05	-1.718328e-03	5.265770e-02
3.981000e-05	7.714506e-03	-2.414738e-01
3.982000e-05	-1.433019e-03	-4.724793e-01
3.983000e-05	2.950644e-03	-8.199436e-01
3.984000e-05	-3.138589e-03	-1.081028e+00
3.985000e-05	1.878122e-03	-1.378262e+00
3.986000e-05	-3.208611e-03	-1.629526e+00
3.987000e-05	2.446786e-02	-1.913635e+00
3.988000e-05	8.457842e-02	-2.153638e+00
3.989000e-05	1.255935e-02	-2.470978e+00
3.990000e-05	-8.632877e-02	-2.891974e+00
3.991000e-05	1.010119e-02	-3.238979e+00
3.992000e-05	-4.382806e-02	-3.483557e+00
3.993000e-05	-4.814645e-02	-3.725537e+00
3.994000e-05	7.277131e-03	-3.986442e+00
3.995000e-05	1.699451e-01	-4.168742e+00
3.996000e-05	-1.944840e-01	-4.491556e+00
3.997000e-05	1.790542e-01	-4.734266e+00
3.998000e-05	-1.004712e-01	-5.048845e+00
3.999000e-05	1.028112e-02	-5.386276e+00
4.000000e-05	6.727773e-02	-5.648951e+00
4.001000e-05	-1.426951e-01	-5.964134e+00
4.002000e-05	1.933472e-01	-6.159803e+00
4.003000e-05	-1.084957e-01	-6.500608e+00
4.004000e-05	4.392028e-02	-6.787324e+00
4.005000e-05	-1.755867e-03	-7.040407e+00
4.006000e-05	-9.133455e-02	-7.385219e+00
4.007000e-05	1.372831e-01	-7.611274e+00
4.008000e-05	-1.255217e-01	-7.954512e+00
4.009000e-05	1.730345e-01	-8.177796e+00
4.010000e-05	-1.165809e-01	-8.428875e+00
4.011000e-05	3.042960e-02	-8.723063e+00
4.012000e-05	1.336465e-02	-8.954721e+00
4.013000e-05	-4.518132e-02	-9.207775e+00
4.014000e-05	8.563752e-02	-9.460903e+00
4.015000e-05	-9.439295e-02	-9.700459e+00
4.016000e-05	1.087733e-01	-9.924088e+00
4.017000e-05	-8.081961e-02	-1.016502e+01
4.018000e-05	6.297307e-02	-1.038670e+01
4.019000e-05	-5.387170e-02	-1.062783e+01
4.020000e-05	3.252445e-02	-1.083793e+01
4.021000e-05	6.540197e-03	-1.105131e+01
4.022000e-05	-6.610107e-03	-1.125001e+01
4.023000e-05	2.938082e-02	-1.146136e+01
4.024000e-05	-2.986408e-02	-1.176355e+01
4.025000e-05	2.783673e-02	-1.196554e+01
4.026000e-05	-3.509117e-02	-1.217362e+01
4.027000e-05	4.651158e-02	-1.234257e+01
4.028000e-05	-1.500595e-02	-1.253309e+01
4.029000e-05	2.845435e-02	-1.275352e+01
4.030000e-05	-2.346505e-02	-1.291194e+01
4.031000e-05	1.697359e-02	-1.307091e+01
4.032000e-05	-8.872040e-03	-1.323033e+01
4.033000e-05	1.149061e-02	-1.344825e+01
4.034000e-05	4.890328e-03	-1.355610e+01
4.035000e-05	1.048342e-02	-1.375607e+01
4.036000e-05	4.094865e-03	-1.388252e+01
4.037000e-05	-2.890090e-03	-1.404981e+01
4.038000e-05	9.742498e-03	-1.418673e+01
4.039000e-05	6.597264e-04	-1.437454e+01
4.040000e-05	9.371857e-03	-1.449146e+01
4.041000e-05	2.652255e-03	-1.459768e+01
4.042000e-05	1.409586e-02	-1.473517e+01
4.043000e-05	-7.339086e-04	-1.484879e+01
4.044000e-05	3.542301e-03	-1.496417e+01
4.045000e-05	2.090425e-03	-1.506934e+01
4.046000e-05	1.095547e-02	-1.516460e+01
4.047000e-05	1.089417e-02	-1.522931e+01
4.048000e-05	8.012828e-03	-1.533507e+01
4.049000e-05	4.919830e-03	-1.542073e+01
4.050000e-05	3.293485e-03	-1.550294e+01
4.051000e-05	7.173943e-03	-1.559658e+01
4.052000e-05	1.016876e-02	-1.565938e+01
4.053000e-05	1.004115e-02	-1.570200e+01
4.054000e-05	8.621973e-03	-1.576660e+01
4.055000e-05	8.119040e-03	-1.581876e+01
4.056000e-05	7.178621e-03	-1.587041e+01
4.057000e-05	8.865520e-03	-1.587344e+01
4.058000e-05	1.118022e-02	-1.592400e+01
4.059000e-05	1.090514e-02	-1.596612e+01
4.060000e-05	1.153362e-02	-1.598770e+01
4.061000e-05	1.241788e-02	-1.599713e+01
4.062000e-05	1.300095e-02	-1.599886e+01
4.063000e-05	1.156697e-02	-1.600026e+01
4.064000e-05	1.151739e-02	-1.597823e+01
4.065000e-05	1.744282e-02	-1.598820e+01
4.066000e-05	1.910674e-02	-1.596666e+01
4.067000e-05	1.951066e-02	-1.596705e+01
4.068000e-05	1.863224e-02	-1.595360e+01
4.069000e-05	1.988328e-02	-1.587352e+01
4.070000e-05	2.208845e-02	-1.585192e+01
4.071000e-05	2.384771e-02	-1.585869e+01
4.072000e-05	2.807716e-02	-1.573563e+01
4.073000e-05	2.888500e-02	-1.571454e+01
4.074000e-05	3.022081e-02	-1.568141e+01
4.075000e-05	3.148108e-02	-1.560768e+01
4.076000e-05	3.501412e-02	-1.552462e+01
4.077000e-05	3.718267e-02	-1.544091e+01
4.078000e-05	4.167524e-02	-1.535810e+01
4.079000e-05	4.646612e-02	-1.529246e+01
4.080000e-05	5.114497e-02	-1.513663e+01
4.081000e-05	5.483863e-02	-1.507094e+01
4.082000e-05	6.171507e-02	-1.498773e+01
4.083000e-05	6.908331e-02	-1.487244e+01
4.084000e-05	8.032638e-02	-1.473978e+01
4.085000e-05	9.157214e-02	-1.460049e+01
4.086000e-05	1.045341e-01	-1.451455e+01
4.087000e-05	1.184358e-01	-1.437828e+01
4.088000e-05	1.320786e-01	-1.424092e+01
4.089000e-05	1.472144e-01	-1.409509e+01
4.090000e-05	1.611181e-01	-1.397523e+01
4.091000e-05	1.698554e-01	-1.377778e+01
4.092000e-05	1.757239e-01	-1.367981e+01
4.093000e-05	1.750105e-01	-1.346147e+01
4.094000e-05	1.717082e-01	-1.329413e+01
4.095000e-05	1.618495e-01	-1.314525e+01
4.096000e-05	1.522967e-01	-1.299680e+01
4.097000e-05	1.401986e-01	-1.278933e+01
4.098000e-05	1.268252e-01	-1.263036e+01
4.099000e-05	1.127719e-01	-1.242197e+01
4.100000e-05	1.000819e-01	-1.222151e+01
4.101000e-05	8.764087e-02	-1.207001e+01
4.102000e-05	7.627197e-02	-1.182944e+01
4.103000e-05	6.718328e-02	-1.162089e+01
4.104000e-05	5.773430e-02	-1.134728e+01
4.105000e-05	5.025662e-02	-1.113570e+01
4.106000e-05	4.250752e-02	-1.091780e+01
4.107000e-05	3.608871e-02	-1.068465e+01
4.108000e-05	3.102213e-02	-1.050622e+01
4.109000e-05	2.643452e-02	-1.025311e+01
4.110000e-05	2.222314e-02	-1.002059e+01
4.111000e-05	1.859273e-02	-9.800380e+00
4.112000e-05	1.451973e-02	-9.579834e+00
4.113000e-05	1.261317e-02	-9.317724e+00
4.114000e-05	1.056617e-02	-9.063645e+00
4.115000e-05	7.956468e-03	-8.843641e+00
4.116000e-05	5.789004e-03	-8.589409e+00
4.117000e-05	4.613133e-03	-8.318350e+00
4.118000e-05	3.944139e-03	-8.095718e+00
4.119000e-05	2.969621e-03	-7.811491e+00
4.120000e-05	1.706117e-03	-7.517322e+00
4.121000e-05	1.518857e-03	-7.263168e+00
4.122000e-05	5.048855e-04	-6.989402e+00
4.123000e-05	-1.839629e-03	-6.695797e+00
4.124000e-05	-7.070828e-05	-6.473737e+00
4.125000e-05	-1.763098e-03	-6.159831e+00
4.126000e-05	-1.927763e-03	-5.874693e+00
4.127000e-05	-2.722549e-03	-5.632560e+00
4.128000e-05	-2.036300e-03	-5.295247e+00
4.129000e-05	-2.151722e-03	-4.992583e+00
4.130000e-05	-1.339643e-03	-4.673693e+00
4.131000e-05	-4.108611e-03	-4.400533e+00
4.132000e-05	-2.166358e-03	-4.148881e+00
4.133000e-05	-3.866572e-03	-3.895167e+00
4.134000e-05	-4.084752e-03	-3.569427e+00
4.135000e-05	-5.666126e-03	-3.276768e+00
4.136000e-05	-3.099605e-03	-2.983580e+00
4.137000e-05	-3.826109e-03	-2.705767e+00
4.138000e-05	-2.535575e-03	-2.412708e+00
4.139000e-05	-4.761129e-03	-2.097796e+00
4.140000e-05	-3.940980e-03	-1.844185e+00
4.141000e-05	-5.481367e-03	-1.568948e+00
4.142000e-05	-5.486722e-03	-1.210626e+00
4.143000e-05	-4.831813e-03	-9.063958e-01
4.144000e-05	-4.127532e-03	-6.026086e-01
4.145000e-05	-4.437062e-03	-3.168444e-01
4.146000e-05	-1.778922e-03	-1.368257e-02
4.147000e-05	8.385303e-03	2.910556e-01
4.148000e-05	-7.160238e-03	5.567609e-01
4.149000e-05	4.668164e-03	7.889173e-01
4.150000e-05	-6.017667e-03	1.113191e+00
4.151000e-05	3.392465e-03	1.389344e+00
4.152000e-05	-7.614342e-03	1.724741e+00
4.153000e-05	1.658252e-02	1.978420e+00
4.154000e-05	4.136526e-02	2.268425e+00
4.155000e-05	7.959946e-02	2.574690e+00
4.156000e-05	-9.411105e-02	2.913107e+00
4.157000e-05	-1.546008e-02	3.196869e+00
4.158000e-05	-4.371508e-02	3.502163e+00
4.159000e-05	5.001765e-03	3.764293e+00
4.160000e-05	-7.217866e-02	3.987792e+00
4.161000e-05	5.603705e-02	4.231375e+00
4.162000e-05	8.630346e-02	4.503061e+00
4.163000e-05	-1.571284e-01	4.816379e+00
4.164000e-05	1.545532e-01	5.113611e+00
4.165000e-05	-7.109943e-02	5.398854e+00
4.166000e-05	-2.803688e-02	5.733087e+00
4.167000e-05	2.757550e-02	6.017353e+00
4.168000e-05	-3.602238e-02	6.231484e+00
4.169000e-05	7.174327e-02	6.564571e+00
4.170000e-05	-5.953675e-02	6.867350e+00
4.171000e-05	7.900333e-03	7.081566e+00
4.172000e-05	-9.621792e-03	7.417303e+00
4.173000e-05	-1.442543e-02	7.712533e+00
4.174000e-05	2.272418e-02	8.006700e+00
4.175000e-05	-4.103194e-02	8.260453e+00
4.176000e-05	7.053978e-02	8.491462e+00
4.177000e-05	-5.293461e-02	8.722086e+00
4.178000e-05	-2.983715e-04	8.986226e+00
4.179000e-05	4.929598e-04	9.217729e+00
4.180000e-05	-2.283745e-02	9.479859e+00
4.181000e-05	2.358727e-02	9.681941e+00
4.182000e-05	-2.862376e-02	9.954068e+00
4.183000e-05	2.968903e-02	1.017677e+01
4.184000e-05	-4.203087e-02	1.037575e+01
4.185000e-05	1.264226e-02	1.067133e+01
4.186000e-05	-2.382643e-02	1.087093e+01
4.187000e-05	1.175289e-02	1.108148e+01
4.188000e-05	-5.924148e-03	1.131304e+01
4.189000e-05	-1.476915e-02	1.155409e+01
4.190000e-05	5.484652e-03	1.174610e+01
4.191000e-05	-1.413486e-02	1.195614e+01
4.192000e-05	-1.301436e-03	1.219665e+01
4.193000e-05	-2.183536e-02	1.231559e+01
4.194000e-05	1.301641e-02	1.254362e+01
4.195000e-05	-7.183536e-03	1.274357e+01
4.196000e-05	-6.014286e-03	1.294507e+01
4.197000e-05	-1.626355e-02	1.310004e+01
4.198000e-05	-7.316531e-03	1.327089e+01
4.199000e-05	-4.274620e-03	1.342826e+01
4.200000e-05	-1.356289e-02	1.360825e+01
4.201000e-05	-1.788524e-04	1.377510e+01
4.202000e-05	-8.948215e-03	1.396200e+01
4.203000e-05	-4.892737e-03	1.407140e+01
4.204000e-05	-1.549760e-02	1.427179e+01
4.205000e-05	-6.428191e-03	1.445671e+01
4.206000e-05	-9.613892e-03	1.451397e+01
4.207000e-05	-9.552704e-03	1.464983e+01
4.208000e-05	-7.052412e-03	1.476365e+01
4.209000e-05	-1.134282e-02	1.488146e+01
4.210000e-05	-1.103079e-02	1.495520e+01
4.211000e-05	-1.590078e-02	1.505146e+01
4.212000e-05	-6.715580e-03	1.514617e+01
4.213000e-05	-9.645540e-03	1.526084e+01
4.214000e-05	-8.125100e-03	1.539558e+01
4.215000e-05	-1.147459e-02	1.544023e+01
4.216000e-05	-1.371712e-02	1.552195e+01
4.217000e-05	-1.261713e-02	1.559616e+01
4.218000e-05	-1.534627e-02	1.566931e+01
4.219000e-05	-1.110303e-02	1.570299e+01
4.220000e-05	-1.585106e-02	1.575370e+01
4.221000e-05	-1.032278e-02	1.575821e+01
4.222000e-05	-1.641566e-02	1.586197e+01
4.223000e-05	-1.618655e-02	1.593300e+01
4.224000e-05	-1.685372e-02	1.593467e+01
4.225000e-05	-1.345309e-02	1.594613e+01
4.226000e-05	-1.399310e-02	1.596618e+01
4.227000e-05	-1.955347e-02	1.598671e+01
4.228000e-05	-1.824844e-02	1.597926e+01
4.229000e-05	-2.143199e-02	1.603831e+01
4.230000e-05	-2.014500e-02	1.600978e+01
4.231000e-05	-2.403046e-02	1.597823e+01
4.232000e-05	-2.182077e-02	1.603721e+01
4.233000e-05	-2.454226e-02	1.598778e+01
4.234000e-05	-2.763567e-02	1.592408e+01
4.235000e-05	-2.781550e-02	1.590306e+01
4.236000e-05	-3.034801e-02	1.589244e+01
4.237000e-05	-3.160453e-02	1.576031e+01
4.238000e-05	-3.443396e-02	1.575768e+01
4.239000e-05	-3.275164e-02	1.572555e+01
4.240000e-05	-3.714105e-02	1.568042e+01
4.241000e-05	-3.980547e-02	1.561726e+01
4.242000e-05	-4.392963e-02	1.553412e+01
4.243000e-05	-4.481088e-02	1.548147e+01
4.244000e-05	-4.934131e-02	1.531718e+01
4.245000e-05	-5.413324e-02	1.527192e+01
4.246000e-05	-5.721024e-02	1.515823e+01
4.247000e-05	-6.387023e-02	1.503202e+01
4.248000e-05	-7.089829e-02	1.497563e+01
4.249000e-05	-8.030621e-02	1.484246e+01
4.250000e-05	-8.994033e-02	1.474568e+01
4.251000e-05	-1.005091e-01	1.466131e+01
4.252000e-05	-1.148539e-01	1.450355e+01
4.253000e-05	-1.269984e-01	1.436580e+01
4.254000e-05	-1.455952e-01	1.421994e+01
4.255000e-05	-1.571092e-01	1.409345e+01
4.256000e-05	-1.728877e-01	1.394508e+01
4.257000e-05	-1.778921e-01	1.375820e+01
4.258000e-05	-1.845514e-01	1.360189e+01
4.259000e-05	-1.802835e-01	1.344000e+01
4.260000e-05	-1.772648e-01	1.328561e+01
4.261000e-05	-1.671996e-01	1.311505e+01
4.262000e-05	-1.558157e-01	1.293710e+01
4.263000e-05	-1.421070e-01	1.273720e+01
4.264000e-05	-1.292945e-01	1.255880e+01
4.265000e-05	-1.163629e-01	1.239978e+01
4.266000e-05	-1.040846e-01	1.217888e+01
4.267000e-05	-9.338975e-02	1.205991e+01
4.268000e-05	-8.176788e-02	1.180943e+01
4.269000e-05	-7.217053e-02	1.157826e+01
4.270000e-05	-6.266603e-02	1.133725e+01
4.271000e-05	-5.645460e-02	1.112420e+01
4.272000e-05	-4.881284e-02	1.089615e+01
4.273000e-05	-4.227213e-02	1.068462e+01
4.274000e-05	-3.790707e-02	1.047604e+01
4.275000e-05	-3.350397e-02	1.027249e+01
4.276000e-05	-2.971008e-02	1.001094e+01
4.277000e-05	-2.571110e-02	9.749276e+00
4.278000e-05	-2.352014e-02	9.526147e+00
4.279000e-05	-2.051402e-02	9.285743e+00
4.280000e-05	-1.843405e-02	9.034013e+00
4.281000e-05	-1.670237e-02	8.749481e+00
4.282000e-05	-1.473703e-02	8.567804e+00
4.283000e-05	-1.301824e-02	8.315173e+00
4.284000e-05	-1.107109e-02	8.053565e+00
4.285000e-05	-1.191474e-02	7.789456e+00
4.286000e-05	-1.147886e-02	7.476625e+00
4.287000e-05	-1.034007e-02	7.222513e+00
4.288000e-05	-7.388612e-03	6.928354e+00
4.289000e-05	-8.446855e-03	6.695720e+00
4.290000e-05	-8.837213e-03	6.420381e+00
4.291000e-05	-7.615212e-03	6.157377e+00
4.292000e-05	-6.982489e-03	5.904721e+00
4.293000e-05	-6.751359e-03	5.578031e+00
4.294000e-05	-6.039442e-03	5.306723e+00
4.295000e-05	-6.230812e-03	4.979374e+00
4.296000e-05	-7.452090e-03	4.622165e+00
4.297000e-05	-6.308665e-03	4.402931e+00
4.298000e-05	-5.901869e-03	4.105691e+00
4.299000e-05	-6.200713e-03	3.781056e+00
4.300000e-05	-6.221438e-03	3.527926e+00
4.301000e-05	-4.997399e-03	3.202083e+00
4.302000e-05	-4.822471e-03	2.939373e+00
4.303000e-05	-5.089730e-03	2.667317e+00
4.304000e-05	-5.547870e-03	2.318847e+00
4.305000e-05	-5.768402e-03	2.064218e+00
4.306000e-05	-5.548718e-03	1.800479e+00
4.307000e-05	-4.889454e-03	1.455242e+00
4.308000e-05	-4.842571e-03	1.111022e+00
4.309000e-05	-5.046285e-03	8.026100e-01
4.310000e-05	-4.344139e-03	5.364220e-01
4.311000e-05	-2.994566e-03	1.932642e-01
4.312000e-05	-5.959121e-04	-7.155151e-02
4.313000e-05	1.070558e-02	-3.437370e-01
4.314000e-05	-6.160897e-03	-6.398926e-01
4.315000e-05	6.637374e-03	-8.725793e-01
4.316000e-05	-6.735714e-03	-1.145288e+00
4.317000e-05	3.875232e-03	-1.502607e+00
4.318000e-05	-1.501823e-03	-1.756264e+00
4.319000e-05	3.760347e-02	-1.987369e+00
4.320000e-05	1.044863e-01	-2.228399e+00
4.321000e-05	-6.975171e-02	-2.628896e+00
4.322000e-05	-2.911573e-02	-2.998346e+00
4.323000e-05	-2.692881e-02	-3.384657e+00
4.324000e-05	-1.754016e-02	-3.556767e+00
4.325000e-05	-9.431204e-02	-3.848352e+00
4.326000e-05	1.316745e-01	-4.041554e+00
4.327000e-05	5.056074e-03	-4.279979e+00
4.328000e-05	-1.033431e-01	-4.568250e+00
4.329000e-05	1.869666e-01	-4.819423e+00
4.330000e-05	-1.942519e-01	-5.165166e+00
4.331000e-05	1.441956e-01	-5.531034e+00
4.332000e-05	-8.576852e-02	-5.745138e+00
4.333000e-05	-5.155941e-03	-6.050379e+00
4.334000e-05	1.374064e-01	-6.283508e+00
4.335000e-05	-1.473281e-01	-6.648245e+00
4.336000e-05	1.296732e-01	-6.872484e+00
4.337000e-05	-1.279773e-01	-7.186191e+00
4.338000e-05	5.008146e-02	-7.482006e+00
4.339000e-05	2.584282e-02	-7.714539e+00
4.340000e-05	-4.283658e-02	-8.048476e+00
4.341000e-05	1.424857e-01	-8.270879e+00
4.342000e-05	-1.658519e-01	-8.575565e+00
4.343000e-05	1.207273e-01	-8.797698e+00
4.344000e-05	-8.963177e-02	-9.089882e+00
4.345000e-05	6.253858e-02	-9.291982e+00
4.346000e-05	-1.228874e-02	-9.533561e+00
4.347000e-05	-1.680319e-02	-9.756696e+00
4.348000e-05	6.269039e-02	-9.976695e+00
4.349000e-05	-6.936330e-02	-1.025035e+01
4.350000e-05	6.790742e-02	-1.048891e+01
4.351000e-05	-7.742158e-02	-1.072051e+01
4.352000e-05	7.973864e-02	-1.086299e+01
4.353000e-05	-4.530345e-02	-1.113201e+01
4.354000e-05	4.609126e-02	-1.134364e+01
4.355000e-05	-2.177093e-02	-1.156520e+01
4.356000e-05	8.276877e-03	-1.183725e+01
4.357000e-05	-9.693594e-03	-1.199780e+01
4.358000e-05	-8.383480e-04	-1.223933e+01
4.359000e-05	2.799164e-02	-1.239720e+01
4.360000e-05	-4.080028e-03	-1.261775e+01
4.361000e-05	1.733969e-02	-1.278615e+01
4.362000e-05	-2.026317e-02	-1.296670e+01
4.363000e-05	2.120492e-02	-1.312561e+01
4.364000e-05	-1.513124e-02	-1.330204e+01
4.365000e-05	2.047481e-02	-1.347183e+01
4.366000e-05	-3.681936e-03	-1.360919e+01
4.367000e-05	1.858519e-02	-1.375770e+01
4.368000e-05	-6.639600e-03	-1.392457e+01
4.369000e-05	8.317373e-03	-1.410444e+01
4.370000e-05	1.285111e-03	-1.423984e+01
4.371000e-05	8.518572e-03	-1.440825e+01
4.372000e-05	4.109554e-03	-1.452352e+01
4.373000e-05	1.019280e-02	-1.464904e+01
4.374000e-05	7.455985e-03	-1.475718e+01
4.375000e-05	-1.654986e-04	-1.490442e+01
4.376000e-05	2.526099e-03	-1.496668e+01
4.377000e-05	6.357401e-03	-1.510247e+01
4.378000e-05	1.219938e-02	-1.518618e+01
4.379000e-05	8.725026e-03	-1.529089e+01
4.380000e-05	8.325118e-03	-1.536568e+01
4.381000e-05	4.323539e-03	-1.547089e+01
4.382000e-05	5.357415e-03	-1.552507e+01
4.383000e-05	6.494594e-03	-1.559823e+01
4.384000e-05	1.102333e-02	-1.563182e+01
4.385000e-05	8.397946e-03	-1.572404e+01
4.386000e-05	9.327102e-03	-1.577613e+01
4.387000e-05	7.002563e-03	-1.584876e+01
4.388000e-05	7.493872e-03	-1.584186e+01
4.389000e-05	9.662761e-03	-1.588355e+01
4.390000e-05	1.151908e-02	-1.593502e+01
4.391000e-05	1.283837e-02	-1.596718e+01
4.392000e-05	1.119691e-02	-1.600813e+01
4.393000e-05	1.291505e-02	-1.597773e+01
4.394000e-05	1.080197e-02	-1.599883e+01
4.395000e-05	1.144258e-02	-1.598868e+01
4.396000e-05	1.374652e-02	-1.603775e+01
4.397000e-05	1.874963e-02	-1.597768e+01
4.398000e-05	1.919369e-02	-1.600713e+01
4.399000e-05	1.873545e-02	-1.594650e+01
4.400000e-05	1.904332e-02	-1.594460e+01
4.401000e-05	2.045014e-02	-1.586250e+01
4.402000e-05	2.267136e-02	-1.585191e+01
4.403000e-05	2.593127e-02	-1.580771e+01
4.404000e-05	3.001862e-02	-1.575605e+01
4.405000e-05	2.910085e-02	-1.570357e+01
4.406000e-05	3.011794e-02	-1.562078e+01
4.407000e-05	3.131628e-02	-1.557920e+01
4.408000e-05	3.545638e-02	-1.554457e+01
4.409000e-05	4.021075e-02	-1.539878e+01
4.410000e-05	4.293366e-02	-1.532465e+01
4.411000e-05	4.818800e-02	-1.527936e+01
4.412000e-05	5.160818e-02	-1.514610e+01
4.413000e-05	5.702593e-02	-1.502089e+01
4.414000e-05	6.422101e-02	-1.494358e+01
4.415000e-05	7.267467e-02	-1.481986e+01
4.416000e-05	8.280052e-02	-1.471422e+01
4.417000e-05	9.660504e-02	-1.458926e+01
4.418000e-05	1.089787e-01	-1.447197e+01
4.419000e-05	1.228510e-01	-1.432660e+01
4.420000e-05	1.368530e-01	-1.416931e+01
4.421000e-05	1.513177e-01	-1.405136e+01
4.422000e-05	1.647337e-01	-1.390309e+01
4.423000e-05	1.732701e-01	-1.372623e+01
4.424000e-05	1.762601e-01	-1.359875e+01
4.425000e-05	1.739325e-01	-1.341039e+01
4.426000e-05	1.689329e-01	-1.327246e+01
4.427000e-05	1.588255e-01	-1.308257e+01
4.428000e-05	1.478396e-01	-1.290517e+01
4.429000e-05	1.345677e-01	-1.272717e+01
4.430000e-05	1.220794e-01	-1.253668e+01
4.431000e-05	1.088994e-01	-1.236828e+01
4.432000e-05	9.551118e-02	-1.214828e+01
4.433000e-05	8.342144e-02	-1.197673e+01
4.434000e-05	7.336433e-02	-1.174718e+01
4.435000e-05	6.516328e-02	-1.150772e+01
4.436000e-05	5.596197e-02	-1.125507e+01
4.437000e-05	4.741845e-02	-1.108404e+01
4.438000e-05	4.059145e-02	-1.084251e+01
4.439000e-05	3.396618e-02	-1.061194e+01
4.440000e-05	2.917829e-02	-1.045939e+01
4.441000e-05	2.483351e-02	-1.012783e+01
4.442000e-05	2.225410e-02	-9.936825e+00
4.443000e-05	1.814869e-02	-9.726720e+00
4.444000e-05	1.489480e-02	-9.485171e+00
4.445000e-05	1.054027e-02	-9.234013e+00
4.446000e-05	8.565570e-03	-9.001434e+00
4.447000e-05	7.332649e-03	-8.760376e+00
4.448000e-05	6.015264e-03	-8.556245e+00
4.449000e-05	4.759395e-03	-8.253664e+00
4.450000e-05	3.123990e-03	-8.022005e+00
4.451000e-05	1.984558e-03	-7.706246e+00
4.452000e-05	1.290315e-03	-7.441038e+00
4.453000e-05	-4.041224e-04	-7.188955e+00
4.454000e-05	2.746419e-04	-6.895292e+00
4.455000e-05	-4.656423e-04	-6.601959e+00
4.456000e-05	1.714367e-04	-6.319428e+00
4.457000e-05	-2.978335e-03	-6.064639e+00
4.458000e-05	-1.607818e-03	-5.769503e+00
4.459000e-05	-3.351649e-03	-5.476248e+00
4.460000e-05	-2.184976e-03	-5.189405e+00
4.461000e-05	-3.076486e-03	-4.893246e+00
4.462000e-05	-1.962590e-03	-4.579873e+00
4.463000e-05	-4.102620e-03	-4.315795e+00
4.464000e-05	-4.426946e-03	-4.084738e+00
4.465000e-05	-3.407822e-03	-3.740451e+00
4.466000e-05	-4.115984e-03	-3.456238e+00
4.467000e-05	-5.016487e-03	-3.222608e+00
4.468000e-05	-4.418647e-03	-2.905214e+00
4.469000e-05	-3.186379e-03	-2.592061e+00
4.470000e-05	-4.331699e-03	-2.369397e+00
4.471000e-05	-5.130739e-03	-2.032505e+00
4.472000e-05	-5.349619e-03	-1.767871e+00
4.473000e-05	-4.150042e-03	-1.425160e+00
4.474000e-05	-5.072436e-03	-1.117263e+00
4.475000e-05	-5.422778e-03	-8.121316e-01
4.476000e-05	-4.920353e-03	-4.757418e-01
4.477000e-05	-3.957209e-03	-2.116026e-01
4.478000e-05	2.231065e-03	9.100778e-02
4.479000e-05	2.813042e-03	3.983936e-01
4.480000e-05	-4.033013e-03	6.504525e-01
4.481000e-05	3.499475e-03	9.231080e-01
4.482000e-05	-4.714088e-03	1.229478e+00
4.483000e-05	2.700988e-04	1.524612e+00
4.484000e-05	-1.823541e-03	1.839979e+00
4.485000e-05	1.995370e-02	2.050479e+00
4.486000e-05	7.056981e-02	2.342663e+00
4.487000e-05	2.093162e-02	2.712083e+00
4.488000e-05	-8.431347e-02	3.008900e+00
4.489000e-05	-1.280788e-02	3.272538e+00
4.490000e-05	-3.123769e-02	3.618450e+00
4.491000e-05	-1.757088e-02	3.862556e+00
4.492000e-05	-4.989618e-02	4.050482e+00
4.493000e-05	1.049772e-01	4.352615e+00
4.494000e-05	-8.062952e-03	4.648900e+00
4.495000e-05	-9.946082e-02	4.883162e+00
4.496000e-05	1.775153e-01	5.248377e+00
4.497000e-05	-1.652763e-01	5.535142e+00
4.498000e-05	7.596201e-02	5.846300e+00
4.499000e-05	-5.119684e-02	6.124663e+00
4.500000e-05	3.255098e-02	6.344295e+00
4.501000e-05	2.661550e-02	6.649957e+00
4.502000e-05	-6.203185e-02	6.926064e+00
4.503000e-05	3.982929e-02	7.198700e+00
4.504000e-05	-5.140143e-02	7.502636e+00
4.505000e-05	3.398867e-02	7.776195e+00
4.506000e-05	-3.136590e-02	8.091479e+00
4.507000e-05	1.844516e-02	8.373617e+00
4.508000e-05	3.248734e-02	8.555670e+00
4.509000e-05	-5.837581e-02	8.787801e+00
4.510000e-05	2.432582e-02	9.110408e+00
4.511000e-05	-2.821967e-02	9.303591e+00
4.512000e-05	1.345920e-02	9.533642e+00
4.513000e-05	-1.194468e-02	9.805272e+00
4.514000e-05	7.812464e-03	1.003783e+01
4.515000e-05	-5.428883e-03	1.026091e+01
4.516000e-05	-1.582295e-02	1.051246e+01
4.517000e-05	-3.661639e-03	1.074257e+01
4.518000e-05	-9.974158e-03	1.091609e+01
4.519000e-05	8.197529e-03	1.115364e+01
4.520000e-05	-1.155018e-02	1.137608e+01
4.521000e-05	-5.001748e-03	1.166818e+01
4.522000e-05	-2.578716e-03	1.181981e+01
4.523000e-05	-5.275327e-03	1.202836e+01
4.524000e-05	-1.506009e-02	1.225038e+01
4.525000e-05	-4.417704e-03	1.242821e+01
4.526000e-05	2.836078e-03	1.261781e+01
4.527000e-05	-1.799671e-03	1.279725e+01
4.528000e-05	-1.634387e-02	1.296710e+01
4.529000e-05	-9.685397e-03	1.313409e+01
4.530000e-05	-7.191554e-03	1.333304e+01
4.531000e-05	-5.928982e-03	1.350097e+01
4.532000e-05	-9.769469e-03	1.365934e+01
4.533000e-05	-5.153514e-03	1.380873e+01
4.534000e-05	-5.103075e-03	1.395415e+01
4.535000e-05	-1.324762e-02	1.411352e+01
4.536000e-05	-8.053776e-03	1.430252e+01
4.537000e-05	-1.150879e-02	1.444936e+01
4.538000e-05	-7.006706e-03	1.457664e+01
4.539000e-05	-1.207253e-02	1.467042e+01
4.540000e-05	-5.892174e-03	1.479738e+01
4.541000e-05	-1.288770e-02	1.492347e+01
4.542000e-05	-1.493069e-02	1.500730e+01
4.543000e-05	-1.193160e-02	1.511397e+01
4.544000e-05	-8.251518e-03	1.519773e+01
4.545000e-05	-5.657814e-03	1.528255e+01
4.546000e-05	-1.258563e-02	1.536613e+01
4.547000e-05	-9.815356e-03	1.548134e+01
4.548000e-05	-1.586622e-02	1.554400e+01
4.549000e-05	-1.187369e-02	1.560826e+01
4.550000e-05	-1.544502e-02	1.569042e+01
4.551000e-05	-1.234619e-02	1.572457e+01
4.552000e-05	-1.482421e-02	1.578628e+01
4.553000e-05	-1.334425e-02	1.581994e+01
4.554000e-05	-1.489310e-02	1.588202e+01
4.555000e-05	-1.860201e-02	1.594504e+01
4.556000e-05	-1.297155e-02	1.595568e+01
4.557000e-05	-1.461446e-02	1.595615e+01
4.558000e-05	-1.463502e-02	1.599573e+01
4.559000e-05	-1.995067e-02	1.599921e+01
4.560000e-05	-1.898609e-02	1.599823e+01
4.561000e-05	-2.226300e-02	1.598826e+01
4.562000e-05	-2.360268e-02	1.601733e+01
4.563000e-05	-2.205680e-02	1.598820e+01
4.564000e-05	-2.280700e-02	1.597568e+01
4.565000e-05	-2.268760e-02	1.593570e+01
4.566000e-05	-2.856890e-02	1.596462e+01
4.567000e-05	-2.648314e-02	1.589404e+01
4.568000e-05	-3.081664e-02	1.585092e+01
4.569000e-05	-3.181562e-02	1.576886e+01
4.570000e-05	-3.542669e-02	1.576670e+01
4.571000e-05	-3.489288e-02	1.571249e+01
4.572000e-05	-3.762260e-02	1.565034e+01
4.573000e-05	-4.222850e-02	1.558718e+01
4.574000e-05	-4.310680e-02	1.551247e+01
4.575000e-05	-4.653100e-02	1.545926e+01
4.576000e-05	-4.894703e-02	1.531405e+01
4.577000e-05	-5.550676e-02	1.524932e+01
4.578000e-05	-5.943692e-02	1.514722e+01
4.579000e-05	-6.726723e-02	1.501088e+01
4.580000e-05	-7.601521e-02	1.491560e+01
4.581000e-05	-8.306222e-02	1.481036e+01
4.582000e-05	-9.399816e-02	1.469310e+01
4.583000e-05	-1.034589e-01	1.461934e+01
4.584000e-05	-1.205984e-01	1.448252e+01
4.585000e-05	-1.345047e-01	1.431358e+01
4.586000e-05	-1.500314e-01	1.416976e+01
4.587000e-05	-1.645183e-01	1.407041e+01
4.588000e-05	-1.732929e-01	1.385402e+01
4.589000e-05	-1.828976e-01	1.368455e+01
4.590000e-05	-1.822733e-01	1.353775e+01
4.591000e-05	-1.807603e-01	1.335878e+01
4.592000e-05	-1.733925e-01	1.320199e+01
4.593000e-05	-1.649443e-01	1.300149e+01
4.594000e-05	-1.525612e-01	1.288397e+01
4.595000e-05	-1.381569e-01	1.269515e+01
4.596000e-05	-1.240428e-01	1.252710e+01
4.597000e-05	-1.118097e-01	1.234618e+01
4.598000e-05	-9.980831e-02	1.214615e+01
4.599000e-05	-9.092784e-02	1.192873e+01
4.600000e-05	-7.976831e-02	1.170815e+01
4.601000e-05	-6.991344e-02	1.150560e+01
4.602000e-05	-5.999412e-02	1.125452e+01
4.603000e-05	-5.376554e-02	1.105154e+01
4.604000e-05	-4.702281e-02	1.082289e+01
4.605000e-05	-3.956910e-02	1.061994e+01
4.606000e-05	-3.654879e-02	1.041238e+01
4.607000e-05	-3.162013e-02	1.013880e+01
4.608000e-05	-2.929073e-02	9.936178e+00
4.609000e-05	-2.431468e-02	9.715642e+00
4.610000e-05	-2.206229e-02	9.422965e+00
4.611000e-05	-2.161267e-02	9.211885e+00
4.612000e-05	-1.725471e-02	8.968879e+00
4.613000e-05	-1.548145e-02	8.695148e+00
4.614000e-05	-1.313809e-02	8.493570e+00
4.615000e-05	-1.298714e-02	8.219960e+00
4.616000e-05	-1.087615e-02	7.947350e+00
4.617000e-05	-1.128696e-02	7.705644e+00
4.618000e-05	-1.054752e-02	7.392415e+00
4.619000e-05	-1.024002e-02	7.118276e+00
4.620000e-05	-9.937113e-03	6.876669e+00
4.621000e-05	-7.640370e-03	6.582009e+00
4.622000e-05	-7.615900e-03	6.274718e+00
4.623000e-05	-6.703223e-03	6.044617e+00
4.624000e-05	-6.781297e-03	5.768509e+00
4.625000e-05	-7.002395e-03	5.505221e+00
4.626000e-05	-6.073382e-03	5.170985e+00
4.627000e-05	-7.025264e-03	4.833084e+00
4.628000e-05	-6.423290e-03	4.568404e+00
4.629000e-05	-7.183667e-03	4.246843e+00
4.630000e-05	-6.024974e-03	3.979929e+00
4.631000e-05	-5.739964e-03	3.726796e+00
4.632000e-05	-5.004222e-03	3.404590e+00
4.633000e-05	-5.499336e-03	3.126872e+00
4.634000e-05	-5.664993e-03	2.862187e+00
4.635000e-05	-5.592661e-03	2.549332e+00
4.636000e-05	-5.289159e-03	2.244712e+00
4.637000e-05	-4.794349e-03	1.960577e+00
4.638000e-05	-5.659872e-03	1.656214e+00
4.639000e-05	-5.252176e-03	1.369952e+00
4.640000e-05	-5.251695e-03	1.066188e+00
4.641000e-05	-4.625553e-03	7.269455e-01
4.642000e-05	-4.227712e-03	4.351617e-01
4.643000e-05	-2.217592e-03	1.103967e-01
4.644000e-05	3.879483e-03	-1.673121e-01
4.645000e-05	5.487554e-03	-3.884200e-01
4.646000e-05	-3.494403e-03	-7.357595e-01
4.647000e-05	2.743017e-03	-9.559161e-01
4.648000e-05	-3.925020e-03	-1.240046e+00
4.649000e-05	9.733194e-04	-1.598874e+00
4.650000e-05	9.737217e-03	-1.818898e+00
4.651000e-05	5.821258e-02	-2.030496e+00
4.652000e-05	7.683667e-02	-2.376813e+00
4.653000e-05	-1.075882e-01	-2.784713e+00
4.654000e-05	1.434444e-02	-3.152738e+00
4.655000e-05	-5.179945e-02	-3.417974e+00
4.656000e-05	-1.173692e-02	-3.609503e+00
4.657000e-05	-8.535920e-02	-3.894214e+00
4.658000e-05	2.062037e-01	-4.094109e+00
4.659000e-05	-1.448970e-01	-4.364215e+00
4.660000e-05	7.994777e-02	-4.691056e+00
4.661000e-05	4.676822e-02	-4.925087e+00
4.662000e-05	-1.396262e-01	-5.332504e+00
4.663000e-05	1.606324e-01	-5.575715e+00
4.664000e-05	-1.782444e-01	-5.849004e+00
4.665000e-05	1.361110e-01	-6.125591e+00
4.666000e-05	5.983140e-04	-6.418374e+00
4.667000e-05	-6.890937e-02	-6.732107e+00
4.668000e-05	1.009769e-01	-7.006747e+00
4.669000e-05	-1.640093e-01	-7.301533e+00
4.670000e-05	1.482687e-01	-7.544688e+00
4.671000e-05	-9.741071e-02	-7.828354e+00
4.672000e-05	9.603465e-02	-8.133663e+00
4.673000e-05	9.188651e-03	-8.373692e+00
4.674000e-05	-8.626422e-02	-8.669879e+00
4.675000e-05	1.022970e-01	-8.890510e+00
4.676000e-05	-1.087488e-01	-9.144588e+00
4.677000e-05	1.175104e-01	-9.376640e+00
4.678000e-05	-9.549540e-02	-9.618297e+00
4.679000e-05	7.410956e-02	-9.858883e+00
4.680000e-05	-2.652695e-02	-1.007089e+01
4.681000e-05	7.859980e-03	-1.027557e+01
4.682000e-05	1.110983e-02	-1.055314e+01
4.683000e-05	-3.383058e-02	-1.076665e+01
4.684000e-05	6.001023e-02	-1.096817e+01
4.685000e-05	-4.626219e-02	-1.121778e+01
4.686000e-05	5.874913e-02	-1.145933e+01
4.687000e-05	-4.498197e-02	-1.168189e+01
4.688000e-05	3.568863e-02	-1.190146e+01
4.689000e-05	-3.774416e-02	-1.210196e+01
4.690000e-05	3.481250e-02	-1.226204e+01
4.691000e-05	-2.675893e-03	-1.244986e+01
4.692000e-05	1.810394e-02	-1.268130e+01
4.693000e-05	-7.469878e-03	-1.283976e+01
4.694000e-05	9.302173e-04	-1.305875e+01
4.695000e-05	6.306213e-03	-1.314675e+01
4.696000e-05	-2.852905e-03	-1.338510e+01
4.697000e-05	1.573908e-02	-1.352394e+01
4.698000e-05	9.185006e-04	-1.370996e+01
4.699000e-05	1.414152e-02	-1.384903e+01
4.700000e-05	-1.031960e-02	-1.397965e+01
4.701000e-05	1.326967e-02	-1.416615e+01
4.702000e-05	-1.478402e-03	-1.431246e+01
4.703000e-05	1.169952e-02	-1.443883e+01
4.704000e-05	1.430357e-03	-1.456319e+01
4.705000e-05	1.564829e-02	-1.468359e+01
4.706000e-05	3.432422e-03	-1.480771e+01
4.707000e-05	2.399993e-03	-1.490452e+01
4.708000e-05	1.098247e-03	-1.501776e+01
4.709000e-05	7.416090e-03	-1.515355e+01
4.710000e-05	1.206208e-02	-1.520923e+01
4.711000e-05	8.792946e-03	-1.530394e+01
4.712000e-05	7.317972e-03	-1.540625e+01
4.713000e-05	2.539258e-03	-1.547302e+01
4.714000e-05	6.659287e-03	-1.555617e+01
4.715000e-05	9.747866e-03	-1.560831e+01
4.716000e-05	1.170231e-02	-1.566192e+01
4.717000e-05	8.050380e-03	-1.572460e+01
4.718000e-05	8.034698e-03	-1.576823e+01
4.719000e-05	7.693526e-03	-1.582871e+01
4.720000e-05	8.106614e-03	-1.587139e+01
4.721000e-05	9.952054e-03	-1.592305e+01
4.722000e-05	1.144801e-02	-1.598442e+01
4.723000e-05	1.215762e-02	-1.598573e+01
4.724000e-05	1.208994e-02	-1.596725e+01
4.725000e-05	1.325528e-02	-1.598675e+01
4.726000e-05	1.023775e-02	-1.602926e+01
4.727000e-05	1.196399e-02	-1.597825e+01
4.728000e-05	1.504678e-02	-1.598823e+01
4.729000e-05	1.947513e-02	-1.597760e+01
4.730000e-05	1.906405e-02	-1.594605e+01
4.731000e-05	1.846028e-02	-1.594513e+01
4.732000e-05	1.964369e-02	-1.592457e+01
4.733000e-05	2.018455e-02	-1.590194e+01
4.734000e-05	2.299097e-02	-1.582882e+01
4.735000e-05	2.622373e-02	-1.579918e+01
4.736000e-05	2.985914e-02	-1.574463e+01
4.737000e-05	3.083260e-02	-1.567297e+01
4.738000e-05	3.113228e-02	-1.562981e+01
4.739000e-05	3.287245e-02	-1.553817e+01
4.740000e-05	3.597605e-02	-1.549197e+01
4.741000e-05	4.060705e-02	-1.535818e+01
4.742000e-05	4.489742e-02	-1.530152e+01
4.743000e-05	4.924424e-02	-1.520831e+01
4.744000e-05	5.413886e-02	-1.511350e+01
4.745000e-05	5.944375e-02	-1.499826e+01
4.746000e-05	6.664054e-02	-1.489509e+01
4.747000e-05	7.638901e-02	-1.481779e+01
4.748000e-05	8.805684e-02	-1.466249e+01
4.749000e-05	1.002307e-01	-1.456668e+01
4.750000e-05	1.142095e-01	-1.446087e+01
4.751000e-05	1.279395e-01	-1.427309e+01
4.752000e-05	1.426784e-01	-1.415617e+01
4.753000e-05	1.564411e-01	-1.403036e+01
4.754000e-05	1.680973e-01	-1.385051e+01
4.755000e-05	1.750659e-01	-1.369357e+01
4.756000e-05	1.770535e-01	-1.352705e+01
4.757000e-05	1.728615e-01	-1.332721e+01
4.758000e-05	1.656950e-01	-1.322833e+01
4.759000e-05	1.554359e-01	-1.300996e+01
4.760000e-05	1.437440e-01	-1.284104e+01
4.761000e-05	1.312170e-01	-1.265457e+01
4.762000e-05	1.168822e-01	-1.246352e+01
4.763000e-05	1.045942e-01	-1.230370e+01
4.764000e-05	9.273705e-02	-1.207712e+01
4.765000e-05	8.004799e-02	-1.188557e+01
4.766000e-05	7.032315e-02	-1.168554e+01
4.767000e-05	6.130861e-02	-1.148306e+01
4.768000e-05	5.354069e-02	-1.120988e+01
4.769000e-05	4.426434e-02	-1.095840e+01
4.770000e-05	3.745296e-02	-1.080838e+01
4.771000e-05	3.146160e-02	-1.052936e+01
4.772000e-05	2.756674e-02	-1.035870e+01
4.773000e-05	2.389736e-02	-1.012564e+01
4.774000e-05	2.110718e-02	-9.843543e+00
4.775000e-05	1.715787e-02	-9.642012e+00
4.776000e-05	1.364556e-02	-9.360964e+00
4.777000e-05	9.977636e-03	-9.169350e+00
4.778000e-05	7.492493e-03	-8.896227e+00
4.779000e-05	5.312045e-03	-8.685070e+00
4.780000e-05	5.103235e-03	-8.393005e+00
4.781000e-05	4.659488e-03	-8.169375e+00
4.782000e-05	3.100277e-03	-7.917199e+00
4.783000e-05	1.545789e-03	-7.612484e+00
4.784000e-05	1.860055e-03	-7.338270e+00
4.785000e-05	7.987918e-04	-7.073043e+00
4.786000e-05	-1.133943e-03	-6.798929e+00
4.787000e-05	-1.339951e-03	-6.505822e+00
4.788000e-05	-1.220402e-03	-6.244592e+00
4.789000e-05	-2.151402e-03	-5.970429e+00
4.790000e-05	-1.677076e-03	-5.705270e+00
4.791000e-05	-3.572918e-03	-5.392504e+00
4.792000e-05	-2.088680e-03	-5.095692e+00
4.793000e-05	-1.879080e-03	-4.779426e+00
4.794000e-05	-2.457391e-03	-4.465243e+00
4.795000e-05	-3.220715e-03	-4.224663e+00
4.796000e-05	-5.217998e-03	-3.930927e+00
4.797000e-05	-4.419146e-03	-3.663212e+00
4.798000e-05	-5.136191e-03	-3.380556e+00
4.799000e-05	-3.173241e-03	-3.115796e+00
4.800000e-05	-5.282012e-03	-2.799029e+00
4.801000e-05	-3.869857e-03	-2.507321e+00
4.802000e-05	-5.390394e-03	-2.223136e+00
4.803000e-05	-3.413239e-03	-1.896771e+00
4.804000e-05	-5.559284e-03	-1.653710e+00
4.805000e-05	-4.250090e-03	-1.301269e+00
4.806000e-05	-5.384208e-03	-9.605026e-01
4.807000e-05	-4.229499e-03	-7.158707e-01
4.808000e-05	-5.047817e-03	-4.019761e-01
4.809000e-05	-3.239354e-03	-8.986328e-02
4.810000e-05	7.406601e-03	2.268424e-01
4.811000e-05	-3.985524e-03	4.696043e-01
4.812000e-05	1.728358e-03	7.346884e-01
4.813000e-05	-1.960212e-03	1.039425e+00
4.814000e-05	1.081179e-04	1.314661e+00
4.815000e-05	-6.150303e-03	1.649554e+00
4.816000e-05	8.928246e-03	1.904163e+00
4.817000e-05	2.594532e-02	2.164740e+00
4.818000e-05	9.262545e-02	2.419375e+00
4.819000e-05	-5.513324e-02	2.836897e+00
4.820000e-05	-4.343156e-02	3.143665e+00
4.821000e-05	-3.299306e-02	3.447849e+00
4.822000e-05	-5.405548e-03	3.722109e+00
4.823000e-05	-5.894367e-02	3.954861e+00
4.824000e-05	2.430806e-03	4.125169e+00
4.825000e-05	1.230556e-01	4.439428e+00
4.826000e-05	-1.154617e-01	4.763137e+00
4.827000e-05	4.538708e-02	5.007275e+00
4.828000e-05	6.949992e-02	5.364637e+00
4.829000e-05	-1.296066e-01	5.628429e+00
4.830000e-05	8.931029e-02	5.954163e+00
4.831000e-05	-7.324470e-02	6.198901e+00
4.832000e-05	7.566996e-02	6.439434e+00
4.833000e-05	-2.834173e-02	6.755194e+00
4.834000e-05	-3.143780e-02	7.028376e+00
4.835000e-05	2.882144e-02	7.290964e+00
4.836000e-05	-5.226653e-02	7.638305e+00
4.837000e-05	5.230225e-02	7.871514e+00
4.838000e-05	-6.137487e-02	8.177170e+00
4.839000e-05	6.768311e-02	8.418303e+00
4.840000e-05	-2.288144e-02	8.618933e+00
4.841000e-05	-3.097687e-02	8.932567e+00
4.842000e-05	2.263621e-02	9.103171e+00
4.843000e-05	-3.914050e-02	9.386276e+00
4.844000e-05	3.376370e-02	9.638756e+00
4.845000e-05	-3.778388e-02	9.881037e+00
4.846000e-05	3.583280e-02	1.011364e+01
4.847000e-05	-3.828170e-02	1.033459e+01
4.848000e-05	9.777120e-03	1.057707e+01
4.849000e-05	-2.117659e-02	1.079630e+01
4.850000e-05	4.431535e-03	1.103975e+01
4.851000e-05	2.325529e-03	1.120888e+01
4.852000e-05	-1.637744e-02	1.147244e+01
4.853000e-05	4.526618e-03	1.171146e+01
4.854000e-05	-1.512853e-02	1.191099e+01
4.855000e-05	2.508226e-03	1.208441e+01
4.856000e-05	-2.522228e-02	1.230151e+01
4.857000e-05	1.150823e-02	1.249241e+01
4.858000e-05	-7.007385e-03	1.269048e+01
4.859000e-05	-8.960439e-04	1.287039e+01
4.860000e-05	-1.879900e-02	1.305988e+01
4.861000e-05	-7.840920e-03	1.322720e+01
4.862000e-05	-6.373173e-03	1.342665e+01
4.863000e-05	-1.162396e-02	1.354357e+01
4.864000e-05	-2.842985e-03	1.371194e+01
4.865000e-05	-9.177989e-03	1.386946e+01
4.866000e-05	-2.383654e-03	1.398866e+01
4.867000e-05	-1.835870e-02	1.421668e+01
4.868000e-05	-4.564758e-03	1.437457e+01
4.869000e-05	-1.360565e-02	1.445137e+01
4.870000e-05	-6.480694e-03	1.463826e+01
4.871000e-05	-9.796978e-03	1.473259e+01
4.872000e-05	-8.353142e-03	1.482026e+01
4.873000e-05	-1.198193e-02	1.493560e+01
4.874000e-05	-1.730947e-02	1.505986e+01
4.875000e-05	-7.365473e-03	1.511504e+01
4.876000e-05	-1.195676e-02	1.520781e+01
4.877000e-05	-5.875575e-03	1.533552e+01
4.878000e-05	-1.338242e-02	1.541973e+01
4.879000e-05	-9.958001e-03	1.551342e+01
4.880000e-05	-1.490965e-02	1.559513e+01
4.881000e-05	-1.403459e-02	1.566029e+01
4.882000e-05	-1.184295e-02	1.566197e+01
4.883000e-05	-1.586244e-02	1.576513e+01
4.884000e-05	-1.203126e-02	1.582773e+01
4.885000e-05	-1.589153e-02	1.588039e+01
4.886000e-05	-1.324379e-02	1.590302e+01
4.887000e-05	-1.921489e-02	1.592465e+01
4.888000e-05	-1.345209e-02	1.596767e+01
4.889000e-05	-1.540442e-02	1.597670e+01
4.890000e-05	-1.561647e-02	1.600771e+01
4.891000e-05	-1.757245e-02	1.599071e+01
4.892000e-05	-2.046601e-02	1.599985e+01
4.893000e-05	-2.118443e-02	1.602973e+01
4.894000e-05	-2.436935e-02	1.601976e+01
4.895000e-05	-2.107736e-02	1.601773e+01
4.896000e-05	-2.394928e-02	1.595823e+01
4.897000e-05	-2.370493e-02	1.597715e+01
4.898000e-05	-2.865700e-02	1.593560e+01
4.899000e-05	-2.826809e-02	1.588187e+01
4.900000e-05	-3.098355e-02	1.585091e+01
4.901000e-05	-3.375923e-02	1.578873e+01
4.902000e-05	-3.331156e-02	1.572515e+01
4.903000e-05	-3.690263e-02	1.566347e+01
4.904000e-05	-3.787788e-02	1.563028e+01
4.905000e-05	-4.366357e-02	1.552515e+01
4.906000e-05	-4.392703e-02	1.548387e+01
4.907000e-05	-4.858271e-02	1.539825e+01
4.908000e-05	-5.053539e-02	1.529295e+01
4.909000e-05	-5.611311e-02	1.520826e+01
4.910000e-05	-6.160764e-02	1.514307e+01
4.911000e-05	-6.839899e-02	1.495984e+01
4.912000e-05	-7.895571e-02	1.490309e+01
4.913000e-05	-8.562148e-02	1.476728e+01
4.914000e-05	-9.852043e-02	1.463294e+01
4.915000e-05	-1.095682e-01	1.451565e+01
4.916000e-05	-1.248051e-01	1.438984e+01
4.917000e-05	-1.393804e-01	1.428149e+01
4.918000e-05	-1.546996e-01	1.413563e+01
4.919000e-05	-1.681985e-01	1.397768e+01
4.920000e-05	-1.749521e-01	1.380829e+01
4.921000e-05	-1.855445e-01	1.369254e+01
4.922000e-05	-1.819451e-01	1.349660e+01
4.923000e-05	-1.805955e-01	1.332722e+01
4.924000e-05	-1.696994e-01	1.318983e+01
4.925000e-05	-1.595172e-01	1.296933e+01
4.926000e-05	-1.455827e-01	1.283089e+01
4.927000e-05	-1.336403e-01	1.265201e+01
4.928000e-05	-1.203703e-01	1.246194e+01
4.929000e-05	-1.085636e-01	1.227460e+01
4.930000e-05	-9.695177e-02	1.209399e+01
4.931000e-05	-8.699280e-02	1.184354e+01
4.932000e-05	-7.526739e-02	1.164297e+01
4.933000e-05	-6.544331e-02	1.141034e+01
4.934000e-05	-5.497141e-02	1.117934e+01
4.935000e-05	-5.035775e-02	1.097785e+01
4.936000e-05	-4.463385e-02	1.076823e+01
4.937000e-05	-4.034087e-02	1.052720e+01
4.938000e-05	-3.517481e-02	1.028572e+01
4.939000e-05	-3.204834e-02	1.011415e+01
4.940000e-05	-2.648099e-02	9.812968e+00
4.941000e-05	-2.362301e-02	9.609933e+00
4.942000e-05	-2.081598e-02	9.338831e+00
4.943000e-05	-1.961566e-02	9.136799e+00
4.944000e-05	-1.581283e-02	8.865141e+00
4.945000e-05	-1.527564e-02	8.642462e+00
4.946000e-05	-1.278336e-02	8.400980e+00
4.947000e-05	-1.296297e-02	8.127897e+00
4.948000e-05	-1.110967e-02	7.854139e+00
4.949000e-05	-1.161464e-02	7.561935e+00
4.950000e-05	-1.076541e-02	7.326244e+00
4.951000e-05	-8.518573e-03	7.072036e+00
4.952000e-05	-9.172889e-03	6.771454e+00
4.953000e-05	-7.416539e-03	6.475723e+00
4.954000e-05	-7.298213e-03	6.232515e+00
4.955000e-05	-6.269701e-03	5.939428e+00
4.956000e-05	-6.122911e-03	5.654216e+00
4.957000e-05	-6.424048e-03	5.422533e+00
4.958000e-05	-7.092153e-03	5.036548e+00
4.959000e-05	-7.566310e-03	4.738324e+00
4.960000e-05	-6.535576e-03	4.445189e+00
4.961000e-05	-6.032941e-03	4.179484e+00
4.962000e-05	-5.463126e-03	3.884793e+00
4.963000e-05	-5.793791e-03	3.641609e+00
4.964000e-05	-5.268495e-03	3.316322e+00
4.965000e-05	-5.624178e-03	3.003113e+00
4.966000e-05	-4.675384e-03	2.769451e+00
4.967000e-05	-5.787750e-03	2.416087e+00
4.968000e-05	-5.488985e-03	2.109425e+00
4.969000e-05	-5.661050e-03	1.897322e+00
4.970000e-05	-5.358671e-03	1.590055e+00
4.971000e-05	-5.138381e-03	1.275767e+00
4.972000e-05	-5.212218e-03	9.182683e-01
4.973000e-05	-4.071691e-03	6.036353e-01
4.974000e-05	-2.939474e-03	3.584972e-01
4.975000e-05	-1.091647e-03	1.263776e-02
4.976000e-05	9.448175e-03	-2.406040e-01
4.977000e-05	-3.547859e-03	-5.231318e-01
4.978000e-05	3.283772e-03	-8.189199e-01
4.979000e-05	-2.848031e-03	-1.061055e+00
4.980000e-05	2.409399e-03	-1.416789e+00
4.981000e-05	-3.184577e-03	-1.649526e+00
4.982000e-05	2.525091e-02	-1.923210e+00
4.983000e-05	8.972029e-02	-2.116287e+00
4.984000e-05	6.194753e-04	-2.523056e+00
4.985000e-05	-8.183311e-02	-2.841004e+00
4.986000e-05	7.401082e-03	-3.229504e+00
4.987000e-05	-3.929510e-02	-3.513683e+00
4.988000e-05	-5.363410e-02	-3.705158e+00
4.989000e-05	2.107235e-02	-3.967346e+00
4.990000e-05	1.566844e-01	-4.166246e+00
4.991000e-05	-1.965904e-01	-4.482083e+00
4.992000e-05	1.881433e-01	-4.765242e+00
4.993000e-05	-1.207776e-01	-5.047876e+00
4.994000e-05	3.033007e-02	-5.397250e+00
4.995000e-05	4.717148e-02	-5.668479e+00
4.996000e-05	-1.304660e-01	-5.965191e+00
4.997000e-05	1.939618e-01	-6.220354e+00
4.998000e-05	-1.251213e-01	-6.532058e+00
4.999000e-05	5.831231e-02	-6.798246e+00
