# 260410_16:02:17.414827
t	CH1	CH2
0.000000e+00	-1.473974e-03	-9.574169e-01
1.000000e-08	2.073749e-04	-1.115784e+00
2.000000e-08	1.824906e-02	-1.293708e+00
3.000000e-08	9.200432e-02	-1.514179e+00
4.000000e-08	-3.319544e-02	-1.766791e+00
5.000000e-08	-3.686471e-02	-2.000970e+00
6.000000e-08	-4.892845e-02	-2.292674e+00
7.000000e-08	-9.490027e-02	-2.410520e+00
8.000000e-08	1.334495e-01	-2.463810e+00
9.000000e-08	3.841827e-02	-2.620094e+00
1.000000e-07	-1.474603e-01	-2.812151e+00
1.100000e-07	1.787634e-01	-2.980576e+00
1.200000e-07	-9.185718e-02	-3.160046e+00
1.300000e-07	-7.161120e-02	-3.401069e+00
1.400000e-07	1.714467e-01	-3.526290e+00
1.500000e-07	-1.223019e-01	-3.727332e+00
1.600000e-07	-1.202183e-02	-3.935941e+00
1.700000e-07	1.513975e-01	-4.044180e+00
1.800000e-07	-1.046791e-01	-4.313805e+00
1.900000e-07	8.577652e-02	-4.432076e+00
2.000000e-07	-1.103125e-01	-4.598592e+00
2.100000e-07	-2.191450e-02	-4.819092e+00
2.200000e-07	1.575861e-01	-4.968470e+00
2.300000e-07	-9.943218e-02	-5.148015e+00
2.400000e-07	5.339735e-02	-5.324911e+00
2.500000e-07	-3.885890e-02	-5.535958e+00
2.600000e-07	-1.912024e-03	-5.675384e+00
2.700000e-07	5.893180e-02	-5.811727e+00
2.800000e-07	-8.528055e-02	-5.988594e+00
2.900000e-07	1.040801e-01	-6.159071e+00
3.000000e-07	-6.501510e-02	-6.325434e+00
3.100000e-07	1.160472e-02	-6.504300e+00
3.200000e-07	5.613221e-02	-6.651594e+00
3.300000e-07	-6.338240e-02	-6.779468e+00
3.400000e-07	6.240195e-02	-6.887382e+00
3.500000e-07	-6.690292e-02	-7.124403e+00
3.600000e-07	6.908182e-02	-7.203194e+00
3.700000e-07	6.645762e-03	-7.367538e+00
3.800000e-07	-3.376085e-02	-7.514363e+00
3.900000e-07	3.005871e-02	-7.600697e+00
4.000000e-07	-2.988401e-02	-7.832172e+00
4.100000e-07	5.445615e-02	-7.937512e+00
4.200000e-07	-3.145033e-02	-8.043805e+00
4.300000e-07	2.903827e-02	-8.189643e+00
4.400000e-07	1.156448e-02	-8.293833e+00
4.500000e-07	-1.808249e-02	-8.420073e+00
4.600000e-07	1.595004e-02	-8.445832e+00
4.700000e-07	-1.059122e-02	-8.622695e+00
4.800000e-07	4.385902e-02	-8.759966e+00
4.900000e-07	-1.977677e-02	-8.863204e+00
5.000000e-07	1.188687e-02	-8.958019e+00
5.100000e-07	5.922949e-03	-9.012702e+00
5.200000e-07	8.979869e-03	-9.137434e+00
5.300000e-07	7.639667e-03	-9.200072e+00
5.400000e-07	-4.644057e-03	-9.293856e+00
5.500000e-07	2.062949e-02	-9.326562e+00
5.600000e-07	-6.244539e-04	-9.462329e+00
5.700000e-07	1.351404e-02	-9.508516e+00
5.800000e-07	1.136635e-03	-9.631675e+00
5.900000e-07	5.788279e-03	-9.684282e+00
6.000000e-07	3.406427e-03	-9.727032e+00
6.100000e-07	1.404068e-02	-9.800642e+00
6.200000e-07	1.693710e-02	-9.864304e+00
6.300000e-07	1.290612e-03	-9.914883e+00
6.400000e-07	1.429991e-03	-9.959918e+00
6.500000e-07	5.716299e-03	-9.980569e+00
6.600000e-07	1.748940e-02	-1.005160e+01
6.700000e-07	8.330219e-03	-1.008433e+01
6.800000e-07	4.772654e-03	-1.014648e+01
6.900000e-07	6.267850e-03	-1.016709e+01
7.000000e-07	1.101751e-02	-1.016910e+01
7.100000e-07	1.100946e-02	-1.021167e+01
7.200000e-07	8.886496e-03	-1.021375e+01
7.300000e-07	6.512462e-03	-1.025225e+01
7.400000e-07	1.184181e-02	-1.030438e+01
7.500000e-07	1.275324e-02	-1.029738e+01
7.600000e-07	1.003873e-02	-1.029546e+01
7.700000e-07	6.992897e-03	-1.032702e+01
7.800000e-07	8.846320e-03	-1.031594e+01
7.900000e-07	1.333954e-02	-1.026743e+01
8.000000e-07	1.464579e-02	-1.033650e+01
8.100000e-07	1.343499e-02	-1.028546e+01
8.200000e-07	1.361916e-02	-1.025445e+01
8.300000e-07	1.113033e-02	-1.023330e+01
8.400000e-07	1.328968e-02	-1.019432e+01
8.500000e-07	1.587668e-02	-1.020112e+01
8.600000e-07	1.733754e-02	-1.010907e+01
8.700000e-07	1.727201e-02	-1.012441e+01
8.800000e-07	1.698894e-02	-1.007283e+01
8.900000e-07	1.730648e-02	-1.005128e+01
9.000000e-07	1.696694e-02	-1.001959e+01
9.100000e-07	1.868710e-02	-9.988992e+00
9.200000e-07	2.155221e-02	-9.876835e+00
9.300000e-07	2.211885e-02	-9.883802e+00
9.400000e-07	2.031761e-02	-9.801621e+00
9.500000e-07	2.075251e-02	-9.757967e+00
9.600000e-07	2.268371e-02	-9.694787e+00
9.700000e-07	2.269022e-02	-9.631202e+00
9.800000e-07	2.228413e-02	-9.579646e+00
9.900000e-07	2.388864e-02	-9.496383e+00
1.000000e-06	2.578135e-02	-9.373629e+00
1.010000e-06	2.586748e-02	-9.295584e+00
1.020000e-06	2.454908e-02	-9.221674e+00
1.030000e-06	2.358000e-02	-9.116942e+00
1.040000e-06	2.575098e-02	-9.061776e+00
1.050000e-06	2.570452e-02	-8.939445e+00
1.060000e-06	2.714334e-02	-8.860753e+00
1.070000e-06	2.569746e-02	-8.780097e+00
1.080000e-06	2.582097e-02	-8.655834e+00
1.090000e-06	2.512485e-02	-8.557066e+00
1.100000e-06	2.718632e-02	-8.431226e+00
1.110000e-06	2.604967e-02	-8.306892e+00
1.120000e-06	2.635252e-02	-8.241128e+00
1.130000e-06	2.624024e-02	-8.115890e+00
1.140000e-06	2.587541e-02	-8.021122e+00
1.150000e-06	2.500154e-02	-7.874833e+00
1.160000e-06	2.365290e-02	-7.705484e+00
1.170000e-06	2.261010e-02	-7.559047e+00
1.180000e-06	2.404179e-02	-7.421275e+00
1.190000e-06	2.391826e-02	-7.295806e+00
1.200000e-06	2.265246e-02	-7.169024e+00
1.210000e-06	1.966924e-02	-7.042228e+00
1.220000e-06	1.853674e-02	-6.872331e+00
1.230000e-06	2.009885e-02	-6.723912e+00
1.240000e-06	1.908624e-02	-6.540049e+00
1.250000e-06	1.647145e-02	-6.430629e+00
1.260000e-06	1.523303e-02	-6.316366e+00
1.270000e-06	1.505562e-02	-6.063938e+00
1.280000e-06	1.389011e-02	-5.978443e+00
1.290000e-06	1.271544e-02	-5.821252e+00
1.300000e-06	1.091101e-02	-5.664784e+00
1.310000e-06	1.124713e-02	-5.507313e+00
1.320000e-06	9.868361e-03	-5.253891e+00
1.330000e-06	9.475751e-03	-5.106420e+00
1.340000e-06	6.435333e-03	-4.877392e+00
1.350000e-06	4.161940e-03	-4.685889e+00
1.360000e-06	3.872348e-03	-4.558921e+00
1.370000e-06	8.510161e-03	-4.390573e+00
1.380000e-06	4.362984e-03	-4.252208e+00
1.390000e-06	4.548504e-03	-4.085338e+00
1.400000e-06	5.978808e-04	-3.947417e+00
1.410000e-06	4.209579e-03	-3.696399e+00
1.420000e-06	2.165853e-03	-3.527469e+00
1.430000e-06	3.807277e-03	-3.379376e+00
1.440000e-06	1.376803e-03	-3.201594e+00
1.450000e-06	1.993709e-03	-2.980554e+00
1.460000e-06	-4.074612e-04	-2.820025e+00
1.470000e-06	-1.555790e-03	-2.643133e+00
1.480000e-06	-1.713512e-03	-2.422712e+00
1.490000e-06	4.207650e-04	-2.345236e+00
1.500000e-06	-5.740357e-04	-2.041711e+00
1.510000e-06	4.999057e-04	-1.895312e+00
1.520000e-06	-7.033981e-04	-1.735367e+00
1.530000e-06	-1.593357e-03	-1.546866e+00
1.540000e-06	-3.104901e-03	-1.215263e+00
1.550000e-06	-3.631793e-03	-1.065738e+00
1.560000e-06	-2.386903e-03	-9.058122e-01
1.570000e-06	-1.999763e-03	-7.058397e-01
1.580000e-06	-1.330116e-03	-4.633384e-01
1.590000e-06	-3.176788e-03	-3.163433e-01
1.600000e-06	-2.453580e-03	-1.252723e-01
1.610000e-06	2.118958e-03	4.200894e-02
1.620000e-06	2.465296e-03	2.310266e-01
1.630000e-06	-2.773510e-03	4.419738e-01
1.640000e-06	1.981696e-03	5.699209e-01
1.650000e-06	-3.039307e-03	7.464171e-01
1.660000e-06	-2.326023e-03	8.952619e-01
1.670000e-06	-2.831779e-03	1.175907e+00
1.680000e-06	4.672314e-03	1.305836e+00
1.690000e-06	3.025599e-02	1.535813e+00
1.700000e-06	6.863580e-02	1.768538e+00
1.710000e-06	-4.101111e-02	2.000471e+00
1.720000e-06	-4.161921e-02	2.178390e+00
1.730000e-06	-4.453672e-02	2.346293e+00
1.740000e-06	-7.362658e-02	2.452182e+00
1.750000e-06	5.468250e-02	2.623100e+00
1.760000e-06	1.156768e-01	2.819999e+00
1.770000e-06	-1.684295e-01	2.977470e+00
1.780000e-06	1.218029e-01	3.105816e+00
1.790000e-06	-7.205441e-03	3.335386e+00
1.800000e-06	-9.286090e-02	3.558411e+00
1.810000e-06	9.734128e-02	3.663655e+00
1.820000e-06	-3.121256e-02	3.882753e+00
1.830000e-06	-8.092158e-02	4.010624e+00
1.840000e-06	1.010410e-01	4.218072e+00
1.850000e-06	-3.189345e-02	4.462073e+00
1.860000e-06	-2.941709e-03	4.551043e+00
1.870000e-06	-3.316351e-02	4.798436e+00
1.880000e-06	-4.257708e-02	4.980059e+00
1.890000e-06	5.764394e-02	5.219096e+00
1.900000e-06	-3.896696e-03	5.378496e+00
1.910000e-06	2.875094e-05	5.525336e+00
1.920000e-06	-3.806141e-02	5.666132e+00
1.930000e-06	1.035294e-02	5.904732e+00
1.940000e-06	7.168361e-04	6.032550e+00
1.950000e-06	-3.136035e-02	6.180092e+00
1.960000e-06	2.569702e-02	6.346360e+00
1.970000e-06	-2.435565e-02	6.444651e+00
1.980000e-06	-3.917853e-03	6.653196e+00
1.990000e-06	2.168123e-03	6.790575e+00
2.000000e-06	-2.712756e-02	6.927913e+00
2.010000e-06	2.751439e-04	7.064753e+00
2.020000e-06	-8.412700e-03	7.220620e+00
2.030000e-06	5.532299e-03	7.318885e+00
2.040000e-06	-7.430144e-03	7.515952e+00
2.050000e-06	-2.096404e-02	7.684252e+00
2.060000e-06	-6.995937e-03	7.792645e+00
2.070000e-06	-1.033734e-02	7.949917e+00
2.080000e-06	2.098483e-03	8.114407e+00
2.090000e-06	-1.487285e-02	8.201594e+00
2.100000e-06	-7.054470e-03	8.346415e+00
2.110000e-06	2.609198e-03	8.430202e+00
2.120000e-06	-1.615003e-02	8.527386e+00
2.130000e-06	-1.520855e-02	8.580572e+00
2.140000e-06	-1.650952e-02	8.716887e+00
2.150000e-06	4.091148e-03	8.810497e+00
2.160000e-06	-7.703617e-03	8.886381e+00
2.170000e-06	-1.470249e-02	9.031141e+00
2.180000e-06	-1.482568e-02	9.138484e+00
2.190000e-06	-1.112697e-02	9.201676e+00
2.200000e-06	-5.995288e-03	9.286282e+00
2.210000e-06	-1.294623e-02	9.377015e+00
2.220000e-06	-9.298833e-03	9.421699e+00
2.230000e-06	-1.183623e-02	9.515282e+00
2.240000e-06	-8.326175e-03	9.590073e+00
2.250000e-06	-1.254703e-02	9.664174e+00
2.260000e-06	-1.553483e-02	9.705531e+00
2.270000e-06	-1.539843e-02	9.789168e+00
2.280000e-06	-8.748214e-03	9.895831e+00
2.290000e-06	-4.254479e-03	9.957541e+00
2.300000e-06	-1.332797e-02	9.980091e+00
2.310000e-06	-1.651035e-02	1.005268e+01
2.320000e-06	-1.530200e-02	1.007420e+01
2.330000e-06	-9.094281e-03	1.010541e+01
2.340000e-06	-1.225432e-02	1.016004e+01
2.350000e-06	-1.490818e-02	1.018147e+01
2.360000e-06	-1.508617e-02	1.022122e+01
2.370000e-06	-1.507945e-02	1.023220e+01
2.380000e-06	-1.306169e-02	1.030378e+01
2.390000e-06	-1.572551e-02	1.024581e+01
2.400000e-06	-1.566687e-02	1.027586e+01
2.410000e-06	-1.560594e-02	1.030636e+01
2.420000e-06	-1.113817e-02	1.032793e+01
2.430000e-06	-1.704681e-02	1.033799e+01
2.440000e-06	-2.039751e-02	1.032739e+01
2.450000e-06	-1.883893e-02	1.032788e+01
2.460000e-06	-1.509410e-02	1.031689e+01
2.470000e-06	-1.586987e-02	1.031591e+01
2.480000e-06	-1.997637e-02	1.032483e+01
2.490000e-06	-1.930046e-02	1.026435e+01
2.500000e-06	-2.116983e-02	1.026273e+01
2.510000e-06	-2.054066e-02	1.024170e+01
2.520000e-06	-2.259341e-02	1.023057e+01
2.530000e-06	-2.127996e-02	1.016795e+01
2.540000e-06	-2.243090e-02	1.015798e+01
2.550000e-06	-2.267381e-02	1.010639e+01
2.560000e-06	-2.402105e-02	1.008328e+01
2.570000e-06	-2.618982e-02	1.005265e+01
2.580000e-06	-2.661617e-02	9.988172e+00
2.590000e-06	-2.664082e-02	9.908511e+00
2.600000e-06	-2.553202e-02	9.854800e+00
2.610000e-06	-2.806795e-02	9.779645e+00
2.620000e-06	-2.927855e-02	9.725959e+00
2.630000e-06	-2.898523e-02	9.642774e+00
2.640000e-06	-2.968392e-02	9.568489e+00
2.650000e-06	-2.964296e-02	9.517336e+00
2.660000e-06	-3.059617e-02	9.441701e+00
2.670000e-06	-2.950612e-02	9.327012e+00
2.680000e-06	-3.176111e-02	9.273759e+00
2.690000e-06	-3.163705e-02	9.210701e+00
2.700000e-06	-3.367255e-02	9.148991e+00
2.710000e-06	-3.151040e-02	9.061123e+00
2.720000e-06	-3.244823e-02	8.886356e+00
2.730000e-06	-3.094670e-02	8.810070e+00
2.740000e-06	-3.323449e-02	8.716911e+00
2.750000e-06	-3.354362e-02	8.600651e+00
2.760000e-06	-3.385734e-02	8.525387e+00
2.770000e-06	-3.228713e-02	8.431099e+00
2.780000e-06	-3.174489e-02	8.307240e+00
2.790000e-06	-3.272001e-02	8.207469e+00
2.800000e-06	-3.160809e-02	8.062654e+00
2.810000e-06	-3.122776e-02	7.926015e+00
2.820000e-06	-3.183960e-02	7.788573e+00
2.830000e-06	-3.107238e-02	7.675258e+00
2.840000e-06	-3.075347e-02	7.518387e+00
2.850000e-06	-2.944737e-02	7.328567e+00
2.860000e-06	-2.840338e-02	7.220574e+00
2.870000e-06	-2.747235e-02	7.104286e+00
2.880000e-06	-2.739434e-02	6.917866e+00
2.890000e-06	-2.723315e-02	6.810498e+00
2.900000e-06	-2.636525e-02	6.663711e+00
2.910000e-06	-2.353341e-02	6.503883e+00
2.920000e-06	-2.314227e-02	6.337821e+00
2.930000e-06	-2.241592e-02	6.210500e+00
2.940000e-06	-2.083296e-02	6.041759e+00
2.950000e-06	-2.042520e-02	5.966764e+00
2.960000e-06	-1.978720e-02	5.775416e+00
2.970000e-06	-1.871604e-02	5.558519e+00
2.980000e-06	-1.691150e-02	5.359477e+00
2.990000e-06	-1.488173e-02	5.223176e+00
3.000000e-06	-1.503204e-02	5.012183e+00
3.010000e-06	-1.460077e-02	4.799599e+00
3.020000e-06	-1.417521e-02	4.663728e+00
3.030000e-06	-1.276452e-02	4.455259e+00
3.040000e-06	-1.162080e-02	4.358819e+00
3.050000e-06	-1.155912e-02	4.107415e+00
3.060000e-06	-1.012781e-02	3.938370e+00
3.070000e-06	-9.381979e-03	3.807951e+00
3.080000e-06	-1.154159e-02	3.621731e+00
3.090000e-06	-1.006761e-02	3.432207e+00
3.100000e-06	-9.290060e-03	3.261625e+00
3.110000e-06	-8.527234e-03	3.052208e+00
3.120000e-06	-8.035775e-03	2.875311e+00
3.130000e-06	-7.921865e-03	2.768841e+00
3.140000e-06	-8.076383e-03	2.484339e+00
3.150000e-06	-8.081949e-03	2.306339e+00
3.160000e-06	-7.142998e-03	2.125792e+00
3.170000e-06	-6.531582e-03	1.997875e+00
3.180000e-06	-6.101480e-03	1.748994e+00
3.190000e-06	-6.310149e-03	1.578919e+00
3.200000e-06	-6.000464e-03	1.390370e+00
3.210000e-06	-5.456368e-03	1.159396e+00
3.220000e-06	-6.409791e-03	9.363421e-01
3.230000e-06	-5.956209e-03	7.973173e-01
3.240000e-06	-4.746564e-03	5.868498e-01
3.250000e-06	-3.220546e-03	4.089280e-01
3.260000e-06	-5.055622e-03	2.090550e-01
3.270000e-06	-1.981855e-03	-4.052244e-02
3.280000e-06	3.062296e-03	-1.790721e-01
3.290000e-06	-2.157624e-03	-3.468648e-01
3.300000e-06	1.302837e-03	-5.247591e-01
3.310000e-06	-3.454915e-03	-7.357906e-01
3.320000e-06	1.522231e-04	-9.146341e-01
3.330000e-06	-2.496811e-03	-1.042653e+00
3.340000e-06	7.535904e-03	-1.201129e+00
3.350000e-06	5.681030e-02	-1.409046e+00
3.360000e-06	4.837770e-02	-1.622674e+00
3.370000e-06	-7.114674e-02	-1.902254e+00
3.380000e-06	-1.373833e-02	-2.107433e+00
3.390000e-06	-9.406277e-02	-2.357942e+00
3.400000e-06	1.000365e-02	-2.443227e+00
3.410000e-06	1.652318e-01	-2.515887e+00
3.420000e-06	-1.496114e-01	-2.746415e+00
3.430000e-06	5.390043e-02	-2.986866e+00
3.440000e-06	1.015599e-01	-3.114834e+00
3.450000e-06	-1.786381e-01	-3.325407e+00
3.460000e-06	1.234716e-01	-3.494233e+00
3.470000e-06	3.873653e-02	-3.639124e+00
3.480000e-06	-1.651540e-01	-3.872704e+00
3.490000e-06	1.604019e-01	-3.990074e+00
3.500000e-06	-2.430367e-02	-4.209570e+00
3.510000e-06	-3.551825e-03	-4.379021e+00
3.520000e-06	2.617577e-02	-4.485278e+00
3.530000e-06	-1.559037e-01	-4.733928e+00
3.540000e-06	1.536121e-01	-4.893260e+00
3.550000e-06	1.133068e-02	-5.053726e+00
3.560000e-06	-5.321470e-02	-5.284193e+00
3.570000e-06	5.331122e-02	-5.402275e+00
3.580000e-06	-7.924051e-02	-5.633176e+00
3.590000e-06	9.810004e-02	-5.799995e+00
3.600000e-06	-6.409706e-02	-5.926411e+00
3.610000e-06	2.143733e-02	-6.094802e+00
3.620000e-06	5.173825e-02	-6.250773e+00
3.630000e-06	-8.682224e-02	-6.450196e+00
3.640000e-06	1.010034e-01	-6.538037e+00
3.650000e-06	-5.754682e-02	-6.694857e+00
3.660000e-06	2.575680e-02	-6.873229e+00
3.670000e-06	-3.255281e-03	-7.057069e+00
3.680000e-06	-2.258361e-02	-7.168990e+00
3.690000e-06	8.892992e-02	-7.345331e+00
3.700000e-06	-6.656724e-02	-7.410749e+00
3.710000e-06	3.383698e-02	-7.579520e+00
3.720000e-06	-2.494383e-02	-7.737383e+00
3.730000e-06	2.800106e-02	-7.906407e+00
3.740000e-06	1.420538e-02	-8.022122e+00
3.750000e-06	-2.126952e-02	-8.146387e+00
3.760000e-06	4.971866e-02	-8.253200e+00
3.770000e-06	-2.880001e-02	-8.377995e+00
3.780000e-06	1.740025e-02	-8.472749e+00
3.790000e-06	-1.499758e-02	-8.589516e+00
3.800000e-06	2.769440e-02	-8.722934e+00
3.810000e-06	1.136386e-02	-8.799625e+00
3.820000e-06	-1.344741e-02	-8.895284e+00
3.830000e-06	1.914904e-02	-8.968495e+00
3.840000e-06	-2.561026e-03	-9.076332e+00
3.850000e-06	1.895318e-02	-9.146993e+00
3.860000e-06	-7.920408e-03	-9.230125e+00
3.870000e-06	1.440676e-02	-9.295935e+00
3.880000e-06	7.964103e-03	-9.409716e+00
3.890000e-06	5.197729e-03	-9.516362e+00
3.900000e-06	9.317001e-03	-9.560097e+00
3.910000e-06	2.363124e-03	-9.673276e+00
3.920000e-06	5.705167e-03	-9.727907e+00
3.930000e-06	5.051199e-03	-9.766594e+00
3.940000e-06	2.159856e-02	-9.812281e+00
3.950000e-06	8.273547e-03	-9.884882e+00
3.960000e-06	7.904740e-04	-9.917391e+00
3.970000e-06	1.749979e-03	-9.948547e+00
3.980000e-06	1.344385e-02	-1.005912e+01
3.990000e-06	1.447395e-02	-1.003123e+01
4.000000e-06	5.544518e-03	-1.008536e+01
4.010000e-06	5.393578e-03	-1.014506e+01
4.020000e-06	8.578843e-03	-1.011877e+01
4.030000e-06	1.176123e-02	-1.020322e+01
4.040000e-06	9.530873e-03	-1.021388e+01
4.050000e-06	8.027546e-03	-1.024081e+01
4.060000e-06	9.132396e-03	-1.025338e+01
4.070000e-06	1.337548e-02	-1.028393e+01
4.080000e-06	1.130771e-02	-1.032543e+01
4.090000e-06	9.092375e-03	-1.030903e+01
4.100000e-06	6.906065e-03	-1.029746e+01
4.110000e-06	1.140200e-02	-1.031443e+01
4.120000e-06	1.300927e-02	-1.031651e+01
4.130000e-06	1.478424e-02	-1.029381e+01
4.140000e-06	1.294938e-02	-1.027536e+01
4.150000e-06	1.247121e-02	-1.024278e+01
4.160000e-06	1.246130e-02	-1.022383e+01
4.170000e-06	1.527239e-02	-1.018127e+01
4.180000e-06	1.668264e-02	-1.014811e+01
4.190000e-06	1.724493e-02	-1.014659e+01
4.200000e-06	1.730741e-02	-1.011589e+01
4.210000e-06	1.758008e-02	-1.007176e+01
4.220000e-06	1.769327e-02	-1.001067e+01
4.230000e-06	1.826897e-02	-9.970019e+00
4.240000e-06	2.057729e-02	-9.966964e+00
4.250000e-06	2.171540e-02	-9.884781e+00
4.260000e-06	2.088671e-02	-9.801703e+00
4.270000e-06	2.122734e-02	-9.759595e+00
4.280000e-06	2.180355e-02	-9.697487e+00
4.290000e-06	2.202574e-02	-9.644782e+00
4.300000e-06	2.160929e-02	-9.631124e+00
4.310000e-06	2.445018e-02	-9.558044e+00
4.320000e-06	2.568174e-02	-9.435333e+00
4.330000e-06	2.496234e-02	-9.359090e+00
4.340000e-06	2.385686e-02	-9.270879e+00
4.350000e-06	2.396872e-02	-9.179520e+00
4.360000e-06	2.534370e-02	-9.043834e+00
4.370000e-06	2.641455e-02	-8.980152e+00
4.380000e-06	2.638400e-02	-8.884883e+00
4.390000e-06	2.680407e-02	-8.849176e+00
4.400000e-06	2.535465e-02	-8.736965e+00
4.410000e-06	2.595632e-02	-8.560681e+00
4.420000e-06	2.581683e-02	-8.504886e+00
4.430000e-06	2.574231e-02	-8.358998e+00
4.440000e-06	2.705582e-02	-8.292834e+00
4.450000e-06	2.698720e-02	-8.178096e+00
4.460000e-06	2.600628e-02	-8.053176e+00
4.470000e-06	2.427267e-02	-7.948014e+00
4.480000e-06	2.410208e-02	-7.790123e+00
4.490000e-06	2.396108e-02	-7.621276e+00
4.500000e-06	2.477146e-02	-7.485289e+00
4.510000e-06	2.358457e-02	-7.348994e+00
4.520000e-06	2.275821e-02	-7.252078e+00
4.530000e-06	2.011800e-02	-7.106435e+00
4.540000e-06	1.975561e-02	-6.934967e+00
4.550000e-06	1.904709e-02	-6.759999e+00
4.560000e-06	1.956964e-02	-6.622707e+00
4.570000e-06	1.750699e-02	-6.493788e+00
4.580000e-06	1.682458e-02	-6.369422e+00
4.590000e-06	1.443769e-02	-6.179598e+00
4.600000e-06	1.419483e-02	-6.061179e+00
4.610000e-06	1.175446e-02	-5.843812e+00
4.620000e-06	1.227254e-02	-5.726519e+00
4.630000e-06	1.133161e-02	-5.569020e+00
4.640000e-06	1.041232e-02	-5.352125e+00
4.650000e-06	8.901920e-03	-5.180198e+00
4.660000e-06	8.617546e-03	-4.991200e+00
4.670000e-06	6.699834e-03	-4.810731e+00
4.680000e-06	4.568575e-03	-4.600654e+00
4.690000e-06	5.763195e-03	-4.451808e+00
4.700000e-06	6.421112e-03	-4.325367e+00
4.710000e-06	4.069629e-03	-4.189001e+00
4.720000e-06	3.616514e-03	-4.029980e+00
4.730000e-06	2.005331e-03	-3.802105e+00
4.740000e-06	3.589171e-03	-3.661577e+00
4.750000e-06	1.658174e-03	-3.463679e+00
4.760000e-06	1.912129e-03	-3.254810e+00
4.770000e-06	1.477785e-03	-3.085416e+00
4.780000e-06	7.548838e-04	-2.844761e+00
4.790000e-06	-7.845089e-04	-2.726271e+00
4.800000e-06	-1.598465e-03	-2.538848e+00
4.810000e-06	9.771472e-04	-2.338948e+00
4.820000e-06	-4.502237e-04	-2.129949e+00
4.830000e-06	-1.961755e-04	-1.987921e+00
4.840000e-06	-2.314355e-03	-1.800529e+00
4.850000e-06	-1.013995e-03	-1.611080e+00
4.860000e-06	-2.329168e-03	-1.357631e+00
4.870000e-06	-1.038246e-03	-1.177922e+00
4.880000e-06	-2.909780e-03	-9.390500e-01
4.890000e-06	-2.296676e-03	-8.199275e-01
4.900000e-06	-2.595395e-03	-6.015055e-01
4.910000e-06	-1.295661e-03	-3.794238e-01
4.920000e-06	-2.954824e-03	-2.310328e-01
4.930000e-06	-3.759041e-04	-5.413177e-02
4.940000e-06	4.522732e-03	1.362367e-01
4.950000e-06	-1.423986e-03	3.768947e-01
4.960000e-06	1.196897e-03	5.452355e-01
4.970000e-06	-2.651161e-03	6.541343e-01
4.980000e-06	-1.763309e-03	8.005737e-01
4.990000e-06	-3.236041e-03	1.040704e+00
5.000000e-06	2.361227e-03	1.243127e+00
5.010000e-06	1.089562e-02	1.431077e+00
5.020000e-06	6.388818e-02	1.683654e+00
5.030000e-06	1.726285e-02	1.894308e+00
5.040000e-06	-5.728844e-02	2.082712e+00
5.050000e-06	-3.464644e-02	2.285203e+00
5.060000e-06	-6.168680e-02	2.401577e+00
5.070000e-06	-4.261301e-02	2.529384e+00
5.080000e-06	1.617484e-01	2.757868e+00
5.090000e-06	-7.866830e-02	2.936235e+00
5.100000e-06	-4.629379e-02	3.013203e+00
5.110000e-06	1.324699e-01	3.199600e+00
5.120000e-06	-1.140452e-01	3.491772e+00
5.130000e-06	1.668069e-02	3.589522e+00
5.140000e-06	7.451082e-02	3.748938e+00
5.150000e-06	-1.267033e-01	3.967015e+00
5.160000e-06	5.313771e-02	4.098389e+00
5.170000e-06	3.350783e-02	4.357442e+00
5.180000e-06	-3.538014e-02	4.535733e+00
5.190000e-06	2.944643e-03	4.675255e+00
5.200000e-06	-6.282772e-02	4.912781e+00
5.210000e-06	2.827603e-02	5.120879e+00
5.220000e-06	2.706544e-02	5.265309e+00
5.230000e-06	-5.547251e-03	5.464349e+00
5.240000e-06	-2.041881e-02	5.602055e+00
5.250000e-06	-1.955206e-02	5.790539e+00
5.260000e-06	1.804830e-02	5.979545e+00
5.270000e-06	-2.688630e-02	6.106311e+00
5.280000e-06	1.358933e-03	6.231652e+00
5.290000e-06	1.179833e-02	6.392096e+00
5.300000e-06	-3.351764e-02	6.527486e+00
5.310000e-06	1.879995e-02	6.727436e+00
5.320000e-06	-2.538347e-02	6.866254e+00
5.330000e-06	-9.126792e-03	7.011546e+00
5.340000e-06	-3.145337e-03	7.135362e+00
5.350000e-06	-6.585633e-03	7.264228e+00
5.360000e-06	1.267944e-02	7.450094e+00
5.370000e-06	-2.695474e-02	7.630570e+00
5.380000e-06	-4.374936e-03	7.754885e+00
5.390000e-06	-1.835073e-02	7.826303e+00
5.400000e-06	4.145392e-03	8.050771e+00
5.410000e-06	-1.064152e-02	8.159892e+00
5.420000e-06	-1.402452e-02	8.283205e+00
5.430000e-06	3.123363e-03	8.389020e+00
5.440000e-06	-9.212721e-03	8.454656e+00
5.450000e-06	-1.217676e-02	8.529515e+00
5.460000e-06	-2.266071e-02	8.673756e+00
5.470000e-06	-3.847201e-03	8.758449e+00
5.480000e-06	-1.886335e-04	8.823201e+00
5.490000e-06	-8.807816e-03	8.967461e+00
5.500000e-06	-1.633915e-02	9.023731e+00
5.510000e-06	-1.274892e-02	9.149022e+00
5.520000e-06	-8.682919e-03	9.294202e+00
5.530000e-06	-7.838894e-03	9.337437e+00
5.540000e-06	-1.098537e-02	9.391073e+00
5.550000e-06	-1.198523e-02	9.474855e+00
5.560000e-06	-1.046009e-02	9.577940e+00
5.570000e-06	-1.082584e-02	9.581593e+00
5.580000e-06	-1.056911e-02	9.705683e+00
5.590000e-06	-1.680999e-02	9.739541e+00
5.600000e-06	-1.223008e-02	9.852249e+00
5.610000e-06	-7.107089e-03	9.897886e+00
5.620000e-06	-8.151956e-03	9.980491e+00
5.630000e-06	-1.701383e-02	9.981126e+00
5.640000e-06	-1.712297e-02	1.004378e+01
5.650000e-06	-1.100083e-02	1.010683e+01
5.660000e-06	-9.893702e-03	1.010796e+01
5.670000e-06	-1.245013e-02	1.018701e+01
5.680000e-06	-1.595510e-02	1.019020e+01
5.690000e-06	-1.422393e-02	1.023178e+01
5.700000e-06	-1.532582e-02	1.027477e+01
5.710000e-06	-1.373567e-02	1.030378e+01
5.720000e-06	-1.483032e-02	1.026471e+01
5.730000e-06	-1.567801e-02	1.027638e+01
5.740000e-06	-1.286243e-02	1.033701e+01
5.750000e-06	-1.513474e-02	1.033538e+01
5.760000e-06	-1.763172e-02	1.031684e+01
5.770000e-06	-2.066367e-02	1.030691e+01
5.780000e-06	-1.568807e-02	1.032841e+01
5.790000e-06	-1.591466e-02	1.030633e+01
5.800000e-06	-1.778271e-02	1.029438e+01
5.810000e-06	-2.032047e-02	1.028486e+01
5.820000e-06	-2.045056e-02	1.025430e+01
5.830000e-06	-2.026762e-02	1.028370e+01
5.840000e-06	-2.216731e-02	1.023262e+01
5.850000e-06	-2.150350e-02	1.018009e+01
5.860000e-06	-2.272654e-02	1.014949e+01
5.870000e-06	-2.244583e-02	1.012588e+01
5.880000e-06	-2.400285e-02	1.009534e+01
5.890000e-06	-2.495542e-02	1.004278e+01
5.900000e-06	-2.704759e-02	1.002010e+01
5.910000e-06	-2.619610e-02	9.938542e+00
5.920000e-06	-2.569424e-02	9.876328e+00
5.930000e-06	-2.599927e-02	9.802151e+00
5.940000e-06	-2.783472e-02	9.708063e+00
5.950000e-06	-2.978117e-02	9.685859e+00
5.960000e-06	-2.921723e-02	9.641045e+00
5.970000e-06	-3.054896e-02	9.548914e+00
5.980000e-06	-2.940704e-02	9.453178e+00
5.990000e-06	-3.029997e-02	9.401019e+00
6.000000e-06	-2.905930e-02	9.326861e+00
6.010000e-06	-3.206229e-02	9.272229e+00
6.020000e-06	-3.313997e-02	9.149023e+00
6.030000e-06	-3.208984e-02	9.074759e+00
6.040000e-06	-3.202394e-02	8.926912e+00
6.050000e-06	-3.055193e-02	8.864750e+00
6.060000e-06	-3.300181e-02	8.737890e+00
6.070000e-06	-3.276543e-02	8.645281e+00
6.080000e-06	-3.409504e-02	8.557441e+00
6.090000e-06	-3.256873e-02	8.433261e+00
6.100000e-06	-3.283219e-02	8.367945e+00
6.110000e-06	-3.079082e-02	8.252629e+00
6.120000e-06	-3.120496e-02	8.104437e+00
6.130000e-06	-3.210271e-02	8.020520e+00
6.140000e-06	-3.156802e-02	7.842330e+00
6.150000e-06	-3.110223e-02	7.715867e+00
6.160000e-06	-3.125290e-02	7.620598e+00
6.170000e-06	-2.988092e-02	7.403181e+00
6.180000e-06	-2.868578e-02	7.312261e+00
6.190000e-06	-2.726231e-02	7.118892e+00
6.200000e-06	-2.776871e-02	6.991546e+00
6.210000e-06	-2.778511e-02	6.883279e+00
6.220000e-06	-2.602210e-02	6.717796e+00
6.230000e-06	-2.449995e-02	6.530546e+00
6.240000e-06	-2.334365e-02	6.401123e+00
6.250000e-06	-2.182373e-02	6.253234e+00
6.260000e-06	-2.164487e-02	6.126787e+00
6.270000e-06	-2.097565e-02	5.939545e+00
6.280000e-06	-1.995029e-02	5.841075e+00
6.290000e-06	-1.936873e-02	5.661204e+00
6.300000e-06	-1.685447e-02	5.463209e+00
6.310000e-06	-1.579524e-02	5.316365e+00
6.320000e-06	-1.425313e-02	5.125766e+00
6.330000e-06	-1.520291e-02	4.874382e+00
6.340000e-06	-1.440096e-02	4.687267e+00
6.350000e-06	-1.371443e-02	4.537417e+00
6.360000e-06	-1.294211e-02	4.400496e+00
6.370000e-06	-1.024373e-02	4.233104e+00
6.380000e-06	-1.159764e-02	3.991101e+00
6.390000e-06	-1.086294e-02	3.844728e+00
6.400000e-06	-1.156240e-02	3.715286e+00
6.410000e-06	-9.426268e-03	3.537440e+00
6.420000e-06	-1.057318e-02	3.276916e+00
6.430000e-06	-9.141382e-03	3.137346e+00
6.440000e-06	-8.911098e-03	2.948946e+00
6.450000e-06	-6.505134e-03	2.820001e+00
6.460000e-06	-7.599557e-03	2.593080e+00
6.470000e-06	-8.784188e-03	2.409475e+00
6.480000e-06	-9.363781e-03	2.179004e+00
6.490000e-06	-6.756089e-03	2.062103e+00
6.500000e-06	-5.671076e-03	1.883739e+00
6.510000e-06	-6.249981e-03	1.693709e+00
6.520000e-06	-7.211274e-03	1.474716e+00
6.530000e-06	-6.019565e-03	1.253165e+00
6.540000e-06	-6.643867e-03	1.002635e+00
6.550000e-06	-5.103748e-03	7.910303e-01
6.560000e-06	-5.845646e-03	6.815619e-01
6.570000e-06	-3.222594e-03	4.627606e-01
6.580000e-06	-5.431526e-03	2.737947e-01
6.590000e-06	-4.124146e-03	8.308333e-02
6.600000e-06	2.113314e-03	-1.157842e-01
6.610000e-06	9.071976e-05	-2.932552e-01
6.620000e-06	-1.698859e-03	-4.225486e-01
6.630000e-06	-1.054237e-03	-6.816236e-01
6.640000e-06	-2.335643e-03	-8.105986e-01
6.650000e-06	-4.926269e-04	-9.874722e-01
6.660000e-06	1.463652e-03	-1.157362e+00
6.670000e-06	2.023856e-02	-1.322287e+00
6.680000e-06	9.179174e-02	-1.535939e+00
6.690000e-06	-4.463173e-02	-1.777443e+00
6.700000e-06	-2.966721e-02	-1.981049e+00
6.710000e-06	-5.718941e-02	-2.285180e+00
6.720000e-06	-8.713752e-02	-2.441574e+00
6.730000e-06	1.491101e-01	-2.495783e+00
6.740000e-06	8.787122e-03	-2.641154e+00
6.750000e-06	-1.351584e-01	-2.854254e+00
6.760000e-06	1.830817e-01	-3.010152e+00
6.770000e-06	-1.175825e-01	-3.188097e+00
6.780000e-06	-4.182405e-02	-3.441122e+00
6.790000e-06	1.652344e-01	-3.558943e+00
6.800000e-06	-1.447344e-01	-3.707467e+00
6.810000e-06	1.511389e-02	-3.948465e+00
6.820000e-06	1.358310e-01	-4.074259e+00
6.830000e-06	-1.034119e-01	-4.335312e+00
6.840000e-06	9.168031e-02	-4.413100e+00
6.850000e-06	-1.313635e-01	-4.649120e+00
6.860000e-06	4.354048e-03	-4.810526e+00
6.870000e-06	1.472073e-01	-4.970016e+00
6.880000e-06	-1.042539e-01	-5.138990e+00
6.890000e-06	6.483121e-02	-5.345934e+00
6.900000e-06	-5.167570e-02	-5.566485e+00
6.910000e-06	1.577280e-02	-5.746956e+00
6.920000e-06	4.406450e-02	-5.842229e+00
6.930000e-06	-7.903275e-02	-6.019651e+00
6.940000e-06	1.075319e-01	-6.149016e+00
6.950000e-06	-7.880555e-02	-6.375064e+00
6.960000e-06	2.932254e-02	-6.484833e+00
6.970000e-06	3.935347e-02	-6.631695e+00
6.980000e-06	-5.434266e-02	-6.787547e+00
6.990000e-06	6.251227e-02	-6.883859e+00
7.000000e-06	-6.949763e-02	-7.085377e+00
7.010000e-06	7.920887e-02	-7.232648e+00
7.020000e-06	-9.439866e-03	-7.369567e+00
7.030000e-06	-2.252409e-02	-7.536407e+00
7.040000e-06	2.370950e-02	-7.623747e+00
7.050000e-06	-2.396215e-02	-7.801224e+00
7.060000e-06	5.325962e-02	-7.978042e+00
7.070000e-06	-3.494447e-02	-8.063778e+00
7.080000e-06	3.581135e-02	-8.199121e+00
7.090000e-06	5.986327e-03	-8.316378e+00
7.100000e-06	-1.251559e-02	-8.420599e+00
7.110000e-06	1.222150e-02	-8.484782e+00
7.120000e-06	-8.584177e-03	-8.651347e+00
7.130000e-06	4.172904e-02	-8.787046e+00
7.140000e-06	-2.224411e-02	-8.863277e+00
7.150000e-06	1.497586e-02	-8.957942e+00
7.160000e-06	2.836516e-03	-9.031253e+00
7.170000e-06	1.121489e-02	-9.136938e+00
7.180000e-06	6.314693e-03	-9.170092e+00
7.190000e-06	-2.288983e-03	-9.264310e+00
7.200000e-06	2.104735e-02	-9.318613e+00
7.210000e-06	-7.813138e-04	-9.445277e+00
7.220000e-06	1.161611e-02	-9.566018e+00
7.230000e-06	3.027934e-04	-9.640700e+00
7.240000e-06	6.758324e-03	-9.706906e+00
7.250000e-06	2.971169e-03	-9.737893e+00
7.260000e-06	1.464249e-02	-9.799146e+00
7.270000e-06	1.591523e-02	-9.863200e+00
7.280000e-06	2.352291e-03	-9.906959e+00
7.290000e-06	3.258882e-03	-9.938496e+00
7.300000e-06	6.490630e-03	-9.970096e+00
7.310000e-06	1.723469e-02	-1.001075e+01
7.320000e-06	8.456871e-03	-1.004478e+01
7.330000e-06	5.587491e-03	-1.008741e+01
7.340000e-06	6.739330e-03	-1.010956e+01
7.350000e-06	9.414108e-03	-1.019917e+01
7.360000e-06	1.082899e-02	-1.018870e+01
7.370000e-06	7.737322e-03	-1.024280e+01
7.380000e-06	7.962442e-03	-1.028382e+01
7.390000e-06	1.149686e-02	-1.028391e+01
7.400000e-06	1.381226e-02	-1.026454e+01
7.410000e-06	9.973245e-03	-1.027793e+01
7.420000e-06	8.008935e-03	-1.036651e+01
7.430000e-06	9.724890e-03	-1.033701e+01
7.440000e-06	1.254871e-02	-1.031651e+01
7.450000e-06	1.438643e-02	-1.028588e+01
7.460000e-06	1.466048e-02	-1.028398e+01
7.470000e-06	1.302045e-02	-1.028433e+01
7.480000e-06	1.236088e-02	-1.024482e+01
7.490000e-06	1.395113e-02	-1.019230e+01
7.500000e-06	1.617120e-02	-1.019115e+01
7.510000e-06	1.671683e-02	-1.012861e+01
7.520000e-06	1.703358e-02	-1.014594e+01
7.530000e-06	1.774324e-02	-1.006430e+01
7.540000e-06	1.847356e-02	-1.005023e+01
7.550000e-06	1.753673e-02	-9.989120e+00
7.560000e-06	1.991249e-02	-9.938368e+00
7.570000e-06	2.125780e-02	-9.914409e+00
7.580000e-06	2.163166e-02	-9.774803e+00
7.590000e-06	1.966945e-02	-9.790150e+00
7.600000e-06	2.071683e-02	-9.756992e+00
7.610000e-06	2.258365e-02	-9.716353e+00
7.620000e-06	2.361492e-02	-9.632706e+00
7.630000e-06	2.364446e-02	-9.529597e+00
7.640000e-06	2.404396e-02	-9.485366e+00
7.650000e-06	2.567312e-02	-9.411274e+00
7.660000e-06	2.516058e-02	-9.316384e+00
7.670000e-06	2.479521e-02	-9.250198e+00
7.680000e-06	2.276468e-02	-9.146469e+00
7.690000e-06	2.438331e-02	-9.051854e+00
7.700000e-06	2.715783e-02	-8.968445e+00
7.710000e-06	2.806120e-02	-8.844256e+00
7.720000e-06	2.605963e-02	-8.748549e+00
7.730000e-06	2.424436e-02	-8.610866e+00
7.740000e-06	2.559987e-02	-8.557040e+00
7.750000e-06	2.805438e-02	-8.401200e+00
7.760000e-06	2.759942e-02	-8.336416e+00
7.770000e-06	2.576968e-02	-8.171250e+00
7.780000e-06	2.456933e-02	-8.106859e+00
7.790000e-06	2.567343e-02	-7.989648e+00
7.800000e-06	2.567895e-02	-7.822730e+00
7.810000e-06	2.410995e-02	-7.681838e+00
7.820000e-06	2.265271e-02	-7.519493e+00
7.830000e-06	2.259594e-02	-7.399078e+00
7.840000e-06	2.328410e-02	-7.213310e+00
7.850000e-06	2.330436e-02	-7.149544e+00
7.860000e-06	2.023734e-02	-6.961649e+00
7.870000e-06	1.964280e-02	-6.841229e+00
7.880000e-06	1.983331e-02	-6.727865e+00
7.890000e-06	1.875405e-02	-6.570097e+00
7.900000e-06	1.742959e-02	-6.451724e+00
7.910000e-06	1.519602e-02	-6.266315e+00
7.920000e-06	1.399667e-02	-6.074415e+00
7.930000e-06	1.263794e-02	-5.937870e+00
7.940000e-06	1.338375e-02	-5.760076e+00
7.950000e-06	1.126582e-02	-5.661759e+00
7.960000e-06	1.092528e-02	-5.465265e+00
7.970000e-06	8.844500e-03	-5.261382e+00
7.980000e-06	9.990040e-03	-5.094817e+00
7.990000e-06	7.423771e-03	-4.896316e+00
8.000000e-06	7.061042e-03	-4.672390e+00
8.010000e-06	3.441058e-03	-4.548395e+00
8.020000e-06	6.959218e-03	-4.370048e+00
8.030000e-06	3.420151e-03	-4.233157e+00
8.040000e-06	5.120840e-03	-4.063237e+00
8.050000e-06	1.902388e-03	-3.955890e+00
8.060000e-06	3.262610e-03	-3.714438e+00
8.070000e-06	2.189025e-03	-3.566843e+00
8.080000e-06	3.766755e-03	-3.367993e+00
8.090000e-06	1.979962e-03	-3.200554e+00
8.100000e-06	2.011936e-03	-2.970454e+00
8.110000e-06	5.095396e-04	-2.809050e+00
8.120000e-06	-2.675576e-04	-2.640605e+00
8.130000e-06	-1.427183e-03	-2.453685e+00
8.140000e-06	-4.499707e-04	-2.284234e+00
8.150000e-06	-1.055400e-04	-2.053153e+00
8.160000e-06	-8.932959e-04	-1.864636e+00
8.170000e-06	-3.537865e-04	-1.664794e+00
8.180000e-06	-5.561330e-04	-1.516345e+00
8.190000e-06	-1.986338e-03	-1.261263e+00
8.200000e-06	-1.824600e-03	-1.063287e+00
8.210000e-06	-1.415194e-03	-8.737131e-01
8.220000e-06	-3.155654e-03	-7.438157e-01
8.230000e-06	-4.076635e-03	-4.726605e-01
8.240000e-06	-3.469815e-03	-3.048156e-01
8.250000e-06	-1.919890e-03	-1.164407e-01
8.260000e-06	3.252473e-03	2.155745e-02
8.270000e-06	1.519575e-03	2.636051e-01
8.280000e-06	-7.098375e-04	4.325527e-01
8.290000e-06	2.411308e-03	5.594921e-01
8.300000e-06	-3.068475e-03	7.588896e-01
8.310000e-06	-2.904154e-03	9.357870e-01
8.320000e-06	-2.256680e-03	1.176365e+00
8.330000e-06	5.470778e-03	1.325938e+00
8.340000e-06	3.292985e-02	1.526888e+00
8.350000e-06	6.481234e-02	1.790967e+00
8.360000e-06	-4.598227e-02	2.020522e+00
8.370000e-06	-3.709821e-02	2.169496e+00
8.380000e-06	-4.718381e-02	2.319864e+00
8.390000e-06	-7.430838e-02	2.474683e+00
8.400000e-06	7.336521e-02	2.659254e+00
8.410000e-06	9.383739e-02	2.811099e+00
8.420000e-06	-1.673761e-01	2.979471e+00
8.430000e-06	1.394774e-01	3.106337e+00
8.440000e-06	-2.778745e-02	3.336911e+00
8.450000e-06	-7.870595e-02	3.567444e+00
8.460000e-06	1.053514e-01	3.703757e+00
8.470000e-06	-5.291642e-02	3.903732e+00
8.480000e-06	-6.675616e-02	4.033653e+00
8.490000e-06	9.736469e-02	4.271997e+00
8.500000e-06	-3.593514e-02	4.431600e+00
8.510000e-06	2.664627e-03	4.589568e+00
8.520000e-06	-3.997436e-02	4.829570e+00
8.530000e-06	-3.711557e-02	5.010094e+00
8.540000e-06	5.782328e-02	5.220596e+00
8.550000e-06	-4.057316e-03	5.389141e+00
8.560000e-06	-1.215408e-03	5.567467e+00
8.570000e-06	-4.012710e-02	5.684335e+00
8.580000e-06	1.164041e-02	5.912906e+00
8.590000e-06	-2.234742e-03	6.033127e+00
8.600000e-06	-2.809750e-02	6.176539e+00
8.610000e-06	2.822615e-02	6.336959e+00
8.620000e-06	-3.031548e-02	6.474629e+00
8.630000e-06	1.396640e-03	6.654248e+00
8.640000e-06	-2.622404e-03	6.820621e+00
8.650000e-06	-2.423439e-02	6.949488e+00
8.660000e-06	3.521177e-04	7.133707e+00
8.670000e-06	-1.168397e-02	7.210094e+00
8.680000e-06	6.744117e-03	7.288986e+00
8.690000e-06	-9.723425e-03	7.538511e+00
8.700000e-06	-1.740834e-02	7.705829e+00
8.710000e-06	-8.442930e-03	7.801725e+00
8.720000e-06	-8.589822e-03	7.958038e+00
8.730000e-06	1.569183e-03	8.114785e+00
8.740000e-06	-1.461946e-02	8.221695e+00
8.750000e-06	-6.359755e-03	8.357459e+00
8.760000e-06	1.922682e-04	8.441576e+00
8.770000e-06	-1.575566e-02	8.515864e+00
8.780000e-06	-1.440085e-02	8.610647e+00
8.790000e-06	-1.494002e-02	8.745314e+00
8.800000e-06	2.850289e-03	8.792121e+00
8.810000e-06	-9.328406e-03	8.946333e+00
8.820000e-06	-1.337432e-02	9.000690e+00
8.830000e-06	-1.223927e-02	9.117013e+00
8.840000e-06	-1.077546e-02	9.222680e+00
8.850000e-06	-6.482126e-03	9.275757e+00
8.860000e-06	-1.250288e-02	9.398066e+00
8.870000e-06	-7.417949e-03	9.432774e+00
8.880000e-06	-1.268252e-02	9.515889e+00
8.890000e-06	-1.083097e-02	9.619020e+00
8.900000e-06	-1.331788e-02	9.663256e+00
8.910000e-06	-1.345900e-02	9.728058e+00
8.920000e-06	-1.335015e-02	9.800120e+00
8.930000e-06	-8.537783e-03	9.944408e+00
8.940000e-06	-5.321673e-03	9.957566e+00
8.950000e-06	-1.385416e-02	1.002057e+01
8.960000e-06	-1.645066e-02	1.004073e+01
8.970000e-06	-1.531820e-02	1.010431e+01
8.980000e-06	-9.510304e-03	1.010634e+01
8.990000e-06	-1.216754e-02	1.014046e+01
9.000000e-06	-1.600592e-02	1.017165e+01
9.010000e-06	-1.369646e-02	1.021069e+01
9.020000e-06	-1.529816e-02	1.020172e+01
9.030000e-06	-1.191918e-02	1.026573e+01
9.040000e-06	-1.579845e-02	1.029485e+01
9.050000e-06	-1.486792e-02	1.031636e+01
9.060000e-06	-1.541931e-02	1.029638e+01
9.070000e-06	-1.273956e-02	1.035539e+01
9.080000e-06	-1.713932e-02	1.030636e+01
9.090000e-06	-2.052947e-02	1.032593e+01
9.100000e-06	-1.849814e-02	1.030749e+01
9.110000e-06	-1.607445e-02	1.030838e+01
9.120000e-06	-1.615354e-02	1.028591e+01
9.130000e-06	-1.964726e-02	1.028433e+01
9.140000e-06	-1.931651e-02	1.028383e+01
9.150000e-06	-2.126879e-02	1.026388e+01
9.160000e-06	-2.075572e-02	1.021320e+01
9.170000e-06	-2.241487e-02	1.023312e+01
9.180000e-06	-2.172375e-02	1.014902e+01
9.190000e-06	-2.240059e-02	1.012741e+01
9.200000e-06	-2.275262e-02	1.008591e+01
9.210000e-06	-2.462137e-02	1.006335e+01
9.220000e-06	-2.675660e-02	1.004158e+01
9.230000e-06	-2.666367e-02	9.990573e+00
9.240000e-06	-2.651205e-02	9.947043e+00
9.250000e-06	-2.556163e-02	9.864724e+00
9.260000e-06	-2.694933e-02	9.751094e+00
9.270000e-06	-2.923804e-02	9.716407e+00
9.280000e-06	-3.037904e-02	9.651200e+00
9.290000e-06	-3.068376e-02	9.587943e+00
9.300000e-06	-3.033407e-02	9.465806e+00
9.310000e-06	-2.981222e-02	9.392651e+00
9.320000e-06	-2.960989e-02	9.326944e+00
9.330000e-06	-3.226278e-02	9.313331e+00
9.340000e-06	-3.198013e-02	9.220099e+00
9.350000e-06	-3.386157e-02	9.107462e+00
9.360000e-06	-3.198509e-02	8.952645e+00
9.370000e-06	-3.128045e-02	8.915306e+00
9.380000e-06	-3.196495e-02	8.788522e+00
9.390000e-06	-3.277196e-02	8.694858e+00
9.400000e-06	-3.306636e-02	8.590049e+00
9.410000e-06	-3.224070e-02	8.485334e+00
9.420000e-06	-3.280787e-02	8.421548e+00
9.430000e-06	-3.360253e-02	8.264763e+00
9.440000e-06	-3.228410e-02	8.148920e+00
9.450000e-06	-3.045222e-02	8.022678e+00
9.460000e-06	-3.091315e-02	7.956312e+00
9.470000e-06	-3.211246e-02	7.750000e+00
9.480000e-06	-3.150948e-02	7.673708e+00
9.490000e-06	-2.991813e-02	7.526365e+00
9.500000e-06	-2.906757e-02	7.369964e+00
9.510000e-06	-2.769762e-02	7.190546e+00
9.520000e-06	-2.813357e-02	7.053753e+00
9.530000e-06	-2.724638e-02	6.917340e+00
9.540000e-06	-2.687685e-02	6.810425e+00
9.550000e-06	-2.503267e-02	6.673681e+00
9.560000e-06	-2.350562e-02	6.453252e+00
9.570000e-06	-2.194485e-02	6.296290e+00
9.580000e-06	-2.161751e-02	6.219048e+00
9.590000e-06	-2.145023e-02	6.043205e+00
9.600000e-06	-2.049771e-02	5.938366e+00
9.610000e-06	-1.895267e-02	5.706390e+00
9.620000e-06	-1.753070e-02	5.557841e+00
9.630000e-06	-1.761872e-02	5.399497e+00
9.640000e-06	-1.652712e-02	5.232150e+00
9.650000e-06	-1.523161e-02	4.991102e+00
9.660000e-06	-1.385884e-02	4.752024e+00
9.670000e-06	-1.447988e-02	4.631157e+00
9.680000e-06	-1.306646e-02	4.453683e+00
9.690000e-06	-1.155106e-02	4.306795e+00
9.700000e-06	-1.081354e-02	4.115314e+00
9.710000e-06	-1.128116e-02	3.958367e+00
9.720000e-06	-1.108608e-02	3.760399e+00
9.730000e-06	-1.089805e-02	3.600554e+00
9.740000e-06	-9.866067e-03	3.443607e+00
9.750000e-06	-9.858647e-03	3.192474e+00
9.760000e-06	-8.316042e-03	3.052709e+00
9.770000e-06	-9.098327e-03	2.874713e+00
9.780000e-06	-7.938972e-03	2.735311e+00
9.790000e-06	-8.419825e-03	2.462737e+00
9.800000e-06	-7.499220e-03	2.274241e+00
9.810000e-06	-7.231962e-03	2.117317e+00
9.820000e-06	-7.325542e-03	1.988921e+00
9.830000e-06	-5.964556e-03	1.749800e+00
9.840000e-06	-5.635036e-03	1.567320e+00
9.850000e-06	-6.103757e-03	1.348871e+00
9.860000e-06	-6.208287e-03	1.139370e+00
9.870000e-06	-5.913279e-03	9.182649e-01
9.880000e-06	-5.973971e-03	7.172685e-01
9.890000e-06	-4.853340e-03	5.368948e-01
9.900000e-06	-4.350262e-03	3.794228e-01
9.910000e-06	-5.275316e-03	1.493827e-01
9.920000e-06	-4.355264e-04	-2.207625e-02
9.930000e-06	2.753244e-03	-1.705249e-01
9.940000e-06	-3.232502e-03	-3.888934e-01
9.950000e-06	9.429044e-04	-5.058116e-01
9.960000e-06	-3.906751e-03	-7.269134e-01
9.970000e-06	-8.615744e-04	-9.047091e-01
9.980000e-06	-1.899999e-03	-1.072204e+00
9.990000e-06	8.242027e-03	-1.232546e+00
1.000000e-05	6.461922e-02	-1.430596e+00
1.001000e-05	3.643950e-02	-1.662703e+00
1.002000e-05	-6.893720e-02	-1.915309e+00
1.003000e-05	-1.735326e-02	-2.156915e+00
1.004000e-05	-9.907398e-02	-2.368569e+00
1.005000e-05	2.963520e-02	-2.442807e+00
1.006000e-05	1.557684e-01	-2.507966e+00
1.007000e-05	-1.675944e-01	-2.787887e+00
1.008000e-05	8.124720e-02	-2.977913e+00
1.009000e-05	7.029597e-02	-3.144389e+00
1.010000e-05	-1.781281e-01	-3.366861e+00
1.011000e-05	1.410878e-01	-3.483258e+00
1.012000e-05	1.420328e-02	-3.651177e+00
1.013000e-05	-1.512384e-01	-3.873328e+00
1.014000e-05	1.709373e-01	-4.010124e+00
1.015000e-05	-4.980417e-02	-4.228120e+00
1.016000e-05	1.380199e-02	-4.399522e+00
1.017000e-05	6.913870e-03	-4.504858e+00
1.018000e-05	-1.444177e-01	-4.766383e+00
1.019000e-05	1.656715e-01	-4.894307e+00
1.020000e-05	-1.405953e-02	-5.044280e+00
1.021000e-05	-3.716856e-02	-5.262653e+00
1.022000e-05	4.436122e-02	-5.411250e+00
1.023000e-05	-7.148012e-02	-5.630704e+00
1.024000e-05	1.008276e-01	-5.789596e+00
1.025000e-05	-7.850291e-02	-5.925341e+00
1.026000e-05	3.939520e-02	-6.074859e+00
1.027000e-05	3.612314e-02	-6.252227e+00
1.028000e-05	-7.520767e-02	-6.440675e+00
1.029000e-05	1.010810e-01	-6.569615e+00
1.030000e-05	-6.957420e-02	-6.735386e+00
1.031000e-05	3.817729e-02	-6.812774e+00
1.032000e-05	-1.304851e-02	-6.979214e+00
1.033000e-05	-7.238988e-03	-7.200519e+00
1.034000e-05	7.813547e-02	-7.336408e+00
1.035000e-05	-6.949139e-02	-7.452674e+00
1.036000e-05	4.055449e-02	-7.581593e+00
1.037000e-05	-2.871359e-02	-7.767086e+00
1.038000e-05	3.475926e-02	-7.917483e+00
1.039000e-05	2.164895e-03	-8.022124e+00
1.040000e-05	-1.450987e-02	-8.138513e+00
1.041000e-05	4.912522e-02	-8.243778e+00
1.042000e-05	-2.917343e-02	-8.377467e+00
1.043000e-05	1.881744e-02	-8.445228e+00
1.044000e-05	-1.927269e-02	-8.577769e+00
1.045000e-05	3.318462e-02	-8.714913e+00
1.046000e-05	6.326393e-03	-8.841671e+00
1.047000e-05	-9.321441e-03	-8.905857e+00
1.048000e-05	1.766613e-02	-9.020668e+00
1.049000e-05	-3.269411e-03	-9.124408e+00
1.050000e-05	1.749905e-02	-9.168493e+00
1.051000e-05	-8.463336e-03	-9.244171e+00
1.052000e-05	1.790337e-02	-9.285983e+00
1.053000e-05	5.937648e-03	-9.451216e+00
1.054000e-05	5.212751e-03	-9.526438e+00
1.055000e-05	7.838170e-03	-9.590125e+00
1.056000e-05	3.158849e-03	-9.674281e+00
1.057000e-05	5.647586e-03	-9.685933e+00
1.058000e-05	4.563299e-03	-9.778097e+00
1.059000e-05	2.011018e-02	-9.853253e+00
1.060000e-05	7.609067e-03	-9.915833e+00
1.061000e-05	1.842446e-03	-9.956415e+00
1.062000e-05	1.604628e-03	-9.957496e+00
1.063000e-05	1.286360e-02	-1.003162e+01
1.064000e-05	1.344770e-02	-1.004471e+01
1.065000e-05	5.689549e-03	-1.011533e+01
1.066000e-05	6.020014e-03	-1.013794e+01
1.067000e-05	9.228903e-03	-1.014859e+01
1.068000e-05	1.178919e-02	-1.022225e+01
1.069000e-05	1.042877e-02	-1.022282e+01
1.070000e-05	9.037463e-03	-1.023432e+01
1.071000e-05	9.099707e-03	-1.027388e+01
1.072000e-05	1.229020e-02	-1.020551e+01
1.073000e-05	1.120077e-02	-1.031553e+01
1.074000e-05	9.480840e-03	-1.030643e+01
1.075000e-05	8.957297e-03	-1.030598e+01
1.076000e-05	1.119073e-02	-1.031396e+01
1.077000e-05	1.339177e-02	-1.028793e+01
1.078000e-05	1.557971e-02	-1.027641e+01
1.079000e-05	1.498183e-02	-1.026481e+01
1.080000e-05	1.114303e-02	-1.024433e+01
1.081000e-05	1.130778e-02	-1.020190e+01
1.082000e-05	1.620470e-02	-1.021327e+01
1.083000e-05	1.835798e-02	-1.014959e+01
1.084000e-05	1.716944e-02	-1.011551e+01
1.085000e-05	1.647806e-02	-1.011393e+01
1.086000e-05	1.817142e-02	-1.005173e+01
1.087000e-05	1.874151e-02	-1.000070e+01
1.088000e-05	1.840564e-02	-9.967521e+00
1.089000e-05	2.047099e-02	-9.906462e+00
1.090000e-05	2.187557e-02	-9.855386e+00
1.091000e-05	2.241084e-02	-9.812202e+00
1.092000e-05	2.133457e-02	-9.758994e+00
1.093000e-05	2.172264e-02	-9.706408e+00
1.094000e-05	2.249792e-02	-9.642808e+00
1.095000e-05	2.172123e-02	-9.611599e+00
1.096000e-05	2.323434e-02	-9.526439e+00
1.097000e-05	2.576055e-02	-9.403784e+00
1.098000e-05	2.559492e-02	-9.327566e+00
1.099000e-05	2.444479e-02	-9.271281e+00
1.100000e-05	2.351342e-02	-9.169045e+00
1.101000e-05	2.523110e-02	-9.074286e+00
1.102000e-05	2.622649e-02	-9.000076e+00
1.103000e-05	2.737326e-02	-8.884313e+00
1.104000e-05	2.611152e-02	-8.831127e+00
1.105000e-05	2.496693e-02	-8.717945e+00
1.106000e-05	2.546160e-02	-8.599726e+00
1.107000e-05	2.598764e-02	-8.483828e+00
1.108000e-05	2.684367e-02	-8.328546e+00
1.109000e-05	2.556840e-02	-8.304286e+00
1.110000e-05	2.639126e-02	-8.147943e+00
1.111000e-05	2.538111e-02	-8.081230e+00
1.112000e-05	2.556925e-02	-7.937965e+00
1.113000e-05	2.411019e-02	-7.768125e+00
1.114000e-05	2.242162e-02	-7.599753e+00
1.115000e-05	2.379311e-02	-7.463814e+00
1.116000e-05	2.397487e-02	-7.348441e+00
1.117000e-05	2.286692e-02	-7.210149e+00
1.118000e-05	1.981568e-02	-7.074811e+00
1.119000e-05	1.945862e-02	-6.904442e+00
1.120000e-05	2.019255e-02	-6.778997e+00
1.121000e-05	1.967576e-02	-6.590679e+00
1.122000e-05	1.736047e-02	-6.484809e+00
1.123000e-05	1.682631e-02	-6.340099e+00
1.124000e-05	1.553479e-02	-6.200103e+00
1.125000e-05	1.348963e-02	-5.981151e+00
1.126000e-05	1.149083e-02	-5.894708e+00
1.127000e-05	1.091993e-02	-5.686343e+00
1.128000e-05	1.181309e-02	-5.547496e+00
1.129000e-05	1.091074e-02	-5.361542e+00
1.130000e-05	8.958728e-03	-5.168924e+00
1.131000e-05	7.789105e-03	-5.010575e+00
1.132000e-05	6.396302e-03	-4.718130e+00
1.133000e-05	6.198367e-03	-4.620026e+00
1.134000e-05	5.516254e-03	-4.454211e+00
1.135000e-05	5.353093e-03	-4.326838e+00
1.136000e-05	3.986524e-03	-4.148395e+00
1.137000e-05	3.759439e-03	-4.020625e+00
1.138000e-05	2.513963e-03	-3.822053e+00
1.139000e-05	2.115886e-03	-3.648600e+00
1.140000e-05	2.465990e-03	-3.461633e+00
1.141000e-05	2.348429e-03	-3.222761e+00
1.142000e-05	2.465966e-03	-3.074866e+00
1.143000e-05	4.543853e-04	-2.902309e+00
1.144000e-05	-6.608811e-04	-2.714313e+00
1.145000e-05	-1.187854e-03	-2.495789e+00
1.146000e-05	6.831900e-04	-2.375489e+00
1.147000e-05	-1.147994e-03	-2.136447e+00
1.148000e-05	8.505809e-04	-1.939396e+00
1.149000e-05	-1.040167e-03	-1.788425e+00
1.150000e-05	3.670307e-04	-1.589955e+00
1.151000e-05	-2.183074e-03	-1.397478e+00
1.152000e-05	-1.820009e-03	-1.157317e+00
1.153000e-05	-3.150344e-03	-9.383974e-01
1.154000e-05	-9.168139e-04	-8.499699e-01
1.155000e-05	-3.091667e-03	-5.590776e-01
1.156000e-05	-2.135060e-03	-3.869488e-01
1.157000e-05	-3.262549e-03	-2.205814e-01
1.158000e-05	2.141739e-04	-3.108396e-02
1.159000e-05	3.584810e-03	1.473907e-01
1.160000e-05	-2.379346e-03	3.788982e-01
1.161000e-05	1.635759e-03	5.258118e-01
1.162000e-05	-2.160058e-03	7.251555e-01
1.163000e-05	-1.606415e-03	8.301300e-01
1.164000e-05	-3.757081e-03	1.103706e+00
1.165000e-05	2.920294e-03	1.263130e+00
1.166000e-05	1.287660e-02	1.432578e+00
1.167000e-05	6.704677e-02	1.696256e+00
1.168000e-05	5.614364e-03	1.916312e+00
1.169000e-05	-5.533839e-02	2.124835e+00
1.170000e-05	-3.560519e-02	2.284730e+00
1.171000e-05	-6.378045e-02	2.401598e+00
1.172000e-05	-3.189679e-02	2.497966e+00
1.173000e-05	1.673771e-01	2.718986e+00
1.174000e-05	-1.031469e-01	2.946884e+00
1.175000e-05	-1.727472e-02	3.053080e+00
1.176000e-05	1.149930e-01	3.232702e+00
1.177000e-05	-1.194340e-01	3.514779e+00
1.178000e-05	3.505683e-02	3.612624e+00
1.179000e-05	6.363295e-02	3.787940e+00
1.180000e-05	-1.313041e-01	3.968993e+00
1.181000e-05	6.736290e-02	4.147912e+00
1.182000e-05	2.212752e-02	4.368016e+00
1.183000e-05	-2.847085e-02	4.495858e+00
1.184000e-05	-2.040872e-03	4.685308e+00
1.185000e-05	-6.602968e-02	4.886258e+00
1.186000e-05	3.674759e-02	5.105908e+00
1.187000e-05	2.209635e-02	5.305437e+00
1.188000e-05	-4.593477e-03	5.444204e+00
1.189000e-05	-2.394455e-02	5.620049e+00
1.190000e-05	-1.501330e-02	5.801569e+00
1.191000e-05	1.677641e-02	5.999444e+00
1.192000e-05	-2.992509e-02	6.135283e+00
1.193000e-05	4.972757e-03	6.245258e+00
1.194000e-05	6.369137e-03	6.402069e+00
1.195000e-05	-3.211772e-02	6.583538e+00
1.196000e-05	2.103488e-02	6.748492e+00
1.197000e-05	-2.633386e-02	6.915782e+00
1.198000e-05	-6.661870e-03	7.012200e+00
1.199000e-05	-6.403878e-03	7.198392e+00
1.200000e-05	-6.049595e-03	7.243251e+00
1.201000e-05	1.047180e-02	7.452744e+00
1.202000e-05	-2.660488e-02	7.590644e+00
1.203000e-05	-5.301403e-03	7.738542e+00
1.204000e-05	-1.625334e-02	7.906834e+00
1.205000e-05	5.460191e-03	7.992250e+00
1.206000e-05	-1.035526e-02	8.169498e+00
1.207000e-05	-1.386657e-02	8.273282e+00
1.208000e-05	1.983698e-03	8.379515e+00
1.209000e-05	-1.014267e-02	8.502283e+00
1.210000e-05	-1.205087e-02	8.559415e+00
1.211000e-05	-1.979322e-02	8.673276e+00
1.212000e-05	-1.881382e-03	8.788990e+00
1.213000e-05	-3.979316e-03	8.835227e+00
1.214000e-05	-1.068828e-02	8.928587e+00
1.215000e-05	-1.377215e-02	9.095003e+00
1.216000e-05	-1.201925e-02	9.199996e+00
1.217000e-05	-8.715025e-03	9.283806e+00
1.218000e-05	-1.045785e-02	9.315862e+00
1.219000e-05	-8.140819e-03	9.412272e+00
1.220000e-05	-1.015542e-02	9.486882e+00
1.221000e-05	-1.142336e-02	9.528939e+00
1.222000e-05	-1.335169e-02	9.591643e+00
1.223000e-05	-1.118159e-02	9.696833e+00
1.224000e-05	-1.541405e-02	9.750167e+00
1.225000e-05	-1.105367e-02	9.893305e+00
1.226000e-05	-6.511492e-03	9.916956e+00
1.227000e-05	-8.767388e-03	9.960067e+00
1.228000e-05	-1.626758e-02	1.002007e+01
1.229000e-05	-1.617939e-02	1.005418e+01
1.230000e-05	-1.005828e-02	1.008543e+01
1.231000e-05	-1.125505e-02	1.012741e+01
1.232000e-05	-1.411520e-02	1.015957e+01
1.233000e-05	-1.536590e-02	1.022264e+01
1.234000e-05	-1.376749e-02	1.024520e+01
1.235000e-05	-1.328359e-02	1.024325e+01
1.236000e-05	-1.312168e-02	1.028631e+01
1.237000e-05	-1.552073e-02	1.026636e+01
1.238000e-05	-1.608415e-02	1.032638e+01
1.239000e-05	-1.327682e-02	1.028731e+01
1.240000e-05	-1.491117e-02	1.033648e+01
1.241000e-05	-1.872599e-02	1.031854e+01
1.242000e-05	-2.032806e-02	1.031739e+01
1.243000e-05	-1.655348e-02	1.027793e+01
1.244000e-05	-1.587979e-02	1.026693e+01
1.245000e-05	-1.672377e-02	1.029536e+01
1.246000e-05	-2.065994e-02	1.025383e+01
1.247000e-05	-2.088397e-02	1.024383e+01
1.248000e-05	-1.983210e-02	1.021278e+01
1.249000e-05	-2.157088e-02	1.020107e+01
1.250000e-05	-2.157456e-02	1.020264e+01
1.251000e-05	-2.307594e-02	1.011854e+01
1.252000e-05	-2.294103e-02	1.009684e+01
1.253000e-05	-2.377450e-02	1.007331e+01
1.254000e-05	-2.462492e-02	1.004328e+01
1.255000e-05	-2.639145e-02	1.003010e+01
1.256000e-05	-2.594790e-02	9.978969e+00
1.257000e-05	-2.550569e-02	9.867359e+00
1.258000e-05	-2.711106e-02	9.804199e+00
1.259000e-05	-2.932645e-02	9.697111e+00
1.260000e-05	-2.911210e-02	9.685303e+00
1.261000e-05	-2.885381e-02	9.599673e+00
1.262000e-05	-2.916339e-02	9.517884e+00
1.263000e-05	-2.915964e-02	9.442657e+00
1.264000e-05	-2.941358e-02	9.359039e+00
1.265000e-05	-3.040414e-02	9.326413e+00
1.266000e-05	-3.092870e-02	9.251625e+00
1.267000e-05	-3.325428e-02	9.178517e+00
1.268000e-05	-3.154794e-02	9.063724e+00
1.269000e-05	-3.242076e-02	8.918892e+00
1.270000e-05	-3.070612e-02	8.801099e+00
1.271000e-05	-3.344883e-02	8.767467e+00
1.272000e-05	-3.256956e-02	8.633150e+00
1.273000e-05	-3.426469e-02	8.498519e+00
1.274000e-05	-3.077023e-02	8.462706e+00
1.275000e-05	-3.223333e-02	8.347371e+00
1.276000e-05	-3.177324e-02	8.231172e+00
1.277000e-05	-3.243121e-02	8.044884e+00
1.278000e-05	-3.143625e-02	7.969945e+00
1.279000e-05	-3.156909e-02	7.872732e+00
1.280000e-05	-3.152256e-02	7.714340e+00
1.281000e-05	-2.921305e-02	7.600575e+00
1.282000e-05	-2.959485e-02	7.483575e+00
1.283000e-05	-2.867531e-02	7.253257e+00
1.284000e-05	-2.798377e-02	7.107892e+00
1.285000e-05	-2.714850e-02	6.980070e+00
1.286000e-05	-2.694650e-02	6.832761e+00
1.287000e-05	-2.617026e-02	6.697291e+00
1.288000e-05	-2.370043e-02	6.507495e+00
1.289000e-05	-2.285359e-02	6.379075e+00
1.290000e-05	-2.240769e-02	6.242709e+00
1.291000e-05	-2.230204e-02	6.115285e+00
1.292000e-05	-2.027263e-02	5.998021e+00
1.293000e-05	-2.009034e-02	5.781575e+00
1.294000e-05	-1.864797e-02	5.610601e+00
1.295000e-05	-1.667363e-02	5.474183e+00
1.296000e-05	-1.547958e-02	5.285813e+00
1.297000e-05	-1.575585e-02	5.123819e+00
1.298000e-05	-1.595001e-02	4.883233e+00
1.299000e-05	-1.369727e-02	4.684816e+00
1.300000e-05	-1.448297e-02	4.527417e+00
1.301000e-05	-1.104562e-02	4.380021e+00
1.302000e-05	-1.347995e-02	4.200559e+00
1.303000e-05	-9.260204e-03	3.989049e+00
1.304000e-05	-1.177237e-02	3.803658e+00
1.305000e-05	-9.758847e-03	3.663287e+00
1.306000e-05	-9.889325e-03	3.537816e+00
1.307000e-05	-1.178646e-02	3.315265e+00
1.308000e-05	-8.862568e-03	3.115319e+00
1.309000e-05	-1.004378e-02	2.956845e+00
1.310000e-05	-6.487962e-03	2.809403e+00
1.311000e-05	-8.837964e-03	2.550001e+00
1.312000e-05	-6.915524e-03	2.359799e+00
1.313000e-05	-6.301445e-03	2.218977e+00
1.314000e-05	-6.616379e-03	2.021084e+00
1.315000e-05	-6.238804e-03	1.863611e+00
1.316000e-05	-6.917055e-03	1.653609e+00
1.317000e-05	-7.419962e-03	1.471085e+00
1.318000e-05	-6.995972e-03	1.234086e+00
1.319000e-05	-5.904010e-03	1.002109e+00
1.320000e-05	-4.414989e-03	8.110053e-01
1.321000e-05	-5.282730e-03	6.130828e-01
1.322000e-05	-5.425349e-03	4.406367e-01
1.323000e-05	-5.041290e-03	2.752130e-01
1.324000e-05	-3.578253e-03	6.152808e-02
1.325000e-05	2.997404e-03	-9.431421e-02
1.326000e-05	-2.239118e-03	-3.047604e-01
1.327000e-05	-1.076406e-03	-4.216276e-01
1.328000e-05	-3.017719e-03	-6.710499e-01
1.329000e-05	-2.216324e-03	-8.721024e-01
1.330000e-05	-1.652032e-03	-9.885223e-01
1.331000e-05	4.486544e-03	-1.146916e+00
1.332000e-05	2.603154e-02	-1.295306e+00
1.333000e-05	8.980330e-02	-1.538416e+00
1.334000e-05	-5.595532e-02	-1.787992e+00
1.335000e-05	-2.432278e-02	-2.042224e+00
1.336000e-05	-6.325887e-02	-2.262759e+00
1.337000e-05	-7.679709e-02	-2.432156e+00
1.338000e-05	1.627251e-01	-2.504183e+00
1.339000e-05	-2.021077e-02	-2.673226e+00
1.340000e-05	-1.142120e-01	-2.894203e+00
1.341000e-05	1.811317e-01	-2.991655e+00
1.342000e-05	-1.449576e-01	-3.271100e+00
1.343000e-05	-1.124095e-02	-3.401169e+00
1.344000e-05	1.569972e-01	-3.558491e+00
1.345000e-05	-1.614744e-01	-3.788988e+00
1.346000e-05	4.295259e-02	-3.977995e+00
1.347000e-05	1.150545e-01	-4.114838e+00
1.348000e-05	-9.716258e-02	-4.314912e+00
1.349000e-05	9.212463e-02	-4.443678e+00
1.350000e-05	-1.450546e-01	-4.611645e+00
1.351000e-05	3.206442e-02	-4.812175e+00
1.352000e-05	1.314938e-01	-4.989565e+00
1.353000e-05	-1.067962e-01	-5.167989e+00
1.354000e-05	7.308843e-02	-5.387512e+00
1.355000e-05	-6.503834e-02	-5.557062e+00
1.356000e-05	3.321431e-02	-5.766037e+00
1.357000e-05	2.771298e-02	-5.873177e+00
1.358000e-05	-6.700924e-02	-6.000671e+00
1.359000e-05	1.070984e-01	-6.177044e+00
1.360000e-05	-9.148090e-02	-6.379017e+00
1.361000e-05	4.668148e-02	-6.485880e+00
1.362000e-05	2.307672e-02	-6.632701e+00
1.363000e-05	-4.305740e-02	-6.781598e+00
1.364000e-05	5.718752e-02	-6.966963e+00
1.365000e-05	-6.977317e-02	-7.114360e+00
1.366000e-05	8.738975e-02	-7.263246e+00
1.367000e-05	-2.318350e-02	-7.360167e+00
1.368000e-05	-1.150167e-02	-7.535392e+00
1.369000e-05	1.561961e-02	-7.662875e+00
1.370000e-05	-1.860722e-02	-7.851305e+00
1.371000e-05	5.169722e-02	-7.959067e+00
1.372000e-05	-3.595261e-02	-8.104884e+00
1.373000e-05	4.105768e-02	-8.161145e+00
1.374000e-05	-4.011623e-03	-8.325858e+00
1.375000e-05	-8.295998e-03	-8.401099e+00
1.376000e-05	9.548274e-03	-8.475932e+00
1.377000e-05	-2.245947e-03	-8.691850e+00
1.378000e-05	3.804804e-02	-8.768540e+00
1.379000e-05	-2.466953e-02	-8.863325e+00
1.380000e-05	1.715068e-02	-8.948065e+00
1.381000e-05	2.529679e-03	-9.042176e+00
1.382000e-05	1.341112e-02	-9.137464e+00
1.383000e-05	3.173247e-03	-9.202144e+00
1.384000e-05	-7.371208e-04	-9.253902e+00
1.385000e-05	1.962711e-02	-9.357658e+00
1.386000e-05	-6.470006e-04	-9.462903e+00
1.387000e-05	1.240081e-02	-9.528996e+00
1.388000e-05	-1.499388e-03	-9.641753e+00
1.389000e-05	7.172151e-03	-9.716386e+00
1.390000e-05	4.104458e-03	-9.727432e+00
1.391000e-05	1.671045e-02	-9.820673e+00
1.392000e-05	1.478132e-02	-9.873828e+00
1.393000e-05	3.426492e-04	-9.906433e+00
1.394000e-05	2.301089e-03	-9.946492e+00
1.395000e-05	8.475520e-03	-9.958596e+00
1.396000e-05	1.702318e-02	-1.003310e+01
1.397000e-05	7.109358e-03	-1.003385e+01
1.398000e-05	5.855415e-03	-1.009691e+01
1.399000e-05	7.667230e-03	-1.013804e+01
1.400000e-05	1.085888e-02	-1.017912e+01
1.401000e-05	1.032276e-02	-1.017280e+01
1.402000e-05	7.735959e-03	-1.025533e+01
1.403000e-05	8.768194e-03	-1.023387e+01
1.404000e-05	1.247537e-02	-1.026741e+01
1.405000e-05	1.331943e-02	-1.033496e+01
1.406000e-05	9.313709e-03	-1.031601e+01
1.407000e-05	7.681490e-03	-1.035754e+01
1.408000e-05	1.034869e-02	-1.036001e+01
1.409000e-05	1.321851e-02	-1.032544e+01
1.410000e-05	1.430771e-02	-1.029538e+01
1.411000e-05	1.435611e-02	-1.026428e+01
1.412000e-05	1.321873e-02	-1.031431e+01
1.413000e-05	1.269194e-02	-1.022172e+01
1.414000e-05	1.443417e-02	-1.022172e+01
1.415000e-05	1.705999e-02	-1.017014e+01
1.416000e-05	1.706794e-02	-1.011754e+01
1.417000e-05	1.629523e-02	-1.009751e+01
1.418000e-05	1.807952e-02	-1.005330e+01
1.419000e-05	1.882041e-02	-1.002208e+01
1.420000e-05	1.710987e-02	-9.989024e+00
1.421000e-05	1.925134e-02	-9.937965e+00
1.422000e-05	2.155486e-02	-9.886337e+00
1.423000e-05	2.224301e-02	-9.863302e+00
1.424000e-05	2.007105e-02	-9.790567e+00
1.425000e-05	2.179946e-02	-9.718571e+00
1.426000e-05	2.349393e-02	-9.652808e+00
1.427000e-05	2.257022e-02	-9.621653e+00
1.428000e-05	2.254895e-02	-9.598020e+00
1.429000e-05	2.492265e-02	-9.506337e+00
1.430000e-05	2.520962e-02	-9.359694e+00
1.431000e-05	2.474284e-02	-9.283908e+00
1.432000e-05	2.447005e-02	-9.189600e+00
1.433000e-05	2.509115e-02	-9.117367e+00
1.434000e-05	2.540373e-02	-9.041700e+00
1.435000e-05	2.582163e-02	-8.927940e+00
1.436000e-05	2.630533e-02	-8.841180e+00
1.437000e-05	2.591836e-02	-8.739495e+00
1.438000e-05	2.518490e-02	-8.654706e+00
1.439000e-05	2.669071e-02	-8.516992e+00
1.440000e-05	2.702326e-02	-8.401580e+00
1.441000e-05	2.647082e-02	-8.304366e+00
1.442000e-05	2.528935e-02	-8.190623e+00
1.443000e-05	2.598095e-02	-8.096334e+00
1.444000e-05	2.537494e-02	-7.967070e+00
1.445000e-05	2.471080e-02	-7.873709e+00
1.446000e-05	2.395184e-02	-7.684334e+00
1.447000e-05	2.334412e-02	-7.547466e+00
1.448000e-05	2.286637e-02	-7.430051e+00
1.449000e-05	2.253117e-02	-7.304213e+00
1.450000e-05	2.256110e-02	-7.150016e+00
1.451000e-05	2.047563e-02	-6.961576e+00
1.452000e-05	1.897109e-02	-6.820704e+00
1.453000e-05	1.857589e-02	-6.694838e+00
1.454000e-05	1.849384e-02	-6.557943e+00
1.455000e-05	1.693729e-02	-6.439204e+00
1.456000e-05	1.599104e-02	-6.275359e+00
1.457000e-05	1.425009e-02	-6.074808e+00
1.458000e-05	1.312515e-02	-5.936370e+00
1.459000e-05	1.187818e-02	-5.790151e+00
1.460000e-05	1.122773e-02	-5.621155e+00
1.461000e-05	1.073088e-02	-5.483735e+00
1.462000e-05	9.652966e-03	-5.252210e+00
1.463000e-05	8.020782e-03	-5.064289e+00
1.464000e-05	7.609354e-03	-4.872837e+00
1.465000e-05	5.745653e-03	-4.704789e+00
1.466000e-05	5.928202e-03	-4.537368e+00
1.467000e-05	5.384565e-03	-4.350001e+00
1.468000e-05	4.966491e-03	-4.232654e+00
1.469000e-05	4.064519e-03	-4.050813e+00
1.470000e-05	2.601383e-03	-3.896391e+00
1.471000e-05	3.378139e-03	-3.713288e+00
1.472000e-05	1.991513e-03	-3.515817e+00
1.473000e-05	2.360391e-03	-3.337346e+00
1.474000e-05	1.187376e-03	-3.180025e+00
1.475000e-05	1.573903e-03	-2.947446e+00
1.476000e-05	7.278401e-04	-2.758975e+00
1.477000e-05	-3.266411e-04	-2.650529e+00
1.478000e-05	-6.387638e-04	-2.400054e+00
1.479000e-05	-1.790423e-04	-2.263212e+00
1.480000e-05	-3.211112e-04	-2.000602e+00
1.481000e-05	-1.498310e-03	-1.863111e+00
1.482000e-05	-8.277551e-04	-1.674217e+00
1.483000e-05	-1.144946e-03	-1.514765e+00
1.484000e-05	-1.070664e-03	-1.230659e+00
1.485000e-05	-3.007408e-03	-1.050637e+00
1.486000e-05	-2.665044e-03	-8.936881e-01
1.487000e-05	-3.073058e-03	-6.642645e-01
1.488000e-05	-1.274835e-03	-4.715868e-01
1.489000e-05	-3.286574e-03	-2.847144e-01
1.490000e-05	-1.612568e-03	-1.063409e-01
1.491000e-05	3.005690e-03	5.212878e-02
1.492000e-05	1.184321e-03	2.746804e-01
1.493000e-05	-1.973493e-03	4.721065e-01
1.494000e-05	8.362910e-04	6.021463e-01
1.495000e-05	-3.698544e-03	7.693674e-01
1.496000e-05	-2.526776e-03	9.547619e-01
1.497000e-05	-1.056427e-03	1.178516e+00
1.498000e-05	6.035508e-03	1.367916e+00
1.499000e-05	3.839178e-02	1.558866e+00
1.500000e-05	5.881860e-02	1.822079e+00
1.501000e-05	-5.250613e-02	2.012599e+00
1.502000e-05	-3.680853e-02	2.189096e+00
1.503000e-05	-4.857061e-02	2.390445e+00
1.504000e-05	-7.409489e-02	2.503280e+00
1.505000e-05	9.120354e-02	2.703323e+00
1.506000e-05	6.935807e-02	2.833154e+00
1.507000e-05	-1.597903e-01	3.009972e+00
1.508000e-05	1.534305e-01	3.168412e+00
1.509000e-05	-5.002622e-02	3.370588e+00
1.510000e-05	-6.878789e-02	3.556994e+00
1.511000e-05	1.043797e-01	3.674708e+00
1.512000e-05	-6.967501e-02	3.885706e+00
1.513000e-05	-4.418724e-02	4.054172e+00
1.514000e-05	9.441440e-02	4.242302e+00
1.515000e-05	-4.142853e-02	4.432152e+00
1.516000e-05	4.574188e-03	4.623049e+00
1.517000e-05	-4.653017e-02	4.769619e+00
1.518000e-05	-2.594200e-02	5.009099e+00
1.519000e-05	5.568754e-02	5.212175e+00
1.520000e-05	-8.199389e-03	5.411570e+00
1.521000e-05	-4.278910e-03	5.547891e+00
1.522000e-05	-3.940158e-02	5.656858e+00
1.523000e-05	1.703199e-02	5.925305e+00
1.524000e-05	-6.606648e-03	6.083203e+00
1.525000e-05	-2.667051e-02	6.201549e+00
1.526000e-05	2.874012e-02	6.346486e+00
1.527000e-05	-3.140287e-02	6.485255e+00
1.528000e-05	8.006537e-03	6.663382e+00
1.529000e-05	-9.025196e-03	6.833121e+00
1.530000e-05	-2.504301e-02	6.969013e+00
1.531000e-05	-9.730987e-04	7.075858e+00
1.532000e-05	-9.710127e-03	7.231624e+00
1.533000e-05	9.507089e-03	7.329116e+00
1.534000e-05	-1.188034e-02	7.467986e+00
1.535000e-05	-1.485116e-02	7.714752e+00
1.536000e-05	-7.918268e-03	7.801625e+00
1.537000e-05	-6.315266e-03	7.981143e+00
1.538000e-05	-9.238603e-04	8.127383e+00
1.539000e-05	-1.738258e-02	8.213226e+00
1.540000e-05	-5.731581e-03	8.356987e+00
1.541000e-05	-2.355731e-04	8.441151e+00
1.542000e-05	-1.490992e-02	8.526912e+00
1.543000e-05	-1.534162e-02	8.651673e+00
1.544000e-05	-1.294909e-02	8.715412e+00
1.545000e-05	4.255825e-03	8.850098e+00
1.546000e-05	-6.791859e-03	8.905912e+00
1.547000e-05	-1.392985e-02	9.033718e+00
1.548000e-05	-1.474132e-02	9.146962e+00
1.549000e-05	-1.160464e-02	9.254149e+00
1.550000e-05	-6.801757e-03	9.326384e+00
1.551000e-05	-1.208446e-02	9.388090e+00
1.552000e-05	-8.323809e-03	9.473204e+00
1.553000e-05	-1.206229e-02	9.506937e+00
1.554000e-05	-9.001568e-03	9.571122e+00
1.555000e-05	-1.171230e-02	9.653879e+00
1.556000e-05	-1.435001e-02	9.696910e+00
1.557000e-05	-1.438755e-02	9.829721e+00
1.558000e-05	-9.406427e-03	9.875911e+00
1.559000e-05	-4.903344e-03	9.998417e+00
1.560000e-05	-1.496100e-02	1.000010e+01
1.561000e-05	-1.695372e-02	1.007310e+01
1.562000e-05	-1.495686e-02	1.007488e+01
1.563000e-05	-8.458511e-03	1.011798e+01
1.564000e-05	-1.174611e-02	1.017754e+01
1.565000e-05	-1.585227e-02	1.019162e+01
1.566000e-05	-1.426856e-02	1.025110e+01
1.567000e-05	-1.529642e-02	1.026270e+01
1.568000e-05	-1.364827e-02	1.025283e+01
1.569000e-05	-1.576375e-02	1.029476e+01
1.570000e-05	-1.522058e-02	1.028531e+01
1.571000e-05	-1.440632e-02	1.033641e+01
1.572000e-05	-1.134058e-02	1.031741e+01
1.573000e-05	-1.674989e-02	1.033744e+01
1.574000e-05	-2.098325e-02	1.029646e+01
1.575000e-05	-1.887168e-02	1.032641e+01
1.576000e-05	-1.569831e-02	1.030788e+01
1.577000e-05	-1.666124e-02	1.031639e+01
1.578000e-05	-1.951606e-02	1.025483e+01
1.579000e-05	-1.963548e-02	1.028721e+01
1.580000e-05	-2.123183e-02	1.028323e+01
1.581000e-05	-2.033827e-02	1.026423e+01
1.582000e-05	-2.216448e-02	1.016957e+01
1.583000e-05	-2.240040e-02	1.015902e+01
1.584000e-05	-2.291204e-02	1.013739e+01
1.585000e-05	-2.327393e-02	1.007638e+01
1.586000e-05	-2.268536e-02	1.009323e+01
1.587000e-05	-2.600041e-02	1.003155e+01
1.588000e-05	-2.685698e-02	9.969520e+00
1.589000e-05	-2.730610e-02	9.905436e+00
1.590000e-05	-2.485430e-02	9.855208e+00
1.591000e-05	-2.792441e-02	9.778116e+00
1.592000e-05	-2.831803e-02	9.675332e+00
1.593000e-05	-2.948930e-02	9.621627e+00
1.594000e-05	-2.908474e-02	9.538914e+00
1.595000e-05	-2.936538e-02	9.446287e+00
1.596000e-05	-3.044249e-02	9.411674e+00
1.597000e-05	-2.921950e-02	9.368466e+00
1.598000e-05	-3.146738e-02	9.275279e+00
1.599000e-05	-3.117807e-02	9.200547e+00
1.600000e-05	-3.198984e-02	9.105267e+00
1.601000e-05	-3.156459e-02	8.961650e+00
1.602000e-05	-3.283561e-02	8.895328e+00
1.603000e-05	-3.172846e-02	8.749971e+00
1.604000e-05	-3.295315e-02	8.685811e+00
1.605000e-05	-3.175297e-02	8.570070e+00
1.606000e-05	-3.222730e-02	8.474836e+00
1.607000e-05	-3.278527e-02	8.390499e+00
1.608000e-05	-3.267223e-02	8.266285e+00
1.609000e-05	-3.190563e-02	8.138143e+00
1.610000e-05	-3.111854e-02	8.071057e+00
1.611000e-05	-3.106826e-02	7.907912e+00
1.612000e-05	-3.170302e-02	7.779548e+00
1.613000e-05	-3.055693e-02	7.624128e+00
1.614000e-05	-2.963164e-02	7.526358e+00
1.615000e-05	-2.922835e-02	7.388437e+00
1.616000e-05	-2.787900e-02	7.209496e+00
1.617000e-05	-2.771015e-02	7.051706e+00
1.618000e-05	-2.796417e-02	6.905841e+00
1.619000e-05	-2.635674e-02	6.809024e+00
1.620000e-05	-2.546629e-02	6.642158e+00
1.621000e-05	-2.318161e-02	6.431155e+00
1.622000e-05	-2.220256e-02	6.296790e+00
1.623000e-05	-2.168269e-02	6.189971e+00
1.624000e-05	-2.103083e-02	6.062152e+00
1.625000e-05	-2.019726e-02	5.896837e+00
1.626000e-05	-2.040326e-02	5.695336e+00
1.627000e-05	-1.862831e-02	5.527842e+00
1.628000e-05	-1.622195e-02	5.379970e+00
1.629000e-05	-1.570734e-02	5.188103e+00
1.630000e-05	-1.478680e-02	4.970898e+00
1.631000e-05	-1.499320e-02	4.768399e+00
1.632000e-05	-1.409696e-02	4.593550e+00
1.633000e-05	-1.379765e-02	4.472132e+00
1.634000e-05	-1.129369e-02	4.336791e+00
1.635000e-05	-1.203645e-02	4.106312e+00
1.636000e-05	-1.049622e-02	3.916293e+00
1.637000e-05	-1.154209e-02	3.786893e+00
1.638000e-05	-9.039478e-03	3.610002e+00
1.639000e-05	-9.491289e-03	3.440155e+00
1.640000e-05	-9.162372e-03	3.220623e+00
1.641000e-05	-8.407479e-03	3.032108e+00
1.642000e-05	-8.168741e-03	2.873212e+00
1.643000e-05	-8.318258e-03	2.715765e+00
1.644000e-05	-9.069561e-03	2.484636e+00
1.645000e-05	-8.539934e-03	2.254186e+00
1.646000e-05	-6.641845e-03	2.094766e+00
1.647000e-05	-6.863159e-03	1.957870e+00
1.648000e-05	-5.960090e-03	1.739369e+00
1.649000e-05	-7.580515e-03	1.536297e+00
1.650000e-05	-5.966138e-03	1.346848e+00
1.651000e-05	-5.850276e-03	1.128446e+00
1.652000e-05	-5.593797e-03	9.356670e-01
1.653000e-05	-5.690199e-03	7.147421e-01
1.654000e-05	-4.842402e-03	5.177946e-01
1.655000e-05	-4.499590e-03	3.678739e-01
1.656000e-05	-5.200589e-03	1.597962e-01
1.657000e-05	-3.895192e-04	-2.165501e-02
1.658000e-05	2.870038e-03	-1.995262e-01
1.659000e-05	-3.278481e-03	-3.574972e-01
1.660000e-05	1.175457e-03	-5.448342e-01
1.661000e-05	-3.571999e-03	-7.673670e-01
1.662000e-05	-8.552041e-04	-9.142618e-01
1.663000e-05	-1.353483e-03	-1.062233e+00
1.664000e-05	9.131980e-03	-1.242628e+00
1.665000e-05	7.151936e-02	-1.463698e+00
1.666000e-05	2.310582e-02	-1.672730e+00
1.667000e-05	-6.529593e-02	-1.894808e+00
1.668000e-05	-2.108161e-02	-2.178042e+00
1.669000e-05	-1.007247e-01	-2.409070e+00
1.670000e-05	5.148335e-02	-2.473209e+00
1.671000e-05	1.407187e-01	-2.525491e+00
1.672000e-05	-1.766560e-01	-2.768985e+00
1.673000e-05	1.093274e-01	-2.948991e+00
1.674000e-05	3.736212e-02	-3.117963e+00
1.675000e-05	-1.649584e-01	-3.397959e+00
1.676000e-05	1.559041e-01	-3.545836e+00
1.677000e-05	-1.463449e-02	-3.624126e+00
1.678000e-05	-1.386790e-01	-3.905282e+00
1.679000e-05	1.769429e-01	-4.020649e+00
1.680000e-05	-7.033932e-02	-4.220099e+00
1.681000e-05	3.364938e-02	-4.409521e+00
1.682000e-05	-1.553136e-02	-4.476285e+00
1.683000e-05	-1.305575e-01	-4.746439e+00
1.684000e-05	1.722664e-01	-4.914958e+00
1.685000e-05	-3.607262e-02	-5.072228e+00
1.686000e-05	-1.882007e-02	-5.265733e+00
1.687000e-05	2.969342e-02	-5.472769e+00
1.688000e-05	-6.423785e-02	-5.683253e+00
1.689000e-05	1.004548e-01	-5.790172e+00
1.690000e-05	-8.912537e-02	-5.987460e+00
1.691000e-05	5.601685e-02	-6.075833e+00
1.692000e-05	1.664475e-02	-6.323307e+00
1.693000e-05	-6.134207e-02	-6.443699e+00
1.694000e-05	9.891011e-02	-6.569541e+00
1.695000e-05	-7.704365e-02	-6.705938e+00
1.696000e-05	4.804098e-02	-6.893780e+00
1.697000e-05	-2.671112e-02	-7.002147e+00
1.698000e-05	6.468667e-03	-7.200092e+00
1.699000e-05	6.738817e-02	-7.345359e+00
1.700000e-05	-6.707046e-02	-7.473778e+00
1.701000e-05	4.314659e-02	-7.608615e+00
1.702000e-05	-3.379299e-02	-7.737112e+00
1.703000e-05	4.169087e-02	-7.915986e+00
1.704000e-05	-4.813054e-03	-8.031151e+00
1.705000e-05	-6.647948e-03	-8.149489e+00
1.706000e-05	4.380314e-02	-8.283299e+00
1.707000e-05	-3.161132e-02	-8.376016e+00
1.708000e-05	2.044801e-02	-8.453303e+00
1.709000e-05	-2.022329e-02	-8.579162e+00
1.710000e-05	3.856795e-02	-8.715991e+00
1.711000e-05	4.518357e-04	-8.831725e+00
1.712000e-05	-5.700216e-03	-8.926307e+00
1.713000e-05	1.490939e-02	-9.030197e+00
1.714000e-05	-9.608503e-04	-9.104882e+00
1.715000e-05	1.874608e-02	-9.178470e+00
1.716000e-05	-9.644000e-03	-9.222797e+00
1.717000e-05	1.869310e-02	-9.325536e+00
1.718000e-05	3.638213e-03	-9.390869e+00
1.719000e-05	8.743192e-03	-9.537017e+00
1.720000e-05	6.302058e-03	-9.591673e+00
1.721000e-05	3.211422e-03	-9.674330e+00
1.722000e-05	5.075050e-03	-9.726437e+00
1.723000e-05	6.690971e-03	-9.759119e+00
1.724000e-05	2.122836e-02	-9.862330e+00
1.725000e-05	5.736665e-03	-9.886933e+00
1.726000e-05	1.884776e-03	-9.917438e+00
1.727000e-05	1.703161e-03	-9.959045e+00
1.728000e-05	1.440497e-02	-1.003110e+01
1.729000e-05	1.314072e-02	-1.000078e+01
1.730000e-05	6.636657e-03	-1.007436e+01
1.731000e-05	4.968283e-03	-1.011656e+01
1.732000e-05	8.762880e-03	-1.015714e+01
1.733000e-05	1.201002e-02	-1.016982e+01
1.734000e-05	1.014886e-02	-1.020282e+01
1.735000e-05	6.729838e-03	-1.023333e+01
1.736000e-05	9.641345e-03	-1.027593e+01
1.737000e-05	1.356458e-02	-1.030596e+01
1.738000e-05	1.191915e-02	-1.028791e+01
1.739000e-05	8.769999e-03	-1.031496e+01
1.740000e-05	8.845700e-03	-1.034651e+01
1.741000e-05	1.173430e-02	-1.033499e+01
1.742000e-05	1.405953e-02	-1.027696e+01
1.743000e-05	1.509079e-02	-1.030493e+01
1.744000e-05	1.421671e-02	-1.025543e+01
1.745000e-05	1.131047e-02	-1.023225e+01
1.746000e-05	1.228805e-02	-1.021125e+01
1.747000e-05	1.554455e-02	-1.021130e+01
1.748000e-05	1.869601e-02	-1.015814e+01
1.749000e-05	1.669520e-02	-1.012606e+01
1.750000e-05	1.712804e-02	-1.008441e+01
1.751000e-05	1.862680e-02	-1.003170e+01
1.752000e-05	1.797060e-02	-1.002110e+01
1.753000e-05	1.786196e-02	-9.969441e+00
1.754000e-05	2.033565e-02	-9.905940e+00
1.755000e-05	2.209458e-02	-9.875358e+00
1.756000e-05	2.112726e-02	-9.802146e+00
1.757000e-05	2.124493e-02	-9.758562e+00
1.758000e-05	2.087004e-02	-9.696388e+00
1.759000e-05	2.270671e-02	-9.661681e+00
1.760000e-05	2.251300e-02	-9.620600e+00
1.761000e-05	2.460656e-02	-9.536991e+00
1.762000e-05	2.506877e-02	-9.414302e+00
1.763000e-05	2.537397e-02	-9.376065e+00
1.764000e-05	2.482224e-02	-9.250753e+00
1.765000e-05	2.526245e-02	-9.177095e+00
1.766000e-05	2.484854e-02	-9.044337e+00
1.767000e-05	2.538523e-02	-8.980567e+00
1.768000e-05	2.746193e-02	-8.861859e+00
1.769000e-05	2.663084e-02	-8.811101e+00
1.770000e-05	2.596999e-02	-8.707816e+00
1.771000e-05	2.553417e-02	-8.611148e+00
1.772000e-05	2.653026e-02	-8.443285e+00
1.773000e-05	2.516416e-02	-8.316516e+00
1.774000e-05	2.679694e-02	-8.272729e+00
1.775000e-05	2.545031e-02	-8.126920e+00
1.776000e-05	2.610472e-02	-8.011228e+00
1.777000e-05	2.439876e-02	-7.895988e+00
1.778000e-05	2.428480e-02	-7.747040e+00
1.779000e-05	2.197788e-02	-7.609198e+00
1.780000e-05	2.417765e-02	-7.463282e+00
1.781000e-05	2.335288e-02	-7.346466e+00
1.782000e-05	2.455773e-02	-7.210199e+00
1.783000e-05	2.059060e-02	-7.103786e+00
1.784000e-05	1.932367e-02	-6.886838e+00
1.785000e-05	1.924961e-02	-6.747399e+00
1.786000e-05	1.968167e-02	-6.641628e+00
1.787000e-05	1.769113e-02	-6.494288e+00
1.788000e-05	1.657179e-02	-6.337992e+00
1.789000e-05	1.571590e-02	-6.149074e+00
1.790000e-05	1.301842e-02	-6.000025e+00
1.791000e-05	1.196054e-02	-5.833762e+00
1.792000e-05	1.131088e-02	-5.716891e+00
1.793000e-05	1.201340e-02	-5.547515e+00
1.794000e-05	1.029892e-02	-5.378077e+00
1.795000e-05	1.002438e-02	-5.147972e+00
1.796000e-05	7.857054e-03	-4.970605e+00
1.797000e-05	6.528357e-03	-4.757869e+00
1.798000e-05	4.342560e-03	-4.580076e+00
1.799000e-05	5.838648e-03	-4.422212e+00
1.800000e-05	6.857899e-03	-4.316788e+00
1.801000e-05	4.743740e-03	-4.136344e+00
1.802000e-05	3.127988e-03	-3.988519e+00
1.803000e-05	1.563800e-03	-3.801579e+00
1.804000e-05	1.823968e-03	-3.589973e+00
1.805000e-05	3.105000e-03	-3.420105e+00
1.806000e-05	2.744761e-03	-3.283282e+00
1.807000e-05	2.924861e-03	-3.063836e+00
1.808000e-05	2.896221e-04	-2.852233e+00
1.809000e-05	7.343323e-04	-2.666739e+00
1.810000e-05	-1.634207e-03	-2.485817e+00
1.811000e-05	-1.125400e-03	-2.367317e+00
1.812000e-05	-7.523117e-04	-2.135342e+00
1.813000e-05	-3.440143e-04	-1.907899e+00
1.814000e-05	-1.251256e-03	-1.758496e+00
1.815000e-05	-1.130767e-03	-1.581028e+00
1.816000e-05	-2.074224e-03	-1.315873e+00
1.817000e-05	-6.523879e-04	-1.168396e+00
1.818000e-05	-2.530647e-03	-9.074223e-01
1.819000e-05	-8.887001e-04	-7.789502e-01
1.820000e-05	-5.307799e-03	-5.369235e-01
1.821000e-05	-2.652959e-03	-3.589236e-01
1.822000e-05	-3.175217e-03	-2.004827e-01
1.823000e-05	1.214102e-03	-5.006044e-02
1.824000e-05	3.199784e-03	2.479413e-01
1.825000e-05	-2.101820e-03	3.695698e-01
1.826000e-05	2.706414e-03	5.358620e-01
1.827000e-05	-1.707412e-03	7.258071e-01
1.828000e-05	-2.108636e-03	8.312288e-01
1.829000e-05	-5.355943e-03	1.114733e+00
1.830000e-05	2.937969e-03	1.254132e+00
1.831000e-05	1.534824e-02	1.432628e+00
1.832000e-05	7.014181e-02	1.744930e+00
1.833000e-05	-3.612337e-03	1.926813e+00
1.834000e-05	-5.399896e-02	2.124659e+00
1.835000e-05	-3.543109e-02	2.294236e+00
1.836000e-05	-6.718853e-02	2.403099e+00
1.837000e-05	-1.953103e-02	2.536462e+00
1.838000e-05	1.659561e-01	2.779015e+00
1.839000e-05	-1.262064e-01	2.946411e+00
1.840000e-05	1.063399e-02	3.053278e+00
1.841000e-05	9.371164e-02	3.223125e+00
1.842000e-05	-1.192722e-01	3.515382e+00
1.843000e-05	4.812513e-02	3.631601e+00
1.844000e-05	4.802622e-02	3.810093e+00
1.845000e-05	-1.273151e-01	3.978042e+00
1.846000e-05	8.305749e-02	4.130036e+00
1.847000e-05	8.002959e-03	4.400542e+00
1.848000e-05	-2.707693e-02	4.497333e+00
1.849000e-05	-6.792264e-03	4.755908e+00
1.850000e-05	-6.382043e-02	4.885426e+00
1.851000e-05	4.376580e-02	5.138958e+00
1.852000e-05	1.525666e-02	5.337311e+00
1.853000e-05	-3.090621e-03	5.484254e+00
1.854000e-05	-2.650294e-02	5.642672e+00
1.855000e-05	-9.037763e-03	5.822620e+00
1.856000e-05	1.288074e-02	6.020096e+00
1.857000e-05	-3.184507e-02	6.156436e+00
1.858000e-05	1.057055e-02	6.304252e+00
1.859000e-05	2.981986e-03	6.412596e+00
1.860000e-05	-2.870299e-02	6.619989e+00
1.861000e-05	1.677979e-02	6.769410e+00
1.862000e-05	-2.782664e-02	6.885406e+00
1.863000e-05	-3.234835e-03	7.042300e+00
1.864000e-05	-5.174499e-03	7.158041e+00
1.865000e-05	-5.023938e-03	7.276406e+00
1.866000e-05	6.227086e-03	7.433854e+00
1.867000e-05	-2.758145e-02	7.622573e+00
1.868000e-05	-2.481808e-03	7.768965e+00
1.869000e-05	-1.573331e-02	7.916359e+00
1.870000e-05	4.161657e-03	8.051378e+00
1.871000e-05	-1.252536e-02	8.168597e+00
1.872000e-05	-1.083652e-02	8.306833e+00
1.873000e-05	3.504217e-03	8.391020e+00
1.874000e-05	-1.225451e-02	8.484759e+00
1.875000e-05	-1.449597e-02	8.589038e+00
1.876000e-05	-2.110566e-02	8.684806e+00
1.877000e-05	1.885354e-03	8.788521e+00
1.878000e-05	-3.502419e-03	8.832781e+00
1.879000e-05	-1.229798e-02	8.971538e+00
1.880000e-05	-1.571465e-02	9.135427e+00
1.881000e-05	-1.073164e-02	9.181147e+00
1.882000e-05	-6.521297e-03	9.263133e+00
1.883000e-05	-1.102240e-02	9.307492e+00
1.884000e-05	-9.638611e-03	9.421652e+00
1.885000e-05	-1.303646e-02	9.515807e+00
1.886000e-05	-9.976716e-03	9.557491e+00
1.887000e-05	-1.359705e-02	9.641230e+00
1.888000e-05	-1.201119e-02	9.685882e+00
1.889000e-05	-1.586844e-02	9.760618e+00
1.890000e-05	-9.940771e-03	9.813275e+00
1.891000e-05	-5.503754e-03	9.955913e+00
1.892000e-05	-1.072159e-02	9.980992e+00
1.893000e-05	-1.724738e-02	1.003118e+01
1.894000e-05	-1.720005e-02	1.006575e+01
1.895000e-05	-9.771730e-03	1.012639e+01
1.896000e-05	-1.108261e-02	1.013746e+01
1.897000e-05	-1.445559e-02	1.016099e+01
1.898000e-05	-1.594225e-02	1.018007e+01
1.899000e-05	-1.357594e-02	1.025225e+01
1.900000e-05	-1.372059e-02	1.027523e+01
1.901000e-05	-1.442227e-02	1.027581e+01
1.902000e-05	-1.495466e-02	1.028538e+01
1.903000e-05	-1.415213e-02	1.032689e+01
1.904000e-05	-1.251997e-02	1.031684e+01
1.905000e-05	-1.637875e-02	1.029693e+01
1.906000e-05	-1.915900e-02	1.033636e+01
1.907000e-05	-2.014789e-02	1.031591e+01
1.908000e-05	-1.617036e-02	1.028788e+01
1.909000e-05	-1.740655e-02	1.031536e+01
1.910000e-05	-1.786940e-02	1.029536e+01
1.911000e-05	-1.935179e-02	1.030686e+01
1.912000e-05	-2.136067e-02	1.026540e+01
1.913000e-05	-2.043049e-02	1.027122e+01
1.914000e-05	-2.208286e-02	1.021060e+01
1.915000e-05	-2.077470e-02	1.020002e+01
1.916000e-05	-2.273164e-02	1.011897e+01
1.917000e-05	-2.402336e-02	1.009638e+01
1.918000e-05	-2.389979e-02	1.007379e+01
1.919000e-05	-2.479661e-02	1.004068e+01
1.920000e-05	-2.556243e-02	1.000963e+01
1.921000e-05	-2.601565e-02	9.957915e+00
1.922000e-05	-2.514584e-02	9.926859e+00
1.923000e-05	-2.642810e-02	9.803799e+00
1.924000e-05	-2.871715e-02	9.727014e+00
1.925000e-05	-2.908842e-02	9.681752e+00
1.926000e-05	-2.978279e-02	9.579122e+00
1.927000e-05	-3.044441e-02	9.535414e+00
1.928000e-05	-2.996892e-02	9.444204e+00
1.929000e-05	-2.946354e-02	9.378922e+00
1.930000e-05	-3.040460e-02	9.285309e+00
1.931000e-05	-3.026412e-02	9.230225e+00
1.932000e-05	-3.315138e-02	9.158542e+00
1.933000e-05	-3.115871e-02	9.065204e+00
1.934000e-05	-3.219730e-02	8.917885e+00
1.935000e-05	-3.001264e-02	8.822075e+00
1.936000e-05	-3.226300e-02	8.716864e+00
1.937000e-05	-3.193510e-02	8.652677e+00
1.938000e-05	-3.392912e-02	8.549370e+00
1.939000e-05	-3.233304e-02	8.451102e+00
1.940000e-05	-3.290393e-02	8.337921e+00
1.941000e-05	-3.219585e-02	8.222550e+00
1.942000e-05	-3.165959e-02	8.084211e+00
1.943000e-05	-3.097612e-02	7.938517e+00
1.944000e-05	-3.044209e-02	7.804725e+00
1.945000e-05	-3.157150e-02	7.715868e+00
1.946000e-05	-3.112658e-02	7.610496e+00
1.947000e-05	-2.966927e-02	7.443678e+00
1.948000e-05	-2.799483e-02	7.243102e+00
1.949000e-05	-2.714347e-02	7.136392e+00
1.950000e-05	-2.721161e-02	6.949997e+00
1.951000e-05	-2.697237e-02	6.842607e+00
1.952000e-05	-2.544828e-02	6.706368e+00
1.953000e-05	-2.401231e-02	6.516411e+00
1.954000e-05	-2.347136e-02	6.378975e+00
1.955000e-05	-2.208525e-02	6.241628e+00
1.956000e-05	-2.080147e-02	6.093766e+00
1.957000e-05	-2.044867e-02	5.998971e+00
1.958000e-05	-2.046282e-02	5.792026e+00
1.959000e-05	-1.944367e-02	5.620546e+00
1.960000e-05	-1.743371e-02	5.462583e+00
1.961000e-05	-1.565897e-02	5.274262e+00
1.962000e-05	-1.541023e-02	5.135757e+00
1.963000e-05	-1.427857e-02	4.903230e+00
1.964000e-05	-1.431889e-02	4.675259e+00
1.965000e-05	-1.364171e-02	4.507268e+00
1.966000e-05	-1.256548e-02	4.368449e+00
1.967000e-05	-1.120111e-02	4.230004e+00
1.968000e-05	-1.102366e-02	3.999524e+00
1.969000e-05	-1.134217e-02	3.802613e+00
1.970000e-05	-1.014210e-02	3.662110e+00
1.971000e-05	-9.984107e-03	3.516811e+00
1.972000e-05	-1.022417e-02	3.304267e+00
1.973000e-05	-9.450206e-03	3.106316e+00
1.974000e-05	-9.240730e-03	2.936318e+00
1.975000e-05	-7.414178e-03	2.768975e+00
1.976000e-05	-8.147703e-03	2.569401e+00
1.977000e-05	-7.539629e-03	2.369398e+00
1.978000e-05	-7.596239e-03	2.170395e+00
1.979000e-05	-7.341155e-03	2.030527e+00
1.980000e-05	-6.867652e-03	1.823083e+00
1.981000e-05	-5.510500e-03	1.642012e+00
1.982000e-05	-5.650739e-03	1.451554e+00
1.983000e-05	-6.735005e-03	1.260636e+00
1.984000e-05	-6.206461e-03	1.031533e+00
1.985000e-05	-5.193869e-03	7.699977e-01
1.986000e-05	-5.131668e-03	6.214777e-01
1.987000e-05	-5.747395e-03	4.630842e-01
1.988000e-05	-5.407680e-03	2.336408e-01
1.989000e-05	-2.074445e-03	4.360683e-02
1.990000e-05	3.071793e-03	-1.463419e-01
1.991000e-05	-1.629447e-03	-3.243593e-01
1.992000e-05	-6.220561e-04	-4.327088e-01
1.993000e-05	-1.375494e-03	-6.837000e-01
1.994000e-05	-1.275901e-03	-8.230852e-01
1.995000e-05	-2.245272e-03	-9.915998e-01
1.996000e-05	3.739063e-03	-1.169545e+00
1.997000e-05	2.902843e-02	-1.297490e+00
1.998000e-05	8.836716e-02	-1.528542e+00
1.999000e-05	-6.370243e-02	-1.780642e+00
2.000000e-05	-1.752810e-02	-2.012704e+00
2.001000e-05	-7.035654e-02	-2.306357e+00
2.002000e-05	-6.575173e-02	-2.441076e+00
2.003000e-05	1.697893e-01	-2.453282e+00
2.004000e-05	-4.568094e-02	-2.724224e+00
2.005000e-05	-8.513698e-02	-2.824205e+00
2.006000e-05	1.791882e-01	-3.051805e+00
2.007000e-05	-1.666444e-01	-3.251696e+00
2.008000e-05	1.354302e-02	-3.454678e+00
2.009000e-05	1.404816e-01	-3.578519e+00
2.010000e-05	-1.724702e-01	-3.830017e+00
2.011000e-05	6.876531e-02	-3.998567e+00
2.012000e-05	8.716791e-02	-4.096359e+00
2.013000e-05	-8.864321e-02	-4.346917e+00
2.014000e-05	8.768790e-02	-4.423229e+00
2.015000e-05	-1.550313e-01	-4.633778e+00
2.016000e-05	5.845125e-02	-4.843722e+00
2.017000e-05	1.109692e-01	-5.020100e+00
2.018000e-05	-1.043641e-01	-5.189070e+00
2.019000e-05	7.737561e-02	-5.388667e+00
2.020000e-05	-7.358956e-02	-5.550121e+00
2.021000e-05	4.901542e-02	-5.747417e+00
2.022000e-05	9.045533e-03	-5.864283e+00
2.023000e-05	-5.400487e-02	-6.012575e+00
2.024000e-05	1.048268e-01	-6.168616e+00
2.025000e-05	-9.902678e-02	-6.358043e+00
2.026000e-05	6.062301e-02	-6.524961e+00
2.027000e-05	4.981460e-03	-6.653255e+00
2.028000e-05	-2.992260e-02	-6.812148e+00
2.029000e-05	5.082006e-02	-6.938463e+00
2.030000e-05	-6.903634e-02	-7.096509e+00
2.031000e-05	9.255207e-02	-7.253329e+00
2.032000e-05	-3.494387e-02	-7.360092e+00
2.033000e-05	1.157960e-03	-7.546963e+00
2.034000e-05	7.059244e-03	-7.642826e+00
2.035000e-05	-1.309850e-02	-7.871370e+00
2.036000e-05	4.649334e-02	-8.000040e+00
2.037000e-05	-3.640482e-02	-8.114331e+00
2.038000e-05	4.672183e-02	-8.220646e+00
2.039000e-05	-1.141169e-02	-8.325436e+00
2.040000e-05	-3.882782e-03	-8.399598e+00
2.041000e-05	4.290507e-03	-8.516459e+00
2.042000e-05	3.223900e-03	-8.641854e+00
2.043000e-05	3.627055e-02	-8.800589e+00
2.044000e-05	-2.452887e-02	-8.863882e+00
2.045000e-05	1.738749e-02	-8.949095e+00
2.046000e-05	-1.029828e-03	-9.052249e+00
2.047000e-05	1.717876e-02	-9.116962e+00
2.048000e-05	4.293361e-04	-9.211174e+00
2.049000e-05	1.169233e-03	-9.276432e+00
2.050000e-05	1.727544e-02	-9.399091e+00
2.051000e-05	1.027768e-03	-9.474329e+00
2.052000e-05	1.338185e-02	-9.570597e+00
2.053000e-05	-2.524960e-04	-9.673302e+00
2.054000e-05	6.141619e-03	-9.705334e+00
2.055000e-05	3.130519e-03	-9.748486e+00
2.056000e-05	1.848290e-02	-9.822300e+00
2.057000e-05	1.401510e-02	-9.843280e+00
2.058000e-05	1.115868e-03	-9.915909e+00
2.059000e-05	3.817945e-04	-9.948018e+00
2.060000e-05	8.130611e-03	-1.001157e+01
2.061000e-05	1.729682e-02	-1.003120e+01
2.062000e-05	8.166403e-03	-1.004531e+01
2.063000e-05	4.676204e-03	-1.009648e+01
2.064000e-05	6.652519e-03	-1.013972e+01
2.065000e-05	1.144788e-02	-1.017829e+01
2.066000e-05	1.162103e-02	-1.022129e+01
2.067000e-05	8.221047e-03	-1.019185e+01
2.068000e-05	7.679569e-03	-1.024498e+01
2.069000e-05	1.288466e-02	-1.029343e+01
2.070000e-05	1.302438e-02	-1.032490e+01
2.071000e-05	1.022993e-02	-1.031803e+01
2.072000e-05	7.375826e-03	-1.030846e+01
2.073000e-05	1.023873e-02	-1.032748e+01
2.074000e-05	1.285937e-02	-1.029648e+01
2.075000e-05	1.510301e-02	-1.025689e+01
2.076000e-05	1.506764e-02	-1.026491e+01
2.077000e-05	1.299999e-02	-1.021441e+01
2.078000e-05	1.197621e-02	-1.024332e+01
2.079000e-05	1.402497e-02	-1.026175e+01
2.080000e-05	1.736787e-02	-1.013919e+01
2.081000e-05	1.777904e-02	-1.012906e+01
2.082000e-05	1.611260e-02	-1.013553e+01
2.083000e-05	1.707106e-02	-1.004281e+01
2.084000e-05	1.789247e-02	-1.002118e+01
2.085000e-05	1.772802e-02	-9.990121e+00
2.086000e-05	1.944610e-02	-9.927914e+00
2.087000e-05	2.090437e-02	-9.886356e+00
2.088000e-05	2.280206e-02	-9.843254e+00
2.089000e-05	2.113845e-02	-9.819620e+00
2.090000e-05	2.172615e-02	-9.747489e+00
2.091000e-05	2.239685e-02	-9.694807e+00
2.092000e-05	2.238565e-02	-9.631152e+00
2.093000e-05	2.252837e-02	-9.557521e+00
2.094000e-05	2.364100e-02	-9.483833e+00
2.095000e-05	2.538839e-02	-9.389620e+00
2.096000e-05	2.540410e-02	-9.275335e+00
2.097000e-05	2.491617e-02	-9.221146e+00
2.098000e-05	2.448639e-02	-9.085887e+00
2.099000e-05	2.669441e-02	-9.001724e+00
2.100000e-05	2.714717e-02	-8.917417e+00
2.101000e-05	2.721118e-02	-8.822205e+00
2.102000e-05	2.454222e-02	-8.779473e+00
2.103000e-05	2.492928e-02	-8.654807e+00
2.104000e-05	2.635512e-02	-8.536916e+00
2.105000e-05	2.673474e-02	-8.418599e+00
2.106000e-05	2.658843e-02	-8.286362e+00
2.107000e-05	2.621993e-02	-8.188973e+00
2.108000e-05	2.664068e-02	-8.075306e+00
2.109000e-05	2.655887e-02	-7.998495e+00
2.110000e-05	2.477002e-02	-7.791255e+00
2.111000e-05	2.363214e-02	-7.662259e+00
2.112000e-05	2.306226e-02	-7.527363e+00
2.113000e-05	2.350324e-02	-7.380145e+00
2.114000e-05	2.435663e-02	-7.232760e+00
2.115000e-05	2.175749e-02	-7.118461e+00
2.116000e-05	1.974469e-02	-6.938471e+00
2.117000e-05	1.983848e-02	-6.831203e+00
2.118000e-05	2.039361e-02	-6.675811e+00
2.119000e-05	1.833177e-02	-6.546443e+00
2.120000e-05	1.692889e-02	-6.410499e+00
2.121000e-05	1.518131e-02	-6.255283e+00
2.122000e-05	1.534438e-02	-6.043786e+00
2.123000e-05	1.431758e-02	-5.915842e+00
2.124000e-05	1.192799e-02	-5.820049e+00
2.125000e-05	1.055701e-02	-5.630630e+00
2.126000e-05	1.028689e-02	-5.446309e+00
2.127000e-05	1.055789e-02	-5.271683e+00
2.128000e-05	9.967044e-03	-5.033735e+00
2.129000e-05	7.894347e-03	-4.885812e+00
2.130000e-05	5.931472e-03	-4.671182e+00
2.131000e-05	4.442522e-03	-4.525871e+00
2.132000e-05	6.765013e-03	-4.338476e+00
2.133000e-05	4.388441e-03	-4.211625e+00
2.134000e-05	4.733311e-03	-4.053283e+00
2.135000e-05	1.541343e-03	-3.896336e+00
2.136000e-05	4.110625e-03	-3.683764e+00
2.137000e-05	1.196272e-03	-3.516768e+00
2.138000e-05	3.596338e-03	-3.357321e+00
2.139000e-05	9.480629e-04	-3.208442e+00
2.140000e-05	1.168051e-03	-2.928491e+00
2.141000e-05	1.021041e-03	-2.758947e+00
2.142000e-05	-5.193057e-04	-2.589054e+00
2.143000e-05	-3.194502e-04	-2.421028e+00
2.144000e-05	-1.634637e-03	-2.213109e+00
2.145000e-05	1.367649e-05	-2.020533e+00
2.146000e-05	-1.137313e-04	-1.842633e+00
2.147000e-05	3.162730e-04	-1.673182e+00
2.148000e-05	-1.682551e-03	-1.433236e+00
2.149000e-05	-2.388572e-03	-1.250028e+00
2.150000e-05	-4.343543e-03	-1.021984e+00
2.151000e-05	-1.786390e-03	-8.216117e-01
2.152000e-05	-3.711501e-03	-6.642156e-01
2.153000e-05	-9.400913e-04	-4.525841e-01
2.154000e-05	-3.096003e-03	-3.132392e-01
2.155000e-05	-8.772105e-04	-1.232934e-01
2.156000e-05	2.483490e-03	9.378040e-02
2.157000e-05	1.944728e-05	3.162792e-01
2.158000e-05	-1.842922e-03	4.731552e-01
2.159000e-05	-8.548678e-05	6.320500e-01
2.160000e-05	-2.393730e-03	7.804411e-01
2.161000e-05	-2.433258e-03	9.568873e-01
2.162000e-05	-1.074255e-03	1.171100e+00
2.163000e-05	5.464097e-03	1.327916e+00
2.164000e-05	4.321372e-02	1.620092e+00
2.165000e-05	5.412614e-02	1.783125e+00
2.166000e-05	-5.563276e-02	2.041626e+00
2.167000e-05	-3.494226e-02	2.201044e+00
2.168000e-05	-5.127984e-02	2.387941e+00
2.169000e-05	-7.147910e-02	2.486786e+00
2.170000e-05	1.087949e-01	2.723306e+00
2.171000e-05	4.137529e-02	2.863701e+00
2.172000e-05	-1.516296e-01	3.002570e+00
2.173000e-05	1.572694e-01	3.128461e+00
2.174000e-05	-6.847526e-02	3.409515e+00
2.175000e-05	-4.944578e-02	3.599496e+00
2.176000e-05	1.096969e-01	3.705807e+00
2.177000e-05	-8.417135e-02	3.896837e+00
2.178000e-05	-2.977724e-02	4.044753e+00
2.179000e-05	7.994013e-02	4.304332e+00
2.180000e-05	-4.504858e-02	4.433650e+00
2.181000e-05	9.396314e-03	4.612626e+00
2.182000e-05	-4.902027e-02	4.843175e+00
2.183000e-05	-1.970747e-02	5.070767e+00
2.184000e-05	5.105968e-02	5.243675e+00
2.185000e-05	-5.855570e-03	5.400650e+00
2.186000e-05	-1.949313e-03	5.607437e+00
2.187000e-05	-3.964313e-02	5.678909e+00
2.188000e-05	1.454399e-02	5.957908e+00
2.189000e-05	-1.049331e-02	6.063253e+00
2.190000e-05	-1.966053e-02	6.202020e+00
2.191000e-05	2.897437e-02	6.336462e+00
2.192000e-05	-3.935638e-02	6.486804e+00
2.193000e-05	1.012788e-02	6.675380e+00
2.194000e-05	-1.147544e-02	6.833172e+00
2.195000e-05	-1.684158e-02	6.988641e+00
2.196000e-05	1.583684e-03	7.095809e+00
2.197000e-05	-1.279399e-02	7.232671e+00
2.198000e-05	8.840097e-03	7.370042e+00
2.199000e-05	-1.666990e-02	7.558542e+00
2.200000e-05	-1.142045e-02	7.715331e+00
2.201000e-05	-1.305098e-02	7.852123e+00
2.202000e-05	-5.631435e-03	7.971117e+00
2.203000e-05	-2.167861e-03	8.117388e+00
2.204000e-05	-1.350679e-02	8.254122e+00
2.205000e-05	-2.955710e-03	8.368965e+00
2.206000e-05	-2.938811e-03	8.483252e+00
2.207000e-05	-1.643338e-02	8.520911e+00
2.208000e-05	-1.504499e-02	8.630227e+00
2.209000e-05	-1.127023e-02	8.726937e+00
2.210000e-05	1.220891e-03	8.834148e+00
2.211000e-05	-1.100608e-02	8.916912e+00
2.212000e-05	-1.504390e-02	9.052245e+00
2.213000e-05	-1.059706e-02	9.148066e+00
2.214000e-05	-1.019213e-02	9.241703e+00
2.215000e-05	-7.897691e-03	9.305884e+00
2.216000e-05	-1.282274e-02	9.391165e+00
2.217000e-05	-7.289663e-03	9.444827e+00
2.218000e-05	-1.178144e-02	9.526964e+00
2.219000e-05	-1.201964e-02	9.591572e+00
2.220000e-05	-1.402482e-02	9.654324e+00
2.221000e-05	-1.461993e-02	9.728511e+00
2.222000e-05	-1.162105e-02	9.782224e+00
2.223000e-05	-6.797843e-03	9.875903e+00
2.224000e-05	-6.466444e-03	9.917591e+00
2.225000e-05	-1.603995e-02	1.004015e+01
2.226000e-05	-1.664287e-02	1.005363e+01
2.227000e-05	-1.332570e-02	1.009433e+01
2.228000e-05	-9.925485e-03	1.011646e+01
2.229000e-05	-1.353294e-02	1.013854e+01
2.230000e-05	-1.602406e-02	1.022149e+01
2.231000e-05	-1.241350e-02	1.021172e+01
2.232000e-05	-1.566469e-02	1.028170e+01
2.233000e-05	-1.424946e-02	1.026428e+01
2.234000e-05	-1.632691e-02	1.029331e+01
2.235000e-05	-1.486129e-02	1.027543e+01
2.236000e-05	-1.353093e-02	1.028644e+01
2.237000e-05	-1.278031e-02	1.030584e+01
2.238000e-05	-1.845273e-02	1.032641e+01
2.239000e-05	-2.040505e-02	1.030543e+01
2.240000e-05	-1.834294e-02	1.031638e+01
2.241000e-05	-1.634804e-02	1.028691e+01
2.242000e-05	-1.587815e-02	1.029636e+01
2.243000e-05	-1.988260e-02	1.029523e+01
2.244000e-05	-1.983927e-02	1.027631e+01
2.245000e-05	-2.051822e-02	1.025271e+01
2.246000e-05	-2.076160e-02	1.022363e+01
2.247000e-05	-2.209792e-02	1.024067e+01
2.248000e-05	-2.178670e-02	1.015904e+01
2.249000e-05	-2.205020e-02	1.011634e+01
2.250000e-05	-2.294073e-02	1.008583e+01
2.251000e-05	-2.502156e-02	1.006421e+01
2.252000e-05	-2.595770e-02	1.000068e+01
2.253000e-05	-2.649464e-02	9.980070e+00
2.254000e-05	-2.516137e-02	9.886963e+00
2.255000e-05	-2.551802e-02	9.844272e+00
2.256000e-05	-2.791111e-02	9.790570e+00
2.257000e-05	-2.929726e-02	9.704458e+00
2.258000e-05	-2.893696e-02	9.622701e+00
2.259000e-05	-2.931926e-02	9.537916e+00
2.260000e-05	-2.924058e-02	9.497357e+00
2.261000e-05	-3.012556e-02	9.412124e+00
2.262000e-05	-2.859967e-02	9.318466e+00
2.263000e-05	-3.130363e-02	9.262757e+00
2.264000e-05	-3.190025e-02	9.210625e+00
2.265000e-05	-3.249567e-02	9.095313e+00
2.266000e-05	-3.075283e-02	9.000066e+00
2.267000e-05	-3.210342e-02	8.852782e+00
2.268000e-05	-3.228135e-02	8.770420e+00
2.269000e-05	-3.174510e-02	8.673708e+00
2.270000e-05	-3.309934e-02	8.549622e+00
2.271000e-05	-3.279535e-02	8.494710e+00
2.272000e-05	-3.277469e-02	8.389974e+00
2.273000e-05	-3.150405e-02	8.264309e+00
2.274000e-05	-3.159220e-02	8.136514e+00
2.275000e-05	-3.144497e-02	8.041500e+00
2.276000e-05	-3.121505e-02	7.896832e+00
2.277000e-05	-3.106037e-02	7.779444e+00
2.278000e-05	-3.109247e-02	7.642179e+00
2.279000e-05	-3.043145e-02	7.484282e+00
2.280000e-05	-2.734131e-02	7.318416e+00
2.281000e-05	-2.875218e-02	7.169496e+00
2.282000e-05	-2.848608e-02	7.053156e+00
2.283000e-05	-2.799132e-02	6.887263e+00
2.284000e-05	-2.522908e-02	6.798923e+00
2.285000e-05	-2.396185e-02	6.632128e+00
2.286000e-05	-2.356870e-02	6.421182e+00
2.287000e-05	-2.284436e-02	6.294814e+00
2.288000e-05	-2.131245e-02	6.147898e+00
2.289000e-05	-2.082325e-02	6.040624e+00
2.290000e-05	-2.124420e-02	5.886190e+00
2.291000e-05	-1.888967e-02	5.672736e+00
2.292000e-05	-1.820949e-02	5.516813e+00
2.293000e-05	-1.532456e-02	5.357972e+00
2.294000e-05	-1.587373e-02	5.140000e+00
2.295000e-05	-1.402065e-02	4.959846e+00
2.296000e-05	-1.423810e-02	4.778298e+00
2.297000e-05	-1.397862e-02	4.591078e+00
2.298000e-05	-1.385023e-02	4.443131e+00
2.299000e-05	-1.272643e-02	4.315191e+00
2.300000e-05	-1.287292e-02	4.035187e+00
2.301000e-05	-1.167814e-02	3.906235e+00
2.302000e-05	-1.018202e-02	3.725292e+00
2.303000e-05	-9.403856e-03	3.569499e+00
2.304000e-05	-1.049302e-02	3.391874e+00
2.305000e-05	-1.088316e-02	3.188398e+00
2.306000e-05	-7.803510e-03	2.980604e+00
2.307000e-05	-7.294268e-03	2.862107e+00
2.308000e-05	-7.924238e-03	2.695590e+00
2.309000e-05	-9.018719e-03	2.460108e+00
2.310000e-05	-8.223859e-03	2.254239e+00
2.311000e-05	-6.683598e-03	2.115237e+00
2.312000e-05	-6.940881e-03	1.966745e+00
2.313000e-05	-6.712126e-03	1.744291e+00
2.314000e-05	-6.130045e-03	1.527691e+00
2.315000e-05	-6.485550e-03	1.305792e+00
2.316000e-05	-4.784783e-03	1.097726e+00
2.317000e-05	-6.011841e-03	8.946371e-01
2.318000e-05	-5.078389e-03	6.968158e-01
2.319000e-05	-6.112456e-03	4.857684e-01
2.320000e-05	-4.386856e-03	3.678699e-01
2.321000e-05	-3.952927e-03	1.553473e-01
2.322000e-05	4.763292e-04	-1.173120e-02
2.323000e-05	2.111068e-03	-2.321248e-01
2.324000e-05	-3.683113e-03	-3.494672e-01
2.325000e-05	1.773820e-03	-5.269643e-01
2.326000e-05	-3.280314e-03	-7.795168e-01
2.327000e-05	-4.044176e-04	-9.263656e-01
2.328000e-05	-1.215012e-03	-1.073780e+00
2.329000e-05	1.131954e-02	-1.241731e+00
2.330000e-05	7.741512e-02	-1.423700e+00
2.331000e-05	8.523917e-03	-1.675282e+00
2.332000e-05	-5.946418e-02	-1.926813e+00
2.333000e-05	-2.513258e-02	-2.229536e+00
2.334000e-05	-1.022529e-01	-2.381999e+00
2.335000e-05	7.116920e-02	-2.471257e+00
2.336000e-05	1.220926e-01	-2.568514e+00
2.337000e-05	-1.760158e-01	-2.780494e+00
2.338000e-05	1.384263e-01	-2.979070e+00
2.339000e-05	7.877995e-03	-3.168537e+00
2.340000e-05	-1.528522e-01	-3.338966e+00
2.341000e-05	1.667467e-01	-3.506459e+00
2.342000e-05	-4.091670e-02	-3.623730e+00
2.343000e-05	-1.159204e-01	-3.922883e+00
2.344000e-05	1.769434e-01	-4.021100e+00
2.345000e-05	-8.779450e-02	-4.272300e+00
2.346000e-05	5.194460e-02	-4.431050e+00
2.347000e-05	-3.778332e-02	-4.548935e+00
2.348000e-05	-1.109924e-01	-4.777939e+00
2.349000e-05	1.743604e-01	-4.906464e+00
2.350000e-05	-5.580398e-02	-5.135358e+00
2.351000e-05	-8.033407e-04	-5.276278e+00
2.352000e-05	1.410941e-02	-5.462774e+00
2.353000e-05	-5.269653e-02	-5.693776e+00
2.354000e-05	9.637406e-02	-5.802099e+00
2.355000e-05	-9.396364e-02	-5.948021e+00
2.356000e-05	7.192788e-02	-6.096381e+00
2.357000e-05	-3.710172e-03	-6.304432e+00
2.358000e-05	-4.846959e-02	-6.453755e+00
2.359000e-05	9.330162e-02	-6.601497e+00
2.360000e-05	-7.830525e-02	-6.736987e+00
2.361000e-05	5.768993e-02	-6.864277e+00
2.362000e-05	-3.948747e-02	-7.019793e+00
2.363000e-05	2.136970e-02	-7.189622e+00
2.364000e-05	5.437825e-02	-7.345888e+00
2.365000e-05	-6.263357e-02	-7.504203e+00
2.366000e-05	4.314717e-02	-7.589570e+00
2.367000e-05	-3.646033e-02	-7.757587e+00
2.368000e-05	4.693971e-02	-7.975013e+00
2.369000e-05	-1.276475e-02	-8.052200e+00
2.370000e-05	2.510323e-03	-8.157542e+00
2.371000e-05	3.756128e-02	-8.254305e+00
2.372000e-05	-2.997561e-02	-8.367996e+00
2.373000e-05	2.185167e-02	-8.493777e+00
2.374000e-05	-2.053778e-02	-8.609242e+00
2.375000e-05	4.132906e-02	-8.738036e+00
2.376000e-05	-5.541920e-03	-8.831199e+00
2.377000e-05	-7.628414e-04	-8.926984e+00
2.378000e-05	1.200897e-02	-8.990667e+00
2.379000e-05	8.897078e-04	-9.126411e+00
2.380000e-05	1.786674e-02	-9.179593e+00
2.381000e-05	-8.724980e-03	-9.223225e+00
2.382000e-05	2.056937e-02	-9.328564e+00
2.383000e-05	1.492415e-03	-9.421376e+00
2.384000e-05	9.223526e-03	-9.536091e+00
2.385000e-05	4.279197e-03	-9.611177e+00
2.386000e-05	4.635709e-03	-9.683278e+00
2.387000e-05	4.000961e-03	-9.725035e+00
2.388000e-05	8.495109e-03	-9.790097e+00
2.389000e-05	2.011347e-02	-9.820752e+00
2.390000e-05	5.794208e-03	-9.884913e+00
2.391000e-05	1.668729e-03	-9.948416e+00
2.392000e-05	3.261604e-03	-9.968543e+00
2.393000e-05	1.548689e-02	-1.002112e+01
2.394000e-05	1.214813e-02	-1.006368e+01
2.395000e-05	5.925710e-03	-1.009506e+01
2.396000e-05	6.616273e-03	-1.015604e+01
2.397000e-05	7.920728e-03	-1.015859e+01
2.398000e-05	1.182917e-02	-1.021125e+01
2.399000e-05	9.709045e-03	-1.022175e+01
2.400000e-05	8.668062e-03	-1.023188e+01
2.401000e-05	9.718248e-03	-1.028486e+01
2.402000e-05	1.302471e-02	-1.030598e+01
2.403000e-05	1.118541e-02	-1.029744e+01
2.404000e-05	9.531603e-03	-1.033551e+01
2.405000e-05	8.983959e-03	-1.033694e+01
2.406000e-05	1.217104e-02	-1.029601e+01
2.407000e-05	1.478082e-02	-1.029693e+01
2.408000e-05	1.507495e-02	-1.027344e+01
2.409000e-05	1.313246e-02	-1.023491e+01
2.410000e-05	1.104269e-02	-1.021325e+01
2.411000e-05	1.259702e-02	-1.024028e+01
2.412000e-05	1.620436e-02	-1.019057e+01
2.413000e-05	1.810931e-02	-1.013062e+01
2.414000e-05	1.608851e-02	-1.012599e+01
2.415000e-05	1.700920e-02	-1.010338e+01
2.416000e-05	1.805591e-02	-1.004323e+01
2.417000e-05	1.732749e-02	-9.989073e+00
2.418000e-05	1.860770e-02	-9.948990e+00
2.419000e-05	2.076338e-02	-9.906938e+00
2.420000e-05	2.230171e-02	-9.853784e+00
2.421000e-05	2.021211e-02	-9.811149e+00
2.422000e-05	2.118062e-02	-9.778496e+00
2.423000e-05	2.287186e-02	-9.716390e+00
2.424000e-05	2.261514e-02	-9.652702e+00
2.425000e-05	2.235702e-02	-9.609597e+00
2.426000e-05	2.458111e-02	-9.495884e+00
2.427000e-05	2.588231e-02	-9.441282e+00
2.428000e-05	2.575283e-02	-9.327941e+00
2.429000e-05	2.425655e-02	-9.252254e+00
2.430000e-05	2.322021e-02	-9.167992e+00
2.431000e-05	2.485818e-02	-9.082835e+00
2.432000e-05	2.658411e-02	-8.957948e+00
2.433000e-05	2.715011e-02	-8.872852e+00
2.434000e-05	2.597559e-02	-8.820649e+00
2.435000e-05	2.503786e-02	-8.726813e+00
2.436000e-05	2.650871e-02	-8.579498e+00
2.437000e-05	2.605040e-02	-8.461282e+00
2.438000e-05	2.611332e-02	-8.338971e+00
2.439000e-05	2.659917e-02	-8.221654e+00
2.440000e-05	2.607770e-02	-8.126494e+00
2.441000e-05	2.568340e-02	-8.022196e+00
2.442000e-05	2.464006e-02	-7.885867e+00
2.443000e-05	2.468876e-02	-7.707842e+00
2.444000e-05	2.354648e-02	-7.580581e+00
2.445000e-05	2.399620e-02	-7.442734e+00
2.446000e-05	2.359291e-02	-7.326391e+00
2.447000e-05	2.306580e-02	-7.219575e+00
2.448000e-05	2.068521e-02	-7.061758e+00
2.449000e-05	1.947200e-02	-6.872759e+00
2.450000e-05	1.935191e-02	-6.747397e+00
2.451000e-05	1.926519e-02	-6.609199e+00
2.452000e-05	1.851458e-02	-6.472711e+00
2.453000e-05	1.713375e-02	-6.377970e+00
2.454000e-05	1.506048e-02	-6.127947e+00
2.455000e-05	1.444720e-02	-6.007450e+00
2.456000e-05	1.263894e-02	-5.864209e+00
2.457000e-05	1.219904e-02	-5.714315e+00
2.458000e-05	1.120390e-02	-5.558371e+00
2.459000e-05	1.072302e-02	-5.315896e+00
2.460000e-05	9.226247e-03	-5.147845e+00
2.461000e-05	8.554665e-03	-4.959421e+00
2.462000e-05	7.259819e-03	-4.717400e+00
2.463000e-05	4.161457e-03	-4.599875e+00
2.464000e-05	5.513123e-03	-4.442159e+00
2.465000e-05	6.247797e-03	-4.303813e+00
2.466000e-05	5.815116e-03	-4.106392e+00
2.467000e-05	2.993062e-03	-3.999896e+00
2.468000e-05	2.286616e-03	-3.777001e+00
2.469000e-05	2.831891e-03	-3.569953e+00
2.470000e-05	4.420137e-03	-3.420628e+00
2.471000e-05	8.254524e-04	-3.212629e+00
2.472000e-05	7.733179e-04	-3.064263e+00
2.473000e-05	2.050125e-04	-2.821180e+00
2.474000e-05	7.596715e-05	-2.683314e+00
2.475000e-05	-2.202162e-03	-2.475193e+00
2.476000e-05	1.122502e-03	-2.367321e+00
2.477000e-05	-1.615974e-03	-2.114369e+00
2.478000e-05	1.204827e-04	-1.945320e+00
2.479000e-05	-1.501500e-03	-1.787397e+00
2.480000e-05	5.803941e-04	-1.559449e+00
2.481000e-05	-1.858836e-03	-1.315399e+00
2.482000e-05	-2.799361e-03	-1.156840e+00
2.483000e-05	-3.091366e-03	-9.332907e-01
2.484000e-05	-2.288486e-03	-7.769488e-01
2.485000e-05	-3.240653e-03	-5.193462e-01
2.486000e-05	-3.515965e-03	-3.474224e-01
2.487000e-05	-3.806178e-03	-2.110539e-01
2.488000e-05	2.764630e-03	2.105150e-02
2.489000e-05	5.119088e-03	1.800136e-01
2.490000e-05	-3.044850e-03	3.890448e-01
2.491000e-05	8.640669e-04	5.473895e-01
2.492000e-05	-3.660357e-03	6.862571e-01
2.493000e-05	-2.569214e-03	8.617052e-01
2.494000e-05	-3.081106e-03	1.135709e+00
2.495000e-05	4.173426e-03	1.284705e+00
2.496000e-05	1.586486e-02	1.452633e+00
2.497000e-05	7.037433e-02	1.736863e+00
2.498000e-05	-1.361515e-02	1.926935e+00
2.499000e-05	-4.993800e-02	2.154436e+00
2.500000e-05	-3.978087e-02	2.288884e+00
2.501000e-05	-7.059197e-02	2.433550e+00
2.502000e-05	-3.234793e-03	2.558094e+00
2.503000e-05	1.641627e-01	2.780022e+00
2.504000e-05	-1.437574e-01	2.937915e+00
2.505000e-05	3.672100e-02	3.084237e+00
2.506000e-05	7.020179e-02	3.274755e+00
2.507000e-05	-1.188463e-01	3.525411e+00
2.508000e-05	5.906735e-02	3.603552e+00
2.509000e-05	2.710530e-02	3.823620e+00
2.510000e-05	-1.209856e-01	3.999599e+00
2.511000e-05	9.506146e-02	4.219436e+00
2.512000e-05	-1.917928e-03	4.380072e+00
2.513000e-05	-1.958028e-02	4.547785e+00
2.514000e-05	-1.177162e-02	4.717959e+00
2.515000e-05	-6.087169e-02	4.957363e+00
2.516000e-05	5.148079e-02	5.147992e+00
2.517000e-05	9.045835e-03	5.347460e+00
2.518000e-05	-5.453974e-03	5.478883e+00
2.519000e-05	-3.219878e-02	5.631175e+00
2.520000e-05	-2.017711e-03	5.822221e+00
2.521000e-05	1.561862e-02	6.002071e+00
2.522000e-05	-3.639043e-02	6.146961e+00
2.523000e-05	1.391353e-02	6.275882e+00
2.524000e-05	-4.531308e-03	6.432675e+00
2.525000e-05	-1.989118e-02	6.572041e+00
2.526000e-05	1.575515e-02	6.778037e+00
2.527000e-05	-3.273506e-02	6.914837e+00
2.528000e-05	-5.181175e-03	7.054679e+00
2.529000e-05	-6.185433e-03	7.180539e+00
2.530000e-05	-7.374604e-04	7.286882e+00
2.531000e-05	5.283432e-03	7.423223e+00
2.532000e-05	-2.808858e-02	7.612726e+00
2.533000e-05	-2.412660e-03	7.751517e+00
2.534000e-05	-1.367826e-02	7.896931e+00
2.535000e-05	5.851541e-03	8.073728e+00
2.536000e-05	-1.600185e-02	8.209043e+00
2.537000e-05	-1.414317e-02	8.315332e+00
2.538000e-05	3.218845e-03	8.401070e+00
2.539000e-05	-1.207466e-02	8.475833e+00
2.540000e-05	-1.303182e-02	8.590591e+00
2.541000e-05	-2.125277e-02	8.705382e+00
2.542000e-05	1.932846e-03	8.819046e+00
2.543000e-05	-4.622445e-03	8.865279e+00
2.544000e-05	-1.205291e-02	8.950141e+00
2.545000e-05	-1.471382e-02	9.106461e+00
2.546000e-05	-1.247880e-02	9.232649e+00
2.547000e-05	-7.337617e-03	9.253728e+00
2.548000e-05	-1.278523e-02	9.348437e+00
2.549000e-05	-8.121519e-03	9.401249e+00
2.550000e-05	-1.196833e-02	9.475887e+00
2.551000e-05	-1.169116e-02	9.549018e+00
2.552000e-05	-1.239863e-02	9.613726e+00
2.553000e-05	-1.061108e-02	9.686404e+00
2.554000e-05	-1.521360e-02	9.729269e+00
2.555000e-05	-1.245900e-02	9.885302e+00
2.556000e-05	-6.445403e-03	9.926388e+00
2.557000e-05	-1.094614e-02	9.978499e+00
2.558000e-05	-1.776904e-02	1.003017e+01
2.559000e-05	-1.787724e-02	1.007423e+01
2.560000e-05	-1.040417e-02	1.013633e+01
2.561000e-05	-1.086316e-02	1.012844e+01
2.562000e-05	-1.402838e-02	1.017854e+01
2.563000e-05	-1.517134e-02	1.018308e+01
2.564000e-05	-1.410320e-02	1.022120e+01
2.565000e-05	-1.438386e-02	1.026431e+01
2.566000e-05	-1.407103e-02	1.026528e+01
2.567000e-05	-1.513883e-02	1.027533e+01
2.568000e-05	-1.667095e-02	1.029791e+01
2.569000e-05	-1.208352e-02	1.031789e+01
2.570000e-05	-1.659482e-02	1.029584e+01
2.571000e-05	-1.808819e-02	1.030736e+01
2.572000e-05	-2.115730e-02	1.034489e+01
2.573000e-05	-1.547847e-02	1.030646e+01
2.574000e-05	-1.623002e-02	1.028634e+01
2.575000e-05	-1.687110e-02	1.029583e+01
2.576000e-05	-2.001518e-02	1.028581e+01
2.577000e-05	-2.124370e-02	1.028378e+01
2.578000e-05	-2.194724e-02	1.020371e+01
2.579000e-05	-2.085381e-02	1.023312e+01
2.580000e-05	-2.145978e-02	1.018010e+01
2.581000e-05	-2.202135e-02	1.015691e+01
2.582000e-05	-2.292882e-02	1.010641e+01
2.583000e-05	-2.287460e-02	1.006526e+01
2.584000e-05	-2.468600e-02	1.003276e+01
2.585000e-05	-2.577389e-02	9.991053e+00
2.586000e-05	-2.632291e-02	9.966971e+00
2.587000e-05	-2.529725e-02	9.844908e+00
2.588000e-05	-2.679585e-02	9.800704e+00
2.589000e-05	-2.842195e-02	9.747411e+00
2.590000e-05	-2.957838e-02	9.642232e+00
2.591000e-05	-2.928379e-02	9.598994e+00
2.592000e-05	-2.909378e-02	9.536335e+00
2.593000e-05	-2.998088e-02	9.422679e+00
2.594000e-05	-2.953258e-02	9.359366e+00
2.595000e-05	-3.108384e-02	9.253859e+00
2.596000e-05	-3.050943e-02	9.242599e+00
2.597000e-05	-3.329172e-02	9.159018e+00
2.598000e-05	-3.137537e-02	9.023148e+00
2.599000e-05	-3.249129e-02	8.915985e+00
2.600000e-05	-2.975397e-02	8.810128e+00
2.601000e-05	-3.315438e-02	8.727364e+00
2.602000e-05	-3.285607e-02	8.631052e+00
2.603000e-05	-3.371130e-02	8.515916e+00
2.604000e-05	-3.171189e-02	8.431128e+00
2.605000e-05	-3.281249e-02	8.348940e+00
2.606000e-05	-3.218192e-02	8.158150e+00
2.607000e-05	-3.209293e-02	8.051783e+00
2.608000e-05	-3.105074e-02	7.966990e+00
2.609000e-05	-3.059579e-02	7.811177e+00
2.610000e-05	-3.081042e-02	7.675786e+00
2.611000e-05	-3.033360e-02	7.568469e+00
2.612000e-05	-2.904133e-02	7.380052e+00
2.613000e-05	-2.802493e-02	7.221203e+00
2.614000e-05	-2.787398e-02	7.105259e+00
2.615000e-05	-2.744161e-02	6.948423e+00
2.616000e-05	-2.803063e-02	6.822153e+00
2.617000e-05	-2.507521e-02	6.726286e+00
2.618000e-05	-2.434458e-02	6.505365e+00
2.619000e-05	-2.315955e-02	6.358497e+00
2.620000e-05	-2.269855e-02	6.212676e+00
2.621000e-05	-2.119635e-02	6.083760e+00
2.622000e-05	-2.128532e-02	5.957491e+00
2.623000e-05	-2.094475e-02	5.760524e+00
2.624000e-05	-1.851065e-02	5.601624e+00
2.625000e-05	-1.735314e-02	5.432200e+00
2.626000e-05	-1.620447e-02	5.244732e+00
2.627000e-05	-1.597261e-02	5.033162e+00
2.628000e-05	-1.431496e-02	4.832179e+00
2.629000e-05	-1.360778e-02	4.674264e+00
2.630000e-05	-1.327444e-02	4.535271e+00
2.631000e-05	-1.234716e-02	4.377944e+00
2.632000e-05	-1.154890e-02	4.169494e+00
2.633000e-05	-1.099334e-02	4.008421e+00
2.634000e-05	-1.086281e-02	3.852050e+00
2.635000e-05	-1.040184e-02	3.631635e+00
2.636000e-05	-1.016390e-02	3.523690e+00
2.637000e-05	-1.026975e-02	3.252611e+00
2.638000e-05	-8.707130e-03	3.105741e+00
2.639000e-05	-8.214361e-03	2.925821e+00
2.640000e-05	-7.586520e-03	2.729400e+00
2.641000e-05	-9.262024e-03	2.556796e+00
2.642000e-05	-7.961953e-03	2.366869e+00
2.643000e-05	-7.901217e-03	2.137344e+00
2.644000e-05	-6.502630e-03	2.020003e+00
2.645000e-05	-6.607836e-03	1.821951e+00
2.646000e-05	-6.298514e-03	1.619934e+00
2.647000e-05	-6.713454e-03	1.409927e+00
2.648000e-05	-5.998806e-03	1.228979e+00
2.649000e-05	-6.180454e-03	9.708991e-01
2.650000e-05	-5.319657e-03	7.784227e-01
2.651000e-05	-5.247868e-03	5.890013e-01
2.652000e-05	-4.016086e-03	4.215090e-01
2.653000e-05	-4.385507e-03	2.531593e-01
2.654000e-05	-3.131550e-03	5.148027e-02
2.655000e-05	2.967756e-03	-1.559120e-01
2.656000e-05	-2.509840e-03	-3.048866e-01
2.657000e-05	6.954534e-04	-4.348050e-01
2.658000e-05	-2.372623e-03	-6.137028e-01
2.659000e-05	-5.467726e-04	-8.432265e-01
2.660000e-05	-2.895002e-03	-9.700998e-01
2.661000e-05	4.252853e-03	-1.179969e+00
2.662000e-05	3.493891e-02	-1.358436e+00
2.663000e-05	8.268672e-02	-1.590073e+00
2.664000e-05	-6.909541e-02	-1.820645e+00
2.665000e-05	-1.570908e-02	-2.085708e+00
2.666000e-05	-7.822227e-02	-2.335384e+00
2.667000e-05	-5.227379e-02	-2.402125e+00
2.668000e-05	1.746225e-01	-2.484786e+00
2.669000e-05	-6.838535e-02	-2.704832e+00
2.670000e-05	-5.231565e-02	-2.884329e+00
2.671000e-05	1.656074e-01	-3.083126e+00
2.672000e-05	-1.780992e-01	-3.272752e+00
2.673000e-05	3.923574e-02	-3.444256e+00
2.674000e-05	1.233063e-01	-3.588570e+00
2.675000e-05	-1.775902e-01	-3.808992e+00
2.676000e-05	9.518649e-02	-3.989070e+00
2.677000e-05	6.254264e-02	-4.155986e+00
2.678000e-05	-7.045253e-02	-4.367015e+00
2.679000e-05	7.763743e-02	-4.453655e+00
2.680000e-05	-1.637933e-01	-4.635303e+00
2.681000e-05	8.548722e-02	-4.863280e+00
2.682000e-05	9.114029e-02	-5.021121e+00
2.683000e-05	-1.013107e-01	-5.180569e+00
2.684000e-05	7.673879e-02	-5.400617e+00
2.685000e-05	-7.803627e-02	-5.610561e+00
2.686000e-05	6.561422e-02	-5.756015e+00
2.687000e-05	-1.290962e-02	-5.864382e+00
2.688000e-05	-3.973416e-02	-6.062851e+00
2.689000e-05	9.984912e-02	-6.171119e+00
2.690000e-05	-1.012513e-01	-6.401117e+00
2.691000e-05	7.404712e-02	-6.518442e+00
2.692000e-05	-1.289357e-02	-6.654778e+00
2.693000e-05	-1.749092e-02	-6.802074e+00
2.694000e-05	4.117941e-02	-6.906990e+00
2.695000e-05	-6.051870e-02	-7.138015e+00
2.696000e-05	9.725633e-02	-7.262729e+00
2.697000e-05	-4.842672e-02	-7.390696e+00
2.698000e-05	8.122460e-03	-7.526988e+00
2.699000e-05	-3.442885e-04	-7.685656e+00
2.700000e-05	-2.456550e-03	-7.884847e+00
2.701000e-05	3.895713e-02	-7.989496e+00
2.702000e-05	-3.722889e-02	-8.127312e+00
2.703000e-05	5.088212e-02	-8.222172e+00
2.704000e-05	-1.508338e-02	-8.316913e+00
2.705000e-05	2.955175e-03	-8.441673e+00
2.706000e-05	-2.565441e-03	-8.528057e+00
2.707000e-05	9.163054e-03	-8.663922e+00
2.708000e-05	3.152086e-02	-8.792070e+00
2.709000e-05	-2.281184e-02	-8.843881e+00
2.710000e-05	1.855731e-02	-8.950168e+00
2.711000e-05	-2.298239e-03	-9.033750e+00
2.712000e-05	1.744130e-02	-9.116512e+00
2.713000e-05	-1.298249e-03	-9.211122e+00
2.714000e-05	5.535753e-03	-9.285934e+00
2.715000e-05	1.563354e-02	-9.359190e+00
2.716000e-05	1.289433e-04	-9.492409e+00
2.717000e-05	1.214807e-02	-9.560096e+00
2.718000e-05	4.082542e-05	-9.642250e+00
2.719000e-05	7.495212e-03	-9.705362e+00
2.720000e-05	2.274857e-03	-9.739015e+00
2.721000e-05	1.908529e-02	-9.842221e+00
2.722000e-05	1.286634e-02	-9.865883e+00
2.723000e-05	7.949599e-04	-9.937914e+00
2.724000e-05	8.916547e-04	-9.957988e+00
2.725000e-05	9.263299e-03	-1.001057e+01
2.726000e-05	1.710845e-02	-1.006268e+01
2.727000e-05	6.693923e-03	-1.009443e+01
2.728000e-05	5.783284e-03	-1.009793e+01
2.729000e-05	7.917881e-03	-1.014761e+01
2.730000e-05	9.464708e-03	-1.018974e+01
2.731000e-05	9.094650e-03	-1.021223e+01
2.732000e-05	8.746489e-03	-1.025541e+01
2.733000e-05	8.083195e-03	-1.025575e+01
2.734000e-05	1.412262e-02	-1.027538e+01
2.735000e-05	1.221229e-02	-1.032654e+01
2.736000e-05	9.320154e-03	-1.033646e+01
2.737000e-05	8.806532e-03	-1.031702e+01
2.738000e-05	1.020402e-02	-1.031749e+01
2.739000e-05	1.330098e-02	-1.031694e+01
2.740000e-05	1.232668e-02	-1.027545e+01
2.741000e-05	1.505551e-02	-1.026696e+01
2.742000e-05	1.274924e-02	-1.026485e+01
2.743000e-05	1.341647e-02	-1.022380e+01
2.744000e-05	1.477060e-02	-1.017325e+01
2.745000e-05	1.725199e-02	-1.019967e+01
2.746000e-05	1.640726e-02	-1.014808e+01
2.747000e-05	1.598003e-02	-1.010592e+01
2.748000e-05	1.766109e-02	-1.007226e+01
2.749000e-05	1.749262e-02	-1.005112e+01
2.750000e-05	1.581875e-02	-9.989599e+00
2.751000e-05	1.914942e-02	-9.917915e+00
2.752000e-05	2.317592e-02	-9.895358e+00
2.753000e-05	2.350609e-02	-9.822229e+00
2.754000e-05	2.092780e-02	-9.789091e+00
2.755000e-05	1.887050e-02	-9.747366e+00
2.756000e-05	2.146494e-02	-9.652330e+00
2.757000e-05	2.228600e-02	-9.642175e+00
2.758000e-05	2.422733e-02	-9.557920e+00
2.759000e-05	2.465937e-02	-9.476884e+00
2.760000e-05	2.429658e-02	-9.370624e+00
2.761000e-05	2.404353e-02	-9.304880e+00
2.762000e-05	2.459343e-02	-9.270099e+00
2.763000e-05	2.658624e-02	-9.095413e+00
2.764000e-05	2.630721e-02	-9.011625e+00
2.765000e-05	2.509455e-02	-8.885911e+00
2.766000e-05	2.499575e-02	-8.851704e+00
2.767000e-05	2.647517e-02	-8.757972e+00
2.768000e-05	2.596350e-02	-8.632774e+00
2.769000e-05	2.669934e-02	-8.506013e+00
2.770000e-05	2.558897e-02	-8.400074e+00
2.771000e-05	2.613268e-02	-8.326363e+00
2.772000e-05	2.727885e-02	-8.200194e+00
2.773000e-05	2.660442e-02	-8.093809e+00
2.774000e-05	2.472060e-02	-7.988476e+00
2.775000e-05	2.303467e-02	-7.832481e+00
2.776000e-05	2.368110e-02	-7.673833e+00
2.777000e-05	2.334054e-02	-7.507842e+00
2.778000e-05	2.619862e-02	-7.399100e+00
2.779000e-05	2.180525e-02	-7.272253e+00
2.780000e-05	2.248395e-02	-7.124843e+00
2.781000e-05	1.892112e-02	-6.946020e+00
2.782000e-05	2.049283e-02	-6.790104e+00
2.783000e-05	1.958836e-02	-6.674309e+00
2.784000e-05	1.786254e-02	-6.547343e+00
2.785000e-05	1.674517e-02	-6.400625e+00
2.786000e-05	1.549818e-02	-6.164607e+00
2.787000e-05	1.528431e-02	-6.082734e+00
2.788000e-05	1.312196e-02	-5.886317e+00
2.789000e-05	1.147946e-02	-5.778498e+00
2.790000e-05	1.098989e-02	-5.620079e+00
2.791000e-05	1.086451e-02	-5.430162e+00
2.792000e-05	1.087971e-02	-5.230657e+00
2.793000e-05	8.725904e-03	-5.102683e+00
2.794000e-05	6.314385e-03	-4.883659e+00
2.795000e-05	6.369303e-03	-4.650736e+00
2.796000e-05	5.323405e-03	-4.506263e+00
2.797000e-05	5.696439e-03	-4.347849e+00
2.798000e-05	4.613613e-03	-4.220600e+00
2.799000e-05	3.867543e-03	-4.032187e+00
2.800000e-05	4.194092e-03	-3.895314e+00
2.801000e-05	3.185645e-03	-3.662708e+00
2.802000e-05	3.819510e-03	-3.505292e+00
2.803000e-05	2.706377e-03	-3.327818e+00
2.804000e-05	8.907754e-04	-3.176422e+00
2.805000e-05	-1.729373e-04	-2.936321e+00
2.806000e-05	1.160526e-04	-2.736946e+00
2.807000e-05	-9.289365e-05	-2.587499e+00
2.808000e-05	-1.459681e-04	-2.429505e+00
2.809000e-05	-1.007289e-03	-2.221608e+00
2.810000e-05	6.202407e-04	-2.000004e+00
2.811000e-05	-1.081568e-03	-1.832684e+00
2.812000e-05	-1.488127e-04	-1.661640e+00
2.813000e-05	-2.793366e-03	-1.505237e+00
2.814000e-05	-6.170355e-04	-1.230528e+00
2.815000e-05	-2.349996e-03	-1.040583e+00
2.816000e-05	-1.751593e-03	-8.125329e-01
2.817000e-05	-3.146500e-03	-6.431902e-01
2.818000e-05	-3.123941e-03	-4.521078e-01
2.819000e-05	-4.268104e-03	-2.937156e-01
2.820000e-05	-1.333170e-03	-5.371684e-02
2.821000e-05	3.479007e-03	1.042581e-01
2.822000e-05	5.060975e-04	2.947870e-01
2.823000e-05	-7.234492e-04	4.731816e-01
2.824000e-05	-4.256859e-04	6.126613e-01
2.825000e-05	-2.945580e-03	7.900690e-01
2.826000e-05	-2.849461e-03	1.020990e+00
2.827000e-05	-9.945925e-04	1.239446e+00
2.828000e-05	6.465200e-03	1.369490e+00
2.829000e-05	4.838463e-02	1.582446e+00
2.830000e-05	4.803009e-02	1.844203e+00
2.831000e-05	-5.824215e-02	2.013682e+00
2.832000e-05	-3.473500e-02	2.221124e+00
2.833000e-05	-5.419349e-02	2.401919e+00
2.834000e-05	-6.663162e-02	2.496286e+00
2.835000e-05	1.247556e-01	2.685310e+00
2.836000e-05	1.397752e-02	2.853657e+00
2.837000e-05	-1.341963e-01	2.993021e+00
2.838000e-05	1.564893e-01	3.159415e+00
2.839000e-05	-8.647978e-02	3.389567e+00
2.840000e-05	-3.593603e-02	3.569495e+00
2.841000e-05	1.055154e-01	3.696336e+00
2.842000e-05	-9.951849e-02	3.946436e+00
2.843000e-05	-8.261638e-03	4.065803e+00
2.844000e-05	7.519898e-02	4.304932e+00
2.845000e-05	-4.283150e-02	4.443682e+00
2.846000e-05	9.826722e-03	4.652176e+00
2.847000e-05	-5.506446e-02	4.813723e+00
2.848000e-05	-6.751407e-03	5.004774e+00
2.849000e-05	4.786271e-02	5.262701e+00
2.850000e-05	-8.473959e-03	5.424648e+00
2.851000e-05	-6.805514e-03	5.587471e+00
2.852000e-05	-3.458070e-02	5.738962e+00
2.853000e-05	1.805815e-02	5.947982e+00
2.854000e-05	-1.615212e-02	6.073828e+00
2.855000e-05	-1.681805e-02	6.201700e+00
2.856000e-05	2.660080e-02	6.368490e+00
2.857000e-05	-3.869183e-02	6.476911e+00
2.858000e-05	1.414363e-02	6.715400e+00
2.859000e-05	-1.612143e-02	6.823278e+00
2.860000e-05	-1.639316e-02	6.970595e+00
2.861000e-05	1.608559e-04	7.094357e+00
2.862000e-05	-1.078650e-02	7.232651e+00
2.863000e-05	9.869055e-03	7.379591e+00
2.864000e-05	-1.942243e-02	7.558559e+00
2.865000e-05	-1.016340e-02	7.705935e+00
2.866000e-05	-1.328074e-02	7.813279e+00
2.867000e-05	-2.856742e-03	8.009243e+00
2.868000e-05	-4.315759e-03	8.094990e+00
2.869000e-05	-1.566127e-02	8.224173e+00
2.870000e-05	-1.699016e-03	8.378065e+00
2.871000e-05	-4.183314e-03	8.444254e+00
2.872000e-05	-1.544339e-02	8.526462e+00
2.873000e-05	-1.747139e-02	8.673249e+00
2.874000e-05	-9.767284e-03	8.748417e+00
2.875000e-05	1.360306e-03	8.852107e+00
2.876000e-05	-9.644144e-03	8.937978e+00
2.877000e-05	-1.452039e-02	9.013245e+00
2.878000e-05	-1.221947e-02	9.128991e+00
2.879000e-05	-9.424424e-03	9.242252e+00
2.880000e-05	-7.061532e-03	9.285487e+00
2.881000e-05	-1.269357e-02	9.379614e+00
2.882000e-05	-9.115243e-03	9.443807e+00
2.883000e-05	-1.290035e-02	9.527864e+00
2.884000e-05	-1.186923e-02	9.581077e+00
2.885000e-05	-1.256550e-02	9.684353e+00
2.886000e-05	-1.522656e-02	9.736612e+00
2.887000e-05	-1.301576e-02	9.862222e+00
2.888000e-05	-8.389569e-03	9.914931e+00
2.889000e-05	-6.666052e-03	9.918963e+00
2.890000e-05	-1.626911e-02	1.004115e+01
2.891000e-05	-1.689306e-02	1.003315e+01
2.892000e-05	-1.369536e-02	1.008540e+01
2.893000e-05	-1.029520e-02	1.012591e+01
2.894000e-05	-1.254367e-02	1.011004e+01
2.895000e-05	-1.607137e-02	1.022118e+01
2.896000e-05	-1.280502e-02	1.020117e+01
2.897000e-05	-1.632728e-02	1.025470e+01
2.898000e-05	-1.281799e-02	1.025473e+01
2.899000e-05	-1.560659e-02	1.026589e+01
2.900000e-05	-1.475855e-02	1.028486e+01
2.901000e-05	-1.467667e-02	1.030636e+01
2.902000e-05	-1.309611e-02	1.030541e+01
2.903000e-05	-1.780361e-02	1.030738e+01
2.904000e-05	-2.038246e-02	1.030691e+01
2.905000e-05	-1.783155e-02	1.030589e+01
2.906000e-05	-1.689027e-02	1.031594e+01
2.907000e-05	-1.685626e-02	1.029636e+01
2.908000e-05	-2.034956e-02	1.029538e+01
2.909000e-05	-1.993594e-02	1.029476e+01
2.910000e-05	-2.035944e-02	1.026320e+01
2.911000e-05	-2.046966e-02	1.022170e+01
2.912000e-05	-2.201257e-02	1.018912e+01
2.913000e-05	-2.197171e-02	1.016902e+01
2.914000e-05	-2.257508e-02	1.013646e+01
2.915000e-05	-2.369263e-02	1.008574e+01
2.916000e-05	-2.407917e-02	1.008423e+01
2.917000e-05	-2.650447e-02	1.003210e+01
2.918000e-05	-2.564766e-02	9.989065e+00
2.919000e-05	-2.655609e-02	9.955937e+00
2.920000e-05	-2.532575e-02	9.853702e+00
2.921000e-05	-2.824406e-02	9.760492e+00
2.922000e-05	-2.868880e-02	9.676485e+00
2.923000e-05	-2.854486e-02	9.621178e+00
2.924000e-05	-2.951074e-02	9.507466e+00
2.925000e-05	-2.919259e-02	9.466728e+00
2.926000e-05	-3.068345e-02	9.401647e+00
2.927000e-05	-2.901708e-02	9.326391e+00
2.928000e-05	-3.035411e-02	9.243708e+00
2.929000e-05	-3.233973e-02	9.200546e+00
2.930000e-05	-3.255035e-02	9.057359e+00
2.931000e-05	-3.193829e-02	8.980025e+00
2.932000e-05	-3.100372e-02	8.864754e+00
2.933000e-05	-3.281998e-02	8.728970e+00
2.934000e-05	-3.336074e-02	8.674159e+00
2.935000e-05	-3.443690e-02	8.568948e+00
2.936000e-05	-3.179451e-02	8.504855e+00
2.937000e-05	-3.207813e-02	8.389524e+00
2.938000e-05	-3.218244e-02	8.252682e+00
2.939000e-05	-3.305901e-02	8.128987e+00
2.940000e-05	-3.030714e-02	8.029578e+00
2.941000e-05	-3.083421e-02	7.844833e+00
2.942000e-05	-3.104861e-02	7.757422e+00
2.943000e-05	-3.187987e-02	7.640627e+00
2.944000e-05	-2.944793e-02	7.496853e+00
2.945000e-05	-2.837013e-02	7.293885e+00
2.946000e-05	-2.815051e-02	7.147871e+00
2.947000e-05	-2.762640e-02	7.052678e+00
2.948000e-05	-2.798090e-02	6.894341e+00
2.949000e-05	-2.581396e-02	6.778898e+00
2.950000e-05	-2.416871e-02	6.590476e+00
2.951000e-05	-2.338271e-02	6.411179e+00
2.952000e-05	-2.314813e-02	6.284734e+00
2.953000e-05	-2.216756e-02	6.137444e+00
2.954000e-05	-2.027595e-02	6.051053e+00
2.955000e-05	-2.061525e-02	5.875161e+00
2.956000e-05	-1.937410e-02	5.673105e+00
2.957000e-05	-1.825294e-02	5.495713e+00
2.958000e-05	-1.667342e-02	5.396944e+00
2.959000e-05	-1.533044e-02	5.138371e+00
2.960000e-05	-1.478474e-02	4.906322e+00
2.961000e-05	-1.451992e-02	4.767822e+00
2.962000e-05	-1.276803e-02	4.580498e+00
2.963000e-05	-1.309207e-02	4.462079e+00
2.964000e-05	-1.205228e-02	4.265687e+00
2.965000e-05	-1.172658e-02	4.074108e+00
2.966000e-05	-1.084191e-02	3.904789e+00
2.967000e-05	-1.023825e-02	3.707815e+00
2.968000e-05	-1.017758e-02	3.608473e+00
2.969000e-05	-9.854931e-03	3.387952e+00
2.970000e-05	-9.737962e-03	3.199346e+00
2.971000e-05	-8.692365e-03	3.011003e+00
2.972000e-05	-7.176830e-03	2.842582e+00
2.973000e-05	-8.310336e-03	2.672568e+00
2.974000e-05	-7.136094e-03	2.430057e+00
2.975000e-05	-7.504948e-03	2.252059e+00
2.976000e-05	-6.028334e-03	2.053709e+00
2.977000e-05	-5.986804e-03	1.917795e+00
2.978000e-05	-6.778015e-03	1.724742e+00
2.979000e-05	-5.996215e-03	1.496192e+00
2.980000e-05	-5.920490e-03	1.335741e+00
2.981000e-05	-5.636076e-03	1.164166e+00
2.982000e-05	-5.685036e-03	8.339869e-01
2.983000e-05	-4.702932e-03	7.046384e-01
2.984000e-05	-5.231862e-03	5.348408e-01
2.985000e-05	-4.711328e-03	3.968222e-01
2.986000e-05	-4.151543e-03	9.379353e-02
2.987000e-05	1.785487e-03	-3.415534e-02
2.988000e-05	1.289299e-03	-2.121778e-01
2.989000e-05	-3.378064e-03	-4.015222e-01
2.990000e-05	7.490227e-04	-5.684906e-01
2.991000e-05	-2.733355e-03	-7.800409e-01
2.992000e-05	-1.345092e-03	-9.358595e-01
2.993000e-05	-1.458403e-03	-1.102735e+00
2.994000e-05	1.266494e-02	-1.255280e+00
2.995000e-05	8.403641e-02	-1.463803e+00
2.996000e-05	-5.150243e-03	-1.695834e+00
2.997000e-05	-5.433504e-02	-1.977888e+00
2.998000e-05	-3.105083e-02	-2.171617e+00
2.999000e-05	-1.006878e-01	-2.400596e+00
3.000000e-05	9.142706e-02	-2.442728e+00
3.001000e-05	9.935308e-02	-2.530567e+00
3.002000e-05	-1.716478e-01	-2.792620e+00
3.003000e-05	1.617865e-01	-3.021596e+00
3.004000e-05	-2.163381e-02	-3.156013e+00
3.005000e-05	-1.335682e-01	-3.379070e+00
3.006000e-05	1.712594e-01	-3.505936e+00
3.007000e-05	-6.676608e-02	-3.676355e+00
3.008000e-05	-8.640526e-02	-3.965437e+00
3.009000e-05	1.746592e-01	-4.053704e+00
3.010000e-05	-1.013070e-01	-4.242804e+00
3.011000e-05	6.593364e-02	-4.409650e+00
3.012000e-05	-6.133943e-02	-4.578042e+00
3.013000e-05	-8.673355e-02	-4.778443e+00
3.014000e-05	1.733492e-01	-4.948514e+00
3.015000e-05	-7.424619e-02	-5.115434e+00
3.016000e-05	1.814318e-02	-5.284935e+00
3.017000e-05	-9.021701e-04	-5.472383e+00
3.018000e-05	-3.816483e-02	-5.665909e+00
3.019000e-05	8.756966e-02	-5.862701e+00
3.020000e-05	-9.794474e-02	-5.998588e+00
3.021000e-05	8.609310e-02	-6.156438e+00
3.022000e-05	-2.413357e-02	-6.306377e+00
3.023000e-05	-3.225788e-02	-6.473300e+00
3.024000e-05	8.393964e-02	-6.589116e+00
3.025000e-05	-7.692743e-02	-6.758969e+00
3.026000e-05	6.347975e-02	-6.876283e+00
3.027000e-05	-5.022212e-02	-7.052722e+00
3.028000e-05	3.573682e-02	-7.219646e+00
3.029000e-05	4.010345e-02	-7.327431e+00
3.030000e-05	-5.522461e-02	-7.466308e+00
3.031000e-05	4.311221e-02	-7.601192e+00
3.032000e-05	-3.594976e-02	-7.758188e+00
3.033000e-05	5.086381e-02	-7.938586e+00
3.034000e-05	-2.046443e-02	-8.022277e+00
3.035000e-05	1.042721e-02	-8.158041e+00
3.036000e-05	3.088327e-02	-8.244904e+00
3.037000e-05	-2.898094e-02	-8.409044e+00
3.038000e-05	2.093336e-02	-8.476254e+00
3.039000e-05	-1.784395e-02	-8.591244e+00
3.040000e-05	4.452775e-02	-8.738463e+00
3.041000e-05	-1.241562e-02	-8.832726e+00
3.042000e-05	1.716757e-03	-8.936516e+00
3.043000e-05	1.049771e-02	-9.000696e+00
3.044000e-05	4.186896e-03	-9.116387e+00
3.045000e-05	1.522317e-02	-9.197595e+00
3.046000e-05	-1.016001e-02	-9.263727e+00
3.047000e-05	2.133365e-02	-9.357538e+00
3.048000e-05	2.017545e-04	-9.441379e+00
3.049000e-05	1.155736e-02	-9.579516e+00
3.050000e-05	3.715606e-03	-9.600645e+00
3.051000e-05	4.154302e-03	-9.664281e+00
3.052000e-05	4.080757e-03	-9.686961e+00
3.053000e-05	1.039241e-02	-9.790698e+00
3.054000e-05	1.963154e-02	-9.831279e+00
3.055000e-05	2.752029e-03	-9.925435e+00
3.056000e-05	1.157265e-03	-9.927891e+00
3.057000e-05	3.795980e-03	-9.958571e+00
3.058000e-05	1.698577e-02	-1.004215e+01
3.059000e-05	1.034027e-02	-1.003221e+01
3.060000e-05	5.163717e-03	-1.013548e+01
3.061000e-05	6.242727e-03	-1.013759e+01
3.062000e-05	9.535949e-03	-1.017965e+01
3.063000e-05	1.124142e-02	-1.020122e+01
3.064000e-05	9.317259e-03	-1.024132e+01
3.065000e-05	8.116681e-03	-1.026131e+01
3.066000e-05	1.023704e-02	-1.025246e+01
3.067000e-05	1.350073e-02	-1.030443e+01
3.068000e-05	1.039768e-02	-1.030691e+01
3.069000e-05	9.046292e-03	-1.030641e+01
3.070000e-05	8.772021e-03	-1.028647e+01
3.071000e-05	1.278312e-02	-1.035694e+01
3.072000e-05	1.318558e-02	-1.030794e+01
3.073000e-05	1.396119e-02	-1.031294e+01
3.074000e-05	1.420313e-02	-1.027483e+01
3.075000e-05	1.238968e-02	-1.022227e+01
3.076000e-05	1.230538e-02	-1.019270e+01
3.077000e-05	1.527415e-02	-1.020969e+01
3.078000e-05	1.769726e-02	-1.012616e+01
3.079000e-05	1.610538e-02	-1.012552e+01
3.080000e-05	1.607981e-02	-1.011636e+01
3.081000e-05	1.781656e-02	-1.004220e+01
3.082000e-05	1.735399e-02	-1.001112e+01
3.083000e-05	1.815927e-02	-9.947992e+00
3.084000e-05	2.120065e-02	-9.915462e+00
3.085000e-05	2.220639e-02	-9.852308e+00
3.086000e-05	2.065216e-02	-9.811151e+00
3.087000e-05	2.021609e-02	-9.758067e+00
3.088000e-05	2.139918e-02	-9.696836e+00
3.089000e-05	2.363017e-02	-9.654704e+00
3.090000e-05	2.225513e-02	-9.590574e+00
3.091000e-05	2.368814e-02	-9.506441e+00
3.092000e-05	2.520680e-02	-9.463757e+00
3.093000e-05	2.536114e-02	-9.346383e+00
3.094000e-05	2.464899e-02	-9.252250e+00
3.095000e-05	2.355372e-02	-9.157968e+00
3.096000e-05	2.523820e-02	-9.052284e+00
3.097000e-05	2.664416e-02	-8.946970e+00
3.098000e-05	2.696347e-02	-8.863283e+00
3.099000e-05	2.549071e-02	-8.781048e+00
3.100000e-05	2.497833e-02	-8.656837e+00
3.101000e-05	2.632286e-02	-8.609500e+00
3.102000e-05	2.665593e-02	-8.441783e+00
3.103000e-05	2.667867e-02	-8.327947e+00
3.104000e-05	2.577609e-02	-8.241233e+00
3.105000e-05	2.689230e-02	-8.097893e+00
3.106000e-05	2.610683e-02	-8.021154e+00
3.107000e-05	2.584088e-02	-7.884262e+00
3.108000e-05	2.433007e-02	-7.755008e+00
3.109000e-05	2.374527e-02	-7.608646e+00
3.110000e-05	2.396696e-02	-7.401234e+00
3.111000e-05	2.457682e-02	-7.284866e+00
3.112000e-05	2.212883e-02	-7.240070e+00
3.113000e-05	1.947928e-02	-7.061734e+00
3.114000e-05	1.913246e-02	-6.842733e+00
3.115000e-05	2.068288e-02	-6.755443e+00
3.116000e-05	1.895292e-02	-6.607545e+00
3.117000e-05	1.797173e-02	-6.472234e+00
3.118000e-05	1.710425e-02	-6.347391e+00
3.119000e-05	1.574686e-02	-6.175944e+00
3.120000e-05	1.348271e-02	-5.987921e+00
3.121000e-05	1.232354e-02	-5.822158e+00
3.122000e-05	1.089249e-02	-5.672816e+00
3.123000e-05	1.174882e-02	-5.507395e+00
3.124000e-05	9.805791e-03	-5.303861e+00
3.125000e-05	9.973432e-03	-5.124895e+00
3.126000e-05	7.214275e-03	-4.927445e+00
3.127000e-05	6.500704e-03	-4.699296e+00
3.128000e-05	4.948134e-03	-4.569023e+00
3.129000e-05	7.839960e-03	-4.411103e+00
3.130000e-05	4.748674e-03	-4.283659e+00
3.131000e-05	3.833827e-03	-4.145317e+00
3.132000e-05	2.855950e-03	-3.938921e+00
3.133000e-05	3.072072e-03	-3.758476e+00
3.134000e-05	3.594409e-03	-3.578899e+00
3.135000e-05	2.352408e-03	-3.410951e+00
3.136000e-05	1.770093e-03	-3.220659e+00
3.137000e-05	2.675955e-03	-3.072660e+00
3.138000e-05	6.553578e-04	-2.819530e+00
3.139000e-05	5.158125e-04	-2.673212e+00
3.140000e-05	-1.967930e-03	-2.442190e+00
3.141000e-05	8.584474e-04	-2.317845e+00
3.142000e-05	-7.533807e-04	-2.082266e+00
3.143000e-05	1.206544e-03	-1.945291e+00
3.144000e-05	-1.917881e-03	-1.736415e+00
3.145000e-05	-6.217765e-04	-1.577400e+00
3.146000e-05	-3.226820e-03	-1.315168e+00
3.147000e-05	-1.533672e-03	-1.116740e+00
3.148000e-05	-2.911642e-03	-9.357431e-01
3.149000e-05	-2.390977e-03	-7.478222e-01
3.150000e-05	-2.928907e-03	-5.272472e-01
3.151000e-05	-2.219431e-03	-3.477985e-01
3.152000e-05	-2.401344e-03	-1.673737e-01
3.153000e-05	1.173559e-03	-8.926428e-03
3.154000e-05	3.601299e-03	1.596426e-01
3.155000e-05	-2.143700e-03	4.010498e-01
3.156000e-05	1.153866e-03	5.588895e-01
3.157000e-05	-3.888271e-03	7.384144e-01
3.158000e-05	-2.087063e-03	8.741337e-01
3.159000e-05	-1.746843e-03	1.116829e+00
3.160000e-05	4.195399e-03	1.285234e+00
3.161000e-05	1.980143e-02	1.555732e+00
3.162000e-05	7.157711e-02	1.747018e+00
3.163000e-05	-2.253817e-02	1.970037e+00
3.164000e-05	-4.641199e-02	2.138886e+00
3.165000e-05	-4.051943e-02	2.305437e+00
3.166000e-05	-7.160958e-02	2.435174e+00
3.167000e-05	1.191599e-02	2.570093e+00
3.168000e-05	1.532246e-01	2.801093e+00
3.169000e-05	-1.588545e-01	2.928992e+00
3.170000e-05	6.325238e-02	3.093732e+00
3.171000e-05	4.579411e-02	3.265729e+00
3.172000e-05	-1.119981e-01	3.515933e+00
3.173000e-05	7.636720e-02	3.643702e+00
3.174000e-05	1.229847e-02	3.852148e+00
3.175000e-05	-1.123548e-01	3.993146e+00
3.176000e-05	9.914797e-02	4.222541e+00
3.177000e-05	-1.438719e-02	4.431520e+00
3.178000e-05	-1.473376e-02	4.547961e+00
3.179000e-05	-1.734265e-02	4.737415e+00
3.180000e-05	-5.919625e-02	4.927063e+00
3.181000e-05	5.446931e-02	5.189094e+00
3.182000e-05	5.062377e-03	5.347012e+00
3.183000e-05	1.690142e-04	5.496884e+00
3.184000e-05	-3.455292e-02	5.665701e+00
3.185000e-05	1.084329e-03	5.863252e+00
3.186000e-05	7.427082e-03	6.022094e+00
3.187000e-05	-3.342813e-02	6.158412e+00
3.188000e-05	2.040602e-02	6.294806e+00
3.189000e-05	-1.067663e-02	6.412173e+00
3.190000e-05	-1.910620e-02	6.582696e+00
3.191000e-05	1.078287e-02	6.801112e+00
3.192000e-05	-2.831577e-02	6.898908e+00
3.193000e-05	2.631011e-04	7.073199e+00
3.194000e-05	-7.810527e-03	7.191097e+00
3.195000e-05	-2.715191e-03	7.264483e+00
3.196000e-05	1.202632e-03	7.504979e+00
3.197000e-05	-2.434028e-02	7.622724e+00
3.198000e-05	-2.645023e-03	7.780621e+00
3.199000e-05	-1.550697e-02	7.908508e+00
3.200000e-05	3.776902e-03	8.075804e+00
3.201000e-05	-1.416355e-02	8.181071e+00
3.202000e-05	-9.298851e-03	8.316457e+00
3.203000e-05	3.280465e-03	8.422101e+00
3.204000e-05	-1.552044e-02	8.467407e+00
3.205000e-05	-1.383094e-02	8.591144e+00
3.206000e-05	-1.906901e-02	8.696383e+00
3.207000e-05	4.000607e-03	8.810021e+00
3.208000e-05	-6.337666e-03	8.875177e+00
3.209000e-05	-1.359318e-02	8.979640e+00
3.210000e-05	-1.407829e-02	9.105982e+00
3.211000e-05	-1.127733e-02	9.230672e+00
3.212000e-05	-5.921750e-03	9.273828e+00
3.213000e-05	-1.280130e-02	9.358016e+00
3.214000e-05	-8.608052e-03	9.433693e+00
3.215000e-05	-1.193025e-02	9.475363e+00
3.216000e-05	-1.020226e-02	9.541019e+00
3.217000e-05	-1.424133e-02	9.654604e+00
3.218000e-05	-1.350007e-02	9.736478e+00
3.219000e-05	-1.486665e-02	9.790691e+00
3.220000e-05	-1.051568e-02	9.845882e+00
3.221000e-05	-4.867155e-03	9.895987e+00
3.222000e-05	-1.196177e-02	9.998570e+00
3.223000e-05	-1.713701e-02	1.003023e+01
3.224000e-05	-1.726928e-02	1.008378e+01
3.225000e-05	-9.275081e-03	1.009689e+01
3.226000e-05	-1.133497e-02	1.012901e+01
3.227000e-05	-1.496976e-02	1.016854e+01
3.228000e-05	-1.576997e-02	1.018012e+01
3.229000e-05	-1.458168e-02	1.021220e+01
3.230000e-05	-1.303467e-02	1.028423e+01
3.231000e-05	-1.454550e-02	1.028538e+01
3.232000e-05	-1.526268e-02	1.029586e+01
3.233000e-05	-1.591641e-02	1.031693e+01
3.234000e-05	-1.203966e-02	1.030648e+01
3.235000e-05	-1.666993e-02	1.029586e+01
3.236000e-05	-1.851529e-02	1.032639e+01
3.237000e-05	-2.004622e-02	1.031589e+01
3.238000e-05	-1.559101e-02	1.028836e+01
3.239000e-05	-1.569206e-02	1.032638e+01
3.240000e-05	-1.809246e-02	1.029536e+01
3.241000e-05	-1.938495e-02	1.026628e+01
3.242000e-05	-2.094588e-02	1.026480e+01
3.243000e-05	-2.062083e-02	1.026965e+01
3.244000e-05	-2.087031e-02	1.023365e+01
3.245000e-05	-2.195560e-02	1.018802e+01
3.246000e-05	-2.312828e-02	1.012794e+01
3.247000e-05	-2.354151e-02	1.011636e+01
3.248000e-05	-2.410352e-02	1.010333e+01
3.249000e-05	-2.548263e-02	1.004312e+01
3.250000e-05	-2.664100e-02	9.990025e+00
3.251000e-05	-2.499060e-02	9.937470e+00
3.252000e-05	-2.447139e-02	9.858304e+00
3.253000e-05	-2.666574e-02	9.792189e+00
3.254000e-05	-3.035829e-02	9.747288e+00
3.255000e-05	-3.109506e-02	9.671630e+00
3.256000e-05	-3.098145e-02	9.599496e+00
3.257000e-05	-2.993729e-02	9.495410e+00
3.258000e-05	-3.085980e-02	9.441678e+00
3.259000e-05	-2.987426e-02	9.368946e+00
3.260000e-05	-3.071013e-02	9.294357e+00
3.261000e-05	-3.054461e-02	9.222150e+00
3.262000e-05	-3.352080e-02	9.157465e+00
3.263000e-05	-3.190166e-02	9.001224e+00
3.264000e-05	-3.231032e-02	8.954362e+00
3.265000e-05	-3.092981e-02	8.801073e+00
3.266000e-05	-3.324770e-02	8.716837e+00
3.267000e-05	-3.364165e-02	8.609123e+00
3.268000e-05	-3.349244e-02	8.554439e+00
3.269000e-05	-3.127604e-02	8.430652e+00
3.270000e-05	-3.182196e-02	8.316912e+00
3.271000e-05	-3.177335e-02	8.217528e+00
3.272000e-05	-3.159119e-02	8.072732e+00
3.273000e-05	-3.168663e-02	7.927365e+00
3.274000e-05	-3.181239e-02	7.811071e+00
3.275000e-05	-3.108953e-02	7.694257e+00
3.276000e-05	-3.093429e-02	7.578966e+00
3.277000e-05	-2.877203e-02	7.360995e+00
3.278000e-05	-2.770453e-02	7.239577e+00
3.279000e-05	-2.796961e-02	7.085788e+00
3.280000e-05	-2.820166e-02	6.937445e+00
3.281000e-05	-2.818752e-02	6.821528e+00
3.282000e-05	-2.504969e-02	6.653712e+00
3.283000e-05	-2.282770e-02	6.486315e+00
3.284000e-05	-2.254583e-02	6.356894e+00
3.285000e-05	-2.210676e-02	6.209550e+00
3.286000e-05	-2.116360e-02	6.083183e+00
3.287000e-05	-2.033132e-02	5.948919e+00
3.288000e-05	-1.999399e-02	5.748917e+00
3.289000e-05	-1.933005e-02	5.569447e+00
3.290000e-05	-1.592397e-02	5.432129e+00
3.291000e-05	-1.641044e-02	5.233627e+00
3.292000e-05	-1.441495e-02	5.084604e+00
3.293000e-05	-1.499527e-02	4.820079e+00
3.294000e-05	-1.341309e-02	4.664183e+00
3.295000e-05	-1.358347e-02	4.516214e+00
3.296000e-05	-1.210526e-02	4.340394e+00
3.297000e-05	-1.137728e-02	4.141394e+00
3.298000e-05	-1.103760e-02	3.938396e+00
3.299000e-05	-1.070889e-02	3.798979e+00
3.300000e-05	-1.062252e-02	3.672081e+00
3.301000e-05	-9.690177e-03	3.525661e+00
3.302000e-05	-8.063811e-03	3.271158e+00
3.303000e-05	-8.879680e-03	3.094763e+00
3.304000e-05	-8.582316e-03	2.915791e+00
3.305000e-05	-8.009390e-03	2.758369e+00
3.306000e-05	-7.940542e-03	2.506370e+00
3.307000e-05	-7.651687e-03	2.337322e+00
3.308000e-05	-7.073529e-03	2.156869e+00
3.309000e-05	-6.146585e-03	1.989974e+00
3.310000e-05	-6.159417e-03	1.851981e+00
3.311000e-05	-6.359760e-03	1.580899e+00
3.312000e-05	-6.206476e-03	1.418005e+00
3.313000e-05	-6.361092e-03	1.221480e+00
3.314000e-05	-5.422438e-03	9.864000e-01
3.315000e-05	-5.567921e-03	7.988489e-01
3.316000e-05	-4.314596e-03	5.874000e-01
3.317000e-05	-4.591621e-03	4.219567e-01
3.318000e-05	-4.800071e-03	2.220117e-01
3.319000e-05	-2.353155e-03	1.898149e-02
3.320000e-05	3.561316e-03	-1.579646e-01
3.321000e-05	-2.609955e-03	-3.073107e-01
3.322000e-05	9.163455e-04	-4.432854e-01
3.323000e-05	-2.214486e-03	-7.137527e-01
3.324000e-05	-3.853125e-04	-8.327801e-01
3.325000e-05	-3.536439e-03	-1.032127e+00
3.326000e-05	5.189102e-03	-1.181093e+00
3.327000e-05	4.106824e-02	-1.349047e+00
3.328000e-05	7.561631e-02	-1.580127e+00
3.329000e-05	-7.273186e-02	-1.843204e+00
3.330000e-05	-1.252747e-02	-2.094859e+00
3.331000e-05	-8.355106e-02	-2.336437e+00
3.332000e-05	-3.483630e-02	-2.454703e+00
3.333000e-05	1.767917e-01	-2.503861e+00
3.334000e-05	-9.702530e-02	-2.706354e+00
3.335000e-05	-2.494379e-02	-2.895838e+00
3.336000e-05	1.498682e-01	-3.083785e+00
3.337000e-05	-1.831137e-01	-3.285804e+00
3.338000e-05	6.802243e-02	-3.473831e+00
3.339000e-05	9.984881e-02	-3.590549e+00
3.340000e-05	-1.758892e-01	-3.770690e+00
3.341000e-05	1.207910e-01	-3.989523e+00
3.342000e-05	3.436455e-02	-4.158987e+00
3.343000e-05	-5.500998e-02	-4.369468e+00
3.344000e-05	6.752276e-02	-4.475254e+00
3.345000e-05	-1.659603e-01	-4.713831e+00
3.346000e-05	1.081796e-01	-4.843779e+00
3.347000e-05	6.697250e-02	-5.032250e+00
3.348000e-05	-8.754266e-02	-5.172599e+00
3.349000e-05	7.687320e-02	-5.350700e+00
3.350000e-05	-8.379071e-02	-5.561693e+00
3.351000e-05	7.666904e-02	-5.787445e+00
3.352000e-05	-2.979987e-02	-5.895358e+00
3.353000e-05	-2.072250e-02	-6.033749e+00
3.354000e-05	8.806972e-02	-6.171221e+00
3.355000e-05	-1.037302e-01	-6.390570e+00
3.356000e-05	8.620565e-02	-6.517963e+00
3.357000e-05	-2.612296e-02	-6.682380e+00
3.358000e-05	-2.710161e-03	-6.813176e+00
3.359000e-05	2.861044e-02	-6.958066e+00
3.360000e-05	-5.430376e-02	-7.139013e+00
3.361000e-05	9.822821e-02	-7.295357e+00
3.362000e-05	-5.558505e-02	-7.402697e+00
3.363000e-05	1.942898e-02	-7.568092e+00
3.364000e-05	-8.984763e-03	-7.695009e+00
3.365000e-05	5.842947e-03	-7.822855e+00
3.366000e-05	3.464533e-02	-8.009575e+00
3.367000e-05	-3.241355e-02	-8.105485e+00
3.368000e-05	5.263652e-02	-8.220624e+00
3.369000e-05	-2.306219e-02	-8.326963e+00
3.370000e-05	7.863305e-03	-8.433775e+00
3.371000e-05	-5.258285e-03	-8.526587e+00
3.372000e-05	1.542281e-02	-8.684429e+00
3.373000e-05	2.591015e-02	-8.799596e+00
3.374000e-05	-2.316152e-02	-8.885831e+00
3.375000e-05	2.098917e-02	-8.940067e+00
3.376000e-05	-1.576016e-03	-9.094330e+00
3.377000e-05	2.009244e-02	-9.148014e+00
3.378000e-05	-4.946565e-03	-9.202151e+00
3.379000e-05	7.281311e-03	-9.306407e+00
3.380000e-05	1.336471e-02	-9.359062e+00
3.381000e-05	3.058128e-03	-9.485484e+00
3.382000e-05	1.156650e-02	-9.590521e+00
3.383000e-05	-2.129239e-04	-9.652205e+00
3.384000e-05	5.939793e-03	-9.695433e+00
3.385000e-05	3.150648e-03	-9.789015e+00
3.386000e-05	1.886773e-02	-9.843174e+00
3.387000e-05	1.159747e-02	-9.873933e+00
3.388000e-05	4.652631e-04	-9.965917e+00
3.389000e-05	1.908444e-03	-1.000802e+01
3.390000e-05	1.115540e-02	-9.981024e+00
3.391000e-05	1.591081e-02	-1.006223e+01
3.392000e-05	6.265272e-03	-1.009378e+01
3.393000e-05	4.265969e-03	-1.010746e+01
3.394000e-05	7.567521e-03	-1.016759e+01
3.395000e-05	1.103883e-02	-1.017030e+01
3.396000e-05	1.098166e-02	-1.022327e+01
3.397000e-05	7.252562e-03	-1.022530e+01
3.398000e-05	8.938007e-03	-1.023438e+01
3.399000e-05	1.232312e-02	-1.032489e+01
3.400000e-05	1.211681e-02	-1.029344e+01
3.401000e-05	8.507584e-03	-1.033589e+01
3.402000e-05	7.629387e-03	-1.032596e+01
3.403000e-05	1.121675e-02	-1.030741e+01
3.404000e-05	1.245586e-02	-1.034696e+01
3.405000e-05	1.446394e-02	-1.023598e+01
3.406000e-05	1.411932e-02	-1.028495e+01
3.407000e-05	1.225028e-02	-1.022233e+01
3.408000e-05	1.208024e-02	-1.024173e+01
3.409000e-05	1.428901e-02	-1.020162e+01
3.410000e-05	1.681647e-02	-1.014059e+01
3.411000e-05	1.704688e-02	-1.010651e+01
3.412000e-05	1.694652e-02	-1.009446e+01
3.413000e-05	1.724132e-02	-1.006291e+01
3.414000e-05	1.829048e-02	-1.002160e+01
3.415000e-05	1.727680e-02	-9.959545e+00
3.416000e-05	1.949669e-02	-9.936868e+00
3.417000e-05	2.140380e-02	-9.884384e+00
3.418000e-05	2.124049e-02	-9.841203e+00
3.419000e-05	2.105637e-02	-9.769121e+00
3.420000e-05	2.168189e-02	-9.716913e+00
3.421000e-05	2.370914e-02	-9.684304e+00
3.422000e-05	2.219511e-02	-9.639124e+00
3.423000e-05	2.262752e-02	-9.578970e+00
3.424000e-05	2.445598e-02	-9.484361e+00
3.425000e-05	2.570288e-02	-9.348596e+00
3.426000e-05	2.497379e-02	-9.313832e+00
3.427000e-05	2.423269e-02	-9.199071e+00
3.428000e-05	2.479991e-02	-9.084913e+00
3.429000e-05	2.571005e-02	-9.030546e+00
3.430000e-05	2.686385e-02	-8.906963e+00
3.431000e-05	2.702641e-02	-8.829649e+00
3.432000e-05	2.595279e-02	-8.748996e+00
3.433000e-05	2.598890e-02	-8.620231e+00
3.434000e-05	2.662584e-02	-8.504906e+00
3.435000e-05	2.624551e-02	-8.419625e+00
3.436000e-05	2.624012e-02	-8.284288e+00
3.437000e-05	2.642547e-02	-8.178623e+00
3.438000e-05	2.586876e-02	-8.065762e+00
3.439000e-05	2.566746e-02	-7.947895e+00
3.440000e-05	2.490527e-02	-7.822701e+00
3.441000e-05	2.343937e-02	-7.663134e+00
3.442000e-05	2.322837e-02	-7.515868e+00
3.443000e-05	2.411506e-02	-7.388998e+00
3.444000e-05	2.350729e-02	-7.263176e+00
3.445000e-05	2.212256e-02	-7.115372e+00
3.446000e-05	2.007257e-02	-6.947467e+00
3.447000e-05	1.869390e-02	-6.810046e+00
3.448000e-05	1.954564e-02	-6.671281e+00
3.449000e-05	1.784776e-02	-6.507317e+00
3.450000e-05	1.775367e-02	-6.369103e+00
3.451000e-05	1.643529e-02	-6.232180e+00
3.452000e-05	1.444108e-02	-6.021159e+00
3.453000e-05	1.255211e-02	-5.906291e+00
3.454000e-05	1.172817e-02	-5.727922e+00
3.455000e-05	1.185151e-02	-5.582028e+00
3.456000e-05	1.103520e-02	-5.433132e+00
3.457000e-05	1.048515e-02	-5.190102e+00
3.458000e-05	8.931971e-03	-5.071106e+00
3.459000e-05	5.969261e-03	-4.863659e+00
3.460000e-05	4.879179e-03	-4.622605e+00
3.461000e-05	4.533479e-03	-4.485244e+00
3.462000e-05	7.449117e-03	-4.347395e+00
3.463000e-05	5.040578e-03	-4.178049e+00
3.464000e-05	4.481403e-03	-4.012208e+00
3.465000e-05	2.109340e-03	-3.912538e+00
3.466000e-05	3.553695e-03	-3.622159e+00
3.467000e-05	1.287676e-03	-3.485267e+00
3.468000e-05	2.534343e-03	-3.316242e+00
3.469000e-05	3.135092e-04	-3.125894e+00
3.470000e-05	9.905455e-04	-2.935343e+00
3.471000e-05	-4.081118e-04	-2.776395e+00
3.472000e-05	-3.102845e-04	-2.569349e+00
3.473000e-05	-8.807550e-04	-2.400945e+00
3.474000e-05	-1.177038e-03	-2.179553e+00
3.475000e-05	1.029723e-03	-2.000022e+00
3.476000e-05	-7.961934e-04	-1.801087e+00
3.477000e-05	-7.205429e-04	-1.643136e+00
3.478000e-05	-2.206244e-03	-1.450059e+00
3.479000e-05	-1.480536e-03	-1.219426e+00
3.480000e-05	-3.682142e-03	-9.719802e-01
3.481000e-05	-1.196788e-03	-7.900291e-01
3.482000e-05	-2.474077e-03	-6.729843e-01
3.483000e-05	-9.765488e-04	-4.284793e-01
3.484000e-05	-3.838329e-03	-2.721106e-01
3.485000e-05	-5.265820e-04	-9.366558e-02
3.486000e-05	3.973159e-03	9.583422e-02
3.487000e-05	-3.340358e-04	3.573869e-01
3.488000e-05	-6.883186e-04	4.837066e-01
3.489000e-05	-8.204161e-04	6.651289e-01
3.490000e-05	-1.836565e-03	8.210474e-01
3.491000e-05	-2.128012e-03	9.999937e-01
3.492000e-05	6.122767e-04	1.231623e+00
3.493000e-05	7.662307e-03	1.370097e+00
3.494000e-05	5.274366e-02	1.602169e+00
3.495000e-05	3.934981e-02	1.913259e+00
3.496000e-05	-5.921863e-02	2.054204e+00
3.497000e-05	-3.303879e-02	2.254175e+00
3.498000e-05	-5.704677e-02	2.381047e+00
3.499000e-05	-6.101384e-02	2.495913e+00
3.500000e-05	1.386523e-01	2.723402e+00
3.501000e-05	-1.203165e-02	2.896257e+00
3.502000e-05	-1.134760e-01	3.022123e+00
3.503000e-05	1.526711e-01	3.150592e+00
3.504000e-05	-9.894195e-02	3.432193e+00
3.505000e-05	-2.240179e-02	3.580020e+00
3.506000e-05	9.652466e-02	3.697287e+00
3.507000e-05	-1.093111e-01	3.907914e+00
3.508000e-05	1.551221e-02	4.077305e+00
3.509000e-05	6.274387e-02	4.316934e+00
3.510000e-05	-4.477670e-02	4.433880e+00
3.511000e-05	8.826132e-03	4.684277e+00
3.512000e-05	-5.738109e-02	4.844175e+00
3.513000e-05	3.474637e-03	5.061857e+00
3.514000e-05	4.061416e-02	5.243752e+00
3.515000e-05	-9.622015e-03	5.411221e+00
3.516000e-05	-9.311502e-03	5.559070e+00
3.517000e-05	-3.001306e-02	5.769516e+00
3.518000e-05	1.993541e-02	5.937460e+00
3.519000e-05	-2.036724e-02	6.074279e+00
3.520000e-05	-1.256840e-02	6.211673e+00
3.521000e-05	2.367412e-02	6.378965e+00
3.522000e-05	-3.849475e-02	6.497857e+00
3.523000e-05	1.707525e-02	6.676433e+00
3.524000e-05	-2.091601e-02	6.845205e+00
3.525000e-05	-1.425104e-02	7.000638e+00
3.526000e-05	-5.735394e-05	7.086412e+00
3.527000e-05	-9.403907e-03	7.214827e+00
3.528000e-05	1.102875e-02	7.390216e+00
3.529000e-05	-2.242497e-02	7.560066e+00
3.530000e-05	-8.181823e-03	7.726858e+00
3.531000e-05	-1.385609e-02	7.822803e+00
3.532000e-05	-9.937497e-04	8.100640e+00
3.533000e-05	-5.808486e-03	8.117516e+00
3.534000e-05	-1.518047e-02	8.274227e+00
3.535000e-05	-3.494048e-04	8.357992e+00
3.536000e-05	-4.505099e-03	8.442302e+00
3.537000e-05	-1.552257e-02	8.536365e+00
3.538000e-05	-1.910403e-02	8.652804e+00
3.539000e-05	-8.553973e-03	8.728487e+00
3.540000e-05	9.376589e-04	8.824600e+00
3.541000e-05	-9.474710e-03	8.937009e+00
3.542000e-05	-1.402083e-02	9.003756e+00
3.543000e-05	-1.301386e-02	9.159545e+00
3.544000e-05	-9.803443e-03	9.252750e+00
3.545000e-05	-8.765959e-03	9.295407e+00
3.546000e-05	-1.167873e-02	9.392145e+00
3.547000e-05	-9.180561e-03	9.413331e+00
3.548000e-05	-1.227488e-02	9.598439e+00
3.549000e-05	-1.155822e-02	9.611097e+00
3.550000e-05	-1.230470e-02	9.675403e+00
3.551000e-05	-1.510041e-02	9.757111e+00
3.552000e-05	-1.213728e-02	9.803744e+00
3.553000e-05	-7.858060e-03	9.875958e+00
3.554000e-05	-7.270732e-03	9.939544e+00
3.555000e-05	-1.561223e-02	9.970575e+00
3.556000e-05	-1.708360e-02	1.005225e+01
3.557000e-05	-1.337251e-02	1.008543e+01
3.558000e-05	-9.803464e-03	1.012639e+01
3.559000e-05	-1.254949e-02	1.016949e+01
3.560000e-05	-1.585034e-02	1.020167e+01
3.561000e-05	-1.297851e-02	1.022163e+01
3.562000e-05	-1.541853e-02	1.023580e+01
3.563000e-05	-1.287443e-02	1.026281e+01
3.564000e-05	-1.615384e-02	1.029536e+01
3.565000e-05	-1.478086e-02	1.025583e+01
3.566000e-05	-1.449798e-02	1.029391e+01
3.567000e-05	-1.318087e-02	1.031588e+01
3.568000e-05	-1.765004e-02	1.032744e+01
3.569000e-05	-2.033949e-02	1.031694e+01
3.570000e-05	-1.816430e-02	1.032636e+01
3.571000e-05	-1.692923e-02	1.028696e+01
3.572000e-05	-1.659874e-02	1.029581e+01
3.573000e-05	-1.921165e-02	1.025591e+01
3.574000e-05	-2.052451e-02	1.031375e+01
3.575000e-05	-2.130633e-02	1.024530e+01
3.576000e-05	-2.146634e-02	1.023122e+01
3.577000e-05	-2.177630e-02	1.020962e+01
3.578000e-05	-2.223635e-02	1.014954e+01
3.579000e-05	-2.281210e-02	1.009687e+01
3.580000e-05	-2.391200e-02	1.009691e+01
3.581000e-05	-2.315014e-02	1.005473e+01
3.582000e-05	-2.707073e-02	1.002113e+01
3.583000e-05	-2.630162e-02	9.950943e+00
3.584000e-05	-2.617133e-02	9.897358e+00
3.585000e-05	-2.637730e-02	9.823253e+00
3.586000e-05	-2.854988e-02	9.728521e+00
3.587000e-05	-2.906279e-02	9.665256e+00
3.588000e-05	-2.919170e-02	9.630049e+00
3.589000e-05	-2.979755e-02	9.547889e+00
3.590000e-05	-2.894963e-02	9.463858e+00
3.591000e-05	-3.040496e-02	9.350998e+00
3.592000e-05	-2.955458e-02	9.317916e+00
3.593000e-05	-3.129806e-02	9.261707e+00
3.594000e-05	-3.128823e-02	9.160576e+00
3.595000e-05	-3.329087e-02	9.085308e+00
3.596000e-05	-3.126887e-02	8.979995e+00
3.597000e-05	-3.113189e-02	8.862729e+00
3.598000e-05	-3.330975e-02	8.729444e+00
3.599000e-05	-3.236991e-02	8.664281e+00
3.600000e-05	-3.462474e-02	8.567396e+00
3.601000e-05	-3.172929e-02	8.463756e+00
3.602000e-05	-3.312200e-02	8.390972e+00
3.603000e-05	-3.180996e-02	8.304751e+00
3.604000e-05	-3.298535e-02	8.125337e+00
3.605000e-05	-3.060118e-02	7.981097e+00
3.606000e-05	-3.183800e-02	7.853808e+00
3.607000e-05	-3.145277e-02	7.806420e+00
3.608000e-05	-3.083309e-02	7.621649e+00
3.609000e-05	-2.932291e-02	7.495233e+00
3.610000e-05	-2.880918e-02	7.286286e+00
3.611000e-05	-2.754440e-02	7.146920e+00
3.612000e-05	-2.779503e-02	6.980577e+00
3.613000e-05	-2.772300e-02	6.895255e+00
3.614000e-05	-2.664504e-02	6.718974e+00
3.615000e-05	-2.352035e-02	6.580975e+00
3.616000e-05	-2.272214e-02	6.410496e+00
3.617000e-05	-2.211728e-02	6.262286e+00
3.618000e-05	-2.199398e-02	6.147367e+00
3.619000e-05	-2.114259e-02	6.001553e+00
3.620000e-05	-2.019500e-02	5.884082e+00
3.621000e-05	-1.907311e-02	5.642157e+00
3.622000e-05	-1.775628e-02	5.484265e+00
3.623000e-05	-1.591339e-02	5.356819e+00
3.624000e-05	-1.486821e-02	5.157320e+00
3.625000e-05	-1.552150e-02	4.928840e+00
3.626000e-05	-1.338316e-02	4.767267e+00
3.627000e-05	-1.269995e-02	4.597895e+00
3.628000e-05	-1.242075e-02	4.450606e+00
3.629000e-05	-1.175325e-02	4.293682e+00
3.630000e-05	-1.044441e-02	4.030629e+00
3.631000e-05	-1.078336e-02	3.904288e+00
3.632000e-05	-1.074281e-02	3.696740e+00
3.633000e-05	-1.058011e-02	3.587846e+00
3.634000e-05	-9.083985e-03	3.347469e+00
3.635000e-05	-8.084777e-03	3.147369e+00
3.636000e-05	-8.280839e-03	3.011400e+00
3.637000e-05	-8.754292e-03	2.831507e+00
3.638000e-05	-7.900156e-03	2.622056e+00
3.639000e-05	-7.622957e-03	2.421050e+00
3.640000e-05	-7.563240e-03	2.242058e+00
3.641000e-05	-6.320664e-03	2.053608e+00
3.642000e-05	-5.716817e-03	1.907346e+00
3.643000e-05	-5.635547e-03	1.674716e+00
3.644000e-05	-7.431037e-03	1.483666e+00
3.645000e-05	-5.609787e-03	1.294142e+00
3.646000e-05	-5.618464e-03	1.123539e+00
3.647000e-05	-5.687977e-03	9.020328e-01
3.648000e-05	-5.883635e-03	6.911607e-01
3.649000e-05	-4.337641e-03	5.056645e-01
3.650000e-05	-4.650338e-03	3.182662e-01
3.651000e-05	-4.198053e-03	6.469690e-02
3.652000e-05	9.698057e-04	-9.375903e-02
3.653000e-05	1.917264e-03	-2.811537e-01
3.654000e-05	-2.550328e-03	-3.915509e-01
3.655000e-05	1.041603e-03	-6.095935e-01
3.656000e-05	-3.045917e-03	-7.595488e-01
3.657000e-05	-9.254817e-04	-9.183908e-01
3.658000e-05	-6.253396e-04	-1.075337e+00
3.659000e-05	1.494091e-02	-1.245308e+00
3.660000e-05	8.792801e-02	-1.502962e+00
3.661000e-05	-1.799159e-02	-1.725961e+00
3.662000e-05	-4.625482e-02	-1.969017e+00
3.663000e-05	-3.885971e-02	-2.221825e+00
3.664000e-05	-9.710058e-02	-2.420047e+00
3.665000e-05	1.110508e-01	-2.455783e+00
3.666000e-05	7.392732e-02	-2.640575e+00
3.667000e-05	-1.645015e-01	-2.802102e+00
3.668000e-05	1.777506e-01	-2.961102e+00
3.669000e-05	-5.087661e-02	-3.200069e+00
3.670000e-05	-1.095240e-01	-3.398617e+00
3.671000e-05	1.743505e-01	-3.526889e+00
3.672000e-05	-9.018289e-02	-3.714789e+00
3.673000e-05	-5.601756e-02	-3.915893e+00
3.674000e-05	1.670376e-01	-4.043779e+00
3.675000e-05	-1.093475e-01	-4.282327e+00
3.676000e-05	7.807368e-02	-4.381604e+00
3.677000e-05	-8.222269e-02	-4.567041e+00
3.678000e-05	-6.156681e-02	-4.801995e+00
3.679000e-05	1.695803e-01	-4.965538e+00
3.680000e-05	-8.732842e-02	-5.117009e+00
3.681000e-05	3.553842e-02	-5.325584e+00
3.682000e-05	-1.679842e-02	-5.515929e+00
3.683000e-05	-2.402199e-02	-5.705434e+00
3.684000e-05	7.765745e-02	-5.821751e+00
3.685000e-05	-9.545933e-02	-5.988568e+00
3.686000e-05	9.677191e-02	-6.128440e+00
3.687000e-05	-4.205334e-02	-6.303979e+00
3.688000e-05	-1.419350e-02	-6.494331e+00
3.689000e-05	7.349725e-02	-6.620245e+00
3.690000e-05	-7.291167e-02	-6.779091e+00
3.691000e-05	6.703155e-02	-6.876402e+00
3.692000e-05	-6.027204e-02	-7.079778e+00
3.693000e-05	5.014891e-02	-7.191600e+00
3.694000e-05	2.754028e-02	-7.317616e+00
3.695000e-05	-4.599351e-02	-7.486305e+00
3.696000e-05	3.909508e-02	-7.581750e+00
3.697000e-05	-3.639697e-02	-7.799189e+00
3.698000e-05	5.469204e-02	-7.930538e+00
3.699000e-05	-2.577744e-02	-8.063804e+00
3.700000e-05	1.901093e-02	-8.187618e+00
3.701000e-05	2.332689e-02	-8.293784e+00
3.702000e-05	-2.460603e-02	-8.391095e+00
3.703000e-05	2.052594e-02	-8.463907e+00
3.704000e-05	-1.748661e-02	-8.660849e+00
3.705000e-05	4.552708e-02	-8.728987e+00
3.706000e-05	-1.662623e-02	-8.851729e+00
3.707000e-05	6.795863e-03	-8.926983e+00
3.708000e-05	8.206269e-03	-9.022673e+00
3.709000e-05	5.595150e-03	-9.145887e+00
3.710000e-05	1.210051e-02	-9.189145e+00
3.711000e-05	-7.437757e-03	-9.233305e+00
3.712000e-05	2.212082e-02	-9.288121e+00
3.713000e-05	-1.049665e-04	-9.421348e+00
3.714000e-05	1.187432e-02	-9.559066e+00
3.715000e-05	1.435030e-03	-9.631151e+00
3.716000e-05	4.278514e-03	-9.683832e+00
3.717000e-05	4.022611e-03	-9.766463e+00
3.718000e-05	1.176553e-02	-9.759616e+00
3.719000e-05	1.944498e-02	-9.853782e+00
3.720000e-05	2.020019e-03	-9.895887e+00
3.721000e-05	2.201703e-03	-9.976967e+00
3.722000e-05	4.806965e-03	-9.979497e+00
3.723000e-05	1.623182e-02	-1.002112e+01
3.724000e-05	9.397975e-03	-1.005465e+01
3.725000e-05	4.934857e-03	-1.007636e+01
3.726000e-05	6.049459e-03	-1.014747e+01
3.727000e-05	9.295549e-03	-1.013967e+01
3.728000e-05	1.061300e-02	-1.012132e+01
3.729000e-05	9.202432e-03	-1.021283e+01
3.730000e-05	7.515046e-03	-1.027430e+01
3.731000e-05	9.895576e-03	-1.028441e+01
3.732000e-05	1.264988e-02	-1.030643e+01
3.733000e-05	9.994943e-03	-1.030751e+01
3.734000e-05	7.975186e-03	-1.033794e+01
3.735000e-05	8.257536e-03	-1.029552e+01
3.736000e-05	1.268639e-02	-1.026689e+01
3.737000e-05	1.434366e-02	-1.028591e+01
3.738000e-05	1.510680e-02	-1.028388e+01
3.739000e-05	1.381186e-02	-1.024730e+01
3.740000e-05	1.187038e-02	-1.023376e+01
3.741000e-05	1.324828e-02	-1.023130e+01
3.742000e-05	1.638540e-02	-1.019163e+01
3.743000e-05	1.743672e-02	-1.015859e+01
3.744000e-05	1.710445e-02	-1.010544e+01
3.745000e-05	1.728597e-02	-1.009386e+01
3.746000e-05	1.892510e-02	-1.009265e+01
3.747000e-05	1.779638e-02	-9.969120e+00
3.748000e-05	1.801933e-02	-9.966967e+00
3.749000e-05	2.013115e-02	-9.945862e+00
3.750000e-05	2.047391e-02	-9.844333e+00
3.751000e-05	2.111488e-02	-9.820099e+00
3.752000e-05	2.146921e-02	-9.776517e+00
3.753000e-05	2.293474e-02	-9.685362e+00
3.754000e-05	2.198489e-02	-9.652729e+00
3.755000e-05	2.251385e-02	-9.599025e+00
3.756000e-05	2.415071e-02	-9.476915e+00
3.757000e-05	2.580204e-02	-9.411653e+00
3.758000e-05	2.500681e-02	-9.298488e+00
3.759000e-05	2.439525e-02	-9.250728e+00
3.760000e-05	2.460844e-02	-9.147416e+00
3.761000e-05	2.560656e-02	-9.021229e+00
3.762000e-05	2.649493e-02	-8.978971e+00
3.763000e-05	2.612149e-02	-8.862758e+00
3.764000e-05	2.583502e-02	-8.791549e+00
3.765000e-05	2.477746e-02	-8.715238e+00
3.766000e-05	2.639690e-02	-8.547469e+00
3.767000e-05	2.671346e-02	-8.441177e+00
3.768000e-05	2.678910e-02	-8.317919e+00
3.769000e-05	2.649797e-02	-8.220677e+00
3.770000e-05	2.602572e-02	-8.077314e+00
3.771000e-05	2.579532e-02	-8.011027e+00
3.772000e-05	2.454690e-02	-7.853859e+00
3.773000e-05	2.426936e-02	-7.684921e+00
3.774000e-05	2.290039e-02	-7.609997e+00
3.775000e-05	2.367145e-02	-7.421104e+00
3.776000e-05	2.366854e-02	-7.274288e+00
3.777000e-05	2.292064e-02	-7.191471e+00
3.778000e-05	1.969981e-02	-7.003701e+00
3.779000e-05	1.945313e-02	-6.862709e+00
3.780000e-05	1.946807e-02	-6.737295e+00
3.781000e-05	1.890614e-02	-6.599024e+00
3.782000e-05	1.664923e-02	-6.463261e+00
3.783000e-05	1.576682e-02	-6.336918e+00
3.784000e-05	1.508752e-02	-6.115418e+00
3.785000e-05	1.387134e-02	-5.978472e+00
3.786000e-05	1.271371e-02	-5.819555e+00
3.787000e-05	1.136735e-02	-5.685212e+00
3.788000e-05	1.135253e-02	-5.526688e+00
3.789000e-05	9.946799e-03	-5.323892e+00
3.790000e-05	9.963455e-03	-5.116343e+00
3.791000e-05	7.543076e-03	-4.967820e+00
3.792000e-05	6.831337e-03	-4.733792e+00
3.793000e-05	4.297497e-03	-4.568445e+00
3.794000e-05	7.189557e-03	-4.429103e+00
3.795000e-05	4.125468e-03	-4.263736e+00
3.796000e-05	4.665749e-03	-4.105295e+00
3.797000e-05	2.721511e-03	-3.936397e+00
3.798000e-05	2.917343e-03	-3.746475e+00
3.799000e-05	3.300108e-03	-3.576374e+00
3.800000e-05	3.366984e-03	-3.389428e+00
3.801000e-05	2.473712e-03	-3.229529e+00
3.802000e-05	2.178276e-03	-3.011631e+00
3.803000e-05	-1.718959e-03	-2.810053e+00
3.804000e-05	-6.927066e-04	-2.653688e+00
3.805000e-05	-2.103013e-03	-2.432693e+00
3.806000e-05	3.009872e-03	-2.296266e+00
3.807000e-05	7.535114e-05	-2.061183e+00
3.808000e-05	-1.013218e-04	-1.916239e+00
3.809000e-05	-1.004707e-03	-1.755817e+00
3.810000e-05	6.957446e-04	-1.547849e+00
3.811000e-05	-2.043050e-03	-1.294622e+00
3.812000e-05	-3.312636e-03	-1.095241e+00
3.813000e-05	-3.547455e-03	-9.056181e-01
3.814000e-05	-2.806604e-03	-7.468434e-01
3.815000e-05	-1.721694e-03	-5.037972e-01
3.816000e-05	-1.394362e-03	-3.058696e-01
3.817000e-05	-2.141329e-03	-1.773762e-01
3.818000e-05	6.233081e-04	-8.927434e-03
3.819000e-05	3.157144e-03	1.911475e-01
3.820000e-05	-1.213387e-03	4.010487e-01
3.821000e-05	2.766669e-03	5.894909e-01
3.822000e-05	-4.751719e-03	7.173132e-01
3.823000e-05	-3.268906e-03	8.351828e-01
3.824000e-05	-2.930900e-03	1.146409e+00
3.825000e-05	6.957044e-03	1.286362e+00
3.826000e-05	2.538406e-02	1.534884e+00
3.827000e-05	7.056073e-02	1.760597e+00
3.828000e-05	-3.187811e-02	1.989494e+00
3.829000e-05	-4.377691e-02	2.178965e+00
3.830000e-05	-4.103589e-02	2.356937e+00
3.831000e-05	-7.148642e-02	2.442675e+00
3.832000e-05	2.697914e-02	2.611676e+00
3.833000e-05	1.391364e-01	2.821549e+00
3.834000e-05	-1.638958e-01	2.989122e+00
3.835000e-05	9.258212e-02	3.085808e+00
3.836000e-05	2.293606e-02	3.276457e+00
3.837000e-05	-1.057788e-01	3.546965e+00
3.838000e-05	8.484425e-02	3.613151e+00
3.839000e-05	-6.616348e-03	3.822273e+00
3.840000e-05	-1.001535e-01	4.051547e+00
3.841000e-05	1.019827e-01	4.222691e+00
3.842000e-05	-2.469130e-02	4.382700e+00
3.843000e-05	-6.726760e-03	4.528414e+00
3.844000e-05	-2.185207e-02	4.828488e+00
3.845000e-05	-5.351439e-02	4.929587e+00
3.846000e-05	5.555178e-02	5.159541e+00
3.847000e-05	6.131201e-04	5.367917e+00
3.848000e-05	-3.042635e-04	5.506382e+00
3.849000e-05	-3.540068e-02	5.653324e+00
3.850000e-05	5.629770e-03	5.871827e+00
3.851000e-05	5.087810e-03	5.983649e+00
3.852000e-05	-3.196628e-02	6.148564e+00
3.853000e-05	2.380539e-02	6.337384e+00
3.854000e-05	-1.748166e-02	6.423725e+00
3.855000e-05	-1.284077e-02	6.630824e+00
3.856000e-05	7.849980e-03	6.789596e+00
3.857000e-05	-2.614690e-02	6.906933e+00
3.858000e-05	2.035446e-04	7.064232e+00
3.859000e-05	-9.674344e-03	7.188566e+00
3.860000e-05	1.293096e-04	7.288485e+00
3.861000e-05	-1.690669e-03	7.462501e+00
3.862000e-05	-2.205972e-02	7.663278e+00
3.863000e-05	-5.546611e-03	7.771669e+00
3.864000e-05	-1.473458e-02	7.928466e+00
3.865000e-05	3.778555e-03	8.103850e+00
3.866000e-05	-1.337879e-02	8.200672e+00
3.867000e-05	-8.965852e-03	8.315987e+00
3.868000e-05	1.747051e-03	8.400624e+00
3.869000e-05	-1.602906e-02	8.527309e+00
3.870000e-05	-1.370424e-02	8.620148e+00
3.871000e-05	-1.767899e-02	8.715433e+00
3.872000e-05	4.129691e-03	8.780070e+00
3.873000e-05	-8.662070e-03	8.864354e+00
3.874000e-05	-1.229943e-02	8.948692e+00
3.875000e-05	-1.456749e-02	9.138458e+00
3.876000e-05	-9.523238e-03	9.233622e+00
3.877000e-05	-8.103717e-03	9.284881e+00
3.878000e-05	-1.321893e-02	9.348487e+00
3.879000e-05	-9.254299e-03	9.401348e+00
3.880000e-05	-1.047077e-02	9.483933e+00
3.881000e-05	-8.164149e-03	9.568965e+00
3.882000e-05	-1.387523e-02	9.632677e+00
3.883000e-05	-1.420309e-02	9.707410e+00
3.884000e-05	-1.428112e-02	9.781671e+00
3.885000e-05	-8.777317e-03	9.834327e+00
3.886000e-05	-6.316202e-03	9.926957e+00
3.887000e-05	-1.513561e-02	1.000010e+01
3.888000e-05	-1.643948e-02	1.002215e+01
3.889000e-05	-1.439739e-02	1.005486e+01
3.890000e-05	-6.850236e-03	1.007441e+01
3.891000e-05	-1.206039e-02	1.011896e+01
3.892000e-05	-1.714951e-02	1.015059e+01
3.893000e-05	-1.553613e-02	1.020010e+01
3.894000e-05	-1.307963e-02	1.027323e+01
3.895000e-05	-1.147663e-02	1.026375e+01
3.896000e-05	-1.704803e-02	1.027436e+01
3.897000e-05	-1.569566e-02	1.030483e+01
3.898000e-05	-1.394243e-02	1.030586e+01
3.899000e-05	-1.115974e-02	1.030744e+01
3.900000e-05	-1.818147e-02	1.030733e+01
3.901000e-05	-2.163309e-02	1.030746e+01
3.902000e-05	-1.942995e-02	1.033689e+01
3.903000e-05	-1.331868e-02	1.028641e+01
3.904000e-05	-1.564605e-02	1.030741e+01
3.905000e-05	-1.973084e-02	1.027431e+01
3.906000e-05	-2.081878e-02	1.025431e+01
3.907000e-05	-2.130777e-02	1.025420e+01
3.908000e-05	-2.082283e-02	1.024163e+01
3.909000e-05	-2.248491e-02	1.021115e+01
3.910000e-05	-2.239297e-02	1.016997e+01
3.911000e-05	-2.243512e-02	1.013896e+01
3.912000e-05	-2.210509e-02	1.009636e+01
3.913000e-05	-2.348738e-02	1.006583e+01
3.914000e-05	-2.576658e-02	1.002118e+01
3.915000e-05	-2.745945e-02	9.979671e+00
3.916000e-05	-2.692811e-02	9.897417e+00
3.917000e-05	-2.521783e-02	9.864828e+00
3.918000e-05	-2.744220e-02	9.791144e+00
3.919000e-05	-2.936649e-02	9.717510e+00
3.920000e-05	-3.000327e-02	9.662649e+00
3.921000e-05	-2.918903e-02	9.518444e+00
3.922000e-05	-2.930862e-02	9.465861e+00
3.923000e-05	-3.087436e-02	9.432153e+00
3.924000e-05	-2.944499e-02	9.337571e+00
3.925000e-05	-3.135442e-02	9.263784e+00
3.926000e-05	-3.139332e-02	9.241125e+00
3.927000e-05	-3.408574e-02	9.126887e+00
3.928000e-05	-3.120390e-02	9.010650e+00
3.929000e-05	-3.197312e-02	8.895379e+00
3.930000e-05	-3.134180e-02	8.780925e+00
3.931000e-05	-3.373930e-02	8.715889e+00
3.932000e-05	-3.277374e-02	8.640128e+00
3.933000e-05	-3.361541e-02	8.486288e+00
3.934000e-05	-3.212012e-02	8.421576e+00
3.935000e-05	-3.304077e-02	8.287288e+00
3.936000e-05	-3.183915e-02	8.198744e+00
3.937000e-05	-3.209293e-02	8.034609e+00
3.938000e-05	-3.060395e-02	7.925467e+00
3.939000e-05	-3.177785e-02	7.820073e+00
3.940000e-05	-3.040782e-02	7.663687e+00
3.941000e-05	-3.081661e-02	7.537416e+00
3.942000e-05	-2.921834e-02	7.350878e+00
3.943000e-05	-2.789397e-02	7.210097e+00
3.944000e-05	-2.728918e-02	7.075162e+00
3.945000e-05	-2.732966e-02	6.958342e+00
3.946000e-05	-2.753251e-02	6.821080e+00
3.947000e-05	-2.620262e-02	6.663658e+00
3.948000e-05	-2.257240e-02	6.484732e+00
3.949000e-05	-2.323388e-02	6.377842e+00
3.950000e-05	-2.215105e-02	6.201499e+00
3.951000e-05	-2.134461e-02	6.062283e+00
3.952000e-05	-1.997604e-02	5.926421e+00
3.953000e-05	-1.875947e-02	5.764396e+00
3.954000e-05	-1.885569e-02	5.568947e+00
3.955000e-05	-1.686971e-02	5.411479e+00
3.956000e-05	-1.604825e-02	5.241658e+00
3.957000e-05	-1.378661e-02	5.021529e+00
3.958000e-05	-1.457211e-02	4.820528e+00
3.959000e-05	-1.404476e-02	4.672129e+00
3.960000e-05	-1.310293e-02	4.485163e+00
3.961000e-05	-1.164420e-02	4.379797e+00
3.962000e-05	-1.073393e-02	4.114290e+00
3.963000e-05	-1.082310e-02	3.977819e+00
3.964000e-05	-1.052272e-02	3.809499e+00
3.965000e-05	-1.065503e-02	3.610080e+00
3.966000e-05	-1.079378e-02	3.444035e+00
3.967000e-05	-8.871459e-03	3.221028e+00
3.968000e-05	-9.192631e-03	3.054189e+00
3.969000e-05	-9.198543e-03	2.915240e+00
3.970000e-05	-8.496342e-03	2.737845e+00
3.971000e-05	-7.347261e-03	2.525717e+00
3.972000e-05	-6.324922e-03	2.355742e+00
3.973000e-05	-7.189671e-03	2.147316e+00
3.974000e-05	-7.221109e-03	1.979878e+00
3.975000e-05	-7.059267e-03	1.788504e+00
3.976000e-05	-5.900996e-03	1.608373e+00
3.977000e-05	-5.070629e-03	1.370954e+00
3.978000e-05	-5.386675e-03	1.169325e+00
3.979000e-05	-5.143204e-03	9.478040e-01
3.980000e-05	-5.895168e-03	7.788200e-01
3.981000e-05	-4.972133e-03	5.984013e-01
3.982000e-05	-4.931358e-03	4.004227e-01
3.983000e-05	-5.337342e-03	1.703804e-01
3.984000e-05	-2.501347e-03	-1.099819e-03
3.985000e-05	3.943595e-03	-1.589446e-01
3.986000e-05	-2.195073e-03	-3.154145e-01
3.987000e-05	7.356217e-04	-4.532816e-01
3.988000e-05	-3.729859e-03	-7.458104e-01
3.989000e-05	-1.512936e-04	-8.642080e-01
3.990000e-05	-2.489459e-03	-1.033152e+00
3.991000e-05	5.353706e-03	-1.200120e+00
3.992000e-05	4.701617e-02	-1.419626e+00
3.993000e-05	6.656927e-02	-1.611627e+00
3.994000e-05	-7.365830e-02	-1.872800e+00
3.995000e-05	-1.220266e-02	-2.125411e+00
3.996000e-05	-9.063727e-02	-2.359018e+00
3.997000e-05	-1.815407e-02	-2.442203e+00
3.998000e-05	1.751331e-01	-2.494915e+00
3.999000e-05	-1.206709e-01	-2.756907e+00
4.000000e-05	8.232405e-03	-2.916912e+00
4.001000e-05	1.313786e-01	-3.043903e+00
4.002000e-05	-1.853002e-01	-3.285383e+00
4.003000e-05	9.270907e-02	-3.475255e+00
4.004000e-05	7.661521e-02	-3.581675e+00
4.005000e-05	-1.695069e-01	-3.852724e+00
4.006000e-05	1.437812e-01	-3.990573e+00
4.007000e-05	8.609395e-03	-4.189040e+00
4.008000e-05	-3.869318e-02	-4.371092e+00
4.009000e-05	5.116226e-02	-4.464357e+00
4.010000e-05	-1.592495e-01	-4.723377e+00
4.011000e-05	1.358514e-01	-4.894380e+00
4.012000e-05	4.188346e-02	-5.062749e+00
4.013000e-05	-8.055760e-02	-5.232721e+00
4.014000e-05	7.044681e-02	-5.401200e+00
4.015000e-05	-7.916726e-02	-5.611676e+00
4.016000e-05	8.749509e-02	-5.800021e+00
4.017000e-05	-5.066443e-02	-5.886463e+00
4.018000e-05	-3.630369e-03	-6.043380e+00
4.019000e-05	8.013557e-02	-6.191203e+00
4.020000e-05	-9.556699e-02	-6.410119e+00
4.021000e-05	9.227810e-02	-6.526114e+00
4.022000e-05	-4.666012e-02	-6.666455e+00
4.023000e-05	9.804277e-03	-6.802230e+00
4.024000e-05	2.057694e-02	-6.967539e+00
4.025000e-05	-3.966407e-02	-7.179065e+00
4.026000e-05	9.337667e-02	-7.274457e+00
4.027000e-05	-6.642448e-02	-7.442725e+00
4.028000e-05	2.796470e-02	-7.580042e+00
4.029000e-05	-1.264214e-02	-7.695006e+00
4.030000e-05	1.552631e-02	-7.876951e+00
4.031000e-05	2.149005e-02	-7.981177e+00
4.032000e-05	-3.102909e-02	-8.136957e+00
4.033000e-05	5.525536e-02	-8.222199e+00
4.034000e-05	-2.401896e-02	-8.367937e+00
4.035000e-05	1.173139e-02	-8.441251e+00
4.036000e-05	-1.331245e-02	-8.518612e+00
4.037000e-05	2.060574e-02	-8.673929e+00
4.038000e-05	2.247182e-02	-8.811625e+00
4.039000e-05	-1.719860e-02	-8.875408e+00
4.040000e-05	1.879676e-02	-8.969070e+00
4.041000e-05	-6.129076e-03	-9.105358e+00
4.042000e-05	1.929813e-02	-9.187467e+00
4.043000e-05	-4.381605e-03	-9.244177e+00
4.044000e-05	1.311872e-02	-9.306982e+00
4.045000e-05	9.308124e-03	-9.380793e+00
4.046000e-05	1.900561e-03	-9.528481e+00
4.047000e-05	1.037852e-02	-9.609094e+00
4.048000e-05	1.172212e-03	-9.682853e+00
4.049000e-05	6.252181e-03	-9.705864e+00
4.050000e-05	3.549037e-03	-9.768567e+00
4.051000e-05	2.057526e-02	-9.832249e+00
4.052000e-05	1.034298e-02	-9.904358e+00
4.053000e-05	5.945884e-04	-9.907442e+00
4.054000e-05	4.620993e-04	-9.938043e+00
4.055000e-05	1.124861e-02	-1.002910e+01
4.056000e-05	1.558412e-02	-1.003385e+01
4.057000e-05	6.366595e-03	-1.007333e+01
4.058000e-05	6.081396e-03	-1.012798e+01
4.059000e-05	7.846394e-03	-1.017814e+01
4.060000e-05	1.031916e-02	-1.021972e+01
4.061000e-05	1.057057e-02	-1.021184e+01
4.062000e-05	7.615320e-03	-1.028295e+01
4.063000e-05	8.418987e-03	-1.027438e+01
4.064000e-05	1.359657e-02	-1.028540e+01
4.065000e-05	1.243654e-02	-1.032394e+01
4.066000e-05	9.280779e-03	-1.031644e+01
4.067000e-05	7.567805e-03	-1.031649e+01
4.068000e-05	1.112968e-02	-1.029746e+01
4.069000e-05	1.265903e-02	-1.031691e+01
4.070000e-05	1.503153e-02	-1.026646e+01
4.071000e-05	1.414584e-02	-1.028584e+01
4.072000e-05	1.285372e-02	-1.024283e+01
4.073000e-05	1.195894e-02	-1.024280e+01
4.074000e-05	1.413443e-02	-1.017880e+01
4.075000e-05	1.710768e-02	-1.015009e+01
4.076000e-05	1.673337e-02	-1.014399e+01
4.077000e-05	1.711160e-02	-1.009496e+01
4.078000e-05	1.746559e-02	-1.006220e+01
4.079000e-05	1.772525e-02	-1.003073e+01
4.080000e-05	1.776593e-02	-9.978072e+00
4.081000e-05	1.958701e-02	-9.936964e+00
4.082000e-05	2.242661e-02	-9.885311e+00
4.083000e-05	2.129272e-02	-9.831680e+00
4.084000e-05	2.154290e-02	-9.777996e+00
4.085000e-05	2.097410e-02	-9.717413e+00
4.086000e-05	2.290819e-02	-9.663256e+00
4.087000e-05	2.200723e-02	-9.631128e+00
4.088000e-05	2.340234e-02	-9.557923e+00
4.089000e-05	2.491477e-02	-9.433360e+00
4.090000e-05	2.535003e-02	-9.338571e+00
4.091000e-05	2.532752e-02	-9.262709e+00
4.092000e-05	2.354449e-02	-9.219072e+00
4.093000e-05	2.459142e-02	-9.074337e+00
4.094000e-05	2.581377e-02	-8.979597e+00
4.095000e-05	2.635047e-02	-8.916313e+00
4.096000e-05	2.655373e-02	-8.831126e+00
4.097000e-05	2.568532e-02	-8.717946e+00
4.098000e-05	2.556480e-02	-8.652177e+00
4.099000e-05	2.593012e-02	-8.464833e+00
4.100000e-05	2.551218e-02	-8.379074e+00
4.101000e-05	2.595670e-02	-8.282335e+00
4.102000e-05	2.638475e-02	-8.156496e+00
4.103000e-05	2.589654e-02	-8.073708e+00
4.104000e-05	2.537479e-02	-7.967945e+00
4.105000e-05	2.461548e-02	-7.779002e+00
4.106000e-05	2.414595e-02	-7.641604e+00
4.107000e-05	2.296206e-02	-7.524363e+00
4.108000e-05	2.329958e-02	-7.367945e+00
4.109000e-05	2.306685e-02	-7.242680e+00
4.110000e-05	2.033505e-02	-7.097341e+00
4.111000e-05	2.003926e-02	-6.954815e+00
4.112000e-05	1.907926e-02	-6.819596e+00
4.113000e-05	1.964168e-02	-6.662660e+00
4.114000e-05	1.770376e-02	-6.496343e+00
4.115000e-05	1.765308e-02	-6.389476e+00
4.116000e-05	1.567668e-02	-6.241531e+00
4.117000e-05	1.454306e-02	-6.021176e+00
4.118000e-05	1.218963e-02	-5.883814e+00
4.119000e-05	1.202278e-02	-5.736321e+00
4.120000e-05	1.099738e-02	-5.600174e+00
4.121000e-05	1.028088e-02	-5.400580e+00
4.122000e-05	9.699294e-03	-5.179528e+00
4.123000e-05	8.550622e-03	-5.080108e+00
4.124000e-05	7.163436e-03	-4.832033e+00
4.125000e-05	6.148725e-03	-4.620479e+00
4.126000e-05	5.484432e-03	-4.493212e+00
4.127000e-05	7.327737e-03	-4.338870e+00
4.128000e-05	3.247715e-03	-4.190449e+00
4.129000e-05	3.421331e-03	-4.020557e+00
4.130000e-05	2.301171e-03	-3.834658e+00
4.131000e-05	3.761125e-03	-3.651604e+00
4.132000e-05	1.438939e-03	-3.463163e+00
4.133000e-05	2.813782e-03	-3.314738e+00
4.134000e-05	1.425701e-03	-3.146771e+00
4.135000e-05	2.187392e-03	-2.883767e+00
4.136000e-05	9.628740e-04	-2.738366e+00
4.137000e-05	-4.603138e-04	-2.577347e+00
4.138000e-05	1.421212e-04	-2.397923e+00
4.139000e-05	3.648171e-05	-2.157351e+00
4.140000e-05	4.049623e-04	-1.988376e+00
4.141000e-05	-2.039771e-03	-1.811003e+00
4.142000e-05	-7.902085e-04	-1.640538e+00
4.143000e-05	-2.087635e-03	-1.441085e+00
4.144000e-05	-3.391088e-04	-1.198400e+00
4.145000e-05	-3.367429e-03	-9.989986e-01
4.146000e-05	-1.835704e-03	-8.221039e-01
4.147000e-05	-2.639354e-03	-6.190316e-01
4.148000e-05	-1.477517e-03	-4.304815e-01
4.149000e-05	-3.292157e-03	-2.515366e-01
4.150000e-05	6.403332e-05	-6.411426e-02
4.151000e-05	3.771834e-03	7.628798e-02
4.152000e-05	-4.550545e-04	3.373881e-01
4.153000e-05	-3.741963e-04	4.847345e-01
4.154000e-05	-7.219407e-04	6.036290e-01
4.155000e-05	-1.405463e-03	8.095936e-01
4.156000e-05	-2.303029e-03	9.890452e-01
4.157000e-05	9.006333e-04	1.202177e+00
4.158000e-05	8.516933e-03	1.389549e+00
4.159000e-05	5.750845e-02	1.611221e+00
4.160000e-05	3.056008e-02	1.885307e+00
4.161000e-05	-5.891732e-02	2.084306e+00
4.162000e-05	-3.313209e-02	2.253707e+00
4.163000e-05	-5.852132e-02	2.380023e+00
4.164000e-05	-5.363772e-02	2.518412e+00
4.165000e-05	1.495658e-01	2.736911e+00
4.166000e-05	-4.091097e-02	2.895832e+00
4.167000e-05	-8.645224e-02	3.021629e+00
4.168000e-05	1.466220e-01	3.170094e+00
4.169000e-05	-1.087672e-01	3.464226e+00
4.170000e-05	-4.518033e-03	3.609998e+00
4.171000e-05	9.053783e-02	3.747513e+00
4.172000e-05	-1.183415e-01	3.927992e+00
4.173000e-05	3.287479e-02	4.114983e+00
4.174000e-05	4.982608e-02	4.307488e+00
4.175000e-05	-4.179374e-02	4.484329e+00
4.176000e-05	7.973445e-03	4.643276e+00
4.177000e-05	-6.156983e-02	4.843753e+00
4.178000e-05	1.375696e-02	5.055953e+00
4.179000e-05	3.458177e-02	5.284278e+00
4.180000e-05	-7.180628e-03	5.452727e+00
4.181000e-05	-1.331845e-02	5.571067e+00
4.182000e-05	-2.556845e-02	5.719015e+00
4.183000e-05	1.769094e-02	5.948541e+00
4.184000e-05	-2.294407e-02	6.135706e+00
4.185000e-05	-8.247945e-03	6.212175e+00
4.186000e-05	2.075736e-02	6.351045e+00
4.187000e-05	-3.928417e-02	6.506963e+00
4.188000e-05	1.895179e-02	6.736961e+00
4.189000e-05	-2.401258e-02	6.843804e+00
4.190000e-05	-1.126261e-02	6.989670e+00
4.191000e-05	-7.383582e-04	7.107410e+00
4.192000e-05	-8.069039e-03	7.254274e+00
4.193000e-05	1.049430e-02	7.372674e+00
4.194000e-05	-2.473328e-02	7.589585e+00
4.195000e-05	-6.848455e-03	7.736913e+00
4.196000e-05	-1.543784e-02	7.884349e+00
4.197000e-05	5.826333e-04	8.031119e+00
4.198000e-05	-7.238617e-03	8.128042e+00
4.199000e-05	-1.358589e-02	8.273780e+00
4.200000e-05	1.105614e-03	8.380044e+00
4.201000e-05	-9.078476e-03	8.444783e+00
4.202000e-05	-1.452722e-02	8.539012e+00
4.203000e-05	-1.782393e-02	8.632731e+00
4.204000e-05	-4.458503e-03	8.747015e+00
4.205000e-05	-1.265211e-03	8.821725e+00
4.206000e-05	-1.057767e-02	8.909040e+00
4.207000e-05	-1.441373e-02	9.103929e+00
4.208000e-05	-1.285918e-02	9.198518e+00
4.209000e-05	-8.201225e-03	9.234177e+00
4.210000e-05	-8.406831e-03	9.285887e+00
4.211000e-05	-1.015196e-02	9.362092e+00
4.212000e-05	-1.058396e-02	9.474831e+00
4.213000e-05	-1.220807e-02	9.517962e+00
4.214000e-05	-1.249451e-02	9.612572e+00
4.215000e-05	-1.163977e-02	9.695330e+00
4.216000e-05	-1.513804e-02	9.758060e+00
4.217000e-05	-1.140561e-02	9.823300e+00
4.218000e-05	-7.372304e-03	9.918442e+00
4.219000e-05	-7.463557e-03	9.968591e+00
4.220000e-05	-1.702378e-02	1.004163e+01
4.221000e-05	-1.679483e-02	1.003328e+01
4.222000e-05	-1.251943e-02	1.008633e+01
4.223000e-05	-1.049746e-02	1.013591e+01
4.224000e-05	-1.281587e-02	1.014954e+01
4.225000e-05	-1.581011e-02	1.019969e+01
4.226000e-05	-1.360497e-02	1.022368e+01
4.227000e-05	-1.514674e-02	1.028178e+01
4.228000e-05	-1.414098e-02	1.028533e+01
4.229000e-05	-1.540678e-02	1.029533e+01
4.230000e-05	-1.459815e-02	1.029538e+01
4.231000e-05	-1.376438e-02	1.030631e+01
4.232000e-05	-1.458089e-02	1.029686e+01
4.233000e-05	-1.782191e-02	1.032593e+01
4.234000e-05	-2.120681e-02	1.034688e+01
4.235000e-05	-1.634782e-02	1.033599e+01
4.236000e-05	-1.666620e-02	1.032636e+01
4.237000e-05	-1.691779e-02	1.030339e+01
4.238000e-05	-1.998121e-02	1.030536e+01
4.239000e-05	-1.983624e-02	1.026480e+01
4.240000e-05	-2.062580e-02	1.024268e+01
4.241000e-05	-2.281916e-02	1.023312e+01
4.242000e-05	-2.162383e-02	1.017002e+01
4.243000e-05	-2.244227e-02	1.014799e+01
4.244000e-05	-2.157579e-02	1.013646e+01
4.245000e-05	-2.531642e-02	1.005526e+01
4.246000e-05	-2.439962e-02	1.007215e+01
4.247000e-05	-2.619833e-02	9.980673e+00
4.248000e-05	-2.590340e-02	9.977972e+00
4.249000e-05	-2.630269e-02	9.925836e+00
4.250000e-05	-2.688378e-02	9.801749e+00
4.251000e-05	-2.853464e-02	9.700539e+00
4.252000e-05	-2.992512e-02	9.705229e+00
4.253000e-05	-2.918925e-02	9.600095e+00
4.254000e-05	-3.034470e-02	9.537865e+00
4.255000e-05	-2.908790e-02	9.453703e+00
4.256000e-05	-2.922069e-02	9.370570e+00
4.257000e-05	-2.905066e-02	9.326838e+00
4.258000e-05	-3.151281e-02	9.273703e+00
4.259000e-05	-3.360411e-02	9.170496e+00
4.260000e-05	-3.121684e-02	9.045284e+00
4.261000e-05	-3.150324e-02	8.959440e+00
4.262000e-05	-3.082671e-02	8.831706e+00
4.263000e-05	-3.401260e-02	8.717945e+00
4.264000e-05	-3.283497e-02	8.672256e+00
4.265000e-05	-3.380652e-02	8.568896e+00
4.266000e-05	-3.187880e-02	8.422154e+00
4.267000e-05	-3.232347e-02	8.348973e+00
4.268000e-05	-3.135291e-02	8.271683e+00
4.269000e-05	-3.146055e-02	8.096862e+00
4.270000e-05	-2.987186e-02	7.959950e+00
4.271000e-05	-3.334430e-02	7.863729e+00
4.272000e-05	-3.150682e-02	7.706841e+00
4.273000e-05	-3.232359e-02	7.621101e+00
4.274000e-05	-2.839320e-02	7.464131e+00
4.275000e-05	-2.839243e-02	7.265737e+00
4.276000e-05	-2.645816e-02	7.147369e+00
4.277000e-05	-2.786855e-02	7.010475e+00
4.278000e-05	-2.722793e-02	6.883212e+00
4.279000e-05	-2.751430e-02	6.747871e+00
4.280000e-05	-2.253587e-02	6.598896e+00
4.281000e-05	-2.289657e-02	6.420524e+00
4.282000e-05	-2.178126e-02	6.263185e+00
4.283000e-05	-2.267162e-02	6.137865e+00
4.284000e-05	-2.091139e-02	6.011024e+00
4.285000e-05	-1.957298e-02	5.842654e+00
4.286000e-05	-1.987325e-02	5.661582e+00
4.287000e-05	-1.753775e-02	5.494737e+00
4.288000e-05	-1.640720e-02	5.337342e+00
4.289000e-05	-1.465969e-02	5.146845e+00
4.290000e-05	-1.511452e-02	4.885690e+00
4.291000e-05	-1.567853e-02	4.776319e+00
4.292000e-05	-1.366449e-02	4.557870e+00
4.293000e-05	-1.320460e-02	4.421053e+00
4.294000e-05	-1.046861e-02	4.274512e+00
4.295000e-05	-1.175294e-02	4.021526e+00
4.296000e-05	-1.068736e-02	3.863137e+00
4.297000e-05	-1.172458e-02	3.675265e+00
4.298000e-05	-1.050276e-02	3.577871e+00
4.299000e-05	-9.985073e-03	3.315846e+00
4.300000e-05	-8.666907e-03	3.156822e+00
4.301000e-05	-7.939390e-03	2.968427e+00
4.302000e-05	-7.667187e-03	2.801552e+00
4.303000e-05	-8.595649e-03	2.630983e+00
4.304000e-05	-8.699002e-03	2.399428e+00
4.305000e-05	-7.108908e-03	2.231578e+00
4.306000e-05	-6.239728e-03	2.032708e+00
4.307000e-05	-5.442374e-03	1.884641e+00
4.308000e-05	-6.611989e-03	1.662089e+00
4.309000e-05	-6.856285e-03	1.482583e+00
4.310000e-05	-6.108552e-03	1.294188e+00
4.311000e-05	-6.990189e-03	1.093017e+00
4.312000e-05	-5.148997e-03	8.405818e-01
4.313000e-05	-4.887165e-03	6.745129e-01
4.314000e-05	-4.201370e-03	5.126368e-01
4.315000e-05	-4.740292e-03	3.241170e-01
4.316000e-05	-4.118253e-03	6.461202e-02
4.317000e-05	1.127218e-03	-7.628278e-02
4.318000e-05	4.089837e-04	-2.712077e-01
4.319000e-05	-1.908807e-03	-3.916486e-01
4.320000e-05	-1.929272e-04	-5.706723e-01
4.321000e-05	-2.439475e-03	-7.905738e-01
4.322000e-05	-6.296580e-04	-9.490647e-01
4.323000e-05	6.162919e-04	-1.116487e+00
4.324000e-05	1.719117e-02	-1.285387e+00
4.325000e-05	9.007915e-02	-1.505886e+00
4.326000e-05	-3.021508e-02	-1.719487e+00
4.327000e-05	-3.824234e-02	-1.981219e+00
4.328000e-05	-4.532409e-02	-2.252404e+00
4.329000e-05	-9.352309e-02	-2.421651e+00
4.330000e-05	1.287460e-01	-2.493309e+00
4.331000e-05	4.745814e-02	-2.609695e+00
4.332000e-05	-1.533594e-01	-2.853703e+00
4.333000e-05	1.854221e-01	-2.990675e+00
4.334000e-05	-8.112314e-02	-3.200022e+00
4.335000e-05	-8.181074e-02	-3.391595e+00
4.336000e-05	1.710317e-01	-3.546516e+00
4.337000e-05	-1.162080e-01	-3.686033e+00
4.338000e-05	-2.513707e-02	-3.977488e+00
4.339000e-05	1.577613e-01	-4.065230e+00
4.340000e-05	-1.122025e-01	-4.295379e+00
4.341000e-05	8.722261e-02	-4.412726e+00
4.342000e-05	-1.033505e-01	-4.618216e+00
4.343000e-05	-3.334047e-02	-4.812096e+00
4.344000e-05	1.614124e-01	-4.967570e+00
4.345000e-05	-9.858276e-02	-5.168585e+00
4.346000e-05	4.829255e-02	-5.335061e+00
4.347000e-05	-3.116014e-02	-5.506584e+00
4.348000e-05	-4.906889e-03	-5.695432e+00
4.349000e-05	6.513963e-02	-5.842250e+00
4.350000e-05	-9.176187e-02	-6.021142e+00
4.351000e-05	1.033581e-01	-6.117638e+00
4.352000e-05	-5.850460e-02	-6.295584e+00
4.353000e-05	5.029593e-03	-6.464881e+00
4.354000e-05	5.984381e-02	-6.610620e+00
4.355000e-05	-6.744300e-02	-6.759563e+00
4.356000e-05	6.768648e-02	-6.875033e+00
4.357000e-05	-6.477073e-02	-7.051847e+00
4.358000e-05	6.353303e-02	-7.242774e+00
4.359000e-05	1.114728e-02	-7.369090e+00
4.360000e-05	-3.791047e-02	-7.509383e+00
4.361000e-05	3.407825e-02	-7.582700e+00
4.362000e-05	-3.152526e-02	-7.801245e+00
4.363000e-05	5.491896e-02	-7.958018e+00
4.364000e-05	-3.110746e-02	-8.043753e+00
4.365000e-05	2.548925e-02	-8.179720e+00
4.366000e-05	1.606356e-02	-8.264831e+00
4.367000e-05	-2.068877e-02	-8.400596e+00
4.368000e-05	1.727668e-02	-8.465382e+00
4.369000e-05	-1.437353e-02	-8.602326e+00
4.370000e-05	4.603286e-02	-8.768595e+00
4.371000e-05	-1.877715e-02	-8.843801e+00
4.372000e-05	8.997350e-03	-8.956541e+00
4.373000e-05	4.828953e-03	-9.022274e+00
4.374000e-05	8.036137e-03	-9.096961e+00
4.375000e-05	1.042580e-02	-9.181096e+00
4.376000e-05	-5.101213e-03	-9.253855e+00
4.377000e-05	2.292316e-02	-9.347736e+00
4.378000e-05	-1.149131e-03	-9.452381e+00
4.379000e-05	1.274509e-02	-9.519018e+00
4.380000e-05	-6.912284e-04	-9.631249e+00
4.381000e-05	5.907392e-03	-9.655808e+00
4.382000e-05	2.277570e-03	-9.746463e+00
4.383000e-05	1.330983e-02	-9.819671e+00
4.384000e-05	1.786061e-02	-9.883304e+00
4.385000e-05	2.324266e-03	-9.896385e+00
4.386000e-05	1.630813e-03	-9.937891e+00
4.387000e-05	3.826844e-03	-9.979069e+00
4.388000e-05	1.693788e-02	-1.001315e+01
4.389000e-05	9.188913e-03	-1.004523e+01
4.390000e-05	4.975412e-03	-1.008736e+01
4.391000e-05	6.124499e-03	-1.011959e+01
4.392000e-05	1.040343e-02	-1.016910e+01
4.393000e-05	1.118915e-02	-1.019282e+01
4.394000e-05	8.279889e-03	-1.020290e+01
4.395000e-05	7.061533e-03	-1.025423e+01
4.396000e-05	1.079178e-02	-1.026398e+01
4.397000e-05	1.461462e-02	-1.022546e+01
4.398000e-05	1.033598e-02	-1.030646e+01
4.399000e-05	7.947640e-03	-1.029502e+01
4.400000e-05	7.983935e-03	-1.033941e+01
4.401000e-05	1.322877e-02	-1.028394e+01
4.402000e-05	1.287772e-02	-1.027435e+01
4.403000e-05	1.512488e-02	-1.028631e+01
4.404000e-05	1.375010e-02	-1.027646e+01
4.405000e-05	1.194024e-02	-1.021280e+01
4.406000e-05	1.446911e-02	-1.021281e+01
4.407000e-05	1.482516e-02	-1.020110e+01
4.408000e-05	1.758370e-02	-1.014747e+01
4.409000e-05	1.603749e-02	-1.009696e+01
4.410000e-05	1.769962e-02	-1.007393e+01
4.411000e-05	1.941069e-02	-1.005165e+01
4.412000e-05	1.745353e-02	-1.002962e+01
4.413000e-05	1.833215e-02	-9.917396e+00
4.414000e-05	2.038044e-02	-9.904390e+00
4.415000e-05	2.213562e-02	-9.833281e+00
4.416000e-05	2.163913e-02	-9.790649e+00
4.417000e-05	2.106421e-02	-9.757019e+00
4.418000e-05	2.272912e-02	-9.675835e+00
4.419000e-05	2.180482e-02	-9.641679e+00
4.420000e-05	2.208134e-02	-9.570024e+00
4.421000e-05	2.356283e-02	-9.495939e+00
4.422000e-05	2.582683e-02	-9.409653e+00
4.423000e-05	2.536083e-02	-9.325936e+00
4.424000e-05	2.402598e-02	-9.211198e+00
4.425000e-05	2.328012e-02	-9.127418e+00
4.426000e-05	2.617928e-02	-9.042076e+00
4.427000e-05	2.600536e-02	-8.957920e+00
4.428000e-05	2.655574e-02	-8.852755e+00
4.429000e-05	2.490747e-02	-8.760574e+00
4.430000e-05	2.622693e-02	-8.682911e+00
4.431000e-05	2.637312e-02	-8.517941e+00
4.432000e-05	2.550615e-02	-8.430599e+00
4.433000e-05	2.551709e-02	-8.307316e+00
4.434000e-05	2.622416e-02	-8.200653e+00
4.435000e-05	2.557433e-02	-8.075787e+00
4.436000e-05	2.596279e-02	-8.019978e+00
4.437000e-05	2.498327e-02	-7.884238e+00
4.438000e-05	2.416766e-02	-7.722788e+00
4.439000e-05	2.300881e-02	-7.549998e+00
4.440000e-05	2.306742e-02	-7.421051e+00
4.441000e-05	2.378907e-02	-7.316286e+00
4.442000e-05	2.184605e-02	-7.167450e+00
4.443000e-05	2.067022e-02	-6.982082e+00
4.444000e-05	1.935339e-02	-6.842603e+00
4.445000e-05	1.885498e-02	-6.725846e+00
4.446000e-05	1.870242e-02	-6.589475e+00
4.447000e-05	1.681256e-02	-6.422204e+00
4.448000e-05	1.575856e-02	-6.287787e+00
4.449000e-05	1.521709e-02	-6.134820e+00
4.450000e-05	1.349245e-02	-5.958920e+00
4.451000e-05	1.120956e-02	-5.800053e+00
4.452000e-05	1.158618e-02	-5.641762e+00
4.453000e-05	1.186515e-02	-5.497266e+00
4.454000e-05	9.257851e-03	-5.271761e+00
4.455000e-05	9.361431e-03	-5.063717e+00
4.456000e-05	7.221931e-03	-4.897945e+00
4.457000e-05	7.128536e-03	-4.704867e+00
4.458000e-05	4.221246e-03	-4.556822e+00
4.459000e-05	7.002031e-03	-4.409979e+00
4.460000e-05	4.949668e-03	-4.282154e+00
4.461000e-05	4.939868e-03	-4.095743e+00
4.462000e-05	3.109594e-03	-3.925894e+00
4.463000e-05	2.981137e-03	-3.704746e+00
4.464000e-05	1.704568e-03	-3.516845e+00
4.465000e-05	2.675892e-03	-3.377528e+00
4.466000e-05	1.284883e-03	-3.210554e+00
4.467000e-05	2.626900e-03	-3.011055e+00
4.468000e-05	7.851915e-05	-2.789451e+00
4.469000e-05	5.520444e-04	-2.611129e+00
4.470000e-05	-2.071533e-03	-2.483187e+00
4.471000e-05	2.397985e-03	-2.294716e+00
4.472000e-05	-6.869755e-04	-2.041634e+00
4.473000e-05	-2.037369e-04	-1.893718e+00
4.474000e-05	-2.662432e-03	-1.724218e+00
4.475000e-05	-3.102870e-05	-1.536269e+00
4.476000e-05	-2.091595e-03	-1.293666e+00
4.477000e-05	-2.013067e-03	-1.053141e+00
4.478000e-05	-2.695377e-03	-9.047395e-01
4.479000e-05	-1.907344e-03	-7.477922e-01
4.480000e-05	-1.102286e-03	-4.946457e-01
4.481000e-05	-2.156780e-03	-3.262682e-01
4.482000e-05	-3.350459e-03	-1.573961e-01
4.483000e-05	1.014871e-03	1.212621e-02
4.484000e-05	2.941627e-03	2.036213e-01
4.485000e-05	-1.729315e-03	4.020987e-01
4.486000e-05	1.637916e-03	5.905947e-01
4.487000e-05	-4.487936e-03	7.274146e-01
4.488000e-05	-9.872766e-04	8.957830e-01
4.489000e-05	-6.430903e-04	1.138990e+00
4.490000e-05	5.404798e-03	1.327910e+00
4.491000e-05	2.750330e-02	1.516358e+00
4.492000e-05	6.834412e-02	1.780595e+00
4.493000e-05	-3.898306e-02	1.989545e+00
4.494000e-05	-3.983193e-02	2.201065e+00
4.495000e-05	-4.408128e-02	2.356841e+00
4.496000e-05	-7.229684e-02	2.413753e+00
4.497000e-05	4.521679e-02	2.654122e+00
4.498000e-05	1.223191e-01	2.823197e+00
4.499000e-05	-1.690044e-01	2.979945e+00
4.500000e-05	1.163063e-01	3.125832e+00
4.501000e-05	-1.167789e-03	3.306937e+00
4.502000e-05	-9.456941e-02	3.567462e+00
4.503000e-05	9.232320e-02	3.634254e+00
4.504000e-05	-3.011611e-02	3.853779e+00
4.505000e-05	-8.736808e-02	4.002099e+00
4.506000e-05	1.087009e-01	4.270774e+00
4.507000e-05	-2.767166e-02	4.433649e+00
4.508000e-05	-6.922176e-03	4.578617e+00
4.509000e-05	-3.431604e-02	4.751119e+00
4.510000e-05	-4.392066e-02	4.929043e+00
4.511000e-05	6.246291e-02	5.190171e+00
4.512000e-05	-3.354586e-03	5.371591e+00
4.513000e-05	-4.059706e-03	5.506934e+00
4.514000e-05	-3.820020e-02	5.685405e+00
4.515000e-05	1.001315e-02	5.873379e+00
4.516000e-05	2.498714e-03	6.043226e+00
4.517000e-05	-3.237247e-02	6.190118e+00
4.518000e-05	2.713588e-02	6.344983e+00
4.519000e-05	-2.154455e-02	6.425699e+00
4.520000e-05	-4.434914e-03	6.681723e+00
4.521000e-05	2.770006e-03	6.812121e+00
4.522000e-05	-2.826228e-02	6.927435e+00
4.523000e-05	-1.239030e-03	7.035703e+00
4.524000e-05	-7.073575e-03	7.190667e+00
4.525000e-05	4.912108e-03	7.308555e+00
4.526000e-05	-4.452848e-03	7.486979e+00
4.527000e-05	-2.428893e-02	7.655226e+00
4.528000e-05	-5.362943e-03	7.770695e+00
4.529000e-05	-9.691272e-03	7.968162e+00
4.530000e-05	4.206927e-03	8.135856e+00
4.531000e-05	-1.616466e-02	8.201692e+00
4.532000e-05	-8.125957e-03	8.327487e+00
4.533000e-05	2.208860e-03	8.413672e+00
4.534000e-05	-1.525809e-02	8.526410e+00
4.535000e-05	-1.390764e-02	8.620698e+00
4.536000e-05	-1.689748e-02	8.716937e+00
4.537000e-05	3.126041e-03	8.820598e+00
4.538000e-05	-7.588490e-03	8.885382e+00
4.539000e-05	-1.202716e-02	9.011212e+00
4.540000e-05	-1.327482e-02	9.098988e+00
4.541000e-05	-1.359834e-02	9.232624e+00
4.542000e-05	-6.795917e-03	9.265408e+00
4.543000e-05	-1.070351e-02	9.389590e+00
4.544000e-05	-6.364734e-03	9.454276e+00
4.545000e-05	-1.431595e-02	9.513907e+00
4.546000e-05	-1.224059e-02	9.540042e+00
4.547000e-05	-1.160417e-02	9.644202e+00
4.548000e-05	-1.159715e-02	9.708506e+00
4.549000e-05	-1.451229e-02	9.760715e+00
4.550000e-05	-1.066041e-02	9.883877e+00
4.551000e-05	-6.489405e-03	9.917519e+00
4.552000e-05	-1.299674e-02	9.989621e+00
4.553000e-05	-1.609807e-02	1.003375e+01
4.554000e-05	-1.492860e-02	1.008478e+01
4.555000e-05	-1.092138e-02	1.008541e+01
4.556000e-05	-1.274751e-02	1.014842e+01
4.557000e-05	-1.561299e-02	1.017007e+01
4.558000e-05	-1.294143e-02	1.021170e+01
4.559000e-05	-1.532515e-02	1.023230e+01
4.560000e-05	-1.478382e-02	1.024570e+01
4.561000e-05	-1.571173e-02	1.026488e+01
4.562000e-05	-1.375940e-02	1.030586e+01
4.563000e-05	-1.483652e-02	1.031486e+01
4.564000e-05	-1.333342e-02	1.031691e+01
4.565000e-05	-1.676730e-02	1.030751e+01
4.566000e-05	-1.945526e-02	1.031888e+01
4.567000e-05	-1.865003e-02	1.034694e+01
4.568000e-05	-1.577725e-02	1.031689e+01
4.569000e-05	-1.746442e-02	1.029591e+01
4.570000e-05	-1.880544e-02	1.028638e+01
4.571000e-05	-1.977232e-02	1.028531e+01
4.572000e-05	-2.279657e-02	1.025275e+01
4.573000e-05	-2.025111e-02	1.024320e+01
4.574000e-05	-2.412421e-02	1.020962e+01
4.575000e-05	-1.827429e-02	1.015899e+01
4.576000e-05	-2.236773e-02	1.009544e+01
4.577000e-05	-2.174839e-02	1.009683e+01
4.578000e-05	-2.503439e-02	1.006473e+01
4.579000e-05	-2.773120e-02	1.001058e+01
4.580000e-05	-2.732863e-02	1.000057e+01
4.581000e-05	-2.758735e-02	9.967462e+00
4.582000e-05	-2.572547e-02	9.863758e+00
4.583000e-05	-2.813530e-02	9.788969e+00
4.584000e-05	-2.766921e-02	9.675960e+00
4.585000e-05	-2.723482e-02	9.620129e+00
4.586000e-05	-2.814498e-02	9.568473e+00
4.587000e-05	-2.965247e-02	9.464789e+00
4.588000e-05	-3.149269e-02	9.422151e+00
4.589000e-05	-3.012855e-02	9.337416e+00
4.590000e-05	-3.306445e-02	9.264285e+00
4.591000e-05	-3.198156e-02	9.189075e+00
4.592000e-05	-3.428923e-02	9.116820e+00
4.593000e-05	-3.027112e-02	9.020600e+00
4.594000e-05	-3.069110e-02	8.884804e+00
4.595000e-05	-3.070402e-02	8.779951e+00
4.596000e-05	-3.343036e-02	8.695760e+00
4.597000e-05	-3.337195e-02	8.590053e+00
4.598000e-05	-3.375764e-02	8.524812e+00
4.599000e-05	-3.247160e-02	8.421074e+00
4.600000e-05	-3.339572e-02	8.266312e+00
4.601000e-05	-3.304332e-02	8.157492e+00
4.602000e-05	-3.175541e-02	8.052131e+00
4.603000e-05	-3.117272e-02	7.965886e+00
4.604000e-05	-2.988986e-02	7.808999e+00
4.605000e-05	-3.075965e-02	7.673229e+00
4.606000e-05	-3.006177e-02	7.527915e+00
4.607000e-05	-2.932592e-02	7.407966e+00
4.608000e-05	-2.836273e-02	7.199477e+00
4.609000e-05	-2.876504e-02	7.072686e+00
4.610000e-05	-2.817379e-02	6.907844e+00
4.611000e-05	-2.718060e-02	6.820475e+00
4.612000e-05	-2.413678e-02	6.647133e+00
4.613000e-05	-2.280960e-02	6.463654e+00
4.614000e-05	-2.268321e-02	6.346342e+00
4.615000e-05	-2.239739e-02	6.191452e+00
4.616000e-05	-2.122868e-02	6.052636e+00
4.617000e-05	-2.061267e-02	5.918294e+00
4.618000e-05	-2.034879e-02	5.726840e+00
4.619000e-05	-1.872035e-02	5.557371e+00
4.620000e-05	-1.713618e-02	5.380524e+00
4.621000e-05	-1.558645e-02	5.211530e+00
4.622000e-05	-1.530173e-02	5.009505e+00
4.623000e-05	-1.495419e-02	4.799950e+00
4.624000e-05	-1.281818e-02	4.651052e+00
4.625000e-05	-1.277846e-02	4.503187e+00
4.626000e-05	-1.145385e-02	4.316795e+00
4.627000e-05	-1.142256e-02	4.105295e+00
4.628000e-05	-1.236827e-02	3.977395e+00
4.629000e-05	-1.168427e-02	3.797398e+00
4.630000e-05	-1.037057e-02	3.621500e+00
4.631000e-05	-9.942558e-03	3.431559e+00
4.632000e-05	-9.974225e-03	3.230479e+00
4.633000e-05	-8.529408e-03	3.062633e+00
4.634000e-05	-8.460693e-03	2.895186e+00
4.635000e-05	-8.301930e-03	2.766318e+00
4.636000e-05	-7.837723e-03	2.492185e+00
4.637000e-05	-7.810184e-03	2.305715e+00
4.638000e-05	-7.092481e-03	2.146742e+00
4.639000e-05	-6.177102e-03	1.998398e+00
4.640000e-05	-6.611134e-03	1.788875e+00
4.641000e-05	-7.071112e-03	1.570324e+00
4.642000e-05	-6.145117e-03	1.409771e+00
4.643000e-05	-6.537717e-03	1.149428e+00
4.644000e-05	-5.478424e-03	9.276761e-01
4.645000e-05	-5.228812e-03	7.367722e-01
4.646000e-05	-5.198275e-03	5.573984e-01
4.647000e-05	-4.973309e-03	3.894240e-01
4.648000e-05	-5.175720e-03	1.693263e-01
4.649000e-05	-1.197157e-03	-3.217738e-02
4.650000e-05	3.106938e-03	-1.380960e-01
4.651000e-05	-3.133067e-03	-3.774182e-01
4.652000e-05	1.201288e-03	-5.038579e-01
4.653000e-05	-2.985292e-03	-6.979605e-01
4.654000e-05	-8.907325e-04	-8.943079e-01
4.655000e-05	-3.727184e-03	-1.062673e+00
4.656000e-05	7.761411e-03	-1.212097e+00
4.657000e-05	5.354684e-02	-1.411671e+00
4.658000e-05	5.649434e-02	-1.622702e+00
4.659000e-05	-7.335756e-02	-1.853380e+00
4.660000e-05	-1.274409e-02	-2.147437e+00
4.661000e-05	-9.492395e-02	-2.359497e+00
4.662000e-05	1.419652e-03	-2.452703e+00
4.663000e-05	1.684249e-01	-2.515963e+00
4.664000e-05	-1.443683e-01	-2.708037e+00
4.665000e-05	3.690428e-02	-2.939540e+00
4.666000e-05	1.092696e-01	-3.103432e+00
4.667000e-05	-1.794962e-01	-3.335864e+00
4.668000e-05	1.182002e-01	-3.463858e+00
4.669000e-05	5.046662e-02	-3.601623e+00
4.670000e-05	-1.659327e-01	-3.864870e+00
4.671000e-05	1.584637e-01	-4.001075e+00
4.672000e-05	-1.715175e-02	-4.169669e+00
4.673000e-05	-1.288478e-02	-4.379544e+00
4.674000e-05	3.692084e-02	-4.524958e+00
4.675000e-05	-1.571564e-01	-4.706979e+00
4.676000e-05	1.498797e-01	-4.912810e+00
4.677000e-05	2.123778e-02	-5.054727e+00
4.678000e-05	-6.108079e-02	-5.252853e+00
4.679000e-05	5.940029e-02	-5.400246e+00
4.680000e-05	-8.293231e-02	-5.622726e+00
4.681000e-05	9.614430e-02	-5.789620e+00
4.682000e-05	-5.913662e-02	-5.897509e+00
4.683000e-05	1.534673e-02	-6.064332e+00
4.684000e-05	5.763333e-02	-6.253801e+00
4.685000e-05	-9.377341e-02	-6.411197e+00
4.686000e-05	1.014646e-01	-6.518517e+00
4.687000e-05	-5.152518e-02	-6.676457e+00
4.688000e-05	2.331318e-02	-6.843275e+00
4.689000e-05	2.153211e-03	-6.931219e+00
4.690000e-05	-3.168833e-02	-7.218542e+00
4.691000e-05	9.099848e-02	-7.303884e+00
4.692000e-05	-6.570649e-02	-7.433224e+00
4.693000e-05	3.394018e-02	-7.549142e+00
4.694000e-05	-2.605386e-02	-7.674563e+00
4.695000e-05	2.470403e-02	-7.915010e+00
4.696000e-05	2.006601e-02	-8.022674e+00
4.697000e-05	-2.313930e-02	-8.096512e+00
4.698000e-05	4.838494e-02	-8.222254e+00
4.699000e-05	-3.183305e-02	-8.377465e+00
4.700000e-05	1.804227e-02	-8.453274e+00
4.701000e-05	-1.199516e-02	-8.559111e+00
4.702000e-05	2.695276e-02	-8.695460e+00
4.703000e-05	1.164504e-02	-8.821146e+00
4.704000e-05	-1.692189e-02	-8.854388e+00
4.705000e-05	2.051877e-02	-8.969617e+00
4.706000e-05	-1.053473e-03	-9.074379e+00
4.707000e-05	1.993564e-02	-9.149491e+00
4.708000e-05	-1.044236e-02	-9.244199e+00
4.709000e-05	1.435206e-02	-9.306481e+00
4.710000e-05	1.065330e-02	-9.428317e+00
4.711000e-05	6.173715e-03	-9.547485e+00
4.712000e-05	6.881470e-03	-9.590198e+00
4.713000e-05	2.472361e-04	-9.654256e+00
4.714000e-05	7.130241e-03	-9.696333e+00
4.715000e-05	6.418358e-03	-9.760120e+00
4.716000e-05	2.051136e-02	-9.822255e+00
4.717000e-05	7.383321e-03	-9.884405e+00
4.718000e-05	9.094494e-05	-9.947439e+00
4.719000e-05	2.278423e-03	-9.948017e+00
4.720000e-05	1.325985e-02	-1.003072e+01
4.721000e-05	1.399200e-02	-1.003367e+01
4.722000e-05	5.232596e-03	-1.007433e+01
4.723000e-05	4.989746e-03	-1.012553e+01
4.724000e-05	8.832815e-03	-1.015966e+01
4.725000e-05	1.138933e-02	-1.015024e+01
4.726000e-05	1.032677e-02	-1.024333e+01
4.727000e-05	8.129313e-03	-1.026435e+01
4.728000e-05	8.460791e-03	-1.027386e+01
4.729000e-05	1.377943e-02	-1.028551e+01
4.730000e-05	1.118590e-02	-1.031538e+01
4.731000e-05	8.965252e-03	-1.029689e+01
4.732000e-05	6.972828e-03	-1.031549e+01
4.733000e-05	1.262767e-02	-1.028406e+01
4.734000e-05	1.299304e-02	-1.030641e+01
4.735000e-05	1.580392e-02	-1.026493e+01
4.736000e-05	1.495649e-02	-1.024480e+01
4.737000e-05	1.364828e-02	-1.024223e+01
4.738000e-05	1.180571e-02	-1.024125e+01
4.739000e-05	1.352987e-02	-1.019112e+01
4.740000e-05	1.605721e-02	-1.016819e+01
4.741000e-05	1.722406e-02	-1.011646e+01
4.742000e-05	1.697180e-02	-1.009431e+01
4.743000e-05	1.869732e-02	-1.004073e+01
4.744000e-05	1.825301e-02	-1.002060e+01
4.745000e-05	1.845450e-02	-9.948992e+00
4.746000e-05	1.891030e-02	-9.906492e+00
4.747000e-05	2.206718e-02	-9.874829e+00
4.748000e-05	2.056920e-02	-9.811127e+00
4.749000e-05	2.138207e-02	-9.758496e+00
4.750000e-05	2.045692e-02	-9.715861e+00
4.751000e-05	2.184029e-02	-9.642732e+00
4.752000e-05	2.296227e-02	-9.610652e+00
4.753000e-05	2.468138e-02	-9.578468e+00
4.754000e-05	2.517346e-02	-9.423184e+00
4.755000e-05	2.367701e-02	-9.338616e+00
4.756000e-05	2.507253e-02	-9.224753e+00
4.757000e-05	2.427476e-02	-9.178520e+00
4.758000e-05	2.546108e-02	-9.064835e+00
4.759000e-05	2.522865e-02	-8.999523e+00
4.760000e-05	2.674181e-02	-8.884814e+00
4.761000e-05	2.693640e-02	-8.789551e+00
4.762000e-05	2.543645e-02	-8.685844e+00
4.763000e-05	2.431435e-02	-8.609148e+00
4.764000e-05	2.462694e-02	-8.481784e+00
4.765000e-05	2.632406e-02	-8.399023e+00
4.766000e-05	2.721556e-02	-8.242257e+00
4.767000e-05	2.649481e-02	-8.168395e+00
4.768000e-05	2.556686e-02	-8.073204e+00
4.769000e-05	2.463722e-02	-7.907438e+00
4.770000e-05	2.466860e-02	-7.798550e+00
4.771000e-05	2.286229e-02	-7.600731e+00
4.772000e-05	2.273709e-02	-7.483758e+00
4.773000e-05	2.209940e-02	-7.335924e+00
4.774000e-05	2.443985e-02	-7.240729e+00
4.775000e-05	2.111808e-02	-7.126362e+00
4.776000e-05	2.049160e-02	-6.916316e+00
4.777000e-05	1.805685e-02	-6.769398e+00
4.778000e-05	1.924248e-02	-6.682634e+00
4.779000e-05	1.724872e-02	-6.473737e+00
4.780000e-05	1.794001e-02	-6.378498e+00
4.781000e-05	1.428019e-02	-6.199628e+00
4.782000e-05	1.380053e-02	-6.020053e+00
4.783000e-05	1.221913e-02	-5.905186e+00
4.784000e-05	1.284812e-02	-5.737296e+00
4.785000e-05	1.090536e-02	-5.588548e+00
4.786000e-05	1.020128e-02	-5.377875e+00
4.787000e-05	9.165722e-03	-5.167998e+00
4.788000e-05	9.609073e-03	-5.001005e+00
4.789000e-05	6.852894e-03	-4.802081e+00
4.790000e-05	5.721951e-03	-4.610549e+00
4.791000e-05	4.412102e-03	-4.442711e+00
4.792000e-05	5.002698e-03	-4.335842e+00
4.793000e-05	4.394361e-03	-4.168941e+00
4.794000e-05	4.472375e-03	-4.039553e+00
4.795000e-05	2.060105e-03	-3.820608e+00
4.796000e-05	2.041818e-03	-3.631552e+00
4.797000e-05	2.175089e-03	-3.442609e+00
4.798000e-05	3.119840e-03	-3.244739e+00
4.799000e-05	2.813150e-03	-3.126873e+00
4.800000e-05	5.342018e-04	-2.852242e+00
4.801000e-05	4.904807e-04	-2.754844e+00
4.802000e-05	-1.658081e-03	-2.536845e+00
4.803000e-05	9.231201e-04	-2.357924e+00
4.804000e-05	-1.470027e-03	-2.148901e+00
4.805000e-05	7.537621e-04	-1.988374e+00
4.806000e-05	-1.892138e-03	-1.807455e+00
4.807000e-05	1.060573e-03	-1.661484e+00
4.808000e-05	-1.814969e-03	-1.368410e+00
4.809000e-05	-2.191508e-03	-1.146876e+00
4.810000e-05	-3.559429e-03	-1.028877e+00
4.811000e-05	-6.560931e-04	-8.014564e-01
4.812000e-05	-3.423351e-03	-6.094826e-01
4.813000e-05	-1.756831e-03	-4.099288e-01
4.814000e-05	-3.731883e-03	-2.300092e-01
4.815000e-05	1.337361e-03	-2.261164e-02
4.816000e-05	4.209137e-03	1.174143e-01
4.817000e-05	-1.800804e-03	3.489896e-01
4.818000e-05	-2.066599e-04	4.647621e-01
4.819000e-05	-1.577869e-03	6.947290e-01
4.820000e-05	-1.469289e-03	7.911249e-01
4.821000e-05	-3.492524e-03	1.021745e+00
4.822000e-05	1.548448e-03	1.263624e+00
4.823000e-05	9.373394e-03	1.413717e+00
4.824000e-05	6.147363e-02	1.684330e+00
4.825000e-05	2.087940e-02	1.915833e+00
4.826000e-05	-5.782279e-02	2.084307e+00
4.827000e-05	-3.433263e-02	2.265729e+00
4.828000e-05	-6.193037e-02	2.402548e+00
4.829000e-05	-4.550103e-02	2.509037e+00
4.830000e-05	1.586153e-01	2.746486e+00
4.831000e-05	-6.776727e-02	2.926361e+00
4.832000e-05	-5.740882e-02	3.092203e+00
4.833000e-05	1.358514e-01	3.203122e+00
4.834000e-05	-1.161118e-01	3.474899e+00
4.835000e-05	9.532278e-03	3.591103e+00
4.836000e-05	7.914027e-02	3.758063e+00
4.837000e-05	-1.229819e-01	3.939092e+00
4.838000e-05	5.115562e-02	4.148035e+00
4.839000e-05	3.744519e-02	4.378011e+00
4.840000e-05	-3.955697e-02	4.513907e+00
4.841000e-05	3.141077e-03	4.695332e+00
4.842000e-05	-6.300601e-02	4.866351e+00
4.843000e-05	2.406002e-02	5.087936e+00
4.844000e-05	2.959162e-02	5.296356e+00
4.845000e-05	-7.800201e-03	5.444701e+00
4.846000e-05	-1.586494e-02	5.601097e+00
4.847000e-05	-2.070196e-02	5.770562e+00
4.848000e-05	1.800916e-02	5.960566e+00
4.849000e-05	-2.977228e-02	6.086956e+00
4.850000e-05	-3.207190e-03	6.242732e+00
4.851000e-05	1.600183e-02	6.360694e+00
4.852000e-05	-3.445735e-02	6.567562e+00
4.853000e-05	2.044561e-02	6.727988e+00
4.854000e-05	-2.463690e-02	6.854929e+00
4.855000e-05	-1.015892e-02	7.011198e+00
4.856000e-05	-7.548356e-04	7.137457e+00
4.857000e-05	-8.271656e-03	7.254728e+00
4.858000e-05	8.873303e-03	7.432298e+00
4.859000e-05	-2.784712e-02	7.622168e+00
4.860000e-05	-4.253949e-03	7.729536e+00
4.861000e-05	-1.385575e-02	7.877003e+00
4.862000e-05	3.746759e-03	8.041749e+00
4.863000e-05	-8.845038e-03	8.118537e+00
4.864000e-05	-1.227757e-02	8.285334e+00
4.865000e-05	1.495749e-03	8.369544e+00
4.866000e-05	-9.862935e-03	8.465305e+00
4.867000e-05	-1.497730e-02	8.537547e+00
4.868000e-05	-1.911179e-02	8.642727e+00
4.869000e-05	-3.260517e-03	8.770492e+00
4.870000e-05	-1.241666e-03	8.833727e+00
4.871000e-05	-9.816187e-03	8.917535e+00
4.872000e-05	-1.310136e-02	9.054874e+00
4.873000e-05	-1.095632e-02	9.190115e+00
4.874000e-05	-8.589269e-03	9.254829e+00
4.875000e-05	-1.004140e-02	9.326886e+00
4.876000e-05	-1.125005e-02	9.391722e+00
4.877000e-05	-9.936360e-03	9.475837e+00
4.878000e-05	-1.047903e-02	9.529513e+00
4.879000e-05	-1.226824e-02	9.611646e+00
4.880000e-05	-1.177338e-02	9.686856e+00
4.881000e-05	-1.567346e-02	9.777639e+00
4.882000e-05	-1.039001e-02	9.823327e+00
4.883000e-05	-7.747924e-03	9.954437e+00
4.884000e-05	-8.997995e-03	9.970564e+00
4.885000e-05	-1.734231e-02	1.001217e+01
4.886000e-05	-1.753658e-02	1.005375e+01
4.887000e-05	-1.128771e-02	1.009539e+01
4.888000e-05	-9.737137e-03	1.014744e+01
4.889000e-05	-1.298662e-02	1.013909e+01
4.890000e-05	-1.583567e-02	1.020012e+01
4.891000e-05	-1.316205e-02	1.025220e+01
4.892000e-05	-1.541769e-02	1.024325e+01
4.893000e-05	-1.413051e-02	1.024576e+01
4.894000e-05	-1.679200e-02	1.028543e+01
4.895000e-05	-1.451238e-02	1.030636e+01
4.896000e-05	-1.147452e-02	1.030739e+01
4.897000e-05	-1.422686e-02	1.031689e+01
4.898000e-05	-1.847196e-02	1.033641e+01
4.899000e-05	-2.230225e-02	1.033639e+01
4.900000e-05	-1.632200e-02	1.031594e+01
4.901000e-05	-1.700880e-02	1.030681e+01
4.902000e-05	-1.719220e-02	1.031486e+01
4.903000e-05	-2.028460e-02	1.028638e+01
4.904000e-05	-1.923864e-02	1.026421e+01
4.905000e-05	-2.079240e-02	1.021168e+01
4.906000e-05	-2.263848e-02	1.023172e+01
4.907000e-05	-2.153279e-02	1.016999e+01
4.908000e-05	-2.301091e-02	1.016796e+01
4.909000e-05	-2.174836e-02	1.010741e+01
4.910000e-05	-2.419464e-02	1.006426e+01
4.911000e-05	-2.552408e-02	1.005173e+01
4.912000e-05	-2.778394e-02	1.000005e+01
4.913000e-05	-2.583339e-02	9.937969e+00
4.914000e-05	-2.531443e-02	9.903785e+00
4.915000e-05	-2.631111e-02	9.790723e+00
4.916000e-05	-2.835635e-02	9.757440e+00
4.917000e-05	-2.938923e-02	9.693204e+00
4.918000e-05	-2.794351e-02	9.568599e+00
4.919000e-05	-2.959212e-02	9.537417e+00
4.920000e-05	-2.922566e-02	9.493203e+00
4.921000e-05	-3.126032e-02	9.378472e+00
4.922000e-05	-2.999114e-02	9.324862e+00
4.923000e-05	-3.039392e-02	9.232725e+00
4.924000e-05	-3.256394e-02	9.168997e+00
4.925000e-05	-3.229311e-02	9.085707e+00
4.926000e-05	-3.294610e-02	8.925465e+00
4.927000e-05	-3.023914e-02	8.821627e+00
4.928000e-05	-3.329824e-02	8.778420e+00
4.929000e-05	-3.146254e-02	8.652209e+00
4.930000e-05	-3.414230e-02	8.537369e+00
4.931000e-05	-3.009163e-02	8.483732e+00
4.932000e-05	-3.291863e-02	8.359944e+00
4.933000e-05	-3.217491e-02	8.242029e+00
4.934000e-05	-3.357003e-02	8.123238e+00
4.935000e-05	-2.999774e-02	7.939575e+00
4.936000e-05	-3.066802e-02	7.862104e+00
4.937000e-05	-3.165185e-02	7.717813e+00
4.938000e-05	-3.079870e-02	7.611601e+00
4.939000e-05	-3.104207e-02	7.411104e+00
4.940000e-05	-2.805079e-02	7.293658e+00
4.941000e-05	-2.887279e-02	7.155891e+00
4.942000e-05	-2.624288e-02	6.999501e+00
4.943000e-05	-2.688695e-02	6.862631e+00
4.944000e-05	-2.550921e-02	6.727921e+00
4.945000e-05	-2.454673e-02	6.537419e+00
4.946000e-05	-2.352675e-02	6.369974e+00
4.947000e-05	-2.231305e-02	6.233686e+00
4.948000e-05	-2.056788e-02	6.115269e+00
4.949000e-05	-2.052525e-02	5.999498e+00
4.950000e-05	-2.002304e-02	5.809979e+00
4.951000e-05	-1.998161e-02	5.630504e+00
4.952000e-05	-1.758150e-02	5.493112e+00
4.953000e-05	-1.672628e-02	5.335841e+00
4.954000e-05	-1.587712e-02	5.077269e+00
4.955000e-05	-1.574499e-02	4.913833e+00
4.956000e-05	-1.481412e-02	4.715769e+00
4.957000e-05	-1.228399e-02	4.547322e+00
4.958000e-05	-1.255254e-02	4.409480e+00
4.959000e-05	-1.216892e-02	4.208558e+00
4.960000e-05	-1.188097e-02	4.009525e+00
4.961000e-05	-1.120866e-02	3.852612e+00
4.962000e-05	-1.012223e-02	3.702738e+00
4.963000e-05	-1.050203e-02	3.538290e+00
4.964000e-05	-1.011898e-02	3.335291e+00
4.965000e-05	-8.600361e-03	3.156317e+00
4.966000e-05	-7.505650e-03	2.968898e+00
4.967000e-05	-8.034324e-03	2.800478e+00
4.968000e-05	-8.825810e-03	2.629454e+00
4.969000e-05	-8.665154e-03	2.408378e+00
4.970000e-05	-8.329068e-03	2.209432e+00
4.971000e-05	-6.661051e-03	2.051584e+00
4.972000e-05	-6.426416e-03	1.874141e+00
4.973000e-05	-6.044269e-03	1.673533e+00
4.974000e-05	-6.431631e-03	1.480563e+00
4.975000e-05	-6.112776e-03	1.235066e+00
4.976000e-05	-6.096978e-03	1.082113e+00
4.977000e-05	-5.254185e-03	8.699531e-01
4.978000e-05	-5.748891e-03	6.720855e-01
4.979000e-05	-4.680659e-03	4.825343e-01
4.980000e-05	-4.043377e-03	3.246009e-01
4.981000e-05	-3.390714e-03	7.308420e-02
4.982000e-05	7.210143e-04	-9.586309e-02
4.983000e-05	-6.061070e-05	-2.828327e-01
4.984000e-05	-1.870381e-03	-4.117038e-01
4.985000e-05	7.161625e-04	-6.226274e-01
4.986000e-05	-2.647987e-03	-8.110749e-01
4.987000e-05	-1.013740e-03	-9.894708e-01
4.988000e-05	1.046912e-03	-1.126441e+00
4.989000e-05	2.036069e-02	-1.334884e+00
4.990000e-05	9.168073e-02	-1.528090e+00
4.991000e-05	-4.242123e-02	-1.778588e+00
4.992000e-05	-3.152035e-02	-2.002217e+00
4.993000e-05	-5.376886e-02	-2.263350e+00
4.994000e-05	-8.506960e-02	-2.400677e+00
4.995000e-05	1.448269e-01	-2.484307e+00
4.996000e-05	2.027768e-02	-2.642247e+00
4.997000e-05	-1.367244e-01	-2.886279e+00
4.998000e-05	1.861262e-01	-3.070274e+00
4.999000e-05	-1.137069e-01	-3.180199e+00
