# 260410_16:02:08.946097
t	CH1	CH2
0.000000e+00	-1.778811e-03	-8.993170e-01
1.000000e-08	4.437316e-04	-1.064737e+00
2.000000e-08	1.694144e-02	-1.233210e+00
3.000000e-08	6.709607e-02	-1.445742e+00
4.000000e-08	5.443874e-03	-1.656365e+00
5.000000e-08	-4.925238e-02	-1.919971e+00
6.000000e-08	-3.848510e-02	-2.213603e+00
7.000000e-08	-8.001001e-02	-2.370028e+00
8.000000e-08	7.290918e-02	-2.444109e+00
9.000000e-08	6.213648e-02	-2.569105e+00
1.000000e-07	-9.646499e-02	-2.781553e+00
1.100000e-07	9.121612e-02	-2.970401e+00
1.200000e-07	1.181599e-03	-3.149398e+00
1.300000e-07	-9.245796e-02	-3.340900e+00
1.400000e-07	1.141610e-01	-3.506320e+00
1.500000e-07	-3.755760e-02	-3.677317e+00
1.600000e-07	-5.315415e-02	-3.867168e+00
1.700000e-07	1.114418e-01	-4.042656e+00
1.800000e-07	-2.547686e-02	-4.225110e+00
1.900000e-07	1.422000e-02	-4.410550e+00
2.000000e-07	-4.165865e-02	-4.549922e+00
2.100000e-07	-5.136585e-02	-4.771945e+00
2.200000e-07	1.166552e-01	-4.907266e+00
2.300000e-07	-1.911196e-02	-5.066262e+00
2.400000e-07	-1.049971e-02	-5.246263e+00
2.500000e-07	8.781855e-03	-5.474720e+00
2.600000e-07	-1.663881e-02	-5.695712e+00
2.700000e-07	3.965100e-02	-5.782104e+00
2.800000e-07	-4.440626e-02	-5.959521e+00
2.900000e-07	4.585414e-02	-6.106214e+00
3.000000e-07	-4.109869e-04	-6.277814e+00
3.100000e-07	-2.536246e-02	-6.433211e+00
3.200000e-07	4.664078e-02	-6.600997e+00
3.300000e-07	-2.651752e-02	-6.758920e+00
3.400000e-07	2.297838e-02	-6.871659e+00
3.500000e-07	-1.922472e-02	-7.004058e+00
3.600000e-07	1.678284e-02	-7.152483e+00
3.700000e-07	3.645091e-02	-7.337239e+00
3.800000e-07	-2.814922e-02	-7.445210e+00
3.900000e-07	1.276795e-02	-7.571501e+00
4.000000e-07	-8.771904e-03	-7.769997e+00
4.100000e-07	2.531874e-02	-7.897371e+00
4.200000e-07	7.332353e-04	-8.002679e+00
4.300000e-07	2.713850e-03	-8.119442e+00
4.400000e-07	2.308377e-02	-8.244684e+00
4.500000e-07	-1.111950e-02	-8.338921e+00
4.600000e-07	6.244020e-03	-8.484108e+00
4.700000e-07	-2.509409e-03	-8.600073e+00
4.800000e-07	2.289741e-02	-8.667840e+00
4.900000e-07	3.751048e-03	-8.832511e+00
5.000000e-07	-1.962673e-03	-8.935839e+00
5.100000e-07	1.124259e-02	-8.980971e+00
5.200000e-07	5.650406e-03	-9.107263e+00
5.300000e-07	8.117274e-03	-9.159396e+00
5.400000e-07	-1.820581e-03	-9.264085e+00
5.500000e-07	1.348852e-02	-9.306366e+00
5.600000e-07	8.404876e-03	-9.402606e+00
5.700000e-07	6.456320e-03	-9.498342e+00
5.800000e-07	5.855358e-03	-9.560980e+00
5.900000e-07	5.018864e-03	-9.674134e+00
6.000000e-07	5.452395e-03	-9.716363e+00
6.100000e-07	7.805956e-03	-9.761448e+00
6.200000e-07	1.474694e-02	-9.812601e+00
6.300000e-07	8.073266e-03	-9.884809e+00
6.400000e-07	2.060614e-03	-9.898316e+00
6.500000e-07	4.516064e-03	-9.948899e+00
6.600000e-07	1.146475e-02	-9.979553e+00
6.700000e-07	1.236439e-02	-1.002308e+01
6.800000e-07	6.428811e-03	-1.006464e+01
6.900000e-07	6.990683e-03	-1.009772e+01
7.000000e-07	9.388746e-03	-1.011784e+01
7.100000e-07	1.090424e-02	-1.017250e+01
7.200000e-07	8.954323e-03	-1.024260e+01
7.300000e-07	6.465822e-03	-1.018216e+01
7.400000e-07	9.976719e-03	-1.022468e+01
7.500000e-07	1.242704e-02	-1.026319e+01
7.600000e-07	1.136023e-02	-1.025676e+01
7.700000e-07	9.087482e-03	-1.030229e+01
7.800000e-07	8.706052e-03	-1.028481e+01
7.900000e-07	1.126573e-02	-1.030479e+01
8.000000e-07	1.213434e-02	-1.025571e+01
8.100000e-07	1.390901e-02	-1.028581e+01
8.200000e-07	1.285336e-02	-1.022373e+01
8.300000e-07	1.211530e-02	-1.020205e+01
8.400000e-07	1.274918e-02	-1.015150e+01
8.500000e-07	1.501919e-02	-1.015892e+01
8.600000e-07	1.560227e-02	-1.011692e+01
8.700000e-07	1.504966e-02	-1.007718e+01
8.800000e-07	1.569388e-02	-1.004316e+01
8.900000e-07	1.779605e-02	-1.000158e+01
9.000000e-07	1.746091e-02	-9.958446e+00
9.100000e-07	1.612748e-02	-9.886416e+00
9.200000e-07	1.861602e-02	-9.864786e+00
9.300000e-07	1.886956e-02	-9.852057e+00
9.400000e-07	1.987921e-02	-9.779975e+00
9.500000e-07	1.995795e-02	-9.747913e+00
9.600000e-07	1.948768e-02	-9.655188e+00
9.700000e-07	2.140795e-02	-9.591103e+00
9.800000e-07	2.076081e-02	-9.580423e+00
9.900000e-07	2.076478e-02	-9.484208e+00
1.000000e-06	2.202771e-02	-9.340046e+00
1.010000e-06	2.035188e-02	-9.273213e+00
1.020000e-06	2.215107e-02	-9.230551e+00
1.030000e-06	2.022073e-02	-9.074313e+00
1.040000e-06	2.330290e-02	-9.031603e+00
1.050000e-06	2.059404e-02	-8.915890e+00
1.060000e-06	2.238320e-02	-8.854154e+00
1.070000e-06	2.265115e-02	-8.769420e+00
1.080000e-06	2.248456e-02	-8.674033e+00
1.090000e-06	2.145763e-02	-8.495295e+00
1.100000e-06	2.107930e-02	-8.440125e+00
1.110000e-06	2.156806e-02	-8.316816e+00
1.120000e-06	2.138301e-02	-8.221027e+00
1.130000e-06	2.167282e-02	-8.096284e+00
1.140000e-06	2.063311e-02	-7.999545e+00
1.150000e-06	2.020726e-02	-7.854054e+00
1.160000e-06	1.954933e-02	-7.684185e+00
1.170000e-06	1.982671e-02	-7.558938e+00
1.180000e-06	1.937543e-02	-7.409576e+00
1.190000e-06	1.909724e-02	-7.313759e+00
1.200000e-06	1.832370e-02	-7.165948e+00
1.210000e-06	1.680247e-02	-6.991500e+00
1.220000e-06	1.706837e-02	-6.852628e+00
1.230000e-06	1.568920e-02	-6.695788e+00
1.240000e-06	1.555482e-02	-6.588867e+00
1.250000e-06	1.409096e-02	-6.452153e+00
1.260000e-06	1.376967e-02	-6.305265e+00
1.270000e-06	1.308371e-02	-6.115213e+00
1.280000e-06	1.201866e-02	-5.986369e+00
1.290000e-06	1.041675e-02	-5.811550e+00
1.300000e-06	9.794514e-03	-5.642631e+00
1.310000e-06	9.533786e-03	-5.516733e+00
1.320000e-06	9.382882e-03	-5.281757e+00
1.330000e-06	8.012378e-03	-5.094861e+00
1.340000e-06	7.110713e-03	-4.915306e+00
1.350000e-06	6.835575e-03	-4.714188e+00
1.360000e-06	4.596104e-03	-4.546842e+00
1.370000e-06	6.297709e-03	-4.409999e+00
1.380000e-06	3.886527e-03	-4.243207e+00
1.390000e-06	4.583704e-03	-4.112678e+00
1.400000e-06	2.905818e-03	-3.917365e+00
1.410000e-06	2.475263e-03	-3.714866e+00
1.420000e-06	3.568883e-03	-3.546768e+00
1.430000e-06	2.609271e-03	-3.396449e+00
1.440000e-06	1.735086e-03	-3.229873e+00
1.450000e-06	1.969579e-03	-2.999973e+00
1.460000e-06	-1.467096e-04	-2.840051e+00
1.470000e-06	1.705994e-03	-2.671554e+00
1.480000e-06	-1.580591e-03	-2.491631e+00
1.490000e-06	-3.865881e-04	-2.305112e+00
1.500000e-06	-6.534604e-04	-2.031154e+00
1.510000e-06	-1.386142e-03	-1.874738e+00
1.520000e-06	-6.684505e-04	-1.723235e+00
1.530000e-06	7.709705e-05	-1.536696e+00
1.540000e-06	-1.315105e-03	-1.291710e+00
1.550000e-06	-2.011948e-03	-1.082231e+00
1.560000e-06	-4.019354e-03	-9.037634e-01
1.570000e-06	-2.111930e-03	-7.573873e-01
1.580000e-06	-2.896087e-03	-4.823385e-01
1.590000e-06	-1.866087e-03	-3.457884e-01
1.600000e-06	-2.080539e-03	-1.462925e-01
1.610000e-06	2.155678e-03	4.210655e-02
1.620000e-06	1.923103e-03	2.220313e-01
1.630000e-06	-1.464902e-03	4.099774e-01
1.640000e-06	-7.266407e-04	5.500236e-01
1.650000e-06	-1.630881e-03	7.493185e-01
1.660000e-06	-2.192299e-03	9.053878e-01
1.670000e-06	-2.284567e-03	1.117820e+00
1.680000e-06	2.681668e-03	1.287792e+00
1.690000e-06	2.678735e-02	1.516440e+00
1.700000e-06	5.470045e-02	1.772427e+00
1.710000e-06	-1.068688e-02	1.969526e+00
1.720000e-06	-5.090134e-02	2.168897e+00
1.730000e-06	-4.002905e-02	2.318895e+00
1.740000e-06	-6.692445e-02	2.483657e+00
1.750000e-06	2.870769e-02	2.601558e+00
1.760000e-06	9.043676e-02	2.801152e+00
1.770000e-06	-9.037246e-02	2.918446e+00
1.780000e-06	2.627744e-02	3.127739e+00
1.790000e-06	5.217059e-02	3.278436e+00
1.800000e-06	-8.804320e-02	3.508394e+00
1.810000e-06	4.809108e-02	3.673707e+00
1.820000e-06	6.827941e-03	3.842158e+00
1.830000e-06	-7.101261e-02	4.011104e+00
1.840000e-06	4.998905e-02	4.192004e+00
1.850000e-06	9.378213e-03	4.422630e+00
1.860000e-06	-2.046508e-02	4.538949e+00
1.870000e-06	-1.747291e-02	4.749820e+00
1.880000e-06	-3.992746e-02	4.961972e+00
1.890000e-06	2.622812e-02	5.160996e+00
1.900000e-06	1.958239e-02	5.349447e+00
1.910000e-06	-6.224511e-03	5.487268e+00
1.920000e-06	-2.310726e-02	5.676211e+00
1.930000e-06	-9.085155e-03	5.835088e+00
1.940000e-06	2.482390e-03	6.041455e+00
1.950000e-06	-2.330040e-02	6.150450e+00
1.960000e-06	1.005819e-02	6.307791e+00
1.970000e-06	-6.252432e-03	6.403705e+00
1.980000e-06	-1.643905e-02	6.572632e+00
1.990000e-06	4.749115e-03	6.769951e+00
2.000000e-06	-1.993179e-02	6.906870e+00
2.010000e-06	-7.013089e-03	7.036159e+00
2.020000e-06	-8.487918e-03	7.179400e+00
2.030000e-06	-5.899814e-04	7.356794e+00
2.040000e-06	-2.338574e-03	7.497339e+00
2.050000e-06	-1.620980e-02	7.664183e+00
2.060000e-06	-1.040655e-02	7.771001e+00
2.070000e-06	-9.109226e-03	7.931820e+00
2.080000e-06	-2.627940e-03	8.085793e+00
2.090000e-06	-9.759182e-03	8.202980e+00
2.100000e-06	-9.262607e-03	8.307342e+00
2.110000e-06	-2.035435e-03	8.441603e+00
2.120000e-06	-1.011407e-02	8.485237e+00
2.130000e-06	-1.576779e-02	8.581549e+00
2.140000e-06	-1.424481e-02	8.675313e+00
2.150000e-06	-3.999076e-03	8.760449e+00
2.160000e-06	-3.467636e-03	8.916260e+00
2.170000e-06	-1.150813e-02	8.980501e+00
2.180000e-06	-1.282559e-02	9.079793e+00
2.190000e-06	-1.169926e-02	9.221079e+00
2.200000e-06	-9.230054e-03	9.294762e+00
2.210000e-06	-1.113951e-02	9.349422e+00
2.220000e-06	-1.016636e-02	9.431655e+00
2.230000e-06	-9.970028e-03	9.486866e+00
2.240000e-06	-1.197268e-02	9.580520e+00
2.250000e-06	-1.210158e-02	9.633554e+00
2.260000e-06	-1.191697e-02	9.727836e+00
2.270000e-06	-1.421901e-02	9.752075e+00
2.280000e-06	-1.171892e-02	9.896212e+00
2.290000e-06	-7.814504e-03	9.958317e+00
2.300000e-06	-1.001910e-02	9.960449e+00
2.310000e-06	-1.647870e-02	1.003255e+01
2.320000e-06	-1.556549e-02	1.008479e+01
2.330000e-06	-1.264424e-02	1.011631e+01
2.340000e-06	-1.079472e-02	1.015839e+01
2.350000e-06	-1.455260e-02	1.015952e+01
2.360000e-06	-1.445523e-02	1.022148e+01
2.370000e-06	-1.414919e-02	1.026223e+01
2.380000e-06	-1.501053e-02	1.024463e+01
2.390000e-06	-1.462957e-02	1.029471e+01
2.400000e-06	-1.585569e-02	1.028619e+01
2.410000e-06	-1.419882e-02	1.029476e+01
2.420000e-06	-1.369827e-02	1.031629e+01
2.430000e-06	-1.479128e-02	1.030644e+01
2.440000e-06	-1.764537e-02	1.031784e+01
2.450000e-06	-1.904012e-02	1.029542e+01
2.460000e-06	-1.769761e-02	1.030679e+01
2.470000e-06	-1.678529e-02	1.033626e+01
2.480000e-06	-1.748481e-02	1.031619e+01
2.490000e-06	-1.910648e-02	1.029471e+01
2.500000e-06	-1.931317e-02	1.026371e+01
2.510000e-06	-2.052574e-02	1.024263e+01
2.520000e-06	-2.098413e-02	1.019195e+01
2.530000e-06	-2.153713e-02	1.013992e+01
2.540000e-06	-2.119711e-02	1.016589e+01
2.550000e-06	-2.146973e-02	1.008479e+01
2.560000e-06	-2.271231e-02	1.007368e+01
2.570000e-06	-2.353489e-02	1.003208e+01
2.580000e-06	-2.523605e-02	1.002050e+01
2.590000e-06	-2.471960e-02	9.938419e+00
2.600000e-06	-2.483510e-02	9.843807e+00
2.610000e-06	-2.452676e-02	9.788952e+00
2.620000e-06	-2.583387e-02	9.705215e+00
2.630000e-06	-2.649386e-02	9.652231e+00
2.640000e-06	-2.737220e-02	9.558445e+00
2.650000e-06	-2.654387e-02	9.486787e+00
2.660000e-06	-2.735188e-02	9.412629e+00
2.670000e-06	-2.770387e-02	9.358349e+00
2.680000e-06	-2.781893e-02	9.263234e+00
2.690000e-06	-2.786779e-02	9.231078e+00
2.700000e-06	-2.857668e-02	9.147392e+00
2.710000e-06	-2.926190e-02	9.010030e+00
2.720000e-06	-2.892187e-02	8.894207e+00
2.730000e-06	-2.805853e-02	8.799497e+00
2.740000e-06	-2.775185e-02	8.695767e+00
2.750000e-06	-2.959479e-02	8.611600e+00
2.760000e-06	-2.778763e-02	8.505841e+00
2.770000e-06	-2.865227e-02	8.411502e+00
2.780000e-06	-2.783433e-02	8.336339e+00
2.790000e-06	-2.832707e-02	8.139917e+00
2.800000e-06	-2.692397e-02	8.072079e+00
2.810000e-06	-2.678110e-02	7.945418e+00
2.820000e-06	-2.697148e-02	7.800020e+00
2.830000e-06	-2.800338e-02	7.684707e+00
2.840000e-06	-2.513721e-02	7.587912e+00
2.850000e-06	-2.478725e-02	7.367994e+00
2.860000e-06	-2.567373e-02	7.230603e+00
2.870000e-06	-2.304828e-02	7.073207e+00
2.880000e-06	-2.501195e-02	6.946349e+00
2.890000e-06	-2.144455e-02	6.851076e+00
2.900000e-06	-2.257355e-02	6.715759e+00
2.910000e-06	-2.042595e-02	6.503685e+00
2.920000e-06	-2.083937e-02	6.346869e+00
2.930000e-06	-2.080629e-02	6.220528e+00
2.940000e-06	-2.085153e-02	6.083682e+00
2.950000e-06	-1.831274e-02	5.968867e+00
2.960000e-06	-1.790985e-02	5.786893e+00
2.970000e-06	-1.586044e-02	5.597021e+00
2.980000e-06	-1.675579e-02	5.431578e+00
2.990000e-06	-1.325393e-02	5.293103e+00
3.000000e-06	-1.492521e-02	5.031208e+00
3.010000e-06	-1.360959e-02	4.840552e+00
3.020000e-06	-1.503106e-02	4.660660e+00
3.030000e-06	-1.246567e-02	4.526785e+00
3.040000e-06	-1.258401e-02	4.377419e+00
3.050000e-06	-1.071438e-02	4.194319e+00
3.060000e-06	-1.121111e-02	3.987866e+00
3.070000e-06	-9.547361e-03	3.808423e+00
3.080000e-06	-1.082176e-02	3.640554e+00
3.090000e-06	-9.302942e-03	3.481681e+00
3.100000e-06	-1.041840e-02	3.231578e+00
3.110000e-06	-8.846797e-03	3.103657e+00
3.120000e-06	-9.939291e-03	2.923808e+00
3.130000e-06	-8.432098e-03	2.727367e+00
3.140000e-06	-8.009795e-03	2.534287e+00
3.150000e-06	-7.480693e-03	2.317760e+00
3.160000e-06	-7.321401e-03	2.136341e+00
3.170000e-06	-6.936163e-03	2.009570e+00
3.180000e-06	-6.151014e-03	1.830471e+00
3.190000e-06	-6.189225e-03	1.578971e+00
3.200000e-06	-5.556770e-03	1.438600e+00
3.210000e-06	-6.608318e-03	1.239574e+00
3.220000e-06	-5.694719e-03	9.964940e-01
3.230000e-06	-5.740611e-03	7.584225e-01
3.240000e-06	-5.238324e-03	5.874487e-01
3.250000e-06	-4.765533e-03	4.395227e-01
3.260000e-06	-4.061659e-03	2.600279e-01
3.270000e-06	-1.624195e-03	1.952527e-02
3.280000e-06	2.654072e-03	-1.488457e-01
3.290000e-06	-7.290011e-04	-3.067396e-01
3.300000e-06	-5.062543e-04	-4.350829e-01
3.310000e-06	-1.224487e-03	-7.076867e-01
3.320000e-06	-1.728717e-03	-8.731103e-01
3.330000e-06	-1.536752e-03	-9.825299e-01
3.340000e-06	5.314935e-03	-1.202475e+00
3.350000e-06	5.061137e-02	-1.391857e+00
3.360000e-06	4.642683e-02	-1.572506e+00
3.370000e-06	-3.983010e-02	-1.804106e+00
3.380000e-06	-3.749268e-02	-2.103714e+00
3.390000e-06	-7.020515e-02	-2.307295e+00
3.400000e-06	-8.584028e-03	-2.454053e+00
3.410000e-06	1.223360e-01	-2.496262e+00
3.420000e-06	-6.446955e-02	-2.678213e+00
3.430000e-06	-2.107431e-02	-2.905159e+00
3.440000e-06	9.380654e-02	-3.037658e+00
3.450000e-06	-1.089257e-01	-3.235213e+00
3.460000e-06	2.899660e-02	-3.433585e+00
3.470000e-06	7.212056e-02	-3.570999e+00
3.480000e-06	-1.059245e-01	-3.812926e+00
3.490000e-06	6.732581e-02	-3.969977e+00
3.500000e-06	3.884804e-02	-4.099872e+00
3.510000e-06	-3.388729e-02	-4.348872e+00
3.520000e-06	2.537254e-02	-4.453157e+00
3.530000e-06	-9.905567e-02	-4.626637e+00
3.540000e-06	5.706847e-02	-4.866710e+00
3.550000e-06	6.109867e-02	-5.004553e+00
3.560000e-06	-4.602900e-02	-5.202553e+00
3.570000e-06	2.489283e-02	-5.367972e+00
3.580000e-06	-3.133945e-02	-5.560075e+00
3.590000e-06	3.240404e-02	-5.698872e+00
3.600000e-06	-9.683019e-03	-5.896263e+00
3.610000e-06	-1.177941e-02	-6.013210e+00
3.620000e-06	5.039094e-02	-6.121551e+00
3.630000e-06	-4.462855e-02	-6.370452e+00
3.640000e-06	3.647245e-02	-6.507367e+00
3.650000e-06	1.660191e-03	-6.644735e+00
3.660000e-06	-9.433709e-03	-6.812054e+00
3.670000e-06	1.386177e-02	-6.918443e+00
3.680000e-06	-2.139592e-02	-7.079764e+00
3.690000e-06	5.391042e-02	-7.283662e+00
3.700000e-06	-1.353776e-02	-7.381527e+00
3.710000e-06	-5.953013e-03	-7.535320e+00
3.720000e-06	2.352661e-03	-7.696283e+00
3.730000e-06	2.970458e-03	-7.856164e+00
3.740000e-06	2.347736e-02	-7.961450e+00
3.750000e-06	-1.269215e-02	-8.076238e+00
3.760000e-06	2.753520e-02	-8.183031e+00
3.770000e-06	2.830595e-04	-8.297292e+00
3.780000e-06	-2.788125e-03	-8.412007e+00
3.790000e-06	2.085264e-06	-8.525818e+00
3.800000e-06	9.340652e-03	-8.653736e+00
3.810000e-06	2.100454e-02	-8.779500e+00
3.820000e-06	-8.339509e-03	-8.856711e+00
3.830000e-06	9.744391e-03	-8.939872e+00
3.840000e-06	5.746945e-03	-9.054231e+00
3.850000e-06	9.587352e-03	-9.096368e+00
3.860000e-06	1.356455e-03	-9.211449e+00
3.870000e-06	6.167113e-03	-9.262764e+00
3.880000e-06	1.339518e-02	-9.309976e+00
3.890000e-06	3.245808e-03	-9.435266e+00
3.900000e-06	6.348525e-03	-9.530399e+00
3.910000e-06	4.121912e-03	-9.623628e+00
3.920000e-06	6.388118e-03	-9.674788e+00
3.930000e-06	4.948286e-03	-9.719891e+00
3.940000e-06	1.432382e-02	-9.822030e+00
3.950000e-06	1.372333e-02	-9.863204e+00
3.960000e-06	4.642530e-03	-9.897838e+00
3.970000e-06	2.881958e-03	-9.897418e+00
3.980000e-06	7.788290e-03	-9.949900e+00
3.990000e-06	1.387754e-02	-9.982055e+00
4.000000e-06	8.159888e-03	-1.005356e+01
4.010000e-06	6.270593e-03	-1.008626e+01
4.020000e-06	8.218662e-03	-1.016637e+01
4.030000e-06	1.032157e-02	-1.014047e+01
4.040000e-06	9.339369e-03	-1.021193e+01
4.050000e-06	8.391611e-03	-1.022163e+01
4.060000e-06	9.908588e-03	-1.021315e+01
4.070000e-06	1.210235e-02	-1.023324e+01
4.080000e-06	1.103801e-02	-1.025522e+01
4.090000e-06	9.918452e-03	-1.027281e+01
4.100000e-06	9.258971e-03	-1.027479e+01
4.110000e-06	9.612432e-03	-1.025584e+01
4.120000e-06	1.126049e-02	-1.026422e+01
4.130000e-06	1.338025e-02	-1.022518e+01
4.140000e-06	1.493758e-02	-1.023319e+01
4.150000e-06	1.256739e-02	-1.023260e+01
4.160000e-06	1.240973e-02	-1.017350e+01
4.170000e-06	1.301352e-02	-1.017999e+01
4.180000e-06	1.606916e-02	-1.011689e+01
4.190000e-06	1.568428e-02	-1.010534e+01
4.200000e-06	1.533979e-02	-1.005423e+01
4.210000e-06	1.661380e-02	-9.992051e+00
4.220000e-06	1.653820e-02	-1.000005e+01
4.230000e-06	1.606096e-02	-9.970795e+00
4.240000e-06	1.714163e-02	-9.885317e+00
4.250000e-06	1.963649e-02	-9.843181e+00
4.260000e-06	2.022809e-02	-9.818504e+00
4.270000e-06	1.957033e-02	-9.748821e+00
4.280000e-06	2.031183e-02	-9.695707e+00
4.290000e-06	2.057922e-02	-9.662631e+00
4.300000e-06	2.038853e-02	-9.599903e+00
4.310000e-06	2.031512e-02	-9.515866e+00
4.320000e-06	2.108912e-02	-9.433086e+00
4.330000e-06	2.191629e-02	-9.338870e+00
4.340000e-06	2.158398e-02	-9.232632e+00
4.350000e-06	2.145450e-02	-9.137942e+00
4.360000e-06	2.158058e-02	-9.084637e+00
4.370000e-06	2.129551e-02	-8.989895e+00
4.380000e-06	2.232673e-02	-8.893214e+00
4.390000e-06	2.285712e-02	-8.802573e+00
4.400000e-06	2.216954e-02	-8.725339e+00
4.410000e-06	2.072501e-02	-8.579503e+00
4.420000e-06	2.102977e-02	-8.472603e+00
4.430000e-06	2.191202e-02	-8.388893e+00
4.440000e-06	2.186924e-02	-8.253708e+00
4.450000e-06	2.181813e-02	-8.128867e+00
4.460000e-06	2.231619e-02	-8.032709e+00
4.470000e-06	2.074168e-02	-7.977020e+00
4.480000e-06	2.039222e-02	-7.758944e+00
4.490000e-06	1.909307e-02	-7.630498e+00
4.500000e-06	1.838408e-02	-7.453708e+00
4.510000e-06	1.865177e-02	-7.346344e+00
4.520000e-06	1.940691e-02	-7.219031e+00
4.530000e-06	1.948220e-02	-7.094782e+00
4.540000e-06	1.618367e-02	-6.914290e+00
4.550000e-06	1.610118e-02	-6.787971e+00
4.560000e-06	1.588294e-02	-6.623632e+00
4.570000e-06	1.601448e-02	-6.515758e+00
4.580000e-06	1.399612e-02	-6.378471e+00
4.590000e-06	1.298792e-02	-6.189053e+00
4.600000e-06	1.250495e-02	-6.009050e+00
4.610000e-06	1.177673e-02	-5.905108e+00
4.620000e-06	1.041058e-02	-5.744915e+00
4.630000e-06	9.724535e-03	-5.579999e+00
4.640000e-06	9.080531e-03	-5.390526e+00
4.650000e-06	8.973375e-03	-5.207422e+00
4.660000e-06	8.228248e-03	-5.030374e+00
4.670000e-06	6.946495e-03	-4.788027e+00
4.680000e-06	5.999585e-03	-4.629100e+00
4.690000e-06	5.431569e-03	-4.461208e+00
4.700000e-06	5.719965e-03	-4.315766e+00
4.710000e-06	3.685145e-03	-4.166921e+00
4.720000e-06	4.146456e-03	-3.980527e+00
4.730000e-06	3.182368e-03	-3.859580e+00
4.740000e-06	2.236748e-03	-3.619053e+00
4.750000e-06	2.102138e-03	-3.471129e+00
4.760000e-06	3.810877e-03	-3.312782e+00
4.770000e-06	2.508913e-03	-3.105715e+00
4.780000e-06	1.192608e-03	-2.882737e+00
4.790000e-06	-1.438468e-04	-2.726236e+00
4.800000e-06	-3.579035e-04	-2.545841e+00
4.810000e-06	-2.748527e-04	-2.398871e+00
4.820000e-06	-6.466117e-04	-2.196967e+00
4.830000e-06	-8.254104e-05	-1.979295e+00
4.840000e-06	-2.738968e-04	-1.808996e+00
4.850000e-06	-3.319782e-04	-1.661077e+00
4.860000e-06	-1.315274e-03	-1.439491e+00
4.870000e-06	-2.969045e-03	-1.169393e+00
4.880000e-06	-3.377940e-03	-1.018995e+00
4.890000e-06	-3.360382e-03	-7.995726e-01
4.900000e-06	-1.867523e-03	-6.195079e-01
4.910000e-06	-2.593654e-03	-4.409501e-01
4.920000e-06	-2.576286e-03	-2.501040e-01
4.930000e-06	-2.553958e-04	-8.263060e-02
4.940000e-06	3.509678e-03	1.378431e-01
4.950000e-06	-7.309898e-04	3.178934e-01
4.960000e-06	-1.551580e-04	5.162906e-01
4.970000e-06	-1.012027e-03	6.247377e-01
4.980000e-06	-2.568544e-03	8.404990e-01
4.990000e-06	-3.339051e-03	1.004956e+00
5.000000e-06	1.344523e-04	1.252655e+00
5.010000e-06	1.176699e-02	1.372601e+00
5.020000e-06	4.998636e-02	1.613139e+00
5.030000e-06	2.702552e-02	1.935762e+00
5.040000e-06	-4.394887e-02	2.075713e+00
5.050000e-06	-4.097796e-02	2.254136e+00
5.060000e-06	-5.722049e-02	2.362953e+00
5.070000e-06	-3.954226e-02	2.516873e+00
5.080000e-06	1.002863e-01	2.738816e+00
5.090000e-06	-1.513004e-03	2.896766e+00
5.100000e-06	-6.359501e-02	3.042655e+00
5.110000e-06	8.746751e-02	3.190555e+00
5.120000e-06	-5.182430e-02	3.436134e+00
5.130000e-06	-2.303122e-02	3.601025e+00
5.140000e-06	6.147843e-02	3.738492e+00
5.150000e-06	-6.659476e-02	3.959897e+00
5.160000e-06	-5.163166e-03	4.126892e+00
5.170000e-06	5.187738e-02	4.318267e+00
5.180000e-06	-2.682496e-02	4.474963e+00
5.190000e-06	-1.016499e-02	4.664179e+00
5.200000e-06	-4.185761e-02	4.864689e+00
5.210000e-06	-4.121712e-03	5.046161e+00
5.220000e-06	3.648763e-02	5.255213e+00
5.230000e-06	-2.352123e-03	5.443183e+00
5.240000e-06	-1.431307e-02	5.560946e+00
5.250000e-06	-1.832107e-02	5.781322e+00
5.260000e-06	8.186501e-03	5.928946e+00
5.270000e-06	-1.932533e-02	6.095712e+00
5.280000e-06	-8.524629e-03	6.213660e+00
5.290000e-06	1.203922e-02	6.360476e+00
5.300000e-06	-1.840563e-02	6.546347e+00
5.310000e-06	-6.907849e-04	6.678342e+00
5.320000e-06	-8.212887e-03	6.864735e+00
5.330000e-06	-1.506810e-02	6.991600e+00
5.340000e-06	-2.055457e-03	7.098367e+00
5.350000e-06	-8.471636e-03	7.237606e+00
5.360000e-06	2.119580e-03	7.380106e+00
5.370000e-06	-1.181827e-02	7.611925e+00
5.380000e-06	-1.448947e-02	7.708343e+00
5.390000e-06	-1.036407e-02	7.844135e+00
5.400000e-06	-5.857238e-03	8.001652e+00
5.410000e-06	-2.670454e-03	8.118367e+00
5.420000e-06	-1.251691e-02	8.252732e+00
5.430000e-06	-2.060170e-03	8.340424e+00
5.440000e-06	-4.840767e-03	8.475187e+00
5.450000e-06	-1.468691e-02	8.538865e+00
5.460000e-06	-1.793151e-02	8.625685e+00
5.470000e-06	-1.026012e-02	8.719346e+00
5.480000e-06	-1.406707e-03	8.823133e+00
5.490000e-06	-8.928058e-03	8.939314e+00
5.500000e-06	-1.235753e-02	9.055159e+00
5.510000e-06	-1.146236e-02	9.148975e+00
5.520000e-06	-9.573657e-03	9.252134e+00
5.530000e-06	-1.036413e-02	9.317290e+00
5.540000e-06	-1.141987e-02	9.411000e+00
5.550000e-06	-9.368288e-03	9.465207e+00
5.560000e-06	-1.258874e-02	9.519841e+00
5.570000e-06	-1.351918e-02	9.582031e+00
5.580000e-06	-1.364213e-02	9.684708e+00
5.590000e-06	-1.242864e-02	9.749424e+00
5.600000e-06	-1.177092e-02	9.844109e+00
5.610000e-06	-8.171101e-03	9.877790e+00
5.620000e-06	-8.885134e-03	9.949422e+00
5.630000e-06	-1.388248e-02	9.972078e+00
5.640000e-06	-1.718883e-02	1.008213e+01
5.650000e-06	-1.587619e-02	1.007681e+01
5.660000e-06	-1.261707e-02	1.014731e+01
5.670000e-06	-1.355736e-02	1.016899e+01
5.680000e-06	-1.404069e-02	1.014108e+01
5.690000e-06	-1.372318e-02	1.018353e+01
5.700000e-06	-1.399739e-02	1.023313e+01
5.710000e-06	-1.340610e-02	1.023316e+01
5.720000e-06	-1.442674e-02	1.029521e+01
5.730000e-06	-1.516863e-02	1.030684e+01
5.740000e-06	-1.453522e-02	1.029789e+01
5.750000e-06	-1.494502e-02	1.030691e+01
5.760000e-06	-1.701145e-02	1.033484e+01
5.770000e-06	-1.856601e-02	1.033934e+01
5.780000e-06	-1.773514e-02	1.033786e+01
5.790000e-06	-1.645754e-02	1.031574e+01
5.800000e-06	-1.686855e-02	1.029631e+01
5.810000e-06	-1.720173e-02	1.029378e+01
5.820000e-06	-1.840394e-02	1.026421e+01
5.830000e-06	-2.094332e-02	1.025158e+01
5.840000e-06	-2.112187e-02	1.020160e+01
5.850000e-06	-2.104127e-02	1.023958e+01
5.860000e-06	-2.116266e-02	1.017897e+01
5.870000e-06	-2.258802e-02	1.015634e+01
5.880000e-06	-2.211145e-02	1.008426e+01
5.890000e-06	-2.243991e-02	1.005413e+01
5.900000e-06	-2.354989e-02	1.002057e+01
5.910000e-06	-2.470838e-02	9.947446e+00
5.920000e-06	-2.413773e-02	9.904862e+00
5.930000e-06	-2.366571e-02	9.781182e+00
5.940000e-06	-2.538464e-02	9.768442e+00
5.950000e-06	-2.848147e-02	9.664158e+00
5.960000e-06	-2.794314e-02	9.619548e+00
5.970000e-06	-2.722368e-02	9.506364e+00
5.980000e-06	-2.680727e-02	9.462708e+00
5.990000e-06	-2.699357e-02	9.420073e+00
6.000000e-06	-2.744951e-02	9.316790e+00
6.010000e-06	-2.768345e-02	9.261128e+00
6.020000e-06	-2.813715e-02	9.179499e+00
6.030000e-06	-2.893148e-02	9.033215e+00
6.040000e-06	-2.831990e-02	8.965349e+00
6.050000e-06	-2.792411e-02	8.821103e+00
6.060000e-06	-2.779248e-02	8.737369e+00
6.070000e-06	-2.837806e-02	8.684656e+00
6.080000e-06	-2.859318e-02	8.548366e+00
6.090000e-06	-2.829683e-02	8.472129e+00
6.100000e-06	-2.678260e-02	8.349371e+00
6.110000e-06	-2.703699e-02	8.232605e+00
6.120000e-06	-2.676583e-02	8.115241e+00
6.130000e-06	-2.782311e-02	8.008970e+00
6.140000e-06	-2.740381e-02	7.873235e+00
6.150000e-06	-2.713694e-02	7.745290e+00
6.160000e-06	-2.683465e-02	7.622000e+00
6.170000e-06	-2.666271e-02	7.461332e+00
6.180000e-06	-2.439490e-02	7.332184e+00
6.190000e-06	-2.355655e-02	7.146919e+00
6.200000e-06	-2.299271e-02	7.011054e+00
6.210000e-06	-2.433746e-02	6.892684e+00
6.220000e-06	-2.233902e-02	6.775969e+00
6.230000e-06	-2.191357e-02	6.556998e+00
6.240000e-06	-2.119695e-02	6.429423e+00
6.250000e-06	-2.119303e-02	6.283686e+00
6.260000e-06	-2.019582e-02	6.145790e+00
6.270000e-06	-1.880950e-02	6.009975e+00
6.280000e-06	-1.829651e-02	5.913055e+00
6.290000e-06	-1.782607e-02	5.700057e+00
6.300000e-06	-1.603136e-02	5.514767e+00
6.310000e-06	-1.521676e-02	5.326846e+00
6.320000e-06	-1.501448e-02	5.175819e+00
6.330000e-06	-1.499651e-02	4.923291e+00
6.340000e-06	-1.419540e-02	4.725893e+00
6.350000e-06	-1.315283e-02	4.568369e+00
6.360000e-06	-1.231023e-02	4.421079e+00
6.370000e-06	-1.198969e-02	4.241604e+00
6.380000e-06	-1.172792e-02	4.060128e+00
6.390000e-06	-1.003782e-02	3.893733e+00
6.400000e-06	-1.108748e-02	3.735260e+00
6.410000e-06	-8.989592e-03	3.567420e+00
6.420000e-06	-9.778021e-03	3.345469e+00
6.430000e-06	-9.231356e-03	3.156416e+00
6.440000e-06	-8.733571e-03	2.977896e+00
6.450000e-06	-8.976953e-03	2.810129e+00
6.460000e-06	-7.406267e-03	2.621579e+00
6.470000e-06	-8.188068e-03	2.399003e+00
6.480000e-06	-7.313081e-03	2.250578e+00
6.490000e-06	-7.039326e-03	2.081704e+00
6.500000e-06	-6.364615e-03	1.943788e+00
6.510000e-06	-6.509039e-03	1.654788e+00
6.520000e-06	-6.209718e-03	1.522738e+00
6.530000e-06	-5.570212e-03	1.303260e+00
6.540000e-06	-6.111330e-03	1.084234e+00
6.550000e-06	-5.595993e-03	9.021278e-01
6.560000e-06	-5.947178e-03	7.101669e-01
6.570000e-06	-3.987526e-03	5.017631e-01
6.580000e-06	-4.233019e-03	3.162435e-01
6.590000e-06	-3.115715e-03	1.138845e-01
6.600000e-06	1.453185e-03	-7.518518e-02
6.610000e-06	6.312012e-04	-2.521589e-01
6.620000e-06	-1.531197e-03	-4.109486e-01
6.630000e-06	-8.195729e-04	-5.799532e-01
6.640000e-06	-1.795623e-03	-7.498986e-01
6.650000e-06	-1.524850e-03	-9.087934e-01
6.660000e-06	9.659016e-04	-1.127264e+00
6.670000e-06	2.151670e-02	-1.275716e+00
6.680000e-06	6.595409e-02	-1.474716e+00
6.690000e-06	-2.769750e-03	-1.697771e+00
6.700000e-06	-4.843291e-02	-1.959472e+00
6.710000e-06	-4.059864e-02	-2.216105e+00
6.720000e-06	-7.423758e-02	-2.370998e+00
6.730000e-06	8.535729e-02	-2.493682e+00
6.740000e-06	4.735106e-02	-2.610054e+00
6.750000e-06	-8.927492e-02	-2.813026e+00
6.760000e-06	9.637480e-02	-2.969944e+00
6.770000e-06	-2.023180e-02	-3.180472e+00
6.780000e-06	-7.553336e-02	-3.340425e+00
6.790000e-06	1.195494e-01	-3.508272e+00
6.800000e-06	-5.832074e-02	-3.716292e+00
6.810000e-06	-3.940138e-02	-3.868417e+00
6.820000e-06	1.037032e-01	-4.053637e+00
6.830000e-06	-3.138242e-02	-4.226712e+00
6.840000e-06	2.297656e-02	-4.451980e+00
6.850000e-06	-5.428293e-02	-4.560513e+00
6.860000e-06	-3.886771e-02	-4.770931e+00
6.870000e-06	1.176173e-01	-4.938866e+00
6.880000e-06	-2.964061e-02	-5.067219e+00
6.890000e-06	-1.643865e-03	-5.298237e+00
6.900000e-06	2.824523e-03	-5.466666e+00
6.910000e-06	-1.053158e-02	-5.687714e+00
6.920000e-06	3.368494e-02	-5.823511e+00
6.930000e-06	-4.334400e-02	-5.959897e+00
6.940000e-06	5.124719e-02	-6.136312e+00
6.950000e-06	-9.912347e-03	-6.276767e+00
6.960000e-06	-1.757266e-02	-6.473164e+00
6.970000e-06	4.297898e-02	-6.591025e+00
6.980000e-06	-2.567182e-02	-6.709922e+00
6.990000e-06	2.450519e-02	-6.866285e+00
7.000000e-06	-2.516439e-02	-7.034663e+00
7.010000e-06	2.214393e-02	-7.172504e+00
7.020000e-06	3.018180e-02	-7.307920e+00
7.030000e-06	-2.659716e-02	-7.436685e+00
7.040000e-06	1.245113e-02	-7.572604e+00
7.050000e-06	-1.010535e-02	-7.782944e+00
7.060000e-06	2.726592e-02	-7.939421e+00
7.070000e-06	-3.402822e-03	-8.054136e+00
7.080000e-06	7.962603e-03	-8.169472e+00
7.090000e-06	1.937432e-02	-8.264688e+00
7.100000e-06	-1.007565e-02	-8.391453e+00
7.110000e-06	5.423678e-03	-8.507782e+00
7.120000e-06	-1.664724e-03	-8.582495e+00
7.130000e-06	2.358579e-02	-8.729392e+00
7.140000e-06	1.836822e-05	-8.824135e+00
7.150000e-06	-6.650230e-04	-8.907788e+00
7.160000e-06	1.147490e-02	-8.982526e+00
7.170000e-06	7.377891e-03	-9.106765e+00
7.180000e-06	7.841741e-03	-9.169422e+00
7.190000e-06	-2.605694e-04	-9.214105e+00
7.200000e-06	1.383427e-02	-9.317839e+00
7.210000e-06	7.689869e-03	-9.423079e+00
7.220000e-06	5.526745e-03	-9.518269e+00
7.230000e-06	5.123214e-03	-9.601529e+00
7.240000e-06	4.920191e-03	-9.694161e+00
7.250000e-06	6.291148e-03	-9.665765e+00
7.260000e-06	9.562937e-03	-9.760927e+00
7.270000e-06	1.552605e-02	-9.854634e+00
7.280000e-06	7.819706e-03	-9.886213e+00
7.290000e-06	2.832337e-03	-9.937368e+00
7.300000e-06	4.451597e-03	-9.969395e+00
7.310000e-06	1.161415e-02	-1.002103e+01
7.320000e-06	1.029132e-02	-1.001213e+01
7.330000e-06	6.444844e-03	-1.003524e+01
7.340000e-06	6.283764e-03	-1.012771e+01
7.350000e-06	8.947237e-03	-1.012890e+01
7.360000e-06	1.098114e-02	-1.015993e+01
7.370000e-06	9.537424e-03	-1.022208e+01
7.380000e-06	8.016074e-03	-1.020061e+01
7.390000e-06	9.703010e-03	-1.024308e+01
7.400000e-06	1.230593e-02	-1.024831e+01
7.410000e-06	1.078215e-02	-1.023521e+01
7.420000e-06	8.986138e-03	-1.029681e+01
7.430000e-06	9.455842e-03	-1.028731e+01
7.440000e-06	1.067150e-02	-1.028476e+01
7.450000e-06	1.252104e-02	-1.027663e+01
7.460000e-06	1.359883e-02	-1.023576e+01
7.470000e-06	1.362207e-02	-1.023313e+01
7.480000e-06	1.235456e-02	-1.020460e+01
7.490000e-06	1.205542e-02	-1.013903e+01
7.500000e-06	1.434636e-02	-1.011834e+01
7.510000e-06	1.636875e-02	-1.010686e+01
7.520000e-06	1.486724e-02	-1.007314e+01
7.530000e-06	1.502563e-02	-1.002263e+01
7.540000e-06	1.800439e-02	-1.003203e+01
7.550000e-06	1.796270e-02	-9.949471e+00
7.560000e-06	1.725158e-02	-9.936865e+00
7.570000e-06	1.716649e-02	-9.893659e+00
7.580000e-06	1.893084e-02	-9.823133e+00
7.590000e-06	1.967916e-02	-9.778997e+00
7.600000e-06	1.936824e-02	-9.727289e+00
7.610000e-06	2.028880e-02	-9.673186e+00
7.620000e-06	1.978225e-02	-9.621103e+00
7.630000e-06	2.079500e-02	-9.588941e+00
7.640000e-06	2.099167e-02	-9.455740e+00
7.650000e-06	2.214475e-02	-9.378945e+00
7.660000e-06	2.066954e-02	-9.283713e+00
7.670000e-06	2.127611e-02	-9.230024e+00
7.680000e-06	2.124484e-02	-9.096767e+00
7.690000e-06	2.267376e-02	-9.011582e+00
7.700000e-06	2.206627e-02	-8.917443e+00
7.710000e-06	2.303871e-02	-8.832656e+00
7.720000e-06	2.170321e-02	-8.778494e+00
7.730000e-06	2.206880e-02	-8.654658e+00
7.740000e-06	2.094048e-02	-8.467789e+00
7.750000e-06	2.106430e-02	-8.432124e+00
7.760000e-06	2.205624e-02	-8.305238e+00
7.770000e-06	2.165650e-02	-8.211500e+00
7.780000e-06	2.087134e-02	-8.074234e+00
7.790000e-06	2.080622e-02	-7.998974e+00
7.800000e-06	2.036731e-02	-7.853529e+00
7.810000e-06	2.036355e-02	-7.696637e+00
7.820000e-06	1.880908e-02	-7.526793e+00
7.830000e-06	1.925132e-02	-7.400527e+00
7.840000e-06	1.874621e-02	-7.273734e+00
7.850000e-06	1.869771e-02	-7.178916e+00
7.860000e-06	1.729495e-02	-6.998950e+00
7.870000e-06	1.681191e-02	-6.831628e+00
7.880000e-06	1.669311e-02	-6.665234e+00
7.890000e-06	1.571572e-02	-6.579421e+00
7.900000e-06	1.500224e-02	-6.431049e+00
7.910000e-06	1.352742e-02	-6.252833e+00
7.920000e-06	1.179090e-02	-6.063732e+00
7.930000e-06	1.191589e-02	-5.906867e+00
7.940000e-06	1.168486e-02	-5.808574e+00
7.950000e-06	1.110287e-02	-5.642105e+00
7.960000e-06	9.867870e-03	-5.463709e+00
7.970000e-06	8.677143e-03	-5.283236e+00
7.980000e-06	8.034545e-03	-5.124136e+00
7.990000e-06	6.696908e-03	-4.934911e+00
8.000000e-06	5.773197e-03	-4.662812e+00
8.010000e-06	6.103701e-03	-4.526891e+00
8.020000e-06	6.533834e-03	-4.399049e+00
8.030000e-06	4.962194e-03	-4.272128e+00
8.040000e-06	4.051785e-03	-4.062734e+00
8.050000e-06	3.583631e-03	-3.895912e+00
8.060000e-06	3.160531e-03	-3.693415e+00
8.070000e-06	2.608904e-03	-3.525393e+00
8.080000e-06	2.060304e-03	-3.364864e+00
8.090000e-06	2.942708e-03	-3.209027e+00
8.100000e-06	1.480227e-03	-2.968415e+00
8.110000e-06	2.474112e-06	-2.800922e+00
8.120000e-06	-4.780968e-04	-2.622079e+00
8.130000e-06	-6.049168e-04	-2.458174e+00
8.140000e-06	5.019560e-04	-2.273532e+00
8.150000e-06	4.074904e-04	-2.041158e+00
8.160000e-06	-1.497128e-03	-1.892260e+00
8.170000e-06	-9.970716e-04	-1.722233e+00
8.180000e-06	-1.368952e-03	-1.527763e+00
8.190000e-06	-2.277231e-03	-1.301131e+00
8.200000e-06	-1.771539e-03	-1.071233e+00
8.210000e-06	-3.495326e-03	-9.242294e-01
8.220000e-06	-1.033705e-03	-7.237172e-01
8.230000e-06	-2.996475e-03	-5.231821e-01
8.240000e-06	-2.711647e-03	-3.148134e-01
8.250000e-06	-2.595501e-03	-1.668136e-01
8.260000e-06	9.198939e-04	5.358626e-02
8.270000e-06	1.707447e-03	2.745853e-01
8.280000e-06	-1.820421e-03	4.341078e-01
8.290000e-06	-1.197502e-03	5.909762e-01
8.300000e-06	-1.104033e-03	7.398684e-01
8.310000e-06	-3.225557e-03	9.378665e-01
8.320000e-06	-1.192934e-03	1.129319e+00
8.330000e-06	2.756300e-03	1.297843e+00
8.340000e-06	3.087577e-02	1.558818e+00
8.350000e-06	5.192866e-02	1.791476e+00
8.360000e-06	-1.578197e-02	2.001427e+00
8.370000e-06	-5.060863e-02	2.160525e+00
8.380000e-06	-4.282972e-02	2.329313e+00
8.390000e-06	-6.690659e-02	2.453714e+00
8.400000e-06	4.289082e-02	2.603157e+00
8.410000e-06	8.013504e-02	2.852605e+00
8.420000e-06	-9.131606e-02	2.980548e+00
8.430000e-06	4.118899e-02	3.107837e+00
8.440000e-06	3.856280e-02	3.280867e+00
8.450000e-06	-8.632092e-02	3.549894e+00
8.460000e-06	5.323691e-02	3.662707e+00
8.470000e-06	-4.067742e-03	3.845635e+00
8.480000e-06	-5.991382e-02	4.034654e+00
8.490000e-06	5.575217e-02	4.212610e+00
8.500000e-06	-2.285911e-04	4.433129e+00
8.510000e-06	-2.184625e-02	4.579520e+00
8.520000e-06	-2.044339e-02	4.749373e+00
8.530000e-06	-3.224837e-02	5.000977e+00
8.540000e-06	2.948173e-02	5.192501e+00
8.550000e-06	1.471033e-02	5.370397e+00
8.560000e-06	-8.757228e-03	5.496365e+00
8.570000e-06	-2.152392e-02	5.694784e+00
8.580000e-06	-3.710891e-03	5.866659e+00
8.590000e-06	-2.388312e-03	6.023135e+00
8.600000e-06	-2.298970e-02	6.200396e+00
8.610000e-06	1.192360e-02	6.328293e+00
8.620000e-06	-5.459309e-03	6.455208e+00
8.630000e-06	-1.329836e-02	6.614113e+00
8.640000e-06	1.324118e-03	6.802026e+00
8.650000e-06	-2.136613e-02	6.917848e+00
8.660000e-06	-5.792829e-03	7.056712e+00
8.670000e-06	-5.766271e-03	7.171447e+00
8.680000e-06	-6.915267e-04	7.338443e+00
8.690000e-06	-4.066566e-03	7.558766e+00
8.700000e-06	-1.608155e-02	7.684731e+00
8.710000e-06	-9.602034e-03	7.794400e+00
8.720000e-06	-9.452443e-03	7.978998e+00
8.730000e-06	-2.399689e-03	8.086139e+00
8.740000e-06	-1.137277e-02	8.171032e+00
8.750000e-06	-7.664177e-03	8.305394e+00
8.760000e-06	-2.275960e-03	8.443080e+00
8.770000e-06	-1.063503e-02	8.486839e+00
8.780000e-06	-1.663587e-02	8.572007e+00
8.790000e-06	-1.391551e-02	8.696840e+00
8.800000e-06	-2.976934e-03	8.801051e+00
8.810000e-06	-4.083740e-03	8.864239e+00
8.820000e-06	-1.239438e-02	8.990425e+00
8.830000e-06	-1.301485e-02	9.118364e+00
8.840000e-06	-1.200352e-02	9.210079e+00
8.850000e-06	-8.294855e-03	9.265211e+00
8.860000e-06	-1.124997e-02	9.367923e+00
8.870000e-06	-1.004107e-02	9.461582e+00
8.880000e-06	-9.745187e-03	9.475765e+00
8.890000e-06	-1.268603e-02	9.590528e+00
8.900000e-06	-1.220086e-02	9.633554e+00
8.910000e-06	-1.301367e-02	9.675265e+00
8.920000e-06	-1.420382e-02	9.813524e+00
8.930000e-06	-1.144654e-02	9.855762e+00
8.940000e-06	-8.410257e-03	9.937917e+00
8.950000e-06	-1.045216e-02	9.999476e+00
8.960000e-06	-1.628847e-02	1.003306e+01
8.970000e-06	-1.635932e-02	1.007471e+01
8.980000e-06	-1.260832e-02	1.010677e+01
8.990000e-06	-1.256817e-02	1.015839e+01
9.000000e-06	-1.388347e-02	1.016945e+01
9.010000e-06	-1.411505e-02	1.023058e+01
9.020000e-06	-1.396471e-02	1.022216e+01
9.030000e-06	-1.449525e-02	1.027263e+01
9.040000e-06	-1.417364e-02	1.025616e+01
9.050000e-06	-1.512495e-02	1.029581e+01
9.060000e-06	-1.596051e-02	1.027679e+01
9.070000e-06	-1.404241e-02	1.032734e+01
9.080000e-06	-1.524591e-02	1.030679e+01
9.090000e-06	-1.730662e-02	1.033729e+01
9.100000e-06	-1.817700e-02	1.031789e+01
9.110000e-06	-1.744983e-02	1.030626e+01
9.120000e-06	-1.703873e-02	1.030734e+01
9.130000e-06	-1.724113e-02	1.029569e+01
9.140000e-06	-1.926475e-02	1.023568e+01
9.150000e-06	-1.923556e-02	1.026571e+01
9.160000e-06	-2.120025e-02	1.024210e+01
9.170000e-06	-1.995620e-02	1.020100e+01
9.180000e-06	-2.082629e-02	1.013992e+01
9.190000e-06	-2.128185e-02	1.013737e+01
9.200000e-06	-2.154732e-02	1.009521e+01
9.210000e-06	-2.236833e-02	1.004414e+01
9.220000e-06	-2.433206e-02	1.004205e+01
9.230000e-06	-2.400192e-02	1.001002e+01
9.240000e-06	-2.524768e-02	9.945915e+00
9.250000e-06	-2.382308e-02	9.873734e+00
9.260000e-06	-2.555209e-02	9.739455e+00
9.270000e-06	-2.613019e-02	9.716736e+00
9.280000e-06	-2.578857e-02	9.631027e+00
9.290000e-06	-2.661660e-02	9.578947e+00
9.300000e-06	-2.693859e-02	9.485764e+00
9.310000e-06	-2.773220e-02	9.431107e+00
9.320000e-06	-2.658476e-02	9.338417e+00
9.330000e-06	-2.751925e-02	9.272732e+00
9.340000e-06	-2.836611e-02	9.201599e+00
9.350000e-06	-2.851985e-02	9.127741e+00
9.360000e-06	-2.916086e-02	9.031574e+00
9.370000e-06	-2.791615e-02	8.864307e+00
9.380000e-06	-2.862832e-02	8.810096e+00
9.390000e-06	-2.860770e-02	8.715787e+00
9.400000e-06	-2.938050e-02	8.608475e+00
9.410000e-06	-2.839339e-02	8.475684e+00
9.420000e-06	-2.781730e-02	8.401552e+00
9.430000e-06	-2.800629e-02	8.283715e+00
9.440000e-06	-2.787787e-02	8.147443e+00
9.450000e-06	-2.717929e-02	8.063080e+00
9.460000e-06	-2.659019e-02	7.895295e+00
9.470000e-06	-2.732913e-02	7.809945e+00
9.480000e-06	-2.674147e-02	7.671654e+00
9.490000e-06	-2.687043e-02	7.515862e+00
9.500000e-06	-2.569421e-02	7.407866e+00
9.510000e-06	-2.697229e-02	7.189975e+00
9.520000e-06	-2.366988e-02	7.074184e+00
9.530000e-06	-2.226639e-02	6.936287e+00
9.540000e-06	-2.165182e-02	6.800474e+00
9.550000e-06	-2.336621e-02	6.671659e+00
9.560000e-06	-2.329133e-02	6.522242e+00
9.570000e-06	-2.221191e-02	6.347766e+00
9.580000e-06	-1.961742e-02	6.208573e+00
9.590000e-06	-1.925140e-02	6.033658e+00
9.600000e-06	-1.800376e-02	5.916366e+00
9.610000e-06	-1.893025e-02	5.746892e+00
9.620000e-06	-1.759912e-02	5.606346e+00
9.630000e-06	-1.685283e-02	5.420450e+00
9.640000e-06	-1.592691e-02	5.249553e+00
9.650000e-06	-1.471861e-02	5.039003e+00
9.660000e-06	-1.371408e-02	4.801525e+00
9.670000e-06	-1.282764e-02	4.660153e+00
9.680000e-06	-1.277881e-02	4.504683e+00
9.690000e-06	-1.327041e-02	4.347772e+00
9.700000e-06	-1.275809e-02	4.124314e+00
9.710000e-06	-1.117055e-02	3.915890e+00
9.720000e-06	-1.069284e-02	3.807447e+00
9.730000e-06	-9.101021e-03	3.661604e+00
9.740000e-06	-1.080483e-02	3.472028e+00
9.750000e-06	-9.345307e-03	3.231253e+00
9.760000e-06	-1.075360e-02	3.092683e+00
9.770000e-06	-7.621319e-03	2.912186e+00
9.780000e-06	-8.199764e-03	2.727762e+00
9.790000e-06	-7.065378e-03	2.531786e+00
9.800000e-06	-7.344970e-03	2.334765e+00
9.810000e-06	-6.563868e-03	2.145317e+00
9.820000e-06	-7.577126e-03	1.987397e+00
9.830000e-06	-6.575822e-03	1.764895e+00
9.840000e-06	-6.521593e-03	1.588994e+00
9.850000e-06	-4.970037e-03	1.398898e+00
9.860000e-06	-6.025912e-03	1.209921e+00
9.870000e-06	-5.334888e-03	9.848687e-01
9.880000e-06	-5.342679e-03	7.473198e-01
9.890000e-06	-5.936893e-03	5.679451e-01
9.900000e-06	-4.114832e-03	4.295751e-01
9.910000e-06	-4.735569e-03	2.689978e-01
9.920000e-06	-1.853688e-04	3.844889e-02
9.930000e-06	2.121093e-03	-1.708985e-01
9.940000e-06	-6.321383e-04	-2.982908e-01
9.950000e-06	-1.594203e-03	-5.058356e-01
9.960000e-06	-1.320340e-03	-6.577418e-01
9.970000e-06	-1.757854e-03	-8.856341e-01
9.980000e-06	1.213439e-04	-1.013155e+00
9.990000e-06	6.602635e-03	-1.151547e+00
1.000000e-05	5.567030e-02	-1.369850e+00
1.001000e-05	3.955556e-02	-1.592578e+00
1.002000e-05	-4.337868e-02	-1.866183e+00
1.003000e-05	-3.715471e-02	-2.118245e+00
1.004000e-05	-7.595982e-02	-2.339323e+00
1.005000e-05	7.311792e-03	-2.451155e+00
1.006000e-05	1.174745e-01	-2.507843e+00
1.007000e-05	-8.233776e-02	-2.687343e+00
1.008000e-05	-4.137044e-03	-2.908417e+00
1.009000e-05	7.841876e-02	-3.116734e+00
1.010000e-05	-1.161199e-01	-3.276743e+00
1.011000e-05	4.571986e-02	-3.445760e+00
1.012000e-05	5.328814e-02	-3.580605e+00
1.013000e-05	-1.020479e-01	-3.807054e+00
1.014000e-05	8.227210e-02	-3.968951e+00
1.015000e-05	2.772932e-02	-4.160443e+00
1.016000e-05	-2.952628e-02	-4.359922e+00
1.017000e-05	1.684472e-02	-4.476261e+00
1.018000e-05	-9.660782e-02	-4.686688e+00
1.019000e-05	7.291834e-02	-4.875183e+00
1.020000e-05	4.646102e-02	-5.032681e+00
1.021000e-05	-4.095535e-02	-5.214007e+00
1.022000e-05	2.496642e-02	-5.332126e+00
1.023000e-05	-3.243043e-02	-5.610978e+00
1.024000e-05	3.573333e-02	-5.769497e+00
1.025000e-05	-1.621354e-02	-5.896267e+00
1.026000e-05	-1.015227e-03	-6.022709e+00
1.027000e-05	4.344189e-02	-6.171096e+00
1.028000e-05	-4.664763e-02	-6.363522e+00
1.029000e-05	4.159530e-02	-6.528341e+00
1.030000e-05	-4.895000e-03	-6.644813e+00
1.031000e-05	-4.641540e-03	-6.831653e+00
1.032000e-05	8.181451e-03	-6.958973e+00
1.033000e-05	-1.553151e-02	-7.098372e+00
1.034000e-05	5.335631e-02	-7.304657e+00
1.035000e-05	-1.732342e-02	-7.433103e+00
1.036000e-05	-2.641336e-03	-7.529896e+00
1.037000e-05	1.369297e-03	-7.646839e+00
1.038000e-05	6.259477e-03	-7.865663e+00
1.039000e-05	2.094251e-02	-7.991000e+00
1.040000e-05	-1.059525e-02	-8.087364e+00
1.041000e-05	2.776524e-02	-8.233053e+00
1.042000e-05	-3.941501e-03	-8.318841e+00
1.043000e-05	-2.462585e-04	-8.383078e+00
1.044000e-05	9.512639e-04	-8.538887e+00
1.045000e-05	1.112003e-02	-8.686710e+00
1.046000e-05	1.957176e-02	-8.749400e+00
1.047000e-05	-6.928396e-03	-8.865834e+00
1.048000e-05	1.191678e-02	-8.990971e+00
1.049000e-05	5.258039e-03	-9.035683e+00
1.050000e-05	9.999521e-03	-9.088394e+00
1.051000e-05	-4.922468e-04	-9.232024e+00
1.052000e-05	6.459064e-03	-9.275788e+00
1.053000e-05	1.247130e-02	-9.380419e+00
1.054000e-05	5.652822e-03	-9.468264e+00
1.055000e-05	9.230814e-03	-9.551025e+00
1.056000e-05	4.646999e-03	-9.614609e+00
1.057000e-05	4.123405e-03	-9.684238e+00
1.058000e-05	5.077579e-03	-9.748941e+00
1.059000e-05	1.394315e-02	-9.830104e+00
1.060000e-05	1.301493e-02	-9.855209e+00
1.061000e-05	3.539043e-03	-9.907266e+00
1.062000e-05	4.046229e-03	-9.960392e+00
1.063000e-05	8.947600e-03	-9.989976e+00
1.064000e-05	1.361431e-02	-1.000250e+01
1.065000e-05	7.020387e-03	-1.002366e+01
1.066000e-05	6.267301e-03	-1.008326e+01
1.067000e-05	8.208507e-03	-1.015105e+01
1.068000e-05	1.166258e-02	-1.014045e+01
1.069000e-05	1.026066e-02	-1.017157e+01
1.070000e-05	6.610622e-03	-1.019266e+01
1.071000e-05	8.428094e-03	-1.023518e+01
1.072000e-05	1.225150e-02	-1.025366e+01
1.073000e-05	1.249329e-02	-1.024518e+01
1.074000e-05	9.395602e-03	-1.029578e+01
1.075000e-05	8.363334e-03	-1.029531e+01
1.076000e-05	9.423095e-03	-1.025571e+01
1.077000e-05	1.188432e-02	-1.027581e+01
1.078000e-05	1.359075e-02	-1.022576e+01
1.079000e-05	1.426184e-02	-1.023473e+01
1.080000e-05	1.273951e-02	-1.026216e+01
1.081000e-05	1.155916e-02	-1.015237e+01
1.082000e-05	1.418060e-02	-1.020992e+01
1.083000e-05	1.596858e-02	-1.017689e+01
1.084000e-05	1.502736e-02	-1.007524e+01
1.085000e-05	1.448830e-02	-1.007416e+01
1.086000e-05	1.703727e-02	-1.004200e+01
1.087000e-05	1.724842e-02	-9.981025e+00
1.088000e-05	1.629073e-02	-9.927845e+00
1.089000e-05	1.629102e-02	-9.896312e+00
1.090000e-05	1.901342e-02	-9.863183e+00
1.091000e-05	1.961358e-02	-9.801048e+00
1.092000e-05	1.955554e-02	-9.767395e+00
1.093000e-05	1.968912e-02	-9.666292e+00
1.094000e-05	1.999225e-02	-9.660579e+00
1.095000e-05	2.015558e-02	-9.620524e+00
1.096000e-05	2.010605e-02	-9.506789e+00
1.097000e-05	2.110880e-02	-9.462107e+00
1.098000e-05	2.193332e-02	-9.285318e+00
1.099000e-05	2.175341e-02	-9.260554e+00
1.100000e-05	2.112882e-02	-9.159965e+00
1.101000e-05	2.217241e-02	-9.064155e+00
1.102000e-05	2.282106e-02	-8.958416e+00
1.103000e-05	2.229084e-02	-8.864237e+00
1.104000e-05	2.180464e-02	-8.811078e+00
1.105000e-05	2.198441e-02	-8.726287e+00
1.106000e-05	2.145194e-02	-8.568397e+00
1.107000e-05	2.084307e-02	-8.453182e+00
1.108000e-05	2.166183e-02	-8.367420e+00
1.109000e-05	2.196537e-02	-8.273158e+00
1.110000e-05	2.186725e-02	-8.147767e+00
1.111000e-05	2.204200e-02	-8.021654e+00
1.112000e-05	2.122497e-02	-7.945789e+00
1.113000e-05	2.025116e-02	-7.756422e+00
1.114000e-05	1.970677e-02	-7.610026e+00
1.115000e-05	1.914092e-02	-7.462684e+00
1.116000e-05	1.896276e-02	-7.334263e+00
1.117000e-05	1.898814e-02	-7.231074e+00
1.118000e-05	1.822523e-02	-7.084160e+00
1.119000e-05	1.719442e-02	-6.913209e+00
1.120000e-05	1.634542e-02	-6.786371e+00
1.121000e-05	1.570537e-02	-6.642102e+00
1.122000e-05	1.591371e-02	-6.493311e+00
1.123000e-05	1.447277e-02	-6.349366e+00
1.124000e-05	1.287837e-02	-6.196944e+00
1.125000e-05	1.141485e-02	-6.019049e+00
1.126000e-05	1.122617e-02	-5.883652e+00
1.127000e-05	1.028045e-02	-5.745838e+00
1.128000e-05	1.028245e-02	-5.558970e+00
1.129000e-05	8.777163e-03	-5.396892e+00
1.130000e-05	8.855339e-03	-5.148921e+00
1.131000e-05	8.338319e-03	-5.019070e+00
1.132000e-05	6.611655e-03	-4.779969e+00
1.133000e-05	5.217453e-03	-4.611121e+00
1.134000e-05	5.477681e-03	-4.492158e+00
1.135000e-05	4.830347e-03	-4.305287e+00
1.136000e-05	3.994155e-03	-4.187887e+00
1.137000e-05	3.489366e-03	-4.039046e+00
1.138000e-05	3.306560e-03	-3.822596e+00
1.139000e-05	3.051119e-03	-3.598975e+00
1.140000e-05	2.710489e-03	-3.490655e+00
1.141000e-05	2.396633e-03	-3.294699e+00
1.142000e-05	1.888776e-03	-3.075208e+00
1.143000e-05	8.220695e-04	-2.841752e+00
1.144000e-05	3.567092e-04	-2.715288e+00
1.145000e-05	-5.220709e-04	-2.535763e+00
1.146000e-05	-9.354720e-04	-2.368394e+00
1.147000e-05	-3.428396e-04	-2.095916e+00
1.148000e-05	5.013084e-04	-1.938324e+00
1.149000e-05	-8.277781e-04	-1.777921e+00
1.150000e-05	-1.426351e-03	-1.579101e+00
1.151000e-05	-1.880038e-03	-1.396915e+00
1.152000e-05	-2.095917e-03	-1.146319e+00
1.153000e-05	-2.011906e-03	-9.478461e-01
1.154000e-05	-3.037244e-03	-7.474762e-01
1.155000e-05	-2.864492e-03	-5.969679e-01
1.156000e-05	-2.377765e-03	-3.694451e-01
1.157000e-05	-3.550938e-03	-2.305540e-01
1.158000e-05	-1.297731e-03	-2.815534e-02
1.159000e-05	3.129316e-03	1.269194e-01
1.160000e-05	4.224486e-05	3.408198e-01
1.161000e-05	-3.661452e-04	5.067678e-01
1.162000e-05	-1.071032e-03	6.637365e-01
1.163000e-05	-3.515019e-03	8.715538e-01
1.164000e-05	-3.028274e-03	1.024060e+00
1.165000e-05	8.409263e-04	1.264160e+00
1.166000e-05	1.405240e-02	1.421530e+00
1.167000e-05	5.126132e-02	1.677685e+00
1.168000e-05	2.090536e-02	1.887293e+00
1.169000e-05	-4.591304e-02	2.095259e+00
1.170000e-05	-4.016813e-02	2.244658e+00
1.171000e-05	-6.000772e-02	2.432030e+00
1.172000e-05	-2.850650e-02	2.536844e+00
1.173000e-05	1.039226e-01	2.738946e+00
1.174000e-05	-2.046471e-02	2.878267e+00
1.175000e-05	-4.968090e-02	3.053155e+00
1.176000e-05	8.817035e-02	3.222962e+00
1.177000e-05	-6.494751e-02	3.445663e+00
1.178000e-05	-8.711181e-03	3.601002e+00
1.179000e-05	5.633213e-02	3.761521e+00
1.180000e-05	-7.015134e-02	3.908872e+00
1.181000e-05	5.684658e-03	4.168847e+00
1.182000e-05	4.604740e-02	4.330899e+00
1.183000e-05	-2.717733e-02	4.505789e+00
1.184000e-05	-9.787060e-03	4.677191e+00
1.185000e-05	-4.567130e-02	4.885689e+00
1.186000e-05	3.831781e-03	5.026241e+00
1.187000e-05	3.465857e-02	5.286315e+00
1.188000e-05	-3.513124e-03	5.443685e+00
1.189000e-05	-1.977761e-02	5.611723e+00
1.190000e-05	-1.606756e-02	5.802529e+00
1.191000e-05	1.081398e-02	5.949945e+00
1.192000e-05	-2.045553e-02	6.098291e+00
1.193000e-05	-5.359627e-03	6.253784e+00
1.194000e-05	9.454603e-03	6.350452e+00
1.195000e-05	-1.764722e-02	6.579945e+00
1.196000e-05	2.240385e-03	6.729367e+00
1.197000e-05	-1.317625e-02	6.866212e+00
1.198000e-05	-1.550679e-02	7.020528e+00
1.199000e-05	-3.445591e-03	7.127316e+00
1.200000e-05	-5.011793e-03	7.283711e+00
1.201000e-05	3.157209e-03	7.395060e+00
1.202000e-05	-1.368992e-02	7.573004e+00
1.203000e-05	-1.439988e-02	7.728371e+00
1.204000e-05	-9.301331e-03	7.895263e+00
1.205000e-05	-4.916350e-03	8.014136e+00
1.206000e-05	-4.780686e-03	8.159873e+00
1.207000e-05	-1.421498e-02	8.286263e+00
1.208000e-05	-2.534895e-03	8.369974e+00
1.209000e-05	-5.966170e-03	8.486611e+00
1.210000e-05	-1.330294e-02	8.547520e+00
1.211000e-05	-1.649417e-02	8.652839e+00
1.212000e-05	-9.616873e-03	8.768871e+00
1.213000e-05	-8.738913e-04	8.821157e+00
1.214000e-05	-9.290459e-03	8.897418e+00
1.215000e-05	-1.264512e-02	9.065709e+00
1.216000e-05	-1.389840e-02	9.138426e+00
1.217000e-05	-1.058842e-02	9.262710e+00
1.218000e-05	-9.606150e-03	9.297343e+00
1.219000e-05	-1.068529e-02	9.349453e+00
1.220000e-05	-9.702672e-03	9.516166e+00
1.221000e-05	-1.312728e-02	9.517796e+00
1.222000e-05	-1.248324e-02	9.601976e+00
1.223000e-05	-1.182587e-02	9.665234e+00
1.224000e-05	-1.296038e-02	9.759449e+00
1.225000e-05	-1.344400e-02	9.824204e+00
1.226000e-05	-8.525357e-03	9.908318e+00
1.227000e-05	-8.881313e-03	9.939447e+00
1.228000e-05	-1.422540e-02	9.991550e+00
1.229000e-05	-1.717238e-02	1.005418e+01
1.230000e-05	-1.341267e-02	1.007519e+01
1.231000e-05	-1.062098e-02	1.012692e+01
1.232000e-05	-1.229923e-02	1.013995e+01
1.233000e-05	-1.401924e-02	1.018000e+01
1.234000e-05	-1.525241e-02	1.024208e+01
1.235000e-05	-1.370972e-02	1.025361e+01
1.236000e-05	-1.527656e-02	1.029518e+01
1.237000e-05	-1.482294e-02	1.027821e+01
1.238000e-05	-1.560676e-02	1.031566e+01
1.239000e-05	-1.338295e-02	1.030629e+01
1.240000e-05	-1.407695e-02	1.032629e+01
1.241000e-05	-1.637155e-02	1.032931e+01
1.242000e-05	-1.840059e-02	1.032527e+01
1.243000e-05	-1.724708e-02	1.033782e+01
1.244000e-05	-1.589000e-02	1.032681e+01
1.245000e-05	-1.733743e-02	1.030676e+01
1.246000e-05	-1.791086e-02	1.026529e+01
1.247000e-05	-1.920963e-02	1.025464e+01
1.248000e-05	-2.005535e-02	1.025363e+01
1.249000e-05	-2.134671e-02	1.021055e+01
1.250000e-05	-2.092741e-02	1.018947e+01
1.251000e-05	-1.976055e-02	1.017887e+01
1.252000e-05	-2.174215e-02	1.013524e+01
1.253000e-05	-2.216522e-02	1.005426e+01
1.254000e-05	-2.364511e-02	1.005163e+01
1.255000e-05	-2.376872e-02	1.003150e+01
1.256000e-05	-2.467904e-02	9.969969e+00
1.257000e-05	-2.444655e-02	9.873814e+00
1.258000e-05	-2.464013e-02	9.821530e+00
1.259000e-05	-2.646463e-02	9.788842e+00
1.260000e-05	-2.696809e-02	9.684233e+00
1.261000e-05	-2.687602e-02	9.609477e+00
1.262000e-05	-2.671286e-02	9.496318e+00
1.263000e-05	-2.779751e-02	9.461630e+00
1.264000e-05	-2.739255e-02	9.399924e+00
1.265000e-05	-2.692786e-02	9.264739e+00
1.266000e-05	-2.769465e-02	9.233076e+00
1.267000e-05	-2.816986e-02	9.167920e+00
1.268000e-05	-2.952215e-02	9.083685e+00
1.269000e-05	-2.889099e-02	8.955271e+00
1.270000e-05	-2.847474e-02	8.821628e+00
1.271000e-05	-2.825785e-02	8.756867e+00
1.272000e-05	-2.805987e-02	8.673079e+00
1.273000e-05	-2.860298e-02	8.537314e+00
1.274000e-05	-2.842365e-02	8.453079e+00
1.275000e-05	-2.763369e-02	8.377443e+00
1.276000e-05	-2.732656e-02	8.211125e+00
1.277000e-05	-2.731469e-02	8.135264e+00
1.278000e-05	-2.839837e-02	8.005470e+00
1.279000e-05	-2.874279e-02	7.841629e+00
1.280000e-05	-2.767639e-02	7.736293e+00
1.281000e-05	-2.624100e-02	7.589420e+00
1.282000e-05	-2.487659e-02	7.431552e+00
1.283000e-05	-2.590657e-02	7.271659e+00
1.284000e-05	-2.530221e-02	7.137267e+00
1.285000e-05	-2.380438e-02	7.009999e+00
1.286000e-05	-2.248885e-02	6.902658e+00
1.287000e-05	-2.276340e-02	6.748296e+00
1.288000e-05	-2.329582e-02	6.558947e+00
1.289000e-05	-2.221644e-02	6.449500e+00
1.290000e-05	-2.000531e-02	6.272102e+00
1.291000e-05	-1.838678e-02	6.095211e+00
1.292000e-05	-1.912160e-02	5.979050e+00
1.293000e-05	-1.923670e-02	5.814531e+00
1.294000e-05	-1.827011e-02	5.622148e+00
1.295000e-05	-1.557622e-02	5.462632e+00
1.296000e-05	-1.474252e-02	5.323237e+00
1.297000e-05	-1.502889e-02	5.124335e+00
1.298000e-05	-1.561124e-02	4.883288e+00
1.299000e-05	-1.376878e-02	4.734766e+00
1.300000e-05	-1.167466e-02	4.546419e+00
1.301000e-05	-1.215915e-02	4.420078e+00
1.302000e-05	-1.286232e-02	4.229554e+00
1.303000e-05	-1.182262e-02	4.039578e+00
1.304000e-05	-1.093457e-02	3.871160e+00
1.305000e-05	-9.741720e-03	3.693160e+00
1.306000e-05	-9.514720e-03	3.567794e+00
1.307000e-05	-9.759212e-03	3.343364e+00
1.308000e-05	-9.236655e-03	3.146266e+00
1.309000e-05	-8.209687e-03	2.987445e+00
1.310000e-05	-7.725978e-03	2.820051e+00
1.311000e-05	-8.410823e-03	2.636999e+00
1.312000e-05	-8.168506e-03	2.417999e+00
1.313000e-05	-7.291822e-03	2.200599e+00
1.314000e-05	-5.902341e-03	2.071179e+00
1.315000e-05	-6.263040e-03	1.913133e+00
1.316000e-05	-6.883681e-03	1.681582e+00
1.317000e-05	-6.025986e-03	1.512135e+00
1.318000e-05	-6.335594e-03	1.303687e+00
1.319000e-05	-5.617299e-03	1.041033e+00
1.320000e-05	-5.361348e-03	8.395788e-01
1.321000e-05	-5.632387e-03	6.901043e-01
1.322000e-05	-5.105763e-03	4.822580e-01
1.323000e-05	-4.837109e-03	2.861596e-01
1.324000e-05	-2.291609e-03	1.112319e-01
1.325000e-05	2.403552e-03	-9.671170e-02
1.326000e-05	6.437162e-04	-2.462103e-01
1.327000e-05	-1.155470e-03	-4.100488e-01
1.328000e-05	-1.276825e-03	-5.920798e-01
1.329000e-05	-1.152454e-03	-8.215264e-01
1.330000e-05	-2.154994e-03	-9.590497e-01
1.331000e-05	1.347233e-03	-1.116791e+00
1.332000e-05	2.592742e-02	-1.313668e+00
1.333000e-05	6.528788e-02	-1.446743e+00
1.334000e-05	-9.905214e-03	-1.730950e+00
1.335000e-05	-4.720559e-02	-1.971559e+00
1.336000e-05	-4.576820e-02	-2.235113e+00
1.337000e-05	-6.501817e-02	-2.421524e+00
1.338000e-05	9.587580e-02	-2.495234e+00
1.339000e-05	3.137134e-02	-2.593055e+00
1.340000e-05	-7.913002e-02	-2.832159e+00
1.341000e-05	1.035375e-01	-2.970524e+00
1.342000e-05	-4.395041e-02	-3.160554e+00
1.343000e-05	-6.085598e-02	-3.381501e+00
1.344000e-05	1.160551e-01	-3.528846e+00
1.345000e-05	-7.156011e-02	-3.708317e+00
1.346000e-05	-2.443705e-02	-3.928317e+00
1.347000e-05	9.736287e-02	-4.084738e+00
1.348000e-05	-3.817345e-02	-4.275792e+00
1.349000e-05	2.572918e-02	-4.401081e+00
1.350000e-05	-6.653220e-02	-4.534030e+00
1.351000e-05	-2.306899e-02	-4.770927e+00
1.352000e-05	1.126085e-01	-4.948370e+00
1.353000e-05	-3.791392e-02	-5.148870e+00
1.354000e-05	1.174625e-03	-5.338316e+00
1.355000e-05	-2.448049e-03	-5.437821e+00
1.356000e-05	-7.250726e-04	-5.705790e+00
1.357000e-05	2.686484e-02	-5.813129e+00
1.358000e-05	-4.225113e-02	-5.991950e+00
1.359000e-05	5.625583e-02	-6.116971e+00
1.360000e-05	-1.591029e-02	-6.327967e+00
1.361000e-05	-7.683645e-03	-6.465259e+00
1.362000e-05	3.383727e-02	-6.612055e+00
1.363000e-05	-2.821892e-02	-6.770522e+00
1.364000e-05	2.681883e-02	-6.865287e+00
1.365000e-05	-2.188674e-02	-6.997163e+00
1.366000e-05	3.141167e-02	-7.241629e+00
1.367000e-05	1.856737e-02	-7.327897e+00
1.368000e-05	-2.676056e-02	-7.505738e+00
1.369000e-05	1.398448e-02	-7.622002e+00
1.370000e-05	-5.750152e-03	-7.773405e+00
1.371000e-05	2.768845e-02	-7.929020e+00
1.372000e-05	-8.220302e-03	-8.024684e+00
1.373000e-05	1.250718e-02	-8.150423e+00
1.374000e-05	1.686497e-02	-8.244762e+00
1.375000e-05	-9.551557e-03	-8.360504e+00
1.376000e-05	4.961071e-03	-8.474234e+00
1.377000e-05	4.577181e-04	-8.624151e+00
1.378000e-05	2.581669e-02	-8.729920e+00
1.379000e-05	-1.442937e-03	-8.863154e+00
1.380000e-05	1.384290e-03	-8.917818e+00
1.381000e-05	7.877552e-03	-8.992054e+00
1.382000e-05	6.231377e-03	-9.116339e+00
1.383000e-05	7.608340e-03	-9.160024e+00
1.384000e-05	3.288173e-03	-9.243734e+00
1.385000e-05	1.503102e-02	-9.330446e+00
1.386000e-05	6.010045e-03	-9.394729e+00
1.387000e-05	5.012673e-03	-9.498371e+00
1.388000e-05	6.725961e-03	-9.622524e+00
1.389000e-05	5.849868e-03	-9.665684e+00
1.390000e-05	4.063541e-03	-9.677365e+00
1.391000e-05	9.654117e-03	-9.770499e+00
1.392000e-05	1.612636e-02	-9.813658e+00
1.393000e-05	7.748295e-03	-9.866287e+00
1.394000e-05	1.951637e-03	-9.906771e+00
1.395000e-05	5.129051e-03	-9.959448e+00
1.396000e-05	1.275423e-02	-9.971001e+00
1.397000e-05	1.088078e-02	-1.004221e+01
1.398000e-05	6.564290e-03	-1.002566e+01
1.399000e-05	6.570052e-03	-1.010782e+01
1.400000e-05	7.903860e-03	-1.011792e+01
1.401000e-05	9.942019e-03	-1.018947e+01
1.402000e-05	9.831209e-03	-1.021098e+01
1.403000e-05	9.282233e-03	-1.018303e+01
1.404000e-05	1.002340e-02	-1.022425e+01
1.405000e-05	1.189981e-02	-1.023723e+01
1.406000e-05	1.022902e-02	-1.022386e+01
1.407000e-05	9.142925e-03	-1.029421e+01
1.408000e-05	9.254890e-03	-1.026524e+01
1.409000e-05	1.134556e-02	-1.026319e+01
1.410000e-05	1.341892e-02	-1.028631e+01
1.411000e-05	1.401329e-02	-1.023413e+01
1.412000e-05	1.331025e-02	-1.027255e+01
1.413000e-05	1.177253e-02	-1.020116e+01
1.414000e-05	1.274373e-02	-1.016153e+01
1.415000e-05	1.370632e-02	-1.010844e+01
1.416000e-05	1.524924e-02	-1.010679e+01
1.417000e-05	1.519565e-02	-1.005518e+01
1.418000e-05	1.636726e-02	-1.007158e+01
1.419000e-05	1.721687e-02	-1.002152e+01
1.420000e-05	1.614462e-02	-9.949046e+00
1.421000e-05	1.648479e-02	-9.915816e+00
1.422000e-05	1.867391e-02	-9.895711e+00
1.423000e-05	1.920644e-02	-9.832632e+00
1.424000e-05	1.922955e-02	-9.808526e+00
1.425000e-05	1.937684e-02	-9.724841e+00
1.426000e-05	2.020670e-02	-9.693682e+00
1.427000e-05	2.060711e-02	-9.622102e+00
1.428000e-05	2.010253e-02	-9.538296e+00
1.429000e-05	2.093814e-02	-9.474259e+00
1.430000e-05	2.160427e-02	-9.388451e+00
1.431000e-05	2.146268e-02	-9.284732e+00
1.432000e-05	2.119156e-02	-9.158450e+00
1.433000e-05	2.113398e-02	-9.106264e+00
1.434000e-05	2.253296e-02	-9.010028e+00
1.435000e-05	2.170546e-02	-8.905791e+00
1.436000e-05	2.190876e-02	-8.840657e+00
1.437000e-05	2.228204e-02	-8.758993e+00
1.438000e-05	2.235007e-02	-8.621678e+00
1.439000e-05	2.143190e-02	-8.474316e+00
1.440000e-05	2.140657e-02	-8.409420e+00
1.441000e-05	2.218777e-02	-8.285262e+00
1.442000e-05	2.100007e-02	-8.189072e+00
1.443000e-05	2.125557e-02	-8.074658e+00
1.444000e-05	2.122375e-02	-7.978551e+00
1.445000e-05	2.098368e-02	-7.809532e+00
1.446000e-05	1.978034e-02	-7.702633e+00
1.447000e-05	1.951388e-02	-7.516366e+00
1.448000e-05	1.914122e-02	-7.410521e+00
1.449000e-05	2.024739e-02	-7.243235e+00
1.450000e-05	1.918391e-02	-7.167864e+00
1.451000e-05	1.720916e-02	-6.967420e+00
1.452000e-05	1.610597e-02	-6.820628e+00
1.453000e-05	1.639269e-02	-6.714183e+00
1.454000e-05	1.617182e-02	-6.557420e+00
1.455000e-05	1.390202e-02	-6.410577e+00
1.456000e-05	1.406974e-02	-6.312231e+00
1.457000e-05	1.242365e-02	-6.053681e+00
1.458000e-05	1.201393e-02	-5.904339e+00
1.459000e-05	1.112210e-02	-5.798525e+00
1.460000e-05	1.010465e-02	-5.639106e+00
1.461000e-05	9.603055e-03	-5.504107e+00
1.462000e-05	8.605700e-03	-5.251658e+00
1.463000e-05	8.010477e-03	-5.093735e+00
1.464000e-05	7.589918e-03	-4.924187e+00
1.465000e-05	5.304046e-03	-4.671307e+00
1.466000e-05	3.926666e-03	-4.516217e+00
1.467000e-05	7.012918e-03	-4.387572e+00
1.468000e-05	4.856167e-03	-4.240578e+00
1.469000e-05	3.638550e-03	-4.052711e+00
1.470000e-05	2.483780e-03	-3.896209e+00
1.471000e-05	2.682576e-03	-3.713259e+00
1.472000e-05	3.800911e-03	-3.534262e+00
1.473000e-05	2.119124e-03	-3.357417e+00
1.474000e-05	1.945904e-03	-3.199496e+00
1.475000e-05	1.377389e-03	-2.997970e+00
1.476000e-05	-3.698317e-04	-2.759923e+00
1.477000e-05	-5.973375e-04	-2.610073e+00
1.478000e-05	-2.846679e-03	-2.451150e+00
1.479000e-05	4.293642e-04	-2.270628e+00
1.480000e-05	-9.976079e-05	-2.039657e+00
1.481000e-05	1.689552e-04	-1.912211e+00
1.482000e-05	-1.576186e-03	-1.682211e+00
1.483000e-05	-2.356945e-03	-1.502791e+00
1.484000e-05	-2.219737e-03	-1.290083e+00
1.485000e-05	-2.142604e-03	-1.081629e+00
1.486000e-05	-2.776761e-03	-8.727292e-01
1.487000e-05	-2.003412e-03	-6.841821e-01
1.488000e-05	-3.209562e-03	-4.817054e-01
1.489000e-05	-2.639224e-03	-3.127344e-01
1.490000e-05	-3.080309e-03	-1.448131e-01
1.491000e-05	2.286341e-03	3.320888e-02
1.492000e-05	2.026037e-03	2.871879e-01
1.493000e-05	-1.367507e-03	4.626300e-01
1.494000e-05	1.704879e-04	5.715024e-01
1.495000e-05	-2.399854e-03	7.508986e-01
1.496000e-05	-2.968340e-03	9.998944e-01
1.497000e-05	-2.097230e-03	1.170971e+00
1.498000e-05	4.988628e-03	1.349470e+00
1.499000e-05	3.495190e-02	1.591371e+00
1.500000e-05	4.822939e-02	1.813606e+00
1.501000e-05	-2.169996e-02	2.011500e+00
1.502000e-05	-4.985949e-02	2.210526e+00
1.503000e-05	-4.350854e-02	2.369822e+00
1.504000e-05	-6.481355e-02	2.483684e+00
1.505000e-05	5.659550e-02	2.645611e+00
1.506000e-05	6.667176e-02	2.853684e+00
1.507000e-05	-9.180182e-02	3.000923e+00
1.508000e-05	5.106489e-02	3.118292e+00
1.509000e-05	2.309151e-02	3.311923e+00
1.510000e-05	-7.859125e-02	3.569420e+00
1.511000e-05	6.171717e-02	3.682687e+00
1.512000e-05	-1.537669e-02	3.866637e+00
1.513000e-05	-5.261757e-02	4.056156e+00
1.514000e-05	5.571671e-02	4.206138e+00
1.515000e-05	-6.539442e-03	4.413608e+00
1.516000e-05	-1.699429e-02	4.612051e+00
1.517000e-05	-2.425297e-02	4.813422e+00
1.518000e-05	-2.809798e-02	4.965054e+00
1.519000e-05	3.131616e-02	5.233129e+00
1.520000e-05	1.175129e-02	5.370977e+00
1.521000e-05	-8.864615e-03	5.538822e+00
1.522000e-05	-2.058843e-02	5.707791e+00
1.523000e-05	-1.700219e-03	5.917214e+00
1.524000e-05	-4.986007e-03	6.063706e+00
1.525000e-05	-2.120740e-02	6.191523e+00
1.526000e-05	1.434218e-02	6.297822e+00
1.527000e-05	-9.740916e-03	6.495133e+00
1.528000e-05	-1.189805e-02	6.654637e+00
1.529000e-05	-8.516966e-04	6.802576e+00
1.530000e-05	-2.066274e-02	6.929420e+00
1.531000e-05	-4.111178e-03	7.088211e+00
1.532000e-05	-7.097444e-03	7.180026e+00
1.533000e-05	2.698426e-04	7.289421e+00
1.534000e-05	-5.813875e-03	7.507346e+00
1.535000e-05	-1.722091e-02	7.655738e+00
1.536000e-05	-8.610856e-03	7.802074e+00
1.537000e-05	-8.829700e-03	7.939519e+00
1.538000e-05	-2.080928e-03	8.038443e+00
1.539000e-05	-1.227933e-02	8.220080e+00
1.540000e-05	-7.006774e-03	8.318470e+00
1.541000e-05	-3.168078e-03	8.433103e+00
1.542000e-05	-1.204615e-02	8.548846e+00
1.543000e-05	-1.774906e-02	8.603074e+00
1.544000e-05	-1.388640e-02	8.710292e+00
1.545000e-05	-2.304658e-03	8.792507e+00
1.546000e-05	-5.217814e-03	8.854638e+00
1.547000e-05	-1.189962e-02	8.993104e+00
1.548000e-05	-1.464647e-02	9.118422e+00
1.549000e-05	-1.169568e-02	9.201553e+00
1.550000e-05	-9.448406e-03	9.305288e+00
1.551000e-05	-9.711980e-03	9.340470e+00
1.552000e-05	-1.107827e-02	9.475108e+00
1.553000e-05	-1.152824e-02	9.507291e+00
1.554000e-05	-1.135828e-02	9.570999e+00
1.555000e-05	-1.420252e-02	9.665182e+00
1.556000e-05	-1.236024e-02	9.699337e+00
1.557000e-05	-1.607799e-02	9.809975e+00
1.558000e-05	-7.809644e-03	9.877088e+00
1.559000e-05	-7.916844e-03	9.888896e+00
1.560000e-05	-1.042464e-02	9.970502e+00
1.561000e-05	-1.625383e-02	1.003213e+01
1.562000e-05	-1.661928e-02	1.007466e+01
1.563000e-05	-1.206473e-02	1.009677e+01
1.564000e-05	-1.264965e-02	1.015850e+01
1.565000e-05	-1.404782e-02	1.017047e+01
1.566000e-05	-1.315521e-02	1.018300e+01
1.567000e-05	-1.360618e-02	1.026309e+01
1.568000e-05	-1.324193e-02	1.024369e+01
1.569000e-05	-1.423020e-02	1.028631e+01
1.570000e-05	-1.543984e-02	1.032571e+01
1.571000e-05	-1.560636e-02	1.031622e+01
1.572000e-05	-1.310816e-02	1.030732e+01
1.573000e-05	-1.700996e-02	1.035831e+01
1.574000e-05	-1.826996e-02	1.031679e+01
1.575000e-05	-1.785014e-02	1.032691e+01
1.576000e-05	-1.625948e-02	1.029789e+01
1.577000e-05	-1.694142e-02	1.028821e+01
1.578000e-05	-1.716348e-02	1.028473e+01
1.579000e-05	-1.790743e-02	1.032466e+01
1.580000e-05	-1.933062e-02	1.024261e+01
1.581000e-05	-2.080721e-02	1.023213e+01
1.582000e-05	-2.043682e-02	1.020098e+01
1.583000e-05	-2.150499e-02	1.016942e+01
1.584000e-05	-2.239051e-02	1.009842e+01
1.585000e-05	-2.193960e-02	1.013371e+01
1.586000e-05	-2.096759e-02	1.006316e+01
1.587000e-05	-2.268461e-02	1.003013e+01
1.588000e-05	-2.545650e-02	9.976924e+00
1.589000e-05	-2.573213e-02	9.947868e+00
1.590000e-05	-2.437817e-02	9.884709e+00
1.591000e-05	-2.515331e-02	9.771044e+00
1.592000e-05	-2.655906e-02	9.734738e+00
1.593000e-05	-2.690383e-02	9.621056e+00
1.594000e-05	-2.705807e-02	9.537495e+00
1.595000e-05	-2.766383e-02	9.513212e+00
1.596000e-05	-2.763545e-02	9.442053e+00
1.597000e-05	-2.774298e-02	9.366319e+00
1.598000e-05	-2.748489e-02	9.264183e+00
1.599000e-05	-2.817378e-02	9.240578e+00
1.600000e-05	-2.807936e-02	9.085338e+00
1.601000e-05	-2.894415e-02	8.953049e+00
1.602000e-05	-2.893847e-02	8.874183e+00
1.603000e-05	-2.903103e-02	8.789971e+00
1.604000e-05	-2.813620e-02	8.704212e+00
1.605000e-05	-2.818541e-02	8.598952e+00
1.606000e-05	-2.893686e-02	8.473210e+00
1.607000e-05	-2.816712e-02	8.410499e+00
1.608000e-05	-2.836062e-02	8.286212e+00
1.609000e-05	-2.831228e-02	8.126421e+00
1.610000e-05	-2.771494e-02	8.034080e+00
1.611000e-05	-2.758863e-02	7.886263e+00
1.612000e-05	-2.814714e-02	7.788424e+00
1.613000e-05	-2.744774e-02	7.623154e+00
1.614000e-05	-2.650344e-02	7.555241e+00
1.615000e-05	-2.625877e-02	7.336866e+00
1.616000e-05	-2.517492e-02	7.219475e+00
1.617000e-05	-2.352730e-02	7.082682e+00
1.618000e-05	-2.370386e-02	6.956264e+00
1.619000e-05	-2.299782e-02	6.810426e+00
1.620000e-05	-2.322298e-02	6.643132e+00
1.621000e-05	-2.110136e-02	6.453160e+00
1.622000e-05	-2.031362e-02	6.336813e+00
1.623000e-05	-2.012865e-02	6.198449e+00
1.624000e-05	-2.045463e-02	6.072104e+00
1.625000e-05	-1.879261e-02	5.913662e+00
1.626000e-05	-1.820462e-02	5.713791e+00
1.627000e-05	-1.622132e-02	5.564820e+00
1.628000e-05	-1.597324e-02	5.408425e+00
1.629000e-05	-1.632351e-02	5.240502e+00
1.630000e-05	-1.515082e-02	5.020398e+00
1.631000e-05	-1.423173e-02	4.818995e+00
1.632000e-05	-1.285128e-02	4.651578e+00
1.633000e-05	-1.196728e-02	4.442684e+00
1.634000e-05	-1.185935e-02	4.346791e+00
1.635000e-05	-1.123322e-02	4.154838e+00
1.636000e-05	-1.052726e-02	3.985869e+00
1.637000e-05	-1.078308e-02	3.776924e+00
1.638000e-05	-1.046170e-02	3.628976e+00
1.639000e-05	-1.022105e-02	3.448702e+00
1.640000e-05	-9.521586e-03	3.228479e+00
1.641000e-05	-8.352815e-03	3.050583e+00
1.642000e-05	-7.708190e-03	2.872713e+00
1.643000e-05	-8.300743e-03	2.714272e+00
1.644000e-05	-7.944715e-03	2.462239e+00
1.645000e-05	-8.245755e-03	2.322263e+00
1.646000e-05	-6.094878e-03	2.134737e+00
1.647000e-05	-4.518852e-03	1.988872e+00
1.648000e-05	-6.026530e-03	1.798844e+00
1.649000e-05	-8.334989e-03	1.556921e+00
1.650000e-05	-7.204073e-03	1.388396e+00
1.651000e-05	-5.687775e-03	1.166995e+00
1.652000e-05	-4.371615e-03	9.353920e-01
1.653000e-05	-3.865902e-03	7.758159e-01
1.654000e-05	-5.235123e-03	5.848436e-01
1.655000e-05	-4.786829e-03	3.994762e-01
1.656000e-05	-4.264273e-03	1.963950e-01
1.657000e-05	-1.695082e-04	7.822572e-03
1.658000e-05	1.938199e-03	-1.819999e-01
1.659000e-05	-1.901606e-03	-3.293722e-01
1.660000e-05	-9.942269e-04	-5.167678e-01
1.661000e-05	-2.401144e-03	-7.482420e-01
1.662000e-05	-2.191887e-03	-8.867667e-01
1.663000e-05	-7.964801e-04	-1.024156e+00
1.664000e-05	8.785301e-03	-1.201053e+00
1.665000e-05	5.927165e-02	-1.394154e+00
1.666000e-05	3.278412e-02	-1.631660e+00
1.667000e-05	-4.663778e-02	-1.836739e+00
1.668000e-05	-3.751049e-02	-2.079446e+00
1.669000e-05	-8.018350e-02	-2.328425e+00
1.670000e-05	2.191239e-02	-2.422506e+00
1.671000e-05	1.099845e-01	-2.534891e+00
1.672000e-05	-8.627467e-02	-2.710297e+00
1.673000e-05	1.878406e-02	-2.866865e+00
1.674000e-05	6.339826e-02	-3.085332e+00
1.675000e-05	-1.184189e-01	-3.286766e+00
1.676000e-05	6.389618e-02	-3.495237e+00
1.677000e-05	3.617687e-02	-3.644104e+00
1.678000e-05	-9.820098e-02	-3.825689e+00
1.679000e-05	8.822516e-02	-4.030103e+00
1.680000e-05	1.720784e-02	-4.192504e+00
1.681000e-05	-2.176559e-02	-4.369948e+00
1.682000e-05	3.220130e-03	-4.475338e+00
1.683000e-05	-9.240186e-02	-4.698214e+00
1.684000e-05	8.505025e-02	-4.866209e+00
1.685000e-05	3.405706e-02	-5.043583e+00
1.686000e-05	-3.711516e-02	-5.234577e+00
1.687000e-05	2.241862e-02	-5.413096e+00
1.688000e-05	-3.050102e-02	-5.614601e+00
1.689000e-05	3.876559e-02	-5.750950e+00
1.690000e-05	-2.501551e-02	-5.907367e+00
1.691000e-05	7.936110e-03	-6.054159e+00
1.692000e-05	3.473621e-02	-6.201685e+00
1.693000e-05	-4.229125e-02	-6.382530e+00
1.694000e-05	4.527355e-02	-6.547366e+00
1.695000e-05	-1.185287e-02	-6.706691e+00
1.696000e-05	9.607502e-04	-6.822155e+00
1.697000e-05	2.835185e-03	-6.989420e+00
1.698000e-05	-8.437743e-03	-7.078367e+00
1.699000e-05	5.149884e-02	-7.275285e+00
1.700000e-05	-2.168277e-02	-7.403581e+00
1.701000e-05	2.507377e-03	-7.508470e+00
1.702000e-05	-1.158690e-03	-7.667943e+00
1.703000e-05	1.141940e-02	-7.875737e+00
1.704000e-05	1.535443e-02	-7.980101e+00
1.705000e-05	-9.279729e-03	-8.118342e+00
1.706000e-05	2.842389e-02	-8.203604e+00
1.707000e-05	-4.225775e-03	-8.347844e+00
1.708000e-05	6.870689e-04	-8.455079e+00
1.709000e-05	-5.859161e-04	-8.549390e+00
1.710000e-05	1.402634e-02	-8.646287e+00
1.711000e-05	1.716077e-02	-8.780476e+00
1.712000e-05	-6.209279e-03	-8.875785e+00
1.713000e-05	1.217120e-02	-8.981522e+00
1.714000e-05	4.857967e-03	-9.075732e+00
1.715000e-05	9.201249e-03	-9.129346e+00
1.716000e-05	1.123612e-04	-9.222050e+00
1.717000e-05	8.900261e-03	-9.285784e+00
1.718000e-05	1.155373e-02	-9.352050e+00
1.719000e-05	4.329960e-03	-9.476265e+00
1.720000e-05	8.479669e-03	-9.530425e+00
1.721000e-05	4.557402e-03	-9.644129e+00
1.722000e-05	6.449482e-03	-9.705786e+00
1.723000e-05	4.641783e-03	-9.720419e+00
1.724000e-05	1.570652e-02	-9.803026e+00
1.725000e-05	1.177687e-02	-9.835287e+00
1.726000e-05	2.800514e-03	-9.897316e+00
1.727000e-05	2.900394e-03	-9.958893e+00
1.728000e-05	7.687315e-03	-9.952074e+00
1.729000e-05	1.435944e-02	-9.993525e+00
1.730000e-05	7.767457e-03	-1.004418e+01
1.731000e-05	7.530795e-03	-1.005637e+01
1.732000e-05	7.845602e-03	-1.008734e+01
1.733000e-05	1.059435e-02	-1.014994e+01
1.734000e-05	9.204278e-03	-1.017307e+01
1.735000e-05	7.425018e-03	-1.023245e+01
1.736000e-05	7.668024e-03	-1.027416e+01
1.737000e-05	1.115625e-02	-1.025618e+01
1.738000e-05	1.228144e-02	-1.025626e+01
1.739000e-05	9.394226e-03	-1.030576e+01
1.740000e-05	7.494227e-03	-1.028626e+01
1.741000e-05	8.476556e-03	-1.027586e+01
1.742000e-05	1.275821e-02	-1.025578e+01
1.743000e-05	1.614689e-02	-1.023621e+01
1.744000e-05	1.450718e-02	-1.024268e+01
1.745000e-05	1.202141e-02	-1.018510e+01
1.746000e-05	9.791220e-03	-1.019250e+01
1.747000e-05	1.393435e-02	-1.014032e+01
1.748000e-05	1.607074e-02	-1.012781e+01
1.749000e-05	1.578764e-02	-1.008524e+01
1.750000e-05	1.526832e-02	-1.006311e+01
1.751000e-05	1.711908e-02	-1.001107e+01
1.752000e-05	1.695058e-02	-1.000150e+01
1.753000e-05	1.638973e-02	-9.947417e+00
1.754000e-05	1.657170e-02	-9.896316e+00
1.755000e-05	1.785726e-02	-9.853707e+00
1.756000e-05	2.057079e-02	-9.812026e+00
1.757000e-05	2.005944e-02	-9.727867e+00
1.758000e-05	1.984492e-02	-9.665229e+00
1.759000e-05	1.954372e-02	-9.652632e+00
1.760000e-05	1.960225e-02	-9.590526e+00
1.761000e-05	2.157413e-02	-9.497864e+00
1.762000e-05	2.155767e-02	-9.411051e+00
1.763000e-05	2.220568e-02	-9.327866e+00
1.764000e-05	2.157014e-02	-9.241051e+00
1.765000e-05	2.120327e-02	-9.127891e+00
1.766000e-05	2.184900e-02	-9.033784e+00
1.767000e-05	2.297242e-02	-8.958942e+00
1.768000e-05	2.284120e-02	-8.843156e+00
1.769000e-05	2.184186e-02	-8.820548e+00
1.770000e-05	2.217280e-02	-8.695814e+00
1.771000e-05	2.193718e-02	-8.588398e+00
1.772000e-05	2.219054e-02	-8.432128e+00
1.773000e-05	1.994679e-02	-8.317841e+00
1.774000e-05	2.288483e-02	-8.262128e+00
1.775000e-05	2.256991e-02	-8.114838e+00
1.776000e-05	2.127269e-02	-7.970649e+00
1.777000e-05	1.950537e-02	-7.813362e+00
1.778000e-05	2.074509e-02	-7.705471e+00
1.779000e-05	2.043628e-02	-7.588996e+00
1.780000e-05	1.920110e-02	-7.455632e+00
1.781000e-05	1.890333e-02	-7.325711e+00
1.782000e-05	1.935959e-02	-7.210048e+00
1.783000e-05	1.840022e-02	-7.005081e+00
1.784000e-05	1.594304e-02	-6.893184e+00
1.785000e-05	1.685491e-02	-6.706395e+00
1.786000e-05	1.582381e-02	-6.560575e+00
1.787000e-05	1.481448e-02	-6.462608e+00
1.788000e-05	1.405741e-02	-6.388265e+00
1.789000e-05	1.314961e-02	-6.157419e+00
1.790000e-05	1.256824e-02	-5.969520e+00
1.791000e-05	1.091064e-02	-5.851178e+00
1.792000e-05	9.785385e-03	-5.724309e+00
1.793000e-05	1.056623e-02	-5.549467e+00
1.794000e-05	9.574988e-03	-5.347866e+00
1.795000e-05	8.481886e-03	-5.136966e+00
1.796000e-05	6.122906e-03	-4.959496e+00
1.797000e-05	6.742678e-03	-4.797891e+00
1.798000e-05	4.695869e-03	-4.600024e+00
1.799000e-05	5.498569e-03	-4.430653e+00
1.800000e-05	4.248411e-03	-4.314182e+00
1.801000e-05	4.271640e-03	-4.126842e+00
1.802000e-05	3.583614e-03	-3.998564e+00
1.803000e-05	2.721664e-03	-3.796944e+00
1.804000e-05	1.884310e-03	-3.579546e+00
1.805000e-05	2.052038e-03	-3.451077e+00
1.806000e-05	2.489709e-03	-3.282555e+00
1.807000e-05	2.018852e-03	-3.083206e+00
1.808000e-05	-2.112947e-04	-2.882127e+00
1.809000e-05	2.259853e-04	-2.714283e+00
1.810000e-05	-5.379682e-04	-2.494307e+00
1.811000e-05	-1.272184e-03	-2.327321e+00
1.812000e-05	-5.664833e-04	-2.124311e+00
1.813000e-05	-9.500872e-04	-1.926316e+00
1.814000e-05	-4.175902e-04	-1.768421e+00
1.815000e-05	-9.625642e-04	-1.599501e+00
1.816000e-05	-2.149839e-03	-1.364918e+00
1.817000e-05	-3.131171e-03	-1.136417e+00
1.818000e-05	-2.283199e-03	-9.378399e-01
1.819000e-05	-2.393706e-03	-7.804188e-01
1.820000e-05	-2.638222e-03	-5.958886e-01
1.821000e-05	-3.324422e-03	-3.889448e-01
1.822000e-05	-3.242652e-03	-2.185451e-01
1.823000e-05	4.091067e-04	-3.910282e-02
1.824000e-05	3.219285e-03	1.304309e-01
1.825000e-05	-6.827944e-04	3.688999e-01
1.826000e-05	-1.173081e-03	5.178408e-01
1.827000e-05	-1.017540e-03	6.876919e-01
1.828000e-05	-2.058083e-03	8.925613e-01
1.829000e-05	-2.528605e-03	1.036209e+00
1.830000e-05	8.474220e-04	1.283757e+00
1.831000e-05	1.611845e-02	1.443134e+00
1.832000e-05	5.309779e-02	1.687787e+00
1.833000e-05	1.426521e-02	1.868270e+00
1.834000e-05	-4.833229e-02	2.077815e+00
1.835000e-05	-3.886145e-02	2.287218e+00
1.836000e-05	-6.147542e-02	2.441500e+00
1.837000e-05	-1.707075e-02	2.569928e+00
1.838000e-05	1.028081e-01	2.728347e+00
1.839000e-05	-3.904864e-02	2.918867e+00
1.840000e-05	-3.628968e-02	3.065207e+00
1.841000e-05	8.297143e-02	3.202577e+00
1.842000e-05	-7.448791e-02	3.445266e+00
1.843000e-05	3.078851e-03	3.601004e+00
1.844000e-05	4.516204e-02	3.808554e+00
1.845000e-05	-7.192663e-02	3.970450e+00
1.846000e-05	1.583085e-02	4.150921e+00
1.847000e-05	3.877830e-02	4.359949e+00
1.848000e-05	-2.713424e-02	4.518814e+00
1.849000e-05	-8.922491e-03	4.688293e+00
1.850000e-05	-4.505567e-02	4.878841e+00
1.851000e-05	8.643065e-03	5.119299e+00
1.852000e-05	3.188942e-02	5.237767e+00
1.853000e-05	-4.745611e-03	5.416235e+00
1.854000e-05	-2.146604e-02	5.612105e+00
1.855000e-05	-1.587233e-02	5.764530e+00
1.856000e-05	1.008265e-02	6.000947e+00
1.857000e-05	-2.143859e-02	6.138339e+00
1.858000e-05	-2.615946e-03	6.276762e+00
1.859000e-05	6.584185e-03	6.401034e+00
1.860000e-05	-1.823953e-02	6.561004e+00
1.861000e-05	4.003757e-03	6.708946e+00
1.862000e-05	-1.537362e-02	6.886664e+00
1.863000e-05	-1.398755e-02	7.023583e+00
1.864000e-05	-5.266733e-03	7.129840e+00
1.865000e-05	-4.249984e-03	7.245763e+00
1.866000e-05	1.993236e-03	7.406631e+00
1.867000e-05	-1.401375e-02	7.563502e+00
1.868000e-05	-1.394133e-02	7.739923e+00
1.869000e-05	-1.059508e-02	7.886762e+00
1.870000e-05	-4.756059e-03	8.032133e+00
1.871000e-05	-7.403712e-03	8.120454e+00
1.872000e-05	-1.295244e-02	8.255790e+00
1.873000e-05	-2.437935e-03	8.390500e+00
1.874000e-05	-6.449482e-03	8.476240e+00
1.875000e-05	-1.490917e-02	8.548420e+00
1.876000e-05	-1.621401e-02	8.655208e+00
1.877000e-05	-7.794946e-03	8.738899e+00
1.878000e-05	-1.016743e-03	8.834605e+00
1.879000e-05	-1.095115e-02	8.969918e+00
1.880000e-05	-1.258717e-02	9.056293e+00
1.881000e-05	-1.259346e-02	9.170951e+00
1.882000e-05	-1.014904e-02	9.263689e+00
1.883000e-05	-1.115078e-02	9.337866e+00
1.884000e-05	-1.109411e-02	9.422658e+00
1.885000e-05	-7.986660e-03	9.464162e+00
1.886000e-05	-1.175113e-02	9.539895e+00
1.887000e-05	-1.312777e-02	9.653080e+00
1.888000e-05	-1.278451e-02	9.695817e+00
1.889000e-05	-1.320240e-02	9.721899e+00
1.890000e-05	-1.234544e-02	9.806108e+00
1.891000e-05	-8.606569e-03	9.898891e+00
1.892000e-05	-8.932976e-03	9.939046e+00
1.893000e-05	-1.377004e-02	1.001158e+01
1.894000e-05	-1.599244e-02	1.004376e+01
1.895000e-05	-1.386638e-02	1.008471e+01
1.896000e-05	-1.055979e-02	1.016834e+01
1.897000e-05	-1.289660e-02	1.018042e+01
1.898000e-05	-1.370041e-02	1.018000e+01
1.899000e-05	-1.388373e-02	1.022256e+01
1.900000e-05	-1.430029e-02	1.024268e+01
1.901000e-05	-1.456759e-02	1.029569e+01
1.902000e-05	-1.494278e-02	1.028574e+01
1.903000e-05	-1.458219e-02	1.031629e+01
1.904000e-05	-1.414475e-02	1.029682e+01
1.905000e-05	-1.406610e-02	1.031832e+01
1.906000e-05	-1.673821e-02	1.034637e+01
1.907000e-05	-1.748604e-02	1.029684e+01
1.908000e-05	-1.716057e-02	1.033632e+01
1.909000e-05	-1.573185e-02	1.029779e+01
1.910000e-05	-1.723569e-02	1.029479e+01
1.911000e-05	-1.787392e-02	1.025466e+01
1.912000e-05	-1.941539e-02	1.026523e+01
1.913000e-05	-2.050091e-02	1.026455e+01
1.914000e-05	-2.044088e-02	1.018305e+01
1.915000e-05	-2.031047e-02	1.018952e+01
1.916000e-05	-2.135030e-02	1.011934e+01
1.917000e-05	-2.159880e-02	1.013539e+01
1.918000e-05	-2.179624e-02	1.007466e+01
1.919000e-05	-2.331546e-02	1.002316e+01
1.920000e-05	-2.458074e-02	1.002108e+01
1.921000e-05	-2.485520e-02	9.979446e+00
1.922000e-05	-2.412173e-02	9.905432e+00
1.923000e-05	-2.358843e-02	9.810503e+00
1.924000e-05	-2.604456e-02	9.737400e+00
1.925000e-05	-2.742896e-02	9.671733e+00
1.926000e-05	-2.708805e-02	9.589999e+00
1.927000e-05	-2.618008e-02	9.536294e+00
1.928000e-05	-2.803330e-02	9.443185e+00
1.929000e-05	-2.758634e-02	9.388998e+00
1.930000e-05	-2.743715e-02	9.305213e+00
1.931000e-05	-2.799417e-02	9.222679e+00
1.932000e-05	-2.877507e-02	9.159445e+00
1.933000e-05	-2.851621e-02	9.093188e+00
1.934000e-05	-2.846471e-02	8.905795e+00
1.935000e-05	-2.908667e-02	8.840524e+00
1.936000e-05	-2.791863e-02	8.716839e+00
1.937000e-05	-2.886017e-02	8.622528e+00
1.938000e-05	-2.816944e-02	8.555841e+00
1.939000e-05	-2.830382e-02	8.422106e+00
1.940000e-05	-2.862484e-02	8.347320e+00
1.941000e-05	-2.852285e-02	8.209533e+00
1.942000e-05	-2.806310e-02	8.103739e+00
1.943000e-05	-2.782546e-02	7.947844e+00
1.944000e-05	-2.737157e-02	7.851132e+00
1.945000e-05	-2.645693e-02	7.686289e+00
1.946000e-05	-2.633318e-02	7.608522e+00
1.947000e-05	-2.633825e-02	7.431083e+00
1.948000e-05	-2.454866e-02	7.262657e+00
1.949000e-05	-2.455663e-02	7.107337e+00
1.950000e-05	-2.439771e-02	6.969996e+00
1.951000e-05	-2.378416e-02	6.853156e+00
1.952000e-05	-2.272580e-02	6.767396e+00
1.953000e-05	-2.160135e-02	6.546319e+00
1.954000e-05	-2.132404e-02	6.369404e+00
1.955000e-05	-2.054860e-02	6.262129e+00
1.956000e-05	-1.976798e-02	6.085290e+00
1.957000e-05	-1.833908e-02	6.007949e+00
1.958000e-05	-1.912714e-02	5.811522e+00
1.959000e-05	-1.786751e-02	5.651501e+00
1.960000e-05	-1.597833e-02	5.462684e+00
1.961000e-05	-1.578197e-02	5.296264e+00
1.962000e-05	-1.420161e-02	5.101714e+00
1.963000e-05	-1.401319e-02	4.902181e+00
1.964000e-05	-1.351991e-02	4.715263e+00
1.965000e-05	-1.216125e-02	4.547816e+00
1.966000e-05	-1.259625e-02	4.428923e+00
1.967000e-05	-1.160288e-02	4.280998e+00
1.968000e-05	-1.133850e-02	4.020453e+00
1.969000e-05	-1.145648e-02	3.861232e+00
1.970000e-05	-1.134199e-02	3.692736e+00
1.971000e-05	-9.501782e-03	3.527269e+00
1.972000e-05	-8.359720e-03	3.293288e+00
1.973000e-05	-8.831664e-03	3.126242e+00
1.974000e-05	-8.925309e-03	2.988796e+00
1.975000e-05	-8.450928e-03	2.789000e+00
1.976000e-05	-8.426161e-03	2.598499e+00
1.977000e-05	-7.164251e-03	2.377949e+00
1.978000e-05	-6.480594e-03	2.239447e+00
1.979000e-05	-6.621264e-03	2.019604e+00
1.980000e-05	-6.109340e-03	1.831529e+00
1.981000e-05	-6.394396e-03	1.660156e+00
1.982000e-05	-6.421528e-03	1.491628e+00
1.983000e-05	-6.482676e-03	1.292182e+00
1.984000e-05	-4.614258e-03	1.091057e+00
1.985000e-05	-5.582271e-03	8.495265e-01
1.986000e-05	-4.951127e-03	6.626068e-01
1.987000e-05	-5.336834e-03	4.917329e-01
1.988000e-05	-4.706260e-03	3.241620e-01
1.989000e-05	-2.854935e-03	6.118401e-02
1.990000e-05	1.890340e-03	-7.779090e-02
1.991000e-05	3.631586e-05	-2.851881e-01
1.992000e-05	-1.106711e-03	-4.125500e-01
1.993000e-05	-4.629621e-04	-5.930801e-01
1.994000e-05	-2.223068e-03	-8.019789e-01
1.995000e-05	-1.453753e-03	-9.904685e-01
1.996000e-05	1.470389e-03	-1.156863e+00
1.997000e-05	3.133383e-02	-1.318363e+00
1.998000e-05	5.982847e-02	-1.467316e+00
1.999000e-05	-1.766049e-02	-1.761022e+00
2.000000e-05	-4.550497e-02	-2.002103e+00
2.001000e-05	-4.969951e-02	-2.285590e+00
2.002000e-05	-5.427025e-02	-2.380451e+00
2.003000e-05	1.027397e-01	-2.484259e+00
2.004000e-05	1.310289e-02	-2.624631e+00
2.005000e-05	-6.775822e-02	-2.773660e+00
2.006000e-05	1.080687e-01	-2.963926e+00
2.007000e-05	-5.950417e-02	-3.212026e+00
2.008000e-05	-4.519121e-02	-3.361929e+00
2.009000e-05	1.107405e-01	-3.538374e+00
2.010000e-05	-8.355879e-02	-3.720792e+00
2.011000e-05	-5.032025e-03	-3.949871e+00
2.012000e-05	8.734056e-02	-4.075860e+00
2.013000e-05	-3.835193e-02	-4.268737e+00
2.014000e-05	2.862944e-02	-4.432101e+00
2.015000e-05	-7.576130e-02	-4.592576e+00
2.016000e-05	-9.809176e-03	-4.803079e+00
2.017000e-05	1.030988e-01	-4.972372e+00
2.018000e-05	-3.949582e-02	-5.130845e+00
2.019000e-05	8.508053e-03	-5.358893e+00
2.020000e-05	-9.506363e-03	-5.519893e+00
2.021000e-05	5.133933e-03	-5.696317e+00
2.022000e-05	2.018738e-02	-5.824158e+00
2.023000e-05	-3.682097e-02	-5.992001e+00
2.024000e-05	5.681322e-02	-6.152464e+00
2.025000e-05	-2.473760e-02	-6.289343e+00
2.026000e-05	2.669022e-03	-6.465735e+00
2.027000e-05	2.977534e-02	-6.643604e+00
2.028000e-05	-2.377135e-02	-6.769551e+00
2.029000e-05	2.429814e-02	-6.905283e+00
2.030000e-05	-2.538451e-02	-7.076736e+00
2.031000e-05	3.727512e-02	-7.183554e+00
2.032000e-05	1.518703e-02	-7.359871e+00
2.033000e-05	-2.123071e-02	-7.465312e+00
2.034000e-05	1.163458e-02	-7.602205e+00
2.035000e-05	-6.339326e-03	-7.784101e+00
2.036000e-05	2.790526e-02	-7.969821e+00
2.037000e-05	-8.003677e-03	-8.064683e+00
2.038000e-05	1.633694e-02	-8.189496e+00
2.039000e-05	1.382522e-02	-8.286811e+00
2.040000e-05	-8.720321e-03	-8.360953e+00
2.041000e-05	3.650850e-03	-8.473258e+00
2.042000e-05	1.398666e-03	-8.624549e+00
2.043000e-05	2.512059e-02	-8.748896e+00
2.044000e-05	-2.299214e-03	-8.861558e+00
2.045000e-05	3.328637e-03	-8.938343e+00
2.046000e-05	9.084661e-03	-9.042581e+00
2.047000e-05	7.235354e-03	-9.086313e+00
2.048000e-05	6.231646e-03	-9.169999e+00
2.049000e-05	2.105349e-03	-9.242181e+00
2.050000e-05	1.487329e-02	-9.318789e+00
2.051000e-05	6.909673e-03	-9.416155e+00
2.052000e-05	6.568245e-03	-9.548420e+00
2.053000e-05	4.214857e-03	-9.582628e+00
2.054000e-05	5.240751e-03	-9.674306e+00
2.055000e-05	4.850094e-03	-9.676338e+00
2.056000e-05	1.176123e-02	-9.789995e+00
2.057000e-05	1.512824e-02	-9.862810e+00
2.058000e-05	5.753373e-03	-9.866264e+00
2.059000e-05	1.498258e-03	-9.927395e+00
2.060000e-05	5.634438e-03	-9.959499e+00
2.061000e-05	1.295967e-02	-1.000255e+01
2.062000e-05	9.832363e-03	-1.002513e+01
2.063000e-05	6.289134e-03	-1.006376e+01
2.064000e-05	7.480558e-03	-1.010779e+01
2.065000e-05	9.195869e-03	-1.012934e+01
2.066000e-05	9.708561e-03	-1.016955e+01
2.067000e-05	9.366116e-03	-1.023253e+01
2.068000e-05	7.960521e-03	-1.024510e+01
2.069000e-05	1.156874e-02	-1.027116e+01
2.070000e-05	1.097277e-02	-1.024628e+01
2.071000e-05	1.077259e-02	-1.025621e+01
2.072000e-05	9.257150e-03	-1.030818e+01
2.073000e-05	9.262512e-03	-1.025474e+01
2.074000e-05	1.082573e-02	-1.025626e+01
2.075000e-05	1.271286e-02	-1.025721e+01
2.076000e-05	1.545303e-02	-1.026414e+01
2.077000e-05	1.317917e-02	-1.025413e+01
2.078000e-05	1.138189e-02	-1.021160e+01
2.079000e-05	1.207010e-02	-1.017892e+01
2.080000e-05	1.541188e-02	-1.013790e+01
2.081000e-05	1.687941e-02	-1.011774e+01
2.082000e-05	1.571049e-02	-1.007419e+01
2.083000e-05	1.600238e-02	-1.004263e+01
2.084000e-05	1.644858e-02	-1.000150e+01
2.085000e-05	1.678024e-02	-9.917945e+00
2.086000e-05	1.750336e-02	-9.917316e+00
2.087000e-05	1.854944e-02	-9.853712e+00
2.088000e-05	1.959096e-02	-9.852154e+00
2.089000e-05	1.958692e-02	-9.788469e+00
2.090000e-05	2.008041e-02	-9.706240e+00
2.091000e-05	2.061356e-02	-9.664234e+00
2.092000e-05	2.009117e-02	-9.631553e+00
2.093000e-05	2.087848e-02	-9.577316e+00
2.094000e-05	2.256694e-02	-9.442179e+00
2.095000e-05	2.276975e-02	-9.340420e+00
2.096000e-05	2.168875e-02	-9.263811e+00
2.097000e-05	2.114279e-02	-9.209547e+00
2.098000e-05	2.204356e-02	-9.116783e+00
2.099000e-05	2.279802e-02	-8.989576e+00
2.100000e-05	2.240937e-02	-8.914688e+00
2.101000e-05	2.241990e-02	-8.821653e+00
2.102000e-05	2.176466e-02	-8.707866e+00
2.103000e-05	2.275488e-02	-8.609576e+00
2.104000e-05	2.168331e-02	-8.524762e+00
2.105000e-05	2.183862e-02	-8.420023e+00
2.106000e-05	2.140688e-02	-8.294308e+00
2.107000e-05	2.237951e-02	-8.219948e+00
2.108000e-05	2.151107e-02	-8.042582e+00
2.109000e-05	2.053999e-02	-8.009020e+00
2.110000e-05	1.940239e-02	-7.800047e+00
2.111000e-05	1.988109e-02	-7.692699e+00
2.112000e-05	1.951422e-02	-7.504736e+00
2.113000e-05	1.965083e-02	-7.349948e+00
2.114000e-05	1.958279e-02	-7.242584e+00
2.115000e-05	1.904643e-02	-7.157815e+00
2.116000e-05	1.668821e-02	-6.977943e+00
2.117000e-05	1.635834e-02	-6.810000e+00
2.118000e-05	1.460517e-02	-6.723733e+00
2.119000e-05	1.558704e-02	-6.546891e+00
2.120000e-05	1.426147e-02	-6.439574e+00
2.121000e-05	1.399238e-02	-6.303107e+00
2.122000e-05	1.244132e-02	-6.052711e+00
2.123000e-05	1.067404e-02	-5.954317e+00
2.124000e-05	1.101133e-02	-5.788872e+00
2.125000e-05	1.001757e-02	-5.649577e+00
2.126000e-05	9.699265e-03	-5.431133e+00
2.127000e-05	8.883675e-03	-5.250128e+00
2.128000e-05	7.121906e-03	-5.092204e+00
2.129000e-05	6.456170e-03	-4.880210e+00
2.130000e-05	6.015097e-03	-4.680132e+00
2.131000e-05	5.241688e-03	-4.515742e+00
2.132000e-05	5.016233e-03	-4.348420e+00
2.133000e-05	3.681386e-03	-4.229125e+00
2.134000e-05	4.417246e-03	-4.064084e+00
2.135000e-05	2.796387e-03	-3.873732e+00
2.136000e-05	2.836137e-03	-3.692733e+00
2.137000e-05	2.328459e-03	-3.525263e+00
2.138000e-05	2.755613e-03	-3.306814e+00
2.139000e-05	1.617089e-03	-3.188492e+00
2.140000e-05	9.838539e-04	-2.884438e+00
2.141000e-05	5.819133e-04	-2.778995e+00
2.142000e-05	-6.491139e-04	-2.629044e+00
2.143000e-05	-1.775582e-03	-2.450576e+00
2.144000e-05	-1.383422e-03	-2.218955e+00
2.145000e-05	2.941798e-06	-2.009029e+00
2.146000e-05	1.399645e-04	-1.882254e+00
2.147000e-05	-1.344412e-03	-1.691708e+00
2.148000e-05	-1.442788e-03	-1.473658e+00
2.149000e-05	-2.685296e-03	-1.239555e+00
2.150000e-05	-2.308089e-03	-1.061178e+00
2.151000e-05	-2.701823e-03	-8.696793e-01
2.152000e-05	-1.716803e-03	-6.827571e-01
2.153000e-05	-3.398883e-03	-4.516267e-01
2.154000e-05	-2.671587e-03	-2.822320e-01
2.155000e-05	-2.046179e-03	-1.438157e-01
2.156000e-05	3.245833e-03	1.332340e-01
2.157000e-05	9.532908e-04	2.361893e-01
2.158000e-05	-4.311579e-04	4.627076e-01
2.159000e-05	-4.800108e-04	6.211301e-01
2.160000e-05	-1.929130e-03	7.799224e-01
2.161000e-05	-3.943125e-03	9.379061e-01
2.162000e-05	-3.924221e-04	1.149925e+00
2.163000e-05	5.952672e-03	1.310396e+00
2.164000e-05	3.836165e-02	1.561926e+00
2.165000e-05	4.506511e-02	1.826106e+00
2.166000e-05	-2.590440e-02	1.994079e+00
2.167000e-05	-4.862357e-02	2.203481e+00
2.168000e-05	-4.706704e-02	2.349445e+00
2.169000e-05	-6.057022e-02	2.506813e+00
2.170000e-05	6.788361e-02	2.646161e+00
2.171000e-05	5.420327e-02	2.814685e+00
2.172000e-05	-9.131687e-02	2.971026e+00
2.173000e-05	5.905576e-02	3.152398e+00
2.174000e-05	6.411177e-03	3.392876e+00
2.175000e-05	-7.144276e-02	3.579896e+00
2.176000e-05	6.279932e-02	3.695742e+00
2.177000e-05	-2.558014e-02	3.856740e+00
2.178000e-05	-4.226933e-02	4.112088e+00
2.179000e-05	5.768462e-02	4.287237e+00
2.180000e-05	-1.297473e-02	4.464633e+00
2.181000e-05	-1.528250e-02	4.591003e+00
2.182000e-05	-2.760826e-02	4.803447e+00
2.183000e-05	-2.143994e-02	5.015503e+00
2.184000e-05	3.287949e-02	5.194105e+00
2.185000e-05	6.165117e-03	5.412051e+00
2.186000e-05	-1.090406e-02	5.530418e+00
2.187000e-05	-1.859482e-02	5.736873e+00
2.188000e-05	1.364354e-03	5.867768e+00
2.189000e-05	-1.042986e-02	6.033208e+00
2.190000e-05	-1.998065e-02	6.172029e+00
2.191000e-05	1.510594e-02	6.339322e+00
2.192000e-05	-1.081097e-02	6.487839e+00
2.193000e-05	-9.638785e-03	6.644784e+00
2.194000e-05	-5.434798e-03	6.814128e+00
2.195000e-05	-1.897455e-02	6.949950e+00
2.196000e-05	-4.957659e-03	7.066239e+00
2.197000e-05	-4.233504e-03	7.222029e+00
2.198000e-05	9.932940e-04	7.347924e+00
2.199000e-05	-7.073320e-03	7.490345e+00
2.200000e-05	-1.742917e-02	7.674288e+00
2.201000e-05	-8.413568e-03	7.816104e+00
2.202000e-05	-7.827484e-03	8.030875e+00
2.203000e-05	-3.048985e-03	8.077294e+00
2.204000e-05	-1.409451e-02	8.223133e+00
2.205000e-05	-5.437149e-03	8.358350e+00
2.206000e-05	-2.536984e-03	8.432555e+00
2.207000e-05	-1.231411e-02	8.487890e+00
2.208000e-05	-1.857803e-02	8.621580e+00
2.209000e-05	-1.188490e-02	8.739242e+00
2.210000e-05	-2.285168e-03	8.801505e+00
2.211000e-05	-5.766407e-03	8.907209e+00
2.212000e-05	-1.277970e-02	9.033580e+00
2.213000e-05	-1.390908e-02	9.129870e+00
2.214000e-05	-1.067231e-02	9.202081e+00
2.215000e-05	-9.926206e-03	9.286811e+00
2.216000e-05	-1.050992e-02	9.368469e+00
2.217000e-05	-1.008974e-02	9.444683e+00
2.218000e-05	-1.089656e-02	9.506794e+00
2.219000e-05	-1.239996e-02	9.560923e+00
2.220000e-05	-1.136606e-02	9.635661e+00
2.221000e-05	-1.150564e-02	9.717868e+00
2.222000e-05	-1.351421e-02	9.783176e+00
2.223000e-05	-1.069469e-02	9.897714e+00
2.224000e-05	-8.505961e-03	9.948899e+00
2.225000e-05	-1.211073e-02	1.000148e+01
2.226000e-05	-1.567652e-02	1.004258e+01
2.227000e-05	-1.523202e-02	1.004521e+01
2.228000e-05	-1.185225e-02	1.008731e+01
2.229000e-05	-1.261717e-02	1.013789e+01
2.230000e-05	-1.417976e-02	1.016055e+01
2.231000e-05	-1.416479e-02	1.022050e+01
2.232000e-05	-1.391387e-02	1.025315e+01
2.233000e-05	-1.370121e-02	1.028516e+01
2.234000e-05	-1.365772e-02	1.027671e+01
2.235000e-05	-1.586874e-02	1.026481e+01
2.236000e-05	-1.510031e-02	1.030674e+01
2.237000e-05	-1.377303e-02	1.029779e+01
2.238000e-05	-1.626293e-02	1.032742e+01
2.239000e-05	-1.856101e-02	1.029876e+01
2.240000e-05	-1.859821e-02	1.030739e+01
2.241000e-05	-1.592516e-02	1.030634e+01
2.242000e-05	-1.506625e-02	1.030681e+01
2.243000e-05	-1.699340e-02	1.029419e+01
2.244000e-05	-1.912212e-02	1.027471e+01
2.245000e-05	-2.133663e-02	1.024513e+01
2.246000e-05	-2.065413e-02	1.022158e+01
2.247000e-05	-2.020709e-02	1.017102e+01
2.248000e-05	-2.030421e-02	1.015799e+01
2.249000e-05	-2.205769e-02	1.013879e+01
2.250000e-05	-2.228079e-02	1.008526e+01
2.251000e-05	-2.232705e-02	1.006313e+01
2.252000e-05	-2.260628e-02	1.005156e+01
2.253000e-05	-2.534087e-02	9.981996e+00
2.254000e-05	-2.525810e-02	9.907894e+00
2.255000e-05	-2.513323e-02	9.863613e+00
2.256000e-05	-2.415831e-02	9.748478e+00
2.257000e-05	-2.632677e-02	9.725631e+00
2.258000e-05	-2.721890e-02	9.612530e+00
2.259000e-05	-2.712126e-02	9.568919e+00
2.260000e-05	-2.791693e-02	9.434712e+00
2.261000e-05	-2.715884e-02	9.411602e+00
2.262000e-05	-2.766244e-02	9.357816e+00
2.263000e-05	-2.900034e-02	9.232609e+00
2.264000e-05	-2.907819e-02	9.179950e+00
2.265000e-05	-2.815511e-02	9.125816e+00
2.266000e-05	-2.727585e-02	8.979029e+00
2.267000e-05	-2.751063e-02	8.885108e+00
2.268000e-05	-2.868938e-02	8.817948e+00
2.269000e-05	-2.868566e-02	8.712683e+00
2.270000e-05	-2.933322e-02	8.567445e+00
2.271000e-05	-2.901165e-02	8.484190e+00
2.272000e-05	-2.841716e-02	8.409553e+00
2.273000e-05	-2.854265e-02	8.324713e+00
2.274000e-05	-2.736598e-02	8.110815e+00
2.275000e-05	-2.695641e-02	8.031121e+00
2.276000e-05	-2.683991e-02	7.914709e+00
2.277000e-05	-2.729679e-02	7.778921e+00
2.278000e-05	-2.782779e-02	7.652004e+00
2.279000e-05	-2.654718e-02	7.495763e+00
2.280000e-05	-2.486988e-02	7.305290e+00
2.281000e-05	-2.422202e-02	7.199921e+00
2.282000e-05	-2.414946e-02	7.052132e+00
2.283000e-05	-2.427050e-02	6.904813e+00
2.284000e-05	-2.220619e-02	6.829474e+00
2.285000e-05	-2.114236e-02	6.603032e+00
2.286000e-05	-2.141108e-02	6.452157e+00
2.287000e-05	-2.054531e-02	6.314236e+00
2.288000e-05	-2.011527e-02	6.177915e+00
2.289000e-05	-1.896345e-02	6.011159e+00
2.290000e-05	-1.907081e-02	5.932186e+00
2.291000e-05	-1.849591e-02	5.723286e+00
2.292000e-05	-1.683159e-02	5.566341e+00
2.293000e-05	-1.528471e-02	5.369419e+00
2.294000e-05	-1.506495e-02	5.201029e+00
2.295000e-05	-1.387668e-02	4.968917e+00
2.296000e-05	-1.361545e-02	4.787424e+00
2.297000e-05	-1.247806e-02	4.639580e+00
2.298000e-05	-1.254927e-02	4.462659e+00
2.299000e-05	-1.198303e-02	4.305762e+00
2.300000e-05	-1.183954e-02	4.103862e+00
2.301000e-05	-1.066794e-02	3.935292e+00
2.302000e-05	-1.080308e-02	3.776242e+00
2.303000e-05	-1.078888e-02	3.610000e+00
2.304000e-05	-9.783766e-03	3.430028e+00
2.305000e-05	-8.239073e-03	3.239526e+00
2.306000e-05	-8.316817e-03	3.040534e+00
2.307000e-05	-8.415378e-03	2.912685e+00
2.308000e-05	-8.930393e-03	2.705184e+00
2.309000e-05	-7.310989e-03	2.541782e+00
2.310000e-05	-7.507718e-03	2.322687e+00
2.311000e-05	-7.230448e-03	2.123689e+00
2.312000e-05	-6.801535e-03	1.986221e+00
2.313000e-05	-6.072816e-03	1.725390e+00
2.314000e-05	-6.112129e-03	1.547390e+00
2.315000e-05	-6.501666e-03	1.365919e+00
2.316000e-05	-6.007915e-03	1.136919e+00
2.317000e-05	-5.592917e-03	9.422605e-01
2.318000e-05	-5.441934e-03	7.457659e-01
2.319000e-05	-4.486760e-03	5.342887e-01
2.320000e-05	-5.211348e-03	3.884486e-01
2.321000e-05	-4.951541e-03	1.862936e-01
2.322000e-05	-1.216534e-03	-1.252888e-02
2.323000e-05	2.349547e-03	-1.810275e-01
2.324000e-05	-9.926065e-04	-3.397959e-01
2.325000e-05	-9.012295e-04	-5.078182e-01
2.326000e-05	-2.399736e-03	-7.182958e-01
2.327000e-05	-1.665786e-03	-9.147581e-01
2.328000e-05	1.214186e-04	-1.044733e+00
2.329000e-05	1.044521e-02	-1.202158e+00
2.330000e-05	6.100401e-02	-1.401685e+00
2.331000e-05	2.549148e-02	-1.647236e+00
2.332000e-05	-4.786554e-02	-1.898238e+00
2.333000e-05	-3.618021e-02	-2.120421e+00
2.334000e-05	-8.130484e-02	-2.350474e+00
2.335000e-05	3.603546e-02	-2.432083e+00
2.336000e-05	9.887547e-02	-2.537843e+00
2.337000e-05	-8.530840e-02	-2.690975e+00
2.338000e-05	4.085330e-02	-2.929341e+00
2.339000e-05	4.872168e-02	-3.087763e+00
2.340000e-05	-1.169952e-01	-3.318793e+00
2.341000e-05	7.770043e-02	-3.476759e+00
2.342000e-05	1.769237e-02	-3.642584e+00
2.343000e-05	-8.567264e-02	-3.834664e+00
2.344000e-05	9.147609e-02	-4.021576e+00
2.345000e-05	4.282566e-03	-4.155124e+00
2.346000e-05	-1.251357e-02	-4.359972e+00
2.347000e-05	-5.017026e-03	-4.497365e+00
2.348000e-05	-8.135404e-02	-4.709340e+00
2.349000e-05	9.202779e-02	-4.897761e+00
2.350000e-05	1.857094e-02	-5.076784e+00
2.351000e-05	-3.132425e-02	-5.224583e+00
2.352000e-05	2.200854e-02	-5.424505e+00
2.353000e-05	-2.674547e-02	-5.635179e+00
2.354000e-05	3.737057e-02	-5.759925e+00
2.355000e-05	-3.084657e-02	-5.916821e+00
2.356000e-05	1.941943e-02	-6.043711e+00
2.357000e-05	2.716482e-02	-6.204630e+00
2.358000e-05	-3.960628e-02	-6.393680e+00
2.359000e-05	4.510788e-02	-6.569443e+00
2.360000e-05	-1.475635e-02	-6.718239e+00
2.361000e-05	7.592063e-03	-6.851778e+00
2.362000e-05	-2.770830e-03	-6.974403e+00
2.363000e-05	-3.695408e-03	-7.180375e+00
2.364000e-05	4.834409e-02	-7.306787e+00
2.365000e-05	-2.242966e-02	-7.444181e+00
2.366000e-05	5.071439e-03	-7.579923e+00
2.367000e-05	-3.288535e-03	-7.718893e+00
2.368000e-05	1.386849e-02	-7.897140e+00
2.369000e-05	1.169086e-02	-7.982005e+00
2.370000e-05	-5.332313e-03	-8.138314e+00
2.371000e-05	2.794724e-02	-8.225179e+00
2.372000e-05	-6.732398e-03	-8.328371e+00
2.373000e-05	7.882382e-04	-8.433131e+00
2.374000e-05	-8.880744e-04	-8.551319e+00
2.375000e-05	1.763216e-02	-8.677690e+00
2.376000e-05	1.306700e-02	-8.792030e+00
2.377000e-05	-6.952865e-03	-8.886264e+00
2.378000e-05	1.196959e-02	-8.990947e+00
2.379000e-05	5.590897e-03	-9.056714e+00
2.380000e-05	9.950395e-03	-9.138421e+00
2.381000e-05	-1.814155e-04	-9.173528e+00
2.382000e-05	1.058749e-02	-9.287235e+00
2.383000e-05	1.112441e-02	-9.402951e+00
2.384000e-05	4.929290e-03	-9.477291e+00
2.385000e-05	6.386775e-03	-9.570927e+00
2.386000e-05	3.632383e-03	-9.673656e+00
2.387000e-05	6.063497e-03	-9.696742e+00
2.388000e-05	6.791220e-03	-9.739421e+00
2.389000e-05	1.515675e-02	-9.811575e+00
2.390000e-05	1.085925e-02	-9.884684e+00
2.391000e-05	2.477456e-03	-9.918316e+00
2.392000e-05	2.747632e-03	-9.948844e+00
2.393000e-05	1.035206e-02	-9.970399e+00
2.394000e-05	1.269968e-02	-1.002160e+01
2.395000e-05	6.977695e-03	-1.003363e+01
2.396000e-05	6.300926e-03	-1.011624e+01
2.397000e-05	8.075219e-03	-1.011939e+01
2.398000e-05	1.066422e-02	-1.015854e+01
2.399000e-05	9.822389e-03	-1.020205e+01
2.400000e-05	7.578672e-03	-1.025205e+01
2.401000e-05	9.576089e-03	-1.025673e+01
2.402000e-05	1.219259e-02	-1.024416e+01
2.403000e-05	1.032080e-02	-1.024521e+01
2.404000e-05	8.300292e-03	-1.030834e+01
2.405000e-05	9.184804e-03	-1.027628e+01
2.406000e-05	1.090288e-02	-1.029374e+01
2.407000e-05	1.204278e-02	-1.026479e+01
2.408000e-05	1.341761e-02	-1.031469e+01
2.409000e-05	1.454597e-02	-1.024406e+01
2.410000e-05	1.287786e-02	-1.020110e+01
2.411000e-05	1.142874e-02	-1.018045e+01
2.412000e-05	1.369710e-02	-1.016780e+01
2.413000e-05	1.631376e-02	-1.014537e+01
2.414000e-05	1.587805e-02	-1.009573e+01
2.415000e-05	1.569778e-02	-1.007316e+01
2.416000e-05	1.676307e-02	-1.001310e+01
2.417000e-05	1.762697e-02	-1.002839e+01
2.418000e-05	1.670025e-02	-9.947871e+00
2.419000e-05	1.819184e-02	-9.905338e+00
2.420000e-05	2.029242e-02	-9.863085e+00
2.421000e-05	1.983726e-02	-9.831050e+00
2.422000e-05	1.887084e-02	-9.757869e+00
2.423000e-05	1.972768e-02	-9.655265e+00
2.424000e-05	2.071165e-02	-9.653054e+00
2.425000e-05	2.045662e-02	-9.598498e+00
2.426000e-05	2.142056e-02	-9.495865e+00
2.427000e-05	2.214901e-02	-9.421549e+00
2.428000e-05	2.331901e-02	-9.326289e+00
2.429000e-05	2.195216e-02	-9.230025e+00
2.430000e-05	2.029981e-02	-9.166865e+00
2.431000e-05	2.169182e-02	-9.043604e+00
2.432000e-05	2.248469e-02	-8.946266e+00
2.433000e-05	2.284542e-02	-8.864108e+00
2.434000e-05	2.188656e-02	-8.780477e+00
2.435000e-05	2.217531e-02	-8.674336e+00
2.436000e-05	2.197553e-02	-8.541870e+00
2.437000e-05	2.156798e-02	-8.453605e+00
2.438000e-05	2.225601e-02	-8.356766e+00
2.439000e-05	2.214498e-02	-8.230627e+00
2.440000e-05	2.146154e-02	-8.134316e+00
2.441000e-05	2.076316e-02	-8.041100e+00
2.442000e-05	2.020966e-02	-7.885666e+00
2.443000e-05	2.057754e-02	-7.735864e+00
2.444000e-05	1.922036e-02	-7.587496e+00
2.445000e-05	1.887489e-02	-7.452098e+00
2.446000e-05	1.956968e-02	-7.323739e+00
2.447000e-05	2.065533e-02	-7.190023e+00
2.448000e-05	1.797773e-02	-7.031604e+00
2.449000e-05	1.548112e-02	-6.922129e+00
2.450000e-05	1.588789e-02	-6.735365e+00
2.451000e-05	1.574916e-02	-6.620524e+00
2.452000e-05	1.477868e-02	-6.480154e+00
2.453000e-05	1.313114e-02	-6.357317e+00
2.454000e-05	1.298030e-02	-6.185390e+00
2.455000e-05	1.238975e-02	-5.988523e+00
2.456000e-05	1.033466e-02	-5.851630e+00
2.457000e-05	9.251738e-03	-5.664308e+00
2.458000e-05	9.952760e-03	-5.526342e+00
2.459000e-05	8.317887e-03	-5.355340e+00
2.460000e-05	8.154950e-03	-5.145364e+00
2.461000e-05	6.900979e-03	-4.967472e+00
2.462000e-05	5.839460e-03	-4.797940e+00
2.463000e-05	4.486015e-03	-4.569371e+00
2.464000e-05	5.212722e-03	-4.461626e+00
2.465000e-05	5.301259e-03	-4.334761e+00
2.466000e-05	4.239821e-03	-4.093787e+00
2.467000e-05	2.638419e-03	-3.989027e+00
2.468000e-05	2.739349e-03	-3.807870e+00
2.469000e-05	2.171429e-03	-3.608447e+00
2.470000e-05	1.735363e-03	-3.390578e+00
2.471000e-05	1.461832e-03	-3.271578e+00
2.472000e-05	1.308972e-03	-3.062204e+00
2.473000e-05	9.724317e-04	-2.820655e+00
2.474000e-05	9.429485e-04	-2.683132e+00
2.475000e-05	1.667493e-04	-2.493237e+00
2.476000e-05	8.178964e-04	-2.336262e+00
2.477000e-05	-2.789484e-04	-2.103737e+00
2.478000e-05	-9.826121e-04	-1.906765e+00
2.479000e-05	-2.680029e-03	-1.746942e+00
2.480000e-05	-1.330478e-03	-1.589925e+00
2.481000e-05	-2.579079e-03	-1.358388e+00
2.482000e-05	-2.632801e-03	-1.113287e+00
2.483000e-05	-1.945181e-03	-9.262873e-01
2.484000e-05	-3.434968e-04	-7.594711e-01
2.485000e-05	-2.261128e-03	-5.243159e-01
2.486000e-05	-3.220254e-03	-3.674198e-01
2.487000e-05	-3.454889e-03	-2.505778e-01
2.488000e-05	1.294467e-03	2.058001e-02
2.489000e-05	1.085836e-03	1.525234e-01
2.490000e-05	-7.882565e-04	3.804998e-01
2.491000e-05	-1.659403e-03	5.093171e-01
2.492000e-05	4.303605e-04	7.083408e-01
2.493000e-05	-2.654280e-03	8.526313e-01
2.494000e-05	-1.281353e-03	1.097237e+00
2.495000e-05	1.771622e-03	1.256188e+00
2.496000e-05	1.910959e-02	1.473659e+00
2.497000e-05	5.206567e-02	1.718821e+00
2.498000e-05	7.023720e-03	1.940293e+00
2.499000e-05	-4.965633e-02	2.137317e+00
2.500000e-05	-3.841198e-02	2.316814e+00
2.501000e-05	-6.402379e-02	2.412130e+00
2.502000e-05	-3.214064e-03	2.581058e+00
2.503000e-05	1.003280e-01	2.809422e+00
2.504000e-05	-5.143199e-02	2.928871e+00
2.505000e-05	-2.337838e-02	3.106185e+00
2.506000e-05	7.345219e-02	3.245211e+00
2.507000e-05	-8.131186e-02	3.456843e+00
2.508000e-05	1.707442e-02	3.640579e+00
2.509000e-05	3.658784e-02	3.813027e+00
2.510000e-05	-7.102124e-02	4.000450e+00
2.511000e-05	2.567445e-02	4.170450e+00
2.512000e-05	3.092752e-02	4.340426e+00
2.513000e-05	-2.751879e-02	4.486868e+00
2.514000e-05	-1.099323e-02	4.705239e+00
2.515000e-05	-4.264117e-02	4.880420e+00
2.516000e-05	1.198953e-02	5.148395e+00
2.517000e-05	2.760057e-02	5.317267e+00
2.518000e-05	-5.641904e-03	5.455266e+00
2.519000e-05	-1.950133e-02	5.652557e+00
2.520000e-05	-1.366260e-02	5.754031e+00
2.521000e-05	6.368985e-03	5.981924e+00
2.522000e-05	-2.392947e-02	6.098270e+00
2.523000e-05	3.006626e-03	6.266189e+00
2.524000e-05	3.650052e-03	6.421628e+00
2.525000e-05	-1.984926e-02	6.563429e+00
2.526000e-05	1.176624e-03	6.789946e+00
2.527000e-05	-1.494052e-02	6.897762e+00
2.528000e-05	-9.587612e-03	7.054206e+00
2.529000e-05	-4.382685e-03	7.179321e+00
2.530000e-05	-4.835714e-03	7.254138e+00
2.531000e-05	-2.992100e-04	7.435506e+00
2.532000e-05	-1.509332e-02	7.594130e+00
2.533000e-05	-1.220303e-02	7.751397e+00
2.534000e-05	-1.040174e-02	7.896371e+00
2.535000e-05	-5.195023e-03	8.016134e+00
2.536000e-05	-7.638461e-03	8.150974e+00
2.537000e-05	-1.117239e-02	8.246788e+00
2.538000e-05	-2.660039e-03	8.382450e+00
2.539000e-05	-7.616772e-03	8.456715e+00
2.540000e-05	-1.585849e-02	8.550471e+00
2.541000e-05	-1.562401e-02	8.645763e+00
2.542000e-05	-7.134303e-03	8.748974e+00
2.543000e-05	-1.166188e-03	8.854079e+00
2.544000e-05	-1.120252e-02	8.937993e+00
2.545000e-05	-1.300722e-02	9.058833e+00
2.546000e-05	-1.237150e-02	9.170531e+00
2.547000e-05	-9.064170e-03	9.274684e+00
2.548000e-05	-9.779557e-03	9.328367e+00
2.549000e-05	-1.017636e-02	9.391529e+00
2.550000e-05	-8.914416e-03	9.475213e+00
2.551000e-05	-1.192024e-02	9.537945e+00
2.552000e-05	-1.268658e-02	9.612482e+00
2.553000e-05	-1.296692e-02	9.665262e+00
2.554000e-05	-1.333100e-02	9.750947e+00
2.555000e-05	-1.192146e-02	9.875185e+00
2.556000e-05	-8.290755e-03	9.908340e+00
2.557000e-05	-9.551749e-03	9.999500e+00
2.558000e-05	-1.547591e-02	9.981580e+00
2.559000e-05	-1.558464e-02	1.003416e+01
2.560000e-05	-1.293850e-02	1.007581e+01
2.561000e-05	-1.022022e-02	1.012832e+01
2.562000e-05	-1.304978e-02	1.016895e+01
2.563000e-05	-1.408749e-02	1.022100e+01
2.564000e-05	-1.430604e-02	1.020351e+01
2.565000e-05	-1.501685e-02	1.024366e+01
2.566000e-05	-1.451388e-02	1.026513e+01
2.567000e-05	-1.552746e-02	1.027334e+01
2.568000e-05	-1.444058e-02	1.029621e+01
2.569000e-05	-1.296430e-02	1.029624e+01
2.570000e-05	-1.452867e-02	1.031684e+01
2.571000e-05	-1.796357e-02	1.031686e+01
2.572000e-05	-1.878049e-02	1.033624e+01
2.573000e-05	-1.666945e-02	1.030632e+01
2.574000e-05	-1.576254e-02	1.030679e+01
2.575000e-05	-1.834404e-02	1.026621e+01
2.576000e-05	-1.797771e-02	1.028417e+01
2.577000e-05	-1.972981e-02	1.027268e+01
2.578000e-05	-2.007526e-02	1.022265e+01
2.579000e-05	-2.057053e-02	1.017253e+01
2.580000e-05	-2.134146e-02	1.021050e+01
2.581000e-05	-2.018073e-02	1.015794e+01
2.582000e-05	-2.229750e-02	1.009627e+01
2.583000e-05	-2.272779e-02	1.005466e+01
2.584000e-05	-2.399599e-02	1.005263e+01
2.585000e-05	-2.554474e-02	1.002000e+01
2.586000e-05	-2.500941e-02	9.960994e+00
2.587000e-05	-2.362324e-02	9.885262e+00
2.588000e-05	-2.461237e-02	9.800028e+00
2.589000e-05	-2.563057e-02	9.736291e+00
2.590000e-05	-2.740679e-02	9.673109e+00
2.591000e-05	-2.774454e-02	9.580499e+00
2.592000e-05	-2.784845e-02	9.515811e+00
2.593000e-05	-2.865609e-02	9.433103e+00
2.594000e-05	-2.685502e-02	9.358421e+00
2.595000e-05	-2.677533e-02	9.253714e+00
2.596000e-05	-2.837172e-02	9.231054e+00
2.597000e-05	-2.987729e-02	9.158421e+00
2.598000e-05	-2.967712e-02	9.031983e+00
2.599000e-05	-2.814156e-02	8.886289e+00
2.600000e-05	-2.894778e-02	8.840550e+00
2.601000e-05	-2.826883e-02	8.734267e+00
2.602000e-05	-2.820243e-02	8.631602e+00
2.603000e-05	-2.877791e-02	8.493789e+00
2.604000e-05	-2.876862e-02	8.421102e+00
2.605000e-05	-2.953926e-02	8.305819e+00
2.606000e-05	-2.821782e-02	8.220472e+00
2.607000e-05	-2.764871e-02	8.071683e+00
2.608000e-05	-2.624662e-02	7.945846e+00
2.609000e-05	-2.691366e-02	7.822655e+00
2.610000e-05	-2.733230e-02	7.704237e+00
2.611000e-05	-2.489399e-02	7.569449e+00
2.612000e-05	-2.478553e-02	7.358476e+00
2.613000e-05	-2.496477e-02	7.243154e+00
2.614000e-05	-2.411382e-02	7.097362e+00
2.615000e-05	-2.426758e-02	7.027474e+00
2.616000e-05	-2.377350e-02	6.832132e+00
2.617000e-05	-2.245993e-02	6.716817e+00
2.618000e-05	-2.173356e-02	6.536841e+00
2.619000e-05	-2.058626e-02	6.366971e+00
2.620000e-05	-2.010092e-02	6.230554e+00
2.621000e-05	-1.915851e-02	6.084212e+00
2.622000e-05	-1.832148e-02	5.978921e+00
2.623000e-05	-1.909681e-02	5.789452e+00
2.624000e-05	-1.758858e-02	5.619046e+00
2.625000e-05	-1.635352e-02	5.441181e+00
2.626000e-05	-1.525538e-02	5.282709e+00
2.627000e-05	-1.445643e-02	5.103634e+00
2.628000e-05	-1.388218e-02	4.872734e+00
2.629000e-05	-1.266125e-02	4.703233e+00
2.630000e-05	-1.221157e-02	4.527340e+00
2.631000e-05	-1.192465e-02	4.428998e+00
2.632000e-05	-1.230423e-02	4.198074e+00
2.633000e-05	-1.163864e-02	3.989923e+00
2.634000e-05	-1.057024e-02	3.841601e+00
2.635000e-05	-1.042213e-02	3.682159e+00
2.636000e-05	-9.871707e-03	3.495742e+00
2.637000e-05	-1.022187e-02	3.341859e+00
2.638000e-05	-9.150103e-03	3.115838e+00
2.639000e-05	-8.012317e-03	2.976366e+00
2.640000e-05	-8.481528e-03	2.839527e+00
2.641000e-05	-9.084021e-03	2.597374e+00
2.642000e-05	-7.652526e-03	2.346395e+00
2.643000e-05	-6.963379e-03	2.178373e+00
2.644000e-05	-6.359012e-03	2.070551e+00
2.645000e-05	-6.860830e-03	1.871502e+00
2.646000e-05	-6.423345e-03	1.720530e+00
2.647000e-05	-6.837480e-03	1.459105e+00
2.648000e-05	-6.408177e-03	1.221209e+00
2.649000e-05	-5.950676e-03	1.039628e+00
2.650000e-05	-5.686557e-03	8.179750e-01
2.651000e-05	-6.059453e-03	6.700526e-01
2.652000e-05	-4.620962e-03	4.316579e-01
2.653000e-05	-5.008097e-03	2.717532e-01
2.654000e-05	-3.124691e-03	4.065526e-02
2.655000e-05	1.314810e-03	-1.382370e-01
2.656000e-05	-3.556638e-04	-2.767108e-01
2.657000e-05	-1.227557e-03	-4.405765e-01
2.658000e-05	-1.194431e-03	-6.341039e-01
2.659000e-05	-1.746723e-03	-8.320788e-01
2.660000e-05	-1.284501e-03	-9.700248e-01
2.661000e-05	2.343996e-03	-1.129368e+00
2.662000e-05	3.706416e-02	-1.296419e+00
2.663000e-05	5.595995e-02	-1.549897e+00
2.664000e-05	-2.312025e-02	-1.801501e+00
2.665000e-05	-4.578170e-02	-2.025703e+00
2.666000e-05	-5.560653e-02	-2.267142e+00
2.667000e-05	-4.153159e-02	-2.364024e+00
2.668000e-05	1.092659e-01	-2.474212e+00
2.669000e-05	-6.277544e-03	-2.625609e+00
2.670000e-05	-5.708198e-02	-2.886633e+00
2.671000e-05	1.091356e-01	-3.031651e+00
2.672000e-05	-7.191208e-02	-3.203556e+00
2.673000e-05	-2.806166e-02	-3.374058e+00
2.674000e-05	1.010736e-01	-3.558371e+00
2.675000e-05	-8.736292e-02	-3.730474e+00
2.676000e-05	1.546016e-02	-3.900416e+00
2.677000e-05	7.194426e-02	-4.098316e+00
2.678000e-05	-3.781046e-02	-4.298815e+00
2.679000e-05	2.964510e-02	-4.442683e+00
2.680000e-05	-8.102965e-02	-4.612079e+00
2.681000e-05	7.372189e-03	-4.833504e+00
2.682000e-05	9.300983e-02	-4.978900e+00
2.683000e-05	-4.457909e-02	-5.140399e+00
2.684000e-05	1.211522e-02	-5.338840e+00
2.685000e-05	-1.528340e-02	-5.559845e+00
2.686000e-05	1.424361e-02	-5.708291e+00
2.687000e-05	1.323438e-02	-5.855184e+00
2.688000e-05	-3.106938e-02	-5.991576e+00
2.689000e-05	5.594644e-02	-6.169443e+00
2.690000e-05	-2.914938e-02	-6.329949e+00
2.691000e-05	1.068448e-02	-6.506763e+00
2.692000e-05	2.249539e-02	-6.634680e+00
2.693000e-05	-2.255217e-02	-6.801473e+00
2.694000e-05	2.478760e-02	-6.877918e+00
2.695000e-05	-2.342052e-02	-7.095737e+00
2.696000e-05	4.143324e-02	-7.233084e+00
2.697000e-05	7.590829e-03	-7.360924e+00
2.698000e-05	-1.894801e-02	-7.467767e+00
2.699000e-05	9.600018e-03	-7.642782e+00
2.700000e-05	-3.838452e-03	-7.833627e+00
2.701000e-05	2.673376e-02	-7.969871e+00
2.702000e-05	-9.315318e-03	-8.086160e+00
2.703000e-05	1.861415e-02	-8.210976e+00
2.704000e-05	1.089844e-02	-8.287263e+00
2.705000e-05	-8.101236e-03	-8.399978e+00
2.706000e-05	2.945405e-03	-8.477761e+00
2.707000e-05	3.960797e-03	-8.626127e+00
2.708000e-05	2.415638e-02	-8.758347e+00
2.709000e-05	-3.401616e-03	-8.872683e+00
2.710000e-05	4.702992e-03	-8.969368e+00
2.711000e-05	8.203131e-03	-9.021106e+00
2.712000e-05	7.378410e-03	-9.127317e+00
2.713000e-05	4.842493e-03	-9.200000e+00
2.714000e-05	1.939441e-03	-9.255639e+00
2.715000e-05	1.459858e-02	-9.339392e+00
2.716000e-05	5.235145e-03	-9.477162e+00
2.717000e-05	7.865138e-03	-9.559423e+00
2.718000e-05	3.618834e-03	-9.611607e+00
2.719000e-05	5.167153e-03	-9.655186e+00
2.720000e-05	5.222994e-03	-9.726865e+00
2.721000e-05	1.099787e-02	-9.810478e+00
2.722000e-05	1.448300e-02	-9.843658e+00
2.723000e-05	5.020467e-03	-9.905736e+00
2.724000e-05	2.386919e-03	-9.949345e+00
2.725000e-05	6.099198e-03	-9.959970e+00
2.726000e-05	1.374534e-02	-1.001057e+01
2.727000e-05	1.010504e-02	-1.003353e+01
2.728000e-05	6.644802e-03	-1.004534e+01
2.729000e-05	7.923031e-03	-1.012734e+01
2.730000e-05	9.216377e-03	-1.015092e+01
2.731000e-05	1.031327e-02	-1.019197e+01
2.732000e-05	8.093963e-03	-1.023455e+01
2.733000e-05	9.081125e-03	-1.023366e+01
2.734000e-05	1.059104e-02	-1.023363e+01
2.735000e-05	1.216161e-02	-1.028728e+01
2.736000e-05	9.866329e-03	-1.027631e+01
2.737000e-05	9.180922e-03	-1.033578e+01
2.738000e-05	9.390890e-03	-1.032674e+01
2.739000e-05	1.164031e-02	-1.025429e+01
2.740000e-05	1.288081e-02	-1.025583e+01
2.741000e-05	1.546668e-02	-1.027523e+01
2.742000e-05	1.331744e-02	-1.022455e+01
2.743000e-05	1.192553e-02	-1.021347e+01
2.744000e-05	1.254675e-02	-1.015897e+01
2.745000e-05	1.549605e-02	-1.015897e+01
2.746000e-05	1.547178e-02	-1.006627e+01
2.747000e-05	1.526419e-02	-1.007481e+01
2.748000e-05	1.726425e-02	-1.002311e+01
2.749000e-05	1.755100e-02	-9.990021e+00
2.750000e-05	1.641925e-02	-9.937521e+00
2.751000e-05	1.820453e-02	-9.936790e+00
2.752000e-05	1.879061e-02	-9.865262e+00
2.753000e-05	1.988355e-02	-9.789973e+00
2.754000e-05	1.910894e-02	-9.769523e+00
2.755000e-05	2.068172e-02	-9.716716e+00
2.756000e-05	2.072772e-02	-9.623232e+00
2.757000e-05	2.000898e-02	-9.610552e+00
2.758000e-05	1.991281e-02	-9.558870e+00
2.759000e-05	2.252828e-02	-9.483132e+00
2.760000e-05	2.262589e-02	-9.318441e+00
2.761000e-05	2.182366e-02	-9.252134e+00
2.762000e-05	2.132749e-02	-9.169397e+00
2.763000e-05	2.128139e-02	-9.104713e+00
2.764000e-05	2.299933e-02	-8.991499e+00
2.765000e-05	2.215642e-02	-8.854765e+00
2.766000e-05	2.169244e-02	-8.810545e+00
2.767000e-05	2.270695e-02	-8.757791e+00
2.768000e-05	2.222638e-02	-8.622077e+00
2.769000e-05	2.297778e-02	-8.513685e+00
2.770000e-05	2.117459e-02	-8.399472e+00
2.771000e-05	2.238955e-02	-8.264155e+00
2.772000e-05	2.075633e-02	-8.208871e+00
2.773000e-05	2.151823e-02	-8.083107e+00
2.774000e-05	2.017576e-02	-7.998921e+00
2.775000e-05	1.960008e-02	-7.818454e+00
2.776000e-05	1.976358e-02	-7.651702e+00
2.777000e-05	1.941006e-02	-7.525236e+00
2.778000e-05	1.957145e-02	-7.387444e+00
2.779000e-05	1.909327e-02	-7.250554e+00
2.780000e-05	1.769839e-02	-7.157287e+00
2.781000e-05	1.689832e-02	-6.935264e+00
2.782000e-05	1.730209e-02	-6.809994e+00
2.783000e-05	1.530635e-02	-6.683208e+00
2.784000e-05	1.454523e-02	-6.546315e+00
2.785000e-05	1.367206e-02	-6.428548e+00
2.786000e-05	1.284818e-02	-6.251527e+00
2.787000e-05	1.282362e-02	-6.070630e+00
2.788000e-05	1.116161e-02	-5.895236e+00
2.789000e-05	1.081060e-02	-5.767995e+00
2.790000e-05	1.034782e-02	-5.589074e+00
2.791000e-05	1.077071e-02	-5.441556e+00
2.792000e-05	8.296349e-03	-5.280099e+00
2.793000e-05	7.381828e-03	-5.002179e+00
2.794000e-05	6.152953e-03	-4.870574e+00
2.795000e-05	4.798670e-03	-4.641675e+00
2.796000e-05	5.230537e-03	-4.574812e+00
2.797000e-05	5.641585e-03	-4.367992e+00
2.798000e-05	4.508128e-03	-4.190498e+00
2.799000e-05	2.936214e-03	-4.092156e+00
2.800000e-05	3.254990e-03	-3.884133e+00
2.801000e-05	2.708082e-03	-3.710704e+00
2.802000e-05	2.800801e-03	-3.523737e+00
2.803000e-05	1.698543e-03	-3.304791e+00
2.804000e-05	2.473361e-03	-3.147370e+00
2.805000e-05	1.387992e-03	-2.994963e+00
2.806000e-05	8.837949e-04	-2.747967e+00
2.807000e-05	-1.661175e-03	-2.548449e+00
2.808000e-05	-1.476225e-03	-2.440070e+00
2.809000e-05	3.786622e-04	-2.218001e+00
2.810000e-05	8.324928e-04	-2.019523e+00
2.811000e-05	-8.884649e-04	-1.831550e+00
2.812000e-05	-1.715059e-03	-1.691083e+00
2.813000e-05	-1.418910e-03	-1.463630e+00
2.814000e-05	-2.046164e-03	-1.219548e+00
2.815000e-05	-2.482239e-03	-1.050553e+00
2.816000e-05	-2.675871e-03	-8.391029e-01
2.817000e-05	-2.450738e-03	-6.811307e-01
2.818000e-05	-2.702165e-03	-4.215753e-01
2.819000e-05	-2.499045e-03	-2.721343e-01
2.820000e-05	-1.652022e-03	-9.368178e-02
2.821000e-05	3.216907e-03	6.816689e-02
2.822000e-05	1.611871e-03	3.282658e-01
2.823000e-05	-1.034145e-03	4.661803e-01
2.824000e-05	-8.436719e-04	6.241051e-01
2.825000e-05	-3.270617e-03	7.900025e-01
2.826000e-05	-2.348096e-03	9.640521e-01
2.827000e-05	-1.029604e-03	1.243604e+00
2.828000e-05	6.904499e-03	1.350397e+00
2.829000e-05	4.061214e-02	1.595579e+00
2.830000e-05	3.998574e-02	1.863682e+00
2.831000e-05	-3.126975e-02	2.044658e+00
2.832000e-05	-4.671848e-02	2.212053e+00
2.833000e-05	-4.994769e-02	2.390921e+00
2.834000e-05	-5.417956e-02	2.476769e+00
2.835000e-05	7.690519e-02	2.667265e+00
2.836000e-05	4.066698e-02	2.855189e+00
2.837000e-05	-8.707644e-02	3.022578e+00
2.838000e-05	6.192310e-02	3.138875e+00
2.839000e-05	-9.520481e-03	3.372624e+00
2.840000e-05	-5.718854e-02	3.579499e+00
2.841000e-05	6.422382e-02	3.725313e+00
2.842000e-05	-3.864108e-02	3.867767e+00
2.843000e-05	-3.447196e-02	4.104685e+00
2.844000e-05	5.732383e-02	4.278242e+00
2.845000e-05	-1.713086e-02	4.466159e+00
2.846000e-05	-1.325838e-02	4.583113e+00
2.847000e-05	-3.235124e-02	4.804056e+00
2.848000e-05	-1.797433e-02	5.035134e+00
2.849000e-05	3.263024e-02	5.232658e+00
2.850000e-05	4.683620e-03	5.413529e+00
2.851000e-05	-1.211546e-02	5.550346e+00
2.852000e-05	-1.842306e-02	5.760317e+00
2.853000e-05	2.467782e-03	5.918793e+00
2.854000e-05	-1.155527e-02	6.086735e+00
2.855000e-05	-1.527916e-02	6.183101e+00
2.856000e-05	1.287865e-02	6.340421e+00
2.857000e-05	-1.433148e-02	6.468266e+00
2.858000e-05	-8.757875e-03	6.656734e+00
2.859000e-05	-2.684899e-03	6.822684e+00
2.860000e-05	-1.889679e-02	6.930976e+00
2.861000e-05	-2.735645e-03	7.107241e+00
2.862000e-05	-8.446927e-03	7.201605e+00
2.863000e-05	9.486059e-04	7.380447e+00
2.864000e-05	-7.371439e-03	7.579421e+00
2.865000e-05	-1.639249e-02	7.686817e+00
2.866000e-05	-1.024579e-02	7.814131e+00
2.867000e-05	-8.044236e-03	7.984451e+00
2.868000e-05	-2.008438e-03	8.117894e+00
2.869000e-05	-1.260233e-02	8.225705e+00
2.870000e-05	-5.058782e-03	8.349349e+00
2.871000e-05	-4.167850e-03	8.462604e+00
2.872000e-05	-1.269031e-02	8.528368e+00
2.873000e-05	-1.724734e-02	8.662657e+00
2.874000e-05	-1.260464e-02	8.749896e+00
2.875000e-05	-1.694710e-03	8.803632e+00
2.876000e-05	-6.719716e-03	8.926792e+00
2.877000e-05	-1.217671e-02	9.024158e+00
2.878000e-05	-1.344026e-02	9.140050e+00
2.879000e-05	-1.020470e-02	9.222055e+00
2.880000e-05	-9.863419e-03	9.307288e+00
2.881000e-05	-1.043946e-02	9.368953e+00
2.882000e-05	-9.544905e-03	9.443232e+00
2.883000e-05	-1.117868e-02	9.536844e+00
2.884000e-05	-1.180556e-02	9.551026e+00
2.885000e-05	-1.207179e-02	9.642259e+00
2.886000e-05	-1.282133e-02	9.759367e+00
2.887000e-05	-1.361761e-02	9.772481e+00
2.888000e-05	-8.961720e-03	9.866791e+00
2.889000e-05	-8.017430e-03	9.927943e+00
2.890000e-05	-1.232211e-02	9.991004e+00
2.891000e-05	-1.671128e-02	1.007263e+01
2.892000e-05	-1.405305e-02	1.007424e+01
2.893000e-05	-1.108566e-02	1.008879e+01
2.894000e-05	-1.151280e-02	1.015812e+01
2.895000e-05	-1.461527e-02	1.016152e+01
2.896000e-05	-1.442222e-02	1.022105e+01
2.897000e-05	-1.412290e-02	1.022313e+01
2.898000e-05	-1.472298e-02	1.026519e+01
2.899000e-05	-1.463331e-02	1.029623e+01
2.900000e-05	-1.603410e-02	1.031474e+01
2.901000e-05	-1.386395e-02	1.026589e+01
2.902000e-05	-1.331294e-02	1.032829e+01
2.903000e-05	-1.669220e-02	1.029732e+01
2.904000e-05	-1.852030e-02	1.028729e+01
2.905000e-05	-1.804383e-02	1.031674e+01
2.906000e-05	-1.614081e-02	1.028634e+01
2.907000e-05	-1.701325e-02	1.031581e+01
2.908000e-05	-1.831965e-02	1.028571e+01
2.909000e-05	-1.903994e-02	1.029469e+01
2.910000e-05	-1.971763e-02	1.027471e+01
2.911000e-05	-2.060588e-02	1.021255e+01
2.912000e-05	-2.130053e-02	1.019055e+01
2.913000e-05	-2.093569e-02	1.015944e+01
2.914000e-05	-2.216081e-02	1.011726e+01
2.915000e-05	-2.249641e-02	1.009371e+01
2.916000e-05	-2.367560e-02	1.004361e+01
2.917000e-05	-2.432083e-02	1.002058e+01
2.918000e-05	-2.422283e-02	9.970000e+00
2.919000e-05	-2.454286e-02	9.948316e+00
2.920000e-05	-2.391463e-02	9.812158e+00
2.921000e-05	-2.585537e-02	9.758349e+00
2.922000e-05	-2.705808e-02	9.644214e+00
2.923000e-05	-2.761982e-02	9.620024e+00
2.924000e-05	-2.701692e-02	9.548845e+00
2.925000e-05	-2.766505e-02	9.465157e+00
2.926000e-05	-2.688768e-02	9.430499e+00
2.927000e-05	-2.760444e-02	9.316364e+00
2.928000e-05	-2.805845e-02	9.262585e+00
2.929000e-05	-2.912795e-02	9.210500e+00
2.930000e-05	-2.809531e-02	9.123715e+00
2.931000e-05	-2.756780e-02	8.959475e+00
2.932000e-05	-2.750601e-02	8.853680e+00
2.933000e-05	-2.868264e-02	8.767895e+00
2.934000e-05	-2.914123e-02	8.681134e+00
2.935000e-05	-2.869630e-02	8.609471e+00
2.936000e-05	-2.844465e-02	8.432210e+00
2.937000e-05	-2.805242e-02	8.360498e+00
2.938000e-05	-2.778184e-02	8.253208e+00
2.939000e-05	-2.729232e-02	8.166869e+00
2.940000e-05	-2.735996e-02	8.040476e+00
2.941000e-05	-2.767141e-02	7.893782e+00
2.942000e-05	-2.751966e-02	7.756894e+00
2.943000e-05	-2.572188e-02	7.641054e+00
2.944000e-05	-2.630243e-02	7.498281e+00
2.945000e-05	-2.442877e-02	7.285361e+00
2.946000e-05	-2.414572e-02	7.147946e+00
2.947000e-05	-2.415884e-02	7.031105e+00
2.948000e-05	-2.367264e-02	6.923261e+00
2.949000e-05	-2.311187e-02	6.798875e+00
2.950000e-05	-2.193162e-02	6.610504e+00
2.951000e-05	-2.109635e-02	6.440580e+00
2.952000e-05	-2.002491e-02	6.283237e+00
2.953000e-05	-2.035477e-02	6.175917e+00
2.954000e-05	-1.896278e-02	6.051008e+00
2.955000e-05	-1.980601e-02	5.895188e+00
2.956000e-05	-1.746541e-02	5.693238e+00
2.957000e-05	-1.623469e-02	5.515840e+00
2.958000e-05	-1.608650e-02	5.347343e+00
2.959000e-05	-1.479982e-02	5.248475e+00
2.960000e-05	-1.401913e-02	4.955420e+00
2.961000e-05	-1.402914e-02	4.728847e+00
2.962000e-05	-1.307033e-02	4.598975e+00
2.963000e-05	-1.266451e-02	4.461605e+00
2.964000e-05	-1.163869e-02	4.274737e+00
2.965000e-05	-1.142983e-02	4.083089e+00
2.966000e-05	-1.183025e-02	3.925762e+00
2.967000e-05	-1.110203e-02	3.736821e+00
2.968000e-05	-9.898157e-03	3.618925e+00
2.969000e-05	-9.869057e-03	3.398471e+00
2.970000e-05	-9.303724e-03	3.188949e+00
2.971000e-05	-8.591928e-03	3.031129e+00
2.972000e-05	-8.485466e-03	2.882157e+00
2.973000e-05	-8.920985e-03	2.662085e+00
2.974000e-05	-8.201257e-03	2.520204e+00
2.975000e-05	-8.208719e-03	2.281161e+00
2.976000e-05	-7.056917e-03	2.093236e+00
2.977000e-05	-6.961988e-03	1.937818e+00
2.978000e-05	-5.720616e-03	1.793293e+00
2.979000e-05	-6.487002e-03	1.495315e+00
2.980000e-05	-6.787202e-03	1.336817e+00
2.981000e-05	-6.348303e-03	1.134844e+00
2.982000e-05	-5.904234e-03	9.033367e-01
2.983000e-05	-5.252377e-03	6.852845e-01
2.984000e-05	-5.172013e-03	5.343619e-01
2.985000e-05	-6.331052e-03	3.667937e-01
2.986000e-05	-3.628150e-03	1.764684e-01
2.987000e-05	-1.980898e-03	-2.115645e-02
2.988000e-05	3.905441e-03	-2.115249e-01
2.989000e-05	-8.940522e-04	-3.698948e-01
2.990000e-05	2.590757e-04	-5.473647e-01
2.991000e-05	-2.141669e-03	-7.198986e-01
2.992000e-05	-3.004436e-03	-8.857403e-01
2.993000e-05	-7.279826e-04	-1.054209e+00
2.994000e-05	1.191889e-02	-1.264056e+00
2.995000e-05	6.279014e-02	-1.474629e+00
2.996000e-05	1.852001e-02	-1.673235e+00
2.997000e-05	-4.769646e-02	-1.918839e+00
2.998000e-05	-3.530471e-02	-2.190951e+00
2.999000e-05	-7.892069e-02	-2.370475e+00
3.000000e-05	4.956975e-02	-2.484080e+00
3.001000e-05	8.109526e-02	-2.548943e+00
3.002000e-05	-8.332340e-02	-2.762922e+00
3.003000e-05	5.675648e-02	-2.948369e+00
3.004000e-05	2.962544e-02	-3.077313e+00
3.005000e-05	-1.071469e-01	-3.319796e+00
3.006000e-05	8.878544e-02	-3.494339e+00
3.007000e-05	-1.886825e-03	-3.665209e+00
3.008000e-05	-6.990227e-02	-3.856707e+00
3.009000e-05	9.682233e-02	-4.023105e+00
3.010000e-05	-4.016391e-03	-4.206055e+00
3.011000e-05	-6.474508e-03	-4.390953e+00
3.012000e-05	-1.820242e-02	-4.536362e+00
3.013000e-05	-6.956494e-02	-4.727847e+00
3.014000e-05	9.926531e-02	-4.897215e+00
3.015000e-05	6.871395e-03	-5.064684e+00
3.016000e-05	-2.423192e-02	-5.245557e+00
3.017000e-05	1.827160e-02	-5.395180e+00
3.018000e-05	-2.267373e-02	-5.605183e+00
3.019000e-05	3.656491e-02	-5.772028e+00
3.020000e-05	-3.312593e-02	-5.908845e+00
3.021000e-05	2.668156e-02	-6.074691e+00
3.022000e-05	1.741263e-02	-6.197734e+00
3.023000e-05	-3.423924e-02	-6.453107e+00
3.024000e-05	4.543255e-02	-6.568873e+00
3.025000e-05	-1.728385e-02	-6.719268e+00
3.026000e-05	1.158806e-02	-6.812007e+00
3.027000e-05	-8.024139e-03	-7.002073e+00
3.028000e-05	2.541747e-03	-7.179500e+00
3.029000e-05	4.366888e-02	-7.286782e+00
3.030000e-05	-2.457597e-02	-7.444055e+00
3.031000e-05	7.317959e-03	-7.570501e+00
3.032000e-05	-5.593851e-03	-7.710838e+00
3.033000e-05	1.694124e-02	-7.877312e+00
3.034000e-05	7.820312e-03	-8.002604e+00
3.035000e-05	-2.726647e-03	-8.118842e+00
3.036000e-05	2.593919e-02	-8.224659e+00
3.037000e-05	-7.172732e-03	-8.357894e+00
3.038000e-05	2.746817e-03	-8.423584e+00
3.039000e-05	-3.614271e-04	-8.581925e+00
3.040000e-05	1.732654e-02	-8.726863e+00
3.041000e-05	8.789920e-03	-8.803530e+00
3.042000e-05	-5.206476e-03	-8.877734e+00
3.043000e-05	1.149114e-02	-8.991626e+00
3.044000e-05	5.780199e-03	-9.093712e+00
3.045000e-05	9.279145e-03	-9.139342e+00
3.046000e-05	-5.221205e-04	-9.234104e+00
3.047000e-05	1.084926e-02	-9.287316e+00
3.048000e-05	1.012490e-02	-9.382951e+00
3.049000e-05	3.813738e-03	-9.509340e+00
3.050000e-05	7.263142e-03	-9.579955e+00
3.051000e-05	4.495484e-03	-9.634158e+00
3.052000e-05	5.818257e-03	-9.676760e+00
3.053000e-05	6.418542e-03	-9.750449e+00
3.054000e-05	1.462865e-02	-9.843529e+00
3.055000e-05	1.015187e-02	-9.886687e+00
3.056000e-05	2.938992e-03	-9.917315e+00
3.057000e-05	3.920265e-03	-9.979346e+00
3.058000e-05	9.715347e-03	-9.989976e+00
3.059000e-05	1.216198e-02	-1.004310e+01
3.060000e-05	6.840041e-03	-1.006379e+01
3.061000e-05	7.397163e-03	-1.012581e+01
3.062000e-05	8.821951e-03	-1.017883e+01
3.063000e-05	1.014080e-02	-1.014892e+01
3.064000e-05	1.010617e-02	-1.021153e+01
3.065000e-05	8.524124e-03	-1.021358e+01
3.066000e-05	8.678618e-03	-1.022501e+01
3.067000e-05	1.118681e-02	-1.023584e+01
3.068000e-05	1.136638e-02	-1.026681e+01
3.069000e-05	9.981189e-03	-1.024521e+01
3.070000e-05	9.877965e-03	-1.031569e+01
3.071000e-05	1.022260e-02	-1.027676e+01
3.072000e-05	1.232911e-02	-1.031471e+01
3.073000e-05	1.416786e-02	-1.024423e+01
3.074000e-05	1.452562e-02	-1.025366e+01
3.075000e-05	1.269385e-02	-1.020968e+01
3.076000e-05	1.210617e-02	-1.021113e+01
3.077000e-05	1.352414e-02	-1.015695e+01
3.078000e-05	1.580907e-02	-1.013634e+01
3.079000e-05	1.544243e-02	-1.007578e+01
3.080000e-05	1.581729e-02	-1.003268e+01
3.081000e-05	1.716298e-02	-1.004165e+01
3.082000e-05	1.760282e-02	-9.960470e+00
3.083000e-05	1.709706e-02	-9.947345e+00
3.084000e-05	1.901505e-02	-9.895816e+00
3.085000e-05	1.983509e-02	-9.843654e+00
3.086000e-05	1.925037e-02	-9.809946e+00
3.087000e-05	1.913820e-02	-9.738367e+00
3.088000e-05	1.985647e-02	-9.683155e+00
3.089000e-05	2.089776e-02	-9.611032e+00
3.090000e-05	2.000166e-02	-9.600498e+00
3.091000e-05	2.026482e-02	-9.515190e+00
3.092000e-05	2.186446e-02	-9.398975e+00
3.093000e-05	2.380356e-02	-9.272788e+00
3.094000e-05	2.125153e-02	-9.221050e+00
3.095000e-05	2.099164e-02	-9.167791e+00
3.096000e-05	2.151639e-02	-9.062133e+00
3.097000e-05	2.222594e-02	-8.907866e+00
3.098000e-05	2.302916e-02	-8.872108e+00
3.099000e-05	2.130106e-02	-8.787996e+00
3.100000e-05	2.228462e-02	-8.724638e+00
3.101000e-05	2.225841e-02	-8.567395e+00
3.102000e-05	2.187310e-02	-8.450129e+00
3.103000e-05	2.265825e-02	-8.317365e+00
3.104000e-05	2.224426e-02	-8.241076e+00
3.105000e-05	2.069114e-02	-8.105388e+00
3.106000e-05	2.101408e-02	-8.041005e+00
3.107000e-05	1.948867e-02	-7.860757e+00
3.108000e-05	2.104872e-02	-7.745389e+00
3.109000e-05	1.746513e-02	-7.586970e+00
3.110000e-05	1.924625e-02	-7.451603e+00
3.111000e-05	1.870325e-02	-7.283788e+00
3.112000e-05	1.973106e-02	-7.229424e+00
3.113000e-05	1.797430e-02	-7.013131e+00
3.114000e-05	1.676993e-02	-6.881654e+00
3.115000e-05	1.673782e-02	-6.735816e+00
3.116000e-05	1.480809e-02	-6.599550e+00
3.117000e-05	1.392431e-02	-6.442130e+00
3.118000e-05	1.329343e-02	-6.365814e+00
3.119000e-05	1.292609e-02	-6.155787e+00
3.120000e-05	1.195944e-02	-5.978918e+00
3.121000e-05	1.019210e-02	-5.860605e+00
3.122000e-05	1.045932e-02	-5.701205e+00
3.123000e-05	1.010826e-02	-5.555217e+00
3.124000e-05	9.141128e-03	-5.343265e+00
3.125000e-05	7.618280e-03	-5.125342e+00
3.126000e-05	8.570246e-03	-4.947816e+00
3.127000e-05	5.799384e-03	-4.752437e+00
3.128000e-05	5.897213e-03	-4.539450e+00
3.129000e-05	4.387437e-03	-4.431053e+00
3.130000e-05	5.589950e-03	-4.282757e+00
3.131000e-05	3.739619e-03	-4.093688e+00
3.132000e-05	4.657249e-03	-3.986497e+00
3.133000e-05	1.840864e-03	-3.795340e+00
3.134000e-05	3.211433e-03	-3.596920e+00
3.135000e-05	1.496167e-03	-3.429026e+00
3.136000e-05	1.892956e-03	-3.240603e+00
3.137000e-05	9.663227e-04	-3.051554e+00
3.138000e-05	8.974246e-04	-2.849080e+00
3.139000e-05	-2.906462e-04	-2.659733e+00
3.140000e-05	-7.260644e-04	-2.490756e+00
3.141000e-05	-7.541725e-04	-2.305767e+00
3.142000e-05	-6.560651e-05	-2.102757e+00
3.143000e-05	-2.159596e-06	-1.923763e+00
3.144000e-05	-1.093027e-03	-1.745638e+00
3.145000e-05	-1.065167e-03	-1.566447e+00
3.146000e-05	-1.929889e-03	-1.323888e+00
3.147000e-05	-2.102240e-03	-1.102763e+00
3.148000e-05	-3.396619e-03	-9.457884e-01
3.149000e-05	-2.520882e-03	-7.483183e-01
3.150000e-05	-3.265490e-03	-5.428606e-01
3.151000e-05	-2.034390e-03	-3.783685e-01
3.152000e-05	-2.444851e-03	-1.978435e-01
3.153000e-05	1.999199e-03	-1.797120e-02
3.154000e-05	2.153434e-03	2.020792e-01
3.155000e-05	-5.799783e-04	3.919774e-01
3.156000e-05	-1.292977e-03	5.289697e-01
3.157000e-05	-1.772807e-03	7.172720e-01
3.158000e-05	-2.872074e-03	8.542369e-01
3.159000e-05	-2.480949e-03	1.059268e+00
3.160000e-05	1.496234e-03	1.267292e+00
3.161000e-05	2.234111e-02	1.477262e+00
3.162000e-05	5.298396e-02	1.740421e+00
3.163000e-05	1.469046e-03	1.929321e+00
3.164000e-05	-5.072984e-02	2.148321e+00
3.165000e-05	-3.964913e-02	2.299367e+00
3.166000e-05	-6.518468e-02	2.434232e+00
3.167000e-05	1.001164e-02	2.574027e+00
3.168000e-05	9.323005e-02	2.750600e+00
3.169000e-05	-6.281209e-02	2.930345e+00
3.170000e-05	-6.229159e-03	3.114741e+00
3.171000e-05	6.596181e-02	3.268285e+00
3.172000e-05	-8.465061e-02	3.488765e+00
3.173000e-05	2.676917e-02	3.634106e+00
3.174000e-05	2.559574e-02	3.804080e+00
3.175000e-05	-6.926713e-02	3.981524e+00
3.176000e-05	3.121595e-02	4.191580e+00
3.177000e-05	2.247589e-02	4.381525e+00
3.178000e-05	-2.548787e-02	4.508873e+00
3.179000e-05	-1.263184e-02	4.729344e+00
3.180000e-05	-4.069039e-02	4.944419e+00
3.181000e-05	1.564585e-02	5.120369e+00
3.182000e-05	2.500989e-02	5.329845e+00
3.183000e-05	-9.425328e-03	5.478812e+00
3.184000e-05	-2.175820e-02	5.655733e+00
3.185000e-05	-1.049990e-02	5.846640e+00
3.186000e-05	5.965566e-03	5.991578e+00
3.187000e-05	-2.344594e-02	6.129842e+00
3.188000e-05	4.858697e-03	6.266238e+00
3.189000e-05	1.066166e-03	6.442755e+00
3.190000e-05	-1.797701e-02	6.591879e+00
3.191000e-05	1.616421e-03	6.749922e+00
3.192000e-05	-1.786382e-02	6.928290e+00
3.193000e-05	-9.375459e-03	7.044757e+00
3.194000e-05	-5.153225e-03	7.201497e+00
3.195000e-05	-2.230460e-03	7.288262e+00
3.196000e-05	-1.165768e-03	7.458189e+00
3.197000e-05	-1.529334e-02	7.633107e+00
3.198000e-05	-1.173841e-02	7.759997e+00
3.199000e-05	-9.128665e-03	7.939847e+00
3.200000e-05	-3.441720e-03	8.075612e+00
3.201000e-05	-9.225274e-03	8.142022e+00
3.202000e-05	-1.192605e-02	8.308788e+00
3.203000e-05	-1.641977e-03	8.411055e+00
3.204000e-05	-8.183107e-03	8.476266e+00
3.205000e-05	-1.494951e-02	8.612580e+00
3.206000e-05	-1.535559e-02	8.696216e+00
3.207000e-05	-6.783237e-03	8.813426e+00
3.208000e-05	-2.601635e-03	8.864139e+00
3.209000e-05	-1.083395e-02	8.979049e+00
3.210000e-05	-1.267973e-02	9.108788e+00
3.211000e-05	-1.151688e-02	9.181000e+00
3.212000e-05	-1.000473e-02	9.264662e+00
3.213000e-05	-9.781649e-03	9.338441e+00
3.214000e-05	-9.805940e-03	9.412081e+00
3.215000e-05	-9.471924e-03	9.496290e+00
3.216000e-05	-1.276054e-02	9.519948e+00
3.217000e-05	-1.210833e-02	9.642083e+00
3.218000e-05	-1.198551e-02	9.676686e+00
3.219000e-05	-1.281460e-02	9.811449e+00
3.220000e-05	-1.246599e-02	9.834738e+00
3.221000e-05	-8.547603e-03	9.928421e+00
3.222000e-05	-9.428058e-03	9.979426e+00
3.223000e-05	-1.497092e-02	1.003353e+01
3.224000e-05	-1.570187e-02	1.005319e+01
3.225000e-05	-1.280342e-02	1.004721e+01
3.226000e-05	-1.047868e-02	1.010839e+01
3.227000e-05	-1.392933e-02	1.013042e+01
3.228000e-05	-1.317889e-02	1.019108e+01
3.229000e-05	-1.399789e-02	1.022405e+01
3.230000e-05	-1.501567e-02	1.026413e+01
3.231000e-05	-1.368603e-02	1.023419e+01
3.232000e-05	-1.549366e-02	1.031523e+01
3.233000e-05	-1.461263e-02	1.031471e+01
3.234000e-05	-1.395748e-02	1.027736e+01
3.235000e-05	-1.487334e-02	1.028684e+01
3.236000e-05	-1.788457e-02	1.030684e+01
3.237000e-05	-1.825552e-02	1.030632e+01
3.238000e-05	-1.715541e-02	1.031586e+01
3.239000e-05	-1.650389e-02	1.027571e+01
3.240000e-05	-1.737026e-02	1.025524e+01
3.241000e-05	-1.934439e-02	1.027421e+01
3.242000e-05	-1.926242e-02	1.027418e+01
3.243000e-05	-2.062923e-02	1.026261e+01
3.244000e-05	-2.018074e-02	1.023158e+01
3.245000e-05	-2.101671e-02	1.018842e+01
3.246000e-05	-2.140125e-02	1.012779e+01
3.247000e-05	-2.174242e-02	1.010777e+01
3.248000e-05	-2.156686e-02	1.006321e+01
3.249000e-05	-2.321472e-02	1.005261e+01
3.250000e-05	-2.578117e-02	9.990496e+00
3.251000e-05	-2.420310e-02	9.948265e+00
3.252000e-05	-2.409575e-02	9.875738e+00
3.253000e-05	-2.475277e-02	9.788028e+00
3.254000e-05	-2.643353e-02	9.746713e+00
3.255000e-05	-2.723799e-02	9.641603e+00
3.256000e-05	-2.739294e-02	9.579523e+00
3.257000e-05	-2.704378e-02	9.515789e+00
3.258000e-05	-2.778105e-02	9.433107e+00
3.259000e-05	-2.758315e-02	9.389371e+00
3.260000e-05	-2.743622e-02	9.274687e+00
3.261000e-05	-2.885365e-02	9.231575e+00
3.262000e-05	-2.802320e-02	9.186370e+00
3.263000e-05	-2.869341e-02	9.001104e+00
3.264000e-05	-2.736866e-02	8.878310e+00
3.265000e-05	-2.822103e-02	8.810951e+00
3.266000e-05	-2.800999e-02	8.714786e+00
3.267000e-05	-2.809695e-02	8.632004e+00
3.268000e-05	-2.893800e-02	8.506316e+00
3.269000e-05	-2.879180e-02	8.442555e+00
3.270000e-05	-2.829468e-02	8.356845e+00
3.271000e-05	-2.735315e-02	8.187398e+00
3.272000e-05	-2.663820e-02	8.093214e+00
3.273000e-05	-2.714296e-02	7.976816e+00
3.274000e-05	-2.745662e-02	7.840624e+00
3.275000e-05	-2.706754e-02	7.693741e+00
3.276000e-05	-2.596333e-02	7.568920e+00
3.277000e-05	-2.516710e-02	7.420029e+00
3.278000e-05	-2.566893e-02	7.260681e+00
3.279000e-05	-2.428665e-02	7.076289e+00
3.280000e-05	-2.364204e-02	6.987869e+00
3.281000e-05	-2.353189e-02	6.830703e+00
3.282000e-05	-2.256479e-02	6.712763e+00
3.283000e-05	-2.153952e-02	6.536317e+00
3.284000e-05	-1.995456e-02	6.367393e+00
3.285000e-05	-2.006007e-02	6.240049e+00
3.286000e-05	-1.881102e-02	6.102736e+00
3.287000e-05	-1.963061e-02	5.966892e+00
3.288000e-05	-1.850557e-02	5.798868e+00
3.289000e-05	-1.704288e-02	5.598120e+00
3.290000e-05	-1.557566e-02	5.449657e+00
3.291000e-05	-1.575078e-02	5.272161e+00
3.292000e-05	-1.437835e-02	5.033081e+00
3.293000e-05	-1.410169e-02	4.872129e+00
3.294000e-05	-1.357879e-02	4.713231e+00
3.295000e-05	-1.253581e-02	4.516333e+00
3.296000e-05	-1.114892e-02	4.388449e+00
3.297000e-05	-1.094854e-02	4.179320e+00
3.298000e-05	-1.157736e-02	3.957445e+00
3.299000e-05	-1.145579e-02	3.841101e+00
3.300000e-05	-1.069704e-02	3.672083e+00
3.301000e-05	-9.670544e-03	3.493757e+00
3.302000e-05	-1.016001e-02	3.291605e+00
3.303000e-05	-8.631802e-03	3.103685e+00
3.304000e-05	-8.020504e-03	2.935816e+00
3.305000e-05	-8.593991e-03	2.758547e+00
3.306000e-05	-8.915790e-03	2.575896e+00
3.307000e-05	-8.213517e-03	2.377821e+00
3.308000e-05	-7.274624e-03	2.196420e+00
3.309000e-05	-6.508990e-03	1.989053e+00
3.310000e-05	-6.624316e-03	1.829000e+00
3.311000e-05	-6.271304e-03	1.669654e+00
3.312000e-05	-6.152565e-03	1.419524e+00
3.313000e-05	-7.072156e-03	1.228548e+00
3.314000e-05	-5.659802e-03	1.038523e+00
3.315000e-05	-5.188729e-03	7.795236e-01
3.316000e-05	-4.582428e-03	6.480012e-01
3.317000e-05	-5.270246e-03	4.401341e-01
3.318000e-05	-4.427748e-03	2.806343e-01
3.319000e-05	-2.120531e-03	2.007758e-02
3.320000e-05	2.374643e-03	-9.934330e-02
3.321000e-05	-1.045823e-03	-3.067643e-01
3.322000e-05	-8.719178e-04	-4.541514e-01
3.323000e-05	-1.301531e-05	-6.371091e-01
3.324000e-05	-1.417934e-03	-8.426577e-01
3.325000e-05	-8.769326e-04	-1.020049e+00
3.326000e-05	3.972805e-03	-1.130371e+00
3.327000e-05	4.184691e-02	-1.348820e+00
3.328000e-05	5.101228e-02	-1.571496e+00
3.329000e-05	-2.845359e-02	-1.794501e+00
3.330000e-05	-4.335579e-02	-2.065635e+00
3.331000e-05	-5.983353e-02	-2.288266e+00
3.332000e-05	-2.709390e-02	-2.412528e+00
3.333000e-05	1.113209e-01	-2.514213e+00
3.334000e-05	-2.833237e-02	-2.647683e+00
3.335000e-05	-4.405020e-02	-2.864638e+00
3.336000e-05	1.020229e-01	-3.084658e+00
3.337000e-05	-7.896375e-02	-3.205634e+00
3.338000e-05	-5.996969e-03	-3.454603e+00
3.339000e-05	8.901618e-02	-3.558820e+00
3.340000e-05	-8.946596e-02	-3.771902e+00
3.341000e-05	3.404355e-02	-3.979351e+00
3.342000e-05	5.935764e-02	-4.126821e+00
3.343000e-05	-3.535763e-02	-4.329867e+00
3.344000e-05	2.748218e-02	-4.463128e+00
3.345000e-05	-8.303896e-02	-4.626154e+00
3.346000e-05	2.285082e-02	-4.823155e+00
3.347000e-05	7.967071e-02	-4.972479e+00
3.348000e-05	-4.363048e-02	-5.212478e+00
3.349000e-05	1.617274e-02	-5.339413e+00
3.350000e-05	-1.733389e-02	-5.571998e+00
3.351000e-05	1.834338e-02	-5.718818e+00
3.352000e-05	4.642149e-03	-5.855758e+00
3.353000e-05	-2.384299e-02	-6.012103e+00
3.354000e-05	5.239061e-02	-6.180497e+00
3.355000e-05	-3.297483e-02	-6.351448e+00
3.356000e-05	1.862348e-02	-6.536267e+00
3.357000e-05	1.607009e-02	-6.644136e+00
3.358000e-05	-1.738948e-02	-6.792029e+00
3.359000e-05	1.966452e-02	-6.918414e+00
3.360000e-05	-2.309042e-02	-7.076742e+00
3.361000e-05	4.452631e-02	-7.253680e+00
3.362000e-05	1.677806e-03	-7.352403e+00
3.363000e-05	-1.422742e-02	-7.506366e+00
3.364000e-05	6.791081e-03	-7.654608e+00
3.365000e-05	-1.789250e-03	-7.775508e+00
3.366000e-05	2.407410e-02	-7.970400e+00
3.367000e-05	-9.801533e-03	-8.055740e+00
3.368000e-05	2.108023e-02	-8.162002e+00
3.369000e-05	8.281951e-03	-8.287368e+00
3.370000e-05	-6.790906e-03	-8.401452e+00
3.371000e-05	1.998879e-03	-8.465763e+00
3.372000e-05	4.745694e-03	-8.655633e+00
3.373000e-05	2.253082e-02	-8.740346e+00
3.374000e-05	-5.431856e-03	-8.844635e+00
3.375000e-05	6.865021e-03	-8.917792e+00
3.376000e-05	8.182099e-03	-9.043630e+00
3.377000e-05	8.857427e-03	-9.097864e+00
3.378000e-05	2.301537e-03	-9.171477e+00
3.379000e-05	2.339328e-03	-9.225685e+00
3.380000e-05	1.414657e-02	-9.369921e+00
3.381000e-05	5.058437e-03	-9.455590e+00
3.382000e-05	7.163877e-03	-9.578873e+00
3.383000e-05	4.005357e-03	-9.664005e+00
3.384000e-05	5.349132e-03	-9.663686e+00
3.385000e-05	5.199368e-03	-9.739395e+00
3.386000e-05	1.215034e-02	-9.791052e+00
3.387000e-05	1.438279e-02	-9.865634e+00
3.388000e-05	4.892516e-03	-9.887238e+00
3.389000e-05	1.866558e-03	-9.947316e+00
3.390000e-05	7.006279e-03	-9.979925e+00
3.391000e-05	1.425265e-02	-1.001103e+01
3.392000e-05	9.391194e-03	-1.002208e+01
3.393000e-05	5.518741e-03	-1.006626e+01
3.394000e-05	7.572793e-03	-1.016779e+01
3.395000e-05	1.097222e-02	-1.015799e+01
3.396000e-05	1.056781e-02	-1.020155e+01
3.397000e-05	8.255098e-03	-1.021103e+01
3.398000e-05	8.300969e-03	-1.025460e+01
3.399000e-05	1.106458e-02	-1.025671e+01
3.400000e-05	1.193356e-02	-1.025621e+01
3.401000e-05	9.710525e-03	-1.027673e+01
3.402000e-05	9.294048e-03	-1.024619e+01
3.403000e-05	9.609039e-03	-1.025678e+01
3.404000e-05	1.099706e-02	-1.023271e+01
3.405000e-05	1.359647e-02	-1.025519e+01
3.406000e-05	1.414174e-02	-1.026410e+01
3.407000e-05	1.346309e-02	-1.025498e+01
3.408000e-05	1.156277e-02	-1.023355e+01
3.409000e-05	1.360832e-02	-1.018247e+01
3.410000e-05	1.596882e-02	-1.014742e+01
3.411000e-05	1.628054e-02	-1.013574e+01
3.412000e-05	1.483345e-02	-1.004371e+01
3.413000e-05	1.714412e-02	-1.003155e+01
3.414000e-05	1.685497e-02	-9.970551e+00
3.415000e-05	1.737608e-02	-9.968420e+00
3.416000e-05	1.730141e-02	-9.906262e+00
3.417000e-05	1.958909e-02	-9.843686e+00
3.418000e-05	2.000080e-02	-9.790975e+00
3.419000e-05	1.895436e-02	-9.768397e+00
3.420000e-05	2.036026e-02	-9.667861e+00
3.421000e-05	2.008999e-02	-9.634184e+00
3.422000e-05	2.019104e-02	-9.609550e+00
3.423000e-05	1.931546e-02	-9.536395e+00
3.424000e-05	2.229070e-02	-9.443108e+00
3.425000e-05	2.257045e-02	-9.328894e+00
3.426000e-05	2.262443e-02	-9.254156e+00
3.427000e-05	2.108278e-02	-9.148947e+00
3.428000e-05	2.107679e-02	-9.103614e+00
3.429000e-05	2.206474e-02	-9.029974e+00
3.430000e-05	2.301473e-02	-8.915291e+00
3.431000e-05	2.067773e-02	-8.799553e+00
3.432000e-05	2.243782e-02	-8.757841e+00
3.433000e-05	2.145582e-02	-8.608504e+00
3.434000e-05	2.316585e-02	-8.434189e+00
3.435000e-05	2.071710e-02	-8.418894e+00
3.436000e-05	2.212021e-02	-8.271659e+00
3.437000e-05	2.169350e-02	-8.207943e+00
3.438000e-05	2.173526e-02	-8.053708e+00
3.439000e-05	2.069795e-02	-7.966221e+00
3.440000e-05	2.005190e-02	-7.709097e+00
3.441000e-05	1.923128e-02	-7.680603e+00
3.442000e-05	1.924204e-02	-7.493239e+00
3.443000e-05	1.965119e-02	-7.378915e+00
3.444000e-05	1.863577e-02	-7.250100e+00
3.445000e-05	1.858027e-02	-7.133839e+00
3.446000e-05	1.598920e-02	-6.957340e+00
3.447000e-05	1.688170e-02	-6.839024e+00
3.448000e-05	1.595647e-02	-6.690680e+00
3.449000e-05	1.583241e-02	-6.535716e+00
3.450000e-05	1.355745e-02	-6.389974e+00
3.451000e-05	1.242134e-02	-6.219677e+00
3.452000e-05	1.268442e-02	-6.029084e+00
3.453000e-05	1.206213e-02	-5.894741e+00
3.454000e-05	1.097997e-02	-5.737347e+00
3.455000e-05	1.036023e-02	-5.608551e+00
3.456000e-05	9.757102e-03	-5.460072e+00
3.457000e-05	8.840939e-03	-5.158600e+00
3.458000e-05	7.782833e-03	-5.071554e+00
3.459000e-05	6.460818e-03	-4.809530e+00
3.460000e-05	5.841575e-03	-4.651000e+00
3.461000e-05	5.738262e-03	-4.492735e+00
3.462000e-05	5.805619e-03	-4.357869e+00
3.463000e-05	5.141591e-03	-4.189398e+00
3.464000e-05	2.799067e-03	-4.050077e+00
3.465000e-05	3.175722e-03	-3.880156e+00
3.466000e-05	2.938757e-03	-3.651055e+00
3.467000e-05	2.892540e-03	-3.492236e+00
3.468000e-05	2.247465e-03	-3.333241e+00
3.469000e-05	2.316356e-03	-3.197315e+00
3.470000e-05	9.147089e-04	-2.952264e+00
3.471000e-05	-4.491307e-06	-2.737318e+00
3.472000e-05	2.666797e-04	-2.567895e+00
3.473000e-05	-2.594729e-03	-2.409523e+00
3.474000e-05	1.279032e-03	-2.207397e+00
3.475000e-05	-1.769665e-03	-2.008899e+00
3.476000e-05	2.622719e-03	-1.849003e+00
3.477000e-05	-2.111682e-03	-1.650530e+00
3.478000e-05	-2.737105e-04	-1.449519e+00
3.479000e-05	-3.069590e-03	-1.209097e+00
3.480000e-05	-3.392306e-03	-9.989037e-01
3.481000e-05	-3.239319e-03	-8.590801e-01
3.482000e-05	-3.062270e-03	-6.400042e-01
3.483000e-05	-1.994871e-03	-4.505502e-01
3.484000e-05	-2.282183e-03	-2.617029e-01
3.485000e-05	-1.172316e-03	-1.117066e-01
3.486000e-05	3.478850e-03	9.628914e-02
3.487000e-05	1.984086e-04	3.287446e-01
3.488000e-05	2.013601e-04	4.657630e-01
3.489000e-05	-1.685880e-03	6.446065e-01
3.490000e-05	-4.003650e-03	7.994249e-01
3.491000e-05	-3.302202e-03	9.724552e-01
3.492000e-05	-3.634853e-04	1.221575e+00
3.493000e-05	9.702186e-03	1.362924e+00
3.494000e-05	4.510580e-02	1.605552e+00
3.495000e-05	3.615830e-02	1.864682e+00
3.496000e-05	-3.529705e-02	2.055681e+00
3.497000e-05	-4.666257e-02	2.253607e+00
3.498000e-05	-5.192994e-02	2.380475e+00
3.499000e-05	-4.657174e-02	2.518370e+00
3.500000e-05	8.336692e-02	2.668293e+00
3.501000e-05	2.429199e-02	2.886787e+00
3.502000e-05	-7.661207e-02	3.002601e+00
3.503000e-05	6.876527e-02	3.199550e+00
3.504000e-05	-2.245159e-02	3.405057e+00
3.505000e-05	-4.421723e-02	3.560526e+00
3.506000e-05	5.968170e-02	3.729367e+00
3.507000e-05	-4.678082e-02	3.898916e+00
3.508000e-05	-2.402195e-02	4.095734e+00
3.509000e-05	5.681514e-02	4.298766e+00
3.510000e-05	-2.063120e-02	4.475658e+00
3.511000e-05	-1.452320e-02	4.644558e+00
3.512000e-05	-3.632336e-02	4.844580e+00
3.513000e-05	-1.124479e-02	5.005690e+00
3.514000e-05	3.410677e-02	5.264636e+00
3.515000e-05	1.740533e-03	5.433100e+00
3.516000e-05	-1.448650e-02	5.550950e+00
3.517000e-05	-1.724582e-02	5.759963e+00
3.518000e-05	5.000822e-03	5.908819e+00
3.519000e-05	-1.489079e-02	6.076238e+00
3.520000e-05	-1.169576e-02	6.212029e+00
3.521000e-05	1.238018e-02	6.440447e+00
3.522000e-05	-1.576373e-02	6.560323e+00
3.523000e-05	-6.884893e-03	6.689291e+00
3.524000e-05	-4.442408e-03	6.864133e+00
3.525000e-05	-1.691417e-02	6.979975e+00
3.526000e-05	-2.340647e-03	7.087764e+00
3.527000e-05	-7.399519e-03	7.234628e+00
3.528000e-05	1.346071e-03	7.370653e+00
3.529000e-05	-9.331528e-03	7.530524e+00
3.530000e-05	-1.535792e-02	7.697821e+00
3.531000e-05	-9.307769e-03	7.874185e+00
3.532000e-05	-7.110824e-03	7.990526e+00
3.533000e-05	-2.825577e-03	8.108968e+00
3.534000e-05	-1.308701e-02	8.235186e+00
3.535000e-05	-4.481657e-03	8.328445e+00
3.536000e-05	-4.667456e-03	8.463636e+00
3.537000e-05	-1.265361e-02	8.558344e+00
3.538000e-05	-1.679589e-02	8.624634e+00
3.539000e-05	-1.016544e-02	8.738871e+00
3.540000e-05	-9.844387e-04	8.802630e+00
3.541000e-05	-8.371120e-03	8.958289e+00
3.542000e-05	-1.220329e-02	9.054763e+00
3.543000e-05	-1.283524e-02	9.210420e+00
3.544000e-05	-9.203194e-03	9.221707e+00
3.545000e-05	-1.056733e-02	9.327762e+00
3.546000e-05	-1.070132e-02	9.371952e+00
3.547000e-05	-9.804463e-03	9.454736e+00
3.548000e-05	-1.107828e-02	9.547444e+00
3.549000e-05	-1.255951e-02	9.562507e+00
3.550000e-05	-1.281604e-02	9.666112e+00
3.551000e-05	-1.220014e-02	9.710351e+00
3.552000e-05	-1.365276e-02	9.844056e+00
3.553000e-05	-9.969969e-03	9.868266e+00
3.554000e-05	-8.061721e-03	9.949925e+00
3.555000e-05	-1.267233e-02	9.970504e+00
3.556000e-05	-1.535143e-02	1.003313e+01
3.557000e-05	-1.567244e-02	1.007566e+01
3.558000e-05	-1.082284e-02	1.013581e+01
3.559000e-05	-1.263759e-02	1.014995e+01
3.560000e-05	-1.318254e-02	1.020050e+01
3.561000e-05	-1.522106e-02	1.025147e+01
3.562000e-05	-1.477352e-02	1.028453e+01
3.563000e-05	-1.605676e-02	1.027326e+01
3.564000e-05	-1.382243e-02	1.028621e+01
3.565000e-05	-1.480622e-02	1.029624e+01
3.566000e-05	-1.415512e-02	1.028726e+01
3.567000e-05	-1.427488e-02	1.034579e+01
3.568000e-05	-1.676179e-02	1.030784e+01
3.569000e-05	-1.806499e-02	1.032574e+01
3.570000e-05	-1.771733e-02	1.030834e+01
3.571000e-05	-1.728263e-02	1.032634e+01
3.572000e-05	-1.703213e-02	1.029426e+01
3.573000e-05	-1.699652e-02	1.026621e+01
3.574000e-05	-1.898424e-02	1.027266e+01
3.575000e-05	-2.064081e-02	1.022413e+01
3.576000e-05	-2.099107e-02	1.021218e+01
3.577000e-05	-2.101083e-02	1.021050e+01
3.578000e-05	-2.025623e-02	1.014842e+01
3.579000e-05	-2.046518e-02	1.010687e+01
3.580000e-05	-2.289797e-02	1.009466e+01
3.581000e-05	-2.284629e-02	1.003361e+01
3.582000e-05	-2.450677e-02	1.004110e+01
3.583000e-05	-2.443913e-02	9.989946e+00
3.584000e-05	-2.517454e-02	9.945887e+00
3.585000e-05	-2.433380e-02	9.822631e+00
3.586000e-05	-2.511775e-02	9.777397e+00
3.587000e-05	-2.633938e-02	9.663263e+00
3.588000e-05	-2.758440e-02	9.639503e+00
3.589000e-05	-2.797019e-02	9.527341e+00
3.590000e-05	-2.703173e-02	9.472182e+00
3.591000e-05	-2.687643e-02	9.389450e+00
3.592000e-05	-2.670971e-02	9.314767e+00
3.593000e-05	-2.880671e-02	9.252658e+00
3.594000e-05	-2.756531e-02	9.211520e+00
3.595000e-05	-2.941200e-02	9.095610e+00
3.596000e-05	-2.784620e-02	8.988972e+00
3.597000e-05	-2.783201e-02	8.871704e+00
3.598000e-05	-2.645717e-02	8.768421e+00
3.599000e-05	-2.886819e-02	8.683231e+00
3.600000e-05	-2.858304e-02	8.568395e+00
3.601000e-05	-2.829006e-02	8.453183e+00
3.602000e-05	-2.950089e-02	8.369449e+00
3.603000e-05	-2.743171e-02	8.263678e+00
3.604000e-05	-2.745855e-02	8.134769e+00
3.605000e-05	-2.575132e-02	8.000893e+00
3.606000e-05	-2.636927e-02	7.863131e+00
3.607000e-05	-2.599951e-02	7.747394e+00
3.608000e-05	-2.622507e-02	7.650024e+00
3.609000e-05	-2.687400e-02	7.441259e+00
3.610000e-05	-2.651295e-02	7.323686e+00
3.611000e-05	-2.424514e-02	7.166945e+00
3.612000e-05	-2.461546e-02	7.021479e+00
3.613000e-05	-2.383485e-02	6.893284e+00
3.614000e-05	-2.244701e-02	6.816896e+00
3.615000e-05	-1.973486e-02	6.588005e+00
3.616000e-05	-1.920394e-02	6.451028e+00
3.617000e-05	-2.009984e-02	6.295836e+00
3.618000e-05	-2.034799e-02	6.156920e+00
3.619000e-05	-1.986541e-02	6.019575e+00
3.620000e-05	-1.900095e-02	5.892632e+00
3.621000e-05	-1.935907e-02	5.702683e+00
3.622000e-05	-1.698994e-02	5.503787e+00
3.623000e-05	-1.571258e-02	5.337420e+00
3.624000e-05	-1.401588e-02	5.187471e+00
3.625000e-05	-1.386134e-02	4.947296e+00
3.626000e-05	-1.286437e-02	4.776820e+00
3.627000e-05	-1.367164e-02	4.587525e+00
3.628000e-05	-1.242217e-02	4.441104e+00
3.629000e-05	-1.156416e-02	4.274732e+00
3.630000e-05	-1.073409e-02	4.030654e+00
3.631000e-05	-1.206733e-02	3.884787e+00
3.632000e-05	-1.213126e-02	3.723815e+00
3.633000e-05	-1.099693e-02	3.577024e+00
3.634000e-05	-8.695201e-03	3.404869e+00
3.635000e-05	-7.582914e-03	3.219969e+00
3.636000e-05	-8.320044e-03	3.008477e+00
3.637000e-05	-7.806263e-03	2.840629e+00
3.638000e-05	-8.196113e-03	2.652632e+00
3.639000e-05	-8.397274e-03	2.450580e+00
3.640000e-05	-7.670133e-03	2.282133e+00
3.641000e-05	-7.622151e-03	2.081259e+00
3.642000e-05	-7.141525e-03	1.946862e+00
3.643000e-05	-6.573279e-03	1.743740e+00
3.644000e-05	-5.846269e-03	1.502189e+00
3.645000e-05	-5.830069e-03	1.345262e+00
3.646000e-05	-6.430414e-03	1.103715e+00
3.647000e-05	-5.165682e-03	9.312827e-01
3.648000e-05	-4.247893e-03	7.237333e-01
3.649000e-05	-4.196361e-03	4.842619e-01
3.650000e-05	-5.606452e-03	3.784450e-01
3.651000e-05	-4.911460e-03	1.347471e-01
3.652000e-05	3.461188e-04	-4.463290e-02
3.653000e-05	1.574564e-03	-2.225776e-01
3.654000e-05	-4.510866e-04	-3.604751e-01
3.655000e-05	-1.679278e-04	-5.419709e-01
3.656000e-05	-6.693269e-04	-7.709487e-01
3.657000e-05	-1.599864e-03	-9.268946e-01
3.658000e-05	7.616839e-04	-1.054263e+00
3.659000e-05	1.598678e-02	-1.253640e+00
3.660000e-05	6.224401e-02	-1.456658e+00
3.661000e-05	1.099118e-02	-1.736767e+00
3.662000e-05	-4.876891e-02	-1.919871e+00
3.663000e-05	-3.789492e-02	-2.162127e+00
3.664000e-05	-7.630311e-02	-2.401950e+00
3.665000e-05	6.231269e-02	-2.434155e+00
3.666000e-05	6.995850e-02	-2.591001e+00
3.667000e-05	-8.001408e-02	-2.812003e+00
3.668000e-05	6.465454e-02	-2.967399e+00
3.669000e-05	1.282674e-02	-3.137892e+00
3.670000e-05	-9.382911e-02	-3.351846e+00
3.671000e-05	9.753381e-02	-3.526292e+00
3.672000e-05	-2.384849e-02	-3.657234e+00
3.673000e-05	-5.604549e-02	-3.898768e+00
3.674000e-05	9.873480e-02	-4.032655e+00
3.675000e-05	-1.064829e-02	-4.205133e+00
3.676000e-05	9.136441e-04	-4.380476e+00
3.677000e-05	-3.009208e-02	-4.558368e+00
3.678000e-05	-5.564570e-02	-4.770420e+00
3.679000e-05	1.044075e-01	-4.906392e+00
3.680000e-05	-5.242183e-03	-5.086266e+00
3.681000e-05	-2.007453e-02	-5.255662e+00
3.682000e-05	1.511802e-02	-5.426111e+00
3.683000e-05	-1.647259e-02	-5.655190e+00
3.684000e-05	3.333287e-02	-5.840978e+00
3.685000e-05	-3.668942e-02	-5.939345e+00
3.686000e-05	3.339920e-02	-6.124284e+00
3.687000e-05	1.020355e-02	-6.276267e+00
3.688000e-05	-2.720490e-02	-6.404608e+00
3.689000e-05	4.163668e-02	-6.569126e+00
3.690000e-05	-2.032558e-02	-6.749420e+00
3.691000e-05	1.471081e-02	-6.824084e+00
3.692000e-05	-1.045048e-02	-7.025585e+00
3.693000e-05	9.171884e-03	-7.141004e+00
3.694000e-05	3.791933e-02	-7.318739e+00
3.695000e-05	-2.586671e-02	-7.475208e+00
3.696000e-05	8.301505e-03	-7.572078e+00
3.697000e-05	-5.296135e-03	-7.730794e+00
3.698000e-05	1.993579e-02	-7.906792e+00
3.699000e-05	4.211474e-03	-8.043531e+00
3.700000e-05	1.553530e-03	-8.130341e+00
3.701000e-05	2.372277e-02	-8.275607e+00
3.702000e-05	-7.732305e-03	-8.350446e+00
3.703000e-05	2.634703e-03	-8.454608e+00
3.704000e-05	-8.735918e-04	-8.550924e+00
3.705000e-05	1.853677e-02	-8.695796e+00
3.706000e-05	6.673707e-03	-8.781556e+00
3.707000e-05	-3.631197e-03	-8.908762e+00
3.708000e-05	1.129468e-02	-8.972030e+00
3.709000e-05	5.627478e-03	-9.085638e+00
3.710000e-05	8.419061e-03	-9.130920e+00
3.711000e-05	7.515545e-04	-9.234058e+00
3.712000e-05	1.196402e-02	-9.297312e+00
3.713000e-05	9.275393e-03	-9.403629e+00
3.714000e-05	4.532663e-03	-9.497364e+00
3.715000e-05	7.007573e-03	-9.580454e+00
3.716000e-05	4.118937e-03	-9.654609e+00
3.717000e-05	6.285544e-03	-9.697314e+00
3.718000e-05	7.327071e-03	-9.757892e+00
3.719000e-05	1.567398e-02	-9.822529e+00
3.720000e-05	8.824483e-03	-9.895284e+00
3.721000e-05	2.502959e-03	-9.927319e+00
3.722000e-05	4.424635e-03	-9.979417e+00
3.723000e-05	1.154189e-02	-9.981029e+00
3.724000e-05	1.264558e-02	-1.003203e+01
3.725000e-05	6.017982e-03	-1.006421e+01
3.726000e-05	8.121580e-03	-1.013779e+01
3.727000e-05	9.073433e-03	-1.011932e+01
3.728000e-05	1.080577e-02	-1.016145e+01
3.729000e-05	9.029890e-03	-1.021100e+01
3.730000e-05	8.401048e-03	-1.019563e+01
3.731000e-05	9.703942e-03	-1.023415e+01
3.732000e-05	1.234579e-02	-1.020366e+01
3.733000e-05	1.121088e-02	-1.030376e+01
3.734000e-05	9.040290e-03	-1.027521e+01
3.735000e-05	9.310153e-03	-1.030694e+01
3.736000e-05	1.062220e-02	-1.028574e+01
3.737000e-05	1.314009e-02	-1.029416e+01
3.738000e-05	1.380694e-02	-1.030529e+01
3.739000e-05	1.307913e-02	-1.023376e+01
3.740000e-05	1.131684e-02	-1.014155e+01
3.741000e-05	1.183906e-02	-1.014112e+01
3.742000e-05	1.526784e-02	-1.015749e+01
3.743000e-05	1.615623e-02	-1.012619e+01
3.744000e-05	1.527173e-02	-1.007371e+01
3.745000e-05	1.553902e-02	-1.004268e+01
3.746000e-05	1.727835e-02	-1.002213e+01
3.747000e-05	1.757265e-02	-9.978397e+00
3.748000e-05	1.630052e-02	-9.937891e+00
3.749000e-05	1.804785e-02	-9.904738e+00
3.750000e-05	1.984801e-02	-9.842558e+00
3.751000e-05	1.943010e-02	-9.819475e+00
3.752000e-05	1.878689e-02	-9.747766e+00
3.753000e-05	1.988330e-02	-9.642711e+00
3.754000e-05	2.030338e-02	-9.632577e+00
3.755000e-05	2.067713e-02	-9.569971e+00
3.756000e-05	2.116472e-02	-9.495290e+00
3.757000e-05	2.202630e-02	-9.389545e+00
3.758000e-05	2.031007e-02	-9.304238e+00
3.759000e-05	2.154339e-02	-9.220073e+00
3.760000e-05	2.167794e-02	-9.116766e+00
3.761000e-05	2.143771e-02	-9.052055e+00
3.762000e-05	2.202139e-02	-8.876385e+00
3.763000e-05	2.207310e-02	-8.853134e+00
3.764000e-05	2.250055e-02	-8.788425e+00
3.765000e-05	2.189621e-02	-8.714811e+00
3.766000e-05	2.185173e-02	-8.555844e+00
3.767000e-05	2.105821e-02	-8.441053e+00
3.768000e-05	2.259995e-02	-8.335767e+00
3.769000e-05	2.167077e-02	-8.240026e+00
3.770000e-05	2.095453e-02	-8.105288e+00
3.771000e-05	2.111543e-02	-8.009025e+00
3.772000e-05	1.969263e-02	-7.843607e+00
3.773000e-05	2.015489e-02	-7.706319e+00
3.774000e-05	2.001843e-02	-7.559393e+00
3.775000e-05	2.044599e-02	-7.420525e+00
3.776000e-05	1.887274e-02	-7.293234e+00
3.777000e-05	1.872313e-02	-7.217972e+00
3.778000e-05	1.675225e-02	-7.071581e+00
3.779000e-05	1.655911e-02	-6.843178e+00
3.780000e-05	1.689385e-02	-6.695668e+00
3.781000e-05	1.635048e-02	-6.596947e+00
3.782000e-05	1.480341e-02	-6.461033e+00
3.783000e-05	1.399714e-02	-6.305762e+00
3.784000e-05	1.398927e-02	-6.104266e+00
3.785000e-05	1.214621e-02	-5.957947e+00
3.786000e-05	1.103374e-02	-5.841028e+00
3.787000e-05	1.030651e-02	-5.662680e+00
3.788000e-05	9.797654e-03	-5.525285e+00
3.789000e-05	9.805990e-03	-5.291237e+00
3.790000e-05	7.955066e-03	-5.113735e+00
3.791000e-05	7.020339e-03	-4.946866e+00
3.792000e-05	5.587501e-03	-4.745363e+00
3.793000e-05	6.260482e-03	-4.566343e+00
3.794000e-05	5.746020e-03	-4.420078e+00
3.795000e-05	5.355230e-03	-4.271680e+00
3.796000e-05	3.305127e-03	-4.122711e+00
3.797000e-05	3.230993e-03	-3.947396e+00
3.798000e-05	3.106315e-03	-3.744963e+00
3.799000e-05	2.623775e-03	-3.557892e+00
3.800000e-05	3.008062e-03	-3.397871e+00
3.801000e-05	2.111110e-03	-3.217978e+00
3.802000e-05	1.099230e-03	-2.998026e+00
3.803000e-05	9.733271e-04	-2.789599e+00
3.804000e-05	-6.094832e-04	-2.671129e+00
3.805000e-05	-1.462644e-03	-2.470661e+00
3.806000e-05	6.438156e-06	-2.283661e+00
3.807000e-05	4.692572e-04	-2.100280e+00
3.808000e-05	-1.331646e-03	-1.912689e+00
3.809000e-05	-1.383112e-03	-1.735843e+00
3.810000e-05	-8.374086e-04	-1.517266e+00
3.811000e-05	-1.745665e-03	-1.291659e+00
3.812000e-05	-2.465745e-03	-1.123262e+00
3.813000e-05	-3.126425e-03	-9.142370e-01
3.814000e-05	-2.531607e-03	-7.272608e-01
3.815000e-05	-2.318624e-03	-5.332606e-01
3.816000e-05	-2.928380e-03	-3.363420e-01
3.817000e-05	-2.743314e-03	-1.668935e-01
3.818000e-05	1.388606e-03	-1.847237e-02
3.819000e-05	1.660685e-03	2.445802e-01
3.820000e-05	-2.120094e-04	4.211063e-01
3.821000e-05	-1.201137e-03	5.698211e-01
3.822000e-05	-1.016390e-03	7.073159e-01
3.823000e-05	-3.423356e-03	8.972591e-01
3.824000e-05	-2.434121e-03	1.087266e+00
3.825000e-05	1.951115e-03	1.304784e+00
3.826000e-05	2.594812e-02	1.506343e+00
3.827000e-05	5.168602e-02	1.720945e+00
3.828000e-05	-4.911728e-03	1.949347e+00
3.829000e-05	-5.143126e-02	2.139368e+00
3.830000e-05	-4.102642e-02	2.308293e+00
3.831000e-05	-6.523271e-02	2.454705e+00
3.832000e-05	2.379418e-02	2.594636e+00
3.833000e-05	8.476778e-02	2.811576e+00
3.834000e-05	-6.767231e-02	2.940922e+00
3.835000e-05	9.026874e-03	3.105864e+00
3.836000e-05	5.745698e-02	3.287838e+00
3.837000e-05	-8.293790e-02	3.508342e+00
3.838000e-05	3.518570e-02	3.624681e+00
3.839000e-05	1.248272e-02	3.825606e+00
3.840000e-05	-6.154867e-02	3.994054e+00
3.841000e-05	4.061963e-02	4.194505e+00
3.842000e-05	1.632595e-02	4.421451e+00
3.843000e-05	-2.637409e-02	4.539997e+00
3.844000e-05	-1.720677e-02	4.710819e+00
3.845000e-05	-3.524413e-02	4.951418e+00
3.846000e-05	2.079346e-02	5.181374e+00
3.847000e-05	2.296314e-02	5.339449e+00
3.848000e-05	-1.159446e-02	5.507367e+00
3.849000e-05	-2.026137e-02	5.684708e+00
3.850000e-05	-8.485934e-03	5.846684e+00
3.851000e-05	5.373521e-03	6.011080e+00
3.852000e-05	-2.306196e-02	6.129895e+00
3.853000e-05	7.136467e-03	6.317841e+00
3.854000e-05	-1.584053e-03	6.413131e+00
3.855000e-05	-1.619682e-02	6.622456e+00
3.856000e-05	5.355118e-04	6.781925e+00
3.857000e-05	-1.897417e-02	6.917847e+00
3.858000e-05	-7.069660e-03	7.044159e+00
3.859000e-05	-4.068003e-03	7.139949e+00
3.860000e-05	-4.936756e-04	7.298342e+00
3.861000e-05	-3.128285e-03	7.478190e+00
3.862000e-05	-1.567595e-02	7.634111e+00
3.863000e-05	-1.247717e-02	7.781452e+00
3.864000e-05	-8.829010e-03	7.918795e+00
3.865000e-05	-2.773793e-03	8.099259e+00
3.866000e-05	-9.562191e-03	8.200579e+00
3.867000e-05	-9.322616e-03	8.327317e+00
3.868000e-05	-2.390190e-03	8.401029e+00
3.869000e-05	-9.068421e-03	8.495790e+00
3.870000e-05	-1.654784e-02	8.600973e+00
3.871000e-05	-1.439617e-02	8.685268e+00
3.872000e-05	-4.668749e-03	8.800553e+00
3.873000e-05	-2.869891e-03	8.845112e+00
3.874000e-05	-1.141839e-02	9.020948e+00
3.875000e-05	-1.363543e-02	9.107867e+00
3.876000e-05	-1.213955e-02	9.201055e+00
3.877000e-05	-9.093970e-03	9.286211e+00
3.878000e-05	-9.785528e-03	9.359296e+00
3.879000e-05	-9.983244e-03	9.413053e+00
3.880000e-05	-9.283002e-03	9.478340e+00
3.881000e-05	-1.319761e-02	9.570046e+00
3.882000e-05	-1.221333e-02	9.592577e+00
3.883000e-05	-1.286485e-02	9.697839e+00
3.884000e-05	-1.315420e-02	9.781500e+00
3.885000e-05	-1.060912e-02	9.864703e+00
3.886000e-05	-8.285933e-03	9.948441e+00
3.887000e-05	-9.713705e-03	9.981999e+00
3.888000e-05	-1.621573e-02	1.004155e+01
3.889000e-05	-1.516629e-02	1.007521e+01
3.890000e-05	-1.342917e-02	1.009581e+01
3.891000e-05	-1.125786e-02	1.012887e+01
3.892000e-05	-1.418612e-02	1.018944e+01
3.893000e-05	-1.381452e-02	1.021303e+01
3.894000e-05	-1.469310e-02	1.023166e+01
3.895000e-05	-1.482970e-02	1.026516e+01
3.896000e-05	-1.375342e-02	1.024476e+01
3.897000e-05	-1.502921e-02	1.029671e+01
3.898000e-05	-1.476253e-02	1.029671e+01
3.899000e-05	-1.470778e-02	1.029574e+01
3.900000e-05	-1.509134e-02	1.030634e+01
3.901000e-05	-1.759486e-02	1.032831e+01
3.902000e-05	-1.925962e-02	1.031679e+01
3.903000e-05	-1.674363e-02	1.029684e+01
3.904000e-05	-1.674855e-02	1.028471e+01
3.905000e-05	-1.772111e-02	1.028626e+01
3.906000e-05	-1.955289e-02	1.029473e+01
3.907000e-05	-1.883492e-02	1.022221e+01
3.908000e-05	-1.990505e-02	1.025058e+01
3.909000e-05	-2.116596e-02	1.020102e+01
3.910000e-05	-2.163174e-02	1.019894e+01
3.911000e-05	-2.057736e-02	1.015832e+01
3.912000e-05	-2.110517e-02	1.011539e+01
3.913000e-05	-2.259219e-02	1.008324e+01
3.914000e-05	-2.328150e-02	1.005210e+01
3.915000e-05	-2.494861e-02	1.001042e+01
3.916000e-05	-2.365308e-02	9.939343e+00
3.917000e-05	-2.515086e-02	9.873834e+00
3.918000e-05	-2.405080e-02	9.779028e+00
3.919000e-05	-2.620475e-02	9.718266e+00
3.920000e-05	-2.617910e-02	9.640203e+00
3.921000e-05	-2.718087e-02	9.568426e+00
3.922000e-05	-2.745360e-02	9.545762e+00
3.923000e-05	-2.659116e-02	9.431579e+00
3.924000e-05	-2.766943e-02	9.349496e+00
3.925000e-05	-2.682966e-02	9.284286e+00
3.926000e-05	-2.831176e-02	9.210602e+00
3.927000e-05	-2.803693e-02	9.126492e+00
3.928000e-05	-2.928984e-02	9.060081e+00
3.929000e-05	-2.826794e-02	8.886311e+00
3.930000e-05	-2.792301e-02	8.811053e+00
3.931000e-05	-2.777452e-02	8.673714e+00
3.932000e-05	-2.906076e-02	8.601078e+00
3.933000e-05	-2.849909e-02	8.483191e+00
3.934000e-05	-2.797424e-02	8.410631e+00
3.935000e-05	-2.804624e-02	8.305866e+00
3.936000e-05	-2.766259e-02	8.147970e+00
3.937000e-05	-2.712673e-02	8.140129e+00
3.938000e-05	-2.657282e-02	7.897420e+00
3.939000e-05	-2.735067e-02	7.839499e+00
3.940000e-05	-2.742101e-02	7.694208e+00
3.941000e-05	-2.649324e-02	7.586996e+00
3.942000e-05	-2.542097e-02	7.407967e+00
3.943000e-05	-2.549029e-02	7.210553e+00
3.944000e-05	-2.405082e-02	7.083261e+00
3.945000e-05	-2.307520e-02	6.937417e+00
3.946000e-05	-2.329989e-02	6.831076e+00
3.947000e-05	-2.166638e-02	6.693707e+00
3.948000e-05	-2.151455e-02	6.513714e+00
3.949000e-05	-2.143075e-02	6.357419e+00
3.950000e-05	-2.020986e-02	6.200552e+00
3.951000e-05	-1.924024e-02	6.081704e+00
3.952000e-05	-1.850438e-02	5.936393e+00
3.953000e-05	-1.969863e-02	5.768467e+00
3.954000e-05	-1.845800e-02	5.579876e+00
3.955000e-05	-1.649971e-02	5.450028e+00
3.956000e-05	-1.411290e-02	5.290604e+00
3.957000e-05	-1.458497e-02	5.058109e+00
3.958000e-05	-1.429494e-02	4.821151e+00
3.959000e-05	-1.366994e-02	4.691634e+00
3.960000e-05	-1.263421e-02	4.482239e+00
3.961000e-05	-1.199786e-02	4.367897e+00
3.962000e-05	-1.219887e-02	4.165820e+00
3.963000e-05	-1.197940e-02	3.957049e+00
3.964000e-05	-1.045360e-02	3.817925e+00
3.965000e-05	-1.019851e-02	3.659680e+00
3.966000e-05	-9.714712e-03	3.461263e+00
3.967000e-05	-1.139490e-02	3.281633e+00
3.968000e-05	-9.021788e-03	3.113737e+00
3.969000e-05	-9.204858e-03	2.934313e+00
3.970000e-05	-6.168794e-03	2.756920e+00
3.971000e-05	-8.826415e-03	2.564342e+00
3.972000e-05	-8.195163e-03	2.314839e+00
3.973000e-05	-7.224083e-03	2.177869e+00
3.974000e-05	-6.971070e-03	1.979471e+00
3.975000e-05	-6.057974e-03	1.777976e+00
3.976000e-05	-5.826770e-03	1.599051e+00
3.977000e-05	-6.108264e-03	1.408479e+00
3.978000e-05	-5.775317e-03	1.249030e+00
3.979000e-05	-5.546895e-03	1.004946e+00
3.980000e-05	-5.659422e-03	7.679712e-01
3.981000e-05	-5.027913e-03	5.879250e-01
3.982000e-05	-4.226078e-03	4.201288e-01
3.983000e-05	-3.765562e-03	2.205276e-01
3.984000e-05	-2.125998e-03	1.955257e-02
3.985000e-05	1.866349e-03	-1.313923e-01
3.986000e-05	-9.398587e-04	-2.868144e-01
3.987000e-05	-9.101963e-04	-4.346840e-01
3.988000e-05	-6.459567e-04	-6.667130e-01
3.989000e-05	-1.097280e-03	-8.531528e-01
3.990000e-05	-5.490316e-04	-9.810051e-01
3.991000e-05	5.365086e-03	-1.170495e+00
3.992000e-05	4.727664e-02	-1.380995e+00
3.993000e-05	4.563981e-02	-1.541999e+00
3.994000e-05	-3.288825e-02	-1.822581e+00
3.995000e-05	-4.268504e-02	-2.107335e+00
3.996000e-05	-6.471477e-02	-2.288718e+00
3.997000e-05	-1.294824e-02	-2.412553e+00
3.998000e-05	1.094000e-01	-2.495337e+00
3.999000e-05	-4.703508e-02	-2.688212e+00
4.000000e-05	-2.910566e-02	-2.855260e+00
4.001000e-05	9.564070e-02	-3.064758e+00
4.002000e-05	-8.391627e-02	-3.256735e+00
4.003000e-05	1.335595e-02	-3.455028e+00
4.004000e-05	7.129063e-02	-3.571478e+00
4.005000e-05	-9.140785e-02	-3.793584e+00
4.006000e-05	5.092875e-02	-3.931024e+00
4.007000e-05	4.959673e-02	-4.128947e+00
4.008000e-05	-3.420583e-02	-4.300346e+00
4.009000e-05	1.960214e-02	-4.444186e+00
4.010000e-05	-8.547543e-02	-4.635108e+00
4.011000e-05	4.242673e-02	-4.844657e+00
4.012000e-05	7.031429e-02	-5.023578e+00
4.013000e-05	-4.161457e-02	-5.172478e+00
4.014000e-05	1.501551e-02	-5.372398e+00
4.015000e-05	-2.413111e-02	-5.549504e+00
4.016000e-05	2.155434e-02	-5.729365e+00
4.017000e-05	9.646685e-04	-5.855738e+00
4.018000e-05	-1.528145e-02	-6.023678e+00
4.019000e-05	4.708570e-02	-6.182107e+00
4.020000e-05	-3.599911e-02	-6.371348e+00
4.021000e-05	2.481074e-02	-6.497242e+00
4.022000e-05	9.961117e-03	-6.676187e+00
4.023000e-05	-1.404983e-02	-6.811000e+00
4.024000e-05	1.410876e-02	-6.909391e+00
4.025000e-05	-1.945882e-02	-7.151345e+00
4.026000e-05	4.660709e-02	-7.273630e+00
4.027000e-05	-3.426309e-03	-7.384001e+00
4.028000e-05	-1.279586e-02	-7.548315e+00
4.029000e-05	4.399263e-03	-7.605254e+00
4.030000e-05	1.510374e-03	-7.855707e+00
4.031000e-05	2.334603e-02	-7.981000e+00
4.032000e-05	-9.630494e-03	-8.085285e+00
4.033000e-05	2.167733e-02	-8.171555e+00
4.034000e-05	3.972956e-03	-8.307342e+00
4.035000e-05	-4.458391e-03	-8.402076e+00
4.036000e-05	1.819061e-03	-8.527262e+00
4.037000e-05	6.528380e-03	-8.665686e+00
4.038000e-05	2.104562e-02	-8.790474e+00
4.039000e-05	-5.302719e-03	-8.867134e+00
4.040000e-05	9.074380e-03	-8.950396e+00
4.041000e-05	7.517156e-03	-9.045133e+00
4.042000e-05	8.634039e-03	-9.147388e+00
4.043000e-05	1.223749e-03	-9.181901e+00
4.044000e-05	4.867665e-03	-9.264310e+00
4.045000e-05	1.451177e-02	-9.360995e+00
4.046000e-05	4.642247e-03	-9.467141e+00
4.047000e-05	6.960707e-03	-9.557896e+00
4.048000e-05	4.731024e-03	-9.662657e+00
4.049000e-05	6.354744e-03	-9.705758e+00
4.050000e-05	5.709036e-03	-9.717866e+00
4.051000e-05	1.231559e-02	-9.801524e+00
4.052000e-05	1.391445e-02	-9.843181e+00
4.053000e-05	4.687312e-03	-9.896741e+00
4.054000e-05	2.786826e-03	-9.938321e+00
4.055000e-05	7.306734e-03	-9.989950e+00
4.056000e-05	1.290294e-02	-1.000253e+01
4.057000e-05	8.897532e-03	-1.003208e+01
4.058000e-05	6.666751e-03	-1.005629e+01
4.059000e-05	8.202247e-03	-1.013737e+01
4.060000e-05	9.948845e-03	-1.015095e+01
4.061000e-05	1.019539e-02	-1.018060e+01
4.062000e-05	8.162177e-03	-1.018255e+01
4.063000e-05	9.011621e-03	-1.024165e+01
4.064000e-05	1.059118e-02	-1.022413e+01
4.065000e-05	1.106578e-02	-1.027386e+01
4.066000e-05	1.033944e-02	-1.027713e+01
4.067000e-05	9.829198e-03	-1.028618e+01
4.068000e-05	9.774940e-03	-1.027624e+01
4.069000e-05	1.164683e-02	-1.024524e+01
4.070000e-05	1.345885e-02	-1.030573e+01
4.071000e-05	1.433576e-02	-1.026423e+01
4.072000e-05	1.376583e-02	-1.022368e+01
4.073000e-05	1.003189e-02	-1.023000e+01
4.074000e-05	1.283909e-02	-1.019942e+01
4.075000e-05	1.464598e-02	-1.012692e+01
4.076000e-05	1.665732e-02	-1.008373e+01
4.077000e-05	1.497119e-02	-1.008466e+01
4.078000e-05	1.646715e-02	-1.004261e+01
4.079000e-05	1.734121e-02	-9.989470e+00
4.080000e-05	1.770344e-02	-9.988893e+00
4.081000e-05	1.710243e-02	-9.905811e+00
4.082000e-05	1.859130e-02	-9.883182e+00
4.083000e-05	1.948176e-02	-9.791050e+00
4.084000e-05	1.857893e-02	-9.787417e+00
4.085000e-05	1.979172e-02	-9.705238e+00
4.086000e-05	1.907017e-02	-9.632707e+00
4.087000e-05	2.017876e-02	-9.611023e+00
4.088000e-05	1.991532e-02	-9.547340e+00
4.089000e-05	2.271933e-02	-9.413075e+00
4.090000e-05	2.281871e-02	-9.326819e+00
4.091000e-05	2.154697e-02	-9.231055e+00
4.092000e-05	2.082761e-02	-9.168442e+00
4.093000e-05	2.126052e-02	-9.102237e+00
4.094000e-05	2.168000e-02	-8.990421e+00
4.095000e-05	2.233252e-02	-8.904661e+00
4.096000e-05	2.211672e-02	-8.820028e+00
4.097000e-05	2.303017e-02	-8.745342e+00
4.098000e-05	2.104434e-02	-8.567471e+00
4.099000e-05	2.230781e-02	-8.454164e+00
4.100000e-05	2.177311e-02	-8.367390e+00
4.101000e-05	2.161997e-02	-8.272709e+00
4.102000e-05	2.099565e-02	-8.137891e+00
4.103000e-05	2.136051e-02	-8.062631e+00
4.104000e-05	2.078864e-02	-7.955340e+00
4.105000e-05	2.055611e-02	-7.776496e+00
4.106000e-05	1.965770e-02	-7.621021e+00
4.107000e-05	1.923209e-02	-7.492709e+00
4.108000e-05	2.026121e-02	-7.345395e+00
4.109000e-05	1.902538e-02	-7.250553e+00
4.110000e-05	1.837130e-02	-7.093686e+00
4.111000e-05	1.659140e-02	-6.913766e+00
4.112000e-05	1.695445e-02	-6.767345e+00
4.113000e-05	1.563256e-02	-6.652557e+00
4.114000e-05	1.569508e-02	-6.524237e+00
4.115000e-05	1.472800e-02	-6.368972e+00
4.116000e-05	1.387796e-02	-6.218899e+00
4.117000e-05	1.283829e-02	-6.019551e+00
4.118000e-05	1.080567e-02	-5.903233e+00
4.119000e-05	1.117925e-02	-5.726891e+00
4.120000e-05	1.037980e-02	-5.609971e+00
4.121000e-05	9.792254e-03	-5.379070e+00
4.122000e-05	8.460434e-03	-5.198399e+00
4.123000e-05	8.616193e-03	-5.041554e+00
4.124000e-05	6.592145e-03	-4.827672e+00
4.125000e-05	5.207997e-03	-4.641055e+00
4.126000e-05	5.110031e-03	-4.502659e+00
4.127000e-05	5.409346e-03	-4.325344e+00
4.128000e-05	4.490681e-03	-4.207425e+00
4.129000e-05	3.855539e-03	-4.039101e+00
4.130000e-05	3.112561e-03	-3.819676e+00
4.131000e-05	2.965124e-03	-3.681153e+00
4.132000e-05	2.525857e-03	-3.482685e+00
4.133000e-05	2.187125e-03	-3.301763e+00
4.134000e-05	1.436703e-03	-3.086311e+00
4.135000e-05	2.302355e-03	-2.882760e+00
4.136000e-05	5.556944e-05	-2.716267e+00
4.137000e-05	-1.369721e-04	-2.535841e+00
4.138000e-05	-6.715195e-04	-2.378946e+00
4.139000e-05	1.254375e-03	-2.205921e+00
4.140000e-05	-2.599428e-04	-1.986872e+00
4.141000e-05	-9.919642e-04	-1.840001e+00
4.142000e-05	-1.918870e-03	-1.660080e+00
4.143000e-05	-2.117118e-03	-1.441000e+00
4.144000e-05	-1.083732e-03	-1.177873e+00
4.145000e-05	-4.564391e-03	-1.007574e+00
4.146000e-05	-9.495765e-04	-8.400801e-01
4.147000e-05	-5.271387e-03	-6.379990e-01
4.148000e-05	3.169969e-04	-4.004774e-01
4.149000e-05	-4.677792e-03	-2.596515e-01
4.150000e-05	3.828937e-04	-8.218302e-02
4.151000e-05	1.790183e-03	8.881066e-02
4.152000e-05	-3.392501e-04	3.078711e-01
4.153000e-05	-1.241371e-03	4.877142e-01
4.154000e-05	-1.105745e-03	6.461565e-01
4.155000e-05	-2.751073e-03	8.100013e-01
4.156000e-05	-3.393676e-03	9.954827e-01
4.157000e-05	-1.811942e-04	1.233658e+00
4.158000e-05	1.192726e-02	1.362554e+00
4.159000e-05	4.899357e-02	1.616184e+00
4.160000e-05	2.951034e-02	1.886734e+00
4.161000e-05	-3.960184e-02	2.045659e+00
4.162000e-05	-4.531162e-02	2.223210e+00
4.163000e-05	-5.538670e-02	2.381504e+00
4.164000e-05	-3.842989e-02	2.519338e+00
4.165000e-05	8.709175e-02	2.738290e+00
4.166000e-05	9.607043e-03	2.887289e+00
4.167000e-05	-6.197141e-02	3.022630e+00
4.168000e-05	7.746939e-02	3.191949e+00
4.169000e-05	-3.555090e-02	3.464488e+00
4.170000e-05	-3.398778e-02	3.619527e+00
4.171000e-05	5.282683e-02	3.759797e+00
4.172000e-05	-5.269555e-02	3.928870e+00
4.173000e-05	-1.291652e-02	4.077316e+00
4.174000e-05	5.415330e-02	4.329795e+00
4.175000e-05	-2.300623e-02	4.486191e+00
4.176000e-05	-1.372025e-02	4.664734e+00
4.177000e-05	-3.840455e-02	4.863581e+00
4.178000e-05	-4.910677e-03	5.047216e+00
4.179000e-05	3.782585e-02	5.256209e+00
4.180000e-05	5.207247e-05	5.432631e+00
4.181000e-05	-1.871761e-02	5.559475e+00
4.182000e-05	-1.854204e-02	5.761925e+00
4.183000e-05	7.412623e-03	5.901395e+00
4.184000e-05	-1.593160e-02	6.056762e+00
4.185000e-05	-9.778778e-03	6.234128e+00
4.186000e-05	9.942440e-03	6.381479e+00
4.187000e-05	-1.410917e-02	6.519339e+00
4.188000e-05	-2.934413e-03	6.718267e+00
4.189000e-05	-7.609368e-03	6.853762e+00
4.190000e-05	-1.969652e-02	6.972524e+00
4.191000e-05	-5.092850e-03	7.108791e+00
4.192000e-05	-4.978858e-03	7.215708e+00
4.193000e-05	3.178827e-03	7.394021e+00
4.194000e-05	-8.437986e-03	7.561451e+00
4.195000e-05	-1.773404e-02	7.728343e+00
4.196000e-05	-1.086885e-02	7.863188e+00
4.197000e-05	-6.722195e-03	7.984555e+00
4.198000e-05	-2.305301e-03	8.167897e+00
4.199000e-05	-1.314115e-02	8.245730e+00
4.200000e-05	-4.431124e-03	8.350445e+00
4.201000e-05	-5.907009e-03	8.454133e+00
4.202000e-05	-1.370652e-02	8.510371e+00
4.203000e-05	-1.715652e-02	8.645107e+00
4.204000e-05	-1.066443e-02	8.739870e+00
4.205000e-05	-1.679373e-03	8.801530e+00
4.206000e-05	-8.364574e-03	8.939318e+00
4.207000e-05	-1.238699e-02	9.053663e+00
4.208000e-05	-1.276900e-02	9.139550e+00
4.209000e-05	-1.075434e-02	9.254230e+00
4.210000e-05	-1.184536e-02	9.306290e+00
4.211000e-05	-9.574853e-03	9.421028e+00
4.212000e-05	-8.597289e-03	9.455285e+00
4.213000e-05	-1.122332e-02	9.537421e+00
4.214000e-05	-1.467175e-02	9.571528e+00
4.215000e-05	-1.499166e-02	9.654735e+00
4.216000e-05	-1.252897e-02	9.738969e+00
4.217000e-05	-1.318472e-02	9.834680e+00
4.218000e-05	-9.558901e-03	9.826792e+00
4.219000e-05	-8.956283e-03	9.968926e+00
4.220000e-05	-1.301301e-02	9.991053e+00
4.221000e-05	-1.699922e-02	1.005316e+01
4.222000e-05	-1.481132e-02	1.006523e+01
4.223000e-05	-1.133255e-02	1.010832e+01
4.224000e-05	-1.248774e-02	1.014842e+01
4.225000e-05	-1.389004e-02	1.018303e+01
4.226000e-05	-1.449458e-02	1.023216e+01
4.227000e-05	-1.409286e-02	1.024163e+01
4.228000e-05	-1.565602e-02	1.026416e+01
4.229000e-05	-1.526855e-02	1.026524e+01
4.230000e-05	-1.533005e-02	1.029724e+01
4.231000e-05	-1.313749e-02	1.030734e+01
4.232000e-05	-1.389009e-02	1.031682e+01
4.233000e-05	-1.753396e-02	1.032634e+01
4.234000e-05	-1.816450e-02	1.030784e+01
4.235000e-05	-1.794686e-02	1.031829e+01
4.236000e-05	-1.601967e-02	1.029631e+01
4.237000e-05	-1.722114e-02	1.027584e+01
4.238000e-05	-1.725500e-02	1.025524e+01
4.239000e-05	-1.888166e-02	1.027521e+01
4.240000e-05	-1.969180e-02	1.029213e+01
4.241000e-05	-2.113685e-02	1.019210e+01
4.242000e-05	-2.032649e-02	1.020098e+01
4.243000e-05	-2.052675e-02	1.015942e+01
4.244000e-05	-2.184022e-02	1.010834e+01
4.245000e-05	-2.200325e-02	1.009371e+01
4.246000e-05	-2.222219e-02	1.004158e+01
4.247000e-05	-2.382643e-02	9.991529e+00
4.248000e-05	-2.563396e-02	9.989447e+00
4.249000e-05	-2.403694e-02	9.936291e+00
4.250000e-05	-2.355789e-02	9.821554e+00
4.251000e-05	-2.563275e-02	9.756376e+00
4.252000e-05	-2.691017e-02	9.702211e+00
4.253000e-05	-2.819630e-02	9.610002e+00
4.254000e-05	-2.725513e-02	9.517866e+00
4.255000e-05	-2.702551e-02	9.462707e+00
4.256000e-05	-2.675981e-02	9.390525e+00
4.257000e-05	-2.701675e-02	9.353868e+00
4.258000e-05	-2.906614e-02	9.222156e+00
4.259000e-05	-2.874803e-02	9.208946e+00
4.260000e-05	-2.951155e-02	9.063158e+00
4.261000e-05	-2.836178e-02	8.928498e+00
4.262000e-05	-2.798891e-02	8.871733e+00
4.263000e-05	-2.763972e-02	8.745825e+00
4.264000e-05	-2.827625e-02	8.663684e+00
4.265000e-05	-2.837188e-02	8.568396e+00
4.266000e-05	-2.906574e-02	8.471656e+00
4.267000e-05	-2.841718e-02	8.388922e+00
4.268000e-05	-2.782176e-02	8.241628e+00
4.269000e-05	-2.715555e-02	8.145241e+00
4.270000e-05	-2.740466e-02	7.979070e+00
4.271000e-05	-2.733619e-02	7.882133e+00
4.272000e-05	-2.653143e-02	7.735313e+00
4.273000e-05	-2.613836e-02	7.630526e+00
4.274000e-05	-2.580135e-02	7.460634e+00
4.275000e-05	-2.577520e-02	7.263687e+00
4.276000e-05	-2.412372e-02	7.147321e+00
4.277000e-05	-2.457466e-02	7.021129e+00
4.278000e-05	-2.447427e-02	6.883209e+00
4.279000e-05	-2.357029e-02	6.787469e+00
4.280000e-05	-2.177235e-02	6.569495e+00
4.281000e-05	-2.088676e-02	6.439050e+00
4.282000e-05	-2.006666e-02	6.282737e+00
4.283000e-05	-2.085857e-02	6.135292e+00
4.284000e-05	-1.980834e-02	6.020051e+00
4.285000e-05	-1.969594e-02	5.832630e+00
4.286000e-05	-1.731761e-02	5.650609e+00
4.287000e-05	-1.619702e-02	5.534733e+00
4.288000e-05	-1.587659e-02	5.334292e+00
4.289000e-05	-1.487598e-02	5.127968e+00
4.290000e-05	-1.487942e-02	4.923287e+00
4.291000e-05	-1.339948e-02	4.736293e+00
4.292000e-05	-1.303774e-02	4.568447e+00
4.293000e-05	-1.141482e-02	4.442101e+00
4.294000e-05	-1.164833e-02	4.239131e+00
4.295000e-05	-1.084754e-02	4.051651e+00
4.296000e-05	-1.158383e-02	3.892262e+00
4.297000e-05	-1.092724e-02	3.725741e+00
4.298000e-05	-9.936533e-03	3.567473e+00
4.299000e-05	-9.900741e-03	3.354945e+00
4.300000e-05	-9.177644e-03	3.166896e+00
4.301000e-05	-8.315960e-03	3.018450e+00
4.302000e-05	-7.687818e-03	2.840628e+00
4.303000e-05	-8.734452e-03	2.711084e+00
4.304000e-05	-8.200271e-03	2.440504e+00
4.305000e-05	-7.291021e-03	2.250154e+00
4.306000e-05	-5.329129e-03	2.061208e+00
4.307000e-05	-6.518112e-03	1.933765e+00
4.308000e-05	-7.573464e-03	1.740782e+00
4.309000e-05	-6.198623e-03	1.472759e+00
4.310000e-05	-5.608618e-03	1.313187e+00
4.311000e-05	-5.989840e-03	1.132186e+00
4.312000e-05	-6.172869e-03	8.706040e-01
4.313000e-05	-4.274769e-03	6.921817e-01
4.314000e-05	-4.676650e-03	4.827606e-01
4.315000e-05	-5.780882e-03	3.367433e-01
4.316000e-05	-2.487941e-03	1.127867e-01
4.317000e-05	9.568947e-05	-4.673559e-02
4.318000e-05	3.075708e-03	-2.241090e-01
4.319000e-05	-1.070970e-03	-4.209488e-01
4.320000e-05	4.927830e-04	-5.705224e-01
4.321000e-05	-1.394086e-03	-8.010513e-01
4.322000e-05	-2.282169e-03	-9.287911e-01
4.323000e-05	-6.672646e-05	-1.087761e+00
4.324000e-05	2.032358e-02	-1.238262e+00
4.325000e-05	6.239287e-02	-1.517237e+00
4.326000e-05	6.459893e-03	-1.689291e+00
4.327000e-05	-4.957087e-02	-1.930922e+00
4.328000e-05	-4.041060e-02	-2.234006e+00
4.329000e-05	-7.035864e-02	-2.400450e+00
4.330000e-05	7.384606e-02	-2.454182e+00
4.331000e-05	5.425692e-02	-2.590972e+00
4.332000e-05	-7.899539e-02	-2.824003e+00
4.333000e-05	6.758442e-02	-2.980445e+00
4.334000e-05	-3.973923e-03	-3.160947e+00
4.335000e-05	-8.005533e-02	-3.359925e+00
4.336000e-05	1.029121e-01	-3.527865e+00
4.337000e-05	-4.046978e-02	-3.708813e+00
4.338000e-05	-4.460466e-02	-3.889272e+00
4.339000e-05	9.973669e-02	-4.063103e+00
4.340000e-05	-1.609629e-02	-4.247638e+00
4.341000e-05	4.923972e-03	-4.420478e+00
4.342000e-05	-4.308729e-02	-4.531500e+00
4.343000e-05	-4.582527e-02	-4.750569e+00
4.344000e-05	1.061398e-01	-4.939191e+00
4.345000e-05	-1.374004e-02	-5.107791e+00
4.346000e-05	-1.411191e-02	-5.284707e+00
4.347000e-05	9.746189e-03	-5.477742e+00
4.348000e-05	-1.207824e-02	-5.697187e+00
4.349000e-05	3.007660e-02	-5.812583e+00
4.350000e-05	-3.471830e-02	-5.951371e+00
4.351000e-05	3.938950e-02	-6.076314e+00
4.352000e-05	6.191633e-04	-6.318788e+00
4.353000e-05	-2.222749e-02	-6.425710e+00
4.354000e-05	3.802221e-02	-6.591976e+00
4.355000e-05	-2.003490e-02	-6.738871e+00
4.356000e-05	1.796511e-02	-6.836187e+00
4.357000e-05	-1.393945e-02	-6.966232e+00
4.358000e-05	1.476293e-02	-7.201530e+00
4.359000e-05	3.235707e-02	-7.348317e+00
4.360000e-05	-2.374211e-02	-7.466211e+00
4.361000e-05	9.393140e-03	-7.579926e+00
4.362000e-05	-6.112915e-03	-7.732399e+00
4.363000e-05	2.021233e-02	-7.948869e+00
4.364000e-05	1.689811e-03	-8.043558e+00
4.365000e-05	6.649912e-03	-8.149897e+00
4.366000e-05	2.105977e-02	-8.245712e+00
4.367000e-05	-9.117257e-03	-8.350446e+00
4.368000e-05	2.445872e-03	-8.423707e+00
4.369000e-05	1.476125e-03	-8.581024e+00
4.370000e-05	2.120672e-02	-8.729870e+00
4.371000e-05	4.135196e-03	-8.832108e+00
4.372000e-05	-2.229520e-03	-8.897790e+00
4.373000e-05	1.077745e-02	-9.060976e+00
4.374000e-05	6.493485e-03	-9.107259e+00
4.375000e-05	8.073239e-03	-9.158397e+00
4.376000e-05	7.596193e-04	-9.254210e+00
4.377000e-05	1.246224e-02	-9.306337e+00
4.378000e-05	8.604330e-03	-9.434654e+00
4.379000e-05	4.936658e-03	-9.518820e+00
4.380000e-05	5.971136e-03	-9.590575e+00
4.381000e-05	4.876329e-03	-9.634159e+00
4.382000e-05	6.704367e-03	-9.708345e+00
4.383000e-05	8.788981e-03	-9.770471e+00
4.384000e-05	1.526346e-02	-9.844029e+00
4.385000e-05	8.364247e-03	-9.885258e+00
4.386000e-05	2.137658e-03	-9.916291e+00
4.387000e-05	5.218509e-03	-9.950421e+00
4.388000e-05	1.217875e-02	-9.980377e+00
4.389000e-05	1.153667e-02	-1.002306e+01
4.390000e-05	5.677041e-03	-1.005813e+01
4.391000e-05	5.824960e-03	-1.006574e+01
4.392000e-05	9.953170e-03	-1.010684e+01
4.393000e-05	1.046564e-02	-1.016155e+01
4.394000e-05	9.251966e-03	-1.015248e+01
4.395000e-05	7.165774e-03	-1.020268e+01
4.396000e-05	1.122918e-02	-1.022420e+01
4.397000e-05	1.132617e-02	-1.028564e+01
4.398000e-05	1.073221e-02	-1.025766e+01
4.399000e-05	8.964684e-03	-1.028518e+01
4.400000e-05	1.016165e-02	-1.026581e+01
4.401000e-05	1.036121e-02	-1.029566e+01
4.402000e-05	1.185289e-02	-1.025619e+01
4.403000e-05	1.438778e-02	-1.022569e+01
4.404000e-05	1.297208e-02	-1.022461e+01
4.405000e-05	1.116234e-02	-1.019113e+01
4.406000e-05	1.209073e-02	-1.020000e+01
4.407000e-05	1.447964e-02	-1.013837e+01
4.408000e-05	1.576257e-02	-1.011589e+01
4.409000e-05	1.376446e-02	-1.007676e+01
4.410000e-05	1.601127e-02	-1.007313e+01
4.411000e-05	1.742263e-02	-1.001160e+01
4.412000e-05	1.638361e-02	-9.990496e+00
4.413000e-05	1.615558e-02	-9.937341e+00
4.414000e-05	1.907333e-02	-9.905238e+00
4.415000e-05	1.952272e-02	-9.843133e+00
4.416000e-05	1.913615e-02	-9.811023e+00
4.417000e-05	1.875686e-02	-9.746342e+00
4.418000e-05	1.994967e-02	-9.673211e+00
4.419000e-05	2.056751e-02	-9.622005e+00
4.420000e-05	1.981394e-02	-9.578445e+00
4.421000e-05	2.096588e-02	-9.514758e+00
4.422000e-05	2.136513e-02	-9.389473e+00
4.423000e-05	2.183666e-02	-9.293683e+00
4.424000e-05	2.162432e-02	-9.221570e+00
4.425000e-05	2.134075e-02	-9.087309e+00
4.426000e-05	2.176108e-02	-9.041109e+00
4.427000e-05	2.218576e-02	-8.925345e+00
4.428000e-05	2.213799e-02	-8.851107e+00
4.429000e-05	2.211689e-02	-8.798494e+00
4.430000e-05	2.154880e-02	-8.642110e+00
4.431000e-05	2.212616e-02	-8.525819e+00
4.432000e-05	2.207258e-02	-8.450554e+00
4.433000e-05	2.231227e-02	-8.324763e+00
4.434000e-05	2.145133e-02	-8.190521e+00
4.435000e-05	2.141957e-02	-8.095210e+00
4.436000e-05	2.061438e-02	-7.990921e+00
4.437000e-05	2.060262e-02	-7.871579e+00
4.438000e-05	1.987641e-02	-7.702738e+00
4.439000e-05	1.941571e-02	-7.505995e+00
4.440000e-05	1.915478e-02	-7.388979e+00
4.441000e-05	1.876248e-02	-7.283233e+00
4.442000e-05	1.900933e-02	-7.147944e+00
4.443000e-05	1.741947e-02	-6.999578e+00
4.444000e-05	1.705218e-02	-6.851657e+00
4.445000e-05	1.605783e-02	-6.745262e+00
4.446000e-05	1.553218e-02	-6.567444e+00
4.447000e-05	1.493598e-02	-6.470554e+00
4.448000e-05	1.395145e-02	-6.274711e+00
4.449000e-05	1.212355e-02	-6.114264e+00
4.450000e-05	1.220895e-02	-5.947267e+00
4.451000e-05	1.069931e-02	-5.840550e+00
4.452000e-05	1.098257e-02	-5.653157e+00
4.453000e-05	9.888898e-03	-5.535212e+00
4.454000e-05	8.768913e-03	-5.322237e+00
4.455000e-05	8.158963e-03	-5.102783e+00
4.456000e-05	6.995142e-03	-4.925706e+00
4.457000e-05	5.813634e-03	-4.712314e+00
4.458000e-05	4.922397e-03	-4.547870e+00
4.459000e-05	5.354653e-03	-4.410028e+00
4.460000e-05	4.190434e-03	-4.272205e+00
4.461000e-05	4.215252e-03	-4.102761e+00
4.462000e-05	3.198306e-03	-3.955421e+00
4.463000e-05	3.176880e-03	-3.753313e+00
4.464000e-05	2.176945e-03	-3.556437e+00
4.465000e-05	3.002585e-03	-3.407445e+00
4.466000e-05	1.377227e-03	-3.228050e+00
4.467000e-05	7.662882e-04	-2.987548e+00
4.468000e-05	-2.053839e-04	-2.799576e+00
4.469000e-05	-1.619952e-04	-2.642151e+00
4.470000e-05	-4.218980e-04	-2.500680e+00
4.471000e-05	-1.910962e-04	-2.261160e+00
4.472000e-05	-5.423451e-04	-2.121157e+00
4.473000e-05	-7.690260e-04	-1.901758e+00
4.474000e-05	-1.988690e-03	-1.703790e+00
4.475000e-05	-1.159808e-03	-1.533214e+00
4.476000e-05	-2.294063e-03	-1.321635e+00
4.477000e-05	-2.301411e-03	-1.061209e+00
4.478000e-05	-3.502541e-03	-9.217592e-01
4.479000e-05	-3.114510e-03	-6.937121e-01
4.480000e-05	-2.802785e-03	-5.322828e-01
4.481000e-05	-1.886157e-03	-3.142921e-01
4.482000e-05	-2.292585e-03	-1.553197e-01
4.483000e-05	8.454679e-04	-7.994934e-03
4.484000e-05	1.844679e-03	2.055829e-01
4.485000e-05	-6.065506e-04	4.016051e-01
4.486000e-05	-1.017708e-03	5.809262e-01
4.487000e-05	-2.945890e-03	7.198473e-01
4.488000e-05	-3.058035e-03	9.072391e-01
4.489000e-05	-1.332797e-03	1.109894e+00
4.490000e-05	4.026511e-03	1.317243e+00
4.491000e-05	2.911728e-02	1.525268e+00
4.492000e-05	4.913126e-02	1.792000e+00
4.493000e-05	-9.853454e-03	1.971976e+00
4.494000e-05	-5.120627e-02	2.170972e+00
4.495000e-05	-4.224275e-02	2.309318e+00
4.496000e-05	-6.284468e-02	2.434736e+00
4.497000e-05	3.663872e-02	2.614107e+00
4.498000e-05	7.280862e-02	2.822003e+00
4.499000e-05	-6.959031e-02	2.979900e+00
4.500000e-05	2.155152e-02	3.088288e+00
4.501000e-05	4.988258e-02	3.329770e+00
4.502000e-05	-7.806642e-02	3.489396e+00
4.503000e-05	4.390678e-02	3.663187e+00
4.504000e-05	8.460857e-04	3.853083e+00
4.505000e-05	-5.976742e-02	4.001530e+00
4.506000e-05	4.303184e-02	4.184639e+00
4.507000e-05	1.072022e-02	4.402051e+00
4.508000e-05	-2.129400e-02	4.589971e+00
4.509000e-05	-1.871902e-02	4.781395e+00
4.510000e-05	-3.487165e-02	4.973519e+00
4.511000e-05	2.251356e-02	5.150428e+00
4.512000e-05	1.959712e-02	5.330397e+00
4.513000e-05	-9.706185e-03	5.477793e+00
4.514000e-05	-1.961880e-02	5.666207e+00
4.515000e-05	-6.980789e-03	5.847689e+00
4.516000e-05	1.401222e-03	5.993029e+00
4.517000e-05	-2.021481e-02	6.150373e+00
4.518000e-05	7.657672e-03	6.306792e+00
4.519000e-05	-5.509535e-03	6.434179e+00
4.520000e-05	-1.585182e-02	6.615655e+00
4.521000e-05	2.851130e-03	6.790504e+00
4.522000e-05	-1.819672e-02	6.939893e+00
4.523000e-05	-6.537725e-03	7.096584e+00
4.524000e-05	-6.794531e-03	7.160054e+00
4.525000e-05	-9.821653e-04	7.327266e+00
4.526000e-05	-3.590770e-03	7.487843e+00
4.527000e-05	-1.523948e-02	7.634735e+00
4.528000e-05	-1.099617e-02	7.773000e+00
4.529000e-05	-9.567692e-03	7.937918e+00
4.530000e-05	-3.481935e-03	8.066364e+00
4.531000e-05	-9.744268e-03	8.232528e+00
4.532000e-05	-7.826191e-03	8.298844e+00
4.533000e-05	-3.203479e-03	8.401631e+00
4.534000e-05	-9.731373e-03	8.496314e+00
4.535000e-05	-1.694665e-02	8.571477e+00
4.536000e-05	-1.395294e-02	8.706295e+00
4.537000e-05	-6.168624e-03	8.791474e+00
4.538000e-05	-3.498788e-03	8.883708e+00
4.539000e-05	-1.177931e-02	8.981000e+00
4.540000e-05	-1.314668e-02	9.099311e+00
4.541000e-05	-1.181095e-02	9.211030e+00
4.542000e-05	-9.215522e-03	9.285736e+00
4.543000e-05	-1.081107e-02	9.347896e+00
4.544000e-05	-1.091103e-02	9.401608e+00
4.545000e-05	-1.091123e-02	9.497291e+00
4.546000e-05	-1.264214e-02	9.569925e+00
4.547000e-05	-1.226862e-02	9.614131e+00
4.548000e-05	-1.346919e-02	9.727364e+00
4.549000e-05	-1.381884e-02	9.760526e+00
4.550000e-05	-1.128151e-02	9.865733e+00
4.551000e-05	-8.361173e-03	9.938366e+00
4.552000e-05	-1.028349e-02	9.990945e+00
4.553000e-05	-1.629838e-02	1.003208e+01
4.554000e-05	-1.475892e-02	1.004518e+01
4.555000e-05	-1.331316e-02	1.012679e+01
4.556000e-05	-1.049596e-02	1.011787e+01
4.557000e-05	-1.398184e-02	1.014992e+01
4.558000e-05	-1.470416e-02	1.019995e+01
4.559000e-05	-1.516261e-02	1.023363e+01
4.560000e-05	-1.519908e-02	1.023321e+01
4.561000e-05	-1.311792e-02	1.028569e+01
4.562000e-05	-1.496265e-02	1.027526e+01
4.563000e-05	-1.416688e-02	1.030524e+01
4.564000e-05	-1.399306e-02	1.032581e+01
4.565000e-05	-1.431547e-02	1.032627e+01
4.566000e-05	-1.743608e-02	1.030694e+01
4.567000e-05	-1.875199e-02	1.030632e+01
4.568000e-05	-1.705449e-02	1.029677e+01
4.569000e-05	-1.646189e-02	1.028476e+01
4.570000e-05	-1.678512e-02	1.029626e+01
4.571000e-05	-1.893348e-02	1.026564e+01
4.572000e-05	-1.954460e-02	1.028463e+01
4.573000e-05	-1.999785e-02	1.024213e+01
4.574000e-05	-2.090202e-02	1.022155e+01
4.575000e-05	-2.033609e-02	1.017990e+01
4.576000e-05	-2.127087e-02	1.014684e+01
4.577000e-05	-2.189318e-02	1.006428e+01
4.578000e-05	-2.344665e-02	1.006316e+01
4.579000e-05	-2.375636e-02	1.004216e+01
4.580000e-05	-2.450029e-02	9.991000e+00
4.581000e-05	-2.442209e-02	9.927843e+00
4.582000e-05	-2.510884e-02	9.894157e+00
4.583000e-05	-2.483311e-02	9.769424e+00
4.584000e-05	-2.527444e-02	9.734762e+00
4.585000e-05	-2.535641e-02	9.641552e+00
4.586000e-05	-2.732557e-02	9.568922e+00
4.587000e-05	-2.784371e-02	9.482789e+00
4.588000e-05	-2.756217e-02	9.432603e+00
4.589000e-05	-2.691392e-02	9.327371e+00
4.590000e-05	-2.771637e-02	9.255212e+00
4.591000e-05	-2.897624e-02	9.220602e+00
4.592000e-05	-2.792817e-02	9.146817e+00
4.593000e-05	-2.841489e-02	8.989554e+00
4.594000e-05	-2.741158e-02	8.903813e+00
4.595000e-05	-2.838176e-02	8.809523e+00
4.596000e-05	-2.835427e-02	8.685338e+00
4.597000e-05	-2.936195e-02	8.599449e+00
4.598000e-05	-2.881496e-02	8.523787e+00
4.599000e-05	-2.787646e-02	8.409553e+00
4.600000e-05	-2.809640e-02	8.334310e+00
4.601000e-05	-2.789705e-02	8.167448e+00
4.602000e-05	-2.712520e-02	8.040579e+00
4.603000e-05	-2.660847e-02	7.944786e+00
4.604000e-05	-2.776376e-02	7.760524e+00
4.605000e-05	-2.744423e-02	7.703158e+00
4.606000e-05	-2.682465e-02	7.555919e+00
4.607000e-05	-2.586513e-02	7.347973e+00
4.608000e-05	-2.508591e-02	7.251004e+00
4.609000e-05	-2.367540e-02	7.083184e+00
4.610000e-05	-2.388247e-02	6.916292e+00
4.611000e-05	-2.343311e-02	6.841004e+00
4.612000e-05	-2.288896e-02	6.651184e+00
4.613000e-05	-2.078612e-02	6.492188e+00
4.614000e-05	-1.964403e-02	6.365888e+00
4.615000e-05	-2.017784e-02	6.208574e+00
4.616000e-05	-1.928711e-02	6.080708e+00
4.617000e-05	-2.009169e-02	5.956843e+00
4.618000e-05	-1.752211e-02	5.754368e+00
4.619000e-05	-1.763321e-02	5.556393e+00
4.620000e-05	-1.615750e-02	5.459573e+00
4.621000e-05	-1.483563e-02	5.261108e+00
4.622000e-05	-1.396403e-02	5.009053e+00
4.623000e-05	-1.348987e-02	4.839551e+00
4.624000e-05	-1.245712e-02	4.671630e+00
4.625000e-05	-1.294696e-02	4.525290e+00
4.626000e-05	-1.166414e-02	4.354867e+00
4.627000e-05	-1.187254e-02	4.124765e+00
4.628000e-05	-1.066813e-02	3.926396e+00
4.629000e-05	-1.066655e-02	3.808425e+00
4.630000e-05	-1.038250e-02	3.670083e+00
4.631000e-05	-1.005248e-02	3.490606e+00
4.632000e-05	-8.295840e-03	3.260106e+00
4.633000e-05	-8.331311e-03	3.091209e+00
4.634000e-05	-8.420449e-03	2.893760e+00
4.635000e-05	-7.974954e-03	2.776341e+00
4.636000e-05	-8.240724e-03	2.561208e+00
4.637000e-05	-7.122921e-03	2.324215e+00
4.638000e-05	-7.188412e-03	2.155293e+00
4.639000e-05	-6.437099e-03	1.968447e+00
4.640000e-05	-6.991838e-03	1.798446e+00
4.641000e-05	-5.420037e-03	1.589949e+00
4.642000e-05	-5.935505e-03	1.399422e+00
4.643000e-05	-5.189989e-03	1.208075e+00
4.644000e-05	-5.699676e-03	9.953984e-01
4.645000e-05	-5.713334e-03	7.279199e-01
4.646000e-05	-4.743773e-03	5.878200e-01
4.647000e-05	-4.594705e-03	4.295514e-01
4.648000e-05	-5.057354e-03	2.269738e-01
4.649000e-05	-1.521929e-03	2.243404e-05
4.650000e-05	2.145021e-03	-1.414000e-01
4.651000e-05	-6.031243e-04	-3.177661e-01
4.652000e-05	-1.591360e-03	-4.542355e-01
4.653000e-05	-9.016303e-04	-6.577670e-01
4.654000e-05	-2.084766e-03	-8.446629e-01
4.655000e-05	-3.342229e-04	-1.001103e+00
4.656000e-05	6.147167e-03	-1.201451e+00
4.657000e-05	5.299466e-02	-1.371000e+00
4.658000e-05	3.875431e-02	-1.561028e+00
4.659000e-05	-3.617682e-02	-1.826159e+00
4.660000e-05	-4.204032e-02	-2.076786e+00
4.661000e-05	-6.857022e-02	-2.329299e+00
4.662000e-05	1.023248e-03	-2.443553e+00
4.663000e-05	1.054072e-01	-2.486320e+00
4.664000e-05	-5.702919e-02	-2.727868e+00
4.665000e-05	-1.100539e-02	-2.858313e+00
4.666000e-05	8.303126e-02	-3.106734e+00
4.667000e-05	-9.512057e-02	-3.276713e+00
4.668000e-05	2.810214e-02	-3.456684e+00
4.669000e-05	6.044017e-02	-3.592026e+00
4.670000e-05	-9.000949e-02	-3.806607e+00
4.671000e-05	5.712388e-02	-4.009921e+00
4.672000e-05	3.832616e-02	-4.142495e+00
4.673000e-05	-3.009855e-02	-4.339870e+00
4.674000e-05	1.470089e-02	-4.455184e+00
4.675000e-05	-8.210819e-02	-4.658836e+00
4.676000e-05	5.360355e-02	-4.864636e+00
4.677000e-05	5.577908e-02	-5.024129e+00
4.678000e-05	-4.127410e-02	-5.194528e+00
4.679000e-05	1.775401e-02	-5.404028e+00
4.680000e-05	-2.256670e-02	-5.613026e+00
4.681000e-05	2.494784e-02	-5.758919e+00
4.682000e-05	-7.104324e-03	-5.877287e+00
4.683000e-05	-6.730822e-03	-6.014655e+00
4.684000e-05	4.326764e-02	-6.213076e+00
4.685000e-05	-3.526399e-02	-6.363501e+00
4.686000e-05	2.813807e-02	-6.537766e+00
4.687000e-05	5.706046e-03	-6.645190e+00
4.688000e-05	-1.020711e-02	-6.811152e+00
4.689000e-05	1.122054e-02	-6.931892e+00
4.690000e-05	-1.648353e-02	-7.100746e+00
4.691000e-05	4.700720e-02	-7.236613e+00
4.692000e-05	-7.812324e-03	-7.413550e+00
4.693000e-05	-6.304912e-03	-7.519342e+00
4.694000e-05	5.080926e-03	-7.705764e+00
4.695000e-05	3.789655e-03	-7.834187e+00
4.696000e-05	2.069021e-02	-7.952501e+00
4.697000e-05	-9.131095e-03	-8.056816e+00
4.698000e-05	2.284086e-02	-8.212504e+00
4.699000e-05	1.969879e-03	-8.346342e+00
4.700000e-05	-4.082123e-03	-8.392079e+00
4.701000e-05	3.149754e-03	-8.519816e+00
4.702000e-05	1.060529e-02	-8.676713e+00
4.703000e-05	1.952325e-02	-8.751026e+00
4.704000e-05	-6.961413e-03	-8.865758e+00
4.705000e-05	8.870413e-03	-8.969821e+00
4.706000e-05	7.746339e-03	-9.043660e+00
4.707000e-05	8.853628e-03	-9.136871e+00
4.708000e-05	1.493644e-03	-9.191576e+00
4.709000e-05	6.327025e-03	-9.296218e+00
4.710000e-05	1.363749e-02	-9.349074e+00
4.711000e-05	5.061445e-03	-9.437292e+00
4.712000e-05	6.993870e-03	-9.579926e+00
4.713000e-05	4.294203e-03	-9.643159e+00
4.714000e-05	7.013162e-03	-9.686261e+00
4.715000e-05	5.484725e-03	-9.747870e+00
4.716000e-05	1.267774e-02	-9.792002e+00
4.717000e-05	1.286729e-02	-9.872735e+00
4.718000e-05	4.147774e-03	-9.885292e+00
4.719000e-05	2.506789e-03	-9.937895e+00
4.720000e-05	7.682470e-03	-9.981925e+00
4.721000e-05	1.386201e-02	-1.000208e+01
4.722000e-05	9.559681e-03	-1.002456e+01
4.723000e-05	5.573797e-03	-1.009424e+01
4.724000e-05	7.951763e-03	-1.015620e+01
4.725000e-05	9.519651e-03	-1.016090e+01
4.726000e-05	1.032592e-02	-1.018958e+01
4.727000e-05	8.106983e-03	-1.024208e+01
4.728000e-05	9.454965e-03	-1.025318e+01
4.729000e-05	1.046775e-02	-1.025626e+01
4.730000e-05	1.045185e-02	-1.025576e+01
4.731000e-05	9.806362e-03	-1.024729e+01
4.732000e-05	8.902507e-03	-1.024372e+01
4.733000e-05	1.027600e-02	-1.033479e+01
4.734000e-05	1.153489e-02	-1.027323e+01
4.735000e-05	1.369313e-02	-1.025721e+01
4.736000e-05	1.392954e-02	-1.024518e+01
4.737000e-05	1.257351e-02	-1.024123e+01
4.738000e-05	1.103983e-02	-1.021955e+01
4.739000e-05	1.221403e-02	-1.016100e+01
4.740000e-05	1.613953e-02	-1.013742e+01
4.741000e-05	1.576286e-02	-1.005521e+01
4.742000e-05	1.597614e-02	-1.007419e+01
4.743000e-05	1.432798e-02	-1.001056e+01
4.744000e-05	1.722521e-02	-1.001902e+01
4.745000e-05	1.668518e-02	-9.987395e+00
4.746000e-05	1.757247e-02	-9.905812e+00
4.747000e-05	2.087370e-02	-9.862137e+00
4.748000e-05	2.027678e-02	-9.820502e+00
4.749000e-05	1.875816e-02	-9.735824e+00
4.750000e-05	1.936120e-02	-9.644215e+00
4.751000e-05	1.889950e-02	-9.652131e+00
4.752000e-05	2.044054e-02	-9.619549e+00
4.753000e-05	1.944549e-02	-9.536893e+00
4.754000e-05	2.179768e-02	-9.440078e+00
4.755000e-05	2.174026e-02	-9.325269e+00
4.756000e-05	2.366119e-02	-9.212625e+00
4.757000e-05	2.188874e-02	-9.147842e+00
4.758000e-05	2.167185e-02	-9.064684e+00
4.759000e-05	2.099125e-02	-8.989376e+00
4.760000e-05	2.184036e-02	-8.893210e+00
4.761000e-05	2.250233e-02	-8.821076e+00
4.762000e-05	2.273097e-02	-8.757288e+00
4.763000e-05	2.171196e-02	-8.599424e+00
4.764000e-05	2.240110e-02	-8.452731e+00
4.765000e-05	2.095588e-02	-8.347471e+00
4.766000e-05	2.193024e-02	-8.281709e+00
4.767000e-05	2.248686e-02	-8.168366e+00
4.768000e-05	2.173280e-02	-8.043108e+00
4.769000e-05	2.089022e-02	-7.945812e+00
4.770000e-05	1.982706e-02	-7.756347e+00
4.771000e-05	1.972470e-02	-7.629550e+00
4.772000e-05	1.904028e-02	-7.474209e+00
4.773000e-05	1.869655e-02	-7.345916e+00
4.774000e-05	1.886258e-02	-7.211129e+00
4.775000e-05	1.821433e-02	-7.083786e+00
4.776000e-05	1.811237e-02	-6.933765e+00
4.777000e-05	1.649785e-02	-6.787395e+00
4.778000e-05	1.590867e-02	-6.620154e+00
4.779000e-05	1.462082e-02	-6.513236e+00
4.780000e-05	1.437804e-02	-6.388444e+00
4.781000e-05	1.292117e-02	-6.178477e+00
4.782000e-05	1.247229e-02	-6.019524e+00
4.783000e-05	1.037163e-02	-5.883132e+00
4.784000e-05	1.122400e-02	-5.725768e+00
4.785000e-05	9.920332e-03	-5.598974e+00
4.786000e-05	8.812106e-03	-5.395893e+00
4.787000e-05	9.001277e-03	-5.218947e+00
4.788000e-05	7.917596e-03	-5.049473e+00
4.789000e-05	6.971974e-03	-4.819074e+00
4.790000e-05	5.431968e-03	-4.640101e+00
4.791000e-05	4.657520e-03	-4.491709e+00
4.792000e-05	4.140505e-03	-4.313338e+00
4.793000e-05	4.009281e-03	-4.147371e+00
4.794000e-05	3.903712e-03	-4.029650e+00
4.795000e-05	3.326748e-03	-3.839526e+00
4.796000e-05	2.546038e-03	-3.639550e+00
4.797000e-05	2.760492e-03	-3.481604e+00
4.798000e-05	1.795295e-03	-3.282733e+00
4.799000e-05	5.954989e-04	-3.143237e+00
4.800000e-05	7.476977e-04	-2.871261e+00
4.801000e-05	2.754675e-04	-2.703187e+00
4.802000e-05	5.176957e-04	-2.553890e+00
4.803000e-05	-1.817753e-03	-2.397445e+00
4.804000e-05	-6.608788e-04	-2.143420e+00
4.805000e-05	-6.799616e-04	-1.966896e+00
4.806000e-05	-9.736755e-04	-1.808926e+00
4.807000e-05	-7.870280e-04	-1.650055e+00
4.808000e-05	-1.170981e-03	-1.414449e+00
4.809000e-05	-1.869978e-03	-1.175845e+00
4.810000e-05	-2.689388e-03	-9.568500e-01
4.811000e-05	-3.309137e-03	-8.390011e-01
4.812000e-05	-3.280455e-03	-5.954950e-01
4.813000e-05	-4.327510e-03	-3.989949e-01
4.814000e-05	-3.067088e-03	-2.395752e-01
4.815000e-05	-5.734869e-04	-4.060513e-02
4.816000e-05	5.661157e-03	8.974706e-02
4.817000e-05	1.972348e-04	2.992947e-01
4.818000e-05	-1.939464e-03	5.172630e-01
4.819000e-05	-1.790267e-03	6.577306e-01
4.820000e-05	-2.581512e-03	8.315253e-01
4.821000e-05	-2.530788e-03	1.036055e+00
4.822000e-05	1.033896e-03	1.245108e+00
4.823000e-05	1.370144e-02	1.423105e+00
4.824000e-05	4.853697e-02	1.668110e+00
4.825000e-05	2.214607e-02	1.856790e+00
4.826000e-05	-4.140922e-02	2.067262e+00
4.827000e-05	-4.219642e-02	2.235758e+00
4.828000e-05	-5.732522e-02	2.390525e+00
4.829000e-05	-2.819681e-02	2.519891e+00
4.830000e-05	8.905439e-02	2.709299e+00
4.831000e-05	-6.412786e-03	2.878786e+00
4.832000e-05	-5.319345e-02	3.072580e+00
4.833000e-05	7.424782e-02	3.202529e+00
4.834000e-05	-4.556671e-02	3.447641e+00
4.835000e-05	-1.751218e-02	3.610976e+00
4.836000e-05	5.093012e-02	3.740876e+00
4.837000e-05	-5.571836e-02	3.968797e+00
4.838000e-05	-7.623324e-03	4.108837e+00
4.839000e-05	4.685599e-02	4.289349e+00
4.840000e-05	-2.309246e-02	4.467818e+00
4.841000e-05	-9.493769e-03	4.685733e+00
4.842000e-05	-3.942758e-02	4.846234e+00
4.843000e-05	-2.903023e-03	5.079711e+00
4.844000e-05	3.256142e-02	5.286741e+00
4.845000e-05	-3.397526e-03	5.416260e+00
4.846000e-05	-1.723411e-02	5.581451e+00
4.847000e-05	-1.495734e-02	5.761999e+00
4.848000e-05	7.517224e-03	5.950897e+00
4.849000e-05	-1.853081e-02	6.077315e+00
4.850000e-05	-7.028689e-03	6.223657e+00
4.851000e-05	7.987817e-03	6.370923e+00
4.852000e-05	-1.577631e-02	6.531473e+00
4.853000e-05	-3.796911e-03	6.669216e+00
4.854000e-05	-8.310384e-03	6.875760e+00
4.855000e-05	-1.509035e-02	7.012532e+00
4.856000e-05	-3.062846e-03	7.127771e+00
4.857000e-05	-6.531605e-03	7.245157e+00
4.858000e-05	5.472421e-04	7.413731e+00
4.859000e-05	-1.031664e-02	7.582926e+00
4.860000e-05	-1.508976e-02	7.747892e+00
4.861000e-05	-9.438202e-03	7.845735e+00
4.862000e-05	-6.609632e-03	8.025496e+00
4.863000e-05	-4.993568e-03	8.129345e+00
4.864000e-05	-1.381402e-02	8.245736e+00
4.865000e-05	-3.406718e-03	8.361499e+00
4.866000e-05	-5.256369e-03	8.484658e+00
4.867000e-05	-1.421079e-02	8.520443e+00
4.868000e-05	-1.673963e-02	8.654187e+00
4.869000e-05	-1.041212e-02	8.779871e+00
4.870000e-05	-1.070889e-03	8.824057e+00
4.871000e-05	-9.005461e-03	8.939342e+00
4.872000e-05	-1.306061e-02	9.057108e+00
4.873000e-05	-1.304038e-02	9.181451e+00
4.874000e-05	-9.778484e-03	9.254607e+00
4.875000e-05	-1.034692e-02	9.298241e+00
4.876000e-05	-1.072428e-02	9.412452e+00
4.877000e-05	-9.092769e-03	9.445232e+00
4.878000e-05	-1.201471e-02	9.528368e+00
4.879000e-05	-1.242297e-02	9.573553e+00
4.880000e-05	-1.282665e-02	9.715711e+00
4.881000e-05	-1.261432e-02	9.748975e+00
4.882000e-05	-1.369964e-02	9.885553e+00
4.883000e-05	-8.947050e-03	9.916791e+00
4.884000e-05	-8.188886e-03	9.969000e+00
4.885000e-05	-1.258876e-02	1.001253e+01
4.886000e-05	-1.591621e-02	1.005261e+01
4.887000e-05	-1.470617e-02	1.007626e+01
4.888000e-05	-1.101914e-02	1.014679e+01
4.889000e-05	-1.256710e-02	1.014890e+01
4.890000e-05	-1.387350e-02	1.017107e+01
4.891000e-05	-1.436218e-02	1.019158e+01
4.892000e-05	-1.457049e-02	1.024415e+01
4.893000e-05	-1.329694e-02	1.027381e+01
4.894000e-05	-1.491121e-02	1.026570e+01
4.895000e-05	-1.395946e-02	1.030624e+01
4.896000e-05	-1.408067e-02	1.030681e+01
4.897000e-05	-1.364235e-02	1.033779e+01
4.898000e-05	-1.731493e-02	1.030631e+01
4.899000e-05	-1.857334e-02	1.032684e+01
4.900000e-05	-1.824157e-02	1.034774e+01
4.901000e-05	-1.716640e-02	1.032629e+01
4.902000e-05	-1.701278e-02	1.030526e+01
4.903000e-05	-1.649473e-02	1.031328e+01
4.904000e-05	-1.893141e-02	1.027521e+01
4.905000e-05	-2.080023e-02	1.027316e+01
4.906000e-05	-2.114273e-02	1.022253e+01
4.907000e-05	-2.080641e-02	1.016895e+01
4.908000e-05	-2.047731e-02	1.013987e+01
4.909000e-05	-2.092228e-02	1.007429e+01
4.910000e-05	-2.130702e-02	1.007571e+01
4.911000e-05	-2.286864e-02	1.007208e+01
4.912000e-05	-2.419974e-02	1.001155e+01
4.913000e-05	-2.572071e-02	9.958416e+00
4.914000e-05	-2.398750e-02	9.885813e+00
4.915000e-05	-2.381117e-02	9.831674e+00
4.916000e-05	-2.508976e-02	9.738369e+00
4.917000e-05	-2.777717e-02	9.674180e+00
4.918000e-05	-2.829704e-02	9.612098e+00
4.919000e-05	-2.815692e-02	9.536293e+00
4.920000e-05	-2.781446e-02	9.463186e+00
4.921000e-05	-2.708700e-02	9.388925e+00
4.922000e-05	-2.754610e-02	9.286286e+00
4.923000e-05	-2.839485e-02	9.231205e+00
4.924000e-05	-2.908861e-02	9.167472e+00
4.925000e-05	-2.838227e-02	9.074234e+00
4.926000e-05	-2.792173e-02	8.935340e+00
4.927000e-05	-2.820148e-02	8.851558e+00
4.928000e-05	-2.864693e-02	8.766967e+00
4.929000e-05	-2.880546e-02	8.622183e+00
4.930000e-05	-2.856434e-02	8.535970e+00
4.931000e-05	-2.883850e-02	8.451131e+00
4.932000e-05	-2.849725e-02	8.378418e+00
4.933000e-05	-2.803854e-02	8.219581e+00
4.934000e-05	-2.684183e-02	8.094734e+00
4.935000e-05	-2.669039e-02	8.007396e+00
4.936000e-05	-2.644529e-02	7.852659e+00
4.937000e-05	-2.743080e-02	7.726762e+00
4.938000e-05	-2.744523e-02	7.611026e+00
4.939000e-05	-2.698346e-02	7.460705e+00
4.940000e-05	-2.548421e-02	7.282658e+00
4.941000e-05	-2.425172e-02	7.137315e+00
4.942000e-05	-2.319433e-02	7.019025e+00
4.943000e-05	-2.270190e-02	6.882157e+00
4.944000e-05	-2.211515e-02	6.747844e+00
4.945000e-05	-2.311333e-02	6.567423e+00
4.946000e-05	-2.182223e-02	6.419627e+00
4.947000e-05	-2.062063e-02	6.261712e+00
4.948000e-05	-1.868477e-02	6.123814e+00
4.949000e-05	-1.886192e-02	5.998975e+00
4.950000e-05	-1.923595e-02	5.830084e+00
4.951000e-05	-1.811209e-02	5.650605e+00
4.952000e-05	-1.534058e-02	5.492184e+00
4.953000e-05	-1.356248e-02	5.324315e+00
4.954000e-05	-1.424701e-02	5.153792e+00
4.955000e-05	-1.446150e-02	4.942864e+00
4.956000e-05	-1.372341e-02	4.705312e+00
4.957000e-05	-1.301658e-02	4.557818e+00
4.958000e-05	-1.146987e-02	4.420576e+00
4.959000e-05	-1.170472e-02	4.219183e+00
4.960000e-05	-1.172412e-02	4.039106e+00
4.961000e-05	-1.056775e-02	3.902704e+00
4.962000e-05	-1.015526e-02	3.723234e+00
4.963000e-05	-1.047898e-02	3.555321e+00
4.964000e-05	-1.052055e-02	3.334916e+00
4.965000e-05	-8.142746e-03	3.147293e+00
4.966000e-05	-7.736768e-03	2.986896e+00
4.967000e-05	-8.200370e-03	2.820104e+00
4.968000e-05	-8.000901e-03	2.589076e+00
4.969000e-05	-8.864899e-03	2.418074e+00
4.970000e-05	-7.083078e-03	2.238625e+00
4.971000e-05	-6.641417e-03	2.060683e+00
4.972000e-05	-5.761461e-03	1.932236e+00
4.973000e-05	-6.350661e-03	1.682233e+00
4.974000e-05	-6.795941e-03	1.513185e+00
4.975000e-05	-5.760038e-03	1.302261e+00
4.976000e-05	-5.532811e-03	1.091209e+00
4.977000e-05	-5.053528e-03	8.511303e-01
4.978000e-05	-5.434149e-03	6.502318e-01
4.979000e-05	-4.543911e-03	4.916831e-01
4.980000e-05	-4.165785e-03	3.277372e-01
4.981000e-05	-3.372013e-03	1.122805e-01
4.982000e-05	-2.710051e-04	-5.673578e-02
4.983000e-05	2.395421e-04	-2.446817e-01
4.984000e-05	-3.508358e-04	-4.114987e-01
4.985000e-05	3.988986e-04	-5.829750e-01
4.986000e-05	-2.337332e-03	-7.715264e-01
4.987000e-05	-2.284238e-03	-9.383710e-01
4.988000e-05	9.542980e-04	-1.099268e+00
4.989000e-05	2.612867e-02	-1.246289e+00
4.990000e-05	6.046005e-02	-1.457288e+00
4.991000e-05	-1.704916e-03	-1.719368e+00
4.992000e-05	-4.995354e-02	-1.939950e+00
4.993000e-05	-4.571182e-02	-2.245133e+00
4.994000e-05	-6.257857e-02	-2.392503e+00
4.995000e-05	8.119512e-02	-2.485208e+00
4.996000e-05	3.839672e-02	-2.573579e+00
4.997000e-05	-7.606972e-02	-2.804654e+00
4.998000e-05	7.245824e-02	-2.962075e+00
4.999000e-05	-2.169288e-02	-3.121454e+00
