# 260410_15:08:17.346823
t	CH1	CH2
0.000000e+00	9.599817e-04	-1.136581e-01
1.000000e-08	7.959958e-03	-3.778709e-01
2.000000e-08	-6.684642e-03	-6.598265e-01
3.000000e-08	4.114500e-03	-9.536633e-01
4.000000e-08	-5.107442e-03	-1.178396e+00
5.000000e-08	2.879471e-03	-1.514160e+00
6.000000e-08	-7.825195e-04	-1.776213e+00
7.000000e-08	2.484416e-02	-2.007843e+00
8.000000e-08	7.794990e-02	-2.260499e+00
9.000000e-08	8.027781e-03	-2.564720e+00
1.000000e-07	-7.614270e-02	-2.965786e+00
1.100000e-07	3.577795e-03	-3.293608e+00
1.200000e-07	-3.949416e-02	-3.524662e+00
1.300000e-07	-2.566703e-02	-3.738765e+00
1.400000e-07	-5.854198e-02	-4.009501e+00
1.500000e-07	1.887995e-01	-4.177346e+00
1.600000e-07	-1.360865e-01	-4.430427e+00
1.700000e-07	3.761154e-02	-4.796766e+00
1.800000e-07	9.490462e-02	-4.997397e+00
1.900000e-07	-1.579417e-01	-5.406292e+00
2.000000e-07	1.507723e-01	-5.629978e+00
2.100000e-07	-1.365494e-01	-5.911607e+00
2.200000e-07	1.139286e-01	-6.136920e+00
2.300000e-07	3.373937e-04	-6.436928e+00
2.400000e-07	-8.369628e-02	-6.743733e+00
2.500000e-07	1.045864e-01	-7.017842e+00
2.600000e-07	-1.233157e-01	-7.291603e+00
2.700000e-07	1.057780e-01	-7.554211e+00
2.800000e-07	-6.970972e-02	-7.828370e+00
2.900000e-07	5.925235e-02	-8.124083e+00
3.000000e-07	2.908255e-02	-8.365217e+00
3.100000e-07	-9.180266e-02	-8.566869e+00
3.200000e-07	9.226574e-02	-8.848975e+00
3.300000e-07	-8.452998e-02	-9.061530e+00
3.400000e-07	8.199975e-02	-9.275185e+00
3.500000e-07	-6.492864e-02	-9.523638e+00
3.600000e-07	4.798584e-02	-9.765817e+00
3.700000e-07	-4.177750e-03	-9.985816e+00
3.800000e-07	-1.516356e-02	-1.022690e+01
3.900000e-07	1.861288e-02	-1.042750e+01
4.000000e-07	-3.052714e-02	-1.059940e+01
4.100000e-07	4.974813e-02	-1.085038e+01
4.200000e-07	-4.176076e-02	-1.102858e+01
4.300000e-07	4.039631e-02	-1.126153e+01
4.400000e-07	-2.405016e-02	-1.146013e+01
4.500000e-07	2.175582e-02	-1.168213e+01
4.600000e-07	-2.412675e-02	-1.190216e+01
4.700000e-07	1.885521e-02	-1.209318e+01
4.800000e-07	7.020016e-03	-1.226158e+01
4.900000e-07	3.264552e-03	-1.244103e+01
5.000000e-07	-4.338041e-03	-1.260898e+01
5.100000e-07	-5.560115e-05	-1.281785e+01
5.200000e-07	1.048928e-02	-1.291592e+01
5.300000e-07	-7.115914e-03	-1.313424e+01
5.400000e-07	9.528914e-03	-1.328271e+01
5.500000e-07	4.794782e-04	-1.342958e+01
5.600000e-07	1.188868e-02	-1.355687e+01
5.700000e-07	-9.264483e-03	-1.368271e+01
5.800000e-07	1.105752e-02	-1.385116e+01
5.900000e-07	5.797463e-04	-1.398733e+01
6.000000e-07	7.359014e-03	-1.413579e+01
6.100000e-07	-2.512211e-03	-1.424151e+01
6.200000e-07	1.035662e-02	-1.440795e+01
6.300000e-07	1.971376e-03	-1.449321e+01
6.400000e-07	3.813197e-04	-1.456950e+01
6.500000e-07	2.657480e-03	-1.469418e+01
6.600000e-07	6.594827e-03	-1.476833e+01
6.700000e-07	8.868746e-03	-1.487156e+01
6.800000e-07	3.383232e-03	-1.494592e+01
6.900000e-07	5.302874e-03	-1.505001e+01
7.000000e-07	3.172508e-03	-1.512369e+01
7.100000e-07	5.145740e-03	-1.520742e+01
7.200000e-07	5.426312e-03	-1.522108e+01
7.300000e-07	7.806324e-03	-1.530369e+01
7.400000e-07	5.805240e-03	-1.533579e+01
7.500000e-07	5.704319e-03	-1.537747e+01
7.600000e-07	5.732900e-03	-1.545058e+01
7.700000e-07	8.251868e-03	-1.546211e+01
7.800000e-07	8.606022e-03	-1.549219e+01
7.900000e-07	8.116090e-03	-1.552422e+01
8.000000e-07	7.682710e-03	-1.554490e+01
8.100000e-07	9.442074e-03	-1.553632e+01
8.200000e-07	1.172111e-02	-1.553727e+01
8.300000e-07	1.008870e-02	-1.555685e+01
8.400000e-07	1.097394e-02	-1.554590e+01
8.500000e-07	1.392946e-02	-1.556534e+01
8.600000e-07	1.633352e-02	-1.552387e+01
8.700000e-07	1.760298e-02	-1.548359e+01
8.800000e-07	1.858981e-02	-1.544116e+01
8.900000e-07	1.876365e-02	-1.543061e+01
9.000000e-07	1.965154e-02	-1.537800e+01
9.100000e-07	2.158718e-02	-1.534634e+01
9.200000e-07	2.602340e-02	-1.530281e+01
9.300000e-07	2.795722e-02	-1.526951e+01
9.400000e-07	2.880550e-02	-1.519000e+01
9.500000e-07	3.139833e-02	-1.513372e+01
9.600000e-07	3.519699e-02	-1.505108e+01
9.700000e-07	3.727702e-02	-1.496745e+01
9.800000e-07	4.074646e-02	-1.490276e+01
9.900000e-07	4.574423e-02	-1.483003e+01
1.000000e-06	5.120056e-02	-1.469432e+01
1.010000e-06	5.589795e-02	-1.461908e+01
1.020000e-06	6.365953e-02	-1.452682e+01
1.030000e-06	7.045189e-02	-1.438103e+01
1.040000e-06	7.928274e-02	-1.424413e+01
1.050000e-06	8.823656e-02	-1.415793e+01
1.060000e-06	9.868336e-02	-1.402015e+01
1.070000e-06	1.104685e-01	-1.391377e+01
1.080000e-06	1.191648e-01	-1.377597e+01
1.090000e-06	1.280927e-01	-1.361056e+01
1.100000e-06	1.344389e-01	-1.343416e+01
1.110000e-06	1.400548e-01	-1.331530e+01
1.120000e-06	1.414028e-01	-1.317905e+01
1.130000e-06	1.396592e-01	-1.300161e+01
1.140000e-06	1.348452e-01	-1.288414e+01
1.150000e-06	1.265758e-01	-1.268482e+01
1.160000e-06	1.196073e-01	-1.249537e+01
1.170000e-06	1.109962e-01	-1.235893e+01
1.180000e-06	9.997626e-02	-1.216846e+01
1.190000e-06	9.203402e-02	-1.200005e+01
1.200000e-06	8.287366e-02	-1.178943e+01
1.210000e-06	7.457165e-02	-1.157853e+01
1.220000e-06	6.601532e-02	-1.132589e+01
1.230000e-06	5.834510e-02	-1.110690e+01
1.240000e-06	5.144802e-02	-1.086534e+01
1.250000e-06	4.438517e-02	-1.071575e+01
1.260000e-06	3.755838e-02	-1.055789e+01
1.270000e-06	3.340894e-02	-1.028437e+01
1.280000e-06	2.868506e-02	-1.005424e+01
1.290000e-06	2.430924e-02	-9.833738e+00
1.300000e-06	2.052131e-02	-9.633688e+00
1.310000e-06	1.748818e-02	-9.432105e+00
1.320000e-06	1.420476e-02	-9.149598e+00
1.330000e-06	1.204217e-02	-8.937875e+00
1.340000e-06	9.922088e-03	-8.746320e+00
1.350000e-06	7.107273e-03	-8.453293e+00
1.360000e-06	5.594464e-03	-8.241587e+00
1.370000e-06	4.072630e-03	-7.990029e+00
1.380000e-06	4.155775e-03	-7.735774e+00
1.390000e-06	2.024039e-03	-7.441638e+00
1.400000e-06	6.701332e-04	-7.149549e+00
1.410000e-06	-1.951554e-04	-6.897267e+00
1.420000e-06	7.156171e-04	-6.652707e+00
1.430000e-06	-1.081621e-03	-6.360999e+00
1.440000e-06	-1.801870e-03	-6.115897e+00
1.450000e-06	-3.118042e-03	-5.863692e+00
1.460000e-06	-1.472869e-03	-5.588103e+00
1.470000e-06	-3.760408e-03	-5.305218e+00
1.480000e-06	-1.981763e-03	-4.970996e+00
1.490000e-06	-4.290751e-03	-4.612213e+00
1.500000e-06	-2.957749e-03	-4.402029e+00
1.510000e-06	-5.195208e-03	-4.170026e+00
1.520000e-06	-2.567716e-03	-3.867867e+00
1.530000e-06	-4.006530e-03	-3.590605e+00
1.540000e-06	-4.294704e-03	-3.298470e+00
1.550000e-06	-5.269304e-03	-3.043284e+00
1.560000e-06	-5.981461e-03	-2.758996e+00
1.570000e-06	-3.778389e-03	-2.474742e+00
1.580000e-06	-4.706331e-03	-2.190101e+00
1.590000e-06	-4.103484e-03	-1.895841e+00
1.600000e-06	-5.549438e-03	-1.622634e+00
1.610000e-06	-4.527024e-03	-1.286262e+00
1.620000e-06	-5.299822e-03	-1.010558e+00
1.630000e-06	-3.514964e-03	-7.183711e-01
1.640000e-06	-5.150685e-03	-4.125815e-01
1.650000e-06	-3.604213e-03	-1.284449e-01
1.660000e-06	3.336963e-03	1.492343e-01
1.670000e-06	1.949402e-03	4.085275e-01
1.680000e-06	-3.599007e-03	7.131492e-01
1.690000e-06	1.702246e-03	9.758157e-01
1.700000e-06	-3.939904e-03	1.261030e+00
1.710000e-06	-1.890168e-04	1.586816e+00
1.720000e-06	-9.975068e-04	1.821125e+00
1.730000e-06	1.075182e-02	2.042530e+00
1.740000e-06	3.765857e-02	2.323233e+00
1.750000e-06	7.393767e-02	2.651945e+00
1.760000e-06	-7.411265e-02	3.035863e+00
1.770000e-06	-2.407058e-02	3.230978e+00
1.780000e-06	-3.683754e-02	3.554207e+00
1.790000e-06	2.689434e-04	3.789442e+00
1.800000e-06	-4.198204e-02	4.029425e+00
1.810000e-06	-3.215111e-03	4.262554e+00
1.820000e-06	6.127848e-02	4.514711e+00
1.830000e-06	-8.138684e-03	4.808470e+00
1.840000e-06	-6.094055e-02	5.102633e+00
1.850000e-06	1.408668e-01	5.396421e+00
1.860000e-06	-1.509850e-01	5.724159e+00
1.870000e-06	6.745030e-02	5.954842e+00
1.880000e-06	-2.415741e-02	6.210024e+00
1.890000e-06	3.449318e-02	6.452029e+00
1.900000e-06	-7.330563e-03	6.744842e+00
1.910000e-06	-5.253019e-02	7.019950e+00
1.920000e-06	4.737091e-02	7.323110e+00
1.930000e-06	-4.264886e-02	7.587344e+00
1.940000e-06	3.067011e-02	7.839527e+00
1.950000e-06	-3.301352e-02	8.144341e+00
1.960000e-06	2.531740e-02	8.366869e+00
1.970000e-06	9.997248e-03	8.568444e+00
1.980000e-06	-3.950392e-02	8.850454e+00
1.990000e-06	2.099846e-02	9.050562e+00
2.000000e-06	-2.174542e-02	9.322711e+00
2.010000e-06	9.458332e-03	9.555815e+00
2.020000e-06	-1.566586e-02	9.755271e+00
2.030000e-06	1.078064e-02	9.989996e+00
2.040000e-06	-1.281044e-02	1.019900e+01
2.050000e-06	-1.008896e-02	1.044040e+01
2.060000e-06	-2.518152e-03	1.066108e+01
2.070000e-06	-3.166162e-03	1.090118e+01
2.080000e-06	2.874867e-04	1.109053e+01
2.090000e-06	-1.278024e-02	1.132561e+01
2.100000e-06	-1.370362e-03	1.149169e+01
2.110000e-06	-2.251943e-03	1.170369e+01
2.120000e-06	-6.320742e-03	1.192536e+01
2.130000e-06	-1.486906e-02	1.213479e+01
2.140000e-06	1.654738e-03	1.229312e+01
2.150000e-06	1.213627e-03	1.247316e+01
2.160000e-06	-5.058736e-03	1.264045e+01
2.170000e-06	-1.697993e-02	1.282840e+01
2.180000e-06	-3.862229e-03	1.294484e+01
2.190000e-06	-4.552751e-03	1.314519e+01
2.200000e-06	-6.744383e-03	1.325313e+01
2.210000e-06	-8.635752e-03	1.345903e+01
2.220000e-06	-3.602002e-03	1.361790e+01
2.230000e-06	-5.352197e-03	1.371379e+01
2.240000e-06	-1.007070e-02	1.382061e+01
2.250000e-06	-5.974464e-03	1.404038e+01
2.260000e-06	-9.094540e-03	1.417687e+01
2.270000e-06	-7.356946e-03	1.428174e+01
2.280000e-06	-1.062067e-02	1.445953e+01
2.290000e-06	-5.836398e-03	1.453619e+01
2.300000e-06	-1.188761e-02	1.459913e+01
2.310000e-06	-1.307303e-02	1.473489e+01
2.320000e-06	-8.645235e-03	1.479095e+01
2.330000e-06	-6.637113e-03	1.490366e+01
2.340000e-06	-7.518756e-03	1.493740e+01
2.350000e-06	-1.320447e-02	1.510001e+01
2.360000e-06	-8.985403e-03	1.509519e+01
2.370000e-06	-1.136080e-02	1.518947e+01
2.380000e-06	-1.081182e-02	1.523963e+01
2.390000e-06	-1.309146e-02	1.526527e+01
2.400000e-06	-1.088404e-02	1.536640e+01
2.410000e-06	-1.197495e-02	1.539003e+01
2.420000e-06	-1.261472e-02	1.540150e+01
2.430000e-06	-1.369827e-02	1.545014e+01
2.440000e-06	-1.516986e-02	1.551467e+01
2.450000e-06	-1.256089e-02	1.552382e+01
2.460000e-06	-1.378293e-02	1.557882e+01
2.470000e-06	-1.423912e-02	1.558690e+01
2.480000e-06	-1.824897e-02	1.558590e+01
2.490000e-06	-1.759692e-02	1.558937e+01
2.500000e-06	-2.003102e-02	1.556477e+01
2.510000e-06	-2.089417e-02	1.552785e+01
2.520000e-06	-2.128916e-02	1.555672e+01
2.530000e-06	-2.316706e-02	1.550424e+01
2.540000e-06	-2.376484e-02	1.551569e+01
2.550000e-06	-2.690275e-02	1.551058e+01
2.560000e-06	-2.759373e-02	1.539905e+01
2.570000e-06	-3.052485e-02	1.534893e+01
2.580000e-06	-3.146681e-02	1.532487e+01
2.590000e-06	-3.340209e-02	1.525271e+01
2.600000e-06	-3.717340e-02	1.518100e+01
2.610000e-06	-3.882153e-02	1.510692e+01
2.620000e-06	-4.262770e-02	1.506224e+01
2.630000e-06	-4.380197e-02	1.499743e+01
2.640000e-06	-5.022859e-02	1.489529e+01
2.650000e-06	-5.410769e-02	1.483095e+01
2.660000e-06	-5.949409e-02	1.471640e+01
2.670000e-06	-6.333024e-02	1.465060e+01
2.680000e-06	-7.300650e-02	1.453675e+01
2.690000e-06	-7.936872e-02	1.441156e+01
2.700000e-06	-8.935552e-02	1.429582e+01
2.710000e-06	-9.721326e-02	1.416948e+01
2.720000e-06	-1.092586e-01	1.406161e+01
2.730000e-06	-1.185193e-01	1.389424e+01
2.740000e-06	-1.302012e-01	1.376695e+01
2.750000e-06	-1.375576e-01	1.364069e+01
2.760000e-06	-1.437353e-01	1.343274e+01
2.770000e-06	-1.476428e-01	1.331685e+01
2.780000e-06	-1.491332e-01	1.314692e+01
2.790000e-06	-1.450743e-01	1.302058e+01
2.800000e-06	-1.406902e-01	1.284366e+01
2.810000e-06	-1.340974e-01	1.266467e+01
2.820000e-06	-1.272583e-01	1.252637e+01
2.830000e-06	-1.160023e-01	1.232742e+01
2.840000e-06	-1.064928e-01	1.215748e+01
2.850000e-06	-9.754140e-02	1.195905e+01
2.860000e-06	-8.896314e-02	1.177903e+01
2.870000e-06	-8.089840e-02	1.157800e+01
2.880000e-06	-7.226555e-02	1.135093e+01
2.890000e-06	-6.505058e-02	1.113800e+01
2.900000e-06	-5.702939e-02	1.093847e+01
2.910000e-06	-5.113774e-02	1.072837e+01
2.920000e-06	-4.545001e-02	1.053640e+01
2.930000e-06	-4.186341e-02	1.026627e+01
2.940000e-06	-3.695714e-02	1.010681e+01
2.950000e-06	-3.264579e-02	9.834212e+00
2.960000e-06	-2.852484e-02	9.574137e+00
2.970000e-06	-2.554178e-02	9.372527e+00
2.980000e-06	-2.342395e-02	9.191580e+00
2.990000e-06	-2.026711e-02	8.977476e+00
3.000000e-06	-1.908328e-02	8.704888e+00
3.010000e-06	-1.594658e-02	8.433692e+00
3.020000e-06	-1.576858e-02	8.191633e+00
3.030000e-06	-1.277966e-02	7.959524e+00
3.040000e-06	-1.126230e-02	7.657848e+00
3.050000e-06	-1.005948e-02	7.413788e+00
3.060000e-06	-1.094606e-02	7.159980e+00
3.070000e-06	-1.070401e-02	6.927396e+00
3.080000e-06	-1.019244e-02	6.663733e+00
3.090000e-06	-8.643737e-03	6.369554e+00
3.100000e-06	-8.272898e-03	6.118447e+00
3.110000e-06	-8.418248e-03	5.865818e+00
3.120000e-06	-7.090399e-03	5.582229e+00
3.130000e-06	-5.867556e-03	5.357295e+00
3.140000e-06	-6.148370e-03	4.983151e+00
3.150000e-06	-6.839061e-03	4.685843e+00
3.160000e-06	-6.936575e-03	4.422732e+00
3.170000e-06	-6.539748e-03	4.100976e+00
3.180000e-06	-6.124240e-03	3.823738e+00
3.190000e-06	-6.618971e-03	3.600529e+00
3.200000e-06	-6.911523e-03	3.296362e+00
3.210000e-06	-5.998408e-03	3.001653e+00
3.220000e-06	-5.105497e-03	2.769024e+00
3.230000e-06	-4.407619e-03	2.423133e+00
3.240000e-06	-5.977459e-03	2.150500e+00
3.250000e-06	-5.270346e-03	1.887414e+00
3.260000e-06	-4.168182e-03	1.550003e+00
3.270000e-06	-8.018197e-03	1.296845e+00
3.280000e-06	-3.627645e-03	9.086512e-01
3.290000e-06	-8.155592e-03	6.352355e-01
3.300000e-06	2.937563e-04	4.020803e-01
3.310000e-06	-4.166030e-03	6.731329e-02
3.320000e-06	7.021738e-03	-2.059222e-01
3.330000e-06	2.338165e-03	-4.194963e-01
3.340000e-06	-4.853824e-03	-7.637379e-01
3.350000e-06	-8.313606e-04	-9.768197e-01
3.360000e-06	-3.279688e-03	-1.241030e+00
3.370000e-06	2.990835e-03	-1.607270e+00
3.380000e-06	9.682224e-03	-1.828421e+00
3.390000e-06	2.683236e-02	-2.028422e+00
3.400000e-06	9.458599e-02	-2.313685e+00
3.410000e-06	-5.450673e-02	-2.672025e+00
3.420000e-06	-3.344875e-02	-3.072024e+00
3.430000e-06	-2.545265e-02	-3.365842e+00
3.440000e-06	-1.433493e-02	-3.545866e+00
3.450000e-06	-6.056182e-02	-3.818603e+00
3.460000e-06	1.448658e-02	-4.051106e+00
3.470000e-06	1.611447e-01	-4.272053e+00
3.480000e-06	-1.819769e-01	-4.544161e+00
3.490000e-06	1.418140e-01	-4.839928e+00
3.500000e-06	-2.201023e-02	-5.092030e+00
3.510000e-06	-7.645477e-02	-5.468524e+00
3.520000e-06	1.099305e-01	-5.672130e+00
3.530000e-06	-1.338252e-01	-5.976170e+00
3.540000e-06	1.642189e-01	-6.309951e+00
3.550000e-06	-8.890968e-02	-6.522209e+00
3.560000e-06	-5.699044e-03	-6.846296e+00
3.570000e-06	5.367064e-02	-7.069549e+00
3.580000e-06	-1.005948e-01	-7.365766e+00
3.590000e-06	1.185406e-01	-7.607466e+00
3.600000e-06	-1.117892e-01	-7.909931e+00
3.610000e-06	1.279858e-01	-8.167294e+00
3.620000e-06	-6.022826e-02	-8.407291e+00
3.630000e-06	-1.551879e-02	-8.677952e+00
3.640000e-06	4.696106e-02	-8.890684e+00
3.650000e-06	-5.851550e-02	-9.143736e+00
3.660000e-06	7.753960e-02	-9.336261e+00
3.670000e-06	-8.216769e-02	-9.616795e+00
3.680000e-06	8.406861e-02	-9.788426e+00
3.690000e-06	-5.071266e-02	-9.999424e+00
3.700000e-06	2.901704e-02	-1.028853e+01
3.710000e-06	-2.171032e-02	-1.047471e+01
3.720000e-06	9.412873e-03	-1.066116e+01
3.730000e-06	2.057122e-02	-1.086356e+01
3.740000e-06	-2.590419e-02	-1.110318e+01
3.750000e-06	3.374446e-02	-1.126474e+01
3.760000e-06	-2.494888e-02	-1.154213e+01
3.770000e-06	2.477814e-02	-1.174424e+01
3.780000e-06	-3.293001e-02	-1.195524e+01
3.790000e-06	3.542472e-02	-1.212429e+01
3.800000e-06	-7.799754e-03	-1.231364e+01
3.810000e-06	1.378197e-02	-1.251469e+01
3.820000e-06	-1.465019e-02	-1.271113e+01
3.830000e-06	1.300988e-02	-1.286058e+01
3.840000e-06	-3.350822e-04	-1.299697e+01
3.850000e-06	2.995331e-04	-1.318437e+01
3.860000e-06	6.042895e-03	-1.331462e+01
3.870000e-06	5.320141e-03	-1.344256e+01
3.880000e-06	7.212660e-03	-1.361740e+01
3.890000e-06	-7.291760e-03	-1.371537e+01
3.900000e-06	1.097570e-02	-1.391363e+01
3.910000e-06	9.007756e-04	-1.404600e+01
3.920000e-06	6.906675e-03	-1.413387e+01
3.930000e-06	3.418264e-05	-1.430164e+01
3.940000e-06	1.066179e-02	-1.442950e+01
3.950000e-06	4.120271e-04	-1.451374e+01
3.960000e-06	6.188128e-04	-1.464961e+01
3.970000e-06	3.622291e-03	-1.470316e+01
3.980000e-06	8.112329e-03	-1.486998e+01
3.990000e-06	8.190333e-03	-1.488274e+01
4.000000e-06	3.752986e-03	-1.497740e+01
4.010000e-06	4.744497e-03	-1.506950e+01
4.020000e-06	4.516924e-03	-1.510177e+01
4.030000e-06	6.236020e-03	-1.519743e+01
4.040000e-06	5.193590e-03	-1.521253e+01
4.050000e-06	6.933129e-03	-1.531472e+01
4.060000e-06	6.671125e-03	-1.535730e+01
4.070000e-06	5.839549e-03	-1.538742e+01
4.080000e-06	5.931458e-03	-1.546111e+01
4.090000e-06	6.327711e-03	-1.548316e+01
4.100000e-06	9.198105e-03	-1.551312e+01
4.110000e-06	8.113772e-03	-1.549432e+01
4.120000e-06	9.347227e-03	-1.556532e+01
4.130000e-06	1.037776e-02	-1.556634e+01
4.140000e-06	1.050139e-02	-1.552527e+01
4.150000e-06	9.339517e-03	-1.552840e+01
4.160000e-06	1.124533e-02	-1.555437e+01
4.170000e-06	1.537303e-02	-1.553540e+01
4.180000e-06	1.625843e-02	-1.550377e+01
4.190000e-06	1.689867e-02	-1.549172e+01
4.200000e-06	1.883482e-02	-1.546313e+01
4.210000e-06	2.032530e-02	-1.542951e+01
4.220000e-06	2.063169e-02	-1.537890e+01
4.230000e-06	2.229854e-02	-1.530479e+01
4.240000e-06	2.648627e-02	-1.529374e+01
4.250000e-06	2.793366e-02	-1.517008e+01
4.260000e-06	2.922208e-02	-1.517743e+01
4.270000e-06	3.120349e-02	-1.514374e+01
4.280000e-06	3.628707e-02	-1.505008e+01
4.290000e-06	3.799825e-02	-1.493645e+01
4.300000e-06	4.192145e-02	-1.489509e+01
4.310000e-06	4.801205e-02	-1.479995e+01
4.320000e-06	5.364317e-02	-1.468327e+01
4.330000e-06	5.877646e-02	-1.458803e+01
4.340000e-06	6.371503e-02	-1.446369e+01
4.350000e-06	7.214070e-02	-1.439495e+01
4.360000e-06	8.080953e-02	-1.425263e+01
4.370000e-06	9.150899e-02	-1.414642e+01
4.380000e-06	1.024384e-01	-1.398660e+01
4.390000e-06	1.127997e-01	-1.389224e+01
4.400000e-06	1.208373e-01	-1.369635e+01
4.410000e-06	1.303352e-01	-1.356690e+01
4.420000e-06	1.362266e-01	-1.345013e+01
4.430000e-06	1.397052e-01	-1.327327e+01
4.440000e-06	1.401586e-01	-1.314442e+01
4.450000e-06	1.383135e-01	-1.295855e+01
4.460000e-06	1.333505e-01	-1.283111e+01
4.470000e-06	1.259232e-01	-1.267416e+01
4.480000e-06	1.178252e-01	-1.249319e+01
4.490000e-06	1.083108e-01	-1.232584e+01
4.500000e-06	9.962125e-02	-1.214887e+01
4.510000e-06	9.019638e-02	-1.189785e+01
4.520000e-06	8.101822e-02	-1.171729e+01
4.530000e-06	7.153231e-02	-1.151640e+01
4.540000e-06	6.282553e-02	-1.129627e+01
4.550000e-06	5.684308e-02	-1.105284e+01
4.560000e-06	5.020438e-02	-1.088324e+01
4.570000e-06	4.373504e-02	-1.067524e+01
4.580000e-06	3.761002e-02	-1.049331e+01
4.590000e-06	3.132869e-02	-1.028413e+01
4.600000e-06	2.806190e-02	-9.969230e+00
4.610000e-06	2.313927e-02	-9.798609e+00
4.620000e-06	2.056071e-02	-9.589507e+00
4.630000e-06	1.723784e-02	-9.329431e+00
4.640000e-06	1.375364e-02	-9.115794e+00
4.650000e-06	1.066770e-02	-8.914341e+00
4.660000e-06	8.368222e-03	-8.622688e+00
4.670000e-06	7.489949e-03	-8.409658e+00
4.680000e-06	5.329058e-03	-8.129002e+00
4.690000e-06	3.839300e-03	-7.886847e+00
4.700000e-06	3.183456e-03	-7.621737e+00
4.710000e-06	1.883763e-03	-7.357974e+00
4.720000e-06	9.225890e-04	-7.114845e+00
4.730000e-06	-1.987242e-04	-6.862209e+00
4.740000e-06	-1.235580e-03	-6.568554e+00
4.750000e-06	-1.368527e-04	-6.338847e+00
4.760000e-06	-1.801939e-03	-6.072688e+00
4.770000e-06	-1.439919e-03	-5.789529e+00
4.780000e-06	-2.616513e-03	-5.496793e+00
4.790000e-06	-3.649434e-03	-5.171654e+00
4.800000e-06	-2.631500e-03	-4.886316e+00
4.810000e-06	-3.353175e-03	-4.589552e+00
4.820000e-06	-2.947658e-03	-4.348499e+00
4.830000e-06	-4.614956e-03	-4.104916e+00
4.840000e-06	-3.392911e-03	-3.822110e+00
4.850000e-06	-4.603715e-03	-3.558450e+00
4.860000e-06	-4.837320e-03	-3.234783e+00
4.870000e-06	-4.821001e-03	-2.949556e+00
4.880000e-06	-5.968611e-03	-2.715741e+00
4.890000e-06	-3.799969e-03	-2.391533e+00
4.900000e-06	-5.637208e-03	-2.086371e+00
4.910000e-06	-3.611655e-03	-1.823732e+00
4.920000e-06	-5.592277e-03	-1.537422e+00
4.930000e-06	-3.989161e-03	-1.221159e+00
4.940000e-06	-4.733434e-03	-9.054982e-01
4.950000e-06	-4.724485e-03	-6.341593e-01
4.960000e-06	-4.947130e-03	-3.584446e-01
4.970000e-06	-2.823427e-03	-6.581416e-02
4.980000e-06	6.856230e-03	2.410737e-01
4.990000e-06	-3.920728e-03	5.030818e-01
5.000000e-06	1.151043e-03	7.572657e-01
5.010000e-06	-2.746863e-03	1.009922e+00
5.020000e-06	6.840930e-04	1.305238e+00
5.030000e-06	-5.772214e-03	1.678472e+00
5.040000e-06	6.820637e-03	1.902166e+00
5.050000e-06	9.894975e-03	2.094658e+00
5.060000e-06	6.018401e-02	2.354762e+00
5.070000e-06	4.086428e-02	2.754158e+00
5.080000e-06	-7.894091e-02	3.061429e+00
5.090000e-06	-1.852181e-02	3.303734e+00
5.100000e-06	-3.358888e-02	3.597397e+00
5.110000e-06	-2.399646e-03	3.851075e+00
5.120000e-06	-4.280892e-02	4.112087e+00
5.130000e-06	1.161655e-02	4.354716e+00
5.140000e-06	7.523329e-02	4.637743e+00
5.150000e-06	-7.039144e-02	4.912658e+00
5.160000e-06	2.859823e-02	5.179397e+00
5.170000e-06	6.479582e-02	5.432104e+00
5.180000e-06	-1.226418e-01	5.746216e+00
5.190000e-06	7.634224e-02	6.019074e+00
5.200000e-06	-3.572813e-02	6.292708e+00
5.210000e-06	4.713668e-02	6.525182e+00
5.220000e-06	-3.930296e-02	6.808476e+00
5.230000e-06	-2.321335e-02	7.091580e+00
5.240000e-06	3.749242e-02	7.356316e+00
5.250000e-06	-4.124463e-02	7.652076e+00
5.260000e-06	3.517431e-02	7.944712e+00
5.270000e-06	-4.461035e-02	8.199576e+00
5.280000e-06	4.467330e-02	8.380500e+00
5.290000e-06	-1.673461e-02	8.651002e+00
5.300000e-06	-2.501390e-02	8.870657e+00
5.310000e-06	2.102963e-02	9.114291e+00
5.320000e-06	-2.755596e-02	9.345366e+00
5.330000e-06	1.871459e-02	9.617346e+00
5.340000e-06	-2.670805e-02	9.820502e+00
5.350000e-06	2.498719e-02	1.006111e+01
5.360000e-06	-2.848745e-02	1.026310e+01
5.370000e-06	3.516605e-03	1.047266e+01
5.380000e-06	-1.123785e-02	1.071311e+01
5.390000e-06	2.460323e-03	1.094434e+01
5.400000e-06	-2.932639e-03	1.115469e+01
5.410000e-06	-1.487757e-02	1.131484e+01
5.420000e-06	3.678135e-03	1.156577e+01
5.430000e-06	-9.557743e-03	1.171630e+01
5.440000e-06	-1.687000e-03	1.200887e+01
5.450000e-06	-1.818650e-02	1.214377e+01
5.460000e-06	9.255687e-03	1.235424e+01
5.470000e-06	-5.000713e-03	1.249367e+01
5.480000e-06	-6.088121e-03	1.269316e+01
5.490000e-06	-1.684389e-02	1.285246e+01
5.500000e-06	-2.349169e-03	1.298755e+01
5.510000e-06	-5.303951e-03	1.320827e+01
5.520000e-06	-9.830167e-03	1.327574e+01
5.530000e-06	-5.642788e-03	1.349216e+01
5.540000e-06	-6.446015e-03	1.361950e+01
5.550000e-06	-3.991817e-03	1.375489e+01
5.560000e-06	-1.238703e-02	1.389471e+01
5.570000e-06	-4.242215e-03	1.407060e+01
5.580000e-06	-9.489495e-03	1.420950e+01
5.590000e-06	-6.821244e-03	1.432479e+01
5.600000e-06	-9.630739e-03	1.444003e+01
5.610000e-06	-8.362758e-03	1.458432e+01
5.620000e-06	-1.220165e-02	1.463261e+01
5.630000e-06	-1.292432e-02	1.478537e+01
5.640000e-06	-5.117388e-03	1.484111e+01
5.650000e-06	-8.882206e-03	1.493527e+01
5.660000e-06	-7.447910e-03	1.497795e+01
5.670000e-06	-1.338853e-02	1.505161e+01
5.680000e-06	-8.982391e-03	1.514679e+01
5.690000e-06	-1.061813e-02	1.517845e+01
5.700000e-06	-1.282835e-02	1.528371e+01
5.710000e-06	-1.244168e-02	1.531431e+01
5.720000e-06	-1.222442e-02	1.537597e+01
5.730000e-06	-1.037309e-02	1.544855e+01
5.740000e-06	-1.381793e-02	1.548003e+01
5.750000e-06	-1.369403e-02	1.547166e+01
5.760000e-06	-1.554547e-02	1.554224e+01
5.770000e-06	-1.128387e-02	1.554530e+01
5.780000e-06	-1.330275e-02	1.552530e+01
5.790000e-06	-1.541262e-02	1.556747e+01
5.800000e-06	-1.845251e-02	1.561890e+01
5.810000e-06	-1.874038e-02	1.559643e+01
5.820000e-06	-1.872983e-02	1.560642e+01
5.830000e-06	-2.452427e-02	1.553534e+01
5.840000e-06	-1.868302e-02	1.551576e+01
5.850000e-06	-2.541801e-02	1.550472e+01
5.860000e-06	-2.115396e-02	1.548271e+01
5.870000e-06	-2.900288e-02	1.542158e+01
5.880000e-06	-2.751526e-02	1.534910e+01
5.890000e-06	-3.049776e-02	1.534695e+01
5.900000e-06	-3.296493e-02	1.529424e+01
5.910000e-06	-3.302244e-02	1.523221e+01
5.920000e-06	-3.842902e-02	1.518900e+01
5.930000e-06	-3.963273e-02	1.513427e+01
5.940000e-06	-4.360714e-02	1.501056e+01
5.950000e-06	-4.509057e-02	1.497643e+01
5.960000e-06	-5.033655e-02	1.486569e+01
5.970000e-06	-5.535391e-02	1.479803e+01
5.980000e-06	-6.129417e-02	1.469574e+01
5.990000e-06	-6.651697e-02	1.459063e+01
6.000000e-06	-7.452570e-02	1.447484e+01
6.010000e-06	-8.052690e-02	1.441945e+01
6.020000e-06	-9.118221e-02	1.429171e+01
6.030000e-06	-1.007926e-01	1.416730e+01
6.040000e-06	-1.130852e-01	1.400153e+01
6.050000e-06	-1.199684e-01	1.387519e+01
6.060000e-06	-1.323530e-01	1.371740e+01
6.070000e-06	-1.389904e-01	1.355000e+01
6.080000e-06	-1.459363e-01	1.341008e+01
6.090000e-06	-1.474883e-01	1.325474e+01
6.100000e-06	-1.484160e-01	1.313634e+01
6.110000e-06	-1.450668e-01	1.293851e+01
6.120000e-06	-1.396920e-01	1.279103e+01
6.130000e-06	-1.313187e-01	1.261069e+01
6.140000e-06	-1.242316e-01	1.247527e+01
6.150000e-06	-1.139238e-01	1.233429e+01
6.160000e-06	-1.049232e-01	1.212637e+01
6.170000e-06	-9.503541e-02	1.191694e+01
6.180000e-06	-8.699350e-02	1.175682e+01
6.190000e-06	-7.870172e-02	1.151637e+01
6.200000e-06	-7.033662e-02	1.131837e+01
6.210000e-06	-6.355534e-02	1.106472e+01
6.220000e-06	-5.584287e-02	1.090524e+01
6.230000e-06	-5.048111e-02	1.068532e+01
6.240000e-06	-4.481072e-02	1.041422e+01
6.250000e-06	-4.047801e-02	1.027224e+01
6.260000e-06	-3.505629e-02	1.002359e+01
6.270000e-06	-3.078772e-02	9.800577e+00
6.280000e-06	-2.751338e-02	9.558901e+00
6.290000e-06	-2.488884e-02	9.337445e+00
6.300000e-06	-2.181756e-02	9.107422e+00
6.310000e-06	-1.922833e-02	8.863259e+00
6.320000e-06	-1.845841e-02	8.603088e+00
6.330000e-06	-1.564955e-02	8.402032e+00
6.340000e-06	-1.550524e-02	8.189926e+00
6.350000e-06	-1.250783e-02	7.874265e+00
6.360000e-06	-1.135955e-02	7.674713e+00
6.370000e-06	-1.122187e-02	7.369554e+00
6.380000e-06	-1.094985e-02	7.128768e+00
6.390000e-06	-9.885213e-03	6.844162e+00
6.400000e-06	-7.988185e-03	6.589606e+00
6.410000e-06	-8.996479e-03	6.286318e+00
6.420000e-06	-8.294919e-03	6.054768e+00
6.430000e-06	-7.521694e-03	5.811582e+00
6.440000e-06	-6.621179e-03	5.559519e+00
6.450000e-06	-7.577847e-03	5.264159e+00
6.460000e-06	-7.169538e-03	4.935267e+00
6.470000e-06	-6.759063e-03	4.621134e+00
6.480000e-06	-5.725503e-03	4.311075e+00
6.490000e-06	-6.410037e-03	4.075291e+00
6.500000e-06	-6.335574e-03	3.750500e+00
6.510000e-06	-6.834948e-03	3.545924e+00
6.520000e-06	-5.635714e-03	3.211608e+00
6.530000e-06	-6.030421e-03	2.928426e+00
6.540000e-06	-5.489960e-03	2.675791e+00
6.550000e-06	-5.859907e-03	2.358049e+00
6.560000e-06	-5.418149e-03	2.106340e+00
6.570000e-06	-6.167457e-03	1.801711e+00
6.580000e-06	-5.083462e-03	1.517890e+00
6.590000e-06	-5.010130e-03	1.220081e+00
6.600000e-06	-4.500338e-03	8.388134e-01
6.610000e-06	-5.771380e-03	5.810801e-01
6.620000e-06	-4.114268e-03	3.169448e-01
6.630000e-06	-2.341619e-03	1.215765e-02
6.640000e-06	8.228140e-03	-2.299762e-01
6.650000e-06	-2.400785e-03	-4.806064e-01
6.660000e-06	5.746700e-04	-8.268684e-01
6.670000e-06	-1.589517e-03	-1.048476e+00
6.680000e-06	1.790292e-04	-1.365134e+00
6.690000e-06	-3.433393e-03	-1.629451e+00
6.700000e-06	1.373626e-02	-1.892002e+00
6.710000e-06	3.820115e-02	-2.054630e+00
6.720000e-06	9.291625e-02	-2.397936e+00
6.730000e-06	-9.354215e-02	-2.784741e+00
6.740000e-06	2.889773e-03	-3.161686e+00
6.750000e-06	-4.958082e-02	-3.427949e+00
6.760000e-06	1.722839e-03	-3.659973e+00
6.770000e-06	-9.226858e-02	-3.931713e+00
6.780000e-06	9.878664e-02	-4.113162e+00
6.790000e-06	7.607337e-02	-4.314114e+00
6.800000e-06	-1.595230e-01	-4.616396e+00
6.810000e-06	1.851073e-01	-4.851608e+00
6.820000e-06	-1.303582e-01	-5.175745e+00
6.830000e-06	3.554408e-02	-5.473708e+00
6.840000e-06	1.947590e-02	-5.753713e+00
6.850000e-06	-6.755800e-02	-6.050024e+00
6.860000e-06	1.495164e-01	-6.303667e+00
6.870000e-06	-1.369600e-01	-6.556394e+00
6.880000e-06	6.815674e-02	-6.871003e+00
6.890000e-06	-2.296730e-02	-7.063112e+00
6.900000e-06	-3.545114e-02	-7.417925e+00
6.910000e-06	7.928919e-02	-7.651501e+00
6.920000e-06	-9.299519e-02	-7.995292e+00
6.930000e-06	1.461414e-01	-8.217475e+00
6.940000e-06	-1.233439e-01	-8.448502e+00
6.950000e-06	5.738056e-02	-8.743135e+00
6.960000e-06	-1.662290e-02	-8.955768e+00
6.970000e-06	-8.300338e-03	-9.206424e+00
6.980000e-06	3.882757e-02	-9.427894e+00
6.990000e-06	-5.923056e-02	-9.629932e+00
7.000000e-06	8.499405e-02	-9.839154e+00
7.010000e-06	-6.924200e-02	-1.008358e+01
7.020000e-06	5.403717e-02	-1.028366e+01
7.030000e-06	-4.971243e-02	-1.051426e+01
7.040000e-06	4.218837e-02	-1.077631e+01
7.050000e-06	-1.406219e-02	-1.093329e+01
7.060000e-06	1.800572e-03	-1.116534e+01
7.070000e-06	1.451613e-02	-1.136477e+01
7.080000e-06	-1.173903e-02	-1.159740e+01
7.090000e-06	1.439371e-02	-1.178750e+01
7.100000e-06	-2.192741e-02	-1.203642e+01
7.110000e-06	3.778911e-02	-1.217735e+01
7.120000e-06	-1.219785e-02	-1.238792e+01
7.130000e-06	1.363879e-02	-1.253477e+01
7.140000e-06	-2.021548e-02	-1.273271e+01
7.150000e-06	1.721879e-02	-1.291369e+01
7.160000e-06	-7.854017e-03	-1.305103e+01
7.170000e-06	8.430891e-03	-1.319836e+01
7.180000e-06	2.767378e-03	-1.334327e+01
7.190000e-06	1.138351e-02	-1.352314e+01
7.200000e-06	-1.119010e-03	-1.363850e+01
7.210000e-06	-1.130378e-03	-1.381705e+01
7.220000e-06	8.501874e-03	-1.394574e+01
7.230000e-06	1.968618e-03	-1.408263e+01
7.240000e-06	1.842246e-03	-1.419693e+01
7.250000e-06	7.333401e-04	-1.434514e+01
7.260000e-06	9.115829e-03	-1.441204e+01
7.270000e-06	1.153614e-03	-1.452682e+01
7.280000e-06	2.018851e-03	-1.463056e+01
7.290000e-06	3.414073e-03	-1.474482e+01
7.300000e-06	8.941275e-03	-1.484050e+01
7.310000e-06	7.471212e-03	-1.491226e+01
7.320000e-06	4.397440e-03	-1.496798e+01
7.330000e-06	3.726760e-03	-1.508214e+01
7.340000e-06	2.623696e-03	-1.516526e+01
7.350000e-06	4.671563e-03	-1.522905e+01
7.360000e-06	6.038013e-03	-1.529106e+01
7.370000e-06	6.697811e-03	-1.533377e+01
7.380000e-06	8.000443e-03	-1.535645e+01
7.390000e-06	6.633367e-03	-1.541948e+01
7.400000e-06	6.554649e-03	-1.546964e+01
7.410000e-06	7.539287e-03	-1.551279e+01
7.420000e-06	8.301307e-03	-1.551277e+01
7.430000e-06	7.842960e-03	-1.553617e+01
7.440000e-06	8.486531e-03	-1.556685e+01
7.450000e-06	1.011932e-02	-1.555517e+01
7.460000e-06	9.981224e-03	-1.556535e+01
7.470000e-06	1.071116e-02	-1.556732e+01
7.480000e-06	1.282755e-02	-1.555630e+01
7.490000e-06	1.619383e-02	-1.552376e+01
7.500000e-06	1.617951e-02	-1.548512e+01
7.510000e-06	1.759515e-02	-1.551214e+01
7.520000e-06	1.841519e-02	-1.548166e+01
7.530000e-06	1.984884e-02	-1.544851e+01
7.540000e-06	1.980741e-02	-1.538640e+01
7.550000e-06	2.282258e-02	-1.530679e+01
7.560000e-06	2.757323e-02	-1.526171e+01
7.570000e-06	2.875925e-02	-1.519001e+01
7.580000e-06	3.084743e-02	-1.517630e+01
7.590000e-06	3.250203e-02	-1.506371e+01
7.600000e-06	3.639677e-02	-1.498848e+01
7.610000e-06	3.854095e-02	-1.494389e+01
7.620000e-06	4.214794e-02	-1.485264e+01
7.630000e-06	4.886077e-02	-1.475598e+01
7.640000e-06	5.529831e-02	-1.467219e+01
7.650000e-06	5.933280e-02	-1.456690e+01
7.660000e-06	6.618472e-02	-1.448328e+01
7.670000e-06	7.446299e-02	-1.434738e+01
7.680000e-06	8.454379e-02	-1.421103e+01
7.690000e-06	9.405672e-02	-1.411534e+01
7.700000e-06	1.047171e-01	-1.397905e+01
7.710000e-06	1.141245e-01	-1.387953e+01
7.720000e-06	1.239698e-01	-1.366422e+01
7.730000e-06	1.319612e-01	-1.355635e+01
7.740000e-06	1.370053e-01	-1.335053e+01
7.750000e-06	1.405049e-01	-1.325421e+01
7.760000e-06	1.410177e-01	-1.312284e+01
7.770000e-06	1.376766e-01	-1.294750e+01
7.780000e-06	1.312901e-01	-1.277893e+01
7.790000e-06	1.231137e-01	-1.260951e+01
7.800000e-06	1.162487e-01	-1.245411e+01
7.810000e-06	1.052969e-01	-1.228324e+01
7.820000e-06	9.670667e-02	-1.207584e+01
7.830000e-06	8.754679e-02	-1.190327e+01
7.840000e-06	7.867796e-02	-1.166434e+01
7.850000e-06	6.944191e-02	-1.143071e+01
7.860000e-06	6.221549e-02	-1.125268e+01
7.870000e-06	5.449094e-02	-1.101868e+01
7.880000e-06	4.780965e-02	-1.082160e+01
7.890000e-06	4.156799e-02	-1.059213e+01
7.900000e-06	3.750663e-02	-1.045106e+01
7.910000e-06	3.134238e-02	-1.018058e+01
7.920000e-06	2.490056e-02	-9.917504e+00
7.930000e-06	2.183095e-02	-9.777398e+00
7.940000e-06	1.957215e-02	-9.536375e+00
7.950000e-06	1.642568e-02	-9.295746e+00
7.960000e-06	1.273477e-02	-9.076180e+00
7.970000e-06	1.075697e-02	-8.833660e+00
7.980000e-06	8.951468e-03	-8.600555e+00
7.990000e-06	6.401175e-03	-8.347475e+00
8.000000e-06	4.685234e-03	-8.094791e+00
8.010000e-06	3.385979e-03	-7.861186e+00
8.020000e-06	2.665916e-03	-7.527978e+00
8.030000e-06	2.226318e-03	-7.305740e+00
8.040000e-06	-1.761033e-04	-7.054711e+00
8.050000e-06	6.146314e-04	-6.748029e+00
8.060000e-06	-1.085904e-03	-6.526897e+00
8.070000e-06	-4.559082e-04	-6.224287e+00
8.080000e-06	-2.319862e-03	-5.999954e+00
8.090000e-06	-1.457974e-03	-5.717497e+00
8.100000e-06	-3.681891e-03	-5.442284e+00
8.110000e-06	-2.486149e-03	-5.118452e+00
8.120000e-06	-3.735198e-03	-4.832253e+00
8.130000e-06	-3.612336e-03	-4.516922e+00
8.140000e-06	-4.421271e-03	-4.255766e+00
8.150000e-06	-2.964145e-03	-4.082159e+00
8.160000e-06	-4.189086e-03	-3.738499e+00
8.170000e-06	-4.246628e-03	-3.473764e+00
8.180000e-06	-5.525696e-03	-3.212108e+00
8.190000e-06	-5.179776e-03	-2.882788e+00
8.200000e-06	-4.989451e-03	-2.641606e+00
8.210000e-06	-4.290164e-03	-2.358944e+00
8.220000e-06	-5.193397e-03	-2.033159e+00
8.230000e-06	-4.081723e-03	-1.749446e+00
8.240000e-06	-5.059198e-03	-1.475811e+00
8.250000e-06	-4.770944e-03	-1.139446e+00
8.260000e-06	-4.659713e-03	-8.546866e-01
8.270000e-06	-4.791060e-03	-5.279522e-01
8.280000e-06	-4.641056e-03	-2.647644e-01
8.290000e-06	-2.248530e-03	-1.103157e-02
8.300000e-06	8.040696e-03	3.136316e-01
8.310000e-06	-6.527882e-03	5.358108e-01
8.320000e-06	4.130918e-03	8.484961e-01
8.330000e-06	-4.747633e-03	1.124631e+00
8.340000e-06	1.549354e-03	1.407845e+00
8.350000e-06	-6.744789e-03	1.722663e+00
8.360000e-06	1.184568e-02	1.937318e+00
8.370000e-06	1.204899e-02	2.207292e+00
8.380000e-06	7.811861e-02	2.409474e+00
8.390000e-06	-2.939697e-03	2.808874e+00
8.400000e-06	-6.423359e-02	3.104208e+00
8.410000e-06	-2.281985e-02	3.407322e+00
8.420000e-06	-2.230250e-02	3.672028e+00
8.430000e-06	-1.379073e-02	3.934185e+00
8.440000e-06	-3.481467e-02	4.154736e+00
8.450000e-06	2.562662e-02	4.378397e+00
8.460000e-06	7.326282e-02	4.639000e+00
8.470000e-06	-1.135730e-01	4.937794e+00
8.480000e-06	1.147128e-01	5.280501e+00
8.490000e-06	-3.564081e-02	5.554761e+00
8.500000e-06	-5.376733e-02	5.828923e+00
8.510000e-06	5.043819e-02	6.123204e+00
8.520000e-06	-2.165728e-02	6.317241e+00
8.530000e-06	4.256830e-02	6.627443e+00
8.540000e-06	-6.115193e-02	6.892582e+00
8.550000e-06	1.016257e-02	7.205219e+00
8.560000e-06	8.236670e-03	7.448949e+00
8.570000e-06	-2.087893e-02	7.732786e+00
8.580000e-06	1.953761e-02	8.028846e+00
8.590000e-06	-3.327410e-02	8.280609e+00
8.600000e-06	4.793889e-02	8.473612e+00
8.610000e-06	-3.549161e-02	8.741688e+00
8.620000e-06	-6.363659e-03	8.946263e+00
8.630000e-06	9.632556e-03	9.179397e+00
8.640000e-06	-2.239898e-02	9.458473e+00
8.650000e-06	1.569014e-02	9.629980e+00
8.660000e-06	-2.416518e-02	9.880158e+00
8.670000e-06	2.142492e-02	1.012322e+01
8.680000e-06	-3.324730e-02	1.035529e+01
8.690000e-06	8.738466e-03	1.056682e+01
8.700000e-06	-1.218232e-02	1.074734e+01
8.710000e-06	3.982785e-03	1.095730e+01
8.720000e-06	-6.547984e-03	1.122632e+01
8.730000e-06	-1.252123e-02	1.139842e+01
8.740000e-06	6.683051e-03	1.161790e+01
8.750000e-06	-1.312349e-02	1.181992e+01
8.760000e-06	-2.792541e-03	1.206045e+01
8.770000e-06	-1.587012e-02	1.221845e+01
8.780000e-06	1.154872e-02	1.239735e+01
8.790000e-06	-8.495453e-03	1.253637e+01
8.800000e-06	-9.235176e-03	1.274424e+01
8.810000e-06	-1.290362e-02	1.285371e+01
8.820000e-06	-3.359868e-03	1.308103e+01
8.830000e-06	-4.704863e-03	1.318995e+01
8.840000e-06	-1.228549e-02	1.334742e+01
8.850000e-06	-2.901301e-03	1.352324e+01
8.860000e-06	-7.020217e-03	1.367151e+01
8.870000e-06	-4.195695e-03	1.381897e+01
8.880000e-06	-1.167992e-02	1.394429e+01
8.890000e-06	-4.033942e-03	1.410223e+01
8.900000e-06	-9.379447e-03	1.423013e+01
8.910000e-06	-9.388135e-03	1.437589e+01
8.920000e-06	-7.827504e-03	1.448111e+01
8.930000e-06	-9.565933e-03	1.456842e+01
8.940000e-06	-1.042014e-02	1.468366e+01
8.950000e-06	-1.227569e-02	1.479697e+01
8.960000e-06	-4.952957e-03	1.486113e+01
8.970000e-06	-9.001394e-03	1.493477e+01
8.980000e-06	-8.009216e-03	1.500850e+01
8.990000e-06	-1.304482e-02	1.509219e+01
9.000000e-06	-9.885056e-03	1.515635e+01
9.010000e-06	-9.991800e-03	1.527203e+01
9.020000e-06	-1.234074e-02	1.528273e+01
9.030000e-06	-1.136995e-02	1.533382e+01
9.040000e-06	-1.337809e-02	1.535190e+01
9.050000e-06	-1.051324e-02	1.543106e+01
9.060000e-06	-1.342496e-02	1.546168e+01
9.070000e-06	-1.354897e-02	1.550269e+01
9.080000e-06	-1.427216e-02	1.553429e+01
9.090000e-06	-1.271964e-02	1.557734e+01
9.100000e-06	-1.365025e-02	1.552640e+01
9.110000e-06	-1.695252e-02	1.556885e+01
9.120000e-06	-1.730497e-02	1.559688e+01
9.130000e-06	-2.013743e-02	1.557793e+01
9.140000e-06	-2.016139e-02	1.555635e+01
9.150000e-06	-2.144102e-02	1.555577e+01
9.160000e-06	-2.123974e-02	1.551522e+01
9.170000e-06	-2.490696e-02	1.551431e+01
9.180000e-06	-2.590801e-02	1.546171e+01
9.190000e-06	-2.718383e-02	1.544958e+01
9.200000e-06	-2.860110e-02	1.539745e+01
9.210000e-06	-3.169935e-02	1.533598e+01
9.220000e-06	-3.327955e-02	1.530561e+01
9.230000e-06	-3.353047e-02	1.522166e+01
9.240000e-06	-3.866702e-02	1.516745e+01
9.250000e-06	-4.074560e-02	1.509277e+01
9.260000e-06	-4.553048e-02	1.501913e+01
9.270000e-06	-4.630613e-02	1.491637e+01
9.280000e-06	-5.309910e-02	1.485419e+01
9.290000e-06	-5.694327e-02	1.476845e+01
9.300000e-06	-6.122024e-02	1.470366e+01
9.310000e-06	-6.981441e-02	1.456845e+01
9.320000e-06	-7.535971e-02	1.447371e+01
9.330000e-06	-8.615154e-02	1.433633e+01
9.340000e-06	-9.096284e-02	1.422214e+01
9.350000e-06	-1.021882e-01	1.411637e+01
9.360000e-06	-1.144076e-01	1.398850e+01
9.370000e-06	-1.243253e-01	1.381069e+01
9.380000e-06	-1.362125e-01	1.368426e+01
9.390000e-06	-1.407487e-01	1.354795e+01
9.400000e-06	-1.476546e-01	1.338000e+01
9.410000e-06	-1.474533e-01	1.322218e+01
9.420000e-06	-1.473538e-01	1.307519e+01
9.430000e-06	-1.439659e-01	1.295639e+01
9.440000e-06	-1.375117e-01	1.275900e+01
9.450000e-06	-1.307820e-01	1.259855e+01
9.460000e-06	-1.214456e-01	1.241308e+01
9.470000e-06	-1.120559e-01	1.226221e+01
9.480000e-06	-1.017643e-01	1.203424e+01
9.490000e-06	-9.357264e-02	1.185426e+01
9.500000e-06	-8.504684e-02	1.169427e+01
9.510000e-06	-7.763400e-02	1.145234e+01
9.520000e-06	-6.832555e-02	1.123114e+01
9.530000e-06	-6.102818e-02	1.104319e+01
9.540000e-06	-5.423885e-02	1.086312e+01
9.550000e-06	-4.910743e-02	1.062173e+01
9.560000e-06	-4.196728e-02	1.039073e+01
9.570000e-06	-3.798545e-02	1.018953e+01
9.580000e-06	-3.407010e-02	9.989503e+00
9.590000e-06	-3.105055e-02	9.707954e+00
9.600000e-06	-2.693906e-02	9.485867e+00
9.610000e-06	-2.336538e-02	9.295845e+00
9.620000e-06	-2.109459e-02	9.084262e+00
9.630000e-06	-2.000400e-02	8.809533e+00
9.640000e-06	-1.830826e-02	8.579029e+00
9.650000e-06	-1.509102e-02	8.349523e+00
9.660000e-06	-1.241352e-02	8.083800e+00
9.670000e-06	-1.255952e-02	7.853686e+00
9.680000e-06	-1.210967e-02	7.570557e+00
9.690000e-06	-1.099187e-02	7.326890e+00
9.700000e-06	-1.007275e-02	7.001160e+00
9.710000e-06	-9.505676e-03	6.780535e+00
9.720000e-06	-9.427319e-03	6.556420e+00
9.730000e-06	-9.301383e-03	6.263216e+00
9.740000e-06	-7.304108e-03	6.022160e+00
9.750000e-06	-7.965056e-03	5.728899e+00
9.760000e-06	-7.550858e-03	5.485289e+00
9.770000e-06	-6.602194e-03	5.139079e+00
9.780000e-06	-6.352102e-03	4.804108e+00
9.790000e-06	-5.519549e-03	4.518978e+00
9.800000e-06	-6.778539e-03	4.305818e+00
9.810000e-06	-6.770976e-03	3.992505e+00
9.820000e-06	-5.624199e-03	3.686868e+00
9.830000e-06	-5.791242e-03	3.443238e+00
9.840000e-06	-6.806262e-03	3.138452e+00
9.850000e-06	-7.095543e-03	2.875841e+00
9.860000e-06	-5.913238e-03	2.571683e+00
9.870000e-06	-3.881231e-03	2.266817e+00
9.880000e-06	-4.489545e-03	2.023134e+00
9.890000e-06	-5.304147e-03	1.710050e+00
9.900000e-06	-5.693061e-03	1.434239e+00
9.910000e-06	-5.460420e-03	1.141449e+00
9.920000e-06	-5.002019e-03	8.226601e-01
9.930000e-06	-5.248056e-03	5.174184e-01
9.940000e-06	-4.499539e-03	2.537406e-01
9.950000e-06	-2.119041e-03	-3.252639e-02
9.960000e-06	9.352051e-03	-2.951117e-01
9.970000e-06	-5.837700e-03	-6.073347e-01
9.980000e-06	4.548174e-03	-8.530228e-01
9.990000e-06	-4.479820e-03	-1.102662e+00
1.000000e-05	2.441409e-03	-1.458026e+00
1.001000e-05	-4.572688e-03	-1.743184e+00
1.002000e-05	2.017975e-02	-1.915761e+00
1.003000e-05	5.555436e-02	-2.135157e+00
1.004000e-05	6.055376e-02	-2.500579e+00
1.005000e-05	-1.009969e-01	-2.848923e+00
1.006000e-05	1.619935e-02	-3.228972e+00
1.007000e-05	-5.395847e-02	-3.493504e+00
1.008000e-05	-8.186710e-04	-3.662580e+00
1.009000e-05	-9.413763e-02	-3.996341e+00
1.010000e-05	1.626884e-01	-4.145366e+00
1.011000e-05	-3.750953e-02	-4.376311e+00
1.012000e-05	-7.920575e-02	-4.681131e+00
1.013000e-05	1.662442e-01	-4.944710e+00
1.014000e-05	-1.768650e-01	-5.269628e+00
1.015000e-05	1.232557e-01	-5.596320e+00
1.016000e-05	-7.989809e-02	-5.799875e+00
1.017000e-05	2.968983e-02	-6.124111e+00
1.018000e-05	8.967807e-02	-6.355320e+00
1.019000e-05	-1.314837e-01	-6.669049e+00
1.020000e-05	1.078001e-01	-6.943742e+00
1.021000e-05	-9.317135e-02	-7.185915e+00
1.022000e-05	4.620979e-02	-7.512177e+00
1.023000e-05	5.615398e-03	-7.742662e+00
1.024000e-05	-2.465233e-02	-8.076928e+00
1.025000e-05	1.057915e-01	-8.300059e+00
1.026000e-05	-1.318512e-01	-8.503607e+00
1.027000e-05	9.558683e-02	-8.755869e+00
1.028000e-05	-6.500984e-02	-8.997322e+00
1.029000e-05	4.631228e-02	-9.230479e+00
1.030000e-05	-1.919625e-02	-9.440932e+00
1.031000e-05	-5.552567e-03	-9.714160e+00
1.032000e-05	4.770787e-02	-9.914137e+00
1.033000e-05	-5.100192e-02	-1.020467e+01
1.034000e-05	4.390179e-02	-1.036675e+01
1.035000e-05	-4.953504e-02	-1.058795e+01
1.036000e-05	5.788851e-02	-1.080885e+01
1.037000e-05	-3.606952e-02	-1.098687e+01
1.038000e-05	2.737349e-02	-1.124643e+01
1.039000e-05	-9.148354e-03	-1.146843e+01
1.040000e-05	6.054895e-03	-1.165853e+01
1.041000e-05	-7.073725e-03	-1.182953e+01
1.042000e-05	-1.932763e-03	-1.203008e+01
1.043000e-05	2.582003e-02	-1.224053e+01
1.044000e-05	-7.355840e-03	-1.242997e+01
1.045000e-05	6.871663e-03	-1.257752e+01
1.046000e-05	-1.163936e-02	-1.277327e+01
1.047000e-05	1.739527e-02	-1.292632e+01
1.048000e-05	-9.708303e-03	-1.309116e+01
1.049000e-05	9.489287e-03	-1.324945e+01
1.050000e-05	-8.619268e-04	-1.339647e+01
1.051000e-05	1.264967e-02	-1.360329e+01
1.052000e-05	-6.133925e-03	-1.369311e+01
1.053000e-05	6.506478e-03	-1.385103e+01
1.054000e-05	4.322809e-03	-1.395528e+01
1.055000e-05	5.372076e-03	-1.405166e+01
1.056000e-05	3.825717e-04	-1.423957e+01
1.057000e-05	7.516327e-03	-1.440537e+01
1.058000e-05	5.162905e-03	-1.445271e+01
1.059000e-05	-1.581380e-03	-1.458740e+01
1.060000e-05	1.018222e-03	-1.470214e+01
1.061000e-05	5.813093e-03	-1.480937e+01
1.062000e-05	9.273660e-03	-1.487213e+01
1.063000e-05	4.869702e-03	-1.493627e+01
1.064000e-05	5.400730e-03	-1.504113e+01
1.065000e-05	3.350191e-03	-1.509221e+01
1.066000e-05	4.118256e-03	-1.513530e+01
1.067000e-05	4.272433e-03	-1.520950e+01
1.068000e-05	6.889885e-03	-1.528161e+01
1.069000e-05	6.015012e-03	-1.532630e+01
1.070000e-05	5.603238e-03	-1.538698e+01
1.071000e-05	4.578758e-03	-1.543006e+01
1.072000e-05	6.742777e-03	-1.549161e+01
1.073000e-05	8.934450e-03	-1.548269e+01
1.074000e-05	8.997700e-03	-1.552375e+01
1.075000e-05	8.075388e-03	-1.553527e+01
1.076000e-05	8.955942e-03	-1.557632e+01
1.077000e-05	1.073279e-02	-1.557780e+01
1.078000e-05	9.065668e-03	-1.554627e+01
1.079000e-05	1.015552e-02	-1.556630e+01
1.080000e-05	1.262684e-02	-1.554530e+01
1.081000e-05	1.613227e-02	-1.553577e+01
1.082000e-05	1.737840e-02	-1.552325e+01
1.083000e-05	1.702318e-02	-1.552319e+01
1.084000e-05	1.912747e-02	-1.545919e+01
1.085000e-05	2.042329e-02	-1.543796e+01
1.086000e-05	2.186125e-02	-1.533695e+01
1.087000e-05	2.397485e-02	-1.529582e+01
1.088000e-05	2.760081e-02	-1.527269e+01
1.089000e-05	2.833284e-02	-1.520838e+01
1.090000e-05	3.039253e-02	-1.512432e+01
1.091000e-05	3.425660e-02	-1.508466e+01
1.092000e-05	3.724635e-02	-1.502998e+01
1.093000e-05	4.059776e-02	-1.490424e+01
1.094000e-05	4.502939e-02	-1.487264e+01
1.095000e-05	5.111880e-02	-1.476682e+01
1.096000e-05	5.464456e-02	-1.465263e+01
1.097000e-05	6.091306e-02	-1.453587e+01
1.098000e-05	6.789271e-02	-1.445104e+01
1.099000e-05	7.818669e-02	-1.428684e+01
1.100000e-05	8.634056e-02	-1.418003e+01
1.101000e-05	9.678000e-02	-1.404322e+01
1.102000e-05	1.075501e-01	-1.392575e+01
1.103000e-05	1.172994e-01	-1.376748e+01
1.104000e-05	1.266016e-01	-1.365419e+01
1.105000e-05	1.335669e-01	-1.349526e+01
1.106000e-05	1.379437e-01	-1.334740e+01
1.107000e-05	1.423157e-01	-1.321960e+01
1.108000e-05	1.374870e-01	-1.306216e+01
1.109000e-05	1.369848e-01	-1.295384e+01
1.110000e-05	1.275206e-01	-1.269747e+01
1.111000e-05	1.239232e-01	-1.258893e+01
1.112000e-05	1.150873e-01	-1.238001e+01
1.113000e-05	1.043942e-01	-1.223063e+01
1.114000e-05	9.535534e-02	-1.203161e+01
1.115000e-05	8.288337e-02	-1.184208e+01
1.116000e-05	7.625169e-02	-1.162304e+01
1.117000e-05	6.551355e-02	-1.141150e+01
1.118000e-05	6.041953e-02	-1.117848e+01
1.119000e-05	5.340996e-02	-1.094800e+01
1.120000e-05	4.724479e-02	-1.074947e+01
1.121000e-05	4.212554e-02	-1.059898e+01
1.122000e-05	3.562849e-02	-1.034990e+01
1.123000e-05	2.865473e-02	-1.014832e+01
1.124000e-05	2.353340e-02	-9.914351e+00
1.125000e-05	1.923742e-02	-9.726395e+00
1.126000e-05	1.934601e-02	-9.494214e+00
1.127000e-05	1.469686e-02	-9.242159e+00
1.128000e-05	1.192945e-02	-8.971485e+00
1.129000e-05	9.641014e-03	-8.790507e+00
1.130000e-05	8.346010e-03	-8.576871e+00
1.131000e-05	7.311840e-03	-8.285263e+00
1.132000e-05	4.138688e-03	-8.094091e+00
1.133000e-05	3.656198e-03	-7.761081e+00
1.134000e-05	1.114617e-03	-7.496921e+00
1.135000e-05	1.243976e-03	-7.214189e+00
1.136000e-05	-1.140203e-03	-7.021523e+00
1.137000e-05	3.471628e-04	-6.705869e+00
1.138000e-05	-9.873902e-04	-6.483462e+00
1.139000e-05	4.767720e-04	-6.211055e+00
1.140000e-05	-1.929787e-03	-5.905848e+00
1.141000e-05	-8.211263e-04	-5.691741e+00
1.142000e-05	-4.302030e-03	-5.338529e+00
1.143000e-05	-3.027820e-03	-5.074767e+00
1.144000e-05	-5.111710e-03	-4.728896e+00
1.145000e-05	-2.600773e-03	-4.435339e+00
1.146000e-05	-5.087809e-03	-4.232603e+00
1.147000e-05	-3.227419e-03	-3.978476e+00
1.148000e-05	-4.004898e-03	-3.675763e+00
1.149000e-05	-3.094978e-03	-3.401182e+00
1.150000e-05	-4.563339e-03	-3.116921e+00
1.151000e-05	-5.567580e-03	-2.801606e+00
1.152000e-05	-4.729912e-03	-2.539950e+00
1.153000e-05	-4.263746e-03	-2.234742e+00
1.154000e-05	-4.947622e-03	-1.970547e+00
1.155000e-05	-5.257648e-03	-1.726418e+00
1.156000e-05	-4.702191e-03	-1.351032e+00
1.157000e-05	-4.399505e-03	-1.034713e+00
1.158000e-05	-4.109790e-03	-8.210801e-01
1.159000e-05	-7.071567e-03	-4.852642e-01
1.160000e-05	-2.004713e-03	-2.326327e-01
1.161000e-05	1.201716e-03	2.395270e-02
1.162000e-05	6.101827e-03	3.853446e-01
1.163000e-05	-6.101662e-03	5.989976e-01
1.164000e-05	2.742901e-03	8.825566e-01
1.165000e-05	-3.701284e-03	1.235344e+00
1.166000e-05	1.456668e-03	1.442505e+00
1.167000e-05	-5.122681e-03	1.816870e+00
1.168000e-05	1.214879e-02	2.017370e+00
1.169000e-05	2.299639e-02	2.238625e+00
1.170000e-05	8.532859e-02	2.555237e+00
1.171000e-05	-4.581058e-02	2.901553e+00
1.172000e-05	-4.181914e-02	3.156394e+00
1.173000e-05	-3.171301e-02	3.461475e+00
1.174000e-05	-7.090095e-03	3.734712e+00
1.175000e-05	-2.933507e-02	4.025895e+00
1.176000e-05	-1.977693e-02	4.228452e+00
1.177000e-05	4.139453e-02	4.462052e+00
1.178000e-05	4.480591e-02	4.744761e+00
1.179000e-05	-1.119358e-01	5.046925e+00
1.180000e-05	1.578083e-01	5.304162e+00
1.181000e-05	-1.183107e-01	5.687502e+00
1.182000e-05	1.947793e-02	5.882157e+00
1.183000e-05	7.491452e-03	6.165240e+00
1.184000e-05	7.746653e-03	6.417921e+00
1.185000e-05	2.267481e-02	6.712058e+00
1.186000e-05	-6.536725e-02	6.937295e+00
1.187000e-05	3.606646e-02	7.260899e+00
1.188000e-05	-2.476608e-02	7.532113e+00
1.189000e-05	9.599684e-03	7.786371e+00
1.190000e-05	-7.772379e-03	8.110562e+00
1.191000e-05	-5.061463e-03	8.303738e+00
1.192000e-05	3.353240e-02	8.544265e+00
1.193000e-05	-4.279390e-02	8.767818e+00
1.194000e-05	1.011389e-02	8.998444e+00
1.195000e-05	-7.239203e-03	9.281000e+00
1.196000e-05	-7.508824e-03	9.500585e+00
1.197000e-05	1.472317e-03	9.713711e+00
1.198000e-05	-7.705695e-03	9.935268e+00
1.199000e-05	7.264772e-03	1.014679e+01
1.200000e-05	-2.387951e-02	1.037940e+01
1.201000e-05	4.350186e-03	1.061690e+01
1.202000e-05	-8.706274e-03	1.082048e+01
1.203000e-05	2.764472e-03	1.102895e+01
1.204000e-05	-1.042945e-02	1.127942e+01
1.205000e-05	-9.092770e-03	1.145108e+01
1.206000e-05	3.828616e-03	1.168163e+01
1.207000e-05	-1.035704e-02	1.186161e+01
1.208000e-05	-8.657700e-03	1.203353e+01
1.209000e-05	-8.980622e-03	1.224848e+01
1.210000e-05	7.880999e-03	1.243053e+01
1.211000e-05	-7.129810e-03	1.258795e+01
1.212000e-05	-1.330579e-02	1.274637e+01
1.213000e-05	-8.583411e-03	1.293472e+01
1.214000e-05	-4.640381e-03	1.311271e+01
1.215000e-05	-4.576279e-03	1.324161e+01
1.216000e-05	-1.194707e-02	1.337692e+01
1.217000e-05	-2.880491e-03	1.355430e+01
1.218000e-05	-6.995911e-03	1.372324e+01
1.219000e-05	-7.610732e-03	1.386943e+01
1.220000e-05	-8.895782e-03	1.397540e+01
1.221000e-05	-7.234534e-03	1.412582e+01
1.222000e-05	-7.269474e-03	1.428113e+01
1.223000e-05	-9.555007e-03	1.436803e+01
1.224000e-05	-4.803290e-03	1.447324e+01
1.225000e-05	-1.191398e-02	1.459855e+01
1.226000e-05	-1.179316e-02	1.469476e+01
1.227000e-05	-1.177379e-02	1.477745e+01
1.228000e-05	-5.374672e-03	1.490361e+01
1.229000e-05	-8.959638e-03	1.497641e+01
1.230000e-05	-1.009257e-02	1.504103e+01
1.231000e-05	-1.053302e-02	1.510430e+01
1.232000e-05	-1.044956e-02	1.520740e+01
1.233000e-05	-1.083853e-02	1.522203e+01
1.234000e-05	-1.322867e-02	1.528118e+01
1.235000e-05	-1.153362e-02	1.532634e+01
1.236000e-05	-1.277772e-02	1.538855e+01
1.237000e-05	-1.123201e-02	1.546098e+01
1.238000e-05	-1.347604e-02	1.549371e+01
1.239000e-05	-1.434647e-02	1.551217e+01
1.240000e-05	-1.337697e-02	1.555731e+01
1.241000e-05	-1.340245e-02	1.555534e+01
1.242000e-05	-1.341300e-02	1.552642e+01
1.243000e-05	-1.726937e-02	1.557888e+01
1.244000e-05	-1.714845e-02	1.556780e+01
1.245000e-05	-2.019828e-02	1.557691e+01
1.246000e-05	-2.100922e-02	1.553595e+01
1.247000e-05	-2.241572e-02	1.555480e+01
1.248000e-05	-2.243535e-02	1.555377e+01
1.249000e-05	-2.336822e-02	1.548329e+01
1.250000e-05	-2.701750e-02	1.550274e+01
1.251000e-05	-2.688684e-02	1.544048e+01
1.252000e-05	-3.006265e-02	1.537793e+01
1.253000e-05	-3.125592e-02	1.532585e+01
1.254000e-05	-3.471917e-02	1.525177e+01
1.255000e-05	-3.545393e-02	1.524066e+01
1.256000e-05	-3.976856e-02	1.512645e+01
1.257000e-05	-4.180228e-02	1.504319e+01
1.258000e-05	-4.535398e-02	1.500753e+01
1.259000e-05	-4.896143e-02	1.491777e+01
1.260000e-05	-5.367033e-02	1.483111e+01
1.261000e-05	-5.793981e-02	1.473840e+01
1.262000e-05	-6.290600e-02	1.465216e+01
1.263000e-05	-7.071401e-02	1.455943e+01
1.264000e-05	-7.773090e-02	1.446216e+01
1.265000e-05	-8.746355e-02	1.431732e+01
1.266000e-05	-9.571563e-02	1.422068e+01
1.267000e-05	-1.069453e-01	1.408329e+01
1.268000e-05	-1.168006e-01	1.395537e+01
1.269000e-05	-1.271242e-01	1.378851e+01
1.270000e-05	-1.353991e-01	1.364321e+01
1.271000e-05	-1.427163e-01	1.348280e+01
1.272000e-05	-1.475885e-01	1.334848e+01
1.273000e-05	-1.495110e-01	1.322216e+01
1.274000e-05	-1.470458e-01	1.309168e+01
1.275000e-05	-1.433599e-01	1.291582e+01
1.276000e-05	-1.351255e-01	1.272592e+01
1.277000e-05	-1.287621e-01	1.256805e+01
1.278000e-05	-1.185933e-01	1.238100e+01
1.279000e-05	-1.098258e-01	1.221063e+01
1.280000e-05	-1.000658e-01	1.204116e+01
1.281000e-05	-9.167540e-02	1.183218e+01
1.282000e-05	-8.179919e-02	1.164166e+01
1.283000e-05	-7.420394e-02	1.140116e+01
1.284000e-05	-6.706074e-02	1.116153e+01
1.285000e-05	-5.917528e-02	1.099946e+01
1.286000e-05	-5.270776e-02	1.076854e+01
1.287000e-05	-4.640632e-02	1.056901e+01
1.288000e-05	-4.258607e-02	1.030902e+01
1.289000e-05	-3.615687e-02	1.012945e+01
1.290000e-05	-3.292692e-02	9.916397e+00
1.291000e-05	-2.897264e-02	9.677317e+00
1.292000e-05	-2.712073e-02	9.453217e+00
1.293000e-05	-2.214643e-02	9.183661e+00
1.294000e-05	-2.099962e-02	9.013156e+00
1.295000e-05	-1.870749e-02	8.749505e+00
1.296000e-05	-1.705252e-02	8.517899e+00
1.297000e-05	-1.440455e-02	8.324790e+00
1.298000e-05	-1.353054e-02	8.032212e+00
1.299000e-05	-1.226150e-02	7.751002e+00
1.300000e-05	-1.084416e-02	7.497370e+00
1.301000e-05	-1.071307e-02	7.253236e+00
1.302000e-05	-1.006580e-02	6.968551e+00
1.303000e-05	-9.148428e-03	6.707372e+00
1.304000e-05	-8.327944e-03	6.402134e+00
1.305000e-05	-7.424902e-03	6.160628e+00
1.306000e-05	-7.874631e-03	5.938454e+00
1.307000e-05	-7.664615e-03	5.664764e+00
1.308000e-05	-7.413830e-03	5.390554e+00
1.309000e-05	-7.681093e-03	5.096214e+00
1.310000e-05	-6.842076e-03	4.748499e+00
1.311000e-05	-5.806561e-03	4.455343e+00
1.312000e-05	-6.246516e-03	4.182663e+00
1.313000e-05	-6.489737e-03	3.916421e+00
1.314000e-05	-6.524750e-03	3.643663e+00
1.315000e-05	-6.664797e-03	3.390002e+00
1.316000e-05	-5.858667e-03	3.105244e+00
1.317000e-05	-5.875000e-03	2.843083e+00
1.318000e-05	-5.105432e-03	2.489491e+00
1.319000e-05	-5.643397e-03	2.223633e+00
1.320000e-05	-5.538949e-03	1.989976e+00
1.321000e-05	-6.683696e-03	1.676243e+00
1.322000e-05	-5.618732e-03	1.379979e+00
1.323000e-05	-4.744148e-03	1.054163e+00
1.324000e-05	-4.231699e-03	7.175223e-01
1.325000e-05	-4.972529e-03	4.747367e-01
1.326000e-05	-4.017216e-03	1.400775e-01
1.327000e-05	1.632653e-03	-1.227069e-01
1.328000e-05	7.584386e-03	-3.662898e-01
1.329000e-05	-6.065665e-03	-6.420515e-01
1.330000e-05	4.162413e-03	-9.241368e-01
1.331000e-05	-4.992284e-03	-1.197372e+00
1.332000e-05	3.115413e-03	-1.522759e+00
1.333000e-05	-7.525014e-04	-1.755320e+00
1.334000e-05	2.549586e-02	-1.976841e+00
1.335000e-05	7.799049e-02	-2.227850e+00
1.336000e-05	5.474746e-03	-2.594313e+00
1.337000e-05	-7.383229e-02	-2.944232e+00
1.338000e-05	1.754898e-03	-3.303231e+00
1.339000e-05	-3.964746e-02	-3.534162e+00
1.340000e-05	-2.831078e-02	-3.786266e+00
1.341000e-05	-5.521037e-02	-4.019951e+00
1.342000e-05	1.888083e-01	-4.209428e+00
1.343000e-05	-1.327897e-01	-4.470478e+00
1.344000e-05	4.208971e-02	-4.764249e+00
1.345000e-05	8.874622e-02	-4.978798e+00
1.346000e-05	-1.537012e-01	-5.375220e+00
1.347000e-05	1.469747e-01	-5.639423e+00
1.348000e-05	-1.333662e-01	-5.892156e+00
1.349000e-05	1.185885e-01	-6.175819e+00
1.350000e-05	-3.319060e-03	-6.449049e+00
1.351000e-05	-8.130511e-02	-6.763713e+00
1.352000e-05	1.021613e-01	-6.977845e+00
1.353000e-05	-1.206634e-01	-7.284559e+00
1.354000e-05	1.051127e-01	-7.566218e+00
1.355000e-05	-7.069269e-02	-7.819349e+00
1.356000e-05	6.261407e-02	-8.122612e+00
1.357000e-05	2.547698e-02	-8.332685e+00
1.358000e-05	-8.731226e-02	-8.627893e+00
1.359000e-05	8.792236e-02	-8.819532e+00
1.360000e-05	-7.931783e-02	-9.070083e+00
1.361000e-05	7.953333e-02	-9.274111e+00
1.362000e-05	-6.507335e-02	-9.522686e+00
1.363000e-05	4.990780e-02	-9.757315e+00
1.364000e-05	-5.830371e-03	-9.976340e+00
1.365000e-05	-1.053092e-02	-1.022647e+01
1.366000e-05	1.476052e-02	-1.044892e+01
1.367000e-05	-2.642072e-02	-1.065955e+01
1.368000e-05	4.710450e-02	-1.085943e+01
1.369000e-05	-4.009560e-02	-1.106000e+01
1.370000e-05	3.921546e-02	-1.126951e+01
1.371000e-05	-2.435839e-02	-1.147053e+01
1.372000e-05	2.035017e-02	-1.171156e+01
1.373000e-05	-2.329779e-02	-1.191313e+01
1.374000e-05	2.200152e-02	-1.210266e+01
1.375000e-05	5.530510e-03	-1.232108e+01
1.376000e-05	4.730947e-03	-1.248148e+01
1.377000e-05	-7.725688e-03	-1.261745e+01
1.378000e-05	3.198757e-03	-1.282885e+01
1.379000e-05	1.013110e-02	-1.294682e+01
1.380000e-05	-6.905534e-03	-1.313529e+01
1.381000e-05	9.763092e-03	-1.327156e+01
1.382000e-05	-8.653867e-05	-1.341808e+01
1.383000e-05	1.299035e-02	-1.358635e+01
1.384000e-05	-1.100097e-02	-1.371324e+01
1.385000e-05	1.190513e-02	-1.387055e+01
1.386000e-05	-8.291213e-04	-1.400730e+01
1.387000e-05	8.392574e-03	-1.412574e+01
1.388000e-05	-2.545967e-03	-1.426050e+01
1.389000e-05	1.045920e-02	-1.439635e+01
1.390000e-05	1.128220e-03	-1.446159e+01
1.391000e-05	-3.419845e-04	-1.462792e+01
1.392000e-05	2.251740e-03	-1.470209e+01
1.393000e-05	8.230487e-03	-1.478747e+01
1.394000e-05	8.333693e-03	-1.489216e+01
1.395000e-05	2.135525e-03	-1.493587e+01
1.396000e-05	5.406606e-03	-1.504896e+01
1.397000e-05	3.707880e-03	-1.512221e+01
1.398000e-05	4.561836e-03	-1.519685e+01
1.399000e-05	3.648925e-03	-1.521953e+01
1.400000e-05	7.352176e-03	-1.530467e+01
1.401000e-05	7.008247e-03	-1.533687e+01
1.402000e-05	5.669149e-03	-1.540745e+01
1.403000e-05	5.767544e-03	-1.541955e+01
1.404000e-05	6.648376e-03	-1.545256e+01
1.405000e-05	8.212590e-03	-1.552269e+01
1.406000e-05	7.289840e-03	-1.547514e+01
1.407000e-05	9.906955e-03	-1.551647e+01
1.408000e-05	1.025214e-02	-1.555524e+01
1.409000e-05	1.134117e-02	-1.557685e+01
1.410000e-05	8.788845e-03	-1.553682e+01
1.411000e-05	1.188732e-02	-1.557637e+01
1.412000e-05	1.462078e-02	-1.552482e+01
1.413000e-05	1.555813e-02	-1.548525e+01
1.414000e-05	1.609820e-02	-1.548262e+01
1.415000e-05	1.868540e-02	-1.551219e+01
1.416000e-05	2.048457e-02	-1.542108e+01
1.417000e-05	1.936735e-02	-1.541900e+01
1.418000e-05	2.195282e-02	-1.536627e+01
1.419000e-05	2.549342e-02	-1.531534e+01
1.420000e-05	2.925976e-02	-1.521206e+01
1.421000e-05	2.880719e-02	-1.515890e+01
1.422000e-05	3.108854e-02	-1.514529e+01
1.423000e-05	3.496319e-02	-1.506166e+01
1.424000e-05	3.828559e-02	-1.497693e+01
1.425000e-05	4.108804e-02	-1.489572e+01
1.426000e-05	4.639317e-02	-1.482095e+01
1.427000e-05	5.205624e-02	-1.477732e+01
1.428000e-05	5.519281e-02	-1.464896e+01
1.429000e-05	6.206862e-02	-1.445637e+01
1.430000e-05	7.108149e-02	-1.444056e+01
1.431000e-05	8.080172e-02	-1.430371e+01
1.432000e-05	8.936524e-02	-1.415783e+01
1.433000e-05	9.910051e-02	-1.404166e+01
1.434000e-05	1.093962e-01	-1.387479e+01
1.435000e-05	1.194785e-01	-1.374738e+01
1.436000e-05	1.281568e-01	-1.362114e+01
1.437000e-05	1.349434e-01	-1.347419e+01
1.438000e-05	1.398961e-01	-1.333637e+01
1.439000e-05	1.413424e-01	-1.318945e+01
1.440000e-05	1.391388e-01	-1.298000e+01
1.441000e-05	1.342340e-01	-1.288324e+01
1.442000e-05	1.266806e-01	-1.270471e+01
1.443000e-05	1.195765e-01	-1.255737e+01
1.444000e-05	1.114700e-01	-1.235748e+01
1.445000e-05	1.013678e-01	-1.219892e+01
1.446000e-05	9.125328e-02	-1.203048e+01
1.447000e-05	8.263959e-02	-1.179053e+01
1.448000e-05	7.402580e-02	-1.156855e+01
1.449000e-05	6.473123e-02	-1.132680e+01
1.450000e-05	5.767025e-02	-1.115479e+01
1.451000e-05	5.168698e-02	-1.095662e+01
1.452000e-05	4.420872e-02	-1.072782e+01
1.453000e-05	3.819338e-02	-1.053487e+01
1.454000e-05	3.330070e-02	-1.029677e+01
1.455000e-05	2.844022e-02	-1.003379e+01
1.456000e-05	2.399942e-02	-9.853163e+00
1.457000e-05	2.017145e-02	-9.663112e+00
1.458000e-05	1.765843e-02	-9.431157e+00
1.459000e-05	1.408947e-02	-9.160051e+00
1.460000e-05	1.093651e-02	-8.956947e+00
1.461000e-05	9.146211e-03	-8.694868e+00
1.462000e-05	7.396881e-03	-8.466165e+00
1.463000e-05	5.215434e-03	-8.222580e+00
1.464000e-05	4.356855e-03	-8.009532e+00
1.465000e-05	4.041165e-03	-7.715823e+00
1.466000e-05	1.612411e-03	-7.402709e+00
1.467000e-05	1.064667e-03	-7.147025e+00
1.468000e-05	-2.560058e-04	-6.947342e+00
1.469000e-05	-3.333703e-05	-6.643666e+00
1.470000e-05	-1.846075e-03	-6.450055e+00
1.471000e-05	-7.183552e-04	-6.106447e+00
1.472000e-05	-1.606123e-03	-5.835187e+00
1.473000e-05	-1.586693e-03	-5.608051e+00
1.474000e-05	-3.621548e-03	-5.294266e+00
1.475000e-05	-2.631163e-03	-4.980458e+00
1.476000e-05	-3.564800e-03	-4.632159e+00
1.477000e-05	-2.620306e-03	-4.421080e+00
1.478000e-05	-4.093743e-03	-4.158978e+00
1.479000e-05	-3.462776e-03	-3.887243e+00
1.480000e-05	-3.725266e-03	-3.600575e+00
1.481000e-05	-5.330662e-03	-3.288901e+00
1.482000e-05	-4.431882e-03	-3.022790e+00
1.483000e-05	-4.748656e-03	-2.758471e+00
1.484000e-05	-4.029263e-03	-2.497313e+00
1.485000e-05	-4.928228e-03	-2.181105e+00
1.486000e-05	-3.904547e-03	-1.877319e+00
1.487000e-05	-4.646910e-03	-1.623157e+00
1.488000e-05	-4.360013e-03	-1.277394e+00
1.489000e-05	-5.340319e-03	-9.705788e-01
1.490000e-05	-4.186524e-03	-6.873971e-01
1.491000e-05	-5.451394e-03	-4.416051e-01
1.492000e-05	-3.113705e-03	-1.494196e-01
1.493000e-05	3.784104e-03	1.472867e-01
1.494000e-05	2.036316e-03	4.199763e-01
1.495000e-05	-2.163947e-03	6.631855e-01
1.496000e-05	2.073788e-03	9.572606e-01
1.497000e-05	-2.737899e-03	1.271030e+00
1.498000e-05	-1.871678e-03	1.576286e+00
1.499000e-05	-3.854105e-04	1.840002e+00
1.500000e-05	1.081691e-02	2.029100e+00
1.501000e-05	3.968027e-02	2.383611e+00
1.502000e-05	7.180291e-02	2.639942e+00
1.503000e-05	-7.275053e-02	2.964815e+00
1.504000e-05	-2.413637e-02	3.218928e+00
1.505000e-05	-3.697182e-02	3.544838e+00
1.506000e-05	6.451287e-04	3.796894e+00
1.507000e-05	-4.065014e-02	4.019976e+00
1.508000e-05	-2.423493e-03	4.249507e+00
1.509000e-05	6.068053e-02	4.512184e+00
1.510000e-05	-9.118912e-03	4.827896e+00
1.511000e-05	-5.733967e-02	5.104611e+00
1.512000e-05	1.383276e-01	5.405870e+00
1.513000e-05	-1.483365e-01	5.692628e+00
1.514000e-05	6.569962e-02	5.975270e+00
1.515000e-05	-2.656453e-02	6.228925e+00
1.516000e-05	3.413012e-02	6.462500e+00
1.517000e-05	-8.736576e-03	6.765767e+00
1.518000e-05	-4.892665e-02	7.058574e+00
1.519000e-05	4.813202e-02	7.322682e+00
1.520000e-05	-4.318921e-02	7.596341e+00
1.521000e-05	2.851994e-02	7.862004e+00
1.522000e-05	-3.420924e-02	8.154667e+00
1.523000e-05	2.736397e-02	8.395845e+00
1.524000e-05	8.933665e-03	8.589373e+00
1.525000e-05	-3.946842e-02	8.860050e+00
1.526000e-05	2.035980e-02	9.120634e+00
1.527000e-05	-2.100385e-02	9.334164e+00
1.528000e-05	1.023218e-02	9.553767e+00
1.529000e-05	-1.658139e-02	9.767321e+00
1.530000e-05	1.064610e-02	1.007892e+01
1.531000e-05	-1.443455e-02	1.019097e+01
1.532000e-05	-9.311641e-03	1.046043e+01
1.533000e-05	-2.897396e-03	1.068013e+01
1.534000e-05	-2.162497e-03	1.089115e+01
1.535000e-05	-4.787887e-04	1.109103e+01
1.536000e-05	-1.243597e-02	1.128163e+01
1.537000e-05	-1.584484e-03	1.149076e+01
1.538000e-05	-3.166906e-03	1.174372e+01
1.539000e-05	-6.823852e-03	1.191474e+01
1.540000e-05	-1.445875e-02	1.211516e+01
1.541000e-05	2.522811e-03	1.226213e+01
1.542000e-05	1.677757e-03	1.246266e+01
1.543000e-05	-6.124921e-03	1.263153e+01
1.544000e-05	-1.594390e-02	1.279896e+01
1.545000e-05	-3.789384e-03	1.297532e+01
1.546000e-05	-3.907324e-03	1.317484e+01
1.547000e-05	-7.533306e-03	1.331269e+01
1.548000e-05	-9.115588e-03	1.348903e+01
1.549000e-05	-4.737798e-03	1.359888e+01
1.550000e-05	-5.023601e-03	1.375476e+01
1.551000e-05	-1.066679e-02	1.387064e+01
1.552000e-05	-5.686016e-03	1.403852e+01
1.553000e-05	-7.925012e-03	1.419840e+01
1.554000e-05	-6.652303e-03	1.429316e+01
1.555000e-05	-1.012554e-02	1.439008e+01
1.556000e-05	-6.161612e-03	1.454634e+01
1.557000e-05	-1.128107e-02	1.463848e+01
1.558000e-05	-1.218390e-02	1.474384e+01
1.559000e-05	-7.929711e-03	1.485961e+01
1.560000e-05	-6.684989e-03	1.492371e+01
1.561000e-05	-7.544035e-03	1.493640e+01
1.562000e-05	-1.207455e-02	1.506064e+01
1.563000e-05	-9.456882e-03	1.513579e+01
1.564000e-05	-1.070756e-02	1.517886e+01
1.565000e-05	-1.062401e-02	1.526158e+01
1.566000e-05	-1.330514e-02	1.530424e+01
1.567000e-05	-1.200043e-02	1.535790e+01
1.568000e-05	-1.202097e-02	1.535851e+01
1.569000e-05	-1.286897e-02	1.544168e+01
1.570000e-05	-1.314599e-02	1.548468e+01
1.571000e-05	-1.430075e-02	1.552571e+01
1.572000e-05	-1.224285e-02	1.557432e+01
1.573000e-05	-1.380824e-02	1.553630e+01
1.574000e-05	-1.327775e-02	1.557737e+01
1.575000e-05	-1.811489e-02	1.559687e+01
1.576000e-05	-1.877381e-02	1.559790e+01
1.577000e-05	-1.985003e-02	1.553840e+01
1.578000e-05	-2.112408e-02	1.558784e+01
1.579000e-05	-2.163098e-02	1.555584e+01
1.580000e-05	-2.402556e-02	1.554424e+01
1.581000e-05	-2.511472e-02	1.548219e+01
1.582000e-05	-2.635683e-02	1.547164e+01
1.583000e-05	-2.713053e-02	1.539008e+01
1.584000e-05	-3.045702e-02	1.534853e+01
1.585000e-05	-3.221643e-02	1.527629e+01
1.586000e-05	-3.377258e-02	1.527264e+01
1.587000e-05	-3.727879e-02	1.517895e+01
1.588000e-05	-4.010699e-02	1.510727e+01
1.589000e-05	-4.335102e-02	1.506264e+01
1.590000e-05	-4.538716e-02	1.498900e+01
1.591000e-05	-4.988411e-02	1.489430e+01
1.592000e-05	-5.403761e-02	1.480958e+01
1.593000e-05	-6.039484e-02	1.471627e+01
1.594000e-05	-6.434484e-02	1.466161e+01
1.595000e-05	-7.336687e-02	1.451429e+01
1.596000e-05	-7.980880e-02	1.447208e+01
1.597000e-05	-8.956136e-02	1.429582e+01
1.598000e-05	-9.776870e-02	1.416850e+01
1.599000e-05	-1.102989e-01	1.403516e+01
1.600000e-05	-1.186469e-01	1.387474e+01
1.601000e-05	-1.296805e-01	1.372840e+01
1.602000e-05	-1.379320e-01	1.360058e+01
1.603000e-05	-1.450013e-01	1.347171e+01
1.604000e-05	-1.472378e-01	1.328582e+01
1.605000e-05	-1.484167e-01	1.318793e+01
1.606000e-05	-1.453654e-01	1.302013e+01
1.607000e-05	-1.413588e-01	1.281366e+01
1.608000e-05	-1.338657e-01	1.269571e+01
1.609000e-05	-1.267558e-01	1.253787e+01
1.610000e-05	-1.160820e-01	1.235990e+01
1.611000e-05	-1.070825e-01	1.216942e+01
1.612000e-05	-9.728675e-02	1.202858e+01
1.613000e-05	-8.916645e-02	1.179000e+01
1.614000e-05	-8.029872e-02	1.157053e+01
1.615000e-05	-7.285696e-02	1.134993e+01
1.616000e-05	-6.477705e-02	1.114555e+01
1.617000e-05	-5.745341e-02	1.094840e+01
1.618000e-05	-5.064027e-02	1.075637e+01
1.619000e-05	-4.533042e-02	1.054688e+01
1.620000e-05	-4.131690e-02	1.027642e+01
1.621000e-05	-3.534724e-02	1.009632e+01
1.622000e-05	-3.172918e-02	9.853737e+00
1.623000e-05	-2.824579e-02	9.612211e+00
1.624000e-05	-2.502216e-02	9.380129e+00
1.625000e-05	-2.271647e-02	9.179504e+00
1.626000e-05	-1.999215e-02	8.957376e+00
1.627000e-05	-1.959868e-02	8.677292e+00
1.628000e-05	-1.585939e-02	8.445340e+00
1.629000e-05	-1.408564e-02	8.222207e+00
1.630000e-05	-1.227334e-02	7.959530e+00
1.631000e-05	-1.171424e-02	7.705868e+00
1.632000e-05	-1.117206e-02	7.432762e+00
1.633000e-05	-1.098486e-02	7.198976e+00
1.634000e-05	-8.525067e-03	6.927967e+00
1.635000e-05	-9.079448e-03	6.655186e+00
1.636000e-05	-7.806847e-03	6.370604e+00
1.637000e-05	-8.410984e-03	6.117922e+00
1.638000e-05	-8.219662e-03	5.854264e+00
1.639000e-05	-7.002109e-03	5.608551e+00
1.640000e-05	-7.568515e-03	5.326395e+00
1.641000e-05	-7.037592e-03	4.940004e+00
1.642000e-05	-6.638569e-03	4.682311e+00
1.643000e-05	-5.930351e-03	4.411634e+00
1.644000e-05	-6.330451e-03	4.207922e+00
1.645000e-05	-6.696054e-03	3.835663e+00
1.646000e-05	-6.145027e-03	3.571103e+00
1.647000e-05	-5.920984e-03	3.277366e+00
1.648000e-05	-5.577997e-03	3.002182e+00
1.649000e-05	-6.338463e-03	2.729050e+00
1.650000e-05	-5.759747e-03	2.474261e+00
1.651000e-05	-6.684387e-03	2.158999e+00
1.652000e-05	-6.668210e-03	1.907795e+00
1.653000e-05	-6.381664e-03	1.601581e+00
1.654000e-05	-5.067899e-03	1.286341e+00
1.655000e-05	-4.263683e-03	9.390486e-01
1.656000e-05	-4.247160e-03	6.642619e-01
1.657000e-05	-3.295863e-03	4.020513e-01
1.658000e-05	-1.672852e-03	5.629172e-02
1.659000e-05	3.430041e-03	-1.968198e-01
1.660000e-05	1.736164e-03	-4.089749e-01
1.661000e-05	-4.878265e-03	-7.636094e-01
1.662000e-05	2.780894e-04	-9.978885e-01
1.663000e-05	-4.399313e-03	-1.230625e+00
1.664000e-05	-1.216716e-03	-1.586266e+00
1.665000e-05	7.083025e-03	-1.788397e+00
1.666000e-05	3.164209e-02	-2.017476e+00
1.667000e-05	9.651749e-02	-2.333207e+00
1.668000e-05	-5.336709e-02	-2.681973e+00
1.669000e-05	-3.222523e-02	-3.068346e+00
1.670000e-05	-2.747488e-02	-3.374113e+00
1.671000e-05	-1.595820e-02	-3.595319e+00
1.672000e-05	-6.410108e-02	-3.858954e+00
1.673000e-05	1.674337e-02	-4.092083e+00
1.674000e-05	1.574360e-01	-4.231004e+00
1.675000e-05	-1.777445e-01	-4.525713e+00
1.676000e-05	1.445475e-01	-4.837050e+00
1.677000e-05	-2.539560e-02	-5.112633e+00
1.678000e-05	-7.229319e-02	-5.409954e+00
1.679000e-05	1.016166e-01	-5.740630e+00
1.680000e-05	-1.288270e-01	-5.966818e+00
1.681000e-05	1.609215e-01	-6.308052e+00
1.682000e-05	-8.870010e-02	-6.514132e+00
1.683000e-05	-3.592444e-03	-6.777369e+00
1.684000e-05	4.947196e-02	-7.069955e+00
1.685000e-05	-9.626668e-02	-7.364716e+00
1.686000e-05	1.173301e-01	-7.598322e+00
1.687000e-05	-1.081576e-01	-7.891079e+00
1.688000e-05	1.267819e-01	-8.155767e+00
1.689000e-05	-6.220950e-02	-8.376374e+00
1.690000e-05	-1.250591e-02	-8.659425e+00
1.691000e-05	4.331594e-02	-8.903108e+00
1.692000e-05	-5.676306e-02	-9.164238e+00
1.693000e-05	7.514671e-02	-9.344165e+00
1.694000e-05	-7.991291e-02	-9.577370e+00
1.695000e-05	8.277028e-02	-9.807876e+00
1.696000e-05	-5.068840e-02	-1.000948e+01
1.697000e-05	3.103944e-02	-1.025955e+01
1.698000e-05	-2.139190e-02	-1.047261e+01
1.699000e-05	1.057634e-02	-1.070261e+01
1.700000e-05	1.777581e-02	-1.089353e+01
1.701000e-05	-2.487419e-02	-1.115264e+01
1.702000e-05	3.253631e-02	-1.131216e+01
1.703000e-05	-2.553964e-02	-1.156519e+01
1.704000e-05	2.445345e-02	-1.174381e+01
1.705000e-05	-3.008532e-02	-1.196377e+01
1.706000e-05	3.736444e-02	-1.215586e+01
1.707000e-05	-7.125091e-03	-1.232316e+01
1.708000e-05	1.257054e-02	-1.250359e+01
1.709000e-05	-1.596661e-02	-1.266016e+01
1.710000e-05	1.221920e-02	-1.284005e+01
1.711000e-05	-7.194007e-04	-1.300788e+01
1.712000e-05	5.841637e-04	-1.319580e+01
1.713000e-05	5.861157e-03	-1.328274e+01
1.714000e-05	5.924104e-03	-1.346108e+01
1.715000e-05	6.936567e-03	-1.358890e+01
1.716000e-05	-5.935451e-03	-1.376619e+01
1.717000e-05	1.103351e-02	-1.392214e+01
1.718000e-05	4.487747e-04	-1.402700e+01
1.719000e-05	6.312088e-03	-1.417689e+01
1.720000e-05	-6.210737e-04	-1.429056e+01
1.721000e-05	1.061070e-02	-1.444199e+01
1.722000e-05	-5.804100e-05	-1.449419e+01
1.723000e-05	3.791681e-04	-1.462845e+01
1.724000e-05	3.534409e-03	-1.473472e+01
1.725000e-05	8.475319e-03	-1.482901e+01
1.726000e-05	8.673921e-03	-1.489169e+01
1.727000e-05	3.431654e-03	-1.496593e+01
1.728000e-05	4.964617e-03	-1.509106e+01
1.729000e-05	3.806126e-03	-1.511326e+01
1.730000e-05	5.182611e-03	-1.521047e+01
1.731000e-05	4.699878e-03	-1.524108e+01
1.732000e-05	6.472422e-03	-1.527531e+01
1.733000e-05	6.717561e-03	-1.533595e+01
1.734000e-05	5.559500e-03	-1.546800e+01
1.735000e-05	6.919687e-03	-1.548006e+01
1.736000e-05	6.595074e-03	-1.546109e+01
1.737000e-05	9.645171e-03	-1.552266e+01
1.738000e-05	8.041842e-03	-1.551422e+01
1.739000e-05	8.361389e-03	-1.553574e+01
1.740000e-05	1.016748e-02	-1.553735e+01
1.741000e-05	1.034013e-02	-1.555630e+01
1.742000e-05	9.524390e-03	-1.555587e+01
1.743000e-05	1.114040e-02	-1.555632e+01
1.744000e-05	1.591650e-02	-1.553435e+01
1.745000e-05	1.765149e-02	-1.556330e+01
1.746000e-05	1.735895e-02	-1.550369e+01
1.747000e-05	1.859987e-02	-1.548164e+01
1.748000e-05	1.952049e-02	-1.541001e+01
1.749000e-05	2.056868e-02	-1.539655e+01
1.750000e-05	2.255550e-02	-1.537680e+01
1.751000e-05	2.700588e-02	-1.530422e+01
1.752000e-05	2.784539e-02	-1.523003e+01
1.753000e-05	2.899251e-02	-1.516638e+01
1.754000e-05	3.153185e-02	-1.512212e+01
1.755000e-05	3.656758e-02	-1.501961e+01
1.756000e-05	3.873006e-02	-1.492690e+01
1.757000e-05	4.189816e-02	-1.488364e+01
1.758000e-05	4.856635e-02	-1.479950e+01
1.759000e-05	5.301488e-02	-1.470487e+01
1.760000e-05	5.793566e-02	-1.460956e+01
1.761000e-05	6.379126e-02	-1.451519e+01
1.762000e-05	7.280209e-02	-1.442798e+01
1.763000e-05	8.190347e-02	-1.427221e+01
1.764000e-05	9.177707e-02	-1.413640e+01
1.765000e-05	1.018226e-01	-1.398959e+01
1.766000e-05	1.123555e-01	-1.386161e+01
1.767000e-05	1.214750e-01	-1.372735e+01
1.768000e-05	1.296344e-01	-1.356898e+01
1.769000e-05	1.360359e-01	-1.343108e+01
1.770000e-05	1.405526e-01	-1.328319e+01
1.771000e-05	1.401868e-01	-1.313737e+01
1.772000e-05	1.373763e-01	-1.294938e+01
1.773000e-05	1.325741e-01	-1.284056e+01
1.774000e-05	1.263300e-01	-1.266216e+01
1.775000e-05	1.178026e-01	-1.246675e+01
1.776000e-05	1.091245e-01	-1.229284e+01
1.777000e-05	9.843397e-02	-1.215740e+01
1.778000e-05	8.991327e-02	-1.191738e+01
1.779000e-05	8.042823e-02	-1.172583e+01
1.780000e-05	7.127978e-02	-1.150482e+01
1.781000e-05	6.312515e-02	-1.128324e+01
1.782000e-05	5.627236e-02	-1.105271e+01
1.783000e-05	4.980792e-02	-1.086272e+01
1.784000e-05	4.288578e-02	-1.065424e+01
1.785000e-05	3.690093e-02	-1.046419e+01
1.786000e-05	3.162075e-02	-1.025116e+01
1.787000e-05	2.713256e-02	-1.002006e+01
1.788000e-05	2.268585e-02	-9.790503e+00
1.789000e-05	1.978003e-02	-9.620533e+00
1.790000e-05	1.617025e-02	-9.396498e+00
1.791000e-05	1.412809e-02	-9.117846e+00
1.792000e-05	1.101919e-02	-8.906317e+00
1.793000e-05	8.314644e-03	-8.634837e+00
1.794000e-05	6.221814e-03	-8.389032e+00
1.795000e-05	4.391198e-03	-8.138504e+00
1.796000e-05	4.313280e-03	-7.926420e+00
1.797000e-05	3.131682e-03	-7.662185e+00
1.798000e-05	1.899963e-03	-7.360024e+00
1.799000e-05	5.714329e-04	-7.098296e+00
1.800000e-05	1.263066e-03	-6.813760e+00
1.801000e-05	-5.692794e-04	-6.579526e+00
1.802000e-05	-1.127188e-03	-6.327371e+00
1.803000e-05	-2.750236e-03	-6.043212e+00
1.804000e-05	-8.815823e-04	-5.761603e+00
1.805000e-05	-1.971322e-03	-5.457918e+00
1.806000e-05	-3.139777e-03	-5.152483e+00
1.807000e-05	-3.246046e-03	-4.896421e+00
1.808000e-05	-3.260172e-03	-4.560503e+00
1.809000e-05	-2.729929e-03	-4.338425e+00
1.810000e-05	-3.485133e-03	-4.106241e+00
1.811000e-05	-3.672607e-03	-3.815657e+00
1.812000e-05	-3.599341e-03	-3.546924e+00
1.813000e-05	-5.073011e-03	-3.294813e+00
1.814000e-05	-3.912126e-03	-2.970046e+00
1.815000e-05	-5.671538e-03	-2.654816e+00
1.816000e-05	-2.608560e-03	-2.403156e+00
1.817000e-05	-5.184627e-03	-2.087316e+00
1.818000e-05	-4.013345e-03	-1.832161e+00
1.819000e-05	-5.776001e-03	-1.600050e+00
1.820000e-05	-3.784602e-03	-1.192131e+00
1.821000e-05	-5.427709e-03	-9.279208e-01
1.822000e-05	-4.714159e-03	-5.920806e-01
1.823000e-05	-4.455824e-03	-3.384223e-01
1.824000e-05	-2.493679e-03	-3.576059e-02
1.825000e-05	6.356969e-03	2.305299e-01
1.826000e-05	-4.705994e-03	5.031793e-01
1.827000e-05	1.716144e-03	7.557374e-01
1.828000e-05	-2.342482e-03	1.039024e+00
1.829000e-05	3.556730e-04	1.325258e+00
1.830000e-05	-5.089388e-03	1.619048e+00
1.831000e-05	7.128881e-03	1.915760e+00
1.832000e-05	1.098157e-02	2.104186e+00
1.833000e-05	6.056476e-02	2.376266e+00
1.834000e-05	3.895915e-02	2.694162e+00
1.835000e-05	-7.716104e-02	3.041024e+00
1.836000e-05	-1.839262e-02	3.305736e+00
1.837000e-05	-3.343716e-02	3.597948e+00
1.838000e-05	-2.620719e-03	3.860605e+00
1.839000e-05	-4.296311e-02	4.052084e+00
1.840000e-05	1.160748e-02	4.344242e+00
1.841000e-05	7.408756e-02	4.587293e+00
1.842000e-05	-7.163954e-02	4.914054e+00
1.843000e-05	3.330004e-02	5.165393e+00
1.844000e-05	6.217557e-02	5.470998e+00
1.845000e-05	-1.205576e-01	5.736912e+00
1.846000e-05	7.237686e-02	6.019501e+00
1.847000e-05	-3.495147e-02	6.303154e+00
1.848000e-05	4.834776e-02	6.533687e+00
1.849000e-05	-3.886193e-02	6.819370e+00
1.850000e-05	-2.313846e-02	7.113137e+00
1.851000e-05	3.412209e-02	7.376417e+00
1.852000e-05	-4.029451e-02	7.670029e+00
1.853000e-05	3.480886e-02	7.914212e+00
1.854000e-05	-4.346230e-02	8.209899e+00
1.855000e-05	4.492500e-02	8.399450e+00
1.856000e-05	-1.791830e-02	8.640553e+00
1.857000e-05	-2.467230e-02	8.924212e+00
1.858000e-05	1.983860e-02	9.143763e+00
1.859000e-05	-2.721782e-02	9.355796e+00
1.860000e-05	1.856263e-02	9.638495e+00
1.861000e-05	-2.741238e-02	9.878474e+00
1.862000e-05	2.421458e-02	1.005208e+01
1.863000e-05	-2.819183e-02	1.026058e+01
1.864000e-05	3.591979e-03	1.047271e+01
1.865000e-05	-1.256948e-02	1.073364e+01
1.866000e-05	2.169665e-03	1.093474e+01
1.867000e-05	-2.470730e-03	1.112267e+01
1.868000e-05	-1.448684e-02	1.136629e+01
1.869000e-05	4.517583e-03	1.156784e+01
1.870000e-05	-9.325310e-03	1.176682e+01
1.871000e-05	-1.019465e-03	1.198730e+01
1.872000e-05	-1.857520e-02	1.217432e+01
1.873000e-05	8.815346e-03	1.235516e+01
1.874000e-05	-6.167162e-03	1.250429e+01
1.875000e-05	-6.015434e-03	1.271119e+01
1.876000e-05	-1.664659e-02	1.282100e+01
1.877000e-05	-1.954462e-03	1.303695e+01
1.878000e-05	-4.546447e-03	1.317830e+01
1.879000e-05	-9.993451e-03	1.332484e+01
1.880000e-05	-4.747436e-03	1.353156e+01
1.881000e-05	-6.165981e-03	1.364006e+01
1.882000e-05	-3.319351e-03	1.377632e+01
1.883000e-05	-1.258815e-02	1.391224e+01
1.884000e-05	-4.567003e-03	1.404151e+01
1.885000e-05	-9.325771e-03	1.418845e+01
1.886000e-05	-7.679488e-03	1.435424e+01
1.887000e-05	-8.117772e-03	1.445058e+01
1.888000e-05	-7.370720e-03	1.454542e+01
1.889000e-05	-1.036246e-02	1.466308e+01
1.890000e-05	-1.332777e-02	1.477532e+01
1.891000e-05	-5.545650e-03	1.485003e+01
1.892000e-05	-9.007604e-03	1.490419e+01
1.893000e-05	-7.487800e-03	1.502845e+01
1.894000e-05	-1.350022e-02	1.510213e+01
1.895000e-05	-8.175891e-03	1.511524e+01
1.896000e-05	-1.057162e-02	1.520850e+01
1.897000e-05	-1.216798e-02	1.527266e+01
1.898000e-05	-1.244334e-02	1.532634e+01
1.899000e-05	-1.241575e-02	1.536750e+01
1.900000e-05	-9.804150e-03	1.542001e+01
1.901000e-05	-1.406711e-02	1.550201e+01
1.902000e-05	-1.327097e-02	1.550119e+01
1.903000e-05	-1.490685e-02	1.552472e+01
1.904000e-05	-1.203207e-02	1.551525e+01
1.905000e-05	-1.446902e-02	1.556880e+01
1.906000e-05	-1.583760e-02	1.557690e+01
1.907000e-05	-1.828561e-02	1.559842e+01
1.908000e-05	-1.831766e-02	1.559782e+01
1.909000e-05	-2.011210e-02	1.556700e+01
1.910000e-05	-2.212803e-02	1.556730e+01
1.911000e-05	-2.107937e-02	1.556580e+01
1.912000e-05	-2.386919e-02	1.552369e+01
1.913000e-05	-2.538243e-02	1.548219e+01
1.914000e-05	-2.690808e-02	1.547111e+01
1.915000e-05	-2.815025e-02	1.539956e+01
1.916000e-05	-3.068191e-02	1.535642e+01
1.917000e-05	-3.353893e-02	1.531379e+01
1.918000e-05	-3.394511e-02	1.527213e+01
1.919000e-05	-3.800058e-02	1.517798e+01
1.920000e-05	-4.093734e-02	1.511482e+01
1.921000e-05	-4.481618e-02	1.504814e+01
1.922000e-05	-4.620159e-02	1.493692e+01
1.923000e-05	-5.203799e-02	1.488469e+01
1.924000e-05	-5.455582e-02	1.479003e+01
1.925000e-05	-6.066259e-02	1.470484e+01
1.926000e-05	-6.605662e-02	1.455903e+01
1.927000e-05	-7.623462e-02	1.447524e+01
1.928000e-05	-8.256238e-02	1.436958e+01
1.929000e-05	-9.119597e-02	1.428319e+01
1.930000e-05	-1.002244e-01	1.411640e+01
1.931000e-05	-1.119638e-01	1.401048e+01
1.932000e-05	-1.214127e-01	1.389269e+01
1.933000e-05	-1.313371e-01	1.372585e+01
1.934000e-05	-1.399203e-01	1.357850e+01
1.935000e-05	-1.469124e-01	1.341113e+01
1.936000e-05	-1.484961e-01	1.330529e+01
1.937000e-05	-1.479160e-01	1.309590e+01
1.938000e-05	-1.441925e-01	1.296848e+01
1.939000e-05	-1.396970e-01	1.281161e+01
1.940000e-05	-1.321362e-01	1.264373e+01
1.941000e-05	-1.243216e-01	1.247564e+01
1.942000e-05	-1.141655e-01	1.232532e+01
1.943000e-05	-1.043802e-01	1.216579e+01
1.944000e-05	-9.435370e-02	1.189544e+01
1.945000e-05	-8.757094e-02	1.172690e+01
1.946000e-05	-7.882223e-02	1.152735e+01
1.947000e-05	-7.071056e-02	1.128634e+01
1.948000e-05	-6.175316e-02	1.108472e+01
1.949000e-05	-5.616385e-02	1.090389e+01
1.950000e-05	-4.988903e-02	1.068429e+01
1.951000e-05	-4.398030e-02	1.046226e+01
1.952000e-05	-3.943794e-02	1.024376e+01
1.953000e-05	-3.535983e-02	1.003171e+01
1.954000e-05	-3.120897e-02	9.803529e+00
1.955000e-05	-2.829266e-02	9.570478e+00
1.956000e-05	-2.410152e-02	9.337446e+00
1.957000e-05	-2.194949e-02	9.135346e+00
1.958000e-05	-1.893775e-02	8.863720e+00
1.959000e-05	-1.790225e-02	8.651211e+00
1.960000e-05	-1.627201e-02	8.410558e+00
1.961000e-05	-1.495116e-02	8.159153e+00
1.962000e-05	-1.189112e-02	7.897793e+00
1.963000e-05	-1.172057e-02	7.674711e+00
1.964000e-05	-1.159804e-02	7.359080e+00
1.965000e-05	-1.052118e-02	7.066316e+00
1.966000e-05	-8.596684e-03	6.842691e+00
1.967000e-05	-9.018490e-03	6.571132e+00
1.968000e-05	-9.092476e-03	6.296872e+00
1.969000e-05	-7.798891e-03	6.074764e+00
1.970000e-05	-8.074062e-03	5.791130e+00
1.971000e-05	-7.216155e-03	5.530421e+00
1.972000e-05	-7.453182e-03	5.274632e+00
1.973000e-05	-7.153497e-03	4.875242e+00
1.974000e-05	-6.652141e-03	4.592033e+00
1.975000e-05	-6.620428e-03	4.359001e+00
1.976000e-05	-5.504228e-03	4.043166e+00
1.977000e-05	-6.611680e-03	3.749555e+00
1.978000e-05	-6.490217e-03	3.589420e+00
1.979000e-05	-6.324761e-03	3.222204e+00
1.980000e-05	-5.495797e-03	2.938071e+00
1.981000e-05	-6.194300e-03	2.696791e+00
1.982000e-05	-5.943272e-03	2.369499e+00
1.983000e-05	-5.902983e-03	2.055838e+00
1.984000e-05	-5.422597e-03	1.812183e+00
1.985000e-05	-5.963709e-03	1.528317e+00
1.986000e-05	-5.483546e-03	1.183029e+00
1.987000e-05	-5.078035e-03	8.463156e-01
1.988000e-05	-4.526780e-03	5.715816e-01
1.989000e-05	-3.888952e-03	3.079472e-01
1.990000e-05	-3.060826e-03	3.418014e-02
1.991000e-05	6.203030e-03	-2.405500e-01
1.992000e-05	-2.522789e-03	-4.916278e-01
1.993000e-05	1.781540e-03	-7.884447e-01
1.994000e-05	-1.923190e-03	-1.030003e+00
1.995000e-05	3.799927e-04	-1.374164e+00
1.996000e-05	-4.553590e-03	-1.650926e+00
1.997000e-05	1.436864e-02	-1.862558e+00
1.998000e-05	3.888307e-02	-2.093531e+00
1.999000e-05	9.130425e-02	-2.375771e+00
2.000000e-05	-9.302075e-02	-2.785215e+00
2.001000e-05	3.131402e-03	-3.143296e+00
2.002000e-05	-4.841373e-02	-3.398447e+00
2.003000e-05	3.593160e-03	-3.660501e+00
2.004000e-05	-9.171994e-02	-3.942759e+00
2.005000e-05	9.828419e-02	-4.105237e+00
2.006000e-05	7.123226e-02	-4.314158e+00
2.007000e-05	-1.545259e-01	-4.619398e+00
2.008000e-05	1.828838e-01	-4.892134e+00
2.009000e-05	-1.294064e-01	-5.208267e+00
2.010000e-05	3.640333e-02	-5.512188e+00
2.011000e-05	1.268785e-02	-5.744291e+00
2.012000e-05	-6.127461e-02	-6.040475e+00
2.013000e-05	1.468608e-01	-6.334236e+00
2.014000e-05	-1.353952e-01	-6.585896e+00
2.015000e-05	6.648397e-02	-6.840580e+00
2.016000e-05	-2.499129e-02	-7.145140e+00
2.017000e-05	-2.831014e-02	-7.418422e+00
2.018000e-05	7.814488e-02	-7.682083e+00
2.019000e-05	-8.970785e-02	-7.997312e+00
2.020000e-05	1.393115e-01	-8.239420e+00
2.021000e-05	-1.222582e-01	-8.431030e+00
2.022000e-05	5.783935e-02	-8.723711e+00
2.023000e-05	-1.688915e-02	-8.924741e+00
2.024000e-05	-4.711038e-03	-9.216317e+00
2.025000e-05	3.611674e-02	-9.417848e+00
2.026000e-05	-5.429285e-02	-9.659978e+00
2.027000e-05	7.858574e-02	-9.871110e+00
2.028000e-05	-6.806957e-02	-1.007053e+01
2.029000e-05	5.271982e-02	-1.033369e+01
2.030000e-05	-4.602502e-02	-1.052484e+01
2.031000e-05	4.320574e-02	-1.076574e+01
2.032000e-05	-1.508219e-02	-1.095524e+01
2.033000e-05	2.620980e-03	-1.117482e+01
2.034000e-05	1.293210e-02	-1.134574e+01
2.035000e-05	-1.323595e-02	-1.161838e+01
2.036000e-05	1.282221e-02	-1.178647e+01
2.037000e-05	-2.202476e-02	-1.200990e+01
2.038000e-05	3.707926e-02	-1.215740e+01
2.039000e-05	-1.253981e-02	-1.237785e+01
2.040000e-05	1.353717e-02	-1.253532e+01
2.041000e-05	-1.747588e-02	-1.272274e+01
2.042000e-05	1.746547e-02	-1.288316e+01
2.043000e-05	-8.781261e-03	-1.299850e+01
2.044000e-05	6.945834e-03	-1.321940e+01
2.045000e-05	2.568955e-03	-1.334574e+01
2.046000e-05	1.001367e-02	-1.355414e+01
2.047000e-05	-1.035478e-05	-1.364052e+01
2.048000e-05	-3.230378e-04	-1.379895e+01
2.049000e-05	8.377193e-03	-1.392577e+01
2.050000e-05	2.387196e-03	-1.408001e+01
2.051000e-05	3.661936e-03	-1.419842e+01
2.052000e-05	2.972113e-03	-1.435409e+01
2.053000e-05	7.828145e-03	-1.443298e+01
2.054000e-05	-1.318280e-03	-1.452530e+01
2.055000e-05	1.000045e-03	-1.467153e+01
2.056000e-05	4.526777e-03	-1.474522e+01
2.057000e-05	8.231877e-03	-1.484103e+01
2.058000e-05	6.402340e-03	-1.489576e+01
2.059000e-05	5.197348e-03	-1.499895e+01
2.060000e-05	4.041611e-03	-1.505156e+01
2.061000e-05	3.311018e-03	-1.517627e+01
2.062000e-05	4.691090e-03	-1.521893e+01
2.063000e-05	7.253676e-03	-1.526266e+01
2.064000e-05	6.030128e-03	-1.528417e+01
2.065000e-05	7.220314e-03	-1.541737e+01
2.066000e-05	5.552969e-03	-1.537848e+01
2.067000e-05	6.985416e-03	-1.548209e+01
2.068000e-05	7.294618e-03	-1.548069e+01
2.069000e-05	1.017417e-02	-1.555467e+01
2.070000e-05	8.917127e-03	-1.551424e+01
2.071000e-05	8.614979e-03	-1.555742e+01
2.072000e-05	1.111978e-02	-1.554467e+01
2.073000e-05	1.017058e-02	-1.558687e+01
2.074000e-05	9.949333e-03	-1.559632e+01
2.075000e-05	1.135057e-02	-1.554585e+01
2.076000e-05	1.600073e-02	-1.553485e+01
2.077000e-05	1.773263e-02	-1.553425e+01
2.078000e-05	1.756363e-02	-1.549369e+01
2.079000e-05	1.773035e-02	-1.543008e+01
2.080000e-05	2.023879e-02	-1.547008e+01
2.081000e-05	2.152771e-02	-1.536893e+01
2.082000e-05	2.361358e-02	-1.534677e+01
2.083000e-05	2.692402e-02	-1.526421e+01
2.084000e-05	2.864594e-02	-1.519998e+01
2.085000e-05	3.002014e-02	-1.517687e+01
2.086000e-05	3.226699e-02	-1.511316e+01
2.087000e-05	3.685819e-02	-1.500908e+01
2.088000e-05	3.976670e-02	-1.491584e+01
2.089000e-05	4.388261e-02	-1.484113e+01
2.090000e-05	4.974853e-02	-1.475790e+01
2.091000e-05	5.413177e-02	-1.468316e+01
2.092000e-05	5.963916e-02	-1.461797e+01
2.093000e-05	6.586946e-02	-1.446271e+01
2.094000e-05	7.454303e-02	-1.433735e+01
2.095000e-05	8.490699e-02	-1.418111e+01
2.096000e-05	9.468664e-02	-1.409429e+01
2.097000e-05	1.043676e-01	-1.399803e+01
2.098000e-05	1.145952e-01	-1.382056e+01
2.099000e-05	1.235116e-01	-1.371424e+01
2.100000e-05	1.329396e-01	-1.355545e+01
2.101000e-05	1.365167e-01	-1.340796e+01
2.102000e-05	1.414324e-01	-1.327119e+01
2.103000e-05	1.401011e-01	-1.311429e+01
2.104000e-05	1.356327e-01	-1.293842e+01
2.105000e-05	1.319807e-01	-1.277848e+01
2.106000e-05	1.237205e-01	-1.265156e+01
2.107000e-05	1.157857e-01	-1.244159e+01
2.108000e-05	1.057679e-01	-1.227424e+01
2.109000e-05	9.629347e-02	-1.208517e+01
2.110000e-05	8.846631e-02	-1.192534e+01
2.111000e-05	7.673174e-02	-1.167379e+01
2.112000e-05	7.022688e-02	-1.145467e+01
2.113000e-05	6.032832e-02	-1.120159e+01
2.114000e-05	5.665648e-02	-1.100261e+01
2.115000e-05	4.622885e-02	-1.081153e+01
2.116000e-05	4.135850e-02	-1.065061e+01
2.117000e-05	3.494238e-02	-1.040161e+01
2.118000e-05	3.106964e-02	-1.019106e+01
2.119000e-05	2.593637e-02	-9.928024e+00
2.120000e-05	2.180985e-02	-9.727425e+00
2.121000e-05	1.857214e-02	-9.497820e+00
2.122000e-05	1.480471e-02	-9.305770e+00
2.123000e-05	1.323159e-02	-9.063562e+00
2.124000e-05	1.116090e-02	-8.871661e+00
2.125000e-05	7.269406e-03	-8.590579e+00
2.126000e-05	5.756688e-03	-8.307499e+00
2.127000e-05	4.979853e-03	-8.105371e+00
2.128000e-05	4.120664e-03	-7.823239e+00
2.129000e-05	1.548710e-03	-7.539530e+00
2.130000e-05	1.518926e-03	-7.297316e+00
2.131000e-05	2.473033e-04	-7.023164e+00
2.132000e-05	7.781026e-04	-6.800550e+00
2.133000e-05	-2.010297e-03	-6.517446e+00
2.134000e-05	-7.008264e-04	-6.225213e+00
2.135000e-05	-2.238823e-03	-5.932031e+00
2.136000e-05	-5.681895e-04	-5.725774e+00
2.137000e-05	-4.262471e-03	-5.432234e+00
2.138000e-05	-1.353634e-03	-5.118975e+00
2.139000e-05	-4.468753e-03	-4.771638e+00
2.140000e-05	-1.760598e-03	-4.507417e+00
2.141000e-05	-5.814712e-03	-4.305340e+00
2.142000e-05	-1.943788e-03	-4.062232e+00
2.143000e-05	-3.496039e-03	-3.698970e+00
2.144000e-05	-1.669870e-03	-3.505240e+00
2.145000e-05	-7.029115e-03	-3.131053e+00
2.146000e-05	-3.327283e-03	-2.893788e+00
2.147000e-05	-6.431755e-03	-2.571582e+00
2.148000e-05	-1.618407e-03	-2.316924e+00
2.149000e-05	-5.296980e-03	-2.033582e+00
2.150000e-05	-3.873251e-03	-1.780526e+00
2.151000e-05	-6.583124e-03	-1.456321e+00
2.152000e-05	-3.120269e-03	-1.119946e+00
2.153000e-05	-4.572666e-03	-8.557342e-01
2.154000e-05	-5.230998e-03	-5.194760e-01
2.155000e-05	-4.609486e-03	-2.557893e-01
2.156000e-05	-1.498296e-03	-1.305382e-02
2.157000e-05	8.740428e-03	3.431808e-01
2.158000e-05	-6.186555e-03	5.568383e-01
2.159000e-05	4.421720e-03	8.574948e-01
2.160000e-05	-5.701836e-03	1.122678e+00
2.161000e-05	2.154924e-03	1.396837e+00
2.162000e-05	-7.905820e-03	1.756360e+00
2.163000e-05	1.237103e-02	1.945763e+00
2.164000e-05	1.336994e-02	2.166866e+00
2.165000e-05	7.825802e-02	2.440449e+00
2.166000e-05	-4.731090e-03	2.786892e+00
2.167000e-05	-6.352975e-02	3.123132e+00
2.168000e-05	-2.399414e-02	3.368489e+00
2.169000e-05	-2.158778e-02	3.692630e+00
2.170000e-05	-1.493145e-02	3.963711e+00
2.171000e-05	-3.427298e-02	4.176164e+00
2.172000e-05	2.643789e-02	4.428970e+00
2.173000e-05	7.166719e-02	4.659551e+00
2.174000e-05	-1.131541e-01	4.957242e+00
2.175000e-05	1.144635e-01	5.240995e+00
2.176000e-05	-3.773539e-02	5.533281e+00
2.177000e-05	-5.002323e-02	5.838973e+00
2.178000e-05	4.697416e-02	6.103182e+00
2.179000e-05	-2.053165e-02	6.344221e+00
2.180000e-05	4.035431e-02	6.628444e+00
2.181000e-05	-5.953405e-02	6.902212e+00
2.182000e-05	1.073898e-02	7.135818e+00
2.183000e-05	6.219301e-03	7.449000e+00
2.184000e-05	-2.016602e-02	7.755786e+00
2.185000e-05	1.953546e-02	8.008326e+00
2.186000e-05	-3.009103e-02	8.252557e+00
2.187000e-05	4.717877e-02	8.471203e+00
2.188000e-05	-3.700810e-02	8.743661e+00
2.189000e-05	-7.289244e-03	8.954869e+00
2.190000e-05	9.617696e-03	9.176994e+00
2.191000e-05	-2.039300e-02	9.428524e+00
2.192000e-05	1.534094e-02	9.642532e+00
2.193000e-05	-2.427945e-02	9.902662e+00
2.194000e-05	2.083165e-02	1.010424e+01
2.195000e-05	-3.112722e-02	1.031422e+01
2.196000e-05	9.333018e-03	1.053529e+01
2.197000e-05	-1.187049e-02	1.076484e+01
2.198000e-05	2.101730e-03	1.096582e+01
2.199000e-05	-6.416681e-03	1.119682e+01
2.200000e-05	-1.335829e-02	1.140735e+01
2.201000e-05	8.184506e-03	1.162945e+01
2.202000e-05	-1.316995e-02	1.182998e+01
2.203000e-05	-3.102901e-03	1.201948e+01
2.204000e-05	-1.644857e-02	1.216595e+01
2.205000e-05	1.296131e-02	1.240792e+01
2.206000e-05	-7.638068e-03	1.256682e+01
2.207000e-05	-8.628950e-03	1.270419e+01
2.208000e-05	-1.311709e-02	1.290269e+01
2.209000e-05	-2.720306e-03	1.307010e+01
2.210000e-05	-3.875332e-03	1.325153e+01
2.211000e-05	-1.215329e-02	1.336744e+01
2.212000e-05	-2.899324e-03	1.351421e+01
2.213000e-05	-7.395147e-03	1.366161e+01
2.214000e-05	-2.880181e-03	1.380848e+01
2.215000e-05	-1.146404e-02	1.392525e+01
2.216000e-05	-5.283147e-03	1.409214e+01
2.217000e-05	-1.025111e-02	1.424008e+01
2.218000e-05	-8.374133e-03	1.438582e+01
2.219000e-05	-5.837319e-03	1.447156e+01
2.220000e-05	-7.841866e-03	1.455683e+01
2.221000e-05	-1.184108e-02	1.467416e+01
2.222000e-05	-1.245964e-02	1.479692e+01
2.223000e-05	-5.698726e-03	1.487254e+01
2.224000e-05	-7.843797e-03	1.494529e+01
2.225000e-05	-8.426177e-03	1.503900e+01
2.226000e-05	-1.163416e-02	1.511271e+01
2.227000e-05	-1.011681e-02	1.519680e+01
2.228000e-05	-1.026755e-02	1.524153e+01
2.229000e-05	-1.231292e-02	1.527621e+01
2.230000e-05	-1.079745e-02	1.533634e+01
2.231000e-05	-1.304054e-02	1.537993e+01
2.232000e-05	-1.088406e-02	1.542811e+01
2.233000e-05	-1.405926e-02	1.549266e+01
2.234000e-05	-1.310267e-02	1.553316e+01
2.235000e-05	-1.500556e-02	1.551677e+01
2.236000e-05	-1.265598e-02	1.556622e+01
2.237000e-05	-1.433153e-02	1.555690e+01
2.238000e-05	-1.696919e-02	1.555785e+01
2.239000e-05	-1.768495e-02	1.558787e+01
2.240000e-05	-1.945428e-02	1.559733e+01
2.241000e-05	-2.115406e-02	1.556735e+01
2.242000e-05	-2.243657e-02	1.556534e+01
2.243000e-05	-2.150211e-02	1.556532e+01
2.244000e-05	-2.382770e-02	1.552324e+01
2.245000e-05	-2.563888e-02	1.548376e+01
2.246000e-05	-2.751269e-02	1.542951e+01
2.247000e-05	-2.995034e-02	1.536993e+01
2.248000e-05	-3.108047e-02	1.533637e+01
2.249000e-05	-3.352619e-02	1.528274e+01
2.250000e-05	-3.488275e-02	1.524158e+01
2.251000e-05	-3.762181e-02	1.515685e+01
2.252000e-05	-4.163335e-02	1.510319e+01
2.253000e-05	-4.493391e-02	1.502064e+01
2.254000e-05	-4.722926e-02	1.490848e+01
2.255000e-05	-5.306361e-02	1.488314e+01
2.256000e-05	-5.671482e-02	1.478703e+01
2.257000e-05	-6.208718e-02	1.467271e+01
2.258000e-05	-6.797632e-02	1.457040e+01
2.259000e-05	-7.672090e-02	1.448317e+01
2.260000e-05	-8.486188e-02	1.436795e+01
2.261000e-05	-9.279358e-02	1.422011e+01
2.262000e-05	-1.035527e-01	1.410675e+01
2.263000e-05	-1.142990e-01	1.396740e+01
2.264000e-05	-1.249331e-01	1.384119e+01
2.265000e-05	-1.335748e-01	1.367537e+01
2.266000e-05	-1.412967e-01	1.352582e+01
2.267000e-05	-1.469739e-01	1.337000e+01
2.268000e-05	-1.482846e-01	1.326272e+01
2.269000e-05	-1.465911e-01	1.310489e+01
2.270000e-05	-1.435471e-01	1.292734e+01
2.271000e-05	-1.378191e-01	1.275945e+01
2.272000e-05	-1.307507e-01	1.261005e+01
2.273000e-05	-1.202025e-01	1.247419e+01
2.274000e-05	-1.120483e-01	1.229223e+01
2.275000e-05	-1.020854e-01	1.204216e+01
2.276000e-05	-9.309569e-02	1.188374e+01
2.277000e-05	-8.381636e-02	1.167624e+01
2.278000e-05	-7.551756e-02	1.145474e+01
2.279000e-05	-6.873956e-02	1.123166e+01
2.280000e-05	-6.156931e-02	1.103209e+01
2.281000e-05	-5.479920e-02	1.084371e+01
2.282000e-05	-4.851770e-02	1.060216e+01
2.283000e-05	-4.310622e-02	1.043063e+01
2.284000e-05	-3.764393e-02	1.018953e+01
2.285000e-05	-3.455023e-02	9.950531e+00
2.286000e-05	-2.947671e-02	9.756450e+00
2.287000e-05	-2.643606e-02	9.495369e+00
2.288000e-05	-2.285763e-02	9.314315e+00
2.289000e-05	-2.144124e-02	9.065163e+00
2.290000e-05	-1.995037e-02	8.802232e+00
2.291000e-05	-1.772810e-02	8.560977e+00
2.292000e-05	-1.580106e-02	8.337977e+00
2.293000e-05	-1.292638e-02	8.096820e+00
2.294000e-05	-1.278549e-02	7.832661e+00
2.295000e-05	-1.122204e-02	7.541026e+00
2.296000e-05	-1.179054e-02	7.336898e+00
2.297000e-05	-1.042588e-02	7.033234e+00
2.298000e-05	-9.825273e-03	6.770029e+00
2.299000e-05	-8.324059e-03	6.477370e+00
2.300000e-05	-9.194525e-03	6.202211e+00
2.301000e-05	-7.529833e-03	6.031085e+00
2.302000e-05	-7.493550e-03	5.738991e+00
2.303000e-05	-7.071845e-03	5.453233e+00
2.304000e-05	-7.041556e-03	5.129896e+00
2.305000e-05	-7.520403e-03	4.773132e+00
2.306000e-05	-6.394793e-03	4.538496e+00
2.307000e-05	-7.160095e-03	4.276293e+00
2.308000e-05	-6.198366e-03	3.940977e+00
2.309000e-05	-5.829114e-03	3.726397e+00
2.310000e-05	-6.620798e-03	3.403835e+00
2.311000e-05	-6.421099e-03	3.148522e+00
2.312000e-05	-6.174908e-03	2.875794e+00
2.313000e-05	-5.738490e-03	2.621659e+00
2.314000e-05	-5.895869e-03	2.275843e+00
2.315000e-05	-5.892659e-03	2.024110e+00
2.316000e-05	-6.144471e-03	1.750472e+00
2.317000e-05	-4.488223e-03	1.412708e+00
2.318000e-05	-7.467732e-03	1.128973e+00
2.319000e-05	-5.461069e-03	8.036764e-01
2.320000e-05	-4.397158e-03	4.979471e-01
2.321000e-05	-3.294222e-03	2.247133e-01
2.322000e-05	3.599261e-04	-5.109508e-02
2.323000e-05	9.827340e-03	-3.246619e-01
2.324000e-05	-6.873035e-03	-5.683134e-01
2.325000e-05	3.778030e-03	-8.620540e-01
2.326000e-05	-6.685656e-03	-1.124159e+00
2.327000e-05	3.733210e-03	-1.378424e+00
2.328000e-05	-5.483733e-03	-1.661058e+00
2.329000e-05	2.144682e-02	-1.926188e+00
2.330000e-05	5.555952e-02	-2.174195e+00
2.331000e-05	5.962651e-02	-2.500078e+00
2.332000e-05	-9.789617e-02	-2.842001e+00
2.333000e-05	1.486536e-02	-3.228373e+00
2.334000e-05	-5.266288e-02	-3.501628e+00
2.335000e-05	-3.103690e-03	-3.709610e+00
2.336000e-05	-9.278302e-02	-3.965894e+00
2.337000e-05	1.619347e-01	-4.164792e+00
2.338000e-05	-4.130453e-02	-4.356821e+00
2.339000e-05	-7.358539e-02	-4.702053e+00
2.340000e-05	1.610832e-01	-4.924738e+00
2.341000e-05	-1.725374e-01	-5.292529e+00
2.342000e-05	1.272224e-01	-5.588395e+00
2.343000e-05	-7.929017e-02	-5.828947e+00
2.344000e-05	3.110724e-02	-6.122607e+00
2.345000e-05	8.217123e-02	-6.376365e+00
2.346000e-05	-1.283150e-01	-6.660023e+00
2.347000e-05	1.064054e-01	-6.903240e+00
2.348000e-05	-9.262401e-02	-7.228875e+00
2.349000e-05	4.821166e-02	-7.534180e+00
2.350000e-05	1.505889e-03	-7.724713e+00
2.351000e-05	-1.922296e-02	-8.051474e+00
2.352000e-05	1.007028e-01	-8.270530e+00
2.353000e-05	-1.258901e-01	-8.533581e+00
2.354000e-05	9.221185e-02	-8.725271e+00
2.355000e-05	-6.500002e-02	-9.038825e+00
2.356000e-05	4.777998e-02	-9.249873e+00
2.357000e-05	-2.001017e-02	-9.491029e+00
2.358000e-05	-2.746651e-03	-9.722687e+00
2.359000e-05	4.313674e-02	-9.941718e+00
2.360000e-05	-4.828998e-02	-1.020619e+01
2.361000e-05	4.388384e-02	-1.038577e+01
2.362000e-05	-4.736606e-02	-1.058789e+01
2.363000e-05	5.470637e-02	-1.081787e+01
2.364000e-05	-3.657465e-02	-1.101547e+01
2.365000e-05	2.799163e-02	-1.123650e+01
2.366000e-05	-9.651936e-03	-1.142895e+01
2.367000e-05	6.514640e-03	-1.165988e+01
2.368000e-05	-8.650613e-03	-1.182755e+01
2.369000e-05	-8.267927e-04	-1.203858e+01
2.370000e-05	2.471522e-02	-1.220950e+01
2.371000e-05	-5.642046e-03	-1.240943e+01
2.372000e-05	6.046498e-03	-1.256647e+01
2.373000e-05	-1.041509e-02	-1.278634e+01
2.374000e-05	1.602741e-02	-1.293374e+01
2.375000e-05	-1.050127e-02	-1.311261e+01
2.376000e-05	8.171951e-03	-1.325108e+01
2.377000e-05	2.343188e-04	-1.336690e+01
2.378000e-05	1.229028e-02	-1.356369e+01
2.379000e-05	-5.689385e-03	-1.365109e+01
2.380000e-05	5.956684e-03	-1.384001e+01
2.381000e-05	4.167524e-03	-1.400527e+01
2.382000e-05	6.121206e-03	-1.410066e+01
2.383000e-05	2.127647e-04	-1.419900e+01
2.384000e-05	7.030303e-03	-1.437484e+01
2.385000e-05	4.977690e-03	-1.446264e+01
2.386000e-05	-1.873682e-03	-1.459735e+01
2.387000e-05	1.368722e-03	-1.467309e+01
2.388000e-05	6.634720e-03	-1.478480e+01
2.389000e-05	1.145417e-02	-1.485211e+01
2.390000e-05	4.605934e-03	-1.493379e+01
2.391000e-05	4.483435e-03	-1.498008e+01
2.392000e-05	3.978806e-03	-1.509314e+01
2.393000e-05	5.415538e-03	-1.519684e+01
2.394000e-05	5.287113e-03	-1.523048e+01
2.395000e-05	6.555552e-03	-1.526269e+01
2.396000e-05	5.883029e-03	-1.527481e+01
2.397000e-05	6.107213e-03	-1.539748e+01
2.398000e-05	5.904887e-03	-1.545998e+01
2.399000e-05	6.815027e-03	-1.549211e+01
2.400000e-05	8.039422e-03	-1.548319e+01
2.401000e-05	8.720574e-03	-1.548527e+01
2.402000e-05	1.029086e-02	-1.558632e+01
2.403000e-05	8.820338e-03	-1.553640e+01
2.404000e-05	1.097351e-02	-1.556577e+01
2.405000e-05	8.476256e-03	-1.555635e+01
2.406000e-05	1.033315e-02	-1.554692e+01
2.407000e-05	1.427840e-02	-1.558530e+01
2.408000e-05	1.644658e-02	-1.549524e+01
2.409000e-05	1.759485e-02	-1.550372e+01
2.410000e-05	1.747769e-02	-1.549319e+01
2.411000e-05	1.936616e-02	-1.546108e+01
2.412000e-05	2.012017e-02	-1.542853e+01
2.413000e-05	2.183876e-02	-1.539732e+01
2.414000e-05	2.416575e-02	-1.530434e+01
2.415000e-05	2.781513e-02	-1.526314e+01
2.416000e-05	2.863717e-02	-1.521003e+01
2.417000e-05	3.012690e-02	-1.511489e+01
2.418000e-05	3.418963e-02	-1.505176e+01
2.419000e-05	3.796189e-02	-1.499746e+01
2.420000e-05	4.144303e-02	-1.492579e+01
2.421000e-05	4.497661e-02	-1.482208e+01
2.422000e-05	5.038630e-02	-1.477740e+01
2.423000e-05	5.532866e-02	-1.462959e+01
2.424000e-05	6.119031e-02	-1.452685e+01
2.425000e-05	6.749703e-02	-1.443413e+01
2.426000e-05	7.723695e-02	-1.435674e+01
2.427000e-05	8.733030e-02	-1.421908e+01
2.428000e-05	9.757398e-02	-1.407331e+01
2.429000e-05	1.072006e-01	-1.396590e+01
2.430000e-05	1.162461e-01	-1.380851e+01
2.431000e-05	1.259964e-01	-1.364069e+01
2.432000e-05	1.331091e-01	-1.352669e+01
2.433000e-05	1.390344e-01	-1.336688e+01
2.434000e-05	1.418622e-01	-1.322108e+01
2.435000e-05	1.400257e-01	-1.305414e+01
2.436000e-05	1.346872e-01	-1.290582e+01
2.437000e-05	1.286076e-01	-1.272734e+01
2.438000e-05	1.217076e-01	-1.257793e+01
2.439000e-05	1.145454e-01	-1.236963e+01
2.440000e-05	1.038603e-01	-1.226203e+01
2.441000e-05	9.384485e-02	-1.203166e+01
2.442000e-05	8.410440e-02	-1.188264e+01
2.443000e-05	7.518869e-02	-1.163071e+01
2.444000e-05	6.652008e-02	-1.143901e+01
2.445000e-05	5.971933e-02	-1.116795e+01
2.446000e-05	5.302882e-02	-1.095750e+01
2.447000e-05	4.667081e-02	-1.077797e+01
2.448000e-05	3.923823e-02	-1.061152e+01
2.449000e-05	3.419514e-02	-1.038843e+01
2.450000e-05	2.829075e-02	-1.012682e+01
2.451000e-05	2.434626e-02	-9.915793e+00
2.452000e-05	2.166521e-02	-9.735792e+00
2.453000e-05	1.923751e-02	-9.464765e+00
2.454000e-05	1.496079e-02	-9.253061e+00
2.455000e-05	1.159329e-02	-8.994111e+00
2.456000e-05	9.890272e-03	-8.821480e+00
2.457000e-05	7.934398e-03	-8.554896e+00
2.458000e-05	5.349129e-03	-8.295216e+00
2.459000e-05	4.793757e-03	-8.034713e+00
2.460000e-05	4.116449e-03	-7.778007e+00
2.461000e-05	2.134116e-03	-7.525391e+00
2.462000e-05	1.078525e-03	-7.242638e+00
2.463000e-05	-1.207866e-03	-6.949531e+00
2.464000e-05	9.018066e-04	-6.698820e+00
2.465000e-05	-1.436902e-03	-6.473643e+00
2.466000e-05	-1.211801e-03	-6.162002e+00
2.467000e-05	-2.612884e-03	-5.906792e+00
2.468000e-05	-1.374563e-03	-5.634215e+00
2.469000e-05	-3.561065e-03	-5.301449e+00
2.470000e-05	-2.414202e-03	-5.074238e+00
2.471000e-05	-4.087020e-03	-4.698975e+00
2.472000e-05	-2.338549e-03	-4.444238e+00
2.473000e-05	-4.899204e-03	-4.264057e+00
2.474000e-05	-2.511986e-03	-3.949925e+00
2.475000e-05	-4.140403e-03	-3.624808e+00
2.476000e-05	-3.829206e-03	-3.400554e+00
2.477000e-05	-4.619832e-03	-3.126947e+00
2.478000e-05	-4.919879e-03	-2.812082e+00
2.479000e-05	-4.645282e-03	-2.528996e+00
2.480000e-05	-4.272397e-03	-2.295319e+00
2.481000e-05	-4.148340e-03	-1.960974e+00
2.482000e-05	-4.863552e-03	-1.725844e+00
2.483000e-05	-3.728715e-03	-1.378500e+00
2.484000e-05	-4.551492e-03	-1.054785e+00
2.485000e-05	-3.286315e-03	-7.720551e-01
2.486000e-05	-5.140619e-03	-4.472407e-01
2.487000e-05	-4.279536e-03	-2.331316e-01
2.488000e-05	4.329597e-04	8.273539e-02
2.489000e-05	5.809712e-03	3.563172e-01
2.490000e-05	-4.925963e-03	5.988699e-01
2.491000e-05	3.056187e-03	9.011255e-01
2.492000e-05	-5.279219e-03	1.215842e+00
2.493000e-05	6.540572e-04	1.470575e+00
2.494000e-05	-5.181324e-03	1.794945e+00
2.495000e-05	1.274302e-02	1.987319e+00
2.496000e-05	2.223467e-02	2.227973e+00
2.497000e-05	8.295841e-02	2.545511e+00
2.498000e-05	-4.557442e-02	2.883630e+00
2.499000e-05	-4.093471e-02	3.176291e+00
2.500000e-05	-3.262709e-02	3.512556e+00
2.501000e-05	-7.011203e-03	3.735762e+00
2.502000e-05	-2.936679e-02	3.975292e+00
2.503000e-05	-1.881275e-02	4.177452e+00
2.504000e-05	4.069692e-02	4.410980e+00
2.505000e-05	4.060764e-02	4.733715e+00
2.506000e-05	-1.084086e-01	5.059854e+00
2.507000e-05	1.574645e-01	5.344167e+00
2.508000e-05	-1.158459e-01	5.638995e+00
2.509000e-05	2.050174e-02	5.891111e+00
2.510000e-05	2.152947e-03	6.156842e+00
2.511000e-05	8.130068e-03	6.396873e+00
2.512000e-05	2.052030e-02	6.680134e+00
2.513000e-05	-6.190311e-02	6.967268e+00
2.514000e-05	3.597621e-02	7.241929e+00
2.515000e-05	-2.579960e-02	7.513612e+00
2.516000e-05	8.766138e-03	7.755749e+00
2.517000e-05	-7.830034e-03	8.101660e+00
2.518000e-05	-2.402647e-03	8.345241e+00
2.519000e-05	3.091960e-02	8.565820e+00
2.520000e-05	-4.233152e-02	8.756745e+00
2.521000e-05	1.044261e-02	9.007949e+00
2.522000e-05	-7.801988e-03	9.269529e+00
2.523000e-05	-7.270772e-03	9.521605e+00
2.524000e-05	6.033284e-04	9.712685e+00
2.525000e-05	-6.005762e-03	9.944693e+00
2.526000e-05	6.892427e-03	1.014680e+01
2.527000e-05	-2.373842e-02	1.039537e+01
2.528000e-05	3.703920e-03	1.059945e+01
2.529000e-05	-9.076132e-03	1.082832e+01
2.530000e-05	2.889102e-03	1.102848e+01
2.531000e-05	-9.285719e-03	1.123998e+01
2.532000e-05	-6.707499e-03	1.143155e+01
2.533000e-05	3.276008e-03	1.170301e+01
2.534000e-05	-1.034258e-02	1.184066e+01
2.535000e-05	-7.807622e-03	1.205153e+01
2.536000e-05	-6.755673e-03	1.225053e+01
2.537000e-05	6.669651e-03	1.243941e+01
2.538000e-05	-6.472864e-03	1.257645e+01
2.539000e-05	-1.289362e-02	1.277635e+01
2.540000e-05	-7.146040e-03	1.293429e+01
2.541000e-05	-4.452111e-03	1.311166e+01
2.542000e-05	-5.199175e-03	1.325213e+01
2.543000e-05	-1.104026e-02	1.339800e+01
2.544000e-05	-2.493468e-03	1.356534e+01
2.545000e-05	-6.678317e-03	1.370321e+01
2.546000e-05	-7.316286e-03	1.382905e+01
2.547000e-05	-8.651244e-03	1.397592e+01
2.548000e-05	-6.712499e-03	1.417572e+01
2.549000e-05	-8.055396e-03	1.426109e+01
2.550000e-05	-1.013675e-02	1.438645e+01
2.551000e-05	-5.727801e-03	1.452264e+01
2.552000e-05	-1.040313e-02	1.457145e+01
2.553000e-05	-1.085791e-02	1.470379e+01
2.554000e-05	-1.076978e-02	1.479795e+01
2.555000e-05	-6.208412e-03	1.489213e+01
2.556000e-05	-9.404826e-03	1.494579e+01
2.557000e-05	-9.598514e-03	1.505016e+01
2.558000e-05	-9.374799e-03	1.506172e+01
2.559000e-05	-9.735038e-03	1.519492e+01
2.560000e-05	-1.080550e-02	1.524950e+01
2.561000e-05	-1.454735e-02	1.528279e+01
2.562000e-05	-1.139793e-02	1.534535e+01
2.563000e-05	-1.315230e-02	1.537695e+01
2.564000e-05	-1.132523e-02	1.549101e+01
2.565000e-05	-1.280654e-02	1.548111e+01
2.566000e-05	-1.403256e-02	1.554521e+01
2.567000e-05	-1.376570e-02	1.555527e+01
2.568000e-05	-1.367081e-02	1.559792e+01
2.569000e-05	-1.483497e-02	1.557692e+01
2.570000e-05	-1.833396e-02	1.561752e+01
2.571000e-05	-1.844028e-02	1.557837e+01
2.572000e-05	-1.997826e-02	1.559487e+01
2.573000e-05	-2.076169e-02	1.557737e+01
2.574000e-05	-2.159376e-02	1.555429e+01
2.575000e-05	-2.235551e-02	1.554381e+01
2.576000e-05	-2.401460e-02	1.549269e+01
2.577000e-05	-2.651662e-02	1.542261e+01
2.578000e-05	-2.705505e-02	1.540006e+01
2.579000e-05	-2.945450e-02	1.534692e+01
2.580000e-05	-3.165622e-02	1.531682e+01
2.581000e-05	-3.593535e-02	1.527171e+01
2.582000e-05	-3.402813e-02	1.523158e+01
2.583000e-05	-4.080349e-02	1.520838e+01
2.584000e-05	-3.968948e-02	1.508230e+01
2.585000e-05	-4.530838e-02	1.498897e+01
2.586000e-05	-4.781691e-02	1.491829e+01
2.587000e-05	-5.328659e-02	1.485213e+01
2.588000e-05	-5.861935e-02	1.476792e+01
2.589000e-05	-6.308092e-02	1.466276e+01
2.590000e-05	-7.237965e-02	1.451842e+01
2.591000e-05	-7.862689e-02	1.441916e+01
2.592000e-05	-8.611823e-02	1.432534e+01
2.593000e-05	-9.528322e-02	1.421801e+01
2.594000e-05	-1.053767e-01	1.406524e+01
2.595000e-05	-1.157083e-01	1.394787e+01
2.596000e-05	-1.266480e-01	1.379805e+01
2.597000e-05	-1.356581e-01	1.363266e+01
2.598000e-05	-1.437436e-01	1.348332e+01
2.599000e-05	-1.483148e-01	1.337745e+01
2.600000e-05	-1.499647e-01	1.319953e+01
2.601000e-05	-1.459120e-01	1.304119e+01
2.602000e-05	-1.422603e-01	1.286426e+01
2.603000e-05	-1.351323e-01	1.270585e+01
2.604000e-05	-1.276285e-01	1.256846e+01
2.605000e-05	-1.182353e-01	1.237851e+01
2.606000e-05	-1.095553e-01	1.218961e+01
2.607000e-05	-9.942738e-02	1.204164e+01
2.608000e-05	-9.129967e-02	1.184066e+01
2.609000e-05	-8.241023e-02	1.165109e+01
2.610000e-05	-7.525341e-02	1.146056e+01
2.611000e-05	-6.604624e-02	1.116953e+01
2.612000e-05	-5.979418e-02	1.102050e+01
2.613000e-05	-5.243560e-02	1.080058e+01
2.614000e-05	-4.645897e-02	1.057903e+01
2.615000e-05	-4.056704e-02	1.036700e+01
2.616000e-05	-3.687901e-02	1.015652e+01
2.617000e-05	-3.307522e-02	9.934471e+00
2.618000e-05	-3.021404e-02	9.693220e+00
2.619000e-05	-2.601056e-02	9.433162e+00
2.620000e-05	-2.320193e-02	9.242637e+00
2.621000e-05	-2.214533e-02	9.020559e+00
2.622000e-05	-1.856049e-02	8.729605e+00
2.623000e-05	-1.659520e-02	8.517970e+00
2.624000e-05	-1.427096e-02	8.264344e+00
2.625000e-05	-1.382933e-02	8.022685e+00
2.626000e-05	-1.226639e-02	7.800076e+00
2.627000e-05	-1.138011e-02	7.524823e+00
2.628000e-05	-1.074154e-02	7.214713e+00
2.629000e-05	-1.096133e-02	6.949999e+00
2.630000e-05	-9.378732e-03	6.717325e+00
2.631000e-05	-1.016866e-02	6.401158e+00
2.632000e-05	-7.838677e-03	6.190529e+00
2.633000e-05	-7.919041e-03	5.948949e+00
2.634000e-05	-7.052447e-03	5.683739e+00
2.635000e-05	-6.834745e-03	5.380653e+00
2.636000e-05	-6.642098e-03	5.033837e+00
2.637000e-05	-6.965104e-03	4.748979e+00
2.638000e-05	-7.011748e-03	4.476268e+00
2.639000e-05	-6.591360e-03	4.194039e+00
2.640000e-05	-6.409497e-03	3.918398e+00
2.641000e-05	-6.448015e-03	3.643132e+00
2.642000e-05	-5.975290e-03	3.400103e+00
2.643000e-05	-6.164817e-03	3.094163e+00
2.644000e-05	-5.793936e-03	2.832705e+00
2.645000e-05	-5.213156e-03	2.517395e+00
2.646000e-05	-5.404632e-03	2.252657e+00
2.647000e-05	-5.952237e-03	1.959003e+00
2.648000e-05	-5.848269e-03	1.694793e+00
2.649000e-05	-6.572984e-03	1.381525e+00
2.650000e-05	-6.274668e-03	1.012288e+00
2.651000e-05	-4.662655e-03	7.388701e-01
2.652000e-05	-4.341114e-03	4.452630e-01
2.653000e-05	-3.097972e-03	1.800261e-01
2.654000e-05	1.190125e-03	-1.546831e-01
2.655000e-05	7.466873e-03	-3.773184e-01
2.656000e-05	-6.149102e-03	-6.705000e-01
2.657000e-05	4.554717e-03	-9.737618e-01
2.658000e-05	-4.468815e-03	-1.206867e+00
2.659000e-05	2.256273e-03	-1.511632e+00
2.660000e-05	-2.912716e-04	-1.766763e+00
2.661000e-05	2.575551e-02	-1.965867e+00
2.662000e-05	7.883601e-02	-2.230421e+00
2.663000e-05	3.214846e-03	-2.626192e+00
2.664000e-05	-7.107571e-02	-2.986211e+00
2.665000e-05	5.078720e-04	-3.312681e+00
2.666000e-05	-3.736660e-02	-3.504314e+00
2.667000e-05	-3.066803e-02	-3.777365e+00
2.668000e-05	-5.184840e-02	-4.020448e+00
2.669000e-05	1.850334e-01	-4.237918e+00
2.670000e-05	-1.334578e-01	-4.430976e+00
2.671000e-05	4.735810e-02	-4.766346e+00
2.672000e-05	8.432215e-02	-5.019371e+00
2.673000e-05	-1.493279e-01	-5.365766e+00
2.674000e-05	1.455341e-01	-5.650023e+00
2.675000e-05	-1.313430e-01	-5.912079e+00
2.676000e-05	1.167882e-01	-6.166296e+00
2.677000e-05	-8.830316e-03	-6.467523e+00
2.678000e-05	-7.580574e-02	-6.745708e+00
2.679000e-05	9.985602e-02	-6.956947e+00
2.680000e-05	-1.166477e-01	-7.300480e+00
2.681000e-05	1.028400e-01	-7.564665e+00
2.682000e-05	-7.294449e-02	-7.816975e+00
2.683000e-05	6.555518e-02	-8.142736e+00
2.684000e-05	2.221243e-02	-8.344162e+00
2.685000e-05	-8.099399e-02	-8.547397e+00
2.686000e-05	8.318210e-02	-8.809524e+00
2.687000e-05	-7.791720e-02	-9.101606e+00
2.688000e-05	7.840717e-02	-9.323134e+00
2.689000e-05	-6.432773e-02	-9.512764e+00
2.690000e-05	5.011335e-02	-9.755815e+00
2.691000e-05	-9.397564e-03	-9.957299e+00
2.692000e-05	-9.520709e-03	-1.025850e+01
2.693000e-05	1.303612e-02	-1.042743e+01
2.694000e-05	-2.297089e-02	-1.068098e+01
2.695000e-05	4.508556e-02	-1.085048e+01
2.696000e-05	-3.931943e-02	-1.106158e+01
2.697000e-05	3.755533e-02	-1.124956e+01
2.698000e-05	-2.415235e-02	-1.147218e+01
2.699000e-05	2.153466e-02	-1.171259e+01
2.700000e-05	-2.544000e-02	-1.186271e+01
2.701000e-05	2.173970e-02	-1.208161e+01
2.702000e-05	7.567979e-03	-1.229111e+01
2.703000e-05	4.601762e-03	-1.246153e+01
2.704000e-05	-6.700080e-03	-1.264848e+01
2.705000e-05	-1.916498e-04	-1.279944e+01
2.706000e-05	9.392129e-03	-1.291784e+01
2.707000e-05	-5.443037e-03	-1.315721e+01
2.708000e-05	9.035856e-03	-1.327254e+01
2.709000e-05	1.445001e-03	-1.342853e+01
2.710000e-05	1.219062e-02	-1.358677e+01
2.711000e-05	-8.202752e-03	-1.373526e+01
2.712000e-05	1.052715e-02	-1.387259e+01
2.713000e-05	2.897311e-04	-1.400743e+01
2.714000e-05	7.781569e-03	-1.415324e+01
2.715000e-05	-1.014761e-03	-1.425003e+01
2.716000e-05	9.672197e-03	-1.440735e+01
2.717000e-05	1.736472e-03	-1.453369e+01
2.718000e-05	-3.187882e-04	-1.459950e+01
2.719000e-05	2.860838e-03	-1.466317e+01
2.720000e-05	7.464562e-03	-1.479936e+01
2.721000e-05	9.524708e-03	-1.490518e+01
2.722000e-05	3.718709e-03	-1.495736e+01
2.723000e-05	5.257318e-03	-1.505951e+01
2.724000e-05	2.784672e-03	-1.510314e+01
2.725000e-05	5.049069e-03	-1.517780e+01
2.726000e-05	4.187917e-03	-1.523006e+01
2.727000e-05	7.576723e-03	-1.527414e+01
2.728000e-05	6.679414e-03	-1.533479e+01
2.729000e-05	6.348291e-03	-1.541780e+01
2.730000e-05	5.737356e-03	-1.546096e+01
2.731000e-05	7.266253e-03	-1.547256e+01
2.732000e-05	9.183569e-03	-1.546409e+01
2.733000e-05	8.622079e-03	-1.552532e+01
2.734000e-05	9.167615e-03	-1.554527e+01
2.735000e-05	1.005819e-02	-1.559680e+01
2.736000e-05	1.094154e-02	-1.554682e+01
2.737000e-05	9.523932e-03	-1.554542e+01
2.738000e-05	1.083037e-02	-1.554637e+01
2.739000e-05	1.472825e-02	-1.553585e+01
2.740000e-05	1.653572e-02	-1.552469e+01
2.741000e-05	1.798247e-02	-1.550377e+01
2.742000e-05	1.759373e-02	-1.549266e+01
2.743000e-05	1.980476e-02	-1.545051e+01
2.744000e-05	2.075707e-02	-1.541803e+01
2.745000e-05	2.206439e-02	-1.538784e+01
2.746000e-05	2.542809e-02	-1.529582e+01
2.747000e-05	2.833249e-02	-1.524196e+01
2.748000e-05	2.948929e-02	-1.518948e+01
2.749000e-05	3.232519e-02	-1.513527e+01
2.750000e-05	3.439495e-02	-1.507061e+01
2.751000e-05	3.726973e-02	-1.498790e+01
2.752000e-05	4.235921e-02	-1.490471e+01
2.753000e-05	4.671748e-02	-1.483960e+01
2.754000e-05	5.215422e-02	-1.472584e+01
2.755000e-05	5.632158e-02	-1.461955e+01
2.756000e-05	6.317300e-02	-1.452442e+01
2.757000e-05	7.087849e-02	-1.440158e+01
2.758000e-05	7.923123e-02	-1.429324e+01
2.759000e-05	8.885966e-02	-1.415845e+01
2.760000e-05	1.002817e-01	-1.404106e+01
2.761000e-05	1.101634e-01	-1.393422e+01
2.762000e-05	1.185152e-01	-1.378785e+01
2.763000e-05	1.276029e-01	-1.363196e+01
2.764000e-05	1.347326e-01	-1.348267e+01
2.765000e-05	1.404209e-01	-1.332580e+01
2.766000e-05	1.410177e-01	-1.318053e+01
2.767000e-05	1.394582e-01	-1.304021e+01
2.768000e-05	1.341656e-01	-1.286374e+01
2.769000e-05	1.271412e-01	-1.272482e+01
2.770000e-05	1.193087e-01	-1.252425e+01
2.771000e-05	1.105861e-01	-1.235105e+01
2.772000e-05	1.012591e-01	-1.217941e+01
2.773000e-05	9.265326e-02	-1.195066e+01
2.774000e-05	8.244079e-02	-1.181001e+01
2.775000e-05	7.318788e-02	-1.153748e+01
2.776000e-05	6.435171e-02	-1.134632e+01
2.777000e-05	5.906080e-02	-1.108532e+01
2.778000e-05	5.109259e-02	-1.090687e+01
2.779000e-05	4.408043e-02	-1.073537e+01
2.780000e-05	3.795738e-02	-1.052879e+01
2.781000e-05	3.377728e-02	-1.027524e+01
2.782000e-05	2.783001e-02	-1.010524e+01
2.783000e-05	2.351623e-02	-9.893137e+00
2.784000e-05	1.993664e-02	-9.643166e+00
2.785000e-05	1.850240e-02	-9.441607e+00
2.786000e-05	1.431642e-02	-9.169051e+00
2.787000e-05	1.110899e-02	-8.967948e+00
2.788000e-05	9.344561e-03	-8.695870e+00
2.789000e-05	7.397022e-03	-8.483316e+00
2.790000e-05	5.596848e-03	-8.253612e+00
2.791000e-05	4.533832e-03	-8.019981e+00
2.792000e-05	3.703424e-03	-7.675870e+00
2.793000e-05	1.035237e-03	-7.441615e+00
2.794000e-05	8.624763e-04	-7.127380e+00
2.795000e-05	3.334494e-04	-6.895371e+00
2.796000e-05	1.019025e-03	-6.663262e+00
2.797000e-05	-1.151785e-03	-6.401533e+00
2.798000e-05	-1.192743e-03	-6.125471e+00
2.799000e-05	-1.669140e-03	-5.864133e+00
2.800000e-05	-1.698126e-03	-5.540550e+00
2.801000e-05	-3.476912e-03	-5.265271e+00
2.802000e-05	-2.041028e-03	-4.979626e+00
2.803000e-05	-3.380966e-03	-4.611190e+00
2.804000e-05	-2.980717e-03	-4.411525e+00
2.805000e-05	-4.510128e-03	-4.158525e+00
2.806000e-05	-3.267100e-03	-3.883746e+00
2.807000e-05	-3.584467e-03	-3.572130e+00
2.808000e-05	-5.437246e-03	-3.329424e+00
2.809000e-05	-4.948412e-03	-3.013314e+00
2.810000e-05	-4.889866e-03	-2.738949e+00
2.811000e-05	-3.211850e-03	-2.475766e+00
2.812000e-05	-4.751415e-03	-2.159579e+00
2.813000e-05	-4.320790e-03	-1.875841e+00
2.814000e-05	-5.892609e-03	-1.633159e+00
2.815000e-05	-3.225089e-03	-1.265868e+00
2.816000e-05	-5.564051e-03	-1.000479e+00
2.817000e-05	-4.310554e-03	-7.073145e-01
2.818000e-05	-5.238520e-03	-3.826039e-01
2.819000e-05	-2.780173e-03	-1.469485e-01
2.820000e-05	3.214421e-03	1.132633e-01
2.821000e-05	9.640029e-04	4.290263e-01
2.822000e-05	-2.534697e-03	6.646330e-01
2.823000e-05	1.244155e-03	9.472406e-01
2.824000e-05	-2.460511e-03	1.291480e+00
2.825000e-05	-1.773020e-03	1.546816e+00
2.826000e-05	7.286251e-05	1.852005e+00
2.827000e-05	1.143225e-02	2.062080e+00
2.828000e-05	3.959435e-02	2.333637e+00
2.829000e-05	6.922637e-02	2.630921e+00
2.830000e-05	-7.277468e-02	2.994716e+00
2.831000e-05	-2.445502e-02	3.208553e+00
2.832000e-05	-3.672890e-02	3.593688e+00
2.833000e-05	-1.002389e-04	3.748474e+00
2.834000e-05	-4.082114e-02	4.038977e+00
2.835000e-05	-2.945547e-03	4.251080e+00
2.836000e-05	5.961078e-02	4.543687e+00
2.837000e-05	-1.179624e-02	4.799400e+00
2.838000e-05	-5.198977e-02	5.112233e+00
2.839000e-05	1.337785e-01	5.377391e+00
2.840000e-05	-1.444330e-01	5.692085e+00
2.841000e-05	6.496247e-02	5.975816e+00
2.842000e-05	-2.771284e-02	6.249446e+00
2.843000e-05	3.566817e-02	6.480080e+00
2.844000e-05	-8.495545e-03	6.755319e+00
2.845000e-05	-4.800799e-02	7.029501e+00
2.846000e-05	4.405024e-02	7.334630e+00
2.847000e-05	-4.378387e-02	7.588365e+00
2.848000e-05	3.022822e-02	7.829060e+00
2.849000e-05	-3.326386e-02	8.163440e+00
2.850000e-05	2.656819e-02	8.376795e+00
2.851000e-05	6.631190e-03	8.599328e+00
2.852000e-05	-3.658698e-02	8.849475e+00
2.853000e-05	1.971075e-02	9.110610e+00
2.854000e-05	-2.110491e-02	9.305735e+00
2.855000e-05	1.073711e-02	9.563790e+00
2.856000e-05	-1.644435e-02	9.766296e+00
2.857000e-05	1.124854e-02	1.002745e+01
2.858000e-05	-1.477303e-02	1.023792e+01
2.859000e-05	-8.338631e-03	1.044853e+01
2.860000e-05	-4.230225e-03	1.067058e+01
2.861000e-05	-1.742184e-03	1.088153e+01
2.862000e-05	3.630313e-04	1.108106e+01
2.863000e-05	-1.332818e-02	1.129211e+01
2.864000e-05	-9.751530e-04	1.152311e+01
2.865000e-05	-3.096583e-03	1.171566e+01
2.866000e-05	-5.812190e-03	1.191369e+01
2.867000e-05	-1.452237e-02	1.212324e+01
2.868000e-05	2.963889e-03	1.231223e+01
2.869000e-05	1.121321e-03	1.251013e+01
2.870000e-05	-5.291352e-03	1.264853e+01
2.871000e-05	-1.626907e-02	1.280743e+01
2.872000e-05	-3.702354e-03	1.295587e+01
2.873000e-05	-4.813112e-03	1.317617e+01
2.874000e-05	-7.268530e-03	1.327259e+01
2.875000e-05	-8.915235e-03	1.342961e+01
2.876000e-05	-3.540525e-03	1.360692e+01
2.877000e-05	-4.219291e-03	1.371422e+01
2.878000e-05	-9.265983e-03	1.388203e+01
2.879000e-05	-5.320630e-03	1.403803e+01
2.880000e-05	-8.550349e-03	1.417533e+01
2.881000e-05	-7.379288e-03	1.431314e+01
2.882000e-05	-1.146569e-02	1.441748e+01
2.883000e-05	-5.983501e-03	1.453319e+01
2.884000e-05	-1.053173e-02	1.462156e+01
2.885000e-05	-1.254949e-02	1.473589e+01
2.886000e-05	-9.067249e-03	1.485853e+01
2.887000e-05	-6.739236e-03	1.489422e+01
2.888000e-05	-6.880355e-03	1.499685e+01
2.889000e-05	-1.207066e-02	1.506011e+01
2.890000e-05	-9.736396e-03	1.515319e+01
2.891000e-05	-1.045653e-02	1.518840e+01
2.892000e-05	-1.098802e-02	1.525113e+01
2.893000e-05	-1.366252e-02	1.532479e+01
2.894000e-05	-1.207727e-02	1.532792e+01
2.895000e-05	-1.248220e-02	1.539951e+01
2.896000e-05	-1.263615e-02	1.542909e+01
2.897000e-05	-1.368585e-02	1.550259e+01
2.898000e-05	-1.525958e-02	1.556424e+01
2.899000e-05	-1.270705e-02	1.553489e+01
2.900000e-05	-1.425655e-02	1.559785e+01
2.901000e-05	-1.473529e-02	1.557782e+01
2.902000e-05	-1.827126e-02	1.559043e+01
2.903000e-05	-1.821164e-02	1.556542e+01
2.904000e-05	-2.121978e-02	1.559993e+01
2.905000e-05	-2.160817e-02	1.554495e+01
2.906000e-05	-2.070719e-02	1.555584e+01
2.907000e-05	-2.263926e-02	1.547376e+01
2.908000e-05	-2.433231e-02	1.552321e+01
2.909000e-05	-2.809443e-02	1.545059e+01
2.910000e-05	-2.781303e-02	1.539950e+01
2.911000e-05	-2.970991e-02	1.534795e+01
2.912000e-05	-3.180184e-02	1.531580e+01
2.913000e-05	-3.355317e-02	1.528264e+01
2.914000e-05	-3.695935e-02	1.521951e+01
2.915000e-05	-3.934516e-02	1.510687e+01
2.916000e-05	-4.237951e-02	1.506276e+01
2.917000e-05	-4.510339e-02	1.496853e+01
2.918000e-05	-5.024406e-02	1.487582e+01
2.919000e-05	-5.376675e-02	1.482006e+01
2.920000e-05	-5.933945e-02	1.474584e+01
2.921000e-05	-6.400481e-02	1.462209e+01
2.922000e-05	-7.366975e-02	1.450382e+01
2.923000e-05	-8.001077e-02	1.442110e+01
2.924000e-05	-8.793663e-02	1.432429e+01
2.925000e-05	-9.742147e-02	1.418801e+01
2.926000e-05	-1.088067e-01	1.402356e+01
2.927000e-05	-1.189362e-01	1.388426e+01
2.928000e-05	-1.291875e-01	1.378800e+01
2.929000e-05	-1.379108e-01	1.363913e+01
2.930000e-05	-1.444236e-01	1.346274e+01
2.931000e-05	-1.477928e-01	1.332630e+01
2.932000e-05	-1.484975e-01	1.313885e+01
2.933000e-05	-1.455998e-01	1.299106e+01
2.934000e-05	-1.410462e-01	1.287421e+01
2.935000e-05	-1.334282e-01	1.268322e+01
2.936000e-05	-1.262244e-01	1.249537e+01
2.937000e-05	-1.156986e-01	1.231742e+01
2.938000e-05	-1.058211e-01	1.215897e+01
2.939000e-05	-9.779814e-02	1.201848e+01
2.940000e-05	-8.817536e-02	1.179006e+01
2.941000e-05	-8.049730e-02	1.159898e+01
2.942000e-05	-7.221253e-02	1.133795e+01
2.943000e-05	-6.467281e-02	1.113800e+01
2.944000e-05	-5.667860e-02	1.095742e+01
2.945000e-05	-5.045594e-02	1.074942e+01
2.946000e-05	-4.613028e-02	1.052834e+01
2.947000e-05	-4.111723e-02	1.029684e+01
2.948000e-05	-3.630598e-02	1.010379e+01
2.949000e-05	-3.140283e-02	9.865186e+00
2.950000e-05	-2.885151e-02	9.600634e+00
2.951000e-05	-2.522314e-02	9.380081e+00
2.952000e-05	-2.267926e-02	9.170506e+00
2.953000e-05	-1.965034e-02	8.947604e+00
2.954000e-05	-1.904542e-02	8.695867e+00
2.955000e-05	-1.639544e-02	8.473764e+00
2.956000e-05	-1.487720e-02	8.221735e+00
2.957000e-05	-1.240417e-02	7.978130e+00
2.958000e-05	-1.253089e-02	7.705421e+00
2.959000e-05	-1.056196e-02	7.442186e+00
2.960000e-05	-1.064189e-02	7.150023e+00
2.961000e-05	-1.070028e-02	6.897925e+00
2.962000e-05	-1.070586e-02	6.654266e+00
2.963000e-05	-8.562033e-03	6.329055e+00
2.964000e-05	-7.715498e-03	6.128901e+00
2.965000e-05	-7.566960e-03	5.865291e+00
2.966000e-05	-7.167212e-03	5.581679e+00
2.967000e-05	-7.117908e-03	5.317922e+00
2.968000e-05	-6.658693e-03	4.949630e+00
2.969000e-05	-6.795764e-03	4.673818e+00
2.970000e-05	-5.909516e-03	4.421679e+00
2.971000e-05	-5.955504e-03	4.128471e+00
2.972000e-05	-6.824299e-03	3.843259e+00
2.973000e-05	-7.016124e-03	3.572554e+00
2.974000e-05	-5.890771e-03	3.274889e+00
2.975000e-05	-6.186375e-03	2.992558e+00
2.976000e-05	-5.867973e-03	2.761478e+00
2.977000e-05	-5.780686e-03	2.432209e+00
2.978000e-05	-4.692586e-03	2.137150e+00
2.979000e-05	-5.005162e-03	1.916346e+00
2.980000e-05	-5.963991e-03	1.592305e+00
2.981000e-05	-6.167965e-03	1.286316e+00
2.982000e-05	-4.866836e-03	9.589824e-01
2.983000e-05	-5.227038e-03	6.237384e-01
2.984000e-05	-4.515329e-03	4.025601e-01
2.985000e-05	-2.466864e-03	5.629311e-02
2.986000e-05	4.370382e-03	-1.773947e-01
2.987000e-05	2.290161e-03	-4.595011e-01
2.988000e-05	-2.467334e-03	-7.536617e-01
2.989000e-05	8.694061e-04	-1.017892e+00
2.990000e-05	-2.030446e-03	-1.261949e+00
2.991000e-05	-3.916506e-04	-1.585216e+00
2.992000e-05	6.188977e-03	-1.816946e+00
2.993000e-05	3.063509e-02	-2.019046e+00
2.994000e-05	9.251551e-02	-2.333180e+00
2.995000e-05	-5.547961e-02	-2.691553e+00
2.996000e-05	-2.847805e-02	-3.058975e+00
2.997000e-05	-2.825016e-02	-3.326715e+00
2.998000e-05	-1.108217e-02	-3.595842e+00
2.999000e-05	-6.544323e-02	-3.860425e+00
3.000000e-05	2.045425e-02	-4.060533e+00
3.001000e-05	1.507867e-01	-4.261130e+00
3.002000e-05	-1.761504e-01	-4.526159e+00
3.003000e-05	1.406668e-01	-4.828970e+00
3.004000e-05	-3.521209e-02	-5.122053e+00
3.005000e-05	-6.420086e-02	-5.498980e+00
3.006000e-05	9.931186e-02	-5.702129e+00
3.007000e-05	-1.227344e-01	-6.016292e+00
3.008000e-05	1.567532e-01	-6.270054e+00
3.009000e-05	-9.081079e-02	-6.524161e+00
3.010000e-05	9.266061e-04	-6.816845e+00
3.011000e-05	4.595233e-02	-7.060030e+00
3.012000e-05	-9.477709e-02	-7.365741e+00
3.013000e-05	1.106617e-01	-7.629396e+00
3.014000e-05	-1.056245e-01	-7.922102e+00
3.015000e-05	1.288593e-01	-8.146846e+00
3.016000e-05	-6.332669e-02	-8.427745e+00
3.017000e-05	-7.282171e-03	-8.678907e+00
3.018000e-05	3.881739e-02	-8.891657e+00
3.019000e-05	-5.365342e-02	-9.123763e+00
3.020000e-05	7.200141e-02	-9.354783e+00
3.021000e-05	-7.727956e-02	-9.615841e+00
3.022000e-05	7.916976e-02	-9.827846e+00
3.023000e-05	-5.342503e-02	-1.007053e+01
3.024000e-05	3.137032e-02	-1.026153e+01
3.025000e-05	-2.055573e-02	-1.049261e+01
3.026000e-05	1.386463e-02	-1.070226e+01
3.027000e-05	1.578522e-02	-1.090311e+01
3.028000e-05	-2.267114e-02	-1.111266e+01
3.029000e-05	3.147058e-02	-1.133421e+01
3.030000e-05	-2.500057e-02	-1.159232e+01
3.031000e-05	2.259627e-02	-1.176536e+01
3.032000e-05	-3.094252e-02	-1.196527e+01
3.033000e-05	3.564107e-02	-1.215481e+01
3.034000e-05	-7.083167e-03	-1.228329e+01
3.035000e-05	1.302170e-02	-1.251269e+01
3.036000e-05	-1.336578e-02	-1.266063e+01
3.037000e-05	1.066997e-02	-1.289000e+01
3.038000e-05	-1.409363e-03	-1.304895e+01
3.039000e-05	2.588378e-04	-1.319685e+01
3.040000e-05	7.003371e-03	-1.329466e+01
3.041000e-05	5.348978e-03	-1.349106e+01
3.042000e-05	5.826119e-03	-1.361687e+01
3.043000e-05	-7.161701e-03	-1.375632e+01
3.044000e-05	1.044284e-02	-1.391166e+01
3.045000e-05	8.938307e-04	-1.403048e+01
3.046000e-05	7.334441e-03	-1.417585e+01
3.047000e-05	6.740010e-04	-1.429206e+01
3.048000e-05	9.547578e-03	-1.442955e+01
3.049000e-05	-8.373075e-04	-1.454381e+01
3.050000e-05	1.610732e-03	-1.464055e+01
3.051000e-05	4.338983e-03	-1.476471e+01
3.052000e-05	5.455797e-03	-1.479996e+01
3.053000e-05	9.101844e-03	-1.489316e+01
3.054000e-05	2.377086e-03	-1.497890e+01
3.055000e-05	9.516062e-03	-1.509113e+01
3.056000e-05	1.903681e-03	-1.516376e+01
3.057000e-05	6.494208e-03	-1.519887e+01
3.058000e-05	6.917931e-03	-1.523256e+01
3.059000e-05	5.635653e-03	-1.528474e+01
3.060000e-05	6.184165e-03	-1.535680e+01
3.061000e-05	2.527410e-03	-1.542852e+01
3.062000e-05	7.270222e-03	-1.544008e+01
3.063000e-05	6.891828e-03	-1.549116e+01
3.064000e-05	1.201571e-02	-1.549516e+01
3.065000e-05	9.998380e-03	-1.554324e+01
3.066000e-05	1.112125e-02	-1.551387e+01
3.067000e-05	9.660067e-03	-1.555735e+01
3.068000e-05	8.599132e-03	-1.554730e+01
3.069000e-05	8.414908e-03	-1.559633e+01
3.070000e-05	1.175946e-02	-1.555525e+01
3.071000e-05	1.497817e-02	-1.550537e+01
3.072000e-05	1.686283e-02	-1.553522e+01
3.073000e-05	1.811447e-02	-1.551409e+01
3.074000e-05	1.908631e-02	-1.549066e+01
3.075000e-05	2.087468e-02	-1.545205e+01
3.076000e-05	2.118866e-02	-1.544840e+01
3.077000e-05	2.243203e-02	-1.534537e+01
3.078000e-05	2.545090e-02	-1.531479e+01
3.079000e-05	2.742057e-02	-1.522253e+01
3.080000e-05	2.878325e-02	-1.519840e+01
3.081000e-05	3.096971e-02	-1.509431e+01
3.082000e-05	3.588190e-02	-1.504153e+01
3.083000e-05	3.963181e-02	-1.496687e+01
3.084000e-05	4.411330e-02	-1.487424e+01
3.085000e-05	4.736111e-02	-1.477853e+01
3.086000e-05	5.323494e-02	-1.469372e+01
3.087000e-05	5.766872e-02	-1.459900e+01
3.088000e-05	6.400229e-02	-1.449429e+01
3.089000e-05	7.164102e-02	-1.440043e+01
3.090000e-05	8.209393e-02	-1.431116e+01
3.091000e-05	9.136329e-02	-1.414734e+01
3.092000e-05	1.010313e-01	-1.400008e+01
3.093000e-05	1.125194e-01	-1.386059e+01
3.094000e-05	1.222759e-01	-1.375742e+01
3.095000e-05	1.312903e-01	-1.352805e+01
3.096000e-05	1.362467e-01	-1.345013e+01
3.097000e-05	1.402744e-01	-1.328569e+01
3.098000e-05	1.400013e-01	-1.314647e+01
3.099000e-05	1.374468e-01	-1.301998e+01
3.100000e-05	1.320491e-01	-1.280258e+01
3.101000e-05	1.257724e-01	-1.262366e+01
3.102000e-05	1.178312e-01	-1.249624e+01
3.103000e-05	1.090980e-01	-1.228327e+01
3.104000e-05	9.952400e-02	-1.218730e+01
3.105000e-05	8.958702e-02	-1.195681e+01
3.106000e-05	7.903836e-02	-1.174750e+01
3.107000e-05	7.016957e-02	-1.151585e+01
3.108000e-05	6.391104e-02	-1.129574e+01
3.109000e-05	5.625854e-02	-1.105379e+01
3.110000e-05	4.913866e-02	-1.084421e+01
3.111000e-05	4.311820e-02	-1.066364e+01
3.112000e-05	3.770543e-02	-1.050319e+01
3.113000e-05	3.132753e-02	-1.021416e+01
3.114000e-05	2.713048e-02	-9.970558e+00
3.115000e-05	2.227641e-02	-9.842108e+00
3.116000e-05	2.038783e-02	-9.610057e+00
3.117000e-05	1.618561e-02	-9.358476e+00
3.118000e-05	1.396858e-02	-9.116442e+00
3.119000e-05	1.100436e-02	-8.924316e+00
3.120000e-05	8.984065e-03	-8.633213e+00
3.121000e-05	6.224748e-03	-8.370635e+00
3.122000e-05	5.195976e-03	-8.169497e+00
3.123000e-05	4.032320e-03	-7.937395e+00
3.124000e-05	3.037020e-03	-7.601626e+00
3.125000e-05	2.103069e-03	-7.369404e+00
3.126000e-05	1.093680e-03	-7.124872e+00
3.127000e-05	5.327295e-04	-6.843184e+00
3.128000e-05	-1.230104e-03	-6.551500e+00
3.129000e-05	-8.028144e-04	-6.347893e+00
3.130000e-05	-2.617535e-03	-6.083684e+00
3.131000e-05	-5.058197e-04	-5.760454e+00
3.132000e-05	-2.701488e-03	-5.493872e+00
3.133000e-05	-2.151697e-03	-5.222058e+00
3.134000e-05	-3.143393e-03	-4.889371e+00
3.135000e-05	-2.550719e-03	-4.599053e+00
3.136000e-05	-4.381856e-03	-4.329950e+00
3.137000e-05	-2.880041e-03	-4.066347e+00
3.138000e-05	-3.914142e-03	-3.800025e+00
3.139000e-05	-3.502796e-03	-3.539924e+00
3.140000e-05	-5.391120e-03	-3.223216e+00
3.141000e-05	-3.999554e-03	-2.970002e+00
3.142000e-05	-6.340153e-03	-2.645315e+00
3.143000e-05	-3.819946e-03	-2.433655e+00
3.144000e-05	-4.938897e-03	-2.127442e+00
3.145000e-05	-3.738488e-03	-1.843184e+00
3.146000e-05	-5.698219e-03	-1.549473e+00
3.147000e-05	-5.150710e-03	-1.211631e+00
3.148000e-05	-5.539681e-03	-9.389685e-01
3.149000e-05	-4.030387e-03	-6.636365e-01
3.150000e-05	-3.396861e-03	-3.178984e-01
3.151000e-05	-3.077459e-03	-6.481447e-02
3.152000e-05	5.805002e-03	2.219501e-01
3.153000e-05	-4.589900e-03	5.036579e-01
3.154000e-05	2.495207e-03	7.852908e-01
3.155000e-05	-2.735407e-03	1.051992e+00
3.156000e-05	-4.549766e-04	1.343187e+00
3.157000e-05	-6.251460e-03	1.653479e+00
3.158000e-05	8.241818e-03	1.914735e+00
3.159000e-05	9.697665e-03	2.122813e+00
3.160000e-05	6.066135e-02	2.375291e+00
3.161000e-05	3.561352e-02	2.733159e+00
3.162000e-05	-7.505205e-02	3.039974e+00
3.163000e-05	-1.925461e-02	3.295107e+00
3.164000e-05	-3.190501e-02	3.597924e+00
3.165000e-05	-5.169131e-03	3.861580e+00
3.166000e-05	-4.223663e-02	4.071962e+00
3.167000e-05	1.140446e-02	4.323117e+00
3.168000e-05	7.518056e-02	4.587742e+00
3.169000e-05	-7.253158e-02	4.882183e+00
3.170000e-05	3.579647e-02	5.127344e+00
3.171000e-05	5.324839e-02	5.451027e+00
3.172000e-05	-1.131751e-01	5.734742e+00
3.173000e-05	7.097212e-02	6.039976e+00
3.174000e-05	-3.285428e-02	6.302607e+00
3.175000e-05	4.639806e-02	6.575314e+00
3.176000e-05	-4.079185e-02	6.859921e+00
3.177000e-05	-2.043801e-02	7.133107e+00
3.178000e-05	3.393047e-02	7.376267e+00
3.179000e-05	-3.703129e-02	7.680050e+00
3.180000e-05	3.224098e-02	7.922738e+00
3.181000e-05	-4.281304e-02	8.197499e+00
3.182000e-05	4.362685e-02	8.449047e+00
3.183000e-05	-1.693523e-02	8.650051e+00
3.184000e-05	-2.231861e-02	8.863110e+00
3.185000e-05	1.992478e-02	9.135241e+00
3.186000e-05	-2.562798e-02	9.376821e+00
3.187000e-05	1.990942e-02	9.637398e+00
3.188000e-05	-2.649652e-02	9.838469e+00
3.189000e-05	2.339793e-02	1.005201e+01
3.190000e-05	-2.787529e-02	1.024200e+01
3.191000e-05	3.627506e-03	1.049366e+01
3.192000e-05	-1.090763e-02	1.074463e+01
3.193000e-05	1.976883e-03	1.093336e+01
3.194000e-05	-2.579755e-03	1.116329e+01
3.195000e-05	-1.368805e-02	1.133369e+01
3.196000e-05	5.265747e-03	1.158382e+01
3.197000e-05	-9.305974e-03	1.177482e+01
3.198000e-05	-1.198574e-03	1.195634e+01
3.199000e-05	-1.792157e-02	1.215579e+01
3.200000e-05	9.512991e-03	1.233429e+01
3.201000e-05	-5.825054e-03	1.249324e+01
3.202000e-05	-6.385120e-03	1.268153e+01
3.203000e-05	-1.438383e-02	1.284148e+01
3.204000e-05	-1.931354e-03	1.299753e+01
3.205000e-05	-4.528770e-03	1.318782e+01
3.206000e-05	-1.101010e-02	1.335482e+01
3.207000e-05	-5.453141e-03	1.347161e+01
3.208000e-05	-6.049895e-03	1.364148e+01
3.209000e-05	-2.895331e-03	1.373629e+01
3.210000e-05	-1.317265e-02	1.393282e+01
3.211000e-05	-4.522651e-03	1.408055e+01
3.212000e-05	-9.290133e-03	1.418843e+01
3.213000e-05	-7.347263e-03	1.434332e+01
3.214000e-05	-1.050934e-02	1.445004e+01
3.215000e-05	-7.921013e-03	1.453727e+01
3.216000e-05	-9.575762e-03	1.467063e+01
3.217000e-05	-1.171874e-02	1.476532e+01
3.218000e-05	-6.742881e-03	1.486108e+01
3.219000e-05	-9.964404e-03	1.490322e+01
3.220000e-05	-8.524683e-03	1.497748e+01
3.221000e-05	-1.306926e-02	1.507111e+01
3.222000e-05	-8.492089e-03	1.516679e+01
3.223000e-05	-1.014648e-02	1.519845e+01
3.224000e-05	-1.223243e-02	1.526214e+01
3.225000e-05	-1.263938e-02	1.529524e+01
3.226000e-05	-1.238767e-02	1.536792e+01
3.227000e-05	-1.060268e-02	1.538851e+01
3.228000e-05	-1.449753e-02	1.546116e+01
3.229000e-05	-1.327445e-02	1.554319e+01
3.230000e-05	-1.463515e-02	1.549474e+01
3.231000e-05	-1.172151e-02	1.558477e+01
3.232000e-05	-1.460507e-02	1.557845e+01
3.233000e-05	-1.717116e-02	1.556888e+01
3.234000e-05	-1.721507e-02	1.555740e+01
3.235000e-05	-1.743906e-02	1.558735e+01
3.236000e-05	-2.003448e-02	1.557684e+01
3.237000e-05	-2.193097e-02	1.554687e+01
3.238000e-05	-2.126395e-02	1.552487e+01
3.239000e-05	-2.376741e-02	1.555314e+01
3.240000e-05	-2.537720e-02	1.549321e+01
3.241000e-05	-2.693998e-02	1.546111e+01
3.242000e-05	-2.818353e-02	1.538851e+01
3.243000e-05	-3.067718e-02	1.539648e+01
3.244000e-05	-3.283212e-02	1.531424e+01
3.245000e-05	-3.374312e-02	1.526161e+01
3.246000e-05	-3.744378e-02	1.514795e+01
3.247000e-05	-4.039664e-02	1.510437e+01
3.248000e-05	-4.431632e-02	1.506064e+01
3.249000e-05	-4.474940e-02	1.494745e+01
3.250000e-05	-5.121100e-02	1.488264e+01
3.251000e-05	-5.500453e-02	1.479798e+01
3.252000e-05	-6.099427e-02	1.472331e+01
3.253000e-05	-6.626718e-02	1.457906e+01
3.254000e-05	-7.512398e-02	1.451271e+01
3.255000e-05	-8.163073e-02	1.437896e+01
3.256000e-05	-9.031773e-02	1.427559e+01
3.257000e-05	-1.003517e-01	1.412540e+01
3.258000e-05	-1.117494e-01	1.399856e+01
3.259000e-05	-1.218456e-01	1.385219e+01
3.260000e-05	-1.322703e-01	1.369587e+01
3.261000e-05	-1.397331e-01	1.355750e+01
3.262000e-05	-1.458393e-01	1.340056e+01
3.263000e-05	-1.476580e-01	1.328319e+01
3.264000e-05	-1.478470e-01	1.313584e+01
3.265000e-05	-1.441278e-01	1.294750e+01
3.266000e-05	-1.394579e-01	1.280013e+01
3.267000e-05	-1.317366e-01	1.263211e+01
3.268000e-05	-1.240798e-01	1.248474e+01
3.269000e-05	-1.134919e-01	1.231432e+01
3.270000e-05	-1.043331e-01	1.208737e+01
3.271000e-05	-9.608810e-02	1.194495e+01
3.272000e-05	-8.637079e-02	1.174690e+01
3.273000e-05	-7.889794e-02	1.152679e+01
3.274000e-05	-6.983132e-02	1.132432e+01
3.275000e-05	-6.346133e-02	1.104529e+01
3.276000e-05	-5.600219e-02	1.089577e+01
3.277000e-05	-4.973878e-02	1.068382e+01
3.278000e-05	-4.439704e-02	1.048377e+01
3.279000e-05	-3.965525e-02	1.025271e+01
3.280000e-05	-3.534467e-02	1.004264e+01
3.281000e-05	-3.069944e-02	9.800608e+00
3.282000e-05	-2.748420e-02	9.548026e+00
3.283000e-05	-2.433768e-02	9.316974e+00
3.284000e-05	-2.235782e-02	9.106817e+00
3.285000e-05	-1.990226e-02	8.843347e+00
3.286000e-05	-1.816223e-02	8.623163e+00
3.287000e-05	-1.593110e-02	8.382634e+00
3.288000e-05	-1.361812e-02	8.148554e+00
3.289000e-05	-1.302284e-02	7.896870e+00
3.290000e-05	-1.183551e-02	7.634717e+00
3.291000e-05	-1.179107e-02	7.332129e+00
3.292000e-05	-1.033628e-02	7.088372e+00
3.293000e-05	-9.979734e-03	6.845689e+00
3.294000e-05	-7.777655e-03	6.603605e+00
3.295000e-05	-8.808261e-03	6.258397e+00
3.296000e-05	-8.953420e-03	6.094789e+00
3.297000e-05	-8.638437e-03	5.789558e+00
3.298000e-05	-6.282845e-03	5.526847e+00
3.299000e-05	-6.764468e-03	5.263762e+00
3.300000e-05	-7.060691e-03	4.894746e+00
3.301000e-05	-7.048888e-03	4.611607e+00
3.302000e-05	-6.133991e-03	4.370053e+00
3.303000e-05	-6.466649e-03	4.024738e+00
3.304000e-05	-6.241986e-03	3.779975e+00
3.305000e-05	-5.599321e-03	3.517922e+00
3.306000e-05	-5.390509e-03	3.211560e+00
3.307000e-05	-6.074394e-03	2.958499e+00
3.308000e-05	-5.373729e-03	2.676269e+00
3.309000e-05	-4.775272e-03	2.329029e+00
3.310000e-05	-5.793946e-03	2.105293e+00
3.311000e-05	-6.187837e-03	1.791207e+00
3.312000e-05	-6.080928e-03	1.487343e+00
3.313000e-05	-5.394485e-03	1.222212e+00
3.314000e-05	-5.414329e-03	8.751894e-01
3.315000e-05	-5.451799e-03	5.616302e-01
3.316000e-05	-4.130026e-03	3.273986e-01
3.317000e-05	-9.472880e-04	-3.584587e-02
3.318000e-05	8.532927e-03	-2.609763e-01
3.319000e-05	-2.134895e-03	-5.232554e-01
3.320000e-05	1.575658e-03	-8.193710e-01
3.321000e-05	-2.944561e-03	-1.081149e+00
3.322000e-05	1.692874e-04	-1.336161e+00
3.323000e-05	-4.067291e-03	-1.657995e+00
3.324000e-05	1.403028e-02	-1.871579e+00
3.325000e-05	3.975668e-02	-2.110630e+00
3.326000e-05	8.976807e-02	-2.435319e+00
3.327000e-05	-9.200559e-02	-2.753761e+00
3.328000e-05	4.451018e-03	-3.142737e+00
3.329000e-05	-4.989620e-02	-3.409501e+00
3.330000e-05	6.410806e-05	-3.638996e+00
3.331000e-05	-9.145011e-02	-3.943207e+00
3.332000e-05	1.026979e-01	-4.113688e+00
3.333000e-05	6.514177e-02	-4.353658e+00
3.334000e-05	-1.503469e-01	-4.648421e+00
3.335000e-05	1.768778e-01	-4.931178e+00
3.336000e-05	-1.296254e-01	-5.216242e+00
3.337000e-05	4.245720e-02	-5.551862e+00
3.338000e-05	6.848047e-03	-5.755713e+00
3.339000e-05	-5.649742e-02	-6.078500e+00
3.340000e-05	1.416376e-01	-6.330059e+00
3.341000e-05	-1.331343e-01	-6.615395e+00
3.342000e-05	6.914736e-02	-6.850554e+00
3.343000e-05	-2.971585e-02	-7.154241e+00
3.344000e-05	-2.565039e-02	-7.427948e+00
3.345000e-05	7.115162e-02	-7.649003e+00
3.346000e-05	-8.355526e-02	-7.984795e+00
3.347000e-05	1.373634e-01	-8.228896e+00
3.348000e-05	-1.203987e-01	-8.441477e+00
3.349000e-05	5.707971e-02	-8.702658e+00
3.350000e-05	-1.909765e-02	-8.945738e+00
3.351000e-05	-2.237722e-03	-9.215371e+00
3.352000e-05	3.196387e-02	-9.406016e+00
3.353000e-05	-5.117390e-02	-9.658054e+00
3.354000e-05	7.631734e-02	-9.872254e+00
3.355000e-05	-6.508135e-02	-1.008308e+01
3.356000e-05	4.900331e-02	-1.032516e+01
3.357000e-05	-4.707231e-02	-1.056328e+01
3.358000e-05	4.381343e-02	-1.076631e+01
3.359000e-05	-1.457761e-02	-1.093477e+01
3.360000e-05	3.718169e-03	-1.119332e+01
3.361000e-05	1.146525e-02	-1.139531e+01
3.362000e-05	-1.189425e-02	-1.159697e+01
3.363000e-05	1.100070e-02	-1.178600e+01
3.364000e-05	-2.030693e-02	-1.203780e+01
3.365000e-05	3.614362e-02	-1.218842e+01
3.366000e-05	-1.144283e-02	-1.241537e+01
3.367000e-05	1.333884e-02	-1.253477e+01
3.368000e-05	-1.699364e-02	-1.274266e+01
3.369000e-05	1.742833e-02	-1.289358e+01
3.370000e-05	-8.392042e-03	-1.306056e+01
3.371000e-05	6.460225e-03	-1.320892e+01
3.372000e-05	2.276546e-03	-1.337437e+01
3.373000e-05	9.920836e-03	-1.352216e+01
3.374000e-05	1.862749e-05	-1.367006e+01
3.375000e-05	-6.369331e-04	-1.383785e+01
3.376000e-05	7.183007e-03	-1.395329e+01
3.377000e-05	3.544106e-03	-1.410216e+01
3.378000e-05	3.939689e-03	-1.421800e+01
3.379000e-05	3.645901e-03	-1.437416e+01
3.380000e-05	7.849731e-03	-1.446808e+01
3.381000e-05	-1.085513e-03	-1.459674e+01
3.382000e-05	1.081887e-03	-1.464166e+01
3.383000e-05	4.731052e-03	-1.477525e+01
3.384000e-05	9.410445e-03	-1.479006e+01
3.385000e-05	6.935293e-03	-1.492474e+01
3.386000e-05	5.055675e-03	-1.502905e+01
3.387000e-05	4.626382e-03	-1.508101e+01
3.388000e-05	3.580134e-03	-1.515284e+01
3.389000e-05	4.449896e-03	-1.518793e+01
3.390000e-05	5.794816e-03	-1.526309e+01
3.391000e-05	6.939111e-03	-1.535474e+01
3.392000e-05	7.330825e-03	-1.538640e+01
3.393000e-05	5.828875e-03	-1.543000e+01
3.394000e-05	6.545792e-03	-1.547064e+01
3.395000e-05	7.094283e-03	-1.551314e+01
3.396000e-05	1.020374e-02	-1.554022e+01
3.397000e-05	9.257276e-03	-1.554532e+01
3.398000e-05	8.930234e-03	-1.551482e+01
3.399000e-05	1.074621e-02	-1.554642e+01
3.400000e-05	1.010402e-02	-1.559740e+01
3.401000e-05	1.012695e-02	-1.556587e+01
3.402000e-05	1.186307e-02	-1.553685e+01
3.403000e-05	1.614019e-02	-1.553479e+01
3.404000e-05	1.752361e-02	-1.549384e+01
3.405000e-05	1.819015e-02	-1.548214e+01
3.406000e-05	1.779762e-02	-1.547116e+01
3.407000e-05	1.981050e-02	-1.542001e+01
3.408000e-05	2.055688e-02	-1.540735e+01
3.409000e-05	2.421735e-02	-1.532540e+01
3.410000e-05	2.749126e-02	-1.527414e+01
3.411000e-05	2.795270e-02	-1.520056e+01
3.412000e-05	2.904186e-02	-1.517640e+01
3.413000e-05	3.268301e-02	-1.508321e+01
3.414000e-05	3.727926e-02	-1.500798e+01
3.415000e-05	4.018067e-02	-1.492590e+01
3.416000e-05	4.414340e-02	-1.487216e+01
3.417000e-05	4.921116e-02	-1.478650e+01
3.418000e-05	5.387899e-02	-1.469271e+01
3.419000e-05	5.824008e-02	-1.455695e+01
3.420000e-05	6.575275e-02	-1.448467e+01
3.421000e-05	7.513966e-02	-1.435692e+01
3.422000e-05	8.546870e-02	-1.420971e+01
3.423000e-05	9.345738e-02	-1.410582e+01
3.424000e-05	1.041768e-01	-1.393750e+01
3.425000e-05	1.142785e-01	-1.384261e+01
3.426000e-05	1.244072e-01	-1.370379e+01
3.427000e-05	1.319404e-01	-1.356544e+01
3.428000e-05	1.383224e-01	-1.342803e+01
3.429000e-05	1.412665e-01	-1.326317e+01
3.430000e-05	1.401949e-01	-1.309524e+01
3.431000e-05	1.356527e-01	-1.293690e+01
3.432000e-05	1.320019e-01	-1.277798e+01
3.433000e-05	1.236963e-01	-1.262006e+01
3.434000e-05	1.157109e-01	-1.244221e+01
3.435000e-05	1.052163e-01	-1.228477e+01
3.436000e-05	9.697484e-02	-1.208369e+01
3.437000e-05	8.746319e-02	-1.192326e+01
3.438000e-05	7.676395e-02	-1.167527e+01
3.439000e-05	6.886003e-02	-1.147324e+01
3.440000e-05	6.215220e-02	-1.123168e+01
3.441000e-05	5.549467e-02	-1.099308e+01
3.442000e-05	4.737497e-02	-1.080166e+01
3.443000e-05	4.184375e-02	-1.065209e+01
3.444000e-05	3.583522e-02	-1.040019e+01
3.445000e-05	3.026622e-02	-1.022051e+01
3.446000e-05	2.621889e-02	-9.939002e+00
3.447000e-05	2.290640e-02	-9.759453e+00
3.448000e-05	1.946189e-02	-9.584896e+00
3.449000e-05	1.597772e-02	-9.264792e+00
3.450000e-05	1.235935e-02	-9.094713e+00
3.451000e-05	1.097295e-02	-8.833763e+00
3.452000e-05	8.468956e-03	-8.601607e+00
3.453000e-05	6.248444e-03	-8.318974e+00
3.454000e-05	4.759463e-03	-8.126394e+00
3.455000e-05	3.815593e-03	-7.874211e+00
3.456000e-05	2.830365e-03	-7.529002e+00
3.457000e-05	1.954040e-03	-7.284817e+00
3.458000e-05	-2.692953e-04	-7.053265e+00
3.459000e-05	9.410059e-04	-6.760630e+00
3.460000e-05	-1.176772e-03	-6.547447e+00
3.461000e-05	-5.402156e-04	-6.273212e+00
3.462000e-05	-2.721453e-03	-5.960053e+00
3.463000e-05	-7.648076e-04	-5.698421e+00
3.464000e-05	-3.164061e-03	-5.382712e+00
3.465000e-05	-3.061344e-03	-5.148350e+00
3.466000e-05	-3.452783e-03	-4.819756e+00
3.467000e-05	-2.199869e-03	-4.506397e+00
3.468000e-05	-4.695665e-03	-4.316788e+00
3.469000e-05	-2.511598e-03	-4.001759e+00
3.470000e-05	-5.004228e-03	-3.729100e+00
3.471000e-05	-4.100230e-03	-3.474686e+00
3.472000e-05	-5.552595e-03	-3.179031e+00
3.473000e-05	-4.687528e-03	-2.883839e+00
3.474000e-05	-5.887577e-03	-2.603159e+00
3.475000e-05	-4.237124e-03	-2.279947e+00
3.476000e-05	-4.613968e-03	-2.054189e+00
3.477000e-05	-4.707640e-03	-1.760506e+00
3.478000e-05	-5.589465e-03	-1.504816e+00
3.479000e-05	-4.428476e-03	-1.117916e+00
3.480000e-05	-4.832120e-03	-8.546381e-01
3.481000e-05	-5.048840e-03	-5.490037e-01
3.482000e-05	-4.610081e-03	-2.748619e-01
3.483000e-05	-1.403765e-03	-3.260120e-02
3.484000e-05	7.821989e-03	3.036843e-01
3.485000e-05	-6.920804e-03	5.563658e-01
3.486000e-05	4.213917e-03	8.273424e-01
3.487000e-05	-5.387287e-03	1.113282e+00
3.488000e-05	1.966826e-03	1.425888e+00
3.489000e-05	-8.195035e-03	1.722609e+00
3.490000e-05	1.133107e-02	1.945315e+00
3.491000e-05	1.351510e-02	2.166246e+00
3.492000e-05	7.907369e-02	2.460500e+00
3.493000e-05	-6.219841e-03	2.828416e+00
3.494000e-05	-6.124573e-02	3.084258e+00
3.495000e-05	-2.447239e-02	3.369367e+00
3.496000e-05	-2.074227e-02	3.651628e+00
3.497000e-05	-1.648566e-02	3.903669e+00
3.498000e-05	-3.388448e-02	4.146814e+00
3.499000e-05	2.663569e-02	4.395425e+00
3.500000e-05	6.892963e-02	4.653003e+00
3.501000e-05	-1.109979e-01	4.965716e+00
3.502000e-05	1.159099e-01	5.219950e+00
3.503000e-05	-4.186884e-02	5.594713e+00
3.504000e-05	-4.579258e-02	5.817426e+00
3.505000e-05	4.279833e-02	6.073106e+00
3.506000e-05	-1.742765e-02	6.345793e+00
3.507000e-05	3.980291e-02	6.637372e+00
3.508000e-05	-6.196357e-02	6.903608e+00
3.509000e-05	1.427997e-02	7.156340e+00
3.510000e-05	3.500228e-03	7.448054e+00
3.511000e-05	-1.332464e-02	7.703663e+00
3.512000e-05	1.465026e-02	7.977946e+00
3.513000e-05	-2.879101e-02	8.262156e+00
3.514000e-05	4.519511e-02	8.483609e+00
3.515000e-05	-3.577429e-02	8.742684e+00
3.516000e-05	-3.666956e-03	8.924291e+00
3.517000e-05	6.358275e-03	9.207396e+00
3.518000e-05	-2.090470e-02	9.410449e+00
3.519000e-05	1.480830e-02	9.660005e+00
3.520000e-05	-2.078793e-02	9.930607e+00
3.521000e-05	2.229713e-02	1.011324e+01
3.522000e-05	-3.112406e-02	1.030369e+01
3.523000e-05	8.254742e-03	1.056532e+01
3.524000e-05	-1.206365e-02	1.076792e+01
3.525000e-05	4.269772e-03	1.095627e+01
3.526000e-05	-6.616693e-03	1.119689e+01
3.527000e-05	-1.466342e-02	1.139592e+01
3.528000e-05	6.914245e-03	1.159788e+01
3.529000e-05	-1.090735e-02	1.178900e+01
3.530000e-05	-2.019317e-03	1.203048e+01
3.531000e-05	-1.552582e-02	1.220743e+01
3.532000e-05	1.077202e-02	1.237888e+01
3.533000e-05	-7.096514e-03	1.255482e+01
3.534000e-05	-8.724461e-03	1.272372e+01
3.535000e-05	-1.269539e-02	1.286419e+01
3.536000e-05	-5.150292e-03	1.306001e+01
3.537000e-05	-4.995839e-03	1.325143e+01
3.538000e-05	-1.088289e-02	1.333692e+01
3.539000e-05	-1.940575e-03	1.350419e+01
3.540000e-05	-7.222774e-03	1.368058e+01
3.541000e-05	-4.629695e-03	1.378850e+01
3.542000e-05	-1.116923e-02	1.396379e+01
3.543000e-05	-4.566374e-03	1.408471e+01
3.544000e-05	-9.101859e-03	1.420900e+01
3.545000e-05	-9.825833e-03	1.434744e+01
3.546000e-05	-7.670855e-03	1.451219e+01
3.547000e-05	-9.761700e-03	1.454685e+01
3.548000e-05	-1.075538e-02	1.468071e+01
3.549000e-05	-1.269066e-02	1.479640e+01
3.550000e-05	-5.808832e-03	1.484210e+01
3.551000e-05	-9.215277e-03	1.493475e+01
3.552000e-05	-7.987645e-03	1.501008e+01
3.553000e-05	-1.137618e-02	1.509164e+01
3.554000e-05	-9.071406e-03	1.517729e+01
3.555000e-05	-1.144931e-02	1.520106e+01
3.556000e-05	-1.342566e-02	1.530216e+01
3.557000e-05	-1.199601e-02	1.533585e+01
3.558000e-05	-1.258226e-02	1.536797e+01
3.559000e-05	-1.079610e-02	1.540949e+01
3.560000e-05	-1.369376e-02	1.548108e+01
3.561000e-05	-1.399380e-02	1.549369e+01
3.562000e-05	-1.366508e-02	1.553429e+01
3.563000e-05	-1.330652e-02	1.555634e+01
3.564000e-05	-1.390100e-02	1.556645e+01
3.565000e-05	-1.759776e-02	1.557679e+01
3.566000e-05	-1.755168e-02	1.555585e+01
3.567000e-05	-1.993606e-02	1.560740e+01
3.568000e-05	-2.054102e-02	1.555632e+01
3.569000e-05	-2.167054e-02	1.556784e+01
3.570000e-05	-2.131261e-02	1.555637e+01
3.571000e-05	-2.315898e-02	1.552376e+01
3.572000e-05	-2.573196e-02	1.546019e+01
3.573000e-05	-2.693887e-02	1.544056e+01
3.574000e-05	-2.846469e-02	1.539001e+01
3.575000e-05	-3.149175e-02	1.532687e+01
3.576000e-05	-3.320289e-02	1.530471e+01
3.577000e-05	-3.391039e-02	1.523063e+01
3.578000e-05	-3.785161e-02	1.516850e+01
3.579000e-05	-4.223804e-02	1.509482e+01
3.580000e-05	-4.570752e-02	1.502008e+01
3.581000e-05	-4.689431e-02	1.498739e+01
3.582000e-05	-5.225666e-02	1.487211e+01
3.583000e-05	-5.603511e-02	1.477948e+01
3.584000e-05	-6.228930e-02	1.469276e+01
3.585000e-05	-6.812212e-02	1.458840e+01
3.586000e-05	-7.702481e-02	1.442324e+01
3.587000e-05	-8.459720e-02	1.436795e+01
3.588000e-05	-9.300780e-02	1.422256e+01
3.589000e-05	-1.025785e-01	1.412580e+01
3.590000e-05	-1.142704e-01	1.397795e+01
3.591000e-05	-1.246034e-01	1.384166e+01
3.592000e-05	-1.341602e-01	1.369317e+01
3.593000e-05	-1.422277e-01	1.349742e+01
3.594000e-05	-1.475406e-01	1.335998e+01
3.595000e-05	-1.482781e-01	1.328316e+01
3.596000e-05	-1.481600e-01	1.308372e+01
3.597000e-05	-1.431304e-01	1.293745e+01
3.598000e-05	-1.375877e-01	1.274900e+01
3.599000e-05	-1.294193e-01	1.258106e+01
3.600000e-05	-1.210704e-01	1.238208e+01
3.601000e-05	-1.114851e-01	1.225369e+01
3.602000e-05	-1.027633e-01	1.206524e+01
3.603000e-05	-9.328690e-02	1.186336e+01
3.604000e-05	-8.372440e-02	1.169474e+01
3.605000e-05	-7.584848e-02	1.146474e+01
3.606000e-05	-6.948680e-02	1.120279e+01
3.607000e-05	-6.127337e-02	1.101229e+01
3.608000e-05	-5.359886e-02	1.087321e+01
3.609000e-05	-4.771165e-02	1.066271e+01
3.610000e-05	-4.302824e-02	1.039161e+01
3.611000e-05	-3.844142e-02	1.021010e+01
3.612000e-05	-3.354697e-02	9.979454e+00
3.613000e-05	-3.033164e-02	9.735920e+00
3.614000e-05	-2.796653e-02	9.504867e+00
3.615000e-05	-2.458816e-02	9.295288e+00
3.616000e-05	-2.102986e-02	9.044238e+00
3.617000e-05	-1.876006e-02	8.790637e+00
3.618000e-05	-1.684259e-02	8.539601e+00
3.619000e-05	-1.582048e-02	8.357949e+00
3.620000e-05	-1.382006e-02	8.104447e+00
3.621000e-05	-1.346690e-02	7.803764e+00
3.622000e-05	-1.221348e-02	7.560479e+00
3.623000e-05	-1.076162e-02	7.346819e+00
3.624000e-05	-9.816108e-03	7.072706e+00
3.625000e-05	-9.045704e-03	6.811555e+00
3.626000e-05	-8.977118e-03	6.517392e+00
3.627000e-05	-8.325764e-03	6.234138e+00
3.628000e-05	-7.943996e-03	6.011159e+00
3.629000e-05	-7.652459e-03	5.706854e+00
3.630000e-05	-7.748596e-03	5.474612e+00
3.631000e-05	-6.963376e-03	5.159980e+00
3.632000e-05	-7.328258e-03	4.822134e+00
3.633000e-05	-6.335208e-03	4.548949e+00
3.634000e-05	-7.316064e-03	4.294818e+00
3.635000e-05	-5.729735e-03	3.962126e+00
3.636000e-05	-5.910330e-03	3.685345e+00
3.637000e-05	-6.015202e-03	3.436190e+00
3.638000e-05	-6.319220e-03	3.120026e+00
3.639000e-05	-6.108871e-03	2.855817e+00
3.640000e-05	-5.408907e-03	2.593638e+00
3.641000e-05	-6.024952e-03	2.295292e+00
3.642000e-05	-5.139207e-03	2.011712e+00
3.643000e-05	-6.072692e-03	1.729977e+00
3.644000e-05	-5.188606e-03	1.442784e+00
3.645000e-05	-5.369656e-03	1.129949e+00
3.646000e-05	-4.658083e-03	7.815828e-01
3.647000e-05	-4.783087e-03	5.389409e-01
3.648000e-05	-3.638252e-03	2.248155e-01
3.649000e-05	-1.795487e-03	-8.152756e-02
3.650000e-05	9.349388e-03	-3.121331e-01
3.651000e-05	-5.823729e-03	-5.878158e-01
3.652000e-05	4.625290e-03	-8.610515e-01
3.653000e-05	-5.927899e-03	-1.144685e+00
3.654000e-05	2.198707e-03	-1.449947e+00
3.655000e-05	-3.514474e-03	-1.663657e+00
3.656000e-05	2.080555e-02	-1.953760e+00
3.657000e-05	5.756011e-02	-2.145763e+00
3.658000e-05	5.507420e-02	-2.471482e+00
3.659000e-05	-9.515676e-02	-2.849000e+00
3.660000e-05	1.321132e-02	-3.248870e+00
3.661000e-05	-5.239899e-02	-3.453110e+00
3.662000e-05	-4.700279e-03	-3.763580e+00
3.663000e-05	-8.982954e-02	-3.986321e+00
3.664000e-05	1.614884e-01	-4.144841e+00
3.665000e-05	-4.596497e-02	-4.386344e+00
3.666000e-05	-6.280729e-02	-4.732559e+00
3.667000e-05	1.556807e-01	-4.965757e+00
3.668000e-05	-1.715695e-01	-5.259029e+00
3.669000e-05	1.210877e-01	-5.575267e+00
3.670000e-05	-7.582242e-02	-5.808922e+00
3.671000e-05	3.499540e-02	-6.103133e+00
3.672000e-05	7.919367e-02	-6.375887e+00
3.673000e-05	-1.241047e-01	-6.660551e+00
3.674000e-05	1.045334e-01	-6.924161e+00
3.675000e-05	-9.396412e-02	-7.196896e+00
3.676000e-05	4.747368e-02	-7.491636e+00
3.677000e-05	-4.958447e-03	-7.790711e+00
3.678000e-05	-1.357804e-02	-8.069924e+00
3.679000e-05	9.545747e-02	-8.250976e+00
3.680000e-05	-1.191615e-01	-8.483263e+00
3.681000e-05	9.185454e-02	-8.754341e+00
3.682000e-05	-6.456682e-02	-9.028474e+00
3.683000e-05	4.829371e-02	-9.249525e+00
3.684000e-05	-2.308527e-02	-9.487957e+00
3.685000e-05	4.376410e-04	-9.722584e+00
3.686000e-05	3.607391e-02	-9.922738e+00
3.687000e-05	-4.621693e-02	-1.019529e+01
3.688000e-05	4.032243e-02	-1.037420e+01
3.689000e-05	-4.296063e-02	-1.056635e+01
3.690000e-05	5.460082e-02	-1.080630e+01
3.691000e-05	-3.491194e-02	-1.099542e+01
3.692000e-05	2.891955e-02	-1.121788e+01
3.693000e-05	-9.702286e-03	-1.142692e+01
3.694000e-05	6.359463e-03	-1.167103e+01
3.695000e-05	-1.157343e-02	-1.183760e+01
3.696000e-05	5.247937e-04	-1.205053e+01
3.697000e-05	2.388720e-02	-1.223858e+01
3.698000e-05	-4.862784e-03	-1.241885e+01
3.699000e-05	5.055578e-03	-1.259697e+01
3.700000e-05	-9.967597e-03	-1.277527e+01
3.701000e-05	1.561988e-02	-1.295572e+01
3.702000e-05	-9.944293e-03	-1.311206e+01
3.703000e-05	9.618659e-03	-1.323048e+01
3.704000e-05	2.178968e-04	-1.337740e+01
3.705000e-05	1.222927e-02	-1.359376e+01
3.706000e-05	-6.914962e-03	-1.367158e+01
3.707000e-05	7.201324e-03	-1.384003e+01
3.708000e-05	3.912098e-03	-1.398477e+01
3.709000e-05	5.838269e-03	-1.411174e+01
3.710000e-05	-3.451431e-04	-1.424000e+01
3.711000e-05	7.211020e-03	-1.437680e+01
3.712000e-05	5.082588e-03	-1.447161e+01
3.713000e-05	-1.057575e-03	-1.457642e+01
3.714000e-05	8.825457e-04	-1.470116e+01
3.715000e-05	5.906930e-03	-1.477582e+01
3.716000e-05	9.598821e-03	-1.485206e+01
3.717000e-05	4.548956e-03	-1.496486e+01
3.718000e-05	5.319567e-03	-1.503753e+01
3.719000e-05	3.883658e-03	-1.513319e+01
3.720000e-05	4.655310e-03	-1.516577e+01
3.721000e-05	4.653764e-03	-1.524001e+01
3.722000e-05	6.529539e-03	-1.527219e+01
3.723000e-05	6.495288e-03	-1.535434e+01
3.724000e-05	5.580140e-03	-1.539845e+01
3.725000e-05	5.995869e-03	-1.544900e+01
3.726000e-05	6.736577e-03	-1.546214e+01
3.727000e-05	8.347030e-03	-1.548329e+01
3.728000e-05	8.575466e-03	-1.552377e+01
3.729000e-05	8.740203e-03	-1.556574e+01
3.730000e-05	9.125081e-03	-1.557432e+01
3.731000e-05	1.032424e-02	-1.553540e+01
3.732000e-05	9.097950e-03	-1.556642e+01
3.733000e-05	1.094542e-02	-1.557537e+01
3.734000e-05	1.407610e-02	-1.553527e+01
3.735000e-05	1.562209e-02	-1.549432e+01
3.736000e-05	1.633091e-02	-1.549479e+01
3.737000e-05	1.740005e-02	-1.549124e+01
3.738000e-05	1.877890e-02	-1.544008e+01
3.739000e-05	2.062606e-02	-1.541861e+01
3.740000e-05	2.171901e-02	-1.536837e+01
3.741000e-05	2.487364e-02	-1.533524e+01
3.742000e-05	2.733071e-02	-1.523459e+01
3.743000e-05	2.863839e-02	-1.521753e+01
3.744000e-05	2.997059e-02	-1.514425e+01
3.745000e-05	3.333634e-02	-1.507114e+01
3.746000e-05	3.745359e-02	-1.500845e+01
3.747000e-05	4.013199e-02	-1.489532e+01
3.748000e-05	4.540131e-02	-1.483108e+01
3.749000e-05	5.050151e-02	-1.474490e+01
3.750000e-05	5.583939e-02	-1.466011e+01
3.751000e-05	6.071158e-02	-1.457835e+01
3.752000e-05	6.839198e-02	-1.447161e+01
3.753000e-05	7.684244e-02	-1.430424e+01
3.754000e-05	8.694341e-02	-1.421953e+01
3.755000e-05	9.701265e-02	-1.407209e+01
3.756000e-05	1.070757e-01	-1.393790e+01
3.757000e-05	1.169103e-01	-1.381855e+01
3.758000e-05	1.266008e-01	-1.367209e+01
3.759000e-05	1.336935e-01	-1.350337e+01
3.760000e-05	1.388518e-01	-1.332798e+01
3.761000e-05	1.414013e-01	-1.325053e+01
3.762000e-05	1.397822e-01	-1.303321e+01
3.763000e-05	1.354620e-01	-1.292532e+01
3.764000e-05	1.289120e-01	-1.273742e+01
3.765000e-05	1.212121e-01	-1.258640e+01
3.766000e-05	1.137892e-01	-1.241058e+01
3.767000e-05	1.036940e-01	-1.219008e+01
3.768000e-05	9.397738e-02	-1.205324e+01
3.769000e-05	8.508568e-02	-1.188066e+01
3.770000e-05	7.669167e-02	-1.159218e+01
3.771000e-05	6.674648e-02	-1.139848e+01
3.772000e-05	6.013140e-02	-1.116895e+01
3.773000e-05	5.350593e-02	-1.093850e+01
3.774000e-05	4.702324e-02	-1.075850e+01
3.775000e-05	3.886214e-02	-1.058950e+01
3.776000e-05	3.405838e-02	-1.034705e+01
3.777000e-05	2.931228e-02	-1.017837e+01
3.778000e-05	2.546988e-02	-9.904468e+00
3.779000e-05	2.127699e-02	-9.654866e+00
3.780000e-05	1.810219e-02	-9.435387e+00
3.781000e-05	1.576387e-02	-9.230662e+00
3.782000e-05	1.211318e-02	-8.999535e+00
3.783000e-05	9.965277e-03	-8.747957e+00
3.784000e-05	7.613331e-03	-8.557818e+00
3.785000e-05	5.715433e-03	-8.296342e+00
3.786000e-05	3.642193e-03	-8.053185e+00
3.787000e-05	4.138707e-03	-7.769931e+00
3.788000e-05	2.438839e-03	-7.506346e+00
3.789000e-05	1.008474e-03	-7.252137e+00
3.790000e-05	4.205261e-04	-6.970530e+00
3.791000e-05	9.800999e-04	-6.695772e+00
3.792000e-05	-2.891714e-04	-6.463760e+00
3.793000e-05	-2.265515e-03	-6.169506e+00
3.794000e-05	-2.991129e-03	-5.924871e+00
3.795000e-05	-1.283892e-03	-5.681757e+00
3.796000e-05	-3.099499e-03	-5.366003e+00
3.797000e-05	-2.950197e-03	-5.034213e+00
3.798000e-05	-4.195984e-03	-4.747292e+00
3.799000e-05	-2.926269e-03	-4.485261e+00
3.800000e-05	-4.572797e-03	-4.212603e+00
3.801000e-05	-2.209693e-03	-3.970553e+00
3.802000e-05	-4.093878e-03	-3.664816e+00
3.803000e-05	-3.538987e-03	-3.410133e+00
3.804000e-05	-5.655833e-03	-3.136894e+00
3.805000e-05	-4.680695e-03	-2.781710e+00
3.806000e-05	-6.103608e-03	-2.477479e+00
3.807000e-05	-4.856682e-03	-2.304719e+00
3.808000e-05	-5.702610e-03	-1.950900e+00
3.809000e-05	-4.011091e-03	-1.676846e+00
3.810000e-05	-4.456727e-03	-1.399707e+00
3.811000e-05	-4.698264e-03	-1.064712e+00
3.812000e-05	-5.200251e-03	-7.384315e-01
3.813000e-05	-5.167390e-03	-4.652645e-01
3.814000e-05	-3.954754e-03	-2.215578e-01
3.815000e-05	1.838052e-03	6.050013e-02
3.816000e-05	6.233541e-03	3.558410e-01
3.817000e-05	-6.025806e-03	6.099011e-01
3.818000e-05	2.742372e-03	8.715790e-01
3.819000e-05	-4.851986e-03	1.206844e+00
3.820000e-05	1.235268e-03	1.481574e+00
3.821000e-05	-5.030620e-03	1.757470e+00
3.822000e-05	1.234137e-02	2.028895e+00
3.823000e-05	2.381598e-02	2.259998e+00
3.824000e-05	8.218221e-02	2.536212e+00
3.825000e-05	-4.801179e-02	2.892105e+00
3.826000e-05	-3.993649e-02	3.205320e+00
3.827000e-05	-3.262152e-02	3.471578e+00
3.828000e-05	-6.300703e-03	3.714137e+00
3.829000e-05	-3.044181e-02	4.037271e+00
3.830000e-05	-1.778423e-02	4.199395e+00
3.831000e-05	4.342494e-02	4.461500e+00
3.832000e-05	3.936206e-02	4.764236e+00
3.833000e-05	-1.033920e-01	5.070077e+00
3.834000e-05	1.533797e-01	5.365136e+00
3.835000e-05	-1.164575e-01	5.578424e+00
3.836000e-05	2.198696e-02	5.911205e+00
3.837000e-05	2.526264e-03	6.186342e+00
3.838000e-05	1.179424e-02	6.417370e+00
3.839000e-05	2.021265e-02	6.691110e+00
3.840000e-05	-6.133885e-02	6.985766e+00
3.841000e-05	3.564302e-02	7.238472e+00
3.842000e-05	-2.517600e-02	7.532159e+00
3.843000e-05	1.163091e-02	7.778346e+00
3.844000e-05	-1.012526e-02	8.091032e+00
3.845000e-05	-1.682307e-03	8.325214e+00
3.846000e-05	2.907700e-02	8.536285e+00
3.847000e-05	-4.178207e-02	8.787840e+00
3.848000e-05	1.147821e-02	9.047950e+00
3.849000e-05	-6.828953e-03	9.251509e+00
3.850000e-05	-6.031834e-03	9.521082e+00
3.851000e-05	-1.576209e-03	9.714661e+00
3.852000e-05	-6.638802e-03	9.954743e+00
3.853000e-05	5.180778e-03	1.020537e+01
3.854000e-05	-2.037016e-02	1.039797e+01
3.855000e-05	3.092675e-03	1.059595e+01
3.856000e-05	-9.472933e-03	1.080947e+01
3.857000e-05	2.216771e-03	1.103097e+01
3.858000e-05	-1.012063e-02	1.124055e+01
3.859000e-05	-7.493067e-03	1.146961e+01
3.860000e-05	3.423146e-03	1.168366e+01
3.861000e-05	-1.032932e-02	1.190208e+01
3.862000e-05	-8.670939e-03	1.202256e+01
3.863000e-05	-7.412174e-03	1.223898e+01
3.864000e-05	7.259759e-03	1.245150e+01
3.865000e-05	-7.092730e-03	1.264893e+01
3.866000e-05	-1.449622e-02	1.282529e+01
3.867000e-05	-6.878288e-03	1.294282e+01
3.868000e-05	-4.102070e-03	1.313371e+01
3.869000e-05	-5.335136e-03	1.322968e+01
3.870000e-05	-1.176697e-02	1.340893e+01
3.871000e-05	-2.511781e-03	1.358480e+01
3.872000e-05	-6.931317e-03	1.367273e+01
3.873000e-05	-7.804498e-03	1.385853e+01
3.874000e-05	-8.315917e-03	1.399728e+01
3.875000e-05	-6.624064e-03	1.413284e+01
3.876000e-05	-7.585798e-03	1.426266e+01
3.877000e-05	-1.041994e-02	1.436745e+01
3.878000e-05	-6.456452e-03	1.450522e+01
3.879000e-05	-1.117050e-02	1.458650e+01
3.880000e-05	-1.162553e-02	1.469376e+01
3.881000e-05	-1.054037e-02	1.481943e+01
3.882000e-05	-5.561849e-03	1.487364e+01
3.883000e-05	-8.046235e-03	1.495692e+01
3.884000e-05	-9.930055e-03	1.508855e+01
3.885000e-05	-1.105727e-02	1.510172e+01
3.886000e-05	-1.039375e-02	1.518735e+01
3.887000e-05	-1.057729e-02	1.523156e+01
3.888000e-05	-1.344391e-02	1.530118e+01
3.889000e-05	-1.164279e-02	1.535485e+01
3.890000e-05	-1.243388e-02	1.537903e+01
3.891000e-05	-1.142000e-02	1.544058e+01
3.892000e-05	-1.374604e-02	1.548164e+01
3.893000e-05	-1.435264e-02	1.552326e+01
3.894000e-05	-1.308577e-02	1.554477e+01
3.895000e-05	-1.304412e-02	1.561432e+01
3.896000e-05	-1.362986e-02	1.557687e+01
3.897000e-05	-1.865841e-02	1.555595e+01
3.898000e-05	-1.731247e-02	1.558735e+01
3.899000e-05	-1.957468e-02	1.556547e+01
3.900000e-05	-2.149155e-02	1.559490e+01
3.901000e-05	-2.190799e-02	1.556637e+01
3.902000e-05	-2.212566e-02	1.552432e+01
3.903000e-05	-2.295879e-02	1.550319e+01
3.904000e-05	-2.710130e-02	1.546171e+01
3.905000e-05	-2.721341e-02	1.546001e+01
3.906000e-05	-2.917715e-02	1.540643e+01
3.907000e-05	-3.085006e-02	1.531629e+01
3.908000e-05	-3.403694e-02	1.527271e+01
3.909000e-05	-3.553438e-02	1.521905e+01
3.910000e-05	-3.922640e-02	1.517635e+01
3.911000e-05	-4.233778e-02	1.508169e+01
3.912000e-05	-4.514635e-02	1.502058e+01
3.913000e-05	-4.827604e-02	1.491685e+01
3.914000e-05	-5.294719e-02	1.482116e+01
3.915000e-05	-5.838607e-02	1.475732e+01
3.916000e-05	-6.354262e-02	1.466168e+01
3.917000e-05	-7.019190e-02	1.457830e+01
3.918000e-05	-7.833637e-02	1.447016e+01
3.919000e-05	-8.813561e-02	1.433640e+01
3.920000e-05	-9.634749e-02	1.424011e+01
3.921000e-05	-1.058217e-01	1.408374e+01
3.922000e-05	-1.163728e-01	1.394692e+01
3.923000e-05	-1.290991e-01	1.377008e+01
3.924000e-05	-1.361396e-01	1.362374e+01
3.925000e-05	-1.428141e-01	1.351682e+01
3.926000e-05	-1.465852e-01	1.334793e+01
3.927000e-05	-1.495694e-01	1.322906e+01
3.928000e-05	-1.460766e-01	1.308319e+01
3.929000e-05	-1.425309e-01	1.287577e+01
3.930000e-05	-1.346775e-01	1.272637e+01
3.931000e-05	-1.289825e-01	1.253703e+01
3.932000e-05	-1.183538e-01	1.237948e+01
3.933000e-05	-1.099046e-01	1.224055e+01
3.934000e-05	-9.936128e-02	1.201216e+01
3.935000e-05	-9.111620e-02	1.183070e+01
3.936000e-05	-8.170971e-02	1.163168e+01
3.937000e-05	-7.466744e-02	1.140168e+01
3.938000e-05	-6.645474e-02	1.118158e+01
3.939000e-05	-5.861037e-02	1.099000e+01
3.940000e-05	-5.328943e-02	1.079053e+01
3.941000e-05	-4.694794e-02	1.057048e+01
3.942000e-05	-4.251834e-02	1.035753e+01
3.943000e-05	-3.700798e-02	1.013742e+01
3.944000e-05	-3.305069e-02	9.958417e+00
3.945000e-05	-2.976093e-02	9.664795e+00
3.946000e-05	-2.629369e-02	9.440643e+00
3.947000e-05	-2.227773e-02	9.223763e+00
3.948000e-05	-2.127467e-02	9.002129e+00
3.949000e-05	-1.911450e-02	8.718475e+00
3.950000e-05	-1.681693e-02	8.537896e+00
3.951000e-05	-1.530853e-02	8.254241e+00
3.952000e-05	-1.432903e-02	8.041183e+00
3.953000e-05	-1.259963e-02	7.749075e+00
3.954000e-05	-1.037091e-02	7.516425e+00
3.955000e-05	-1.117415e-02	7.202638e+00
3.956000e-05	-1.077282e-02	6.961604e+00
3.957000e-05	-1.011293e-02	6.698971e+00
3.958000e-05	-8.108812e-03	6.412657e+00
3.959000e-05	-8.173671e-03	6.180076e+00
3.960000e-05	-8.533442e-03	5.927401e+00
3.961000e-05	-6.993981e-03	5.633710e+00
3.962000e-05	-6.991128e-03	5.402079e+00
3.963000e-05	-6.847668e-03	5.044797e+00
3.964000e-05	-5.946502e-03	4.718398e+00
3.965000e-05	-5.845261e-03	4.484842e+00
3.966000e-05	-6.001298e-03	4.182658e+00
3.967000e-05	-7.206504e-03	3.907874e+00
3.968000e-05	-6.726451e-03	3.635214e+00
3.969000e-05	-6.031246e-03	3.370973e+00
3.970000e-05	-5.888234e-03	3.054716e+00
3.971000e-05	-6.099474e-03	2.803109e+00
3.972000e-05	-4.583212e-03	2.517926e+00
3.973000e-05	-5.314767e-03	2.213134e+00
3.974000e-05	-5.862920e-03	1.969050e+00
3.975000e-05	-6.077869e-03	1.635713e+00
3.976000e-05	-5.378134e-03	1.339023e+00
3.977000e-05	-5.162646e-03	1.054791e+00
3.978000e-05	-4.922794e-03	7.678934e-01
3.979000e-05	-4.261685e-03	4.347092e-01
3.980000e-05	-2.963736e-03	1.290300e-01
3.981000e-05	1.272845e-03	-1.237332e-01
3.982000e-05	8.145171e-03	-3.568411e-01
3.983000e-05	-6.219422e-03	-6.710041e-01
3.984000e-05	5.319742e-03	-9.151595e-01
3.985000e-05	-6.183830e-03	-1.246822e+00
3.986000e-05	1.975160e-03	-1.513188e+00
3.987000e-05	5.241214e-05	-1.755263e+00
3.988000e-05	2.568086e-02	-1.965891e+00
3.989000e-05	7.919835e-02	-2.258949e+00
3.990000e-05	-7.871027e-04	-2.547792e+00
3.991000e-05	-6.835758e-02	-2.976184e+00
3.992000e-05	-3.131381e-03	-3.282660e+00
3.993000e-05	-3.516465e-02	-3.564761e+00
3.994000e-05	-3.235228e-02	-3.764863e+00
3.995000e-05	-4.820661e-02	-4.009451e+00
3.996000e-05	1.810024e-01	-4.207493e+00
3.997000e-05	-1.332920e-01	-4.491501e+00
3.998000e-05	5.385214e-02	-4.753740e+00
3.999000e-05	7.504054e-02	-5.038397e+00
4.000000e-05	-1.410745e-01	-5.345815e+00
4.001000e-05	1.375545e-01	-5.619546e+00
4.002000e-05	-1.322026e-01	-5.913127e+00
4.003000e-05	1.201420e-01	-6.207826e+00
4.004000e-05	-1.035953e-02	-6.420974e+00
4.005000e-05	-7.084191e-02	-6.743138e+00
4.006000e-05	9.180965e-02	-6.987874e+00
4.007000e-05	-1.151607e-01	-7.284134e+00
4.008000e-05	1.029589e-01	-7.574741e+00
4.009000e-05	-7.185592e-02	-7.847900e+00
4.010000e-05	6.770282e-02	-8.133161e+00
4.011000e-05	1.505466e-02	-8.333238e+00
4.012000e-05	-7.631471e-02	-8.586819e+00
4.013000e-05	8.136205e-02	-8.848475e+00
4.014000e-05	-7.588316e-02	-9.090655e+00
4.015000e-05	7.542249e-02	-9.283079e+00
4.016000e-05	-6.623623e-02	-9.533712e+00
4.017000e-05	5.165487e-02	-9.766321e+00
4.018000e-05	-9.547900e-03	-9.995816e+00
4.019000e-05	-5.060966e-03	-1.017643e+01
4.020000e-05	9.569519e-03	-1.042995e+01
4.021000e-05	-2.191034e-02	-1.067990e+01
4.022000e-05	4.218035e-02	-1.086038e+01
4.023000e-05	-3.745606e-02	-1.105048e+01
4.024000e-05	3.742943e-02	-1.129163e+01
4.025000e-05	-2.455997e-02	-1.150103e+01
4.026000e-05	2.141063e-02	-1.171366e+01
4.027000e-05	-2.445330e-02	-1.192163e+01
4.028000e-05	2.227658e-02	-1.209221e+01
4.029000e-05	6.083609e-03	-1.228218e+01
4.030000e-05	4.585923e-03	-1.247011e+01
4.031000e-05	-6.355455e-03	-1.262850e+01
4.032000e-05	9.672126e-04	-1.280933e+01
4.033000e-05	7.540362e-03	-1.298579e+01
4.034000e-05	-5.124444e-03	-1.315216e+01
4.035000e-05	8.269843e-03	-1.325061e+01
4.036000e-05	2.623512e-03	-1.346055e+01
4.037000e-05	1.231833e-02	-1.358582e+01
4.038000e-05	-7.086791e-03	-1.377321e+01
4.039000e-05	9.788167e-03	-1.386108e+01
4.040000e-05	2.209685e-04	-1.400790e+01
4.041000e-05	7.910588e-03	-1.415376e+01
4.042000e-05	-8.131923e-04	-1.428003e+01
4.043000e-05	1.012789e-02	-1.440895e+01
4.044000e-05	9.429672e-04	-1.447214e+01
4.045000e-05	7.272541e-04	-1.463695e+01
4.046000e-05	1.946403e-03	-1.471414e+01
4.047000e-05	7.111754e-03	-1.478792e+01
4.048000e-05	9.102219e-03	-1.487068e+01
4.049000e-05	4.695677e-03	-1.498642e+01
4.050000e-05	5.351633e-03	-1.500111e+01
4.051000e-05	2.894668e-03	-1.510266e+01
4.052000e-05	4.761432e-03	-1.519697e+01
4.053000e-05	4.260672e-03	-1.523153e+01
4.054000e-05	7.231380e-03	-1.526372e+01
4.055000e-05	6.404945e-03	-1.535584e+01
4.056000e-05	5.956537e-03	-1.537682e+01
4.057000e-05	5.790196e-03	-1.542960e+01
4.058000e-05	6.977064e-03	-1.549354e+01
4.059000e-05	8.492489e-03	-1.548116e+01
4.060000e-05	8.471215e-03	-1.552479e+01
4.061000e-05	8.832360e-03	-1.555439e+01
4.062000e-05	9.468832e-03	-1.556585e+01
4.063000e-05	1.092710e-02	-1.558530e+01
4.064000e-05	8.877771e-03	-1.557638e+01
4.065000e-05	1.087588e-02	-1.553692e+01
4.066000e-05	1.403712e-02	-1.551335e+01
4.067000e-05	1.657966e-02	-1.551632e+01
4.068000e-05	1.755693e-02	-1.551363e+01
4.069000e-05	1.815051e-02	-1.548064e+01
4.070000e-05	1.816461e-02	-1.543961e+01
4.071000e-05	1.975804e-02	-1.543848e+01
4.072000e-05	2.188132e-02	-1.534730e+01
4.073000e-05	2.570869e-02	-1.530321e+01
4.074000e-05	2.764369e-02	-1.523311e+01
4.075000e-05	2.916954e-02	-1.520800e+01
4.076000e-05	3.168043e-02	-1.511274e+01
4.077000e-05	3.499120e-02	-1.506069e+01
4.078000e-05	3.749754e-02	-1.499895e+01
4.079000e-05	4.148396e-02	-1.487434e+01
4.080000e-05	4.647564e-02	-1.483000e+01
4.081000e-05	5.155584e-02	-1.469579e+01
4.082000e-05	5.622977e-02	-1.461948e+01
4.083000e-05	6.281404e-02	-1.455624e+01
4.084000e-05	7.053225e-02	-1.440160e+01
4.085000e-05	7.938922e-02	-1.428479e+01
4.086000e-05	8.988199e-02	-1.416744e+01
4.087000e-05	9.928503e-02	-1.403116e+01
4.088000e-05	1.096976e-01	-1.394527e+01
4.089000e-05	1.187204e-01	-1.375647e+01
4.090000e-05	1.276542e-01	-1.362058e+01
4.091000e-05	1.349077e-01	-1.346324e+01
4.092000e-05	1.393008e-01	-1.333535e+01
4.093000e-05	1.413043e-01	-1.315808e+01
4.094000e-05	1.394419e-01	-1.302101e+01
4.095000e-05	1.350923e-01	-1.289274e+01
4.096000e-05	1.279105e-01	-1.269469e+01
4.097000e-05	1.204061e-01	-1.249740e+01
4.098000e-05	1.101989e-01	-1.233602e+01
4.099000e-05	1.013421e-01	-1.218797e+01
4.100000e-05	8.960988e-02	-1.200003e+01
4.101000e-05	8.292113e-02	-1.177848e+01
4.102000e-05	7.388284e-02	-1.155960e+01
4.103000e-05	6.583397e-02	-1.133845e+01
4.104000e-05	5.883668e-02	-1.110692e+01
4.105000e-05	5.150776e-02	-1.088532e+01
4.106000e-05	4.581432e-02	-1.072535e+01
4.107000e-05	3.844597e-02	-1.052642e+01
4.108000e-05	3.297901e-02	-1.027582e+01
4.109000e-05	2.709927e-02	-1.008479e+01
4.110000e-05	2.272474e-02	-9.862763e+00
4.111000e-05	2.116464e-02	-9.662688e+00
4.112000e-05	1.799729e-02	-9.420583e+00
4.113000e-05	1.520378e-02	-9.139576e+00
4.114000e-05	1.228530e-02	-8.957953e+00
4.115000e-05	8.826356e-03	-8.736923e+00
4.116000e-05	5.357309e-03	-8.453741e+00
4.117000e-05	7.185541e-03	-8.263059e+00
4.118000e-05	2.746419e-03	-8.001481e+00
4.119000e-05	5.369263e-03	-7.724871e+00
4.120000e-05	1.341018e-03	-7.441609e+00
4.121000e-05	2.252028e-04	-7.181535e+00
4.122000e-05	1.151862e-04	-6.886895e+00
4.123000e-05	-1.694745e-03	-6.632692e+00
4.124000e-05	9.993943e-04	-6.410553e+00
4.125000e-05	-2.324016e-03	-6.077395e+00
4.126000e-05	-1.195418e-03	-5.844213e+00
4.127000e-05	-2.328891e-03	-5.610554e+00
4.128000e-05	-4.058818e-03	-5.264840e+00
4.129000e-05	-1.950260e-03	-4.949979e+00
4.130000e-05	-3.277845e-03	-4.633733e+00
4.131000e-05	-2.443533e-03	-4.441105e+00
4.132000e-05	-6.499582e-03	-4.148475e+00
4.133000e-05	-4.584589e-03	-3.856346e+00
4.134000e-05	-2.670898e-03	-3.581530e+00
4.135000e-05	-3.252377e-03	-3.338951e+00
4.136000e-05	-5.317567e-03	-3.025692e+00
4.137000e-05	-7.246573e-03	-2.750474e+00
4.138000e-05	-3.225327e-03	-2.494291e+00
4.139000e-05	-3.076431e-03	-2.180602e+00
4.140000e-05	-4.020362e-03	-1.906816e+00
4.141000e-05	-7.171935e-03	-1.633208e+00
4.142000e-05	-5.653846e-03	-1.285918e+00
4.143000e-05	-5.456868e-03	-9.910776e-01
4.144000e-05	-1.732172e-03	-7.188958e-01
4.145000e-05	-3.430212e-03	-3.821564e-01
4.146000e-05	-3.890032e-03	-1.473986e-01
4.147000e-05	9.079286e-04	1.137130e-01
4.148000e-05	6.846635e-04	4.405278e-01
4.149000e-05	-1.329460e-04	7.326329e-01
4.150000e-05	1.369436e-03	9.567394e-01
4.151000e-05	-3.633363e-03	1.241601e+00
4.152000e-05	-2.075009e-03	1.547812e+00
4.153000e-05	1.638457e-03	1.829474e+00
4.154000e-05	1.195750e-02	2.052077e+00
4.155000e-05	3.949057e-02	2.293158e+00
4.156000e-05	6.564369e-02	2.688421e+00
4.157000e-05	-7.143028e-02	2.965716e+00
4.158000e-05	-2.311069e-02	3.229925e+00
4.159000e-05	-3.548742e-02	3.565238e+00
4.160000e-05	-1.441354e-03	3.796371e+00
4.161000e-05	-4.029747e-02	4.069451e+00
4.162000e-05	-1.985985e-03	4.281703e+00
4.163000e-05	6.069680e-02	4.553662e+00
4.164000e-05	-1.551465e-02	4.806970e+00
4.165000e-05	-4.680484e-02	5.132584e+00
4.166000e-05	1.260596e-01	5.418819e+00
4.167000e-05	-1.395879e-01	5.712530e+00
4.168000e-05	6.614635e-02	5.955212e+00
4.169000e-05	-2.547675e-02	6.189373e+00
4.170000e-05	3.419931e-02	6.420524e+00
4.171000e-05	-1.351516e-02	6.764292e+00
4.172000e-05	-4.643665e-02	7.017401e+00
4.173000e-05	4.486068e-02	7.252032e+00
4.174000e-05	-4.160179e-02	7.585845e+00
4.175000e-05	2.949268e-02	7.880026e+00
4.176000e-05	-3.309728e-02	8.123266e+00
4.177000e-05	2.849660e-02	8.366843e+00
4.178000e-05	6.307882e-03	8.588398e+00
4.179000e-05	-3.617940e-02	8.839375e+00
4.180000e-05	1.780483e-02	9.080109e+00
4.181000e-05	-2.136560e-02	9.314262e+00
4.182000e-05	1.204180e-02	9.544242e+00
4.183000e-05	-1.773325e-02	9.785866e+00
4.184000e-05	1.124463e-02	9.987972e+00
4.185000e-05	-1.519603e-02	1.020935e+01
4.186000e-05	-6.543143e-03	1.045148e+01
4.187000e-05	-4.502831e-03	1.069161e+01
4.188000e-05	-2.654973e-03	1.086105e+01
4.189000e-05	-1.339170e-03	1.111004e+01
4.190000e-05	-1.282419e-02	1.131103e+01
4.191000e-05	-2.928483e-04	1.153169e+01
4.192000e-05	-3.323414e-03	1.171473e+01
4.193000e-05	-5.325403e-03	1.193268e+01
4.194000e-05	-1.468844e-02	1.213268e+01
4.195000e-05	2.549747e-03	1.230308e+01
4.196000e-05	3.755310e-04	1.249013e+01
4.197000e-05	-6.219613e-03	1.262053e+01
4.198000e-05	-1.660541e-02	1.279790e+01
4.199000e-05	-3.972819e-03	1.296542e+01
4.200000e-05	-4.572962e-03	1.317517e+01
4.201000e-05	-7.344617e-03	1.326263e+01
4.202000e-05	-8.795462e-03	1.341903e+01
4.203000e-05	-4.823680e-03	1.360740e+01
4.204000e-05	-4.153514e-03	1.375229e+01
4.205000e-05	-1.093453e-02	1.384969e+01
4.206000e-05	-5.664093e-03	1.404750e+01
4.207000e-05	-8.665240e-03	1.415675e+01
4.208000e-05	-6.671273e-03	1.429311e+01
4.209000e-05	-1.111987e-02	1.441900e+01
4.210000e-05	-6.210074e-03	1.452424e+01
4.211000e-05	-1.115523e-02	1.463056e+01
4.212000e-05	-1.169837e-02	1.473577e+01
4.213000e-05	-8.420116e-03	1.486055e+01
4.214000e-05	-6.878663e-03	1.489516e+01
4.215000e-05	-6.993982e-03	1.497692e+01
4.216000e-05	-1.243962e-02	1.507960e+01
4.217000e-05	-9.275773e-03	1.512419e+01
4.218000e-05	-1.221525e-02	1.522750e+01
4.219000e-05	-1.146408e-02	1.522000e+01
4.220000e-05	-1.302571e-02	1.531421e+01
4.221000e-05	-1.217135e-02	1.531839e+01
4.222000e-05	-1.148307e-02	1.542908e+01
4.223000e-05	-1.179132e-02	1.544061e+01
4.224000e-05	-1.351408e-02	1.549514e+01
4.225000e-05	-1.487478e-02	1.555322e+01
4.226000e-05	-1.247043e-02	1.555577e+01
4.227000e-05	-1.347629e-02	1.555490e+01
4.228000e-05	-1.394910e-02	1.553642e+01
4.229000e-05	-1.852933e-02	1.559680e+01
4.230000e-05	-1.755093e-02	1.558632e+01
4.231000e-05	-2.000605e-02	1.555792e+01
4.232000e-05	-2.078074e-02	1.556632e+01
4.233000e-05	-2.139470e-02	1.554585e+01
4.234000e-05	-2.294131e-02	1.550572e+01
4.235000e-05	-2.441855e-02	1.550221e+01
4.236000e-05	-2.713766e-02	1.544121e+01
4.237000e-05	-2.731967e-02	1.540961e+01
4.238000e-05	-3.058156e-02	1.536798e+01
4.239000e-05	-3.191233e-02	1.529482e+01
4.240000e-05	-3.312159e-02	1.527316e+01
4.241000e-05	-3.653446e-02	1.518856e+01
4.242000e-05	-3.967106e-02	1.512574e+01
4.243000e-05	-4.303948e-02	1.505211e+01
4.244000e-05	-4.510612e-02	1.497745e+01
4.245000e-05	-4.964525e-02	1.489427e+01
4.246000e-05	-5.418331e-02	1.480106e+01
4.247000e-05	-6.005050e-02	1.478577e+01
4.248000e-05	-6.493094e-02	1.463056e+01
4.249000e-05	-7.282426e-02	1.451724e+01
4.250000e-05	-7.979704e-02	1.443906e+01
4.251000e-05	-8.936151e-02	1.429467e+01
4.252000e-05	-9.820003e-02	1.415650e+01
4.253000e-05	-1.092705e-01	1.406098e+01
4.254000e-05	-1.193890e-01	1.388477e+01
4.255000e-05	-1.293873e-01	1.377750e+01
4.256000e-05	-1.383305e-01	1.361109e+01
4.257000e-05	-1.441420e-01	1.347324e+01
4.258000e-05	-1.474218e-01	1.331584e+01
4.259000e-05	-1.480371e-01	1.314945e+01
4.260000e-05	-1.464734e-01	1.302106e+01
4.261000e-05	-1.409864e-01	1.287221e+01
4.262000e-05	-1.336116e-01	1.267329e+01
4.263000e-05	-1.255449e-01	1.255635e+01
4.264000e-05	-1.169912e-01	1.232840e+01
4.265000e-05	-1.061973e-01	1.217790e+01
4.266000e-05	-9.760184e-02	1.197898e+01
4.267000e-05	-8.967534e-02	1.179053e+01
4.268000e-05	-8.068434e-02	1.157751e+01
4.269000e-05	-7.238017e-02	1.131748e+01
4.270000e-05	-6.450212e-02	1.114695e+01
4.271000e-05	-5.809775e-02	1.091795e+01
4.272000e-05	-5.105180e-02	1.073700e+01
4.273000e-05	-4.512611e-02	1.050584e+01
4.274000e-05	-4.068698e-02	1.026637e+01
4.275000e-05	-3.555049e-02	1.008629e+01
4.276000e-05	-3.201868e-02	9.853191e+00
4.277000e-05	-2.799201e-02	9.590636e+00
4.278000e-05	-2.529992e-02	9.390025e+00
4.279000e-05	-2.287347e-02	9.180079e+00
4.280000e-05	-2.068302e-02	8.887401e+00
4.281000e-05	-1.882552e-02	8.685697e+00
4.282000e-05	-1.599635e-02	8.453187e+00
4.283000e-05	-1.540345e-02	8.212684e+00
4.284000e-05	-1.263259e-02	7.968001e+00
4.285000e-05	-1.201143e-02	7.738424e+00
4.286000e-05	-1.105144e-02	7.423256e+00
4.287000e-05	-1.038736e-02	7.159476e+00
4.288000e-05	-1.000473e-02	6.906845e+00
4.289000e-05	-8.884880e-03	6.653761e+00
4.290000e-05	-8.990709e-03	6.341025e+00
4.291000e-05	-7.928943e-03	6.127367e+00
4.292000e-05	-7.811042e-03	5.824667e+00
4.293000e-05	-7.062917e-03	5.590531e+00
4.294000e-05	-6.193646e-03	5.295424e+00
4.295000e-05	-7.282830e-03	5.002053e+00
4.296000e-05	-6.522087e-03	4.685816e+00
4.297000e-05	-6.906185e-03	4.432078e+00
4.298000e-05	-5.516977e-03	4.119024e+00
4.299000e-05	-5.911799e-03	3.832714e+00
4.300000e-05	-6.604813e-03	3.591079e+00
4.301000e-05	-6.123462e-03	3.296368e+00
4.302000e-05	-5.751623e-03	3.002555e+00
4.303000e-05	-4.420274e-03	2.759502e+00
4.304000e-05	-5.709983e-03	2.413682e+00
4.305000e-05	-5.653625e-03	2.168975e+00
4.306000e-05	-5.684319e-03	1.896321e+00
4.307000e-05	-5.248470e-03	1.581078e+00
4.308000e-05	-6.189156e-03	1.296316e+00
4.309000e-05	-5.079421e-03	9.290238e-01
4.310000e-05	-4.874585e-03	6.652642e-01
4.311000e-05	-4.260065e-03	3.941527e-01
4.312000e-05	-3.441615e-03	6.736548e-02
4.313000e-05	5.584153e-03	-1.973662e-01
4.314000e-05	2.264423e-03	-4.394737e-01
4.315000e-05	-2.887015e-03	-7.546845e-01
4.316000e-05	7.582022e-04	-9.783672e-01
4.317000e-05	-2.347578e-03	-1.250053e+00
4.318000e-05	-6.630030e-04	-1.595845e+00
4.319000e-05	6.623156e-03	-1.819867e+00
4.320000e-05	3.034180e-02	-2.019421e+00
4.321000e-05	9.344725e-02	-2.353657e+00
4.322000e-05	-5.574371e-02	-2.711028e+00
4.323000e-05	-2.761450e-02	-3.110500e+00
4.324000e-05	-2.863847e-02	-3.355820e+00
4.325000e-05	-1.144841e-02	-3.568340e+00
4.326000e-05	-6.659399e-02	-3.890478e+00
4.327000e-05	2.455736e-02	-4.071078e+00
4.328000e-05	1.455536e-01	-4.250078e+00
4.329000e-05	-1.708154e-01	-4.544211e+00
4.330000e-05	1.405361e-01	-4.818950e+00
4.331000e-05	-4.105927e-02	-5.133029e+00
4.332000e-05	-5.563245e-02	-5.459920e+00
4.333000e-05	9.324213e-02	-5.702627e+00
4.334000e-05	-1.166508e-01	-5.985718e+00
4.335000e-05	1.529392e-01	-6.268481e+00
4.336000e-05	-9.306792e-02	-6.544605e+00
4.337000e-05	3.271991e-03	-6.807420e+00
4.338000e-05	4.206411e-02	-7.100453e+00
4.339000e-05	-8.640832e-02	-7.375718e+00
4.340000e-05	1.071397e-01	-7.599392e+00
4.341000e-05	-1.034017e-01	-7.961062e+00
4.342000e-05	1.257786e-01	-8.165795e+00
4.343000e-05	-6.557491e-02	-8.406869e+00
4.344000e-05	-3.387033e-03	-8.658433e+00
4.345000e-05	3.539095e-02	-8.893106e+00
4.346000e-05	-4.997159e-02	-9.135237e+00
4.347000e-05	6.730767e-02	-9.353791e+00
4.348000e-05	-7.469575e-02	-9.586819e+00
4.349000e-05	8.027734e-02	-9.839022e+00
4.350000e-05	-5.135321e-02	-1.004890e+01
4.351000e-05	3.215349e-02	-1.029904e+01
4.352000e-05	-2.323570e-02	-1.049263e+01
4.353000e-05	1.546929e-02	-1.071214e+01
4.354000e-05	1.377682e-02	-1.092214e+01
4.355000e-05	-2.053321e-02	-1.112116e+01
4.356000e-05	2.954349e-02	-1.133469e+01
4.357000e-05	-2.241983e-02	-1.154582e+01
4.358000e-05	2.071658e-02	-1.174581e+01
4.359000e-05	-2.837741e-02	-1.195629e+01
4.360000e-05	3.467827e-02	-1.212471e+01
4.361000e-05	-6.855701e-03	-1.235364e+01
4.362000e-05	1.435260e-02	-1.250373e+01
4.363000e-05	-1.627049e-02	-1.270009e+01
4.364000e-05	1.415935e-02	-1.285113e+01
4.365000e-05	-1.933898e-03	-1.302751e+01
4.366000e-05	1.244875e-03	-1.317632e+01
4.367000e-05	5.764289e-03	-1.330316e+01
4.368000e-05	3.848864e-03	-1.346158e+01
4.369000e-05	6.897115e-03	-1.362895e+01
4.370000e-05	-5.625180e-03	-1.377629e+01
4.371000e-05	1.195983e-02	-1.393256e+01
4.372000e-05	-3.569349e-04	-1.401953e+01
4.373000e-05	7.137552e-03	-1.418837e+01
4.374000e-05	-3.993885e-04	-1.430211e+01
4.375000e-05	9.562073e-03	-1.444103e+01
4.376000e-05	-5.240253e-04	-1.446524e+01
4.377000e-05	8.292313e-04	-1.467008e+01
4.378000e-05	4.092157e-03	-1.473312e+01
4.379000e-05	6.777471e-03	-1.483893e+01
4.380000e-05	7.306178e-03	-1.488321e+01
4.381000e-05	3.413866e-03	-1.499692e+01
4.382000e-05	5.112531e-03	-1.505063e+01
4.383000e-05	3.059977e-03	-1.513324e+01
4.384000e-05	5.618077e-03	-1.519827e+01
4.385000e-05	6.838929e-03	-1.524306e+01
4.386000e-05	6.686816e-03	-1.532524e+01
4.387000e-05	6.055992e-03	-1.537687e+01
4.388000e-05	4.784430e-03	-1.547945e+01
4.389000e-05	6.614889e-03	-1.544006e+01
4.390000e-05	6.368373e-03	-1.548161e+01
4.391000e-05	9.271919e-03	-1.553576e+01
4.392000e-05	8.177384e-03	-1.551427e+01
4.393000e-05	9.675782e-03	-1.553537e+01
4.394000e-05	1.030135e-02	-1.555672e+01
4.395000e-05	9.911302e-03	-1.556632e+01
4.396000e-05	8.684955e-03	-1.556690e+01
4.397000e-05	1.063955e-02	-1.555745e+01
4.398000e-05	1.547330e-02	-1.554584e+01
4.399000e-05	1.697915e-02	-1.555577e+01
4.400000e-05	1.705996e-02	-1.549276e+01
4.401000e-05	1.672546e-02	-1.547012e+01
4.402000e-05	1.988474e-02	-1.542956e+01
4.403000e-05	2.098362e-02	-1.539695e+01
4.404000e-05	2.261324e-02	-1.532585e+01
4.405000e-05	2.655211e-02	-1.530459e+01
4.406000e-05	2.792684e-02	-1.521011e+01
4.407000e-05	2.961098e-02	-1.515590e+01
4.408000e-05	3.150156e-02	-1.511372e+01
4.409000e-05	3.698077e-02	-1.503201e+01
4.410000e-05	3.854177e-02	-1.498632e+01
4.411000e-05	4.325482e-02	-1.489114e+01
4.412000e-05	4.693969e-02	-1.480950e+01
4.413000e-05	5.320918e-02	-1.467476e+01
4.414000e-05	5.796295e-02	-1.460950e+01
4.415000e-05	6.488956e-02	-1.451572e+01
4.416000e-05	7.271947e-02	-1.438795e+01
4.417000e-05	8.138346e-02	-1.424159e+01
4.418000e-05	9.188720e-02	-1.416587e+01
4.419000e-05	1.021639e-01	-1.396903e+01
4.420000e-05	1.128651e-01	-1.388419e+01
4.421000e-05	1.215497e-01	-1.373684e+01
4.422000e-05	1.300311e-01	-1.360898e+01
4.423000e-05	1.364632e-01	-1.346068e+01
4.424000e-05	1.404022e-01	-1.328419e+01
4.425000e-05	1.405006e-01	-1.315534e+01
4.426000e-05	1.380853e-01	-1.297903e+01
4.427000e-05	1.329401e-01	-1.284308e+01
4.428000e-05	1.260102e-01	-1.264121e+01
4.429000e-05	1.170060e-01	-1.249537e+01
4.430000e-05	1.084381e-01	-1.233584e+01
4.431000e-05	9.911783e-02	-1.213642e+01
4.432000e-05	8.971840e-02	-1.193742e+01
4.433000e-05	7.991355e-02	-1.175595e+01
4.434000e-05	7.094556e-02	-1.151842e+01
4.435000e-05	6.340292e-02	-1.125618e+01
4.436000e-05	5.618140e-02	-1.105277e+01
4.437000e-05	4.893755e-02	-1.088474e+01
4.438000e-05	4.329949e-02	-1.065329e+01
4.439000e-05	3.741323e-02	-1.051429e+01
4.440000e-05	3.240639e-02	-1.023466e+01
4.441000e-05	2.702875e-02	-1.001168e+01
4.442000e-05	2.346804e-02	-9.789554e+00
4.443000e-05	1.993474e-02	-9.559079e+00
4.444000e-05	1.592040e-02	-9.336498e+00
4.445000e-05	1.326111e-02	-9.106873e+00
4.446000e-05	1.087350e-02	-8.936343e+00
4.447000e-05	8.297201e-03	-8.643765e+00
4.448000e-05	5.608755e-03	-8.390180e+00
4.449000e-05	5.153686e-03	-8.148480e+00
4.450000e-05	5.035292e-03	-7.907872e+00
4.451000e-05	3.892899e-03	-7.602137e+00
4.452000e-05	1.293472e-03	-7.359475e+00
4.453000e-05	-4.058359e-04	-7.137345e+00
4.454000e-05	2.375598e-05	-6.840659e+00
4.455000e-05	-1.447037e-03	-6.569576e+00
4.456000e-05	-7.038531e-04	-6.337850e+00
4.457000e-05	-2.481186e-03	-6.072764e+00
4.458000e-05	-8.719743e-04	-5.761025e+00
4.459000e-05	-3.125053e-03	-5.517323e+00
4.460000e-05	-2.243808e-03	-5.129556e+00
4.461000e-05	-3.245724e-03	-4.856316e+00
4.462000e-05	-2.247658e-03	-4.582080e+00
4.463000e-05	-4.865887e-03	-4.338402e+00
4.464000e-05	-2.749325e-03	-4.096393e+00
4.465000e-05	-4.600151e-03	-3.821212e+00
4.466000e-05	-3.291010e-03	-3.519924e+00
4.467000e-05	-5.564921e-03	-3.264242e+00
4.468000e-05	-3.200561e-03	-3.001047e+00
4.469000e-05	-5.859210e-03	-2.664843e+00
4.470000e-05	-4.299905e-03	-2.423632e+00
4.471000e-05	-6.267882e-03	-2.087397e+00
4.472000e-05	-3.991037e-03	-1.833707e+00
4.473000e-05	-6.480700e-03	-1.568553e+00
4.474000e-05	-3.786224e-03	-1.192580e+00
4.475000e-05	-4.932920e-03	-9.183958e-01
4.476000e-05	-3.983551e-03	-6.107143e-01
4.477000e-05	-4.769842e-03	-3.284235e-01
4.478000e-05	-1.930630e-03	-7.531553e-02
4.479000e-05	6.967387e-03	2.594213e-01
4.480000e-05	-3.970957e-03	5.226330e-01
4.481000e-05	1.375862e-03	7.452633e-01
4.482000e-05	-2.490740e-03	1.080374e+00
4.483000e-05	1.099735e-03	1.313182e+00
4.484000e-05	-5.434321e-03	1.678949e+00
4.485000e-05	7.444650e-03	1.904658e+00
4.486000e-05	1.055711e-02	2.133682e+00
4.487000e-05	6.209538e-02	2.375812e+00
4.488000e-05	3.428498e-02	2.754131e+00
4.489000e-05	-7.300018e-02	2.999425e+00
4.490000e-05	-2.029166e-02	3.302584e+00
4.491000e-05	-3.149574e-02	3.608821e+00
4.492000e-05	-4.604670e-03	3.831054e+00
4.493000e-05	-4.124650e-02	4.081105e+00
4.494000e-05	1.300466e-02	4.344342e+00
4.495000e-05	7.413460e-02	4.617967e+00
4.496000e-05	-7.468150e-02	4.892128e+00
4.497000e-05	4.095257e-02	5.178869e+00
4.498000e-05	4.856223e-02	5.492030e+00
4.499000e-05	-1.088032e-01	5.735739e+00
4.500000e-05	6.690049e-02	6.026921e+00
4.501000e-05	-2.982119e-02	6.291555e+00
4.502000e-05	4.638475e-02	6.524688e+00
4.503000e-05	-4.049073e-02	6.849973e+00
4.504000e-05	-2.071075e-02	7.111661e+00
4.505000e-05	3.034324e-02	7.377266e+00
4.506000e-05	-3.600254e-02	7.731055e+00
4.507000e-05	3.214917e-02	7.933235e+00
4.508000e-05	-4.140766e-02	8.177973e+00
4.509000e-05	4.357411e-02	8.439450e+00
4.510000e-05	-1.942711e-02	8.669598e+00
4.511000e-05	-2.162758e-02	8.893608e+00
4.512000e-05	1.887565e-02	9.123213e+00
4.513000e-05	-2.552185e-02	9.385871e+00
4.514000e-05	1.742496e-02	9.607945e+00
4.515000e-05	-2.567717e-02	9.867528e+00
4.516000e-05	2.275631e-02	1.009008e+01
4.517000e-05	-2.845721e-02	1.030161e+01
4.518000e-05	3.677874e-03	1.046153e+01
4.519000e-05	-1.115784e-02	1.073363e+01
4.520000e-05	2.420027e-03	1.092471e+01
4.521000e-05	-2.268500e-03	1.115279e+01
4.522000e-05	-1.447555e-02	1.131431e+01
4.523000e-05	3.572996e-03	1.157627e+01
4.524000e-05	-1.073535e-02	1.178870e+01
4.525000e-05	-1.826015e-03	1.201534e+01
4.526000e-05	-1.762251e-02	1.214679e+01
4.527000e-05	8.405046e-03	1.234631e+01
4.528000e-05	-5.381659e-03	1.247416e+01
4.529000e-05	-6.160644e-03	1.267211e+01
4.530000e-05	-1.571073e-02	1.283955e+01
4.531000e-05	-3.262484e-03	1.299795e+01
4.532000e-05	-4.855640e-03	1.318787e+01
4.533000e-05	-1.000233e-02	1.333472e+01
4.534000e-05	-4.374697e-03	1.349308e+01
4.535000e-05	-7.591488e-03	1.363098e+01
4.536000e-05	-3.314005e-03	1.378674e+01
4.537000e-05	-1.189163e-02	1.394119e+01
4.538000e-05	-4.049194e-03	1.407106e+01
4.539000e-05	-9.554758e-03	1.419048e+01
4.540000e-05	-7.736475e-03	1.434579e+01
4.541000e-05	-9.100205e-03	1.445961e+01
4.542000e-05	-7.618274e-03	1.457534e+01
4.543000e-05	-1.062313e-02	1.461108e+01
4.544000e-05	-1.276532e-02	1.476782e+01
4.545000e-05	-6.932600e-03	1.485008e+01
4.546000e-05	-8.696844e-03	1.491424e+01
4.547000e-05	-6.956724e-03	1.499745e+01
4.548000e-05	-1.166409e-02	1.508159e+01
4.549000e-05	-9.384301e-03	1.514727e+01
4.550000e-05	-1.126052e-02	1.520801e+01
4.551000e-05	-1.147876e-02	1.526111e+01
4.552000e-05	-1.190515e-02	1.530331e+01
4.553000e-05	-1.266884e-02	1.538790e+01
4.554000e-05	-1.007915e-02	1.539948e+01
4.555000e-05	-1.353785e-02	1.547116e+01
4.556000e-05	-1.326208e-02	1.553121e+01
4.557000e-05	-1.517239e-02	1.553476e+01
4.558000e-05	-1.086098e-02	1.556534e+01
4.559000e-05	-1.443765e-02	1.553674e+01
4.560000e-05	-1.596390e-02	1.556930e+01
4.561000e-05	-1.822722e-02	1.558635e+01
4.562000e-05	-1.828042e-02	1.556693e+01
4.563000e-05	-2.022475e-02	1.557540e+01
4.564000e-05	-2.179561e-02	1.555582e+01
4.565000e-05	-2.120909e-02	1.554574e+01
4.566000e-05	-2.336262e-02	1.556329e+01
4.567000e-05	-2.496171e-02	1.550216e+01
4.568000e-05	-2.782415e-02	1.544061e+01
4.569000e-05	-2.821538e-02	1.539895e+01
4.570000e-05	-3.044200e-02	1.534735e+01
4.571000e-05	-3.248798e-02	1.531324e+01
4.572000e-05	-3.352077e-02	1.522119e+01
4.573000e-05	-3.770006e-02	1.516900e+01
4.574000e-05	-4.089157e-02	1.512495e+01
4.575000e-05	-4.425347e-02	1.504013e+01
4.576000e-05	-4.615660e-02	1.491739e+01
4.577000e-05	-5.062660e-02	1.490266e+01
4.578000e-05	-5.578403e-02	1.480045e+01
4.579000e-05	-6.149219e-02	1.469374e+01
4.580000e-05	-6.704776e-02	1.461998e+01
4.581000e-05	-7.546609e-02	1.452374e+01
4.582000e-05	-8.168000e-02	1.438893e+01
4.583000e-05	-9.177258e-02	1.425321e+01
4.584000e-05	-1.004655e-01	1.412890e+01
4.585000e-05	-1.119845e-01	1.400006e+01
4.586000e-05	-1.215514e-01	1.385224e+01
4.587000e-05	-1.328226e-01	1.370534e+01
4.588000e-05	-1.392742e-01	1.354698e+01
4.589000e-05	-1.469858e-01	1.343201e+01
4.590000e-05	-1.476445e-01	1.326329e+01
4.591000e-05	-1.484256e-01	1.315539e+01
4.592000e-05	-1.439240e-01	1.295842e+01
4.593000e-05	-1.403022e-01	1.281008e+01
4.594000e-05	-1.320162e-01	1.263268e+01
4.595000e-05	-1.237240e-01	1.247422e+01
4.596000e-05	-1.131754e-01	1.227479e+01
4.597000e-05	-1.046505e-01	1.215529e+01
4.598000e-05	-9.548120e-02	1.188590e+01
4.599000e-05	-8.665953e-02	1.171640e+01
4.600000e-05	-7.718652e-02	1.151690e+01
4.601000e-05	-7.011715e-02	1.130477e+01
4.602000e-05	-6.313733e-02	1.107381e+01
4.603000e-05	-5.559407e-02	1.088582e+01
4.604000e-05	-4.877457e-02	1.069434e+01
4.605000e-05	-4.411793e-02	1.044326e+01
4.606000e-05	-3.991011e-02	1.025261e+01
4.607000e-05	-3.514736e-02	1.004208e+01
4.608000e-05	-2.972386e-02	9.821055e+00
4.609000e-05	-2.699260e-02	9.557476e+00
4.610000e-05	-2.494218e-02	9.337949e+00
4.611000e-05	-2.224412e-02	9.126823e+00
4.612000e-05	-1.867225e-02	8.854815e+00
4.613000e-05	-1.747554e-02	8.662208e+00
4.614000e-05	-1.699459e-02	8.382582e+00
4.615000e-05	-1.435339e-02	8.167998e+00
4.616000e-05	-1.287745e-02	7.884846e+00
4.617000e-05	-1.140097e-02	7.674764e+00
4.618000e-05	-1.180242e-02	7.339452e+00
4.619000e-05	-1.046360e-02	7.095843e+00
4.620000e-05	-9.516158e-03	6.843714e+00
4.621000e-05	-8.877527e-03	6.591104e+00
4.622000e-05	-8.752241e-03	6.337395e+00
4.623000e-05	-7.590173e-03	6.035813e+00
4.624000e-05	-7.399470e-03	5.801057e+00
4.625000e-05	-6.882394e-03	5.487497e+00
4.626000e-05	-7.347434e-03	5.241684e+00
4.627000e-05	-6.038568e-03	4.874291e+00
4.628000e-05	-6.751237e-03	4.611608e+00
4.629000e-05	-7.650350e-03	4.370476e+00
4.630000e-05	-5.593978e-03	4.082186e+00
4.631000e-05	-6.100551e-03	3.759924e+00
4.632000e-05	-6.109924e-03	3.517925e+00
4.633000e-05	-6.347250e-03	3.202705e+00
4.634000e-05	-5.189215e-03	2.928951e+00
4.635000e-05	-5.220011e-03	2.677746e+00
4.636000e-05	-6.268680e-03	2.360499e+00
4.637000e-05	-5.493645e-03	2.045294e+00
4.638000e-05	-5.615224e-03	1.823135e+00
4.639000e-05	-4.889114e-03	1.507394e+00
4.640000e-05	-5.964711e-03	1.203659e+00
4.641000e-05	-5.866432e-03	8.268170e-01
4.642000e-05	-3.851842e-03	5.815541e-01
4.643000e-05	-4.006751e-03	3.369736e-01
4.644000e-05	-2.337644e-03	2.106447e-03
4.645000e-05	8.128466e-03	-2.599727e-01
4.646000e-05	-2.420390e-03	-4.946066e-01
4.647000e-05	1.421167e-03	-7.564461e-01
4.648000e-05	-3.634900e-03	-1.049950e+00
4.649000e-05	1.040839e-03	-1.357258e+00
4.650000e-05	-3.884593e-03	-1.640001e+00
4.651000e-05	1.508009e-02	-1.901027e+00
4.652000e-05	4.045852e-02	-2.074578e+00
4.653000e-05	8.740216e-02	-2.428870e+00
4.654000e-05	-9.104672e-02	-2.774737e+00
4.655000e-05	2.475192e-03	-3.143713e+00
4.656000e-05	-4.960667e-02	-3.409948e+00
4.657000e-05	1.965278e-03	-3.659049e+00
4.658000e-05	-9.137025e-02	-3.931188e+00
4.659000e-05	1.055067e-01	-4.125661e+00
4.660000e-05	6.061217e-02	-4.332113e+00
4.661000e-05	-1.457756e-01	-4.629901e+00
4.662000e-05	1.745475e-01	-4.872157e+00
4.663000e-05	-1.271736e-01	-5.186820e+00
4.664000e-05	4.766161e-02	-5.553684e+00
4.665000e-05	5.053294e-04	-5.796266e+00
4.666000e-05	-4.977088e-02	-6.070051e+00
4.667000e-05	1.372058e-01	-6.353085e+00
4.668000e-05	-1.301281e-01	-6.627291e+00
4.669000e-05	6.812827e-02	-6.859527e+00
4.670000e-05	-3.182236e-02	-7.155189e+00
4.671000e-05	-1.970026e-02	-7.447999e+00
4.672000e-05	6.506837e-02	-7.662007e+00
4.673000e-05	-7.976823e-02	-7.985737e+00
4.674000e-05	1.331630e-01	-8.199398e+00
4.675000e-05	-1.171161e-01	-8.469950e+00
4.676000e-05	5.885832e-02	-8.700684e+00
4.677000e-05	-2.217689e-02	-8.935767e+00
4.678000e-05	9.414568e-04	-9.197342e+00
4.679000e-05	2.850949e-02	-9.427396e+00
4.680000e-05	-4.668982e-02	-9.640551e+00
4.681000e-05	7.219940e-02	-9.871534e+00
4.682000e-05	-6.282976e-02	-1.012358e+01
4.683000e-05	4.898552e-02	-1.030264e+01
4.684000e-05	-4.440489e-02	-1.053229e+01
4.685000e-05	4.421347e-02	-1.078481e+01
4.686000e-05	-1.695707e-02	-1.097524e+01
4.687000e-05	4.848022e-03	-1.117424e+01
4.688000e-05	9.986180e-03	-1.136634e+01
4.689000e-05	-1.004238e-02	-1.161840e+01
4.690000e-05	9.552843e-03	-1.182845e+01
4.691000e-05	-1.835134e-02	-1.200947e+01
4.692000e-05	3.498058e-02	-1.218740e+01
4.693000e-05	-9.462695e-03	-1.238727e+01
4.694000e-05	1.276926e-02	-1.255377e+01
4.695000e-05	-1.698045e-02	-1.275214e+01
4.696000e-05	1.716241e-02	-1.288254e+01
4.697000e-05	-8.098612e-03	-1.305958e+01
4.698000e-05	6.808867e-03	-1.322743e+01
4.699000e-05	3.102278e-03	-1.335324e+01
4.700000e-05	1.045368e-02	-1.354371e+01
4.701000e-05	-1.318034e-03	-1.361053e+01
4.702000e-05	-2.454873e-05	-1.381737e+01
4.703000e-05	7.118844e-03	-1.394420e+01
4.704000e-05	3.257598e-03	-1.407063e+01
4.705000e-05	2.907320e-03	-1.418845e+01
4.706000e-05	3.168963e-03	-1.435416e+01
4.707000e-05	7.553375e-03	-1.444153e+01
4.708000e-05	-1.369602e-03	-1.455577e+01
4.709000e-05	7.691806e-04	-1.468056e+01
4.710000e-05	4.944669e-03	-1.479637e+01
4.711000e-05	8.976040e-03	-1.481901e+01
4.712000e-05	6.831000e-03	-1.489424e+01
4.713000e-05	3.998788e-03	-1.501843e+01
4.714000e-05	5.437592e-03	-1.511159e+01
4.715000e-05	2.993706e-03	-1.513427e+01
4.716000e-05	3.582857e-03	-1.521900e+01
4.717000e-05	5.879069e-03	-1.527068e+01
4.718000e-05	7.322125e-03	-1.531471e+01
4.719000e-05	7.292713e-03	-1.536735e+01
4.720000e-05	5.024383e-03	-1.541996e+01
4.721000e-05	6.364765e-03	-1.549114e+01
4.722000e-05	7.267502e-03	-1.548266e+01
4.723000e-05	9.194265e-03	-1.554317e+01
4.724000e-05	8.653386e-03	-1.553384e+01
4.725000e-05	8.148878e-03	-1.554432e+01
4.726000e-05	1.032546e-02	-1.561487e+01
4.727000e-05	1.002030e-02	-1.555637e+01
4.728000e-05	9.811011e-03	-1.557540e+01
4.729000e-05	1.240510e-02	-1.553692e+01
4.730000e-05	1.642439e-02	-1.554487e+01
4.731000e-05	1.649936e-02	-1.551319e+01
4.732000e-05	1.860968e-02	-1.549366e+01
4.733000e-05	1.743722e-02	-1.546214e+01
4.734000e-05	2.070871e-02	-1.543898e+01
4.735000e-05	2.011410e-02	-1.537640e+01
4.736000e-05	2.412429e-02	-1.530632e+01
4.737000e-05	2.658881e-02	-1.530324e+01
4.738000e-05	2.876440e-02	-1.522156e+01
4.739000e-05	2.975219e-02	-1.514727e+01
4.740000e-05	3.210587e-02	-1.510224e+01
4.741000e-05	3.771469e-02	-1.504156e+01
4.742000e-05	4.118237e-02	-1.490532e+01
4.743000e-05	4.425801e-02	-1.489214e+01
4.744000e-05	4.851264e-02	-1.477643e+01
4.745000e-05	5.349567e-02	-1.469269e+01
4.746000e-05	5.996508e-02	-1.458898e+01
4.747000e-05	6.596120e-02	-1.447367e+01
4.748000e-05	7.510948e-02	-1.435737e+01
4.749000e-05	8.529181e-02	-1.425003e+01
4.750000e-05	9.514536e-02	-1.408377e+01
4.751000e-05	1.055617e-01	-1.395905e+01
4.752000e-05	1.142995e-01	-1.381956e+01
4.753000e-05	1.249805e-01	-1.370379e+01
4.754000e-05	1.314357e-01	-1.355690e+01
4.755000e-05	1.377921e-01	-1.339958e+01
4.756000e-05	1.400155e-01	-1.325216e+01
4.757000e-05	1.410174e-01	-1.307379e+01
4.758000e-05	1.368245e-01	-1.296694e+01
4.759000e-05	1.309522e-01	-1.277098e+01
4.760000e-05	1.239177e-01	-1.259006e+01
4.761000e-05	1.157193e-01	-1.245219e+01
4.762000e-05	1.059013e-01	-1.223316e+01
4.763000e-05	9.645048e-02	-1.207526e+01
4.764000e-05	8.721838e-02	-1.192622e+01
4.765000e-05	7.736146e-02	-1.167424e+01
4.766000e-05	6.872587e-02	-1.149219e+01
4.767000e-05	6.099897e-02	-1.126166e+01
4.768000e-05	5.482943e-02	-1.101113e+01
4.769000e-05	4.714022e-02	-1.083168e+01
4.770000e-05	4.107634e-02	-1.063061e+01
4.771000e-05	3.505453e-02	-1.045161e+01
4.772000e-05	3.138718e-02	-1.018958e+01
4.773000e-05	2.583424e-02	-9.947426e+00
4.774000e-05	2.241181e-02	-9.758946e+00
4.775000e-05	1.879018e-02	-9.567943e+00
4.776000e-05	1.641367e-02	-9.263766e+00
4.777000e-05	1.250871e-02	-9.045165e+00
4.778000e-05	1.005084e-02	-8.873588e+00
4.779000e-05	8.457351e-03	-8.580481e+00
4.780000e-05	7.188658e-03	-8.349972e+00
4.781000e-05	4.675431e-03	-8.126797e+00
4.782000e-05	3.740599e-03	-7.853761e+00
4.783000e-05	1.977629e-03	-7.539497e+00
4.784000e-05	1.915035e-03	-7.306892e+00
4.785000e-05	1.513054e-04	-7.035184e+00
4.786000e-05	2.369572e-05	-6.799530e+00
4.787000e-05	-9.567308e-04	-6.517395e+00
4.788000e-05	-6.060308e-04	-6.254717e+00
4.789000e-05	-2.818476e-03	-5.990030e+00
4.790000e-05	-2.151483e-03	-5.716924e+00
4.791000e-05	-3.291246e-03	-5.414189e+00
4.792000e-05	-2.015367e-03	-5.098995e+00
4.793000e-05	-3.979056e-03	-4.822085e+00
4.794000e-05	-3.093581e-03	-4.486995e+00
4.795000e-05	-4.024010e-03	-4.306271e+00
4.796000e-05	-2.140757e-03	-4.032759e+00
4.797000e-05	-3.906574e-03	-3.750450e+00
4.798000e-05	-4.499997e-03	-3.504712e+00
4.799000e-05	-4.562725e-03	-3.202153e+00
4.800000e-05	-4.944037e-03	-2.884318e+00
4.801000e-05	-4.927423e-03	-2.581630e+00
4.802000e-05	-4.399867e-03	-2.328502e+00
4.803000e-05	-4.363654e-03	-2.022234e+00
4.804000e-05	-4.711009e-03	-1.760004e+00
4.805000e-05	-4.444881e-03	-1.515816e+00
4.806000e-05	-4.911397e-03	-1.117450e+00
4.807000e-05	-4.555882e-03	-8.642579e-01
4.808000e-05	-4.730834e-03	-5.500063e-01
4.809000e-05	-3.825596e-03	-2.652895e-01
4.810000e-05	-7.145618e-04	1.843892e-02
4.811000e-05	7.802015e-03	3.036593e-01
4.812000e-05	-6.265857e-03	5.577622e-01
4.813000e-05	4.327144e-03	7.989437e-01
4.814000e-05	-4.491429e-03	1.143682e+00
4.815000e-05	1.967877e-03	1.387419e+00
4.816000e-05	-6.477716e-03	1.702136e+00
4.817000e-05	1.115947e-02	1.956794e+00
4.818000e-05	1.420252e-02	2.176317e+00
4.819000e-05	7.842628e-02	2.418475e+00
4.820000e-05	-8.452338e-03	2.798398e+00
4.821000e-05	-5.986105e-02	3.143154e+00
4.822000e-05	-2.542507e-02	3.377841e+00
4.823000e-05	-1.927720e-02	3.672077e+00
4.824000e-05	-1.538638e-02	3.873762e+00
4.825000e-05	-3.164949e-02	4.166313e+00
4.826000e-05	2.662413e-02	4.418418e+00
4.827000e-05	6.681716e-02	4.650976e+00
4.828000e-05	-1.109635e-01	4.974866e+00
4.829000e-05	1.192114e-01	5.249528e+00
4.830000e-05	-4.355537e-02	5.543138e+00
4.831000e-05	-4.257120e-02	5.808923e+00
4.832000e-05	3.571714e-02	6.103631e+00
4.833000e-05	-1.480653e-02	6.335714e+00
4.834000e-05	4.087267e-02	6.637821e+00
4.835000e-05	-5.758924e-02	6.891611e+00
4.836000e-05	1.088799e-02	7.194817e+00
4.837000e-05	1.907424e-03	7.469980e+00
4.838000e-05	-1.393738e-02	7.733659e+00
4.839000e-05	1.564686e-02	8.027371e+00
4.840000e-05	-2.722205e-02	8.231082e+00
4.841000e-05	4.290773e-02	8.491632e+00
4.842000e-05	-3.588725e-02	8.711191e+00
4.843000e-05	-4.229940e-03	8.945863e+00
4.844000e-05	8.174554e-03	9.217370e+00
4.845000e-05	-1.904872e-02	9.428948e+00
4.846000e-05	1.193920e-02	9.660952e+00
4.847000e-05	-2.102756e-02	9.922584e+00
4.848000e-05	1.982374e-02	1.011366e+01
4.849000e-05	-2.973793e-02	1.033218e+01
4.850000e-05	6.731438e-03	1.054584e+01
4.851000e-05	-1.247534e-02	1.074437e+01
4.852000e-05	3.642425e-03	1.097687e+01
4.853000e-05	-6.476107e-03	1.119782e+01
4.854000e-05	-1.297550e-02	1.140652e+01
4.855000e-05	5.996514e-03	1.163950e+01
4.856000e-05	-1.179804e-02	1.182843e+01
4.857000e-05	-4.222580e-03	1.200997e+01
4.858000e-05	-1.470353e-02	1.219705e+01
4.859000e-05	1.023807e-02	1.241685e+01
4.860000e-05	-7.712329e-03	1.253584e+01
4.861000e-05	-1.004066e-02	1.276264e+01
4.862000e-05	-1.190039e-02	1.290266e+01
4.863000e-05	-3.118636e-03	1.308916e+01
4.864000e-05	-4.994706e-03	1.320805e+01
4.865000e-05	-1.267553e-02	1.337585e+01
4.866000e-05	-2.695842e-03	1.353269e+01
4.867000e-05	-6.982545e-03	1.368111e+01
4.868000e-05	-5.147277e-03	1.378795e+01
4.869000e-05	-1.189199e-02	1.397487e+01
4.870000e-05	-5.716147e-03	1.410411e+01
4.871000e-05	-8.376061e-03	1.420010e+01
4.872000e-05	-9.574558e-03	1.437637e+01
4.873000e-05	-7.421524e-03	1.449013e+01
4.874000e-05	-9.093449e-03	1.459490e+01
4.875000e-05	-1.005444e-02	1.474319e+01
4.876000e-05	-1.290069e-02	1.478748e+01
4.877000e-05	-4.880561e-03	1.487256e+01
4.878000e-05	-9.734774e-03	1.491574e+01
4.879000e-05	-8.540387e-03	1.504995e+01
4.880000e-05	-1.249409e-02	1.509216e+01
4.881000e-05	-1.017753e-02	1.515537e+01
4.882000e-05	-1.055367e-02	1.519908e+01
4.883000e-05	-1.256558e-02	1.526466e+01
4.884000e-05	-1.149332e-02	1.534486e+01
4.885000e-05	-1.375936e-02	1.537743e+01
4.886000e-05	-1.066753e-02	1.541903e+01
4.887000e-05	-1.403648e-02	1.548159e+01
4.888000e-05	-1.333393e-02	1.553362e+01
4.889000e-05	-1.447856e-02	1.552424e+01
4.890000e-05	-1.233057e-02	1.556482e+01
4.891000e-05	-1.382999e-02	1.557645e+01
4.892000e-05	-1.770028e-02	1.560693e+01
4.893000e-05	-1.793534e-02	1.560735e+01
4.894000e-05	-1.911733e-02	1.561642e+01
4.895000e-05	-2.025106e-02	1.558584e+01
4.896000e-05	-2.151917e-02	1.555481e+01
4.897000e-05	-2.179944e-02	1.553631e+01
4.898000e-05	-2.381723e-02	1.554276e+01
4.899000e-05	-2.634767e-02	1.550114e+01
4.900000e-05	-2.671504e-02	1.544848e+01
4.901000e-05	-2.929001e-02	1.539845e+01
4.902000e-05	-3.075468e-02	1.534592e+01
4.903000e-05	-3.431942e-02	1.530271e+01
4.904000e-05	-3.431005e-02	1.525108e+01
4.905000e-05	-3.783493e-02	1.518538e+01
4.906000e-05	-4.146609e-02	1.508427e+01
4.907000e-05	-4.651198e-02	1.506004e+01
4.908000e-05	-4.818798e-02	1.496692e+01
4.909000e-05	-5.148900e-02	1.485118e+01
4.910000e-05	-5.614156e-02	1.476595e+01
4.911000e-05	-6.314484e-02	1.467276e+01
4.912000e-05	-6.918447e-02	1.457693e+01
4.913000e-05	-7.710475e-02	1.447323e+01
4.914000e-05	-8.481648e-02	1.435543e+01
4.915000e-05	-9.397327e-02	1.423161e+01
4.916000e-05	-1.034227e-01	1.414634e+01
4.917000e-05	-1.142399e-01	1.397595e+01
4.918000e-05	-1.244650e-01	1.385063e+01
4.919000e-05	-1.347824e-01	1.369374e+01
4.920000e-05	-1.414604e-01	1.355497e+01
4.921000e-05	-1.473705e-01	1.339853e+01
4.922000e-05	-1.490434e-01	1.323221e+01
4.923000e-05	-1.474342e-01	1.312324e+01
4.924000e-05	-1.429439e-01	1.293644e+01
4.925000e-05	-1.370823e-01	1.274695e+01
4.926000e-05	-1.303513e-01	1.258903e+01
4.927000e-05	-1.209342e-01	1.242309e+01
4.928000e-05	-1.110609e-01	1.226124e+01
4.929000e-05	-1.017576e-01	1.205572e+01
4.930000e-05	-9.374800e-02	1.188372e+01
4.931000e-05	-8.523699e-02	1.167476e+01
4.932000e-05	-7.593363e-02	1.147216e+01
4.933000e-05	-6.827139e-02	1.120164e+01
4.934000e-05	-6.197207e-02	1.105211e+01
4.935000e-05	-5.382766e-02	1.084076e+01
4.936000e-05	-4.803287e-02	1.062309e+01
4.937000e-05	-4.269314e-02	1.040056e+01
4.938000e-05	-3.787553e-02	1.016008e+01
4.939000e-05	-3.363502e-02	9.961379e+00
4.940000e-05	-3.023005e-02	9.757420e+00
4.941000e-05	-2.707650e-02	9.516320e+00
4.942000e-05	-2.332642e-02	9.283343e+00
4.943000e-05	-2.055284e-02	9.054159e+00
4.944000e-05	-2.002975e-02	8.831088e+00
4.945000e-05	-1.816323e-02	8.550980e+00
4.946000e-05	-1.539952e-02	8.357450e+00
4.947000e-05	-1.281738e-02	8.076319e+00
4.948000e-05	-1.248170e-02	7.842759e+00
4.949000e-05	-1.115492e-02	7.580455e+00
4.950000e-05	-1.059120e-02	7.283846e+00
4.951000e-05	-1.032673e-02	7.064661e+00
4.952000e-05	-9.806920e-03	6.762003e+00
4.953000e-05	-7.603064e-03	6.528370e+00
4.954000e-05	-7.948563e-03	6.221187e+00
4.955000e-05	-8.030225e-03	6.021107e+00
4.956000e-05	-6.835962e-03	5.696494e+00
4.957000e-05	-6.694854e-03	5.465739e+00
4.958000e-05	-7.459580e-03	5.117524e+00
4.959000e-05	-6.271318e-03	4.821188e+00
4.960000e-05	-6.952227e-03	4.528924e+00
4.961000e-05	-6.012054e-03	4.294265e+00
4.962000e-05	-5.936702e-03	3.982080e+00
4.963000e-05	-6.318967e-03	3.726391e+00
4.964000e-05	-6.285764e-03	3.465669e+00
4.965000e-05	-6.469986e-03	3.140475e+00
4.966000e-05	-5.280461e-03	2.883818e+00
4.967000e-05	-5.303198e-03	2.572705e+00
4.968000e-05	-5.863648e-03	2.268368e+00
4.969000e-05	-6.169647e-03	2.013708e+00
4.970000e-05	-4.678518e-03	1.720424e+00
4.971000e-05	-5.315468e-03	1.374710e+00
4.972000e-05	-5.878915e-03	1.159423e+00
4.973000e-05	-6.062345e-03	8.025791e-01
4.974000e-05	-4.066165e-03	5.068946e-01
4.975000e-05	-3.758264e-03	2.448369e-01
4.976000e-05	-5.145051e-04	-7.200244e-02
4.977000e-05	8.199262e-03	-3.242092e-01
4.978000e-05	-5.844151e-03	-5.787648e-01
4.979000e-05	4.844260e-03	-8.911052e-01
4.980000e-05	-5.214620e-03	-1.135262e+00
4.981000e-05	2.412045e-03	-1.438474e+00
4.982000e-05	-3.793047e-03	-1.714157e+00
4.983000e-05	2.204981e-02	-1.935213e+00
4.984000e-05	5.780657e-02	-2.175239e+00
4.985000e-05	5.229206e-02	-2.501605e+00
4.986000e-05	-9.288800e-02	-2.829475e+00
4.987000e-05	1.063997e-02	-3.269425e+00
4.988000e-05	-5.040771e-02	-3.481057e+00
4.989000e-05	-5.838982e-03	-3.740704e+00
4.990000e-05	-8.537050e-02	-3.962841e+00
4.991000e-05	1.592143e-01	-4.165266e+00
4.992000e-05	-5.142659e-02	-4.376345e+00
4.993000e-05	-5.831265e-02	-4.688708e+00
4.994000e-05	1.511671e-01	-4.926209e+00
4.995000e-05	-1.641985e-01	-5.302554e+00
4.996000e-05	1.238863e-01	-5.586344e+00
4.997000e-05	-8.263320e-02	-5.827921e+00
4.998000e-05	4.023263e-02	-6.082161e+00
4.999000e-05	6.989219e-02	-6.396843e+00
