# 260410_15:08:07.656381
t	CH1	CH2
0.000000e+00	1.133404e-03	-1.036216e-01
1.000000e-08	6.549136e-03	-3.378382e-01
2.000000e-08	-4.402555e-03	-6.385651e-01
3.000000e-08	2.839181e-03	-8.932340e-01
4.000000e-08	-4.221326e-03	-1.166814e+00
5.000000e-08	9.198378e-04	-1.454104e+00
6.000000e-08	-1.290304e-03	-1.695187e+00
7.000000e-08	2.114420e-02	-1.947341e+00
8.000000e-08	6.655707e-02	-2.188811e+00
9.000000e-08	3.656212e-02	-2.526228e+00
1.000000e-07	-8.617940e-02	-2.903204e+00
1.100000e-07	3.357880e-03	-3.234102e+00
1.200000e-07	-4.364520e-02	-3.505732e+00
1.300000e-07	-1.579932e-02	-3.695207e+00
1.400000e-07	-6.291929e-02	-3.960370e+00
1.500000e-07	1.566441e-01	-4.146846e+00
1.600000e-07	-6.271533e-02	-4.410498e+00
1.700000e-07	-3.050922e-02	-4.736285e+00
1.800000e-07	1.251975e-01	-4.946819e+00
1.900000e-07	-1.630511e-01	-5.263211e+00
2.000000e-07	1.134917e-01	-5.559475e+00
2.100000e-07	-7.235863e-02	-5.831925e+00
2.200000e-07	4.416519e-02	-6.106313e+00
2.300000e-07	5.488296e-02	-6.368996e+00
2.400000e-07	-1.134913e-01	-6.643179e+00
2.500000e-07	9.317385e-02	-6.906767e+00
2.600000e-07	-8.291167e-02	-7.151027e+00
2.700000e-07	5.333236e-02	-7.473686e+00
2.800000e-07	-8.840594e-03	-7.737339e+00
2.900000e-07	-3.869225e-03	-8.020602e+00
3.000000e-07	7.350053e-02	-8.233608e+00
3.100000e-07	-1.085193e-01	-8.486312e+00
3.200000e-07	8.473802e-02	-8.767471e+00
3.300000e-07	-5.837643e-02	-9.019500e+00
3.400000e-07	4.497676e-02	-9.232132e+00
3.500000e-07	-2.263842e-02	-9.393036e+00
3.600000e-07	4.546976e-03	-9.684290e+00
3.700000e-07	2.947036e-02	-9.855262e+00
3.800000e-07	-4.021347e-02	-1.014779e+01
3.900000e-07	3.546769e-02	-1.037785e+01
4.000000e-07	-3.465452e-02	-1.056893e+01
4.100000e-07	4.615667e-02	-1.074698e+01
4.200000e-07	-3.346525e-02	-1.093832e+01
4.300000e-07	2.468821e-02	-1.117043e+01
4.400000e-07	-8.942869e-03	-1.138895e+01
4.500000e-07	4.341351e-03	-1.158194e+01
4.600000e-07	-1.014700e-02	-1.175103e+01
4.700000e-07	7.631174e-03	-1.201111e+01
4.800000e-07	1.991717e-02	-1.220051e+01
4.900000e-07	-5.720318e-03	-1.235048e+01
5.000000e-07	2.619660e-03	-1.253788e+01
5.100000e-07	-6.618445e-03	-1.271670e+01
5.200000e-07	1.563119e-02	-1.289572e+01
5.300000e-07	-1.079873e-02	-1.306059e+01
5.400000e-07	1.120634e-02	-1.320151e+01
5.500000e-07	-5.944307e-04	-1.333742e+01
5.600000e-07	1.019673e-02	-1.347372e+01
5.700000e-07	-5.096197e-03	-1.363204e+01
5.800000e-07	7.523227e-03	-1.383006e+01
5.900000e-07	4.550371e-03	-1.391578e+01
6.000000e-07	2.628894e-03	-1.404069e+01
6.100000e-07	1.955779e-03	-1.416946e+01
6.200000e-07	7.489707e-03	-1.430578e+01
6.300000e-07	3.085538e-03	-1.435302e+01
6.400000e-07	-3.270949e-03	-1.451775e+01
6.500000e-07	3.562054e-03	-1.460254e+01
6.600000e-07	8.308425e-03	-1.468790e+01
6.700000e-07	9.057688e-03	-1.480001e+01
6.800000e-07	4.180060e-03	-1.486425e+01
6.900000e-07	4.956956e-03	-1.499901e+01
7.000000e-07	4.070942e-03	-1.499217e+01
7.100000e-07	6.066702e-03	-1.505580e+01
7.200000e-07	6.017824e-03	-1.515846e+01
7.300000e-07	6.576954e-03	-1.524206e+01
7.400000e-07	4.691446e-03	-1.527322e+01
7.500000e-07	6.395596e-03	-1.532740e+01
7.600000e-07	7.672849e-03	-1.534851e+01
7.700000e-07	7.112983e-03	-1.541104e+01
7.800000e-07	8.444522e-03	-1.540167e+01
7.900000e-07	8.746523e-03	-1.545412e+01
8.000000e-07	1.012359e-02	-1.547368e+01
8.100000e-07	8.438060e-03	-1.544573e+01
8.200000e-07	9.942307e-03	-1.548430e+01
8.300000e-07	9.151755e-03	-1.548683e+01
8.400000e-07	1.078810e-02	-1.547570e+01
8.500000e-07	1.274897e-02	-1.547523e+01
8.600000e-07	1.557158e-02	-1.544520e+01
8.700000e-07	1.522447e-02	-1.543372e+01
8.800000e-07	1.642150e-02	-1.543262e+01
8.900000e-07	1.834103e-02	-1.535889e+01
9.000000e-07	1.750224e-02	-1.532898e+01
9.100000e-07	2.139470e-02	-1.525576e+01
9.200000e-07	2.218417e-02	-1.525065e+01
9.300000e-07	2.642739e-02	-1.518102e+01
9.400000e-07	2.526875e-02	-1.511888e+01
9.500000e-07	2.822773e-02	-1.505225e+01
9.600000e-07	3.144408e-02	-1.495102e+01
9.700000e-07	3.351852e-02	-1.488684e+01
9.800000e-07	3.719008e-02	-1.483220e+01
9.900000e-07	4.032343e-02	-1.473849e+01
1.000000e-06	4.446599e-02	-1.468230e+01
1.010000e-06	4.924709e-02	-1.459959e+01
1.020000e-06	5.186590e-02	-1.444270e+01
1.030000e-06	5.707679e-02	-1.437787e+01
1.040000e-06	6.130129e-02	-1.424425e+01
1.050000e-06	6.923133e-02	-1.407729e+01
1.060000e-06	7.554447e-02	-1.401004e+01
1.070000e-06	8.293911e-02	-1.384523e+01
1.080000e-06	9.179394e-02	-1.373633e+01
1.090000e-06	1.031693e-01	-1.355957e+01
1.100000e-06	1.106653e-01	-1.343315e+01
1.110000e-06	1.174840e-01	-1.326428e+01
1.120000e-06	1.225453e-01	-1.314704e+01
1.130000e-06	1.319470e-01	-1.298054e+01
1.140000e-06	1.335779e-01	-1.283067e+01
1.150000e-06	1.366568e-01	-1.265478e+01
1.160000e-06	1.346402e-01	-1.248530e+01
1.170000e-06	1.338066e-01	-1.234791e+01
1.180000e-06	1.265813e-01	-1.215901e+01
1.190000e-06	1.194083e-01	-1.196049e+01
1.200000e-06	1.118227e-01	-1.175894e+01
1.210000e-06	1.039198e-01	-1.155004e+01
1.220000e-06	9.723705e-02	-1.130726e+01
1.230000e-06	8.758791e-02	-1.109578e+01
1.240000e-06	8.077437e-02	-1.090331e+01
1.250000e-06	7.144298e-02	-1.071633e+01
1.260000e-06	6.519915e-02	-1.051668e+01
1.270000e-06	5.753212e-02	-1.023480e+01
1.280000e-06	5.146210e-02	-1.003378e+01
1.290000e-06	4.446418e-02	-9.832245e+00
1.300000e-06	4.101021e-02	-9.663671e+00
1.310000e-06	3.718328e-02	-9.392018e+00
1.320000e-06	3.107844e-02	-9.209959e+00
1.330000e-06	2.571566e-02	-8.939007e+00
1.340000e-06	2.312514e-02	-8.666408e+00
1.350000e-06	2.167638e-02	-8.456350e+00
1.360000e-06	1.914028e-02	-8.202470e+00
1.370000e-06	1.434436e-02	-8.010639e+00
1.380000e-06	1.169867e-02	-7.694385e+00
1.390000e-06	1.063666e-02	-7.412274e+00
1.400000e-06	8.912095e-03	-7.200038e+00
1.410000e-06	6.901159e-03	-6.924827e+00
1.420000e-06	5.778619e-03	-6.645199e+00
1.430000e-06	2.238893e-03	-6.369636e+00
1.440000e-06	3.633286e-03	-6.138436e+00
1.450000e-06	1.741302e-03	-5.883224e+00
1.460000e-06	1.731690e-03	-5.591512e+00
1.470000e-06	-1.822712e-03	-5.265333e+00
1.480000e-06	4.280747e-04	-4.992890e+00
1.490000e-06	-6.411216e-04	-4.694775e+00
1.500000e-06	-9.532607e-04	-4.401517e+00
1.510000e-06	-3.650208e-03	-4.179510e+00
1.520000e-06	-1.806813e-03	-3.847401e+00
1.530000e-06	-3.791612e-03	-3.620664e+00
1.540000e-06	-2.223279e-03	-3.358533e+00
1.550000e-06	-3.780702e-03	-3.075175e+00
1.560000e-06	-4.430429e-03	-2.759560e+00
1.570000e-06	-6.106476e-03	-2.516299e+00
1.580000e-06	-4.066248e-03	-2.213620e+00
1.590000e-06	-4.224424e-03	-1.886900e+00
1.600000e-06	-3.612054e-03	-1.683218e+00
1.610000e-06	-5.225950e-03	-1.345901e+00
1.620000e-06	-4.655753e-03	-1.053586e+00
1.630000e-06	-4.831117e-03	-7.479499e-01
1.640000e-06	-5.332029e-03	-4.306416e-01
1.650000e-06	-4.581298e-03	-1.569777e-01
1.660000e-06	2.147917e-03	1.136005e-01
1.670000e-06	4.606464e-03	4.114436e-01
1.680000e-06	-3.452444e-03	6.420214e-01
1.690000e-06	1.018908e-03	9.536804e-01
1.700000e-06	-4.533198e-03	1.211969e+00
1.710000e-06	8.389275e-04	1.534203e+00
1.720000e-06	-1.766886e-03	1.829518e+00
1.730000e-06	1.219353e-02	2.039025e+00
1.740000e-06	2.932405e-02	2.272627e+00
1.750000e-06	7.430253e-02	2.577785e+00
1.760000e-06	-4.938161e-02	2.914181e+00
1.770000e-06	-4.213752e-02	3.168997e+00
1.780000e-06	-2.990553e-02	3.474701e+00
1.790000e-06	-7.240917e-03	3.765771e+00
1.800000e-06	-2.760629e-02	3.949874e+00
1.810000e-06	-1.655415e-02	4.220448e+00
1.820000e-06	4.947870e-02	4.474200e+00
1.830000e-06	1.248050e-02	4.738311e+00
1.840000e-06	-7.121391e-02	5.039502e+00
1.850000e-06	1.313671e-01	5.354737e+00
1.860000e-06	-1.114774e-01	5.581521e+00
1.870000e-06	2.303845e-02	5.864662e+00
1.880000e-06	8.850842e-03	6.177265e+00
1.890000e-06	1.128401e-02	6.389973e+00
1.900000e-06	1.026688e-02	6.654036e+00
1.910000e-06	-5.800039e-02	6.968348e+00
1.920000e-06	3.405587e-02	7.229503e+00
1.930000e-06	-2.066378e-02	7.516220e+00
1.940000e-06	1.262115e-02	7.769375e+00
1.950000e-06	-1.272001e-02	8.063608e+00
1.960000e-06	-2.527626e-04	8.336764e+00
1.970000e-06	2.679755e-02	8.517768e+00
1.980000e-06	-3.883559e-02	8.768324e+00
1.990000e-06	1.523576e-02	8.990003e+00
2.000000e-06	-1.226882e-02	9.242028e+00
2.010000e-06	-1.440219e-03	9.471611e+00
2.020000e-06	-1.221880e-03	9.724140e+00
2.030000e-06	-2.267080e-03	9.905292e+00
2.040000e-06	-7.232582e-04	1.013732e+01
2.050000e-06	-2.044871e-02	1.035743e+01
2.060000e-06	5.397648e-03	1.057800e+01
2.070000e-06	-7.061096e-03	1.075898e+01
2.080000e-06	2.151394e-03	1.096896e+01
2.090000e-06	-1.233773e-02	1.119998e+01
2.100000e-06	-2.826624e-03	1.136054e+01
2.110000e-06	2.300707e-04	1.161011e+01
2.120000e-06	-9.831375e-03	1.183164e+01
2.130000e-06	-1.036809e-02	1.205313e+01
2.140000e-06	-1.457979e-03	1.218146e+01
2.150000e-06	5.307419e-03	1.237998e+01
2.160000e-06	-8.872922e-03	1.256985e+01
2.170000e-06	-1.358706e-02	1.271625e+01
2.180000e-06	-5.204422e-03	1.288475e+01
2.190000e-06	-3.234589e-03	1.301162e+01
2.200000e-06	-7.618056e-03	1.323052e+01
2.210000e-06	-1.007964e-02	1.333843e+01
2.220000e-06	-2.806720e-03	1.350673e+01
2.230000e-06	-5.743216e-03	1.360360e+01
2.240000e-06	-7.726942e-03	1.378003e+01
2.250000e-06	-7.937882e-03	1.389681e+01
2.260000e-06	-7.829962e-03	1.407420e+01
2.270000e-06	-8.153655e-03	1.421109e+01
2.280000e-06	-7.379341e-03	1.434846e+01
2.290000e-06	-6.417840e-03	1.442112e+01
2.300000e-06	-1.289865e-02	1.450895e+01
2.310000e-06	-1.236646e-02	1.462267e+01
2.320000e-06	-7.754567e-03	1.474888e+01
2.330000e-06	-5.509950e-03	1.485207e+01
2.340000e-06	-1.062164e-02	1.490530e+01
2.350000e-06	-1.136261e-02	1.497846e+01
2.360000e-06	-9.668433e-03	1.505267e+01
2.370000e-06	-9.298585e-03	1.511580e+01
2.380000e-06	-1.162894e-02	1.516003e+01
2.390000e-06	-1.362998e-02	1.523162e+01
2.400000e-06	-1.198994e-02	1.524415e+01
2.410000e-06	-1.144484e-02	1.533739e+01
2.420000e-06	-1.139479e-02	1.534798e+01
2.430000e-06	-1.379264e-02	1.537114e+01
2.440000e-06	-1.535511e-02	1.544162e+01
2.450000e-06	-1.237503e-02	1.549367e+01
2.460000e-06	-1.192747e-02	1.545568e+01
2.470000e-06	-1.429478e-02	1.546630e+01
2.480000e-06	-1.915201e-02	1.551733e+01
2.490000e-06	-1.640511e-02	1.548623e+01
2.500000e-06	-1.830907e-02	1.549693e+01
2.510000e-06	-1.952662e-02	1.550523e+01
2.520000e-06	-2.150965e-02	1.542530e+01
2.530000e-06	-2.130586e-02	1.540265e+01
2.540000e-06	-2.204462e-02	1.539364e+01
2.550000e-06	-2.405243e-02	1.538007e+01
2.560000e-06	-2.583949e-02	1.528636e+01
2.570000e-06	-2.861191e-02	1.527526e+01
2.580000e-06	-2.869124e-02	1.527263e+01
2.590000e-06	-3.003726e-02	1.514004e+01
2.600000e-06	-3.271745e-02	1.513739e+01
2.610000e-06	-3.699532e-02	1.508523e+01
2.620000e-06	-3.895467e-02	1.500110e+01
2.630000e-06	-4.056626e-02	1.493391e+01
2.640000e-06	-4.365628e-02	1.485322e+01
2.650000e-06	-4.995477e-02	1.475801e+01
2.660000e-06	-5.137239e-02	1.463377e+01
2.670000e-06	-5.443641e-02	1.452951e+01
2.680000e-06	-5.980457e-02	1.445220e+01
2.690000e-06	-6.655952e-02	1.435001e+01
2.700000e-06	-7.205099e-02	1.425370e+01
2.710000e-06	-7.636251e-02	1.410541e+01
2.720000e-06	-8.573603e-02	1.401055e+01
2.730000e-06	-9.268569e-02	1.385318e+01
2.740000e-06	-1.022467e-01	1.370481e+01
2.750000e-06	-1.091371e-01	1.360894e+01
2.760000e-06	-1.193113e-01	1.340017e+01
2.770000e-06	-1.268874e-01	1.328578e+01
2.780000e-06	-1.347864e-01	1.307794e+01
2.790000e-06	-1.392668e-01	1.296999e+01
2.800000e-06	-1.427139e-01	1.280107e+01
2.810000e-06	-1.433353e-01	1.266318e+01
2.820000e-06	-1.431111e-01	1.249630e+01
2.830000e-06	-1.379390e-01	1.230681e+01
2.840000e-06	-1.334138e-01	1.217688e+01
2.850000e-06	-1.257181e-01	1.195844e+01
2.860000e-06	-1.189811e-01	1.172739e+01
2.870000e-06	-1.098409e-01	1.151789e+01
2.880000e-06	-1.027081e-01	1.133836e+01
2.890000e-06	-9.418264e-02	1.114691e+01
2.900000e-06	-8.591034e-02	1.095886e+01
2.910000e-06	-7.843564e-02	1.072644e+01
2.920000e-06	-7.101821e-02	1.047530e+01
2.930000e-06	-6.450988e-02	1.028430e+01
2.940000e-06	-5.868812e-02	1.004328e+01
2.950000e-06	-5.320853e-02	9.823599e+00
2.960000e-06	-4.812579e-02	9.623097e+00
2.970000e-06	-4.289218e-02	9.391510e+00
2.980000e-06	-3.832673e-02	9.159413e+00
2.990000e-06	-3.586945e-02	8.907457e+00
3.000000e-06	-3.198007e-02	8.663825e+00
3.010000e-06	-2.821475e-02	8.463649e+00
3.020000e-06	-2.664518e-02	8.192595e+00
3.030000e-06	-2.436542e-02	7.938559e+00
3.040000e-06	-2.064758e-02	7.666377e+00
3.050000e-06	-1.908974e-02	7.442694e+00
3.060000e-06	-1.823349e-02	7.168461e+00
3.070000e-06	-1.623555e-02	6.905851e+00
3.080000e-06	-1.403157e-02	6.654673e+00
3.090000e-06	-1.304533e-02	6.358509e+00
3.100000e-06	-1.207581e-02	6.116880e+00
3.110000e-06	-1.034033e-02	5.884825e+00
3.120000e-06	-9.537630e-03	5.597510e+00
3.130000e-06	-8.760677e-03	5.285858e+00
3.140000e-06	-9.258343e-03	5.002014e+00
3.150000e-06	-8.124612e-03	4.694754e+00
3.160000e-06	-8.919774e-03	4.424142e+00
3.170000e-06	-7.575257e-03	4.178910e+00
3.180000e-06	-7.347319e-03	3.882769e+00
3.190000e-06	-6.802872e-03	3.628983e+00
3.200000e-06	-6.217484e-03	3.336800e+00
3.210000e-06	-6.687379e-03	3.001639e+00
3.220000e-06	-5.413169e-03	2.799079e+00
3.230000e-06	-5.083530e-03	2.435178e+00
3.240000e-06	-6.166220e-03	2.138906e+00
3.250000e-06	-6.147893e-03	1.906450e+00
3.260000e-06	-5.368078e-03	1.631569e+00
3.270000e-06	-5.759609e-03	1.316824e+00
3.280000e-06	-5.220818e-03	1.032162e+00
3.290000e-06	-4.605938e-03	6.872697e-01
3.300000e-06	-4.151588e-03	4.525603e-01
3.310000e-06	-2.904992e-03	1.168448e-01
3.320000e-06	1.902651e-03	-1.668604e-01
3.330000e-06	5.700303e-03	-4.004924e-01
3.340000e-06	-4.289485e-03	-6.957055e-01
3.350000e-06	2.649996e-03	-9.282872e-01
3.360000e-06	-4.646329e-03	-1.189944e+00
3.370000e-06	8.635030e-04	-1.496757e+00
3.380000e-06	3.665500e-03	-1.767366e+00
3.390000e-06	2.626226e-02	-1.959946e+00
3.400000e-06	8.061685e-02	-2.272674e+00
3.410000e-06	-1.157708e-02	-2.580042e+00
3.420000e-06	-6.280300e-02	-2.978766e+00
3.430000e-06	-6.234707e-03	-3.336742e+00
3.440000e-06	-3.374400e-02	-3.535714e+00
3.450000e-06	-3.768588e-02	-3.779344e+00
3.460000e-06	-2.058722e-02	-4.041628e+00
3.470000e-06	1.612476e-01	-4.209024e+00
3.480000e-06	-1.290940e-01	-4.503603e+00
3.490000e-06	6.330568e-02	-4.770395e+00
3.500000e-06	3.828696e-02	-5.000025e+00
3.510000e-06	-1.158557e-01	-5.377496e+00
3.520000e-06	1.219542e-01	-5.642628e+00
3.530000e-06	-1.121372e-01	-5.904283e+00
3.540000e-06	1.133662e-01	-6.198399e+00
3.550000e-06	-2.268892e-02	-6.422680e+00
3.560000e-06	-6.081655e-02	-6.736265e+00
3.570000e-06	7.677824e-02	-6.996375e+00
3.580000e-06	-9.617010e-02	-7.265361e+00
3.590000e-06	9.379626e-02	-7.528369e+00
3.600000e-06	-6.357550e-02	-7.810430e+00
3.610000e-06	6.396654e-02	-8.065745e+00
3.620000e-06	1.200223e-03	-8.277241e+00
3.630000e-06	-6.516428e-02	-8.556956e+00
3.640000e-06	7.291832e-02	-8.851582e+00
3.650000e-06	-6.653351e-02	-9.054181e+00
3.660000e-06	6.667627e-02	-9.263766e+00
3.670000e-06	-5.575745e-02	-9.494615e+00
3.680000e-06	4.723131e-02	-9.708896e+00
3.690000e-06	-1.543172e-02	-9.966903e+00
3.700000e-06	-7.129746e-03	-1.018940e+01
3.710000e-06	1.263986e-02	-1.039046e+01
3.720000e-06	-1.435159e-02	-1.058956e+01
3.730000e-06	3.578070e-02	-1.082106e+01
3.740000e-06	-3.527725e-02	-1.102201e+01
3.750000e-06	3.337077e-02	-1.125269e+01
3.760000e-06	-2.056858e-02	-1.147414e+01
3.770000e-06	1.516380e-02	-1.164472e+01
3.780000e-06	-2.057516e-02	-1.181419e+01
3.790000e-06	2.469436e-02	-1.207457e+01
3.800000e-06	7.407314e-03	-1.224311e+01
3.810000e-06	4.579944e-04	-1.245471e+01
3.820000e-06	-5.602349e-03	-1.256899e+01
3.830000e-06	2.574820e-04	-1.274853e+01
3.840000e-06	8.788407e-03	-1.291785e+01
3.850000e-06	-5.181805e-03	-1.306475e+01
3.860000e-06	1.039220e-02	-1.326251e+01
3.870000e-06	2.660302e-04	-1.335893e+01
3.880000e-06	8.113682e-03	-1.349733e+01
3.890000e-06	-5.947412e-03	-1.363427e+01
3.900000e-06	1.198493e-02	-1.383162e+01
3.910000e-06	5.100420e-04	-1.391733e+01
3.920000e-06	4.721526e-03	-1.405378e+01
3.930000e-06	1.919100e-03	-1.418999e+01
3.940000e-06	1.031557e-02	-1.433936e+01
3.950000e-06	5.086753e-04	-1.442317e+01
3.960000e-06	-1.469189e-03	-1.455941e+01
3.970000e-06	5.335164e-03	-1.463217e+01
3.980000e-06	9.613000e-03	-1.474683e+01
3.990000e-06	9.206445e-03	-1.481059e+01
4.000000e-06	2.215103e-03	-1.489425e+01
4.010000e-06	3.996285e-03	-1.499952e+01
4.020000e-06	3.095323e-03	-1.501262e+01
4.030000e-06	6.421271e-03	-1.508780e+01
4.040000e-06	6.370746e-03	-1.513894e+01
4.050000e-06	7.067808e-03	-1.526259e+01
4.060000e-06	5.468023e-03	-1.527425e+01
4.070000e-06	6.456858e-03	-1.530745e+01
4.080000e-06	6.710260e-03	-1.539054e+01
4.090000e-06	7.242887e-03	-1.543312e+01
4.100000e-06	7.545647e-03	-1.545315e+01
4.110000e-06	8.729610e-03	-1.546417e+01
4.120000e-06	9.754251e-03	-1.546530e+01
4.130000e-06	1.045895e-02	-1.548625e+01
4.140000e-06	9.377084e-03	-1.548473e+01
4.150000e-06	8.214423e-03	-1.549423e+01
4.160000e-06	1.070562e-02	-1.547473e+01
4.170000e-06	1.490515e-02	-1.546368e+01
4.180000e-06	1.532584e-02	-1.546573e+01
4.190000e-06	1.450564e-02	-1.543412e+01
4.200000e-06	1.472466e-02	-1.542112e+01
4.210000e-06	1.773925e-02	-1.534849e+01
4.220000e-06	1.938207e-02	-1.537798e+01
4.230000e-06	2.168105e-02	-1.523631e+01
4.240000e-06	2.345311e-02	-1.519362e+01
4.250000e-06	2.622273e-02	-1.516049e+01
4.260000e-06	2.618680e-02	-1.510741e+01
4.270000e-06	2.946098e-02	-1.505467e+01
4.280000e-06	3.019583e-02	-1.498854e+01
4.290000e-06	3.493660e-02	-1.486728e+01
4.300000e-06	3.802756e-02	-1.479157e+01
4.310000e-06	4.201653e-02	-1.473794e+01
4.320000e-06	4.437410e-02	-1.463475e+01
4.330000e-06	4.790626e-02	-1.457049e+01
4.340000e-06	5.410398e-02	-1.446417e+01
4.350000e-06	5.840644e-02	-1.430839e+01
4.360000e-06	6.414571e-02	-1.415060e+01
4.370000e-06	7.110811e-02	-1.407523e+01
4.380000e-06	7.881481e-02	-1.395894e+01
4.390000e-06	8.569107e-02	-1.379120e+01
4.400000e-06	9.359970e-02	-1.367580e+01
4.410000e-06	1.031454e-01	-1.353891e+01
4.420000e-06	1.126017e-01	-1.340004e+01
4.430000e-06	1.200248e-01	-1.320313e+01
4.440000e-06	1.276567e-01	-1.312683e+01
4.450000e-06	1.315772e-01	-1.295949e+01
4.460000e-06	1.353114e-01	-1.282107e+01
4.470000e-06	1.357762e-01	-1.259407e+01
4.480000e-06	1.340410e-01	-1.245370e+01
4.490000e-06	1.309227e-01	-1.227538e+01
4.500000e-06	1.261917e-01	-1.212776e+01
4.510000e-06	1.181168e-01	-1.186688e+01
4.520000e-06	1.107370e-01	-1.166728e+01
4.530000e-06	1.017796e-01	-1.149733e+01
4.540000e-06	9.429621e-02	-1.126578e+01
4.550000e-06	8.606150e-02	-1.105220e+01
4.560000e-06	7.941630e-02	-1.085327e+01
4.570000e-06	7.022696e-02	-1.068522e+01
4.580000e-06	6.395963e-02	-1.045488e+01
4.590000e-06	5.569190e-02	-1.024312e+01
4.600000e-06	5.037341e-02	-1.003164e+01
4.610000e-06	4.407261e-02	-9.811012e+00
4.620000e-06	3.987290e-02	-9.571035e+00
4.630000e-06	3.432515e-02	-9.358382e+00
4.640000e-06	3.002241e-02	-9.107883e+00
4.650000e-06	2.634910e-02	-8.866326e+00
4.660000e-06	2.276771e-02	-8.673663e+00
4.670000e-06	2.055429e-02	-8.429517e+00
4.680000e-06	1.657720e-02	-8.159437e+00
4.690000e-06	1.471317e-02	-7.926479e+00
4.700000e-06	1.156746e-02	-7.622274e+00
4.710000e-06	1.038031e-02	-7.379013e+00
4.720000e-06	7.567607e-03	-7.096803e+00
4.730000e-06	6.191085e-03	-6.795643e+00
4.740000e-06	5.012683e-03	-6.592986e+00
4.750000e-06	3.796340e-03	-6.318934e+00
4.760000e-06	2.612228e-03	-6.052675e+00
4.770000e-06	2.161053e-03	-5.801088e+00
4.780000e-06	1.081132e-03	-5.527459e+00
4.790000e-06	-5.271562e-04	-5.224241e+00
4.800000e-06	-5.820652e-04	-4.917458e+00
4.810000e-06	-3.132025e-03	-4.561992e+00
4.820000e-06	-1.753691e-03	-4.339008e+00
4.830000e-06	-2.367471e-03	-4.115853e+00
4.840000e-06	-1.193799e-03	-3.823641e+00
4.850000e-06	-3.679432e-03	-3.558430e+00
4.860000e-06	-4.900331e-03	-3.315750e+00
4.870000e-06	-4.286828e-03	-3.001509e+00
4.880000e-06	-3.954186e-03	-2.706371e+00
4.890000e-06	-2.528383e-03	-2.422188e+00
4.900000e-06	-5.388114e-03	-2.146906e+00
4.910000e-06	-5.104345e-03	-1.886743e+00
4.920000e-06	-5.404977e-03	-1.589605e+00
4.930000e-06	-3.664048e-03	-1.252710e+00
4.940000e-06	-5.219903e-03	-9.799776e-01
4.950000e-06	-4.382792e-03	-6.836707e-01
4.960000e-06	-4.884860e-03	-3.799814e-01
4.970000e-06	-1.221608e-03	-1.068157e-01
4.980000e-06	4.865287e-03	1.667346e-01
4.990000e-06	5.979458e-05	4.715750e-01
5.000000e-06	-1.243206e-03	6.852555e-01
5.010000e-06	1.834273e-04	9.783646e-01
5.020000e-06	-2.452267e-03	1.283682e+00
5.030000e-06	-3.571317e-03	1.620939e+00
5.040000e-06	1.302578e-03	1.854580e+00
5.050000e-06	1.319348e-02	2.042623e+00
5.060000e-06	4.782144e-02	2.304212e+00
5.070000e-06	5.711337e-02	2.652499e+00
5.080000e-06	-6.904748e-02	2.988416e+00
5.090000e-06	-2.619460e-02	3.242633e+00
5.100000e-06	-3.159775e-02	3.587837e+00
5.110000e-06	-2.655379e-03	3.799498e+00
5.120000e-06	-3.721837e-02	4.011052e+00
5.130000e-06	7.745984e-06	4.274061e+00
5.140000e-06	6.375604e-02	4.555716e+00
5.150000e-06	-3.334397e-02	4.891473e+00
5.160000e-06	-1.734737e-02	5.133662e+00
5.170000e-06	9.831359e-02	5.399972e+00
5.180000e-06	-1.256762e-01	5.663257e+00
5.190000e-06	6.144538e-02	5.957321e+00
5.200000e-06	-1.801461e-02	6.161502e+00
5.210000e-06	3.212252e-02	6.483058e+00
5.220000e-06	-1.923093e-02	6.758794e+00
5.230000e-06	-4.143828e-02	7.010525e+00
5.240000e-06	3.647083e-02	7.252186e+00
5.250000e-06	-3.021661e-02	7.600448e+00
5.260000e-06	2.601802e-02	7.839078e+00
5.270000e-06	-2.822214e-02	8.147765e+00
5.280000e-06	2.530225e-02	8.367974e+00
5.290000e-06	4.268626e-03	8.550824e+00
5.300000e-06	-3.527753e-02	8.821030e+00
5.310000e-06	1.697526e-02	9.063536e+00
5.320000e-06	-2.063713e-02	9.275266e+00
5.330000e-06	1.255394e-02	9.565269e+00
5.340000e-06	-1.374562e-02	9.728877e+00
5.350000e-06	7.110766e-03	9.978450e+00
5.360000e-06	-1.573263e-02	1.018996e+01
5.370000e-06	-5.969242e-03	1.040206e+01
5.380000e-06	1.540752e-03	1.060153e+01
5.390000e-06	-5.470391e-03	1.085214e+01
5.400000e-06	-1.375675e-03	1.103114e+01
5.410000e-06	-1.384592e-02	1.125214e+01
5.420000e-06	4.396802e-03	1.145319e+01
5.430000e-06	-5.088655e-03	1.170511e+01
5.440000e-06	-9.310784e-03	1.186424e+01
5.450000e-06	-1.411834e-02	1.209424e+01
5.460000e-06	7.612237e-03	1.222062e+01
5.470000e-06	2.080277e-03	1.243311e+01
5.480000e-06	-1.088963e-02	1.258003e+01
5.490000e-06	-1.605715e-02	1.274836e+01
5.500000e-06	-3.078507e-03	1.292530e+01
5.510000e-06	-9.883748e-04	1.303372e+01
5.520000e-06	-9.078402e-03	1.327307e+01
5.530000e-06	-8.428456e-03	1.336953e+01
5.540000e-06	-5.424007e-03	1.354686e+01
5.550000e-06	-4.386313e-03	1.367427e+01
5.560000e-06	-9.301170e-03	1.379154e+01
5.570000e-06	-8.215028e-03	1.391589e+01
5.580000e-06	-1.090184e-02	1.406535e+01
5.590000e-06	-6.033683e-03	1.424122e+01
5.600000e-06	-5.965059e-03	1.433693e+01
5.610000e-06	-7.086511e-03	1.442573e+01
5.620000e-06	-1.364453e-02	1.458644e+01
5.630000e-06	-1.337505e-02	1.463377e+01
5.640000e-06	-4.453616e-03	1.475944e+01
5.650000e-06	-7.346976e-03	1.484262e+01
5.660000e-06	-9.545911e-03	1.489533e+01
5.670000e-06	-1.271182e-02	1.499091e+01
5.680000e-06	-8.575338e-03	1.505420e+01
5.690000e-06	-1.009593e-02	1.513686e+01
5.700000e-06	-1.208680e-02	1.518151e+01
5.710000e-06	-1.333439e-02	1.521213e+01
5.720000e-06	-1.140413e-02	1.528623e+01
5.730000e-06	-1.113730e-02	1.530686e+01
5.740000e-06	-1.301307e-02	1.536002e+01
5.750000e-06	-1.399480e-02	1.548049e+01
5.760000e-06	-1.488684e-02	1.541270e+01
5.770000e-06	-1.164378e-02	1.547320e+01
5.780000e-06	-1.262822e-02	1.546483e+01
5.790000e-06	-1.525097e-02	1.550633e+01
5.800000e-06	-1.814050e-02	1.546430e+01
5.810000e-06	-1.733012e-02	1.547483e+01
5.820000e-06	-1.887342e-02	1.545575e+01
5.830000e-06	-2.038757e-02	1.544683e+01
5.840000e-06	-2.053603e-02	1.546315e+01
5.850000e-06	-2.106487e-02	1.543370e+01
5.860000e-06	-2.235402e-02	1.540217e+01
5.870000e-06	-2.471705e-02	1.535739e+01
5.880000e-06	-2.577649e-02	1.531829e+01
5.890000e-06	-2.904906e-02	1.529418e+01
5.900000e-06	-3.064239e-02	1.524204e+01
5.910000e-06	-3.079547e-02	1.515994e+01
5.920000e-06	-3.371113e-02	1.513528e+01
5.930000e-06	-3.742656e-02	1.504420e+01
5.940000e-06	-4.064012e-02	1.500999e+01
5.950000e-06	-4.176230e-02	1.487375e+01
5.960000e-06	-4.472202e-02	1.481212e+01
5.970000e-06	-4.859237e-02	1.474986e+01
5.980000e-06	-5.337974e-02	1.463218e+01
5.990000e-06	-5.669938e-02	1.454636e+01
6.000000e-06	-6.258374e-02	1.444420e+01
6.010000e-06	-6.709675e-02	1.431738e+01
6.020000e-06	-7.398608e-02	1.424070e+01
6.030000e-06	-7.908589e-02	1.406481e+01
6.040000e-06	-8.683497e-02	1.396949e+01
6.050000e-06	-9.398550e-02	1.383107e+01
6.060000e-06	-1.048491e-01	1.366523e+01
6.070000e-06	-1.126013e-01	1.352748e+01
6.080000e-06	-1.218175e-01	1.344049e+01
6.090000e-06	-1.289479e-01	1.323262e+01
6.100000e-06	-1.376830e-01	1.308575e+01
6.110000e-06	-1.402343e-01	1.291883e+01
6.120000e-06	-1.431591e-01	1.277899e+01
6.130000e-06	-1.433414e-01	1.262054e+01
6.140000e-06	-1.425383e-01	1.244425e+01
6.150000e-06	-1.372412e-01	1.228378e+01
6.160000e-06	-1.304498e-01	1.203370e+01
6.170000e-06	-1.235295e-01	1.191578e+01
6.180000e-06	-1.173833e-01	1.167688e+01
6.190000e-06	-1.089560e-01	1.148576e+01
6.200000e-06	-1.014526e-01	1.128570e+01
6.210000e-06	-9.171832e-02	1.109572e+01
6.220000e-06	-8.371596e-02	1.090418e+01
6.230000e-06	-7.563295e-02	1.067775e+01
6.240000e-06	-6.973628e-02	1.044265e+01
6.250000e-06	-6.342338e-02	1.022159e+01
6.260000e-06	-5.642177e-02	1.000259e+01
6.270000e-06	-5.175597e-02	9.761410e+00
6.280000e-06	-4.723863e-02	9.568508e+00
6.290000e-06	-4.211483e-02	9.357329e+00
6.300000e-06	-3.716982e-02	9.096782e+00
6.310000e-06	-3.453849e-02	8.873224e+00
6.320000e-06	-3.174529e-02	8.632091e+00
6.330000e-06	-2.783101e-02	8.400040e+00
6.340000e-06	-2.474112e-02	8.168989e+00
6.350000e-06	-2.311682e-02	7.877726e+00
6.360000e-06	-2.083388e-02	7.654592e+00
6.370000e-06	-1.916307e-02	7.367910e+00
6.380000e-06	-1.662492e-02	7.134799e+00
6.390000e-06	-1.536338e-02	6.863141e+00
6.400000e-06	-1.418725e-02	6.581466e+00
6.410000e-06	-1.281187e-02	6.327781e+00
6.420000e-06	-1.064953e-02	6.085166e+00
6.430000e-06	-1.072615e-02	5.760541e+00
6.440000e-06	-1.077778e-02	5.506874e+00
6.450000e-06	-9.422046e-03	5.265197e+00
6.460000e-06	-8.363649e-03	4.914750e+00
6.470000e-06	-7.990183e-03	4.621613e+00
6.480000e-06	-7.977374e-03	4.361054e+00
6.490000e-06	-7.349355e-03	4.083845e+00
6.500000e-06	-6.658096e-03	3.799559e+00
6.510000e-06	-6.387809e-03	3.517901e+00
6.520000e-06	-5.604357e-03	3.262139e+00
6.530000e-06	-6.168894e-03	2.938427e+00
6.540000e-06	-5.851881e-03	2.726222e+00
6.550000e-06	-5.882612e-03	2.390455e+00
6.560000e-06	-5.793101e-03	2.105323e+00
6.570000e-06	-5.745266e-03	1.845147e+00
6.580000e-06	-5.403415e-03	1.586874e+00
6.590000e-06	-5.422640e-03	1.263689e+00
6.600000e-06	-5.067412e-03	9.254199e-01
6.610000e-06	-4.790124e-03	6.225619e-01
6.620000e-06	-3.830786e-03	3.173787e-01
6.630000e-06	-2.421288e-03	6.354176e-02
6.640000e-06	5.388220e-03	-2.014936e-01
6.650000e-06	7.626285e-04	-4.330988e-01
6.660000e-06	-2.308617e-03	-7.373408e-01
6.670000e-06	1.000940e-03	-9.904448e-01
6.680000e-06	-1.659705e-03	-1.247308e+00
6.690000e-06	-1.120029e-03	-1.588986e+00
6.700000e-06	9.118745e-03	-1.811548e+00
6.710000e-06	3.520095e-02	-2.061152e+00
6.720000e-06	8.611474e-02	-2.332635e+00
6.730000e-06	-5.697002e-02	-2.704207e+00
6.740000e-06	-3.078064e-02	-3.085203e+00
6.750000e-06	-2.546532e-02	-3.348444e+00
6.760000e-06	-1.793802e-02	-3.568471e+00
6.770000e-06	-6.496042e-02	-3.834780e+00
6.780000e-06	4.158572e-02	-4.075209e+00
6.790000e-06	1.109559e-01	-4.243204e+00
6.800000e-06	-1.594736e-01	-4.537317e+00
6.810000e-06	1.338018e-01	-4.811052e+00
6.820000e-06	-5.394333e-02	-5.124787e+00
6.830000e-06	-3.457703e-02	-5.432008e+00
6.840000e-06	7.444876e-02	-5.703779e+00
6.850000e-06	-9.663540e-02	-5.977418e+00
6.860000e-06	1.446855e-01	-6.241108e+00
6.870000e-06	-9.197548e-02	-6.503739e+00
6.880000e-06	8.698063e-03	-6.781576e+00
6.890000e-06	2.658192e-02	-7.063086e+00
6.900000e-06	-6.772784e-02	-7.348823e+00
6.910000e-06	9.186102e-02	-7.609500e+00
6.920000e-06	-8.220226e-02	-7.865662e+00
6.930000e-06	1.117266e-01	-8.097900e+00
6.940000e-06	-6.904123e-02	-8.338929e+00
6.950000e-06	-1.674043e-03	-8.611612e+00
6.960000e-06	3.181919e-02	-8.874663e+00
6.970000e-06	-4.057999e-02	-9.095269e+00
6.980000e-06	5.624426e-02	-9.346769e+00
6.990000e-06	-6.312064e-02	-9.578998e+00
7.000000e-06	6.923585e-02	-9.739054e+00
7.010000e-06	-4.608253e-02	-1.000156e+01
7.020000e-06	2.479978e-02	-1.019257e+01
7.030000e-06	-1.803225e-02	-1.046521e+01
7.040000e-06	1.403477e-02	-1.068572e+01
7.050000e-06	1.281832e-02	-1.084374e+01
7.060000e-06	-1.888971e-02	-1.106317e+01
7.070000e-06	2.787409e-02	-1.125519e+01
7.080000e-06	-2.281711e-02	-1.144630e+01
7.090000e-06	1.559249e-02	-1.170480e+01
7.100000e-06	-2.138424e-02	-1.194630e+01
7.110000e-06	3.524329e-02	-1.211785e+01
7.120000e-06	-6.290342e-03	-1.229272e+01
7.130000e-06	5.543172e-03	-1.247469e+01
7.140000e-06	-1.121728e-02	-1.260059e+01
7.150000e-06	1.271183e-02	-1.278164e+01
7.160000e-06	7.631353e-04	-1.296900e+01
7.170000e-06	1.943547e-04	-1.310688e+01
7.180000e-06	6.269110e-03	-1.326272e+01
7.190000e-06	4.156348e-03	-1.340161e+01
7.200000e-06	3.621625e-03	-1.355693e+01
7.210000e-06	-3.600353e-03	-1.376687e+01
7.220000e-06	1.051283e-02	-1.384370e+01
7.230000e-06	1.014842e-04	-1.398898e+01
7.240000e-06	5.923126e-03	-1.410683e+01
7.250000e-06	3.132544e-03	-1.422162e+01
7.260000e-06	8.508608e-03	-1.434898e+01
7.270000e-06	-2.004604e-03	-1.446314e+01
7.280000e-06	1.087659e-03	-1.455959e+01
7.290000e-06	6.290801e-03	-1.470475e+01
7.300000e-06	7.961345e-03	-1.473099e+01
7.310000e-06	4.966330e-03	-1.482169e+01
7.320000e-06	4.268315e-03	-1.494833e+01
7.330000e-06	5.849397e-03	-1.496857e+01
7.340000e-06	3.329302e-03	-1.506223e+01
7.350000e-06	4.284435e-03	-1.508536e+01
7.360000e-06	6.592507e-03	-1.515056e+01
7.370000e-06	6.845982e-03	-1.523264e+01
7.380000e-06	5.803266e-03	-1.529575e+01
7.390000e-06	6.088648e-03	-1.532649e+01
7.400000e-06	5.825583e-03	-1.538864e+01
7.410000e-06	7.787801e-03	-1.543217e+01
7.420000e-06	9.245359e-03	-1.545217e+01
7.430000e-06	8.731522e-03	-1.547325e+01
7.440000e-06	8.716187e-03	-1.545523e+01
7.450000e-06	9.832534e-03	-1.549470e+01
7.460000e-06	1.003822e-02	-1.548583e+01
7.470000e-06	9.273667e-03	-1.551485e+01
7.480000e-06	1.075779e-02	-1.547573e+01
7.490000e-06	1.438297e-02	-1.548478e+01
7.500000e-06	1.490002e-02	-1.548418e+01
7.510000e-06	1.553748e-02	-1.543162e+01
7.520000e-06	1.698821e-02	-1.542067e+01
7.530000e-06	1.721929e-02	-1.539907e+01
7.540000e-06	1.947676e-02	-1.532691e+01
7.550000e-06	2.061472e-02	-1.526378e+01
7.560000e-06	2.542325e-02	-1.520162e+01
7.570000e-06	2.477123e-02	-1.515749e+01
7.580000e-06	2.697624e-02	-1.511735e+01
7.590000e-06	2.976892e-02	-1.504169e+01
7.600000e-06	3.305738e-02	-1.495746e+01
7.610000e-06	3.447775e-02	-1.484668e+01
7.620000e-06	3.854405e-02	-1.480054e+01
7.630000e-06	4.305816e-02	-1.472736e+01
7.640000e-06	4.556878e-02	-1.463310e+01
7.650000e-06	4.947720e-02	-1.453696e+01
7.660000e-06	5.374030e-02	-1.444257e+01
7.670000e-06	6.091150e-02	-1.424536e+01
7.680000e-06	6.604048e-02	-1.412861e+01
7.690000e-06	7.336910e-02	-1.404465e+01
7.700000e-06	8.020988e-02	-1.395579e+01
7.710000e-06	8.851933e-02	-1.381214e+01
7.720000e-06	9.640012e-02	-1.363165e+01
7.730000e-06	1.056271e-01	-1.346598e+01
7.740000e-06	1.141221e-01	-1.333991e+01
7.750000e-06	1.216878e-01	-1.320260e+01
7.760000e-06	1.297505e-01	-1.306375e+01
7.770000e-06	1.345310e-01	-1.292588e+01
7.780000e-06	1.352226e-01	-1.274749e+01
7.790000e-06	1.343482e-01	-1.254907e+01
7.800000e-06	1.337045e-01	-1.240257e+01
7.810000e-06	1.304173e-01	-1.226267e+01
7.820000e-06	1.228384e-01	-1.203358e+01
7.830000e-06	1.174237e-01	-1.184468e+01
7.840000e-06	1.077722e-01	-1.163400e+01
7.850000e-06	9.970584e-02	-1.144157e+01
7.860000e-06	9.253628e-02	-1.122007e+01
7.870000e-06	8.363764e-02	-1.100102e+01
7.880000e-06	7.991752e-02	-1.077012e+01
7.890000e-06	6.850172e-02	-1.059156e+01
7.900000e-06	6.084490e-02	-1.041811e+01
7.910000e-06	5.510087e-02	-1.016948e+01
7.920000e-06	4.599056e-02	-9.957542e+00
7.930000e-06	4.381761e-02	-9.747462e+00
7.940000e-06	3.593262e-02	-9.485881e+00
7.950000e-06	3.448204e-02	-9.285254e+00
7.960000e-06	2.834216e-02	-9.054172e+00
7.970000e-06	2.725180e-02	-8.853071e+00
7.980000e-06	2.365040e-02	-8.589516e+00
7.990000e-06	2.028635e-02	-8.327507e+00
8.000000e-06	1.638163e-02	-8.096253e+00
8.010000e-06	1.359266e-02	-7.823771e+00
8.020000e-06	1.005248e-02	-7.599069e+00
8.030000e-06	8.225904e-03	-7.306873e+00
8.040000e-06	6.421452e-03	-7.054117e+00
8.050000e-06	6.203081e-03	-6.769566e+00
8.060000e-06	4.676334e-03	-6.549305e+00
8.070000e-06	4.319406e-03	-6.284229e+00
8.080000e-06	3.159695e-03	-5.980613e+00
8.090000e-06	2.416385e-03	-5.728931e+00
8.100000e-06	6.758324e-04	-5.464143e+00
8.110000e-06	-5.278101e-04	-5.117380e+00
8.120000e-06	-1.753491e-03	-4.832093e+00
8.130000e-06	-2.880182e-03	-4.515903e+00
8.140000e-06	-2.494739e-03	-4.296825e+00
8.150000e-06	-2.460638e-03	-4.043670e+00
8.160000e-06	-3.235791e-03	-3.719505e+00
8.170000e-06	-2.354362e-03	-3.485272e+00
8.180000e-06	-3.148325e-03	-3.213108e+00
8.190000e-06	-3.118365e-03	-2.906331e+00
8.200000e-06	-5.251791e-03	-2.633639e+00
8.210000e-06	-3.403139e-03	-2.375429e+00
8.220000e-06	-4.947488e-03	-2.062238e+00
8.230000e-06	-4.175022e-03	-1.800034e+00
8.240000e-06	-5.690527e-03	-1.517418e+00
8.250000e-06	-4.373127e-03	-1.210976e+00
8.260000e-06	-4.236259e-03	-9.047645e-01
8.270000e-06	-4.182944e-03	-5.590776e-01
8.280000e-06	-3.638030e-03	-3.152709e-01
8.290000e-06	-1.655554e-03	-5.268402e-02
8.300000e-06	6.599864e-03	2.631013e-01
8.310000e-06	-3.783703e-03	5.342846e-01
8.320000e-06	9.305317e-04	7.583923e-01
8.330000e-06	-2.847012e-03	1.063504e+00
8.340000e-06	-1.056850e-03	1.335286e+00
8.350000e-06	-3.441146e-03	1.683673e+00
8.360000e-06	7.807691e-03	1.924716e+00
8.370000e-06	1.397158e-02	2.105288e+00
8.380000e-06	6.508655e-02	2.409944e+00
8.390000e-06	2.391219e-02	2.717739e+00
8.400000e-06	-7.105387e-02	3.041128e+00
8.410000e-06	-2.261263e-02	3.375758e+00
8.420000e-06	-2.711308e-02	3.640529e+00
8.430000e-06	-6.486859e-03	3.882679e+00
8.440000e-06	-3.608428e-02	4.123184e+00
8.450000e-06	1.892972e-02	4.307866e+00
8.460000e-06	6.651794e-02	4.627873e+00
8.470000e-06	-7.420307e-02	4.886185e+00
8.480000e-06	5.548192e-02	5.178949e+00
8.490000e-06	2.545012e-02	5.472630e+00
8.500000e-06	-9.783792e-02	5.727339e+00
8.510000e-06	6.570238e-02	6.031125e+00
8.520000e-06	-2.336203e-02	6.294191e+00
8.530000e-06	4.285292e-02	6.538291e+00
8.540000e-06	-4.627372e-02	6.851104e+00
8.550000e-06	-1.243363e-02	7.064710e+00
8.560000e-06	2.440021e-02	7.357922e+00
8.570000e-06	-2.442159e-02	7.663110e+00
8.580000e-06	2.353769e-02	7.904794e+00
8.590000e-06	-3.309299e-02	8.189504e+00
8.600000e-06	3.917279e-02	8.442082e+00
8.610000e-06	-1.818395e-02	8.671611e+00
8.620000e-06	-1.746250e-02	8.884717e+00
8.630000e-06	1.378921e-02	9.104771e+00
8.640000e-06	-2.360875e-02	9.326822e+00
8.650000e-06	1.492966e-02	9.569383e+00
8.660000e-06	-1.759002e-02	9.799983e+00
8.670000e-06	1.602416e-02	1.006069e+01
8.680000e-06	-2.639916e-02	1.027224e+01
8.690000e-06	1.205285e-03	1.047469e+01
8.700000e-06	-5.146566e-03	1.066469e+01
8.710000e-06	2.707529e-04	1.090489e+01
8.720000e-06	-4.889422e-03	1.109179e+01
8.730000e-06	-1.371683e-02	1.132528e+01
8.740000e-06	6.871731e-03	1.149928e+01
8.750000e-06	-8.419217e-03	1.170690e+01
8.760000e-06	-5.829956e-03	1.193938e+01
8.770000e-06	-1.335217e-02	1.214577e+01
8.780000e-06	9.857380e-03	1.228434e+01
8.790000e-06	-4.534638e-03	1.246280e+01
8.800000e-06	-1.088827e-02	1.264162e+01
8.810000e-06	-1.240818e-02	1.281098e+01
8.820000e-06	-3.120585e-03	1.295799e+01
8.830000e-06	-4.133603e-03	1.312578e+01
8.840000e-06	-1.058295e-02	1.331372e+01
8.850000e-06	-3.847947e-03	1.341209e+01
8.860000e-06	-5.902975e-03	1.360106e+01
8.870000e-06	-4.085508e-03	1.369475e+01
8.880000e-06	-1.093568e-02	1.383115e+01
8.890000e-06	-5.819760e-03	1.400797e+01
8.900000e-06	-1.076890e-02	1.410703e+01
8.910000e-06	-7.354146e-03	1.425373e+01
8.920000e-06	-7.006811e-03	1.437196e+01
8.930000e-06	-1.037908e-02	1.450530e+01
8.940000e-06	-1.008114e-02	1.461101e+01
8.950000e-06	-1.144293e-02	1.469635e+01
8.960000e-06	-2.848417e-03	1.475944e+01
8.970000e-06	-8.544072e-03	1.488364e+01
8.980000e-06	-1.047012e-02	1.491690e+01
8.990000e-06	-1.297839e-02	1.501951e+01
9.000000e-06	-1.001191e-02	1.509568e+01
9.010000e-06	-1.131434e-02	1.512788e+01
9.020000e-06	-1.233344e-02	1.520101e+01
9.030000e-06	-1.071761e-02	1.526312e+01
9.040000e-06	-1.001914e-02	1.529628e+01
9.050000e-06	-1.006005e-02	1.533891e+01
9.060000e-06	-1.340843e-02	1.539094e+01
9.070000e-06	-1.543777e-02	1.540007e+01
9.080000e-06	-1.516676e-02	1.541262e+01
9.090000e-06	-1.183010e-02	1.548623e+01
9.100000e-06	-1.468837e-02	1.546580e+01
9.110000e-06	-1.524151e-02	1.550528e+01
9.120000e-06	-1.739863e-02	1.550725e+01
9.130000e-06	-1.526405e-02	1.546628e+01
9.140000e-06	-1.836333e-02	1.549578e+01
9.150000e-06	-1.981409e-02	1.545423e+01
9.160000e-06	-2.061658e-02	1.546408e+01
9.170000e-06	-2.137198e-02	1.541325e+01
9.180000e-06	-2.431019e-02	1.540095e+01
9.190000e-06	-2.726459e-02	1.533931e+01
9.200000e-06	-2.827573e-02	1.529631e+01
9.210000e-06	-2.729921e-02	1.524470e+01
9.220000e-06	-2.872571e-02	1.522959e+01
9.230000e-06	-3.104292e-02	1.517799e+01
9.240000e-06	-3.552211e-02	1.509633e+01
9.250000e-06	-3.700628e-02	1.504315e+01
9.260000e-06	-4.035292e-02	1.498849e+01
9.270000e-06	-4.266589e-02	1.490520e+01
9.280000e-06	-4.782150e-02	1.476964e+01
9.290000e-06	-5.024197e-02	1.469728e+01
9.300000e-06	-5.403945e-02	1.461367e+01
9.310000e-06	-5.682617e-02	1.448683e+01
9.320000e-06	-6.460306e-02	1.440150e+01
9.330000e-06	-6.780224e-02	1.434433e+01
9.340000e-06	-7.391201e-02	1.419002e+01
9.350000e-06	-7.921417e-02	1.401420e+01
9.360000e-06	-8.972302e-02	1.392686e+01
9.370000e-06	-9.751583e-02	1.381055e+01
9.380000e-06	-1.080037e-01	1.360257e+01
9.390000e-06	-1.155806e-01	1.350431e+01
9.400000e-06	-1.232884e-01	1.333691e+01
9.410000e-06	-1.328466e-01	1.317110e+01
9.420000e-06	-1.367538e-01	1.304413e+01
9.430000e-06	-1.418407e-01	1.290460e+01
9.440000e-06	-1.417989e-01	1.273689e+01
9.450000e-06	-1.409166e-01	1.254788e+01
9.460000e-06	-1.417242e-01	1.237159e+01
9.470000e-06	-1.375658e-01	1.222260e+01
9.480000e-06	-1.312250e-01	1.200312e+01
9.490000e-06	-1.223210e-01	1.185117e+01
9.500000e-06	-1.150370e-01	1.164373e+01
9.510000e-06	-1.069260e-01	1.142206e+01
9.520000e-06	-9.809345e-02	1.124260e+01
9.530000e-06	-8.878666e-02	1.106112e+01
9.540000e-06	-8.060651e-02	1.082067e+01
9.550000e-06	-7.499187e-02	1.061309e+01
9.560000e-06	-6.942031e-02	1.039954e+01
9.570000e-06	-6.247332e-02	1.017841e+01
9.580000e-06	-5.486172e-02	9.948963e+00
9.590000e-06	-4.980956e-02	9.726878e+00
9.600000e-06	-4.646150e-02	9.505202e+00
9.610000e-06	-4.134448e-02	9.304746e+00
9.620000e-06	-3.599922e-02	9.033203e+00
9.630000e-06	-3.281778e-02	8.840142e+00
9.640000e-06	-2.918665e-02	8.580987e+00
9.650000e-06	-2.738607e-02	8.337433e+00
9.660000e-06	-2.413057e-02	8.055325e+00
9.670000e-06	-2.236023e-02	7.851598e+00
9.680000e-06	-2.090407e-02	7.529514e+00
9.690000e-06	-2.010442e-02	7.286799e+00
9.700000e-06	-1.730774e-02	7.051592e+00
9.710000e-06	-1.383259e-02	6.840538e+00
9.720000e-06	-1.216882e-02	6.516403e+00
9.730000e-06	-1.159541e-02	6.254146e+00
9.740000e-06	-1.203958e-02	6.012588e+00
9.750000e-06	-1.082612e-02	5.727352e+00
9.760000e-06	-1.020758e-02	5.463747e+00
9.770000e-06	-9.078782e-03	5.210360e+00
9.780000e-06	-8.635833e-03	4.839637e+00
9.790000e-06	-7.778765e-03	4.548855e+00
9.800000e-06	-8.084728e-03	4.296349e+00
9.810000e-06	-6.481078e-03	3.959959e+00
9.820000e-06	-7.348070e-03	3.735799e+00
9.830000e-06	-6.425981e-03	3.495695e+00
9.840000e-06	-6.053654e-03	3.149462e+00
9.850000e-06	-4.927334e-03	2.896772e+00
9.860000e-06	-6.297581e-03	2.623189e+00
9.870000e-06	-6.895767e-03	2.338325e+00
9.880000e-06	-6.403392e-03	2.024165e+00
9.890000e-06	-5.102072e-03	1.790529e+00
9.900000e-06	-4.885580e-03	1.454114e+00
9.910000e-06	-5.168533e-03	1.199459e+00
9.920000e-06	-5.263130e-03	8.306895e-01
9.930000e-06	-4.946445e-03	5.684236e-01
9.940000e-06	-4.025048e-03	2.757722e-01
9.950000e-06	-2.323223e-03	-3.209738e-02
9.960000e-06	7.286323e-03	-2.726565e-01
9.970000e-06	-3.285352e-03	-5.452369e-01
9.980000e-06	1.096737e-03	-8.495450e-01
9.990000e-06	-1.883991e-03	-1.103730e+00
1.000000e-05	-5.637779e-05	-1.357816e+00
1.001000e-05	-1.672152e-03	-1.620653e+00
1.002000e-05	1.501001e-02	-1.903729e+00
1.003000e-05	5.005763e-02	-2.055233e+00
1.004000e-05	7.000877e-02	-2.380127e+00
1.005000e-05	-8.458652e-02	-2.769014e+00
1.006000e-05	-5.718462e-03	-3.108491e+00
1.007000e-05	-4.131866e-02	-3.422004e+00
1.008000e-05	-9.003670e-03	-3.681127e+00
1.009000e-05	-7.666031e-02	-3.947291e+00
1.010000e-05	1.122754e-01	-4.134320e+00
1.011000e-05	3.185569e-02	-4.315838e+00
1.012000e-05	-1.091522e-01	-4.610605e+00
1.013000e-05	1.737440e-01	-4.904762e+00
1.014000e-05	-1.242435e-01	-5.199021e+00
1.015000e-05	4.553777e-02	-5.527445e+00
1.016000e-05	-5.804962e-03	-5.726821e+00
1.017000e-05	-3.239184e-02	-6.033180e+00
1.018000e-05	1.236365e-01	-6.326266e+00
1.019000e-05	-1.258189e-01	-6.598526e+00
1.020000e-05	6.544231e-02	-6.813661e+00
1.021000e-05	-3.644575e-02	-7.128298e+00
1.022000e-05	-7.174050e-03	-7.412560e+00
1.023000e-05	5.080831e-02	-7.654082e+00
1.024000e-05	-5.997092e-02	-7.979899e+00
1.025000e-05	1.135072e-01	-8.200475e+00
1.026000e-05	-1.097501e-01	-8.403211e+00
1.027000e-05	5.660917e-02	-8.646242e+00
1.028000e-05	-1.822215e-02	-8.927924e+00
1.029000e-05	2.327865e-03	-9.159526e+00
1.030000e-05	1.943866e-02	-9.338479e+00
1.031000e-05	-3.791773e-02	-9.631611e+00
1.032000e-05	6.399115e-02	-9.853110e+00
1.033000e-05	-5.489778e-02	-1.006424e+01
1.034000e-05	3.996274e-02	-1.028622e+01
1.035000e-05	-3.671567e-02	-1.051587e+01
1.036000e-05	3.889480e-02	-1.071635e+01
1.037000e-05	-1.432860e-02	-1.091435e+01
1.038000e-05	3.773588e-03	-1.113738e+01
1.039000e-05	8.969058e-03	-1.132691e+01
1.040000e-05	-1.156257e-02	-1.153841e+01
1.041000e-05	9.017802e-03	-1.175893e+01
1.042000e-05	-1.046169e-02	-1.195998e+01
1.043000e-05	3.207161e-02	-1.216733e+01
1.044000e-05	-1.293522e-02	-1.235745e+01
1.045000e-05	7.740287e-03	-1.250638e+01
1.046000e-05	-1.067364e-02	-1.267465e+01
1.047000e-05	1.645858e-02	-1.284469e+01
1.048000e-05	-7.557651e-03	-1.297856e+01
1.049000e-05	5.931323e-03	-1.318006e+01
1.050000e-05	3.924615e-03	-1.328522e+01
1.051000e-05	7.755590e-03	-1.345469e+01
1.052000e-05	-1.532110e-03	-1.356949e+01
1.053000e-05	1.620718e-03	-1.375740e+01
1.054000e-05	7.347558e-03	-1.384433e+01
1.055000e-05	1.875199e-03	-1.398267e+01
1.056000e-05	4.512912e-03	-1.411793e+01
1.057000e-05	4.379337e-03	-1.424475e+01
1.058000e-05	5.710988e-03	-1.437851e+01
1.059000e-05	-3.248191e-03	-1.448528e+01
1.060000e-05	2.716876e-03	-1.459916e+01
1.061000e-05	7.905811e-03	-1.464518e+01
1.062000e-05	8.462739e-03	-1.477809e+01
1.063000e-05	4.851328e-03	-1.483219e+01
1.064000e-05	3.212232e-03	-1.497893e+01
1.065000e-05	4.643163e-03	-1.501057e+01
1.066000e-05	4.281861e-03	-1.502428e+01
1.067000e-05	6.099683e-03	-1.510788e+01
1.068000e-05	5.867084e-03	-1.520109e+01
1.069000e-05	5.122663e-03	-1.522370e+01
1.070000e-05	5.690394e-03	-1.528488e+01
1.071000e-05	5.363147e-03	-1.531601e+01
1.072000e-05	6.243754e-03	-1.538907e+01
1.073000e-05	6.452343e-03	-1.540260e+01
1.074000e-05	1.020270e-02	-1.546215e+01
1.075000e-05	9.322825e-03	-1.545325e+01
1.076000e-05	9.052485e-03	-1.550423e+01
1.077000e-05	8.785316e-03	-1.549580e+01
1.078000e-05	8.569935e-03	-1.545536e+01
1.079000e-05	1.018315e-02	-1.551528e+01
1.080000e-05	1.224684e-02	-1.548475e+01
1.081000e-05	1.477238e-02	-1.546332e+01
1.082000e-05	1.514498e-02	-1.541260e+01
1.083000e-05	1.576903e-02	-1.545064e+01
1.084000e-05	1.728244e-02	-1.540107e+01
1.085000e-05	1.848200e-02	-1.535007e+01
1.086000e-05	1.972106e-02	-1.533575e+01
1.087000e-05	2.184138e-02	-1.522367e+01
1.088000e-05	2.556026e-02	-1.515107e+01
1.089000e-05	2.523179e-02	-1.508793e+01
1.090000e-05	2.728916e-02	-1.504475e+01
1.091000e-05	2.934190e-02	-1.498202e+01
1.092000e-05	3.460141e-02	-1.490636e+01
1.093000e-05	3.649781e-02	-1.485460e+01
1.094000e-05	4.028152e-02	-1.474004e+01
1.095000e-05	4.307408e-02	-1.469675e+01
1.096000e-05	4.645573e-02	-1.456159e+01
1.097000e-05	5.059620e-02	-1.449686e+01
1.098000e-05	5.569464e-02	-1.437002e+01
1.099000e-05	6.152476e-02	-1.426628e+01
1.100000e-05	6.841804e-02	-1.413739e+01
1.101000e-05	7.498014e-02	-1.400352e+01
1.102000e-05	8.189679e-02	-1.387680e+01
1.103000e-05	8.971487e-02	-1.375991e+01
1.104000e-05	9.844184e-02	-1.361057e+01
1.105000e-05	1.078373e-01	-1.341523e+01
1.106000e-05	1.163386e-01	-1.328585e+01
1.107000e-05	1.235555e-01	-1.318159e+01
1.108000e-05	1.297772e-01	-1.302157e+01
1.109000e-05	1.336929e-01	-1.284563e+01
1.110000e-05	1.359461e-01	-1.268586e+01
1.111000e-05	1.358814e-01	-1.253789e+01
1.112000e-05	1.332875e-01	-1.236904e+01
1.113000e-05	1.280304e-01	-1.218109e+01
1.114000e-05	1.226770e-01	-1.200212e+01
1.115000e-05	1.149160e-01	-1.181347e+01
1.116000e-05	1.055613e-01	-1.159052e+01
1.117000e-05	9.700707e-02	-1.137057e+01
1.118000e-05	9.005670e-02	-1.115796e+01
1.119000e-05	8.235851e-02	-1.091949e+01
1.120000e-05	7.401333e-02	-1.073796e+01
1.121000e-05	6.654520e-02	-1.054846e+01
1.122000e-05	5.952295e-02	-1.028891e+01
1.123000e-05	5.263722e-02	-1.011533e+01
1.124000e-05	4.693645e-02	-9.864775e+00
1.125000e-05	4.253652e-02	-9.716273e+00
1.126000e-05	3.686506e-02	-9.434622e+00
1.127000e-05	3.155280e-02	-9.221169e+00
1.128000e-05	2.710346e-02	-8.992592e+00
1.129000e-05	2.474076e-02	-8.731115e+00
1.130000e-05	2.096735e-02	-8.487230e+00
1.131000e-05	1.789380e-02	-8.284752e+00
1.132000e-05	1.547917e-02	-8.035196e+00
1.133000e-05	1.384256e-02	-7.739442e+00
1.134000e-05	1.067443e-02	-7.476880e+00
1.135000e-05	8.290859e-03	-7.223568e+00
1.136000e-05	6.371163e-03	-6.988963e+00
1.137000e-05	6.714811e-03	-6.726431e+00
1.138000e-05	4.566080e-03	-6.484347e+00
1.139000e-05	2.975398e-03	-6.163040e+00
1.140000e-05	1.030435e-03	-5.937403e+00
1.141000e-05	2.217944e-03	-5.674220e+00
1.142000e-05	-8.071614e-04	-5.330440e+00
1.143000e-05	-1.442308e-04	-5.096273e+00
1.144000e-05	-2.534710e-03	-4.777489e+00
1.145000e-05	-1.290093e-03	-4.444197e+00
1.146000e-05	-2.576523e-03	-4.244691e+00
1.147000e-05	-1.867778e-03	-3.979579e+00
1.148000e-05	-3.902995e-03	-3.663297e+00
1.149000e-05	-3.357006e-03	-3.411133e+00
1.150000e-05	-3.509708e-03	-3.118923e+00
1.151000e-05	-4.360007e-03	-2.831686e+00
1.152000e-05	-4.922176e-03	-2.540506e+00
1.153000e-05	-5.154790e-03	-2.284900e+00
1.154000e-05	-4.027445e-03	-1.969478e+00
1.155000e-05	-3.515839e-03	-1.727921e+00
1.156000e-05	-3.933320e-03	-1.422588e+00
1.157000e-05	-4.596502e-03	-1.085189e+00
1.158000e-05	-5.296645e-03	-8.115602e-01
1.159000e-05	-4.429001e-03	-5.172181e-01
1.160000e-05	-3.995053e-03	-2.536868e-01
1.161000e-05	3.083524e-04	2.902126e-02
1.162000e-05	5.953810e-03	3.282383e-01
1.163000e-05	-4.802007e-03	6.188675e-01
1.164000e-05	2.172412e-03	8.415726e-01
1.165000e-05	-3.888385e-03	1.126364e+00
1.166000e-05	1.177069e-03	1.430024e+00
1.167000e-05	-3.552360e-03	1.715866e+00
1.168000e-05	1.085175e-02	1.987492e+00
1.169000e-05	1.809581e-02	2.237995e+00
1.170000e-05	7.666444e-02	2.461331e+00
1.171000e-05	-1.586421e-02	2.872050e+00
1.172000e-05	-5.923053e-02	3.127814e+00
1.173000e-05	-2.395724e-02	3.428923e+00
1.174000e-05	-1.631580e-02	3.713713e+00
1.175000e-05	-1.631010e-02	3.904292e+00
1.176000e-05	-2.937865e-02	4.135342e+00
1.177000e-05	3.467694e-02	4.377973e+00
1.178000e-05	4.915339e-02	4.653658e+00
1.179000e-05	-9.153579e-02	4.965954e+00
1.180000e-05	1.125730e-01	5.263101e+00
1.181000e-05	-5.389585e-02	5.527293e+00
1.182000e-05	-3.727042e-02	5.790558e+00
1.183000e-05	4.116236e-02	6.115186e+00
1.184000e-05	-1.247745e-02	6.337791e+00
1.185000e-05	3.472582e-02	6.608487e+00
1.186000e-05	-5.962733e-02	6.893740e+00
1.187000e-05	1.539165e-02	7.157344e+00
1.188000e-05	-1.303059e-04	7.400636e+00
1.189000e-05	-7.148229e-03	7.705244e+00
1.190000e-05	9.768180e-03	8.008450e+00
1.191000e-05	-2.188819e-02	8.251139e+00
1.192000e-05	3.852051e-02	8.482216e+00
1.193000e-05	-3.606418e-02	8.705743e+00
1.194000e-05	5.328921e-04	8.945823e+00
1.195000e-05	2.895755e-03	9.178478e+00
1.196000e-05	-1.471704e-02	9.391057e+00
1.197000e-05	7.967974e-03	9.632707e+00
1.198000e-05	-1.382526e-02	9.874139e+00
1.199000e-05	1.194742e-02	1.010527e+01
1.200000e-05	-2.666913e-02	1.029672e+01
1.201000e-05	5.470464e-03	1.058688e+01
1.202000e-05	-8.612409e-03	1.072687e+01
1.203000e-05	3.303732e-03	1.093840e+01
1.204000e-05	-8.632574e-03	1.114626e+01
1.205000e-05	-1.004928e-02	1.135736e+01
1.206000e-05	4.745477e-03	1.158896e+01
1.207000e-05	-1.011250e-02	1.179003e+01
1.208000e-05	-6.266587e-03	1.193803e+01
1.209000e-05	-8.613471e-03	1.216835e+01
1.210000e-05	8.799795e-03	1.234643e+01
1.211000e-05	-8.161285e-03	1.251638e+01
1.212000e-05	-1.278650e-02	1.266225e+01
1.213000e-05	-9.016560e-03	1.285057e+01
1.214000e-05	-1.770178e-03	1.298109e+01
1.215000e-05	-6.132018e-03	1.315843e+01
1.216000e-05	-1.148819e-02	1.331735e+01
1.217000e-05	-3.123860e-03	1.346272e+01
1.218000e-05	-5.656031e-03	1.359104e+01
1.219000e-05	-5.963312e-03	1.374643e+01
1.220000e-05	-9.818154e-03	1.385413e+01
1.221000e-05	-6.334874e-03	1.407027e+01
1.222000e-05	-8.547727e-03	1.417849e+01
1.223000e-05	-8.448424e-03	1.431625e+01
1.224000e-05	-7.053377e-03	1.438259e+01
1.225000e-05	-1.072629e-02	1.452731e+01
1.226000e-05	-1.214480e-02	1.464259e+01
1.227000e-05	-9.230605e-03	1.474798e+01
1.228000e-05	-4.311749e-03	1.480104e+01
1.229000e-05	-9.577078e-03	1.488225e+01
1.230000e-05	-1.043076e-02	1.496693e+01
1.231000e-05	-1.067480e-02	1.504217e+01
1.232000e-05	-8.617515e-03	1.509578e+01
1.233000e-05	-1.143612e-02	1.513798e+01
1.234000e-05	-1.402324e-02	1.520159e+01
1.235000e-05	-1.194163e-02	1.526367e+01
1.236000e-05	-1.112969e-02	1.531631e+01
1.237000e-05	-1.044029e-02	1.533847e+01
1.238000e-05	-1.463706e-02	1.538007e+01
1.239000e-05	-1.451606e-02	1.541155e+01
1.240000e-05	-1.233493e-02	1.543310e+01
1.241000e-05	-1.156988e-02	1.541625e+01
1.242000e-05	-1.384953e-02	1.546731e+01
1.243000e-05	-1.823079e-02	1.547580e+01
1.244000e-05	-1.594651e-02	1.546571e+01
1.245000e-05	-1.740054e-02	1.549732e+01
1.246000e-05	-1.901135e-02	1.546728e+01
1.247000e-05	-2.094563e-02	1.546323e+01
1.248000e-05	-2.080054e-02	1.544420e+01
1.249000e-05	-2.188382e-02	1.535220e+01
1.250000e-05	-2.307751e-02	1.539049e+01
1.251000e-05	-2.494268e-02	1.529936e+01
1.252000e-05	-2.709801e-02	1.529721e+01
1.253000e-05	-2.953316e-02	1.524371e+01
1.254000e-05	-2.962622e-02	1.519999e+01
1.255000e-05	-3.203956e-02	1.513744e+01
1.256000e-05	-3.689690e-02	1.508623e+01
1.257000e-05	-3.943063e-02	1.503112e+01
1.258000e-05	-3.994382e-02	1.494736e+01
1.259000e-05	-4.198522e-02	1.487425e+01
1.260000e-05	-4.869895e-02	1.480009e+01
1.261000e-05	-5.157237e-02	1.471530e+01
1.262000e-05	-5.526694e-02	1.460152e+01
1.263000e-05	-5.821392e-02	1.447475e+01
1.264000e-05	-6.571371e-02	1.436049e+01
1.265000e-05	-6.962607e-02	1.427468e+01
1.266000e-05	-7.543009e-02	1.415744e+01
1.267000e-05	-8.293521e-02	1.403102e+01
1.268000e-05	-9.234959e-02	1.387573e+01
1.269000e-05	-9.973605e-02	1.372984e+01
1.270000e-05	-1.081745e-01	1.359154e+01
1.271000e-05	-1.176873e-01	1.348370e+01
1.272000e-05	-1.253952e-01	1.329785e+01
1.273000e-05	-1.328640e-01	1.319904e+01
1.274000e-05	-1.392392e-01	1.300202e+01
1.275000e-05	-1.422547e-01	1.282310e+01
1.276000e-05	-1.438366e-01	1.269570e+01
1.277000e-05	-1.428033e-01	1.253738e+01
1.278000e-05	-1.397941e-01	1.232944e+01
1.279000e-05	-1.351818e-01	1.216894e+01
1.280000e-05	-1.281062e-01	1.204055e+01
1.281000e-05	-1.202601e-01	1.178950e+01
1.282000e-05	-1.131385e-01	1.153922e+01
1.283000e-05	-1.047309e-01	1.137984e+01
1.284000e-05	-9.618194e-02	1.118002e+01
1.285000e-05	-8.769874e-02	1.099989e+01
1.286000e-05	-7.942001e-02	1.075099e+01
1.287000e-05	-7.298606e-02	1.052802e+01
1.288000e-05	-6.648603e-02	1.035741e+01
1.289000e-05	-5.965859e-02	1.009833e+01
1.290000e-05	-5.418894e-02	9.906729e+00
1.291000e-05	-4.866498e-02	9.674651e+00
1.292000e-05	-4.384430e-02	9.431619e+00
1.293000e-05	-3.910010e-02	9.232142e+00
1.294000e-05	-3.564223e-02	8.968919e+00
1.295000e-05	-3.230150e-02	8.706932e+00
1.296000e-05	-2.936783e-02	8.538829e+00
1.297000e-05	-2.652933e-02	8.255246e+00
1.298000e-05	-2.386066e-02	8.032043e+00
1.299000e-05	-2.080897e-02	7.781484e+00
1.300000e-05	-1.876108e-02	7.494754e+00
1.301000e-05	-1.847959e-02	7.211622e+00
1.302000e-05	-1.680888e-02	6.980483e+00
1.303000e-05	-1.343486e-02	6.698858e+00
1.304000e-05	-1.276450e-02	6.423038e+00
1.305000e-05	-1.230777e-02	6.189507e+00
1.306000e-05	-1.187328e-02	5.949005e+00
1.307000e-05	-9.728600e-03	5.694717e+00
1.308000e-05	-9.521502e-03	5.401517e+00
1.309000e-05	-9.217454e-03	5.064154e+00
1.310000e-05	-8.373674e-03	4.738480e+00
1.311000e-05	-7.201334e-03	4.506726e+00
1.312000e-05	-6.874140e-03	4.222547e+00
1.313000e-05	-7.795379e-03	3.915751e+00
1.314000e-05	-7.093036e-03	3.685166e+00
1.315000e-05	-6.974768e-03	3.391511e+00
1.316000e-05	-5.621343e-03	3.097252e+00
1.317000e-05	-5.669682e-03	2.813139e+00
1.318000e-05	-6.250683e-03	2.549856e+00
1.319000e-05	-6.191631e-03	2.223116e+00
1.320000e-05	-5.436131e-03	1.999005e+00
1.321000e-05	-5.718698e-03	1.714846e+00
1.322000e-05	-5.700165e-03	1.428905e+00
1.323000e-05	-5.442844e-03	1.094672e+00
1.324000e-05	-4.274781e-03	7.779250e-01
1.325000e-05	-4.534773e-03	5.151670e-01
1.326000e-05	-3.809612e-03	2.230140e-01
1.327000e-05	-5.355246e-04	-1.036329e-01
1.328000e-05	7.080916e-03	-3.063134e-01
1.329000e-05	-4.507183e-03	-6.000187e-01
1.330000e-05	2.859901e-03	-8.822566e-01
1.331000e-05	-5.248516e-03	-1.155858e+00
1.332000e-05	8.931426e-04	-1.462179e+00
1.333000e-05	-2.199364e-03	-1.714313e+00
1.334000e-05	2.107153e-02	-1.917916e+00
1.335000e-05	6.608814e-02	-2.176945e+00
1.336000e-05	3.455517e-02	-2.505212e+00
1.337000e-05	-8.526451e-02	-2.905680e+00
1.338000e-05	3.395065e-03	-3.233177e+00
1.339000e-05	-4.395794e-02	-3.474733e+00
1.340000e-05	-1.618257e-02	-3.705759e+00
1.341000e-05	-6.315861e-02	-3.967899e+00
1.342000e-05	1.571067e-01	-4.167398e+00
1.343000e-05	-6.476616e-02	-4.350550e+00
1.344000e-05	-2.787808e-02	-4.695812e+00
1.345000e-05	1.242479e-01	-4.956419e+00
1.346000e-05	-1.633468e-01	-5.323333e+00
1.347000e-05	1.125022e-01	-5.577500e+00
1.348000e-05	-7.793929e-02	-5.800553e+00
1.349000e-05	4.552258e-02	-6.145373e+00
1.350000e-05	5.683230e-02	-6.379000e+00
1.351000e-05	-1.099821e-01	-6.662636e+00
1.352000e-05	9.301619e-02	-6.965746e+00
1.353000e-05	-8.396632e-02	-7.219579e+00
1.354000e-05	5.493754e-02	-7.504137e+00
1.355000e-05	-9.159177e-03	-7.747426e+00
1.356000e-05	-2.466128e-03	-8.004709e+00
1.357000e-05	7.011862e-02	-8.252111e+00
1.358000e-05	-1.080664e-01	-8.514844e+00
1.359000e-05	8.542537e-02	-8.729449e+00
1.360000e-05	-5.701775e-02	-9.019553e+00
1.361000e-05	4.633493e-02	-9.211108e+00
1.362000e-05	-2.403079e-02	-9.423061e+00
1.363000e-05	5.613689e-03	-9.725315e+00
1.364000e-05	2.930625e-02	-9.903694e+00
1.365000e-05	-3.701058e-02	-1.010740e+01
1.366000e-05	3.395443e-02	-1.033095e+01
1.367000e-05	-3.625332e-02	-1.057948e+01
1.368000e-05	4.474143e-02	-1.074793e+01
1.369000e-05	-3.158988e-02	-1.099741e+01
1.370000e-05	2.591355e-02	-1.114006e+01
1.371000e-05	-8.147018e-03	-1.138908e+01
1.372000e-05	3.984246e-03	-1.162356e+01
1.373000e-05	-7.136865e-03	-1.179101e+01
1.374000e-05	6.649268e-03	-1.203119e+01
1.375000e-05	2.084307e-02	-1.222948e+01
1.376000e-05	-7.948196e-03	-1.240056e+01
1.377000e-05	1.952038e-03	-1.253888e+01
1.378000e-05	-6.025611e-03	-1.268733e+01
1.379000e-05	1.610660e-02	-1.288635e+01
1.380000e-05	-8.281875e-03	-1.303019e+01
1.381000e-05	9.205673e-03	-1.323209e+01
1.382000e-05	8.694120e-04	-1.331838e+01
1.383000e-05	9.148042e-03	-1.345525e+01
1.384000e-05	-5.619845e-03	-1.363269e+01
1.385000e-05	7.026596e-03	-1.381107e+01
1.386000e-05	3.187962e-03	-1.390485e+01
1.387000e-05	4.459579e-03	-1.404070e+01
1.388000e-05	3.108088e-03	-1.415904e+01
1.389000e-05	7.319779e-03	-1.425733e+01
1.390000e-05	2.101856e-03	-1.443417e+01
1.391000e-05	-2.937485e-03	-1.454638e+01
1.392000e-05	5.476416e-03	-1.463312e+01
1.393000e-05	7.502849e-03	-1.473590e+01
1.394000e-05	7.575158e-03	-1.476994e+01
1.395000e-05	2.286531e-03	-1.486428e+01
1.396000e-05	4.346391e-03	-1.496999e+01
1.397000e-05	4.152832e-03	-1.501117e+01
1.398000e-05	4.327091e-03	-1.509583e+01
1.399000e-05	5.625646e-03	-1.511953e+01
1.400000e-05	5.821896e-03	-1.520164e+01
1.401000e-05	6.760238e-03	-1.526275e+01
1.402000e-05	6.460410e-03	-1.531943e+01
1.403000e-05	5.789062e-03	-1.535954e+01
1.404000e-05	6.917927e-03	-1.542312e+01
1.405000e-05	8.286596e-03	-1.538165e+01
1.406000e-05	8.294619e-03	-1.543278e+01
1.407000e-05	8.435764e-03	-1.547378e+01
1.408000e-05	8.943044e-03	-1.549485e+01
1.409000e-05	1.087085e-02	-1.550525e+01
1.410000e-05	9.071119e-03	-1.548431e+01
1.411000e-05	1.017372e-02	-1.545420e+01
1.412000e-05	1.261641e-02	-1.549425e+01
1.413000e-05	1.518059e-02	-1.545380e+01
1.414000e-05	1.428072e-02	-1.543222e+01
1.415000e-05	1.476967e-02	-1.541112e+01
1.416000e-05	1.753180e-02	-1.534956e+01
1.417000e-05	1.985646e-02	-1.533628e+01
1.418000e-05	1.983154e-02	-1.529630e+01
1.419000e-05	2.320471e-02	-1.523322e+01
1.420000e-05	2.457821e-02	-1.521956e+01
1.421000e-05	2.625547e-02	-1.508791e+01
1.422000e-05	2.781190e-02	-1.502478e+01
1.423000e-05	3.158574e-02	-1.500097e+01
1.424000e-05	3.460177e-02	-1.491784e+01
1.425000e-05	3.725016e-02	-1.482265e+01
1.426000e-05	4.101558e-02	-1.474996e+01
1.427000e-05	4.351262e-02	-1.465425e+01
1.428000e-05	4.800616e-02	-1.458106e+01
1.429000e-05	5.135662e-02	-1.446325e+01
1.430000e-05	5.763845e-02	-1.432996e+01
1.431000e-05	6.333479e-02	-1.421362e+01
1.432000e-05	6.995423e-02	-1.411628e+01
1.433000e-05	7.672681e-02	-1.398059e+01
1.434000e-05	8.315621e-02	-1.382373e+01
1.435000e-05	9.271712e-02	-1.371593e+01
1.436000e-05	1.010249e-01	-1.355054e+01
1.437000e-05	1.107717e-01	-1.343306e+01
1.438000e-05	1.177452e-01	-1.328478e+01
1.439000e-05	1.249632e-01	-1.314746e+01
1.440000e-05	1.303307e-01	-1.298905e+01
1.441000e-05	1.352834e-01	-1.281267e+01
1.442000e-05	1.363532e-01	-1.264480e+01
1.443000e-05	1.348940e-01	-1.247471e+01
1.444000e-05	1.316990e-01	-1.232843e+01
1.445000e-05	1.263447e-01	-1.214693e+01
1.446000e-05	1.198542e-01	-1.191894e+01
1.447000e-05	1.127287e-01	-1.174891e+01
1.448000e-05	1.034421e-01	-1.155844e+01
1.449000e-05	9.577208e-02	-1.127688e+01
1.450000e-05	8.783402e-02	-1.114375e+01
1.451000e-05	8.050928e-02	-1.090633e+01
1.452000e-05	7.114375e-02	-1.071630e+01
1.453000e-05	6.404579e-02	-1.047840e+01
1.454000e-05	5.808645e-02	-1.027518e+01
1.455000e-05	5.249922e-02	-1.008410e+01
1.456000e-05	4.529201e-02	-9.803592e+00
1.457000e-05	3.993060e-02	-9.652119e+00
1.458000e-05	3.504707e-02	-9.391567e+00
1.459000e-05	3.120024e-02	-9.170562e+00
1.460000e-05	2.731289e-02	-8.937881e+00
1.461000e-05	2.368843e-02	-8.675831e+00
1.462000e-05	1.982442e-02	-8.454147e+00
1.463000e-05	1.728770e-02	-8.221716e+00
1.464000e-05	1.512775e-02	-7.990037e+00
1.465000e-05	1.280126e-02	-7.697351e+00
1.466000e-05	1.023098e-02	-7.412663e+00
1.467000e-05	7.835342e-03	-7.150414e+00
1.468000e-05	5.997372e-03	-6.873872e+00
1.469000e-05	5.299084e-03	-6.653695e+00
1.470000e-05	3.821202e-03	-6.352462e+00
1.471000e-05	3.546961e-03	-6.158405e+00
1.472000e-05	1.929453e-03	-5.863720e+00
1.473000e-05	1.400264e-03	-5.541459e+00
1.474000e-05	-6.610886e-04	-5.338826e+00
1.475000e-05	2.976930e-04	-5.000013e+00
1.476000e-05	-1.900022e-03	-4.633217e+00
1.477000e-05	-1.902314e-03	-4.432107e+00
1.478000e-05	-3.166375e-03	-4.168458e+00
1.479000e-05	-1.452112e-03	-3.908217e+00
1.480000e-05	-3.143109e-03	-3.631584e+00
1.481000e-05	-2.991566e-03	-3.368927e+00
1.482000e-05	-4.491579e-03	-3.075293e+00
1.483000e-05	-3.167774e-03	-2.778429e+00
1.484000e-05	-4.387459e-03	-2.474771e+00
1.485000e-05	-3.535428e-03	-2.210589e+00
1.486000e-05	-5.274079e-03	-1.916347e+00
1.487000e-05	-3.968119e-03	-1.643717e+00
1.488000e-05	-3.871907e-03	-1.357845e+00
1.489000e-05	-4.271726e-03	-1.032535e+00
1.490000e-05	-5.170393e-03	-7.278008e-01
1.491000e-05	-4.171179e-03	-4.310852e-01
1.492000e-05	-4.072652e-03	-1.690024e-01
1.493000e-05	2.728284e-03	1.432831e-01
1.494000e-05	3.479668e-03	3.894224e-01
1.495000e-05	-4.105147e-03	6.701290e-01
1.496000e-05	2.855012e-03	9.266830e-01
1.497000e-05	-2.857205e-03	1.210494e+00
1.498000e-05	6.156470e-05	1.513258e+00
1.499000e-05	-2.253704e-03	1.791048e+00
1.500000e-05	1.235672e-02	2.051528e+00
1.501000e-05	3.077571e-02	2.266209e+00
1.502000e-05	7.458800e-02	2.575294e+00
1.503000e-05	-4.976980e-02	2.885161e+00
1.504000e-05	-4.172660e-02	3.178975e+00
1.505000e-05	-2.937059e-02	3.503187e+00
1.506000e-05	-7.301677e-03	3.767391e+00
1.507000e-05	-2.838925e-02	3.967544e+00
1.508000e-05	-1.525652e-02	4.190525e+00
1.509000e-05	5.210514e-02	4.463157e+00
1.510000e-05	1.422640e-02	4.726271e+00
1.511000e-05	-7.066065e-02	5.028529e+00
1.512000e-05	1.300654e-01	5.315842e+00
1.513000e-05	-1.139154e-01	5.661484e+00
1.514000e-05	2.291287e-02	5.894666e+00
1.515000e-05	8.173957e-03	6.167874e+00
1.516000e-05	1.333947e-02	6.390058e+00
1.517000e-05	1.020304e-02	6.643289e+00
1.518000e-05	-5.777263e-02	6.986925e+00
1.519000e-05	3.525352e-02	7.221081e+00
1.520000e-05	-1.921141e-02	7.536345e+00
1.521000e-05	1.145474e-02	7.778924e+00
1.522000e-05	-1.370307e-02	8.071746e+00
1.523000e-05	-2.693856e-04	8.296271e+00
1.524000e-05	2.767346e-02	8.516670e+00
1.525000e-05	-3.832046e-02	8.728870e+00
1.526000e-05	1.239901e-02	8.979479e+00
1.527000e-05	-1.463303e-02	9.261109e+00
1.528000e-05	-1.616300e-03	9.502140e+00
1.529000e-05	-5.435182e-04	9.684290e+00
1.530000e-05	-6.595818e-04	9.896370e+00
1.531000e-05	-1.968699e-03	1.014633e+01
1.532000e-05	-2.087335e-02	1.034893e+01
1.533000e-05	5.287263e-03	1.060195e+01
1.534000e-05	-5.121101e-03	1.079859e+01
1.535000e-05	1.674023e-03	1.098056e+01
1.536000e-05	-1.557417e-02	1.118198e+01
1.537000e-05	-1.904249e-03	1.139151e+01
1.538000e-05	1.705210e-04	1.164154e+01
1.539000e-05	-7.756376e-03	1.182062e+01
1.540000e-05	-1.226352e-02	1.201154e+01
1.541000e-05	-9.086252e-04	1.218009e+01
1.542000e-05	6.931117e-03	1.237801e+01
1.543000e-05	-8.409819e-03	1.254843e+01
1.544000e-05	-1.459657e-02	1.273533e+01
1.545000e-05	-7.259419e-03	1.290420e+01
1.546000e-05	-2.166380e-03	1.305212e+01
1.547000e-05	-6.360502e-03	1.317107e+01
1.548000e-05	-9.246596e-03	1.334888e+01
1.549000e-05	-3.788316e-03	1.348530e+01
1.550000e-05	-6.456602e-03	1.365422e+01
1.551000e-05	-7.710728e-03	1.376843e+01
1.552000e-05	-8.169516e-03	1.391645e+01
1.553000e-05	-8.411924e-03	1.406228e+01
1.554000e-05	-7.177930e-03	1.417209e+01
1.555000e-05	-7.450399e-03	1.432729e+01
1.556000e-05	-6.632301e-03	1.440222e+01
1.557000e-05	-1.368805e-02	1.454591e+01
1.558000e-05	-1.243590e-02	1.465465e+01
1.559000e-05	-6.873684e-03	1.474746e+01
1.560000e-05	-5.776345e-03	1.484161e+01
1.561000e-05	-9.958849e-03	1.490583e+01
1.562000e-05	-1.119717e-02	1.495857e+01
1.563000e-05	-8.457133e-03	1.505267e+01
1.564000e-05	-9.850589e-03	1.510531e+01
1.565000e-05	-1.243041e-02	1.517744e+01
1.566000e-05	-1.343330e-02	1.522164e+01
1.567000e-05	-1.023778e-02	1.526568e+01
1.568000e-05	-1.154201e-02	1.533778e+01
1.569000e-05	-1.209617e-02	1.532844e+01
1.570000e-05	-1.433987e-02	1.539054e+01
1.571000e-05	-1.410147e-02	1.539312e+01
1.572000e-05	-1.241075e-02	1.546215e+01
1.573000e-05	-1.265850e-02	1.546427e+01
1.574000e-05	-1.378025e-02	1.550523e+01
1.575000e-05	-1.773913e-02	1.547681e+01
1.576000e-05	-1.713992e-02	1.547523e+01
1.577000e-05	-1.932095e-02	1.544638e+01
1.578000e-05	-2.005782e-02	1.546575e+01
1.579000e-05	-2.128006e-02	1.543520e+01
1.580000e-05	-2.084616e-02	1.543212e+01
1.581000e-05	-2.327542e-02	1.539312e+01
1.582000e-05	-2.592174e-02	1.540042e+01
1.583000e-05	-2.461740e-02	1.529783e+01
1.584000e-05	-2.771408e-02	1.523823e+01
1.585000e-05	-2.904241e-02	1.524312e+01
1.586000e-05	-3.265248e-02	1.519094e+01
1.587000e-05	-3.219427e-02	1.510881e+01
1.588000e-05	-3.721059e-02	1.504518e+01
1.589000e-05	-3.973042e-02	1.504157e+01
1.590000e-05	-4.233213e-02	1.491626e+01
1.591000e-05	-4.412836e-02	1.481417e+01
1.592000e-05	-4.805828e-02	1.477896e+01
1.593000e-05	-5.230151e-02	1.464318e+01
1.594000e-05	-5.557378e-02	1.460051e+01
1.595000e-05	-6.126996e-02	1.443515e+01
1.596000e-05	-6.576495e-02	1.434844e+01
1.597000e-05	-7.228079e-02	1.423270e+01
1.598000e-05	-7.819955e-02	1.411737e+01
1.599000e-05	-8.528145e-02	1.401154e+01
1.600000e-05	-9.381957e-02	1.380317e+01
1.601000e-05	-1.019107e-01	1.370423e+01
1.602000e-05	-1.110513e-01	1.354943e+01
1.603000e-05	-1.199330e-01	1.341210e+01
1.604000e-05	-1.274885e-01	1.328473e+01
1.605000e-05	-1.348602e-01	1.308784e+01
1.606000e-05	-1.396702e-01	1.296949e+01
1.607000e-05	-1.425327e-01	1.282157e+01
1.608000e-05	-1.440210e-01	1.262408e+01
1.609000e-05	-1.431551e-01	1.249628e+01
1.610000e-05	-1.383340e-01	1.230836e+01
1.611000e-05	-1.343071e-01	1.211683e+01
1.612000e-05	-1.265277e-01	1.195844e+01
1.613000e-05	-1.194595e-01	1.171789e+01
1.614000e-05	-1.090125e-01	1.148488e+01
1.615000e-05	-1.020466e-01	1.132621e+01
1.616000e-05	-9.397748e-02	1.114636e+01
1.617000e-05	-8.691874e-02	1.094638e+01
1.618000e-05	-7.883874e-02	1.069786e+01
1.619000e-05	-7.132426e-02	1.050576e+01
1.620000e-05	-6.462374e-02	1.028380e+01
1.621000e-05	-5.708528e-02	1.008622e+01
1.622000e-05	-5.212609e-02	9.802624e+00
1.623000e-05	-4.754538e-02	9.570566e+00
1.624000e-05	-4.238708e-02	9.389986e+00
1.625000e-05	-3.835520e-02	9.177985e+00
1.626000e-05	-3.584427e-02	8.927380e+00
1.627000e-05	-3.269739e-02	8.654824e+00
1.628000e-05	-2.749512e-02	8.443217e+00
1.629000e-05	-2.408562e-02	8.184093e+00
1.630000e-05	-2.378412e-02	7.959338e+00
1.631000e-05	-2.226631e-02	7.725326e+00
1.632000e-05	-1.933880e-02	7.442538e+00
1.633000e-05	-1.605809e-02	7.189405e+00
1.634000e-05	-1.515704e-02	6.915375e+00
1.635000e-05	-1.422814e-02	6.643647e+00
1.636000e-05	-1.285591e-02	6.349934e+00
1.637000e-05	-1.127610e-02	6.168830e+00
1.638000e-05	-1.063552e-02	5.874246e+00
1.639000e-05	-1.020411e-02	5.579032e+00
1.640000e-05	-1.060120e-02	5.297854e+00
1.641000e-05	-8.768920e-03	4.980936e+00
1.642000e-05	-7.225032e-03	4.696247e+00
1.643000e-05	-8.090615e-03	4.393063e+00
1.644000e-05	-7.896355e-03	4.149479e+00
1.645000e-05	-7.323859e-03	3.875116e+00
1.646000e-05	-5.544723e-03	3.580479e+00
1.647000e-05	-5.543466e-03	3.296324e+00
1.648000e-05	-6.582881e-03	3.040039e+00
1.649000e-05	-6.939353e-03	2.788951e+00
1.650000e-05	-5.848533e-03	2.482243e+00
1.651000e-05	-6.508281e-03	2.178931e+00
1.652000e-05	-5.872666e-03	1.885824e+00
1.653000e-05	-5.894409e-03	1.653032e+00
1.654000e-05	-4.586923e-03	1.315373e+00
1.655000e-05	-4.668312e-03	1.011556e+00
1.656000e-05	-5.365349e-03	6.852432e-01
1.657000e-05	-4.534750e-03	4.411041e-01
1.658000e-05	-3.544921e-03	1.368458e-01
1.659000e-05	2.927769e-03	-1.273609e-01
1.660000e-05	3.983321e-03	-3.594475e-01
1.661000e-05	-4.112224e-03	-6.741119e-01
1.662000e-05	2.673196e-03	-9.478135e-01
1.663000e-05	-4.217581e-03	-1.211000e+00
1.664000e-05	3.251875e-04	-1.497841e+00
1.665000e-05	2.113879e-03	-1.757969e+00
1.666000e-05	2.680415e-02	-1.978994e+00
1.667000e-05	8.170784e-02	-2.226010e+00
1.668000e-05	-1.175484e-02	-2.590072e+00
1.669000e-05	-6.159022e-02	-2.949420e+00
1.670000e-05	-6.874718e-03	-3.294263e+00
1.671000e-05	-3.300832e-02	-3.526816e+00
1.672000e-05	-3.909609e-02	-3.798326e+00
1.673000e-05	-1.815299e-02	-4.022078e+00
1.674000e-05	1.629487e-01	-4.201001e+00
1.675000e-05	-1.283985e-01	-4.484809e+00
1.676000e-05	6.288272e-02	-4.771894e+00
1.677000e-05	3.507068e-02	-5.070104e+00
1.678000e-05	-1.113887e-01	-5.360027e+00
1.679000e-05	1.225914e-01	-5.651105e+00
1.680000e-05	-1.119230e-01	-5.906760e+00
1.681000e-05	1.148803e-01	-6.187482e+00
1.682000e-05	-2.218292e-02	-6.441732e+00
1.683000e-05	-5.767232e-02	-6.734898e+00
1.684000e-05	7.466184e-02	-6.969453e+00
1.685000e-05	-9.675402e-02	-7.254738e+00
1.686000e-05	9.255042e-02	-7.545924e+00
1.687000e-05	-6.208577e-02	-7.840453e+00
1.688000e-05	6.671564e-02	-8.086818e+00
1.689000e-05	7.002196e-04	-8.306243e+00
1.690000e-05	-6.442089e-02	-8.567926e+00
1.691000e-05	7.254190e-02	-8.851657e+00
1.692000e-05	-6.370721e-02	-9.063661e+00
1.693000e-05	6.632497e-02	-9.272762e+00
1.694000e-05	-5.621428e-02	-9.506667e+00
1.695000e-05	4.750264e-02	-9.719375e+00
1.696000e-05	-1.315832e-02	-9.949957e+00
1.697000e-05	-6.548819e-03	-1.014951e+01
1.698000e-05	9.316375e-03	-1.039108e+01
1.699000e-05	-1.505081e-02	-1.058158e+01
1.700000e-05	3.682844e-02	-1.079050e+01
1.701000e-05	-3.177391e-02	-1.100006e+01
1.702000e-05	3.377804e-02	-1.125061e+01
1.703000e-05	-2.184298e-02	-1.143212e+01
1.704000e-05	1.398238e-02	-1.164372e+01
1.705000e-05	-1.970209e-02	-1.186164e+01
1.706000e-05	2.419648e-02	-1.206420e+01
1.707000e-05	5.950325e-03	-1.224164e+01
1.708000e-05	6.046763e-04	-1.242269e+01
1.709000e-05	-5.120324e-03	-1.254949e+01
1.710000e-05	2.415832e-03	-1.272996e+01
1.711000e-05	7.347884e-03	-1.289648e+01
1.712000e-05	-5.758710e-03	-1.308537e+01
1.713000e-05	9.988979e-03	-1.320314e+01
1.714000e-05	1.500682e-03	-1.335944e+01
1.715000e-05	6.597120e-03	-1.348538e+01
1.716000e-05	-6.336311e-03	-1.367430e+01
1.717000e-05	1.097188e-02	-1.384122e+01
1.718000e-05	3.874788e-04	-1.395895e+01
1.719000e-05	5.315195e-03	-1.408530e+01
1.720000e-05	3.276327e-04	-1.419999e+01
1.721000e-05	8.643496e-03	-1.432743e+01
1.722000e-05	-7.952552e-04	-1.443317e+01
1.723000e-05	-4.165663e-04	-1.453956e+01
1.724000e-05	5.176044e-03	-1.464219e+01
1.725000e-05	6.305121e-03	-1.475750e+01
1.726000e-05	6.862768e-03	-1.482217e+01
1.727000e-05	2.877237e-03	-1.490473e+01
1.728000e-05	5.161685e-03	-1.495154e+01
1.729000e-05	2.930641e-03	-1.500272e+01
1.730000e-05	4.986938e-03	-1.505678e+01
1.731000e-05	6.021918e-03	-1.513949e+01
1.732000e-05	6.034316e-03	-1.525417e+01
1.733000e-05	5.368002e-03	-1.528530e+01
1.734000e-05	6.060663e-03	-1.533638e+01
1.735000e-05	6.107805e-03	-1.535959e+01
1.736000e-05	6.587699e-03	-1.540310e+01
1.737000e-05	7.727705e-03	-1.543222e+01
1.738000e-05	9.437932e-03	-1.549273e+01
1.739000e-05	9.681918e-03	-1.547525e+01
1.740000e-05	8.520709e-03	-1.549530e+01
1.741000e-05	8.480442e-03	-1.551680e+01
1.742000e-05	9.194049e-03	-1.548426e+01
1.743000e-05	1.159181e-02	-1.549480e+01
1.744000e-05	1.433090e-02	-1.547315e+01
1.745000e-05	1.473649e-02	-1.547430e+01
1.746000e-05	1.576680e-02	-1.544162e+01
1.747000e-05	1.622468e-02	-1.542157e+01
1.748000e-05	1.850089e-02	-1.535906e+01
1.749000e-05	1.853200e-02	-1.530696e+01
1.750000e-05	2.039610e-02	-1.529472e+01
1.751000e-05	2.434837e-02	-1.522362e+01
1.752000e-05	2.574753e-02	-1.515901e+01
1.753000e-05	2.726508e-02	-1.509741e+01
1.754000e-05	2.859881e-02	-1.502480e+01
1.755000e-05	3.252117e-02	-1.496752e+01
1.756000e-05	3.349355e-02	-1.488478e+01
1.757000e-05	3.740412e-02	-1.481155e+01
1.758000e-05	4.227779e-02	-1.474736e+01
1.759000e-05	4.679351e-02	-1.463360e+01
1.760000e-05	4.719991e-02	-1.452848e+01
1.761000e-05	5.250514e-02	-1.442260e+01
1.762000e-05	5.922723e-02	-1.430746e+01
1.763000e-05	6.488105e-02	-1.417255e+01
1.764000e-05	6.993002e-02	-1.408478e+01
1.765000e-05	7.865003e-02	-1.397989e+01
1.766000e-05	8.725069e-02	-1.383409e+01
1.767000e-05	9.552711e-02	-1.366485e+01
1.768000e-05	1.021959e-01	-1.351896e+01
1.769000e-05	1.117215e-01	-1.338155e+01
1.770000e-05	1.196983e-01	-1.320270e+01
1.771000e-05	1.266267e-01	-1.312488e+01
1.772000e-05	1.318725e-01	-1.296836e+01
1.773000e-05	1.350617e-01	-1.278057e+01
1.774000e-05	1.352499e-01	-1.263260e+01
1.775000e-05	1.351762e-01	-1.244422e+01
1.776000e-05	1.305870e-01	-1.229482e+01
1.777000e-05	1.242202e-01	-1.206528e+01
1.778000e-05	1.186950e-01	-1.190536e+01
1.779000e-05	1.116383e-01	-1.168480e+01
1.780000e-05	1.021841e-01	-1.147428e+01
1.781000e-05	9.277633e-02	-1.126425e+01
1.782000e-05	8.507031e-02	-1.104312e+01
1.783000e-05	7.795000e-02	-1.084367e+01
1.784000e-05	7.067737e-02	-1.063417e+01
1.785000e-05	6.255016e-02	-1.043122e+01
1.786000e-05	5.641622e-02	-1.022509e+01
1.787000e-05	4.983115e-02	-1.001106e+01
1.788000e-05	4.435632e-02	-9.778962e+00
1.789000e-05	3.827775e-02	-9.571039e+00
1.790000e-05	3.337047e-02	-9.338382e+00
1.791000e-05	2.991527e-02	-9.116826e+00
1.792000e-05	2.549210e-02	-8.876198e+00
1.793000e-05	2.260542e-02	-8.623145e+00
1.794000e-05	1.892781e-02	-8.401986e+00
1.795000e-05	1.693272e-02	-8.159482e+00
1.796000e-05	1.491298e-02	-7.907806e+00
1.797000e-05	1.165370e-02	-7.633646e+00
1.798000e-05	9.444066e-03	-7.348534e+00
1.799000e-05	7.234140e-03	-7.093278e+00
1.800000e-05	6.589121e-03	-6.852138e+00
1.801000e-05	4.853698e-03	-6.620988e+00
1.802000e-05	2.327104e-03	-6.306853e+00
1.803000e-05	2.809721e-03	-6.085137e+00
1.804000e-05	1.057394e-03	-5.782508e+00
1.805000e-05	2.281772e-03	-5.514830e+00
1.806000e-05	-1.178781e-03	-5.214113e+00
1.807000e-05	4.074472e-04	-4.926227e+00
1.808000e-05	-1.926955e-03	-4.600456e+00
1.809000e-05	-7.302715e-04	-4.378003e+00
1.810000e-05	-3.075763e-03	-4.097322e+00
1.811000e-05	-2.478503e-03	-3.854064e+00
1.812000e-05	-3.690195e-03	-3.517827e+00
1.813000e-05	-3.197198e-03	-3.296168e+00
1.814000e-05	-3.821561e-03	-2.959908e+00
1.815000e-05	-4.364280e-03	-2.707271e+00
1.816000e-05	-4.448106e-03	-2.423484e+00
1.817000e-05	-3.486394e-03	-2.137872e+00
1.818000e-05	-4.483511e-03	-1.875216e+00
1.819000e-05	-4.143241e-03	-1.599525e+00
1.820000e-05	-3.909814e-03	-1.243589e+00
1.821000e-05	-3.986871e-03	-9.673248e-01
1.822000e-05	-4.163283e-03	-6.542304e-01
1.823000e-05	-4.678895e-03	-3.488762e-01
1.824000e-05	-2.247947e-03	-1.057631e-01
1.825000e-05	5.786425e-03	2.073934e-01
1.826000e-05	1.905555e-04	4.725603e-01
1.827000e-05	-1.661313e-03	7.442335e-01
1.828000e-05	6.249917e-04	1.005389e+00
1.829000e-05	-1.550427e-03	1.303255e+00
1.830000e-05	-1.013942e-03	1.587346e+00
1.831000e-05	1.920082e-03	1.873707e+00
1.832000e-05	1.279633e-02	2.082132e+00
1.833000e-05	4.893424e-02	2.315740e+00
1.834000e-05	5.614632e-02	2.663162e+00
1.835000e-05	-6.936012e-02	2.978446e+00
1.836000e-05	-2.758449e-02	3.242659e+00
1.837000e-05	-3.038807e-02	3.545374e+00
1.838000e-05	-1.879244e-03	3.811526e+00
1.839000e-05	-3.571034e-02	4.011106e+00
1.840000e-05	2.039205e-04	4.305265e+00
1.841000e-05	6.356775e-02	4.555815e+00
1.842000e-05	-3.295085e-02	4.829652e+00
1.843000e-05	-1.495529e-02	5.056770e+00
1.844000e-05	9.660460e-02	5.440029e+00
1.845000e-05	-1.265124e-01	5.674712e+00
1.846000e-05	5.951604e-02	5.958895e+00
1.847000e-05	-1.925568e-02	6.189553e+00
1.848000e-05	3.420626e-02	6.471188e+00
1.849000e-05	-1.791680e-02	6.738499e+00
1.850000e-05	-4.008967e-02	7.030658e+00
1.851000e-05	3.449367e-02	7.334288e+00
1.852000e-05	-3.095000e-02	7.540977e+00
1.853000e-05	2.561811e-02	7.853590e+00
1.854000e-05	-2.863970e-02	8.107423e+00
1.855000e-05	2.380015e-02	8.339475e+00
1.856000e-05	2.791874e-03	8.580004e+00
1.857000e-05	-3.277506e-02	8.811579e+00
1.858000e-05	2.059217e-02	9.072140e+00
1.859000e-05	-2.126155e-02	9.293244e+00
1.860000e-05	9.513955e-03	9.496823e+00
1.861000e-05	-1.454792e-02	9.767904e+00
1.862000e-05	9.933100e-03	9.959984e+00
1.863000e-05	-1.510767e-02	1.019056e+01
1.864000e-05	-8.474470e-03	1.039157e+01
1.865000e-05	-6.769421e-04	1.061264e+01
1.866000e-05	-3.838076e-03	1.085216e+01
1.867000e-05	3.340815e-04	1.102254e+01
1.868000e-05	-1.394942e-02	1.124319e+01
1.869000e-05	1.846689e-03	1.146315e+01
1.870000e-05	-4.483103e-03	1.166427e+01
1.871000e-05	-6.294461e-03	1.186520e+01
1.872000e-05	-1.296439e-02	1.207274e+01
1.873000e-05	4.094459e-03	1.222367e+01
1.874000e-05	-9.162161e-04	1.242364e+01
1.875000e-05	-9.430145e-03	1.264016e+01
1.876000e-05	-1.322955e-02	1.278793e+01
1.877000e-05	-2.740306e-03	1.291735e+01
1.878000e-05	-3.039233e-03	1.306275e+01
1.879000e-05	-9.715622e-03	1.326317e+01
1.880000e-05	-7.166660e-03	1.338007e+01
1.881000e-05	-5.468861e-03	1.353796e+01
1.882000e-05	-4.607731e-03	1.366572e+01
1.883000e-05	-9.086480e-03	1.382324e+01
1.884000e-05	-5.570861e-03	1.392746e+01
1.885000e-05	-9.768374e-03	1.412641e+01
1.886000e-05	-7.426334e-03	1.423217e+01
1.887000e-05	-7.846421e-03	1.433952e+01
1.888000e-05	-8.153882e-03	1.444677e+01
1.889000e-05	-1.296390e-02	1.459701e+01
1.890000e-05	-1.189343e-02	1.467828e+01
1.891000e-05	-4.486785e-03	1.473951e+01
1.892000e-05	-6.631429e-03	1.486223e+01
1.893000e-05	-9.291240e-03	1.492528e+01
1.894000e-05	-1.162462e-02	1.498854e+01
1.895000e-05	-8.239715e-03	1.506378e+01
1.896000e-05	-1.032164e-02	1.510731e+01
1.897000e-05	-1.185383e-02	1.520099e+01
1.898000e-05	-1.368393e-02	1.520257e+01
1.899000e-05	-1.103351e-02	1.527278e+01
1.900000e-05	-1.116693e-02	1.534748e+01
1.901000e-05	-1.334440e-02	1.534047e+01
1.902000e-05	-1.377704e-02	1.538262e+01
1.903000e-05	-1.282838e-02	1.541310e+01
1.904000e-05	-1.149051e-02	1.543580e+01
1.905000e-05	-1.317605e-02	1.547433e+01
1.906000e-05	-1.663481e-02	1.549478e+01
1.907000e-05	-1.736952e-02	1.545723e+01
1.908000e-05	-1.638486e-02	1.551683e+01
1.909000e-05	-1.865318e-02	1.544478e+01
1.910000e-05	-2.116087e-02	1.544428e+01
1.911000e-05	-2.056171e-02	1.542370e+01
1.912000e-05	-2.176236e-02	1.539270e+01
1.913000e-05	-2.194822e-02	1.546209e+01
1.914000e-05	-2.629483e-02	1.531999e+01
1.915000e-05	-2.696338e-02	1.532828e+01
1.916000e-05	-2.861530e-02	1.525470e+01
1.917000e-05	-2.926184e-02	1.520313e+01
1.918000e-05	-3.050448e-02	1.517987e+01
1.919000e-05	-3.577038e-02	1.510633e+01
1.920000e-05	-3.795834e-02	1.504273e+01
1.921000e-05	-4.063372e-02	1.501204e+01
1.922000e-05	-4.167997e-02	1.491886e+01
1.923000e-05	-4.626566e-02	1.481157e+01
1.924000e-05	-4.922689e-02	1.474783e+01
1.925000e-05	-5.254474e-02	1.464267e+01
1.926000e-05	-5.635721e-02	1.451738e+01
1.927000e-05	-6.318333e-02	1.443307e+01
1.928000e-05	-6.782102e-02	1.432894e+01
1.929000e-05	-7.314484e-02	1.421112e+01
1.930000e-05	-7.894114e-02	1.413470e+01
1.931000e-05	-8.677792e-02	1.390799e+01
1.932000e-05	-9.572791e-02	1.382062e+01
1.933000e-05	-1.051537e-01	1.367368e+01
1.934000e-05	-1.125067e-01	1.352786e+01
1.935000e-05	-1.222270e-01	1.340099e+01
1.936000e-05	-1.293866e-01	1.324210e+01
1.937000e-05	-1.374781e-01	1.310420e+01
1.938000e-05	-1.403815e-01	1.286776e+01
1.939000e-05	-1.431630e-01	1.276791e+01
1.940000e-05	-1.436649e-01	1.261059e+01
1.941000e-05	-1.420904e-01	1.245217e+01
1.942000e-05	-1.362352e-01	1.232417e+01
1.943000e-05	-1.309700e-01	1.205620e+01
1.944000e-05	-1.251809e-01	1.189675e+01
1.945000e-05	-1.163971e-01	1.171590e+01
1.946000e-05	-1.087054e-01	1.149620e+01
1.947000e-05	-1.013120e-01	1.126365e+01
1.948000e-05	-9.179408e-02	1.109360e+01
1.949000e-05	-8.229469e-02	1.090582e+01
1.950000e-05	-7.652206e-02	1.067670e+01
1.951000e-05	-6.996882e-02	1.044272e+01
1.952000e-05	-6.332231e-02	1.022157e+01
1.953000e-05	-5.593976e-02	1.000106e+01
1.954000e-05	-5.183906e-02	9.781411e+00
1.955000e-05	-4.706115e-02	9.547457e+00
1.956000e-05	-4.184753e-02	9.328830e+00
1.957000e-05	-3.751053e-02	9.075228e+00
1.958000e-05	-3.380859e-02	8.854176e+00
1.959000e-05	-3.143991e-02	8.661519e+00
1.960000e-05	-2.778187e-02	8.401062e+00
1.961000e-05	-2.504612e-02	8.177359e+00
1.962000e-05	-2.321933e-02	7.896297e+00
1.963000e-05	-2.058931e-02	7.615120e+00
1.964000e-05	-1.873655e-02	7.400958e+00
1.965000e-05	-1.696940e-02	7.126281e+00
1.966000e-05	-1.519291e-02	6.843717e+00
1.967000e-05	-1.248658e-02	6.549937e+00
1.968000e-05	-1.205932e-02	6.335775e+00
1.969000e-05	-1.206563e-02	6.094145e+00
1.970000e-05	-1.175664e-02	5.810963e+00
1.971000e-05	-9.757866e-03	5.565304e+00
1.972000e-05	-1.068421e-02	5.251743e+00
1.973000e-05	-9.566406e-03	4.914305e+00
1.974000e-05	-8.239832e-03	4.600563e+00
1.975000e-05	-6.868504e-03	4.367953e+00
1.976000e-05	-7.448077e-03	4.083718e+00
1.977000e-05	-8.081192e-03	3.780508e+00
1.978000e-05	-6.149923e-03	3.556826e+00
1.979000e-05	-5.522821e-03	3.242584e+00
1.980000e-05	-6.193603e-03	2.967904e+00
1.981000e-05	-6.477455e-03	2.697872e+00
1.982000e-05	-7.018734e-03	2.370456e+00
1.983000e-05	-6.627370e-03	2.084818e+00
1.984000e-05	-6.390566e-03	1.863712e+00
1.985000e-05	-4.570766e-03	1.528351e+00
1.986000e-05	-4.091147e-03	1.242159e+00
1.987000e-05	-4.259871e-03	8.968482e-01
1.988000e-05	-5.262269e-03	6.525065e-01
1.989000e-05	-4.539445e-03	3.779261e-01
1.990000e-05	-2.557130e-03	5.323302e-02
1.991000e-05	4.434015e-03	-2.210750e-01
1.992000e-05	1.031935e-03	-4.826279e-01
1.993000e-05	-2.766815e-03	-7.569925e-01
1.994000e-05	-2.227478e-04	-1.020074e+00
1.995000e-05	-2.703779e-03	-1.274284e+00
1.996000e-05	-9.303398e-04	-1.589975e+00
1.997000e-05	1.012892e-02	-1.820629e+00
1.998000e-05	3.687024e-02	-2.050602e+00
1.999000e-05	8.455478e-02	-2.326495e+00
2.000000e-05	-5.733922e-02	-2.693786e+00
2.001000e-05	-3.056378e-02	-3.082806e+00
2.002000e-05	-2.764752e-02	-3.387919e+00
2.003000e-05	-1.942517e-02	-3.578575e+00
2.004000e-05	-6.421663e-02	-3.840457e+00
2.005000e-05	4.626110e-02	-4.083711e+00
2.006000e-05	1.107523e-01	-4.273105e+00
2.007000e-05	-1.599380e-01	-4.548494e+00
2.008000e-05	1.343612e-01	-4.820631e+00
2.009000e-05	-5.524494e-02	-5.115791e+00
2.010000e-05	-3.257684e-02	-5.453735e+00
2.011000e-05	7.391332e-02	-5.663242e+00
2.012000e-05	-9.357155e-02	-5.958948e+00
2.013000e-05	1.453634e-01	-6.239590e+00
2.014000e-05	-9.208142e-02	-6.506841e+00
2.015000e-05	8.831622e-03	-6.770982e+00
2.016000e-05	2.276358e-02	-7.043211e+00
2.017000e-05	-6.544633e-02	-7.367924e+00
2.018000e-05	9.138421e-02	-7.570033e+00
2.019000e-05	-8.001691e-02	-7.854271e+00
2.020000e-05	1.124223e-01	-8.145851e+00
2.021000e-05	-6.843385e-02	-8.367479e+00
2.022000e-05	-5.742198e-05	-8.621639e+00
2.023000e-05	2.957462e-02	-8.834786e+00
2.024000e-05	-4.088696e-02	-9.136297e+00
2.025000e-05	5.453454e-02	-9.316900e+00
2.026000e-05	-6.037259e-02	-9.588903e+00
2.027000e-05	7.172938e-02	-9.789508e+00
2.028000e-05	-4.422162e-02	-1.001156e+01
2.029000e-05	2.350885e-02	-1.019112e+01
2.030000e-05	-2.015563e-02	-1.045216e+01
2.031000e-05	1.484111e-02	-1.069327e+01
2.032000e-05	1.246405e-02	-1.089414e+01
2.033000e-05	-1.776431e-02	-1.101575e+01
2.034000e-05	2.598444e-02	-1.129430e+01
2.035000e-05	-2.179501e-02	-1.152585e+01
2.036000e-05	1.546697e-02	-1.170473e+01
2.037000e-05	-2.027040e-02	-1.186835e+01
2.038000e-05	3.437368e-02	-1.209629e+01
2.039000e-05	-6.293615e-03	-1.225430e+01
2.040000e-05	5.747625e-03	-1.247320e+01
2.041000e-05	-1.193491e-02	-1.258257e+01
2.042000e-05	1.135896e-02	-1.278204e+01
2.043000e-05	-3.454347e-04	-1.295998e+01
2.044000e-05	1.258540e-04	-1.311835e+01
2.045000e-05	7.479402e-03	-1.324475e+01
2.046000e-05	4.111434e-03	-1.343265e+01
2.047000e-05	3.204235e-03	-1.353998e+01
2.048000e-05	-3.592561e-03	-1.374738e+01
2.049000e-05	1.048566e-02	-1.385218e+01
2.050000e-05	-1.673290e-05	-1.397954e+01
2.051000e-05	4.730921e-03	-1.407430e+01
2.052000e-05	2.016484e-03	-1.422104e+01
2.053000e-05	8.306924e-03	-1.431946e+01
2.054000e-05	-2.026146e-03	-1.442320e+01
2.055000e-05	9.239658e-04	-1.459008e+01
2.056000e-05	6.417468e-03	-1.465478e+01
2.057000e-05	8.227514e-03	-1.475901e+01
2.058000e-05	5.770328e-03	-1.483257e+01
2.059000e-05	3.347644e-03	-1.491688e+01
2.060000e-05	5.446105e-03	-1.500007e+01
2.061000e-05	2.936596e-03	-1.502175e+01
2.062000e-05	5.327626e-03	-1.511933e+01
2.063000e-05	6.135392e-03	-1.514047e+01
2.064000e-05	5.924138e-03	-1.521215e+01
2.065000e-05	5.991004e-03	-1.528638e+01
2.066000e-05	6.311535e-03	-1.531794e+01
2.067000e-05	7.453878e-03	-1.536959e+01
2.068000e-05	7.638118e-03	-1.540172e+01
2.069000e-05	8.332632e-03	-1.545320e+01
2.070000e-05	7.684424e-03	-1.546527e+01
2.071000e-05	8.793745e-03	-1.546575e+01
2.072000e-05	9.753742e-03	-1.549480e+01
2.073000e-05	1.032822e-02	-1.548531e+01
2.074000e-05	1.022990e-02	-1.549575e+01
2.075000e-05	1.143643e-02	-1.548530e+01
2.076000e-05	1.420931e-02	-1.545428e+01
2.077000e-05	1.598581e-02	-1.543417e+01
2.078000e-05	1.545959e-02	-1.544457e+01
2.079000e-05	1.690385e-02	-1.539107e+01
2.080000e-05	1.836244e-02	-1.537711e+01
2.081000e-05	1.902279e-02	-1.531636e+01
2.082000e-05	2.231263e-02	-1.522365e+01
2.083000e-05	2.477375e-02	-1.523209e+01
2.084000e-05	2.675266e-02	-1.510899e+01
2.085000e-05	2.641360e-02	-1.509781e+01
2.086000e-05	2.990405e-02	-1.503275e+01
2.087000e-05	3.327653e-02	-1.494951e+01
2.088000e-05	3.546686e-02	-1.486368e+01
2.089000e-05	3.862934e-02	-1.476207e+01
2.090000e-05	4.265623e-02	-1.470738e+01
2.091000e-05	4.630072e-02	-1.464315e+01
2.092000e-05	4.959902e-02	-1.455583e+01
2.093000e-05	5.399684e-02	-1.439456e+01
2.094000e-05	6.043515e-02	-1.425588e+01
2.095000e-05	6.654272e-02	-1.413991e+01
2.096000e-05	7.369470e-02	-1.401117e+01
2.097000e-05	7.944380e-02	-1.392488e+01
2.098000e-05	8.822216e-02	-1.378194e+01
2.099000e-05	9.549259e-02	-1.363325e+01
2.100000e-05	1.049674e-01	-1.351541e+01
2.101000e-05	1.139425e-01	-1.332881e+01
2.102000e-05	1.214783e-01	-1.320259e+01
2.103000e-05	1.287227e-01	-1.303465e+01
2.104000e-05	1.335512e-01	-1.290680e+01
2.105000e-05	1.354272e-01	-1.272739e+01
2.106000e-05	1.356326e-01	-1.256051e+01
2.107000e-05	1.338884e-01	-1.240162e+01
2.108000e-05	1.294968e-01	-1.223367e+01
2.109000e-05	1.233313e-01	-1.206563e+01
2.110000e-05	1.166299e-01	-1.181463e+01
2.111000e-05	1.079009e-01	-1.163220e+01
2.112000e-05	9.997313e-02	-1.139257e+01
2.113000e-05	9.143395e-02	-1.120302e+01
2.114000e-05	8.380219e-02	-1.098054e+01
2.115000e-05	7.570948e-02	-1.079006e+01
2.116000e-05	6.862531e-02	-1.058206e+01
2.117000e-05	6.162497e-02	-1.036112e+01
2.118000e-05	5.377046e-02	-1.013999e+01
2.119000e-05	4.829862e-02	-9.960855e+00
2.120000e-05	4.299594e-02	-9.705355e+00
2.121000e-05	3.843147e-02	-9.517353e+00
2.122000e-05	3.275919e-02	-9.296223e+00
2.123000e-05	2.827766e-02	-9.014218e+00
2.124000e-05	2.546562e-02	-8.863138e+00
2.125000e-05	2.155593e-02	-8.561961e+00
2.126000e-05	1.917865e-02	-8.347882e+00
2.127000e-05	1.435887e-02	-8.097695e+00
2.128000e-05	1.400852e-02	-7.842195e+00
2.129000e-05	1.026748e-02	-7.568908e+00
2.130000e-05	1.022013e-02	-7.296249e+00
2.131000e-05	7.341455e-03	-7.043637e+00
2.132000e-05	7.773937e-03	-6.799559e+00
2.133000e-05	2.687909e-03	-6.527201e+00
2.134000e-05	3.774760e-03	-6.275172e+00
2.135000e-05	1.060903e-04	-5.989458e+00
2.136000e-05	2.992936e-03	-5.667307e+00
2.137000e-05	1.393614e-04	-5.456238e+00
2.138000e-05	3.000657e-04	-5.136855e+00
2.139000e-05	-1.924353e-03	-4.843617e+00
2.140000e-05	-9.098201e-04	-4.536823e+00
2.141000e-05	-1.479889e-03	-4.316326e+00
2.142000e-05	-2.878185e-04	-4.045090e+00
2.143000e-05	-3.790382e-03	-3.709804e+00
2.144000e-05	-5.329079e-03	-3.484723e+00
2.145000e-05	-5.883240e-03	-3.203083e+00
2.146000e-05	-2.185066e-03	-2.904795e+00
2.147000e-05	-2.428928e-03	-2.613662e+00
2.148000e-05	-3.772150e-03	-2.317927e+00
2.149000e-05	-5.543514e-03	-2.054088e+00
2.150000e-05	-2.694567e-03	-1.800979e+00
2.151000e-05	-2.820462e-03	-1.498298e+00
2.152000e-05	-3.119596e-03	-1.177950e+00
2.153000e-05	-6.107024e-03	-8.626353e-01
2.154000e-05	-5.846036e-03	-5.914839e-01
2.155000e-05	-6.246428e-03	-3.377408e-01
2.156000e-05	1.326897e-03	-2.205626e-02
2.157000e-05	8.445771e-03	2.521240e-01
2.158000e-05	-3.068316e-03	5.352896e-01
2.159000e-05	-1.353059e-03	7.574437e-01
2.160000e-05	-2.938603e-03	1.092653e+00
2.161000e-05	2.206282e-03	1.345389e+00
2.162000e-05	-3.201504e-03	1.661632e+00
2.163000e-05	5.261483e-03	1.936765e+00
2.164000e-05	1.061574e-02	2.113262e+00
2.165000e-05	6.737078e-02	2.399569e+00
2.166000e-05	2.509699e-02	2.727417e+00
2.167000e-05	-7.121395e-02	3.003157e+00
2.168000e-05	-2.362392e-02	3.364315e+00
2.169000e-05	-2.598566e-02	3.610523e+00
2.170000e-05	-5.699681e-03	3.854237e+00
2.171000e-05	-3.505798e-02	4.114735e+00
2.172000e-05	1.746212e-02	4.365869e+00
2.173000e-05	6.457585e-02	4.569448e+00
2.174000e-05	-7.526668e-02	4.874342e+00
2.175000e-05	5.944246e-02	5.157402e+00
2.176000e-05	2.464006e-02	5.491361e+00
2.177000e-05	-9.847299e-02	5.797378e+00
2.178000e-05	6.049536e-02	6.042179e+00
2.179000e-05	-2.132593e-02	6.273712e+00
2.180000e-05	4.605260e-02	6.545898e+00
2.181000e-05	-4.572843e-02	6.832654e+00
2.182000e-05	-1.380820e-02	7.063692e+00
2.183000e-05	2.222521e-02	7.336952e+00
2.184000e-05	-2.282879e-02	7.661691e+00
2.185000e-05	2.357089e-02	7.927841e+00
2.186000e-05	-3.436555e-02	8.231052e+00
2.187000e-05	3.761081e-02	8.420610e+00
2.188000e-05	-1.881343e-02	8.620683e+00
2.189000e-05	-1.619756e-02	8.855293e+00
2.190000e-05	1.396812e-02	9.104768e+00
2.191000e-05	-2.330972e-02	9.348878e+00
2.192000e-05	1.396511e-02	9.548458e+00
2.193000e-05	-1.810916e-02	9.809460e+00
2.194000e-05	1.498108e-02	1.003319e+01
2.195000e-05	-2.617191e-02	1.021074e+01
2.196000e-05	3.686637e-05	1.048567e+01
2.197000e-05	-5.015963e-03	1.067364e+01
2.198000e-05	1.742695e-03	1.088527e+01
2.199000e-05	-3.315365e-03	1.108475e+01
2.200000e-05	-1.363329e-02	1.130786e+01
2.201000e-05	6.033220e-03	1.148583e+01
2.202000e-05	-8.261682e-03	1.176641e+01
2.203000e-05	-5.573106e-03	1.192727e+01
2.204000e-05	-1.291066e-02	1.214538e+01
2.205000e-05	9.590177e-03	1.230428e+01
2.206000e-05	-4.277804e-03	1.247427e+01
2.207000e-05	-1.150174e-02	1.263524e+01
2.208000e-05	-1.201932e-02	1.278014e+01
2.209000e-05	-1.563257e-03	1.298746e+01
2.210000e-05	-4.045112e-03	1.313641e+01
2.211000e-05	-1.126086e-02	1.329477e+01
2.212000e-05	-3.176575e-03	1.341221e+01
2.213000e-05	-5.366599e-03	1.358954e+01
2.214000e-05	-4.952265e-03	1.368478e+01
2.215000e-05	-1.145192e-02	1.382463e+01
2.216000e-05	-4.980343e-03	1.400904e+01
2.217000e-05	-8.044320e-03	1.410938e+01
2.218000e-05	-7.272836e-03	1.421365e+01
2.219000e-05	-6.697825e-03	1.434944e+01
2.220000e-05	-8.654044e-03	1.444328e+01
2.221000e-05	-1.186467e-02	1.467119e+01
2.222000e-05	-1.179476e-02	1.469575e+01
2.223000e-05	-4.672911e-03	1.477046e+01
2.224000e-05	-8.034826e-03	1.488305e+01
2.225000e-05	-9.440210e-03	1.491788e+01
2.226000e-05	-1.159287e-02	1.501107e+01
2.227000e-05	-8.562456e-03	1.506475e+01
2.228000e-05	-1.084157e-02	1.515896e+01
2.229000e-05	-1.272453e-02	1.518956e+01
2.230000e-05	-1.254863e-02	1.525367e+01
2.231000e-05	-1.147281e-02	1.532473e+01
2.232000e-05	-1.104310e-02	1.533793e+01
2.233000e-05	-1.457614e-02	1.536049e+01
2.234000e-05	-1.453851e-02	1.544217e+01
2.235000e-05	-1.407881e-02	1.542317e+01
2.236000e-05	-1.147491e-02	1.547425e+01
2.237000e-05	-1.341899e-02	1.543675e+01
2.238000e-05	-1.613990e-02	1.550628e+01
2.239000e-05	-1.761493e-02	1.548518e+01
2.240000e-05	-1.824194e-02	1.551678e+01
2.241000e-05	-1.917984e-02	1.547628e+01
2.242000e-05	-2.059556e-02	1.549423e+01
2.243000e-05	-2.046908e-02	1.542425e+01
2.244000e-05	-2.313209e-02	1.538457e+01
2.245000e-05	-2.381728e-02	1.536952e+01
2.246000e-05	-2.623861e-02	1.533794e+01
2.247000e-05	-2.640615e-02	1.529729e+01
2.248000e-05	-2.987824e-02	1.524257e+01
2.249000e-05	-3.073761e-02	1.522062e+01
2.250000e-05	-3.159564e-02	1.514941e+01
2.251000e-05	-3.516944e-02	1.508671e+01
2.252000e-05	-3.823856e-02	1.503317e+01
2.253000e-05	-4.112314e-02	1.501801e+01
2.254000e-05	-4.132126e-02	1.484526e+01
2.255000e-05	-4.593169e-02	1.478112e+01
2.256000e-05	-4.943728e-02	1.468743e+01
2.257000e-05	-5.360878e-02	1.464152e+01
2.258000e-05	-5.863449e-02	1.448588e+01
2.259000e-05	-6.371012e-02	1.441007e+01
2.260000e-05	-6.918767e-02	1.426636e+01
2.261000e-05	-7.415653e-02	1.418044e+01
2.262000e-05	-8.144049e-02	1.402370e+01
2.263000e-05	-8.938093e-02	1.391880e+01
2.264000e-05	-9.685742e-02	1.377094e+01
2.265000e-05	-1.061403e-01	1.361310e+01
2.266000e-05	-1.157762e-01	1.350575e+01
2.267000e-05	-1.240957e-01	1.337948e+01
2.268000e-05	-1.305684e-01	1.320004e+01
2.269000e-05	-1.376906e-01	1.304505e+01
2.270000e-05	-1.427311e-01	1.281570e+01
2.271000e-05	-1.455450e-01	1.270583e+01
2.272000e-05	-1.437312e-01	1.255801e+01
2.273000e-05	-1.408628e-01	1.239947e+01
2.274000e-05	-1.352699e-01	1.226107e+01
2.275000e-05	-1.281385e-01	1.203364e+01
2.276000e-05	-1.219077e-01	1.185362e+01
2.277000e-05	-1.145922e-01	1.165417e+01
2.278000e-05	-1.068116e-01	1.141154e+01
2.279000e-05	-9.844931e-02	1.122009e+01
2.280000e-05	-8.971752e-02	1.101111e+01
2.281000e-05	-8.238804e-02	1.083054e+01
2.282000e-05	-7.428774e-02	1.058201e+01
2.283000e-05	-6.713556e-02	1.039054e+01
2.284000e-05	-6.086209e-02	1.018894e+01
2.285000e-05	-5.547608e-02	9.919429e+00
2.286000e-05	-5.053734e-02	9.716309e+00
2.287000e-05	-4.510785e-02	9.525223e+00
2.288000e-05	-4.014595e-02	9.295246e+00
2.289000e-05	-3.627346e-02	9.035172e+00
2.290000e-05	-3.392979e-02	8.791995e+00
2.291000e-05	-3.137641e-02	8.568333e+00
2.292000e-05	-2.687241e-02	8.337928e+00
2.293000e-05	-2.409059e-02	8.064252e+00
2.294000e-05	-2.189965e-02	7.814139e+00
2.295000e-05	-2.048355e-02	7.568935e+00
2.296000e-05	-1.803236e-02	7.326821e+00
2.297000e-05	-1.580338e-02	7.013591e+00
2.298000e-05	-1.533808e-02	6.789960e+00
2.299000e-05	-1.374709e-02	6.565676e+00
2.300000e-05	-1.283907e-02	6.272091e+00
2.301000e-05	-1.117558e-02	6.042058e+00
2.302000e-05	-1.133454e-02	5.728428e+00
2.303000e-05	-9.619819e-03	5.466219e+00
2.304000e-05	-9.580392e-03	5.148507e+00
2.305000e-05	-7.934641e-03	4.821987e+00
2.306000e-05	-8.470841e-03	4.567875e+00
2.307000e-05	-7.406594e-03	4.285249e+00
2.308000e-05	-7.334096e-03	3.960156e+00
2.309000e-05	-7.093083e-03	3.716746e+00
2.310000e-05	-7.433744e-03	3.505243e+00
2.311000e-05	-6.978633e-03	3.188928e+00
2.312000e-05	-5.589653e-03	2.885218e+00
2.313000e-05	-5.898566e-03	2.621083e+00
2.314000e-05	-6.274377e-03	2.317272e+00
2.315000e-05	-5.672383e-03	2.033085e+00
2.316000e-05	-5.698820e-03	1.792386e+00
2.317000e-05	-6.119036e-03	1.476115e+00
2.318000e-05	-6.405085e-03	1.180876e+00
2.319000e-05	-5.923602e-03	8.300603e-01
2.320000e-05	-4.817482e-03	5.673972e-01
2.321000e-05	-4.108679e-03	2.653170e-01
2.322000e-05	-1.263194e-03	-4.062152e-02
2.323000e-05	6.993419e-03	-2.737117e-01
2.324000e-05	-2.547676e-03	-5.153120e-01
2.325000e-05	1.229891e-03	-8.311265e-01
2.326000e-05	-2.569051e-03	-1.103736e+00
2.327000e-05	-2.568931e-04	-1.367496e+00
2.328000e-05	-2.912301e-03	-1.623631e+00
2.329000e-05	1.538491e-02	-1.883238e+00
2.330000e-05	4.963786e-02	-2.124262e+00
2.331000e-05	6.937070e-02	-2.369594e+00
2.332000e-05	-8.420173e-02	-2.797501e+00
2.333000e-05	-4.612578e-03	-3.167473e+00
2.334000e-05	-4.015274e-02	-3.441179e+00
2.335000e-05	-9.369168e-03	-3.652159e+00
2.336000e-05	-7.656657e-02	-3.905867e+00
2.337000e-05	1.141201e-01	-4.065740e+00
2.338000e-05	3.051575e-02	-4.326795e+00
2.339000e-05	-1.064897e-01	-4.590581e+00
2.340000e-05	1.718447e-01	-4.913690e+00
2.341000e-05	-1.237914e-01	-5.189581e+00
2.342000e-05	5.230142e-02	-5.505370e+00
2.343000e-05	-2.354736e-03	-5.785823e+00
2.344000e-05	-3.457534e-02	-6.052709e+00
2.345000e-05	1.181360e-01	-6.304819e+00
2.346000e-05	-1.218250e-01	-6.569552e+00
2.347000e-05	7.016125e-02	-6.864235e+00
2.348000e-05	-3.913765e-02	-7.087373e+00
2.349000e-05	-9.750242e-03	-7.431558e+00
2.350000e-05	4.785643e-02	-7.654642e+00
2.351000e-05	-5.433967e-02	-7.968952e+00
2.352000e-05	1.157487e-01	-8.230058e+00
2.353000e-05	-1.087648e-01	-8.462690e+00
2.354000e-05	5.602916e-02	-8.666795e+00
2.355000e-05	-2.040051e-02	-8.927929e+00
2.356000e-05	3.645462e-03	-9.179479e+00
2.357000e-05	1.899472e-02	-9.389509e+00
2.358000e-05	-3.677989e-02	-9.611037e+00
2.359000e-05	6.114845e-02	-9.831161e+00
2.360000e-05	-5.342102e-02	-1.004472e+01
2.361000e-05	4.044637e-02	-1.029470e+01
2.362000e-05	-3.616575e-02	-1.049692e+01
2.363000e-05	3.731665e-02	-1.070533e+01
2.364000e-05	-1.462398e-02	-1.090488e+01
2.365000e-05	5.225566e-03	-1.114685e+01
2.366000e-05	1.062379e-02	-1.128700e+01
2.367000e-05	-1.113962e-02	-1.154943e+01
2.368000e-05	5.443873e-03	-1.174798e+01
2.369000e-05	-1.175902e-02	-1.192001e+01
2.370000e-05	3.357916e-02	-1.213793e+01
2.371000e-05	-1.114739e-02	-1.232693e+01
2.372000e-05	8.010995e-03	-1.249638e+01
2.373000e-05	-1.121991e-02	-1.266420e+01
2.374000e-05	1.638831e-02	-1.281475e+01
2.375000e-05	-6.923917e-03	-1.300111e+01
2.376000e-05	5.445402e-03	-1.311898e+01
2.377000e-05	3.371490e-03	-1.329477e+01
2.378000e-05	6.975102e-03	-1.342270e+01
2.379000e-05	-1.180003e-03	-1.354856e+01
2.380000e-05	2.690257e-03	-1.374853e+01
2.381000e-05	6.778616e-03	-1.386525e+01
2.382000e-05	2.097022e-03	-1.401014e+01
2.383000e-05	3.779204e-03	-1.410848e+01
2.384000e-05	5.022529e-03	-1.426278e+01
2.385000e-05	5.158749e-03	-1.440101e+01
2.386000e-05	-2.677904e-03	-1.448443e+01
2.387000e-05	4.034807e-03	-1.459012e+01
2.388000e-05	6.627298e-03	-1.467723e+01
2.389000e-05	7.735303e-03	-1.481904e+01
2.390000e-05	4.190369e-03	-1.484320e+01
2.391000e-05	5.782462e-03	-1.492889e+01
2.392000e-05	5.862805e-03	-1.495112e+01
2.393000e-05	3.923046e-03	-1.507521e+01
2.394000e-05	5.755429e-03	-1.509696e+01
2.395000e-05	6.745890e-03	-1.518206e+01
2.396000e-05	5.957841e-03	-1.524567e+01
2.397000e-05	5.980865e-03	-1.525783e+01
2.398000e-05	5.634934e-03	-1.536801e+01
2.399000e-05	7.692491e-03	-1.543962e+01
2.400000e-05	8.588394e-03	-1.539062e+01
2.401000e-05	8.707715e-03	-1.540328e+01
2.402000e-05	8.468588e-03	-1.546473e+01
2.403000e-05	8.431101e-03	-1.547475e+01
2.404000e-05	1.016602e-02	-1.546573e+01
2.405000e-05	9.636418e-03	-1.547531e+01
2.406000e-05	9.856199e-03	-1.549670e+01
2.407000e-05	1.176645e-02	-1.546425e+01
2.408000e-05	1.507212e-02	-1.546672e+01
2.409000e-05	1.555299e-02	-1.545472e+01
2.410000e-05	1.484490e-02	-1.540409e+01
2.411000e-05	1.772041e-02	-1.539149e+01
2.412000e-05	1.859984e-02	-1.535701e+01
2.413000e-05	2.007748e-02	-1.532625e+01
2.414000e-05	2.228041e-02	-1.523370e+01
2.415000e-05	2.538618e-02	-1.520214e+01
2.416000e-05	2.550043e-02	-1.511693e+01
2.417000e-05	2.734365e-02	-1.504585e+01
2.418000e-05	3.085427e-02	-1.498109e+01
2.419000e-05	3.421210e-02	-1.491741e+01
2.420000e-05	3.638174e-02	-1.482466e+01
2.421000e-05	3.914028e-02	-1.476957e+01
2.422000e-05	4.460391e-02	-1.468373e+01
2.423000e-05	4.586052e-02	-1.458114e+01
2.424000e-05	5.099935e-02	-1.450632e+01
2.425000e-05	5.529058e-02	-1.434996e+01
2.426000e-05	6.123045e-02	-1.422323e+01
2.427000e-05	6.771827e-02	-1.412836e+01
2.428000e-05	7.470763e-02	-1.401059e+01
2.429000e-05	8.290654e-02	-1.388473e+01
2.430000e-05	8.972174e-02	-1.374898e+01
2.431000e-05	9.781244e-02	-1.358165e+01
2.432000e-05	1.068541e-01	-1.343417e+01
2.433000e-05	1.159678e-01	-1.331686e+01
2.434000e-05	1.239462e-01	-1.316054e+01
2.435000e-05	1.288254e-01	-1.300252e+01
2.436000e-05	1.331866e-01	-1.284422e+01
2.437000e-05	1.364507e-01	-1.268628e+01
2.438000e-05	1.356022e-01	-1.252889e+01
2.439000e-05	1.326980e-01	-1.240104e+01
2.440000e-05	1.272072e-01	-1.220051e+01
2.441000e-05	1.217459e-01	-1.199307e+01
2.442000e-05	1.138693e-01	-1.178249e+01
2.443000e-05	1.056465e-01	-1.159059e+01
2.444000e-05	9.712284e-02	-1.134899e+01
2.445000e-05	8.945132e-02	-1.112826e+01
2.446000e-05	8.257979e-02	-1.091838e+01
2.447000e-05	7.454159e-02	-1.072959e+01
2.448000e-05	6.612070e-02	-1.057846e+01
2.449000e-05	5.854869e-02	-1.031788e+01
2.450000e-05	5.220223e-02	-1.011478e+01
2.451000e-05	4.691819e-02	-9.885800e+00
2.452000e-05	4.145099e-02	-9.713798e+00
2.453000e-05	3.656776e-02	-9.443200e+00
2.454000e-05	3.188315e-02	-9.192592e+00
2.455000e-05	2.730302e-02	-8.971487e+00
2.456000e-05	2.415107e-02	-8.758534e+00
2.457000e-05	2.083977e-02	-8.506330e+00
2.458000e-05	1.869696e-02	-8.244274e+00
2.459000e-05	1.601923e-02	-8.023695e+00
2.460000e-05	1.373462e-02	-7.809861e+00
2.461000e-05	1.044142e-02	-7.465799e+00
2.462000e-05	8.564181e-03	-7.213586e+00
2.463000e-05	6.802254e-03	-7.000955e+00
2.464000e-05	5.470207e-03	-6.707327e+00
2.465000e-05	3.867409e-03	-6.473114e+00
2.466000e-05	4.155294e-03	-6.211912e+00
2.467000e-05	2.466219e-03	-5.917826e+00
2.468000e-05	1.634425e-03	-5.643185e+00
2.469000e-05	-5.633508e-04	-5.359534e+00
2.470000e-05	-2.847876e-05	-5.076216e+00
2.471000e-05	-1.054372e-03	-4.757301e+00
2.472000e-05	-9.246632e-04	-4.453720e+00
2.473000e-05	-1.442534e-03	-4.222611e+00
2.474000e-05	-2.376821e-03	-3.999331e+00
2.475000e-05	-3.095586e-03	-3.663640e+00
2.476000e-05	-3.378282e-03	-3.430587e+00
2.477000e-05	-3.633185e-03	-3.158851e+00
2.478000e-05	-4.272059e-03	-2.833053e+00
2.479000e-05	-4.385314e-03	-2.580478e+00
2.480000e-05	-3.704238e-03	-2.315717e+00
2.481000e-05	-4.455313e-03	-1.978951e+00
2.482000e-05	-4.092682e-03	-1.715347e+00
2.483000e-05	-4.264245e-03	-1.424009e+00
2.484000e-05	-3.870893e-03	-1.096239e+00
2.485000e-05	-3.930140e-03	-8.310775e-01
2.486000e-05	-4.280419e-03	-5.048143e-01
2.487000e-05	-3.934835e-03	-2.741589e-01
2.488000e-05	1.425584e-04	6.122773e-02
2.489000e-05	5.812534e-03	2.758647e-01
2.490000e-05	-5.662205e-03	5.584663e-01
2.491000e-05	2.817535e-03	8.505540e-01
2.492000e-05	-2.919878e-03	1.135994e+00
2.493000e-05	1.901454e-03	1.459049e+00
2.494000e-05	-5.618443e-03	1.727396e+00
2.495000e-05	1.059127e-02	1.948395e+00
2.496000e-05	1.991914e-02	2.248525e+00
2.497000e-05	7.685178e-02	2.454757e+00
2.498000e-05	-1.677640e-02	2.852105e+00
2.499000e-05	-5.952378e-02	3.135315e+00
2.500000e-05	-2.382755e-02	3.410002e+00
2.501000e-05	-1.714453e-02	3.652161e+00
2.502000e-05	-1.881170e-02	3.916242e+00
2.503000e-05	-2.772712e-02	4.157797e+00
2.504000e-05	3.356501e-02	4.359503e+00
2.505000e-05	5.241250e-02	4.653765e+00
2.506000e-05	-9.233450e-02	4.927848e+00
2.507000e-05	1.114351e-01	5.242640e+00
2.508000e-05	-5.757095e-02	5.526371e+00
2.509000e-05	-3.586069e-02	5.821210e+00
2.510000e-05	4.213401e-02	6.103716e+00
2.511000e-05	-1.176290e-02	6.316845e+00
2.512000e-05	3.284079e-02	6.519959e+00
2.513000e-05	-6.191790e-02	6.923319e+00
2.514000e-05	1.831890e-02	7.147402e+00
2.515000e-05	3.658253e-03	7.430640e+00
2.516000e-05	-5.876933e-03	7.716419e+00
2.517000e-05	5.873715e-03	7.998961e+00
2.518000e-05	-2.385740e-02	8.262717e+00
2.519000e-05	4.003940e-02	8.482687e+00
2.520000e-05	-3.349270e-02	8.742723e+00
2.521000e-05	-1.221895e-03	8.926854e+00
2.522000e-05	-1.542819e-04	9.169608e+00
2.523000e-05	-1.353793e-02	9.410108e+00
2.524000e-05	1.222319e-02	9.632040e+00
2.525000e-05	-1.217996e-02	9.863139e+00
2.526000e-05	9.440475e-03	1.011382e+01
2.527000e-05	-2.679397e-02	1.029430e+01
2.528000e-05	7.114130e-03	1.056850e+01
2.529000e-05	-6.669600e-03	1.074785e+01
2.530000e-05	1.497561e-03	1.093843e+01
2.531000e-05	-9.688933e-03	1.112885e+01
2.532000e-05	-9.353275e-03	1.138748e+01
2.533000e-05	6.060009e-03	1.155801e+01
2.534000e-05	-8.593147e-03	1.173951e+01
2.535000e-05	-6.445201e-03	1.197946e+01
2.536000e-05	-8.134213e-03	1.214848e+01
2.537000e-05	9.003594e-03	1.237693e+01
2.538000e-05	-7.237862e-03	1.252627e+01
2.539000e-05	-1.357872e-02	1.264522e+01
2.540000e-05	-9.267372e-03	1.283322e+01
2.541000e-05	-2.670516e-03	1.299019e+01
2.542000e-05	-3.131915e-03	1.318001e+01
2.543000e-05	-1.235925e-02	1.330688e+01
2.544000e-05	-1.689866e-03	1.344276e+01
2.545000e-05	-7.092561e-03	1.360052e+01
2.546000e-05	-4.275141e-03	1.372646e+01
2.547000e-05	-9.036577e-03	1.389423e+01
2.548000e-05	-4.857875e-03	1.405208e+01
2.549000e-05	-7.942960e-03	1.416951e+01
2.550000e-05	-7.809673e-03	1.428691e+01
2.551000e-05	-7.402493e-03	1.437154e+01
2.552000e-05	-1.215667e-02	1.450686e+01
2.553000e-05	-1.318808e-02	1.461117e+01
2.554000e-05	-9.172797e-03	1.472790e+01
2.555000e-05	-3.243828e-03	1.483059e+01
2.556000e-05	-8.346427e-03	1.488377e+01
2.557000e-05	-1.014083e-02	1.491744e+01
2.558000e-05	-1.027797e-02	1.505359e+01
2.559000e-05	-9.097232e-03	1.508473e+01
2.560000e-05	-1.207531e-02	1.512839e+01
2.561000e-05	-1.356460e-02	1.519062e+01
2.562000e-05	-1.137112e-02	1.523628e+01
2.563000e-05	-1.174457e-02	1.527574e+01
2.564000e-05	-1.193933e-02	1.535899e+01
2.565000e-05	-1.482405e-02	1.536050e+01
2.566000e-05	-1.367119e-02	1.537102e+01
2.567000e-05	-1.220462e-02	1.542408e+01
2.568000e-05	-1.116013e-02	1.548528e+01
2.569000e-05	-1.447448e-02	1.543585e+01
2.570000e-05	-1.849867e-02	1.547628e+01
2.571000e-05	-1.817284e-02	1.545581e+01
2.572000e-05	-1.854510e-02	1.549576e+01
2.573000e-05	-2.033915e-02	1.547623e+01
2.574000e-05	-2.141484e-02	1.546470e+01
2.575000e-05	-1.979235e-02	1.542422e+01
2.576000e-05	-2.138561e-02	1.535262e+01
2.577000e-05	-2.324263e-02	1.537995e+01
2.578000e-05	-2.621457e-02	1.530986e+01
2.579000e-05	-2.776300e-02	1.526621e+01
2.580000e-05	-3.013339e-02	1.525370e+01
2.581000e-05	-3.136354e-02	1.517104e+01
2.582000e-05	-3.120038e-02	1.514839e+01
2.583000e-05	-3.634529e-02	1.511625e+01
2.584000e-05	-3.970997e-02	1.501162e+01
2.585000e-05	-4.165803e-02	1.496843e+01
2.586000e-05	-4.223751e-02	1.486283e+01
2.587000e-05	-4.610733e-02	1.476091e+01
2.588000e-05	-5.130116e-02	1.466633e+01
2.589000e-05	-5.526244e-02	1.457907e+01
2.590000e-05	-5.963299e-02	1.445481e+01
2.591000e-05	-6.404307e-02	1.436100e+01
2.592000e-05	-7.026918e-02	1.427426e+01
2.593000e-05	-7.665601e-02	1.415941e+01
2.594000e-05	-8.302252e-02	1.401922e+01
2.595000e-05	-9.039365e-02	1.386630e+01
2.596000e-05	-9.851695e-02	1.373786e+01
2.597000e-05	-1.086654e-01	1.358959e+01
2.598000e-05	-1.175897e-01	1.343367e+01
2.599000e-05	-1.264298e-01	1.333578e+01
2.600000e-05	-1.319299e-01	1.317906e+01
2.601000e-05	-1.386463e-01	1.301146e+01
2.602000e-05	-1.426973e-01	1.282259e+01
2.603000e-05	-1.440590e-01	1.272522e+01
2.604000e-05	-1.426639e-01	1.251733e+01
2.605000e-05	-1.390393e-01	1.235781e+01
2.606000e-05	-1.344840e-01	1.214991e+01
2.607000e-05	-1.281109e-01	1.200946e+01
2.608000e-05	-1.207224e-01	1.178959e+01
2.609000e-05	-1.127725e-01	1.157994e+01
2.610000e-05	-1.041962e-01	1.138889e+01
2.611000e-05	-9.638459e-02	1.116899e+01
2.612000e-05	-8.819826e-02	1.097006e+01
2.613000e-05	-8.003792e-02	1.073991e+01
2.614000e-05	-7.238633e-02	1.053931e+01
2.615000e-05	-6.536777e-02	1.034640e+01
2.616000e-05	-5.995174e-02	1.014635e+01
2.617000e-05	-5.447938e-02	9.886131e+00
2.618000e-05	-4.944783e-02	9.651724e+00
2.619000e-05	-4.352361e-02	9.413519e+00
2.620000e-05	-4.050502e-02	9.201513e+00
2.621000e-05	-3.644582e-02	8.969912e+00
2.622000e-05	-3.236815e-02	8.738379e+00
2.623000e-05	-2.953802e-02	8.527278e+00
2.624000e-05	-2.708611e-02	8.304269e+00
2.625000e-05	-2.497938e-02	8.061541e+00
2.626000e-05	-2.025972e-02	7.740958e+00
2.627000e-05	-1.923267e-02	7.516249e+00
2.628000e-05	-1.897658e-02	7.191559e+00
2.629000e-05	-1.788491e-02	6.999380e+00
2.630000e-05	-1.492338e-02	6.707803e+00
2.631000e-05	-1.306199e-02	6.420589e+00
2.632000e-05	-1.239426e-02	6.189954e+00
2.633000e-05	-1.157540e-02	5.928780e+00
2.634000e-05	-1.033981e-02	5.653243e+00
2.635000e-05	-9.920794e-03	5.370055e+00
2.636000e-05	-9.662557e-03	5.065692e+00
2.637000e-05	-8.554884e-03	4.807383e+00
2.638000e-05	-8.609320e-03	4.496718e+00
2.639000e-05	-7.482818e-03	4.251666e+00
2.640000e-05	-6.618593e-03	3.896829e+00
2.641000e-05	-7.374194e-03	3.625163e+00
2.642000e-05	-6.947344e-03	3.371458e+00
2.643000e-05	-7.223815e-03	3.115245e+00
2.644000e-05	-6.399570e-03	2.861158e+00
2.645000e-05	-6.193420e-03	2.547271e+00
2.646000e-05	-5.486857e-03	2.253062e+00
2.647000e-05	-5.500072e-03	1.957952e+00
2.648000e-05	-5.878847e-03	1.704818e+00
2.649000e-05	-5.871657e-03	1.388930e+00
2.650000e-05	-5.682920e-03	1.065294e+00
2.651000e-05	-5.939557e-03	7.474737e-01
2.652000e-05	-5.029241e-03	4.756379e-01
2.653000e-05	-3.577495e-03	1.824762e-01
2.654000e-05	-4.066497e-04	-8.220948e-02
2.655000e-05	6.677643e-03	-3.368932e-01
2.656000e-05	-4.220420e-03	-6.114940e-01
2.657000e-05	4.487397e-03	-9.031869e-01
2.658000e-05	-3.508125e-03	-1.146367e+00
2.659000e-05	1.693666e-03	-1.434212e+00
2.660000e-05	-1.985202e-03	-1.694241e+00
2.661000e-05	2.073509e-02	-1.937365e+00
2.662000e-05	6.566652e-02	-2.188000e+00
2.663000e-05	3.359282e-02	-2.505310e+00
2.664000e-05	-8.356260e-02	-2.914286e+00
2.665000e-05	3.577707e-03	-3.272160e+00
2.666000e-05	-4.176555e-02	-3.464737e+00
2.667000e-05	-1.640183e-02	-3.704841e+00
2.668000e-05	-6.072848e-02	-3.990500e+00
2.669000e-05	1.566420e-01	-4.166399e+00
2.670000e-05	-6.661390e-02	-4.399053e+00
2.671000e-05	-2.644950e-02	-4.684420e+00
2.672000e-05	1.212138e-01	-4.956845e+00
2.673000e-05	-1.617028e-01	-5.296321e+00
2.674000e-05	1.100232e-01	-5.599528e+00
2.675000e-05	-7.657844e-02	-5.821127e+00
2.676000e-05	5.032657e-02	-6.114400e+00
2.677000e-05	5.628399e-02	-6.369974e+00
2.678000e-05	-1.100800e-01	-6.673188e+00
2.679000e-05	9.071429e-02	-6.936796e+00
2.680000e-05	-8.185199e-02	-7.210207e+00
2.681000e-05	5.623596e-02	-7.474869e+00
2.682000e-05	-1.185121e-02	-7.712900e+00
2.683000e-05	-1.223031e-03	-8.072238e+00
2.684000e-05	6.861353e-02	-8.232139e+00
2.685000e-05	-1.047333e-01	-8.445975e+00
2.686000e-05	8.415778e-02	-8.768424e+00
2.687000e-05	-5.573975e-02	-8.980058e+00
2.688000e-05	4.573258e-02	-9.222060e+00
2.689000e-05	-2.546827e-02	-9.431216e+00
2.690000e-05	6.416617e-03	-9.695748e+00
2.691000e-05	2.639266e-02	-9.905297e+00
2.692000e-05	-3.683118e-02	-1.013540e+01
2.693000e-05	3.216713e-02	-1.031788e+01
2.694000e-05	-3.262666e-02	-1.059798e+01
2.695000e-05	4.591951e-02	-1.077003e+01
2.696000e-05	-3.143444e-02	-1.096748e+01
2.697000e-05	2.356377e-02	-1.120014e+01
2.698000e-05	-9.241253e-03	-1.139109e+01
2.699000e-05	3.904472e-03	-1.162159e+01
2.700000e-05	-8.008281e-03	-1.181107e+01
2.701000e-05	6.238954e-03	-1.202157e+01
2.702000e-05	2.025817e-02	-1.218054e+01
2.703000e-05	-7.716327e-03	-1.242104e+01
2.704000e-05	2.547091e-03	-1.254686e+01
2.705000e-05	-6.036232e-03	-1.272680e+01
2.706000e-05	1.469698e-02	-1.289475e+01
2.707000e-05	-8.392993e-03	-1.304264e+01
2.708000e-05	8.535100e-03	-1.320107e+01
2.709000e-05	5.405458e-04	-1.333746e+01
2.710000e-05	9.297667e-03	-1.347483e+01
2.711000e-05	-4.928356e-03	-1.359272e+01
2.712000e-05	7.308630e-03	-1.382159e+01
2.713000e-05	4.103280e-03	-1.389678e+01
2.714000e-05	3.891913e-03	-1.404377e+01
2.715000e-05	1.885172e-03	-1.414006e+01
2.716000e-05	6.569203e-03	-1.427780e+01
2.717000e-05	2.753571e-03	-1.444214e+01
2.718000e-05	-2.872404e-03	-1.451793e+01
2.719000e-05	5.149211e-03	-1.462070e+01
2.720000e-05	7.122140e-03	-1.469585e+01
2.721000e-05	9.134339e-03	-1.480864e+01
2.722000e-05	2.986239e-03	-1.486280e+01
2.723000e-05	5.325677e-03	-1.498102e+01
2.724000e-05	3.978894e-03	-1.501057e+01
2.725000e-05	5.122115e-03	-1.505530e+01
2.726000e-05	6.109933e-03	-1.512893e+01
2.727000e-05	6.333632e-03	-1.522204e+01
2.728000e-05	7.490807e-03	-1.528421e+01
2.729000e-05	5.219309e-03	-1.533888e+01
2.730000e-05	5.047747e-03	-1.536901e+01
2.731000e-05	7.605436e-03	-1.540056e+01
2.732000e-05	7.338944e-03	-1.543317e+01
2.733000e-05	1.226204e-02	-1.543468e+01
2.734000e-05	9.911018e-03	-1.547525e+01
2.735000e-05	9.677678e-03	-1.552528e+01
2.736000e-05	9.195535e-03	-1.547620e+01
2.737000e-05	7.661430e-03	-1.551635e+01
2.738000e-05	1.089003e-02	-1.548672e+01
2.739000e-05	1.269583e-02	-1.546365e+01
2.740000e-05	1.692525e-02	-1.544313e+01
2.741000e-05	1.571274e-02	-1.541267e+01
2.742000e-05	1.605155e-02	-1.542259e+01
2.743000e-05	1.829439e-02	-1.538154e+01
2.744000e-05	1.926454e-02	-1.531751e+01
2.745000e-05	2.098680e-02	-1.525523e+01
2.746000e-05	2.243023e-02	-1.525262e+01
2.747000e-05	2.488951e-02	-1.514151e+01
2.748000e-05	2.525895e-02	-1.510538e+01
2.749000e-05	2.740271e-02	-1.503428e+01
2.750000e-05	3.160385e-02	-1.496152e+01
2.751000e-05	3.526351e-02	-1.488640e+01
2.752000e-05	3.774298e-02	-1.480407e+01
2.753000e-05	4.028022e-02	-1.474896e+01
2.754000e-05	4.449241e-02	-1.469625e+01
2.755000e-05	4.729352e-02	-1.455056e+01
2.756000e-05	5.094616e-02	-1.448260e+01
2.757000e-05	5.581391e-02	-1.434786e+01
2.758000e-05	6.329583e-02	-1.423413e+01
2.759000e-05	7.059239e-02	-1.407585e+01
2.760000e-05	7.795054e-02	-1.397049e+01
2.761000e-05	8.265499e-02	-1.385423e+01
2.762000e-05	9.054566e-02	-1.369783e+01
2.763000e-05	1.000885e-01	-1.353904e+01
2.764000e-05	1.110210e-01	-1.341202e+01
2.765000e-05	1.183837e-01	-1.325568e+01
2.766000e-05	1.237640e-01	-1.312793e+01
2.767000e-05	1.298072e-01	-1.293696e+01
2.768000e-05	1.338710e-01	-1.284262e+01
2.769000e-05	1.356963e-01	-1.264630e+01
2.770000e-05	1.348528e-01	-1.249528e+01
2.771000e-05	1.319738e-01	-1.229843e+01
2.772000e-05	1.264300e-01	-1.213038e+01
2.773000e-05	1.201355e-01	-1.193801e+01
2.774000e-05	1.118493e-01	-1.175141e+01
2.775000e-05	1.031552e-01	-1.154091e+01
2.776000e-05	9.534714e-02	-1.128733e+01
2.777000e-05	8.799000e-02	-1.108525e+01
2.778000e-05	7.982704e-02	-1.088578e+01
2.779000e-05	7.084175e-02	-1.073680e+01
2.780000e-05	6.342936e-02	-1.049780e+01
2.781000e-05	5.704435e-02	-1.027565e+01
2.782000e-05	5.189068e-02	-1.005264e+01
2.783000e-05	4.632244e-02	-9.843642e+00
2.784000e-05	4.013744e-02	-9.604067e+00
2.785000e-05	3.539670e-02	-9.389036e+00
2.786000e-05	3.006841e-02	-9.160026e+00
2.787000e-05	2.680087e-02	-8.947279e+00
2.788000e-05	2.331643e-02	-8.674823e+00
2.789000e-05	2.016872e-02	-8.435019e+00
2.790000e-05	1.734385e-02	-8.162963e+00
2.791000e-05	1.574714e-02	-7.980486e+00
2.792000e-05	1.318402e-02	-7.716295e+00
2.793000e-05	1.003497e-02	-7.439992e+00
2.794000e-05	7.009346e-03	-7.148458e+00
2.795000e-05	6.804284e-03	-6.887221e+00
2.796000e-05	5.690897e-03	-6.644166e+00
2.797000e-05	4.872390e-03	-6.392008e+00
2.798000e-05	2.433196e-03	-6.148325e+00
2.799000e-05	1.076086e-03	-5.875215e+00
2.800000e-05	1.904463e-03	-5.590933e+00
2.801000e-05	-1.006587e-03	-5.316764e+00
2.802000e-05	3.517388e-04	-5.011962e+00
2.803000e-05	-8.342414e-04	-4.635109e+00
2.804000e-05	-7.275263e-04	-4.391634e+00
2.805000e-05	-1.938441e-03	-4.140955e+00
2.806000e-05	-2.326135e-03	-3.897371e+00
2.807000e-05	-2.599212e-03	-3.621053e+00
2.808000e-05	-3.156926e-03	-3.329926e+00
2.809000e-05	-4.036460e-03	-3.033691e+00
2.810000e-05	-3.011934e-03	-2.759425e+00
2.811000e-05	-5.316682e-03	-2.507246e+00
2.812000e-05	-4.202352e-03	-2.222001e+00
2.813000e-05	-4.310892e-03	-1.907345e+00
2.814000e-05	-3.663660e-03	-1.674162e+00
2.815000e-05	-4.795857e-03	-1.356248e+00
2.816000e-05	-4.094657e-03	-1.051083e+00
2.817000e-05	-4.453109e-03	-7.588234e-01
2.818000e-05	-3.537585e-03	-4.626314e-01
2.819000e-05	-3.662197e-03	-1.799247e-01
2.820000e-05	2.553600e-03	8.425797e-02
2.821000e-05	2.792167e-03	4.084737e-01
2.822000e-05	-2.757987e-03	6.821766e-01
2.823000e-05	2.528098e-03	9.248108e-01
2.824000e-05	-3.413923e-03	1.241529e+00
2.825000e-05	-1.209515e-03	1.534112e+00
2.826000e-05	-2.196885e-03	1.769054e+00
2.827000e-05	1.224378e-02	2.032000e+00
2.828000e-05	3.205897e-02	2.253628e+00
2.829000e-05	7.401393e-02	2.576892e+00
2.830000e-05	-5.011405e-02	2.923766e+00
2.831000e-05	-4.186256e-02	3.168024e+00
2.832000e-05	-3.072780e-02	3.493712e+00
2.833000e-05	-8.323265e-03	3.745846e+00
2.834000e-05	-2.933540e-02	3.990426e+00
2.835000e-05	-1.529984e-02	4.230556e+00
2.836000e-05	5.213647e-02	4.463159e+00
2.837000e-05	1.176080e-02	4.737470e+00
2.838000e-05	-7.075332e-02	5.028608e+00
2.839000e-05	1.289899e-01	5.345892e+00
2.840000e-05	-1.128112e-01	5.651109e+00
2.841000e-05	2.693222e-02	5.913641e+00
2.842000e-05	8.233460e-03	6.146903e+00
2.843000e-05	1.036488e-02	6.420539e+00
2.844000e-05	7.287413e-03	6.673693e+00
2.845000e-05	-5.709109e-02	6.987952e+00
2.846000e-05	3.555104e-02	7.231107e+00
2.847000e-05	-1.855036e-02	7.485771e+00
2.848000e-05	1.200291e-02	7.739060e+00
2.849000e-05	-1.480862e-02	8.052143e+00
2.850000e-05	1.048346e-03	8.295320e+00
2.851000e-05	2.750382e-02	8.504879e+00
2.852000e-05	-3.975891e-02	8.787529e+00
2.853000e-05	1.285958e-02	9.009537e+00
2.854000e-05	-1.286921e-02	9.212190e+00
2.855000e-05	5.959051e-04	9.452715e+00
2.856000e-05	-1.988558e-03	9.715393e+00
2.857000e-05	-1.876969e-03	9.956377e+00
2.858000e-05	-1.943087e-03	1.016833e+01
2.859000e-05	-1.891479e-02	1.035901e+01
2.860000e-05	5.000677e-03	1.055804e+01
2.861000e-05	-6.397052e-03	1.079796e+01
2.862000e-05	1.661322e-03	1.097806e+01
2.863000e-05	-1.181723e-02	1.118051e+01
2.864000e-05	-2.489478e-03	1.141154e+01
2.865000e-05	2.048222e-03	1.161112e+01
2.866000e-05	-9.482937e-03	1.186267e+01
2.867000e-05	-1.035444e-02	1.206111e+01
2.868000e-05	-1.620325e-03	1.218164e+01
2.869000e-05	6.274489e-03	1.239001e+01
2.870000e-05	-9.262895e-03	1.253801e+01
2.871000e-05	-1.428431e-02	1.272738e+01
2.872000e-05	-5.090772e-03	1.289625e+01
2.873000e-05	-1.920196e-03	1.306220e+01
2.874000e-05	-6.111846e-03	1.320054e+01
2.875000e-05	-9.547643e-03	1.333841e+01
2.876000e-05	-3.369322e-03	1.351478e+01
2.877000e-05	-5.522340e-03	1.367319e+01
2.878000e-05	-8.061904e-03	1.376856e+01
2.879000e-05	-7.987424e-03	1.390788e+01
2.880000e-05	-7.364040e-03	1.410425e+01
2.881000e-05	-7.539044e-03	1.423212e+01
2.882000e-05	-7.760514e-03	1.430634e+01
2.883000e-05	-7.274329e-03	1.442062e+01
2.884000e-05	-1.294556e-02	1.451828e+01
2.885000e-05	-1.211665e-02	1.466323e+01
2.886000e-05	-6.673704e-03	1.474741e+01
2.887000e-05	-5.785326e-03	1.482259e+01
2.888000e-05	-1.016981e-02	1.487470e+01
2.889000e-05	-1.100332e-02	1.495056e+01
2.890000e-05	-8.963669e-03	1.505362e+01
2.891000e-05	-9.488705e-03	1.508786e+01
2.892000e-05	-1.165827e-02	1.518001e+01
2.893000e-05	-1.421925e-02	1.521207e+01
2.894000e-05	-1.128874e-02	1.527530e+01
2.895000e-05	-1.226349e-02	1.528836e+01
2.896000e-05	-1.138312e-02	1.534989e+01
2.897000e-05	-1.446261e-02	1.536107e+01
2.898000e-05	-1.478700e-02	1.541165e+01
2.899000e-05	-1.311064e-02	1.544368e+01
2.900000e-05	-1.187400e-02	1.542518e+01
2.901000e-05	-1.472119e-02	1.549480e+01
2.902000e-05	-1.851350e-02	1.543633e+01
2.903000e-05	-1.679285e-02	1.545818e+01
2.904000e-05	-1.856645e-02	1.548731e+01
2.905000e-05	-2.032193e-02	1.543578e+01
2.906000e-05	-2.095291e-02	1.542412e+01
2.907000e-05	-2.113584e-02	1.543318e+01
2.908000e-05	-2.219696e-02	1.539122e+01
2.909000e-05	-2.483071e-02	1.537094e+01
2.910000e-05	-2.571660e-02	1.529886e+01
2.911000e-05	-2.773950e-02	1.527678e+01
2.912000e-05	-2.958449e-02	1.522315e+01
2.913000e-05	-3.099664e-02	1.519002e+01
2.914000e-05	-3.339208e-02	1.512681e+01
2.915000e-05	-3.775087e-02	1.506573e+01
2.916000e-05	-3.906325e-02	1.502114e+01
2.917000e-05	-4.335683e-02	1.492633e+01
2.918000e-05	-4.312170e-02	1.486470e+01
2.919000e-05	-4.922145e-02	1.476999e+01
2.920000e-05	-5.050791e-02	1.466373e+01
2.921000e-05	-5.513199e-02	1.454939e+01
2.922000e-05	-6.057131e-02	1.443507e+01
2.923000e-05	-6.671847e-02	1.437089e+01
2.924000e-05	-7.254988e-02	1.425422e+01
2.925000e-05	-7.646480e-02	1.411673e+01
2.926000e-05	-8.447477e-02	1.396049e+01
2.927000e-05	-9.362708e-02	1.383369e+01
2.928000e-05	-1.015836e-01	1.368671e+01
2.929000e-05	-1.110608e-01	1.357041e+01
2.930000e-05	-1.176200e-01	1.340059e+01
2.931000e-05	-1.291215e-01	1.329427e+01
2.932000e-05	-1.346475e-01	1.311671e+01
2.933000e-05	-1.403947e-01	1.296789e+01
2.934000e-05	-1.407437e-01	1.281256e+01
2.935000e-05	-1.434203e-01	1.263215e+01
2.936000e-05	-1.432427e-01	1.251375e+01
2.937000e-05	-1.382574e-01	1.230590e+01
2.938000e-05	-1.327076e-01	1.211528e+01
2.939000e-05	-1.258024e-01	1.192891e+01
2.940000e-05	-1.188276e-01	1.173691e+01
2.941000e-05	-1.095741e-01	1.151788e+01
2.942000e-05	-1.016226e-01	1.129681e+01
2.943000e-05	-9.376902e-02	1.112780e+01
2.944000e-05	-8.574253e-02	1.090731e+01
2.945000e-05	-7.902175e-02	1.071780e+01
2.946000e-05	-7.196628e-02	1.047572e+01
2.947000e-05	-6.473087e-02	1.025474e+01
2.948000e-05	-5.744218e-02	1.006471e+01
2.949000e-05	-5.276694e-02	9.824045e+00
2.950000e-05	-4.847489e-02	9.624037e+00
2.951000e-05	-4.285762e-02	9.370411e+00
2.952000e-05	-3.875822e-02	9.158908e+00
2.953000e-05	-3.578916e-02	8.897778e+00
2.954000e-05	-3.236509e-02	8.674643e+00
2.955000e-05	-2.878476e-02	8.442143e+00
2.956000e-05	-2.585775e-02	8.211516e+00
2.957000e-05	-2.470443e-02	7.986982e+00
2.958000e-05	-2.100338e-02	7.725325e+00
2.959000e-05	-1.911762e-02	7.412518e+00
2.960000e-05	-1.734529e-02	7.148355e+00
2.961000e-05	-1.610449e-02	6.886773e+00
2.962000e-05	-1.352116e-02	6.643165e+00
2.963000e-05	-1.255570e-02	6.388978e+00
2.964000e-05	-1.288115e-02	6.117273e+00
2.965000e-05	-1.152175e-02	5.885370e+00
2.966000e-05	-1.019994e-02	5.570957e+00
2.967000e-05	-9.995380e-03	5.297772e+00
2.968000e-05	-9.471731e-03	5.021408e+00
2.969000e-05	-8.500530e-03	4.704692e+00
2.970000e-05	-7.568820e-03	4.451610e+00
2.971000e-05	-7.381751e-03	4.178304e+00
2.972000e-05	-6.350564e-03	3.864668e+00
2.973000e-05	-7.964246e-03	3.618929e+00
2.974000e-05	-6.488951e-03	3.305242e+00
2.975000e-05	-6.838363e-03	3.042458e+00
2.976000e-05	-6.222219e-03	2.759427e+00
2.977000e-05	-6.662199e-03	2.441541e+00
2.978000e-05	-6.767558e-03	2.159449e+00
2.979000e-05	-5.267581e-03	1.967747e+00
2.980000e-05	-5.173888e-03	1.561511e+00
2.981000e-05	-5.798172e-03	1.297271e+00
2.982000e-05	-5.666828e-03	1.012396e+00
2.983000e-05	-5.342552e-03	7.152131e-01
2.984000e-05	-3.694811e-03	4.514802e-01
2.985000e-05	-2.492532e-03	1.471921e-01
2.986000e-05	2.430825e-03	-1.174134e-01
2.987000e-05	4.067336e-03	-3.590450e-01
2.988000e-05	-4.961510e-03	-6.952384e-01
2.989000e-05	3.589926e-03	-9.664710e-01
2.990000e-05	-3.681321e-03	-1.240600e+00
2.991000e-05	-2.356701e-04	-1.516896e+00
2.992000e-05	2.353948e-03	-1.767970e+00
2.993000e-05	2.672703e-02	-1.999554e+00
2.994000e-05	8.248048e-02	-2.242262e+00
2.995000e-05	-1.384716e-02	-2.620105e+00
2.996000e-05	-6.089581e-02	-2.988549e+00
2.997000e-05	-7.963926e-03	-3.315716e+00
2.998000e-05	-3.153791e-02	-3.526420e+00
2.999000e-05	-4.013987e-02	-3.768078e+00
3.000000e-05	-1.806965e-02	-4.041207e+00
3.001000e-05	1.605437e-01	-4.210632e+00
3.002000e-05	-1.277985e-01	-4.492714e+00
3.003000e-05	6.414947e-02	-4.760028e+00
3.004000e-05	3.215331e-02	-5.038657e+00
3.005000e-05	-1.087712e-01	-5.398551e+00
3.006000e-05	1.215348e-01	-5.661637e+00
3.007000e-05	-1.087219e-01	-5.915869e+00
3.008000e-05	1.144897e-01	-6.188953e+00
3.009000e-05	-2.883481e-02	-6.412136e+00
3.010000e-05	-5.726469e-02	-6.714350e+00
3.011000e-05	7.408905e-02	-6.979008e+00
3.012000e-05	-9.315392e-02	-7.295348e+00
3.013000e-05	9.076542e-02	-7.517449e+00
3.014000e-05	-6.377858e-02	-7.809112e+00
3.015000e-05	6.764051e-02	-8.085270e+00
3.016000e-05	-1.080872e-03	-8.304346e+00
3.017000e-05	-6.135008e-02	-8.578459e+00
3.018000e-05	6.974703e-02	-8.783136e+00
3.019000e-05	-6.306666e-02	-9.063216e+00
3.020000e-05	6.517851e-02	-9.285320e+00
3.021000e-05	-5.423799e-02	-9.536325e+00
3.022000e-05	4.662555e-02	-9.748402e+00
3.023000e-05	-1.621652e-02	-9.928404e+00
3.024000e-05	-7.122857e-03	-1.012104e+01
3.025000e-05	9.319524e-03	-1.039216e+01
3.026000e-05	-1.224329e-02	-1.064059e+01
3.027000e-05	3.467373e-02	-1.082064e+01
3.028000e-05	-3.311318e-02	-1.102217e+01
3.029000e-05	3.166669e-02	-1.122322e+01
3.030000e-05	-2.111509e-02	-1.146027e+01
3.031000e-05	1.364958e-02	-1.165335e+01
3.032000e-05	-1.990216e-02	-1.183372e+01
3.033000e-05	2.376829e-02	-1.205530e+01
3.034000e-05	6.331166e-03	-1.223174e+01
3.035000e-05	-3.842108e-04	-1.241214e+01
3.036000e-05	-6.400496e-03	-1.257959e+01
3.037000e-05	1.091011e-03	-1.273803e+01
3.038000e-05	8.195447e-03	-1.290793e+01
3.039000e-05	-5.218876e-03	-1.307485e+01
3.040000e-05	9.300333e-03	-1.325319e+01
3.041000e-05	7.704197e-04	-1.334851e+01
3.042000e-05	7.198393e-03	-1.351748e+01
3.043000e-05	-6.759172e-03	-1.368577e+01
3.044000e-05	1.069115e-02	-1.384269e+01
3.045000e-05	1.239314e-03	-1.393896e+01
3.046000e-05	5.351079e-03	-1.406480e+01
3.047000e-05	1.883015e-03	-1.416151e+01
3.048000e-05	8.573658e-03	-1.427741e+01
3.049000e-05	-1.013038e-03	-1.443267e+01
3.050000e-05	-9.837190e-05	-1.453956e+01
3.051000e-05	6.099682e-03	-1.464215e+01
3.052000e-05	8.647945e-03	-1.473643e+01
3.053000e-05	6.675186e-03	-1.482209e+01
3.054000e-05	3.336927e-03	-1.487635e+01
3.055000e-05	5.242562e-03	-1.494159e+01
3.056000e-05	4.094531e-03	-1.502315e+01
3.057000e-05	5.990708e-03	-1.507586e+01
3.058000e-05	5.729502e-03	-1.516747e+01
3.059000e-05	6.670522e-03	-1.522257e+01
3.060000e-05	5.776472e-03	-1.530483e+01
3.061000e-05	6.197065e-03	-1.526851e+01
3.062000e-05	6.127704e-03	-1.536956e+01
3.063000e-05	7.282640e-03	-1.540014e+01
3.064000e-05	9.856363e-03	-1.540310e+01
3.065000e-05	9.475032e-03	-1.546225e+01
3.066000e-05	1.008563e-02	-1.542428e+01
3.067000e-05	9.143195e-03	-1.548570e+01
3.068000e-05	1.034030e-02	-1.546485e+01
3.069000e-05	9.278566e-03	-1.550630e+01
3.070000e-05	1.166611e-02	-1.547570e+01
3.071000e-05	1.300311e-02	-1.541475e+01
3.072000e-05	1.542413e-02	-1.545372e+01
3.073000e-05	1.555116e-02	-1.541417e+01
3.074000e-05	1.693035e-02	-1.543207e+01
3.075000e-05	1.772723e-02	-1.537004e+01
3.076000e-05	1.861544e-02	-1.532688e+01
3.077000e-05	2.091972e-02	-1.525373e+01
3.078000e-05	2.436612e-02	-1.523115e+01
3.079000e-05	2.573181e-02	-1.512996e+01
3.080000e-05	2.650728e-02	-1.511583e+01
3.081000e-05	2.793892e-02	-1.500217e+01
3.082000e-05	3.211813e-02	-1.492846e+01
3.083000e-05	3.527321e-02	-1.492486e+01
3.084000e-05	3.782083e-02	-1.480165e+01
3.085000e-05	4.128471e-02	-1.472934e+01
3.086000e-05	4.507916e-02	-1.464512e+01
3.087000e-05	4.810096e-02	-1.453996e+01
3.088000e-05	5.201100e-02	-1.443422e+01
3.089000e-05	5.848744e-02	-1.428828e+01
3.090000e-05	6.488875e-02	-1.419059e+01
3.091000e-05	7.151886e-02	-1.404673e+01
3.092000e-05	7.847688e-02	-1.393836e+01
3.093000e-05	8.531248e-02	-1.381307e+01
3.094000e-05	9.306971e-02	-1.367630e+01
3.095000e-05	1.025287e-01	-1.347854e+01
3.096000e-05	1.117023e-01	-1.338194e+01
3.097000e-05	1.204487e-01	-1.324315e+01
3.098000e-05	1.268140e-01	-1.310678e+01
3.099000e-05	1.323120e-01	-1.295836e+01
3.100000e-05	1.337124e-01	-1.279011e+01
3.101000e-05	1.350030e-01	-1.259359e+01
3.102000e-05	1.335423e-01	-1.243215e+01
3.103000e-05	1.308478e-01	-1.227580e+01
3.104000e-05	1.247179e-01	-1.204677e+01
3.105000e-05	1.188619e-01	-1.188530e+01
3.106000e-05	1.108037e-01	-1.164628e+01
3.107000e-05	1.010042e-01	-1.144623e+01
3.108000e-05	9.312703e-02	-1.127565e+01
3.109000e-05	8.573295e-02	-1.104322e+01
3.110000e-05	7.874624e-02	-1.085407e+01
3.111000e-05	7.026294e-02	-1.064522e+01
3.112000e-05	6.388448e-02	-1.043362e+01
3.113000e-05	5.596644e-02	-1.028349e+01
3.114000e-05	5.007442e-02	-1.002259e+01
3.115000e-05	4.378861e-02	-9.769536e+00
3.116000e-05	3.934315e-02	-9.539410e+00
3.117000e-05	3.405495e-02	-9.318381e+00
3.118000e-05	3.003386e-02	-9.096724e+00
3.119000e-05	2.646001e-02	-8.886275e+00
3.120000e-05	2.290166e-02	-8.665071e+00
3.121000e-05	1.879450e-02	-8.390556e+00
3.122000e-05	1.711867e-02	-8.130927e+00
3.123000e-05	1.511961e-02	-7.865876e+00
3.124000e-05	1.245397e-02	-7.623161e+00
3.125000e-05	9.518411e-03	-7.369929e+00
3.126000e-05	6.968281e-03	-7.098170e+00
3.127000e-05	5.985594e-03	-6.823663e+00
3.128000e-05	5.855488e-03	-6.560559e+00
3.129000e-05	4.672407e-03	-6.357853e+00
3.130000e-05	2.944374e-03	-6.053617e+00
3.131000e-05	1.187795e-03	-5.793510e+00
3.132000e-05	6.654187e-04	-5.545801e+00
3.133000e-05	-3.108839e-04	-5.212982e+00
3.134000e-05	-6.892835e-04	-4.907277e+00
3.135000e-05	-1.964980e-03	-4.580954e+00
3.136000e-05	-1.502472e-03	-4.357929e+00
3.137000e-05	-1.546530e-03	-4.056219e+00
3.138000e-05	-2.122516e-03	-3.772665e+00
3.139000e-05	-3.301917e-03	-3.548924e+00
3.140000e-05	-4.283001e-03	-3.314691e+00
3.141000e-05	-3.335172e-03	-2.959953e+00
3.142000e-05	-4.211055e-03	-2.685317e+00
3.143000e-05	-3.360012e-03	-2.420130e+00
3.144000e-05	-4.049458e-03	-2.107771e+00
3.145000e-05	-5.190002e-03	-1.855087e+00
3.146000e-05	-5.396809e-03	-1.600527e+00
3.147000e-05	-3.979037e-03	-1.233531e+00
3.148000e-05	-3.693586e-03	-9.883485e-01
3.149000e-05	-3.969665e-03	-6.441867e-01
3.150000e-05	-4.653651e-03	-3.704209e-01
3.151000e-05	-3.462948e-03	-8.580926e-02
3.152000e-05	4.661714e-03	1.875213e-01
3.153000e-05	-2.623438e-04	4.720818e-01
3.154000e-05	-1.993227e-03	7.173433e-01
3.155000e-05	-1.026081e-04	1.008050e+00
3.156000e-05	-1.668482e-03	1.305184e+00
3.157000e-05	-2.290420e-03	1.607977e+00
3.158000e-05	1.342370e-03	1.843713e+00
3.159000e-05	1.122168e-02	2.071181e+00
3.160000e-05	4.813290e-02	2.326946e+00
3.161000e-05	5.509138e-02	2.652131e+00
3.162000e-05	-6.777943e-02	2.978604e+00
3.163000e-05	-2.780476e-02	3.253707e+00
3.164000e-05	-3.180283e-02	3.565820e+00
3.165000e-05	-3.591741e-03	3.799683e+00
3.166000e-05	-3.668449e-02	4.021580e+00
3.167000e-05	1.097949e-03	4.271641e+00
3.168000e-05	6.357689e-02	4.563871e+00
3.169000e-05	-3.422712e-02	4.801260e+00
3.170000e-05	-1.313542e-02	5.065319e+00
3.171000e-05	9.377099e-02	5.390053e+00
3.172000e-05	-1.250892e-01	5.712215e+00
3.173000e-05	6.062378e-02	5.987977e+00
3.174000e-05	-1.804931e-02	6.200087e+00
3.175000e-05	3.366124e-02	6.463767e+00
3.176000e-05	-2.173663e-02	6.768051e+00
3.177000e-05	-3.829745e-02	7.000787e+00
3.178000e-05	3.550743e-02	7.316319e+00
3.179000e-05	-2.851157e-02	7.550504e+00
3.180000e-05	2.465152e-02	7.832665e+00
3.181000e-05	-2.959107e-02	8.127852e+00
3.182000e-05	2.424072e-02	8.359477e+00
3.183000e-05	3.583014e-03	8.580082e+00
3.184000e-05	-3.158695e-02	8.783106e+00
3.185000e-05	1.765740e-02	9.062142e+00
3.186000e-05	-2.095986e-02	9.273222e+00
3.187000e-05	1.150810e-02	9.506019e+00
3.188000e-05	-1.355455e-02	9.757406e+00
3.189000e-05	9.212958e-03	9.991536e+00
3.190000e-05	-1.667206e-02	1.019001e+01
3.191000e-05	-7.249937e-03	1.043111e+01
3.192000e-05	7.278063e-04	1.063219e+01
3.193000e-05	-2.157687e-03	1.085377e+01
3.194000e-05	-5.310880e-04	1.105217e+01
3.195000e-05	-1.502082e-02	1.127269e+01
3.196000e-05	2.277734e-03	1.147434e+01
3.197000e-05	-3.976196e-03	1.167523e+01
3.198000e-05	-6.047652e-03	1.190528e+01
3.199000e-05	-1.236311e-02	1.209380e+01
3.200000e-05	5.004899e-03	1.219365e+01
3.201000e-05	2.460347e-04	1.244162e+01
3.202000e-05	-1.055276e-02	1.259914e+01
3.203000e-05	-1.415262e-02	1.274838e+01
3.204000e-05	-2.790718e-03	1.292591e+01
3.205000e-05	-2.381404e-03	1.306523e+01
3.206000e-05	-8.430989e-03	1.325207e+01
3.207000e-05	-6.705168e-03	1.336004e+01
3.208000e-05	-5.004231e-03	1.350938e+01
3.209000e-05	-4.998454e-03	1.369286e+01
3.210000e-05	-1.011488e-02	1.382204e+01
3.211000e-05	-6.284878e-03	1.393949e+01
3.212000e-05	-8.821791e-03	1.410636e+01
3.213000e-05	-6.967852e-03	1.426215e+01
3.214000e-05	-7.550741e-03	1.438839e+01
3.215000e-05	-7.735596e-03	1.449372e+01
3.216000e-05	-1.246462e-02	1.458056e+01
3.217000e-05	-1.223856e-02	1.464438e+01
3.218000e-05	-4.641479e-03	1.474846e+01
3.219000e-05	-7.716768e-03	1.482219e+01
3.220000e-05	-9.481830e-03	1.492488e+01
3.221000e-05	-1.251519e-02	1.503109e+01
3.222000e-05	-8.366120e-03	1.506468e+01
3.223000e-05	-1.016228e-02	1.510688e+01
3.224000e-05	-1.271038e-02	1.517999e+01
3.225000e-05	-1.261309e-02	1.522010e+01
3.226000e-05	-1.129274e-02	1.528479e+01
3.227000e-05	-1.101073e-02	1.532791e+01
3.228000e-05	-1.373619e-02	1.534942e+01
3.229000e-05	-1.473823e-02	1.538005e+01
3.230000e-05	-1.373638e-02	1.542360e+01
3.231000e-05	-1.138616e-02	1.545475e+01
3.232000e-05	-1.220782e-02	1.544475e+01
3.233000e-05	-1.572503e-02	1.546381e+01
3.234000e-05	-1.848568e-02	1.548582e+01
3.235000e-05	-1.805791e-02	1.547831e+01
3.236000e-05	-1.841389e-02	1.544428e+01
3.237000e-05	-2.060629e-02	1.541420e+01
3.238000e-05	-2.059658e-02	1.542313e+01
3.239000e-05	-2.265716e-02	1.542267e+01
3.240000e-05	-2.270273e-02	1.537250e+01
3.241000e-05	-2.482468e-02	1.537152e+01
3.242000e-05	-2.687936e-02	1.532581e+01
3.243000e-05	-2.911702e-02	1.525676e+01
3.244000e-05	-2.985100e-02	1.520260e+01
3.245000e-05	-3.008142e-02	1.514896e+01
3.246000e-05	-3.478171e-02	1.507733e+01
3.247000e-05	-3.742352e-02	1.503222e+01
3.248000e-05	-4.023682e-02	1.497051e+01
3.249000e-05	-4.127757e-02	1.488578e+01
3.250000e-05	-4.497177e-02	1.484212e+01
3.251000e-05	-4.921137e-02	1.475780e+01
3.252000e-05	-5.200811e-02	1.468315e+01
3.253000e-05	-5.666832e-02	1.452688e+01
3.254000e-05	-6.220403e-02	1.441262e+01
3.255000e-05	-6.756185e-02	1.431678e+01
3.256000e-05	-7.281581e-02	1.417257e+01
3.257000e-05	-7.879351e-02	1.406625e+01
3.258000e-05	-8.683378e-02	1.395990e+01
3.259000e-05	-9.476746e-02	1.380304e+01
3.260000e-05	-1.044148e-01	1.365360e+01
3.261000e-05	-1.136895e-01	1.355636e+01
3.262000e-05	-1.214695e-01	1.339889e+01
3.263000e-05	-1.287111e-01	1.324362e+01
3.264000e-05	-1.358276e-01	1.309725e+01
3.265000e-05	-1.403036e-01	1.294783e+01
3.266000e-05	-1.420740e-01	1.277889e+01
3.267000e-05	-1.440194e-01	1.259151e+01
3.268000e-05	-1.417229e-01	1.243252e+01
3.269000e-05	-1.371676e-01	1.226480e+01
3.270000e-05	-1.307840e-01	1.208467e+01
3.271000e-05	-1.236655e-01	1.192523e+01
3.272000e-05	-1.162921e-01	1.166570e+01
3.273000e-05	-1.081084e-01	1.146520e+01
3.274000e-05	-1.010265e-01	1.123412e+01
3.275000e-05	-9.209600e-02	1.104467e+01
3.276000e-05	-8.400815e-02	1.088177e+01
3.277000e-05	-7.620904e-02	1.066317e+01
3.278000e-05	-6.954404e-02	1.046404e+01
3.279000e-05	-6.305063e-02	1.022154e+01
3.280000e-05	-5.663758e-02	9.990039e+00
3.281000e-05	-5.236386e-02	9.770859e+00
3.282000e-05	-4.590982e-02	9.557919e+00
3.283000e-05	-4.149943e-02	9.318833e+00
3.284000e-05	-3.712078e-02	9.145748e+00
3.285000e-05	-3.487307e-02	8.865119e+00
3.286000e-05	-3.128488e-02	8.580014e+00
3.287000e-05	-2.754720e-02	8.379486e+00
3.288000e-05	-2.578757e-02	8.168879e+00
3.289000e-05	-2.223478e-02	7.885245e+00
3.290000e-05	-2.168413e-02	7.634039e+00
3.291000e-05	-1.820359e-02	7.371429e+00
3.292000e-05	-1.748562e-02	7.065720e+00
3.293000e-05	-1.564514e-02	6.833564e+00
3.294000e-05	-1.435857e-02	6.609985e+00
3.295000e-05	-1.354798e-02	6.316697e+00
3.296000e-05	-1.160115e-02	6.082613e+00
3.297000e-05	-1.104109e-02	5.811932e+00
3.298000e-05	-9.784567e-03	5.547824e+00
3.299000e-05	-9.787880e-03	5.224486e+00
3.300000e-05	-8.840066e-03	4.916222e+00
3.301000e-05	-9.298607e-03	4.612958e+00
3.302000e-05	-7.673582e-03	4.349403e+00
3.303000e-05	-7.101813e-03	4.055564e+00
3.304000e-05	-7.120604e-03	3.780457e+00
3.305000e-05	-7.683353e-03	3.528878e+00
3.306000e-05	-6.752795e-03	3.243557e+00
3.307000e-05	-6.014592e-03	2.957298e+00
3.308000e-05	-6.195521e-03	2.736795e+00
3.309000e-05	-5.923190e-03	2.359450e+00
3.310000e-05	-5.899881e-03	2.147741e+00
3.311000e-05	-5.460418e-03	1.846585e+00
3.312000e-05	-5.663143e-03	1.517298e+00
3.313000e-05	-5.507682e-03	1.232584e+00
3.314000e-05	-5.583055e-03	9.382655e-01
3.315000e-05	-4.640291e-03	6.524814e-01
3.316000e-05	-4.011091e-03	3.378949e-01
3.317000e-05	-2.262445e-03	3.412893e-02
3.318000e-05	4.289162e-03	-2.111250e-01
3.319000e-05	9.354240e-04	-4.742069e-01
3.320000e-05	-1.737835e-03	-8.079999e-01
3.321000e-05	1.154106e-03	-1.010626e+00
3.322000e-05	-2.838994e-03	-1.303838e+00
3.323000e-05	-4.502636e-04	-1.589499e+00
3.324000e-05	8.849178e-03	-1.812132e+00
3.325000e-05	3.633897e-02	-2.082129e+00
3.326000e-05	8.451945e-02	-2.346425e+00
3.327000e-05	-5.753230e-02	-2.694837e+00
3.328000e-05	-2.889609e-02	-3.074338e+00
3.329000e-05	-2.643386e-02	-3.336500e+00
3.330000e-05	-1.717183e-02	-3.589499e+00
3.331000e-05	-6.420894e-02	-3.843261e+00
3.332000e-05	4.495835e-02	-4.053236e+00
3.333000e-05	1.058682e-01	-4.253286e+00
3.334000e-05	-1.597176e-01	-4.546900e+00
3.335000e-05	1.334462e-01	-4.843160e+00
3.336000e-05	-5.662860e-02	-5.112949e+00
3.337000e-05	-3.233333e-02	-5.443761e+00
3.338000e-05	7.083398e-02	-5.673767e+00
3.339000e-05	-8.975380e-02	-5.980025e+00
3.340000e-05	1.426263e-01	-6.242087e+00
3.341000e-05	-9.442517e-02	-6.514273e+00
3.342000e-05	1.002490e-02	-6.782632e+00
3.343000e-05	2.342526e-02	-7.052191e+00
3.344000e-05	-6.244390e-02	-7.335979e+00
3.345000e-05	8.888014e-02	-7.601032e+00
3.346000e-05	-8.105344e-02	-7.853221e+00
3.347000e-05	1.108664e-01	-8.137951e+00
3.348000e-05	-6.967249e-02	-8.358557e+00
3.349000e-05	1.005094e-03	-8.590070e+00
3.350000e-05	2.827486e-02	-8.852796e+00
3.351000e-05	-3.796222e-02	-9.115951e+00
3.352000e-05	5.359644e-02	-9.334878e+00
3.353000e-05	-5.922031e-02	-9.578105e+00
3.354000e-05	6.805924e-02	-9.800032e+00
3.355000e-05	-4.617117e-02	-1.000067e+01
3.356000e-05	2.401642e-02	-1.022264e+01
3.357000e-05	-1.769555e-02	-1.046327e+01
3.358000e-05	1.586764e-02	-1.066335e+01
3.359000e-05	1.081386e-02	-1.087272e+01
3.360000e-05	-1.769021e-02	-1.107428e+01
3.361000e-05	2.474968e-02	-1.126375e+01
3.362000e-05	-2.034543e-02	-1.150546e+01
3.363000e-05	1.436438e-02	-1.167288e+01
3.364000e-05	-2.028528e-02	-1.194688e+01
3.365000e-05	3.320830e-02	-1.211682e+01
3.366000e-05	-6.591134e-03	-1.229335e+01
3.367000e-05	7.064704e-03	-1.246380e+01
3.368000e-05	-1.310323e-02	-1.261066e+01
3.369000e-05	1.233390e-02	-1.279259e+01
3.370000e-05	-1.983068e-03	-1.294898e+01
3.371000e-05	1.365144e-03	-1.311641e+01
3.372000e-05	8.996448e-03	-1.327327e+01
3.373000e-05	4.994842e-03	-1.342059e+01
3.374000e-05	3.727259e-03	-1.355953e+01
3.375000e-05	-6.035410e-03	-1.372540e+01
3.376000e-05	1.082386e-02	-1.384323e+01
3.377000e-05	-7.495879e-04	-1.396956e+01
3.378000e-05	6.444226e-03	-1.408691e+01
3.379000e-05	2.251658e-03	-1.423317e+01
3.380000e-05	9.097819e-03	-1.436889e+01
3.381000e-05	-2.123286e-03	-1.449322e+01
3.382000e-05	1.764002e-03	-1.456004e+01
3.383000e-05	6.318449e-03	-1.462267e+01
3.384000e-05	8.689440e-03	-1.473799e+01
3.385000e-05	4.525895e-03	-1.488264e+01
3.386000e-05	4.079388e-03	-1.490641e+01
3.387000e-05	4.514334e-03	-1.494957e+01
3.388000e-05	5.187770e-03	-1.501233e+01
3.389000e-05	5.998304e-03	-1.511781e+01
3.390000e-05	6.780530e-03	-1.517006e+01
3.391000e-05	6.650454e-03	-1.521215e+01
3.392000e-05	5.612229e-03	-1.526388e+01
3.393000e-05	6.685169e-03	-1.531798e+01
3.394000e-05	7.000810e-03	-1.533912e+01
3.395000e-05	7.427866e-03	-1.542062e+01
3.396000e-05	8.645218e-03	-1.542215e+01
3.397000e-05	9.025445e-03	-1.548472e+01
3.398000e-05	9.167804e-03	-1.545383e+01
3.399000e-05	9.776743e-03	-1.548531e+01
3.400000e-05	1.012873e-02	-1.544581e+01
3.401000e-05	1.030984e-02	-1.547425e+01
3.402000e-05	1.160594e-02	-1.551525e+01
3.403000e-05	1.499029e-02	-1.544473e+01
3.404000e-05	1.537542e-02	-1.542375e+01
3.405000e-05	1.503303e-02	-1.542167e+01
3.406000e-05	1.574672e-02	-1.535012e+01
3.407000e-05	1.863448e-02	-1.532857e+01
3.408000e-05	1.989610e-02	-1.531536e+01
3.409000e-05	2.161076e-02	-1.522478e+01
3.410000e-05	2.437144e-02	-1.518359e+01
3.411000e-05	2.601027e-02	-1.512894e+01
3.412000e-05	2.686895e-02	-1.505485e+01
3.413000e-05	2.898821e-02	-1.500112e+01
3.414000e-05	3.197614e-02	-1.492841e+01
3.415000e-05	3.539853e-02	-1.486518e+01
3.416000e-05	3.883434e-02	-1.479104e+01
3.417000e-05	4.324759e-02	-1.468581e+01
3.418000e-05	4.562755e-02	-1.461065e+01
3.419000e-05	4.862367e-02	-1.450591e+01
3.420000e-05	5.334720e-02	-1.439109e+01
3.421000e-05	5.988870e-02	-1.429578e+01
3.422000e-05	6.696707e-02	-1.413036e+01
3.423000e-05	7.304408e-02	-1.403462e+01
3.424000e-05	7.990082e-02	-1.390786e+01
3.425000e-05	8.679172e-02	-1.376999e+01
3.426000e-05	9.569641e-02	-1.365460e+01
3.427000e-05	1.058658e-01	-1.345673e+01
3.428000e-05	1.136415e-01	-1.331941e+01
3.429000e-05	1.215794e-01	-1.319354e+01
3.430000e-05	1.285580e-01	-1.304214e+01
3.431000e-05	1.331477e-01	-1.290685e+01
3.432000e-05	1.354437e-01	-1.269933e+01
3.433000e-05	1.361624e-01	-1.255046e+01
3.434000e-05	1.335483e-01	-1.241211e+01
3.435000e-05	1.292595e-01	-1.222212e+01
3.436000e-05	1.230010e-01	-1.203404e+01
3.437000e-05	1.167499e-01	-1.181715e+01
3.438000e-05	1.079184e-01	-1.164264e+01
3.439000e-05	1.004344e-01	-1.139109e+01
3.440000e-05	9.177738e-02	-1.119354e+01
3.441000e-05	8.426830e-02	-1.099199e+01
3.442000e-05	7.554035e-02	-1.081006e+01
3.443000e-05	6.748136e-02	-1.060004e+01
3.444000e-05	6.190232e-02	-1.034954e+01
3.445000e-05	5.522142e-02	-1.012736e+01
3.446000e-05	4.859776e-02	-9.937852e+00
3.447000e-05	4.259270e-02	-9.707828e+00
3.448000e-05	3.883350e-02	-9.538279e+00
3.449000e-05	3.359107e-02	-9.265223e+00
3.450000e-05	2.836922e-02	-9.063043e+00
3.451000e-05	2.488735e-02	-8.782539e+00
3.452000e-05	2.307474e-02	-8.570462e+00
3.453000e-05	1.889356e-02	-8.378324e+00
3.454000e-05	1.664803e-02	-8.105847e+00
3.455000e-05	1.448275e-02	-7.852214e+00
3.456000e-05	1.189702e-02	-7.559303e+00
3.457000e-05	8.693218e-03	-7.287221e+00
3.458000e-05	6.297343e-03	-7.044114e+00
3.459000e-05	7.179486e-03	-6.769937e+00
3.460000e-05	5.242259e-03	-6.547774e+00
3.461000e-05	3.550137e-03	-6.276217e+00
3.462000e-05	1.465205e-03	-5.971405e+00
3.463000e-05	1.212738e-03	-5.717725e+00
3.464000e-05	-4.919228e-04	-5.454518e+00
3.465000e-05	4.628610e-04	-5.157851e+00
3.466000e-05	-1.163769e-03	-4.833014e+00
3.467000e-05	-7.206811e-04	-4.536273e+00
3.468000e-05	-2.960208e-03	-4.285246e+00
3.469000e-05	-1.016897e-03	-4.022110e+00
3.470000e-05	-4.172911e-03	-3.758927e+00
3.471000e-05	-2.280129e-03	-3.486217e+00
3.472000e-05	-4.841876e-03	-3.212555e+00
3.473000e-05	-2.959240e-03	-2.895784e+00
3.474000e-05	-3.939729e-03	-2.632608e+00
3.475000e-05	-2.557145e-03	-2.339972e+00
3.476000e-05	-5.276058e-03	-2.012534e+00
3.477000e-05	-4.092440e-03	-1.780429e+00
3.478000e-05	-6.385320e-03	-1.507846e+00
3.479000e-05	-2.962840e-03	-1.147870e+00
3.480000e-05	-5.782277e-03	-8.642653e-01
3.481000e-05	-4.225002e-03	-5.594785e-01
3.482000e-05	-5.317257e-03	-3.072617e-01
3.483000e-05	-8.041629e-04	-7.258025e-02
3.484000e-05	6.297087e-03	2.627082e-01
3.485000e-05	-4.234207e-03	5.053611e-01
3.486000e-05	9.563831e-04	7.685537e-01
3.487000e-05	-1.750180e-03	1.073708e+00
3.488000e-05	2.049020e-05	1.355867e+00
3.489000e-05	-5.310086e-03	1.693838e+00
3.490000e-05	6.533416e-03	1.904316e+00
3.491000e-05	1.317572e-02	2.135791e+00
3.492000e-05	6.573882e-02	2.397978e+00
3.493000e-05	2.202530e-02	2.697520e+00
3.494000e-05	-6.938856e-02	3.034235e+00
3.495000e-05	-2.176924e-02	3.324319e+00
3.496000e-05	-2.700303e-02	3.632633e+00
3.497000e-05	-7.082445e-03	3.863813e+00
3.498000e-05	-3.644990e-02	4.075811e+00
3.499000e-05	1.915456e-02	4.336874e+00
3.500000e-05	6.604377e-02	4.579999e+00
3.501000e-05	-7.407306e-02	4.895343e+00
3.502000e-05	5.760565e-02	5.158001e+00
3.503000e-05	2.063336e-02	5.464215e+00
3.504000e-05	-9.423743e-02	5.768970e+00
3.505000e-05	6.383541e-02	6.029161e+00
3.506000e-05	-2.257804e-02	6.272312e+00
3.507000e-05	4.282545e-02	6.517424e+00
3.508000e-05	-4.606245e-02	6.831133e+00
3.509000e-05	-1.130821e-02	7.113744e+00
3.510000e-05	2.180860e-02	7.376458e+00
3.511000e-05	-2.290848e-02	7.642214e+00
3.512000e-05	2.461203e-02	7.935324e+00
3.513000e-05	-3.280058e-02	8.222658e+00
3.514000e-05	3.812864e-02	8.440559e+00
3.515000e-05	-1.928505e-02	8.601665e+00
3.516000e-05	-1.528090e-02	8.885769e+00
3.517000e-05	1.362366e-02	9.093919e+00
3.518000e-05	-2.242176e-02	9.327907e+00
3.519000e-05	1.441235e-02	9.570028e+00
3.520000e-05	-1.642255e-02	9.812036e+00
3.521000e-05	1.526117e-02	1.003161e+01
3.522000e-05	-2.616676e-02	1.024064e+01
3.523000e-05	1.096837e-03	1.047427e+01
3.524000e-05	-4.274104e-03	1.069380e+01
3.525000e-05	1.981544e-03	1.090475e+01
3.526000e-05	-4.246097e-03	1.109380e+01
3.527000e-05	-1.380441e-02	1.130478e+01
3.528000e-05	6.223008e-03	1.152583e+01
3.529000e-05	-7.706666e-03	1.173638e+01
3.530000e-05	-5.087420e-03	1.194688e+01
3.531000e-05	-1.318234e-02	1.216588e+01
3.532000e-05	9.185077e-03	1.229478e+01
3.533000e-05	-5.984794e-03	1.248325e+01
3.534000e-05	-1.049505e-02	1.265267e+01
3.535000e-05	-1.121290e-02	1.280006e+01
3.536000e-05	-1.223244e-03	1.298809e+01
3.537000e-05	-5.018817e-03	1.314731e+01
3.538000e-05	-1.062473e-02	1.327418e+01
3.539000e-05	-3.597127e-03	1.339022e+01
3.540000e-05	-5.928426e-03	1.360052e+01
3.541000e-05	-5.254419e-03	1.367685e+01
3.542000e-05	-1.040991e-02	1.383220e+01
3.543000e-05	-5.585753e-03	1.400012e+01
3.544000e-05	-8.959207e-03	1.415636e+01
3.545000e-05	-7.587185e-03	1.426480e+01
3.546000e-05	-6.719976e-03	1.435949e+01
3.547000e-05	-8.998049e-03	1.447473e+01
3.548000e-05	-1.228910e-02	1.457904e+01
3.549000e-05	-1.106190e-02	1.468700e+01
3.550000e-05	-3.753400e-03	1.476046e+01
3.551000e-05	-9.062167e-03	1.487317e+01
3.552000e-05	-9.533537e-03	1.492643e+01
3.553000e-05	-1.157967e-02	1.500201e+01
3.554000e-05	-8.746913e-03	1.508525e+01
3.555000e-05	-1.191077e-02	1.514793e+01
3.556000e-05	-1.295173e-02	1.517999e+01
3.557000e-05	-1.193685e-02	1.524420e+01
3.558000e-05	-1.082194e-02	1.527426e+01
3.559000e-05	-1.074285e-02	1.532691e+01
3.560000e-05	-1.409239e-02	1.538859e+01
3.561000e-05	-1.468817e-02	1.541209e+01
3.562000e-05	-1.387604e-02	1.542215e+01
3.563000e-05	-1.120819e-02	1.544275e+01
3.564000e-05	-1.393103e-02	1.545573e+01
3.565000e-05	-1.723980e-02	1.547585e+01
3.566000e-05	-1.720565e-02	1.548528e+01
3.567000e-05	-1.657503e-02	1.550585e+01
3.568000e-05	-1.898510e-02	1.549623e+01
3.569000e-05	-2.070815e-02	1.542478e+01
3.570000e-05	-2.048429e-02	1.541420e+01
3.571000e-05	-2.117011e-02	1.544160e+01
3.572000e-05	-2.303967e-02	1.535397e+01
3.573000e-05	-2.623381e-02	1.535939e+01
3.574000e-05	-2.782281e-02	1.527883e+01
3.575000e-05	-2.862888e-02	1.525373e+01
3.576000e-05	-3.049774e-02	1.521303e+01
3.577000e-05	-3.087790e-02	1.512889e+01
3.578000e-05	-3.512325e-02	1.507423e+01
3.579000e-05	-3.773422e-02	1.505262e+01
3.580000e-05	-4.020042e-02	1.498098e+01
3.581000e-05	-4.177917e-02	1.488483e+01
3.582000e-05	-4.722616e-02	1.478206e+01
3.583000e-05	-4.949639e-02	1.470686e+01
3.584000e-05	-5.283692e-02	1.459259e+01
3.585000e-05	-5.746501e-02	1.446673e+01
3.586000e-05	-6.365872e-02	1.441157e+01
3.587000e-05	-6.794970e-02	1.428880e+01
3.588000e-05	-7.408480e-02	1.416944e+01
3.589000e-05	-8.037836e-02	1.403312e+01
3.590000e-05	-8.964843e-02	1.389631e+01
3.591000e-05	-9.755822e-02	1.378946e+01
3.592000e-05	-1.068132e-01	1.362214e+01
3.593000e-05	-1.152110e-01	1.348730e+01
3.594000e-05	-1.237400e-01	1.332686e+01
3.595000e-05	-1.313132e-01	1.319159e+01
3.596000e-05	-1.376591e-01	1.301367e+01
3.597000e-05	-1.407411e-01	1.285465e+01
3.598000e-05	-1.431584e-01	1.273833e+01
3.599000e-05	-1.431768e-01	1.257788e+01
3.600000e-05	-1.415645e-01	1.239946e+01
3.601000e-05	-1.357018e-01	1.223311e+01
3.602000e-05	-1.287444e-01	1.202149e+01
3.603000e-05	-1.219747e-01	1.179314e+01
3.604000e-05	-1.152527e-01	1.162362e+01
3.605000e-05	-1.064141e-01	1.142612e+01
3.606000e-05	-9.863206e-02	1.120107e+01
3.607000e-05	-8.988336e-02	1.102004e+01
3.608000e-05	-8.197676e-02	1.082254e+01
3.609000e-05	-7.388551e-02	1.066151e+01
3.610000e-05	-6.813615e-02	1.039043e+01
3.611000e-05	-6.164616e-02	1.018043e+01
3.612000e-05	-5.585959e-02	9.948859e+00
3.613000e-05	-5.024414e-02	9.675251e+00
3.614000e-05	-4.617762e-02	9.495144e+00
3.615000e-05	-4.064412e-02	9.244717e+00
3.616000e-05	-3.789425e-02	9.063038e+00
3.617000e-05	-3.371883e-02	8.772013e+00
3.618000e-05	-3.078838e-02	8.570458e+00
3.619000e-05	-2.699758e-02	8.306805e+00
3.620000e-05	-2.490232e-02	8.086697e+00
3.621000e-05	-2.267510e-02	7.833013e+00
3.622000e-05	-1.999374e-02	7.570908e+00
3.623000e-05	-1.868826e-02	7.314745e+00
3.624000e-05	-1.689657e-02	7.063513e+00
3.625000e-05	-1.415265e-02	6.770982e+00
3.626000e-05	-1.376509e-02	6.527294e+00
3.627000e-05	-1.243293e-02	6.222563e+00
3.628000e-05	-1.176183e-02	5.961558e+00
3.629000e-05	-1.023768e-02	5.768750e+00
3.630000e-05	-1.006750e-02	5.474188e+00
3.631000e-05	-9.793214e-03	5.209927e+00
3.632000e-05	-8.314622e-03	4.812480e+00
3.633000e-05	-8.001280e-03	4.527826e+00
3.634000e-05	-7.844030e-03	4.287296e+00
3.635000e-05	-7.870123e-03	3.940451e+00
3.636000e-05	-6.851606e-03	3.696818e+00
3.637000e-05	-5.710842e-03	3.465637e+00
3.638000e-05	-6.149864e-03	3.117321e+00
3.639000e-05	-6.932982e-03	2.915688e+00
3.640000e-05	-6.981183e-03	2.671042e+00
3.641000e-05	-6.108853e-03	2.316238e+00
3.642000e-05	-5.608357e-03	2.072529e+00
3.643000e-05	-4.883877e-03	1.790372e+00
3.644000e-05	-5.655992e-03	1.441659e+00
3.645000e-05	-5.882405e-03	1.178871e+00
3.646000e-05	-5.055095e-03	8.604772e-01
3.647000e-05	-4.836842e-03	5.363184e-01
3.648000e-05	-4.223209e-03	2.961856e-01
3.649000e-05	-2.184549e-03	1.044874e-02
3.650000e-05	7.910549e-03	-2.622355e-01
3.651000e-05	-1.880606e-03	-5.358399e-01
3.652000e-05	1.208848e-03	-8.020579e-01
3.653000e-05	-3.942313e-03	-1.073311e+00
3.654000e-05	-5.006189e-05	-1.365528e+00
3.655000e-05	-1.216615e-03	-1.643182e+00
3.656000e-05	1.627177e-02	-1.885235e+00
3.657000e-05	4.997651e-02	-2.103869e+00
3.658000e-05	6.728940e-02	-2.439679e+00
3.659000e-05	-8.351823e-02	-2.788125e+00
3.660000e-05	-5.276848e-03	-3.149074e+00
3.661000e-05	-4.003201e-02	-3.461681e+00
3.662000e-05	-8.770818e-03	-3.654234e+00
3.663000e-05	-7.559365e-02	-3.903895e+00
3.664000e-05	1.137124e-01	-4.135321e+00
3.665000e-05	2.685375e-02	-4.275391e+00
3.666000e-05	-1.047136e-01	-4.641190e+00
3.667000e-05	1.713300e-01	-4.904289e+00
3.668000e-05	-1.220442e-01	-5.210008e+00
3.669000e-05	5.220954e-02	-5.496949e+00
3.670000e-05	-5.614298e-03	-5.746000e+00
3.671000e-05	-3.114778e-02	-6.031312e+00
3.672000e-05	1.168530e-01	-6.315344e+00
3.673000e-05	-1.233747e-01	-6.589654e+00
3.674000e-05	6.832418e-02	-6.852687e+00
3.675000e-05	-3.821698e-02	-7.094428e+00
3.676000e-05	-6.182697e-03	-7.451141e+00
3.677000e-05	4.607373e-02	-7.651765e+00
3.678000e-05	-5.407868e-02	-7.898105e+00
3.679000e-05	1.111777e-01	-8.200582e+00
3.680000e-05	-1.082881e-01	-8.432741e+00
3.681000e-05	5.685415e-02	-8.705223e+00
3.682000e-05	-2.078677e-02	-8.927433e+00
3.683000e-05	5.355622e-03	-9.179985e+00
3.684000e-05	1.734001e-02	-9.348537e+00
3.685000e-05	-3.569718e-02	-9.612140e+00
3.686000e-05	5.686440e-02	-9.852669e+00
3.687000e-05	-5.168874e-02	-1.009432e+01
3.688000e-05	4.017674e-02	-1.029375e+01
3.689000e-05	-3.433696e-02	-1.052692e+01
3.690000e-05	3.684502e-02	-1.075688e+01
3.691000e-05	-1.615188e-02	-1.095590e+01
3.692000e-05	4.953214e-03	-1.114638e+01
3.693000e-05	9.668632e-03	-1.133591e+01
3.694000e-05	-1.037092e-02	-1.155804e+01
3.695000e-05	5.920832e-03	-1.172648e+01
3.696000e-05	-1.004690e-02	-1.193001e+01
3.697000e-05	3.165960e-02	-1.213846e+01
3.698000e-05	-9.977117e-03	-1.233703e+01
3.699000e-05	6.836633e-03	-1.247731e+01
3.700000e-05	-1.164969e-02	-1.265375e+01
3.701000e-05	1.562525e-02	-1.283374e+01
3.702000e-05	-6.153711e-03	-1.299166e+01
3.703000e-05	6.769277e-03	-1.317844e+01
3.704000e-05	2.340200e-03	-1.329690e+01
3.705000e-05	6.660365e-03	-1.344417e+01
3.706000e-05	-1.285888e-03	-1.357797e+01
3.707000e-05	3.145272e-03	-1.378754e+01
3.708000e-05	7.261740e-03	-1.388228e+01
3.709000e-05	1.910926e-03	-1.401964e+01
3.710000e-05	3.926460e-03	-1.409643e+01
3.711000e-05	4.616361e-03	-1.427373e+01
3.712000e-05	5.200802e-03	-1.434861e+01
3.713000e-05	-2.333660e-03	-1.447525e+01
3.714000e-05	4.348766e-03	-1.462166e+01
3.715000e-05	6.851645e-03	-1.467635e+01
3.716000e-05	8.950469e-03	-1.478996e+01
3.717000e-05	5.058243e-03	-1.484463e+01
3.718000e-05	4.889404e-03	-1.492898e+01
3.719000e-05	4.762888e-03	-1.499165e+01
3.720000e-05	4.474451e-03	-1.504423e+01
3.721000e-05	6.058143e-03	-1.510636e+01
3.722000e-05	6.397625e-03	-1.516056e+01
3.723000e-05	5.868026e-03	-1.523215e+01
3.724000e-05	6.220382e-03	-1.530740e+01
3.725000e-05	7.045731e-03	-1.536848e+01
3.726000e-05	6.088738e-03	-1.541059e+01
3.727000e-05	7.043044e-03	-1.540354e+01
3.728000e-05	1.076702e-02	-1.544268e+01
3.729000e-05	9.226299e-03	-1.546630e+01
3.730000e-05	7.637634e-03	-1.548478e+01
3.731000e-05	9.471109e-03	-1.547535e+01
3.732000e-05	8.355324e-03	-1.547478e+01
3.733000e-05	1.328620e-02	-1.549530e+01
3.734000e-05	1.254496e-02	-1.544680e+01
3.735000e-05	1.620408e-02	-1.545625e+01
3.736000e-05	1.436495e-02	-1.545122e+01
3.737000e-05	1.495255e-02	-1.544015e+01
3.738000e-05	1.499644e-02	-1.539056e+01
3.739000e-05	1.834744e-02	-1.532804e+01
3.740000e-05	1.967172e-02	-1.529633e+01
3.741000e-05	2.385093e-02	-1.521320e+01
3.742000e-05	2.541831e-02	-1.517169e+01
3.743000e-05	2.771354e-02	-1.512846e+01
3.744000e-05	2.696163e-02	-1.506383e+01
3.745000e-05	2.970304e-02	-1.500117e+01
3.746000e-05	3.119710e-02	-1.490586e+01
3.747000e-05	3.747309e-02	-1.483320e+01
3.748000e-05	3.899448e-02	-1.477094e+01
3.749000e-05	4.248641e-02	-1.471735e+01
3.750000e-05	4.452582e-02	-1.458214e+01
3.751000e-05	5.132826e-02	-1.448625e+01
3.752000e-05	5.770848e-02	-1.434854e+01
3.753000e-05	6.302401e-02	-1.425623e+01
3.754000e-05	6.775055e-02	-1.409884e+01
3.755000e-05	7.377504e-02	-1.398305e+01
3.756000e-05	8.082013e-02	-1.386582e+01
3.757000e-05	8.884620e-02	-1.372733e+01
3.758000e-05	9.800872e-02	-1.360109e+01
3.759000e-05	1.070771e-01	-1.343432e+01
3.760000e-05	1.166736e-01	-1.327736e+01
3.761000e-05	1.253783e-01	-1.316948e+01
3.762000e-05	1.325570e-01	-1.300162e+01
3.763000e-05	1.343419e-01	-1.285425e+01
3.764000e-05	1.354380e-01	-1.266580e+01
3.765000e-05	1.345007e-01	-1.253783e+01
3.766000e-05	1.332242e-01	-1.236896e+01
3.767000e-05	1.277810e-01	-1.216146e+01
3.768000e-05	1.204890e-01	-1.199054e+01
3.769000e-05	1.130137e-01	-1.177251e+01
3.770000e-05	1.062711e-01	-1.160052e+01
3.771000e-05	9.859790e-02	-1.136933e+01
3.772000e-05	9.123820e-02	-1.115086e+01
3.773000e-05	8.462840e-02	-1.093650e+01
3.774000e-05	7.363475e-02	-1.072883e+01
3.775000e-05	6.485719e-02	-1.056746e+01
3.776000e-05	5.848598e-02	-1.031688e+01
3.777000e-05	5.290624e-02	-1.008465e+01
3.778000e-05	4.683793e-02	-9.865719e+00
3.779000e-05	4.167246e-02	-9.695245e+00
3.780000e-05	3.752802e-02	-9.464769e+00
3.781000e-05	3.223936e-02	-9.231614e+00
3.782000e-05	2.841027e-02	-8.999460e+00
3.783000e-05	2.505638e-02	-8.739482e+00
3.784000e-05	2.160356e-02	-8.518828e+00
3.785000e-05	1.819687e-02	-8.276187e+00
3.786000e-05	1.469970e-02	-8.052167e+00
3.787000e-05	1.302268e-02	-7.790779e+00
3.788000e-05	9.900935e-03	-7.454241e+00
3.789000e-05	8.868546e-03	-7.223037e+00
3.790000e-05	7.151727e-03	-6.960903e+00
3.791000e-05	7.144406e-03	-6.716297e+00
3.792000e-05	5.156594e-03	-6.474167e+00
3.793000e-05	4.218228e-03	-6.212455e+00
3.794000e-05	1.710250e-03	-5.926326e+00
3.795000e-05	1.008673e-03	-5.674193e+00
3.796000e-05	-1.444888e-03	-5.411505e+00
3.797000e-05	-3.387195e-04	-5.114693e+00
3.798000e-05	-1.692402e-03	-4.717372e+00
3.799000e-05	-1.216416e-03	-4.485213e+00
3.800000e-05	-1.432974e-03	-4.234087e+00
3.801000e-05	-1.713243e-03	-3.951553e+00
3.802000e-05	-2.057260e-03	-3.706609e+00
3.803000e-05	-3.760357e-03	-3.421532e+00
3.804000e-05	-4.859575e-03	-3.128320e+00
3.805000e-05	-4.845345e-03	-2.840604e+00
3.806000e-05	-4.368990e-03	-2.548925e+00
3.807000e-05	-4.667974e-03	-2.286762e+00
3.808000e-05	-5.707539e-03	-1.969952e+00
3.809000e-05	-4.896294e-03	-1.726264e+00
3.810000e-05	-3.467169e-03	-1.420053e+00
3.811000e-05	-2.565715e-03	-1.105214e+00
3.812000e-05	-3.671395e-03	-8.300513e-01
3.813000e-05	-5.661826e-03	-5.452115e-01
3.814000e-05	-4.240561e-03	-1.920789e-01
3.815000e-05	-5.000871e-04	1.055264e-02
3.816000e-05	5.702601e-03	3.072686e-01
3.817000e-05	-6.716672e-03	6.490263e-01
3.818000e-05	2.132329e-03	8.511516e-01
3.819000e-05	-3.978370e-03	1.136976e+00
3.820000e-05	2.571370e-03	1.439107e+00
3.821000e-05	-4.740413e-03	1.745475e+00
3.822000e-05	1.062356e-02	1.956973e+00
3.823000e-05	1.927635e-02	2.198000e+00
3.824000e-05	7.571916e-02	2.513263e+00
3.825000e-05	-1.800448e-02	2.831207e+00
3.826000e-05	-5.870073e-02	3.136396e+00
3.827000e-05	-2.452701e-02	3.442604e+00
3.828000e-05	-1.614891e-02	3.673716e+00
3.829000e-05	-1.556701e-02	3.937404e+00
3.830000e-05	-2.849479e-02	4.126522e+00
3.831000e-05	3.584467e-02	4.380054e+00
3.832000e-05	4.777880e-02	4.691215e+00
3.833000e-05	-8.989054e-02	4.956007e+00
3.834000e-05	1.105601e-01	5.261293e+00
3.835000e-05	-5.819355e-02	5.566950e+00
3.836000e-05	-3.309199e-02	5.829616e+00
3.837000e-05	4.209460e-02	6.094321e+00
3.838000e-05	-8.821591e-03	6.316929e+00
3.839000e-05	3.019809e-02	6.629086e+00
3.840000e-05	-6.142078e-02	6.933792e+00
3.841000e-05	1.831308e-02	7.126982e+00
3.842000e-05	3.325674e-03	7.461641e+00
3.843000e-05	-5.259796e-03	7.664397e+00
3.844000e-05	5.021753e-03	7.968585e+00
3.845000e-05	-2.180569e-02	8.282740e+00
3.846000e-05	3.901156e-02	8.452870e+00
3.847000e-05	-3.386350e-02	8.676769e+00
3.848000e-05	1.748193e-03	8.926354e+00
3.849000e-05	1.798800e-03	9.177557e+00
3.850000e-05	-1.298171e-02	9.399132e+00
3.851000e-05	9.425164e-03	9.631668e+00
3.852000e-05	-1.270589e-02	9.854197e+00
3.853000e-05	9.502094e-03	1.010480e+01
3.854000e-05	-2.582339e-02	1.029645e+01
3.855000e-05	6.069117e-03	1.054588e+01
3.856000e-05	-6.078374e-03	1.075908e+01
3.857000e-05	2.761965e-03	1.095705e+01
3.858000e-05	-9.152416e-03	1.111643e+01
3.859000e-05	-9.023248e-03	1.135994e+01
3.860000e-05	5.309488e-03	1.155951e+01
3.861000e-05	-9.790112e-03	1.177013e+01
3.862000e-05	-7.518791e-03	1.198102e+01
3.863000e-05	-9.083526e-03	1.216749e+01
3.864000e-05	8.601181e-03	1.233748e+01
3.865000e-05	-8.562238e-03	1.250541e+01
3.866000e-05	-1.265321e-02	1.267432e+01
3.867000e-05	-8.132029e-03	1.288267e+01
3.868000e-05	-1.286240e-03	1.299167e+01
3.869000e-05	-3.930993e-03	1.315891e+01
3.870000e-05	-1.099468e-02	1.332436e+01
3.871000e-05	-3.988945e-03	1.345375e+01
3.872000e-05	-7.348593e-03	1.359112e+01
3.873000e-05	-6.784263e-03	1.377651e+01
3.874000e-05	-9.990435e-03	1.389575e+01
3.875000e-05	-6.399662e-03	1.401170e+01
3.876000e-05	-8.342478e-03	1.419094e+01
3.877000e-05	-7.124560e-03	1.427531e+01
3.878000e-05	-5.836642e-03	1.435105e+01
3.879000e-05	-1.107187e-02	1.452538e+01
3.880000e-05	-1.255702e-02	1.464270e+01
3.881000e-05	-1.036285e-02	1.471635e+01
3.882000e-05	-4.765817e-03	1.479152e+01
3.883000e-05	-1.024538e-02	1.487473e+01
3.884000e-05	-1.144905e-02	1.492791e+01
3.885000e-05	-1.067800e-02	1.501117e+01
3.886000e-05	-7.893870e-03	1.508428e+01
3.887000e-05	-1.097748e-02	1.515986e+01
3.888000e-05	-1.285449e-02	1.518954e+01
3.889000e-05	-1.148662e-02	1.527320e+01
3.890000e-05	-1.178502e-02	1.528581e+01
3.891000e-05	-1.175373e-02	1.534854e+01
3.892000e-05	-1.455072e-02	1.538107e+01
3.893000e-05	-1.462800e-02	1.542417e+01
3.894000e-05	-1.406860e-02	1.542422e+01
3.895000e-05	-1.182492e-02	1.546428e+01
3.896000e-05	-1.304609e-02	1.546278e+01
3.897000e-05	-1.661001e-02	1.547470e+01
3.898000e-05	-1.686002e-02	1.545483e+01
3.899000e-05	-1.823713e-02	1.547633e+01
3.900000e-05	-1.833681e-02	1.547631e+01
3.901000e-05	-2.123808e-02	1.546468e+01
3.902000e-05	-2.138561e-02	1.540320e+01
3.903000e-05	-2.306925e-02	1.537165e+01
3.904000e-05	-2.437290e-02	1.537309e+01
3.905000e-05	-2.474058e-02	1.536039e+01
3.906000e-05	-2.690666e-02	1.527530e+01
3.907000e-05	-2.860094e-02	1.522313e+01
3.908000e-05	-3.033075e-02	1.519052e+01
3.909000e-05	-3.136790e-02	1.512891e+01
3.910000e-05	-3.619884e-02	1.507675e+01
3.911000e-05	-3.867199e-02	1.501262e+01
3.912000e-05	-4.128713e-02	1.495806e+01
3.913000e-05	-4.258823e-02	1.487415e+01
3.914000e-05	-4.844774e-02	1.478996e+01
3.915000e-05	-5.119683e-02	1.466738e+01
3.916000e-05	-5.445901e-02	1.457009e+01
3.917000e-05	-5.780030e-02	1.446478e+01
3.918000e-05	-6.417202e-02	1.434837e+01
3.919000e-05	-6.985075e-02	1.426570e+01
3.920000e-05	-7.599786e-02	1.416728e+01
3.921000e-05	-8.272386e-02	1.400162e+01
3.922000e-05	-9.149744e-02	1.384620e+01
3.923000e-05	-1.002061e-01	1.374736e+01
3.924000e-05	-1.088746e-01	1.359046e+01
3.925000e-05	-1.169368e-01	1.345309e+01
3.926000e-05	-1.247385e-01	1.329625e+01
3.927000e-05	-1.326142e-01	1.313836e+01
3.928000e-05	-1.379458e-01	1.302149e+01
3.929000e-05	-1.419185e-01	1.284265e+01
3.930000e-05	-1.431514e-01	1.270362e+01
3.931000e-05	-1.430571e-01	1.253728e+01
3.932000e-05	-1.399882e-01	1.235786e+01
3.933000e-05	-1.352614e-01	1.213731e+01
3.934000e-05	-1.285014e-01	1.195201e+01
3.935000e-05	-1.196638e-01	1.178854e+01
3.936000e-05	-1.117470e-01	1.154034e+01
3.937000e-05	-1.045154e-01	1.135079e+01
3.938000e-05	-9.655450e-02	1.118888e+01
3.939000e-05	-8.800611e-02	1.096893e+01
3.940000e-05	-7.943208e-02	1.076891e+01
3.941000e-05	-7.317782e-02	1.054981e+01
3.942000e-05	-6.638884e-02	1.030635e+01
3.943000e-05	-6.009279e-02	1.014628e+01
3.944000e-05	-5.481678e-02	9.885199e+00
3.945000e-05	-4.875131e-02	9.666070e+00
3.946000e-05	-4.428937e-02	9.412040e+00
3.947000e-05	-3.943772e-02	9.232512e+00
3.948000e-05	-3.583024e-02	8.979856e+00
3.949000e-05	-3.220009e-02	8.737800e+00
3.950000e-05	-2.872656e-02	8.526196e+00
3.951000e-05	-2.769832e-02	8.284217e+00
3.952000e-05	-2.487157e-02	7.981989e+00
3.953000e-05	-2.152082e-02	7.740880e+00
3.954000e-05	-1.863377e-02	7.507746e+00
3.955000e-05	-1.732906e-02	7.210563e+00
3.956000e-05	-1.681789e-02	6.990479e+00
3.957000e-05	-1.409808e-02	6.719772e+00
3.958000e-05	-1.270804e-02	6.421533e+00
3.959000e-05	-1.220467e-02	6.180883e+00
3.960000e-05	-1.212780e-02	5.947353e+00
3.961000e-05	-1.030584e-02	5.632610e+00
3.962000e-05	-9.296443e-03	5.400429e+00
3.963000e-05	-9.372630e-03	5.054563e+00
3.964000e-05	-8.641357e-03	4.738279e+00
3.965000e-05	-6.958355e-03	4.465714e+00
3.966000e-05	-6.126303e-03	4.212434e+00
3.967000e-05	-6.138794e-03	3.926221e+00
3.968000e-05	-8.063146e-03	3.644084e+00
3.969000e-05	-6.863910e-03	3.409851e+00
3.970000e-05	-5.695703e-03	3.095685e+00
3.971000e-05	-5.804320e-03	2.822055e+00
3.972000e-05	-6.012309e-03	2.567263e+00
3.973000e-05	-5.885084e-03	2.261482e+00
3.974000e-05	-4.747958e-03	1.999426e+00
3.975000e-05	-5.283939e-03	1.674611e+00
3.976000e-05	-5.083385e-03	1.398822e+00
3.977000e-05	-5.148875e-03	1.073734e+00
3.978000e-05	-5.814599e-03	7.183459e-01
3.979000e-05	-4.409338e-03	4.631639e-01
3.980000e-05	-1.982802e-03	2.009248e-01
3.981000e-05	-2.470932e-04	-1.047620e-01
3.982000e-05	5.867890e-03	-3.464199e-01
3.983000e-05	-4.489162e-03	-5.881530e-01
3.984000e-05	1.162208e-03	-8.736634e-01
3.985000e-05	-1.017363e-03	-1.165395e+00
3.986000e-05	-1.318630e-03	-1.464762e+00
3.987000e-05	1.742587e-03	-1.705741e+00
3.988000e-05	2.000932e-02	-1.927898e+00
3.989000e-05	6.936349e-02	-2.179556e+00
3.990000e-05	3.101468e-02	-2.515442e+00
3.991000e-05	-8.315951e-02	-2.905421e+00
3.992000e-05	8.451155e-04	-3.253740e+00
3.993000e-05	-4.293693e-02	-3.493712e+00
3.994000e-05	-1.881099e-02	-3.716445e+00
3.995000e-05	-6.018650e-02	-3.949598e+00
3.996000e-05	1.560250e-01	-4.147424e+00
3.997000e-05	-6.514659e-02	-4.357155e+00
3.998000e-05	-2.252436e-02	-4.725378e+00
3.999000e-05	1.175360e-01	-4.957976e+00
4.000000e-05	-1.627155e-01	-5.294350e+00
4.001000e-05	1.078773e-01	-5.578580e+00
4.002000e-05	-7.722105e-02	-5.830161e+00
4.003000e-05	5.037863e-02	-6.117946e+00
4.004000e-05	5.160786e-02	-6.349028e+00
4.005000e-05	-1.079875e-01	-6.642816e+00
4.006000e-05	8.993690e-02	-6.926327e+00
4.007000e-05	-8.108570e-02	-7.253632e+00
4.008000e-05	5.588683e-02	-7.494351e+00
4.009000e-05	-1.267069e-02	-7.745902e+00
4.010000e-05	1.167011e-03	-8.054240e+00
4.011000e-05	6.592894e-02	-8.262743e+00
4.012000e-05	-1.044479e-01	-8.504902e+00
4.013000e-05	8.181457e-02	-8.787958e+00
4.014000e-05	-5.633537e-02	-8.988560e+00
4.015000e-05	4.511465e-02	-9.191138e+00
4.016000e-05	-2.463674e-02	-9.433669e+00
4.017000e-05	9.838175e-03	-9.695823e+00
4.018000e-05	2.684595e-02	-9.903845e+00
4.019000e-05	-3.705983e-02	-1.010791e+01
4.020000e-05	2.984880e-02	-1.031696e+01
4.021000e-05	-3.280034e-02	-1.056901e+01
4.022000e-05	4.491705e-02	-1.074953e+01
4.023000e-05	-3.130597e-02	-1.096003e+01
4.024000e-05	2.440141e-02	-1.117004e+01
4.025000e-05	-8.680895e-03	-1.137954e+01
4.026000e-05	4.698504e-03	-1.160215e+01
4.027000e-05	-7.755992e-03	-1.183167e+01
4.028000e-05	7.504139e-03	-1.202222e+01
4.029000e-05	2.024330e-02	-1.221056e+01
4.030000e-05	-7.368840e-03	-1.238104e+01
4.031000e-05	8.155691e-04	-1.254851e+01
4.032000e-05	-6.175076e-03	-1.271741e+01
4.033000e-05	1.441648e-02	-1.290533e+01
4.034000e-05	-7.223443e-03	-1.304227e+01
4.035000e-05	9.031425e-03	-1.319207e+01
4.036000e-05	1.881559e-03	-1.334954e+01
4.037000e-05	9.094147e-03	-1.348488e+01
4.038000e-05	-3.744861e-03	-1.365175e+01
4.039000e-05	6.320162e-03	-1.379065e+01
4.040000e-05	3.419480e-03	-1.389683e+01
4.041000e-05	3.786916e-03	-1.402370e+01
4.042000e-05	2.890169e-03	-1.413949e+01
4.043000e-05	6.830053e-03	-1.428635e+01
4.044000e-05	3.402544e-03	-1.438117e+01
4.045000e-05	-2.744916e-03	-1.451698e+01
4.046000e-05	5.548573e-03	-1.462167e+01
4.047000e-05	7.855818e-03	-1.471636e+01
4.048000e-05	8.365774e-03	-1.485107e+01
4.049000e-05	3.069237e-03	-1.486373e+01
4.050000e-05	4.755116e-03	-1.495801e+01
4.051000e-05	3.437578e-03	-1.500272e+01
4.052000e-05	5.026578e-03	-1.505683e+01
4.053000e-05	5.816067e-03	-1.517049e+01
4.054000e-05	6.708348e-03	-1.522162e+01
4.055000e-05	6.579232e-03	-1.524528e+01
4.056000e-05	6.688080e-03	-1.530751e+01
4.057000e-05	5.396285e-03	-1.535906e+01
4.058000e-05	6.485944e-03	-1.542105e+01
4.059000e-05	8.673814e-03	-1.542167e+01
4.060000e-05	9.151238e-03	-1.542430e+01
4.061000e-05	9.096171e-03	-1.545373e+01
4.062000e-05	9.326921e-03	-1.547575e+01
4.063000e-05	1.000795e-02	-1.548685e+01
4.064000e-05	7.704626e-03	-1.550628e+01
4.065000e-05	1.085216e-02	-1.548573e+01
4.066000e-05	1.301487e-02	-1.546630e+01
4.067000e-05	1.554914e-02	-1.548425e+01
4.068000e-05	1.474071e-02	-1.540315e+01
4.069000e-05	1.502933e-02	-1.543059e+01
4.070000e-05	1.664126e-02	-1.538957e+01
4.071000e-05	1.948083e-02	-1.534853e+01
4.072000e-05	2.066612e-02	-1.530580e+01
4.073000e-05	2.408481e-02	-1.524267e+01
4.074000e-05	2.500772e-02	-1.518299e+01
4.075000e-05	2.576503e-02	-1.506748e+01
4.076000e-05	2.779819e-02	-1.509322e+01
4.077000e-05	3.155369e-02	-1.499152e+01
4.078000e-05	3.425873e-02	-1.490681e+01
4.079000e-05	3.679564e-02	-1.481312e+01
4.080000e-05	4.049361e-02	-1.475946e+01
4.081000e-05	4.472883e-02	-1.467430e+01
4.082000e-05	4.717110e-02	-1.457154e+01
4.083000e-05	5.226637e-02	-1.445322e+01
4.084000e-05	5.757348e-02	-1.431998e+01
4.085000e-05	6.293861e-02	-1.419260e+01
4.086000e-05	7.019906e-02	-1.409726e+01
4.087000e-05	7.683467e-02	-1.393951e+01
4.088000e-05	8.488572e-02	-1.383222e+01
4.089000e-05	9.139997e-02	-1.372776e+01
4.090000e-05	1.011746e-01	-1.362048e+01
4.091000e-05	1.101422e-01	-1.341304e+01
4.092000e-05	1.190385e-01	-1.328670e+01
4.093000e-05	1.253603e-01	-1.312588e+01
4.094000e-05	1.303272e-01	-1.298001e+01
4.095000e-05	1.337832e-01	-1.279320e+01
4.096000e-05	1.356923e-01	-1.267570e+01
4.097000e-05	1.355603e-01	-1.247870e+01
4.098000e-05	1.317991e-01	-1.232638e+01
4.099000e-05	1.269585e-01	-1.214791e+01
4.100000e-05	1.203203e-01	-1.193838e+01
4.101000e-05	1.128191e-01	-1.174031e+01
4.102000e-05	1.034145e-01	-1.154938e+01
4.103000e-05	9.586673e-02	-1.127718e+01
4.104000e-05	8.786832e-02	-1.107468e+01
4.105000e-05	8.072756e-02	-1.086560e+01
4.106000e-05	7.264848e-02	-1.070727e+01
4.107000e-05	6.486298e-02	-1.049780e+01
4.108000e-05	5.726338e-02	-1.030622e+01
4.109000e-05	5.197059e-02	-1.005415e+01
4.110000e-05	4.672648e-02	-9.812640e+00
4.111000e-05	4.072634e-02	-9.643590e+00
4.112000e-05	3.652213e-02	-9.431509e+00
4.113000e-05	3.141046e-02	-9.149475e+00
4.114000e-05	2.674565e-02	-8.958406e+00
4.115000e-05	2.357504e-02	-8.727774e+00
4.116000e-05	1.977930e-02	-8.434591e+00
4.117000e-05	1.721921e-02	-8.241989e+00
4.118000e-05	1.505457e-02	-7.970955e+00
4.119000e-05	1.335172e-02	-7.718223e+00
4.120000e-05	9.689416e-03	-7.423085e+00
4.121000e-05	8.687561e-03	-7.180978e+00
4.122000e-05	6.397909e-03	-6.895694e+00
4.123000e-05	4.359527e-03	-6.634134e+00
4.124000e-05	3.842496e-03	-6.373009e+00
4.125000e-05	3.676551e-03	-6.107244e+00
4.126000e-05	1.069910e-03	-5.863663e+00
4.127000e-05	8.873556e-04	-5.540380e+00
4.128000e-05	-1.133096e-03	-5.357218e+00
4.129000e-05	4.213075e-04	-5.001007e+00
4.130000e-05	-1.254040e-03	-4.665138e+00
4.131000e-05	-7.888002e-04	-4.401607e+00
4.132000e-05	-2.762908e-03	-4.211404e+00
4.133000e-05	-1.125601e-03	-3.905822e+00
4.134000e-05	-3.811543e-03	-3.591004e+00
4.135000e-05	-3.668523e-03	-3.317896e+00
4.136000e-05	-4.263467e-03	-3.074613e+00
4.137000e-05	-4.424218e-03	-2.748897e+00
4.138000e-05	-3.981179e-03	-2.476766e+00
4.139000e-05	-3.595810e-03	-2.243029e+00
4.140000e-05	-4.502796e-03	-1.936242e+00
4.141000e-05	-5.470895e-03	-1.664582e+00
4.142000e-05	-5.093083e-03	-1.366793e+00
4.143000e-05	-3.711767e-03	-1.003501e+00
4.144000e-05	-4.054977e-03	-7.393419e-01
4.145000e-05	-4.743297e-03	-4.241238e-01
4.146000e-05	-4.241983e-03	-1.693707e-01
4.147000e-05	2.526304e-03	1.117158e-01
4.148000e-05	3.327447e-03	4.095802e-01
4.149000e-05	-3.972318e-03	6.506319e-01
4.150000e-05	1.937102e-03	9.238698e-01
4.151000e-05	-3.910496e-03	1.210608e+00
4.152000e-05	-7.128427e-04	1.504792e+00
4.153000e-05	-2.087208e-03	1.790032e+00
4.154000e-05	1.202135e-02	1.999557e+00
4.155000e-05	3.281747e-02	2.254663e+00
4.156000e-05	7.244406e-02	2.536478e+00
4.157000e-05	-5.026209e-02	2.915766e+00
4.158000e-05	-4.108891e-02	3.158502e+00
4.159000e-05	-2.994658e-02	3.452716e+00
4.160000e-05	-7.345705e-03	3.735351e+00
4.161000e-05	-2.919444e-02	3.947500e+00
4.162000e-05	-1.460418e-02	4.230059e+00
4.163000e-05	5.186913e-02	4.443192e+00
4.164000e-05	1.148754e-02	4.755428e+00
4.165000e-05	-6.769734e-02	5.040541e+00
4.166000e-05	1.276303e-01	5.315396e+00
4.167000e-05	-1.138643e-01	5.619681e+00
4.168000e-05	2.516027e-02	5.894321e+00
4.169000e-05	8.723340e-03	6.147032e+00
4.170000e-05	1.523307e-02	6.389110e+00
4.171000e-05	6.782954e-03	6.681819e+00
4.172000e-05	-5.833855e-02	6.957979e+00
4.173000e-05	3.446953e-02	7.230637e+00
4.174000e-05	-1.720187e-02	7.484848e+00
4.175000e-05	1.270890e-02	7.758931e+00
4.176000e-05	-1.501892e-02	8.071196e+00
4.177000e-05	5.324686e-04	8.303870e+00
4.178000e-05	2.434714e-02	8.505927e+00
4.179000e-05	-3.844950e-02	8.736976e+00
4.180000e-05	1.534633e-02	8.989037e+00
4.181000e-05	-1.251051e-02	9.271690e+00
4.182000e-05	-8.698836e-04	9.471720e+00
4.183000e-05	-2.449987e-03	9.724222e+00
4.184000e-05	-1.041222e-03	9.914797e+00
4.185000e-05	-3.006127e-03	1.015745e+01
4.186000e-05	-1.968479e-02	1.034754e+01
4.187000e-05	5.936257e-03	1.055849e+01
4.188000e-05	-5.034684e-03	1.080051e+01
4.189000e-05	1.605273e-03	1.099949e+01
4.190000e-05	-1.340224e-02	1.119111e+01
4.191000e-05	-2.819821e-03	1.137964e+01
4.192000e-05	1.848893e-03	1.165014e+01
4.193000e-05	-8.887278e-03	1.185372e+01
4.194000e-05	-1.131849e-02	1.200207e+01
4.195000e-05	-1.567324e-03	1.219002e+01
4.196000e-05	5.499814e-03	1.237856e+01
4.197000e-05	-9.939619e-03	1.256951e+01
4.198000e-05	-1.389088e-02	1.268638e+01
4.199000e-05	-5.427854e-03	1.287282e+01
4.200000e-05	-2.983905e-03	1.304378e+01
4.201000e-05	-7.393153e-03	1.318114e+01
4.202000e-05	-9.908563e-03	1.334746e+01
4.203000e-05	-3.576872e-03	1.349583e+01
4.204000e-05	-5.711065e-03	1.365412e+01
4.205000e-05	-7.987232e-03	1.377804e+01
4.206000e-05	-7.758836e-03	1.390683e+01
4.207000e-05	-7.169357e-03	1.409273e+01
4.208000e-05	-7.008559e-03	1.421017e+01
4.209000e-05	-8.340487e-03	1.432833e+01
4.210000e-05	-6.749953e-03	1.443324e+01
4.211000e-05	-1.270162e-02	1.452691e+01
4.212000e-05	-1.207443e-02	1.462282e+01
4.213000e-05	-6.901980e-03	1.476743e+01
4.214000e-05	-5.917799e-03	1.485312e+01
4.215000e-05	-9.559484e-03	1.489478e+01
4.216000e-05	-1.138756e-02	1.494856e+01
4.217000e-05	-9.265565e-03	1.502270e+01
4.218000e-05	-9.595303e-03	1.508883e+01
4.219000e-05	-1.223050e-02	1.512954e+01
4.220000e-05	-1.421477e-02	1.521262e+01
4.221000e-05	-1.073052e-02	1.524415e+01
4.222000e-05	-1.068888e-02	1.531586e+01
4.223000e-05	-1.198970e-02	1.534994e+01
4.224000e-05	-1.446757e-02	1.540100e+01
4.225000e-05	-1.450111e-02	1.542304e+01
4.226000e-05	-1.169722e-02	1.545325e+01
4.227000e-05	-1.261749e-02	1.547618e+01
4.228000e-05	-1.495630e-02	1.548583e+01
4.229000e-05	-1.691131e-02	1.547583e+01
4.230000e-05	-1.641911e-02	1.546531e+01
4.231000e-05	-1.831469e-02	1.551586e+01
4.232000e-05	-2.068783e-02	1.546428e+01
4.233000e-05	-2.020670e-02	1.542428e+01
4.234000e-05	-2.152755e-02	1.538415e+01
4.235000e-05	-2.214368e-02	1.540195e+01
4.236000e-05	-2.470432e-02	1.533849e+01
4.237000e-05	-2.475361e-02	1.534781e+01
4.238000e-05	-2.834457e-02	1.528485e+01
4.239000e-05	-2.919932e-02	1.524360e+01
4.240000e-05	-2.984749e-02	1.517994e+01
4.241000e-05	-3.316526e-02	1.511791e+01
4.242000e-05	-3.688434e-02	1.508467e+01
4.243000e-05	-4.013719e-02	1.501059e+01
4.244000e-05	-4.040331e-02	1.488586e+01
4.245000e-05	-4.418780e-02	1.485417e+01
4.246000e-05	-4.873090e-02	1.471894e+01
4.247000e-05	-5.218426e-02	1.467520e+01
4.248000e-05	-5.502757e-02	1.457001e+01
4.249000e-05	-6.090871e-02	1.444365e+01
4.250000e-05	-6.589837e-02	1.432846e+01
4.251000e-05	-7.123187e-02	1.421210e+01
4.252000e-05	-7.657981e-02	1.411733e+01
4.253000e-05	-8.460699e-02	1.392794e+01
4.254000e-05	-9.369364e-02	1.384410e+01
4.255000e-05	-1.027806e-01	1.367678e+01
4.256000e-05	-1.107506e-01	1.355144e+01
4.257000e-05	-1.190765e-01	1.341049e+01
4.258000e-05	-1.273924e-01	1.325417e+01
4.259000e-05	-1.345464e-01	1.308788e+01
4.260000e-05	-1.394223e-01	1.294883e+01
4.261000e-05	-1.436113e-01	1.282199e+01
4.262000e-05	-1.430856e-01	1.260359e+01
4.263000e-05	-1.423507e-01	1.246467e+01
4.264000e-05	-1.383826e-01	1.230720e+01
4.265000e-05	-1.333373e-01	1.211825e+01
4.266000e-05	-1.258540e-01	1.193791e+01
4.267000e-05	-1.190587e-01	1.173733e+01
4.268000e-05	-1.100540e-01	1.149733e+01
4.269000e-05	-1.028035e-01	1.127773e+01
4.270000e-05	-9.408031e-02	1.112685e+01
4.271000e-05	-8.607741e-02	1.092880e+01
4.272000e-05	-7.896202e-02	1.072735e+01
4.273000e-05	-7.143576e-02	1.046573e+01
4.274000e-05	-6.487353e-02	1.029461e+01
4.275000e-05	-5.867141e-02	1.004474e+01
4.276000e-05	-5.281968e-02	9.822538e+00
4.277000e-05	-4.745457e-02	9.621487e+00
4.278000e-05	-4.437730e-02	9.390354e+00
4.279000e-05	-3.735450e-02	9.129379e+00
4.280000e-05	-3.683803e-02	8.916750e+00
4.281000e-05	-2.915342e-02	8.675744e+00
4.282000e-05	-2.815808e-02	8.464090e+00
4.283000e-05	-2.557209e-02	8.202484e+00
4.284000e-05	-2.329470e-02	7.948404e+00
4.285000e-05	-2.163780e-02	7.695147e+00
4.286000e-05	-1.857832e-02	7.421963e+00
4.287000e-05	-1.979269e-02	7.128349e+00
4.288000e-05	-1.687729e-02	6.917247e+00
4.289000e-05	-1.308170e-02	6.632112e+00
4.290000e-05	-1.186581e-02	6.348878e+00
4.291000e-05	-9.476282e-03	6.135819e+00
4.292000e-05	-1.118452e-02	5.873642e+00
4.293000e-05	-9.699894e-03	5.578427e+00
4.294000e-05	-1.097426e-02	5.297772e+00
4.295000e-05	-9.531568e-03	5.008776e+00
4.296000e-05	-7.781759e-03	4.676163e+00
4.297000e-05	-7.693727e-03	4.412530e+00
4.298000e-05	-8.087408e-03	4.179170e+00
4.299000e-05	-7.861047e-03	3.822637e+00
4.300000e-05	-5.329566e-03	3.620953e+00
4.301000e-05	-5.024973e-03	3.324612e+00
4.302000e-05	-5.203872e-03	3.011533e+00
4.303000e-05	-6.319885e-03	2.738822e+00
4.304000e-05	-7.178532e-03	2.433454e+00
4.305000e-05	-5.606633e-03	2.167846e+00
4.306000e-05	-5.869353e-03	1.897716e+00
4.307000e-05	-6.463940e-03	1.621474e+00
4.308000e-05	-6.454880e-03	1.306238e+00
4.309000e-05	-5.287668e-03	9.719461e-01
4.310000e-05	-3.056358e-03	6.547377e-01
4.311000e-05	-3.825039e-03	4.209738e-01
4.312000e-05	-2.112631e-03	1.351593e-01
4.313000e-05	2.369557e-03	-1.388951e-01
4.314000e-05	3.948622e-03	-3.806038e-01
4.315000e-05	-3.959053e-03	-6.763423e-01
4.316000e-05	2.946504e-03	-9.559499e-01
4.317000e-05	-3.912052e-03	-1.199684e+00
4.318000e-05	-7.528978e-04	-1.526471e+00
4.319000e-05	3.976128e-03	-1.786974e+00
4.320000e-05	2.724908e-02	-1.999099e+00
4.321000e-05	8.269878e-02	-2.271768e+00
4.322000e-05	-1.520420e-02	-2.619633e+00
4.323000e-05	-6.022660e-02	-3.008005e+00
4.324000e-05	-8.854886e-03	-3.324397e+00
4.325000e-05	-3.166168e-02	-3.516973e+00
4.326000e-05	-4.121783e-02	-3.798559e+00
4.327000e-05	-1.620421e-02	-4.032212e+00
4.328000e-05	1.572787e-01	-4.219136e+00
4.329000e-05	-1.256674e-01	-4.484840e+00
4.330000e-05	6.548874e-02	-4.758624e+00
4.331000e-05	3.131098e-02	-5.032236e+00
4.332000e-05	-1.060698e-01	-5.398086e+00
4.333000e-05	1.163734e-01	-5.622211e+00
4.334000e-05	-1.066682e-01	-5.913896e+00
4.335000e-05	1.164053e-01	-6.180584e+00
4.336000e-05	-2.961881e-02	-6.453261e+00
4.337000e-05	-5.719288e-02	-6.707504e+00
4.338000e-05	7.138380e-02	-6.939559e+00
4.339000e-05	-9.074014e-02	-7.315899e+00
4.340000e-05	9.076626e-02	-7.557002e+00
4.341000e-05	-6.325898e-02	-7.790640e+00
4.342000e-05	6.759780e-02	-8.075319e+00
4.343000e-05	-3.292225e-03	-8.295446e+00
4.344000e-05	-5.917511e-02	-8.568116e+00
4.345000e-05	6.879315e-02	-8.831665e+00
4.346000e-05	-6.232248e-02	-9.084746e+00
4.347000e-05	6.172224e-02	-9.285719e+00
4.348000e-05	-5.466956e-02	-9.474275e+00
4.349000e-05	4.935324e-02	-9.707528e+00
4.350000e-05	-1.448610e-02	-9.918056e+00
4.351000e-05	-6.355732e-03	-1.017804e+01
4.352000e-05	7.888267e-03	-1.040062e+01
4.353000e-05	-1.078412e-02	-1.062109e+01
4.354000e-05	3.406286e-02	-1.083174e+01
4.355000e-05	-3.302405e-02	-1.100062e+01
4.356000e-05	3.094985e-02	-1.125224e+01
4.357000e-05	-1.951007e-02	-1.147180e+01
4.358000e-05	1.447712e-02	-1.165325e+01
4.359000e-05	-1.918037e-02	-1.189237e+01
4.360000e-05	2.351433e-02	-1.209435e+01
4.361000e-05	4.734068e-03	-1.224317e+01
4.362000e-05	1.348880e-03	-1.241117e+01
4.363000e-05	-4.768541e-03	-1.256007e+01
4.364000e-05	3.025722e-03	-1.277064e+01
4.365000e-05	5.918026e-03	-1.293750e+01
4.366000e-05	-6.030089e-03	-1.307438e+01
4.367000e-05	1.030418e-02	-1.320222e+01
4.368000e-05	2.549335e-03	-1.336962e+01
4.369000e-05	7.808509e-03	-1.350648e+01
4.370000e-05	-6.038872e-03	-1.368385e+01
4.371000e-05	1.122035e-02	-1.381210e+01
4.372000e-05	1.409447e-03	-1.393861e+01
4.373000e-05	3.996935e-03	-1.406588e+01
4.374000e-05	5.938373e-04	-1.418957e+01
4.375000e-05	8.658728e-03	-1.430798e+01
4.376000e-05	8.972690e-04	-1.446269e+01
4.377000e-05	-8.296448e-04	-1.453901e+01
4.378000e-05	5.379366e-03	-1.464422e+01
4.379000e-05	7.435596e-03	-1.471796e+01
4.380000e-05	8.477753e-03	-1.483109e+01
4.381000e-05	3.335202e-03	-1.487684e+01
4.382000e-05	5.867198e-03	-1.499055e+01
4.383000e-05	2.840850e-03	-1.500225e+01
4.384000e-05	4.467439e-03	-1.508683e+01
4.385000e-05	5.944288e-03	-1.517054e+01
4.386000e-05	6.188397e-03	-1.524322e+01
4.387000e-05	5.819527e-03	-1.529533e+01
4.388000e-05	6.639509e-03	-1.533748e+01
4.389000e-05	7.027339e-03	-1.536004e+01
4.390000e-05	6.821897e-03	-1.538114e+01
4.391000e-05	8.461755e-03	-1.543117e+01
4.392000e-05	8.157356e-03	-1.548275e+01
4.393000e-05	8.160703e-03	-1.548525e+01
4.394000e-05	9.012589e-03	-1.548673e+01
4.395000e-05	9.984268e-03	-1.548638e+01
4.396000e-05	9.337778e-03	-1.551478e+01
4.397000e-05	1.082492e-02	-1.547628e+01
4.398000e-05	1.440717e-02	-1.543513e+01
4.399000e-05	1.545454e-02	-1.542425e+01
4.400000e-05	1.528206e-02	-1.544365e+01
4.401000e-05	1.532835e-02	-1.540102e+01
4.402000e-05	1.752435e-02	-1.535054e+01
4.403000e-05	1.922778e-02	-1.534895e+01
4.404000e-05	2.085629e-02	-1.527318e+01
4.405000e-05	2.381806e-02	-1.522272e+01
4.406000e-05	2.507816e-02	-1.514896e+01
4.407000e-05	2.660749e-02	-1.509686e+01
4.408000e-05	2.993839e-02	-1.505365e+01
4.409000e-05	3.292119e-02	-1.495150e+01
4.410000e-05	3.404833e-02	-1.490575e+01
4.411000e-05	3.693423e-02	-1.480214e+01
4.412000e-05	4.174577e-02	-1.473688e+01
4.413000e-05	4.594118e-02	-1.461422e+01
4.414000e-05	4.842266e-02	-1.454791e+01
4.415000e-05	5.328216e-02	-1.441425e+01
4.416000e-05	5.944392e-02	-1.427638e+01
4.417000e-05	6.538054e-02	-1.416102e+01
4.418000e-05	7.094517e-02	-1.405471e+01
4.419000e-05	7.749184e-02	-1.394988e+01
4.420000e-05	8.666199e-02	-1.384359e+01
4.421000e-05	9.453062e-02	-1.367522e+01
4.422000e-05	1.034742e-01	-1.352735e+01
4.423000e-05	1.116277e-01	-1.337986e+01
4.424000e-05	1.200345e-01	-1.325364e+01
4.425000e-05	1.271135e-01	-1.311533e+01
4.426000e-05	1.325832e-01	-1.294046e+01
4.427000e-05	1.358079e-01	-1.282046e+01
4.428000e-05	1.354169e-01	-1.262364e+01
4.429000e-05	1.344637e-01	-1.245517e+01
4.430000e-05	1.310282e-01	-1.229422e+01
4.431000e-05	1.260022e-01	-1.207827e+01
4.432000e-05	1.184637e-01	-1.186825e+01
4.433000e-05	1.097574e-01	-1.167629e+01
4.434000e-05	1.018238e-01	-1.147520e+01
4.435000e-05	9.420755e-02	-1.123567e+01
4.436000e-05	8.664147e-02	-1.104267e+01
4.437000e-05	7.811545e-02	-1.086114e+01
4.438000e-05	7.089246e-02	-1.063211e+01
4.439000e-05	6.224965e-02	-1.046519e+01
4.440000e-05	5.629587e-02	-1.021249e+01
4.441000e-05	4.979331e-02	-1.000206e+01
4.442000e-05	4.530292e-02	-9.789483e+00
4.443000e-05	3.921902e-02	-9.570984e+00
4.444000e-05	3.434554e-02	-9.357804e+00
4.445000e-05	2.929663e-02	-9.095296e+00
4.446000e-05	2.588082e-02	-8.875217e+00
4.447000e-05	2.322107e-02	-8.653641e+00
4.448000e-05	1.945362e-02	-8.368482e+00
4.449000e-05	1.730314e-02	-8.149901e+00
4.450000e-05	1.466698e-02	-7.896771e+00
4.451000e-05	1.233171e-02	-7.623559e+00
4.452000e-05	9.691593e-03	-7.369928e+00
4.453000e-05	7.808856e-03	-7.104795e+00
4.454000e-05	5.226683e-03	-6.822558e+00
4.455000e-05	4.918421e-03	-6.590429e+00
4.456000e-05	3.618605e-03	-6.337372e+00
4.457000e-05	2.392345e-03	-6.043086e+00
4.458000e-05	5.536198e-04	-5.792503e+00
4.459000e-05	1.080182e-03	-5.518349e+00
4.460000e-05	-1.449059e-03	-5.213105e+00
4.461000e-05	2.661704e-04	-4.925695e+00
4.462000e-05	-1.847684e-03	-4.580606e+00
4.463000e-05	-5.238173e-04	-4.358397e+00
4.464000e-05	-2.945616e-03	-4.137822e+00
4.465000e-05	-2.570319e-03	-3.804059e+00
4.466000e-05	-3.786595e-03	-3.526796e+00
4.467000e-05	-3.644674e-03	-3.285136e+00
4.468000e-05	-4.402304e-03	-2.968447e+00
4.469000e-05	-5.339848e-03	-2.705717e+00
4.470000e-05	-3.367812e-03	-2.442108e+00
4.471000e-05	-4.403910e-03	-2.167789e+00
4.472000e-05	-3.472941e-03	-1.854608e+00
4.473000e-05	-5.514914e-03	-1.551526e+00
4.474000e-05	-3.769659e-03	-1.251579e+00
4.475000e-05	-4.954685e-03	-9.488685e-01
4.476000e-05	-3.640015e-03	-6.841090e-01
4.477000e-05	-4.840147e-03	-3.483185e-01
4.478000e-05	-3.034822e-03	-9.571165e-02
4.479000e-05	4.718198e-03	1.578766e-01
4.480000e-05	5.886345e-04	4.931831e-01
4.481000e-05	-1.794685e-03	7.138673e-01
4.482000e-05	1.493086e-03	9.479540e-01
4.483000e-05	-1.856612e-03	1.264288e+00
4.484000e-05	-2.429424e-03	1.558526e+00
4.485000e-05	2.226381e-03	1.872663e+00
4.486000e-05	1.244428e-02	2.064160e+00
4.487000e-05	4.882644e-02	2.315369e+00
4.488000e-05	5.293923e-02	2.643636e+00
4.489000e-05	-6.836775e-02	2.980059e+00
4.490000e-05	-2.795278e-02	3.271686e+00
4.491000e-05	-2.947863e-02	3.516524e+00
4.492000e-05	-2.855110e-03	3.789605e+00
4.493000e-05	-3.560525e-02	4.030108e+00
4.494000e-05	-6.000387e-04	4.252819e+00
4.495000e-05	6.343408e-02	4.495324e+00
4.496000e-05	-3.571439e-02	4.840812e+00
4.497000e-05	-1.039348e-02	5.096348e+00
4.498000e-05	9.111849e-02	5.381085e+00
4.499000e-05	-1.219982e-01	5.674774e+00
4.500000e-05	6.209915e-02	5.957529e+00
4.501000e-05	-1.769176e-02	6.231560e+00
4.502000e-05	3.171235e-02	6.454290e+00
4.503000e-05	-2.181779e-02	6.718532e+00
4.504000e-05	-3.573387e-02	7.021186e+00
4.505000e-05	3.412938e-02	7.294874e+00
4.506000e-05	-3.128913e-02	7.587485e+00
4.507000e-05	2.358345e-02	7.852692e+00
4.508000e-05	-2.775063e-02	8.118953e+00
4.509000e-05	2.507034e-02	8.387431e+00
4.510000e-05	1.961463e-03	8.539506e+00
4.511000e-05	-3.260806e-02	8.790240e+00
4.512000e-05	1.848919e-02	9.042244e+00
4.513000e-05	-2.093584e-02	9.285347e+00
4.514000e-05	1.132477e-02	9.486823e+00
4.515000e-05	-1.343256e-02	9.756931e+00
4.516000e-05	8.019476e-03	9.959106e+00
4.517000e-05	-1.640682e-02	1.021861e+01
4.518000e-05	-6.008841e-03	1.040107e+01
4.519000e-05	6.775292e-04	1.059165e+01
4.520000e-05	-3.580964e-03	1.086329e+01
4.521000e-05	-1.621988e-03	1.104224e+01
4.522000e-05	-1.335346e-02	1.124275e+01
4.523000e-05	2.971915e-03	1.147375e+01
4.524000e-05	-4.960026e-03	1.165433e+01
4.525000e-05	-7.165513e-03	1.191383e+01
4.526000e-05	-1.284246e-02	1.205320e+01
4.527000e-05	5.399140e-03	1.223270e+01
4.528000e-05	-1.049647e-03	1.240270e+01
4.529000e-05	-1.040312e-02	1.262959e+01
4.530000e-05	-1.421895e-02	1.276954e+01
4.531000e-05	-3.296482e-03	1.291688e+01
4.532000e-05	-2.745039e-03	1.308530e+01
4.533000e-05	-8.969719e-03	1.324262e+01
4.534000e-05	-8.120975e-03	1.337212e+01
4.535000e-05	-4.966949e-03	1.355788e+01
4.536000e-05	-4.486269e-03	1.367428e+01
4.537000e-05	-9.550050e-03	1.381219e+01
4.538000e-05	-6.813547e-03	1.395994e+01
4.539000e-05	-8.558858e-03	1.409638e+01
4.540000e-05	-6.649397e-03	1.424175e+01
4.541000e-05	-7.353185e-03	1.434907e+01
4.542000e-05	-8.537361e-03	1.443465e+01
4.543000e-05	-1.254464e-02	1.454946e+01
4.544000e-05	-1.177116e-02	1.467333e+01
4.545000e-05	-5.685715e-03	1.474046e+01
4.546000e-05	-6.314464e-03	1.486162e+01
4.547000e-05	-8.641904e-03	1.492535e+01
4.548000e-05	-1.166842e-02	1.496956e+01
4.549000e-05	-9.284554e-03	1.506323e+01
4.550000e-05	-9.838184e-03	1.511543e+01
4.551000e-05	-1.150899e-02	1.514907e+01
4.552000e-05	-1.306383e-02	1.519168e+01
4.553000e-05	-1.206809e-02	1.528424e+01
4.554000e-05	-1.062112e-02	1.531691e+01
4.555000e-05	-1.302322e-02	1.536012e+01
4.556000e-05	-1.420820e-02	1.541066e+01
4.557000e-05	-1.442691e-02	1.542173e+01
4.558000e-05	-1.093045e-02	1.546375e+01
4.559000e-05	-1.240517e-02	1.542535e+01
4.560000e-05	-1.598946e-02	1.544580e+01
4.561000e-05	-1.781013e-02	1.545530e+01
4.562000e-05	-1.700565e-02	1.548578e+01
4.563000e-05	-1.784069e-02	1.542528e+01
4.564000e-05	-2.099894e-02	1.545575e+01
4.565000e-05	-2.040623e-02	1.544268e+01
4.566000e-05	-2.113610e-02	1.540415e+01
4.567000e-05	-2.258052e-02	1.540015e+01
4.568000e-05	-2.592851e-02	1.536991e+01
4.569000e-05	-2.615022e-02	1.530781e+01
4.570000e-05	-2.738273e-02	1.527680e+01
4.571000e-05	-2.954485e-02	1.523152e+01
4.572000e-05	-3.112750e-02	1.513941e+01
4.573000e-05	-3.443709e-02	1.509736e+01
4.574000e-05	-3.723080e-02	1.505417e+01
4.575000e-05	-4.045833e-02	1.497844e+01
4.576000e-05	-4.212154e-02	1.489628e+01
4.577000e-05	-4.573161e-02	1.479159e+01
4.578000e-05	-4.904068e-02	1.473731e+01
4.579000e-05	-5.252422e-02	1.462355e+01
4.580000e-05	-5.588865e-02	1.454781e+01
4.581000e-05	-6.220907e-02	1.442152e+01
4.582000e-05	-6.805426e-02	1.429736e+01
4.583000e-05	-7.389534e-02	1.420156e+01
4.584000e-05	-7.886248e-02	1.407575e+01
4.585000e-05	-8.722321e-02	1.392881e+01
4.586000e-05	-9.521445e-02	1.380291e+01
4.587000e-05	-1.051311e-01	1.366320e+01
4.588000e-05	-1.129772e-01	1.352683e+01
4.589000e-05	-1.210328e-01	1.336904e+01
4.590000e-05	-1.286497e-01	1.323212e+01
4.591000e-05	-1.360634e-01	1.306618e+01
4.592000e-05	-1.409669e-01	1.290673e+01
4.593000e-05	-1.433935e-01	1.277843e+01
4.594000e-05	-1.432248e-01	1.259046e+01
4.595000e-05	-1.422010e-01	1.242317e+01
4.596000e-05	-1.375637e-01	1.224364e+01
4.597000e-05	-1.315649e-01	1.203415e+01
4.598000e-05	-1.244816e-01	1.190822e+01
4.599000e-05	-1.157365e-01	1.170520e+01
4.600000e-05	-1.085636e-01	1.146459e+01
4.601000e-05	-1.003940e-01	1.125517e+01
4.602000e-05	-9.250648e-02	1.104364e+01
4.603000e-05	-8.298851e-02	1.089622e+01
4.604000e-05	-7.655937e-02	1.065604e+01
4.605000e-05	-6.974633e-02	1.042157e+01
4.606000e-05	-6.339768e-02	1.024154e+01
4.607000e-05	-5.661625e-02	9.990484e+00
4.608000e-05	-5.110255e-02	9.779334e+00
4.609000e-05	-4.595738e-02	9.508724e+00
4.610000e-05	-4.201081e-02	9.337796e+00
4.611000e-05	-3.732082e-02	9.087719e+00
4.612000e-05	-3.419014e-02	8.823512e+00
4.613000e-05	-3.101078e-02	8.622461e+00
4.614000e-05	-2.785910e-02	8.342503e+00
4.615000e-05	-2.554343e-02	8.138276e+00
4.616000e-05	-2.251154e-02	7.904720e+00
4.617000e-05	-1.989553e-02	7.632513e+00
4.618000e-05	-1.869960e-02	7.390325e+00
4.619000e-05	-1.692981e-02	7.055640e+00
4.620000e-05	-1.515165e-02	6.835037e+00
4.621000e-05	-1.388434e-02	6.599828e+00
4.622000e-05	-1.206815e-02	6.286169e+00
4.623000e-05	-1.165984e-02	6.094636e+00
4.624000e-05	-1.083008e-02	5.791433e+00
4.625000e-05	-9.286677e-03	5.525722e+00
4.626000e-05	-8.684047e-03	5.242635e+00
4.627000e-05	-8.702302e-03	4.895692e+00
4.628000e-05	-7.290895e-03	4.582450e+00
4.629000e-05	-7.423503e-03	4.369345e+00
4.630000e-05	-6.492634e-03	4.113508e+00
4.631000e-05	-6.941543e-03	3.779899e+00
4.632000e-05	-6.227115e-03	3.568821e+00
4.633000e-05	-6.207389e-03	3.191506e+00
4.634000e-05	-6.233222e-03	2.968845e+00
4.635000e-05	-6.807847e-03	2.686662e+00
4.636000e-05	-5.713389e-03	2.379875e+00
4.637000e-05	-5.311128e-03	2.126237e+00
4.638000e-05	-5.689871e-03	1.812031e+00
4.639000e-05	-5.578907e-03	1.526741e+00
4.640000e-05	-5.658666e-03	1.221952e+00
4.641000e-05	-4.556402e-03	8.746629e-01
4.642000e-05	-5.241343e-03	6.404762e-01
4.643000e-05	-4.114186e-03	3.283220e-01
4.644000e-05	-3.027576e-03	7.350367e-02
4.645000e-05	5.630358e-03	-2.196030e-01
4.646000e-05	2.466564e-05	-4.727372e-01
4.647000e-05	-1.492662e-03	-7.695251e-01
4.648000e-05	6.605251e-04	-9.896293e-01
4.649000e-05	-1.759421e-03	-1.345345e+00
4.650000e-05	-1.928053e-03	-1.590079e+00
4.651000e-05	9.611396e-03	-1.822657e+00
4.652000e-05	3.610334e-02	-2.052233e+00
4.653000e-05	8.292495e-02	-2.387426e+00
4.654000e-05	-5.828763e-02	-2.694395e+00
4.655000e-05	-2.883169e-02	-3.084270e+00
4.656000e-05	-2.676298e-02	-3.379604e+00
4.657000e-05	-1.655743e-02	-3.567630e+00
4.658000e-05	-6.427621e-02	-3.821189e+00
4.659000e-05	4.548688e-02	-4.104242e+00
4.660000e-05	1.026583e-01	-4.282236e+00
4.661000e-05	-1.584455e-01	-4.568006e+00
4.662000e-05	1.320313e-01	-4.821162e+00
4.663000e-05	-5.647658e-02	-5.104527e+00
4.664000e-05	-2.818812e-02	-5.464190e+00
4.665000e-05	6.814721e-02	-5.723819e+00
4.666000e-05	-8.782593e-02	-5.999131e+00
4.667000e-05	1.393207e-01	-6.241265e+00
4.668000e-05	-9.239961e-02	-6.516346e+00
4.669000e-05	1.214983e-02	-6.801686e+00
4.670000e-05	2.092640e-02	-7.033265e+00
4.671000e-05	-5.991824e-02	-7.388507e+00
4.672000e-05	8.432037e-02	-7.570263e+00
4.673000e-05	-7.792831e-02	-7.866320e+00
4.674000e-05	1.062289e-01	-8.127025e+00
4.675000e-05	-6.902368e-02	-8.379132e+00
4.676000e-05	3.390322e-03	-8.611244e+00
4.677000e-05	2.811676e-02	-8.883896e+00
4.678000e-05	-3.484953e-02	-9.097377e+00
4.679000e-05	5.187881e-02	-9.316979e+00
4.680000e-05	-5.849037e-02	-9.559561e+00
4.681000e-05	6.558939e-02	-9.771187e+00
4.682000e-05	-4.736700e-02	-1.003077e+01
4.683000e-05	2.477994e-02	-1.021170e+01
4.684000e-05	-1.715494e-02	-1.047580e+01
4.685000e-05	1.771172e-02	-1.068380e+01
4.686000e-05	9.101798e-03	-1.085280e+01
4.687000e-05	-1.729972e-02	-1.106480e+01
4.688000e-05	2.525880e-02	-1.125585e+01
4.689000e-05	-1.767296e-02	-1.150634e+01
4.690000e-05	1.430346e-02	-1.169636e+01
4.691000e-05	-2.072914e-02	-1.189496e+01
4.692000e-05	3.083214e-02	-1.212588e+01
4.693000e-05	-6.137753e-03	-1.226585e+01
4.694000e-05	6.499490e-03	-1.248433e+01
4.695000e-05	-1.010713e-02	-1.263170e+01
4.696000e-05	1.099436e-02	-1.283275e+01
4.697000e-05	-9.073388e-04	-1.296859e+01
4.698000e-05	2.046858e-03	-1.314743e+01
4.699000e-05	7.351264e-03	-1.324423e+01
4.700000e-05	4.436437e-03	-1.341060e+01
4.701000e-05	2.383856e-03	-1.350649e+01
4.702000e-05	-4.359141e-03	-1.374496e+01
4.703000e-05	1.139054e-02	-1.385423e+01
4.704000e-05	-1.182384e-03	-1.397862e+01
4.705000e-05	6.514101e-03	-1.409539e+01
4.706000e-05	9.719184e-04	-1.420370e+01
4.707000e-05	9.192075e-03	-1.433951e+01
4.708000e-05	-1.331290e-03	-1.449527e+01
4.709000e-05	1.708710e-03	-1.456909e+01
4.710000e-05	6.170120e-03	-1.465473e+01
4.711000e-05	6.547618e-03	-1.473799e+01
4.712000e-05	6.468892e-03	-1.484167e+01
4.713000e-05	3.180289e-03	-1.492946e+01
4.714000e-05	5.980577e-03	-1.496062e+01
4.715000e-05	3.046284e-03	-1.503320e+01
4.716000e-05	5.399385e-03	-1.505841e+01
4.717000e-05	6.329144e-03	-1.515051e+01
4.718000e-05	6.477486e-03	-1.518232e+01
4.719000e-05	4.641020e-03	-1.528570e+01
4.720000e-05	6.159921e-03	-1.533999e+01
4.721000e-05	6.854519e-03	-1.536909e+01
4.722000e-05	8.789965e-03	-1.543215e+01
4.723000e-05	8.522854e-03	-1.545325e+01
4.724000e-05	9.606701e-03	-1.549375e+01
4.725000e-05	7.631614e-03	-1.548481e+01
4.726000e-05	9.057216e-03	-1.549528e+01
4.727000e-05	8.843344e-03	-1.547486e+01
4.728000e-05	1.006534e-02	-1.549528e+01
4.729000e-05	1.194040e-02	-1.548625e+01
4.730000e-05	1.389554e-02	-1.546577e+01
4.731000e-05	1.503429e-02	-1.547328e+01
4.732000e-05	1.497180e-02	-1.540369e+01
4.733000e-05	1.721277e-02	-1.541112e+01
4.734000e-05	1.779202e-02	-1.536844e+01
4.735000e-05	2.021048e-02	-1.531841e+01
4.736000e-05	2.155717e-02	-1.525317e+01
4.737000e-05	2.489228e-02	-1.516057e+01
4.738000e-05	2.562746e-02	-1.512898e+01
4.739000e-05	2.527268e-02	-1.506583e+01
4.740000e-05	2.935020e-02	-1.502312e+01
4.741000e-05	3.424904e-02	-1.491694e+01
4.742000e-05	3.708932e-02	-1.485572e+01
4.743000e-05	3.900809e-02	-1.480054e+01
4.744000e-05	4.158564e-02	-1.472686e+01
4.745000e-05	4.526697e-02	-1.461316e+01
4.746000e-05	4.917795e-02	-1.449695e+01
4.747000e-05	5.513551e-02	-1.437109e+01
4.748000e-05	5.957527e-02	-1.428685e+01
4.749000e-05	6.643346e-02	-1.417094e+01
4.750000e-05	7.384098e-02	-1.404557e+01
4.751000e-05	8.048629e-02	-1.391783e+01
4.752000e-05	8.788261e-02	-1.378042e+01
4.753000e-05	9.596398e-02	-1.362417e+01
4.754000e-05	1.056960e-01	-1.346578e+01
4.755000e-05	1.140071e-01	-1.337891e+01
4.756000e-05	1.223279e-01	-1.321209e+01
4.757000e-05	1.282224e-01	-1.304472e+01
4.758000e-05	1.324301e-01	-1.289730e+01
4.759000e-05	1.352409e-01	-1.273993e+01
4.760000e-05	1.358027e-01	-1.258986e+01
4.761000e-05	1.341910e-01	-1.241156e+01
4.762000e-05	1.304567e-01	-1.220257e+01
4.763000e-05	1.237663e-01	-1.204517e+01
4.764000e-05	1.164458e-01	-1.185462e+01
4.765000e-05	1.075371e-01	-1.163512e+01
4.766000e-05	9.858703e-02	-1.140169e+01
4.767000e-05	9.175241e-02	-1.120146e+01
4.768000e-05	8.443773e-02	-1.099036e+01
4.769000e-05	7.723399e-02	-1.078056e+01
4.770000e-05	6.815929e-02	-1.059193e+01
4.771000e-05	6.119463e-02	-1.037201e+01
4.772000e-05	5.396100e-02	-1.015883e+01
4.773000e-05	4.822178e-02	-9.917898e+00
4.774000e-05	4.295281e-02	-9.738325e+00
4.775000e-05	3.893540e-02	-9.546875e+00
4.776000e-05	3.296951e-02	-9.254168e+00
4.777000e-05	2.921175e-02	-9.023137e+00
4.778000e-05	2.463678e-02	-8.814612e+00
4.779000e-05	2.182313e-02	-8.527882e+00
4.780000e-05	1.834713e-02	-8.306875e+00
4.781000e-05	1.617367e-02	-8.108270e+00
4.782000e-05	1.509935e-02	-7.844513e+00
4.783000e-05	1.174289e-02	-7.567799e+00
4.784000e-05	8.302420e-03	-7.295744e+00
4.785000e-05	6.453185e-03	-7.012561e+00
4.786000e-05	6.537159e-03	-6.748376e+00
4.787000e-05	5.376168e-03	-6.526292e+00
4.788000e-05	3.162433e-03	-6.283070e+00
4.789000e-05	1.007000e-03	-5.979904e+00
4.790000e-05	9.394019e-04	-5.697320e+00
4.791000e-05	6.696379e-05	-5.443035e+00
4.792000e-05	8.584449e-04	-5.137374e+00
4.793000e-05	-7.606743e-04	-4.842608e+00
4.794000e-05	-1.596851e-03	-4.516818e+00
4.795000e-05	-3.841820e-03	-4.276794e+00
4.796000e-05	-1.978573e-03	-4.043582e+00
4.797000e-05	-3.902336e-03	-3.738850e+00
4.798000e-05	-2.724741e-03	-3.474183e+00
4.799000e-05	-4.599352e-03	-3.221004e+00
4.800000e-05	-3.286103e-03	-2.886617e+00
4.801000e-05	-5.852365e-03	-2.623108e+00
4.802000e-05	-2.941287e-03	-2.379897e+00
4.803000e-05	-4.917474e-03	-2.052558e+00
4.804000e-05	-2.897601e-03	-1.800864e+00
4.805000e-05	-4.744449e-03	-1.486760e+00
4.806000e-05	-3.392514e-03	-1.148320e+00
4.807000e-05	-4.435446e-03	-8.851828e-01
4.808000e-05	-4.200777e-03	-5.813697e-01
4.809000e-05	-5.405390e-03	-3.167828e-01
4.810000e-05	-1.754446e-03	-5.407632e-02
4.811000e-05	6.957931e-03	2.627134e-01
4.812000e-05	-2.714525e-03	5.238686e-01
4.813000e-05	4.705657e-04	7.664465e-01
4.814000e-05	-2.705453e-03	1.061716e+00
4.815000e-05	1.253116e-03	1.355449e+00
4.816000e-05	-3.791433e-03	1.652813e+00
4.817000e-05	8.181268e-03	1.914844e+00
4.818000e-05	1.228360e-02	2.104895e+00
4.819000e-05	6.577148e-02	2.409578e+00
4.820000e-05	2.037650e-02	2.766972e+00
4.821000e-05	-6.866595e-02	3.042691e+00
4.822000e-05	-2.249189e-02	3.304850e+00
4.823000e-05	-2.534946e-02	3.641636e+00
4.824000e-05	-7.392618e-03	3.853682e+00
4.825000e-05	-3.571606e-02	4.144771e+00
4.826000e-05	1.860146e-02	4.315450e+00
4.827000e-05	6.586047e-02	4.609631e+00
4.828000e-05	-7.541967e-02	4.864394e+00
4.829000e-05	5.807265e-02	5.188053e+00
4.830000e-05	1.912398e-02	5.463716e+00
4.831000e-05	-9.035089e-02	5.745955e+00
4.832000e-05	6.254304e-02	6.021790e+00
4.833000e-05	-2.143668e-02	6.323771e+00
4.834000e-05	4.112634e-02	6.546976e+00
4.835000e-05	-4.616261e-02	6.832712e+00
4.836000e-05	-1.121188e-02	7.114170e+00
4.837000e-05	2.043382e-02	7.376980e+00
4.838000e-05	-2.292751e-02	7.651671e+00
4.839000e-05	2.203656e-02	7.926456e+00
4.840000e-05	-3.075205e-02	8.211183e+00
4.841000e-05	3.839821e-02	8.421614e+00
4.842000e-05	-1.933421e-02	8.643217e+00
4.843000e-05	-1.645391e-02	8.883274e+00
4.844000e-05	1.305997e-02	9.104902e+00
4.845000e-05	-2.210815e-02	9.348032e+00
4.846000e-05	1.333022e-02	9.569562e+00
4.847000e-05	-1.649792e-02	9.821119e+00
4.848000e-05	1.329025e-02	1.006162e+01
4.849000e-05	-2.603584e-02	1.026067e+01
4.850000e-05	6.308675e-05	1.049378e+01
4.851000e-05	-4.212530e-03	1.064275e+01
4.852000e-05	1.415278e-03	1.091480e+01
4.853000e-05	-6.467097e-03	1.109275e+01
4.854000e-05	-1.136683e-02	1.128591e+01
4.855000e-05	4.098676e-03	1.153678e+01
4.856000e-05	-5.952754e-03	1.173696e+01
4.857000e-05	-6.278972e-03	1.194645e+01
4.858000e-05	-1.253934e-02	1.211493e+01
4.859000e-05	9.878407e-03	1.230483e+01
4.860000e-05	-8.048330e-03	1.252388e+01
4.861000e-05	-1.065510e-02	1.262267e+01
4.862000e-05	-1.400042e-02	1.277059e+01
4.863000e-05	-6.593405e-04	1.297901e+01
4.864000e-05	-1.871572e-03	1.309693e+01
4.865000e-05	-1.005161e-02	1.332583e+01
4.866000e-05	-3.346905e-03	1.342167e+01
4.867000e-05	-6.152088e-03	1.358954e+01
4.868000e-05	-4.878613e-03	1.368483e+01
4.869000e-05	-1.181079e-02	1.384120e+01
4.870000e-05	-7.424319e-03	1.394912e+01
4.871000e-05	-9.116566e-03	1.413746e+01
4.872000e-05	-7.027283e-03	1.424323e+01
4.873000e-05	-5.906344e-03	1.437907e+01
4.874000e-05	-9.391093e-03	1.449430e+01
4.875000e-05	-1.209658e-02	1.462062e+01
4.876000e-05	-1.062811e-02	1.474543e+01
4.877000e-05	-3.551698e-03	1.479049e+01
4.878000e-05	-8.115637e-03	1.487365e+01
4.879000e-05	-1.014422e-02	1.493596e+01
4.880000e-05	-1.202756e-02	1.501064e+01
4.881000e-05	-8.703035e-03	1.508525e+01
4.882000e-05	-1.042875e-02	1.515746e+01
4.883000e-05	-1.220161e-02	1.516860e+01
4.884000e-05	-1.168236e-02	1.528365e+01
4.885000e-05	-1.127344e-02	1.526581e+01
4.886000e-05	-1.093686e-02	1.534896e+01
4.887000e-05	-1.430633e-02	1.536052e+01
4.888000e-05	-1.416252e-02	1.540064e+01
4.889000e-05	-1.352129e-02	1.544310e+01
4.890000e-05	-1.149729e-02	1.545273e+01
4.891000e-05	-1.333542e-02	1.545523e+01
4.892000e-05	-1.700085e-02	1.547535e+01
4.893000e-05	-1.706048e-02	1.547525e+01
4.894000e-05	-1.612138e-02	1.548530e+01
4.895000e-05	-1.898665e-02	1.546570e+01
4.896000e-05	-2.092883e-02	1.547522e+01
4.897000e-05	-2.107537e-02	1.541423e+01
4.898000e-05	-2.188504e-02	1.538222e+01
4.899000e-05	-2.352344e-02	1.535057e+01
4.900000e-05	-2.534979e-02	1.536894e+01
4.901000e-05	-2.650655e-02	1.532629e+01
4.902000e-05	-2.912636e-02	1.522323e+01
4.903000e-05	-3.003529e-02	1.521009e+01
4.904000e-05	-3.216140e-02	1.513046e+01
4.905000e-05	-3.481683e-02	1.509576e+01
4.906000e-05	-3.743453e-02	1.505307e+01
4.907000e-05	-4.081453e-02	1.499856e+01
4.908000e-05	-4.293760e-02	1.486567e+01
4.909000e-05	-4.645337e-02	1.477252e+01
4.910000e-05	-4.931694e-02	1.469683e+01
4.911000e-05	-5.376955e-02	1.465314e+01
4.912000e-05	-5.805398e-02	1.450625e+01
4.913000e-05	-6.499147e-02	1.444094e+01
4.914000e-05	-6.866726e-02	1.430680e+01
4.915000e-05	-7.463595e-02	1.415802e+01
4.916000e-05	-8.015645e-02	1.403418e+01
4.917000e-05	-8.977538e-02	1.389635e+01
4.918000e-05	-9.766616e-02	1.376996e+01
4.919000e-05	-1.066523e-01	1.362310e+01
4.920000e-05	-1.151618e-01	1.350572e+01
4.921000e-05	-1.233927e-01	1.332883e+01
4.922000e-05	-1.313633e-01	1.317054e+01
4.923000e-05	-1.381929e-01	1.300260e+01
4.924000e-05	-1.405849e-01	1.286420e+01
4.925000e-05	-1.432677e-01	1.272778e+01
4.926000e-05	-1.431721e-01	1.254893e+01
4.927000e-05	-1.409698e-01	1.236949e+01
4.928000e-05	-1.354922e-01	1.220206e+01
4.929000e-05	-1.299399e-01	1.204204e+01
4.930000e-05	-1.226092e-01	1.183109e+01
4.931000e-05	-1.150020e-01	1.161259e+01
4.932000e-05	-1.060209e-01	1.141206e+01
4.933000e-05	-9.863307e-02	1.122206e+01
4.934000e-05	-8.966583e-02	1.102003e+01
4.935000e-05	-8.087149e-02	1.081204e+01
4.936000e-05	-7.379094e-02	1.057101e+01
4.937000e-05	-6.893705e-02	1.039204e+01
4.938000e-05	-6.234154e-02	1.017045e+01
4.939000e-05	-5.476145e-02	9.948329e+00
4.940000e-05	-4.952593e-02	9.696671e+00
4.941000e-05	-4.553915e-02	9.434215e+00
4.942000e-05	-4.123547e-02	9.284163e+00
4.943000e-05	-3.563152e-02	9.053489e+00
4.944000e-05	-3.302909e-02	8.769457e+00
4.945000e-05	-3.024616e-02	8.559848e+00
4.946000e-05	-2.822571e-02	8.337329e+00
4.947000e-05	-2.393822e-02	8.095143e+00
4.948000e-05	-2.115539e-02	7.853564e+00
4.949000e-05	-1.976828e-02	7.598904e+00
4.950000e-05	-1.915216e-02	7.276690e+00
4.951000e-05	-1.631177e-02	7.032559e+00
4.952000e-05	-1.402749e-02	6.819880e+00
4.953000e-05	-1.238088e-02	6.476719e+00
4.954000e-05	-1.258733e-02	6.264109e+00
4.955000e-05	-1.154069e-02	5.979558e+00
4.956000e-05	-1.074145e-02	5.748666e+00
4.957000e-05	-9.314230e-03	5.475086e+00
4.958000e-05	-9.499096e-03	5.159821e+00
4.959000e-05	-8.588842e-03	4.800980e+00
4.960000e-05	-7.273969e-03	4.548271e+00
4.961000e-05	-6.400969e-03	4.283688e+00
4.962000e-05	-6.849118e-03	3.988424e+00
4.963000e-05	-6.489732e-03	3.726242e+00
4.964000e-05	-7.158952e-03	3.474588e+00
4.965000e-05	-6.187620e-03	3.177821e+00
4.966000e-05	-5.813892e-03	2.895688e+00
4.967000e-05	-5.784352e-03	2.632476e+00
4.968000e-05	-6.433155e-03	2.305236e+00
4.969000e-05	-5.884371e-03	2.032979e+00
4.970000e-05	-5.588024e-03	1.790868e+00
4.971000e-05	-5.488344e-03	1.453005e+00
4.972000e-05	-5.002567e-03	1.179821e+00
4.973000e-05	-4.723404e-03	8.514486e-01
4.974000e-05	-4.912158e-03	5.277920e-01
4.975000e-05	-4.384508e-03	2.535816e-01
4.976000e-05	-2.012583e-03	-4.915796e-02
4.977000e-05	7.360728e-03	-2.747882e-01
4.978000e-05	-2.996220e-03	-5.353986e-01
4.979000e-05	7.843293e-04	-8.216330e-01
4.980000e-05	-2.629644e-03	-1.103288e+00
4.981000e-05	1.280001e-04	-1.390608e+00
4.982000e-05	-3.345642e-03	-1.672187e+00
4.983000e-05	1.476541e-02	-1.885288e+00
4.984000e-05	5.094304e-02	-2.156371e+00
4.985000e-05	6.682190e-02	-2.420136e+00
4.986000e-05	-8.169193e-02	-2.808232e+00
4.987000e-05	-6.172591e-03	-3.189082e+00
4.988000e-05	-4.033202e-02	-3.453211e+00
4.989000e-05	-1.094629e-02	-3.660212e+00
4.990000e-05	-7.490460e-02	-3.916975e+00
4.991000e-05	1.157555e-01	-4.145322e+00
4.992000e-05	2.618862e-02	-4.324328e+00
4.993000e-05	-1.035226e-01	-4.642793e+00
4.994000e-05	1.704666e-01	-4.924294e+00
4.995000e-05	-1.244227e-01	-5.198708e+00
4.996000e-05	5.238638e-02	-5.497500e+00
4.997000e-05	-1.106845e-02	-5.758053e+00
4.998000e-05	-2.697570e-02	-6.072818e+00
4.999000e-05	1.171311e-01	-6.293949e+00
