# 260410_15:54:07.579235
t	CH1	CH2
0.000000e+00	1.804186e-05	-9.251919e-01
1.000000e-08	-3.707390e-03	-1.042181e+00
2.000000e-08	8.454640e-03	-1.251980e+00
3.000000e-08	5.731828e-02	-1.472448e+00
4.000000e-08	5.218795e-02	-1.651001e+00
5.000000e-08	-8.912111e-02	-1.913214e+00
6.000000e-08	-9.287982e-04	-2.246212e+00
7.000000e-08	-1.009609e-01	-2.417322e+00
8.000000e-08	-1.140497e-03	-2.453135e+00
9.000000e-08	1.939858e-01	-2.558262e+00
1.000000e-07	-1.799596e-01	-2.796790e+00
1.100000e-07	6.175307e-02	-2.955692e+00
1.200000e-07	1.303339e-01	-3.155692e+00
1.300000e-07	-2.164506e-01	-3.354635e+00
1.400000e-07	1.438063e-01	-3.543133e+00
1.500000e-07	4.061411e-02	-3.629474e+00
1.600000e-07	-1.977594e-01	-3.892704e+00
1.700000e-07	2.038608e-01	-4.029526e+00
1.800000e-07	-3.856250e-02	-4.198273e+00
1.900000e-07	-9.619618e-03	-4.399399e+00
2.000000e-07	4.089327e-02	-4.514609e+00
2.100000e-07	-1.898664e-01	-4.755616e+00
2.200000e-07	1.849400e-01	-4.894562e+00
2.300000e-07	1.443129e-02	-5.061030e+00
2.400000e-07	-7.015807e-02	-5.299984e+00
2.500000e-07	6.744198e-02	-5.429349e+00
2.600000e-07	-9.579641e-02	-5.651503e+00
2.700000e-07	1.214042e-01	-5.809346e+00
2.800000e-07	-8.586367e-02	-5.926239e+00
2.900000e-07	2.039286e-02	-6.104054e+00
3.000000e-07	6.365556e-02	-6.260450e+00
3.100000e-07	-1.004267e-01	-6.441375e+00
3.200000e-07	1.263536e-01	-6.577270e+00
3.300000e-07	-7.945197e-02	-6.744135e+00
3.400000e-07	2.873625e-02	-6.872454e+00
3.500000e-07	-2.372446e-03	-7.009141e+00
3.600000e-07	-2.852018e-02	-7.178221e+00
3.700000e-07	1.091007e-01	-7.304606e+00
3.800000e-07	-8.583171e-02	-7.460451e+00
3.900000e-07	4.255145e-02	-7.618694e+00
4.000000e-07	-3.134099e-02	-7.735142e+00
4.100000e-07	3.426579e-02	-7.946083e+00
4.200000e-07	1.574206e-02	-8.050400e+00
4.300000e-07	-2.974545e-02	-8.166187e+00
4.400000e-07	5.957888e-02	-8.241473e+00
4.500000e-07	-3.408637e-02	-8.376794e+00
4.600000e-07	2.453808e-02	-8.430450e+00
4.700000e-07	-2.003427e-02	-8.586619e+00
4.800000e-07	2.668347e-02	-8.755980e+00
4.900000e-07	1.477386e-02	-8.799897e+00
5.000000e-07	-1.306163e-02	-8.924060e+00
5.100000e-07	2.574402e-02	-8.988796e+00
5.200000e-07	-6.666677e-03	-9.084555e+00
5.300000e-07	1.901453e-02	-9.166713e+00
5.400000e-07	-1.021860e-02	-9.229373e+00
5.500000e-07	1.888792e-02	-9.263056e+00
5.600000e-07	9.733585e-03	-9.408169e+00
5.700000e-07	5.344569e-03	-9.554485e+00
5.800000e-07	9.389873e-03	-9.617773e+00
5.900000e-07	1.798373e-03	-9.662476e+00
6.000000e-07	6.377928e-03	-9.673664e+00
6.100000e-07	4.420478e-03	-9.765167e+00
6.200000e-07	2.319973e-02	-9.819823e+00
6.300000e-07	9.317435e-03	-9.862858e+00
6.400000e-07	1.639247e-03	-9.955663e+00
6.500000e-07	2.136965e-03	-9.957241e+00
6.600000e-07	1.311016e-02	-1.001964e+01
6.700000e-07	1.548002e-02	-1.002090e+01
6.800000e-07	6.128045e-03	-1.001495e+01
6.900000e-07	6.806023e-03	-1.010506e+01
7.000000e-07	1.027094e-02	-1.013822e+01
7.100000e-07	1.291603e-02	-1.017812e+01
7.200000e-07	1.102666e-02	-1.020925e+01
7.300000e-07	7.111280e-03	-1.025227e+01
7.400000e-07	9.131336e-03	-1.027126e+01
7.500000e-07	1.482514e-02	-1.031493e+01
7.600000e-07	1.419750e-02	-1.028346e+01
7.700000e-07	1.036176e-02	-1.029199e+01
7.800000e-07	7.704452e-03	-1.033614e+01
7.900000e-07	1.108272e-02	-1.031204e+01
8.000000e-07	1.575845e-02	-1.022344e+01
8.100000e-07	1.659831e-02	-1.030600e+01
8.200000e-07	1.476671e-02	-1.022130e+01
8.300000e-07	1.347430e-02	-1.026175e+01
8.400000e-07	1.478253e-02	-1.022870e+01
8.500000e-07	1.805784e-02	-1.012877e+01
8.600000e-07	1.885594e-02	-1.012766e+01
8.700000e-07	1.723215e-02	-1.009559e+01
8.800000e-07	1.951499e-02	-1.009303e+01
8.900000e-07	2.161014e-02	-1.004250e+01
9.000000e-07	2.105779e-02	-9.980345e+00
9.100000e-07	1.961417e-02	-9.947692e+00
9.200000e-07	2.168478e-02	-9.894661e+00
9.300000e-07	2.571705e-02	-9.883907e+00
9.400000e-07	2.555407e-02	-9.780423e+00
9.500000e-07	2.501885e-02	-9.769193e+00
9.600000e-07	2.529380e-02	-9.704585e+00
9.700000e-07	2.659370e-02	-9.652006e+00
9.800000e-07	2.671325e-02	-9.570873e+00
9.900000e-07	2.827187e-02	-9.558141e+00
1.000000e-06	2.948260e-02	-9.419400e+00
1.010000e-06	3.097990e-02	-9.316109e+00
1.020000e-06	3.028395e-02	-9.222901e+00
1.030000e-06	3.068240e-02	-9.146690e+00
1.040000e-06	3.070859e-02	-9.074534e+00
1.050000e-06	3.196765e-02	-8.950270e+00
1.060000e-06	3.380969e-02	-8.863557e+00
1.070000e-06	3.373350e-02	-8.790528e+00
1.080000e-06	3.389993e-02	-8.727192e+00
1.090000e-06	3.425570e-02	-8.578376e+00
1.100000e-06	3.360355e-02	-8.442478e+00
1.110000e-06	3.337611e-02	-8.368219e+00
1.120000e-06	3.397219e-02	-8.233103e+00
1.130000e-06	3.370446e-02	-8.137739e+00
1.140000e-06	3.446155e-02	-8.037423e+00
1.150000e-06	3.254546e-02	-7.925262e+00
1.160000e-06	3.247091e-02	-7.740216e+00
1.170000e-06	3.138477e-02	-7.580850e+00
1.180000e-06	3.217224e-02	-7.454507e+00
1.190000e-06	3.152611e-02	-7.315865e+00
1.200000e-06	2.988945e-02	-7.181503e+00
1.210000e-06	2.787261e-02	-7.055084e+00
1.220000e-06	2.599971e-02	-6.864613e+00
1.230000e-06	2.516385e-02	-6.778316e+00
1.240000e-06	2.616231e-02	-6.602000e+00
1.250000e-06	2.245603e-02	-6.473209e+00
1.260000e-06	2.179240e-02	-6.387871e+00
1.270000e-06	2.039617e-02	-6.139791e+00
1.280000e-06	1.863554e-02	-6.010921e+00
1.290000e-06	1.655773e-02	-5.843581e+00
1.300000e-06	1.408592e-02	-5.693183e+00
1.310000e-06	1.460102e-02	-5.578821e+00
1.320000e-06	1.314658e-02	-5.337191e+00
1.330000e-06	1.274668e-02	-5.138898e+00
1.340000e-06	1.034714e-02	-4.979474e+00
1.350000e-06	8.477369e-03	-4.738870e+00
1.360000e-06	7.074947e-03	-4.610549e+00
1.370000e-06	6.952861e-03	-4.463632e+00
1.380000e-06	7.764746e-03	-4.305691e+00
1.390000e-06	4.954437e-03	-4.147824e+00
1.400000e-06	5.180704e-03	-3.981519e+00
1.410000e-06	2.938531e-03	-3.810477e+00
1.420000e-06	4.499478e-03	-3.591923e+00
1.430000e-06	2.325067e-03	-3.434553e+00
1.440000e-06	2.379743e-03	-3.254104e+00
1.450000e-06	2.145489e-03	-3.104814e+00
1.460000e-06	1.817486e-03	-2.825033e+00
1.470000e-06	1.532317e-03	-2.727736e+00
1.480000e-06	-1.625281e-03	-2.536163e+00
1.490000e-06	8.430262e-04	-2.318420e+00
1.500000e-06	3.796157e-04	-2.117321e+00
1.510000e-06	2.061268e-03	-1.967922e+00
1.520000e-06	-2.659383e-03	-1.770971e+00
1.530000e-06	3.010200e-04	-1.610002e+00
1.540000e-06	-1.693809e-03	-1.360079e+00
1.550000e-06	-7.159472e-04	-1.138444e+00
1.560000e-06	-3.551806e-03	-9.809688e-01
1.570000e-06	-1.232971e-03	-7.699261e-01
1.580000e-06	-3.249808e-03	-5.299714e-01
1.590000e-06	-8.823009e-04	-3.590486e-01
1.600000e-06	-2.973542e-03	-2.025527e-01
1.610000e-06	2.143444e-03	-1.065257e-02
1.620000e-06	4.296362e-03	1.458896e-01
1.630000e-06	-2.894442e-03	3.773486e-01
1.640000e-06	1.845928e-03	5.162107e-01
1.650000e-06	-2.818339e-03	6.642066e-01
1.660000e-06	-1.120096e-03	8.294763e-01
1.670000e-06	-3.749968e-03	1.092559e+00
1.680000e-06	3.743843e-03	1.241009e+00
1.690000e-06	1.089598e-02	1.460476e+00
1.700000e-06	6.938908e-02	1.673056e+00
1.710000e-06	8.837248e-03	1.924763e+00
1.720000e-06	-6.326976e-02	2.103537e+00
1.730000e-06	-3.025651e-02	2.302583e+00
1.740000e-06	-5.987192e-02	2.399480e+00
1.750000e-06	-4.978428e-02	2.607243e+00
1.760000e-06	1.880654e-01	2.777268e+00
1.770000e-06	-1.005824e-01	2.955189e+00
1.780000e-06	-6.463368e-02	3.040530e+00
1.790000e-06	1.657835e-01	3.229421e+00
1.800000e-06	-1.411319e-01	3.502583e+00
1.810000e-06	2.744121e-02	3.608453e+00
1.820000e-06	7.960325e-02	3.798242e+00
1.830000e-06	-1.509853e-01	3.969398e+00
1.840000e-06	8.045369e-02	4.125136e+00
1.850000e-06	3.236197e-02	4.387297e+00
1.860000e-06	-4.607458e-02	4.505609e+00
1.870000e-06	1.037733e-02	4.663609e+00
1.880000e-06	-7.348721e-02	4.883006e+00
1.890000e-06	3.125520e-02	5.102611e+00
1.900000e-06	3.126661e-02	5.313586e+00
1.910000e-06	-4.039359e-03	5.470479e+00
1.920000e-06	-2.338209e-02	5.620050e+00
1.930000e-06	-2.360412e-02	5.757795e+00
1.940000e-06	2.377573e-02	5.977317e+00
1.950000e-06	-3.227947e-02	6.105113e+00
1.960000e-06	-1.767496e-03	6.240903e+00
1.970000e-06	1.570886e-02	6.377421e+00
1.980000e-06	-4.359390e-02	6.557146e+00
1.990000e-06	3.257666e-02	6.696661e+00
2.000000e-06	-3.468685e-02	6.863029e+00
2.010000e-06	-1.000371e-02	7.019875e+00
2.020000e-06	-4.619749e-03	7.126638e+00
2.030000e-06	-7.275252e-03	7.241482e+00
2.040000e-06	1.511735e-02	7.409323e+00
2.050000e-06	-3.209562e-02	7.595720e+00
2.060000e-06	-3.957793e-03	7.746213e+00
2.070000e-06	-2.176219e-02	7.871477e+00
2.080000e-06	6.940432e-03	8.009948e+00
2.090000e-06	-1.225999e-02	8.125689e+00
2.100000e-06	-1.351724e-02	8.241530e+00
2.110000e-06	1.102230e-03	8.368370e+00
2.120000e-06	-8.604908e-03	8.450555e+00
2.130000e-06	-1.561509e-02	8.556691e+00
2.140000e-06	-2.260847e-02	8.621956e+00
2.150000e-06	-4.957364e-03	8.787215e+00
2.160000e-06	-1.874808e-03	8.810452e+00
2.170000e-06	-8.474071e-03	8.874057e+00
2.180000e-06	-1.656458e-02	9.030805e+00
2.190000e-06	-1.303313e-02	9.178267e+00
2.200000e-06	-1.062343e-02	9.231980e+00
2.210000e-06	-1.000461e-02	9.284137e+00
2.220000e-06	-1.099572e-02	9.377319e+00
2.230000e-06	-1.169364e-02	9.453532e+00
2.240000e-06	-1.135243e-02	9.535214e+00
2.250000e-06	-1.306671e-02	9.559870e+00
2.260000e-06	-1.268818e-02	9.671508e+00
2.270000e-06	-1.926826e-02	9.728164e+00
2.280000e-06	-1.264222e-02	9.819378e+00
2.290000e-06	-6.216870e-03	9.864506e+00
2.300000e-06	-6.888198e-03	9.995746e+00
2.310000e-06	-1.901016e-02	9.989399e+00
2.320000e-06	-1.973964e-02	1.002298e+01
2.330000e-06	-1.242697e-02	1.006356e+01
2.340000e-06	-1.108817e-02	1.010511e+01
2.350000e-06	-1.529587e-02	1.016714e+01
2.360000e-06	-1.775723e-02	1.016629e+01
2.370000e-06	-1.342712e-02	1.019883e+01
2.380000e-06	-1.565949e-02	1.023990e+01
2.390000e-06	-1.475035e-02	1.022143e+01
2.400000e-06	-1.863420e-02	1.026245e+01
2.410000e-06	-1.814416e-02	1.027361e+01
2.420000e-06	-1.283583e-02	1.028506e+01
2.430000e-06	-1.476718e-02	1.029413e+01
2.440000e-06	-1.900546e-02	1.029416e+01
2.450000e-06	-2.352634e-02	1.029508e+01
2.460000e-06	-1.892610e-02	1.029456e+01
2.470000e-06	-1.731975e-02	1.025254e+01
2.480000e-06	-1.798803e-02	1.022138e+01
2.490000e-06	-2.259027e-02	1.024196e+01
2.500000e-06	-2.207081e-02	1.021138e+01
2.510000e-06	-2.362210e-02	1.020002e+01
2.520000e-06	-2.265761e-02	1.014827e+01
2.530000e-06	-2.561467e-02	1.012669e+01
2.540000e-06	-2.447566e-02	1.012519e+01
2.550000e-06	-2.494248e-02	1.007403e+01
2.560000e-06	-2.541936e-02	1.006358e+01
2.570000e-06	-2.715401e-02	1.001240e+01
2.580000e-06	-3.055584e-02	9.958425e+00
2.590000e-06	-2.956491e-02	9.917267e+00
2.600000e-06	-2.975636e-02	9.842981e+00
2.610000e-06	-2.918444e-02	9.749170e+00
2.620000e-06	-3.259467e-02	9.675537e+00
2.630000e-06	-3.397601e-02	9.621926e+00
2.640000e-06	-3.362484e-02	9.567821e+00
2.650000e-06	-3.551596e-02	9.494636e+00
2.660000e-06	-3.557301e-02	9.399951e+00
2.670000e-06	-3.550980e-02	9.337765e+00
2.680000e-06	-3.660975e-02	9.253107e+00
2.690000e-06	-3.551321e-02	9.200902e+00
2.700000e-06	-4.000305e-02	9.079167e+00
2.710000e-06	-3.760748e-02	9.000331e+00
2.720000e-06	-4.165314e-02	8.863583e+00
2.730000e-06	-3.696931e-02	8.758800e+00
2.740000e-06	-4.011274e-02	8.704087e+00
2.750000e-06	-3.904992e-02	8.569899e+00
2.760000e-06	-4.084435e-02	8.504585e+00
2.770000e-06	-4.016948e-02	8.400503e+00
2.780000e-06	-4.085397e-02	8.316616e+00
2.790000e-06	-4.072878e-02	8.219769e+00
2.800000e-06	-3.899446e-02	8.063508e+00
2.810000e-06	-3.946503e-02	7.915665e+00
2.820000e-06	-3.936479e-02	7.810903e+00
2.830000e-06	-3.973626e-02	7.644583e+00
2.840000e-06	-3.907624e-02	7.579746e+00
2.850000e-06	-3.768387e-02	7.319820e+00
2.860000e-06	-3.539391e-02	7.213000e+00
2.870000e-06	-3.450024e-02	7.043113e+00
2.880000e-06	-3.436862e-02	6.917292e+00
2.890000e-06	-3.493693e-02	6.790979e+00
2.900000e-06	-3.251411e-02	6.684137e+00
2.910000e-06	-2.951419e-02	6.484637e+00
2.920000e-06	-2.817030e-02	6.318895e+00
2.930000e-06	-2.696135e-02	6.191528e+00
2.940000e-06	-2.456122e-02	6.044657e+00
2.950000e-06	-2.291050e-02	5.968871e+00
2.960000e-06	-2.272842e-02	5.708848e+00
2.970000e-06	-2.233448e-02	5.649499e+00
2.980000e-06	-2.162710e-02	5.411055e+00
2.990000e-06	-2.079261e-02	5.253583e+00
3.000000e-06	-1.767066e-02	5.044633e+00
3.010000e-06	-1.619232e-02	4.813581e+00
3.020000e-06	-1.489102e-02	4.633683e+00
3.030000e-06	-1.451363e-02	4.466238e+00
3.040000e-06	-1.244639e-02	4.388924e+00
3.050000e-06	-1.171142e-02	4.137298e+00
3.060000e-06	-1.218996e-02	3.958449e+00
3.070000e-06	-1.345319e-02	3.782024e+00
3.080000e-06	-1.190441e-02	3.652107e+00
3.090000e-06	-1.132400e-02	3.486263e+00
3.100000e-06	-9.918034e-03	3.244232e+00
3.110000e-06	-9.633688e-03	3.096641e+00
3.120000e-06	-7.513928e-03	2.896287e+00
3.130000e-06	-8.908595e-03	2.799474e+00
3.140000e-06	-7.890321e-03	2.529299e+00
3.150000e-06	-8.725904e-03	2.338374e+00
3.160000e-06	-7.600038e-03	2.148947e+00
3.170000e-06	-8.379606e-03	1.981050e+00
3.180000e-06	-7.401817e-03	1.821112e+00
3.190000e-06	-6.877149e-03	1.613103e+00
3.200000e-06	-5.532310e-03	1.441554e+00
3.210000e-06	-6.256358e-03	1.182529e+00
3.220000e-06	-5.901241e-03	1.020577e+00
3.230000e-06	-5.374293e-03	7.910026e-01
3.240000e-06	-5.458412e-03	6.110276e-01
3.250000e-06	-5.062115e-03	4.121042e-01
3.260000e-06	-5.435263e-03	2.245318e-01
3.270000e-06	-4.717081e-03	3.110525e-02
3.280000e-06	2.816898e-03	-1.563421e-01
3.290000e-06	-1.366274e-03	-2.956405e-01
3.300000e-06	-1.723114e-04	-4.415280e-01
3.310000e-06	-1.284356e-03	-6.614741e-01
3.320000e-06	-2.712497e-03	-8.520290e-01
3.330000e-06	-2.997363e-03	-9.984500e-01
3.340000e-06	2.814936e-03	-1.188370e+00
3.350000e-06	2.369138e-02	-1.365215e+00
3.360000e-06	1.015139e-01	-1.596445e+00
3.370000e-06	-7.363080e-02	-1.828375e+00
3.380000e-06	-1.349208e-02	-2.071425e+00
3.390000e-06	-6.732042e-02	-2.343085e+00
3.400000e-06	-8.768982e-02	-2.451533e+00
3.410000e-06	1.770725e-01	-2.516637e+00
3.420000e-06	-7.213004e-03	-2.644579e+00
3.430000e-06	-1.560840e-01	-2.883211e+00
3.440000e-06	2.276043e-01	-3.103081e+00
3.450000e-06	-1.791862e-01	-3.232428e+00
3.460000e-06	-2.432064e-02	-3.449077e+00
3.470000e-06	1.722018e-01	-3.627366e+00
3.480000e-06	-1.887409e-01	-3.796843e+00
3.490000e-06	5.058711e-02	-4.008319e+00
3.500000e-06	1.366056e-01	-4.104208e+00
3.510000e-06	-1.404970e-01	-4.385716e+00
3.520000e-06	1.239882e-01	-4.452580e+00
3.530000e-06	-1.625736e-01	-4.631503e+00
3.540000e-06	2.898721e-02	-4.851928e+00
3.550000e-06	1.544602e-01	-4.959345e+00
3.560000e-06	-1.290120e-01	-5.227318e+00
3.570000e-06	8.750211e-02	-5.367216e+00
3.580000e-06	-7.726548e-02	-5.595114e+00
3.590000e-06	3.984702e-02	-5.757212e+00
3.600000e-06	3.712302e-02	-5.903957e+00
3.610000e-06	-9.112752e-02	-6.039422e+00
3.620000e-06	1.259025e-01	-6.217194e+00
3.630000e-06	-1.061601e-01	-6.378240e+00
3.640000e-06	6.153474e-02	-6.514111e+00
3.650000e-06	3.013746e-02	-6.662350e+00
3.660000e-06	-6.246146e-02	-6.778345e+00
3.670000e-06	6.894972e-02	-6.915637e+00
3.680000e-06	-8.693473e-02	-7.153088e+00
3.690000e-06	1.054854e-01	-7.251428e+00
3.700000e-06	-2.381555e-02	-7.368245e+00
3.710000e-06	-1.813129e-02	-7.545687e+00
3.720000e-06	2.169285e-02	-7.681428e+00
3.730000e-06	-2.716107e-02	-7.822350e+00
3.740000e-06	6.369183e-02	-7.987816e+00
3.750000e-06	-4.664833e-02	-8.061104e+00
3.760000e-06	4.514638e-02	-8.200350e+00
3.770000e-06	-1.375316e-03	-8.315160e+00
3.780000e-06	-8.199055e-03	-8.429473e+00
3.790000e-06	1.503241e-02	-8.495110e+00
3.800000e-06	-1.212806e-02	-8.674871e+00
3.810000e-06	4.437704e-02	-8.778240e+00
3.820000e-06	-2.675321e-02	-8.843533e+00
3.830000e-06	2.324580e-02	-8.958216e+00
3.840000e-06	1.371140e-03	-9.031877e+00
3.850000e-06	1.119156e-02	-9.134687e+00
3.860000e-06	3.696063e-03	-9.198768e+00
3.870000e-06	-1.712823e-03	-9.262484e+00
3.880000e-06	2.471833e-02	-9.378239e+00
3.890000e-06	-3.239372e-03	-9.462829e+00
3.900000e-06	1.540341e-02	-9.587241e+00
3.910000e-06	-5.386764e-04	-9.628929e+00
3.920000e-06	8.748912e-03	-9.675583e+00
3.930000e-06	2.397195e-03	-9.746665e+00
3.940000e-06	1.591557e-02	-9.808820e+00
3.950000e-06	1.680197e-02	-9.872457e+00
3.960000e-06	-4.884661e-06	-9.925091e+00
3.970000e-06	4.719755e-03	-9.967088e+00
3.980000e-06	5.523293e-03	-9.979346e+00
3.990000e-06	1.956733e-02	-1.005092e+01
4.000000e-06	6.503219e-03	-1.002153e+01
4.010000e-06	6.302144e-03	-1.008446e+01
4.020000e-06	8.723673e-03	-1.011608e+01
4.030000e-06	1.102123e-02	-1.020862e+01
4.040000e-06	1.268907e-02	-1.023022e+01
4.050000e-06	6.087121e-03	-1.025172e+01
4.060000e-06	8.756541e-03	-1.025191e+01
4.070000e-06	1.226552e-02	-1.025355e+01
4.080000e-06	1.574042e-02	-1.028280e+01
4.090000e-06	1.096442e-02	-1.031486e+01
4.100000e-06	8.458373e-03	-1.029649e+01
4.110000e-06	9.773127e-03	-1.031646e+01
4.120000e-06	1.480301e-02	-1.028188e+01
4.130000e-06	1.747159e-02	-1.028358e+01
4.140000e-06	1.547055e-02	-1.031390e+01
4.150000e-06	1.433097e-02	-1.023235e+01
4.160000e-06	1.251803e-02	-1.023173e+01
4.170000e-06	1.741345e-02	-1.021930e+01
4.180000e-06	1.770580e-02	-1.012909e+01
4.190000e-06	1.946845e-02	-1.013453e+01
4.200000e-06	1.785969e-02	-1.007456e+01
4.210000e-06	2.120360e-02	-1.003303e+01
4.220000e-06	2.168857e-02	-1.002085e+01
4.230000e-06	1.933510e-02	-9.978691e+00
4.240000e-06	2.105512e-02	-9.936613e+00
4.250000e-06	2.444613e-02	-9.874534e+00
4.260000e-06	2.522773e-02	-9.851977e+00
4.270000e-06	2.340160e-02	-9.791796e+00
4.280000e-06	2.518725e-02	-9.735111e+00
4.290000e-06	2.702796e-02	-9.662004e+00
4.300000e-06	2.661219e-02	-9.622002e+00
4.310000e-06	2.753452e-02	-9.568800e+00
4.320000e-06	2.916011e-02	-9.483436e+00
4.330000e-06	3.081166e-02	-9.358670e+00
4.340000e-06	2.992890e-02	-9.243529e+00
4.350000e-06	2.957204e-02	-9.178470e+00
4.360000e-06	2.975418e-02	-9.125161e+00
4.370000e-06	3.214585e-02	-9.020951e+00
4.380000e-06	3.307766e-02	-8.896036e+00
4.390000e-06	3.387641e-02	-8.851477e+00
4.400000e-06	3.277474e-02	-8.758269e+00
4.410000e-06	3.313728e-02	-8.653352e+00
4.420000e-06	3.348624e-02	-8.476107e+00
4.430000e-06	3.417083e-02	-8.371398e+00
4.440000e-06	3.442227e-02	-8.284136e+00
4.450000e-06	3.440940e-02	-8.169322e+00
4.460000e-06	3.376182e-02	-8.093031e+00
4.470000e-06	3.356678e-02	-7.929396e+00
4.480000e-06	3.303365e-02	-7.801878e+00
4.490000e-06	3.308500e-02	-7.653552e+00
4.500000e-06	3.099864e-02	-7.515764e+00
4.510000e-06	3.067481e-02	-7.389373e+00
4.520000e-06	3.049598e-02	-7.262083e+00
4.530000e-06	2.963658e-02	-7.128819e+00
4.540000e-06	2.698594e-02	-6.949770e+00
4.550000e-06	2.594453e-02	-6.829450e+00
4.560000e-06	2.460268e-02	-6.684658e+00
4.570000e-06	2.419312e-02	-6.538692e+00
4.580000e-06	2.218346e-02	-6.391049e+00
4.590000e-06	2.043819e-02	-6.255631e+00
4.600000e-06	1.874317e-02	-6.043606e+00
4.610000e-06	1.804872e-02	-5.925238e+00
4.620000e-06	1.571717e-02	-5.787927e+00
4.630000e-06	1.394924e-02	-5.602021e+00
4.640000e-06	1.355003e-02	-5.472978e+00
4.650000e-06	1.121204e-02	-5.202502e+00
4.660000e-06	1.182045e-02	-5.024107e+00
4.670000e-06	8.772616e-03	-4.855007e+00
4.680000e-06	7.812627e-03	-4.667058e+00
4.690000e-06	4.707062e-03	-4.487239e+00
4.700000e-06	9.227018e-03	-4.378845e+00
4.710000e-06	4.771132e-03	-4.230548e+00
4.720000e-06	6.250155e-03	-3.973032e+00
4.730000e-06	2.578836e-03	-3.896792e+00
4.740000e-06	4.814530e-03	-3.664160e+00
4.750000e-06	2.623832e-03	-3.515741e+00
4.760000e-06	3.911404e-03	-3.318418e+00
4.770000e-06	9.310539e-04	-3.178924e+00
4.780000e-06	2.613773e-03	-2.927295e+00
4.790000e-06	4.040635e-04	-2.750397e+00
4.800000e-06	1.566555e-03	-2.572053e+00
4.810000e-06	-7.167215e-04	-2.379503e+00
4.820000e-06	1.328044e-03	-2.221135e+00
4.830000e-06	-3.320028e-04	-2.010500e+00
4.840000e-06	8.758170e-04	-1.844129e+00
4.850000e-06	-1.005814e-03	-1.693733e+00
4.860000e-06	-2.165127e-04	-1.467341e+00
4.870000e-06	-2.142199e-03	-1.203079e+00
4.880000e-06	-2.524230e-03	-1.033578e+00
4.890000e-06	-1.602522e-03	-8.546066e-01
4.900000e-06	-2.934503e-03	-6.563405e-01
4.910000e-06	-1.804757e-03	-4.236065e-01
4.920000e-06	-2.771812e-03	-2.742844e-01
4.930000e-06	6.851192e-04	-8.528829e-02
4.940000e-06	3.773704e-03	3.163434e-02
4.950000e-06	8.475490e-04	2.941344e-01
4.960000e-06	-1.267796e-03	4.405541e-01
4.970000e-06	1.117974e-03	6.194990e-01
4.980000e-06	-1.769712e-03	7.884252e-01
4.990000e-06	-2.517394e-03	9.582170e-01
5.000000e-06	2.599944e-04	1.178425e+00
5.010000e-06	5.107835e-03	1.377892e+00
5.020000e-06	4.067911e-02	1.584744e+00
5.030000e-06	6.373112e-02	1.830429e+00
5.040000e-06	-6.473536e-02	2.019477e+00
5.050000e-06	-2.902198e-02	2.249371e+00
5.060000e-06	-4.907211e-02	2.378970e+00
5.070000e-06	-7.517466e-02	2.513210e+00
5.080000e-06	9.189869e-02	2.654558e+00
5.090000e-06	8.797558e-02	2.849552e+00
5.100000e-06	-2.016749e-01	3.009447e+00
5.110000e-06	1.954284e-01	3.156191e+00
5.120000e-06	-6.970610e-02	3.377316e+00
5.130000e-06	-7.038493e-02	3.587395e+00
5.140000e-06	1.204283e-01	3.682179e+00
5.150000e-06	-8.148667e-02	3.904087e+00
5.160000e-06	-5.233382e-02	4.030034e+00
5.170000e-06	1.142443e-01	4.303583e+00
5.180000e-06	-6.063509e-02	4.449980e+00
5.190000e-06	1.122121e-02	4.607900e+00
5.200000e-06	-4.781518e-02	4.808398e+00
5.210000e-06	-3.692086e-02	5.049225e+00
5.220000e-06	7.125901e-02	5.249398e+00
5.230000e-06	-1.052134e-02	5.368396e+00
5.240000e-06	-2.528417e-03	5.554741e+00
5.250000e-06	-5.133670e-02	5.677039e+00
5.260000e-06	2.870781e-02	5.934162e+00
5.270000e-06	-9.362883e-03	6.062003e+00
5.280000e-06	-3.250499e-02	6.178395e+00
5.290000e-06	3.397922e-02	6.352738e+00
5.300000e-06	-4.124305e-02	6.432983e+00
5.310000e-06	1.467016e-02	6.641931e+00
5.320000e-06	-8.023000e-03	6.839951e+00
5.330000e-06	-2.632331e-02	6.966316e+00
5.340000e-06	-7.537771e-04	7.064603e+00
5.350000e-06	-1.028594e-02	7.199401e+00
5.360000e-06	9.651066e-03	7.313636e+00
5.370000e-06	-1.174893e-02	7.526633e+00
5.380000e-06	-1.966797e-02	7.672532e+00
5.390000e-06	-9.757611e-03	7.829875e+00
5.400000e-06	-8.479438e-03	7.936216e+00
5.410000e-06	2.026474e-03	8.133669e+00
5.420000e-06	-1.824200e-02	8.210830e+00
5.430000e-06	-6.135415e-03	8.336269e+00
5.440000e-06	1.233597e-03	8.432503e+00
5.450000e-06	-1.801367e-02	8.484638e+00
5.460000e-06	-1.559443e-02	8.579324e+00
5.470000e-06	-1.842933e-02	8.744062e+00
5.480000e-06	4.686241e-03	8.810924e+00
5.490000e-06	-8.515587e-03	8.861553e+00
5.500000e-06	-1.321764e-02	8.997222e+00
5.510000e-06	-1.424234e-02	9.145161e+00
5.520000e-06	-1.235009e-02	9.209423e+00
5.530000e-06	-6.197403e-03	9.253556e+00
5.540000e-06	-1.458896e-02	9.376838e+00
5.550000e-06	-7.297441e-03	9.379880e+00
5.560000e-06	-1.462571e-02	9.504706e+00
5.570000e-06	-1.108570e-02	9.627274e+00
5.580000e-06	-1.360308e-02	9.630449e+00
5.590000e-06	-1.509084e-02	9.675059e+00
5.600000e-06	-1.536312e-02	9.819692e+00
5.610000e-06	-1.024852e-02	9.892488e+00
5.620000e-06	-3.474516e-03	9.924212e+00
5.630000e-06	-1.550909e-02	9.978344e+00
5.640000e-06	-1.906722e-02	1.000088e+01
5.650000e-06	-1.795776e-02	1.006248e+01
5.660000e-06	-9.334658e-03	1.009456e+01
5.670000e-06	-1.366683e-02	1.014609e+01
5.680000e-06	-1.660388e-02	1.014761e+01
5.690000e-06	-1.622629e-02	1.014882e+01
5.700000e-06	-1.523303e-02	1.021145e+01
5.710000e-06	-1.298324e-02	1.023243e+01
5.720000e-06	-1.709633e-02	1.028243e+01
5.730000e-06	-1.760647e-02	1.028356e+01
5.740000e-06	-1.663330e-02	1.028398e+01
5.750000e-06	-1.210179e-02	1.028304e+01
5.760000e-06	-1.759562e-02	1.028356e+01
5.770000e-06	-2.235680e-02	1.029511e+01
5.780000e-06	-2.194380e-02	1.030559e+01
5.790000e-06	-1.814714e-02	1.029356e+01
5.800000e-06	-1.638861e-02	1.028453e+01
5.810000e-06	-2.013352e-02	1.025151e+01
5.820000e-06	-2.248075e-02	1.023296e+01
5.830000e-06	-2.385832e-02	1.021095e+01
5.840000e-06	-2.282203e-02	1.020975e+01
5.850000e-06	-2.411428e-02	1.015977e+01
5.860000e-06	-2.497943e-02	1.015614e+01
5.870000e-06	-2.615385e-02	1.009509e+01
5.880000e-06	-2.610364e-02	1.005356e+01
5.890000e-06	-2.563320e-02	1.002196e+01
5.900000e-06	-3.026434e-02	9.999899e+00
5.910000e-06	-3.048419e-02	9.938720e+00
5.920000e-06	-3.087148e-02	9.883083e+00
5.930000e-06	-2.826042e-02	9.780371e+00
5.940000e-06	-3.121743e-02	9.725118e+00
5.950000e-06	-3.372481e-02	9.643507e+00
5.960000e-06	-3.417113e-02	9.579852e+00
5.970000e-06	-3.471078e-02	9.504140e+00
5.980000e-06	-3.482687e-02	9.412527e+00
5.990000e-06	-3.595373e-02	9.359794e+00
6.000000e-06	-3.525104e-02	9.315136e+00
6.010000e-06	-3.755665e-02	9.213005e+00
6.020000e-06	-3.869236e-02	9.148376e+00
6.030000e-06	-3.821939e-02	9.014006e+00
6.040000e-06	-4.007585e-02	8.906640e+00
6.050000e-06	-3.809410e-02	8.782481e+00
6.060000e-06	-4.116757e-02	8.735766e+00
6.070000e-06	-3.872956e-02	8.643551e+00
6.080000e-06	-4.230152e-02	8.498291e+00
6.090000e-06	-3.822768e-02	8.451555e+00
6.100000e-06	-4.182610e-02	8.329371e+00
6.110000e-06	-3.935072e-02	8.222405e+00
6.120000e-06	-4.237015e-02	8.106187e+00
6.130000e-06	-3.812029e-02	7.979922e+00
6.140000e-06	-3.975728e-02	7.844028e+00
6.150000e-06	-3.943700e-02	7.707192e+00
6.160000e-06	-4.057398e-02	7.590424e+00
6.170000e-06	-3.739793e-02	7.442932e+00
6.180000e-06	-3.510860e-02	7.263555e+00
6.190000e-06	-3.628554e-02	7.137265e+00
6.200000e-06	-3.468301e-02	7.011980e+00
6.210000e-06	-3.485912e-02	6.823084e+00
6.220000e-06	-3.134625e-02	6.759295e+00
6.230000e-06	-3.044664e-02	6.570950e+00
6.240000e-06	-2.930548e-02	6.391503e+00
6.250000e-06	-2.787473e-02	6.245611e+00
6.260000e-06	-2.604078e-02	6.136839e+00
6.270000e-06	-2.306098e-02	5.992450e+00
6.280000e-06	-2.417389e-02	5.912557e+00
6.290000e-06	-2.258510e-02	5.623055e+00
6.300000e-06	-2.154251e-02	5.475663e+00
6.310000e-06	-1.814616e-02	5.306337e+00
6.320000e-06	-1.893689e-02	5.138800e+00
6.330000e-06	-1.796408e-02	4.877889e+00
6.340000e-06	-1.653106e-02	4.757215e+00
6.350000e-06	-1.434157e-02	4.569421e+00
6.360000e-06	-1.341266e-02	4.422053e+00
6.370000e-06	-1.300212e-02	4.225162e+00
6.380000e-06	-1.324381e-02	4.062555e+00
6.390000e-06	-1.298373e-02	3.854737e+00
6.400000e-06	-1.126949e-02	3.726268e+00
6.410000e-06	-9.852388e-03	3.557423e+00
6.420000e-06	-1.102131e-02	3.307850e+00
6.430000e-06	-9.513119e-03	3.178423e+00
6.440000e-06	-1.114867e-02	3.000476e+00
6.450000e-06	-8.357865e-03	2.811580e+00
6.460000e-06	-9.316096e-03	2.695659e+00
6.470000e-06	-8.658057e-03	2.431999e+00
6.480000e-06	-8.735168e-03	2.203132e+00
6.490000e-06	-6.855258e-03	2.043113e+00
6.500000e-06	-7.727184e-03	1.916915e+00
6.510000e-06	-6.441843e-03	1.714711e+00
6.520000e-06	-7.236552e-03	1.503667e+00
6.530000e-06	-5.736508e-03	1.306792e+00
6.540000e-06	-6.124638e-03	1.115345e+00
6.550000e-06	-6.110667e-03	8.526569e-01
6.560000e-06	-5.793487e-03	6.447882e-01
6.570000e-06	-6.798672e-03	4.973922e-01
6.580000e-06	-5.430815e-03	3.374184e-01
6.590000e-06	-6.068891e-03	8.586616e-02
6.600000e-06	1.731620e-03	-6.255540e-02
6.610000e-06	1.320831e-03	-2.710527e-01
6.620000e-06	-3.870688e-03	-3.784722e-01
6.630000e-06	7.999128e-04	-5.857721e-01
6.640000e-06	-3.899555e-03	-7.878709e-01
6.650000e-06	-4.106498e-04	-9.368131e-01
6.660000e-06	-2.043307e-03	-1.083636e+00
6.670000e-06	1.059057e-02	-1.304631e+00
6.680000e-06	7.873781e-02	-1.543044e+00
6.690000e-06	7.702939e-03	-1.693109e+00
6.700000e-06	-6.949167e-02	-1.986290e+00
6.710000e-06	-1.508690e-02	-2.207372e+00
6.720000e-06	-1.041205e-01	-2.429451e+00
6.730000e-06	6.066380e-02	-2.505610e+00
6.740000e-06	1.513443e-01	-2.587893e+00
6.750000e-06	-2.145463e-01	-2.797871e+00
6.760000e-06	1.668936e-01	-2.999797e+00
6.770000e-06	3.061595e-02	-3.166812e+00
6.780000e-06	-1.804195e-01	-3.376791e+00
6.790000e-06	1.933254e-01	-3.515762e+00
6.800000e-06	-4.006342e-02	-3.652104e+00
6.810000e-06	-1.478869e-01	-3.936288e+00
6.820000e-06	2.155508e-01	-4.050530e+00
6.830000e-06	-1.103011e-01	-4.269528e+00
6.840000e-06	5.999909e-02	-4.399950e+00
6.850000e-06	-2.781867e-02	-4.564716e+00
6.860000e-06	-1.477834e-01	-4.768315e+00
6.870000e-06	2.058575e-01	-4.945612e+00
6.880000e-06	-5.490760e-02	-5.073582e+00
6.890000e-06	-9.998344e-03	-5.353112e+00
6.900000e-06	2.314103e-02	-5.473458e+00
6.910000e-06	-7.016870e-02	-5.694084e+00
6.920000e-06	1.219368e-01	-5.830400e+00
6.930000e-06	-1.137230e-01	-5.976769e+00
6.940000e-06	7.767503e-02	-6.155137e+00
6.950000e-06	1.839712e-03	-6.283532e+00
6.960000e-06	-6.187454e-02	-6.452003e+00
6.970000e-06	1.198308e-01	-6.618821e+00
6.980000e-06	-9.756083e-02	-6.726641e+00
6.990000e-06	6.524276e-02	-6.901004e+00
7.000000e-06	-4.472304e-02	-7.081822e+00
7.010000e-06	1.701536e-02	-7.227695e+00
7.020000e-06	7.590205e-02	-7.324592e+00
7.030000e-06	-7.868589e-02	-7.472404e+00
7.040000e-06	5.307444e-02	-7.589420e+00
7.050000e-06	-4.697538e-02	-7.756064e+00
7.060000e-06	5.643560e-02	-7.965987e+00
7.070000e-06	-9.702457e-03	-8.041428e+00
7.080000e-06	-4.462763e-03	-8.178213e+00
7.090000e-06	4.513462e-02	-8.262503e+00
7.100000e-06	-3.746206e-02	-8.397769e+00
7.110000e-06	2.992878e-02	-8.470029e+00
7.120000e-06	-2.544127e-02	-8.596769e+00
7.130000e-06	4.339721e-02	-8.735113e+00
7.140000e-06	-5.362624e-03	-8.841396e+00
7.150000e-06	-2.468562e-03	-8.895612e+00
7.160000e-06	1.801741e-02	-9.019292e+00
7.170000e-06	-6.576511e-04	-9.065184e+00
7.180000e-06	1.839124e-02	-9.188220e+00
7.190000e-06	-1.428363e-02	-9.240949e+00
7.200000e-06	2.286034e-02	-9.295633e+00
7.210000e-06	3.872066e-03	-9.398725e+00
7.220000e-06	1.157255e-02	-9.533665e+00
7.230000e-06	4.470521e-03	-9.589324e+00
7.240000e-06	2.023183e-03	-9.671556e+00
7.250000e-06	5.032647e-03	-9.704635e+00
7.260000e-06	9.079837e-03	-9.778768e+00
7.270000e-06	2.307572e-02	-9.841877e+00
7.280000e-06	4.764429e-03	-9.894086e+00
7.290000e-06	9.021604e-04	-9.975665e+00
7.300000e-06	3.132693e-03	-9.958241e+00
7.310000e-06	1.678404e-02	-9.999824e+00
7.320000e-06	1.265789e-02	-1.004090e+01
7.330000e-06	4.104491e-03	-1.010453e+01
7.340000e-06	7.006164e-03	-1.011508e+01
7.350000e-06	1.090445e-02	-1.016911e+01
7.360000e-06	1.395569e-02	-1.021060e+01
7.370000e-06	9.457298e-03	-1.023987e+01
7.380000e-06	7.198626e-03	-1.024387e+01
7.390000e-06	9.806830e-03	-1.025338e+01
7.400000e-06	1.580824e-02	-1.030481e+01
7.410000e-06	1.384838e-02	-1.029551e+01
7.420000e-06	9.365399e-03	-1.033508e+01
7.430000e-06	8.449498e-03	-1.033401e+01
7.440000e-06	1.275661e-02	-1.035494e+01
7.450000e-06	1.559682e-02	-1.031653e+01
7.460000e-06	1.671825e-02	-1.034383e+01
7.470000e-06	1.500811e-02	-1.024287e+01
7.480000e-06	1.371249e-02	-1.023026e+01
7.490000e-06	1.458533e-02	-1.022135e+01
7.500000e-06	1.782372e-02	-1.016867e+01
7.510000e-06	1.873276e-02	-1.010714e+01
7.520000e-06	1.844453e-02	-1.010508e+01
7.530000e-06	1.955622e-02	-1.007198e+01
7.540000e-06	2.138647e-02	-1.003993e+01
7.550000e-06	2.035449e-02	-9.949294e+00
7.560000e-06	1.982596e-02	-9.947693e+00
7.570000e-06	2.251980e-02	-9.885111e+00
7.580000e-06	2.511169e-02	-9.872452e+00
7.590000e-06	2.557985e-02	-9.779403e+00
7.600000e-06	2.542136e-02	-9.717714e+00
7.610000e-06	2.553784e-02	-9.705607e+00
7.620000e-06	2.649465e-02	-9.631529e+00
7.630000e-06	2.661000e-02	-9.579347e+00
7.640000e-06	2.876903e-02	-9.506064e+00
7.650000e-06	2.928608e-02	-9.413300e+00
7.660000e-06	2.926089e-02	-9.296636e+00
7.670000e-06	3.036266e-02	-9.191951e+00
7.680000e-06	3.055591e-02	-9.157164e+00
7.690000e-06	3.114601e-02	-9.074882e+00
7.700000e-06	3.214340e-02	-8.946320e+00
7.710000e-06	3.350860e-02	-8.832533e+00
7.720000e-06	3.279422e-02	-8.798949e+00
7.730000e-06	3.222574e-02	-8.695107e+00
7.740000e-06	3.361090e-02	-8.546768e+00
7.750000e-06	3.427556e-02	-8.422477e+00
7.760000e-06	3.430088e-02	-8.347644e+00
7.770000e-06	3.402916e-02	-8.231956e+00
7.780000e-06	3.324309e-02	-8.107162e+00
7.790000e-06	3.300563e-02	-8.010524e+00
7.800000e-06	3.394304e-02	-7.894184e+00
7.810000e-06	3.264388e-02	-7.698538e+00
7.820000e-06	3.085181e-02	-7.577874e+00
7.830000e-06	2.961912e-02	-7.431484e+00
7.840000e-06	3.078315e-02	-7.324138e+00
7.850000e-06	2.969702e-02	-7.199998e+00
7.860000e-06	2.753209e-02	-7.033528e+00
7.870000e-06	2.552084e-02	-6.855028e+00
7.880000e-06	2.575433e-02	-6.745815e+00
7.890000e-06	2.447126e-02	-6.599926e+00
7.900000e-06	2.248749e-02	-6.421636e+00
7.910000e-06	2.033310e-02	-6.357794e+00
7.920000e-06	1.965499e-02	-6.147611e+00
7.930000e-06	1.834640e-02	-5.937872e+00
7.940000e-06	1.639449e-02	-5.813052e+00
7.950000e-06	1.411067e-02	-5.685258e+00
7.960000e-06	1.427658e-02	-5.566822e+00
7.970000e-06	1.215096e-02	-5.276662e+00
7.980000e-06	1.198791e-02	-5.126243e+00
7.990000e-06	8.920839e-03	-4.968192e+00
8.000000e-06	9.366910e-03	-4.757241e+00
8.010000e-06	6.469358e-03	-4.578847e+00
8.020000e-06	7.632082e-03	-4.451573e+00
8.030000e-06	5.959420e-03	-4.254110e+00
8.040000e-06	5.146390e-03	-4.126838e+00
8.050000e-06	4.054595e-03	-3.968944e+00
8.060000e-06	4.057647e-03	-3.750372e+00
8.070000e-06	4.122546e-03	-3.567898e+00
8.080000e-06	3.376771e-03	-3.390926e+00
8.090000e-06	1.067306e-03	-3.200055e+00
8.100000e-06	1.831338e-03	-3.052505e+00
8.110000e-06	-4.412781e-05	-2.823553e+00
8.120000e-06	2.633608e-03	-2.694211e+00
8.130000e-06	-1.447452e-03	-2.465233e+00
8.140000e-06	1.557625e-03	-2.348268e+00
8.150000e-06	-1.351252e-03	-2.054709e+00
8.160000e-06	1.151938e-04	-1.888793e+00
8.170000e-06	-2.245284e-03	-1.748695e+00
8.180000e-06	1.340457e-03	-1.601023e+00
8.190000e-06	-2.224736e-03	-1.284767e+00
8.200000e-06	-7.830934e-05	-1.105340e+00
8.210000e-06	-3.799899e-03	-9.483698e-01
8.220000e-06	-1.860954e-03	-7.789973e-01
8.230000e-06	-2.868440e-03	-4.674472e-01
8.240000e-06	-1.481304e-03	-3.484210e-01
8.250000e-06	-2.512188e-03	-1.604487e-01
8.260000e-06	3.028421e-03	-1.097776e-02
8.270000e-06	4.347435e-03	2.190472e-01
8.280000e-06	-3.429988e-03	4.079487e-01
8.290000e-06	1.884960e-03	5.573421e-01
8.300000e-06	-4.145061e-03	6.961918e-01
8.310000e-06	2.073521e-04	8.626567e-01
8.320000e-06	-2.983525e-03	1.114160e+00
8.330000e-06	5.895258e-03	1.282182e+00
8.340000e-06	1.662187e-02	1.462054e+00
8.350000e-06	7.760134e-02	1.723612e+00
8.360000e-06	-2.190311e-02	1.957767e+00
8.370000e-06	-4.947874e-02	2.145789e+00
8.380000e-06	-3.691634e-02	2.314209e+00
8.390000e-06	-6.530995e-02	2.420529e+00
8.400000e-06	-1.786158e-02	2.578315e+00
8.410000e-06	1.930349e-01	2.807397e+00
8.420000e-06	-1.739920e-01	2.936292e+00
8.430000e-06	3.908826e-02	3.053162e+00
8.440000e-06	9.726890e-02	3.271980e+00
8.450000e-06	-1.380003e-01	3.526140e+00
8.460000e-06	6.857174e-02	3.631029e+00
8.470000e-06	3.383552e-02	3.821397e+00
8.480000e-06	-1.438072e-01	4.029424e+00
8.490000e-06	1.184229e-01	4.177666e+00
8.500000e-06	-1.107449e-02	4.397894e+00
8.510000e-06	-2.475156e-02	4.525812e+00
8.520000e-06	-4.105796e-03	4.736259e+00
8.530000e-06	-7.254469e-02	4.893083e+00
8.540000e-06	5.784460e-02	5.156696e+00
8.550000e-06	1.030148e-02	5.336767e+00
8.560000e-06	3.995514e-04	5.512509e+00
8.570000e-06	-3.808022e-02	5.640476e+00
8.580000e-06	-2.051422e-03	5.850321e+00
8.590000e-06	1.428029e-02	6.009299e+00
8.600000e-06	-4.001913e-02	6.136663e+00
8.610000e-06	1.481569e-02	6.275030e+00
8.620000e-06	-2.259734e-03	6.429450e+00
8.630000e-06	-2.768113e-02	6.618694e+00
8.640000e-06	2.568599e-02	6.756767e+00
8.650000e-06	-3.927576e-02	6.923615e+00
8.660000e-06	-4.442725e-03	7.061004e+00
8.670000e-06	-7.669429e-03	7.197716e+00
8.680000e-06	-1.706270e-03	7.273982e+00
8.690000e-06	1.144366e-02	7.443458e+00
8.700000e-06	-3.357671e-02	7.631826e+00
8.710000e-06	-1.420643e-03	7.748216e+00
8.720000e-06	-2.136961e-02	7.882988e+00
8.730000e-06	9.570581e-03	8.003349e+00
8.740000e-06	-1.666762e-02	8.166270e+00
8.750000e-06	-1.321196e-02	8.264058e+00
8.760000e-06	5.896349e-03	8.409418e+00
8.770000e-06	-1.226744e-02	8.472582e+00
8.780000e-06	-1.228139e-02	8.558740e+00
8.790000e-06	-2.526139e-02	8.652509e+00
8.800000e-06	-9.860670e-04	8.787744e+00
8.810000e-06	-5.741887e-03	8.850927e+00
8.820000e-06	-1.009648e-02	8.945243e+00
8.830000e-06	-1.466527e-02	9.053057e+00
8.840000e-06	-1.262389e-02	9.208318e+00
8.850000e-06	-8.860433e-03	9.262955e+00
8.860000e-06	-1.174294e-02	9.327164e+00
8.870000e-06	-6.806014e-03	9.387322e+00
8.880000e-06	-1.181634e-02	9.464537e+00
8.890000e-06	-1.171847e-02	9.546216e+00
8.900000e-06	-1.645009e-02	9.609899e+00
8.910000e-06	-1.363248e-02	9.653408e+00
8.920000e-06	-1.900758e-02	9.737140e+00
8.930000e-06	-1.102817e-02	9.840778e+00
8.940000e-06	-5.037328e-03	9.905106e+00
8.950000e-06	-8.839985e-03	9.988218e+00
8.960000e-06	-1.768440e-02	1.002143e+01
8.970000e-06	-1.844803e-02	1.002253e+01
8.980000e-06	-1.195895e-02	1.008301e+01
8.990000e-06	-1.369571e-02	1.014463e+01
9.000000e-06	-1.626748e-02	1.012622e+01
9.010000e-06	-1.661661e-02	1.018774e+01
9.020000e-06	-1.374201e-02	1.018880e+01
9.030000e-06	-1.423187e-02	1.023088e+01
9.040000e-06	-1.653492e-02	1.027348e+01
9.050000e-06	-1.733331e-02	1.025248e+01
9.060000e-06	-1.713708e-02	1.027353e+01
9.070000e-06	-1.250682e-02	1.027503e+01
9.080000e-06	-1.711573e-02	1.029259e+01
9.090000e-06	-2.001029e-02	1.029551e+01
9.100000e-06	-2.366584e-02	1.026406e+01
9.110000e-06	-1.811513e-02	1.030411e+01
9.120000e-06	-1.828789e-02	1.028311e+01
9.130000e-06	-1.870415e-02	1.024351e+01
9.140000e-06	-2.201700e-02	1.026093e+01
9.150000e-06	-2.274325e-02	1.025248e+01
9.160000e-06	-2.255002e-02	1.022035e+01
9.170000e-06	-2.483970e-02	1.015737e+01
9.180000e-06	-2.422278e-02	1.013722e+01
9.190000e-06	-2.655522e-02	1.008504e+01
9.200000e-06	-2.483179e-02	1.007308e+01
9.210000e-06	-2.606002e-02	1.005353e+01
9.220000e-06	-2.862192e-02	1.001088e+01
9.230000e-06	-3.002440e-02	9.958400e+00
9.240000e-06	-3.044835e-02	9.905159e+00
9.250000e-06	-2.885237e-02	9.863459e+00
9.260000e-06	-3.120416e-02	9.726643e+00
9.270000e-06	-3.248851e-02	9.663562e+00
9.280000e-06	-3.481457e-02	9.641926e+00
9.290000e-06	-3.620767e-02	9.537269e+00
9.300000e-06	-3.465295e-02	9.483061e+00
9.310000e-06	-3.525180e-02	9.391378e+00
9.320000e-06	-3.439950e-02	9.326217e+00
9.330000e-06	-3.784260e-02	9.284029e+00
9.340000e-06	-3.666870e-02	9.200452e+00
9.350000e-06	-3.980307e-02	9.096042e+00
9.360000e-06	-3.941916e-02	8.959350e+00
9.370000e-06	-4.035024e-02	8.853009e+00
9.380000e-06	-3.879685e-02	8.768297e+00
9.390000e-06	-3.926064e-02	8.653035e+00
9.400000e-06	-4.066683e-02	8.558822e+00
9.410000e-06	-4.086879e-02	8.485085e+00
9.420000e-06	-4.058607e-02	8.390449e+00
9.430000e-06	-4.020970e-02	8.286236e+00
9.440000e-06	-4.135998e-02	8.097220e+00
9.450000e-06	-3.846512e-02	8.052503e+00
9.460000e-06	-3.972284e-02	7.895113e+00
9.470000e-06	-3.901606e-02	7.748894e+00
9.480000e-06	-3.978238e-02	7.654008e+00
9.490000e-06	-3.806595e-02	7.564086e+00
9.500000e-06	-3.754313e-02	7.286740e+00
9.510000e-06	-3.614424e-02	7.190924e+00
9.520000e-06	-3.526109e-02	7.064587e+00
9.530000e-06	-3.322566e-02	6.946165e+00
9.540000e-06	-3.336223e-02	6.801026e+00
9.550000e-06	-3.123727e-02	6.662109e+00
9.560000e-06	-2.944714e-02	6.462582e+00
9.570000e-06	-2.761117e-02	6.325764e+00
9.580000e-06	-2.654482e-02	6.170478e+00
9.590000e-06	-2.557990e-02	6.053607e+00
9.600000e-06	-2.404368e-02	5.926365e+00
9.610000e-06	-2.293022e-02	5.716215e+00
9.620000e-06	-2.059483e-02	5.558817e+00
9.630000e-06	-2.004722e-02	5.400975e+00
9.640000e-06	-1.904338e-02	5.193029e+00
9.650000e-06	-1.679635e-02	5.032949e+00
9.660000e-06	-1.610195e-02	4.791477e+00
9.670000e-06	-1.598400e-02	4.631079e+00
9.680000e-06	-1.515054e-02	4.445733e+00
9.690000e-06	-1.332423e-02	4.307425e+00
9.700000e-06	-1.261315e-02	4.065266e+00
9.710000e-06	-1.199609e-02	3.958321e+00
9.720000e-06	-1.195187e-02	3.769921e+00
9.730000e-06	-1.068833e-02	3.611504e+00
9.740000e-06	-1.022738e-02	3.415163e+00
9.750000e-06	-1.096985e-02	3.212028e+00
9.760000e-06	-9.274385e-03	3.044205e+00
9.770000e-06	-9.794235e-03	2.906716e+00
9.780000e-06	-8.148716e-03	2.728967e+00
9.790000e-06	-9.011281e-03	2.446219e+00
9.800000e-06	-8.554377e-03	2.315792e+00
9.810000e-06	-7.405437e-03	2.097369e+00
9.820000e-06	-7.783997e-03	1.979450e+00
9.830000e-06	-6.468242e-03	1.748401e+00
9.840000e-06	-7.147018e-03	1.551447e+00
9.850000e-06	-7.033414e-03	1.380975e+00
9.860000e-06	-6.905762e-03	1.171575e+00
9.870000e-06	-6.528581e-03	9.195688e-01
9.880000e-06	-5.980982e-03	7.498949e-01
9.890000e-06	-5.669752e-03	5.384224e-01
9.900000e-06	-4.738595e-03	3.806015e-01
9.910000e-06	-5.167305e-03	2.125552e-01
9.920000e-06	-3.262974e-03	-1.945126e-02
9.930000e-06	4.153884e-03	-2.083621e-01
9.940000e-06	-4.735926e-03	-3.383422e-01
9.950000e-06	1.293718e-03	-4.941330e-01
9.960000e-06	-4.902584e-03	-7.451357e-01
9.970000e-06	-1.809418e-04	-8.726329e-01
9.980000e-06	-3.755104e-03	-1.051503e+00
9.990000e-06	5.782555e-03	-1.228447e+00
1.000000e-05	3.784234e-02	-1.368794e+00
1.001000e-05	8.848001e-02	-1.638976e+00
1.002000e-05	-9.068007e-02	-1.842526e+00
1.003000e-05	-5.772053e-05	-2.142557e+00
1.004000e-05	-8.870153e-02	-2.387298e+00
1.005000e-05	-5.614311e-02	-2.472653e+00
1.006000e-05	2.021043e-01	-2.534761e+00
1.007000e-05	-9.616270e-02	-2.704633e+00
1.008000e-05	-6.370622e-02	-2.873717e+00
1.009000e-05	1.984718e-01	-3.115504e+00
1.010000e-05	-2.177271e-01	-3.251055e+00
1.011000e-05	6.601616e-02	-3.512633e+00
1.012000e-05	1.234895e-01	-3.618974e+00
1.013000e-05	-2.136482e-01	-3.893000e+00
1.014000e-05	1.408418e-01	-4.017946e+00
1.015000e-05	5.763987e-02	-4.146741e+00
1.016000e-05	-8.943071e-02	-4.387317e+00
1.017000e-05	1.021875e-01	-4.472555e+00
1.018000e-05	-1.956263e-01	-4.692580e+00
1.019000e-05	1.177684e-01	-4.862535e+00
1.020000e-05	9.303426e-02	-5.030924e+00
1.021000e-05	-1.141925e-01	-5.249451e+00
1.022000e-05	9.539184e-02	-5.399870e+00
1.023000e-05	-1.006323e-01	-5.629874e+00
1.024000e-05	8.760500e-02	-5.776766e+00
1.025000e-05	-2.582415e-02	-5.902562e+00
1.026000e-05	-4.204198e-02	-6.040003e+00
1.027000e-05	1.110132e-01	-6.170944e+00
1.028000e-05	-1.210103e-01	-6.429845e+00
1.029000e-05	1.038849e-01	-6.527737e+00
1.030000e-05	-2.727695e-02	-6.682979e+00
1.031000e-05	-1.795759e-02	-6.859350e+00
1.032000e-05	4.133729e-02	-6.946667e+00
1.033000e-05	-7.135302e-02	-7.175636e+00
1.034000e-05	1.210013e-01	-7.283082e+00
1.035000e-05	-6.331586e-02	-7.408824e+00
1.036000e-05	1.619927e-02	-7.545817e+00
1.037000e-05	-6.253289e-03	-7.671458e+00
1.038000e-05	7.700313e-04	-7.842827e+00
1.039000e-05	4.447685e-02	-7.999324e+00
1.040000e-05	-4.468610e-02	-8.086558e+00
1.041000e-05	5.800824e-02	-8.230924e+00
1.042000e-05	-2.119953e-02	-8.347738e+00
1.043000e-05	8.571020e-03	-8.399401e+00
1.044000e-05	-1.470159e-03	-8.515089e+00
1.045000e-05	5.015243e-03	-8.684429e+00
1.046000e-05	3.260273e-02	-8.817848e+00
1.047000e-05	-2.539482e-02	-8.913058e+00
1.048000e-05	2.814535e-02	-8.968216e+00
1.049000e-05	-4.312653e-03	-9.083404e+00
1.050000e-05	1.710025e-02	-9.146717e+00
1.051000e-05	-5.770617e-03	-9.219375e+00
1.052000e-05	8.719296e-03	-9.295056e+00
1.053000e-05	1.769436e-02	-9.407566e+00
1.054000e-05	3.322797e-04	-9.544933e+00
1.055000e-05	1.321790e-02	-9.588694e+00
1.056000e-05	-5.043872e-04	-9.661877e+00
1.057000e-05	7.467936e-03	-9.695585e+00
1.058000e-05	3.723698e-03	-9.745189e+00
1.059000e-05	1.972636e-02	-9.830446e+00
1.060000e-05	1.301101e-02	-9.871531e+00
1.061000e-05	-6.108276e-04	-9.926611e+00
1.062000e-05	3.318544e-03	-9.937213e+00
1.063000e-05	1.046039e-02	-9.968322e+00
1.064000e-05	1.744303e-02	-1.003090e+01
1.065000e-05	5.484911e-03	-1.003298e+01
1.066000e-05	5.772558e-03	-1.011453e+01
1.067000e-05	1.020649e-02	-1.014614e+01
1.068000e-05	1.298477e-02	-1.020819e+01
1.069000e-05	1.163256e-02	-1.016929e+01
1.070000e-05	6.683821e-03	-1.020075e+01
1.071000e-05	9.127085e-03	-1.030293e+01
1.072000e-05	1.464754e-02	-1.027237e+01
1.073000e-05	1.534508e-02	-1.031291e+01
1.074000e-05	9.898224e-03	-1.033551e+01
1.075000e-05	7.215114e-03	-1.028609e+01
1.076000e-05	1.189713e-02	-1.026545e+01
1.077000e-05	1.591146e-02	-1.031346e+01
1.078000e-05	1.713202e-02	-1.031093e+01
1.079000e-05	1.549450e-02	-1.025396e+01
1.080000e-05	1.358801e-02	-1.022976e+01
1.081000e-05	1.402103e-02	-1.022782e+01
1.082000e-05	1.758927e-02	-1.015819e+01
1.083000e-05	1.921372e-02	-1.012964e+01
1.084000e-05	1.843808e-02	-1.014561e+01
1.085000e-05	1.880608e-02	-1.010555e+01
1.086000e-05	2.119625e-02	-1.004203e+01
1.087000e-05	2.227309e-02	-9.991851e+00
1.088000e-05	2.076179e-02	-9.947220e+00
1.089000e-05	2.107899e-02	-9.894637e+00
1.090000e-05	2.425327e-02	-9.863029e+00
1.091000e-05	2.601174e-02	-9.800876e+00
1.092000e-05	2.444306e-02	-9.798219e+00
1.093000e-05	2.567628e-02	-9.696086e+00
1.094000e-05	2.629375e-02	-9.653553e+00
1.095000e-05	2.737746e-02	-9.611374e+00
1.096000e-05	2.821421e-02	-9.528219e+00
1.097000e-05	2.856209e-02	-9.422878e+00
1.098000e-05	3.009613e-02	-9.330690e+00
1.099000e-05	3.043604e-02	-9.252555e+00
1.100000e-05	3.039284e-02	-9.149269e+00
1.101000e-05	3.058864e-02	-9.055036e+00
1.102000e-05	3.193342e-02	-9.000276e+00
1.103000e-05	3.238208e-02	-8.885535e+00
1.104000e-05	3.301428e-02	-8.790453e+00
1.105000e-05	3.371958e-02	-8.727317e+00
1.106000e-05	3.256969e-02	-8.601377e+00
1.107000e-05	3.266041e-02	-8.494082e+00
1.108000e-05	3.340356e-02	-8.359820e+00
1.109000e-05	3.387661e-02	-8.242582e+00
1.110000e-05	3.450789e-02	-8.149219e+00
1.111000e-05	3.388056e-02	-8.044557e+00
1.112000e-05	3.397624e-02	-7.958820e+00
1.113000e-05	3.179322e-02	-7.749244e+00
1.114000e-05	3.146106e-02	-7.591550e+00
1.115000e-05	3.048047e-02	-7.454560e+00
1.116000e-05	3.100044e-02	-7.359267e+00
1.117000e-05	2.946990e-02	-7.192976e+00
1.118000e-05	2.772698e-02	-7.097110e+00
1.119000e-05	2.671368e-02	-6.887189e+00
1.120000e-05	2.595075e-02	-6.779923e+00
1.121000e-05	2.529219e-02	-6.643055e+00
1.122000e-05	2.225754e-02	-6.485516e+00
1.123000e-05	2.171491e-02	-6.391495e+00
1.124000e-05	1.943741e-02	-6.231924e+00
1.125000e-05	1.926356e-02	-6.000477e+00
1.126000e-05	1.644937e-02	-5.896210e+00
1.127000e-05	1.595199e-02	-5.747268e+00
1.128000e-05	1.405075e-02	-5.601469e+00
1.129000e-05	1.286364e-02	-5.433871e+00
1.130000e-05	1.136258e-02	-5.190947e+00
1.131000e-05	1.095696e-02	-5.042555e+00
1.132000e-05	8.473016e-03	-4.862003e+00
1.133000e-05	8.405808e-03	-4.653080e+00
1.134000e-05	6.302214e-03	-4.454136e+00
1.135000e-05	8.558184e-03	-4.346818e+00
1.136000e-05	3.530642e-03	-4.130446e+00
1.137000e-05	5.389967e-03	-4.009648e+00
1.138000e-05	2.538713e-03	-3.854683e+00
1.139000e-05	5.156131e-03	-3.612025e+00
1.140000e-05	1.150579e-03	-3.493139e+00
1.141000e-05	4.686992e-03	-3.297208e+00
1.142000e-05	1.854287e-03	-3.106867e+00
1.143000e-05	2.289289e-03	-2.885712e+00
1.144000e-05	7.648988e-04	-2.727446e+00
1.145000e-05	2.145512e-04	-2.555971e+00
1.146000e-05	1.014142e-03	-2.371945e+00
1.147000e-05	6.009943e-04	-2.180372e+00
1.148000e-05	8.667640e-04	-2.011500e+00
1.149000e-05	-1.217881e-03	-1.800552e+00
1.150000e-05	5.109496e-04	-1.613129e+00
1.151000e-05	-2.653408e-03	-1.412082e+00
1.152000e-05	1.548124e-04	-1.189975e+00
1.153000e-05	-4.003751e-03	-9.905751e-01
1.154000e-05	-1.200361e-03	-7.620290e-01
1.155000e-05	-2.868838e-03	-6.526378e-01
1.156000e-05	1.797020e-04	-4.021015e-01
1.157000e-05	-3.357398e-03	-2.432054e-01
1.158000e-05	7.332744e-05	-4.476189e-02
1.159000e-05	4.011893e-03	4.466416e-02
1.160000e-05	-7.316164e-04	3.473409e-01
1.161000e-05	8.617414e-04	4.622330e-01
1.162000e-05	-1.396427e-03	6.595829e-01
1.163000e-05	-2.407631e-03	8.495500e-01
1.164000e-05	-3.448535e-03	1.024825e+00
1.165000e-05	2.099656e-03	1.230551e+00
1.166000e-05	7.270020e-03	1.377849e+00
1.167000e-05	5.567589e-02	1.620425e+00
1.168000e-05	4.078321e-02	1.871030e+00
1.169000e-05	-7.126808e-02	2.041030e+00
1.170000e-05	-2.772018e-02	2.261554e+00
1.171000e-05	-5.432013e-02	2.399003e+00
1.172000e-05	-6.932867e-02	2.523713e+00
1.173000e-05	1.455922e-01	2.715211e+00
1.174000e-05	7.302614e-04	2.863109e+00
1.175000e-05	-1.555321e-01	3.019902e+00
1.176000e-05	2.030558e-01	3.197397e+00
1.177000e-05	-1.193517e-01	3.439526e+00
1.178000e-05	-2.118143e-02	3.618429e+00
1.179000e-05	1.132505e-01	3.705660e+00
1.180000e-05	-1.288609e-01	3.965217e+00
1.181000e-05	1.232857e-02	4.073507e+00
1.182000e-05	8.046429e-02	4.334108e+00
1.183000e-05	-5.980228e-02	4.443059e+00
1.184000e-05	1.621848e-02	4.653477e+00
1.185000e-05	-6.546923e-02	4.868953e+00
1.186000e-05	-6.455164e-03	5.020055e+00
1.187000e-05	5.426661e-02	5.282081e+00
1.188000e-05	-7.896492e-03	5.421478e+00
1.189000e-05	-7.710020e-03	5.578866e+00
1.190000e-05	-4.370978e-02	5.736664e+00
1.191000e-05	2.760682e-02	5.966241e+00
1.192000e-05	-2.103750e-02	6.053532e+00
1.193000e-05	-1.801850e-02	6.240377e+00
1.194000e-05	2.902467e-02	6.377819e+00
1.195000e-05	-5.148439e-02	6.505086e+00
1.196000e-05	2.900223e-02	6.695011e+00
1.197000e-05	-1.993598e-02	6.840928e+00
1.198000e-05	-1.725110e-02	6.968374e+00
1.199000e-05	-1.456709e-03	7.134163e+00
1.200000e-05	-1.312020e-02	7.220455e+00
1.201000e-05	1.490501e-02	7.359114e+00
1.202000e-05	-2.230075e-02	7.565170e+00
1.203000e-05	-8.742367e-03	7.704659e+00
1.204000e-05	-1.757215e-02	7.820928e+00
1.205000e-05	-9.037672e-04	7.989279e+00
1.206000e-05	-3.861297e-03	8.074184e+00
1.207000e-05	-1.508640e-02	8.241406e+00
1.208000e-05	-2.364159e-03	8.356290e+00
1.209000e-05	-3.923154e-03	8.452451e+00
1.210000e-05	-1.585566e-02	8.516608e+00
1.211000e-05	-1.696859e-02	8.640974e+00
1.212000e-05	-1.140574e-02	8.726610e+00
1.213000e-05	2.736870e-04	8.831923e+00
1.214000e-05	-9.814680e-03	8.904532e+00
1.215000e-05	-1.358849e-02	9.020275e+00
1.216000e-05	-1.187210e-02	9.157142e+00
1.217000e-05	-1.054856e-02	9.230449e+00
1.218000e-05	-7.740983e-03	9.253584e+00
1.219000e-05	-1.400364e-02	9.385794e+00
1.220000e-05	-9.693544e-03	9.471951e+00
1.221000e-05	-1.274068e-02	9.545588e+00
1.222000e-05	-1.110786e-02	9.580345e+00
1.223000e-05	-1.328959e-02	9.641434e+00
1.224000e-05	-1.768771e-02	9.695111e+00
1.225000e-05	-1.275234e-02	9.790319e+00
1.226000e-05	-8.340939e-03	9.882481e+00
1.227000e-05	-6.623652e-03	9.976691e+00
1.228000e-05	-1.836219e-02	1.001092e+01
1.229000e-05	-1.778282e-02	1.003148e+01
1.230000e-05	-1.383275e-02	1.004251e+01
1.231000e-05	-9.804436e-03	1.010609e+01
1.232000e-05	-1.505076e-02	1.013659e+01
1.233000e-05	-1.723842e-02	1.012720e+01
1.234000e-05	-1.676930e-02	1.017932e+01
1.235000e-05	-1.438761e-02	1.023082e+01
1.236000e-05	-1.371557e-02	1.023198e+01
1.237000e-05	-1.766039e-02	1.027203e+01
1.238000e-05	-1.815361e-02	1.027296e+01
1.239000e-05	-1.527987e-02	1.027456e+01
1.240000e-05	-1.343549e-02	1.029353e+01
1.241000e-05	-1.861594e-02	1.028356e+01
1.242000e-05	-2.382947e-02	1.030403e+01
1.243000e-05	-1.969773e-02	1.027456e+01
1.244000e-05	-1.813921e-02	1.024356e+01
1.245000e-05	-1.805363e-02	1.029251e+01
1.246000e-05	-2.164213e-02	1.024448e+01
1.247000e-05	-2.238997e-02	1.030195e+01
1.248000e-05	-2.234232e-02	1.022085e+01
1.249000e-05	-2.384677e-02	1.018775e+01
1.250000e-05	-2.348853e-02	1.013931e+01
1.251000e-05	-2.630128e-02	1.011814e+01
1.252000e-05	-2.554320e-02	1.005413e+01
1.253000e-05	-2.780489e-02	1.005148e+01
1.254000e-05	-2.566998e-02	1.000248e+01
1.255000e-05	-3.043354e-02	9.979396e+00
1.256000e-05	-3.019917e-02	9.906095e+00
1.257000e-05	-3.058469e-02	9.863381e+00
1.258000e-05	-2.891476e-02	9.808820e+00
1.259000e-05	-3.179359e-02	9.675111e+00
1.260000e-05	-3.370877e-02	9.623475e+00
1.261000e-05	-3.346207e-02	9.558793e+00
1.262000e-05	-3.417046e-02	9.504712e+00
1.263000e-05	-3.562955e-02	9.423431e+00
1.264000e-05	-3.536423e-02	9.378297e+00
1.265000e-05	-3.573945e-02	9.284583e+00
1.266000e-05	-3.712948e-02	9.212004e+00
1.267000e-05	-3.931490e-02	9.158815e+00
1.268000e-05	-3.697795e-02	9.000828e+00
1.269000e-05	-3.952858e-02	8.894611e+00
1.270000e-05	-3.806311e-02	8.800449e+00
1.271000e-05	-4.155892e-02	8.717216e+00
1.272000e-05	-3.812458e-02	8.620953e+00
1.273000e-05	-4.149444e-02	8.485666e+00
1.274000e-05	-3.982227e-02	8.423502e+00
1.275000e-05	-4.207076e-02	8.329293e+00
1.276000e-05	-3.892257e-02	8.180793e+00
1.277000e-05	-3.981055e-02	8.063113e+00
1.278000e-05	-3.794993e-02	7.918816e+00
1.279000e-05	-4.039688e-02	7.821529e+00
1.280000e-05	-3.824971e-02	7.685710e+00
1.281000e-05	-4.007841e-02	7.569819e+00
1.282000e-05	-3.750355e-02	7.372926e+00
1.283000e-05	-3.682718e-02	7.232587e+00
1.284000e-05	-3.427449e-02	7.147740e+00
1.285000e-05	-3.430098e-02	6.989423e+00
1.286000e-05	-3.359940e-02	6.832531e+00
1.287000e-05	-3.317861e-02	6.738815e+00
1.288000e-05	-2.940514e-02	6.498191e+00
1.289000e-05	-2.803657e-02	6.379450e+00
1.290000e-05	-2.737067e-02	6.214558e+00
1.291000e-05	-2.671492e-02	6.055216e+00
1.292000e-05	-2.464799e-02	5.970471e+00
1.293000e-05	-2.278894e-02	5.842002e+00
1.294000e-05	-2.169703e-02	5.581032e+00
1.295000e-05	-2.111812e-02	5.434132e+00
1.296000e-05	-1.947986e-02	5.266216e+00
1.297000e-05	-1.712354e-02	5.165270e+00
1.298000e-05	-1.599838e-02	4.915257e+00
1.299000e-05	-1.785221e-02	4.697315e+00
1.300000e-05	-1.579137e-02	4.537397e+00
1.301000e-05	-1.327383e-02	4.370001e+00
1.302000e-05	-1.276834e-02	4.192399e+00
1.303000e-05	-1.191229e-02	3.979499e+00
1.304000e-05	-1.284626e-02	3.813575e+00
1.305000e-05	-1.149716e-02	3.654162e+00
1.306000e-05	-1.091266e-02	3.538319e+00
1.307000e-05	-1.065812e-02	3.274217e+00
1.308000e-05	-9.969725e-03	3.127317e+00
1.309000e-05	-9.685352e-03	2.938900e+00
1.310000e-05	-9.068072e-03	2.790024e+00
1.311000e-05	-8.953245e-03	2.580526e+00
1.312000e-05	-9.626053e-03	2.359998e+00
1.313000e-05	-8.929162e-03	2.170999e+00
1.314000e-05	-7.030011e-03	2.012582e+00
1.315000e-05	-6.636327e-03	1.854761e+00
1.316000e-05	-6.973096e-03	1.623681e+00
1.317000e-05	-8.031781e-03	1.454108e+00
1.318000e-05	-7.359389e-03	1.265613e+00
1.319000e-05	-6.142076e-03	1.035632e+00
1.320000e-05	-5.996952e-03	7.826290e-01
1.321000e-05	-5.963124e-03	6.127354e-01
1.322000e-05	-5.243199e-03	4.532607e-01
1.323000e-05	-4.747870e-03	3.083382e-01
1.324000e-05	-5.383012e-03	2.528809e-02
1.325000e-05	2.546349e-03	-9.471285e-02
1.326000e-05	-6.852052e-05	-2.631828e-01
1.327000e-05	-3.559143e-03	-4.004513e-01
1.328000e-05	-1.992489e-04	-6.399463e-01
1.329000e-05	-2.940501e-03	-8.200238e-01
1.330000e-05	-7.575911e-04	-9.473646e-01
1.331000e-05	-2.072243e-04	-1.125263e+00
1.332000e-05	1.477430e-02	-1.295684e+00
1.333000e-05	9.675650e-02	-1.564692e+00
1.334000e-05	-3.541754e-02	-1.727241e+00
1.335000e-05	-4.205293e-02	-2.029421e+00
1.336000e-05	-3.878789e-02	-2.301083e+00
1.337000e-05	-1.002382e-01	-2.409999e+00
1.338000e-05	1.227992e-01	-2.504083e+00
1.339000e-05	8.455558e-02	-2.609870e+00
1.340000e-05	-2.074201e-01	-2.872950e+00
1.341000e-05	2.187923e-01	-3.051405e+00
1.342000e-05	-8.082998e-02	-3.219348e+00
1.343000e-05	-1.157197e-01	-3.417926e+00
1.344000e-05	1.983523e-01	-3.557916e+00
1.345000e-05	-1.184593e-01	-3.715609e+00
1.346000e-05	-5.974626e-02	-3.984291e+00
1.347000e-05	1.995024e-01	-4.072104e+00
1.348000e-05	-1.491441e-01	-4.314681e+00
1.349000e-05	1.080161e-01	-4.419952e+00
1.350000e-05	-1.009906e-01	-4.559718e+00
1.351000e-05	-7.158548e-02	-4.828346e+00
1.352000e-05	1.971089e-01	-4.957792e+00
1.353000e-05	-1.058324e-01	-5.186312e+00
1.354000e-05	4.512849e-02	-5.347562e+00
1.355000e-05	-2.898253e-02	-5.566611e+00
1.356000e-05	-1.993952e-02	-5.723157e+00
1.357000e-05	9.365945e-02	-5.883005e+00
1.358000e-05	-1.183406e-01	-5.987319e+00
1.359000e-05	1.139001e-01	-6.147639e+00
1.360000e-05	-5.753851e-02	-6.366611e+00
1.361000e-05	-3.143787e-03	-6.524009e+00
1.362000e-05	8.716454e-02	-6.620349e+00
1.363000e-05	-9.549873e-02	-6.797850e+00
1.364000e-05	7.964925e-02	-6.883082e+00
1.365000e-05	-7.543584e-02	-7.123952e+00
1.366000e-05	6.622317e-02	-7.242429e+00
1.367000e-05	2.915522e-02	-7.385216e+00
1.368000e-05	-5.615036e-02	-7.545610e+00
1.369000e-05	4.550974e-02	-7.611826e+00
1.370000e-05	-4.594604e-02	-7.798666e+00
1.371000e-05	6.660177e-02	-7.927142e+00
1.372000e-05	-3.295465e-02	-8.091530e+00
1.373000e-05	2.230749e-02	-8.188268e+00
1.374000e-05	2.424542e-02	-8.253055e+00
1.375000e-05	-2.951944e-02	-8.368823e+00
1.376000e-05	2.666914e-02	-8.453004e+00
1.377000e-05	-2.427572e-02	-8.639849e+00
1.378000e-05	5.057195e-02	-8.795720e+00
1.379000e-05	-2.128382e-02	-8.840974e+00
1.380000e-05	1.168637e-02	-8.925713e+00
1.381000e-05	1.018749e-02	-9.048826e+00
1.382000e-05	5.193265e-03	-9.096185e+00
1.383000e-05	1.148807e-02	-9.179769e+00
1.384000e-05	-1.033558e-02	-9.261954e+00
1.385000e-05	2.602886e-02	-9.344587e+00
1.386000e-05	-7.564342e-04	-9.450779e+00
1.387000e-05	1.386257e-02	-9.557117e+00
1.388000e-05	-9.010308e-05	-9.619349e+00
1.389000e-05	4.032638e-03	-9.683506e+00
1.390000e-05	3.352449e-03	-9.726088e+00
1.391000e-05	1.405376e-02	-9.789394e+00
1.392000e-05	2.365480e-02	-9.872855e+00
1.393000e-05	1.667312e-03	-9.915559e+00
1.394000e-05	2.639866e-03	-9.925193e+00
1.395000e-05	4.191288e-03	-9.989244e+00
1.396000e-05	1.880447e-02	-1.001038e+01
1.397000e-05	9.262150e-03	-1.005293e+01
1.398000e-05	4.288570e-03	-1.011401e+01
1.399000e-05	6.806827e-03	-1.013564e+01
1.400000e-05	1.239237e-02	-1.017862e+01
1.401000e-05	1.377663e-02	-1.020780e+01
1.402000e-05	1.003648e-02	-1.024077e+01
1.403000e-05	6.949040e-03	-1.018190e+01
1.404000e-05	1.159535e-02	-1.025285e+01
1.405000e-05	1.626022e-02	-1.030301e+01
1.406000e-05	1.223205e-02	-1.028259e+01
1.407000e-05	8.043496e-03	-1.032446e+01
1.408000e-05	8.378286e-03	-1.031648e+01
1.409000e-05	1.481311e-02	-1.034509e+01
1.410000e-05	1.763246e-02	-1.026453e+01
1.411000e-05	1.745334e-02	-1.027190e+01
1.412000e-05	1.513714e-02	-1.028144e+01
1.413000e-05	1.284590e-02	-1.022825e+01
1.414000e-05	1.602297e-02	-1.020119e+01
1.415000e-05	1.772422e-02	-1.016769e+01
1.416000e-05	1.847835e-02	-1.010566e+01
1.417000e-05	1.770904e-02	-1.006456e+01
1.418000e-05	2.060517e-02	-1.005248e+01
1.419000e-05	2.266758e-02	-9.979875e+00
1.420000e-05	1.968228e-02	-9.978267e+00
1.421000e-05	2.096574e-02	-9.956742e+00
1.422000e-05	2.292216e-02	-9.893558e+00
1.423000e-05	2.639408e-02	-9.852953e+00
1.424000e-05	2.483192e-02	-9.790246e+00
1.425000e-05	2.545600e-02	-9.736144e+00
1.426000e-05	2.627841e-02	-9.645081e+00
1.427000e-05	2.670105e-02	-9.642001e+00
1.428000e-05	2.693537e-02	-9.578269e+00
1.429000e-05	2.736112e-02	-9.473516e+00
1.430000e-05	3.087439e-02	-9.388794e+00
1.431000e-05	3.026765e-02	-9.275031e+00
1.432000e-05	3.042775e-02	-9.190372e+00
1.433000e-05	2.996190e-02	-9.145692e+00
1.434000e-05	3.118555e-02	-9.060950e+00
1.435000e-05	3.262847e-02	-8.926265e+00
1.436000e-05	3.231449e-02	-8.833006e+00
1.437000e-05	3.360951e-02	-8.790921e+00
1.438000e-05	3.153768e-02	-8.677085e+00
1.439000e-05	3.354735e-02	-8.506216e+00
1.440000e-05	3.368183e-02	-8.429952e+00
1.441000e-05	3.435621e-02	-8.307216e+00
1.442000e-05	3.307548e-02	-8.220477e+00
1.443000e-05	3.468267e-02	-8.074115e+00
1.444000e-05	3.335672e-02	-7.979473e+00
1.445000e-05	3.329802e-02	-7.844052e+00
1.446000e-05	3.005014e-02	-7.716582e+00
1.447000e-05	2.984521e-02	-7.546719e+00
1.448000e-05	3.091183e-02	-7.400428e+00
1.449000e-05	3.112466e-02	-7.204058e+00
1.450000e-05	2.970496e-02	-7.167424e+00
1.451000e-05	2.662655e-02	-7.012850e+00
1.452000e-05	2.588904e-02	-6.820952e+00
1.453000e-05	2.498727e-02	-6.714637e+00
1.454000e-05	2.331099e-02	-6.569442e+00
1.455000e-05	2.169139e-02	-6.441975e+00
1.456000e-05	2.031078e-02	-6.284141e+00
1.457000e-05	2.020869e-02	-6.055109e+00
1.458000e-05	1.832565e-02	-5.937771e+00
1.459000e-05	1.700616e-02	-5.800978e+00
1.460000e-05	1.348780e-02	-5.644004e+00
1.461000e-05	1.269440e-02	-5.482241e+00
1.462000e-05	1.181072e-02	-5.245161e+00
1.463000e-05	1.156577e-02	-5.105688e+00
1.464000e-05	1.005047e-02	-4.918741e+00
1.465000e-05	8.690661e-03	-4.696188e+00
1.466000e-05	5.964342e-03	-4.556813e+00
1.467000e-05	7.821541e-03	-4.379973e+00
1.468000e-05	5.788118e-03	-4.233058e+00
1.469000e-05	6.564491e-03	-4.004132e+00
1.470000e-05	4.315718e-03	-3.917894e+00
1.471000e-05	3.924106e-03	-3.685817e+00
1.472000e-05	3.054253e-03	-3.559316e+00
1.473000e-05	4.065971e-03	-3.348975e+00
1.474000e-05	2.524959e-03	-3.210504e+00
1.475000e-05	1.745540e-03	-2.980453e+00
1.476000e-05	2.660064e-04	-2.780027e+00
1.477000e-05	1.939390e-03	-2.613553e+00
1.478000e-05	-1.628629e-03	-2.443104e+00
1.479000e-05	1.885590e-05	-2.264812e+00
1.480000e-05	-6.259887e-04	-2.022631e+00
1.481000e-05	2.296708e-03	-1.894236e+00
1.482000e-05	-4.497112e-04	-1.696741e+00
1.483000e-05	1.146950e-03	-1.547920e+00
1.484000e-05	-1.781477e-03	-1.243680e+00
1.485000e-05	-1.373171e-03	-1.096209e+00
1.486000e-05	-3.025132e-03	-8.637608e-01
1.487000e-05	-2.090982e-03	-7.278396e-01
1.488000e-05	-1.831138e-03	-5.136869e-01
1.489000e-05	-2.419297e-03	-3.279170e-01
1.490000e-05	-8.985778e-04	-1.369474e-01
1.491000e-05	3.361305e-03	3.050264e-02
1.492000e-05	3.907345e-03	2.249239e-01
1.493000e-05	-2.951057e-03	4.389766e-01
1.494000e-05	2.149068e-03	5.673462e-01
1.495000e-05	-4.084471e-03	7.868944e-01
1.496000e-05	-1.395991e-03	8.921070e-01
1.497000e-05	-2.793413e-03	1.195663e+00
1.498000e-05	6.011907e-03	1.324740e+00
1.499000e-05	2.696978e-02	1.494687e+00
1.500000e-05	7.663687e-02	1.807896e+00
1.501000e-05	-4.835470e-02	2.007851e+00
1.502000e-05	-3.702506e-02	2.197820e+00
1.503000e-05	-4.345861e-02	2.356394e+00
1.504000e-05	-7.170940e-02	2.461057e+00
1.505000e-05	2.860449e-02	2.670425e+00
1.506000e-05	1.612621e-01	2.820998e+00
1.507000e-05	-2.073999e-01	2.977398e+00
1.508000e-05	1.306728e-01	3.117162e+00
1.509000e-05	1.318341e-02	3.323560e+00
1.510000e-05	-1.131215e-01	3.536893e+00
1.511000e-05	1.027042e-01	3.661004e+00
1.512000e-05	-2.270682e-02	3.882001e+00
1.513000e-05	-1.123026e-01	4.029002e+00
1.514000e-05	1.315879e-01	4.210447e+00
1.515000e-05	-4.185850e-02	4.419998e+00
1.516000e-05	-4.676168e-03	4.598767e+00
1.517000e-05	-2.660617e-02	4.806816e+00
1.518000e-05	-6.336310e-02	4.927786e+00
1.519000e-05	7.200835e-02	5.198345e+00
1.520000e-05	-2.971987e-03	5.408294e+00
1.521000e-05	2.647675e-03	5.545764e+00
1.522000e-05	-4.745640e-02	5.684127e+00
1.523000e-05	1.605566e-02	5.910031e+00
1.524000e-05	4.965426e-03	6.010450e+00
1.525000e-05	-3.875365e-02	6.186770e+00
1.526000e-05	2.809240e-02	6.315586e+00
1.527000e-05	-2.299219e-02	6.461453e+00
1.528000e-05	-7.716383e-03	6.579274e+00
1.529000e-05	1.361768e-02	6.798922e+00
1.530000e-05	-3.406965e-02	6.934139e+00
1.531000e-05	-5.049020e-04	7.051559e+00
1.532000e-05	-1.064865e-02	7.209371e+00
1.533000e-05	3.832708e-03	7.316061e+00
1.534000e-05	2.310600e-03	7.493134e+00
1.535000e-05	-2.753542e-02	7.642430e+00
1.536000e-05	-3.790151e-03	7.788295e+00
1.537000e-05	-1.690885e-02	7.926163e+00
1.538000e-05	8.665002e-03	8.073006e+00
1.539000e-05	-1.754639e-02	8.169271e+00
1.540000e-05	-9.576772e-03	8.326036e+00
1.541000e-05	4.028199e-03	8.429398e+00
1.542000e-05	-1.687937e-02	8.514160e+00
1.543000e-05	-1.308263e-02	8.608270e+00
1.544000e-05	-2.294270e-02	8.644135e+00
1.545000e-05	4.642822e-03	8.819871e+00
1.546000e-05	-7.714433e-03	8.830955e+00
1.547000e-05	-1.071356e-02	8.971190e+00
1.548000e-05	-1.522152e-02	9.122633e+00
1.549000e-05	-1.220501e-02	9.209397e+00
1.550000e-05	-7.365177e-03	9.293028e+00
1.551000e-05	-1.432729e-02	9.317666e+00
1.552000e-05	-6.972969e-03	9.399894e+00
1.553000e-05	-1.359275e-02	9.513607e+00
1.554000e-05	-1.004429e-02	9.569694e+00
1.555000e-05	-1.424485e-02	9.621447e+00
1.556000e-05	-1.383355e-02	9.694531e+00
1.557000e-05	-1.779524e-02	9.759191e+00
1.558000e-05	-1.094525e-02	9.893833e+00
1.559000e-05	-4.812137e-03	9.906087e+00
1.560000e-05	-1.271973e-02	9.957287e+00
1.561000e-05	-1.785726e-02	1.000093e+01
1.562000e-05	-1.865372e-02	1.002295e+01
1.563000e-05	-1.045036e-02	1.010403e+01
1.564000e-05	-1.391913e-02	1.014471e+01
1.565000e-05	-1.614597e-02	1.012767e+01
1.566000e-05	-1.646801e-02	1.015822e+01
1.567000e-05	-1.511548e-02	1.020885e+01
1.568000e-05	-1.398430e-02	1.019998e+01
1.569000e-05	-1.690776e-02	1.025243e+01
1.570000e-05	-1.873359e-02	1.029301e+01
1.571000e-05	-1.653975e-02	1.026344e+01
1.572000e-05	-1.266501e-02	1.031459e+01
1.573000e-05	-1.797582e-02	1.027406e+01
1.574000e-05	-2.070564e-02	1.026304e+01
1.575000e-05	-2.256182e-02	1.031411e+01
1.576000e-05	-1.823500e-02	1.028453e+01
1.577000e-05	-1.872161e-02	1.026251e+01
1.578000e-05	-2.089881e-02	1.028251e+01
1.579000e-05	-2.227502e-02	1.024191e+01
1.580000e-05	-2.303140e-02	1.019085e+01
1.581000e-05	-2.253400e-02	1.021035e+01
1.582000e-05	-2.453598e-02	1.014827e+01
1.583000e-05	-2.497048e-02	1.013664e+01
1.584000e-05	-2.605470e-02	1.009464e+01
1.585000e-05	-2.570139e-02	1.007458e+01
1.586000e-05	-2.569919e-02	1.003250e+01
1.587000e-05	-2.871371e-02	1.005045e+01
1.588000e-05	-3.058975e-02	9.917347e+00
1.589000e-05	-3.065555e-02	9.923088e+00
1.590000e-05	-2.854347e-02	9.791853e+00
1.591000e-05	-3.170046e-02	9.716715e+00
1.592000e-05	-3.167297e-02	9.683057e+00
1.593000e-05	-3.421528e-02	9.580349e+00
1.594000e-05	-3.517260e-02	9.546265e+00
1.595000e-05	-3.550859e-02	9.473612e+00
1.596000e-05	-3.587165e-02	9.409449e+00
1.597000e-05	-3.434368e-02	9.305711e+00
1.598000e-05	-3.762999e-02	9.243029e+00
1.599000e-05	-3.696110e-02	9.160445e+00
1.600000e-05	-3.933545e-02	9.102083e+00
1.601000e-05	-3.804845e-02	8.979690e+00
1.602000e-05	-3.854507e-02	8.832003e+00
1.603000e-05	-3.915123e-02	8.777295e+00
1.604000e-05	-3.907539e-02	8.641035e+00
1.605000e-05	-4.099688e-02	8.568819e+00
1.606000e-05	-3.947819e-02	8.473582e+00
1.607000e-05	-4.070493e-02	8.380399e+00
1.608000e-05	-4.010189e-02	8.294158e+00
1.609000e-05	-4.133925e-02	8.106762e+00
1.610000e-05	-3.795956e-02	8.000926e+00
1.611000e-05	-4.075306e-02	7.842613e+00
1.612000e-05	-3.911873e-02	7.738425e+00
1.613000e-05	-4.109263e-02	7.601531e+00
1.614000e-05	-3.708421e-02	7.505138e+00
1.615000e-05	-3.704212e-02	7.315711e+00
1.616000e-05	-3.523631e-02	7.167298e+00
1.617000e-05	-3.532355e-02	7.010553e+00
1.618000e-05	-3.371247e-02	6.894137e+00
1.619000e-05	-3.334226e-02	6.787924e+00
1.620000e-05	-3.123680e-02	6.572381e+00
1.621000e-05	-2.884155e-02	6.403028e+00
1.622000e-05	-2.852660e-02	6.294711e+00
1.623000e-05	-2.624794e-02	6.138848e+00
1.624000e-05	-2.525925e-02	6.010004e+00
1.625000e-05	-2.438104e-02	5.886740e+00
1.626000e-05	-2.257583e-02	5.673167e+00
1.627000e-05	-2.109943e-02	5.486894e+00
1.628000e-05	-1.915833e-02	5.368849e+00
1.629000e-05	-1.952887e-02	5.190479e+00
1.630000e-05	-1.691752e-02	4.926849e+00
1.631000e-05	-1.577687e-02	4.757372e+00
1.632000e-05	-1.584528e-02	4.601478e+00
1.633000e-05	-1.557505e-02	4.423156e+00
1.634000e-05	-1.418896e-02	4.305666e+00
1.635000e-05	-1.166144e-02	4.062604e+00
1.636000e-05	-1.200549e-02	3.897338e+00
1.637000e-05	-1.174655e-02	3.728851e+00
1.638000e-05	-1.217286e-02	3.600452e+00
1.639000e-05	-1.035224e-02	3.379503e+00
1.640000e-05	-1.018021e-02	3.201001e+00
1.641000e-05	-1.007353e-02	3.012607e+00
1.642000e-05	-1.004252e-02	2.854134e+00
1.643000e-05	-9.547418e-03	2.717241e+00
1.644000e-05	-8.682629e-03	2.484613e+00
1.645000e-05	-9.077558e-03	2.234232e+00
1.646000e-05	-7.369340e-03	2.065765e+00
1.647000e-05	-8.634809e-03	1.958895e+00
1.648000e-05	-7.261772e-03	1.708867e+00
1.649000e-05	-7.302394e-03	1.538951e+00
1.650000e-05	-6.168456e-03	1.328970e+00
1.651000e-05	-7.227432e-03	1.127893e+00
1.652000e-05	-6.241913e-03	8.448597e-01
1.653000e-05	-5.718774e-03	7.273646e-01
1.654000e-05	-4.853720e-03	5.468923e-01
1.655000e-05	-5.442330e-03	3.805237e-01
1.656000e-05	-5.242803e-03	1.500172e-01
1.657000e-05	-1.596142e-03	-5.999751e-02
1.658000e-05	3.487703e-03	-2.194215e-01
1.659000e-05	-5.234771e-03	-3.678432e-01
1.660000e-05	1.542317e-03	-4.732381e-01
1.661000e-05	-4.474037e-03	-7.687932e-01
1.662000e-05	8.244191e-04	-9.746330e-01
1.663000e-05	-4.098708e-03	-1.011055e+00
1.664000e-05	7.177687e-03	-1.260051e+00
1.665000e-05	5.632524e-02	-1.431975e+00
1.666000e-05	5.745215e-02	-1.680529e+00
1.667000e-05	-8.971580e-02	-1.905112e+00
1.668000e-05	-1.683293e-04	-2.216142e+00
1.669000e-05	-9.990947e-02	-2.366417e+00
1.670000e-05	-6.471139e-03	-2.463629e+00
1.671000e-05	1.953061e-01	-2.556267e+00
1.672000e-05	-1.741505e-01	-2.756766e+00
1.673000e-05	5.083883e-02	-2.967189e+00
1.674000e-05	1.397652e-01	-3.115636e+00
1.675000e-05	-2.161706e-01	-3.337186e+00
1.676000e-05	1.394038e-01	-3.514584e+00
1.677000e-05	4.742859e-02	-3.629476e+00
1.678000e-05	-2.003819e-01	-3.952529e+00
1.679000e-05	2.014711e-01	-4.020422e+00
1.680000e-05	-2.850601e-02	-4.228340e+00
1.681000e-05	-1.998386e-02	-4.407925e+00
1.682000e-05	4.828653e-02	-4.502609e+00
1.683000e-05	-1.885706e-01	-4.757158e+00
1.684000e-05	1.814187e-01	-4.925059e+00
1.685000e-05	1.969210e-02	-5.061428e+00
1.686000e-05	-7.660567e-02	-5.301983e+00
1.687000e-05	7.202715e-02	-5.412349e+00
1.688000e-05	-9.762313e-02	-5.579849e+00
1.689000e-05	1.198499e-01	-5.829273e+00
1.690000e-05	-7.864811e-02	-5.935710e+00
1.691000e-05	1.664607e-02	-6.083582e+00
1.692000e-05	6.771558e-02	-6.250999e+00
1.693000e-05	-1.068170e-01	-6.429424e+00
1.694000e-05	1.250432e-01	-6.557740e+00
1.695000e-05	-7.458847e-02	-6.715233e+00
1.696000e-05	2.654251e-02	-6.853000e+00
1.697000e-05	2.981855e-03	-6.968741e+00
1.698000e-05	-3.423593e-02	-7.219195e+00
1.699000e-05	1.099769e-01	-7.313138e+00
1.700000e-05	-8.503620e-02	-7.460950e+00
1.701000e-05	4.198943e-02	-7.579219e+00
1.702000e-05	-2.932236e-02	-7.785486e+00
1.703000e-05	3.075421e-02	-7.874459e+00
1.704000e-05	1.906388e-02	-8.030422e+00
1.705000e-05	-3.202765e-02	-8.145636e+00
1.706000e-05	5.953824e-02	-8.251374e+00
1.707000e-05	-3.551257e-02	-8.346693e+00
1.708000e-05	2.423899e-02	-8.451952e+00
1.709000e-05	-1.754308e-02	-8.577140e+00
1.710000e-05	2.641704e-02	-8.726487e+00
1.711000e-05	1.467685e-02	-8.799326e+00
1.712000e-05	-1.605407e-02	-8.905533e+00
1.713000e-05	2.512732e-02	-9.008769e+00
1.714000e-05	-5.837009e-03	-9.063533e+00
1.715000e-05	2.067715e-02	-9.147742e+00
1.716000e-05	-1.053442e-02	-9.240401e+00
1.717000e-05	1.820395e-02	-9.305063e+00
1.718000e-05	9.307990e-03	-9.396744e+00
1.719000e-05	4.073026e-03	-9.536536e+00
1.720000e-05	9.862668e-03	-9.588345e+00
1.721000e-05	1.375922e-03	-9.643979e+00
1.722000e-05	7.668635e-03	-9.714062e+00
1.723000e-05	4.643593e-03	-9.767169e+00
1.724000e-05	2.290580e-02	-9.812353e+00
1.725000e-05	8.449897e-03	-9.904507e+00
1.726000e-05	1.717942e-03	-9.956612e+00
1.727000e-05	2.472231e-03	-9.989192e+00
1.728000e-05	1.395778e-02	-1.001037e+01
1.729000e-05	1.519175e-02	-1.003245e+01
1.730000e-05	6.607892e-03	-1.005095e+01
1.731000e-05	5.055517e-03	-1.010653e+01
1.732000e-05	1.080596e-02	-1.015707e+01
1.733000e-05	1.215156e-02	-1.017824e+01
1.734000e-05	1.245201e-02	-1.022027e+01
1.735000e-05	8.387736e-03	-1.023231e+01
1.736000e-05	1.015921e-02	-1.024138e+01
1.737000e-05	1.491746e-02	-1.030143e+01
1.738000e-05	1.362871e-02	-1.030403e+01
1.739000e-05	9.528370e-03	-1.033252e+01
1.740000e-05	8.614521e-03	-1.031456e+01
1.741000e-05	1.242723e-02	-1.027499e+01
1.742000e-05	1.571763e-02	-1.031449e+01
1.743000e-05	1.651559e-02	-1.024138e+01
1.744000e-05	1.692239e-02	-1.029223e+01
1.745000e-05	1.481118e-02	-1.022343e+01
1.746000e-05	1.551131e-02	-1.020977e+01
1.747000e-05	1.565165e-02	-1.016917e+01
1.748000e-05	1.857656e-02	-1.016721e+01
1.749000e-05	1.875749e-02	-1.012456e+01
1.750000e-05	2.092837e-02	-1.006401e+01
1.751000e-05	2.111798e-02	-1.002142e+01
1.752000e-05	2.062441e-02	-9.978377e+00
1.753000e-05	1.924003e-02	-9.956715e+00
1.754000e-05	2.269450e-02	-9.895160e+00
1.755000e-05	2.542631e-02	-9.853633e+00
1.756000e-05	2.531964e-02	-9.810401e+00
1.757000e-05	2.365373e-02	-9.749213e+00
1.758000e-05	2.585294e-02	-9.706530e+00
1.759000e-05	2.753129e-02	-9.662503e+00
1.760000e-05	2.738071e-02	-9.579973e+00
1.761000e-05	2.565163e-02	-9.507618e+00
1.762000e-05	2.824110e-02	-9.430356e+00
1.763000e-05	2.992974e-02	-9.326590e+00
1.764000e-05	3.115843e-02	-9.232928e+00
1.765000e-05	2.973608e-02	-9.147243e+00
1.766000e-05	2.973291e-02	-9.074031e+00
1.767000e-05	3.161222e-02	-8.978397e+00
1.768000e-05	3.343730e-02	-8.863657e+00
1.769000e-05	3.333596e-02	-8.790949e+00
1.770000e-05	3.149492e-02	-8.716561e+00
1.771000e-05	3.192878e-02	-8.539748e+00
1.772000e-05	3.347990e-02	-8.442030e+00
1.773000e-05	3.518069e-02	-8.357821e+00
1.774000e-05	3.479854e-02	-8.264583e+00
1.775000e-05	3.368539e-02	-8.157695e+00
1.776000e-05	3.274064e-02	-8.021001e+00
1.777000e-05	3.279836e-02	-7.926213e+00
1.778000e-05	3.218840e-02	-7.719692e+00
1.779000e-05	2.989570e-02	-7.580430e+00
1.780000e-05	3.013519e-02	-7.452611e+00
1.781000e-05	3.130933e-02	-7.318109e+00
1.782000e-05	3.042992e-02	-7.220472e+00
1.783000e-05	2.840863e-02	-7.021984e+00
1.784000e-05	2.591963e-02	-6.834637e+00
1.785000e-05	2.564165e-02	-6.747341e+00
1.786000e-05	2.548714e-02	-6.581958e+00
1.787000e-05	2.205298e-02	-6.464009e+00
1.788000e-05	2.089306e-02	-6.357372e+00
1.789000e-05	1.988137e-02	-6.200243e+00
1.790000e-05	1.833813e-02	-5.989453e+00
1.791000e-05	1.664598e-02	-5.814009e+00
1.792000e-05	1.536641e-02	-5.726711e+00
1.793000e-05	1.431719e-02	-5.548891e+00
1.794000e-05	1.243677e-02	-5.377345e+00
1.795000e-05	1.097330e-02	-5.168924e+00
1.796000e-05	1.076284e-02	-4.930949e+00
1.797000e-05	8.435687e-03	-4.777397e+00
1.798000e-05	6.347147e-03	-4.579949e+00
1.799000e-05	7.774526e-03	-4.434081e+00
1.800000e-05	8.873501e-03	-4.308188e+00
1.801000e-05	4.546757e-03	-4.118324e+00
1.802000e-05	4.224181e-03	-3.959974e+00
1.803000e-05	2.552574e-03	-3.781479e+00
1.804000e-05	4.530602e-03	-3.581025e+00
1.805000e-05	2.029685e-03	-3.462553e+00
1.806000e-05	3.052781e-03	-3.234134e+00
1.807000e-05	2.413437e-03	-3.115563e+00
1.808000e-05	2.257936e-03	-2.823579e+00
1.809000e-05	1.345261e-03	-2.684263e+00
1.810000e-05	-1.119957e-03	-2.506267e+00
1.811000e-05	1.198946e-03	-2.349491e+00
1.812000e-05	4.033815e-04	-2.077293e+00
1.813000e-05	1.566520e-04	-1.979850e+00
1.814000e-05	-2.038075e-03	-1.769399e+00
1.815000e-05	4.694698e-04	-1.601080e+00
1.816000e-05	-2.114316e-03	-1.359953e+00
1.817000e-05	-1.027431e-03	-1.168420e+00
1.818000e-05	-2.851663e-03	-9.589474e-01
1.819000e-05	-2.709230e-04	-7.984488e-01
1.820000e-05	-2.811580e-03	-5.310012e-01
1.821000e-05	-1.532889e-03	-4.100012e-01
1.822000e-05	-4.163311e-03	-2.216264e-01
1.823000e-05	1.036814e-03	-2.473395e-02
1.824000e-05	3.970384e-03	1.472609e-01
1.825000e-05	-3.434143e-03	3.769232e-01
1.826000e-05	1.933475e-03	5.252634e-01
1.827000e-05	-2.355314e-03	7.021854e-01
1.828000e-05	-8.102506e-04	8.095040e-01
1.829000e-05	-3.659782e-03	1.079954e+00
1.830000e-05	3.245688e-03	1.262034e+00
1.831000e-05	1.005214e-02	1.399026e+00
1.832000e-05	6.763785e-02	1.662110e+00
1.833000e-05	1.227388e-02	1.933742e+00
1.834000e-05	-6.498723e-02	2.094634e+00
1.835000e-05	-3.109302e-02	2.302608e+00
1.836000e-05	-5.972933e-02	2.391000e+00
1.837000e-05	-5.105615e-02	2.527295e+00
1.838000e-05	1.830324e-01	2.727763e+00
1.839000e-05	-9.256022e-02	2.905639e+00
1.840000e-05	-7.238999e-02	3.052528e+00
1.841000e-05	1.689854e-01	3.210376e+00
1.842000e-05	-1.420870e-01	3.462980e+00
1.843000e-05	2.074113e-02	3.609500e+00
1.844000e-05	8.379359e-02	3.746366e+00
1.845000e-05	-1.497824e-01	3.989421e+00
1.846000e-05	7.681587e-02	4.063662e+00
1.847000e-05	3.730243e-02	4.347320e+00
1.848000e-05	-4.671435e-02	4.506134e+00
1.849000e-05	9.197684e-03	4.683504e+00
1.850000e-05	-7.362197e-02	4.890955e+00
1.851000e-05	2.748117e-02	5.073683e+00
1.852000e-05	3.403704e-02	5.275031e+00
1.853000e-05	-5.497378e-03	5.452057e+00
1.854000e-05	-2.054086e-02	5.589398e+00
1.855000e-05	-2.466456e-02	5.769720e+00
1.856000e-05	2.401302e-02	5.996846e+00
1.857000e-05	-3.203731e-02	6.114138e+00
1.858000e-05	-1.931695e-03	6.262528e+00
1.859000e-05	1.719011e-02	6.407871e+00
1.860000e-05	-4.623234e-02	6.525158e+00
1.861000e-05	3.174879e-02	6.705137e+00
1.862000e-05	-3.248986e-02	6.893007e+00
1.863000e-05	-1.117166e-02	7.009423e+00
1.864000e-05	-3.232336e-03	7.104191e+00
1.865000e-05	-9.113334e-03	7.269979e+00
1.866000e-05	1.864543e-02	7.419746e+00
1.867000e-05	-2.822970e-02	7.648345e+00
1.868000e-05	-2.574402e-03	7.725661e+00
1.869000e-05	-2.342339e-02	7.852054e+00
1.870000e-05	4.098463e-03	8.010919e+00
1.871000e-05	-1.123627e-02	8.136715e+00
1.872000e-05	-1.413223e-02	8.273433e+00
1.873000e-05	1.484510e-03	8.389219e+00
1.874000e-05	-7.507027e-03	8.473533e+00
1.875000e-05	-1.291076e-02	8.535145e+00
1.876000e-05	-2.059806e-02	8.680949e+00
1.877000e-05	-5.045344e-03	8.774294e+00
1.878000e-05	-4.166947e-03	8.819478e+00
1.879000e-05	-9.417242e-03	8.925613e+00
1.880000e-05	-1.543938e-02	9.062320e+00
1.881000e-05	-1.194324e-02	9.145766e+00
1.882000e-05	-1.162999e-02	9.241524e+00
1.883000e-05	-1.062658e-02	9.315562e+00
1.884000e-05	-9.890898e-03	9.388300e+00
1.885000e-05	-9.149012e-03	9.430902e+00
1.886000e-05	-1.115789e-02	9.565689e+00
1.887000e-05	-1.451750e-02	9.600375e+00
1.888000e-05	-1.288794e-02	9.642981e+00
1.889000e-05	-1.867428e-02	9.686565e+00
1.890000e-05	-1.202951e-02	9.801247e+00
1.891000e-05	-8.496140e-03	9.882487e+00
1.892000e-05	-7.825137e-03	9.977717e+00
1.893000e-05	-1.821063e-02	9.999349e+00
1.894000e-05	-1.812074e-02	1.003143e+01
1.895000e-05	-1.237475e-02	1.006303e+01
1.896000e-05	-1.215703e-02	1.008564e+01
1.897000e-05	-1.483165e-02	1.013561e+01
1.898000e-05	-1.761818e-02	1.013667e+01
1.899000e-05	-1.472631e-02	1.015780e+01
1.900000e-05	-1.672820e-02	1.021128e+01
1.901000e-05	-1.529448e-02	1.025143e+01
1.902000e-05	-1.954965e-02	1.023301e+01
1.903000e-05	-1.644864e-02	1.025358e+01
1.904000e-05	-1.330092e-02	1.028303e+01
1.905000e-05	-1.539509e-02	1.028416e+01
1.906000e-05	-1.936698e-02	1.027604e+01
1.907000e-05	-2.365130e-02	1.030396e+01
1.908000e-05	-1.825572e-02	1.026458e+01
1.909000e-05	-1.887457e-02	1.025501e+01
1.910000e-05	-1.895705e-02	1.026353e+01
1.911000e-05	-2.277025e-02	1.025153e+01
1.912000e-05	-2.204628e-02	1.026140e+01
1.913000e-05	-2.196276e-02	1.017148e+01
1.914000e-05	-2.371115e-02	1.015930e+01
1.915000e-05	-2.431897e-02	1.013664e+01
1.916000e-05	-2.643410e-02	1.011469e+01
1.917000e-05	-2.428040e-02	1.008509e+01
1.918000e-05	-2.601585e-02	1.002203e+01
1.919000e-05	-2.746922e-02	1.003092e+01
1.920000e-05	-3.174518e-02	9.958420e+00
1.921000e-05	-3.139316e-02	9.914640e+00
1.922000e-05	-2.839397e-02	9.871478e+00
1.923000e-05	-2.978456e-02	9.759744e+00
1.924000e-05	-3.169177e-02	9.714061e+00
1.925000e-05	-3.383395e-02	9.602003e+00
1.926000e-05	-3.361382e-02	9.519245e+00
1.927000e-05	-3.494186e-02	9.464159e+00
1.928000e-05	-3.523307e-02	9.401482e+00
1.929000e-05	-3.471318e-02	9.348243e+00
1.930000e-05	-3.708362e-02	9.253633e+00
1.931000e-05	-3.644121e-02	9.210479e+00
1.932000e-05	-3.946378e-02	9.146747e+00
1.933000e-05	-3.734963e-02	8.961779e+00
1.934000e-05	-3.983775e-02	8.844086e+00
1.935000e-05	-3.729443e-02	8.798373e+00
1.936000e-05	-4.076498e-02	8.694665e+00
1.937000e-05	-3.830226e-02	8.580953e+00
1.938000e-05	-4.189029e-02	8.455137e+00
1.939000e-05	-3.967303e-02	8.410954e+00
1.940000e-05	-4.156196e-02	8.346240e+00
1.941000e-05	-4.004931e-02	8.168217e+00
1.942000e-05	-3.928073e-02	8.034055e+00
1.943000e-05	-3.896643e-02	7.885321e+00
1.944000e-05	-3.920926e-02	7.802401e+00
1.945000e-05	-3.994976e-02	7.663138e+00
1.946000e-05	-3.891731e-02	7.519395e+00
1.947000e-05	-3.841053e-02	7.329423e+00
1.948000e-05	-3.569787e-02	7.193029e+00
1.949000e-05	-3.531351e-02	7.084186e+00
1.950000e-05	-3.361948e-02	6.909297e+00
1.951000e-05	-3.391118e-02	6.820030e+00
1.952000e-05	-3.196341e-02	6.675713e+00
1.953000e-05	-2.977129e-02	6.495267e+00
1.954000e-05	-2.843063e-02	6.367926e+00
1.955000e-05	-2.669528e-02	6.200504e+00
1.956000e-05	-2.632697e-02	6.073585e+00
1.957000e-05	-2.401999e-02	5.958870e+00
1.958000e-05	-2.344846e-02	5.730897e+00
1.959000e-05	-2.209678e-02	5.559401e+00
1.960000e-05	-2.101710e-02	5.402558e+00
1.961000e-05	-1.917387e-02	5.263734e+00
1.962000e-05	-1.789387e-02	5.034287e+00
1.963000e-05	-1.621956e-02	4.854553e+00
1.964000e-05	-1.564259e-02	4.665687e+00
1.965000e-05	-1.500483e-02	4.486815e+00
1.966000e-05	-1.557229e-02	4.359374e+00
1.967000e-05	-1.291702e-02	4.077795e+00
1.968000e-05	-1.280576e-02	3.950474e+00
1.969000e-05	-1.140665e-02	3.791503e+00
1.970000e-05	-1.236929e-02	3.654604e+00
1.971000e-05	-1.025730e-02	3.446268e+00
1.972000e-05	-1.157710e-02	3.252733e+00
1.973000e-05	-9.711967e-03	3.105817e+00
1.974000e-05	-1.046326e-02	2.895392e+00
1.975000e-05	-8.740036e-03	2.800974e+00
1.976000e-05	-8.079338e-03	2.536452e+00
1.977000e-05	-8.837756e-03	2.327419e+00
1.978000e-05	-9.006417e-03	2.180504e+00
1.979000e-05	-7.767024e-03	1.981501e+00
1.980000e-05	-7.473127e-03	1.819693e+00
1.981000e-05	-6.957228e-03	1.580703e+00
1.982000e-05	-6.541908e-03	1.392209e+00
1.983000e-05	-6.372543e-03	1.224233e+00
1.984000e-05	-6.936655e-03	9.895292e-01
1.985000e-05	-5.935304e-03	7.696013e-01
1.986000e-05	-6.194861e-03	6.115791e-01
1.987000e-05	-5.022396e-03	4.121327e-01
1.988000e-05	-4.532584e-03	2.532081e-01
1.989000e-05	-4.178109e-03	1.680201e-03
1.990000e-05	2.980055e-03	-1.371896e-01
1.991000e-05	-1.650523e-03	-2.646606e-01
1.992000e-05	-1.656902e-03	-4.414980e-01
1.993000e-05	-2.289626e-03	-7.001577e-01
1.994000e-05	-1.598983e-03	-8.215028e-01
1.995000e-05	-1.432123e-03	-1.008475e+00
1.996000e-05	3.651419e-03	-1.196867e+00
1.997000e-05	2.337050e-02	-1.317190e+00
1.998000e-05	1.021483e-01	-1.587823e+00
1.999000e-05	-7.089797e-02	-1.808371e+00
2.000000e-05	-1.663655e-02	-2.061480e+00
2.001000e-05	-6.444531e-02	-2.345112e+00
2.002000e-05	-8.526683e-02	-2.472607e+00
2.003000e-05	1.738456e-01	-2.525188e+00
2.004000e-05	5.990795e-04	-2.671003e+00
2.005000e-05	-1.631105e-01	-2.893553e+00
2.006000e-05	2.252584e-01	-3.072079e+00
2.007000e-05	-1.698063e-01	-3.262476e+00
2.008000e-05	-2.907318e-02	-3.481475e+00
2.009000e-05	1.785319e-01	-3.558346e+00
2.010000e-05	-1.843522e-01	-3.748288e+00
2.011000e-05	3.896899e-02	-3.988445e+00
2.012000e-05	1.454398e-01	-4.105134e+00
2.013000e-05	-1.401880e-01	-4.385237e+00
2.014000e-05	1.252668e-01	-4.470553e+00
2.015000e-05	-1.603152e-01	-4.602827e+00
2.016000e-05	1.812831e-02	-4.862474e+00
2.017000e-05	1.597516e-01	-4.988416e+00
2.018000e-05	-1.255626e-01	-5.198791e+00
2.019000e-05	8.436508e-02	-5.366211e+00
2.020000e-05	-7.460281e-02	-5.605745e+00
2.021000e-05	3.338716e-02	-5.736712e+00
2.022000e-05	4.345063e-02	-5.842032e+00
2.023000e-05	-9.487631e-02	-6.008873e+00
2.024000e-05	1.255206e-01	-6.168241e+00
2.025000e-05	-1.039737e-01	-6.387717e+00
2.026000e-05	5.570261e-02	-6.542612e+00
2.027000e-05	3.778058e-02	-6.671374e+00
2.028000e-05	-6.602927e-02	-6.799296e+00
2.029000e-05	6.943500e-02	-6.904061e+00
2.030000e-05	-8.759762e-02	-7.116534e+00
2.031000e-05	1.034141e-01	-7.282504e+00
2.032000e-05	-1.849172e-02	-7.388790e+00
2.033000e-05	-2.355115e-02	-7.546109e+00
2.034000e-05	2.438711e-02	-7.640930e+00
2.035000e-05	-2.916409e-02	-7.810874e+00
2.036000e-05	6.539017e-02	-7.969269e+00
2.037000e-05	-4.677410e-02	-8.093557e+00
2.038000e-05	4.284032e-02	-8.189922e+00
2.039000e-05	1.457347e-03	-8.264611e+00
2.040000e-05	-1.128365e-02	-8.419824e+00
2.041000e-05	1.619695e-02	-8.503611e+00
2.042000e-05	-1.426939e-02	-8.672378e+00
2.043000e-05	4.556600e-02	-8.758318e+00
2.044000e-05	-2.763445e-02	-8.863507e+00
2.045000e-05	2.263008e-02	-8.947142e+00
2.046000e-05	1.584732e-03	-9.039450e+00
2.047000e-05	1.188708e-02	-9.137189e+00
2.048000e-05	3.507525e-03	-9.168869e+00
2.049000e-05	-2.599851e-03	-9.262004e+00
2.050000e-05	2.425345e-02	-9.317112e+00
2.051000e-05	-9.358437e-04	-9.493331e+00
2.052000e-05	1.656675e-02	-9.537667e+00
2.053000e-05	-6.680181e-05	-9.621349e+00
2.054000e-05	7.349187e-03	-9.673583e+00
2.055000e-05	2.197818e-03	-9.756568e+00
2.056000e-05	1.635389e-02	-9.778849e+00
2.057000e-05	1.759973e-02	-9.884031e+00
2.058000e-05	5.407389e-04	-9.925586e+00
2.059000e-05	2.939185e-03	-9.956187e+00
2.060000e-05	7.194788e-03	-9.979872e+00
2.061000e-05	1.971274e-02	-1.003138e+01
2.062000e-05	8.386514e-03	-1.008398e+01
2.063000e-05	6.102367e-03	-1.010358e+01
2.064000e-05	7.786975e-03	-1.014559e+01
2.065000e-05	1.279483e-02	-1.020719e+01
2.066000e-05	1.287985e-02	-1.022970e+01
2.067000e-05	8.343604e-03	-1.023940e+01
2.068000e-05	7.514102e-03	-1.028385e+01
2.069000e-05	1.268356e-02	-1.024227e+01
2.070000e-05	1.646940e-02	-1.029198e+01
2.071000e-05	1.218656e-02	-1.036353e+01
2.072000e-05	8.642842e-03	-1.029396e+01
2.073000e-05	9.256686e-03	-1.030346e+01
2.074000e-05	1.440084e-02	-1.031445e+01
2.075000e-05	1.707767e-02	-1.027556e+01
2.076000e-05	1.655179e-02	-1.029246e+01
2.077000e-05	1.350063e-02	-1.026182e+01
2.078000e-05	1.407278e-02	-1.020082e+01
2.079000e-05	1.665090e-02	-1.018969e+01
2.080000e-05	1.913703e-02	-1.017867e+01
2.081000e-05	1.846764e-02	-1.014613e+01
2.082000e-05	1.770920e-02	-1.010455e+01
2.083000e-05	2.012281e-02	-1.001195e+01
2.084000e-05	2.184362e-02	-1.001040e+01
2.085000e-05	2.045087e-02	-9.969321e+00
2.086000e-05	2.070301e-02	-9.895190e+00
2.087000e-05	2.340667e-02	-9.873561e+00
2.088000e-05	2.573707e-02	-9.819901e+00
2.089000e-05	2.521692e-02	-9.758198e+00
2.090000e-05	2.506337e-02	-9.747662e+00
2.091000e-05	2.561769e-02	-9.623105e+00
2.092000e-05	2.621328e-02	-9.631502e+00
2.093000e-05	2.710516e-02	-9.578292e+00
2.094000e-05	2.945207e-02	-9.493932e+00
2.095000e-05	2.929511e-02	-9.337748e+00
2.096000e-05	2.916511e-02	-9.264103e+00
2.097000e-05	2.965839e-02	-9.199846e+00
2.098000e-05	3.031975e-02	-9.124161e+00
2.099000e-05	3.158107e-02	-9.001875e+00
2.100000e-05	3.199688e-02	-8.896113e+00
2.101000e-05	3.255227e-02	-8.781028e+00
2.102000e-05	3.284856e-02	-8.768318e+00
2.103000e-05	3.290961e-02	-8.683456e+00
2.104000e-05	3.345144e-02	-8.514112e+00
2.105000e-05	3.302390e-02	-8.378952e+00
2.106000e-05	3.396090e-02	-8.315110e+00
2.107000e-05	3.417631e-02	-8.140425e+00
2.108000e-05	3.446830e-02	-8.073109e+00
2.109000e-05	3.373301e-02	-7.959717e+00
2.110000e-05	3.286183e-02	-7.792801e+00
2.111000e-05	3.176034e-02	-7.614559e+00
2.112000e-05	3.051399e-02	-7.516215e+00
2.113000e-05	3.114475e-02	-7.367795e+00
2.114000e-05	3.040982e-02	-7.253056e+00
2.115000e-05	2.967158e-02	-7.187343e+00
2.116000e-05	2.645652e-02	-6.977819e+00
2.117000e-05	2.558931e-02	-6.821000e+00
2.118000e-05	2.549780e-02	-6.674686e+00
2.119000e-05	2.355368e-02	-6.525640e+00
2.120000e-05	2.237727e-02	-6.391499e+00
2.121000e-05	2.016675e-02	-6.274664e+00
2.122000e-05	1.916556e-02	-6.062556e+00
2.123000e-05	1.753491e-02	-5.938315e+00
2.124000e-05	1.604714e-02	-5.779348e+00
2.125000e-05	1.392430e-02	-5.621529e+00
2.126000e-05	1.358552e-02	-5.462981e+00
2.127000e-05	1.190125e-02	-5.241979e+00
2.128000e-05	1.266834e-02	-5.063082e+00
2.129000e-05	8.539739e-03	-4.804709e+00
2.130000e-05	7.384938e-03	-4.622555e+00
2.131000e-05	6.669605e-03	-4.488218e+00
2.132000e-05	9.251248e-03	-4.378972e+00
2.133000e-05	5.077854e-03	-4.232078e+00
2.134000e-05	5.797769e-03	-4.022578e+00
2.135000e-05	3.117551e-03	-3.906208e+00
2.136000e-05	5.190971e-03	-3.623636e+00
2.137000e-05	2.132511e-03	-3.535663e+00
2.138000e-05	4.573057e-03	-3.336768e+00
2.139000e-05	1.834258e-03	-3.157449e+00
2.140000e-05	2.462465e-03	-2.928818e+00
2.141000e-05	2.901213e-04	-2.769948e+00
2.142000e-05	6.749151e-04	-2.599949e+00
2.143000e-05	-6.875426e-04	-2.451603e+00
2.144000e-05	1.368238e-03	-2.272003e+00
2.145000e-05	-1.943144e-04	-1.982025e+00
2.146000e-05	3.711210e-04	-1.833157e+00
2.147000e-05	-4.021378e-04	-1.623636e+00
2.148000e-05	-5.360392e-04	-1.514337e+00
2.149000e-05	-1.819142e-03	-1.212678e+00
2.150000e-05	-3.250974e-03	-1.022154e+00
2.151000e-05	-2.723756e-03	-8.616293e-01
2.152000e-05	-2.666233e-03	-7.047592e-01
2.153000e-05	-2.070569e-03	-4.235855e-01
2.154000e-05	-2.822663e-03	-2.537118e-01
2.155000e-05	-8.891462e-04	-1.158393e-01
2.156000e-05	2.841815e-03	1.005627e-02
2.157000e-05	6.970256e-04	2.921840e-01
2.158000e-05	-6.672380e-04	4.520852e-01
2.159000e-05	3.310553e-04	6.415001e-01
2.160000e-05	-4.159211e-03	7.898971e-01
2.161000e-05	-3.244568e-03	9.267856e-01
2.162000e-05	-1.092059e-03	1.178477e+00
2.163000e-05	5.692834e-03	1.346843e+00
2.164000e-05	3.950540e-02	1.555748e+00
2.165000e-05	6.481085e-02	1.840025e+00
2.166000e-05	-6.506589e-02	2.050030e+00
2.167000e-05	-2.945424e-02	2.188925e+00
2.168000e-05	-4.894868e-02	2.378952e+00
2.169000e-05	-7.359238e-02	2.464083e+00
2.170000e-05	8.361515e-02	2.673557e+00
2.171000e-05	9.673481e-02	2.841528e+00
2.172000e-05	-2.027250e-01	3.029450e+00
2.173000e-05	1.880882e-01	3.156291e+00
2.174000e-05	-6.271285e-02	3.346816e+00
2.175000e-05	-7.165519e-02	3.586921e+00
2.176000e-05	1.209954e-01	3.645061e+00
2.177000e-05	-7.797498e-02	3.922060e+00
2.178000e-05	-5.993670e-02	4.072505e+00
2.179000e-05	1.166253e-01	4.304103e+00
2.180000e-05	-5.849523e-02	4.451004e+00
2.181000e-05	1.144179e-02	4.609923e+00
2.182000e-05	-4.664327e-02	4.837898e+00
2.183000e-05	-4.114766e-02	4.959283e+00
2.184000e-05	7.026371e-02	5.218848e+00
2.185000e-05	-1.006057e-02	5.399944e+00
2.186000e-05	1.657029e-03	5.535193e+00
2.187000e-05	-4.997083e-02	5.684081e+00
2.188000e-05	2.504834e-02	5.884058e+00
2.189000e-05	-8.463435e-03	6.044026e+00
2.190000e-05	-3.078679e-02	6.169323e+00
2.191000e-05	3.516085e-02	6.336638e+00
2.192000e-05	-4.166552e-02	6.503657e+00
2.193000e-05	1.139947e-02	6.640880e+00
2.194000e-05	-4.565196e-03	6.820975e+00
2.195000e-05	-2.540309e-02	6.978216e+00
2.196000e-05	7.129674e-04	7.065033e+00
2.197000e-05	-1.244903e-02	7.220954e+00
2.198000e-05	9.123171e-03	7.365615e+00
2.199000e-05	-9.265367e-03	7.525058e+00
2.200000e-05	-1.739401e-02	7.713055e+00
2.201000e-05	-9.412478e-03	7.880849e+00
2.202000e-05	-1.108235e-02	7.947140e+00
2.203000e-05	1.944785e-03	8.073088e+00
2.204000e-05	-1.618740e-02	8.228376e+00
2.205000e-05	-5.972275e-03	8.326292e+00
2.206000e-05	1.162378e-03	8.409902e+00
2.207000e-05	-1.839249e-02	8.525563e+00
2.208000e-05	-1.355147e-02	8.600302e+00
2.209000e-05	-1.889520e-02	8.683585e+00
2.210000e-05	4.224059e-03	8.798878e+00
2.211000e-05	-9.960705e-03	8.922003e+00
2.212000e-05	-1.291522e-02	8.989222e+00
2.213000e-05	-1.411783e-02	9.136165e+00
2.214000e-05	-1.161424e-02	9.220876e+00
2.215000e-05	-7.836664e-03	9.262584e+00
2.216000e-05	-1.591051e-02	9.376242e+00
2.217000e-05	-7.629031e-03	9.441399e+00
2.218000e-05	-1.359265e-02	9.476633e+00
2.219000e-05	-1.005884e-02	9.578248e+00
2.220000e-05	-1.519493e-02	9.621000e+00
2.221000e-05	-1.573748e-02	9.722586e+00
2.222000e-05	-1.515571e-02	9.768792e+00
2.223000e-05	-9.212626e-03	9.870330e+00
2.224000e-05	-5.340533e-03	9.936141e+00
2.225000e-05	-1.671294e-02	1.000884e+01
2.226000e-05	-1.839060e-02	1.001093e+01
2.227000e-05	-1.772230e-02	1.003301e+01
2.228000e-05	-9.735672e-03	1.007263e+01
2.229000e-05	-1.458265e-02	1.011616e+01
2.230000e-05	-1.600634e-02	1.015769e+01
2.231000e-05	-1.557051e-02	1.015780e+01
2.232000e-05	-1.556336e-02	1.020028e+01
2.233000e-05	-1.382096e-02	1.025040e+01
2.234000e-05	-1.780764e-02	1.025206e+01
2.235000e-05	-1.744762e-02	1.028300e+01
2.236000e-05	-1.663174e-02	1.024356e+01
2.237000e-05	-1.127963e-02	1.027259e+01
2.238000e-05	-1.753386e-02	1.026401e+01
2.239000e-05	-2.255241e-02	1.031309e+01
2.240000e-05	-2.134494e-02	1.028356e+01
2.241000e-05	-1.790942e-02	1.028551e+01
2.242000e-05	-1.692120e-02	1.024348e+01
2.243000e-05	-2.154171e-02	1.027408e+01
2.244000e-05	-2.227065e-02	1.023200e+01
2.245000e-05	-2.270771e-02	1.023940e+01
2.246000e-05	-2.181255e-02	1.017938e+01
2.247000e-05	-2.480985e-02	1.019919e+01
2.248000e-05	-2.510218e-02	1.011679e+01
2.249000e-05	-2.649252e-02	1.010461e+01
2.250000e-05	-2.553796e-02	1.008359e+01
2.251000e-05	-2.532059e-02	1.003146e+01
2.252000e-05	-2.963604e-02	9.979425e+00
2.253000e-05	-3.020537e-02	9.957171e+00
2.254000e-05	-3.085387e-02	9.852432e+00
2.255000e-05	-2.768087e-02	9.780897e+00
2.256000e-05	-3.167994e-02	9.695714e+00
2.257000e-05	-3.362347e-02	9.652006e+00
2.258000e-05	-3.406138e-02	9.558775e+00
2.259000e-05	-3.453557e-02	9.505691e+00
2.260000e-05	-3.483419e-02	9.463555e+00
2.261000e-05	-3.530275e-02	9.369895e+00
2.262000e-05	-3.554439e-02	9.274611e+00
2.263000e-05	-3.690569e-02	9.231977e+00
2.264000e-05	-3.815600e-02	9.188746e+00
2.265000e-05	-3.827328e-02	9.064409e+00
2.266000e-05	-3.998785e-02	8.918645e+00
2.267000e-05	-3.762419e-02	8.821975e+00
2.268000e-05	-3.969316e-02	8.746190e+00
2.269000e-05	-3.857949e-02	8.622032e+00
2.270000e-05	-4.217166e-02	8.586740e+00
2.271000e-05	-4.004220e-02	8.443057e+00
2.272000e-05	-4.043436e-02	8.357873e+00
2.273000e-05	-3.895913e-02	8.234482e+00
2.274000e-05	-4.071147e-02	8.095691e+00
2.275000e-05	-3.925930e-02	7.967395e+00
2.276000e-05	-4.029715e-02	7.872558e+00
2.277000e-05	-3.944964e-02	7.705792e+00
2.278000e-05	-3.928930e-02	7.621024e+00
2.279000e-05	-3.823628e-02	7.483208e+00
2.280000e-05	-3.664888e-02	7.275558e+00
2.281000e-05	-3.532698e-02	7.137264e+00
2.282000e-05	-3.432172e-02	6.970955e+00
2.283000e-05	-3.410895e-02	6.854636e+00
2.284000e-05	-3.368474e-02	6.749523e+00
2.285000e-05	-3.138276e-02	6.589827e+00
2.286000e-05	-2.870280e-02	6.401003e+00
2.287000e-05	-2.733855e-02	6.272660e+00
2.288000e-05	-2.717528e-02	6.147315e+00
2.289000e-05	-2.476708e-02	6.000430e+00
2.290000e-05	-2.473214e-02	5.846088e+00
2.291000e-05	-2.179643e-02	5.621005e+00
2.292000e-05	-2.181802e-02	5.534213e+00
2.293000e-05	-1.952856e-02	5.297342e+00
2.294000e-05	-1.916663e-02	5.157873e+00
2.295000e-05	-1.680985e-02	4.905810e+00
2.296000e-05	-1.665337e-02	4.727796e+00
2.297000e-05	-1.532813e-02	4.558976e+00
2.298000e-05	-1.468605e-02	4.401558e+00
2.299000e-05	-1.330249e-02	4.272183e+00
2.300000e-05	-1.274310e-02	4.002631e+00
2.301000e-05	-1.264145e-02	3.883687e+00
2.302000e-05	-1.216591e-02	3.686264e+00
2.303000e-05	-1.099407e-02	3.599350e+00
2.304000e-05	-1.022715e-02	3.338920e+00
2.305000e-05	-9.985652e-03	3.147994e+00
2.306000e-05	-9.468402e-03	3.001025e+00
2.307000e-05	-1.026842e-02	2.822550e+00
2.308000e-05	-8.853882e-03	2.666086e+00
2.309000e-05	-7.123881e-03	2.403083e+00
2.310000e-05	-8.833034e-03	2.221559e+00
2.311000e-05	-8.314376e-03	2.034236e+00
2.312000e-05	-9.149543e-03	1.916244e+00
2.313000e-05	-6.263814e-03	1.654712e+00
2.314000e-05	-7.066408e-03	1.494763e+00
2.315000e-05	-5.217716e-03	1.305315e+00
2.316000e-05	-6.255656e-03	1.097343e+00
2.317000e-05	-5.406273e-03	8.441319e-01
2.318000e-05	-7.293289e-03	6.751920e-01
2.319000e-05	-5.284344e-03	4.338119e-01
2.320000e-05	-5.947105e-03	3.589709e-01
2.321000e-05	-5.188551e-03	1.358647e-01
2.322000e-05	-5.853291e-04	-8.208403e-02
2.323000e-05	2.467535e-03	-2.594763e-01
2.324000e-05	-3.697262e-03	-4.099012e-01
2.325000e-05	3.264699e-03	-5.581909e-01
2.326000e-05	-4.767288e-03	-8.193734e-01
2.327000e-05	-1.272239e-03	-9.662645e-01
2.328000e-05	-3.913373e-03	-1.122658e+00
2.329000e-05	1.243763e-02	-1.333608e+00
2.330000e-05	7.689993e-02	-1.512554e+00
2.331000e-05	1.281106e-02	-1.654183e+00
2.332000e-05	-7.434510e-02	-1.986841e+00
2.333000e-05	-1.096327e-02	-2.240943e+00
2.334000e-05	-1.013255e-01	-2.409950e+00
2.335000e-05	5.382367e-02	-2.515081e+00
2.336000e-05	1.525319e-01	-2.579371e+00
2.337000e-05	-2.097116e-01	-2.799896e+00
2.338000e-05	1.601934e-01	-2.987823e+00
2.339000e-05	4.488487e-02	-3.204716e+00
2.340000e-05	-1.855697e-01	-3.397766e+00
2.341000e-05	1.856381e-01	-3.534266e+00
2.342000e-05	-3.093855e-02	-3.661005e+00
2.343000e-05	-1.527463e-01	-3.966139e+00
2.344000e-05	2.146700e-01	-4.029453e+00
2.345000e-05	-1.031797e-01	-4.242527e+00
2.346000e-05	5.188152e-02	-4.418950e+00
2.347000e-05	-2.298645e-02	-4.575090e+00
2.348000e-05	-1.516855e-01	-4.766772e+00
2.349000e-05	2.077027e-01	-4.925663e+00
2.350000e-05	-4.757410e-02	-5.073032e+00
2.351000e-05	-2.174851e-02	-5.304079e+00
2.352000e-05	2.790761e-02	-5.432053e+00
2.353000e-05	-7.001579e-02	-5.682081e+00
2.354000e-05	1.234163e-01	-5.840349e+00
2.355000e-05	-1.141619e-01	-6.007291e+00
2.356000e-05	7.156619e-02	-6.095086e+00
2.357000e-05	1.162521e-02	-6.283478e+00
2.358000e-05	-6.444546e-02	-6.461054e+00
2.359000e-05	1.192773e-01	-6.588821e+00
2.360000e-05	-1.010121e-01	-6.746741e+00
2.361000e-05	6.143970e-02	-6.883508e+00
2.362000e-05	-3.892685e-02	-7.040471e+00
2.363000e-05	1.581637e-02	-7.229343e+00
2.364000e-05	8.092752e-02	-7.325612e+00
2.365000e-05	-8.253733e-02	-7.482030e+00
2.366000e-05	5.178224e-02	-7.597746e+00
2.367000e-05	-4.577060e-02	-7.826166e+00
2.368000e-05	5.448722e-02	-7.964736e+00
2.369000e-05	-8.112955e-03	-8.051404e+00
2.370000e-05	-7.918719e-03	-8.157166e+00
2.371000e-05	4.909414e-02	-8.262503e+00
2.372000e-05	-3.818646e-02	-8.389266e+00
2.373000e-05	3.008041e-02	-8.450977e+00
2.374000e-05	-2.609893e-02	-8.587193e+00
2.375000e-05	4.243125e-02	-8.766616e+00
2.376000e-05	-3.025263e-03	-8.820451e+00
2.377000e-05	-2.599940e-03	-8.934112e+00
2.378000e-05	1.898939e-02	-8.968746e+00
2.379000e-05	-1.889778e-03	-9.094583e+00
2.380000e-05	1.838522e-02	-9.167767e+00
2.381000e-05	-1.286267e-02	-9.230501e+00
2.382000e-05	2.293460e-02	-9.315133e+00
2.383000e-05	5.153866e-03	-9.469774e+00
2.384000e-05	1.082042e-02	-9.534634e+00
2.385000e-05	5.642830e-03	-9.619822e+00
2.386000e-05	2.603392e-03	-9.664006e+00
2.387000e-05	5.093412e-03	-9.705037e+00
2.388000e-05	8.754874e-03	-9.769219e+00
2.389000e-05	2.355353e-02	-9.831452e+00
2.390000e-05	5.788556e-03	-9.924458e+00
2.391000e-05	1.197338e-03	-9.917266e+00
2.392000e-05	3.256517e-03	-9.978816e+00
2.393000e-05	1.682726e-02	-9.978351e+00
2.394000e-05	1.377611e-02	-1.004093e+01
2.395000e-05	5.170466e-03	-1.005353e+01
2.396000e-05	7.835866e-03	-1.012659e+01
2.397000e-05	1.125359e-02	-1.019759e+01
2.398000e-05	1.357927e-02	-1.015922e+01
2.399000e-05	1.004359e-02	-1.022020e+01
2.400000e-05	5.685700e-03	-1.018285e+01
2.401000e-05	9.700300e-03	-1.031123e+01
2.402000e-05	1.679908e-02	-1.033338e+01
2.403000e-05	1.340266e-02	-1.029552e+01
2.404000e-05	1.042507e-02	-1.034321e+01
2.405000e-05	6.939407e-03	-1.032453e+01
2.406000e-05	1.434736e-02	-1.029549e+01
2.407000e-05	1.648282e-02	-1.030343e+01
2.408000e-05	1.714956e-02	-1.026451e+01
2.409000e-05	1.368072e-02	-1.025237e+01
2.410000e-05	1.448374e-02	-1.023033e+01
2.411000e-05	1.562862e-02	-1.025872e+01
2.412000e-05	1.786366e-02	-1.018872e+01
2.413000e-05	1.815986e-02	-1.014609e+01
2.414000e-05	1.801259e-02	-1.014511e+01
2.415000e-05	1.947607e-02	-1.006348e+01
2.416000e-05	2.244610e-02	-1.003195e+01
2.417000e-05	2.176282e-02	-9.990396e+00
2.418000e-05	1.958135e-02	-9.947215e+00
2.419000e-05	2.120450e-02	-9.894086e+00
2.420000e-05	2.463890e-02	-9.863482e+00
2.421000e-05	2.543151e-02	-9.810371e+00
2.422000e-05	2.481964e-02	-9.697737e+00
2.423000e-05	2.478974e-02	-9.664007e+00
2.424000e-05	2.640525e-02	-9.622032e+00
2.425000e-05	2.701798e-02	-9.589870e+00
2.426000e-05	2.827242e-02	-9.494987e+00
2.427000e-05	2.901247e-02	-9.409769e+00
2.428000e-05	2.987321e-02	-9.296086e+00
2.429000e-05	3.067261e-02	-9.221950e+00
2.430000e-05	2.944389e-02	-9.127766e+00
2.431000e-05	3.043010e-02	-9.062007e+00
2.432000e-05	3.099811e-02	-8.936242e+00
2.433000e-05	3.352826e-02	-8.863078e+00
2.434000e-05	3.296024e-02	-8.798949e+00
2.435000e-05	3.312558e-02	-8.685558e+00
2.436000e-05	3.351117e-02	-8.557745e+00
2.437000e-05	3.366688e-02	-8.431454e+00
2.438000e-05	3.441755e-02	-8.327716e+00
2.439000e-05	3.378114e-02	-8.211502e+00
2.440000e-05	3.479727e-02	-8.106718e+00
2.441000e-05	3.390013e-02	-8.027554e+00
2.442000e-05	3.341693e-02	-7.936057e+00
2.443000e-05	3.166244e-02	-7.677670e+00
2.444000e-05	3.123468e-02	-7.580770e+00
2.445000e-05	3.084344e-02	-7.451052e+00
2.446000e-05	3.163420e-02	-7.293537e+00
2.447000e-05	3.019991e-02	-7.190448e+00
2.448000e-05	2.718057e-02	-7.042980e+00
2.449000e-05	2.589892e-02	-6.863533e+00
2.450000e-05	2.546414e-02	-6.717767e+00
2.451000e-05	2.563782e-02	-6.570848e+00
2.452000e-05	2.221071e-02	-6.432582e+00
2.453000e-05	2.096752e-02	-6.326842e+00
2.454000e-05	2.039414e-02	-6.107741e+00
2.455000e-05	1.861122e-02	-5.977967e+00
2.456000e-05	1.587575e-02	-5.823532e+00
2.457000e-05	1.444862e-02	-5.665111e+00
2.458000e-05	1.481874e-02	-5.535268e+00
2.459000e-05	1.261069e-02	-5.287687e+00
2.460000e-05	1.218080e-02	-5.087265e+00
2.461000e-05	1.091829e-02	-4.968466e+00
2.462000e-05	8.940542e-03	-4.706750e+00
2.463000e-05	6.468359e-03	-4.579347e+00
2.464000e-05	7.245571e-03	-4.410552e+00
2.465000e-05	7.065165e-03	-4.264587e+00
2.466000e-05	5.306071e-03	-4.116267e+00
2.467000e-05	4.369236e-03	-3.977972e+00
2.468000e-05	3.544685e-03	-3.730717e+00
2.469000e-05	4.027411e-03	-3.579449e+00
2.470000e-05	3.121673e-03	-3.420972e+00
2.471000e-05	2.749799e-03	-3.201352e+00
2.472000e-05	2.930654e-03	-3.052632e+00
2.473000e-05	3.686392e-04	-2.813654e+00
2.474000e-05	1.834292e-03	-2.704187e+00
2.475000e-05	-1.963489e-03	-2.462561e+00
2.476000e-05	1.111648e-03	-2.317843e+00
2.477000e-05	-1.806808e-03	-2.094658e+00
2.478000e-05	1.366816e-03	-1.878316e+00
2.479000e-05	-1.453319e-03	-1.745847e+00
2.480000e-05	2.085510e-04	-1.571975e+00
2.481000e-05	-3.184908e-03	-1.306766e+00
2.482000e-05	-6.083329e-04	-1.127340e+00
2.483000e-05	-2.860833e-03	-9.259145e-01
2.484000e-05	-1.282711e-03	-7.594974e-01
2.485000e-05	-3.450905e-03	-4.887224e-01
2.486000e-05	-2.247635e-03	-3.679223e-01
2.487000e-05	-2.468023e-03	-2.115028e-01
2.488000e-05	2.794309e-03	7.150157e-02
2.489000e-05	3.965067e-03	1.985224e-01
2.490000e-05	-4.125358e-03	4.094486e-01
2.491000e-05	2.589371e-03	5.568447e-01
2.492000e-05	-2.934096e-03	7.141906e-01
2.493000e-05	-4.974475e-04	8.911292e-01
2.494000e-05	-4.500150e-03	1.124685e+00
2.495000e-05	4.266154e-03	1.284133e+00
2.496000e-05	1.736682e-02	1.472562e+00
2.497000e-05	7.680464e-02	1.735687e+00
2.498000e-05	-1.989130e-02	1.977316e+00
2.499000e-05	-5.203533e-02	2.145738e+00
2.500000e-05	-3.675619e-02	2.325307e+00
2.501000e-05	-6.461985e-02	2.413530e+00
2.502000e-05	-2.019131e-02	2.597350e+00
2.503000e-05	1.903023e-01	2.788872e+00
2.504000e-05	-1.668134e-01	2.955817e+00
2.505000e-05	2.827677e-02	3.106081e+00
2.506000e-05	1.042161e-01	3.271037e+00
2.507000e-05	-1.383793e-01	3.515762e+00
2.508000e-05	6.420718e-02	3.609479e+00
2.509000e-05	3.450386e-02	3.880420e+00
2.510000e-05	-1.452811e-01	4.009474e+00
2.511000e-05	1.190486e-01	4.167189e+00
2.512000e-05	-5.584434e-03	4.417869e+00
2.513000e-05	-2.927327e-02	4.527215e+00
2.514000e-05	-3.712546e-03	4.724089e+00
2.515000e-05	-7.124900e-02	4.905713e+00
2.516000e-05	5.677790e-02	5.176219e+00
2.517000e-05	1.309347e-02	5.326190e+00
2.518000e-05	-2.950563e-03	5.474135e+00
2.519000e-05	-3.592762e-02	5.630503e+00
2.520000e-05	-3.354414e-03	5.828547e+00
2.521000e-05	1.628991e-02	6.027424e+00
2.522000e-05	-3.810270e-02	6.105692e+00
2.523000e-05	1.329878e-02	6.262581e+00
2.524000e-05	-5.390397e-04	6.439000e+00
2.525000e-05	-2.896963e-02	6.569216e+00
2.526000e-05	2.777670e-02	6.765872e+00
2.527000e-05	-3.859515e-02	6.904106e+00
2.528000e-05	-4.996746e-03	7.052478e+00
2.529000e-05	-7.399722e-03	7.147694e+00
2.530000e-05	-1.675486e-03	7.293634e+00
2.531000e-05	1.139948e-02	7.449282e+00
2.532000e-05	-3.188281e-02	7.649995e+00
2.533000e-05	-1.474375e-03	7.776167e+00
2.534000e-05	-2.069534e-02	7.933057e+00
2.535000e-05	9.766753e-03	8.031905e+00
2.536000e-05	-1.531338e-02	8.197744e+00
2.537000e-05	-1.314316e-02	8.314007e+00
2.538000e-05	3.759992e-03	8.387897e+00
2.539000e-05	-1.359181e-02	8.473532e+00
2.540000e-05	-1.274465e-02	8.548191e+00
2.541000e-05	-2.386286e-02	8.661428e+00
2.542000e-05	2.264132e-04	8.769271e+00
2.543000e-05	-5.182337e-03	8.820949e+00
2.544000e-05	-8.613001e-03	8.937637e+00
2.545000e-05	-1.575502e-02	9.081484e+00
2.546000e-05	-1.342272e-02	9.198395e+00
2.547000e-05	-1.002474e-02	9.251003e+00
2.548000e-05	-1.207888e-02	9.326641e+00
2.549000e-05	-8.953085e-03	9.399419e+00
2.550000e-05	-1.264794e-02	9.474061e+00
2.551000e-05	-1.126718e-02	9.537167e+00
2.552000e-05	-1.422483e-02	9.588845e+00
2.553000e-05	-1.316808e-02	9.701558e+00
2.554000e-05	-1.916545e-02	9.766115e+00
2.555000e-05	-1.066865e-02	9.811751e+00
2.556000e-05	-7.269220e-03	9.905559e+00
2.557000e-05	-1.092960e-02	9.948921e+00
2.558000e-05	-1.851402e-02	1.000935e+01
2.559000e-05	-1.806831e-02	1.003248e+01
2.560000e-05	-1.232342e-02	1.004308e+01
2.561000e-05	-1.391100e-02	1.014711e+01
2.562000e-05	-1.528328e-02	1.016476e+01
2.563000e-05	-1.525420e-02	1.016775e+01
2.564000e-05	-1.417529e-02	1.020038e+01
2.565000e-05	-1.471437e-02	1.023042e+01
2.566000e-05	-1.666161e-02	1.024393e+01
2.567000e-05	-1.811743e-02	1.027200e+01
2.568000e-05	-1.773020e-02	1.027353e+01
2.569000e-05	-1.222106e-02	1.034298e+01
2.570000e-05	-1.687694e-02	1.024398e+01
2.571000e-05	-2.005107e-02	1.029311e+01
2.572000e-05	-2.342669e-02	1.030303e+01
2.573000e-05	-1.760456e-02	1.030563e+01
2.574000e-05	-1.822064e-02	1.026308e+01
2.575000e-05	-1.903377e-02	1.029296e+01
2.576000e-05	-2.180076e-02	1.024098e+01
2.577000e-05	-2.282025e-02	1.024095e+01
2.578000e-05	-2.182901e-02	1.020230e+01
2.579000e-05	-2.459865e-02	1.015927e+01
2.580000e-05	-2.363331e-02	1.015769e+01
2.581000e-05	-2.611157e-02	1.008616e+01
2.582000e-05	-2.456294e-02	1.007606e+01
2.583000e-05	-2.583094e-02	1.003355e+01
2.584000e-05	-2.686115e-02	9.989927e+00
2.585000e-05	-3.048470e-02	9.977796e+00
2.586000e-05	-3.157295e-02	9.904063e+00
2.587000e-05	-2.882380e-02	9.838871e+00
2.588000e-05	-3.001040e-02	9.757770e+00
2.589000e-05	-3.173923e-02	9.685056e+00
2.590000e-05	-3.409552e-02	9.600827e+00
2.591000e-05	-3.390259e-02	9.547269e+00
2.592000e-05	-3.483674e-02	9.463060e+00
2.593000e-05	-3.598033e-02	9.371976e+00
2.594000e-05	-3.468054e-02	9.296261e+00
2.595000e-05	-3.690655e-02	9.254556e+00
2.596000e-05	-3.609367e-02	9.160450e+00
2.597000e-05	-3.936659e-02	9.107586e+00
2.598000e-05	-3.786585e-02	8.948770e+00
2.599000e-05	-3.947212e-02	8.863079e+00
2.600000e-05	-3.821876e-02	8.748349e+00
2.601000e-05	-3.993892e-02	8.664608e+00
2.602000e-05	-3.997675e-02	8.540897e+00
2.603000e-05	-4.062089e-02	8.484208e+00
2.604000e-05	-4.146528e-02	8.389902e+00
2.605000e-05	-4.003367e-02	8.285211e+00
2.606000e-05	-4.061663e-02	8.146818e+00
2.607000e-05	-3.895243e-02	7.982003e+00
2.608000e-05	-4.059834e-02	7.876166e+00
2.609000e-05	-3.885589e-02	7.739875e+00
2.610000e-05	-4.044574e-02	7.673083e+00
2.611000e-05	-3.901895e-02	7.505242e+00
2.612000e-05	-3.848969e-02	7.325820e+00
2.613000e-05	-3.528693e-02	7.209428e+00
2.614000e-05	-3.552021e-02	7.064110e+00
2.615000e-05	-3.391137e-02	6.915690e+00
2.616000e-05	-3.327819e-02	6.799927e+00
2.617000e-05	-3.107461e-02	6.641980e+00
2.618000e-05	-2.951396e-02	6.483588e+00
2.619000e-05	-2.863093e-02	6.307771e+00
2.620000e-05	-2.693165e-02	6.212528e+00
2.621000e-05	-2.569563e-02	6.031609e+00
2.622000e-05	-2.445404e-02	5.928841e+00
2.623000e-05	-2.275779e-02	5.707316e+00
2.624000e-05	-2.212195e-02	5.538444e+00
2.625000e-05	-2.040799e-02	5.381924e+00
2.626000e-05	-1.982916e-02	5.241003e+00
2.627000e-05	-1.673786e-02	5.032133e+00
2.628000e-05	-1.697981e-02	4.789953e+00
2.629000e-05	-1.580776e-02	4.622058e+00
2.630000e-05	-1.530852e-02	4.445286e+00
2.631000e-05	-1.372223e-02	4.296846e+00
2.632000e-05	-1.283181e-02	4.097661e+00
2.633000e-05	-1.201845e-02	3.908396e+00
2.634000e-05	-1.191971e-02	3.760473e+00
2.635000e-05	-1.129448e-02	3.611478e+00
2.636000e-05	-1.114854e-02	3.462658e+00
2.637000e-05	-1.040643e-02	3.231050e+00
2.638000e-05	-9.353522e-03	3.052161e+00
2.639000e-05	-8.278024e-03	2.887287e+00
2.640000e-05	-8.773785e-03	2.758323e+00
2.641000e-05	-8.443818e-03	2.494266e+00
2.642000e-05	-9.257002e-03	2.346816e+00
2.643000e-05	-7.322376e-03	2.126895e+00
2.644000e-05	-7.781958e-03	1.998525e+00
2.645000e-05	-6.599355e-03	1.739975e+00
2.646000e-05	-6.293016e-03	1.570952e+00
2.647000e-05	-6.540818e-03	1.368973e+00
2.648000e-05	-6.432328e-03	1.180548e+00
2.649000e-05	-5.807623e-03	9.084725e-01
2.650000e-05	-5.290252e-03	7.504213e-01
2.651000e-05	-5.313234e-03	5.699239e-01
2.652000e-05	-4.872176e-03	3.805762e-01
2.653000e-05	-5.341990e-03	1.936341e-01
2.654000e-05	-2.753796e-03	-3.940119e-02
2.655000e-05	3.448495e-03	-1.577682e-01
2.656000e-05	-3.434587e-03	-3.478655e-01
2.657000e-05	7.314968e-04	-5.121043e-01
2.658000e-05	-3.410092e-03	-7.247379e-01
2.659000e-05	-6.547405e-04	-8.830802e-01
2.660000e-05	-3.265647e-03	-1.020976e+00
2.661000e-05	5.862748e-03	-1.269976e+00
2.662000e-05	3.542382e-02	-1.378770e+00
2.663000e-05	9.049109e-02	-1.629476e+00
2.664000e-05	-8.973599e-02	-1.859977e+00
2.665000e-05	-9.873823e-04	-2.112084e+00
2.666000e-05	-8.729720e-02	-2.348219e+00
2.667000e-05	-5.839422e-02	-2.445604e+00
2.668000e-05	1.987324e-01	-2.526236e+00
2.669000e-05	-8.776804e-02	-2.703133e+00
2.670000e-05	-7.630270e-02	-2.895739e+00
2.671000e-05	1.993183e-01	-3.135032e+00
2.672000e-05	-2.152830e-01	-3.283982e+00
2.673000e-05	5.735436e-02	-3.476133e+00
2.674000e-05	1.278832e-01	-3.608396e+00
2.675000e-05	-2.110911e-01	-3.792320e+00
2.676000e-05	1.316347e-01	-3.999447e+00
2.677000e-05	6.920988e-02	-4.157214e+00
2.678000e-05	-9.317218e-02	-4.368392e+00
2.679000e-05	1.025766e-01	-4.474507e+00
2.680000e-05	-1.961788e-01	-4.702577e+00
2.681000e-05	1.085060e-01	-4.881955e+00
2.682000e-05	1.028106e-01	-5.039946e+00
2.683000e-05	-1.181246e-01	-5.219446e+00
2.684000e-05	9.275630e-02	-5.437774e+00
2.685000e-05	-9.841123e-02	-5.588345e+00
2.686000e-05	8.480697e-02	-5.807394e+00
2.687000e-05	-2.081033e-02	-5.915086e+00
2.688000e-05	-4.996966e-02	-6.061398e+00
2.689000e-05	1.129675e-01	-6.227328e+00
2.690000e-05	-1.190168e-01	-6.407843e+00
2.691000e-05	1.004531e-01	-6.536088e+00
2.692000e-05	-2.340617e-02	-6.692530e+00
2.693000e-05	-2.571695e-02	-6.809903e+00
2.694000e-05	4.428329e-02	-6.935193e+00
2.695000e-05	-7.134615e-02	-7.185241e+00
2.696000e-05	1.225790e-01	-7.281557e+00
2.697000e-05	-6.034476e-02	-7.419373e+00
2.698000e-05	1.050872e-02	-7.586716e+00
2.699000e-05	-3.430559e-03	-7.712057e+00
2.700000e-05	-7.119176e-04	-7.861303e+00
2.701000e-05	4.854409e-02	-8.018846e+00
2.702000e-05	-4.742456e-02	-8.104608e+00
2.703000e-05	5.729061e-02	-8.200425e+00
2.704000e-05	-1.837192e-02	-8.356164e+00
2.705000e-05	6.719471e-03	-8.410523e+00
2.706000e-05	-1.538259e-03	-8.535615e+00
2.707000e-05	3.022099e-03	-8.701578e+00
2.708000e-05	3.617562e-02	-8.768366e+00
2.709000e-05	-2.348311e-02	-8.902533e+00
2.710000e-05	2.771147e-02	-8.997667e+00
2.711000e-05	-5.058007e-03	-9.092430e+00
2.712000e-05	1.631484e-02	-9.147242e+00
2.713000e-05	-4.153078e-03	-9.220346e+00
2.714000e-05	8.013572e-03	-9.285008e+00
2.715000e-05	1.907536e-02	-9.317794e+00
2.716000e-05	5.158174e-04	-9.494982e+00
2.717000e-05	1.358036e-02	-9.559145e+00
2.718000e-05	-1.986997e-04	-9.611478e+00
2.719000e-05	7.348265e-03	-9.704160e+00
2.720000e-05	1.908598e-03	-9.787212e+00
2.721000e-05	2.080816e-02	-9.849872e+00
2.722000e-05	1.597395e-02	-9.881960e+00
2.723000e-05	7.358988e-04	-9.925642e+00
2.724000e-05	1.857367e-03	-9.977715e+00
2.725000e-05	8.639865e-03	-9.998770e+00
2.726000e-05	1.832144e-02	-1.002142e+01
2.727000e-05	7.348650e-03	-1.005351e+01
2.728000e-05	6.750187e-03	-1.010500e+01
2.729000e-05	9.462218e-03	-1.015616e+01
2.730000e-05	1.240240e-02	-1.019917e+01
2.731000e-05	1.143975e-02	-1.017932e+01
2.732000e-05	7.730052e-03	-1.023278e+01
2.733000e-05	7.239885e-03	-1.027388e+01
2.734000e-05	1.430912e-02	-1.030340e+01
2.735000e-05	1.598432e-02	-1.030311e+01
2.736000e-05	1.167215e-02	-1.031644e+01
2.737000e-05	7.334713e-03	-1.032507e+01
2.738000e-05	1.052570e-02	-1.028440e+01
2.739000e-05	1.462247e-02	-1.030563e+01
2.740000e-05	1.710145e-02	-1.031453e+01
2.741000e-05	1.642680e-02	-1.027288e+01
2.742000e-05	1.356451e-02	-1.027287e+01
2.743000e-05	1.391860e-02	-1.024035e+01
2.744000e-05	1.613743e-02	-1.016829e+01
2.745000e-05	1.839638e-02	-1.013664e+01
2.746000e-05	1.801584e-02	-1.009761e+01
2.747000e-05	1.899084e-02	-1.005358e+01
2.748000e-05	2.101948e-02	-1.004250e+01
2.749000e-05	2.155969e-02	-1.000975e+01
2.750000e-05	1.925377e-02	-9.978747e+00
2.751000e-05	2.119741e-02	-9.934637e+00
2.752000e-05	2.368138e-02	-9.885081e+00
2.753000e-05	2.534779e-02	-9.790352e+00
2.754000e-05	2.472476e-02	-9.768320e+00
2.755000e-05	2.579828e-02	-9.725087e+00
2.756000e-05	2.672332e-02	-9.622053e+00
2.757000e-05	2.619894e-02	-9.630452e+00
2.758000e-05	2.714116e-02	-9.566768e+00
2.759000e-05	2.874829e-02	-9.452881e+00
2.760000e-05	3.126463e-02	-9.347169e+00
2.761000e-05	3.067375e-02	-9.263576e+00
2.762000e-05	2.993991e-02	-9.179296e+00
2.763000e-05	3.064734e-02	-9.095138e+00
2.764000e-05	3.223161e-02	-8.989850e+00
2.765000e-05	3.332693e-02	-8.873658e+00
2.766000e-05	3.264297e-02	-8.811407e+00
2.767000e-05	3.251471e-02	-8.747762e+00
2.768000e-05	3.291430e-02	-8.610377e+00
2.769000e-05	3.385731e-02	-8.494059e+00
2.770000e-05	3.411369e-02	-8.389847e+00
2.771000e-05	3.369631e-02	-8.295032e+00
2.772000e-05	3.384144e-02	-8.158319e+00
2.773000e-05	3.427159e-02	-8.043007e+00
2.774000e-05	3.286154e-02	-7.918369e+00
2.775000e-05	3.233386e-02	-7.809874e+00
2.776000e-05	3.264607e-02	-7.603053e+00
2.777000e-05	3.125069e-02	-7.484561e+00
2.778000e-05	3.116524e-02	-7.338270e+00
2.779000e-05	2.977091e-02	-7.212505e+00
2.780000e-05	2.915496e-02	-7.125217e+00
2.781000e-05	2.637744e-02	-6.937712e+00
2.782000e-05	2.613328e-02	-6.769871e+00
2.783000e-05	2.510669e-02	-6.663009e+00
2.784000e-05	2.328938e-02	-6.505687e+00
2.785000e-05	2.115601e-02	-6.349398e+00
2.786000e-05	2.088429e-02	-6.193477e+00
2.787000e-05	1.956488e-02	-6.031005e+00
2.788000e-05	1.746817e-02	-5.875692e+00
2.789000e-05	1.518991e-02	-5.747320e+00
2.790000e-05	1.431688e-02	-5.589999e+00
2.791000e-05	1.346871e-02	-5.431528e+00
2.792000e-05	1.238566e-02	-5.170399e+00
2.793000e-05	1.079533e-02	-4.991054e+00
2.794000e-05	8.171345e-03	-4.872628e+00
2.795000e-05	8.362890e-03	-4.620526e+00
2.796000e-05	6.346343e-03	-4.487162e+00
2.797000e-05	9.270924e-03	-4.349345e+00
2.798000e-05	4.750376e-03	-4.209899e+00
2.799000e-05	5.631846e-03	-4.031603e+00
2.800000e-05	1.924602e-03	-3.862508e+00
2.801000e-05	4.675360e-03	-3.642077e+00
2.802000e-05	2.111195e-03	-3.464613e+00
2.803000e-05	3.829019e-03	-3.303161e+00
2.804000e-05	1.959917e-03	-3.148942e+00
2.805000e-05	1.978510e-03	-2.878288e+00
2.806000e-05	7.576229e-04	-2.707867e+00
2.807000e-05	-6.578258e-04	-2.588925e+00
2.808000e-05	3.428261e-05	-2.370025e+00
2.809000e-05	-3.980467e-04	-2.159548e+00
2.810000e-05	2.822125e-04	-1.980550e+00
2.811000e-05	-9.157751e-04	-1.820576e+00
2.812000e-05	2.623591e-04	-1.632659e+00
2.813000e-05	-1.257702e-03	-1.474986e+00
2.814000e-05	-6.874501e-04	-1.180425e+00
2.815000e-05	-3.165198e-03	-1.020523e+00
2.816000e-05	-1.971656e-03	-8.109990e-01
2.817000e-05	-4.015798e-03	-6.136580e-01
2.818000e-05	-5.465419e-04	-4.120263e-01
2.819000e-05	-4.502861e-03	-2.531592e-01
2.820000e-05	-1.341752e-03	-6.428927e-02
2.821000e-05	4.575251e-03	9.370674e-02
2.822000e-05	-2.086008e-04	3.467454e-01
2.823000e-05	7.602760e-04	4.816591e-01
2.824000e-05	-1.623686e-03	6.215280e-01
2.825000e-05	-1.369936e-03	8.095564e-01
2.826000e-05	-3.241807e-03	1.028374e+00
2.827000e-05	1.172448e-04	1.189975e+00
2.828000e-05	5.952470e-03	1.377322e+00
2.829000e-05	5.387703e-02	1.649472e+00
2.830000e-05	4.286486e-02	1.891083e+00
2.831000e-05	-7.146279e-02	2.063076e+00
2.832000e-05	-2.651100e-02	2.221580e+00
2.833000e-05	-5.307162e-02	2.401021e+00
2.834000e-05	-6.792889e-02	2.514664e+00
2.835000e-05	1.367322e-01	2.695337e+00
2.836000e-05	1.158966e-02	2.843107e+00
2.837000e-05	-1.601676e-01	3.031529e+00
2.838000e-05	2.033201e-01	3.197842e+00
2.839000e-05	-1.157698e-01	3.419349e+00
2.840000e-05	-2.770395e-02	3.619975e+00
2.841000e-05	1.113826e-01	3.705184e+00
2.842000e-05	-1.240338e-01	3.946312e+00
2.843000e-05	9.314098e-03	4.113033e+00
2.844000e-05	8.778657e-02	4.324711e+00
2.845000e-05	-6.111076e-02	4.451603e+00
2.846000e-05	1.196239e-02	4.660954e+00
2.847000e-05	-6.518515e-02	4.849451e+00
2.848000e-05	-6.583649e-03	5.081378e+00
2.849000e-05	6.073772e-02	5.251454e+00
2.850000e-05	-9.210005e-03	5.429879e+00
2.851000e-05	-9.312073e-03	5.607793e+00
2.852000e-05	-4.372456e-02	5.736690e+00
2.853000e-05	2.902943e-02	5.936191e+00
2.854000e-05	-2.143356e-02	6.082604e+00
2.855000e-05	-2.180877e-02	6.229425e+00
2.856000e-05	2.860842e-02	6.397220e+00
2.857000e-05	-4.535712e-02	6.482558e+00
2.858000e-05	3.006478e-02	6.722008e+00
2.859000e-05	-2.140371e-02	6.860952e+00
2.860000e-05	-2.065691e-02	6.969245e+00
2.861000e-05	-3.146017e-03	7.094058e+00
2.862000e-05	-9.962998e-03	7.210425e+00
2.863000e-05	1.494184e-02	7.347114e+00
2.864000e-05	-2.170432e-02	7.555292e+00
2.865000e-05	-1.187979e-02	7.704110e+00
2.866000e-05	-1.560585e-02	7.830372e+00
2.867000e-05	2.306247e-04	8.028192e+00
2.868000e-05	-3.855877e-03	8.134684e+00
2.869000e-05	-1.717889e-02	8.240431e+00
2.870000e-05	-3.600746e-03	8.337716e+00
2.871000e-05	-2.468628e-03	8.432426e+00
2.872000e-05	-1.629430e-02	8.534668e+00
2.873000e-05	-1.823233e-02	8.608947e+00
2.874000e-05	-1.324178e-02	8.735637e+00
2.875000e-05	1.946408e-03	8.828950e+00
2.876000e-05	-7.822375e-03	8.853009e+00
2.877000e-05	-1.479449e-02	9.029375e+00
2.878000e-05	-1.408666e-02	9.166217e+00
2.879000e-05	-1.219196e-02	9.219429e+00
2.880000e-05	-7.992968e-03	9.265058e+00
2.881000e-05	-1.398778e-02	9.328244e+00
2.882000e-05	-9.495151e-03	9.431378e+00
2.883000e-05	-1.346022e-02	9.525614e+00
2.884000e-05	-1.120359e-02	9.620428e+00
2.885000e-05	-1.328442e-02	9.611506e+00
2.886000e-05	-1.679839e-02	9.726013e+00
2.887000e-05	-1.420978e-02	9.738720e+00
2.888000e-05	-9.434563e-03	9.864087e+00
2.889000e-05	-5.142403e-03	9.945141e+00
2.890000e-05	-1.738989e-02	9.990920e+00
2.891000e-05	-1.749298e-02	1.002095e+01
2.892000e-05	-1.620141e-02	1.004403e+01
2.893000e-05	-1.062927e-02	1.011558e+01
2.894000e-05	-1.486542e-02	1.011769e+01
2.895000e-05	-1.658865e-02	1.016816e+01
2.896000e-05	-1.468945e-02	1.018875e+01
2.897000e-05	-1.419713e-02	1.021000e+01
2.898000e-05	-1.298206e-02	1.025188e+01
2.899000e-05	-1.934077e-02	1.025401e+01
2.900000e-05	-1.804953e-02	1.027306e+01
2.901000e-05	-1.480963e-02	1.027203e+01
2.902000e-05	-1.292391e-02	1.030458e+01
2.903000e-05	-1.822140e-02	1.030256e+01
2.904000e-05	-2.245498e-02	1.028612e+01
2.905000e-05	-1.946679e-02	1.027451e+01
2.906000e-05	-1.869798e-02	1.029401e+01
2.907000e-05	-1.783242e-02	1.026256e+01
2.908000e-05	-2.140180e-02	1.025206e+01
2.909000e-05	-2.130171e-02	1.022203e+01
2.910000e-05	-2.149275e-02	1.019147e+01
2.911000e-05	-2.308631e-02	1.017982e+01
2.912000e-05	-2.484754e-02	1.019721e+01
2.913000e-05	-2.535074e-02	1.012614e+01
2.914000e-05	-2.529415e-02	1.008358e+01
2.915000e-05	-2.605015e-02	1.002303e+01
2.916000e-05	-2.548856e-02	1.002150e+01
2.917000e-05	-3.159038e-02	9.989851e+00
2.918000e-05	-2.817216e-02	9.956719e+00
2.919000e-05	-2.895119e-02	9.873028e+00
2.920000e-05	-2.815984e-02	9.800168e+00
2.921000e-05	-3.181907e-02	9.686060e+00
2.922000e-05	-3.586918e-02	9.622028e+00
2.923000e-05	-3.331315e-02	9.567794e+00
2.924000e-05	-3.440497e-02	9.475159e+00
2.925000e-05	-3.527398e-02	9.432502e+00
2.926000e-05	-3.554713e-02	9.360270e+00
2.927000e-05	-3.527071e-02	9.313087e+00
2.928000e-05	-3.437884e-02	9.230475e+00
2.929000e-05	-3.747688e-02	9.164818e+00
2.930000e-05	-3.726898e-02	9.061876e+00
2.931000e-05	-4.163917e-02	8.915113e+00
2.932000e-05	-3.871314e-02	8.791504e+00
2.933000e-05	-4.210318e-02	8.686764e+00
2.934000e-05	-3.881046e-02	8.610976e+00
2.935000e-05	-4.119056e-02	8.505737e+00
2.936000e-05	-3.925558e-02	8.431528e+00
2.937000e-05	-4.113532e-02	8.356740e+00
2.938000e-05	-3.924026e-02	8.160296e+00
2.939000e-05	-3.972180e-02	8.085185e+00
2.940000e-05	-3.948466e-02	7.957317e+00
2.941000e-05	-4.020829e-02	7.822001e+00
2.942000e-05	-4.107775e-02	7.676186e+00
2.943000e-05	-3.950689e-02	7.557976e+00
2.944000e-05	-3.879463e-02	7.411555e+00
2.945000e-05	-3.596538e-02	7.211528e+00
2.946000e-05	-3.548914e-02	7.096265e+00
2.947000e-05	-3.342718e-02	6.957947e+00
2.948000e-05	-3.322441e-02	6.823032e+00
2.949000e-05	-3.240116e-02	6.727766e+00
2.950000e-05	-3.066348e-02	6.548244e+00
2.951000e-05	-2.952504e-02	6.369998e+00
2.952000e-05	-2.737593e-02	6.211607e+00
2.953000e-05	-2.691215e-02	6.076242e+00
2.954000e-05	-2.471644e-02	6.020423e+00
2.955000e-05	-2.439271e-02	5.821978e+00
2.956000e-05	-2.073649e-02	5.581550e+00
2.957000e-05	-2.017656e-02	5.414107e+00
2.958000e-05	-1.923287e-02	5.315267e+00
2.959000e-05	-1.886182e-02	5.096389e+00
2.960000e-05	-1.724537e-02	4.846187e+00
2.961000e-05	-1.652789e-02	4.676293e+00
2.962000e-05	-1.599971e-02	4.537419e+00
2.963000e-05	-1.481276e-02	4.379471e+00
2.964000e-05	-1.318313e-02	4.172607e+00
2.965000e-05	-1.138575e-02	4.000976e+00
2.966000e-05	-1.209475e-02	3.842683e+00
2.967000e-05	-1.130522e-02	3.663661e+00
2.968000e-05	-1.085306e-02	3.518424e+00
2.969000e-05	-1.073711e-02	3.264840e+00
2.970000e-05	-1.058028e-02	3.146318e+00
2.971000e-05	-9.599190e-03	2.949472e+00
2.972000e-05	-8.828144e-03	2.801051e+00
2.973000e-05	-9.458450e-03	2.622049e+00
2.974000e-05	-7.446141e-03	2.359973e+00
2.975000e-05	-8.555946e-03	2.191103e+00
2.976000e-05	-6.906668e-03	2.022054e+00
2.977000e-05	-8.223477e-03	1.813787e+00
2.978000e-05	-6.772104e-03	1.644164e+00
2.979000e-05	-5.887328e-03	1.442706e+00
2.980000e-05	-6.048239e-03	1.254714e+00
2.981000e-05	-6.782532e-03	1.013268e+00
2.982000e-05	-6.056552e-03	8.021553e-01
2.983000e-05	-7.004269e-03	6.421842e-01
2.984000e-05	-4.164864e-03	4.226305e-01
2.985000e-05	-4.987136e-03	2.758957e-01
2.986000e-05	-4.683459e-03	7.575709e-02
2.987000e-05	1.843311e-03	-1.052343e-01
2.988000e-05	9.376248e-04	-2.630816e-01
2.989000e-05	-4.316955e-03	-4.409738e-01
2.990000e-05	9.478775e-04	-6.303449e-01
2.991000e-05	-4.235234e-03	-8.000260e-01
2.992000e-05	3.022320e-05	-9.762448e-01
2.993000e-05	-2.906068e-04	-1.106185e+00
2.994000e-05	1.535598e-02	-1.284684e+00
2.995000e-05	9.308186e-02	-1.505667e+00
2.996000e-05	-3.025032e-02	-1.747320e+00
2.997000e-05	-4.539698e-02	-2.008371e+00
2.998000e-05	-3.672827e-02	-2.301981e+00
2.999000e-05	-9.978932e-02	-2.431554e+00
3.000000e-05	1.156157e-01	-2.495633e+00
3.001000e-05	9.282157e-02	-2.619874e+00
3.002000e-05	-2.083622e-01	-2.870476e+00
3.003000e-05	2.141834e-01	-3.029430e+00
3.004000e-05	-7.058718e-02	-3.218349e+00
3.005000e-05	-1.238806e-01	-3.418895e+00
3.006000e-05	1.998867e-01	-3.527743e+00
3.007000e-05	-1.141016e-01	-3.734162e+00
3.008000e-05	-6.973428e-02	-3.926717e+00
3.009000e-05	1.965753e-01	-4.062579e+00
3.010000e-05	-1.477991e-01	-4.324060e+00
3.011000e-05	1.040306e-01	-4.472002e+00
3.012000e-05	-9.288532e-02	-4.536791e+00
3.013000e-05	-8.148208e-02	-4.808425e+00
3.014000e-05	1.964990e-01	-4.938293e+00
3.015000e-05	-9.996953e-02	-5.134167e+00
3.016000e-05	3.924900e-02	-5.326010e+00
3.017000e-05	-2.196145e-02	-5.504656e+00
3.018000e-05	-2.738344e-02	-5.706589e+00
3.019000e-05	9.607474e-02	-5.843527e+00
3.020000e-05	-1.192055e-01	-6.018293e+00
3.021000e-05	1.098114e-01	-6.154564e+00
3.022000e-05	-5.008461e-02	-6.344684e+00
3.023000e-05	-1.137225e-02	-6.513034e+00
3.024000e-05	9.057279e-02	-6.639372e+00
3.025000e-05	-9.633144e-02	-6.798845e+00
3.026000e-05	7.987339e-02	-6.943611e+00
3.027000e-05	-7.251558e-02	-7.081880e+00
3.028000e-05	6.016268e-02	-7.250905e+00
3.029000e-05	3.212176e-02	-7.366117e+00
3.030000e-05	-5.967267e-02	-7.505063e+00
3.031000e-05	4.666302e-02	-7.629925e+00
3.032000e-05	-4.542275e-02	-7.838249e+00
3.033000e-05	6.617807e-02	-7.976771e+00
3.034000e-05	-2.990265e-02	-8.072503e+00
3.035000e-05	2.057958e-02	-8.166370e+00
3.036000e-05	2.797456e-02	-8.303557e+00
3.037000e-05	-3.027052e-02	-8.418372e+00
3.038000e-05	2.740177e-02	-8.493529e+00
3.039000e-05	-2.490971e-02	-8.621304e+00
3.040000e-05	4.898006e-02	-8.767215e+00
3.041000e-05	-1.898475e-02	-8.821900e+00
3.042000e-05	1.031769e-02	-8.954587e+00
3.043000e-05	1.196052e-02	-9.031326e+00
3.044000e-05	5.630631e-03	-9.105111e+00
3.045000e-05	1.407582e-02	-9.197795e+00
3.046000e-05	-1.057428e-02	-9.272980e+00
3.047000e-05	2.572200e-02	-9.324113e+00
3.048000e-05	-1.395113e-03	-9.452356e+00
3.049000e-05	1.453871e-02	-9.547762e+00
3.050000e-05	1.930243e-03	-9.619774e+00
3.051000e-05	5.473889e-03	-9.664058e+00
3.052000e-05	3.632137e-03	-9.726586e+00
3.053000e-05	1.303854e-02	-9.799815e+00
3.054000e-05	2.341984e-02	-9.860383e+00
3.055000e-05	2.658542e-03	-9.904160e+00
3.056000e-05	2.467911e-03	-9.965738e+00
3.057000e-05	3.721859e-03	-9.978245e+00
3.058000e-05	1.860716e-02	-1.001040e+01
3.059000e-05	1.056306e-02	-1.001198e+01
3.060000e-05	4.183925e-03	-1.005253e+01
3.061000e-05	7.570605e-03	-1.011516e+01
3.062000e-05	1.175965e-02	-1.014919e+01
3.063000e-05	1.362506e-02	-1.019077e+01
3.064000e-05	9.905483e-03	-1.025978e+01
3.065000e-05	7.475790e-03	-1.025888e+01
3.066000e-05	1.103818e-02	-1.022340e+01
3.067000e-05	1.682096e-02	-1.028548e+01
3.068000e-05	1.237095e-02	-1.029558e+01
3.069000e-05	8.681934e-03	-1.029456e+01
3.070000e-05	8.101845e-03	-1.025454e+01
3.071000e-05	1.375921e-02	-1.029556e+01
3.072000e-05	1.760549e-02	-1.030456e+01
3.073000e-05	1.740236e-02	-1.028343e+01
3.074000e-05	1.403685e-02	-1.026335e+01
3.075000e-05	1.316217e-02	-1.026125e+01
3.076000e-05	1.656567e-02	-1.023114e+01
3.077000e-05	1.872177e-02	-1.018869e+01
3.078000e-05	1.880257e-02	-1.011711e+01
3.079000e-05	1.762530e-02	-1.009604e+01
3.080000e-05	1.983335e-02	-1.008098e+01
3.081000e-05	2.246206e-02	-1.001103e+01
3.082000e-05	1.935156e-02	-9.987821e+00
3.083000e-05	2.105356e-02	-9.946192e+00
3.084000e-05	2.282057e-02	-9.884061e+00
3.085000e-05	2.605558e-02	-9.862504e+00
3.086000e-05	2.384051e-02	-9.788299e+00
3.087000e-05	2.515142e-02	-9.705240e+00
3.088000e-05	2.577617e-02	-9.693036e+00
3.089000e-05	2.642950e-02	-9.611003e+00
3.090000e-05	2.682527e-02	-9.588824e+00
3.091000e-05	2.880254e-02	-9.494556e+00
3.092000e-05	3.019968e-02	-9.386775e+00
3.093000e-05	2.981645e-02	-9.314581e+00
3.094000e-05	2.989289e-02	-9.220472e+00
3.095000e-05	2.968104e-02	-9.137714e+00
3.096000e-05	3.246706e-02	-9.021083e+00
3.097000e-05	3.321665e-02	-8.945163e+00
3.098000e-05	3.384583e-02	-8.821054e+00
3.099000e-05	3.303020e-02	-8.766940e+00
3.100000e-05	3.147020e-02	-8.684660e+00
3.101000e-05	3.376383e-02	-8.527693e+00
3.102000e-05	3.426967e-02	-8.409929e+00
3.103000e-05	3.466326e-02	-8.324761e+00
3.104000e-05	3.373252e-02	-8.209927e+00
3.105000e-05	3.537263e-02	-8.094663e+00
3.106000e-05	3.393652e-02	-8.000447e+00
3.107000e-05	3.297001e-02	-7.822983e+00
3.108000e-05	3.115048e-02	-7.726531e+00
3.109000e-05	3.053901e-02	-7.556844e+00
3.110000e-05	3.178876e-02	-7.431926e+00
3.111000e-05	3.049003e-02	-7.283637e+00
3.112000e-05	2.951466e-02	-7.179844e+00
3.113000e-05	2.568600e-02	-7.040399e+00
3.114000e-05	2.711483e-02	-6.822081e+00
3.115000e-05	2.512448e-02	-6.655666e+00
3.116000e-05	2.507003e-02	-6.548947e+00
3.117000e-05	2.122251e-02	-6.452054e+00
3.118000e-05	2.143783e-02	-6.296217e+00
3.119000e-05	1.906700e-02	-6.074690e+00
3.120000e-05	1.755653e-02	-5.928316e+00
3.121000e-05	1.518699e-02	-5.801454e+00
3.122000e-05	1.527159e-02	-5.654103e+00
3.123000e-05	1.401102e-02	-5.506691e+00
3.124000e-05	1.281062e-02	-5.243183e+00
3.125000e-05	1.039991e-02	-5.126188e+00
3.126000e-05	1.057107e-02	-4.926767e+00
3.127000e-05	7.456313e-03	-4.713287e+00
3.128000e-05	7.892999e-03	-4.588895e+00
3.129000e-05	6.688843e-03	-4.399025e+00
3.130000e-05	6.774937e-03	-4.233580e+00
3.131000e-05	5.886529e-03	-4.073215e+00
3.132000e-05	4.267795e-03	-3.977818e+00
3.133000e-05	3.527010e-03	-3.676796e+00
3.134000e-05	2.348935e-03	-3.557819e+00
3.135000e-05	3.010590e-03	-3.378927e+00
3.136000e-05	2.419208e-03	-3.188800e+00
3.137000e-05	3.379528e-03	-3.013076e+00
3.138000e-05	-1.122854e-03	-2.801053e+00
3.139000e-05	8.575522e-04	-2.643109e+00
3.140000e-05	-2.162694e-03	-2.421658e+00
3.141000e-05	1.557101e-03	-2.304213e+00
3.142000e-05	-1.618759e-03	-2.042683e+00
3.143000e-05	1.797899e-03	-1.894784e+00
3.144000e-05	-1.880233e-03	-1.736262e+00
3.145000e-05	8.195906e-04	-1.558345e+00
3.146000e-05	-3.384793e-03	-1.244232e+00
3.147000e-05	-1.896735e-03	-1.065664e+00
3.148000e-05	-2.648903e-03	-8.527380e-01
3.149000e-05	-2.184586e-03	-7.279197e-01
3.150000e-05	-1.816107e-03	-4.741645e-01
3.151000e-05	-2.092462e-03	-3.368183e-01
3.152000e-05	-1.699317e-03	-1.379685e-01
3.153000e-05	2.936638e-03	1.047645e-02
3.154000e-05	3.479153e-03	2.520776e-01
3.155000e-05	-2.552381e-03	4.115001e-01
3.156000e-05	2.795749e-03	5.778410e-01
3.157000e-05	-5.678969e-03	7.658698e-01
3.158000e-05	-6.666823e-04	8.961631e-01
3.159000e-05	-3.241468e-03	1.157763e+00
3.160000e-05	7.012995e-03	1.305739e+00
3.161000e-05	2.598654e-02	1.495134e+00
3.162000e-05	7.633202e-02	1.766971e+00
3.163000e-05	-4.533250e-02	2.007346e+00
3.164000e-05	-3.826183e-02	2.156868e+00
3.165000e-05	-4.322202e-02	2.346263e+00
3.166000e-05	-6.934250e-02	2.420560e+00
3.167000e-05	2.478834e-02	2.628426e+00
3.168000e-05	1.638637e-01	2.790501e+00
3.169000e-05	-2.037966e-01	2.987868e+00
3.170000e-05	1.211550e-01	3.117713e+00
3.171000e-05	2.186681e-02	3.293033e+00
3.172000e-05	-1.110442e-01	3.556292e+00
3.173000e-05	9.835629e-02	3.671003e+00
3.174000e-05	-1.660960e-02	3.850900e+00
3.175000e-05	-1.184408e-01	4.059999e+00
3.176000e-05	1.331531e-01	4.256898e+00
3.177000e-05	-3.796850e-02	4.399474e+00
3.178000e-05	-6.971956e-03	4.547318e+00
3.179000e-05	-2.474040e-02	4.796740e+00
3.180000e-05	-6.369552e-02	4.998170e+00
3.181000e-05	7.187644e-02	5.178244e+00
3.182000e-05	-1.573512e-03	5.367342e+00
3.183000e-05	1.689586e-03	5.495612e+00
3.184000e-05	-4.543627e-02	5.631505e+00
3.185000e-05	1.420606e-02	5.870982e+00
3.186000e-05	5.180154e-03	6.010850e+00
3.187000e-05	-3.841838e-02	6.157792e+00
3.188000e-05	2.786398e-02	6.304632e+00
3.189000e-05	-2.033881e-02	6.421454e+00
3.190000e-05	-1.141910e-02	6.629300e+00
3.191000e-05	1.356204e-02	6.807873e+00
3.192000e-05	-3.489827e-02	6.916163e+00
3.193000e-05	-4.954923e-04	7.042454e+00
3.194000e-05	-9.888236e-03	7.219376e+00
3.195000e-05	1.888587e-03	7.323532e+00
3.196000e-05	3.337104e-03	7.484532e+00
3.197000e-05	-2.821794e-02	7.660505e+00
3.198000e-05	-3.473373e-03	7.735746e+00
3.199000e-05	-1.898063e-02	7.906115e+00
3.200000e-05	7.266162e-03	8.072005e+00
3.201000e-05	-1.735683e-02	8.199915e+00
3.202000e-05	-9.832304e-03	8.295087e+00
3.203000e-05	2.963771e-03	8.428901e+00
3.204000e-05	-1.698281e-02	8.524610e+00
3.205000e-05	-1.330528e-02	8.599291e+00
3.206000e-05	-2.194307e-02	8.734636e+00
3.207000e-05	3.760380e-03	8.778277e+00
3.208000e-05	-7.710577e-03	8.832427e+00
3.209000e-05	-1.198578e-02	8.965765e+00
3.210000e-05	-1.572210e-02	9.105087e+00
3.211000e-05	-1.299861e-02	9.189974e+00
3.212000e-05	-6.861020e-03	9.283002e+00
3.213000e-05	-1.471735e-02	9.376691e+00
3.214000e-05	-7.239504e-03	9.430326e+00
3.215000e-05	-1.483083e-02	9.473556e+00
3.216000e-05	-9.926484e-03	9.567820e+00
3.217000e-05	-1.496699e-02	9.610448e+00
3.218000e-05	-1.319875e-02	9.673037e+00
3.219000e-05	-1.778813e-02	9.746218e+00
3.220000e-05	-9.841554e-03	9.880430e+00
3.221000e-05	-5.425168e-03	9.885662e+00
3.222000e-05	-1.364397e-02	9.947822e+00
3.223000e-05	-1.897297e-02	9.981426e+00
3.224000e-05	-1.817214e-02	1.003153e+01
3.225000e-05	-9.909704e-03	1.008456e+01
3.226000e-05	-1.228958e-02	1.010511e+01
3.227000e-05	-1.552470e-02	1.014777e+01
3.228000e-05	-1.633488e-02	1.017832e+01
3.229000e-05	-1.639147e-02	1.021935e+01
3.230000e-05	-1.363601e-02	1.020143e+01
3.231000e-05	-1.590915e-02	1.025298e+01
3.232000e-05	-1.624976e-02	1.025306e+01
3.233000e-05	-1.692880e-02	1.026323e+01
3.234000e-05	-1.278657e-02	1.031456e+01
3.235000e-05	-1.705672e-02	1.029456e+01
3.236000e-05	-2.060119e-02	1.028467e+01
3.237000e-05	-2.142190e-02	1.026414e+01
3.238000e-05	-1.828906e-02	1.029608e+01
3.239000e-05	-1.678884e-02	1.024403e+01
3.240000e-05	-2.000071e-02	1.026348e+01
3.241000e-05	-2.219999e-02	1.026198e+01
3.242000e-05	-2.279544e-02	1.020140e+01
3.243000e-05	-2.198043e-02	1.022942e+01
3.244000e-05	-2.372109e-02	1.016927e+01
3.245000e-05	-2.401249e-02	1.014572e+01
3.246000e-05	-2.656481e-02	1.010511e+01
3.247000e-05	-2.525711e-02	1.007306e+01
3.248000e-05	-2.579376e-02	1.005100e+01
3.249000e-05	-2.870717e-02	9.999898e+00
3.250000e-05	-2.977155e-02	9.967369e+00
3.251000e-05	-3.045472e-02	9.886687e+00
3.252000e-05	-2.833961e-02	9.801352e+00
3.253000e-05	-3.153340e-02	9.747165e+00
3.254000e-05	-3.204286e-02	9.633531e+00
3.255000e-05	-3.470879e-02	9.600951e+00
3.256000e-05	-3.440178e-02	9.525693e+00
3.257000e-05	-3.561602e-02	9.482484e+00
3.258000e-05	-3.615987e-02	9.361349e+00
3.259000e-05	-3.463346e-02	9.296140e+00
3.260000e-05	-3.683010e-02	9.243054e+00
3.261000e-05	-3.815104e-02	9.179422e+00
3.262000e-05	-3.926660e-02	9.034660e+00
3.263000e-05	-3.926458e-02	8.946245e+00
3.264000e-05	-3.866147e-02	8.831007e+00
3.265000e-05	-3.965878e-02	8.759290e+00
3.266000e-05	-3.863193e-02	8.632607e+00
3.267000e-05	-4.122369e-02	8.548317e+00
3.268000e-05	-3.980031e-02	8.444583e+00
3.269000e-05	-4.175081e-02	8.360427e+00
3.270000e-05	-4.027695e-02	8.204108e+00
3.271000e-05	-4.192935e-02	8.147665e+00
3.272000e-05	-3.868972e-02	8.009574e+00
3.273000e-05	-3.984065e-02	7.895061e+00
3.274000e-05	-3.863599e-02	7.738269e+00
3.275000e-05	-4.081092e-02	7.621948e+00
3.276000e-05	-3.747442e-02	7.493291e+00
3.277000e-05	-3.732805e-02	7.305162e+00
3.278000e-05	-3.568581e-02	7.167395e+00
3.279000e-05	-3.561513e-02	7.012482e+00
3.280000e-05	-3.380695e-02	6.874712e+00
3.281000e-05	-3.342329e-02	6.770373e+00
3.282000e-05	-3.031122e-02	6.603006e+00
3.283000e-05	-2.932576e-02	6.413004e+00
3.284000e-05	-2.783077e-02	6.296313e+00
3.285000e-05	-2.726903e-02	6.158922e+00
3.286000e-05	-2.456465e-02	6.003004e+00
3.287000e-05	-2.453199e-02	5.906682e+00
3.288000e-05	-2.192533e-02	5.635641e+00
3.289000e-05	-2.089717e-02	5.485363e+00
3.290000e-05	-1.982519e-02	5.358950e+00
3.291000e-05	-1.931435e-02	5.171450e+00
3.292000e-05	-1.665748e-02	4.950972e+00
3.293000e-05	-1.626033e-02	4.748998e+00
3.294000e-05	-1.599844e-02	4.611029e+00
3.295000e-05	-1.479204e-02	4.422582e+00
3.296000e-05	-1.331685e-02	4.323288e+00
3.297000e-05	-1.182621e-02	4.035209e+00
3.298000e-05	-1.161870e-02	3.927316e+00
3.299000e-05	-1.271657e-02	3.747872e+00
3.300000e-05	-1.125870e-02	3.580474e+00
3.301000e-05	-1.033619e-02	3.401034e+00
3.302000e-05	-9.815083e-03	3.190550e+00
3.303000e-05	-1.007570e-02	3.012180e+00
3.304000e-05	-8.368677e-03	2.863159e+00
3.305000e-05	-8.237629e-03	2.717867e+00
3.306000e-05	-8.116993e-03	2.465084e+00
3.307000e-05	-8.825275e-03	2.255759e+00
3.308000e-05	-6.998517e-03	2.094816e+00
3.309000e-05	-7.013359e-03	1.960320e+00
3.310000e-05	-6.551593e-03	1.696949e+00
3.311000e-05	-7.308913e-03	1.548396e+00
3.312000e-05	-6.795351e-03	1.358845e+00
3.313000e-05	-7.421505e-03	1.128471e+00
3.314000e-05	-5.844175e-03	8.869123e-01
3.315000e-05	-5.780546e-03	7.444159e-01
3.316000e-05	-4.687704e-03	5.373713e-01
3.317000e-05	-5.752695e-03	3.804725e-01
3.318000e-05	-4.389829e-03	1.869763e-01
3.319000e-05	-1.485289e-03	-4.100270e-02
3.320000e-05	3.160639e-03	-2.089487e-01
3.321000e-05	-6.164745e-03	-3.678460e-01
3.322000e-05	2.336577e-03	-5.141344e-01
3.323000e-05	-4.622859e-03	-7.873433e-01
3.324000e-05	2.084014e-04	-9.266370e-01
3.325000e-05	-4.239361e-03	-1.071004e+00
3.326000e-05	8.202823e-03	-1.210501e+00
3.327000e-05	5.281676e-02	-1.431500e+00
3.328000e-05	6.000296e-02	-1.648524e+00
3.329000e-05	-9.137449e-02	-1.923105e+00
3.330000e-05	4.721297e-04	-2.135663e+00
3.331000e-05	-9.931150e-02	-2.409322e+00
3.332000e-05	-1.264427e-02	-2.462603e+00
3.333000e-05	1.935888e-01	-2.566241e+00
3.334000e-05	-1.652800e-01	-2.746615e+00
3.335000e-05	3.921793e-02	-2.996740e+00
3.336000e-05	1.461103e-01	-3.116687e+00
3.337000e-05	-2.152401e-01	-3.344212e+00
3.338000e-05	1.363269e-01	-3.525136e+00
3.339000e-05	5.754116e-02	-3.640427e+00
3.340000e-05	-2.040256e-01	-3.894381e+00
3.341000e-05	1.938450e-01	-4.019874e+00
3.342000e-05	-2.051991e-02	-4.198417e+00
3.343000e-05	-2.380924e-02	-4.409424e+00
3.344000e-05	5.223203e-02	-4.502109e+00
3.345000e-05	-1.914376e-01	-4.754637e+00
3.346000e-05	1.735266e-01	-4.904659e+00
3.347000e-05	3.267632e-02	-5.102031e+00
3.348000e-05	-8.056992e-02	-5.251528e+00
3.349000e-05	7.426515e-02	-5.400427e+00
3.350000e-05	-1.015186e-01	-5.671928e+00
3.351000e-05	1.148009e-01	-5.809372e+00
3.352000e-05	-7.377649e-02	-5.926687e+00
3.353000e-05	9.831309e-03	-6.074004e+00
3.354000e-05	7.295174e-02	-6.239951e+00
3.355000e-05	-1.083221e-01	-6.399945e+00
3.356000e-05	1.256134e-01	-6.577814e+00
3.357000e-05	-6.703692e-02	-6.674611e+00
3.358000e-05	2.264298e-02	-6.893031e+00
3.359000e-05	4.048094e-03	-6.989245e+00
3.360000e-05	-4.118202e-02	-7.187218e+00
3.361000e-05	1.129405e-01	-7.302586e+00
3.362000e-05	-8.196150e-02	-7.441900e+00
3.363000e-05	3.862131e-02	-7.606765e+00
3.364000e-05	-2.782985e-02	-7.732561e+00
3.365000e-05	2.747479e-02	-7.875108e+00
3.366000e-05	2.287879e-02	-8.030451e+00
3.367000e-05	-3.203065e-02	-8.146163e+00
3.368000e-05	6.032915e-02	-8.232452e+00
3.369000e-05	-3.431960e-02	-8.356765e+00
3.370000e-05	1.992724e-02	-8.439476e+00
3.371000e-05	-1.654126e-02	-8.578689e+00
3.372000e-05	2.440601e-02	-8.724603e+00
3.373000e-05	1.766841e-02	-8.818826e+00
3.374000e-05	-1.698760e-02	-8.893581e+00
3.375000e-05	2.685039e-02	-8.988194e+00
3.376000e-05	-4.373167e-03	-9.082957e+00
3.377000e-05	2.016992e-02	-9.157168e+00
3.378000e-05	-1.097827e-02	-9.230399e+00
3.379000e-05	1.588799e-02	-9.305608e+00
3.380000e-05	1.102606e-02	-9.397243e+00
3.381000e-05	4.174740e-03	-9.544638e+00
3.382000e-05	1.044940e-02	-9.599198e+00
3.383000e-05	6.770647e-04	-9.642451e+00
3.384000e-05	8.291732e-03	-9.695587e+00
3.385000e-05	5.269236e-03	-9.757217e+00
3.386000e-05	2.342998e-02	-9.830901e+00
3.387000e-05	9.097551e-03	-9.893507e+00
3.388000e-05	6.458187e-04	-9.915688e+00
3.389000e-05	1.578897e-03	-9.967744e+00
3.390000e-05	1.496391e-02	-9.998322e+00
3.391000e-05	1.472937e-02	-1.002143e+01
3.392000e-05	4.755295e-03	-1.008295e+01
3.393000e-05	5.886585e-03	-1.008614e+01
3.394000e-05	1.253748e-02	-1.016614e+01
3.395000e-05	1.284971e-02	-1.013712e+01
3.396000e-05	1.103482e-02	-1.019927e+01
3.397000e-05	6.318795e-03	-1.020027e+01
3.398000e-05	9.288847e-03	-1.028036e+01
3.399000e-05	1.490658e-02	-1.033348e+01
3.400000e-05	1.351075e-02	-1.026301e+01
3.401000e-05	1.069441e-02	-1.031449e+01
3.402000e-05	7.823903e-03	-1.032452e+01
3.403000e-05	1.236248e-02	-1.032293e+01
3.404000e-05	1.538360e-02	-1.028414e+01
3.405000e-05	1.775863e-02	-1.028385e+01
3.406000e-05	1.653320e-02	-1.027193e+01
3.407000e-05	1.368005e-02	-1.023333e+01
3.408000e-05	1.481036e-02	-1.022972e+01
3.409000e-05	1.674056e-02	-1.017764e+01
3.410000e-05	1.817688e-02	-1.011871e+01
3.411000e-05	1.770014e-02	-1.008459e+01
3.412000e-05	1.901688e-02	-1.004393e+01
3.413000e-05	2.208520e-02	-1.003343e+01
3.414000e-05	2.127285e-02	-1.001090e+01
3.415000e-05	1.952163e-02	-9.936270e+00
3.416000e-05	2.150355e-02	-9.915638e+00
3.417000e-05	2.498359e-02	-9.842487e+00
3.418000e-05	2.482136e-02	-9.842852e+00
3.419000e-05	2.447506e-02	-9.768218e+00
3.420000e-05	2.569129e-02	-9.694133e+00
3.421000e-05	2.661613e-02	-9.643007e+00
3.422000e-05	2.700386e-02	-9.591924e+00
3.423000e-05	2.718215e-02	-9.557189e+00
3.424000e-05	2.877694e-02	-9.411780e+00
3.425000e-05	3.080982e-02	-9.345607e+00
3.426000e-05	3.207769e-02	-9.192978e+00
3.427000e-05	3.086344e-02	-9.189342e+00
3.428000e-05	3.124042e-02	-9.075110e+00
3.429000e-05	3.101333e-02	-8.960269e+00
3.430000e-05	3.251265e-02	-8.864112e+00
3.431000e-05	3.330693e-02	-8.801022e+00
3.432000e-05	3.330528e-02	-8.705664e+00
3.433000e-05	3.376755e-02	-8.558275e+00
3.434000e-05	3.375108e-02	-8.474133e+00
3.435000e-05	3.482475e-02	-8.357344e+00
3.436000e-05	3.403812e-02	-8.233533e+00
3.437000e-05	3.372939e-02	-8.116747e+00
3.438000e-05	3.377257e-02	-8.032530e+00
3.439000e-05	3.406094e-02	-7.885713e+00
3.440000e-05	3.227706e-02	-7.777325e+00
3.441000e-05	3.075599e-02	-7.629498e+00
3.442000e-05	3.053157e-02	-7.444033e+00
3.443000e-05	3.096698e-02	-7.334189e+00
3.444000e-05	3.060402e-02	-7.198900e+00
3.445000e-05	2.808426e-02	-7.096181e+00
3.446000e-05	2.601575e-02	-6.855612e+00
3.447000e-05	2.575215e-02	-6.768345e+00
3.448000e-05	2.549206e-02	-6.612501e+00
3.449000e-05	2.213183e-02	-6.511663e+00
3.450000e-05	2.117035e-02	-6.347868e+00
3.451000e-05	1.989549e-02	-6.160399e+00
3.452000e-05	1.945205e-02	-6.001451e+00
3.453000e-05	1.646352e-02	-5.833656e+00
3.454000e-05	1.466591e-02	-5.686687e+00
3.455000e-05	1.341079e-02	-5.580945e+00
3.456000e-05	1.368418e-02	-5.357819e+00
3.457000e-05	1.158073e-02	-5.159895e+00
3.458000e-05	1.032736e-02	-4.960926e+00
3.459000e-05	9.438381e-03	-4.769324e+00
3.460000e-05	7.011626e-03	-4.611501e+00
3.461000e-05	6.338118e-03	-4.443684e+00
3.462000e-05	6.789654e-03	-4.336244e+00
3.463000e-05	3.701378e-03	-4.109343e+00
3.464000e-05	5.415533e-03	-3.968954e+00
3.465000e-05	2.551169e-03	-3.762550e+00
3.466000e-05	6.036589e-03	-3.581450e+00
3.467000e-05	2.324676e-03	-3.413582e+00
3.468000e-05	2.361048e-03	-3.231612e+00
3.469000e-05	1.701998e-03	-3.116262e+00
3.470000e-05	5.050423e-05	-2.844084e+00
3.471000e-05	8.552441e-04	-2.706265e+00
3.472000e-05	-1.695176e-03	-2.516773e+00
3.473000e-05	1.409420e-03	-2.378891e+00
3.474000e-05	-8.716484e-05	-2.146843e+00
3.475000e-05	1.862089e-03	-1.986946e+00
3.476000e-05	-2.151749e-03	-1.789449e+00
3.477000e-05	-5.988204e-04	-1.621070e+00
3.478000e-05	-2.994213e-03	-1.379958e+00
3.479000e-05	-7.847427e-06	-1.127974e+00
3.480000e-05	-2.058935e-03	-9.704514e-01
3.481000e-05	-1.691796e-03	-7.775987e-01
3.482000e-05	-4.057926e-03	-6.084513e-01
3.483000e-05	-1.706661e-03	-3.695476e-01
3.484000e-05	-3.329403e-03	-2.020515e-01
3.485000e-05	1.352325e-03	-3.605322e-03
3.486000e-05	4.494462e-03	1.282421e-01
3.487000e-05	-2.884886e-03	3.763947e-01
3.488000e-05	2.059235e-03	5.472406e-01
3.489000e-05	-2.507462e-03	6.956342e-01
3.490000e-05	-5.571456e-04	8.194516e-01
3.491000e-05	-3.842945e-03	1.072004e+00
3.492000e-05	3.451266e-03	1.242034e+00
3.493000e-05	9.574183e-03	1.439527e+00
3.494000e-05	6.699378e-02	1.653103e+00
3.495000e-05	1.583539e-02	1.905737e+00
3.496000e-05	-6.563654e-02	2.112632e+00
3.497000e-05	-2.968115e-02	2.262108e+00
3.498000e-05	-5.886168e-02	2.409526e+00
3.499000e-05	-5.150456e-02	2.536636e+00
3.500000e-05	1.762131e-01	2.726289e+00
3.501000e-05	-8.027910e-02	2.925162e+00
3.502000e-05	-8.192693e-02	3.041107e+00
3.503000e-05	1.770463e-01	3.248394e+00
3.504000e-05	-1.423065e-01	3.463558e+00
3.505000e-05	1.613328e-02	3.620421e+00
3.506000e-05	8.517521e-02	3.796240e+00
3.507000e-05	-1.430570e-01	3.957944e+00
3.508000e-05	6.874144e-02	4.093160e+00
3.509000e-05	3.984520e-02	4.376318e+00
3.510000e-05	-5.049142e-02	4.514706e+00
3.511000e-05	1.251372e-02	4.712559e+00
3.512000e-05	-7.175124e-02	4.831034e+00
3.513000e-05	2.550886e-02	5.154104e+00
3.514000e-05	3.641084e-02	5.304984e+00
3.515000e-05	-7.087619e-03	5.442579e+00
3.516000e-05	-1.965008e-02	5.578919e+00
3.517000e-05	-2.622890e-02	5.787220e+00
3.518000e-05	2.305244e-02	5.966387e+00
3.519000e-05	-3.311803e-02	6.085662e+00
3.520000e-05	-5.626123e-03	6.240449e+00
3.521000e-05	1.986070e-02	6.389949e+00
3.522000e-05	-4.408909e-02	6.546687e+00
3.523000e-05	3.113505e-02	6.734689e+00
3.524000e-05	-3.408349e-02	6.842432e+00
3.525000e-05	-1.093757e-02	7.000372e+00
3.526000e-05	-3.418666e-03	7.174212e+00
3.527000e-05	-8.126812e-03	7.211502e+00
3.528000e-05	1.444850e-02	7.409246e+00
3.529000e-05	-3.021965e-02	7.579322e+00
3.530000e-05	-5.029491e-03	7.735063e+00
3.531000e-05	-2.014745e-02	7.842528e+00
3.532000e-05	5.056560e-03	7.999945e+00
3.533000e-05	-1.162910e-02	8.107713e+00
3.534000e-05	-1.429184e-02	8.273553e+00
3.535000e-05	1.647543e-03	8.388368e+00
3.536000e-05	-7.478519e-03	8.492506e+00
3.537000e-05	-1.623133e-02	8.516692e+00
3.538000e-05	-2.231720e-02	8.661932e+00
3.539000e-05	-5.405583e-03	8.766741e+00
3.540000e-05	-1.475855e-04	8.811924e+00
3.541000e-05	-8.707768e-03	8.946561e+00
3.542000e-05	-1.699090e-02	9.071850e+00
3.543000e-05	-1.330329e-02	9.196319e+00
3.544000e-05	-1.066434e-02	9.222930e+00
3.545000e-05	-1.002461e-02	9.286087e+00
3.546000e-05	-1.201055e-02	9.347240e+00
3.547000e-05	-1.069385e-02	9.482959e+00
3.548000e-05	-1.130329e-02	9.586764e+00
3.549000e-05	-1.290507e-02	9.617398e+00
3.550000e-05	-1.287685e-02	9.661477e+00
3.551000e-05	-1.807734e-02	9.737586e+00
3.552000e-05	-1.261237e-02	9.789798e+00
3.553000e-05	-7.245236e-03	9.883083e+00
3.554000e-05	-6.356741e-03	9.978243e+00
3.555000e-05	-1.886126e-02	1.000739e+01
3.556000e-05	-1.896030e-02	1.002195e+01
3.557000e-05	-1.393116e-02	1.006353e+01
3.558000e-05	-1.055889e-02	1.010514e+01
3.559000e-05	-1.339231e-02	1.016619e+01
3.560000e-05	-1.688628e-02	1.018775e+01
3.561000e-05	-1.500470e-02	1.018187e+01
3.562000e-05	-1.592419e-02	1.022096e+01
3.563000e-05	-1.421679e-02	1.022043e+01
3.564000e-05	-1.750674e-02	1.022248e+01
3.565000e-05	-1.805106e-02	1.028418e+01
3.566000e-05	-1.413765e-02	1.026451e+01
3.567000e-05	-1.576682e-02	1.029411e+01
3.568000e-05	-1.867432e-02	1.028509e+01
3.569000e-05	-2.296129e-02	1.031403e+01
3.570000e-05	-1.910161e-02	1.031404e+01
3.571000e-05	-1.887877e-02	1.027414e+01
3.572000e-05	-1.732653e-02	1.025301e+01
3.573000e-05	-2.181143e-02	1.023211e+01
3.574000e-05	-2.219398e-02	1.021093e+01
3.575000e-05	-2.286745e-02	1.026132e+01
3.576000e-05	-2.314510e-02	1.015937e+01
3.577000e-05	-2.372327e-02	1.015722e+01
3.578000e-05	-2.597646e-02	1.013511e+01
3.579000e-05	-2.506030e-02	1.006406e+01
3.580000e-05	-2.579551e-02	1.004353e+01
3.581000e-05	-2.642016e-02	1.001155e+01
3.582000e-05	-3.068931e-02	1.000835e+01
3.583000e-05	-3.039506e-02	9.956015e+00
3.584000e-05	-2.915108e-02	9.812004e+00
3.585000e-05	-2.942686e-02	9.758696e+00
3.586000e-05	-3.178345e-02	9.665636e+00
3.587000e-05	-3.497363e-02	9.662477e+00
3.588000e-05	-3.416518e-02	9.556822e+00
3.589000e-05	-3.493017e-02	9.504636e+00
3.590000e-05	-3.493334e-02	9.430926e+00
3.591000e-05	-3.490861e-02	9.338270e+00
3.592000e-05	-3.698718e-02	9.244181e+00
3.593000e-05	-3.632209e-02	9.201451e+00
3.594000e-05	-4.019454e-02	9.157841e+00
3.595000e-05	-3.737728e-02	8.999302e+00
3.596000e-05	-4.095656e-02	8.854086e+00
3.597000e-05	-3.691200e-02	8.788825e+00
3.598000e-05	-4.026844e-02	8.713615e+00
3.599000e-05	-3.864683e-02	8.610846e+00
3.600000e-05	-4.253959e-02	8.464660e+00
3.601000e-05	-3.969243e-02	8.431027e+00
3.602000e-05	-4.112362e-02	8.317567e+00
3.603000e-05	-4.006964e-02	8.140425e+00
3.604000e-05	-4.127363e-02	8.113080e+00
3.605000e-05	-3.968360e-02	7.916713e+00
3.606000e-05	-3.921010e-02	7.809429e+00
3.607000e-05	-3.955093e-02	7.663582e+00
3.608000e-05	-3.817696e-02	7.547847e+00
3.609000e-05	-3.761160e-02	7.339273e+00
3.610000e-05	-3.557941e-02	7.221002e+00
3.611000e-05	-3.574909e-02	7.064137e+00
3.612000e-05	-3.417889e-02	6.928370e+00
3.613000e-05	-3.417337e-02	6.832528e+00
3.614000e-05	-3.188457e-02	6.684766e+00
3.615000e-05	-2.908885e-02	6.464166e+00
3.616000e-05	-2.850929e-02	6.347821e+00
3.617000e-05	-2.794014e-02	6.212030e+00
3.618000e-05	-2.589176e-02	6.052660e+00
3.619000e-05	-2.431184e-02	5.948499e+00
3.620000e-05	-2.283891e-02	5.787795e+00
3.621000e-05	-2.086791e-02	5.579924e+00
3.622000e-05	-2.001980e-02	5.453080e+00
3.623000e-05	-1.886680e-02	5.253633e+00
3.624000e-05	-1.800072e-02	4.984161e+00
3.625000e-05	-1.670107e-02	4.852531e+00
3.626000e-05	-1.472306e-02	4.604213e+00
3.627000e-05	-1.478535e-02	4.527269e+00
3.628000e-05	-1.346301e-02	4.379472e+00
3.629000e-05	-1.332208e-02	4.179420e+00
3.630000e-05	-1.139503e-02	3.958996e+00
3.631000e-05	-1.151005e-02	3.811578e+00
3.632000e-05	-1.219095e-02	3.644084e+00
3.633000e-05	-1.085413e-02	3.535722e+00
3.634000e-05	-1.072975e-02	3.264111e+00
3.635000e-05	-9.258489e-03	3.094788e+00
3.636000e-05	-9.791688e-03	2.938421e+00
3.637000e-05	-8.743156e-03	2.769474e+00
3.638000e-05	-9.648369e-03	2.509424e+00
3.639000e-05	-8.426302e-03	2.328425e+00
3.640000e-05	-7.325001e-03	2.168475e+00
3.641000e-05	-7.388478e-03	1.981052e+00
3.642000e-05	-6.845588e-03	1.843158e+00
3.643000e-05	-7.142984e-03	1.631654e+00
3.644000e-05	-6.415534e-03	1.432054e+00
3.645000e-05	-7.806441e-03	1.211158e+00
3.646000e-05	-6.808564e-03	9.496040e-01
3.647000e-05	-6.011484e-03	7.905251e-01
3.648000e-05	-4.793299e-03	6.211052e-01
3.649000e-05	-5.158009e-03	4.211330e-01
3.650000e-05	-5.445068e-03	2.552368e-01
3.651000e-05	-5.017826e-03	1.210658e-02
3.652000e-05	3.516471e-03	-1.672895e-01
3.653000e-05	-9.382798e-04	-3.171604e-01
3.654000e-05	-1.096228e-03	-4.415803e-01
3.655000e-05	-2.340952e-03	-6.535764e-01
3.656000e-05	-2.015432e-03	-8.310039e-01
3.657000e-05	-1.929581e-03	-9.874475e-01
3.658000e-05	1.459290e-03	-1.178367e+00
3.659000e-05	2.158743e-02	-1.366717e+00
3.660000e-05	1.008472e-01	-1.578321e+00
3.661000e-05	-6.620229e-02	-1.798846e+00
3.662000e-05	-1.887530e-02	-2.040498e+00
3.663000e-05	-6.328539e-02	-2.323184e+00
3.664000e-05	-8.693448e-02	-2.423003e+00
3.665000e-05	1.648201e-01	-2.504109e+00
3.666000e-05	1.232709e-02	-2.673452e+00
3.667000e-05	-1.678900e-01	-2.894004e+00
3.668000e-05	2.226340e-01	-3.023577e+00
3.669000e-05	-1.636487e-01	-3.260503e+00
3.670000e-05	-4.333766e-02	-3.450454e+00
3.671000e-05	1.773079e-01	-3.577818e+00
3.672000e-05	-1.742045e-01	-3.805313e+00
3.673000e-05	3.143066e-02	-4.008367e+00
3.674000e-05	1.520368e-01	-4.073108e+00
3.675000e-05	-1.457662e-01	-4.356217e+00
3.676000e-05	1.222409e-01	-4.464028e+00
3.677000e-05	-1.540162e-01	-4.651874e+00
3.678000e-05	9.759170e-03	-4.840899e+00
3.679000e-05	1.628771e-01	-4.999318e+00
3.680000e-05	-1.241758e-01	-5.157842e+00
3.681000e-05	7.839260e-02	-5.407236e+00
3.682000e-05	-6.663344e-02	-5.595741e+00
3.683000e-05	2.646418e-02	-5.775184e+00
3.684000e-05	4.956591e-02	-5.851554e+00
3.685000e-05	-9.855966e-02	-6.009398e+00
3.686000e-05	1.273972e-01	-6.188240e+00
3.687000e-05	-9.708906e-02	-6.357768e+00
3.688000e-05	4.806383e-02	-6.514612e+00
3.689000e-05	3.882589e-02	-6.660449e+00
3.690000e-05	-7.171693e-02	-6.810396e+00
3.691000e-05	7.279868e-02	-6.937613e+00
3.692000e-05	-8.366357e-02	-7.112087e+00
3.693000e-05	1.005779e-01	-7.262477e+00
3.694000e-05	-1.373269e-02	-7.399295e+00
3.695000e-05	-2.680834e-02	-7.536159e+00
3.696000e-05	2.750026e-02	-7.640854e+00
3.697000e-05	-3.158702e-02	-7.913802e+00
3.698000e-05	6.470078e-02	-7.997218e+00
3.699000e-05	-4.709542e-02	-8.084055e+00
3.700000e-05	4.154334e-02	-8.202846e+00
3.701000e-05	5.528686e-03	-8.305061e+00
3.702000e-05	-1.151297e-02	-8.439424e+00
3.703000e-05	1.633437e-02	-8.484529e+00
3.704000e-05	-1.669698e-02	-8.612349e+00
3.705000e-05	4.831398e-02	-8.787740e+00
3.706000e-05	-2.533919e-02	-8.823027e+00
3.707000e-05	2.110666e-02	-8.927162e+00
3.708000e-05	-6.043138e-05	-9.061375e+00
3.709000e-05	1.160026e-02	-9.155687e+00
3.710000e-05	5.743377e-03	-9.188871e+00
3.711000e-05	-3.115948e-03	-9.283529e+00
3.712000e-05	2.432972e-02	-9.333565e+00
3.713000e-05	-2.670759e-03	-9.473849e+00
3.714000e-05	1.521521e-02	-9.569194e+00
3.715000e-05	-8.197905e-04	-9.651377e+00
3.716000e-05	8.341916e-03	-9.683036e+00
3.717000e-05	1.687921e-03	-9.757189e+00
3.718000e-05	1.510217e-02	-9.810396e+00
3.719000e-05	1.874328e-02	-9.813475e+00
3.720000e-05	2.222749e-03	-9.926086e+00
3.721000e-05	3.406844e-03	-9.965740e+00
3.722000e-05	5.475707e-03	-9.980271e+00
3.723000e-05	1.778099e-02	-1.002095e+01
3.724000e-05	7.467421e-03	-1.004193e+01
3.725000e-05	5.962526e-03	-1.010453e+01
3.726000e-05	7.277701e-03	-1.012611e+01
3.727000e-05	1.338441e-02	-1.016609e+01
3.728000e-05	1.295742e-02	-1.025325e+01
3.729000e-05	9.056580e-03	-1.025230e+01
3.730000e-05	5.649165e-03	-1.026332e+01
3.731000e-05	1.265361e-02	-1.031253e+01
3.732000e-05	1.562317e-02	-1.027551e+01
3.733000e-05	1.189174e-02	-1.031454e+01
3.734000e-05	9.319595e-03	-1.033606e+01
3.735000e-05	1.091625e-02	-1.028608e+01
3.736000e-05	1.388989e-02	-1.027408e+01
3.737000e-05	1.612823e-02	-1.030608e+01
3.738000e-05	1.585236e-02	-1.030348e+01
3.739000e-05	1.439458e-02	-1.021186e+01
3.740000e-05	1.373461e-02	-1.022125e+01
3.741000e-05	1.719813e-02	-1.018782e+01
3.742000e-05	1.911161e-02	-1.017816e+01
3.743000e-05	1.887762e-02	-1.011463e+01
3.744000e-05	1.780930e-02	-1.006453e+01
3.745000e-05	1.980940e-02	-1.002350e+01
3.746000e-05	2.282492e-02	-9.999423e+00
3.747000e-05	2.087790e-02	-9.968321e+00
3.748000e-05	2.094578e-02	-9.937113e+00
3.749000e-05	2.301790e-02	-9.903528e+00
3.750000e-05	2.626948e-02	-9.842376e+00
3.751000e-05	2.522908e-02	-9.749320e+00
3.752000e-05	2.602514e-02	-9.726137e+00
3.753000e-05	2.661273e-02	-9.642577e+00
3.754000e-05	2.741547e-02	-9.601972e+00
3.755000e-05	2.743805e-02	-9.557820e+00
3.756000e-05	2.892304e-02	-9.474456e+00
3.757000e-05	2.974472e-02	-9.378195e+00
3.758000e-05	2.967976e-02	-9.263531e+00
3.759000e-05	3.127533e-02	-9.160874e+00
3.760000e-05	3.098784e-02	-9.106189e+00
3.761000e-05	3.079807e-02	-8.971898e+00
3.762000e-05	3.216131e-02	-8.905461e+00
3.763000e-05	3.358051e-02	-8.853031e+00
3.764000e-05	3.355544e-02	-8.760368e+00
3.765000e-05	3.271872e-02	-8.632504e+00
3.766000e-05	3.351416e-02	-8.485638e+00
3.767000e-05	3.426702e-02	-8.390922e+00
3.768000e-05	3.451443e-02	-8.255165e+00
3.769000e-05	3.348819e-02	-8.209921e+00
3.770000e-05	3.429112e-02	-8.085111e+00
3.771000e-05	3.374676e-02	-7.939323e+00
3.772000e-05	3.322097e-02	-7.821324e+00
3.773000e-05	3.213236e-02	-7.642555e+00
3.774000e-05	3.235732e-02	-7.527715e+00
3.775000e-05	3.056951e-02	-7.420820e+00
3.776000e-05	2.902685e-02	-7.253532e+00
3.777000e-05	3.007407e-02	-7.144344e+00
3.778000e-05	2.652924e-02	-6.948320e+00
3.779000e-05	2.691658e-02	-6.799500e+00
3.780000e-05	2.449192e-02	-6.686062e+00
3.781000e-05	2.377200e-02	-6.548313e+00
3.782000e-05	2.099103e-02	-6.401928e+00
3.783000e-05	2.136096e-02	-6.294532e+00
3.784000e-05	1.798390e-02	-6.062555e+00
3.785000e-05	1.837920e-02	-5.925767e+00
3.786000e-05	1.538502e-02	-5.748945e+00
3.787000e-05	1.503681e-02	-5.632576e+00
3.788000e-05	1.348451e-02	-5.493607e+00
3.789000e-05	1.108131e-02	-5.233606e+00
3.790000e-05	1.160474e-02	-5.093609e+00
3.791000e-05	9.300015e-03	-4.906683e+00
3.792000e-05	9.445825e-03	-4.644584e+00
3.793000e-05	4.860041e-03	-4.517813e+00
3.794000e-05	7.325016e-03	-4.379424e+00
3.795000e-05	4.675903e-03	-4.231052e+00
3.796000e-05	6.407326e-03	-4.052609e+00
3.797000e-05	3.118273e-03	-3.915691e+00
3.798000e-05	4.128866e-03	-3.653581e+00
3.799000e-05	2.708331e-03	-3.496313e+00
3.800000e-05	3.744744e-03	-3.357366e+00
3.801000e-05	2.023825e-03	-3.119946e+00
3.802000e-05	2.038294e-03	-2.959499e+00
3.803000e-05	-3.884359e-04	-2.779999e+00
3.804000e-05	1.039392e-03	-2.611550e+00
3.805000e-05	7.691309e-04	-2.391053e+00
3.806000e-05	1.523956e-03	-2.219658e+00
3.807000e-05	-8.107646e-05	-2.022105e+00
3.808000e-05	2.992689e-04	-1.862629e+00
3.809000e-05	-1.389875e-03	-1.641812e+00
3.810000e-05	-7.392743e-04	-1.525291e+00
3.811000e-05	-2.070070e-03	-1.201502e+00
3.812000e-05	-2.613033e-03	-1.053102e+00
3.813000e-05	-1.817254e-03	-8.547105e-01
3.814000e-05	-1.190628e-03	-6.738169e-01
3.815000e-05	-1.068548e-03	-4.317081e-01
3.816000e-05	-3.322828e-03	-2.743130e-01
3.817000e-05	-1.933241e-03	-1.157434e-01
3.818000e-05	3.730551e-03	5.105396e-02
3.819000e-05	3.410156e-03	2.951341e-01
3.820000e-05	-2.233299e-03	4.200567e-01
3.821000e-05	4.720139e-04	5.994250e-01
3.822000e-05	-4.775322e-03	7.973947e-01
3.823000e-05	-1.457458e-03	9.252380e-01
3.824000e-05	-6.432170e-04	1.188849e+00
3.825000e-05	6.853582e-03	1.355871e+00
3.826000e-05	3.900574e-02	1.559266e+00
3.827000e-05	6.651555e-02	1.831450e+00
3.828000e-05	-6.441664e-02	2.028951e+00
3.829000e-05	-3.093198e-02	2.209975e+00
3.830000e-05	-4.924713e-02	2.356342e+00
3.831000e-05	-7.227887e-02	2.464058e+00
3.832000e-05	7.733348e-02	2.685129e+00
3.833000e-05	1.046490e-01	2.853026e+00
3.834000e-05	-2.009724e-01	3.008424e+00
3.835000e-05	1.827000e-01	3.155739e+00
3.836000e-05	-5.636731e-02	3.366187e+00
3.837000e-05	-7.882361e-02	3.578295e+00
3.838000e-05	1.150349e-01	3.662629e+00
3.839000e-05	-6.724726e-02	3.874634e+00
3.840000e-05	-6.263154e-02	4.060454e+00
3.841000e-05	1.168669e-01	4.233483e+00
3.842000e-05	-6.165943e-02	4.441928e+00
3.843000e-05	9.111470e-03	4.629995e+00
3.844000e-05	-4.102545e-02	4.787399e+00
3.845000e-05	-4.134170e-02	5.048847e+00
3.846000e-05	7.129853e-02	5.220324e+00
3.847000e-05	-1.099467e-02	5.399374e+00
3.848000e-05	-1.439248e-03	5.616264e+00
3.849000e-05	-5.110753e-02	5.664009e+00
3.850000e-05	2.633763e-02	5.903563e+00
3.851000e-05	-6.710208e-03	6.051976e+00
3.852000e-05	-3.213836e-02	6.208349e+00
3.853000e-05	3.273080e-02	6.326717e+00
3.854000e-05	-3.607614e-02	6.483507e+00
3.855000e-05	9.050810e-03	6.662960e+00
3.856000e-05	-4.166044e-03	6.809476e+00
3.857000e-05	-2.980215e-02	6.926691e+00
3.858000e-05	1.568270e-03	7.083085e+00
3.859000e-05	-1.062457e-02	7.198400e+00
3.860000e-05	8.342341e-03	7.285661e+00
3.861000e-05	-9.882301e-03	7.524487e+00
3.862000e-05	-2.098551e-02	7.682532e+00
3.863000e-05	-8.369616e-03	7.808798e+00
3.864000e-05	-1.008878e-02	7.937240e+00
3.865000e-05	1.955766e-03	8.103984e+00
3.866000e-05	-1.718538e-02	8.189348e+00
3.867000e-05	-6.303335e-03	8.316215e+00
3.868000e-05	1.474802e-03	8.450876e+00
3.869000e-05	-1.819507e-02	8.495089e+00
3.870000e-05	-1.442372e-02	8.630324e+00
3.871000e-05	-1.909807e-02	8.726062e+00
3.872000e-05	4.737948e-03	8.779923e+00
3.873000e-05	-8.803364e-03	8.893483e+00
3.874000e-05	-1.354528e-02	9.018795e+00
3.875000e-05	-1.466570e-02	9.154642e+00
3.876000e-05	-1.249759e-02	9.231400e+00
3.877000e-05	-7.308114e-03	9.244032e+00
3.878000e-05	-1.424519e-02	9.316217e+00
3.879000e-05	-7.681670e-03	9.440901e+00
3.880000e-05	-1.428085e-02	9.514116e+00
3.881000e-05	-1.061920e-02	9.589802e+00
3.882000e-05	-1.343517e-02	9.611426e+00
3.883000e-05	-1.600201e-02	9.684107e+00
3.884000e-05	-1.483366e-02	9.778620e+00
3.885000e-05	-8.886663e-03	9.843430e+00
3.886000e-05	-4.636814e-03	9.914613e+00
3.887000e-05	-1.643332e-02	9.998221e+00
3.888000e-05	-1.845963e-02	1.001150e+01
3.889000e-05	-1.690063e-02	1.003253e+01
3.890000e-05	-8.647036e-03	1.007408e+01
3.891000e-05	-1.458134e-02	1.010556e+01
3.892000e-05	-1.631053e-02	1.017666e+01
3.893000e-05	-1.626820e-02	1.016935e+01
3.894000e-05	-1.488719e-02	1.019943e+01
3.895000e-05	-1.350633e-02	1.024092e+01
3.896000e-05	-1.805246e-02	1.024251e+01
3.897000e-05	-1.700585e-02	1.027298e+01
3.898000e-05	-1.662499e-02	1.029506e+01
3.899000e-05	-1.279493e-02	1.031353e+01
3.900000e-05	-1.792702e-02	1.029414e+01
3.901000e-05	-2.194534e-02	1.032459e+01
3.902000e-05	-2.113335e-02	1.029359e+01
3.903000e-05	-1.878099e-02	1.029411e+01
3.904000e-05	-1.700525e-02	1.027306e+01
3.905000e-05	-2.125043e-02	1.026301e+01
3.906000e-05	-2.197848e-02	1.023205e+01
3.907000e-05	-2.298007e-02	1.020145e+01
3.908000e-05	-2.253079e-02	1.017987e+01
3.909000e-05	-2.501770e-02	1.013569e+01
3.910000e-05	-2.497716e-02	1.012614e+01
3.911000e-05	-2.627426e-02	1.010409e+01
3.912000e-05	-2.542193e-02	1.004306e+01
3.913000e-05	-2.571876e-02	1.005305e+01
3.914000e-05	-2.943009e-02	1.002037e+01
3.915000e-05	-3.074122e-02	9.946247e+00
3.916000e-05	-2.991776e-02	9.864107e+00
3.917000e-05	-2.790579e-02	9.769824e+00
3.918000e-05	-3.248306e-02	9.696691e+00
3.919000e-05	-3.339926e-02	9.634027e+00
3.920000e-05	-3.493461e-02	9.588820e+00
3.921000e-05	-3.335655e-02	9.536666e+00
3.922000e-05	-3.461690e-02	9.463511e+00
3.923000e-05	-3.483113e-02	9.357774e+00
3.924000e-05	-3.637035e-02	9.305160e+00
3.925000e-05	-3.731580e-02	9.232528e+00
3.926000e-05	-3.922013e-02	9.178345e+00
3.927000e-05	-3.765704e-02	9.041560e+00
3.928000e-05	-4.034298e-02	8.885620e+00
3.929000e-05	-3.722425e-02	8.799974e+00
3.930000e-05	-4.101690e-02	8.706718e+00
3.931000e-05	-3.805172e-02	8.662081e+00
3.932000e-05	-4.286799e-02	8.537718e+00
3.933000e-05	-3.935055e-02	8.451985e+00
3.934000e-05	-4.175081e-02	8.328868e+00
3.935000e-05	-3.752984e-02	8.261004e+00
3.936000e-05	-4.180197e-02	8.057741e+00
3.937000e-05	-3.883492e-02	8.008799e+00
3.938000e-05	-4.020287e-02	7.823660e+00
3.939000e-05	-3.850018e-02	7.718269e+00
3.940000e-05	-4.049135e-02	7.580953e+00
3.941000e-05	-3.768131e-02	7.414134e+00
3.942000e-05	-3.556601e-02	7.285238e+00
3.943000e-05	-3.432264e-02	7.157416e+00
3.944000e-05	-3.463080e-02	6.990504e+00
3.945000e-05	-3.517911e-02	6.863109e+00
3.946000e-05	-3.251343e-02	6.778346e+00
3.947000e-05	-3.014755e-02	6.598403e+00
3.948000e-05	-2.822004e-02	6.409549e+00
3.949000e-05	-2.743942e-02	6.293638e+00
3.950000e-05	-2.670255e-02	6.126770e+00
3.951000e-05	-2.387893e-02	6.009023e+00
3.952000e-05	-2.399425e-02	5.862084e+00
3.953000e-05	-2.147094e-02	5.632107e+00
3.954000e-05	-2.125264e-02	5.514241e+00
3.955000e-05	-1.907562e-02	5.326771e+00
3.956000e-05	-1.833776e-02	5.126349e+00
3.957000e-05	-1.609541e-02	4.867140e+00
3.958000e-05	-1.712535e-02	4.736371e+00
3.959000e-05	-1.544918e-02	4.558926e+00
3.960000e-05	-1.413570e-02	4.400953e+00
3.961000e-05	-1.268324e-02	4.273112e+00
3.962000e-05	-1.121712e-02	4.011657e+00
3.963000e-05	-1.143124e-02	3.883313e+00
3.964000e-05	-1.244538e-02	3.706320e+00
3.965000e-05	-1.097913e-02	3.599445e+00
3.966000e-05	-1.111942e-02	3.305871e+00
3.967000e-05	-9.810565e-03	3.157999e+00
3.968000e-05	-9.826066e-03	3.019924e+00
3.969000e-05	-8.827328e-03	2.802104e+00
3.970000e-05	-9.344395e-03	2.644665e+00
3.971000e-05	-8.931181e-03	2.413078e+00
3.972000e-05	-8.969740e-03	2.233132e+00
3.973000e-05	-7.123652e-03	2.033687e+00
3.974000e-05	-6.809130e-03	1.905867e+00
3.975000e-05	-6.457279e-03	1.654743e+00
3.976000e-05	-7.196542e-03	1.495295e+00
3.977000e-05	-7.229044e-03	1.325813e+00
3.978000e-05	-7.131027e-03	1.125842e+00
3.979000e-05	-6.019547e-03	8.437598e-01
3.980000e-05	-5.285698e-03	6.842632e-01
3.981000e-05	-5.366699e-03	4.847908e-01
3.982000e-05	-5.216493e-03	3.483958e-01
3.983000e-05	-5.752390e-03	6.724098e-02
3.984000e-05	5.930003e-04	-8.263165e-02
3.985000e-05	1.756807e-03	-2.505514e-01
3.986000e-05	-4.195399e-03	-3.993997e-01
3.987000e-05	1.530185e-03	-5.762658e-01
3.988000e-05	-4.453951e-03	-8.168949e-01
3.989000e-05	3.099252e-04	-9.378419e-01
3.990000e-05	-3.228330e-03	-1.113584e+00
3.991000e-05	1.133950e-02	-1.294058e+00
3.992000e-05	7.287088e-02	-1.473628e+00
3.993000e-05	1.893507e-02	-1.692082e+00
3.994000e-05	-7.527210e-02	-1.987795e+00
3.995000e-05	-1.169622e-02	-2.196371e+00
3.996000e-05	-1.032838e-01	-2.428974e+00
3.997000e-05	4.569494e-02	-2.472663e+00
3.998000e-05	1.574158e-01	-2.577246e+00
3.999000e-05	-2.034557e-01	-2.828373e+00
4.000000e-05	1.485679e-01	-3.010953e+00
4.001000e-05	5.509517e-02	-3.196296e+00
4.002000e-05	-1.900555e-01	-3.386719e+00
4.003000e-05	1.778809e-01	-3.506691e+00
4.004000e-05	-2.207885e-02	-3.671553e+00
4.005000e-05	-1.550333e-01	-3.905234e+00
4.006000e-05	2.133228e-01	-4.030978e+00
4.007000e-05	-9.745596e-02	-4.249974e+00
4.008000e-05	4.405084e-02	-4.419951e+00
4.009000e-05	-1.271055e-02	-4.526138e+00
4.010000e-05	-1.543193e-01	-4.776720e+00
4.011000e-05	2.029737e-01	-4.925715e+00
4.012000e-05	-4.156840e-02	-5.145032e+00
4.013000e-05	-2.740185e-02	-5.354082e+00
4.014000e-05	3.512729e-02	-5.465003e+00
4.015000e-05	-7.219371e-02	-5.662030e+00
4.016000e-05	1.236934e-01	-5.809946e+00
4.017000e-05	-1.114769e-01	-5.947342e+00
4.018000e-05	6.430904e-02	-6.154638e+00
4.019000e-05	1.845018e-02	-6.304607e+00
4.020000e-05	-6.652111e-02	-6.441452e+00
4.021000e-05	1.210710e-01	-6.608846e+00
4.022000e-05	-1.002538e-01	-6.735263e+00
4.023000e-05	5.663296e-02	-6.861531e+00
4.024000e-05	-3.260706e-02	-7.022398e+00
4.025000e-05	1.066184e-02	-7.217347e+00
4.026000e-05	8.352625e-02	-7.335662e+00
4.027000e-05	-8.561151e-02	-7.451978e+00
4.028000e-05	5.189400e-02	-7.568373e+00
4.029000e-05	-4.206104e-02	-7.749040e+00
4.030000e-05	5.329665e-02	-7.936039e+00
4.031000e-05	-7.331607e-03	-8.050999e+00
4.032000e-05	-1.269770e-02	-8.148268e+00
4.033000e-05	4.990144e-02	-8.273003e+00
4.034000e-05	-3.484645e-02	-8.360342e+00
4.035000e-05	3.101357e-02	-8.431903e+00
4.036000e-05	-2.698929e-02	-8.609669e+00
4.037000e-05	3.773762e-02	-8.747116e+00
4.038000e-05	-5.731099e-04	-8.829948e+00
4.039000e-05	-2.692113e-03	-8.926137e+00
4.040000e-05	1.956484e-02	-8.997798e+00
4.041000e-05	-4.680139e-03	-9.113630e+00
4.042000e-05	1.740975e-02	-9.178242e+00
4.043000e-05	-1.129370e-02	-9.270954e+00
4.044000e-05	2.421395e-02	-9.314561e+00
4.045000e-05	3.832423e-03	-9.419771e+00
4.046000e-05	8.292070e-03	-9.569137e+00
4.047000e-05	6.029197e-03	-9.590875e+00
4.048000e-05	4.208582e-03	-9.664957e+00
4.049000e-05	6.122859e-03	-9.755113e+00
4.050000e-05	6.095589e-03	-9.768718e+00
4.051000e-05	2.120042e-02	-9.801375e+00
4.052000e-05	6.924925e-03	-9.893984e+00
4.053000e-05	3.201615e-03	-9.936213e+00
4.054000e-05	2.130685e-03	-9.977842e+00
4.055000e-05	1.501470e-02	-1.001985e+01
4.056000e-05	1.319819e-02	-1.002095e+01
4.057000e-05	4.909668e-03	-1.006359e+01
4.058000e-05	6.636751e-03	-1.010459e+01
4.059000e-05	1.093325e-02	-1.016666e+01
4.060000e-05	1.285124e-02	-1.017872e+01
4.061000e-05	9.627431e-03	-1.023835e+01
4.062000e-05	7.669702e-03	-1.025293e+01
4.063000e-05	1.041826e-02	-1.027138e+01
4.064000e-05	1.599842e-02	-1.032494e+01
4.065000e-05	1.203994e-02	-1.029693e+01
4.066000e-05	9.530962e-03	-1.030311e+01
4.067000e-05	9.572569e-03	-1.033508e+01
4.068000e-05	1.315677e-02	-1.031551e+01
4.069000e-05	1.564484e-02	-1.030538e+01
4.070000e-05	1.663250e-02	-1.025108e+01
4.071000e-05	1.555563e-02	-1.022240e+01
4.072000e-05	1.403148e-02	-1.025183e+01
4.073000e-05	1.529614e-02	-1.021075e+01
4.074000e-05	1.767332e-02	-1.012774e+01
4.075000e-05	1.905136e-02	-1.016612e+01
4.076000e-05	1.842606e-02	-1.009559e+01
4.077000e-05	2.025295e-02	-1.005258e+01
4.078000e-05	2.135105e-02	-1.002338e+01
4.079000e-05	2.009235e-02	-9.969420e+00
4.080000e-05	2.026856e-02	-9.926240e+00
4.081000e-05	2.342506e-02	-9.894613e+00
4.082000e-05	2.639698e-02	-9.832505e+00
4.083000e-05	2.436219e-02	-9.829873e+00
4.084000e-05	2.444615e-02	-9.707790e+00
4.085000e-05	2.539850e-02	-9.693086e+00
4.086000e-05	2.735006e-02	-9.641503e+00
4.087000e-05	2.701092e-02	-9.569827e+00
4.088000e-05	2.890795e-02	-9.525111e+00
4.089000e-05	2.982660e-02	-9.398248e+00
4.090000e-05	2.972461e-02	-9.275612e+00
4.091000e-05	3.014159e-02	-9.210501e+00
4.092000e-05	2.981183e-02	-9.156163e+00
4.093000e-05	3.135026e-02	-9.023007e+00
4.094000e-05	3.221082e-02	-8.976267e+00
4.095000e-05	3.324437e-02	-8.863580e+00
4.096000e-05	3.317927e-02	-8.779872e+00
4.097000e-05	3.262077e-02	-8.745186e+00
4.098000e-05	3.309153e-02	-8.566668e+00
4.099000e-05	3.432631e-02	-8.392056e+00
4.100000e-05	3.447678e-02	-8.316242e+00
4.101000e-05	3.415193e-02	-8.202507e+00
4.102000e-05	3.336944e-02	-8.095763e+00
4.103000e-05	3.356134e-02	-7.981479e+00
4.104000e-05	3.194970e-02	-7.844063e+00
4.105000e-05	3.247309e-02	-7.677666e+00
4.106000e-05	3.193609e-02	-7.567822e+00
4.107000e-05	3.111548e-02	-7.422484e+00
4.108000e-05	2.993546e-02	-7.305239e+00
4.109000e-05	2.921786e-02	-7.179425e+00
4.110000e-05	2.758084e-02	-7.070948e+00
4.111000e-05	2.570628e-02	-6.863562e+00
4.112000e-05	2.516833e-02	-6.726717e+00
4.113000e-05	2.437243e-02	-6.620471e+00
4.114000e-05	2.279264e-02	-6.433082e+00
4.115000e-05	2.089039e-02	-6.347237e+00
4.116000e-05	1.999661e-02	-6.104871e+00
4.117000e-05	1.748721e-02	-5.948846e+00
4.118000e-05	1.655451e-02	-5.823554e+00
4.119000e-05	1.467907e-02	-5.674210e+00
4.120000e-05	1.369363e-02	-5.548845e+00
4.121000e-05	1.209698e-02	-5.305142e+00
4.122000e-05	1.190144e-02	-5.115838e+00
4.123000e-05	9.698598e-03	-4.948944e+00
4.124000e-05	8.635564e-03	-4.748773e+00
4.125000e-05	7.073488e-03	-4.579474e+00
4.126000e-05	8.072781e-03	-4.440054e+00
4.127000e-05	6.133692e-03	-4.284216e+00
4.128000e-05	5.722481e-03	-4.105267e+00
4.129000e-05	4.809620e-03	-3.979373e+00
4.130000e-05	3.523258e-03	-3.739368e+00
4.131000e-05	3.403026e-03	-3.578974e+00
4.132000e-05	3.021640e-03	-3.401030e+00
4.133000e-05	2.391947e-03	-3.200630e+00
4.134000e-05	2.423014e-03	-3.013234e+00
4.135000e-05	7.393227e-04	-2.793104e+00
4.136000e-05	1.146647e-03	-2.683712e+00
4.137000e-05	-3.002024e-03	-2.503742e+00
4.138000e-05	1.097273e-03	-2.337891e+00
4.139000e-05	6.633461e-04	-2.066265e+00
4.140000e-05	1.896502e-03	-1.937343e+00
4.141000e-05	-2.293125e-03	-1.758871e+00
4.142000e-05	1.198973e-03	-1.589421e+00
4.143000e-05	-2.193108e-03	-1.315318e+00
4.144000e-05	2.845496e-05	-1.116836e+00
4.145000e-05	-4.150691e-03	-9.473673e-01
4.146000e-05	-1.258312e-03	-7.599460e-01
4.147000e-05	-3.309302e-03	-5.169187e-01
4.148000e-05	-1.133869e-03	-3.684224e-01
4.149000e-05	-2.857687e-03	-1.594961e-01
4.150000e-05	1.897033e-03	-1.102619e-03
4.151000e-05	4.032093e-03	2.073198e-01
4.152000e-05	-2.886849e-03	3.989249e-01
4.153000e-05	3.092678e-03	5.468671e-01
4.154000e-05	-3.743412e-03	7.142417e-01
4.155000e-05	-1.196668e-03	8.595528e-01
4.156000e-05	-4.299189e-03	1.102588e+00
4.157000e-05	5.512909e-03	1.281657e+00
4.158000e-05	1.587873e-02	1.492029e+00
4.159000e-05	7.516599e-02	1.756269e+00
4.160000e-05	-1.428796e-02	1.947363e+00
4.161000e-05	-5.303587e-02	2.106184e+00
4.162000e-05	-3.545347e-02	2.335061e+00
4.163000e-05	-6.375589e-02	2.451501e+00
4.164000e-05	-2.260791e-02	2.629799e+00
4.165000e-05	1.875967e-01	2.797322e+00
4.166000e-05	-1.565903e-01	2.966290e+00
4.167000e-05	1.367478e-02	3.070055e+00
4.168000e-05	1.125586e-01	3.280504e+00
4.169000e-05	-1.381753e-01	3.504660e+00
4.170000e-05	6.136197e-02	3.621527e+00
4.171000e-05	4.301152e-02	3.818293e+00
4.172000e-05	-1.447468e-01	3.988921e+00
4.173000e-05	1.103744e-01	4.167717e+00
4.174000e-05	-2.493425e-03	4.428946e+00
4.175000e-05	-3.014490e-02	4.535217e+00
4.176000e-05	-1.602296e-03	4.735107e+00
4.177000e-05	-7.292063e-02	4.895161e+00
4.178000e-05	5.156439e-02	5.156642e+00
4.179000e-05	1.531940e-02	5.316136e+00
4.180000e-05	-1.295651e-03	5.513558e+00
4.181000e-05	-3.227058e-02	5.640425e+00
4.182000e-05	-6.721546e-03	5.828319e+00
4.183000e-05	1.425786e-02	6.028971e+00
4.184000e-05	-3.792465e-02	6.136215e+00
4.185000e-05	1.241102e-02	6.252502e+00
4.186000e-05	2.667502e-03	6.439928e+00
4.187000e-05	-3.257984e-02	6.606692e+00
4.188000e-05	2.846608e-02	6.807640e+00
4.189000e-05	-3.779975e-02	6.895109e+00
4.190000e-05	-3.036611e-03	7.040446e+00
4.191000e-05	-7.590475e-03	7.166665e+00
4.192000e-05	-4.510473e-03	7.294031e+00
4.193000e-05	1.149152e-02	7.449774e+00
4.194000e-05	-3.152565e-02	7.640873e+00
4.195000e-05	-8.292992e-04	7.759193e+00
4.196000e-05	-2.250963e-02	7.912454e+00
4.197000e-05	8.863039e-03	8.030379e+00
4.198000e-05	-1.543230e-02	8.187245e+00
4.199000e-05	-1.185069e-02	8.302565e+00
4.200000e-05	3.192759e-03	8.398922e+00
4.201000e-05	-1.328589e-02	8.493032e+00
4.202000e-05	-1.415316e-02	8.556269e+00
4.203000e-05	-2.387373e-02	8.672006e+00
4.204000e-05	1.196842e-03	8.777264e+00
4.205000e-05	-3.965912e-03	8.843950e+00
4.206000e-05	-9.572507e-03	8.935169e+00
4.207000e-05	-1.744599e-02	9.094055e+00
4.208000e-05	-1.244527e-02	9.199396e+00
4.209000e-05	-7.800802e-03	9.242028e+00
4.210000e-05	-1.262669e-02	9.335161e+00
4.211000e-05	-1.025372e-02	9.389352e+00
4.212000e-05	-1.234205e-02	9.472981e+00
4.213000e-05	-9.729490e-03	9.548741e+00
4.214000e-05	-1.463744e-02	9.599924e+00
4.215000e-05	-1.309748e-02	9.652981e+00
4.216000e-05	-1.891925e-02	9.785741e+00
4.217000e-05	-1.043835e-02	9.849320e+00
4.218000e-05	-5.639786e-03	9.924489e+00
4.219000e-05	-9.033173e-03	9.947695e+00
4.220000e-05	-1.869183e-02	1.000840e+01
4.221000e-05	-1.937235e-02	1.005150e+01
4.222000e-05	-1.164661e-02	1.006453e+01
4.223000e-05	-1.220323e-02	1.009616e+01
4.224000e-05	-1.421758e-02	1.013624e+01
4.225000e-05	-1.728210e-02	1.016827e+01
4.226000e-05	-1.497247e-02	1.020884e+01
4.227000e-05	-1.544735e-02	1.020043e+01
4.228000e-05	-1.615135e-02	1.022193e+01
4.229000e-05	-1.761339e-02	1.025348e+01
4.230000e-05	-1.709240e-02	1.024248e+01
4.231000e-05	-1.310443e-02	1.030411e+01
4.232000e-05	-1.620896e-02	1.028459e+01
4.233000e-05	-1.971417e-02	1.029461e+01
4.234000e-05	-2.394786e-02	1.027461e+01
4.235000e-05	-1.781035e-02	1.029411e+01
4.236000e-05	-1.828998e-02	1.027406e+01
4.237000e-05	-1.919747e-02	1.026306e+01
4.238000e-05	-2.241568e-02	1.021201e+01
4.239000e-05	-2.324044e-02	1.023050e+01
4.240000e-05	-2.177579e-02	1.020882e+01
4.241000e-05	-2.608723e-02	1.017882e+01
4.242000e-05	-2.413123e-02	1.014624e+01
4.243000e-05	-2.636380e-02	1.010761e+01
4.244000e-05	-2.467214e-02	1.008408e+01
4.245000e-05	-2.717182e-02	1.004351e+01
4.246000e-05	-2.910741e-02	1.001095e+01
4.247000e-05	-3.034606e-02	9.967821e+00
4.248000e-05	-3.055741e-02	9.855689e+00
4.249000e-05	-2.867554e-02	9.861429e+00
4.250000e-05	-3.098757e-02	9.698666e+00
4.251000e-05	-3.159917e-02	9.684581e+00
4.252000e-05	-3.428839e-02	9.560905e+00
4.253000e-05	-3.387740e-02	9.537768e+00
4.254000e-05	-3.573028e-02	9.482085e+00
4.255000e-05	-3.586767e-02	9.420423e+00
4.256000e-05	-3.499983e-02	9.336289e+00
4.257000e-05	-3.666094e-02	9.232529e+00
4.258000e-05	-3.712452e-02	9.199351e+00
4.259000e-05	-3.900284e-02	9.075090e+00
4.260000e-05	-3.811212e-02	8.960843e+00
4.261000e-05	-3.923302e-02	8.863034e+00
4.262000e-05	-3.878759e-02	8.788874e+00
4.263000e-05	-3.894023e-02	8.704660e+00
4.264000e-05	-4.062107e-02	8.599327e+00
4.265000e-05	-3.981121e-02	8.464111e+00
4.266000e-05	-4.210733e-02	8.370449e+00
4.267000e-05	-3.916870e-02	8.255111e+00
4.268000e-05	-4.220114e-02	8.137244e+00
4.269000e-05	-3.843200e-02	8.031628e+00
4.270000e-05	-4.038132e-02	7.894741e+00
4.271000e-05	-3.741717e-02	7.778900e+00
4.272000e-05	-4.029779e-02	7.643109e+00
4.273000e-05	-3.740379e-02	7.524765e+00
4.274000e-05	-3.890391e-02	7.317166e+00
4.275000e-05	-3.479957e-02	7.178474e+00
4.276000e-05	-3.455642e-02	7.044138e+00
4.277000e-05	-3.414344e-02	6.926813e+00
4.278000e-05	-3.453863e-02	6.801523e+00
4.279000e-05	-3.210949e-02	6.662559e+00
4.280000e-05	-2.879333e-02	6.463186e+00
4.281000e-05	-2.792196e-02	6.326794e+00
4.282000e-05	-2.546748e-02	6.190454e+00
4.283000e-05	-2.571384e-02	6.042683e+00
4.284000e-05	-2.371459e-02	5.958892e+00
4.285000e-05	-2.365274e-02	5.734237e+00
4.286000e-05	-2.129290e-02	5.528916e+00
4.287000e-05	-1.910337e-02	5.401451e+00
4.288000e-05	-1.888485e-02	5.211603e+00
4.289000e-05	-1.739324e-02	5.030001e+00
4.290000e-05	-1.684428e-02	4.790005e+00
4.291000e-05	-1.555407e-02	4.623107e+00
4.292000e-05	-1.522592e-02	4.463190e+00
4.293000e-05	-1.251068e-02	4.336895e+00
4.294000e-05	-1.265704e-02	4.055693e+00
4.295000e-05	-1.179904e-02	3.947795e+00
4.296000e-05	-1.279604e-02	3.799448e+00
4.297000e-05	-1.153584e-02	3.600578e+00
4.298000e-05	-1.074682e-02	3.454181e+00
4.299000e-05	-1.092734e-02	3.221580e+00
4.300000e-05	-1.079476e-02	3.053684e+00
4.301000e-05	-9.860608e-03	2.885213e+00
4.302000e-05	-7.759865e-03	2.738395e+00
4.303000e-05	-8.412862e-03	2.474815e+00
4.304000e-05	-8.747136e-03	2.306343e+00
4.305000e-05	-8.794275e-03	2.116870e+00
4.306000e-05	-6.778372e-03	1.959471e+00
4.307000e-05	-6.854631e-03	1.779026e+00
4.308000e-05	-6.778280e-03	1.557499e+00
4.309000e-05	-7.098397e-03	1.390454e+00
4.310000e-05	-7.615023e-03	1.211053e+00
4.311000e-05	-5.393833e-03	9.685261e-01
4.312000e-05	-5.907146e-03	7.499712e-01
4.313000e-05	-5.708574e-03	5.600001e-01
4.314000e-05	-6.271130e-03	3.910538e-01
4.315000e-05	-4.614428e-03	1.806614e-01
4.316000e-05	-2.641375e-03	-2.949725e-02
4.317000e-05	3.243591e-03	-2.074157e-01
4.318000e-05	-4.060678e-03	-3.481868e-01
4.319000e-05	4.057662e-04	-4.626327e-01
4.320000e-05	-2.465915e-03	-7.351845e-01
4.321000e-05	-7.042704e-04	-9.050267e-01
4.322000e-05	-4.353817e-03	-1.020505e+00
4.323000e-05	4.521914e-03	-1.208921e+00
4.324000e-05	3.455744e-02	-1.418321e+00
4.325000e-05	9.351244e-02	-1.619897e+00
4.326000e-05	-8.826636e-02	-1.862049e+00
4.327000e-05	-3.505559e-03	-2.133011e+00
4.328000e-05	-8.656111e-02	-2.366816e+00
4.329000e-05	-5.870293e-02	-2.452557e+00
4.330000e-05	1.938786e-01	-2.526188e+00
4.331000e-05	-7.900337e-02	-2.684209e+00
4.332000e-05	-8.762528e-02	-2.938687e+00
4.333000e-05	2.008794e-01	-3.075154e+00
4.334000e-05	-2.088845e-01	-3.283031e+00
4.335000e-05	4.545953e-02	-3.451582e+00
4.336000e-05	1.289508e-01	-3.599346e+00
4.337000e-05	-2.056444e-01	-3.830870e+00
4.338000e-05	1.255789e-01	-3.999899e+00
4.339000e-05	7.788923e-02	-4.146737e+00
4.340000e-05	-1.049497e-01	-4.387292e+00
4.341000e-05	1.050792e-01	-4.472157e+00
4.342000e-05	-1.869903e-01	-4.693433e+00
4.343000e-05	1.004519e-01	-4.851999e+00
4.344000e-05	1.081347e-01	-5.039399e+00
4.345000e-05	-1.191056e-01	-5.220874e+00
4.346000e-05	9.305794e-02	-5.409744e+00
4.347000e-05	-9.555298e-02	-5.618295e+00
4.348000e-05	7.536964e-02	-5.767716e+00
4.349000e-05	-1.147104e-02	-5.902964e+00
4.350000e-05	-5.318039e-02	-6.092427e+00
4.351000e-05	1.153944e-01	-6.219351e+00
4.352000e-05	-1.177910e-01	-6.418321e+00
4.353000e-05	9.565524e-02	-6.566637e+00
4.354000e-05	-1.616114e-02	-6.682529e+00
4.355000e-05	-3.019448e-02	-6.840428e+00
4.356000e-05	4.822649e-02	-6.883739e+00
4.357000e-05	-7.360153e-02	-7.177163e+00
4.358000e-05	1.185627e-01	-7.264005e+00
4.359000e-05	-5.565831e-02	-7.418774e+00
4.360000e-05	8.079066e-03	-7.566164e+00
4.361000e-05	9.880251e-04	-7.673508e+00
4.362000e-05	-5.940016e-03	-7.921378e+00
4.363000e-05	5.019614e-02	-8.018870e+00
4.364000e-05	-4.549396e-02	-8.105012e+00
4.365000e-05	5.625787e-02	-8.199925e+00
4.366000e-05	-1.879438e-02	-8.295640e+00
4.367000e-05	4.203764e-03	-8.420448e+00
4.368000e-05	2.494182e-03	-8.536183e+00
4.369000e-05	2.909457e-03	-8.682006e+00
4.370000e-05	3.623521e-02	-8.808694e+00
4.371000e-05	-2.653289e-02	-8.874029e+00
4.372000e-05	2.587424e-02	-8.987768e+00
4.373000e-05	-4.188917e-03	-9.051898e+00
4.374000e-05	1.622868e-02	-9.126714e+00
4.375000e-05	-3.731118e-03	-9.228874e+00
4.376000e-05	6.255400e-03	-9.264503e+00
4.377000e-05	2.013367e-02	-9.366114e+00
4.378000e-05	3.999043e-04	-9.492457e+00
4.379000e-05	1.362032e-02	-9.598195e+00
4.380000e-05	-2.925279e-03	-9.662429e+00
4.381000e-05	7.062040e-03	-9.685536e+00
4.382000e-05	3.509854e-03	-9.766186e+00
4.383000e-05	2.062663e-02	-9.810374e+00
4.384000e-05	1.453287e-02	-9.882479e+00
4.385000e-05	-1.062636e-04	-9.946588e+00
4.386000e-05	2.926069e-03	-9.957720e+00
4.387000e-05	9.460196e-03	-9.979319e+00
4.388000e-05	1.700718e-02	-1.004142e+01
4.389000e-05	5.349598e-03	-1.002201e+01
4.390000e-05	6.579367e-03	-1.008406e+01
4.391000e-05	1.003213e-02	-1.016756e+01
4.392000e-05	1.244807e-02	-1.016969e+01
4.393000e-05	1.110020e-02	-1.023972e+01
4.394000e-05	8.110536e-03	-1.022285e+01
4.395000e-05	8.528606e-03	-1.027028e+01
4.396000e-05	1.378088e-02	-1.027293e+01
4.397000e-05	1.486910e-02	-1.031521e+01
4.398000e-05	1.059340e-02	-1.033596e+01
4.399000e-05	7.703874e-03	-1.033499e+01
4.400000e-05	1.155480e-02	-1.030398e+01
4.401000e-05	1.481174e-02	-1.033343e+01
4.402000e-05	1.664178e-02	-1.030295e+01
4.403000e-05	1.652943e-02	-1.023348e+01
4.404000e-05	1.427323e-02	-1.027030e+01
4.405000e-05	1.473375e-02	-1.021082e+01
4.406000e-05	1.595357e-02	-1.015885e+01
4.407000e-05	1.864090e-02	-1.016864e+01
4.408000e-05	1.833552e-02	-1.007404e+01
4.409000e-05	1.886132e-02	-1.007403e+01
4.410000e-05	2.105110e-02	-1.003245e+01
4.411000e-05	2.161385e-02	-1.001042e+01
4.412000e-05	2.000821e-02	-9.978744e+00
4.413000e-05	2.189619e-02	-9.926116e+00
4.414000e-05	2.432299e-02	-9.873061e+00
4.415000e-05	2.572938e-02	-9.831428e+00
4.416000e-05	2.465632e-02	-9.778716e+00
4.417000e-05	2.580351e-02	-9.726112e+00
4.418000e-05	2.660077e-02	-9.663029e+00
4.419000e-05	2.704055e-02	-9.580423e+00
4.420000e-05	2.696053e-02	-9.587315e+00
4.421000e-05	2.904203e-02	-9.442506e+00
4.422000e-05	3.065938e-02	-9.387164e+00
4.423000e-05	3.120871e-02	-9.251501e+00
4.424000e-05	2.907796e-02	-9.188845e+00
4.425000e-05	2.999169e-02	-9.096086e+00
4.426000e-05	3.033693e-02	-9.021901e+00
4.427000e-05	3.350378e-02	-8.885160e+00
4.428000e-05	3.279525e-02	-8.851000e+00
4.429000e-05	3.333462e-02	-8.726296e+00
4.430000e-05	3.315496e-02	-8.641824e+00
4.431000e-05	3.365589e-02	-8.473636e+00
4.432000e-05	3.460224e-02	-8.380395e+00
4.433000e-05	3.315156e-02	-8.274583e+00
4.434000e-05	3.315366e-02	-8.156817e+00
4.435000e-05	3.407695e-02	-8.043607e+00
4.436000e-05	3.398605e-02	-7.936770e+00
4.437000e-05	3.243618e-02	-7.780800e+00
4.438000e-05	3.179845e-02	-7.651003e+00
4.439000e-05	3.078017e-02	-7.495140e+00
4.440000e-05	3.094065e-02	-7.355846e+00
4.441000e-05	3.077440e-02	-7.233504e+00
4.442000e-05	2.755521e-02	-7.065640e+00
4.443000e-05	2.742444e-02	-6.925197e+00
4.444000e-05	2.472825e-02	-6.789425e+00
4.445000e-05	2.463613e-02	-6.663058e+00
4.446000e-05	2.251617e-02	-6.496736e+00
4.447000e-05	2.197786e-02	-6.370450e+00
4.448000e-05	2.243704e-02	-6.239054e+00
4.449000e-05	2.051488e-02	-6.013050e+00
4.450000e-05	1.595885e-02	-5.903666e+00
4.451000e-05	1.477965e-02	-5.726893e+00
4.452000e-05	1.238044e-02	-5.611979e+00
4.453000e-05	1.339840e-02	-5.379983e+00
4.454000e-05	1.069007e-02	-5.182474e+00
4.455000e-05	1.276736e-02	-5.021108e+00
4.456000e-05	9.317593e-03	-4.865153e+00
4.457000e-05	9.611206e-03	-4.651582e+00
4.458000e-05	6.375389e-03	-4.475663e+00
4.459000e-05	8.197735e-03	-4.357822e+00
4.460000e-05	3.263967e-03	-4.190499e+00
4.461000e-05	5.830866e-03	-4.012553e+00
4.462000e-05	1.532356e-03	-3.853586e+00
4.463000e-05	4.567623e-03	-3.621607e+00
4.464000e-05	2.290230e-03	-3.473688e+00
4.465000e-05	4.980218e-03	-3.316313e+00
4.466000e-05	2.868471e-03	-3.148397e+00
4.467000e-05	2.272964e-03	-2.905187e+00
4.468000e-05	8.257129e-04	-2.747895e+00
4.469000e-05	2.035227e-04	-2.557446e+00
4.470000e-05	2.829056e-04	-2.378976e+00
4.471000e-05	8.688895e-05	-2.181003e+00
4.472000e-05	1.119296e-03	-1.950999e+00
4.473000e-05	-1.283010e-03	-1.791052e+00
4.474000e-05	5.372940e-04	-1.631683e+00
4.475000e-05	-1.606904e-03	-1.414233e+00
4.476000e-05	7.558829e-04	-1.189501e+00
4.477000e-05	-2.455954e-03	-1.002130e+00
4.478000e-05	-1.362988e-03	-8.016527e-01
4.479000e-05	-3.143265e-03	-6.407378e-01
4.480000e-05	-8.545925e-04	-4.215777e-01
4.481000e-05	-3.475840e-03	-2.731606e-01
4.482000e-05	2.784135e-04	-8.321452e-02
4.483000e-05	3.616742e-03	1.037355e-01
4.484000e-05	-7.727645e-04	3.462619e-01
4.485000e-05	2.641155e-04	4.536117e-01
4.486000e-05	-2.177753e-04	6.505788e-01
4.487000e-05	-2.573823e-03	7.884475e-01
4.488000e-05	-2.861838e-03	1.019396e+00
4.489000e-05	1.511653e-03	1.189975e+00
4.490000e-05	6.755291e-03	1.387894e+00
4.491000e-05	5.175057e-02	1.570869e+00
4.492000e-05	4.537804e-02	1.872605e+00
4.493000e-05	-7.119325e-02	2.051605e+00
4.494000e-05	-2.809908e-02	2.251526e+00
4.495000e-05	-5.486838e-02	2.398896e+00
4.496000e-05	-6.555334e-02	2.504109e+00
4.497000e-05	1.297606e-01	2.734141e+00
4.498000e-05	2.092319e-02	2.843033e+00
4.499000e-05	-1.634903e-01	3.020504e+00
4.500000e-05	2.008576e-01	3.177820e+00
4.501000e-05	-1.089243e-01	3.418347e+00
4.502000e-05	-3.040031e-02	3.608421e+00
4.503000e-05	1.109938e-01	3.704636e+00
4.504000e-05	-1.179165e-01	3.964262e+00
4.505000e-05	-1.116066e-03	4.102558e+00
4.506000e-05	8.837142e-02	4.305261e+00
4.507000e-05	-6.011063e-02	4.482508e+00
4.508000e-05	1.501338e-02	4.660999e+00
4.509000e-05	-6.072037e-02	4.789403e+00
4.510000e-05	-1.341340e-02	5.082000e+00
4.511000e-05	5.797123e-02	5.263500e+00
4.512000e-05	-1.127289e-02	5.431451e+00
4.513000e-05	-6.088788e-03	5.576320e+00
4.514000e-05	-4.410608e-02	5.716089e+00
4.515000e-05	2.818748e-02	5.917312e+00
4.516000e-05	-1.917647e-02	6.051033e+00
4.517000e-05	-2.155438e-02	6.229973e+00
4.518000e-05	3.002901e-02	6.397215e+00
4.519000e-05	-4.713719e-02	6.513512e+00
4.520000e-05	2.582514e-02	6.702983e+00
4.521000e-05	-1.947043e-02	6.838953e+00
4.522000e-05	-1.865529e-02	6.987293e+00
4.523000e-05	-1.520874e-03	7.082586e+00
4.524000e-05	-1.178775e-02	7.250998e+00
4.525000e-05	1.278334e-02	7.377195e+00
4.526000e-05	-1.958283e-02	7.545767e+00
4.527000e-05	-1.087442e-02	7.704611e+00
4.528000e-05	-1.497256e-02	7.831428e+00
4.529000e-05	-3.308293e-03	7.968717e+00
4.530000e-05	-3.539098e-03	8.134687e+00
4.531000e-05	-1.600394e-02	8.231450e+00
4.532000e-05	-3.257316e-03	8.358290e+00
4.533000e-05	-2.695249e-03	8.451481e+00
4.534000e-05	-1.760942e-02	8.515116e+00
4.535000e-05	-1.604210e-02	8.599873e+00
4.536000e-05	-1.250643e-02	8.754136e+00
4.537000e-05	2.739438e-03	8.799924e+00
4.538000e-05	-1.053033e-02	8.894528e+00
4.539000e-05	-1.416576e-02	9.018323e+00
4.540000e-05	-1.309255e-02	9.176667e+00
4.541000e-05	-1.075523e-02	9.233426e+00
4.542000e-05	-8.351338e-03	9.284136e+00
4.543000e-05	-1.407956e-02	9.358668e+00
4.544000e-05	-9.101059e-03	9.442453e+00
4.545000e-05	-1.310849e-02	9.506566e+00
4.546000e-05	-1.111411e-02	9.560347e+00
4.547000e-05	-1.370113e-02	9.641978e+00
4.548000e-05	-1.739535e-02	9.685658e+00
4.549000e-05	-1.384619e-02	9.798222e+00
4.550000e-05	-8.646965e-03	9.855013e+00
4.551000e-05	-5.377126e-03	9.955688e+00
4.552000e-05	-1.810256e-02	1.000939e+01
4.553000e-05	-1.829404e-02	1.002043e+01
4.554000e-05	-1.592796e-02	1.007301e+01
4.555000e-05	-8.425801e-03	1.009256e+01
4.556000e-05	-1.441186e-02	1.013616e+01
4.557000e-05	-1.726216e-02	1.017676e+01
4.558000e-05	-1.572419e-02	1.018775e+01
4.559000e-05	-1.537741e-02	1.022037e+01
4.560000e-05	-1.355855e-02	1.022097e+01
4.561000e-05	-1.796346e-02	1.024348e+01
4.562000e-05	-1.763960e-02	1.027448e+01
4.563000e-05	-1.555054e-02	1.025408e+01
4.564000e-05	-1.552701e-02	1.030411e+01
4.565000e-05	-1.972134e-02	1.027458e+01
4.566000e-05	-2.267943e-02	1.027511e+01
4.567000e-05	-1.935003e-02	1.029251e+01
4.568000e-05	-1.912849e-02	1.030356e+01
4.569000e-05	-1.878403e-02	1.025158e+01
4.570000e-05	-2.238010e-02	1.027146e+01
4.571000e-05	-2.289176e-02	1.024190e+01
4.572000e-05	-2.353236e-02	1.021195e+01
4.573000e-05	-2.353999e-02	1.019882e+01
4.574000e-05	-2.413782e-02	1.015625e+01
4.575000e-05	-2.535929e-02	1.012669e+01
4.576000e-05	-2.649405e-02	1.009366e+01
4.577000e-05	-2.660395e-02	1.006206e+01
4.578000e-05	-2.584002e-02	1.002205e+01
4.579000e-05	-2.995132e-02	9.989846e+00
4.580000e-05	-3.078872e-02	9.947767e+00
4.581000e-05	-2.982943e-02	9.853084e+00
4.582000e-05	-2.873122e-02	9.758746e+00
4.583000e-05	-3.199347e-02	9.736137e+00
4.584000e-05	-3.420728e-02	9.621507e+00
4.585000e-05	-3.351317e-02	9.556797e+00
4.586000e-05	-3.399802e-02	9.463639e+00
4.587000e-05	-3.455466e-02	9.422978e+00
4.588000e-05	-3.508946e-02	9.348823e+00
4.589000e-05	-3.625883e-02	9.264636e+00
4.590000e-05	-3.652520e-02	9.220080e+00
4.591000e-05	-3.855262e-02	9.137270e+00
4.592000e-05	-3.744902e-02	9.021905e+00
4.593000e-05	-4.056037e-02	8.875586e+00
4.594000e-05	-3.655874e-02	8.781445e+00
4.595000e-05	-4.028673e-02	8.716242e+00
4.596000e-05	-3.872792e-02	8.611553e+00
4.597000e-05	-4.217674e-02	8.516239e+00
4.598000e-05	-3.879379e-02	8.421028e+00
4.599000e-05	-4.138943e-02	8.336194e+00
4.600000e-05	-3.890445e-02	8.210348e+00
4.601000e-05	-4.112417e-02	8.073136e+00
4.602000e-05	-3.840798e-02	7.969320e+00
4.603000e-05	-3.986953e-02	7.823477e+00
4.604000e-05	-3.842045e-02	7.695188e+00
4.605000e-05	-3.851946e-02	7.578972e+00
4.606000e-05	-3.811712e-02	7.389429e+00
4.607000e-05	-3.689471e-02	7.232106e+00
4.608000e-05	-3.555644e-02	7.115767e+00
4.609000e-05	-3.312250e-02	6.977900e+00
4.610000e-05	-3.347448e-02	6.834030e+00
4.611000e-05	-3.258067e-02	6.725292e+00
4.612000e-05	-2.974793e-02	6.515762e+00
4.613000e-05	-2.844101e-02	6.388973e+00
4.614000e-05	-2.737717e-02	6.241608e+00
4.615000e-05	-2.654585e-02	6.126763e+00
4.616000e-05	-2.361785e-02	5.999474e+00
4.617000e-05	-2.358864e-02	5.831999e+00
4.618000e-05	-2.232364e-02	5.601579e+00
4.619000e-05	-2.097111e-02	5.482083e+00
4.620000e-05	-1.791412e-02	5.285792e+00
4.621000e-05	-1.856333e-02	5.095218e+00
4.622000e-05	-1.692562e-02	4.864185e+00
4.623000e-05	-1.577630e-02	4.687268e+00
4.624000e-05	-1.529042e-02	4.538419e+00
4.625000e-05	-1.433565e-02	4.389474e+00
4.626000e-05	-1.324288e-02	4.200531e+00
4.627000e-05	-1.180675e-02	4.020000e+00
4.628000e-05	-1.193128e-02	3.824579e+00
4.629000e-05	-1.196374e-02	3.664663e+00
4.630000e-05	-1.124821e-02	3.567841e+00
4.631000e-05	-1.018148e-02	3.287265e+00
4.632000e-05	-1.012530e-02	3.127846e+00
4.633000e-05	-1.029122e-02	2.978423e+00
4.634000e-05	-8.770769e-03	2.800554e+00
4.635000e-05	-8.982704e-03	2.579984e+00
4.636000e-05	-9.105782e-03	2.349471e+00
4.637000e-05	-9.229479e-03	2.160529e+00
4.638000e-05	-6.999087e-03	2.022605e+00
4.639000e-05	-7.753932e-03	1.873187e+00
4.640000e-05	-6.529777e-03	1.622661e+00
4.641000e-05	-7.859806e-03	1.442684e+00
4.642000e-05	-6.141617e-03	1.225212e+00
4.643000e-05	-7.011552e-03	1.022257e+00
4.644000e-05	-6.333240e-03	8.025780e-01
4.645000e-05	-5.886462e-03	6.641557e-01
4.646000e-05	-5.264685e-03	4.426607e-01
4.647000e-05	-4.549870e-03	2.983933e-01
4.648000e-05	-5.683464e-03	2.814338e-03
4.649000e-05	2.379048e-03	-1.051630e-01
4.650000e-05	6.707097e-04	-2.531065e-01
4.651000e-05	-3.369194e-03	-4.395003e-01
4.652000e-05	7.583017e-04	-6.394961e-01
4.653000e-05	-3.799028e-03	-8.000987e-01
4.654000e-05	-3.464647e-04	-9.573459e-01
4.655000e-05	-1.228220e-03	-1.106237e+00
4.656000e-05	1.607003e-02	-1.324587e+00
4.657000e-05	8.986326e-02	-1.566718e+00
4.658000e-05	-2.557710e-02	-1.785738e+00
4.659000e-05	-4.990332e-02	-2.007395e+00
4.660000e-05	-3.234251e-02	-2.272529e+00
4.661000e-05	-9.757164e-02	-2.422000e+00
4.662000e-05	1.075030e-01	-2.524637e+00
4.663000e-05	9.885968e-02	-2.609844e+00
4.664000e-05	-2.053352e-01	-2.860423e+00
4.665000e-05	2.083856e-01	-3.040353e+00
4.666000e-05	-5.859029e-02	-3.199319e+00
4.667000e-05	-1.294863e-01	-3.409394e+00
4.668000e-05	1.997030e-01	-3.536791e+00
4.669000e-05	-1.023239e-01	-3.705559e+00
4.670000e-05	-8.017205e-02	-3.987838e+00
4.671000e-05	1.972887e-01	-4.074007e+00
4.672000e-05	-1.424515e-01	-4.305101e+00
4.673000e-05	1.000371e-01	-4.431478e+00
4.674000e-05	-8.360518e-02	-4.619746e+00
4.675000e-05	-9.131397e-02	-4.839446e+00
4.676000e-05	1.973378e-01	-4.928085e+00
4.677000e-05	-9.193212e-02	-5.147217e+00
4.678000e-05	3.369731e-02	-5.355635e+00
4.679000e-05	-1.616876e-02	-5.545059e+00
4.680000e-05	-3.254503e-02	-5.685132e+00
4.681000e-05	9.885694e-02	-5.851952e+00
4.682000e-05	-1.176513e-01	-6.009394e+00
4.683000e-05	1.060736e-01	-6.127739e+00
4.684000e-05	-4.379231e-02	-6.336536e+00
4.685000e-05	-1.747782e-02	-6.494607e+00
4.686000e-05	9.303109e-02	-6.619849e+00
4.687000e-05	-9.556689e-02	-6.828343e+00
4.688000e-05	7.680524e-02	-6.897033e+00
4.689000e-05	-6.938695e-02	-7.134453e+00
4.690000e-05	5.490325e-02	-7.220349e+00
4.691000e-05	4.078047e-02	-7.338187e+00
4.692000e-05	-6.184589e-02	-7.494612e+00
4.693000e-05	4.764075e-02	-7.641374e+00
4.694000e-05	-4.732630e-02	-7.851740e+00
4.695000e-05	6.398798e-02	-7.966689e+00
4.696000e-05	-2.729819e-02	-8.070980e+00
4.697000e-05	1.694943e-02	-8.229770e+00
4.698000e-05	2.950895e-02	-8.274505e+00
4.699000e-05	-3.197853e-02	-8.419820e+00
4.700000e-05	2.724661e-02	-8.484011e+00
4.701000e-05	-2.458280e-02	-8.650374e+00
4.702000e-05	4.959529e-02	-8.756667e+00
4.703000e-05	-1.755926e-02	-8.871954e+00
4.704000e-05	8.240891e-03	-8.927141e+00
4.705000e-05	1.166921e-02	-9.042845e+00
4.706000e-05	4.759490e-03	-9.126033e+00
4.707000e-05	1.395088e-02	-9.158296e+00
4.708000e-05	-1.193234e-02	-9.253478e+00
4.709000e-05	2.459150e-02	-9.367110e+00
4.710000e-05	3.923307e-04	-9.449904e+00
4.711000e-05	1.523484e-02	-9.566617e+00
4.712000e-05	2.441472e-03	-9.621298e+00
4.713000e-05	4.665254e-03	-9.683508e+00
4.714000e-05	3.383077e-03	-9.735636e+00
4.715000e-05	1.179415e-02	-9.789795e+00
4.716000e-05	2.330021e-02	-9.860877e+00
4.717000e-05	2.828994e-03	-9.906985e+00
4.718000e-05	1.687939e-03	-9.937163e+00
4.719000e-05	3.259501e-03	-9.977771e+00
4.720000e-05	1.833750e-02	-1.002132e+01
4.721000e-05	1.090745e-02	-1.005145e+01
4.722000e-05	5.137461e-03	-1.011401e+01
4.723000e-05	7.204143e-03	-1.015811e+01
4.724000e-05	1.173906e-02	-1.015862e+01
4.725000e-05	1.438883e-02	-1.024027e+01
4.726000e-05	9.505181e-03	-1.019240e+01
4.727000e-05	6.793690e-03	-1.030135e+01
4.728000e-05	1.081353e-02	-1.025386e+01
4.729000e-05	1.576609e-02	-1.032193e+01
4.730000e-05	1.347313e-02	-1.030396e+01
4.731000e-05	8.683537e-03	-1.036601e+01
4.732000e-05	8.989557e-03	-1.034556e+01
4.733000e-05	1.316681e-02	-1.025203e+01
4.734000e-05	1.680218e-02	-1.030600e+01
4.735000e-05	1.804366e-02	-1.031446e+01
4.736000e-05	1.537520e-02	-1.028139e+01
4.737000e-05	1.295590e-02	-1.019182e+01
4.738000e-05	1.537939e-02	-1.019975e+01
4.739000e-05	1.758883e-02	-1.015022e+01
4.740000e-05	2.026245e-02	-1.016809e+01
4.741000e-05	1.621042e-02	-1.007404e+01
4.742000e-05	2.002832e-02	-1.009303e+01
4.743000e-05	2.226258e-02	-1.000135e+01
4.744000e-05	2.229272e-02	-1.000082e+01
4.745000e-05	2.048549e-02	-9.946715e+00
4.746000e-05	2.240484e-02	-9.874060e+00
4.747000e-05	2.458478e-02	-9.821480e+00
4.748000e-05	2.551795e-02	-9.820818e+00
4.749000e-05	2.498924e-02	-9.725139e+00
4.750000e-05	2.692997e-02	-9.665134e+00
4.751000e-05	2.611425e-02	-9.621977e+00
4.752000e-05	2.661033e-02	-9.549815e+00
4.753000e-05	2.873501e-02	-9.514537e+00
4.754000e-05	3.047169e-02	-9.417197e+00
4.755000e-05	3.018211e-02	-9.324082e+00
4.756000e-05	3.002367e-02	-9.190898e+00
4.757000e-05	2.986187e-02	-9.114637e+00
4.758000e-05	3.094547e-02	-9.040954e+00
4.759000e-05	3.176214e-02	-8.949265e+00
4.760000e-05	3.379582e-02	-8.834082e+00
4.761000e-05	3.269900e-02	-8.789420e+00
4.762000e-05	3.323867e-02	-8.674511e+00
4.763000e-05	3.279279e-02	-8.536614e+00
4.764000e-05	3.354463e-02	-8.420428e+00
4.765000e-05	3.393507e-02	-8.345162e+00
4.766000e-05	3.368731e-02	-8.191424e+00
4.767000e-05	3.431134e-02	-8.084138e+00
4.768000e-05	3.312661e-02	-8.029424e+00
4.769000e-05	3.318674e-02	-7.901682e+00
4.770000e-05	3.101724e-02	-7.655158e+00
4.771000e-05	3.081675e-02	-7.536768e+00
4.772000e-05	3.127075e-02	-7.410902e+00
4.773000e-05	3.160395e-02	-7.263108e+00
4.774000e-05	2.917146e-02	-7.177421e+00
4.775000e-05	2.730106e-02	-6.979899e+00
4.776000e-05	2.558930e-02	-6.822030e+00
4.777000e-05	2.477810e-02	-6.705608e+00
4.778000e-05	2.430541e-02	-6.569820e+00
4.779000e-05	2.309098e-02	-6.441508e+00
4.780000e-05	2.135283e-02	-6.295111e+00
4.781000e-05	1.936483e-02	-6.094187e+00
4.782000e-05	1.768628e-02	-5.949415e+00
4.783000e-05	1.678865e-02	-5.810528e+00
4.784000e-05	1.466837e-02	-5.632634e+00
4.785000e-05	1.412307e-02	-5.526238e+00
4.786000e-05	1.176556e-02	-5.284138e+00
4.787000e-05	1.214604e-02	-5.085737e+00
4.788000e-05	9.876018e-03	-4.956895e+00
4.789000e-05	8.777726e-03	-4.646163e+00
4.790000e-05	6.313932e-03	-4.558392e+00
4.791000e-05	8.045302e-03	-4.391028e+00
4.792000e-05	5.677107e-03	-4.252585e+00
4.793000e-05	6.229576e-03	-4.075667e+00
4.794000e-05	5.558846e-03	-3.949420e+00
4.795000e-05	3.637562e-03	-3.746691e+00
4.796000e-05	3.334739e-03	-3.547496e+00
4.797000e-05	2.559403e-03	-3.348326e+00
4.798000e-05	2.791105e-03	-3.169505e+00
4.799000e-05	2.283492e-03	-3.009505e+00
4.800000e-05	1.131073e-03	-2.799974e+00
4.801000e-05	1.664374e-03	-2.624106e+00
4.802000e-05	-8.741834e-04	-2.432604e+00
4.803000e-05	1.290356e-03	-2.245766e+00
4.804000e-05	-7.364206e-04	-2.033608e+00
4.805000e-05	1.928371e-03	-1.894191e+00
4.806000e-05	-2.548624e-03	-1.717369e+00
4.807000e-05	8.306166e-05	-1.539465e+00
4.808000e-05	-1.162174e-03	-1.232741e+00
4.809000e-05	-8.013375e-04	-1.085213e+00
4.810000e-05	-3.042941e-03	-8.842906e-01
4.811000e-05	-1.694870e-03	-7.373434e-01
4.812000e-05	-2.028397e-03	-5.158584e-01
4.813000e-05	-1.419663e-03	-3.362685e-01
4.814000e-05	-2.423824e-03	-1.484448e-01
4.815000e-05	3.229001e-03	2.002632e-02
4.816000e-05	3.452842e-03	2.315523e-01
4.817000e-05	-3.452006e-03	4.084764e-01
4.818000e-05	2.916474e-03	5.474173e-01
4.819000e-05	-3.876610e-03	7.467107e-01
4.820000e-05	-4.624650e-04	8.940830e-01
4.821000e-05	-3.337580e-03	1.174767e+00
4.822000e-05	6.333161e-03	1.296289e+00
4.823000e-05	2.538849e-02	1.526110e+00
4.824000e-05	7.617597e-02	1.797841e+00
4.825000e-05	-4.238806e-02	1.978918e+00
4.826000e-05	-3.964694e-02	2.177341e+00
4.827000e-05	-4.319195e-02	2.336216e+00
4.828000e-05	-6.837185e-02	2.471530e+00
4.829000e-05	1.927908e-02	2.649470e+00
4.830000e-05	1.647216e-01	2.819400e+00
4.831000e-05	-1.966605e-01	2.997920e+00
4.832000e-05	1.076951e-01	3.115108e+00
4.833000e-05	3.229865e-02	3.284606e+00
4.834000e-05	-1.165159e-01	3.535889e+00
4.835000e-05	9.191782e-02	3.610553e+00
4.836000e-05	-1.123493e-02	3.881922e+00
4.837000e-05	-1.153662e-01	4.029926e+00
4.838000e-05	1.288272e-01	4.199874e+00
4.839000e-05	-3.755404e-02	4.438998e+00
4.840000e-05	-1.102750e-02	4.558767e+00
4.841000e-05	-2.011466e-02	4.787267e+00
4.842000e-05	-6.298854e-02	4.959216e+00
4.843000e-05	6.880864e-02	5.168849e+00
4.844000e-05	-9.700688e-04	5.357291e+00
4.845000e-05	1.109654e-03	5.514685e+00
4.846000e-05	-4.458305e-02	5.621530e+00
4.847000e-05	1.271497e-02	5.852433e+00
4.848000e-05	5.567631e-03	6.039971e+00
4.849000e-05	-3.812564e-02	6.176741e+00
4.850000e-05	2.570623e-02	6.295608e+00
4.851000e-05	-1.670811e-02	6.461001e+00
4.852000e-05	-1.287091e-02	6.630374e+00
4.853000e-05	1.545709e-02	6.808299e+00
4.854000e-05	-3.630924e-02	6.886640e+00
4.855000e-05	-5.887993e-04	7.080507e+00
4.856000e-05	-1.000284e-02	7.209300e+00
4.857000e-05	5.018513e-04	7.283661e+00
4.858000e-05	2.777902e-03	7.491408e+00
4.859000e-05	-2.699684e-02	7.661931e+00
4.860000e-05	-5.679343e-04	7.758870e+00
4.861000e-05	-1.739743e-02	7.924611e+00
4.862000e-05	7.676384e-03	8.073028e+00
4.863000e-05	-1.833856e-02	8.207320e+00
4.864000e-05	-9.498648e-03	8.295611e+00
4.865000e-05	2.003709e-03	8.418924e+00
4.866000e-05	-1.666933e-02	8.494587e+00
4.867000e-05	-1.419352e-02	8.578820e+00
4.868000e-05	-2.150972e-02	8.682081e+00
4.869000e-05	4.840730e-03	8.769294e+00
4.870000e-05	-6.764478e-03	8.861029e+00
4.871000e-05	-1.005242e-02	8.978641e+00
4.872000e-05	-1.607694e-02	9.125087e+00
4.873000e-05	-1.171677e-02	9.199796e+00
4.874000e-05	-8.321169e-03	9.242029e+00
4.875000e-05	-1.459516e-02	9.307165e+00
4.876000e-05	-7.557151e-03	9.439927e+00
4.877000e-05	-1.364685e-02	9.504659e+00
4.878000e-05	-8.635743e-03	9.588248e+00
4.879000e-05	-1.493123e-02	9.630377e+00
4.880000e-05	-1.234629e-02	9.684583e+00
4.881000e-05	-1.871856e-02	9.776664e+00
4.882000e-05	-1.083893e-02	9.861780e+00
4.883000e-05	-4.956660e-03	9.915637e+00
4.884000e-05	-1.251897e-02	9.999296e+00
4.885000e-05	-1.819232e-02	1.001143e+01
4.886000e-05	-1.955411e-02	1.004198e+01
4.887000e-05	-1.054510e-02	1.008354e+01
4.888000e-05	-1.225214e-02	1.011514e+01
4.889000e-05	-1.432195e-02	1.014672e+01
4.890000e-05	-1.745733e-02	1.017017e+01
4.891000e-05	-1.533839e-02	1.018983e+01
4.892000e-05	-1.555509e-02	1.023042e+01
4.893000e-05	-1.646669e-02	1.028248e+01
4.894000e-05	-1.718783e-02	1.027200e+01
4.895000e-05	-1.965861e-02	1.028356e+01
4.896000e-05	-1.157088e-02	1.028351e+01
4.897000e-05	-1.887261e-02	1.028459e+01
4.898000e-05	-1.860540e-02	1.031511e+01
4.899000e-05	-2.322689e-02	1.028459e+01
4.900000e-05	-1.791321e-02	1.027312e+01
4.901000e-05	-1.874545e-02	1.028300e+01
4.902000e-05	-2.037297e-02	1.026206e+01
4.903000e-05	-2.178417e-02	1.022196e+01
4.904000e-05	-2.550631e-02	1.025093e+01
4.905000e-05	-2.372103e-02	1.019992e+01
4.906000e-05	-2.449320e-02	1.013767e+01
4.907000e-05	-2.319092e-02	1.013571e+01
4.908000e-05	-2.524903e-02	1.008361e+01
4.909000e-05	-2.430690e-02	1.008308e+01
4.910000e-05	-2.532859e-02	1.005155e+01
4.911000e-05	-2.971906e-02	9.980950e+00
4.912000e-05	-3.211364e-02	9.956921e+00
4.913000e-05	-3.143028e-02	9.915008e+00
4.914000e-05	-2.903456e-02	9.859300e+00
4.915000e-05	-3.149500e-02	9.727688e+00
4.916000e-05	-3.161920e-02	9.683530e+00
4.917000e-05	-3.382995e-02	9.610999e+00
4.918000e-05	-3.238050e-02	9.555690e+00
4.919000e-05	-3.570575e-02	9.453556e+00
4.920000e-05	-3.805762e-02	9.398925e+00
4.921000e-05	-3.551947e-02	9.304639e+00
4.922000e-05	-3.610432e-02	9.262582e+00
4.923000e-05	-3.596532e-02	9.189475e+00
4.924000e-05	-4.076843e-02	9.081634e+00
4.925000e-05	-3.997333e-02	8.968174e+00
4.926000e-05	-4.040080e-02	8.813006e+00
4.927000e-05	-3.634815e-02	8.747820e+00
4.928000e-05	-3.675050e-02	8.713558e+00
4.929000e-05	-4.133766e-02	8.547343e+00
4.930000e-05	-4.296294e-02	8.464087e+00
4.931000e-05	-4.188785e-02	8.357948e+00
4.932000e-05	-3.782240e-02	8.254513e+00
4.933000e-05	-4.037418e-02	8.075812e+00
4.934000e-05	-3.911033e-02	8.001450e+00
4.935000e-05	-4.099714e-02	7.894059e+00
4.936000e-05	-3.707954e-02	7.767343e+00
4.937000e-05	-3.946607e-02	7.611608e+00
4.938000e-05	-3.823882e-02	7.482742e+00
4.939000e-05	-4.019678e-02	7.313740e+00
4.940000e-05	-3.557016e-02	7.166870e+00
4.941000e-05	-3.374980e-02	7.044577e+00
4.942000e-05	-3.271606e-02	6.863263e+00
4.943000e-05	-3.404930e-02	6.768445e+00
4.944000e-05	-3.193249e-02	6.602977e+00
4.945000e-05	-2.920181e-02	6.402062e+00
4.946000e-05	-2.737831e-02	6.315816e+00
4.947000e-05	-2.699183e-02	6.168422e+00
4.948000e-05	-2.553509e-02	6.001080e+00
4.949000e-05	-2.367743e-02	5.876817e+00
4.950000e-05	-2.278908e-02	5.654660e+00
4.951000e-05	-2.093363e-02	5.527315e+00
4.952000e-05	-1.969846e-02	5.368900e+00
4.953000e-05	-1.933115e-02	5.160499e+00
4.954000e-05	-1.735364e-02	4.938374e+00
4.955000e-05	-1.590049e-02	4.799823e+00
4.956000e-05	-1.496868e-02	4.610529e+00
4.957000e-05	-1.483615e-02	4.433632e+00
4.958000e-05	-1.395443e-02	4.296288e+00
4.959000e-05	-1.229218e-02	4.033688e+00
4.960000e-05	-1.119458e-02	3.897269e+00
4.961000e-05	-1.211709e-02	3.728322e+00
4.962000e-05	-1.282609e-02	3.600503e+00
4.963000e-05	-1.177174e-02	3.361107e+00
4.964000e-05	-1.093498e-02	3.170076e+00
4.965000e-05	-9.216230e-03	3.022632e+00
4.966000e-05	-8.993675e-03	2.832162e+00
4.967000e-05	-8.531684e-03	2.706445e+00
4.968000e-05	-8.853194e-03	2.422233e+00
4.969000e-05	-8.107782e-03	2.254687e+00
4.970000e-05	-7.512476e-03	2.085391e+00
4.971000e-05	-7.737770e-03	1.939943e+00
4.972000e-05	-7.894624e-03	1.707945e+00
4.973000e-05	-7.133387e-03	1.586971e+00
4.974000e-05	-6.869859e-03	1.348924e+00
4.975000e-05	-5.994913e-03	1.158951e+00
4.976000e-05	-5.296746e-03	8.958422e-01
4.977000e-05	-4.502943e-03	7.364409e-01
4.978000e-05	-4.416597e-03	5.269224e-01
4.979000e-05	-5.401385e-03	3.900237e-01
4.980000e-05	-5.513852e-03	1.715237e-01
4.981000e-05	-1.764700e-03	-1.077497e-03
4.982000e-05	2.898587e-03	-2.084224e-01
4.983000e-05	-4.185104e-03	-3.773945e-01
4.984000e-05	1.049074e-03	-5.557606e-01
4.985000e-05	-4.403145e-03	-7.663420e-01
4.986000e-05	6.393317e-04	-8.947553e-01
4.987000e-05	-3.304043e-03	-1.030552e+00
4.988000e-05	8.727454e-03	-1.231926e+00
4.989000e-05	5.021569e-02	-1.418372e+00
4.990000e-05	6.412644e-02	-1.662505e+00
4.991000e-05	-9.221068e-02	-1.934555e+00
4.992000e-05	3.809328e-04	-2.187637e+00
4.993000e-05	-9.802776e-02	-2.368340e+00
4.994000e-05	-1.533140e-02	-2.521057e+00
4.995000e-05	1.913807e-01	-2.545788e+00
4.996000e-05	-1.540105e-01	-2.746742e+00
4.997000e-05	2.481637e-02	-2.955216e+00
4.998000e-05	1.507344e-01	-3.105684e+00
4.999000e-05	-2.154470e-01	-3.315635e+00
