# 260410_15:53:53.183514
t	CH1	CH2
0.000000e+00	-7.590928e-04	-8.847605e-01
1.000000e-08	-3.016237e-03	-1.029630e+00
2.000000e-08	6.165311e-03	-1.209151e+00
3.000000e-08	4.664622e-02	-1.469701e+00
4.000000e-08	6.790860e-02	-1.620178e+00
5.000000e-08	-8.154546e-02	-1.873237e+00
6.000000e-08	-5.639870e-03	-2.144341e+00
7.000000e-08	-8.825492e-02	-2.387022e+00
8.000000e-08	-2.800601e-02	-2.473659e+00
9.000000e-08	1.864964e-01	-2.514861e+00
1.000000e-07	-1.198150e-01	-2.745840e+00
1.100000e-07	1.761382e-03	-2.965420e+00
1.200000e-07	1.590500e-01	-3.053363e+00
1.300000e-07	-2.065658e-01	-3.293313e+00
1.400000e-07	8.926208e-02	-3.462711e+00
1.500000e-07	9.031401e-02	-3.607625e+00
1.600000e-07	-1.977200e-01	-3.860330e+00
1.700000e-07	1.434381e-01	-4.008053e+00
1.800000e-07	2.387260e-02	-4.145470e+00
1.900000e-07	-5.370722e-02	-4.378499e+00
2.000000e-07	6.454402e-02	-4.463258e+00
2.100000e-07	-1.811690e-01	-4.692897e+00
2.200000e-07	1.322456e-01	-4.853183e+00
2.300000e-07	5.959114e-02	-5.030605e+00
2.400000e-07	-8.945710e-02	-5.219204e+00
2.500000e-07	7.619650e-02	-5.439049e+00
2.600000e-07	-9.189030e-02	-5.618605e+00
2.700000e-07	9.348582e-02	-5.727549e+00
2.800000e-07	-4.177388e-02	-5.913287e+00
2.900000e-07	-1.631415e-02	-6.029209e+00
3.000000e-07	8.852161e-02	-6.218104e+00
3.100000e-07	-1.042986e-01	-6.407026e+00
3.200000e-07	1.011050e-01	-6.543891e+00
3.300000e-07	-3.960471e-02	-6.692913e+00
3.400000e-07	-1.079953e-03	-6.828604e+00
3.500000e-07	2.462645e-02	-6.924919e+00
3.600000e-07	-4.944726e-02	-7.174967e+00
3.700000e-07	1.073775e-01	-7.262836e+00
3.800000e-07	-6.489707e-02	-7.408605e+00
3.900000e-07	2.251860e-02	-7.556494e+00
4.000000e-07	-1.266272e-02	-7.712338e+00
4.100000e-07	1.234621e-02	-7.860784e+00
4.200000e-07	3.364559e-02	-7.998554e+00
4.300000e-07	-3.444620e-02	-8.134790e+00
4.400000e-07	5.540648e-02	-8.228000e+00
4.500000e-07	-2.533875e-02	-8.303862e+00
4.600000e-07	1.184040e-02	-8.400603e+00
4.700000e-07	-6.282465e-03	-8.541940e+00
4.800000e-07	1.745581e-02	-8.697357e+00
4.900000e-07	2.440691e-02	-8.808049e+00
5.000000e-07	-2.113793e-02	-8.869763e+00
5.100000e-07	2.417568e-02	-8.957572e+00
5.200000e-07	-2.542184e-03	-9.050685e+00
5.300000e-07	1.880001e-02	-9.134395e+00
5.400000e-07	-5.898239e-03	-9.209577e+00
5.500000e-07	1.107389e-02	-9.271160e+00
5.600000e-07	1.460023e-02	-9.272994e+00
5.700000e-07	3.799663e-03	-9.473338e+00
5.800000e-07	1.146093e-02	-9.577022e+00
5.900000e-07	-7.366442e-04	-9.650607e+00
6.000000e-07	7.008717e-03	-9.642737e+00
6.100000e-07	4.865084e-03	-9.776291e+00
6.200000e-07	2.258766e-02	-9.796579e+00
6.300000e-07	1.095771e-02	-9.860182e+00
6.400000e-07	1.364848e-04	-9.913813e+00
6.500000e-07	2.139360e-03	-9.946395e+00
6.600000e-07	1.230149e-02	-9.947524e+00
6.700000e-07	1.616020e-02	-1.000863e+01
6.800000e-07	5.720038e-03	-1.001118e+01
6.900000e-07	5.863482e-03	-1.011271e+01
7.000000e-07	9.608469e-03	-1.011279e+01
7.100000e-07	1.219939e-02	-1.016545e+01
7.200000e-07	1.095280e-02	-1.018547e+01
7.300000e-07	6.832079e-03	-1.018563e+01
7.400000e-07	7.614208e-03	-1.020953e+01
7.500000e-07	1.402945e-02	-1.027110e+01
7.600000e-07	1.362257e-02	-1.029119e+01
7.700000e-07	1.001282e-02	-1.030134e+01
7.800000e-07	7.093415e-03	-1.028223e+01
7.900000e-07	1.196001e-02	-1.030069e+01
8.000000e-07	1.469715e-02	-1.030926e+01
8.100000e-07	1.545889e-02	-1.029861e+01
8.200000e-07	1.468377e-02	-1.027763e+01
8.300000e-07	1.193732e-02	-1.018565e+01
8.400000e-07	1.277529e-02	-1.016705e+01
8.500000e-07	1.561951e-02	-1.014593e+01
8.600000e-07	1.774616e-02	-1.013241e+01
8.700000e-07	1.437657e-02	-1.008176e+01
8.800000e-07	1.659324e-02	-1.006168e+01
8.900000e-07	1.650035e-02	-9.969530e+00
9.000000e-07	2.138910e-02	-9.938496e+00
9.100000e-07	1.709419e-02	-9.935320e+00
9.200000e-07	2.036224e-02	-9.914817e+00
9.300000e-07	2.124381e-02	-9.861183e+00
9.400000e-07	2.071729e-02	-9.827496e+00
9.500000e-07	1.992325e-02	-9.685372e+00
9.600000e-07	1.969117e-02	-9.672665e+00
9.700000e-07	2.226165e-02	-9.639557e+00
9.800000e-07	2.164069e-02	-9.588500e+00
9.900000e-07	2.441062e-02	-9.534215e+00
1.000000e-06	2.694351e-02	-9.428078e+00
1.010000e-06	2.675053e-02	-9.302316e+00
1.020000e-06	2.487268e-02	-9.240031e+00
1.030000e-06	2.241784e-02	-9.144420e+00
1.040000e-06	2.321605e-02	-9.041185e+00
1.050000e-06	2.437884e-02	-8.947422e+00
1.060000e-06	2.433643e-02	-8.861658e+00
1.070000e-06	2.491842e-02	-8.790452e+00
1.080000e-06	2.602103e-02	-8.684287e+00
1.090000e-06	2.670542e-02	-8.587925e+00
1.100000e-06	2.605198e-02	-8.431632e+00
1.110000e-06	2.575453e-02	-8.325868e+00
1.120000e-06	2.529939e-02	-8.250659e+00
1.130000e-06	2.430084e-02	-8.156846e+00
1.140000e-06	2.398628e-02	-8.021558e+00
1.150000e-06	2.349844e-02	-7.944692e+00
1.160000e-06	2.309859e-02	-7.736444e+00
1.170000e-06	2.278306e-02	-7.587549e+00
1.180000e-06	2.279739e-02	-7.461633e+00
1.190000e-06	2.350195e-02	-7.336266e+00
1.200000e-06	2.341706e-02	-7.209053e+00
1.210000e-06	2.000332e-02	-7.122712e+00
1.220000e-06	1.925549e-02	-6.812261e+00
1.230000e-06	1.859408e-02	-6.757922e+00
1.240000e-06	1.833495e-02	-6.600555e+00
1.250000e-06	1.679168e-02	-6.503162e+00
1.260000e-06	1.672932e-02	-6.356349e+00
1.270000e-06	1.596357e-02	-6.198299e+00
1.280000e-06	1.490417e-02	-6.000475e+00
1.290000e-06	1.283043e-02	-5.863633e+00
1.300000e-06	1.221154e-02	-5.716140e+00
1.310000e-06	1.163605e-02	-5.528744e+00
1.320000e-06	1.166017e-02	-5.364996e+00
1.330000e-06	9.003898e-03	-5.157925e+00
1.340000e-06	8.896057e-03	-4.989502e+00
1.350000e-06	6.213089e-03	-4.767474e+00
1.360000e-06	6.708510e-03	-4.589479e+00
1.370000e-06	5.989358e-03	-4.442104e+00
1.380000e-06	7.759601e-03	-4.333641e+00
1.390000e-06	4.127171e-03	-4.088351e+00
1.400000e-06	5.111184e-03	-3.991526e+00
1.410000e-06	1.822312e-03	-3.840480e+00
1.420000e-06	4.081709e-03	-3.621003e+00
1.430000e-06	7.809614e-04	-3.443106e+00
1.440000e-06	2.761463e-03	-3.221634e+00
1.450000e-06	9.860444e-04	-3.106263e+00
1.460000e-06	1.474014e-03	-2.863633e+00
1.470000e-06	9.937328e-04	-2.727216e+00
1.480000e-06	-1.149677e-03	-2.537765e+00
1.490000e-06	-7.061308e-04	-2.377401e+00
1.500000e-06	9.993018e-05	-2.146265e+00
1.510000e-06	7.432229e-04	-1.958400e+00
1.520000e-06	-2.048976e-03	-1.809924e+00
1.530000e-06	5.891076e-05	-1.620050e+00
1.540000e-06	-1.740095e-03	-1.360325e+00
1.550000e-06	-1.049074e-03	-1.157347e+00
1.560000e-06	-4.559992e-03	-9.988223e-01
1.570000e-06	-1.771044e-03	-8.005025e-01
1.580000e-06	-3.561159e-03	-6.013725e-01
1.590000e-06	1.382355e-04	-3.709750e-01
1.600000e-06	-4.185670e-03	-2.219041e-01
1.610000e-06	1.113619e-03	-4.305908e-02
1.620000e-06	3.287952e-03	1.249894e-01
1.630000e-06	-2.234500e-03	3.669660e-01
1.640000e-06	3.675678e-04	4.957880e-01
1.650000e-06	-2.274560e-03	6.522817e-01
1.660000e-06	-1.541020e-03	8.201749e-01
1.670000e-06	-4.230060e-03	1.020703e+00
1.680000e-06	1.521388e-03	1.241104e+00
1.690000e-06	8.310791e-03	1.429524e+00
1.700000e-06	6.151897e-02	1.721232e+00
1.710000e-06	2.703054e-02	1.885234e+00
1.720000e-06	-6.312331e-02	2.111758e+00
1.730000e-06	-3.082701e-02	2.262262e+00
1.740000e-06	-5.686487e-02	2.421075e+00
1.750000e-06	-5.988814e-02	2.575947e+00
1.760000e-06	1.555894e-01	2.755936e+00
1.770000e-06	-3.923935e-02	2.914341e+00
1.780000e-06	-1.062921e-01	3.030579e+00
1.790000e-06	1.731108e-01	3.217545e+00
1.800000e-06	-1.160996e-01	3.432207e+00
1.810000e-06	-7.226020e-03	3.620123e+00
1.820000e-06	9.757247e-02	3.765466e+00
1.830000e-06	-1.304446e-01	3.947893e+00
1.840000e-06	3.110951e-02	4.113861e+00
1.850000e-06	5.789868e-02	4.345942e+00
1.860000e-06	-4.529873e-02	4.473732e+00
1.870000e-06	9.052237e-03	4.652280e+00
1.880000e-06	-6.443029e-02	4.840683e+00
1.890000e-06	9.186398e-03	5.031944e+00
1.900000e-06	4.226234e-02	5.282858e+00
1.910000e-06	-7.082041e-03	5.450654e+00
1.920000e-06	-1.419993e-02	5.608079e+00
1.930000e-06	-3.476497e-02	5.755437e+00
1.940000e-06	2.385881e-02	5.954995e+00
1.950000e-06	-2.296905e-02	6.081832e+00
1.960000e-06	-1.166901e-02	6.232104e+00
1.970000e-06	2.095833e-02	6.395470e+00
1.980000e-06	-4.265233e-02	6.523912e+00
1.990000e-06	2.361759e-02	6.733357e+00
2.000000e-06	-2.353534e-02	6.901181e+00
2.010000e-06	-1.488103e-02	6.978070e+00
2.020000e-06	-4.301079e-03	7.114390e+00
2.030000e-06	-1.091722e-02	7.249155e+00
2.040000e-06	1.312030e-02	7.336648e+00
2.050000e-06	-2.470720e-02	7.566620e+00
2.060000e-06	-8.464953e-03	7.723835e+00
2.070000e-06	-1.827985e-02	7.859608e+00
2.080000e-06	6.126423e-04	8.027129e+00
2.090000e-06	-5.307541e-03	8.125346e+00
2.100000e-06	-1.567296e-02	8.271154e+00
2.110000e-06	-2.054893e-03	8.376499e+00
2.120000e-06	-7.401439e-03	8.450106e+00
2.130000e-06	-1.590164e-02	8.504345e+00
2.140000e-06	-1.898149e-02	8.638704e+00
2.150000e-06	-9.470408e-03	8.745916e+00
2.160000e-06	-1.283800e-03	8.809628e+00
2.170000e-06	-1.062993e-02	8.891335e+00
2.180000e-06	-1.416311e-02	9.016703e+00
2.190000e-06	-1.313687e-02	9.126518e+00
2.200000e-06	-1.121633e-02	9.240105e+00
2.210000e-06	-1.053118e-02	9.292713e+00
2.220000e-06	-1.281834e-02	9.378522e+00
2.230000e-06	-1.059584e-02	9.461159e+00
2.240000e-06	-1.247250e-02	9.532364e+00
2.250000e-06	-1.255257e-02	9.608050e+00
2.260000e-06	-1.267838e-02	9.630758e+00
2.270000e-06	-1.747672e-02	9.733285e+00
2.280000e-06	-1.288649e-02	9.826602e+00
2.290000e-06	-7.663307e-03	9.881331e+00
2.300000e-06	-7.190599e-03	9.922919e+00
2.310000e-06	-1.823637e-02	9.978050e+00
2.320000e-06	-1.886014e-02	1.000916e+01
2.330000e-06	-1.380133e-02	1.007118e+01
2.340000e-06	-1.154813e-02	1.009281e+01
2.350000e-06	-1.453607e-02	1.009436e+01
2.360000e-06	-1.629129e-02	1.015499e+01
2.370000e-06	-1.373786e-02	1.021705e+01
2.380000e-06	-1.495456e-02	1.020763e+01
2.390000e-06	-1.390803e-02	1.024865e+01
2.400000e-06	-1.750577e-02	1.024023e+01
2.410000e-06	-1.724333e-02	1.028021e+01
2.420000e-06	-1.443624e-02	1.025123e+01
2.430000e-06	-1.372485e-02	1.027281e+01
2.440000e-06	-1.859296e-02	1.030184e+01
2.450000e-06	-2.294943e-02	1.029173e+01
2.460000e-06	-1.758126e-02	1.028171e+01
2.470000e-06	-1.575691e-02	1.027128e+01
2.480000e-06	-1.627215e-02	1.024014e+01
2.490000e-06	-2.001597e-02	1.025918e+01
2.500000e-06	-2.101674e-02	1.024003e+01
2.510000e-06	-2.174674e-02	1.018805e+01
2.520000e-06	-2.225961e-02	1.015742e+01
2.530000e-06	-2.258480e-02	1.011684e+01
2.540000e-06	-2.339027e-02	1.010384e+01
2.550000e-06	-2.226136e-02	1.008324e+01
2.560000e-06	-2.353961e-02	1.005113e+01
2.570000e-06	-2.363885e-02	1.000007e+01
2.580000e-06	-2.786402e-02	9.978422e+00
2.590000e-06	-2.801574e-02	9.893316e+00
2.600000e-06	-2.607757e-02	9.861158e+00
2.610000e-06	-2.617797e-02	9.755950e+00
2.620000e-06	-2.810288e-02	9.730262e+00
2.630000e-06	-2.983883e-02	9.599083e+00
2.640000e-06	-2.967691e-02	9.547973e+00
2.650000e-06	-3.007350e-02	9.503266e+00
2.660000e-06	-3.021477e-02	9.428578e+00
2.670000e-06	-2.905727e-02	9.336393e+00
2.680000e-06	-3.102058e-02	9.281682e+00
2.690000e-06	-3.100410e-02	9.209503e+00
2.700000e-06	-3.392480e-02	9.134265e+00
2.710000e-06	-3.064079e-02	9.007974e+00
2.720000e-06	-3.329543e-02	8.893232e+00
2.730000e-06	-3.019111e-02	8.797405e+00
2.740000e-06	-3.320908e-02	8.694216e+00
2.750000e-06	-3.055211e-02	8.589977e+00
2.760000e-06	-3.386424e-02	8.513211e+00
2.770000e-06	-3.084708e-02	8.410577e+00
2.780000e-06	-3.278187e-02	8.335315e+00
2.790000e-06	-3.070975e-02	8.176855e+00
2.800000e-06	-3.181214e-02	8.072784e+00
2.810000e-06	-2.907294e-02	7.894913e+00
2.820000e-06	-2.993353e-02	7.811127e+00
2.830000e-06	-3.039703e-02	7.673735e+00
2.840000e-06	-3.067581e-02	7.577922e+00
2.850000e-06	-2.934527e-02	7.375903e+00
2.860000e-06	-2.779978e-02	7.211077e+00
2.870000e-06	-2.775115e-02	7.113686e+00
2.880000e-06	-2.606388e-02	6.947347e+00
2.890000e-06	-2.707854e-02	6.830078e+00
2.900000e-06	-2.596724e-02	6.703240e+00
2.910000e-06	-2.456303e-02	6.493816e+00
2.920000e-06	-2.294691e-02	6.357373e+00
2.930000e-06	-2.292884e-02	6.231079e+00
2.940000e-06	-2.140359e-02	6.073178e+00
2.950000e-06	-2.135948e-02	5.966895e+00
2.960000e-06	-1.973318e-02	5.737450e+00
2.970000e-06	-1.948705e-02	5.570027e+00
2.980000e-06	-1.843071e-02	5.431582e+00
2.990000e-06	-1.805497e-02	5.242183e+00
3.000000e-06	-1.562981e-02	5.113234e+00
3.010000e-06	-1.518504e-02	4.850652e+00
3.020000e-06	-1.447103e-02	4.696233e+00
3.030000e-06	-1.507732e-02	4.524761e+00
3.040000e-06	-1.336839e-02	4.399424e+00
3.050000e-06	-1.204370e-02	4.159842e+00
3.060000e-06	-1.142397e-02	3.980996e+00
3.070000e-06	-1.097391e-02	3.822580e+00
3.080000e-06	-1.104317e-02	3.633609e+00
3.090000e-06	-1.042161e-02	3.516716e+00
3.100000e-06	-1.033402e-02	3.335787e+00
3.110000e-06	-9.483157e-03	3.135241e+00
3.120000e-06	-9.903654e-03	2.958267e+00
3.130000e-06	-8.857241e-03	2.790522e+00
3.140000e-06	-8.434396e-03	2.577921e+00
3.150000e-06	-7.269810e-03	2.377896e+00
3.160000e-06	-7.959727e-03	2.198347e+00
3.170000e-06	-7.178657e-03	2.000503e+00
3.180000e-06	-6.815905e-03	1.852509e+00
3.190000e-06	-6.557328e-03	1.644654e+00
3.200000e-06	-6.502498e-03	1.432979e+00
3.210000e-06	-6.115825e-03	1.241630e+00
3.220000e-06	-5.504898e-03	1.042508e+00
3.230000e-06	-5.822976e-03	8.015262e-01
3.240000e-06	-5.959684e-03	6.334789e-01
3.250000e-06	-4.897367e-03	4.331067e-01
3.260000e-06	-4.935929e-03	2.441669e-01
3.270000e-06	-4.677960e-03	5.302802e-02
3.280000e-06	2.167023e-03	-1.238894e-01
3.290000e-06	-1.160965e-03	-3.036918e-01
3.300000e-06	-1.125752e-03	-4.110765e-01
3.310000e-06	-1.415577e-03	-6.311805e-01
3.320000e-06	-2.123398e-03	-8.306053e-01
3.330000e-06	-1.665444e-03	-9.874461e-01
3.340000e-06	1.563226e-03	-1.176945e+00
3.350000e-06	1.963014e-02	-1.275919e+00
3.360000e-06	9.504247e-02	-1.544365e+00
3.370000e-06	-4.560945e-02	-1.777018e+00
3.380000e-06	-3.285500e-02	-1.979178e+00
3.390000e-06	-5.060851e-02	-2.292838e+00
3.400000e-06	-9.439008e-02	-2.461104e+00
3.410000e-06	1.379996e-01	-2.482287e+00
3.420000e-06	4.665630e-02	-2.630156e+00
3.430000e-06	-1.766251e-01	-2.861633e+00
3.440000e-06	2.026313e-01	-2.998656e+00
3.450000e-06	-1.028301e-01	-3.197650e+00
3.460000e-06	-7.273253e-02	-3.421104e+00
3.470000e-06	1.830959e-01	-3.565941e+00
3.480000e-06	-1.339791e-01	-3.727360e+00
3.490000e-06	-1.548296e-02	-3.945448e+00
3.500000e-06	1.654286e-01	-4.082735e+00
3.510000e-06	-1.262828e-01	-4.344912e+00
3.520000e-06	9.809895e-02	-4.421132e+00
3.530000e-06	-1.184098e-01	-4.607055e+00
3.540000e-06	-2.447400e-02	-4.806054e+00
3.550000e-06	1.746474e-01	-4.946971e+00
3.560000e-06	-1.064235e-01	-5.164892e+00
3.570000e-06	5.621338e-02	-5.326042e+00
3.580000e-06	-4.195004e-02	-5.543495e+00
3.590000e-06	1.574853e-03	-5.702915e+00
3.600000e-06	6.583742e-02	-5.870182e+00
3.610000e-06	-1.007320e-01	-5.998079e+00
3.620000e-06	1.123974e-01	-6.144941e+00
3.630000e-06	-6.772073e-02	-6.334441e+00
3.640000e-06	1.854488e-02	-6.504737e+00
3.650000e-06	5.968501e-02	-6.640154e+00
3.660000e-06	-7.773404e-02	-6.767525e+00
3.670000e-06	6.830719e-02	-6.862395e+00
3.680000e-06	-6.937776e-02	-7.100232e+00
3.690000e-06	7.912728e-02	-7.220604e+00
3.700000e-06	7.734156e-03	-7.354995e+00
3.710000e-06	-4.158542e-02	-7.522838e+00
3.720000e-06	3.241983e-02	-7.609108e+00
3.730000e-06	-3.048104e-02	-7.785083e+00
3.740000e-06	6.113746e-02	-7.957426e+00
3.750000e-06	-3.507776e-02	-8.050160e+00
3.760000e-06	2.667893e-02	-8.176497e+00
3.770000e-06	1.594009e-02	-8.262232e+00
3.780000e-06	-1.999312e-02	-8.397499e+00
3.790000e-06	2.009272e-02	-8.472236e+00
3.800000e-06	-1.681226e-02	-8.648279e+00
3.810000e-06	4.627339e-02	-8.733996e+00
3.820000e-06	-1.994424e-02	-8.819655e+00
3.830000e-06	1.532118e-02	-8.933892e+00
3.840000e-06	6.089484e-03	-8.986155e+00
3.850000e-06	6.807622e-03	-9.113792e+00
3.860000e-06	8.160262e-03	-9.196974e+00
3.870000e-06	-5.025606e-03	-9.239108e+00
3.880000e-06	2.427789e-02	-9.312394e+00
3.890000e-06	-3.810785e-04	-9.427703e+00
3.900000e-06	1.301263e-02	-9.523996e+00
3.910000e-06	1.632086e-03	-9.618575e+00
3.920000e-06	6.384009e-03	-9.671662e+00
3.930000e-06	4.258873e-03	-9.703741e+00
3.940000e-06	1.405509e-02	-9.797525e+00
3.950000e-06	1.887061e-02	-9.820182e+00
3.960000e-06	1.122111e-03	-9.880710e+00
3.970000e-06	6.261055e-04	-9.934862e+00
3.980000e-06	6.441224e-03	-9.946896e+00
3.990000e-06	1.792593e-02	-9.987554e+00
4.000000e-06	9.437613e-03	-1.003068e+01
4.010000e-06	4.643308e-03	-1.006179e+01
4.020000e-06	8.852492e-03	-1.008334e+01
4.030000e-06	1.190762e-02	-1.011437e+01
4.040000e-06	1.201807e-02	-1.018550e+01
4.050000e-06	6.639730e-03	-1.019755e+01
4.060000e-06	6.884309e-03	-1.022913e+01
4.070000e-06	1.270194e-02	-1.022918e+01
4.080000e-06	1.562787e-02	-1.025124e+01
4.090000e-06	1.086546e-02	-1.029081e+01
4.100000e-06	6.723379e-03	-1.025176e+01
4.110000e-06	9.321641e-03	-1.026223e+01
4.120000e-06	1.404316e-02	-1.024979e+01
4.130000e-06	1.485135e-02	-1.026970e+01
4.140000e-06	1.440329e-02	-1.023763e+01
4.150000e-06	1.274035e-02	-1.025668e+01
4.160000e-06	1.257798e-02	-1.017560e+01
4.170000e-06	1.319767e-02	-1.017445e+01
4.180000e-06	1.686106e-02	-1.012234e+01
4.190000e-06	1.679828e-02	-1.010227e+01
4.200000e-06	1.561975e-02	-1.007071e+01
4.210000e-06	1.746107e-02	-1.000968e+01
4.220000e-06	1.944316e-02	-9.978054e+00
4.230000e-06	1.768649e-02	-9.976824e+00
4.240000e-06	1.848032e-02	-9.883263e+00
4.250000e-06	1.969200e-02	-9.862662e+00
4.260000e-06	2.245685e-02	-9.829579e+00
4.270000e-06	2.024063e-02	-9.754974e+00
4.280000e-06	2.200171e-02	-9.723235e+00
4.290000e-06	2.071560e-02	-9.609681e+00
4.300000e-06	2.218961e-02	-9.619576e+00
4.310000e-06	2.195410e-02	-9.544851e+00
4.320000e-06	2.411336e-02	-9.472756e+00
4.330000e-06	2.583366e-02	-9.294949e+00
4.340000e-06	2.475420e-02	-9.220787e+00
4.350000e-06	2.446957e-02	-9.177397e+00
4.360000e-06	2.373183e-02	-9.073237e+00
4.370000e-06	2.486484e-02	-8.948053e+00
4.380000e-06	2.525193e-02	-8.872241e+00
4.390000e-06	2.602819e-02	-8.801030e+00
4.400000e-06	2.415904e-02	-8.725819e+00
4.410000e-06	2.484334e-02	-8.628078e+00
4.420000e-06	2.556141e-02	-8.441187e+00
4.430000e-06	2.539219e-02	-8.369953e+00
4.440000e-06	2.525963e-02	-8.313662e+00
4.450000e-06	2.465572e-02	-8.167973e+00
4.460000e-06	2.463743e-02	-8.041758e+00
4.470000e-06	2.478014e-02	-7.957996e+00
4.480000e-06	2.314206e-02	-7.786507e+00
4.490000e-06	2.345574e-02	-7.712532e+00
4.500000e-06	2.159930e-02	-7.503320e+00
4.510000e-06	2.301759e-02	-7.356899e+00
4.520000e-06	2.244496e-02	-7.232156e+00
4.530000e-06	2.163766e-02	-7.124694e+00
4.540000e-06	1.822351e-02	-6.954868e+00
4.550000e-06	1.901743e-02	-6.770528e+00
4.560000e-06	1.884313e-02	-6.703157e+00
4.570000e-06	1.781629e-02	-6.515343e+00
4.580000e-06	1.599882e-02	-6.400003e+00
4.590000e-06	1.580342e-02	-6.241507e+00
4.600000e-06	1.419258e-02	-6.062659e+00
4.610000e-06	1.285729e-02	-5.917217e+00
4.620000e-06	1.218194e-02	-5.778021e+00
4.630000e-06	1.142354e-02	-5.630551e+00
4.640000e-06	1.147408e-02	-5.453061e+00
4.650000e-06	9.797157e-03	-5.250579e+00
4.660000e-06	1.009820e-02	-5.083110e+00
4.670000e-06	7.777383e-03	-4.883083e+00
4.680000e-06	6.161746e-03	-4.640134e+00
4.690000e-06	5.080374e-03	-4.505213e+00
4.700000e-06	6.938194e-03	-4.378397e+00
4.710000e-06	5.618540e-03	-4.200952e+00
4.720000e-06	5.131396e-03	-4.001129e+00
4.730000e-06	2.671199e-03	-3.904841e+00
4.740000e-06	2.879005e-03	-3.695662e+00
4.750000e-06	2.619002e-03	-3.535215e+00
4.760000e-06	3.723390e-03	-3.325819e+00
4.770000e-06	2.270046e-03	-3.199921e+00
4.780000e-06	1.938912e-03	-2.947845e+00
4.790000e-06	-1.243087e-03	-2.778826e+00
4.800000e-06	7.101844e-04	-2.630552e+00
4.810000e-06	-9.042989e-04	-2.401476e+00
4.820000e-06	1.825542e-03	-2.222957e+00
4.830000e-06	-4.033772e-04	-1.991080e+00
4.840000e-06	-6.964129e-04	-1.824133e+00
4.850000e-06	-2.515574e-03	-1.704533e+00
4.860000e-06	-8.635255e-04	-1.556664e+00
4.870000e-06	-1.481503e-03	-1.243607e+00
4.880000e-06	-2.154751e-03	-1.042634e+00
4.890000e-06	-2.918622e-03	-8.731341e-01
4.900000e-06	-2.109529e-03	-6.966644e-01
4.910000e-06	-1.966508e-03	-4.520843e-01
4.920000e-06	-3.643556e-03	-3.066894e-01
4.930000e-06	-2.280875e-03	-9.521448e-02
4.940000e-06	2.987639e-03	1.165156e-02
4.950000e-06	1.856533e-03	2.718366e-01
4.960000e-06	-1.980013e-03	4.716564e-01
4.970000e-06	1.267489e-03	5.881500e-01
4.980000e-06	-4.427061e-03	7.889958e-01
4.990000e-06	-2.009193e-03	9.161669e-01
5.000000e-06	-2.185977e-03	1.177524e+00
5.010000e-06	5.811025e-03	1.356388e+00
5.020000e-06	3.395456e-02	1.567597e+00
5.030000e-06	6.826288e-02	1.839577e+00
5.040000e-06	-5.369963e-02	2.028524e+00
5.050000e-06	-3.752535e-02	2.178147e+00
5.060000e-06	-4.547674e-02	2.379977e+00
5.070000e-06	-7.326507e-02	2.492360e+00
5.080000e-06	5.794687e-02	2.671154e+00
5.090000e-06	1.201915e-01	2.860656e+00
5.100000e-06	-1.939219e-01	2.998999e+00
5.110000e-06	1.372343e-01	3.133917e+00
5.120000e-06	-1.225442e-02	3.347492e+00
5.130000e-06	-9.528664e-02	3.567424e+00
5.140000e-06	1.043407e-01	3.671682e+00
5.150000e-06	-4.286806e-02	3.851287e+00
5.160000e-06	-8.427275e-02	4.062078e+00
5.170000e-06	1.128393e-01	4.260227e+00
5.180000e-06	-4.154346e-02	4.440179e+00
5.190000e-06	-2.372853e-03	4.587997e+00
5.200000e-06	-3.385388e-02	4.807517e+00
5.210000e-06	-4.600506e-02	5.015975e+00
5.220000e-06	6.407243e-02	5.197503e+00
5.230000e-06	-6.646699e-03	5.377596e+00
5.240000e-06	8.848711e-04	5.535364e+00
5.250000e-06	-4.605650e-02	5.671259e+00
5.260000e-06	1.347821e-02	5.841808e+00
5.270000e-06	-6.966326e-04	5.999157e+00
5.280000e-06	-3.367713e-02	6.186573e+00
5.290000e-06	2.616797e-02	6.344866e+00
5.300000e-06	-2.744659e-02	6.461755e+00
5.310000e-06	-2.642572e-03	6.646253e+00
5.320000e-06	3.214618e-03	6.780548e+00
5.330000e-06	-2.982308e-02	6.935442e+00
5.340000e-06	-7.068178e-04	7.061767e+00
5.350000e-06	-1.236619e-02	7.187596e+00
5.360000e-06	5.631698e-03	7.323814e+00
5.370000e-06	-5.633073e-03	7.502362e+00
5.380000e-06	-2.294933e-02	7.631684e+00
5.390000e-06	-7.050642e-03	7.816996e+00
5.400000e-06	-1.367407e-02	7.932937e+00
5.410000e-06	4.753940e-03	8.062465e+00
5.420000e-06	-1.692553e-02	8.248076e+00
5.430000e-06	-8.613905e-03	8.303917e+00
5.440000e-06	1.122143e-04	8.428127e+00
5.450000e-06	-1.721368e-02	8.493310e+00
5.460000e-06	-1.467826e-02	8.647479e+00
5.470000e-06	-1.881415e-02	8.682311e+00
5.480000e-06	2.306247e-03	8.776049e+00
5.490000e-06	-9.022543e-03	8.881732e+00
5.500000e-06	-1.258481e-02	8.946045e+00
5.510000e-06	-1.529649e-02	9.081962e+00
5.520000e-06	-1.329009e-02	9.198079e+00
5.530000e-06	-8.335463e-03	9.271183e+00
5.540000e-06	-1.344552e-02	9.362864e+00
5.550000e-06	-7.781142e-03	9.406631e+00
5.560000e-06	-1.434552e-02	9.483214e+00
5.570000e-06	-1.141144e-02	9.575971e+00
5.580000e-06	-1.458044e-02	9.589677e+00
5.590000e-06	-1.415205e-02	9.712682e+00
5.600000e-06	-1.578356e-02	9.764550e+00
5.610000e-06	-1.024441e-02	9.869731e+00
5.620000e-06	-4.999959e-03	9.902338e+00
5.630000e-06	-1.410134e-02	9.958041e+00
5.640000e-06	-1.770940e-02	1.002855e+01
5.650000e-06	-1.806492e-02	1.004071e+01
5.660000e-06	-1.097405e-02	1.006219e+01
5.670000e-06	-1.323011e-02	1.009291e+01
5.680000e-06	-1.571540e-02	1.014432e+01
5.690000e-06	-1.639054e-02	1.017703e+01
5.700000e-06	-1.521912e-02	1.019855e+01
5.710000e-06	-1.387945e-02	1.022063e+01
5.720000e-06	-1.677514e-02	1.023968e+01
5.730000e-06	-1.618248e-02	1.025166e+01
5.740000e-06	-1.607478e-02	1.027171e+01
5.750000e-06	-1.137911e-02	1.029183e+01
5.760000e-06	-1.887718e-02	1.028176e+01
5.770000e-06	-2.094009e-02	1.027226e+01
5.780000e-06	-2.120672e-02	1.025226e+01
5.790000e-06	-1.603677e-02	1.027221e+01
5.800000e-06	-1.684562e-02	1.027071e+01
5.810000e-06	-2.022001e-02	1.025171e+01
5.820000e-06	-2.049860e-02	1.021868e+01
5.830000e-06	-2.062501e-02	1.021863e+01
5.840000e-06	-2.155878e-02	1.020858e+01
5.850000e-06	-2.301558e-02	1.014539e+01
5.860000e-06	-2.250515e-02	1.008386e+01
5.870000e-06	-2.306920e-02	1.009326e+01
5.880000e-06	-2.374632e-02	1.002071e+01
5.890000e-06	-2.377415e-02	1.003061e+01
5.900000e-06	-2.743094e-02	9.969079e+00
5.910000e-06	-2.901075e-02	9.935372e+00
5.920000e-06	-2.557183e-02	9.884736e+00
5.930000e-06	-2.688208e-02	9.808004e+00
5.940000e-06	-2.566471e-02	9.703815e+00
5.950000e-06	-2.896573e-02	9.648658e+00
5.960000e-06	-2.835878e-02	9.577023e+00
5.970000e-06	-2.988740e-02	9.473368e+00
5.980000e-06	-3.086251e-02	9.451157e+00
5.990000e-06	-3.164971e-02	9.326870e+00
6.000000e-06	-3.099295e-02	9.294313e+00
6.010000e-06	-3.141945e-02	9.229629e+00
6.020000e-06	-3.033820e-02	9.155947e+00
6.030000e-06	-3.168276e-02	9.039758e+00
6.040000e-06	-3.148660e-02	8.923870e+00
6.050000e-06	-3.095187e-02	8.820181e+00
6.060000e-06	-3.161934e-02	8.717865e+00
6.070000e-06	-3.155284e-02	8.621607e+00
6.080000e-06	-3.388208e-02	8.585395e+00
6.090000e-06	-3.234594e-02	8.452160e+00
6.100000e-06	-3.272774e-02	8.356918e+00
6.110000e-06	-3.106369e-02	8.183254e+00
6.120000e-06	-3.100832e-02	8.142267e+00
6.130000e-06	-2.920120e-02	7.936000e+00
6.140000e-06	-2.901375e-02	7.872112e+00
6.150000e-06	-2.998321e-02	7.725741e+00
6.160000e-06	-2.962777e-02	7.620074e+00
6.170000e-06	-2.987160e-02	7.411686e+00
6.180000e-06	-2.931754e-02	7.253211e+00
6.190000e-06	-2.835447e-02	7.166295e+00
6.200000e-06	-2.656396e-02	6.999027e+00
6.210000e-06	-2.672679e-02	6.884211e+00
6.220000e-06	-2.598604e-02	6.748422e+00
6.230000e-06	-2.530158e-02	6.558528e+00
6.240000e-06	-2.225126e-02	6.399553e+00
6.250000e-06	-2.358669e-02	6.282686e+00
6.260000e-06	-2.133257e-02	6.125872e+00
6.270000e-06	-2.198529e-02	6.020528e+00
6.280000e-06	-2.003550e-02	5.862559e+00
6.290000e-06	-2.091167e-02	5.653613e+00
6.300000e-06	-1.862494e-02	5.484842e+00
6.310000e-06	-1.914428e-02	5.347294e+00
6.320000e-06	-1.614847e-02	5.167871e+00
6.330000e-06	-1.479867e-02	4.954342e+00
6.340000e-06	-1.399778e-02	4.747394e+00
6.350000e-06	-1.461857e-02	4.589450e+00
6.360000e-06	-1.367073e-02	4.410553e+00
6.370000e-06	-1.333690e-02	4.273111e+00
6.380000e-06	-1.263049e-02	4.063655e+00
6.390000e-06	-1.134224e-02	3.915714e+00
6.400000e-06	-1.147269e-02	3.705216e+00
6.410000e-06	-1.083110e-02	3.579474e+00
6.420000e-06	-1.090157e-02	3.378494e+00
6.430000e-06	-9.211007e-03	3.157950e+00
6.440000e-06	-8.323442e-03	3.000530e+00
6.450000e-06	-9.138053e-03	2.833079e+00
6.460000e-06	-8.481989e-03	2.723138e+00
6.470000e-06	-8.865250e-03	2.432127e+00
6.480000e-06	-8.402556e-03	2.233632e+00
6.490000e-06	-7.926866e-03	2.065613e+00
6.500000e-06	-7.782892e-03	1.935838e+00
6.510000e-06	-6.650585e-03	1.725788e+00
6.520000e-06	-5.656897e-03	1.507220e+00
6.530000e-06	-5.755723e-03	1.296716e+00
6.540000e-06	-6.315503e-03	1.137312e+00
6.550000e-06	-6.705493e-03	8.861030e-01
6.560000e-06	-6.585942e-03	7.172382e-01
6.570000e-06	-5.381655e-03	4.981894e-01
6.580000e-06	-4.606994e-03	3.783436e-01
6.590000e-06	-5.416965e-03	1.372895e-01
6.600000e-06	-7.797844e-05	-7.225663e-02
6.610000e-06	2.868815e-03	-2.295777e-01
6.620000e-06	-3.842156e-03	-3.784711e-01
6.630000e-06	5.070776e-05	-5.564172e-01
6.640000e-06	-4.331716e-03	-7.774210e-01
6.650000e-06	-3.229279e-04	-9.053656e-01
6.660000e-06	-9.237927e-04	-1.072729e+00
6.670000e-06	9.563732e-03	-1.239608e+00
6.680000e-06	6.558383e-02	-1.520287e+00
6.690000e-06	3.396046e-02	-1.682261e+00
6.700000e-06	-7.487762e-02	-1.935392e+00
6.710000e-06	-9.655048e-03	-2.218089e+00
6.720000e-06	-1.003851e-01	-2.428024e+00
6.730000e-06	2.304017e-02	-2.461306e+00
6.740000e-06	1.682191e-01	-2.557422e+00
6.750000e-06	-1.693966e-01	-2.777020e+00
6.760000e-06	8.579376e-02	-3.006572e+00
6.770000e-06	7.406094e-02	-3.116891e+00
6.780000e-06	-2.021842e-01	-3.326494e+00
6.790000e-06	1.481663e-01	-3.504365e+00
6.800000e-06	1.578263e-02	-3.670154e+00
6.810000e-06	-1.680357e-01	-3.882817e+00
6.820000e-06	1.886028e-01	-4.030079e+00
6.830000e-06	-5.209968e-02	-4.229180e+00
6.840000e-06	5.700255e-03	-4.408076e+00
6.850000e-06	1.113921e-02	-4.472468e+00
6.860000e-06	-1.585476e-01	-4.743439e+00
6.870000e-06	1.775818e-01	-4.922338e+00
6.880000e-06	-8.718785e-03	-5.063233e+00
6.890000e-06	-4.794739e-02	-5.261263e+00
6.900000e-06	4.779091e-02	-5.479205e+00
6.910000e-06	-7.855643e-02	-5.671233e+00
6.920000e-06	1.125234e-01	-5.798125e+00
6.930000e-06	-8.795160e-02	-5.944416e+00
6.940000e-06	3.551676e-02	-6.120786e+00
6.950000e-06	4.409244e-02	-6.300231e+00
6.960000e-06	-7.864684e-02	-6.439683e+00
6.970000e-06	1.137324e-01	-6.586496e+00
6.980000e-06	-7.852855e-02	-6.712841e+00
6.990000e-06	3.430645e-02	-6.819657e+00
7.000000e-06	-1.185405e-02	-6.976098e+00
7.010000e-06	-6.874142e-03	-7.167073e+00
7.020000e-06	9.094814e-02	-7.301837e+00
7.030000e-06	-7.900513e-02	-7.481234e+00
7.040000e-06	3.948028e-02	-7.566475e+00
7.050000e-06	-3.091496e-02	-7.743865e+00
7.060000e-06	3.999985e-02	-7.922366e+00
7.070000e-06	7.848113e-03	-8.009079e+00
7.080000e-06	-1.956340e-02	-8.123896e+00
7.090000e-06	5.167703e-02	-8.219633e+00
7.100000e-06	-3.185055e-02	-8.366471e+00
7.110000e-06	2.473295e-02	-8.420161e+00
7.120000e-06	-1.865680e-02	-8.543994e+00
7.130000e-06	3.062125e-02	-8.713970e+00
7.140000e-06	7.110544e-03	-8.779553e+00
7.150000e-06	-9.302656e-03	-8.872783e+00
7.160000e-06	2.264421e-02	-9.007002e+00
7.170000e-06	-3.913957e-03	-9.094235e+00
7.180000e-06	1.731002e-02	-9.134448e+00
7.190000e-06	-9.831214e-03	-9.208108e+00
7.200000e-06	2.103511e-02	-9.302290e+00
7.210000e-06	8.762476e-03	-9.346596e+00
7.220000e-06	5.647538e-03	-9.521841e+00
7.230000e-06	5.659997e-03	-9.606026e+00
7.240000e-06	1.127337e-03	-9.639153e+00
7.250000e-06	7.439191e-03	-9.702286e+00
7.260000e-06	7.333797e-03	-9.794899e+00
7.270000e-06	2.191841e-02	-9.818127e+00
7.280000e-06	6.288335e-03	-9.870737e+00
7.290000e-06	2.591269e-03	-9.923315e+00
7.300000e-06	3.962768e-03	-9.935395e+00
7.310000e-06	1.303149e-02	-1.000957e+01
7.320000e-06	1.407412e-02	-1.004008e+01
7.330000e-06	3.904017e-03	-1.005218e+01
7.340000e-06	8.842875e-03	-1.009178e+01
7.350000e-06	1.012030e-02	-1.012289e+01
7.360000e-06	1.235266e-02	-1.017457e+01
7.370000e-06	1.025597e-02	-1.021898e+01
7.380000e-06	6.205324e-03	-1.020913e+01
7.390000e-06	1.080840e-02	-1.024968e+01
7.400000e-06	1.403888e-02	-1.028078e+01
7.410000e-06	1.319005e-02	-1.028124e+01
7.420000e-06	8.874925e-03	-1.027279e+01
7.430000e-06	7.202166e-03	-1.028271e+01
7.440000e-06	1.231770e-02	-1.032081e+01
7.450000e-06	1.459534e-02	-1.025268e+01
7.460000e-06	1.576513e-02	-1.026018e+01
7.470000e-06	1.284433e-02	-1.024816e+01
7.480000e-06	1.201995e-02	-1.018608e+01
7.490000e-06	1.431218e-02	-1.018643e+01
7.500000e-06	1.519244e-02	-1.017444e+01
7.510000e-06	1.606268e-02	-1.011244e+01
7.520000e-06	1.512791e-02	-1.005171e+01
7.530000e-06	1.737024e-02	-1.007008e+01
7.540000e-06	1.948313e-02	-9.990128e+00
7.550000e-06	1.753754e-02	-9.967422e+00
7.560000e-06	1.728637e-02	-9.944872e+00
7.570000e-06	1.941513e-02	-9.893236e+00
7.580000e-06	2.235794e-02	-9.830106e+00
7.590000e-06	2.124742e-02	-9.777473e+00
7.600000e-06	2.128840e-02	-9.704238e+00
7.610000e-06	2.076380e-02	-9.681685e+00
7.620000e-06	2.220864e-02	-9.610108e+00
7.630000e-06	2.234217e-02	-9.569022e+00
7.640000e-06	2.422257e-02	-9.492761e+00
7.650000e-06	2.503335e-02	-9.357950e+00
7.660000e-06	2.532867e-02	-9.301715e+00
7.670000e-06	2.480435e-02	-9.189030e+00
7.680000e-06	2.397857e-02	-9.123792e+00
7.690000e-06	2.392516e-02	-9.060083e+00
7.700000e-06	2.506928e-02	-8.934895e+00
7.710000e-06	2.647814e-02	-8.850129e+00
7.720000e-06	2.583545e-02	-8.779503e+00
7.730000e-06	2.459246e-02	-8.651269e+00
7.740000e-06	2.413832e-02	-8.543847e+00
7.750000e-06	2.556682e-02	-8.409481e+00
7.760000e-06	2.605987e-02	-8.314766e+00
7.770000e-06	2.510630e-02	-8.229058e+00
7.780000e-06	2.472801e-02	-8.122783e+00
7.790000e-06	2.337321e-02	-8.028577e+00
7.800000e-06	2.323043e-02	-7.861711e+00
7.810000e-06	2.441346e-02	-7.734340e+00
7.820000e-06	2.198289e-02	-7.537926e+00
7.830000e-06	2.186771e-02	-7.418653e+00
7.840000e-06	2.230706e-02	-7.272790e+00
7.850000e-06	2.226249e-02	-7.158496e+00
7.860000e-06	1.959023e-02	-7.052578e+00
7.870000e-06	1.812224e-02	-6.840682e+00
7.880000e-06	1.820865e-02	-6.717317e+00
7.890000e-06	1.918367e-02	-6.639526e+00
7.900000e-06	1.705243e-02	-6.470607e+00
7.910000e-06	1.640470e-02	-6.286792e+00
7.920000e-06	1.434859e-02	-6.154767e+00
7.930000e-06	1.403817e-02	-5.958523e+00
7.940000e-06	1.272407e-02	-5.810024e+00
7.950000e-06	1.193663e-02	-5.713684e+00
7.960000e-06	1.079607e-02	-5.496915e+00
7.970000e-06	1.068331e-02	-5.325316e+00
7.980000e-06	1.033429e-02	-5.136346e+00
7.990000e-06	7.644257e-03	-4.956846e+00
8.000000e-06	6.639001e-03	-4.724736e+00
8.010000e-06	5.729233e-03	-4.588455e+00
8.020000e-06	6.578081e-03	-4.441104e+00
8.030000e-06	6.431321e-03	-4.283286e+00
8.040000e-06	4.736506e-03	-4.096292e+00
8.050000e-06	4.212429e-03	-3.988924e+00
8.060000e-06	2.745546e-03	-3.788349e+00
8.070000e-06	2.751455e-03	-3.557925e+00
8.080000e-06	4.010918e-03	-3.411504e+00
8.090000e-06	2.818576e-03	-3.212047e+00
8.100000e-06	2.617989e-03	-3.033562e+00
8.110000e-06	2.007451e-04	-2.830554e+00
8.120000e-06	2.048916e-04	-2.704662e+00
8.130000e-06	-1.094303e-03	-2.485163e+00
8.140000e-06	1.421186e-04	-2.286817e+00
8.150000e-06	6.842831e-05	-2.083759e+00
8.160000e-06	1.036873e-03	-1.946821e+00
8.170000e-06	-1.912895e-03	-1.775821e+00
8.180000e-06	-5.234886e-04	-1.558845e+00
8.190000e-06	-2.246551e-03	-1.315815e+00
8.200000e-06	-7.536371e-04	-1.146241e+00
8.210000e-06	-3.846649e-03	-9.263184e-01
8.220000e-06	-1.046894e-03	-7.792697e-01
8.230000e-06	-3.167457e-03	-5.192185e-01
8.240000e-06	-4.757581e-04	-3.888948e-01
8.250000e-06	-3.172460e-03	-1.694750e-01
8.260000e-06	1.259427e-03	8.069993e-03
8.270000e-06	4.049587e-03	2.071223e-01
8.280000e-06	-2.987897e-03	3.885236e-01
8.290000e-06	1.263649e-03	5.663646e-01
8.300000e-06	-3.013489e-03	7.633344e-01
8.310000e-06	-5.239586e-04	8.311265e-01
8.320000e-06	-4.199242e-03	1.131789e+00
8.330000e-06	3.643435e-03	1.283284e+00
8.340000e-06	1.295190e-02	1.470651e+00
8.350000e-06	7.061242e-02	1.724336e+00
8.360000e-06	-2.111528e-03	1.904966e+00
8.370000e-06	-5.669895e-02	2.124868e+00
8.380000e-06	-3.355327e-02	2.352811e+00
8.390000e-06	-6.292429e-02	2.420128e+00
8.400000e-06	-3.552545e-02	2.576967e+00
8.410000e-06	1.775150e-01	2.767525e+00
8.420000e-06	-1.152593e-01	2.964413e+00
8.430000e-06	-2.385719e-02	3.042257e+00
8.440000e-06	1.269795e-01	3.261731e+00
8.450000e-06	-1.318761e-01	3.463337e+00
8.460000e-06	4.091533e-02	3.609550e+00
8.470000e-06	6.399490e-02	3.797521e+00
8.480000e-06	-1.394763e-01	3.979524e+00
8.490000e-06	7.842797e-02	4.167517e+00
8.500000e-06	1.959136e-02	4.397521e+00
8.510000e-06	-3.679399e-02	4.504342e+00
8.520000e-06	3.722545e-04	4.693817e+00
8.530000e-06	-7.002884e-02	4.869791e+00
8.540000e-06	3.719625e-02	5.104290e+00
8.550000e-06	2.216606e-02	5.294842e+00
8.560000e-06	-2.144253e-03	5.472783e+00
8.570000e-06	-2.559155e-02	5.630082e+00
8.580000e-06	-1.893776e-02	5.786655e+00
8.590000e-06	1.880361e-02	5.978571e+00
8.600000e-06	-3.227244e-02	6.135868e+00
8.610000e-06	4.921105e-03	6.263706e+00
8.620000e-06	8.266663e-03	6.398550e+00
8.630000e-06	-3.565830e-02	6.554416e+00
8.640000e-06	2.314417e-02	6.762969e+00
8.650000e-06	-3.031769e-02	6.893284e+00
8.660000e-06	-6.823569e-03	6.979056e+00
8.670000e-06	-5.452032e-03	7.124920e+00
8.680000e-06	-6.950314e-03	7.220632e+00
8.690000e-06	9.840188e-03	7.407156e+00
8.700000e-06	-2.872435e-02	7.608200e+00
8.710000e-06	-2.793594e-03	7.703390e+00
8.720000e-06	-2.006717e-02	7.883808e+00
8.730000e-06	3.313525e-03	8.018207e+00
8.740000e-06	-1.193439e-02	8.156996e+00
8.750000e-06	-1.237005e-02	8.281206e+00
8.760000e-06	2.313889e-03	8.377499e+00
8.770000e-06	-1.238152e-02	8.461260e+00
8.780000e-06	-1.555361e-02	8.524392e+00
8.790000e-06	-2.112404e-02	8.640232e+00
8.800000e-06	-5.292770e-04	8.755947e+00
8.810000e-06	-4.228065e-03	8.809202e+00
8.820000e-06	-1.171724e-02	8.872915e+00
8.830000e-06	-1.628061e-02	9.027753e+00
8.840000e-06	-1.169307e-02	9.177525e+00
8.850000e-06	-8.752602e-03	9.220231e+00
8.860000e-06	-1.192512e-02	9.314287e+00
8.870000e-06	-1.162655e-02	9.396053e+00
8.880000e-06	-1.167823e-02	9.442235e+00
8.890000e-06	-9.965588e-03	9.533821e+00
8.900000e-06	-1.377144e-02	9.599070e+00
8.910000e-06	-1.381173e-02	9.650158e+00
8.920000e-06	-1.787389e-02	9.712443e+00
8.930000e-06	-1.102796e-02	9.788106e+00
8.940000e-06	-6.219996e-03	9.910261e+00
8.950000e-06	-1.052420e-02	9.974520e+00
8.960000e-06	-1.867506e-02	9.988478e+00
8.970000e-06	-1.849125e-02	1.002008e+01
8.980000e-06	-1.066458e-02	1.005216e+01
8.990000e-06	-1.225944e-02	1.010192e+01
9.000000e-06	-1.502731e-02	1.010536e+01
9.010000e-06	-1.814140e-02	1.013545e+01
9.020000e-06	-1.350532e-02	1.017655e+01
9.030000e-06	-1.370737e-02	1.021760e+01
9.040000e-06	-1.443672e-02	1.024060e+01
9.050000e-06	-1.840349e-02	1.025120e+01
9.060000e-06	-1.719802e-02	1.027226e+01
9.070000e-06	-1.386040e-02	1.027274e+01
9.080000e-06	-1.504304e-02	1.028171e+01
9.090000e-06	-1.883942e-02	1.030379e+01
9.100000e-06	-2.286154e-02	1.028373e+01
9.110000e-06	-1.555250e-02	1.029131e+01
9.120000e-06	-1.585517e-02	1.027174e+01
9.130000e-06	-1.789184e-02	1.025076e+01
9.140000e-06	-2.194854e-02	1.026016e+01
9.150000e-06	-2.278458e-02	1.024808e+01
9.160000e-06	-1.972180e-02	1.018650e+01
9.170000e-06	-2.247926e-02	1.016600e+01
9.180000e-06	-2.150709e-02	1.012484e+01
9.190000e-06	-2.425485e-02	1.010429e+01
9.200000e-06	-2.263254e-02	1.007323e+01
9.210000e-06	-2.251523e-02	1.004111e+01
9.220000e-06	-2.408257e-02	1.002851e+01
9.230000e-06	-2.801617e-02	9.977049e+00
9.240000e-06	-2.852857e-02	9.913243e+00
9.250000e-06	-2.646842e-02	9.831104e+00
9.260000e-06	-2.746294e-02	9.742994e+00
9.270000e-06	-2.831208e-02	9.653162e+00
9.280000e-06	-2.947546e-02	9.599032e+00
9.290000e-06	-2.945375e-02	9.524868e+00
9.300000e-06	-3.051849e-02	9.461211e+00
9.310000e-06	-3.019786e-02	9.399498e+00
9.320000e-06	-2.945193e-02	9.335316e+00
9.330000e-06	-3.048915e-02	9.251183e+00
9.340000e-06	-3.014385e-02	9.188501e+00
9.350000e-06	-3.396169e-02	9.082761e+00
9.360000e-06	-3.192167e-02	8.977927e+00
9.370000e-06	-3.276219e-02	8.852206e+00
9.380000e-06	-3.034440e-02	8.766444e+00
9.390000e-06	-3.214722e-02	8.702236e+00
9.400000e-06	-3.086366e-02	8.567548e+00
9.410000e-06	-3.177950e-02	8.492210e+00
9.420000e-06	-3.152300e-02	8.409428e+00
9.430000e-06	-3.195886e-02	8.313188e+00
9.440000e-06	-3.165746e-02	8.144448e+00
9.450000e-06	-3.039226e-02	8.020535e+00
9.460000e-06	-3.049037e-02	7.904390e+00
9.470000e-06	-2.929093e-02	7.767421e+00
9.480000e-06	-3.038295e-02	7.641681e+00
9.490000e-06	-2.873136e-02	7.548293e+00
9.500000e-06	-2.930663e-02	7.296446e+00
9.510000e-06	-2.669165e-02	7.169023e+00
9.520000e-06	-2.763438e-02	7.052734e+00
9.530000e-06	-2.745977e-02	6.925761e+00
9.540000e-06	-2.681714e-02	6.799476e+00
9.550000e-06	-2.479086e-02	6.641710e+00
9.560000e-06	-2.296712e-02	6.481662e+00
9.570000e-06	-2.423441e-02	6.326321e+00
9.580000e-06	-2.199981e-02	6.199975e+00
9.590000e-06	-2.089687e-02	6.043659e+00
9.600000e-06	-2.044488e-02	5.926846e+00
9.610000e-06	-2.134484e-02	5.695841e+00
9.620000e-06	-1.930826e-02	5.518922e+00
9.630000e-06	-1.801589e-02	5.409004e+00
9.640000e-06	-1.704644e-02	5.240555e+00
9.650000e-06	-1.621070e-02	5.030955e+00
9.660000e-06	-1.517578e-02	4.820954e+00
9.670000e-06	-1.412579e-02	4.651607e+00
9.680000e-06	-1.356534e-02	4.483784e+00
9.690000e-06	-1.365724e-02	4.336873e+00
9.700000e-06	-1.211593e-02	4.145245e+00
9.710000e-06	-1.158030e-02	3.968449e+00
9.720000e-06	-1.131455e-02	3.788498e+00
9.730000e-06	-1.129289e-02	3.611579e+00
9.740000e-06	-1.113197e-02	3.495607e+00
9.750000e-06	-1.129651e-02	3.252530e+00
9.760000e-06	-8.802629e-03	3.063711e+00
9.770000e-06	-8.637970e-03	2.935691e+00
9.780000e-06	-8.274133e-03	2.747895e+00
9.790000e-06	-8.669834e-03	2.485213e+00
9.800000e-06	-8.965374e-03	2.317191e+00
9.810000e-06	-8.084732e-03	2.147345e+00
9.820000e-06	-7.438653e-03	2.009995e+00
9.830000e-06	-6.252302e-03	1.749451e+00
9.840000e-06	-7.351597e-03	1.570823e+00
9.850000e-06	-6.471902e-03	1.419901e+00
9.860000e-06	-7.240163e-03	1.200976e+00
9.870000e-06	-5.421403e-03	9.573776e-01
9.880000e-06	-5.779230e-03	7.483211e-01
9.890000e-06	-5.378746e-03	6.209475e-01
9.900000e-06	-5.071377e-03	3.909550e-01
9.910000e-06	-4.037964e-03	2.225825e-01
9.920000e-06	-3.060811e-03	1.197408e-02
9.930000e-06	2.623626e-03	-1.659708e-01
9.940000e-06	-2.520499e-03	-3.248159e-01
9.950000e-06	6.768130e-04	-4.732578e-01
9.960000e-06	-1.767969e-03	-7.143643e-01
9.970000e-06	-1.345075e-03	-8.515815e-01
9.980000e-06	-2.121560e-03	-9.901039e-01
9.990000e-06	4.137637e-03	-1.198997e+00
1.000000e-05	2.898848e-02	-1.384897e+00
1.001000e-05	8.949431e-02	-1.617975e+00
1.002000e-05	-7.260524e-02	-1.819680e+00
1.003000e-05	-1.324718e-02	-2.062282e+00
1.004000e-05	-7.048942e-02	-2.333442e+00
1.005000e-05	-6.955541e-02	-2.461158e+00
1.006000e-05	1.746025e-01	-2.525236e+00
1.007000e-05	-4.307185e-02	-2.692809e+00
1.008000e-05	-1.030431e-01	-2.901892e+00
1.009000e-05	2.196393e-01	-3.063304e+00
1.010000e-05	-1.646954e-01	-3.260257e+00
1.011000e-05	5.900536e-03	-3.449708e+00
1.012000e-05	1.519409e-01	-3.576546e+00
1.013000e-05	-1.788636e-01	-3.767103e+00
1.014000e-05	7.207070e-02	-3.979000e+00
1.015000e-05	1.008378e-01	-4.104840e+00
1.016000e-05	-1.062181e-01	-4.346971e+00
1.017000e-05	1.019029e-01	-4.441660e+00
1.018000e-05	-1.630649e-01	-4.659653e+00
1.019000e-05	5.929248e-02	-4.841629e+00
1.020000e-05	1.256218e-01	-5.007124e+00
1.021000e-05	-1.121567e-01	-5.207528e+00
1.022000e-05	8.042434e-02	-5.377028e+00
1.023000e-05	-7.930083e-02	-5.546000e+00
1.024000e-05	5.195239e-02	-5.764946e+00
1.025000e-05	1.474921e-02	-5.862213e+00
1.026000e-05	-6.825009e-02	-6.019602e+00
1.027000e-05	1.146354e-01	-6.166096e+00
1.028000e-05	-9.989535e-02	-6.376074e+00
1.029000e-05	6.596683e-02	-6.522341e+00
1.030000e-05	1.191909e-02	-6.620206e+00
1.031000e-05	-4.417187e-02	-6.819557e+00
1.032000e-05	5.640753e-02	-6.933416e+00
1.033000e-05	-7.234181e-02	-7.123341e+00
1.034000e-05	1.030558e-01	-7.281635e+00
1.035000e-05	-3.427592e-02	-7.397524e+00
1.036000e-05	-7.554053e-03	-7.535445e+00
1.037000e-05	1.079100e-02	-7.630733e+00
1.038000e-05	-1.433631e-02	-7.868258e+00
1.039000e-05	5.439648e-02	-7.997549e+00
1.040000e-05	-4.181890e-02	-8.071734e+00
1.041000e-05	4.696870e-02	-8.227551e+00
1.042000e-05	-7.794512e-03	-8.294838e+00
1.043000e-05	-3.988105e-03	-8.369053e+00
1.044000e-05	6.339166e-03	-8.509337e+00
1.045000e-05	-1.184677e-03	-8.670783e+00
1.046000e-05	3.951364e-02	-8.764996e+00
1.047000e-05	-2.442355e-02	-8.859659e+00
1.048000e-05	2.135537e-02	-8.945417e+00
1.049000e-05	-8.969873e-04	-9.039130e+00
1.050000e-05	1.473379e-02	-9.134838e+00
1.051000e-05	1.824539e-03	-9.207000e+00
1.052000e-05	1.969226e-03	-9.291184e+00
1.053000e-05	2.037520e-02	-9.333365e+00
1.054000e-05	-2.923445e-04	-9.479311e+00
1.055000e-05	1.437389e-02	-9.565489e+00
1.056000e-05	-1.545131e-03	-9.619128e+00
1.057000e-05	6.844036e-03	-9.681235e+00
1.058000e-05	3.011504e-03	-9.713386e+00
1.059000e-05	1.987475e-02	-9.787503e+00
1.060000e-05	1.632001e-02	-9.828703e+00
1.061000e-05	-5.241347e-05	-9.902313e+00
1.062000e-05	8.964307e-04	-9.923891e+00
1.063000e-05	8.811296e-03	-9.968000e+00
1.064000e-05	1.794531e-02	-1.000805e+01
1.065000e-05	7.571830e-03	-1.004013e+01
1.066000e-05	5.077970e-03	-1.010124e+01
1.067000e-05	8.694837e-03	-1.012189e+01
1.068000e-05	1.293559e-02	-1.013292e+01
1.069000e-05	1.204263e-02	-1.013303e+01
1.070000e-05	7.550735e-03	-1.018668e+01
1.071000e-05	7.609218e-03	-1.022610e+01
1.072000e-05	1.344741e-02	-1.025870e+01
1.073000e-05	1.437563e-02	-1.029066e+01
1.074000e-05	1.027690e-02	-1.029964e+01
1.075000e-05	6.576738e-03	-1.033071e+01
1.076000e-05	1.002064e-02	-1.021973e+01
1.077000e-05	1.383369e-02	-1.025169e+01
1.078000e-05	1.616335e-02	-1.023071e+01
1.079000e-05	1.492881e-02	-1.025071e+01
1.080000e-05	1.304284e-02	-1.026113e+01
1.081000e-05	1.223133e-02	-1.019555e+01
1.082000e-05	1.431699e-02	-1.016248e+01
1.083000e-05	1.688163e-02	-1.008390e+01
1.084000e-05	1.694804e-02	-1.009071e+01
1.085000e-05	1.558390e-02	-1.007108e+01
1.086000e-05	1.785437e-02	-1.004858e+01
1.087000e-05	1.883773e-02	-9.966974e+00
1.088000e-05	1.850023e-02	-9.924346e+00
1.089000e-05	1.923937e-02	-9.883338e+00
1.090000e-05	2.113667e-02	-9.882209e+00
1.091000e-05	2.189606e-02	-9.800554e+00
1.092000e-05	2.144852e-02	-9.763396e+00
1.093000e-05	2.098301e-02	-9.691764e+00
1.094000e-05	2.167989e-02	-9.650659e+00
1.095000e-05	2.287310e-02	-9.610099e+00
1.096000e-05	2.331968e-02	-9.546843e+00
1.097000e-05	2.517826e-02	-9.481177e+00
1.098000e-05	2.564812e-02	-9.342821e+00
1.099000e-05	2.529998e-02	-9.250580e+00
1.100000e-05	2.360858e-02	-9.146919e+00
1.101000e-05	2.379755e-02	-9.032286e+00
1.102000e-05	2.531691e-02	-8.978450e+00
1.103000e-05	2.631218e-02	-8.891212e+00
1.104000e-05	2.531120e-02	-8.790578e+00
1.105000e-05	2.461311e-02	-8.716841e+00
1.106000e-05	2.454039e-02	-8.598951e+00
1.107000e-05	2.553081e-02	-8.480186e+00
1.108000e-05	2.516472e-02	-8.365395e+00
1.109000e-05	2.422082e-02	-8.251687e+00
1.110000e-05	2.512316e-02	-8.138375e+00
1.111000e-05	2.463835e-02	-8.041630e+00
1.112000e-05	2.442735e-02	-7.965318e+00
1.113000e-05	2.251987e-02	-7.738551e+00
1.114000e-05	2.231660e-02	-7.620525e+00
1.115000e-05	2.183755e-02	-7.463188e+00
1.116000e-05	2.245874e-02	-7.316270e+00
1.117000e-05	2.253346e-02	-7.189057e+00
1.118000e-05	2.070575e-02	-7.123737e+00
1.119000e-05	1.866749e-02	-6.924765e+00
1.120000e-05	1.885014e-02	-6.788874e+00
1.121000e-05	1.873010e-02	-6.661555e+00
1.122000e-05	1.826704e-02	-6.504758e+00
1.123000e-05	1.601906e-02	-6.368503e+00
1.124000e-05	1.552681e-02	-6.238083e+00
1.125000e-05	1.492531e-02	-6.032102e+00
1.126000e-05	1.393673e-02	-5.942711e+00
1.127000e-05	1.089961e-02	-5.716817e+00
1.128000e-05	1.170286e-02	-5.600475e+00
1.129000e-05	1.086914e-02	-5.370057e+00
1.130000e-05	1.026333e-02	-5.169454e+00
1.131000e-05	9.064186e-03	-5.039555e+00
1.132000e-05	7.053779e-03	-4.789024e+00
1.133000e-05	6.790868e-03	-4.651481e+00
1.134000e-05	5.318538e-03	-4.494188e+00
1.135000e-05	6.909210e-03	-4.366269e+00
1.136000e-05	4.280485e-03	-4.189901e+00
1.137000e-05	5.628863e-03	-4.052973e+00
1.138000e-05	2.763171e-03	-3.860567e+00
1.139000e-05	4.276347e-03	-3.642579e+00
1.140000e-05	2.044373e-03	-3.504162e+00
1.141000e-05	3.451620e-03	-3.285189e+00
1.142000e-05	1.506481e-03	-3.165820e+00
1.143000e-05	2.683309e-03	-2.905161e+00
1.144000e-05	-2.039352e-04	-2.746793e+00
1.145000e-05	4.431934e-04	-2.578274e+00
1.146000e-05	-1.405086e-03	-2.370520e+00
1.147000e-05	1.126407e-03	-2.210874e+00
1.148000e-05	-1.507347e-04	-1.988375e+00
1.149000e-05	-1.532134e-03	-1.791552e+00
1.150000e-05	-6.665615e-04	-1.662608e+00
1.151000e-05	-1.253341e-03	-1.463529e+00
1.152000e-05	-1.078197e-03	-1.190478e+00
1.153000e-05	-2.107178e-03	-1.001901e+00
1.154000e-05	-1.994642e-03	-8.205577e-01
1.155000e-05	-2.899671e-03	-6.631680e-01
1.156000e-05	-3.103032e-03	-4.120766e-01
1.157000e-05	-2.362925e-03	-2.530829e-01
1.158000e-05	-2.002376e-04	-4.318563e-02
1.159000e-05	4.704131e-03	7.228296e-02
1.160000e-05	-1.159247e-03	3.344167e-01
1.161000e-05	-8.952443e-04	4.722317e-01
1.162000e-05	-2.000108e-04	6.331278e-01
1.163000e-05	-2.341231e-03	7.890275e-01
1.164000e-05	-3.128566e-03	1.019050e+00
1.165000e-05	-1.161279e-04	1.220650e+00
1.166000e-05	7.798126e-03	1.378497e+00
1.167000e-05	4.587735e-02	1.628708e+00
1.168000e-05	5.168127e-02	1.850282e+00
1.169000e-05	-6.463508e-02	2.039755e+00
1.170000e-05	-3.192746e-02	2.229729e+00
1.171000e-05	-5.059359e-02	2.400025e+00
1.172000e-05	-7.072920e-02	2.503261e+00
1.173000e-05	1.093760e-01	2.735866e+00
1.174000e-05	5.000579e-02	2.892785e+00
1.175000e-05	-1.718897e-01	3.050229e+00
1.176000e-05	1.774254e-01	3.177524e+00
1.177000e-05	-7.454284e-02	3.346979e+00
1.178000e-05	-5.517677e-02	3.580021e+00
1.179000e-05	1.121179e-01	3.704359e+00
1.180000e-05	-9.321574e-02	3.923365e+00
1.181000e-05	-2.904868e-02	4.011680e+00
1.182000e-05	9.488332e-02	4.312388e+00
1.183000e-05	-5.237601e-02	4.480729e+00
1.184000e-05	7.252647e-03	4.638574e+00
1.185000e-05	-5.177891e-02	4.799582e+00
1.186000e-05	-1.891206e-02	5.050078e+00
1.187000e-05	5.820333e-02	5.250130e+00
1.188000e-05	-1.001955e-02	5.398730e+00
1.189000e-05	-3.667143e-03	5.575922e+00
1.190000e-05	-4.404589e-02	5.743862e+00
1.191000e-05	2.061606e-02	5.924866e+00
1.192000e-05	-1.241038e-02	6.062233e+00
1.193000e-05	-2.617707e-02	6.208652e+00
1.194000e-05	2.944204e-02	6.346443e+00
1.195000e-05	-3.971866e-02	6.461987e+00
1.196000e-05	1.319199e-02	6.681762e+00
1.197000e-05	-1.114956e-02	6.829128e+00
1.198000e-05	-2.293216e-02	6.976545e+00
1.199000e-05	2.692073e-04	7.103762e+00
1.200000e-05	-1.151119e-02	7.199602e+00
1.201000e-05	1.213371e-02	7.324541e+00
1.202000e-05	-1.770444e-02	7.534018e+00
1.203000e-05	-1.485498e-02	7.682838e+00
1.204000e-05	-1.211650e-02	7.839202e+00
1.205000e-05	-5.708741e-03	7.934600e+00
1.206000e-05	-2.130242e-03	8.111861e+00
1.207000e-05	-1.747238e-02	8.230203e+00
1.208000e-05	-5.272536e-03	8.314893e+00
1.209000e-05	-2.366482e-03	8.429154e+00
1.210000e-05	-1.768193e-02	8.533941e+00
1.211000e-05	-1.534206e-02	8.588097e+00
1.212000e-05	-1.322794e-02	8.772341e+00
1.213000e-05	2.154505e-03	8.808099e+00
1.214000e-05	-1.032824e-02	8.851762e+00
1.215000e-05	-1.421371e-02	9.016124e+00
1.216000e-05	-1.387787e-02	9.153941e+00
1.217000e-05	-1.048815e-02	9.199126e+00
1.218000e-05	-7.126420e-03	9.272181e+00
1.219000e-05	-1.356172e-02	9.324992e+00
1.220000e-05	-9.025329e-03	9.429682e+00
1.221000e-05	-1.398480e-02	9.512265e+00
1.222000e-05	-1.106488e-02	9.546021e+00
1.223000e-05	-1.369173e-02	9.660153e+00
1.224000e-05	-1.562356e-02	9.722384e+00
1.225000e-05	-1.458005e-02	9.804474e+00
1.226000e-05	-8.762765e-03	9.859229e+00
1.227000e-05	-5.906707e-03	9.903912e+00
1.228000e-05	-1.659687e-02	9.948974e+00
1.229000e-05	-1.844766e-02	1.000013e+01
1.230000e-05	-1.479073e-02	1.005023e+01
1.231000e-05	-1.075278e-02	1.007226e+01
1.232000e-05	-1.456055e-02	1.011339e+01
1.233000e-05	-1.639511e-02	1.013439e+01
1.234000e-05	-1.403920e-02	1.014508e+01
1.235000e-05	-1.485761e-02	1.020866e+01
1.236000e-05	-1.449982e-02	1.019916e+01
1.237000e-05	-1.699009e-02	1.025916e+01
1.238000e-05	-1.653115e-02	1.024123e+01
1.239000e-05	-1.435042e-02	1.026981e+01
1.240000e-05	-1.384592e-02	1.027074e+01
1.241000e-05	-1.821830e-02	1.027131e+01
1.242000e-05	-2.179730e-02	1.027181e+01
1.243000e-05	-1.911116e-02	1.026171e+01
1.244000e-05	-1.759046e-02	1.025279e+01
1.245000e-05	-1.742889e-02	1.026971e+01
1.246000e-05	-2.047528e-02	1.022218e+01
1.247000e-05	-1.937710e-02	1.022866e+01
1.248000e-05	-2.127812e-02	1.022908e+01
1.249000e-05	-2.165581e-02	1.018802e+01
1.250000e-05	-2.248872e-02	1.015497e+01
1.251000e-05	-2.300218e-02	1.010279e+01
1.252000e-05	-2.276228e-02	1.010133e+01
1.253000e-05	-2.403189e-02	1.007221e+01
1.254000e-05	-2.392987e-02	1.001961e+01
1.255000e-05	-2.671837e-02	1.000005e+01
1.256000e-05	-2.773212e-02	9.934816e+00
1.257000e-05	-2.611976e-02	9.870256e+00
1.258000e-05	-2.502028e-02	9.765575e+00
1.259000e-05	-2.791306e-02	9.692810e+00
1.260000e-05	-2.987237e-02	9.659058e+00
1.261000e-05	-2.976355e-02	9.556048e+00
1.262000e-05	-2.940903e-02	9.503763e+00
1.263000e-05	-2.936438e-02	9.461653e+00
1.264000e-05	-2.968273e-02	9.365923e+00
1.265000e-05	-3.082322e-02	9.282686e+00
1.266000e-05	-3.034021e-02	9.209551e+00
1.267000e-05	-3.249860e-02	9.145446e+00
1.268000e-05	-3.113630e-02	9.027284e+00
1.269000e-05	-3.202221e-02	8.893940e+00
1.270000e-05	-3.008224e-02	8.789127e+00
1.271000e-05	-3.212407e-02	8.714791e+00
1.272000e-05	-3.031563e-02	8.628607e+00
1.273000e-05	-3.352163e-02	8.565814e+00
1.274000e-05	-3.041288e-02	8.451135e+00
1.275000e-05	-3.208291e-02	8.315844e+00
1.276000e-05	-3.089704e-02	8.229608e+00
1.277000e-05	-3.210084e-02	8.093284e+00
1.278000e-05	-2.974613e-02	7.958366e+00
1.279000e-05	-2.963894e-02	7.860107e+00
1.280000e-05	-2.877000e-02	7.723290e+00
1.281000e-05	-3.018180e-02	7.567451e+00
1.282000e-05	-3.004160e-02	7.430523e+00
1.283000e-05	-2.755741e-02	7.242157e+00
1.284000e-05	-2.704968e-02	7.125290e+00
1.285000e-05	-2.692767e-02	6.959000e+00
1.286000e-05	-2.763859e-02	6.841607e+00
1.287000e-05	-2.564402e-02	6.757370e+00
1.288000e-05	-2.349833e-02	6.536771e+00
1.289000e-05	-2.358604e-02	6.379024e+00
1.290000e-05	-2.271869e-02	6.261631e+00
1.291000e-05	-2.251538e-02	6.105790e+00
1.292000e-05	-2.106011e-02	5.989974e+00
1.293000e-05	-2.086158e-02	5.793128e+00
1.294000e-05	-1.946294e-02	5.610579e+00
1.295000e-05	-1.960553e-02	5.472558e+00
1.296000e-05	-1.837645e-02	5.315269e+00
1.297000e-05	-1.675497e-02	5.115339e+00
1.298000e-05	-1.498400e-02	4.875190e+00
1.299000e-05	-1.535359e-02	4.704794e+00
1.300000e-05	-1.519033e-02	4.537870e+00
1.301000e-05	-1.355317e-02	4.390078e+00
1.302000e-05	-1.169081e-02	4.279979e+00
1.303000e-05	-1.203320e-02	3.991054e+00
1.304000e-05	-1.205918e-02	3.843137e+00
1.305000e-05	-1.104965e-02	3.693689e+00
1.306000e-05	-1.037816e-02	3.557940e+00
1.307000e-05	-1.117779e-02	3.275290e+00
1.308000e-05	-9.499483e-03	3.157817e+00
1.309000e-05	-9.728074e-03	3.008946e+00
1.310000e-05	-8.595198e-03	2.811075e+00
1.311000e-05	-7.916036e-03	2.612950e+00
1.312000e-05	-9.136596e-03	2.378973e+00
1.313000e-05	-7.815543e-03	2.231954e+00
1.314000e-05	-7.412621e-03	2.022582e+00
1.315000e-05	-8.458339e-03	1.904610e+00
1.316000e-05	-5.547564e-03	1.676358e+00
1.317000e-05	-7.147620e-03	1.464656e+00
1.318000e-05	-5.449962e-03	1.275712e+00
1.319000e-05	-7.605493e-03	1.055285e+00
1.320000e-05	-5.219707e-03	8.020565e-01
1.321000e-05	-6.283949e-03	6.746327e-01
1.322000e-05	-5.101316e-03	4.750620e-01
1.323000e-05	-3.625598e-03	3.062697e-01
1.324000e-05	-4.847858e-03	9.563697e-02
1.325000e-05	1.270377e-03	-9.271297e-02
1.326000e-05	1.200256e-03	-2.517340e-01
1.327000e-05	-4.069418e-03	-4.095013e-01
1.328000e-05	1.147012e-03	-5.575988e-01
1.329000e-05	-3.915889e-03	-7.890226e-01
1.330000e-05	8.850437e-04	-9.549172e-01
1.331000e-05	-1.749461e-03	-1.115363e+00
1.332000e-05	1.412515e-02	-1.272761e+00
1.333000e-05	8.491864e-02	-1.492383e+00
1.334000e-05	-6.503767e-03	-1.724862e+00
1.335000e-05	-5.597617e-02	-1.958498e+00
1.336000e-05	-2.816607e-02	-2.250253e+00
1.337000e-05	-1.030424e-01	-2.398550e+00
1.338000e-05	8.227677e-02	-2.482188e+00
1.339000e-05	1.222869e-01	-2.578066e+00
1.340000e-05	-1.996527e-01	-2.819126e+00
1.341000e-05	1.522491e-01	-2.999479e+00
1.342000e-05	-1.754147e-02	-3.186950e+00
1.343000e-05	-1.504539e-01	-3.407073e+00
1.344000e-05	1.833334e-01	-3.546368e+00
1.345000e-05	-6.725120e-02	-3.653809e+00
1.346000e-05	-1.024215e-01	-3.944920e+00
1.347000e-05	2.025946e-01	-4.050632e+00
1.348000e-05	-1.057525e-01	-4.292761e+00
1.349000e-05	6.322037e-02	-4.430033e+00
1.350000e-05	-5.620091e-02	-4.566463e+00
1.351000e-05	-1.052106e-01	-4.797052e+00
1.352000e-05	1.964627e-01	-4.905290e+00
1.353000e-05	-6.883507e-02	-5.103813e+00
1.354000e-05	6.651796e-03	-5.273612e+00
1.355000e-05	7.444723e-03	-5.503787e+00
1.356000e-05	-4.614222e-02	-5.702738e+00
1.357000e-05	1.016385e-01	-5.829604e+00
1.358000e-05	-1.096306e-01	-5.976522e+00
1.359000e-05	8.388911e-02	-6.114362e+00
1.360000e-05	-1.219924e-02	-6.260766e+00
1.361000e-05	-3.837284e-02	-6.451232e+00
1.362000e-05	9.742108e-02	-6.608028e+00
1.363000e-05	-9.137419e-02	-6.786472e+00
1.364000e-05	6.405559e-02	-6.872714e+00
1.365000e-05	-4.783539e-02	-7.018178e+00
1.366000e-05	3.522503e-02	-7.217080e+00
1.367000e-05	5.397009e-02	-7.304863e+00
1.368000e-05	-6.830795e-02	-7.480760e+00
1.369000e-05	4.623332e-02	-7.618130e+00
1.370000e-05	-3.875534e-02	-7.765546e+00
1.371000e-05	5.585548e-02	-7.904914e+00
1.372000e-05	-1.748550e-02	-8.040605e+00
1.373000e-05	2.568752e-03	-8.165472e+00
1.374000e-05	3.832547e-02	-8.273184e+00
1.375000e-05	-3.151742e-02	-8.416523e+00
1.376000e-05	2.574178e-02	-8.461136e+00
1.377000e-05	-2.339109e-02	-8.543548e+00
1.378000e-05	4.430734e-02	-8.741470e+00
1.379000e-05	-8.209891e-03	-8.810129e+00
1.380000e-05	2.092052e-03	-8.912789e+00
1.381000e-05	1.262285e-02	-8.976026e+00
1.382000e-05	2.388041e-03	-9.071838e+00
1.383000e-05	1.545835e-02	-9.187497e+00
1.384000e-05	-7.948984e-03	-9.220155e+00
1.385000e-05	2.354904e-02	-9.291367e+00
1.386000e-05	4.923576e-04	-9.388129e+00
1.387000e-05	1.027120e-02	-9.533420e+00
1.388000e-05	2.750253e-03	-9.607604e+00
1.389000e-05	4.997029e-03	-9.652162e+00
1.390000e-05	4.559731e-03	-9.693216e+00
1.391000e-05	1.163780e-02	-9.757096e+00
1.392000e-05	2.178906e-02	-9.829130e+00
1.393000e-05	3.005150e-03	-9.861761e+00
1.394000e-05	1.026195e-03	-9.925416e+00
1.395000e-05	3.835853e-03	-9.945997e+00
1.396000e-05	1.723306e-02	-1.000757e+01
1.397000e-05	1.098160e-02	-1.002060e+01
1.398000e-05	5.087622e-03	-1.001226e+01
1.399000e-05	8.244247e-03	-1.009286e+01
1.400000e-05	1.099296e-02	-1.015342e+01
1.401000e-05	1.280610e-02	-1.015399e+01
1.402000e-05	8.186737e-03	-1.020558e+01
1.403000e-05	7.281139e-03	-1.014800e+01
1.404000e-05	1.200560e-02	-1.025923e+01
1.405000e-05	1.615737e-02	-1.027268e+01
1.406000e-05	1.173826e-02	-1.029071e+01
1.407000e-05	7.573248e-03	-1.028329e+01
1.408000e-05	7.541649e-03	-1.028066e+01
1.409000e-05	1.338910e-02	-1.028966e+01
1.410000e-05	1.570816e-02	-1.024083e+01
1.411000e-05	1.506845e-02	-1.020911e+01
1.412000e-05	1.205454e-02	-1.020763e+01
1.413000e-05	1.287807e-02	-1.022700e+01
1.414000e-05	1.376474e-02	-1.019595e+01
1.415000e-05	1.630125e-02	-1.016342e+01
1.416000e-05	1.606901e-02	-1.008337e+01
1.417000e-05	1.622375e-02	-1.007066e+01
1.418000e-05	1.738100e-02	-1.003966e+01
1.419000e-05	1.909763e-02	-9.968525e+00
1.420000e-05	1.813356e-02	-9.977501e+00
1.421000e-05	1.748926e-02	-9.924339e+00
1.422000e-05	2.001239e-02	-9.881687e+00
1.423000e-05	2.188886e-02	-9.809107e+00
1.424000e-05	2.229632e-02	-9.748399e+00
1.425000e-05	2.096907e-02	-9.694765e+00
1.426000e-05	2.176600e-02	-9.650712e+00
1.427000e-05	2.143769e-02	-9.599526e+00
1.428000e-05	2.199235e-02	-9.547419e+00
1.429000e-05	2.391777e-02	-9.481718e+00
1.430000e-05	2.575838e-02	-9.354954e+00
1.431000e-05	2.430109e-02	-9.261238e+00
1.432000e-05	2.528232e-02	-9.208581e+00
1.433000e-05	2.365731e-02	-9.125263e+00
1.434000e-05	2.445885e-02	-8.979582e+00
1.435000e-05	2.436236e-02	-8.935290e+00
1.436000e-05	2.582424e-02	-8.820584e+00
1.437000e-05	2.558121e-02	-8.746949e+00
1.438000e-05	2.492368e-02	-8.663611e+00
1.439000e-05	2.428259e-02	-8.533813e+00
1.440000e-05	2.471287e-02	-8.388505e+00
1.441000e-05	2.454499e-02	-8.284238e+00
1.442000e-05	2.520302e-02	-8.220479e+00
1.443000e-05	2.504027e-02	-8.122237e+00
1.444000e-05	2.397824e-02	-7.959021e+00
1.445000e-05	2.366221e-02	-7.839505e+00
1.446000e-05	2.341498e-02	-7.660632e+00
1.447000e-05	2.170397e-02	-7.545821e+00
1.448000e-05	2.198699e-02	-7.389978e+00
1.449000e-05	2.188192e-02	-7.251260e+00
1.450000e-05	2.136731e-02	-7.118924e+00
1.451000e-05	2.004321e-02	-6.976954e+00
1.452000e-05	1.869501e-02	-6.831632e+00
1.453000e-05	1.856594e-02	-6.705266e+00
1.454000e-05	1.834791e-02	-6.598367e+00
1.455000e-05	1.727672e-02	-6.430980e+00
1.456000e-05	1.628809e-02	-6.326292e+00
1.457000e-05	1.611654e-02	-6.084236e+00
1.458000e-05	1.357467e-02	-5.947320e+00
1.459000e-05	1.190527e-02	-5.770024e+00
1.460000e-05	1.219410e-02	-5.632582e+00
1.461000e-05	1.193754e-02	-5.494141e+00
1.462000e-05	1.020363e-02	-5.253166e+00
1.463000e-05	1.040442e-02	-5.114640e+00
1.464000e-05	8.018372e-03	-4.806264e+00
1.465000e-05	6.962916e-03	-4.721714e+00
1.466000e-05	4.967200e-03	-4.547269e+00
1.467000e-05	6.836854e-03	-4.399477e+00
1.468000e-05	4.557160e-03	-4.292082e+00
1.469000e-05	4.966294e-03	-4.094133e+00
1.470000e-05	3.604443e-03	-3.917797e+00
1.471000e-05	2.975988e-03	-3.715261e+00
1.472000e-05	2.952876e-03	-3.567794e+00
1.473000e-05	3.029569e-03	-3.398423e+00
1.474000e-05	3.119198e-03	-3.240976e+00
1.475000e-05	2.622081e-03	-3.018875e+00
1.476000e-05	9.270499e-04	-2.790450e+00
1.477000e-05	6.167442e-04	-2.631029e+00
1.478000e-05	-1.581524e-03	-2.403032e+00
1.479000e-05	5.710624e-04	-2.295113e+00
1.480000e-05	-3.307909e-04	-2.042037e+00
1.481000e-05	8.313710e-04	-1.895236e+00
1.482000e-05	-1.010020e-03	-1.716790e+00
1.483000e-05	-6.262168e-04	-1.548292e+00
1.484000e-05	-2.405216e-03	-1.265109e+00
1.485000e-05	-2.309015e-03	-1.105658e+00
1.486000e-05	-2.674490e-03	-9.046331e-01
1.487000e-05	-2.372998e-03	-7.382711e-01
1.488000e-05	-2.538635e-03	-4.952359e-01
1.489000e-05	-2.613451e-03	-3.161185e-01
1.490000e-05	-2.049447e-03	-1.477661e-01
1.491000e-05	1.986204e-03	1.905012e-02
1.492000e-05	3.173355e-03	2.212527e-01
1.493000e-05	-3.441490e-03	4.195277e-01
1.494000e-05	1.854764e-03	5.594697e-01
1.495000e-05	-3.984568e-03	7.593921e-01
1.496000e-05	-2.083776e-03	8.438331e-01
1.497000e-05	-3.751421e-03	1.144914e+00
1.498000e-05	4.195881e-03	1.295789e+00
1.499000e-05	2.175380e-02	1.513882e+00
1.500000e-05	7.383884e-02	1.797099e+00
1.501000e-05	-2.934902e-02	1.979520e+00
1.502000e-05	-4.752689e-02	2.156418e+00
1.503000e-05	-3.871610e-02	2.344445e+00
1.504000e-05	-6.916031e-02	2.441080e+00
1.505000e-05	4.355900e-03	2.648574e+00
1.506000e-05	1.672197e-01	2.817524e+00
1.507000e-05	-1.681350e-01	2.986996e+00
1.508000e-05	6.642917e-02	3.033258e+00
1.509000e-05	6.303592e-02	3.271761e+00
1.510000e-05	-1.224720e-01	3.517392e+00
1.511000e-05	7.622235e-02	3.650628e+00
1.512000e-05	1.216185e-02	3.828679e+00
1.513000e-05	-1.253959e-01	4.038600e+00
1.514000e-05	1.113499e-01	4.197695e+00
1.515000e-05	-1.543176e-02	4.389100e+00
1.516000e-05	-2.012207e-02	4.553940e+00
1.517000e-05	-1.698075e-02	4.725420e+00
1.518000e-05	-6.337900e-02	4.934392e+00
1.519000e-05	5.819643e-02	5.166998e+00
1.520000e-05	6.720234e-03	5.354090e+00
1.521000e-05	7.801515e-04	5.532914e+00
1.522000e-05	-3.809650e-02	5.620683e+00
1.523000e-05	-1.993118e-03	5.831281e+00
1.524000e-05	1.267535e-02	5.999623e+00
1.525000e-05	-3.615467e-02	6.146471e+00
1.526000e-05	1.744907e-02	6.302787e+00
1.527000e-05	-1.056556e-02	6.430654e+00
1.528000e-05	-2.043169e-02	6.577650e+00
1.529000e-05	1.741390e-02	6.788524e+00
1.530000e-05	-3.186350e-02	6.904386e+00
1.531000e-05	-2.108856e-03	7.041181e+00
1.532000e-05	-9.417557e-03	7.186445e+00
1.533000e-05	-1.376104e-03	7.292786e+00
1.534000e-05	4.986333e-03	7.438782e+00
1.535000e-05	-2.632844e-02	7.610177e+00
1.536000e-05	-4.097230e-03	7.756523e+00
1.537000e-05	-1.855391e-02	7.902466e+00
1.538000e-05	6.205378e-03	8.069759e+00
1.539000e-05	-1.416892e-02	8.159095e+00
1.540000e-05	-1.118493e-02	8.313365e+00
1.541000e-05	1.671704e-03	8.398553e+00
1.542000e-05	-1.526124e-02	8.472760e+00
1.543000e-05	-1.339489e-02	8.566543e+00
1.544000e-05	-2.164707e-02	8.672235e+00
1.545000e-05	1.981290e-03	8.748550e+00
1.546000e-05	-6.865827e-03	8.841679e+00
1.547000e-05	-1.126711e-02	8.933915e+00
1.548000e-05	-1.506303e-02	9.069412e+00
1.549000e-05	-1.224629e-02	9.209071e+00
1.550000e-05	-8.504707e-03	9.260680e+00
1.551000e-05	-1.349200e-02	9.303465e+00
1.552000e-05	-9.290065e-03	9.408025e+00
1.553000e-05	-1.213373e-02	9.462761e+00
1.554000e-05	-1.061567e-02	9.554497e+00
1.555000e-05	-1.378058e-02	9.607551e+00
1.556000e-05	-1.396047e-02	9.622285e+00
1.557000e-05	-1.665397e-02	9.735345e+00
1.558000e-05	-1.004399e-02	9.828157e+00
1.559000e-05	-5.767813e-03	9.933883e+00
1.560000e-05	-1.266636e-02	9.966544e+00
1.561000e-05	-1.804370e-02	9.988104e+00
1.562000e-05	-1.684644e-02	1.004011e+01
1.563000e-05	-9.832480e-03	1.007073e+01
1.564000e-05	-1.386034e-02	1.012194e+01
1.565000e-05	-1.627703e-02	1.017349e+01
1.566000e-05	-1.541471e-02	1.017692e+01
1.567000e-05	-1.475648e-02	1.017806e+01
1.568000e-05	-1.449069e-02	1.022868e+01
1.569000e-05	-1.644719e-02	1.021968e+01
1.570000e-05	-1.757227e-02	1.026121e+01
1.571000e-05	-1.702937e-02	1.024176e+01
1.572000e-05	-1.233249e-02	1.028226e+01
1.573000e-05	-1.589105e-02	1.028379e+01
1.574000e-05	-1.979490e-02	1.028224e+01
1.575000e-05	-2.240959e-02	1.029369e+01
1.576000e-05	-1.688638e-02	1.030133e+01
1.577000e-05	-1.777285e-02	1.025321e+01
1.578000e-05	-1.912865e-02	1.024021e+01
1.579000e-05	-2.088243e-02	1.022813e+01
1.580000e-05	-2.116114e-02	1.021963e+01
1.581000e-05	-2.066601e-02	1.018808e+01
1.582000e-05	-2.188714e-02	1.018550e+01
1.583000e-05	-2.225766e-02	1.013337e+01
1.584000e-05	-2.344653e-02	1.009334e+01
1.585000e-05	-2.310274e-02	1.005174e+01
1.586000e-05	-2.345107e-02	1.006153e+01
1.587000e-05	-2.582921e-02	9.999600e+00
1.588000e-05	-2.757275e-02	9.966891e+00
1.589000e-05	-2.711698e-02	9.914306e+00
1.590000e-05	-2.509829e-02	9.856075e+00
1.591000e-05	-2.765373e-02	9.725939e+00
1.592000e-05	-2.908521e-02	9.649763e+00
1.593000e-05	-2.908554e-02	9.607557e+00
1.594000e-05	-2.905226e-02	9.505289e+00
1.595000e-05	-2.996396e-02	9.471182e+00
1.596000e-05	-3.100485e-02	9.357522e+00
1.597000e-05	-2.901500e-02	9.285341e+00
1.598000e-05	-3.074918e-02	9.221106e+00
1.599000e-05	-3.094620e-02	9.176946e+00
1.600000e-05	-3.249268e-02	9.101265e+00
1.601000e-05	-3.088738e-02	8.975493e+00
1.602000e-05	-3.153919e-02	8.851133e+00
1.603000e-05	-3.164356e-02	8.756318e+00
1.604000e-05	-3.275146e-02	8.673186e+00
1.605000e-05	-3.191352e-02	8.544868e+00
1.606000e-05	-3.106972e-02	8.471235e+00
1.607000e-05	-3.244723e-02	8.408972e+00
1.608000e-05	-3.058743e-02	8.301757e+00
1.609000e-05	-3.084169e-02	8.164814e+00
1.610000e-05	-3.007730e-02	7.998654e+00
1.611000e-05	-3.080983e-02	7.913158e+00
1.612000e-05	-3.014646e-02	7.778450e+00
1.613000e-05	-3.010884e-02	7.661180e+00
1.614000e-05	-2.887148e-02	7.492761e+00
1.615000e-05	-2.813441e-02	7.372837e+00
1.616000e-05	-2.800164e-02	7.166923e+00
1.617000e-05	-2.715278e-02	7.033155e+00
1.618000e-05	-2.706373e-02	6.893162e+00
1.619000e-05	-2.704515e-02	6.799021e+00
1.620000e-05	-2.468024e-02	6.631106e+00
1.621000e-05	-2.232192e-02	6.461129e+00
1.622000e-05	-2.337536e-02	6.315213e+00
1.623000e-05	-2.273975e-02	6.167445e+00
1.624000e-05	-2.155158e-02	6.040082e+00
1.625000e-05	-2.103704e-02	5.902765e+00
1.626000e-05	-2.071582e-02	5.663259e+00
1.627000e-05	-1.908634e-02	5.534841e+00
1.628000e-05	-1.806098e-02	5.338473e+00
1.629000e-05	-1.826160e-02	5.239551e+00
1.630000e-05	-1.738587e-02	4.978873e+00
1.631000e-05	-1.457904e-02	4.790000e+00
1.632000e-05	-1.160766e-02	4.640003e+00
1.633000e-05	-1.409723e-02	4.441682e+00
1.634000e-05	-1.374829e-02	4.377238e+00
1.635000e-05	-1.400546e-02	4.083611e+00
1.636000e-05	-1.122224e-02	3.946317e+00
1.637000e-05	-1.154947e-02	3.747899e+00
1.638000e-05	-1.058481e-02	3.590976e+00
1.639000e-05	-1.072403e-02	3.411407e+00
1.640000e-05	-8.934725e-03	3.200575e+00
1.641000e-05	-9.649834e-03	3.062606e+00
1.642000e-05	-9.166672e-03	2.883211e+00
1.643000e-05	-9.246429e-03	2.716867e+00
1.644000e-05	-9.175061e-03	2.463711e+00
1.645000e-05	-8.422030e-03	2.284138e+00
1.646000e-05	-7.037190e-03	2.095716e+00
1.647000e-05	-7.596415e-03	1.948871e+00
1.648000e-05	-7.531438e-03	1.747270e+00
1.649000e-05	-7.160236e-03	1.568922e+00
1.650000e-05	-5.905551e-03	1.368343e+00
1.651000e-05	-6.354270e-03	1.178445e+00
1.652000e-05	-6.528449e-03	8.872385e-01
1.653000e-05	-6.210407e-03	7.372921e-01
1.654000e-05	-5.150128e-03	5.382659e-01
1.655000e-05	-4.475753e-03	3.605236e-01
1.656000e-05	-4.766302e-03	1.398537e-01
1.657000e-05	-1.509485e-03	-9.127506e-03
1.658000e-05	4.031206e-03	-1.889987e-01
1.659000e-05	-2.769400e-03	-3.564234e-01
1.660000e-05	1.784260e-03	-4.852344e-01
1.661000e-05	-2.709211e-03	-7.369669e-01
1.662000e-05	-1.917608e-04	-8.852568e-01
1.663000e-05	-3.317167e-03	-1.030254e+00
1.664000e-05	6.625233e-03	-1.222103e+00
1.665000e-05	4.535602e-02	-1.430100e+00
1.666000e-05	7.006684e-02	-1.628232e+00
1.667000e-05	-8.245096e-02	-1.881807e+00
1.668000e-05	-5.253479e-03	-2.112388e+00
1.669000e-05	-8.790185e-02	-2.368520e+00
1.670000e-05	-3.080052e-02	-2.473134e+00
1.671000e-05	1.892749e-01	-2.535319e+00
1.672000e-05	-1.176117e-01	-2.735942e+00
1.673000e-05	-1.509233e-03	-2.905794e+00
1.674000e-05	1.641167e-01	-3.083716e+00
1.675000e-05	-2.053704e-01	-3.332316e+00
1.676000e-05	8.214763e-02	-3.494261e+00
1.677000e-05	9.118339e-02	-3.619024e+00
1.678000e-05	-1.979262e-01	-3.860685e+00
1.679000e-05	1.478007e-01	-3.979076e+00
1.680000e-05	2.928433e-02	-4.145970e+00
1.681000e-05	-6.031453e-02	-4.397999e+00
1.682000e-05	6.273893e-02	-4.472231e+00
1.683000e-05	-1.815258e-01	-4.690811e+00
1.684000e-05	1.349857e-01	-4.881687e+00
1.685000e-05	6.449479e-02	-5.039234e+00
1.686000e-05	-9.386460e-02	-5.247158e+00
1.687000e-05	7.654329e-02	-5.428599e+00
1.688000e-05	-9.202763e-02	-5.587155e+00
1.689000e-05	9.459709e-02	-5.777003e+00
1.690000e-05	-4.102943e-02	-5.903341e+00
1.691000e-05	-2.049348e-02	-6.071658e+00
1.692000e-05	9.069166e-02	-6.198178e+00
1.693000e-05	-1.048656e-01	-6.418600e+00
1.694000e-05	1.016768e-01	-6.554792e+00
1.695000e-05	-4.013162e-02	-6.713288e+00
1.696000e-05	-3.725556e-03	-6.809582e+00
1.697000e-05	2.764251e-02	-6.984629e+00
1.698000e-05	-4.833482e-02	-7.154521e+00
1.699000e-05	1.090072e-01	-7.272785e+00
1.700000e-05	-6.678960e-02	-7.389130e+00
1.701000e-05	2.027146e-02	-7.555871e+00
1.702000e-05	-1.274070e-02	-7.700386e+00
1.703000e-05	1.200390e-02	-7.838809e+00
1.704000e-05	3.454266e-02	-7.998575e+00
1.705000e-05	-3.551281e-02	-8.122814e+00
1.706000e-05	5.754489e-02	-8.239102e+00
1.707000e-05	-2.450823e-02	-8.334969e+00
1.708000e-05	1.084027e-02	-8.429654e+00
1.709000e-05	-8.200381e-03	-8.483791e+00
1.710000e-05	1.632069e-02	-8.703340e+00
1.711000e-05	2.590011e-02	-8.786599e+00
1.712000e-05	-2.022349e-02	-8.891783e+00
1.713000e-05	2.223392e-02	-8.914841e+00
1.714000e-05	-4.335968e-03	-9.068734e+00
1.715000e-05	1.821723e-02	-9.153392e+00
1.716000e-05	-4.911087e-03	-9.198081e+00
1.717000e-05	1.219541e-02	-9.292340e+00
1.718000e-05	1.541172e-02	-9.354970e+00
1.719000e-05	3.694587e-03	-9.450837e+00
1.720000e-05	1.077380e-02	-9.556023e+00
1.721000e-05	-1.232385e-03	-9.619110e+00
1.722000e-05	5.692857e-03	-9.653761e+00
1.723000e-05	5.105615e-03	-9.714343e+00
1.724000e-05	2.238913e-02	-9.808049e+00
1.725000e-05	1.361126e-02	-9.869206e+00
1.726000e-05	-5.768614e-04	-9.893815e+00
1.727000e-05	9.722635e-04	-9.914947e+00
1.728000e-05	1.120630e-02	-9.966476e+00
1.729000e-05	1.761814e-02	-9.997556e+00
1.730000e-05	5.824732e-03	-1.001916e+01
1.731000e-05	5.010624e-03	-1.009369e+01
1.732000e-05	9.047229e-03	-1.009389e+01
1.733000e-05	1.310405e-02	-1.007394e+01
1.734000e-05	1.181196e-02	-1.019298e+01
1.735000e-05	6.964947e-03	-1.023803e+01
1.736000e-05	8.463738e-03	-1.020653e+01
1.737000e-05	1.610313e-02	-1.026913e+01
1.738000e-05	1.430166e-02	-1.028882e+01
1.739000e-05	9.048492e-03	-1.030026e+01
1.740000e-05	5.749207e-03	-1.029336e+01
1.741000e-05	1.063051e-02	-1.028316e+01
1.742000e-05	1.547422e-02	-1.029963e+01
1.743000e-05	1.686853e-02	-1.021968e+01
1.744000e-05	1.439727e-02	-1.022011e+01
1.745000e-05	1.191053e-02	-1.019813e+01
1.746000e-05	1.293804e-02	-1.022415e+01
1.747000e-05	1.585375e-02	-1.015550e+01
1.748000e-05	1.704925e-02	-1.010284e+01
1.749000e-05	1.552029e-02	-1.009131e+01
1.750000e-05	1.634382e-02	-1.004116e+01
1.751000e-05	1.996389e-02	-1.000963e+01
1.752000e-05	1.944127e-02	-9.966000e+00
1.753000e-05	1.650003e-02	-9.944397e+00
1.754000e-05	1.786424e-02	-9.903212e+00
1.755000e-05	2.220312e-02	-9.842608e+00
1.756000e-05	2.270429e-02	-9.789526e+00
1.757000e-05	2.056752e-02	-9.723866e+00
1.758000e-05	2.069533e-02	-9.722212e+00
1.759000e-05	2.204483e-02	-9.651107e+00
1.760000e-05	2.176855e-02	-9.609402e+00
1.761000e-05	2.270844e-02	-9.534341e+00
1.762000e-05	2.471681e-02	-9.398002e+00
1.763000e-05	2.552561e-02	-9.312816e+00
1.764000e-05	2.441759e-02	-9.219604e+00
1.765000e-05	2.370237e-02	-9.114872e+00
1.766000e-05	2.486886e-02	-9.063661e+00
1.767000e-05	2.511441e-02	-8.954921e+00
1.768000e-05	2.532076e-02	-8.901709e+00
1.769000e-05	2.519064e-02	-8.779527e+00
1.770000e-05	2.501679e-02	-8.712286e+00
1.771000e-05	2.497536e-02	-8.557499e+00
1.772000e-05	2.506540e-02	-8.451108e+00
1.773000e-05	2.523785e-02	-8.347368e+00
1.774000e-05	2.485681e-02	-8.220559e+00
1.775000e-05	2.527167e-02	-8.125291e+00
1.776000e-05	2.487887e-02	-8.050658e+00
1.777000e-05	2.350851e-02	-7.893173e+00
1.778000e-05	2.331663e-02	-7.705921e+00
1.779000e-05	2.186572e-02	-7.559475e+00
1.780000e-05	2.209869e-02	-7.451632e+00
1.781000e-05	2.264482e-02	-7.315236e+00
1.782000e-05	2.270659e-02	-7.177978e+00
1.783000e-05	2.081917e-02	-7.061638e+00
1.784000e-05	1.891354e-02	-6.933663e+00
1.785000e-05	1.890398e-02	-6.747870e+00
1.786000e-05	1.851447e-02	-6.620554e+00
1.787000e-05	1.788144e-02	-6.462714e+00
1.788000e-05	1.686484e-02	-6.374747e+00
1.789000e-05	1.518309e-02	-6.187898e+00
1.790000e-05	1.430573e-02	-6.029451e+00
1.791000e-05	1.305012e-02	-5.852559e+00
1.792000e-05	1.280938e-02	-5.725242e+00
1.793000e-05	1.168610e-02	-5.539396e+00
1.794000e-05	1.035108e-02	-5.346340e+00
1.795000e-05	1.015294e-02	-5.146826e+00
1.796000e-05	9.808918e-03	-5.000804e+00
1.797000e-05	7.447390e-03	-4.804320e+00
1.798000e-05	6.384211e-03	-4.589576e+00
1.799000e-05	5.811459e-03	-4.442086e+00
1.800000e-05	6.466722e-03	-4.295289e+00
1.801000e-05	4.478968e-03	-4.158344e+00
1.802000e-05	5.533112e-03	-4.028525e+00
1.803000e-05	2.735120e-03	-3.780479e+00
1.804000e-05	3.214577e-03	-3.610050e+00
1.805000e-05	3.007602e-03	-3.462031e+00
1.806000e-05	3.405947e-03	-3.234108e+00
1.807000e-05	2.205815e-03	-3.125168e+00
1.808000e-05	3.987018e-04	-2.863185e+00
1.809000e-05	9.243331e-04	-2.726668e+00
1.810000e-05	-1.273458e-03	-2.498217e+00
1.811000e-05	1.104571e-04	-2.367470e+00
1.812000e-05	2.709017e-04	-2.148241e+00
1.813000e-05	1.474298e-03	-1.949822e+00
1.814000e-05	-1.092418e-03	-1.809976e+00
1.815000e-05	-1.734536e-04	-1.600980e+00
1.816000e-05	-2.350835e-03	-1.420350e+00
1.817000e-05	-5.750831e-04	-1.167319e+00
1.818000e-05	-3.260228e-03	-9.587187e-01
1.819000e-05	-2.575791e-03	-7.704501e-01
1.820000e-05	-3.214253e-03	-5.928961e-01
1.821000e-05	-1.470789e-03	-3.889787e-01
1.822000e-05	-3.264740e-03	-2.205015e-01
1.823000e-05	-3.135197e-04	-4.255419e-02
1.824000e-05	4.290483e-03	1.458622e-01
1.825000e-05	-1.251540e-03	3.578473e-01
1.826000e-05	5.728312e-04	5.042831e-01
1.827000e-05	-2.572310e-03	6.518092e-01
1.828000e-05	-2.320250e-03	8.411240e-01
1.829000e-05	-4.072012e-03	1.070231e+00
1.830000e-05	1.308189e-03	1.243227e+00
1.831000e-05	8.493485e-03	1.419153e+00
1.832000e-05	5.932854e-02	1.620282e+00
1.833000e-05	2.838831e-02	1.935234e+00
1.834000e-05	-6.432835e-02	2.052833e+00
1.835000e-05	-3.011896e-02	2.250679e+00
1.836000e-05	-5.697688e-02	2.408650e+00
1.837000e-05	-6.042561e-02	2.534320e+00
1.838000e-05	1.541279e-01	2.734445e+00
1.839000e-05	-3.461613e-02	2.914337e+00
1.840000e-05	-1.114591e-01	3.011129e+00
1.841000e-05	1.746870e-01	3.208153e+00
1.842000e-05	-1.139472e-01	3.401807e+00
1.843000e-05	-8.989359e-03	3.588551e+00
1.844000e-05	9.623534e-02	3.693994e+00
1.845000e-05	-1.292363e-01	3.946445e+00
1.846000e-05	3.161631e-02	4.103361e+00
1.847000e-05	6.453494e-02	4.325467e+00
1.848000e-05	-5.041153e-02	4.501761e+00
1.849000e-05	7.003653e-03	4.640234e+00
1.850000e-05	-6.556752e-02	4.862333e+00
1.851000e-05	1.107627e-02	5.031858e+00
1.852000e-05	4.459717e-02	5.291283e+00
1.853000e-05	-8.503892e-03	5.441232e+00
1.854000e-05	-1.429516e-02	5.578671e+00
1.855000e-05	-3.455041e-02	5.753995e+00
1.856000e-05	2.564511e-02	5.965498e+00
1.857000e-05	-2.323914e-02	6.091237e+00
1.858000e-05	-1.377701e-02	6.240208e+00
1.859000e-05	2.307506e-02	6.368045e+00
1.860000e-05	-4.050590e-02	6.522386e+00
1.861000e-05	2.435523e-02	6.713489e+00
1.862000e-05	-2.543347e-02	6.831280e+00
1.863000e-05	-1.677690e-02	6.968621e+00
1.864000e-05	-2.648007e-03	7.114869e+00
1.865000e-05	-8.062262e-03	7.238756e+00
1.866000e-05	1.472915e-02	7.396675e+00
1.867000e-05	-2.605581e-02	7.597050e+00
1.868000e-05	-9.732894e-03	7.683864e+00
1.869000e-05	-1.681833e-02	7.849754e+00
1.870000e-05	1.430461e-03	8.008169e+00
1.871000e-05	-6.055134e-03	8.124392e+00
1.872000e-05	-1.588448e-02	8.241732e+00
1.873000e-05	-1.474323e-03	8.385920e+00
1.874000e-05	-5.646841e-03	8.441181e+00
1.875000e-05	-1.601464e-02	8.524892e+00
1.876000e-05	-2.061469e-02	8.638653e+00
1.877000e-05	-9.437066e-03	8.764418e+00
1.878000e-05	-1.059029e-04	8.808603e+00
1.879000e-05	-9.490684e-03	8.911391e+00
1.880000e-05	-1.502057e-02	9.047229e+00
1.881000e-05	-1.367272e-02	9.145971e+00
1.882000e-05	-1.135087e-02	9.249629e+00
1.883000e-05	-9.162806e-03	9.301290e+00
1.884000e-05	-1.226836e-02	9.346498e+00
1.885000e-05	-9.894537e-03	9.440286e+00
1.886000e-05	-1.234635e-02	9.522812e+00
1.887000e-05	-1.234684e-02	9.565949e+00
1.888000e-05	-1.374558e-02	9.640706e+00
1.889000e-05	-1.708307e-02	9.693442e+00
1.890000e-05	-1.376219e-02	9.806599e+00
1.891000e-05	-7.246918e-03	9.871337e+00
1.892000e-05	-6.158441e-03	9.953394e+00
1.893000e-05	-1.807765e-02	1.000805e+01
1.894000e-05	-1.918477e-02	1.001015e+01
1.895000e-05	-1.427311e-02	1.003123e+01
1.896000e-05	-1.038999e-02	1.006226e+01
1.897000e-05	-1.436010e-02	1.009287e+01
1.898000e-05	-1.727348e-02	1.012544e+01
1.899000e-05	-1.436349e-02	1.017503e+01
1.900000e-05	-1.427737e-02	1.020916e+01
1.901000e-05	-1.361006e-02	1.021178e+01
1.902000e-05	-1.770165e-02	1.022918e+01
1.903000e-05	-1.760827e-02	1.027126e+01
1.904000e-05	-1.346053e-02	1.025978e+01
1.905000e-05	-1.464215e-02	1.027176e+01
1.906000e-05	-1.779946e-02	1.029276e+01
1.907000e-05	-2.224332e-02	1.029333e+01
1.908000e-05	-1.811020e-02	1.025131e+01
1.909000e-05	-1.723407e-02	1.025076e+01
1.910000e-05	-1.645836e-02	1.024918e+01
1.911000e-05	-1.995471e-02	1.025863e+01
1.912000e-05	-2.041644e-02	1.019916e+01
1.913000e-05	-2.174748e-02	1.018813e+01
1.914000e-05	-2.145970e-02	1.018647e+01
1.915000e-05	-2.246812e-02	1.014539e+01
1.916000e-05	-2.300627e-02	1.009239e+01
1.917000e-05	-2.369221e-02	1.008174e+01
1.918000e-05	-2.364765e-02	1.003168e+01
1.919000e-05	-2.438417e-02	9.999577e+00
1.920000e-05	-2.667837e-02	9.985997e+00
1.921000e-05	-2.763243e-02	9.941417e+00
1.922000e-05	-2.580130e-02	9.879657e+00
1.923000e-05	-2.627470e-02	9.746423e+00
1.924000e-05	-2.811237e-02	9.682364e+00
1.925000e-05	-2.975922e-02	9.599604e+00
1.926000e-05	-2.978594e-02	9.544820e+00
1.927000e-05	-3.015678e-02	9.473310e+00
1.928000e-05	-3.024437e-02	9.431131e+00
1.929000e-05	-2.884633e-02	9.324390e+00
1.930000e-05	-3.008806e-02	9.251184e+00
1.931000e-05	-3.059814e-02	9.200079e+00
1.932000e-05	-3.382409e-02	9.135390e+00
1.933000e-05	-3.104035e-02	9.027552e+00
1.934000e-05	-3.245078e-02	8.911762e+00
1.935000e-05	-2.965066e-02	8.808528e+00
1.936000e-05	-3.231415e-02	8.723314e+00
1.937000e-05	-3.052109e-02	8.579605e+00
1.938000e-05	-3.360741e-02	8.514211e+00
1.939000e-05	-3.086763e-02	8.400504e+00
1.940000e-05	-3.170116e-02	8.314894e+00
1.941000e-05	-3.035659e-02	8.169054e+00
1.942000e-05	-3.164300e-02	8.062109e+00
1.943000e-05	-3.006144e-02	7.955315e+00
1.944000e-05	-3.000141e-02	7.809454e+00
1.945000e-05	-3.031476e-02	7.673235e+00
1.946000e-05	-2.977577e-02	7.587922e+00
1.947000e-05	-2.899119e-02	7.397024e+00
1.948000e-05	-2.748251e-02	7.209627e+00
1.949000e-05	-2.753753e-02	7.113215e+00
1.950000e-05	-2.796339e-02	6.945344e+00
1.951000e-05	-2.709988e-02	6.820554e+00
1.952000e-05	-2.590755e-02	6.693265e+00
1.953000e-05	-2.300311e-02	6.505790e+00
1.954000e-05	-2.335578e-02	6.346391e+00
1.955000e-05	-2.301014e-02	6.211031e+00
1.956000e-05	-2.138961e-02	6.113185e+00
1.957000e-05	-2.127114e-02	5.956996e+00
1.958000e-05	-2.082022e-02	5.760319e+00
1.959000e-05	-2.076793e-02	5.600000e+00
1.960000e-05	-1.878578e-02	5.422630e+00
1.961000e-05	-1.725152e-02	5.284632e+00
1.962000e-05	-1.566837e-02	5.073583e+00
1.963000e-05	-1.603785e-02	4.822160e+00
1.964000e-05	-1.487025e-02	4.672211e+00
1.965000e-05	-1.520603e-02	4.516312e+00
1.966000e-05	-1.330433e-02	4.398974e+00
1.967000e-05	-1.301109e-02	4.137975e+00
1.968000e-05	-1.148194e-02	3.978570e+00
1.969000e-05	-1.145668e-02	3.821679e+00
1.970000e-05	-1.150782e-02	3.663656e+00
1.971000e-05	-1.073313e-02	3.525737e+00
1.972000e-05	-1.049124e-02	3.243785e+00
1.973000e-05	-9.872705e-03	3.084716e+00
1.974000e-05	-9.244383e-03	2.917945e+00
1.975000e-05	-8.665890e-03	2.799926e+00
1.976000e-05	-8.395905e-03	2.567921e+00
1.977000e-05	-8.565375e-03	2.358320e+00
1.978000e-05	-8.046570e-03	2.207447e+00
1.979000e-05	-7.006512e-03	2.022053e+00
1.980000e-05	-6.555799e-03	1.883760e+00
1.981000e-05	-6.725334e-03	1.622135e+00
1.982000e-05	-7.139335e-03	1.431058e+00
1.983000e-05	-6.819213e-03	1.254632e+00
1.984000e-05	-5.689141e-03	1.022055e+00
1.985000e-05	-5.939213e-03	8.009750e-01
1.986000e-05	-5.600984e-03	6.420278e-01
1.987000e-05	-5.011883e-03	4.245816e-01
1.988000e-05	-4.309734e-03	2.856081e-01
1.989000e-05	-3.792253e-03	3.579010e-03
1.990000e-05	2.954574e-03	-1.358658e-01
1.991000e-05	-1.081885e-03	-3.247143e-01
1.992000e-05	-1.359743e-03	-4.510314e-01
1.993000e-05	-1.008909e-04	-6.522090e-01
1.994000e-05	-2.343601e-03	-8.086289e-01
1.995000e-05	-1.540960e-03	-9.984736e-01
1.996000e-05	1.260227e-03	-1.185420e+00
1.997000e-05	1.938939e-02	-1.295386e+00
1.998000e-05	9.541819e-02	-1.576466e+00
1.999000e-05	-4.396138e-02	-1.746550e+00
2.000000e-05	-3.301989e-02	-2.048103e+00
2.001000e-05	-4.835116e-02	-2.304694e+00
2.002000e-05	-9.390555e-02	-2.436555e+00
2.003000e-05	1.362484e-01	-2.524690e+00
2.004000e-05	4.946958e-02	-2.650679e+00
2.005000e-05	-1.824300e-01	-2.881633e+00
2.006000e-05	2.023533e-01	-3.051160e+00
2.007000e-05	-1.005065e-01	-3.179553e+00
2.008000e-05	-7.593375e-02	-3.469208e+00
2.009000e-05	1.864089e-01	-3.558421e+00
2.010000e-05	-1.323421e-01	-3.684366e+00
2.011000e-05	-1.997031e-02	-3.957497e+00
2.012000e-05	1.683635e-01	-4.083213e+00
2.013000e-05	-1.293852e-01	-4.313842e+00
2.014000e-05	1.000199e-01	-4.430629e+00
2.015000e-05	-1.164456e-01	-4.559598e+00
2.016000e-05	-2.987718e-02	-4.837979e+00
2.017000e-05	1.773392e-01	-4.987495e+00
2.018000e-05	-1.063499e-01	-5.147016e+00
2.019000e-05	5.627510e-02	-5.334491e+00
2.020000e-05	-4.103992e-02	-5.513889e+00
2.021000e-05	-3.079970e-03	-5.714415e+00
2.022000e-05	6.826485e-02	-5.831132e+00
2.023000e-05	-1.003537e-01	-5.999027e+00
2.024000e-05	1.150907e-01	-6.145472e+00
2.025000e-05	-6.728727e-02	-6.325520e+00
2.026000e-05	1.075632e-02	-6.521237e+00
2.027000e-05	6.131169e-02	-6.640654e+00
2.028000e-05	-7.433515e-02	-6.777525e+00
2.029000e-05	7.354589e-02	-6.902736e+00
2.030000e-05	-7.285242e-02	-7.072838e+00
2.031000e-05	7.300335e-02	-7.261629e+00
2.032000e-05	9.698598e-03	-7.325971e+00
2.033000e-05	-3.782115e-02	-7.482337e+00
2.034000e-05	3.549402e-02	-7.618579e+00
2.035000e-05	-3.493397e-02	-7.786154e+00
2.036000e-05	6.028968e-02	-7.935999e+00
2.037000e-05	-3.312647e-02	-8.031809e+00
2.038000e-05	2.843148e-02	-8.186473e+00
2.039000e-05	1.494456e-02	-8.282262e+00
2.040000e-05	-2.358835e-02	-8.378527e+00
2.041000e-05	2.108692e-02	-8.471711e+00
2.042000e-05	-1.397100e-02	-8.625706e+00
2.043000e-05	5.074898e-02	-8.735450e+00
2.044000e-05	-2.161966e-02	-8.849207e+00
2.045000e-05	1.244001e-02	-8.934418e+00
2.046000e-05	4.917975e-03	-9.018605e+00
2.047000e-05	9.132571e-03	-9.102288e+00
2.048000e-05	8.392397e-03	-9.184921e+00
2.049000e-05	-6.785099e-03	-9.271132e+00
2.050000e-05	2.393099e-02	-9.332818e+00
2.051000e-05	2.120281e-03	-9.416757e+00
2.052000e-05	1.473290e-02	-9.545442e+00
2.053000e-05	5.772760e-04	-9.618077e+00
2.054000e-05	5.085638e-03	-9.661285e+00
2.055000e-05	3.695212e-03	-9.693370e+00
2.056000e-05	1.426445e-02	-9.776000e+00
2.057000e-05	1.994723e-02	-9.879130e+00
2.058000e-05	-1.305416e-04	-9.892237e+00
2.059000e-05	1.480524e-03	-9.932868e+00
2.060000e-05	6.342458e-03	-9.948045e+00
2.061000e-05	1.993196e-02	-1.001860e+01
2.062000e-05	1.020537e-02	-1.004105e+01
2.063000e-05	4.861021e-03	-1.007218e+01
2.064000e-05	7.616764e-03	-1.011381e+01
2.065000e-05	9.898333e-03	-1.014293e+01
2.066000e-05	1.274133e-02	-1.014445e+01
2.067000e-05	7.198534e-03	-1.020760e+01
2.068000e-05	7.849047e-03	-1.018716e+01
2.069000e-05	1.241742e-02	-1.025921e+01
2.070000e-05	1.632425e-02	-1.027274e+01
2.071000e-05	1.148089e-02	-1.030124e+01
2.072000e-05	7.443630e-03	-1.030076e+01
2.073000e-05	8.008928e-03	-1.027172e+01
2.074000e-05	1.382878e-02	-1.030026e+01
2.075000e-05	1.626853e-02	-1.023814e+01
2.076000e-05	1.536852e-02	-1.026663e+01
2.077000e-05	1.246971e-02	-1.022706e+01
2.078000e-05	1.172718e-02	-1.017658e+01
2.079000e-05	1.400564e-02	-1.020652e+01
2.080000e-05	1.724152e-02	-1.012304e+01
2.081000e-05	1.675393e-02	-1.011179e+01
2.082000e-05	1.558209e-02	-1.005026e+01
2.083000e-05	1.763536e-02	-1.002061e+01
2.084000e-05	1.981336e-02	-1.001858e+01
2.085000e-05	1.671260e-02	-9.956422e+00
2.086000e-05	1.792671e-02	-9.903314e+00
2.087000e-05	2.032756e-02	-9.880711e+00
2.088000e-05	2.282956e-02	-9.830080e+00
2.089000e-05	2.134120e-02	-9.748395e+00
2.090000e-05	2.122331e-02	-9.713642e+00
2.091000e-05	2.242433e-02	-9.621135e+00
2.092000e-05	2.186227e-02	-9.609979e+00
2.093000e-05	2.191636e-02	-9.555996e+00
2.094000e-05	2.483979e-02	-9.462228e+00
2.095000e-05	2.523136e-02	-9.364791e+00
2.096000e-05	2.513503e-02	-9.229713e+00
2.097000e-05	2.428114e-02	-9.187975e+00
2.098000e-05	2.344181e-02	-9.081789e+00
2.099000e-05	2.481650e-02	-9.058479e+00
2.100000e-05	2.519071e-02	-8.873288e+00
2.101000e-05	2.535302e-02	-8.810583e+00
2.102000e-05	2.518995e-02	-8.776919e+00
2.103000e-05	2.365609e-02	-8.639633e+00
2.104000e-05	2.637223e-02	-8.503286e+00
2.105000e-05	2.452342e-02	-8.357903e+00
2.106000e-05	2.544622e-02	-8.294233e+00
2.107000e-05	2.417999e-02	-8.167425e+00
2.108000e-05	2.602288e-02	-8.083180e+00
2.109000e-05	2.489337e-02	-7.897422e+00
2.110000e-05	2.350795e-02	-7.799487e+00
2.111000e-05	2.200392e-02	-7.660509e+00
2.112000e-05	2.178291e-02	-7.514291e+00
2.113000e-05	2.321406e-02	-7.348474e+00
2.114000e-05	2.216880e-02	-7.202026e+00
2.115000e-05	2.173238e-02	-7.145771e+00
2.116000e-05	1.916150e-02	-6.966897e+00
2.117000e-05	1.826152e-02	-6.829008e+00
2.118000e-05	1.916128e-02	-6.694215e+00
2.119000e-05	1.796404e-02	-6.503720e+00
2.120000e-05	1.693997e-02	-6.408549e+00
2.121000e-05	1.629484e-02	-6.293061e+00
2.122000e-05	1.515355e-02	-6.021660e+00
2.123000e-05	1.407379e-02	-5.904220e+00
2.124000e-05	1.208458e-02	-5.768946e+00
2.125000e-05	1.208357e-02	-5.580030e+00
2.126000e-05	1.084998e-02	-5.422159e+00
2.127000e-05	1.047199e-02	-5.239577e+00
2.128000e-05	9.576283e-03	-5.071638e+00
2.129000e-05	8.101532e-03	-4.892009e+00
2.130000e-05	7.838448e-03	-4.683633e+00
2.131000e-05	5.097955e-03	-4.516317e+00
2.132000e-05	7.245255e-03	-4.386374e+00
2.133000e-05	5.859537e-03	-4.201056e+00
2.134000e-05	5.586096e-03	-4.051136e+00
2.135000e-05	3.356745e-03	-3.934141e+00
2.136000e-05	2.968113e-03	-3.643186e+00
2.137000e-05	2.409921e-03	-3.494760e+00
2.138000e-05	3.602929e-03	-3.336269e+00
2.139000e-05	1.514018e-03	-3.199423e+00
2.140000e-05	1.802285e-03	-2.966844e+00
2.141000e-05	4.317171e-04	-2.769429e+00
2.142000e-05	4.585351e-04	-2.611028e+00
2.143000e-05	-1.609025e-03	-2.430902e+00
2.144000e-05	1.105371e-03	-2.223008e+00
2.145000e-05	7.942082e-04	-2.002006e+00
2.146000e-05	6.087787e-04	-1.844057e+00
2.147000e-05	-1.812706e-03	-1.685611e+00
2.148000e-05	-1.788147e-03	-1.495691e+00
2.149000e-05	-2.153811e-03	-1.213055e+00
2.150000e-05	-2.270249e-03	-1.053110e+00
2.151000e-05	-2.939833e-03	-8.436592e-01
2.152000e-05	-2.893604e-03	-6.661907e-01
2.153000e-05	-2.027401e-03	-4.936043e-01
2.154000e-05	-2.957110e-03	-2.941918e-01
2.155000e-05	-2.177023e-03	-1.266895e-01
2.156000e-05	2.522419e-03	7.070653e-02
2.157000e-05	8.016607e-04	2.743302e-01
2.158000e-05	-3.063607e-03	4.421804e-01
2.159000e-05	1.221901e-03	6.216450e-01
2.160000e-05	-4.031048e-03	7.869725e-01
2.161000e-05	-2.937008e-03	9.270395e-01
2.162000e-05	-1.907735e-03	1.177995e+00
2.163000e-05	5.037061e-03	1.385870e+00
2.164000e-05	3.251733e-02	1.566112e+00
2.165000e-05	6.785923e-02	1.822100e+00
2.166000e-05	-5.118078e-02	1.988026e+00
2.167000e-05	-3.743736e-02	2.209021e+00
2.168000e-05	-4.493828e-02	2.377996e+00
2.169000e-05	-7.393451e-02	2.472784e+00
2.170000e-05	5.486218e-02	2.611357e+00
2.171000e-05	1.234894e-01	2.831130e+00
2.172000e-05	-1.948700e-01	2.998600e+00
2.173000e-05	1.362045e-01	3.144790e+00
2.174000e-05	-8.463110e-03	3.336096e+00
2.175000e-05	-9.696178e-02	3.557969e+00
2.176000e-05	1.016851e-01	3.641807e+00
2.177000e-05	-4.210398e-02	3.882292e+00
2.178000e-05	-8.444434e-02	4.031078e+00
2.179000e-05	1.156204e-01	4.260707e+00
2.180000e-05	-4.214878e-02	4.401654e+00
2.181000e-05	-5.412450e-03	4.597551e+00
2.182000e-05	-3.455992e-02	4.759000e+00
2.183000e-05	-4.432174e-02	4.976476e+00
2.184000e-05	6.716570e-02	5.178052e+00
2.185000e-05	-5.165212e-03	5.388020e+00
2.186000e-05	-3.949400e-04	5.554993e+00
2.187000e-05	-4.606312e-02	5.701809e+00
2.188000e-05	1.226845e-02	5.892287e+00
2.189000e-05	1.468155e-03	6.019629e+00
2.190000e-05	-3.613013e-02	6.177070e+00
2.191000e-05	2.709262e-02	6.304366e+00
2.192000e-05	-2.788958e-02	6.441709e+00
2.193000e-05	-4.655299e-04	6.649276e+00
2.194000e-05	6.014405e-03	6.829104e+00
2.195000e-05	-2.952488e-02	6.924467e+00
2.196000e-05	-3.963209e-03	7.069708e+00
2.197000e-05	-1.333541e-02	7.209502e+00
2.198000e-05	7.571702e-03	7.282440e+00
2.199000e-05	-2.684906e-03	7.500893e+00
2.200000e-05	-2.352677e-02	7.630282e+00
2.201000e-05	-9.602971e-03	7.787551e+00
2.202000e-05	-1.259317e-02	7.972766e+00
2.203000e-05	5.189888e-03	8.071414e+00
2.204000e-05	-1.399165e-02	8.199127e+00
2.205000e-05	-1.016006e-02	8.332839e+00
2.206000e-05	-5.276844e-04	8.398601e+00
2.207000e-05	-1.747675e-02	8.504310e+00
2.208000e-05	-1.273392e-02	8.568027e+00
2.209000e-05	-1.842947e-02	8.673265e+00
2.210000e-05	2.415893e-03	8.790075e+00
2.211000e-05	-9.676818e-03	8.811232e+00
2.212000e-05	-1.285461e-02	8.934569e+00
2.213000e-05	-1.261843e-02	9.131339e+00
2.214000e-05	-1.307355e-02	9.198050e+00
2.215000e-05	-8.186382e-03	9.269708e+00
2.216000e-05	-1.477032e-02	9.354366e+00
2.217000e-05	-6.723981e-03	9.418602e+00
2.218000e-05	-1.436114e-02	9.490864e+00
2.219000e-05	-1.199240e-02	9.567473e+00
2.220000e-05	-1.583632e-02	9.589628e+00
2.221000e-05	-1.405906e-02	9.672310e+00
2.222000e-05	-1.527493e-02	9.745621e+00
2.223000e-05	-9.053025e-03	9.859211e+00
2.224000e-05	-6.266078e-03	9.912815e+00
2.225000e-05	-1.645962e-02	9.915571e+00
2.226000e-05	-1.884958e-02	9.988076e+00
2.227000e-05	-1.599314e-02	1.005068e+01
2.228000e-05	-9.366809e-03	1.008121e+01
2.229000e-05	-1.430973e-02	1.011281e+01
2.230000e-05	-1.705353e-02	1.012350e+01
2.231000e-05	-1.530976e-02	1.015500e+01
2.232000e-05	-1.457915e-02	1.018907e+01
2.233000e-05	-1.321690e-02	1.021865e+01
2.234000e-05	-1.757379e-02	1.024813e+01
2.235000e-05	-1.689946e-02	1.027121e+01
2.236000e-05	-1.559423e-02	1.022226e+01
2.237000e-05	-1.287801e-02	1.028229e+01
2.238000e-05	-1.769200e-02	1.026176e+01
2.239000e-05	-2.201987e-02	1.030226e+01
2.240000e-05	-1.958171e-02	1.026233e+01
2.241000e-05	-1.669828e-02	1.028123e+01
2.242000e-05	-1.461377e-02	1.029126e+01
2.243000e-05	-2.047462e-02	1.021221e+01
2.244000e-05	-2.062870e-02	1.022873e+01
2.245000e-05	-2.177651e-02	1.018808e+01
2.246000e-05	-2.065275e-02	1.018805e+01
2.247000e-05	-2.192945e-02	1.016542e+01
2.248000e-05	-2.319430e-02	1.010432e+01
2.249000e-05	-2.284275e-02	1.006381e+01
2.250000e-05	-2.339579e-02	1.006129e+01
2.251000e-05	-2.294851e-02	1.003113e+01
2.252000e-05	-2.674654e-02	9.998951e+00
2.253000e-05	-2.651880e-02	9.966944e+00
2.254000e-05	-2.679532e-02	9.901783e+00
2.255000e-05	-2.434758e-02	9.807079e+00
2.256000e-05	-2.792094e-02	9.713396e+00
2.257000e-05	-2.991762e-02	9.638756e+00
2.258000e-05	-3.067809e-02	9.578525e+00
2.259000e-05	-2.885892e-02	9.483818e+00
2.260000e-05	-2.941530e-02	9.451182e+00
2.261000e-05	-3.016962e-02	9.366974e+00
2.262000e-05	-2.932183e-02	9.303340e+00
2.263000e-05	-3.051670e-02	9.221605e+00
2.264000e-05	-3.191278e-02	9.187423e+00
2.265000e-05	-3.240325e-02	9.081160e+00
2.266000e-05	-3.221201e-02	8.955391e+00
2.267000e-05	-2.991150e-02	8.850077e+00
2.268000e-05	-3.353360e-02	8.774342e+00
2.269000e-05	-2.944049e-02	8.630608e+00
2.270000e-05	-3.424027e-02	8.556893e+00
2.271000e-05	-2.763269e-02	8.441681e+00
2.272000e-05	-3.396371e-02	8.370922e+00
2.273000e-05	-2.989863e-02	8.240653e+00
2.274000e-05	-3.112739e-02	8.093840e+00
2.275000e-05	-2.947496e-02	7.997468e+00
2.276000e-05	-3.069333e-02	7.861759e+00
2.277000e-05	-3.158604e-02	7.713846e+00
2.278000e-05	-3.088441e-02	7.628531e+00
2.279000e-05	-2.857688e-02	7.463084e+00
2.280000e-05	-2.829283e-02	7.282808e+00
2.281000e-05	-2.624623e-02	7.146922e+00
2.282000e-05	-2.717030e-02	7.029080e+00
2.283000e-05	-2.651092e-02	6.893133e+00
2.284000e-05	-2.751186e-02	6.777398e+00
2.285000e-05	-2.538862e-02	6.538452e+00
2.286000e-05	-2.413625e-02	6.409602e+00
2.287000e-05	-2.491698e-02	6.272692e+00
2.288000e-05	-2.303870e-02	6.145370e+00
2.289000e-05	-2.013734e-02	6.009551e+00
2.290000e-05	-1.992627e-02	5.862204e+00
2.291000e-05	-2.040872e-02	5.632106e+00
2.292000e-05	-1.969054e-02	5.465211e+00
2.293000e-05	-1.725599e-02	5.376345e+00
2.294000e-05	-1.568036e-02	5.156474e+00
2.295000e-05	-1.531865e-02	4.895844e+00
2.296000e-05	-1.668015e-02	4.767319e+00
2.297000e-05	-1.573602e-02	4.578424e+00
2.298000e-05	-1.386287e-02	4.421079e+00
2.299000e-05	-1.225093e-02	4.283561e+00
2.300000e-05	-1.181897e-02	4.033683e+00
2.301000e-05	-1.242846e-02	3.893664e+00
2.302000e-05	-1.119875e-02	3.735818e+00
2.303000e-05	-9.852086e-03	3.619024e+00
2.304000e-05	-1.042029e-02	3.350424e+00
2.305000e-05	-1.109322e-02	3.207925e+00
2.306000e-05	-1.018279e-02	2.970850e+00
2.307000e-05	-7.477585e-03	2.843129e+00
2.308000e-05	-7.294063e-03	2.633113e+00
2.309000e-05	-8.314552e-03	2.431549e+00
2.310000e-05	-9.149263e-03	2.272659e+00
2.311000e-05	-7.378828e-03	2.073763e+00
2.312000e-05	-7.041856e-03	1.947167e+00
2.313000e-05	-6.504517e-03	1.684341e+00
2.314000e-05	-6.530887e-03	1.515266e+00
2.315000e-05	-6.035812e-03	1.296238e+00
2.316000e-05	-6.145035e-03	1.108264e+00
2.317000e-05	-6.389027e-03	9.041380e-01
2.318000e-05	-5.868498e-03	7.161857e-01
2.319000e-05	-5.551581e-03	5.166856e-01
2.320000e-05	-4.049801e-03	3.278961e-01
2.321000e-05	-5.056395e-03	1.283371e-01
2.322000e-05	5.628216e-04	-4.368270e-02
2.323000e-05	2.650835e-03	-2.401027e-01
2.324000e-05	-3.445270e-03	-3.684751e-01
2.325000e-05	1.320362e-03	-5.465186e-01
2.326000e-05	-3.653233e-03	-7.664184e-01
2.327000e-05	-4.127063e-04	-9.059183e-01
2.328000e-05	-2.787163e-03	-1.104662e+00
2.329000e-05	8.648898e-03	-1.260210e+00
2.330000e-05	6.686278e-02	-1.498257e+00
2.331000e-05	3.648834e-02	-1.681759e+00
2.332000e-05	-7.543121e-02	-1.915342e+00
2.333000e-05	-1.003461e-02	-2.156499e+00
2.334000e-05	-9.973853e-02	-2.388953e+00
2.335000e-05	2.231028e-02	-2.443712e+00
2.336000e-05	1.717860e-01	-2.576972e+00
2.337000e-05	-1.688384e-01	-2.756525e+00
2.338000e-05	8.207237e-02	-2.995374e+00
2.339000e-05	7.657182e-02	-3.104844e+00
2.340000e-05	-2.040361e-01	-3.324395e+00
2.341000e-05	1.492128e-01	-3.484367e+00
2.342000e-05	2.119991e-02	-3.629281e+00
2.343000e-05	-1.716921e-01	-3.882835e+00
2.344000e-05	1.852735e-01	-4.009505e+00
2.345000e-05	-5.081671e-02	-4.208649e+00
2.346000e-05	6.224832e-03	-4.409054e+00
2.347000e-05	1.681514e-02	-4.494912e+00
2.348000e-05	-1.634022e-01	-4.734846e+00
2.349000e-05	1.733129e-01	-4.922288e+00
2.350000e-05	-6.590059e-03	-5.060237e+00
2.351000e-05	-4.619939e-02	-5.251684e+00
2.352000e-05	5.065641e-02	-5.441779e+00
2.353000e-05	-8.420666e-02	-5.660707e+00
2.354000e-05	1.116803e-01	-5.788999e+00
2.355000e-05	-8.354571e-02	-5.934841e+00
2.356000e-05	3.659839e-02	-6.121259e+00
2.357000e-05	4.403228e-02	-6.267734e+00
2.358000e-05	-8.541782e-02	-6.410609e+00
2.359000e-05	1.133448e-01	-6.576446e+00
2.360000e-05	-7.460037e-02	-6.703867e+00
2.361000e-05	3.697087e-02	-6.860154e+00
2.362000e-05	-1.209611e-02	-7.007106e+00
2.363000e-05	-1.404895e-02	-7.214003e+00
2.364000e-05	9.080048e-02	-7.292315e+00
2.365000e-05	-7.536075e-02	-7.409157e+00
2.366000e-05	4.122023e-02	-7.586495e+00
2.367000e-05	-3.222543e-02	-7.753863e+00
2.368000e-05	3.670136e-02	-7.922265e+00
2.369000e-05	9.935288e-03	-8.009603e+00
2.370000e-05	-1.836545e-02	-8.134864e+00
2.371000e-05	5.171664e-02	-8.260255e+00
2.372000e-05	-3.410893e-02	-8.364946e+00
2.373000e-05	2.167896e-02	-8.448603e+00
2.374000e-05	-1.733417e-02	-8.564920e+00
2.375000e-05	3.384049e-02	-8.712964e+00
2.376000e-05	8.432724e-03	-8.796053e+00
2.377000e-05	-1.203692e-02	-8.883263e+00
2.378000e-05	2.184845e-02	-8.988121e+00
2.379000e-05	-3.287156e-03	-9.070762e+00
2.380000e-05	1.981753e-02	-9.135918e+00
2.381000e-05	-1.060046e-02	-9.199131e+00
2.382000e-05	1.890335e-02	-9.300833e+00
2.383000e-05	8.567857e-03	-9.347575e+00
2.384000e-05	8.202228e-03	-9.533363e+00
2.385000e-05	7.923069e-03	-9.577551e+00
2.386000e-05	9.205986e-04	-9.641661e+00
2.387000e-05	6.377376e-03	-9.692714e+00
2.388000e-05	7.919781e-03	-9.753470e+00
2.389000e-05	2.306245e-02	-9.800128e+00
2.390000e-05	6.498586e-03	-9.892207e+00
2.391000e-05	5.140804e-04	-9.913915e+00
2.392000e-05	2.748045e-03	-9.935347e+00
2.393000e-05	1.478819e-02	-9.977500e+00
2.394000e-05	1.458640e-02	-1.001808e+01
2.395000e-05	5.512301e-03	-1.004113e+01
2.396000e-05	7.334790e-03	-1.006179e+01
2.397000e-05	1.108646e-02	-1.008294e+01
2.398000e-05	1.249343e-02	-1.014387e+01
2.399000e-05	9.279898e-03	-1.015760e+01
2.400000e-05	6.488020e-03	-1.021860e+01
2.401000e-05	1.014945e-02	-1.021813e+01
2.402000e-05	1.550175e-02	-1.029071e+01
2.403000e-05	1.244438e-02	-1.029876e+01
2.404000e-05	8.147985e-03	-1.029131e+01
2.405000e-05	6.853830e-03	-1.026024e+01
2.406000e-05	1.266764e-02	-1.027126e+01
2.407000e-05	1.574740e-02	-1.030182e+01
2.408000e-05	1.570910e-02	-1.024211e+01
2.409000e-05	1.235566e-02	-1.016973e+01
2.410000e-05	1.156935e-02	-1.015401e+01
2.411000e-05	1.236262e-02	-1.015658e+01
2.412000e-05	1.642493e-02	-1.016392e+01
2.413000e-05	1.769412e-02	-1.011279e+01
2.414000e-05	1.556336e-02	-1.003081e+01
2.415000e-05	1.550671e-02	-1.006113e+01
2.416000e-05	1.978915e-02	-1.002903e+01
2.417000e-05	1.817781e-02	-9.976899e+00
2.418000e-05	1.655416e-02	-9.955338e+00
2.419000e-05	1.871304e-02	-9.862262e+00
2.420000e-05	2.209101e-02	-9.851133e+00
2.421000e-05	2.201028e-02	-9.787925e+00
2.422000e-05	2.084910e-02	-9.725320e+00
2.423000e-05	2.042707e-02	-9.690711e+00
2.424000e-05	2.202356e-02	-9.640628e+00
2.425000e-05	2.215437e-02	-9.558469e+00
2.426000e-05	2.452099e-02	-9.512740e+00
2.427000e-05	2.465322e-02	-9.397999e+00
2.428000e-05	2.507665e-02	-9.313263e+00
2.429000e-05	2.501716e-02	-9.210027e+00
2.430000e-05	2.470285e-02	-9.113318e+00
2.431000e-05	2.392464e-02	-9.040083e+00
2.432000e-05	2.501548e-02	-8.935867e+00
2.433000e-05	2.576660e-02	-8.861658e+00
2.434000e-05	2.606748e-02	-8.758950e+00
2.435000e-05	2.458220e-02	-8.702210e+00
2.436000e-05	2.387782e-02	-8.525367e+00
2.437000e-05	2.530938e-02	-8.411608e+00
2.438000e-05	2.574142e-02	-8.346844e+00
2.439000e-05	2.510833e-02	-8.209579e+00
2.440000e-05	2.420288e-02	-8.104192e+00
2.441000e-05	2.428584e-02	-8.039006e+00
2.442000e-05	2.343069e-02	-7.873083e+00
2.443000e-05	2.300246e-02	-7.742721e+00
2.444000e-05	2.244737e-02	-7.557920e+00
2.445000e-05	2.249857e-02	-7.410058e+00
2.446000e-05	2.248103e-02	-7.273181e+00
2.447000e-05	2.263435e-02	-7.187523e+00
2.448000e-05	1.940781e-02	-7.032110e+00
2.449000e-05	1.900332e-02	-6.891059e+00
2.450000e-05	1.864969e-02	-6.733841e+00
2.451000e-05	1.978031e-02	-6.609400e+00
2.452000e-05	1.685710e-02	-6.441083e+00
2.453000e-05	1.575969e-02	-6.304296e+00
2.454000e-05	1.511243e-02	-6.165371e+00
2.455000e-05	1.506107e-02	-5.936899e+00
2.456000e-05	1.266666e-02	-5.823032e+00
2.457000e-05	1.088418e-02	-5.702534e+00
2.458000e-05	1.169161e-02	-5.536269e+00
2.459000e-05	1.037651e-02	-5.334841e+00
2.460000e-05	9.521315e-03	-5.086741e+00
2.461000e-05	9.935367e-03	-4.939448e+00
2.462000e-05	7.257330e-03	-4.734794e+00
2.463000e-05	6.052160e-03	-4.579921e+00
2.464000e-05	6.325736e-03	-4.431528e+00
2.465000e-05	7.047100e-03	-4.284134e+00
2.466000e-05	5.303323e-03	-4.146141e+00
2.467000e-05	4.041618e-03	-3.959868e+00
2.468000e-05	1.573119e-03	-3.787321e+00
2.469000e-05	2.786598e-03	-3.569923e+00
2.470000e-05	3.867422e-03	-3.401025e+00
2.471000e-05	3.569415e-03	-3.231408e+00
2.472000e-05	1.118373e-03	-3.061534e+00
2.473000e-05	-4.463250e-04	-2.810551e+00
2.474000e-05	1.336507e-03	-2.673116e+00
2.475000e-05	-8.808463e-04	-2.505708e+00
2.476000e-05	-2.093129e-04	-2.365791e+00
2.477000e-05	-1.606360e-03	-2.075712e+00
2.478000e-05	1.065658e-03	-1.936821e+00
2.479000e-05	-6.881209e-04	-1.737747e+00
2.480000e-05	-4.609628e-05	-1.579000e+00
2.481000e-05	-3.246634e-03	-1.307212e+00
2.482000e-05	-2.719839e-03	-1.106840e+00
2.483000e-05	-3.463793e-03	-8.967436e-01
2.484000e-05	-1.516901e-03	-7.688986e-01
2.485000e-05	-2.898702e-03	-5.797200e-01
2.486000e-05	-2.880312e-03	-3.583484e-01
2.487000e-05	-3.285530e-03	-2.310014e-01
2.488000e-05	1.839692e-03	1.157756e-02
2.489000e-05	4.108904e-03	1.394801e-01
2.490000e-05	-3.876108e-03	3.875449e-01
2.491000e-05	7.552055e-04	5.068732e-01
2.492000e-05	-4.154477e-03	7.147606e-01
2.493000e-05	-1.458426e-03	8.707027e-01
2.494000e-05	-4.283928e-03	1.124309e+00
2.495000e-05	3.616291e-03	1.252759e+00
2.496000e-05	1.338702e-02	1.482279e+00
2.497000e-05	7.006381e-02	1.707413e+00
2.498000e-05	1.531298e-04	1.905890e+00
2.499000e-05	-5.754281e-02	2.143887e+00
2.500000e-05	-3.424893e-02	2.334461e+00
2.501000e-05	-6.460170e-02	2.420128e+00
2.502000e-05	-3.707589e-02	2.608673e+00
2.503000e-05	1.779888e-01	2.747497e+00
2.504000e-05	-1.116707e-01	2.965915e+00
2.505000e-05	-2.627358e-02	3.041383e+00
2.506000e-05	1.307623e-01	3.229729e+00
2.507000e-05	-1.320384e-01	3.493765e+00
2.508000e-05	3.593217e-02	3.601127e+00
2.509000e-05	5.962926e-02	3.798094e+00
2.510000e-05	-1.416958e-01	3.989547e+00
2.511000e-05	8.347374e-02	4.134489e+00
2.512000e-05	2.604202e-02	4.406024e+00
2.513000e-05	-3.772922e-02	4.504391e+00
2.514000e-05	-3.276898e-03	4.672912e+00
2.515000e-05	-7.195638e-02	4.892839e+00
2.516000e-05	4.044426e-02	5.124388e+00
2.517000e-05	2.621418e-02	5.305361e+00
2.518000e-05	-4.461073e-03	5.490829e+00
2.519000e-05	-2.858288e-02	5.620104e+00
2.520000e-05	-1.926486e-02	5.818099e+00
2.521000e-05	2.267196e-02	5.986520e+00
2.522000e-05	-3.210090e-02	6.112913e+00
2.523000e-05	1.990491e-03	6.250788e+00
2.524000e-05	9.198241e-03	6.400499e+00
2.525000e-05	-3.429982e-02	6.534626e+00
2.526000e-05	2.550681e-02	6.727492e+00
2.527000e-05	-3.199016e-02	6.862286e+00
2.528000e-05	-9.853694e-03	7.008630e+00
2.529000e-05	-6.031442e-03	7.124519e+00
2.530000e-05	-6.680305e-03	7.292206e+00
2.531000e-05	1.361327e-02	7.447228e+00
2.532000e-05	-2.913722e-02	7.599097e+00
2.533000e-05	-4.970849e-03	7.734392e+00
2.534000e-05	-2.008104e-02	7.921287e+00
2.535000e-05	5.966778e-03	8.089151e+00
2.536000e-05	-9.972772e-03	8.126544e+00
2.537000e-05	-1.498562e-02	8.270360e+00
2.538000e-05	1.396789e-03	8.376547e+00
2.539000e-05	-1.076472e-02	8.432257e+00
2.540000e-05	-1.420556e-02	8.545944e+00
2.541000e-05	-2.227349e-02	8.640706e+00
2.542000e-05	-3.574399e-03	8.766497e+00
2.543000e-05	-2.859172e-03	8.848624e+00
2.544000e-05	-9.175732e-03	8.901439e+00
2.545000e-05	-1.467276e-02	9.099254e+00
2.546000e-05	-1.388358e-02	9.146022e+00
2.547000e-05	-1.162232e-02	9.240179e+00
2.548000e-05	-1.262624e-02	9.282792e+00
2.549000e-05	-1.154629e-02	9.366628e+00
2.550000e-05	-1.043568e-02	9.489757e+00
2.551000e-05	-1.060865e-02	9.506443e+00
2.552000e-05	-1.312616e-02	9.607497e+00
2.553000e-05	-1.365919e-02	9.670686e+00
2.554000e-05	-1.719513e-02	9.712343e+00
2.555000e-05	-1.158258e-02	9.798699e+00
2.556000e-05	-6.901510e-03	9.923738e+00
2.557000e-05	-1.014670e-02	9.955970e+00
2.558000e-05	-1.886078e-02	9.989000e+00
2.559000e-05	-1.757025e-02	1.000966e+01
2.560000e-05	-9.930493e-03	1.006176e+01
2.561000e-05	-1.291515e-02	1.014179e+01
2.562000e-05	-1.595210e-02	1.013447e+01
2.563000e-05	-1.735638e-02	1.016554e+01
2.564000e-05	-1.336562e-02	1.016806e+01
2.565000e-05	-1.340100e-02	1.025106e+01
2.566000e-05	-1.640763e-02	1.023018e+01
2.567000e-05	-1.823900e-02	1.022069e+01
2.568000e-05	-1.693100e-02	1.027077e+01
2.569000e-05	-1.222598e-02	1.028176e+01
2.570000e-05	-1.529755e-02	1.032274e+01
2.571000e-05	-1.933729e-02	1.029129e+01
2.572000e-05	-2.274736e-02	1.026224e+01
2.573000e-05	-1.689169e-02	1.026078e+01
2.574000e-05	-1.614433e-02	1.028173e+01
2.575000e-05	-1.699816e-02	1.024173e+01
2.576000e-05	-2.121792e-02	1.024068e+01
2.577000e-05	-2.138168e-02	1.023910e+01
2.578000e-05	-2.031107e-02	1.017810e+01
2.579000e-05	-2.116548e-02	1.019645e+01
2.580000e-05	-2.278739e-02	1.012494e+01
2.581000e-05	-2.397463e-02	1.013384e+01
2.582000e-05	-2.205052e-02	1.005121e+01
2.583000e-05	-2.190804e-02	1.003058e+01
2.584000e-05	-2.572953e-02	1.002913e+01
2.585000e-05	-2.758918e-02	9.957444e+00
2.586000e-05	-2.778677e-02	9.901310e+00
2.587000e-05	-2.488915e-02	9.869732e+00
2.588000e-05	-2.620114e-02	9.723994e+00
2.589000e-05	-2.868758e-02	9.692162e+00
2.590000e-05	-3.011108e-02	9.619174e+00
2.591000e-05	-2.910383e-02	9.525419e+00
2.592000e-05	-2.934275e-02	9.481183e+00
2.593000e-05	-3.037002e-02	9.369053e+00
2.594000e-05	-2.955945e-02	9.324767e+00
2.595000e-05	-3.045975e-02	9.260237e+00
2.596000e-05	-2.950987e-02	9.208976e+00
2.597000e-05	-3.289483e-02	9.133892e+00
2.598000e-05	-3.213723e-02	8.977926e+00
2.599000e-05	-3.371163e-02	8.852183e+00
2.600000e-05	-2.957540e-02	8.807923e+00
2.601000e-05	-3.191073e-02	8.643611e+00
2.602000e-05	-3.156019e-02	8.556948e+00
2.603000e-05	-3.297063e-02	8.493111e+00
2.604000e-05	-3.109194e-02	8.429552e+00
2.605000e-05	-3.143395e-02	8.303387e+00
2.606000e-05	-3.092738e-02	8.116370e+00
2.607000e-05	-3.153778e-02	8.000182e+00
2.608000e-05	-2.956260e-02	7.903837e+00
2.609000e-05	-2.912196e-02	7.787423e+00
2.610000e-05	-3.045436e-02	7.632134e+00
2.611000e-05	-3.046385e-02	7.494368e+00
2.612000e-05	-3.004243e-02	7.366872e+00
2.613000e-05	-2.714920e-02	7.169551e+00
2.614000e-05	-2.784904e-02	7.083163e+00
2.615000e-05	-2.677627e-02	6.926867e+00
2.616000e-05	-2.716510e-02	6.789079e+00
2.617000e-05	-2.514741e-02	6.651635e+00
2.618000e-05	-2.418124e-02	6.452113e+00
2.619000e-05	-2.290622e-02	6.336842e+00
2.620000e-05	-2.213013e-02	6.178475e+00
2.621000e-05	-2.155853e-02	6.051607e+00
2.622000e-05	-2.137266e-02	5.937290e+00
2.623000e-05	-2.082448e-02	5.695867e+00
2.624000e-05	-1.963677e-02	5.527952e+00
2.625000e-05	-1.788184e-02	5.390027e+00
2.626000e-05	-1.708163e-02	5.232082e+00
2.627000e-05	-1.540240e-02	5.030101e+00
2.628000e-05	-1.552553e-02	4.810025e+00
2.629000e-05	-1.481492e-02	4.632557e+00
2.630000e-05	-1.482068e-02	4.473737e+00
2.631000e-05	-1.385333e-02	4.376895e+00
2.632000e-05	-1.198458e-02	4.096769e+00
2.633000e-05	-1.159898e-02	3.956872e+00
2.634000e-05	-1.196945e-02	3.798499e+00
2.635000e-05	-1.197208e-02	3.661529e+00
2.636000e-05	-1.130922e-02	3.502640e+00
2.637000e-05	-1.081997e-02	3.261678e+00
2.638000e-05	-9.757503e-03	3.064186e+00
2.639000e-05	-8.547792e-03	2.894662e+00
2.640000e-05	-8.643194e-03	2.758396e+00
2.641000e-05	-8.115491e-03	2.456770e+00
2.642000e-05	-7.636064e-03	2.365315e+00
2.643000e-05	-8.359225e-03	2.127341e+00
2.644000e-05	-7.427675e-03	2.010004e+00
2.645000e-05	-6.614662e-03	1.860897e+00
2.646000e-05	-6.112802e-03	1.609906e+00
2.647000e-05	-5.924042e-03	1.399951e+00
2.648000e-05	-6.403748e-03	1.213024e+00
2.649000e-05	-6.128270e-03	9.493236e-01
2.650000e-05	-4.863954e-03	7.888976e-01
2.651000e-05	-5.448403e-03	6.303438e-01
2.652000e-05	-4.581629e-03	4.125528e-01
2.653000e-05	-4.461397e-03	2.519777e-01
2.654000e-05	-2.842442e-03	1.052876e-02
2.655000e-05	3.728549e-03	-1.779446e-01
2.656000e-05	-2.633583e-03	-3.368395e-01
2.657000e-05	4.950139e-05	-4.741853e-01
2.658000e-05	-2.061352e-03	-6.327630e-01
2.659000e-05	-8.093597e-04	-8.817078e-01
2.660000e-05	-1.591171e-03	-9.990963e-01
2.661000e-05	4.262256e-03	-1.198474e+00
2.662000e-05	2.861313e-02	-1.348421e+00
2.663000e-05	9.062973e-02	-1.577550e+00
2.664000e-05	-7.123584e-02	-1.870104e+00
2.665000e-05	-1.320417e-02	-2.031809e+00
2.666000e-05	-6.979121e-02	-2.345872e+00
2.667000e-05	-7.204642e-02	-2.441129e+00
2.668000e-05	1.739603e-01	-2.484285e+00
2.669000e-05	-3.809045e-02	-2.661761e+00
2.670000e-05	-1.062608e-01	-2.904786e+00
2.671000e-05	2.217007e-01	-3.090655e+00
2.672000e-05	-1.619479e-01	-3.281705e+00
2.673000e-05	2.468176e-03	-3.491256e+00
2.674000e-05	1.513854e-01	-3.576895e+00
2.675000e-05	-1.808706e-01	-3.777492e+00
2.676000e-05	7.046373e-02	-3.986396e+00
2.677000e-05	1.047059e-01	-4.094438e+00
2.678000e-05	-1.069011e-01	-4.336944e+00
2.679000e-05	9.799289e-02	-4.431184e+00
2.680000e-05	-1.650727e-01	-4.662339e+00
2.681000e-05	5.732599e-02	-4.850651e+00
2.682000e-05	1.307445e-01	-5.008579e+00
2.683000e-05	-1.142095e-01	-5.147079e+00
2.684000e-05	7.933867e-02	-5.377144e+00
2.685000e-05	-7.785503e-02	-5.587550e+00
2.686000e-05	5.031691e-02	-5.736495e+00
2.687000e-05	1.806832e-02	-5.842283e+00
2.688000e-05	-7.120356e-02	-6.009578e+00
2.689000e-05	1.157421e-01	-6.177025e+00
2.690000e-05	-9.938692e-02	-6.377047e+00
2.691000e-05	6.551663e-02	-6.524413e+00
2.692000e-05	1.142081e-02	-6.661733e+00
2.693000e-05	-4.718239e-02	-6.808504e+00
2.694000e-05	5.796071e-02	-6.965342e+00
2.695000e-05	-7.179706e-02	-7.112992e+00
2.696000e-05	1.045140e-01	-7.222180e+00
2.697000e-05	-3.457487e-02	-7.366600e+00
2.698000e-05	-1.055916e-02	-7.514288e+00
2.699000e-05	1.196455e-02	-7.639281e+00
2.700000e-05	-1.440945e-02	-7.879256e+00
2.701000e-05	5.465038e-02	-7.967546e+00
2.702000e-05	-4.155522e-02	-8.082784e+00
2.703000e-05	4.679001e-02	-8.208626e+00
2.704000e-05	-6.759894e-03	-8.313386e+00
2.705000e-05	-4.874702e-03	-8.407051e+00
2.706000e-05	8.836835e-03	-8.502865e+00
2.707000e-05	-3.290175e-03	-8.648778e+00
2.708000e-05	4.017445e-02	-8.784523e+00
2.709000e-05	-2.451836e-02	-8.840733e+00
2.710000e-05	2.212803e-02	-8.915397e+00
2.711000e-05	-3.952806e-04	-9.028158e+00
2.712000e-05	1.303560e-02	-9.114942e+00
2.713000e-05	1.533333e-03	-9.177054e+00
2.714000e-05	2.703864e-03	-9.230212e+00
2.715000e-05	2.348459e-02	-9.312916e+00
2.716000e-05	-3.017711e-04	-9.479805e+00
2.717000e-05	1.316733e-02	-9.546399e+00
2.718000e-05	-2.133862e-03	-9.639156e+00
2.719000e-05	8.242212e-03	-9.652236e+00
2.720000e-05	4.290828e-03	-9.732819e+00
2.721000e-05	1.918366e-02	-9.767528e+00
2.722000e-05	1.510860e-02	-9.801704e+00
2.723000e-05	-6.184983e-04	-9.903863e+00
2.724000e-05	2.579985e-03	-9.966340e+00
2.725000e-05	9.055229e-03	-9.987526e+00
2.726000e-05	1.736570e-02	-1.002806e+01
2.727000e-05	6.792844e-03	-1.001014e+01
2.728000e-05	6.333669e-03	-1.008181e+01
2.729000e-05	9.536064e-03	-1.011237e+01
2.730000e-05	1.198398e-02	-1.014431e+01
2.731000e-05	1.089709e-02	-1.017552e+01
2.732000e-05	6.759941e-03	-1.023559e+01
2.733000e-05	7.568669e-03	-1.021573e+01
2.734000e-05	1.449038e-02	-1.020966e+01
2.735000e-05	1.455879e-02	-1.024978e+01
2.736000e-05	1.050709e-02	-1.031034e+01
2.737000e-05	6.238685e-03	-1.028129e+01
2.738000e-05	1.047925e-02	-1.026221e+01
2.739000e-05	1.527614e-02	-1.027931e+01
2.740000e-05	1.619196e-02	-1.030128e+01
2.741000e-05	1.363700e-02	-1.020916e+01
2.742000e-05	1.144283e-02	-1.022808e+01
2.743000e-05	1.198828e-02	-1.016761e+01
2.744000e-05	1.491644e-02	-1.017442e+01
2.745000e-05	1.660123e-02	-1.008384e+01
2.746000e-05	1.677811e-02	-1.012234e+01
2.747000e-05	1.644446e-02	-1.004226e+01
2.748000e-05	1.822833e-02	-1.001911e+01
2.749000e-05	1.911908e-02	-9.987480e+00
2.750000e-05	1.657171e-02	-9.925895e+00
2.751000e-05	1.789804e-02	-9.932815e+00
2.752000e-05	2.047271e-02	-9.860683e+00
2.753000e-05	2.290805e-02	-9.819505e+00
2.754000e-05	2.160325e-02	-9.763820e+00
2.755000e-05	2.073940e-02	-9.682240e+00
2.756000e-05	2.134900e-02	-9.640582e+00
2.757000e-05	2.217041e-02	-9.609975e+00
2.758000e-05	2.277216e-02	-9.556923e+00
2.759000e-05	2.517138e-02	-9.479207e+00
2.760000e-05	2.484132e-02	-9.343944e+00
2.761000e-05	2.436124e-02	-9.230703e+00
2.762000e-05	2.342584e-02	-9.157447e+00
2.763000e-05	2.421614e-02	-9.072234e+00
2.764000e-05	2.536671e-02	-8.978449e+00
2.765000e-05	2.618984e-02	-8.903213e+00
2.766000e-05	2.517650e-02	-8.819078e+00
2.767000e-05	2.522841e-02	-8.745744e+00
2.768000e-05	2.514491e-02	-8.618003e+00
2.769000e-05	2.483563e-02	-8.442683e+00
2.770000e-05	2.497115e-02	-8.356949e+00
2.771000e-05	2.499710e-02	-8.281712e+00
2.772000e-05	2.510806e-02	-8.156867e+00
2.773000e-05	2.430931e-02	-8.040683e+00
2.774000e-05	2.432806e-02	-7.917816e+00
2.775000e-05	2.375096e-02	-7.778350e+00
2.776000e-05	2.192032e-02	-7.642104e+00
2.777000e-05	2.183147e-02	-7.483142e+00
2.778000e-05	2.381548e-02	-7.356320e+00
2.779000e-05	2.232296e-02	-7.209054e+00
2.780000e-05	2.054043e-02	-7.084242e+00
2.781000e-05	1.894140e-02	-6.955219e+00
2.782000e-05	1.865962e-02	-6.746924e+00
2.783000e-05	2.018049e-02	-6.661607e+00
2.784000e-05	1.830284e-02	-6.503262e+00
2.785000e-05	1.651682e-02	-6.368026e+00
2.786000e-05	1.599269e-02	-6.230350e+00
2.787000e-05	1.497063e-02	-6.000551e+00
2.788000e-05	1.292329e-02	-5.883688e+00
2.789000e-05	1.130859e-02	-5.735872e+00
2.790000e-05	1.158526e-02	-5.589054e+00
2.791000e-05	1.183414e-02	-5.408953e+00
2.792000e-05	1.015912e-02	-5.158074e+00
2.793000e-05	9.097893e-03	-5.030555e+00
2.794000e-05	6.771229e-03	-4.799527e+00
2.795000e-05	7.255618e-03	-4.631627e+00
2.796000e-05	5.696646e-03	-4.473662e+00
2.797000e-05	8.028086e-03	-4.346320e+00
2.798000e-05	3.613884e-03	-4.179976e+00
2.799000e-05	5.138793e-03	-4.021028e+00
2.800000e-05	2.079816e-03	-3.841687e+00
2.801000e-05	4.894136e-03	-3.622034e+00
2.802000e-05	1.750676e-03	-3.484161e+00
2.803000e-05	3.598681e-03	-3.263741e+00
2.804000e-05	1.788621e-03	-3.156820e+00
2.805000e-05	1.572569e-03	-2.924238e+00
2.806000e-05	-7.555292e-04	-2.746793e+00
2.807000e-05	-5.369870e-04	-2.569347e+00
2.808000e-05	-6.171640e-04	-2.399923e+00
2.809000e-05	4.223321e-04	-2.209876e+00
2.810000e-05	-2.886916e-04	-1.999926e+00
2.811000e-05	-1.222319e-03	-1.841502e+00
2.812000e-05	-9.286274e-04	-1.662583e+00
2.813000e-05	-1.369578e-03	-1.491928e+00
2.814000e-05	-1.579989e-03	-1.180025e+00
2.815000e-05	-3.443076e-03	-1.010479e+00
2.816000e-05	-6.250313e-04	-8.419499e-01
2.817000e-05	-3.361061e-03	-6.220091e-01
2.818000e-05	-2.204969e-03	-4.205276e-01
2.819000e-05	-3.763300e-03	-2.526355e-01
2.820000e-05	-1.163311e-04	-6.363527e-02
2.821000e-05	2.536009e-03	1.337583e-01
2.822000e-05	8.012899e-06	3.159160e-01
2.823000e-05	-1.616894e-03	4.522078e-01
2.824000e-05	4.013178e-04	6.090779e-01
2.825000e-05	-2.656056e-03	8.100238e-01
2.826000e-05	-3.477393e-03	9.986225e-01
2.827000e-05	-1.064146e-03	1.209626e+00
2.828000e-05	6.037298e-03	1.358021e+00
2.829000e-05	4.678584e-02	1.621623e+00
2.830000e-05	5.197344e-02	1.872711e+00
2.831000e-05	-6.294839e-02	2.040733e+00
2.832000e-05	-3.071159e-02	2.209102e+00
2.833000e-05	-5.109101e-02	2.367099e+00
2.834000e-05	-7.173048e-02	2.534313e+00
2.835000e-05	1.074249e-01	2.704889e+00
2.836000e-05	5.503575e-02	2.881758e+00
2.837000e-05	-1.739680e-01	3.039577e+00
2.838000e-05	1.749999e-01	3.167471e+00
2.839000e-05	-7.398810e-02	3.388129e+00
2.840000e-05	-5.593316e-02	3.600001e+00
2.841000e-05	1.143748e-01	3.683438e+00
2.842000e-05	-9.101549e-02	3.934414e+00
2.843000e-05	-3.336230e-02	4.092283e+00
2.844000e-05	9.595462e-02	4.311914e+00
2.845000e-05	-4.936186e-02	4.470755e+00
2.846000e-05	7.583473e-03	4.608724e+00
2.847000e-05	-5.226985e-02	4.829546e+00
2.848000e-05	-2.054059e-02	5.077700e+00
2.849000e-05	6.087445e-02	5.260153e+00
2.850000e-05	-1.009679e-02	5.419106e+00
2.851000e-05	-5.496244e-03	5.546970e+00
2.852000e-05	-4.509322e-02	5.753860e+00
2.853000e-05	2.247148e-02	5.943442e+00
2.854000e-05	-1.114163e-02	6.041231e+00
2.855000e-05	-2.572613e-02	6.186605e+00
2.856000e-05	2.915861e-02	6.347595e+00
2.857000e-05	-3.947125e-02	6.504339e+00
2.858000e-05	1.202522e-02	6.672357e+00
2.859000e-05	-1.210665e-02	6.840179e+00
2.860000e-05	-2.417387e-02	6.955948e+00
2.861000e-05	-2.439497e-04	7.111913e+00
2.862000e-05	-1.163762e-02	7.208632e+00
2.863000e-05	1.238194e-02	7.334520e+00
2.864000e-05	-1.580638e-02	7.553491e+00
2.865000e-05	-1.598975e-02	7.662258e+00
2.866000e-05	-1.303392e-02	7.800105e+00
2.867000e-05	-6.875355e-03	7.995052e+00
2.868000e-05	-9.132836e-04	8.094889e+00
2.869000e-05	-1.745617e-02	8.230129e+00
2.870000e-05	-4.414965e-03	8.355470e+00
2.871000e-05	-2.167328e-03	8.419681e+00
2.872000e-05	-1.740819e-02	8.512764e+00
2.873000e-05	-1.675214e-02	8.628153e+00
2.874000e-05	-1.429677e-02	8.702342e+00
2.875000e-05	1.340615e-03	8.778124e+00
2.876000e-05	-9.884733e-03	8.851312e+00
2.877000e-05	-1.458353e-02	9.017098e+00
2.878000e-05	-1.348382e-02	9.124542e+00
2.879000e-05	-1.215807e-02	9.198651e+00
2.880000e-05	-8.802399e-03	9.282287e+00
2.881000e-05	-1.410536e-02	9.323946e+00
2.882000e-05	-7.971470e-03	9.429731e+00
2.883000e-05	-1.457574e-02	9.483315e+00
2.884000e-05	-1.106083e-02	9.547527e+00
2.885000e-05	-1.496441e-02	9.630706e+00
2.886000e-05	-1.498518e-02	9.681887e+00
2.887000e-05	-1.448857e-02	9.735073e+00
2.888000e-05	-7.972325e-03	9.871286e+00
2.889000e-05	-6.717217e-03	9.903417e+00
2.890000e-05	-1.618242e-02	1.000807e+01
2.891000e-05	-1.868813e-02	1.000813e+01
2.892000e-05	-1.511122e-02	1.005115e+01
2.893000e-05	-1.015146e-02	1.010231e+01
2.894000e-05	-1.366688e-02	1.010432e+01
2.895000e-05	-1.628998e-02	1.013442e+01
2.896000e-05	-1.475142e-02	1.018703e+01
2.897000e-05	-1.473054e-02	1.015663e+01
2.898000e-05	-1.357818e-02	1.024863e+01
2.899000e-05	-1.778409e-02	1.026921e+01
2.900000e-05	-1.615752e-02	1.026224e+01
2.901000e-05	-1.440791e-02	1.023124e+01
2.902000e-05	-1.214431e-02	1.030133e+01
2.903000e-05	-1.676480e-02	1.030333e+01
2.904000e-05	-2.160231e-02	1.028179e+01
2.905000e-05	-1.880265e-02	1.030171e+01
2.906000e-05	-1.771217e-02	1.028273e+01
2.907000e-05	-1.598955e-02	1.028126e+01
2.908000e-05	-1.960821e-02	1.025121e+01
2.909000e-05	-2.065002e-02	1.023018e+01
2.910000e-05	-2.200849e-02	1.022003e+01
2.911000e-05	-2.118355e-02	1.015605e+01
2.912000e-05	-2.177847e-02	1.013404e+01
2.913000e-05	-2.268563e-02	1.009297e+01
2.914000e-05	-2.321139e-02	1.007374e+01
2.915000e-05	-2.339019e-02	1.007218e+01
2.916000e-05	-2.326635e-02	1.006015e+01
2.917000e-05	-2.687196e-02	1.000790e+01
2.918000e-05	-2.715663e-02	9.946944e+00
2.919000e-05	-2.701264e-02	9.890685e+00
2.920000e-05	-2.446544e-02	9.767529e+00
2.921000e-05	-2.799106e-02	9.672766e+00
2.922000e-05	-2.961273e-02	9.651082e+00
2.923000e-05	-3.104045e-02	9.575418e+00
2.924000e-05	-2.955291e-02	9.495815e+00
2.925000e-05	-3.008426e-02	9.430604e+00
2.926000e-05	-2.929452e-02	9.366968e+00
2.927000e-05	-3.031380e-02	9.284734e+00
2.928000e-05	-3.119487e-02	9.250129e+00
2.929000e-05	-3.248146e-02	9.147367e+00
2.930000e-05	-3.147508e-02	9.009225e+00
2.931000e-05	-3.315484e-02	8.871844e+00
2.932000e-05	-3.025823e-02	8.769228e+00
2.933000e-05	-3.230268e-02	8.714265e+00
2.934000e-05	-3.062055e-02	8.621079e+00
2.935000e-05	-3.355827e-02	8.535816e+00
2.936000e-05	-3.167985e-02	8.440583e+00
2.937000e-05	-3.225727e-02	8.326895e+00
2.938000e-05	-3.134770e-02	8.210007e+00
2.939000e-05	-3.177689e-02	8.084311e+00
2.940000e-05	-3.025272e-02	7.965425e+00
2.941000e-05	-3.047932e-02	7.839657e+00
2.942000e-05	-3.036483e-02	7.663312e+00
2.943000e-05	-2.960734e-02	7.577950e+00
2.944000e-05	-2.900573e-02	7.418977e+00
2.945000e-05	-2.925005e-02	7.271161e+00
2.946000e-05	-2.661635e-02	7.124865e+00
2.947000e-05	-2.701186e-02	6.957025e+00
2.948000e-05	-2.801968e-02	6.861632e+00
2.949000e-05	-2.658217e-02	6.736341e+00
2.950000e-05	-2.422868e-02	6.525920e+00
2.951000e-05	-2.208224e-02	6.359075e+00
2.952000e-05	-2.324635e-02	6.241631e+00
2.953000e-05	-2.202900e-02	6.097792e+00
2.954000e-05	-2.089767e-02	5.987928e+00
2.955000e-05	-2.032499e-02	5.800978e+00
2.956000e-05	-2.041218e-02	5.629532e+00
2.957000e-05	-1.867827e-02	5.452186e+00
2.958000e-05	-1.634457e-02	5.296242e+00
2.959000e-05	-1.639537e-02	5.124766e+00
2.960000e-05	-1.694219e-02	4.864687e+00
2.961000e-05	-1.458747e-02	4.695237e+00
2.962000e-05	-1.278426e-02	4.526396e+00
2.963000e-05	-1.336170e-02	4.400027e+00
2.964000e-05	-1.380009e-02	4.261553e+00
2.965000e-05	-1.143919e-02	4.001028e+00
2.966000e-05	-1.227846e-02	3.823630e+00
2.967000e-05	-1.086604e-02	3.685715e+00
2.968000e-05	-1.160541e-02	3.547892e+00
2.969000e-05	-9.826257e-03	3.316363e+00
2.970000e-05	-1.047261e-02	3.157247e+00
2.971000e-05	-8.882930e-03	2.977947e+00
2.972000e-05	-9.030083e-03	2.820580e+00
2.973000e-05	-8.432087e-03	2.642024e+00
2.974000e-05	-9.411234e-03	2.390981e+00
2.975000e-05	-7.363675e-03	2.230052e+00
2.976000e-05	-6.832075e-03	2.061078e+00
2.977000e-05	-7.551633e-03	1.925187e+00
2.978000e-05	-7.040775e-03	1.685210e+00
2.979000e-05	-6.242165e-03	1.485186e+00
2.980000e-05	-5.728460e-03	1.283637e+00
2.981000e-05	-6.514249e-03	1.114710e+00
2.982000e-05	-7.003380e-03	8.520491e-01
2.983000e-05	-4.863045e-03	6.541603e-01
2.984000e-05	-4.668973e-03	5.041069e-01
2.985000e-05	-5.315526e-03	3.258156e-01
2.986000e-05	-5.414797e-03	9.515702e-02
2.987000e-05	1.606652e-03	-9.423810e-02
2.988000e-05	2.342440e-03	-2.757791e-01
2.989000e-05	-3.566139e-03	-4.185514e-01
2.990000e-05	1.333441e-03	-6.200301e-01
2.991000e-05	-4.079705e-03	-8.089486e-01
2.992000e-05	-9.393368e-04	-9.343671e-01
2.993000e-05	-1.558878e-03	-1.115288e+00
2.994000e-05	1.318688e-02	-1.282337e+00
2.995000e-05	8.473610e-02	-1.542913e+00
2.996000e-05	-3.698546e-03	-1.693917e+00
2.997000e-05	-5.860153e-02	-2.006974e+00
2.998000e-05	-2.624597e-02	-2.218133e+00
2.999000e-05	-1.039092e-01	-2.430125e+00
3.000000e-05	8.050019e-02	-2.484735e+00
3.001000e-05	1.229978e-01	-2.558048e+00
3.002000e-05	-1.992113e-01	-2.809682e+00
3.003000e-05	1.506951e-01	-3.021642e+00
3.004000e-05	-1.460614e-02	-3.187549e+00
3.005000e-05	-1.507060e-01	-3.366497e+00
3.006000e-05	1.832370e-01	-3.536820e+00
3.007000e-05	-6.008927e-02	-3.632283e+00
3.008000e-05	-1.041926e-01	-3.964896e+00
3.009000e-05	1.989852e-01	-4.051654e+00
3.010000e-05	-1.097865e-01	-4.272288e+00
3.011000e-05	6.377797e-02	-4.420580e+00
3.012000e-05	-4.636011e-02	-4.545896e+00
3.013000e-05	-1.090480e-01	-4.766526e+00
3.014000e-05	1.925092e-01	-4.925340e+00
3.015000e-05	-6.894478e-02	-5.113291e+00
3.016000e-05	9.910136e-03	-5.291261e+00
3.017000e-05	8.644959e-03	-5.491418e+00
3.018000e-05	-5.297665e-02	-5.669737e+00
3.019000e-05	1.016940e-01	-5.819628e+00
3.020000e-05	-1.054809e-01	-5.946421e+00
3.021000e-05	8.576524e-02	-6.105262e+00
3.022000e-05	-1.383665e-02	-6.310440e+00
3.023000e-05	-4.472700e-02	-6.449661e+00
3.024000e-05	9.858913e-02	-6.597550e+00
3.025000e-05	-8.698494e-02	-6.756496e+00
3.026000e-05	6.647481e-02	-6.850186e+00
3.027000e-05	-4.797585e-02	-7.018253e+00
3.028000e-05	2.849536e-02	-7.197579e+00
3.029000e-05	5.424243e-02	-7.314391e+00
3.030000e-05	-6.462945e-02	-7.480163e+00
3.031000e-05	4.768057e-02	-7.568080e+00
3.032000e-05	-4.128069e-02	-7.754548e+00
3.033000e-05	5.398188e-02	-7.925421e+00
3.034000e-05	-1.396759e-02	-8.039706e+00
3.035000e-05	5.974460e-03	-8.134946e+00
3.036000e-05	3.838571e-02	-8.260733e+00
3.037000e-05	-3.407709e-02	-8.368523e+00
3.038000e-05	2.525660e-02	-8.450682e+00
3.039000e-05	-2.108387e-02	-8.557619e+00
3.040000e-05	4.581102e-02	-8.754967e+00
3.041000e-05	-8.242183e-03	-8.849109e+00
3.042000e-05	7.713702e-04	-8.943337e+00
3.043000e-05	1.457331e-02	-9.007527e+00
3.044000e-05	1.740720e-03	-9.092337e+00
3.045000e-05	1.703320e-02	-9.176422e+00
3.046000e-05	-1.077853e-02	-9.229703e+00
3.047000e-05	2.275632e-02	-9.302889e+00
3.048000e-05	3.009329e-03	-9.406081e+00
3.049000e-05	1.192957e-02	-9.533418e+00
3.050000e-05	4.446189e-03	-9.607026e+00
3.051000e-05	3.120278e-03	-9.631185e+00
3.052000e-05	4.510366e-03	-9.701789e+00
3.053000e-05	1.069189e-02	-9.796002e+00
3.054000e-05	2.329655e-02	-9.808652e+00
3.055000e-05	4.405198e-03	-9.881212e+00
3.056000e-05	1.116307e-03	-9.914318e+00
3.057000e-05	2.516203e-03	-9.954971e+00
3.058000e-05	1.674024e-02	-9.978127e+00
3.059000e-05	1.153376e-02	-1.001011e+01
3.060000e-05	4.711239e-03	-1.003036e+01
3.061000e-05	7.051028e-03	-1.008374e+01
3.062000e-05	1.139272e-02	-1.011250e+01
3.063000e-05	1.310173e-02	-1.019552e+01
3.064000e-05	8.093971e-03	-1.018715e+01
3.065000e-05	6.804008e-03	-1.024818e+01
3.066000e-05	1.048996e-02	-1.025866e+01
3.067000e-05	1.617374e-02	-1.025011e+01
3.068000e-05	1.063360e-02	-1.025076e+01
3.069000e-05	8.095814e-03	-1.027136e+01
3.070000e-05	7.655392e-03	-1.027026e+01
3.071000e-05	1.389475e-02	-1.030073e+01
3.072000e-05	1.428761e-02	-1.027918e+01
3.073000e-05	1.503212e-02	-1.019971e+01
3.074000e-05	1.330102e-02	-1.023916e+01
3.075000e-05	1.331041e-02	-1.020603e+01
3.076000e-05	1.354966e-02	-1.019755e+01
3.077000e-05	1.629310e-02	-1.016397e+01
3.078000e-05	1.698755e-02	-1.014174e+01
3.079000e-05	1.649511e-02	-1.007068e+01
3.080000e-05	1.721778e-02	-1.002116e+01
3.081000e-05	1.791983e-02	-1.002758e+01
3.082000e-05	1.851819e-02	-9.957422e+00
3.083000e-05	1.770137e-02	-9.923792e+00
3.084000e-05	2.097170e-02	-9.881735e+00
3.085000e-05	2.158642e-02	-9.848157e+00
3.086000e-05	2.002143e-02	-9.737528e+00
3.087000e-05	2.086379e-02	-9.712790e+00
3.088000e-05	2.225958e-02	-9.661236e+00
3.089000e-05	2.342084e-02	-9.610131e+00
3.090000e-05	2.204115e-02	-9.567400e+00
3.091000e-05	2.276347e-02	-9.460765e+00
3.092000e-05	2.555055e-02	-9.355428e+00
3.093000e-05	2.470999e-02	-9.281784e+00
3.094000e-05	2.468453e-02	-9.188979e+00
3.095000e-05	2.247324e-02	-9.102817e+00
3.096000e-05	2.452943e-02	-9.029559e+00
3.097000e-05	2.664262e-02	-8.933290e+00
3.098000e-05	2.622414e-02	-8.842608e+00
3.099000e-05	2.459078e-02	-8.757845e+00
3.100000e-05	2.445542e-02	-8.681133e+00
3.101000e-05	2.501241e-02	-8.492839e+00
3.102000e-05	2.612161e-02	-8.380053e+00
3.103000e-05	2.475487e-02	-8.284761e+00
3.104000e-05	2.502941e-02	-8.208529e+00
3.105000e-05	2.429613e-02	-8.102738e+00
3.106000e-05	2.521483e-02	-7.969425e+00
3.107000e-05	2.460136e-02	-7.869104e+00
3.108000e-05	2.302954e-02	-7.663764e+00
3.109000e-05	2.235672e-02	-7.545819e+00
3.110000e-05	2.329361e-02	-7.418505e+00
3.111000e-05	2.270562e-02	-7.233208e+00
3.112000e-05	2.160897e-02	-7.188395e+00
3.113000e-05	1.857115e-02	-6.976501e+00
3.114000e-05	1.938142e-02	-6.830553e+00
3.115000e-05	1.979938e-02	-6.695796e+00
3.116000e-05	1.879610e-02	-6.545874e+00
3.117000e-05	1.722487e-02	-6.400555e+00
3.118000e-05	1.583411e-02	-6.344186e+00
3.119000e-05	1.567376e-02	-6.072716e+00
3.120000e-05	1.411830e-02	-5.966890e+00
3.121000e-05	1.220871e-02	-5.829079e+00
3.122000e-05	1.159502e-02	-5.622162e+00
3.123000e-05	1.148258e-02	-5.534189e+00
3.124000e-05	1.079767e-02	-5.283641e+00
3.125000e-05	1.022833e-02	-5.104213e+00
3.126000e-05	7.939249e-03	-4.927268e+00
3.127000e-05	8.053596e-03	-4.673168e+00
3.128000e-05	6.269977e-03	-4.495896e+00
3.129000e-05	6.855341e-03	-4.419401e+00
3.130000e-05	3.992172e-03	-4.271109e+00
3.131000e-05	4.819300e-03	-4.094718e+00
3.132000e-05	3.834656e-03	-3.967792e+00
3.133000e-05	3.870952e-03	-3.695221e+00
3.134000e-05	2.921962e-03	-3.555344e+00
3.135000e-05	2.888123e-03	-3.337376e+00
3.136000e-05	1.553743e-03	-3.201476e+00
3.137000e-05	1.963551e-03	-3.030453e+00
3.138000e-05	3.132770e-04	-2.791526e+00
3.139000e-05	8.846295e-04	-2.621582e+00
3.140000e-05	-1.621490e-03	-2.441107e+00
3.141000e-05	-3.423835e-06	-2.285109e+00
3.142000e-05	-1.175848e-04	-2.072080e+00
3.143000e-05	-2.723417e-04	-1.895111e+00
3.144000e-05	-9.237058e-04	-1.715217e+00
3.145000e-05	-7.454345e-04	-1.537795e+00
3.146000e-05	-1.432491e-03	-1.273709e+00
3.147000e-05	-1.579646e-03	-1.096658e+00
3.148000e-05	-4.001150e-03	-8.957418e-01
3.149000e-05	-2.565269e-03	-7.358184e-01
3.150000e-05	-2.776133e-03	-5.176358e-01
3.151000e-05	-1.089039e-03	-3.077409e-01
3.152000e-05	-2.844356e-03	-1.473997e-01
3.153000e-05	2.618318e-03	5.513163e-04
3.154000e-05	3.133217e-03	2.316766e-01
3.155000e-05	-2.840146e-03	4.090777e-01
3.156000e-05	1.557992e-03	5.789475e-01
3.157000e-05	-3.839178e-03	7.374409e-01
3.158000e-05	-1.894407e-03	8.647333e-01
3.159000e-05	-3.078123e-03	1.136471e+00
3.160000e-05	5.010302e-03	1.294868e+00
3.161000e-05	2.007949e-02	1.544341e+00
3.162000e-05	7.376359e-02	1.778070e+00
3.163000e-05	-2.828297e-02	1.966499e+00
3.164000e-05	-4.752463e-02	2.126497e+00
3.165000e-05	-3.930454e-02	2.326415e+00
3.166000e-05	-6.965651e-02	2.461156e+00
3.167000e-05	2.805702e-03	2.602055e+00
3.168000e-05	1.694949e-01	2.779550e+00
3.169000e-05	-1.659984e-01	2.975496e+00
3.170000e-05	6.183412e-02	3.102712e+00
3.171000e-05	6.375478e-02	3.303857e+00
3.172000e-05	-1.239992e-01	3.536896e+00
3.173000e-05	7.559573e-02	3.631130e+00
3.174000e-05	1.515897e-02	3.828156e+00
3.175000e-05	-1.254656e-01	3.989600e+00
3.176000e-05	1.105507e-01	4.147170e+00
3.177000e-05	-1.469061e-02	4.399601e+00
3.178000e-05	-1.971872e-02	4.516373e+00
3.179000e-05	-1.592982e-02	4.734893e+00
3.180000e-05	-6.352267e-02	4.956439e+00
3.181000e-05	5.659967e-02	5.165473e+00
3.182000e-05	6.601427e-03	5.373919e+00
3.183000e-05	-3.150961e-05	5.533391e+00
3.184000e-05	-3.724614e-02	5.611182e+00
3.185000e-05	-2.101787e-03	5.851280e+00
3.186000e-05	1.257477e-02	5.998601e+00
3.187000e-05	-3.635461e-02	6.165495e+00
3.188000e-05	1.714532e-02	6.272811e+00
3.189000e-05	-9.742112e-03	6.430156e+00
3.190000e-05	-2.025565e-02	6.557572e+00
3.191000e-05	1.539424e-02	6.757021e+00
3.192000e-05	-3.185836e-02	6.883812e+00
3.193000e-05	-4.219180e-03	7.039634e+00
3.194000e-05	-8.365700e-03	7.217445e+00
3.195000e-05	-1.455955e-03	7.224838e+00
3.196000e-05	5.367703e-03	7.450808e+00
3.197000e-05	-2.836024e-02	7.610679e+00
3.198000e-05	-4.205190e-03	7.756518e+00
3.199000e-05	-1.980705e-02	7.912462e+00
3.200000e-05	6.795303e-03	8.053158e+00
3.201000e-05	-1.438671e-02	8.188570e+00
3.202000e-05	-1.126304e-02	8.322811e+00
3.203000e-05	8.788150e-04	8.390077e+00
3.204000e-05	-1.470543e-02	8.490714e+00
3.205000e-05	-1.336295e-02	8.536571e+00
3.206000e-05	-2.131554e-02	8.691810e+00
3.207000e-05	1.121163e-03	8.755522e+00
3.208000e-05	-6.417273e-03	8.849579e+00
3.209000e-05	-1.123376e-02	8.924016e+00
3.210000e-05	-1.579895e-02	9.070385e+00
3.211000e-05	-1.248528e-02	9.200052e+00
3.212000e-05	-8.992009e-03	9.250208e+00
3.213000e-05	-1.354106e-02	9.334264e+00
3.214000e-05	-9.827685e-03	9.387704e+00
3.215000e-05	-1.209766e-02	9.470787e+00
3.216000e-05	-9.844049e-03	9.565923e+00
3.217000e-05	-1.571264e-02	9.589602e+00
3.218000e-05	-1.316205e-02	9.690840e+00
3.219000e-05	-1.724225e-02	9.773490e+00
3.220000e-05	-9.101409e-03	9.797132e+00
3.221000e-05	-6.201450e-03	9.902795e+00
3.222000e-05	-1.325116e-02	9.935396e+00
3.223000e-05	-1.846655e-02	1.000605e+01
3.224000e-05	-1.667991e-02	1.003966e+01
3.225000e-05	-9.715412e-03	1.004223e+01
3.226000e-05	-1.347408e-02	1.009184e+01
3.227000e-05	-1.566476e-02	1.015287e+01
3.228000e-05	-1.600099e-02	1.015509e+01
3.229000e-05	-1.359563e-02	1.019860e+01
3.230000e-05	-1.504776e-02	1.021660e+01
3.231000e-05	-1.630284e-02	1.024066e+01
3.232000e-05	-1.707249e-02	1.024920e+01
3.233000e-05	-1.529703e-02	1.029231e+01
3.234000e-05	-1.197903e-02	1.029173e+01
3.235000e-05	-1.651942e-02	1.028178e+01
3.236000e-05	-2.032463e-02	1.028081e+01
3.237000e-05	-2.120962e-02	1.030176e+01
3.238000e-05	-1.616909e-02	1.027286e+01
3.239000e-05	-1.549073e-02	1.025271e+01
3.240000e-05	-1.852149e-02	1.027121e+01
3.241000e-05	-2.089974e-02	1.021013e+01
3.242000e-05	-2.145358e-02	1.021961e+01
3.243000e-05	-2.045149e-02	1.019550e+01
3.244000e-05	-2.237951e-02	1.016642e+01
3.245000e-05	-2.166236e-02	1.012384e+01
3.246000e-05	-2.440145e-02	1.010279e+01
3.247000e-05	-2.204705e-02	1.005171e+01
3.248000e-05	-2.333039e-02	1.007061e+01
3.249000e-05	-2.432451e-02	9.990028e+00
3.250000e-05	-2.843054e-02	9.966899e+00
3.251000e-05	-2.780119e-02	9.890737e+00
3.252000e-05	-2.567857e-02	9.825602e+00
3.253000e-05	-2.685652e-02	9.784341e+00
3.254000e-05	-2.834386e-02	9.640557e+00
3.255000e-05	-2.981846e-02	9.608002e+00
3.256000e-05	-2.957336e-02	9.544890e+00
3.257000e-05	-2.862933e-02	9.450684e+00
3.258000e-05	-3.025807e-02	9.417453e+00
3.259000e-05	-2.893769e-02	9.275337e+00
3.260000e-05	-3.160143e-02	9.260130e+00
3.261000e-05	-3.054567e-02	9.169002e+00
3.262000e-05	-3.279456e-02	9.072113e+00
3.263000e-05	-3.172106e-02	8.935453e+00
3.264000e-05	-3.242814e-02	8.820178e+00
3.265000e-05	-3.212535e-02	8.777444e+00
3.266000e-05	-3.121008e-02	8.650657e+00
3.267000e-05	-3.177863e-02	8.566397e+00
3.268000e-05	-3.156238e-02	8.461681e+00
3.269000e-05	-3.325143e-02	8.388025e+00
3.270000e-05	-3.115404e-02	8.253533e+00
3.271000e-05	-3.292843e-02	8.155872e+00
3.272000e-05	-2.925192e-02	8.039603e+00
3.273000e-05	-3.088133e-02	7.904586e+00
3.274000e-05	-2.939094e-02	7.737444e+00
3.275000e-05	-3.151982e-02	7.630032e+00
3.276000e-05	-2.861400e-02	7.583813e+00
3.277000e-05	-2.960413e-02	7.304767e+00
3.278000e-05	-2.714890e-02	7.177469e+00
3.279000e-05	-2.681759e-02	7.038603e+00
3.280000e-05	-2.634914e-02	6.892241e+00
3.281000e-05	-2.723982e-02	6.787974e+00
3.282000e-05	-2.571641e-02	6.678408e+00
3.283000e-05	-2.392988e-02	6.440607e+00
3.284000e-05	-2.306623e-02	6.305189e+00
3.285000e-05	-2.236668e-02	6.176974e+00
3.286000e-05	-2.366152e-02	6.021057e+00
3.287000e-05	-1.849963e-02	5.912742e+00
3.288000e-05	-2.223935e-02	5.663239e+00
3.289000e-05	-1.574217e-02	5.496767e+00
3.290000e-05	-1.904639e-02	5.397350e+00
3.291000e-05	-1.572620e-02	5.179528e+00
3.292000e-05	-1.611160e-02	4.958425e+00
3.293000e-05	-1.555961e-02	4.768399e+00
3.294000e-05	-1.753224e-02	4.630478e+00
3.295000e-05	-1.342665e-02	4.463208e+00
3.296000e-05	-1.235183e-02	4.324715e+00
3.297000e-05	-1.119346e-02	4.093709e+00
3.298000e-05	-1.172656e-02	3.925746e+00
3.299000e-05	-1.040591e-02	3.757821e+00
3.300000e-05	-1.046059e-02	3.590475e+00
3.301000e-05	-1.022455e-02	3.408999e+00
3.302000e-05	-1.185150e-02	3.199951e+00
3.303000e-05	-8.581100e-03	3.021103e+00
3.304000e-05	-8.737667e-03	2.865133e+00
3.305000e-05	-9.336698e-03	2.706216e+00
3.306000e-05	-9.921035e-03	2.472084e+00
3.307000e-05	-8.781396e-03	2.294712e+00
3.308000e-05	-5.521435e-03	2.075265e+00
3.309000e-05	-5.092393e-03	1.987921e+00
3.310000e-05	-7.584503e-03	1.769321e+00
3.311000e-05	-7.936051e-03	1.538291e+00
3.312000e-05	-7.925337e-03	1.319392e+00
3.313000e-05	-5.026293e-03	1.189444e+00
3.314000e-05	-4.693785e-03	9.167447e-01
3.315000e-05	-5.913274e-03	7.278174e-01
3.316000e-05	-6.322517e-03	5.473211e-01
3.317000e-05	-4.881065e-03	3.994499e-01
3.318000e-05	-3.928963e-03	1.609202e-01
3.319000e-05	-2.820759e-03	1.189480e-02
3.320000e-05	2.739628e-03	-2.093988e-01
3.321000e-05	-2.991327e-03	-3.379209e-01
3.322000e-05	2.472020e-03	-4.934357e-01
3.323000e-05	-3.162077e-03	-7.069158e-01
3.324000e-05	-2.387761e-03	-8.738419e-01
3.325000e-05	-4.022351e-03	-1.071557e+00
3.326000e-05	6.953047e-03	-1.201107e+00
3.327000e-05	4.659357e-02	-1.460705e+00
3.328000e-05	7.004066e-02	-1.659130e+00
3.329000e-05	-8.395278e-02	-1.912758e+00
3.330000e-05	-6.500987e-03	-2.095917e+00
3.331000e-05	-8.630633e-02	-2.356977e+00
3.332000e-05	-3.164843e-02	-2.431758e+00
3.333000e-05	1.883052e-01	-2.534739e+00
3.334000e-05	-1.162352e-01	-2.734892e+00
3.335000e-05	-5.501219e-03	-2.925922e+00
3.336000e-05	1.681772e-01	-3.131667e+00
3.337000e-05	-2.026079e-01	-3.313263e+00
3.338000e-05	8.371835e-02	-3.473391e+00
3.339000e-05	9.765700e-02	-3.608551e+00
3.340000e-05	-1.995876e-01	-3.849734e+00
3.341000e-05	1.402020e-01	-4.010076e+00
3.342000e-05	2.773057e-02	-4.166546e+00
3.343000e-05	-5.697783e-02	-4.386500e+00
3.344000e-05	7.167880e-02	-4.453212e+00
3.345000e-05	-1.817768e-01	-4.693363e+00
3.346000e-05	1.267090e-01	-4.874287e+00
3.347000e-05	6.472775e-02	-5.021183e+00
3.348000e-05	-9.402093e-02	-5.219178e+00
3.349000e-05	7.910872e-02	-5.379001e+00
3.350000e-05	-9.249978e-02	-5.597596e+00
3.351000e-05	9.134851e-02	-5.767521e+00
3.352000e-05	-3.789944e-02	-5.893841e+00
3.353000e-05	-2.037165e-02	-6.041212e+00
3.354000e-05	9.238315e-02	-6.198598e+00
3.355000e-05	-1.067651e-01	-6.378682e+00
3.356000e-05	9.933421e-02	-6.495320e+00
3.357000e-05	-3.788043e-02	-6.683838e+00
3.358000e-05	-3.190260e-03	-6.841229e+00
3.359000e-05	2.872219e-02	-6.955070e+00
3.360000e-05	-5.324040e-02	-7.144924e+00
3.361000e-05	1.071617e-01	-7.242186e+00
3.362000e-05	-6.415669e-02	-7.398202e+00
3.363000e-05	2.267423e-02	-7.544921e+00
3.364000e-05	-1.034026e-02	-7.692362e+00
3.365000e-05	9.352254e-03	-7.892287e+00
3.366000e-05	3.453489e-02	-7.967575e+00
3.367000e-05	-3.593465e-02	-8.113738e+00
3.368000e-05	5.763386e-02	-8.238578e+00
3.369000e-05	-2.495861e-02	-8.345343e+00
3.370000e-05	1.082630e-02	-8.408577e+00
3.371000e-05	-7.483413e-03	-8.512919e+00
3.372000e-05	1.601360e-02	-8.670318e+00
3.373000e-05	2.685708e-02	-8.817575e+00
3.374000e-05	-2.144206e-02	-8.871758e+00
3.375000e-05	2.359902e-02	-8.954424e+00
3.376000e-05	-3.336366e-03	-9.070682e+00
3.377000e-05	1.911872e-02	-9.124893e+00
3.378000e-05	-5.652903e-03	-9.198073e+00
3.379000e-05	1.030902e-02	-9.291712e+00
3.380000e-05	1.518904e-02	-9.324576e+00
3.381000e-05	2.878351e-03	-9.499841e+00
3.382000e-05	1.143937e-02	-9.596997e+00
3.383000e-05	-8.508735e-04	-9.628632e+00
3.384000e-05	6.971178e-03	-9.693690e+00
3.385000e-05	4.380594e-03	-9.733890e+00
3.386000e-05	2.107862e-02	-9.807107e+00
3.387000e-05	1.204622e-02	-9.871162e+00
3.388000e-05	1.064896e-03	-9.893867e+00
3.389000e-05	2.426191e-03	-9.915340e+00
3.390000e-05	1.057237e-02	-9.988621e+00
3.391000e-05	1.679798e-02	-1.000008e+01
3.392000e-05	5.947535e-03	-1.002071e+01
3.393000e-05	6.115084e-03	-1.006376e+01
3.394000e-05	8.777220e-03	-1.012279e+01
3.395000e-05	1.211226e-02	-1.014443e+01
3.396000e-05	1.182768e-02	-1.020602e+01
3.397000e-05	7.688439e-03	-1.016558e+01
3.398000e-05	8.004339e-03	-1.020920e+01
3.399000e-05	1.401463e-02	-1.021973e+01
3.400000e-05	1.325710e-02	-1.022181e+01
3.401000e-05	8.331198e-03	-1.025219e+01
3.402000e-05	7.196371e-03	-1.030071e+01
3.403000e-05	1.058673e-02	-1.026321e+01
3.404000e-05	1.557562e-02	-1.031119e+01
3.405000e-05	1.557180e-02	-1.023916e+01
3.406000e-05	1.412248e-02	-1.021160e+01
3.407000e-05	1.129699e-02	-1.021758e+01
3.408000e-05	1.353846e-02	-1.019655e+01
3.409000e-05	1.526896e-02	-1.015485e+01
3.410000e-05	1.707821e-02	-1.009342e+01
3.411000e-05	1.657822e-02	-1.011224e+01
3.412000e-05	1.699308e-02	-1.003066e+01
3.413000e-05	1.817646e-02	-9.979527e+00
3.414000e-05	1.848219e-02	-9.967501e+00
3.415000e-05	1.681572e-02	-9.927344e+00
3.416000e-05	1.935239e-02	-9.901737e+00
3.417000e-05	2.104732e-02	-9.871681e+00
3.418000e-05	2.248610e-02	-9.767097e+00
3.419000e-05	2.082748e-02	-9.704821e+00
3.420000e-05	2.144988e-02	-9.681785e+00
3.421000e-05	2.199234e-02	-9.661106e+00
3.422000e-05	2.228904e-02	-9.589425e+00
3.423000e-05	2.321112e-02	-9.526816e+00
3.424000e-05	2.402179e-02	-9.417005e+00
3.425000e-05	2.545105e-02	-9.333391e+00
3.426000e-05	2.455701e-02	-9.209959e+00
3.427000e-05	2.353306e-02	-9.156396e+00
3.428000e-05	2.480656e-02	-9.052185e+00
3.429000e-05	2.550717e-02	-8.956878e+00
3.430000e-05	2.548324e-02	-8.862562e+00
3.431000e-05	2.532467e-02	-8.789075e+00
3.432000e-05	2.503088e-02	-8.672865e+00
3.433000e-05	2.638666e-02	-8.585975e+00
3.434000e-05	2.580290e-02	-8.480107e+00
3.435000e-05	2.358115e-02	-8.356445e+00
3.436000e-05	2.557953e-02	-8.261635e+00
3.437000e-05	2.419424e-02	-8.115367e+00
3.438000e-05	2.637786e-02	-8.009530e+00
3.439000e-05	2.263668e-02	-7.904340e+00
3.440000e-05	2.279685e-02	-7.777367e+00
3.441000e-05	2.182698e-02	-7.589503e+00
3.442000e-05	2.295301e-02	-7.433584e+00
3.443000e-05	2.229654e-02	-7.304289e+00
3.444000e-05	2.153874e-02	-7.210079e+00
3.445000e-05	1.988731e-02	-7.032633e+00
3.446000e-05	1.918914e-02	-6.932186e+00
3.447000e-05	1.938311e-02	-6.747874e+00
3.448000e-05	1.982785e-02	-6.639053e+00
3.449000e-05	1.696398e-02	-6.474137e+00
3.450000e-05	1.519259e-02	-6.346395e+00
3.451000e-05	1.626523e-02	-6.175877e+00
3.452000e-05	1.452395e-02	-6.009474e+00
3.453000e-05	1.213531e-02	-5.891484e+00
3.454000e-05	1.130467e-02	-5.726267e+00
3.455000e-05	1.240348e-02	-5.587797e+00
3.456000e-05	1.117300e-02	-5.366992e+00
3.457000e-05	9.777154e-03	-5.168848e+00
3.458000e-05	8.524656e-03	-5.021026e+00
3.459000e-05	7.056038e-03	-4.810870e+00
3.460000e-05	7.235081e-03	-4.608953e+00
3.461000e-05	5.105501e-03	-4.503107e+00
3.462000e-05	6.257116e-03	-4.315241e+00
3.463000e-05	3.986021e-03	-4.149346e+00
3.464000e-05	5.110693e-03	-4.009999e+00
3.465000e-05	2.757475e-03	-3.833000e+00
3.466000e-05	4.433963e-03	-3.610528e+00
3.467000e-05	1.808808e-03	-3.451555e+00
3.468000e-05	2.836162e-03	-3.238588e+00
3.469000e-05	2.086283e-03	-3.106765e+00
3.470000e-05	1.481361e-03	-2.852583e+00
3.471000e-05	8.941496e-05	-2.724737e+00
3.472000e-05	-1.171852e-03	-2.527823e+00
3.473000e-05	-1.642889e-05	-2.368920e+00
3.474000e-05	4.340499e-04	-2.168162e+00
3.475000e-05	4.207043e-04	-1.966370e+00
3.476000e-05	-1.166466e-03	-1.808925e+00
3.477000e-05	-1.439745e-03	-1.580919e+00
3.478000e-05	-2.198157e-03	-1.420447e+00
3.479000e-05	-6.235355e-04	-1.169395e+00
3.480000e-05	-2.416655e-03	-1.009924e+00
3.481000e-05	-2.175752e-03	-8.399713e-01
3.482000e-05	-4.831106e-03	-6.034526e-01
3.483000e-05	-2.218562e-03	-3.908737e-01
3.484000e-05	-3.443828e-03	-2.509528e-01
3.485000e-05	1.333077e-03	-6.255533e-02
3.486000e-05	3.352775e-03	1.444920e-01
3.487000e-05	-8.514071e-04	3.469434e-01
3.488000e-05	-5.060548e-04	4.728919e-01
3.489000e-05	-1.851781e-03	6.452569e-01
3.490000e-05	-3.346854e-03	8.010253e-01
3.491000e-05	-3.361630e-03	1.038259e+00
3.492000e-05	2.173420e-03	1.251683e+00
3.493000e-05	8.265427e-03	1.408701e+00
3.494000e-05	5.966888e-02	1.714288e+00
3.495000e-05	2.825410e-02	1.893809e+00
3.496000e-05	-6.308013e-02	2.072758e+00
3.497000e-05	-3.082899e-02	2.241709e+00
3.498000e-05	-5.541876e-02	2.380126e+00
3.499000e-05	-6.161530e-02	2.535543e+00
3.500000e-05	1.524221e-01	2.746917e+00
3.501000e-05	-3.193155e-02	2.933839e+00
3.502000e-05	-1.113493e-01	3.020180e+00
3.503000e-05	1.738110e-01	3.189575e+00
3.504000e-05	-1.136366e-01	3.469683e+00
3.505000e-05	-1.127154e-02	3.609550e+00
3.506000e-05	9.859681e-02	3.736013e+00
3.507000e-05	-1.269982e-01	3.956569e+00
3.508000e-05	2.777657e-02	4.113261e+00
3.509000e-05	6.118679e-02	4.344971e+00
3.510000e-05	-4.854061e-02	4.513712e+00
3.511000e-05	8.807553e-03	4.661757e+00
3.512000e-05	-6.435724e-02	4.860762e+00
3.513000e-05	8.621155e-03	5.060786e+00
3.514000e-05	4.339226e-02	5.291383e+00
3.515000e-05	-8.535516e-03	5.430778e+00
3.516000e-05	-1.298433e-02	5.559527e+00
3.517000e-05	-3.493040e-02	5.747996e+00
3.518000e-05	2.257706e-02	5.966469e+00
3.519000e-05	-2.315271e-02	6.092787e+00
3.520000e-05	-1.233502e-02	6.218633e+00
3.521000e-05	2.412035e-02	6.397048e+00
3.522000e-05	-4.398089e-02	6.524365e+00
3.523000e-05	2.242658e-02	6.683963e+00
3.524000e-05	-2.360366e-02	6.841233e+00
3.525000e-05	-1.464781e-02	7.008502e+00
3.526000e-05	-3.161412e-03	7.073441e+00
3.527000e-05	-1.132540e-02	7.251232e+00
3.528000e-05	1.298153e-02	7.425529e+00
3.529000e-05	-2.401313e-02	7.565551e+00
3.530000e-05	-8.233613e-03	7.713362e+00
3.531000e-05	-1.775916e-02	7.840660e+00
3.532000e-05	-1.474133e-03	8.018625e+00
3.533000e-05	-5.931497e-03	8.103970e+00
3.534000e-05	-1.449924e-02	8.261283e+00
3.535000e-05	-2.031426e-03	8.384947e+00
3.536000e-05	-7.753423e-03	8.449232e+00
3.537000e-05	-1.685403e-02	8.543494e+00
3.538000e-05	-1.799028e-02	8.639181e+00
3.539000e-05	-7.686439e-03	8.753863e+00
3.540000e-05	4.044966e-04	8.829579e+00
3.541000e-05	-1.103286e-02	8.881836e+00
3.542000e-05	-1.465393e-02	9.028782e+00
3.543000e-05	-1.319881e-02	9.127021e+00
3.544000e-05	-1.087340e-02	9.240579e+00
3.545000e-05	-1.069947e-02	9.302338e+00
3.546000e-05	-1.325616e-02	9.365002e+00
3.547000e-05	-9.480946e-03	9.440835e+00
3.548000e-05	-1.138230e-02	9.513414e+00
3.549000e-05	-1.315246e-02	9.595974e+00
3.550000e-05	-1.433704e-02	9.619708e+00
3.551000e-05	-1.674228e-02	9.692420e+00
3.552000e-05	-1.219807e-02	9.784550e+00
3.553000e-05	-7.810573e-03	9.859740e+00
3.554000e-05	-7.917906e-03	9.935915e+00
3.555000e-05	-1.836938e-02	9.985999e+00
3.556000e-05	-1.811537e-02	1.005060e+01
3.557000e-05	-1.255091e-02	1.003063e+01
3.558000e-05	-1.015674e-02	1.010226e+01
3.559000e-05	-1.432715e-02	1.012229e+01
3.560000e-05	-1.685128e-02	1.014604e+01
3.561000e-05	-1.441874e-02	1.017760e+01
3.562000e-05	-1.440109e-02	1.021758e+01
3.563000e-05	-1.443476e-02	1.021921e+01
3.564000e-05	-1.712217e-02	1.030018e+01
3.565000e-05	-1.577336e-02	1.026228e+01
3.566000e-05	-1.392927e-02	1.027928e+01
3.567000e-05	-1.413726e-02	1.027228e+01
3.568000e-05	-1.873523e-02	1.028123e+01
3.569000e-05	-2.175257e-02	1.025231e+01
3.570000e-05	-1.798671e-02	1.027124e+01
3.571000e-05	-1.646570e-02	1.027274e+01
3.572000e-05	-1.694812e-02	1.029063e+01
3.573000e-05	-2.009883e-02	1.022976e+01
3.574000e-05	-2.079554e-02	1.022858e+01
3.575000e-05	-2.091086e-02	1.015700e+01
3.576000e-05	-2.127308e-02	1.017752e+01
3.577000e-05	-2.232791e-02	1.013447e+01
3.578000e-05	-2.294836e-02	1.008327e+01
3.579000e-05	-2.340433e-02	1.010174e+01
3.580000e-05	-2.401657e-02	1.005116e+01
3.581000e-05	-2.275830e-02	9.980079e+00
3.582000e-05	-2.684473e-02	9.988026e+00
3.583000e-05	-2.740055e-02	9.921844e+00
3.584000e-05	-2.762009e-02	9.810732e+00
3.585000e-05	-2.538566e-02	9.735000e+00
3.586000e-05	-2.809815e-02	9.691888e+00
3.587000e-05	-3.024754e-02	9.600609e+00
3.588000e-05	-3.029904e-02	9.544377e+00
3.589000e-05	-2.951407e-02	9.482739e+00
3.590000e-05	-3.012881e-02	9.429601e+00
3.591000e-05	-2.987591e-02	9.323893e+00
3.592000e-05	-3.123035e-02	9.262709e+00
3.593000e-05	-3.041258e-02	9.179525e+00
3.594000e-05	-3.281417e-02	9.162393e+00
3.595000e-05	-3.154529e-02	8.996678e+00
3.596000e-05	-3.299413e-02	8.902338e+00
3.597000e-05	-2.981032e-02	8.799056e+00
3.598000e-05	-3.252692e-02	8.694241e+00
3.599000e-05	-3.158096e-02	8.600028e+00
3.600000e-05	-3.327382e-02	8.522740e+00
3.601000e-05	-3.087857e-02	8.410078e+00
3.602000e-05	-3.233077e-02	8.325371e+00
3.603000e-05	-3.163384e-02	8.189452e+00
3.604000e-05	-3.142915e-02	8.082207e+00
3.605000e-05	-2.929272e-02	7.943393e+00
3.606000e-05	-2.950167e-02	7.829479e+00
3.607000e-05	-2.997252e-02	7.673211e+00
3.608000e-05	-3.111200e-02	7.567370e+00
3.609000e-05	-2.886969e-02	7.346600e+00
3.610000e-05	-2.815699e-02	7.210004e+00
3.611000e-05	-2.737928e-02	7.114736e+00
3.612000e-05	-2.741449e-02	6.956824e+00
3.613000e-05	-2.699133e-02	6.820055e+00
3.614000e-05	-2.605572e-02	6.734691e+00
3.615000e-05	-2.395128e-02	6.484812e+00
3.616000e-05	-2.245316e-02	6.346497e+00
3.617000e-05	-2.202013e-02	6.202077e+00
3.618000e-05	-2.225741e-02	6.104711e+00
3.619000e-05	-2.126150e-02	5.947497e+00
3.620000e-05	-2.081557e-02	5.788050e+00
3.621000e-05	-1.987454e-02	5.559025e+00
3.622000e-05	-1.927847e-02	5.470683e+00
3.623000e-05	-1.662591e-02	5.262685e+00
3.624000e-05	-1.614699e-02	5.084284e+00
3.625000e-05	-1.378131e-02	4.893129e+00
3.626000e-05	-1.433477e-02	4.694167e+00
3.627000e-05	-1.430403e-02	4.515740e+00
3.628000e-05	-1.406118e-02	4.370474e+00
3.629000e-05	-1.300351e-02	4.218976e+00
3.630000e-05	-1.195436e-02	3.998026e+00
3.631000e-05	-1.214668e-02	3.850078e+00
3.632000e-05	-1.173948e-02	3.632105e+00
3.633000e-05	-1.083707e-02	3.505190e+00
3.634000e-05	-8.787711e-03	3.274137e+00
3.635000e-05	-9.705009e-03	3.104263e+00
3.636000e-05	-9.045012e-03	2.946821e+00
3.637000e-05	-8.407321e-03	2.788950e+00
3.638000e-05	-7.090133e-03	2.548826e+00
3.639000e-05	-8.799868e-03	2.347892e+00
3.640000e-05	-8.201899e-03	2.197475e+00
3.641000e-05	-7.840622e-03	2.030030e+00
3.642000e-05	-6.326371e-03	1.821005e+00
3.643000e-05	-7.406377e-03	1.631480e+00
3.644000e-05	-6.479317e-03	1.433054e+00
3.645000e-05	-6.019317e-03	1.272608e+00
3.646000e-05	-5.632792e-03	1.043103e+00
3.647000e-05	-5.757097e-03	7.819987e-01
3.648000e-05	-5.175636e-03	6.214515e-01
3.649000e-05	-4.227659e-03	4.425027e-01
3.650000e-05	-5.228051e-03	3.147106e-01
3.651000e-05	-5.264146e-03	4.165526e-02
3.652000e-05	2.692918e-03	-1.263357e-01
3.653000e-05	-9.783204e-04	-2.832893e-01
3.654000e-05	-3.047859e-03	-4.201039e-01
3.655000e-05	-1.622556e-03	-6.401829e-01
3.656000e-05	-6.278054e-04	-8.296276e-01
3.657000e-05	-1.307194e-04	-9.974974e-01
3.658000e-05	2.559930e-04	-1.167989e+00
3.659000e-05	1.720730e-02	-1.375391e+00
3.660000e-05	9.419965e-02	-1.586993e+00
3.661000e-05	-4.196953e-02	-1.756995e+00
3.662000e-05	-3.409184e-02	-1.999104e+00
3.663000e-05	-4.897079e-02	-2.292359e+00
3.664000e-05	-9.656502e-02	-2.419580e+00
3.665000e-05	1.347587e-01	-2.523787e+00
3.666000e-05	5.314592e-02	-2.630204e+00
3.667000e-05	-1.831957e-01	-2.852588e+00
3.668000e-05	1.988551e-01	-3.049184e+00
3.669000e-05	-9.786702e-02	-3.186055e+00
3.670000e-05	-7.925142e-02	-3.410603e+00
3.671000e-05	1.870477e-01	-3.566920e+00
3.672000e-05	-1.331792e-01	-3.715941e+00
3.673000e-05	-2.358073e-02	-3.986501e+00
3.674000e-05	1.689365e-01	-4.062758e+00
3.675000e-05	-1.253482e-01	-4.304363e+00
3.676000e-05	9.877732e-02	-4.461602e+00
3.677000e-05	-1.141508e-01	-4.638529e+00
3.678000e-05	-3.191247e-02	-4.788632e+00
3.679000e-05	1.804190e-01	-4.986542e+00
3.680000e-05	-1.081748e-01	-5.156344e+00
3.681000e-05	5.281480e-02	-5.304365e+00
3.682000e-05	-3.836262e-02	-5.545391e+00
3.683000e-05	-1.801919e-03	-5.673791e+00
3.684000e-05	6.921778e-02	-5.850752e+00
3.685000e-05	-1.015192e-01	-5.990026e+00
3.686000e-05	1.138753e-01	-6.135445e+00
3.687000e-05	-6.409906e-02	-6.323463e+00
3.688000e-05	1.098584e-02	-6.450288e+00
3.689000e-05	6.208632e-02	-6.649579e+00
3.690000e-05	-7.742944e-02	-6.788078e+00
3.691000e-05	7.223253e-02	-6.894361e+00
3.692000e-05	-7.003203e-02	-7.100362e+00
3.693000e-05	7.453091e-02	-7.231154e+00
3.694000e-05	1.096287e-02	-7.335947e+00
3.695000e-05	-4.155121e-02	-7.503265e+00
3.696000e-05	3.589087e-02	-7.618627e+00
3.697000e-05	-3.435264e-02	-7.807626e+00
3.698000e-05	6.108721e-02	-7.958025e+00
3.699000e-05	-3.439296e-02	-8.040683e+00
3.700000e-05	2.801432e-02	-8.178101e+00
3.701000e-05	1.659815e-02	-8.271812e+00
3.702000e-05	-2.205139e-02	-8.368574e+00
3.703000e-05	2.028482e-02	-8.441659e+00
3.704000e-05	-1.636037e-02	-8.618625e+00
3.705000e-05	4.733717e-02	-8.764948e+00
3.706000e-05	-2.104378e-02	-8.820179e+00
3.707000e-05	1.307572e-02	-8.914466e+00
3.708000e-05	5.926749e-03	-8.997126e+00
3.709000e-05	6.799382e-03	-9.123812e+00
3.710000e-05	9.667011e-03	-9.175551e+00
3.711000e-05	-5.677401e-03	-9.209659e+00
3.712000e-05	2.404812e-02	-9.293462e+00
3.713000e-05	-9.015817e-06	-9.426178e+00
3.714000e-05	1.326824e-02	-9.535419e+00
3.715000e-05	4.261669e-04	-9.608080e+00
3.716000e-05	5.859001e-03	-9.633132e+00
3.717000e-05	4.676568e-03	-9.694371e+00
3.718000e-05	1.472417e-02	-9.756575e+00
3.719000e-05	1.912531e-02	-9.809656e+00
3.720000e-05	5.964664e-04	-9.903787e+00
3.721000e-05	1.762878e-03	-9.923817e+00
3.722000e-05	5.827172e-03	-9.956944e+00
3.723000e-05	1.745147e-02	-9.978151e+00
3.724000e-05	7.338967e-03	-1.001911e+01
3.725000e-05	5.914899e-03	-1.007123e+01
3.726000e-05	7.979958e-03	-1.007289e+01
3.727000e-05	1.343783e-02	-1.017290e+01
3.728000e-05	1.187480e-02	-1.016495e+01
3.729000e-05	7.346758e-03	-1.018500e+01
3.730000e-05	7.316298e-03	-1.025718e+01
3.731000e-05	1.154518e-02	-1.023874e+01
3.732000e-05	1.658184e-02	-1.021931e+01
3.733000e-05	8.038259e-03	-1.028223e+01
3.734000e-05	7.052504e-03	-1.029924e+01
3.735000e-05	8.439396e-03	-1.032028e+01
3.736000e-05	1.594536e-02	-1.027076e+01
3.737000e-05	1.625081e-02	-1.028278e+01
3.738000e-05	1.595504e-02	-1.023963e+01
3.739000e-05	1.260889e-02	-1.022013e+01
3.740000e-05	1.135422e-02	-1.019747e+01
3.741000e-05	1.278902e-02	-1.016707e+01
3.742000e-05	1.532732e-02	-1.010335e+01
3.743000e-05	1.615886e-02	-1.008267e+01
3.744000e-05	1.577933e-02	-1.006021e+01
3.745000e-05	1.870637e-02	-1.006011e+01
3.746000e-05	2.071020e-02	-9.998526e+00
3.747000e-05	1.838822e-02	-9.936946e+00
3.748000e-05	1.714938e-02	-9.913364e+00
3.749000e-05	1.993056e-02	-9.881712e+00
3.750000e-05	2.127289e-02	-9.819053e+00
3.751000e-05	2.132158e-02	-9.758400e+00
3.752000e-05	2.094674e-02	-9.712737e+00
3.753000e-05	2.157442e-02	-9.661183e+00
3.754000e-05	2.139309e-02	-9.618529e+00
3.755000e-05	2.205492e-02	-9.557451e+00
3.756000e-05	2.462105e-02	-9.459108e+00
3.757000e-05	2.728166e-02	-9.353917e+00
3.758000e-05	2.563609e-02	-9.251684e+00
3.759000e-05	2.305849e-02	-9.187476e+00
3.760000e-05	2.218485e-02	-9.111288e+00
3.761000e-05	2.495324e-02	-8.989028e+00
3.762000e-05	2.669395e-02	-8.923815e+00
3.763000e-05	2.566283e-02	-8.820104e+00
3.764000e-05	2.419517e-02	-8.755893e+00
3.765000e-05	2.512072e-02	-8.619007e+00
3.766000e-05	2.677829e-02	-8.521210e+00
3.767000e-05	2.581652e-02	-8.398521e+00
3.768000e-05	2.524431e-02	-8.283738e+00
3.769000e-05	2.460249e-02	-8.157976e+00
3.770000e-05	2.452699e-02	-8.073160e+00
3.771000e-05	2.350396e-02	-7.979451e+00
3.772000e-05	2.330413e-02	-7.780599e+00
3.773000e-05	2.217456e-02	-7.628985e+00
3.774000e-05	2.097804e-02	-7.494787e+00
3.775000e-05	2.205447e-02	-7.408444e+00
3.776000e-05	2.247360e-02	-7.221177e+00
3.777000e-05	2.288866e-02	-7.126341e+00
3.778000e-05	1.955255e-02	-6.986846e+00
3.779000e-05	1.806779e-02	-6.809003e+00
3.780000e-05	1.792883e-02	-6.683213e+00
3.781000e-05	1.808476e-02	-6.535892e+00
3.782000e-05	1.692238e-02	-6.389553e+00
3.783000e-05	1.639033e-02	-6.271132e+00
3.784000e-05	1.485455e-02	-6.052589e+00
3.785000e-05	1.367061e-02	-5.915767e+00
3.786000e-05	1.211441e-02	-5.758398e+00
3.787000e-05	1.149682e-02	-5.640454e+00
3.788000e-05	1.148310e-02	-5.483659e+00
3.789000e-05	9.262372e-03	-5.232006e+00
3.790000e-05	1.025050e-02	-5.073630e+00
3.791000e-05	8.050129e-03	-4.844012e+00
3.792000e-05	7.048909e-03	-4.681610e+00
3.793000e-05	4.806342e-03	-4.525263e+00
3.794000e-05	7.264906e-03	-4.379896e+00
3.795000e-05	4.944090e-03	-4.200977e+00
3.796000e-05	4.849161e-03	-4.041659e+00
3.797000e-05	3.168760e-03	-3.914768e+00
3.798000e-05	3.869078e-03	-3.675635e+00
3.799000e-05	2.105825e-03	-3.515192e+00
3.800000e-05	3.174714e-03	-3.356267e+00
3.801000e-05	1.605211e-03	-3.165872e+00
3.802000e-05	1.694067e-03	-2.955340e+00
3.803000e-05	1.184113e-05	-2.757897e+00
3.804000e-05	1.134583e-03	-2.601525e+00
3.805000e-05	-1.236122e-03	-2.430429e+00
3.806000e-05	7.562288e-04	-2.271557e+00
3.807000e-05	-2.955456e-04	-2.030475e+00
3.808000e-05	9.059589e-05	-1.851609e+00
3.809000e-05	-1.552036e-03	-1.643609e+00
3.810000e-05	-1.131541e-03	-1.527109e+00
3.811000e-05	-2.551983e-03	-1.223503e+00
3.812000e-05	-2.128084e-03	-1.072059e+00
3.813000e-05	-2.627645e-03	-8.731556e-01
3.814000e-05	-2.718033e-03	-7.556105e-01
3.815000e-05	-1.020224e-03	-4.436552e-01
3.816000e-05	-3.033090e-03	-3.056893e-01
3.817000e-05	-1.310000e-03	-1.081881e-01
3.818000e-05	2.321937e-03	5.273026e-02
3.819000e-05	2.508668e-03	3.018617e-01
3.820000e-05	-2.975539e-03	4.120826e-01
3.821000e-05	1.943837e-03	6.290765e-01
3.822000e-05	-3.362924e-03	7.785710e-01
3.823000e-05	-2.647052e-03	9.353436e-01
3.824000e-05	-2.352531e-03	1.207002e+00
3.825000e-05	4.988624e-03	1.326421e+00
3.826000e-05	3.240340e-02	1.547466e+00
3.827000e-05	6.807291e-02	1.781203e+00
3.828000e-05	-5.079041e-02	1.988004e+00
3.829000e-05	-3.841527e-02	2.198200e+00
3.830000e-05	-4.531921e-02	2.346996e+00
3.831000e-05	-7.322112e-02	2.470688e+00
3.832000e-05	5.261616e-02	2.679331e+00
3.833000e-05	1.264329e-01	2.829656e+00
3.834000e-05	-1.916996e-01	3.017522e+00
3.835000e-05	1.336343e-01	3.095838e+00
3.836000e-05	-6.377025e-03	3.386999e+00
3.837000e-05	-9.923147e-02	3.557549e+00
3.838000e-05	1.000645e-01	3.682205e+00
3.839000e-05	-4.006377e-02	3.900809e+00
3.840000e-05	-8.351110e-02	4.009604e+00
3.841000e-05	1.155569e-01	4.218310e+00
3.842000e-05	-4.081971e-02	4.389205e+00
3.843000e-05	-6.148119e-03	4.566550e+00
3.844000e-05	-3.410286e-02	4.797972e+00
3.845000e-05	-4.621756e-02	4.956696e+00
3.846000e-05	6.505904e-02	5.207054e+00
3.847000e-05	-4.905300e-03	5.386548e+00
3.848000e-05	-4.850759e-04	5.525390e+00
3.849000e-05	-4.510977e-02	5.662259e+00
3.850000e-05	1.203252e-02	5.882311e+00
3.851000e-05	6.092716e-04	6.020182e+00
3.852000e-05	-3.519472e-02	6.167474e+00
3.853000e-05	2.581600e-02	6.312966e+00
3.854000e-05	-2.664782e-02	6.430682e+00
3.855000e-05	-2.814869e-03	6.590857e+00
3.856000e-05	4.262083e-03	6.776553e+00
3.857000e-05	-3.148839e-02	6.943972e+00
3.858000e-05	4.722565e-04	7.062757e+00
3.859000e-05	-1.124807e-02	7.208581e+00
3.860000e-05	5.824563e-03	7.282465e+00
3.861000e-05	-5.818718e-03	7.471987e+00
3.862000e-05	-2.226117e-02	7.671263e+00
3.863000e-05	-7.702796e-03	7.778072e+00
3.864000e-05	-1.359247e-02	7.924925e+00
3.865000e-05	3.571620e-03	8.122863e+00
3.866000e-05	-1.595221e-02	8.188575e+00
3.867000e-05	-9.426602e-03	8.283892e+00
3.868000e-05	6.819900e-04	8.409604e+00
3.869000e-05	-1.672552e-02	8.493765e+00
3.870000e-05	-1.385662e-02	8.596548e+00
3.871000e-05	-1.987549e-02	8.671765e+00
3.872000e-05	2.563387e-03	8.776549e+00
3.873000e-05	-8.576679e-03	8.861708e+00
3.874000e-05	-1.186526e-02	8.984571e+00
3.875000e-05	-1.487875e-02	9.091441e+00
3.876000e-05	-1.324365e-02	9.196475e+00
3.877000e-05	-7.634767e-03	9.261233e+00
3.878000e-05	-1.308562e-02	9.333845e+00
3.879000e-05	-7.438524e-03	9.428678e+00
3.880000e-05	-1.382455e-02	9.472335e+00
3.881000e-05	-1.135145e-02	9.543496e+00
3.882000e-05	-1.390949e-02	9.630126e+00
3.883000e-05	-1.357859e-02	9.712367e+00
3.884000e-05	-1.528555e-02	9.824523e+00
3.885000e-05	-1.019135e-02	9.849208e+00
3.886000e-05	-6.158072e-03	9.914368e+00
3.887000e-05	-1.470345e-02	1.000747e+01
3.888000e-05	-1.735958e-02	9.999605e+00
3.889000e-05	-1.700501e-02	1.005073e+01
3.890000e-05	-1.057939e-02	1.010178e+01
3.891000e-05	-1.366678e-02	1.009329e+01
3.892000e-05	-1.592672e-02	1.013389e+01
3.893000e-05	-1.554936e-02	1.016457e+01
3.894000e-05	-1.537752e-02	1.021708e+01
3.895000e-05	-1.368890e-02	1.023915e+01
3.896000e-05	-1.679150e-02	1.025966e+01
3.897000e-05	-1.686927e-02	1.022273e+01
3.898000e-05	-1.540597e-02	1.026976e+01
3.899000e-05	-1.206829e-02	1.027331e+01
3.900000e-05	-1.727597e-02	1.029278e+01
3.901000e-05	-2.047555e-02	1.028231e+01
3.902000e-05	-2.028331e-02	1.029129e+01
3.903000e-05	-1.671658e-02	1.022321e+01
3.904000e-05	-1.611212e-02	1.030176e+01
3.905000e-05	-2.130764e-02	1.027921e+01
3.906000e-05	-2.013426e-02	1.025118e+01
3.907000e-05	-2.145435e-02	1.021813e+01
3.908000e-05	-2.128862e-02	1.020715e+01
3.909000e-05	-2.244711e-02	1.015492e+01
3.910000e-05	-2.190986e-02	1.009341e+01
3.911000e-05	-2.233440e-02	1.009279e+01
3.912000e-05	-2.294694e-02	1.004068e+01
3.913000e-05	-2.500731e-02	1.005118e+01
3.914000e-05	-2.553501e-02	9.968499e+00
3.915000e-05	-2.669041e-02	9.945390e+00
3.916000e-05	-2.639264e-02	9.892815e+00
3.917000e-05	-2.536326e-02	9.756026e+00
3.918000e-05	-2.770452e-02	9.744939e+00
3.919000e-05	-2.819562e-02	9.640632e+00
3.920000e-05	-3.011220e-02	9.575999e+00
3.921000e-05	-3.056398e-02	9.504311e+00
3.922000e-05	-2.992922e-02	9.430161e+00
3.923000e-05	-3.002817e-02	9.364949e+00
3.924000e-05	-2.890279e-02	9.293288e+00
3.925000e-05	-3.142927e-02	9.230605e+00
3.926000e-05	-3.214246e-02	9.127046e+00
3.927000e-05	-3.174746e-02	9.042159e+00
3.928000e-05	-3.140106e-02	8.914393e+00
3.929000e-05	-3.141555e-02	8.849656e+00
3.930000e-05	-3.193753e-02	8.755369e+00
3.931000e-05	-3.099616e-02	8.609207e+00
3.932000e-05	-3.213077e-02	8.555893e+00
3.933000e-05	-3.081916e-02	8.441681e+00
3.934000e-05	-3.305260e-02	8.366898e+00
3.935000e-05	-3.119962e-02	8.239054e+00
3.936000e-05	-3.145216e-02	8.134411e+00
3.937000e-05	-2.857536e-02	7.988050e+00
3.938000e-05	-3.148127e-02	7.892683e+00
3.939000e-05	-2.970907e-02	7.714865e+00
3.940000e-05	-3.039255e-02	7.599076e+00
3.941000e-05	-2.824666e-02	7.452686e+00
3.942000e-05	-2.775699e-02	7.281733e+00
3.943000e-05	-2.744700e-02	7.146342e+00
3.944000e-05	-2.712898e-02	7.041125e+00
3.945000e-05	-2.728897e-02	6.842684e+00
3.946000e-05	-2.649834e-02	6.767917e+00
3.947000e-05	-2.467396e-02	6.599976e+00
3.948000e-05	-2.319616e-02	6.430079e+00
3.949000e-05	-2.223505e-02	6.293186e+00
3.950000e-05	-2.158307e-02	6.155375e+00
3.951000e-05	-2.124372e-02	6.001023e+00
3.952000e-05	-2.101958e-02	5.861712e+00
3.953000e-05	-2.032792e-02	5.631630e+00
3.954000e-05	-1.886248e-02	5.482787e+00
3.955000e-05	-1.674658e-02	5.336343e+00
3.956000e-05	-1.683097e-02	5.126446e+00
3.957000e-05	-1.585084e-02	4.887340e+00
3.958000e-05	-1.565016e-02	4.746417e+00
3.959000e-05	-1.415260e-02	4.559476e+00
3.960000e-05	-1.439193e-02	4.410003e+00
3.961000e-05	-1.281809e-02	4.311612e+00
3.962000e-05	-1.231689e-02	4.042107e+00
3.963000e-05	-1.119799e-02	3.893686e+00
3.964000e-05	-1.174167e-02	3.756817e+00
3.965000e-05	-1.054762e-02	3.587923e+00
3.966000e-05	-1.059501e-02	3.317845e+00
3.967000e-05	-9.900652e-03	3.168447e+00
3.968000e-05	-9.832347e-03	3.029554e+00
3.969000e-05	-9.243704e-03	2.822054e+00
3.970000e-05	-8.443156e-03	2.663662e+00
3.971000e-05	-9.504699e-03	2.400505e+00
3.972000e-05	-8.315798e-03	2.242531e+00
3.973000e-05	-6.830094e-03	2.073634e+00
3.974000e-05	-7.169394e-03	1.926667e+00
3.975000e-05	-6.633507e-03	1.665165e+00
3.976000e-05	-7.403658e-03	1.506342e+00
3.977000e-05	-6.305770e-03	1.328242e+00
3.978000e-05	-6.618044e-03	1.157769e+00
3.979000e-05	-5.825523e-03	8.936827e-01
3.980000e-05	-6.378484e-03	7.151644e-01
3.981000e-05	-5.741740e-03	5.057384e-01
3.982000e-05	-4.092572e-03	3.468959e-01
3.983000e-05	-4.651153e-03	9.769190e-02
3.984000e-05	-1.216746e-04	-3.320796e-02
3.985000e-05	2.340834e-03	-2.101249e-01
3.986000e-05	-3.344697e-03	-3.890000e-01
3.987000e-05	1.728020e-03	-5.879949e-01
3.988000e-05	-4.060196e-03	-7.564747e-01
3.989000e-05	2.950069e-04	-9.263895e-01
3.990000e-05	-2.406831e-03	-1.083733e+00
3.991000e-05	8.938313e-03	-1.261258e+00
3.992000e-05	6.543313e-02	-1.475807e+00
3.993000e-05	3.719440e-02	-1.642707e+00
3.994000e-05	-7.557463e-02	-1.904840e+00
3.995000e-05	-1.070422e-02	-2.188551e+00
3.996000e-05	-9.847347e-02	-2.400550e+00
3.997000e-05	2.075484e-02	-2.463631e+00
3.998000e-05	1.707600e-01	-2.548395e+00
3.999000e-05	-1.679369e-01	-2.778524e+00
4.000000e-05	7.959749e-02	-2.946076e+00
4.001000e-05	7.971534e-02	-3.124942e+00
4.002000e-05	-2.015682e-01	-3.324471e+00
4.003000e-05	1.471403e-01	-3.472761e+00
4.004000e-05	2.280540e-02	-3.630608e+00
4.005000e-05	-1.739937e-01	-3.911913e+00
4.006000e-05	1.840663e-01	-4.030028e+00
4.007000e-05	-5.055720e-02	-4.198629e+00
4.008000e-05	4.283215e-03	-4.408029e+00
4.009000e-05	1.836461e-02	-4.493266e+00
4.010000e-05	-1.627846e-01	-4.725497e+00
4.011000e-05	1.704283e-01	-4.903793e+00
4.012000e-05	-4.125737e-03	-5.062734e+00
4.013000e-05	-4.771266e-02	-5.271736e+00
4.014000e-05	5.235303e-02	-5.431179e+00
4.015000e-05	-8.387927e-02	-5.670705e+00
4.016000e-05	1.113551e-01	-5.806527e+00
4.017000e-05	-8.093992e-02	-5.944992e+00
4.018000e-05	3.416107e-02	-6.092837e+00
4.019000e-05	4.477804e-02	-6.281283e+00
4.020000e-05	-8.672663e-02	-6.439232e+00
4.021000e-05	1.124310e-01	-6.546050e+00
4.022000e-05	-7.235946e-02	-6.724368e+00
4.023000e-05	3.701668e-02	-6.851733e+00
4.024000e-05	-1.054814e-02	-6.958202e+00
4.025000e-05	-1.650340e-02	-7.197474e+00
4.026000e-05	9.102571e-02	-7.302840e+00
4.027000e-05	-7.422612e-02	-7.438678e+00
4.028000e-05	4.192055e-02	-7.575949e+00
4.029000e-05	-3.164142e-02	-7.701914e+00
4.030000e-05	3.482880e-02	-7.904442e+00
4.031000e-05	1.041710e-02	-7.998630e+00
4.032000e-05	-1.957882e-02	-8.123920e+00
4.033000e-05	5.236347e-02	-8.230609e+00
4.034000e-05	-3.442878e-02	-8.346425e+00
4.035000e-05	2.250225e-02	-8.440132e+00
4.036000e-05	-1.742418e-02	-8.566076e+00
4.037000e-05	3.227848e-02	-8.711865e+00
4.038000e-05	8.864261e-03	-8.817555e+00
4.039000e-05	-1.194962e-02	-8.871338e+00
4.040000e-05	2.116220e-02	-8.975973e+00
4.041000e-05	-3.664787e-03	-9.070784e+00
4.042000e-05	2.056064e-02	-9.114945e+00
4.043000e-05	-1.085588e-02	-9.228630e+00
4.044000e-05	1.776963e-02	-9.282661e+00
4.045000e-05	7.612423e-03	-9.365048e+00
4.046000e-05	7.525472e-03	-9.512919e+00
4.047000e-05	7.663600e-03	-9.586524e+00
4.048000e-05	8.483993e-04	-9.639210e+00
4.049000e-05	6.680421e-03	-9.661813e+00
4.050000e-05	7.157133e-03	-9.754924e+00
4.051000e-05	2.343869e-02	-9.798607e+00
4.052000e-05	7.870371e-03	-9.861234e+00
4.053000e-05	8.239014e-04	-9.913791e+00
4.054000e-05	1.583206e-03	-9.944971e+00
4.055000e-05	1.432461e-02	-9.997525e+00
4.056000e-05	1.469933e-02	-1.001960e+01
4.057000e-05	5.888639e-03	-1.002961e+01
4.058000e-05	6.723888e-03	-1.005321e+01
4.059000e-05	1.032534e-02	-1.011489e+01
4.060000e-05	1.285704e-02	-1.014355e+01
4.061000e-05	1.006179e-02	-1.019600e+01
4.062000e-05	6.823874e-03	-1.024758e+01
4.063000e-05	9.616135e-03	-1.024011e+01
4.064000e-05	1.493049e-02	-1.024881e+01
4.065000e-05	1.279018e-02	-1.026039e+01
4.066000e-05	8.819676e-03	-1.025081e+01
4.067000e-05	7.237237e-03	-1.025181e+01
4.068000e-05	1.148626e-02	-1.025929e+01
4.069000e-05	1.481119e-02	-1.027128e+01
4.070000e-05	1.625735e-02	-1.024024e+01
4.071000e-05	1.402413e-02	-1.019866e+01
4.072000e-05	1.181386e-02	-1.020863e+01
4.073000e-05	1.301264e-02	-1.022555e+01
4.074000e-05	1.596466e-02	-1.013545e+01
4.075000e-05	1.667216e-02	-1.012184e+01
4.076000e-05	1.560239e-02	-1.008228e+01
4.077000e-05	1.641979e-02	-1.005158e+01
4.078000e-05	1.969839e-02	-1.000803e+01
4.079000e-05	1.874251e-02	-9.957499e+00
4.080000e-05	1.687679e-02	-9.904392e+00
4.081000e-05	1.947128e-02	-9.881736e+00
4.082000e-05	2.214121e-02	-9.851084e+00
4.083000e-05	2.176081e-02	-9.798055e+00
4.084000e-05	2.141131e-02	-9.704366e+00
4.085000e-05	2.148525e-02	-9.681135e+00
4.086000e-05	2.242205e-02	-9.600528e+00
4.087000e-05	2.159285e-02	-9.567925e+00
4.088000e-05	2.266256e-02	-9.491790e+00
4.089000e-05	2.498105e-02	-9.396500e+00
4.090000e-05	2.603157e-02	-9.313190e+00
4.091000e-05	2.468072e-02	-9.218528e+00
4.092000e-05	2.383305e-02	-9.134766e+00
4.093000e-05	2.427985e-02	-9.030680e+00
4.094000e-05	2.554224e-02	-8.934849e+00
4.095000e-05	2.616218e-02	-8.870687e+00
4.096000e-05	2.545539e-02	-8.798924e+00
4.097000e-05	2.519859e-02	-8.664187e+00
4.098000e-05	2.470516e-02	-8.521822e+00
4.099000e-05	2.525664e-02	-8.430108e+00
4.100000e-05	2.552179e-02	-8.324770e+00
4.101000e-05	2.444914e-02	-8.220107e+00
4.102000e-05	2.472099e-02	-8.074238e+00
4.103000e-05	2.511329e-02	-8.060051e+00
4.104000e-05	2.334710e-02	-7.879205e+00
4.105000e-05	2.192282e-02	-7.703216e+00
4.106000e-05	2.106026e-02	-7.596419e+00
4.107000e-05	2.245533e-02	-7.450104e+00
4.108000e-05	2.344333e-02	-7.313713e+00
4.109000e-05	2.228870e-02	-7.189449e+00
4.110000e-05	2.011185e-02	-7.020636e+00
4.111000e-05	1.886386e-02	-6.871632e+00
4.112000e-05	1.949769e-02	-6.715266e+00
4.113000e-05	1.910617e-02	-6.578396e+00
4.114000e-05	1.695890e-02	-6.471681e+00
4.115000e-05	1.579311e-02	-6.357345e+00
4.116000e-05	1.483153e-02	-6.144244e+00
4.117000e-05	1.458325e-02	-5.988024e+00
4.118000e-05	1.355368e-02	-5.841084e+00
4.119000e-05	1.207207e-02	-5.694637e+00
4.120000e-05	1.108778e-02	-5.535992e+00
4.121000e-05	9.240308e-03	-5.344194e+00
4.122000e-05	9.652152e-03	-5.125766e+00
4.123000e-05	9.202803e-03	-4.947797e+00
4.124000e-05	7.486191e-03	-4.744240e+00
4.125000e-05	4.934047e-03	-4.597401e+00
4.126000e-05	6.355982e-03	-4.440529e+00
4.127000e-05	7.370467e-03	-4.274183e+00
4.128000e-05	4.216909e-03	-4.125720e+00
4.129000e-05	3.390503e-03	-3.989875e+00
4.130000e-05	2.710114e-03	-3.767346e+00
4.131000e-05	4.489413e-03	-3.618872e+00
4.132000e-05	2.611762e-03	-3.409525e+00
4.133000e-05	2.177349e-03	-3.252580e+00
4.134000e-05	2.127270e-03	-3.032506e+00
4.135000e-05	1.262937e-04	-2.881576e+00
4.136000e-05	1.225404e-03	-2.693138e+00
4.137000e-05	-9.346932e-04	-2.485641e+00
4.138000e-05	4.820433e-05	-2.367721e+00
4.139000e-05	-7.821246e-04	-2.116612e+00
4.140000e-05	9.083691e-04	-1.927216e+00
4.141000e-05	-1.168334e-03	-1.707795e+00
4.142000e-05	-1.113106e-04	-1.578449e+00
4.143000e-05	-3.460407e-03	-1.356212e+00
4.144000e-05	-1.878545e-03	-1.135767e+00
4.145000e-05	-1.979775e-03	-9.587421e-01
4.146000e-05	-1.097810e-03	-8.079973e-01
4.147000e-05	-3.327942e-03	-5.576922e-01
4.148000e-05	-3.472796e-03	-3.388460e-01
4.149000e-05	-2.959482e-03	-1.798237e-01
4.150000e-05	1.056087e-03	-1.476378e-03
4.151000e-05	4.081129e-03	1.571160e-01
4.152000e-05	-3.266967e-03	3.895224e-01
4.153000e-05	1.954120e-03	5.283659e-01
4.154000e-05	-2.810715e-03	7.138607e-01
4.155000e-05	-1.689493e-03	8.321291e-01
4.156000e-05	-4.055197e-03	1.093838e+00
4.157000e-05	3.587940e-03	1.261285e+00
4.158000e-05	1.320960e-02	1.432285e+00
4.159000e-05	6.985423e-02	1.683416e+00
4.160000e-05	9.621772e-04	1.947968e+00
4.161000e-05	-5.691636e-02	2.064915e+00
4.162000e-05	-3.349295e-02	2.284307e+00
4.163000e-05	-6.304385e-02	2.411102e+00
4.164000e-05	-3.818233e-02	2.565991e+00
4.165000e-05	1.760717e-01	2.766998e+00
4.166000e-05	-1.090405e-01	2.926342e+00
4.167000e-05	-2.629779e-02	3.060632e+00
4.168000e-05	1.307834e-01	3.210677e+00
4.169000e-05	-1.294045e-01	3.515414e+00
4.170000e-05	3.406709e-02	3.619553e+00
4.171000e-05	6.180912e-02	3.787646e+00
4.172000e-05	-1.395530e-01	3.988022e+00
4.173000e-05	7.952488e-02	4.106545e+00
4.174000e-05	2.598296e-02	4.356495e+00
4.175000e-05	-3.854073e-02	4.533843e+00
4.176000e-05	-2.480669e-03	4.723341e+00
4.177000e-05	-6.990885e-02	4.922437e+00
4.178000e-05	4.039395e-02	5.114446e+00
4.179000e-05	2.571619e-02	5.313765e+00
4.180000e-05	-7.289904e-03	5.482684e+00
4.181000e-05	-2.803950e-02	5.607601e+00
4.182000e-05	-1.669236e-02	5.798150e+00
4.183000e-05	2.295601e-02	5.967047e+00
4.184000e-05	-3.318968e-02	6.113813e+00
4.185000e-05	3.021480e-04	6.251657e+00
4.186000e-05	1.025732e-02	6.399125e+00
4.187000e-05	-3.332565e-02	6.505417e+00
4.188000e-05	2.443988e-02	6.726495e+00
4.189000e-05	-3.270752e-02	6.872787e+00
4.190000e-05	-9.723592e-03	7.020154e+00
4.191000e-05	-5.358906e-03	7.136991e+00
4.192000e-05	-4.815062e-03	7.250185e+00
4.193000e-05	1.262746e-02	7.437227e+00
4.194000e-05	-2.995020e-02	7.618626e+00
4.195000e-05	-6.258069e-03	7.714894e+00
4.196000e-05	-1.813563e-02	7.882258e+00
4.197000e-05	5.943339e-03	8.016279e+00
4.198000e-05	-1.215915e-02	8.156041e+00
4.199000e-05	-1.603010e-02	8.283286e+00
4.200000e-05	1.736160e-03	8.387019e+00
4.201000e-05	-1.005450e-02	8.460734e+00
4.202000e-05	-1.526002e-02	8.495493e+00
4.203000e-05	-2.269111e-02	8.659782e+00
4.204000e-05	-2.738717e-03	8.744420e+00
4.205000e-05	-1.836684e-03	8.830077e+00
4.206000e-05	-9.638401e-03	8.912420e+00
4.207000e-05	-1.599505e-02	9.039229e+00
4.208000e-05	-1.373062e-02	9.165497e+00
4.209000e-05	-1.039049e-02	9.241232e+00
4.210000e-05	-1.123977e-02	9.311917e+00
4.211000e-05	-1.006048e-02	9.386602e+00
4.212000e-05	-1.132027e-02	9.440235e+00
4.213000e-05	-1.180415e-02	9.563968e+00
4.214000e-05	-1.369621e-02	9.576078e+00
4.215000e-05	-1.254853e-02	9.640260e+00
4.216000e-05	-1.627787e-02	9.734390e+00
4.217000e-05	-1.099178e-02	9.847678e+00
4.218000e-05	-6.907197e-03	9.880840e+00
4.219000e-05	-9.799483e-03	9.926444e+00
4.220000e-05	-1.913248e-02	9.987501e+00
4.221000e-05	-1.933295e-02	1.004168e+01
4.222000e-05	-1.227656e-02	1.007223e+01
4.223000e-05	-1.099890e-02	1.008231e+01
4.224000e-05	-1.361139e-02	1.011294e+01
4.225000e-05	-1.619447e-02	1.018447e+01
4.226000e-05	-1.405609e-02	1.020757e+01
4.227000e-05	-1.536782e-02	1.022810e+01
4.228000e-05	-1.531337e-02	1.019806e+01
4.229000e-05	-1.707157e-02	1.023068e+01
4.230000e-05	-1.730435e-02	1.026068e+01
4.231000e-05	-1.395100e-02	1.028274e+01
4.232000e-05	-1.488650e-02	1.025081e+01
4.233000e-05	-1.922686e-02	1.027271e+01
4.234000e-05	-2.261094e-02	1.027171e+01
4.235000e-05	-1.791356e-02	1.028226e+01
4.236000e-05	-1.494852e-02	1.025113e+01
4.237000e-05	-1.730139e-02	1.027171e+01
4.238000e-05	-2.071849e-02	1.022961e+01
4.239000e-05	-2.190673e-02	1.016916e+01
4.240000e-05	-2.026210e-02	1.020755e+01
4.241000e-05	-2.150160e-02	1.014450e+01
4.242000e-05	-2.161194e-02	1.011535e+01
4.243000e-05	-2.440313e-02	1.011331e+01
4.244000e-05	-2.377754e-02	1.008121e+01
4.245000e-05	-2.320024e-02	1.002066e+01
4.246000e-05	-2.391119e-02	1.000955e+01
4.247000e-05	-2.700020e-02	9.976471e+00
4.248000e-05	-2.779757e-02	9.923857e+00
4.249000e-05	-2.480443e-02	9.889627e+00
4.250000e-05	-2.732853e-02	9.753996e+00
4.251000e-05	-2.770526e-02	9.680787e+00
4.252000e-05	-3.086595e-02	9.617933e+00
4.253000e-05	-2.997319e-02	9.515339e+00
4.254000e-05	-2.898850e-02	9.472711e+00
4.255000e-05	-2.985020e-02	9.420604e+00
4.256000e-05	-2.842290e-02	9.293769e+00
4.257000e-05	-3.202988e-02	9.260661e+00
4.258000e-05	-3.047516e-02	9.198601e+00
4.259000e-05	-3.343643e-02	9.111337e+00
4.260000e-05	-3.040332e-02	8.935999e+00
4.261000e-05	-3.299184e-02	8.840186e+00
4.262000e-05	-3.020474e-02	8.778998e+00
4.263000e-05	-3.252989e-02	8.691212e+00
4.264000e-05	-3.087722e-02	8.558020e+00
4.265000e-05	-3.283648e-02	8.493740e+00
4.266000e-05	-3.133493e-02	8.388082e+00
4.267000e-05	-3.225931e-02	8.272760e+00
4.268000e-05	-3.057583e-02	8.146844e+00
4.269000e-05	-2.990466e-02	8.020080e+00
4.270000e-05	-3.078654e-02	7.914391e+00
4.271000e-05	-3.089996e-02	7.747898e+00
4.272000e-05	-3.051263e-02	7.640683e+00
4.273000e-05	-2.996702e-02	7.505867e+00
4.274000e-05	-2.797499e-02	7.355321e+00
4.275000e-05	-2.751911e-02	7.198505e+00
4.276000e-05	-2.741343e-02	7.082636e+00
4.277000e-05	-2.713008e-02	6.963791e+00
4.278000e-05	-2.769013e-02	6.798498e+00
4.279000e-05	-2.448905e-02	6.672708e+00
4.280000e-05	-2.428124e-02	6.492159e+00
4.281000e-05	-2.276963e-02	6.334844e+00
4.282000e-05	-2.209473e-02	6.209003e+00
4.283000e-05	-2.065761e-02	6.071605e+00
4.284000e-05	-2.104727e-02	5.926418e+00
4.285000e-05	-2.071696e-02	5.725341e+00
4.286000e-05	-1.980829e-02	5.557417e+00
4.287000e-05	-1.661539e-02	5.409027e+00
4.288000e-05	-1.717219e-02	5.250631e+00
4.289000e-05	-1.540697e-02	4.988504e+00
4.290000e-05	-1.564216e-02	4.759527e+00
4.291000e-05	-1.395773e-02	4.653629e+00
4.292000e-05	-1.474008e-02	4.453608e+00
4.293000e-05	-1.271032e-02	4.347372e+00
4.294000e-05	-1.246938e-02	4.097188e+00
4.295000e-05	-1.141026e-02	3.936895e+00
4.296000e-05	-1.187487e-02	3.769497e+00
4.297000e-05	-1.150262e-02	3.661080e+00
4.298000e-05	-1.118047e-02	3.444485e+00
4.299000e-05	-9.294926e-03	3.240577e+00
4.300000e-05	-8.784426e-03	3.095188e+00
4.301000e-05	-9.337886e-03	2.914163e+00
4.302000e-05	-1.000733e-02	2.788395e+00
4.303000e-05	-8.800642e-03	2.533817e+00
4.304000e-05	-8.178457e-03	2.326221e+00
4.305000e-05	-7.728692e-03	2.138344e+00
4.306000e-05	-6.809397e-03	1.999473e+00
4.307000e-05	-6.792321e-03	1.809449e+00
4.308000e-05	-5.882323e-03	1.622375e+00
4.309000e-05	-6.911033e-03	1.390424e+00
4.310000e-05	-7.446068e-03	1.231400e+00
4.311000e-05	-5.986062e-03	9.382922e-01
4.312000e-05	-5.313704e-03	7.893722e-01
4.313000e-05	-5.564462e-03	5.994511e-01
4.314000e-05	-5.037330e-03	4.210538e-01
4.315000e-05	-5.057349e-03	2.019264e-01
4.316000e-05	-3.644993e-03	2.097638e-02
4.317000e-05	3.469666e-03	-1.374171e-01
4.318000e-05	-1.958184e-03	-3.363433e-01
4.319000e-05	6.640547e-04	-4.742103e-01
4.320000e-05	-2.285139e-03	-6.828391e-01
4.321000e-05	-2.040722e-03	-8.622092e-01
4.322000e-05	-2.976692e-03	-9.791002e-01
4.323000e-05	4.030295e-03	-1.176525e+00
4.324000e-05	2.818001e-02	-1.367973e+00
4.325000e-05	9.110416e-02	-1.599025e+00
4.326000e-05	-6.920351e-02	-1.850178e+00
4.327000e-05	-1.505981e-02	-2.052734e+00
4.328000e-05	-6.988762e-02	-2.354945e+00
4.329000e-05	-7.337178e-02	-2.482257e+00
4.330000e-05	1.727047e-01	-2.466362e+00
4.331000e-05	-3.182872e-02	-2.672762e+00
4.332000e-05	-1.067082e-01	-2.912312e+00
4.333000e-05	2.174057e-01	-3.053236e+00
4.334000e-05	-1.599734e-01	-3.232158e+00
4.335000e-05	-2.848794e-03	-3.483183e+00
4.336000e-05	1.544666e-01	-3.589473e+00
4.337000e-05	-1.773222e-01	-3.758156e+00
4.338000e-05	6.535507e-02	-4.017000e+00
4.339000e-05	1.062703e-01	-4.114467e+00
4.340000e-05	-1.049419e-01	-4.355447e+00
4.341000e-05	1.002880e-01	-4.453629e+00
4.342000e-05	-1.613510e-01	-4.660187e+00
4.343000e-05	5.360536e-02	-4.821181e+00
4.344000e-05	1.327620e-01	-5.008628e+00
4.345000e-05	-1.155591e-01	-5.177601e+00
4.346000e-05	7.686467e-02	-5.345995e+00
4.347000e-05	-7.422710e-02	-5.567600e+00
4.348000e-05	5.072416e-02	-5.754993e+00
4.349000e-05	1.937941e-02	-5.881259e+00
4.350000e-05	-7.316405e-02	-6.059080e+00
4.351000e-05	1.166175e-01	-6.167649e+00
4.352000e-05	-9.609401e-02	-6.398524e+00
4.353000e-05	6.361645e-02	-6.514315e+00
4.354000e-05	1.309295e-02	-6.650179e+00
4.355000e-05	-4.740482e-02	-6.798526e+00
4.356000e-05	5.766471e-02	-6.914495e+00
4.357000e-05	-7.213259e-02	-7.123967e+00
4.358000e-05	1.030327e-01	-7.241732e+00
4.359000e-05	-3.184821e-02	-7.378024e+00
4.360000e-05	-1.128358e-02	-7.524266e+00
4.361000e-05	1.312799e-02	-7.680284e+00
4.362000e-05	-1.496640e-02	-7.838704e+00
4.363000e-05	5.568587e-02	-8.016476e+00
4.364000e-05	-4.423270e-02	-8.072814e+00
4.365000e-05	4.496107e-02	-8.187626e+00
4.366000e-05	-4.636846e-03	-8.313312e+00
4.367000e-05	-3.152656e-03	-8.377528e+00
4.368000e-05	8.488530e-03	-8.492364e+00
4.369000e-05	-4.994095e-03	-8.679258e+00
4.370000e-05	4.033700e-02	-8.746002e+00
4.371000e-05	-2.414554e-02	-8.850186e+00
4.372000e-05	2.226631e-02	-8.935919e+00
4.373000e-05	-1.096212e-04	-8.979682e+00
4.374000e-05	1.306428e-02	-9.125315e+00
4.375000e-05	5.320597e-04	-9.178551e+00
4.376000e-05	1.749095e-03	-9.231783e+00
4.377000e-05	2.277175e-02	-9.365441e+00
4.378000e-05	-7.426273e-04	-9.499785e+00
4.379000e-05	1.275287e-02	-9.555020e+00
4.380000e-05	-5.728585e-05	-9.620131e+00
4.381000e-05	8.667788e-03	-9.652183e+00
4.382000e-05	3.047587e-03	-9.724369e+00
4.383000e-05	1.632338e-02	-9.796978e+00
4.384000e-05	1.584860e-02	-9.861158e+00
4.385000e-05	1.690835e-03	-9.902816e+00
4.386000e-05	3.258010e-03	-9.924920e+00
4.387000e-05	8.186265e-03	-9.977500e+00
4.388000e-05	1.684246e-02	-9.988477e+00
4.389000e-05	7.303391e-03	-1.001913e+01
4.390000e-05	5.563521e-03	-1.006031e+01
4.391000e-05	9.685861e-03	-1.014236e+01
4.392000e-05	1.224826e-02	-1.013594e+01
4.393000e-05	1.162374e-02	-1.020460e+01
4.394000e-05	7.167516e-03	-1.018758e+01
4.395000e-05	8.316615e-03	-1.023768e+01
4.396000e-05	1.324606e-02	-1.021971e+01
4.397000e-05	1.414570e-02	-1.030076e+01
4.398000e-05	9.924011e-03	-1.029226e+01
4.399000e-05	7.393858e-03	-1.029174e+01
4.400000e-05	1.037847e-02	-1.027182e+01
4.401000e-05	1.477286e-02	-1.027231e+01
4.402000e-05	1.491584e-02	-1.023076e+01
4.403000e-05	1.444205e-02	-1.025876e+01
4.404000e-05	1.275155e-02	-1.024620e+01
4.405000e-05	1.329752e-02	-1.018552e+01
4.406000e-05	1.540123e-02	-1.016403e+01
4.407000e-05	1.614488e-02	-1.013434e+01
4.408000e-05	1.558684e-02	-1.005231e+01
4.409000e-05	1.669093e-02	-1.007121e+01
4.410000e-05	1.953866e-02	-1.002961e+01
4.411000e-05	1.945389e-02	-9.988504e+00
4.412000e-05	1.659187e-02	-9.953896e+00
4.413000e-05	1.807699e-02	-9.903862e+00
4.414000e-05	2.135349e-02	-9.851662e+00
4.415000e-05	2.255800e-02	-9.788629e+00
4.416000e-05	2.047718e-02	-9.724920e+00
4.417000e-05	2.114952e-02	-9.681789e+00
4.418000e-05	2.232596e-02	-9.651133e+00
4.419000e-05	2.230700e-02	-9.589025e+00
4.420000e-05	2.310743e-02	-9.545889e+00
4.421000e-05	2.398603e-02	-9.419606e+00
4.422000e-05	2.510683e-02	-9.322897e+00
4.423000e-05	2.480449e-02	-9.219134e+00
4.424000e-05	2.424570e-02	-9.156922e+00
4.425000e-05	2.384376e-02	-9.081736e+00
4.426000e-05	2.506465e-02	-9.006498e+00
4.427000e-05	2.543708e-02	-8.901786e+00
4.428000e-05	2.603177e-02	-8.820057e+00
4.429000e-05	2.465334e-02	-8.734264e+00
4.430000e-05	2.510137e-02	-8.597527e+00
4.431000e-05	2.474672e-02	-8.511715e+00
4.432000e-05	2.522582e-02	-8.367399e+00
4.433000e-05	2.502808e-02	-8.262185e+00
4.434000e-05	2.491956e-02	-8.157416e+00
4.435000e-05	2.449452e-02	-8.042085e+00
4.436000e-05	2.443768e-02	-7.944293e+00
4.437000e-05	2.253295e-02	-7.767903e+00
4.438000e-05	2.318357e-02	-7.630030e+00
4.439000e-05	2.107347e-02	-7.512711e+00
4.440000e-05	2.207780e-02	-7.356923e+00
4.441000e-05	2.225302e-02	-7.210084e+00
4.442000e-05	2.134194e-02	-7.104263e+00
4.443000e-05	1.845673e-02	-6.943865e+00
4.444000e-05	1.879342e-02	-6.768444e+00
4.445000e-05	1.849145e-02	-6.631605e+00
4.446000e-05	1.833975e-02	-6.494192e+00
4.447000e-05	1.706071e-02	-6.389478e+00
4.448000e-05	1.503332e-02	-6.228409e+00
4.449000e-05	1.466474e-02	-6.052082e+00
4.450000e-05	1.256081e-02	-5.852713e+00
4.451000e-05	1.233391e-02	-5.776842e+00
4.452000e-05	1.094816e-02	-5.580075e+00
4.453000e-05	1.135810e-02	-5.421477e+00
4.454000e-05	9.988923e-03	-5.179072e+00
4.455000e-05	1.040864e-02	-5.042084e+00
4.456000e-05	7.570905e-03	-4.801003e+00
4.457000e-05	7.029126e-03	-4.610080e+00
4.458000e-05	4.951887e-03	-4.484165e+00
4.459000e-05	7.181106e-03	-4.355840e+00
4.460000e-05	3.923968e-03	-4.217926e+00
4.461000e-05	4.728546e-03	-4.041084e+00
4.462000e-05	1.733637e-03	-3.873533e+00
4.463000e-05	4.500017e-03	-3.640029e+00
4.464000e-05	1.050196e-03	-3.493586e+00
4.465000e-05	3.433898e-03	-3.324639e+00
4.466000e-05	2.110278e-03	-3.145296e+00
4.467000e-05	2.229505e-03	-2.886265e+00
4.468000e-05	-3.524692e-04	-2.756893e+00
4.469000e-05	-4.224876e-04	-2.589319e+00
4.470000e-05	-5.798981e-04	-2.409928e+00
4.471000e-05	1.135527e-03	-2.198948e+00
4.472000e-05	-2.474596e-04	-1.988476e+00
4.473000e-05	-5.924429e-04	-1.841478e+00
4.474000e-05	-6.876286e-04	-1.652606e+00
4.475000e-05	-1.471399e-03	-1.454530e+00
4.476000e-05	-1.774067e-03	-1.198972e+00
4.477000e-05	-3.237279e-03	-1.001528e+00
4.478000e-05	-1.639101e-03	-8.310790e-01
4.479000e-05	-2.823986e-03	-6.040504e-01
4.480000e-05	-1.650657e-03	-4.219764e-01
4.481000e-05	-3.422894e-03	-2.935815e-01
4.482000e-05	-5.553662e-04	-8.363677e-02
4.483000e-05	2.709156e-03	6.236078e-02
4.484000e-05	6.379523e-04	3.454396e-01
4.485000e-05	-1.532511e-03	4.427566e-01
4.486000e-05	2.648040e-04	6.111801e-01
4.487000e-05	-3.702449e-03	7.785000e-01
4.488000e-05	-3.297929e-03	9.946911e-01
4.489000e-05	8.891690e-05	1.229678e+00
4.490000e-05	5.817163e-03	1.388896e+00
4.491000e-05	4.445138e-02	1.639209e+00
4.492000e-05	5.318177e-02	1.842182e+00
4.493000e-05	-6.251750e-02	2.010180e+00
4.494000e-05	-3.233997e-02	2.189729e+00
4.495000e-05	-5.101532e-02	2.368524e+00
4.496000e-05	-7.140927e-02	2.493837e+00
4.497000e-05	1.056879e-01	2.722916e+00
4.498000e-05	5.462575e-02	2.840809e+00
4.499000e-05	-1.737897e-01	3.020075e+00
4.500000e-05	1.721128e-01	3.147444e+00
4.501000e-05	-6.849823e-02	3.367625e+00
4.502000e-05	-5.962749e-02	3.598075e+00
4.503000e-05	1.093040e-01	3.683334e+00
4.504000e-05	-9.004389e-02	3.883866e+00
4.505000e-05	-3.138279e-02	4.042179e+00
4.506000e-05	9.684609e-02	4.314413e+00
4.507000e-05	-5.101248e-02	4.461658e+00
4.508000e-05	6.823182e-03	4.570230e+00
4.509000e-05	-5.140120e-02	4.807700e+00
4.510000e-05	-2.093020e-02	5.029283e+00
4.511000e-05	5.849822e-02	5.240682e+00
4.512000e-05	-8.937377e-03	5.418105e+00
4.513000e-05	-3.693014e-03	5.557471e+00
4.514000e-05	-4.198824e-02	5.674817e+00
4.515000e-05	2.112179e-02	5.893465e+00
4.516000e-05	-1.180478e-02	6.032159e+00
4.517000e-05	-2.883960e-02	6.208603e+00
4.518000e-05	2.845559e-02	6.335516e+00
4.519000e-05	-3.766645e-02	6.492857e+00
4.520000e-05	1.382677e-02	6.681312e+00
4.521000e-05	-1.074516e-02	6.839108e+00
4.522000e-05	-2.428634e-02	6.968472e+00
4.523000e-05	-7.923940e-04	7.113316e+00
4.524000e-05	-1.197712e-02	7.219029e+00
4.525000e-05	1.145492e-02	7.323519e+00
4.526000e-05	-1.550303e-02	7.532471e+00
4.527000e-05	-1.671126e-02	7.690361e+00
4.528000e-05	-1.277421e-02	7.808705e+00
4.529000e-05	-5.956831e-03	7.963601e+00
4.530000e-05	-5.088502e-04	8.102339e+00
4.531000e-05	-1.690721e-02	8.219604e+00
4.532000e-05	-5.023424e-03	8.344945e+00
4.533000e-05	-1.495810e-03	8.440578e+00
4.534000e-05	-1.705858e-02	8.522816e+00
4.535000e-05	-1.731892e-02	8.608679e+00
4.536000e-05	-1.501061e-02	8.712892e+00
4.537000e-05	2.308231e-03	8.787549e+00
4.538000e-05	-9.402520e-03	8.851761e+00
4.539000e-05	-1.376966e-02	8.977228e+00
4.540000e-05	-1.389840e-02	9.123441e+00
4.541000e-05	-1.158998e-02	9.209101e+00
4.542000e-05	-8.534847e-03	9.261283e+00
4.543000e-05	-1.403727e-02	9.366523e+00
4.544000e-05	-9.485808e-03	9.478179e+00
4.545000e-05	-1.310256e-02	9.502889e+00
4.546000e-05	-1.106429e-02	9.546022e+00
4.547000e-05	-1.346297e-02	9.638632e+00
4.548000e-05	-1.585579e-02	9.662760e+00
4.549000e-05	-1.421497e-02	9.707001e+00
4.550000e-05	-8.418013e-03	9.860808e+00
4.551000e-05	-6.057014e-03	9.931915e+00
4.552000e-05	-1.649102e-02	9.976500e+00
4.553000e-05	-1.831738e-02	9.998130e+00
4.554000e-05	-1.545404e-02	1.002061e+01
4.555000e-05	-1.034441e-02	1.008229e+01
4.556000e-05	-1.458778e-02	1.011234e+01
4.557000e-05	-1.640384e-02	1.012399e+01
4.558000e-05	-1.422932e-02	1.015555e+01
4.559000e-05	-1.482216e-02	1.020708e+01
4.560000e-05	-1.421139e-02	1.022916e+01
4.561000e-05	-1.718866e-02	1.022763e+01
4.562000e-05	-1.743009e-02	1.028123e+01
4.563000e-05	-1.484338e-02	1.025124e+01
4.564000e-05	-1.350868e-02	1.027029e+01
4.565000e-05	-1.789841e-02	1.025231e+01
4.566000e-05	-2.199892e-02	1.026074e+01
4.567000e-05	-1.869752e-02	1.028276e+01
4.568000e-05	-1.729167e-02	1.028076e+01
4.569000e-05	-1.644168e-02	1.027123e+01
4.570000e-05	-2.075469e-02	1.022071e+01
4.571000e-05	-1.983477e-02	1.022861e+01
4.572000e-05	-2.097766e-02	1.019655e+01
4.573000e-05	-2.183812e-02	1.016597e+01
4.574000e-05	-2.367543e-02	1.015542e+01
4.575000e-05	-2.256769e-02	1.013337e+01
4.576000e-05	-2.193725e-02	1.009176e+01
4.577000e-05	-2.428740e-02	1.007066e+01
4.578000e-05	-2.348681e-02	1.000958e+01
4.579000e-05	-2.737042e-02	9.976501e+00
4.580000e-05	-2.714613e-02	9.884419e+00
4.581000e-05	-2.578029e-02	9.851211e+00
4.582000e-05	-2.599279e-02	9.765022e+00
4.583000e-05	-2.813908e-02	9.753365e+00
4.584000e-05	-2.930734e-02	9.639728e+00
4.585000e-05	-2.868149e-02	9.586399e+00
4.586000e-05	-2.946199e-02	9.553215e+00
4.587000e-05	-2.954515e-02	9.448678e+00
4.588000e-05	-2.994715e-02	9.367849e+00
4.589000e-05	-2.964865e-02	9.273260e+00
4.590000e-05	-3.031399e-02	9.200105e+00
4.591000e-05	-3.276837e-02	9.155945e+00
4.592000e-05	-3.085009e-02	9.007554e+00
4.593000e-05	-3.282005e-02	8.872715e+00
4.594000e-05	-2.999530e-02	8.779528e+00
4.595000e-05	-3.280645e-02	8.684842e+00
4.596000e-05	-3.002105e-02	8.638704e+00
4.597000e-05	-3.421390e-02	8.502894e+00
4.598000e-05	-3.115253e-02	8.401155e+00
4.599000e-05	-3.237308e-02	8.365270e+00
4.600000e-05	-2.936306e-02	8.209023e+00
4.601000e-05	-3.174545e-02	8.111238e+00
4.602000e-05	-2.926086e-02	7.956371e+00
4.603000e-05	-3.054440e-02	7.871634e+00
4.604000e-05	-2.959271e-02	7.714162e+00
4.605000e-05	-3.024400e-02	7.558426e+00
4.606000e-05	-2.929993e-02	7.396002e+00
4.607000e-05	-2.819762e-02	7.261555e+00
4.608000e-05	-2.667724e-02	7.144817e+00
4.609000e-05	-2.690445e-02	6.966449e+00
4.610000e-05	-2.657750e-02	6.852136e+00
4.611000e-05	-2.639205e-02	6.716843e+00
4.612000e-05	-2.444847e-02	6.558292e+00
4.613000e-05	-2.336194e-02	6.369474e+00
4.614000e-05	-2.181325e-02	6.261656e+00
4.615000e-05	-2.151322e-02	6.084813e+00
4.616000e-05	-2.165700e-02	5.988524e+00
4.617000e-05	-2.109451e-02	5.828050e+00
4.618000e-05	-1.977267e-02	5.640603e+00
4.619000e-05	-1.880641e-02	5.482133e+00
4.620000e-05	-1.754778e-02	5.335717e+00
4.621000e-05	-1.688541e-02	5.104215e+00
4.622000e-05	-1.561154e-02	4.892133e+00
4.623000e-05	-1.464185e-02	4.714265e+00
4.624000e-05	-1.389526e-02	4.547896e+00
4.625000e-05	-1.416836e-02	4.399500e+00
4.626000e-05	-1.239558e-02	4.208954e+00
4.627000e-05	-1.263419e-02	4.000055e+00
4.628000e-05	-1.108470e-02	3.884585e+00
4.629000e-05	-1.169372e-02	3.693688e+00
4.630000e-05	-1.055137e-02	3.548369e+00
4.631000e-05	-1.101166e-02	3.316215e+00
4.632000e-05	-9.494441e-03	3.176396e+00
4.633000e-05	-8.546531e-03	2.977894e+00
4.634000e-05	-8.192502e-03	2.820051e+00
4.635000e-05	-9.686676e-03	2.579580e+00
4.636000e-05	-8.865284e-03	2.380522e+00
4.637000e-05	-8.047819e-03	2.200476e+00
4.638000e-05	-6.552343e-03	2.063582e+00
4.639000e-05	-7.319936e-03	1.905607e+00
4.640000e-05	-6.357786e-03	1.633637e+00
4.641000e-05	-7.052027e-03	1.484130e+00
4.642000e-05	-6.459477e-03	1.303163e+00
4.643000e-05	-5.610398e-03	1.064609e+00
4.644000e-05	-5.773195e-03	8.415314e-01
4.645000e-05	-5.564159e-03	6.636105e-01
4.646000e-05	-6.085850e-03	4.636095e-01
4.647000e-05	-3.886674e-03	2.672458e-01
4.648000e-05	-4.519926e-03	6.458566e-02
4.649000e-05	1.001326e-03	-8.431179e-02
4.650000e-05	6.715364e-04	-2.926068e-01
4.651000e-05	-3.125550e-03	-4.000264e-01
4.652000e-05	7.503968e-04	-6.080775e-01
4.653000e-05	-3.709245e-03	-7.875000e-01
4.654000e-05	-5.494640e-04	-9.453708e-01
4.655000e-05	-3.303028e-04	-1.114761e+00
4.656000e-05	1.261502e-02	-1.305767e+00
4.657000e-05	8.426930e-02	-1.523820e+00
4.658000e-05	-2.996398e-03	-1.736366e+00
4.659000e-05	-5.667005e-02	-1.977971e+00
4.660000e-05	-2.670132e-02	-2.258710e+00
4.661000e-05	-1.027865e-01	-2.420079e+00
4.662000e-05	7.868333e-02	-2.452136e+00
4.663000e-05	1.246001e-01	-2.598550e+00
4.664000e-05	-1.942161e-01	-2.819128e+00
4.665000e-05	1.473244e-01	-2.977608e+00
4.666000e-05	-1.031556e-02	-3.207547e+00
4.667000e-05	-1.526409e-01	-3.378070e+00
4.668000e-05	1.812236e-01	-3.515366e+00
4.669000e-05	-5.720029e-02	-3.660788e+00
4.670000e-05	-1.063108e-01	-3.936422e+00
4.671000e-05	1.997747e-01	-4.021681e+00
4.672000e-05	-1.061478e-01	-4.272281e+00
4.673000e-05	5.996346e-02	-4.421106e+00
4.674000e-05	-4.464202e-02	-4.497122e+00
4.675000e-05	-1.095477e-01	-4.796025e+00
4.676000e-05	1.924145e-01	-4.946469e+00
4.677000e-05	-6.578008e-02	-5.103364e+00
4.678000e-05	5.618549e-03	-5.285788e+00
4.679000e-05	9.479148e-03	-5.492317e+00
4.680000e-05	-5.155129e-02	-5.672287e+00
4.681000e-05	1.032070e-01	-5.858526e+00
4.682000e-05	-1.042299e-01	-5.946522e+00
4.683000e-05	8.204613e-02	-6.125391e+00
4.684000e-05	-1.048341e-02	-6.312387e+00
4.685000e-05	-4.566755e-02	-6.452712e+00
4.686000e-05	9.954216e-02	-6.579600e+00
4.687000e-05	-8.663484e-02	-6.766395e+00
4.688000e-05	6.338980e-02	-6.901212e+00
4.689000e-05	-4.662788e-02	-7.049258e+00
4.690000e-05	2.937065e-02	-7.218553e+00
4.691000e-05	5.684848e-02	-7.305919e+00
4.692000e-05	-6.705812e-02	-7.501662e+00
4.693000e-05	4.550369e-02	-7.597020e+00
4.694000e-05	-4.036758e-02	-7.786021e+00
4.695000e-05	5.410557e-02	-7.944465e+00
4.696000e-05	-1.335909e-02	-8.040208e+00
4.697000e-05	3.773169e-03	-8.145546e+00
4.698000e-05	3.737164e-02	-8.261208e+00
4.699000e-05	-3.425701e-02	-8.397473e+00
4.700000e-05	2.594538e-02	-8.431235e+00
4.701000e-05	-1.972240e-02	-8.637077e+00
4.702000e-05	4.538557e-02	-8.724445e+00
4.703000e-05	-9.999240e-03	-8.819107e+00
4.704000e-05	-5.370215e-05	-8.903340e+00
4.705000e-05	1.570326e-02	-8.997576e+00
4.706000e-05	2.306070e-03	-9.083288e+00
4.707000e-05	1.676080e-02	-9.155495e+00
4.708000e-05	-1.210953e-02	-9.239204e+00
4.709000e-05	2.311402e-02	-9.302740e+00
4.710000e-05	2.610950e-03	-9.428104e+00
4.711000e-05	1.085839e-02	-9.533416e+00
4.712000e-05	3.718938e-03	-9.598552e+00
4.713000e-05	3.685218e-03	-9.661162e+00
4.714000e-05	4.549099e-03	-9.702864e+00
4.715000e-05	1.190046e-02	-9.776547e+00
4.716000e-05	2.059966e-02	-9.849107e+00
4.717000e-05	4.890825e-03	-9.911761e+00
4.718000e-05	5.155022e-04	-9.914388e+00
4.719000e-05	4.350679e-03	-9.975471e+00
4.720000e-05	1.854753e-02	-9.987554e+00
4.721000e-05	1.041067e-02	-1.007013e+01
4.722000e-05	4.704673e-03	-1.005079e+01
4.723000e-05	5.970715e-03	-1.007294e+01
4.724000e-05	1.100087e-02	-1.012335e+01
4.725000e-05	1.354493e-02	-1.018447e+01
4.726000e-05	8.424888e-03	-1.022556e+01
4.727000e-05	8.429597e-03	-1.019721e+01
4.728000e-05	1.129563e-02	-1.029718e+01
4.729000e-05	1.630630e-02	-1.032176e+01
4.730000e-05	9.816781e-03	-1.025037e+01
4.731000e-05	6.933623e-03	-1.027209e+01
4.732000e-05	8.457976e-03	-1.026876e+01
4.733000e-05	1.583700e-02	-1.028319e+01
4.734000e-05	1.566920e-02	-1.028314e+01
4.735000e-05	1.416287e-02	-1.021914e+01
4.736000e-05	1.292693e-02	-1.024615e+01
4.737000e-05	1.299795e-02	-1.020858e+01
4.738000e-05	1.456839e-02	-1.017547e+01
4.739000e-05	1.627535e-02	-1.014388e+01
4.740000e-05	1.556383e-02	-1.006179e+01
4.741000e-05	1.582406e-02	-1.006121e+01
4.742000e-05	1.840824e-02	-1.006008e+01
4.743000e-05	1.929205e-02	-1.002808e+01
4.744000e-05	1.699644e-02	-9.965422e+00
4.745000e-05	1.627967e-02	-9.933292e+00
4.746000e-05	2.109823e-02	-9.871684e+00
4.747000e-05	2.283125e-02	-9.819155e+00
4.748000e-05	2.128143e-02	-9.776946e+00
4.749000e-05	1.983732e-02	-9.694319e+00
4.750000e-05	2.273458e-02	-9.671161e+00
4.751000e-05	2.367808e-02	-9.630031e+00
4.752000e-05	2.268328e-02	-9.578394e+00
4.753000e-05	2.239359e-02	-9.421688e+00
4.754000e-05	2.404191e-02	-9.376973e+00
4.755000e-05	2.499488e-02	-9.291635e+00
4.756000e-05	2.468879e-02	-9.187479e+00
4.757000e-05	2.348914e-02	-9.103239e+00
4.758000e-05	2.342071e-02	-9.009007e+00
4.759000e-05	2.493556e-02	-8.914265e+00
4.760000e-05	2.733032e-02	-8.861157e+00
4.761000e-05	2.532033e-02	-8.798370e+00
4.762000e-05	2.402046e-02	-8.702707e+00
4.763000e-05	2.433022e-02	-8.524319e+00
4.764000e-05	2.642419e-02	-8.398581e+00
4.765000e-05	2.599496e-02	-8.323764e+00
4.766000e-05	2.397611e-02	-8.238553e+00
4.767000e-05	2.443556e-02	-8.093216e+00
4.768000e-05	2.503075e-02	-7.990579e+00
4.769000e-05	2.530636e-02	-7.890637e+00
4.770000e-05	2.213586e-02	-7.682832e+00
4.771000e-05	2.175857e-02	-7.525866e+00
4.772000e-05	2.176175e-02	-7.379978e+00
4.773000e-05	2.226694e-02	-7.262710e+00
4.774000e-05	2.262234e-02	-7.147823e+00
4.775000e-05	1.898313e-02	-6.988477e+00
4.776000e-05	1.872554e-02	-6.841055e+00
4.777000e-05	1.918114e-02	-6.714190e+00
4.778000e-05	1.889502e-02	-6.588897e+00
4.779000e-05	1.665491e-02	-6.389055e+00
4.780000e-05	1.565372e-02	-6.273165e+00
4.781000e-05	1.492073e-02	-6.112737e+00
4.782000e-05	1.386910e-02	-5.946343e+00
4.783000e-05	1.401630e-02	-5.819002e+00
4.784000e-05	1.119390e-02	-5.652158e+00
4.785000e-05	1.188792e-02	-5.505291e+00
4.786000e-05	1.008931e-02	-5.282586e+00
4.787000e-05	8.948947e-03	-5.104212e+00
4.788000e-05	8.375743e-03	-4.966245e+00
4.789000e-05	6.809740e-03	-4.662237e+00
4.790000e-05	6.336490e-03	-4.566348e+00
4.791000e-05	6.583999e-03	-4.409026e+00
4.792000e-05	6.445875e-03	-4.241536e+00
4.793000e-05	4.555641e-03	-4.073736e+00
4.794000e-05	4.488015e-03	-3.968222e+00
4.795000e-05	2.739934e-03	-3.684643e+00
4.796000e-05	3.633105e-03	-3.536295e+00
4.797000e-05	3.344448e-03	-3.359849e+00
4.798000e-05	2.155106e-03	-3.221001e+00
4.799000e-05	1.317348e-03	-3.019428e+00
4.800000e-05	2.538320e-04	-2.839504e+00
4.801000e-05	1.427183e-03	-2.652528e+00
4.802000e-05	-1.245272e-03	-2.443132e+00
4.803000e-05	1.403758e-03	-2.305216e+00
4.804000e-05	-5.924700e-04	-2.102635e+00
4.805000e-05	4.520576e-04	-1.875164e+00
4.806000e-05	-1.871061e-03	-1.706716e+00
4.807000e-05	-6.454355e-04	-1.526722e+00
4.808000e-05	-2.865292e-03	-1.303660e+00
4.809000e-05	-8.430923e-04	-1.054085e+00
4.810000e-05	-3.194546e-03	-8.956121e-01
4.811000e-05	-1.422990e-03	-7.457944e-01
4.812000e-05	-4.167642e-03	-5.056370e-01
4.813000e-05	-1.641558e-03	-3.362920e-01
4.814000e-05	-3.010390e-03	-1.377171e-01
4.815000e-05	2.472700e-03	1.007650e-02
4.816000e-05	2.937125e-03	2.431828e-01
4.817000e-05	-3.001755e-03	4.006003e-01
4.818000e-05	1.228931e-03	5.584461e-01
4.819000e-05	-4.206153e-03	7.554172e-01
4.820000e-05	-2.341362e-03	8.543092e-01
4.821000e-05	-3.637442e-03	1.115442e+00
4.822000e-05	4.384949e-03	1.295287e+00
4.823000e-05	1.993384e-02	1.454333e+00
4.824000e-05	7.325263e-02	1.769444e+00
4.825000e-05	-2.741377e-02	1.976996e+00
4.826000e-05	-4.748009e-02	2.156393e+00
4.827000e-05	-3.978812e-02	2.364842e+00
4.828000e-05	-6.921140e-02	2.412705e+00
4.829000e-05	4.845297e-04	2.610683e+00
4.830000e-05	1.663322e-01	2.789121e+00
4.831000e-05	-1.630509e-01	2.986971e+00
4.832000e-05	5.844901e-02	3.103788e+00
4.833000e-05	6.581435e-02	3.292735e+00
4.834000e-05	-1.240479e-01	3.546467e+00
4.835000e-05	7.292208e-02	3.630678e+00
4.836000e-05	1.426008e-02	3.861605e+00
4.837000e-05	-1.240612e-01	3.998030e+00
4.838000e-05	1.085695e-01	4.187080e+00
4.839000e-05	-1.178374e-02	4.409605e+00
4.840000e-05	-2.171414e-02	4.576470e+00
4.841000e-05	-1.623011e-02	4.753873e+00
4.842000e-05	-6.369742e-02	4.872939e+00
4.843000e-05	5.804698e-02	5.166519e+00
4.844000e-05	8.596977e-03	5.384869e+00
4.845000e-05	-2.778264e-03	5.495864e+00
4.846000e-05	-3.885672e-02	5.638709e+00
4.847000e-05	-1.662822e-03	5.827827e+00
4.848000e-05	1.402100e-02	6.018574e+00
4.849000e-05	-3.792540e-02	6.155991e+00
4.850000e-05	1.557518e-02	6.273312e+00
4.851000e-05	-7.279485e-03	6.429630e+00
4.852000e-05	-1.968322e-02	6.596553e+00
4.853000e-05	1.655968e-02	6.747049e+00
4.854000e-05	-3.492457e-02	6.913464e+00
4.855000e-05	-4.853779e-03	7.040132e+00
4.856000e-05	-7.185597e-03	7.146996e+00
4.857000e-05	1.813350e-03	7.242288e+00
4.858000e-05	6.160069e-03	7.460258e+00
4.859000e-05	-3.003269e-02	7.648682e+00
4.860000e-05	-5.133458e-03	7.745420e+00
4.861000e-05	-1.656850e-02	7.881916e+00
4.862000e-05	8.358213e-03	8.071260e+00
4.863000e-05	-1.559522e-02	8.186101e+00
4.864000e-05	-1.278872e-02	8.272262e+00
4.865000e-05	1.416568e-03	8.379578e+00
4.866000e-05	-1.331020e-02	8.472236e+00
4.867000e-05	-1.413900e-02	8.536045e+00
4.868000e-05	-2.122289e-02	8.671761e+00
4.869000e-05	1.658242e-03	8.766025e+00
4.870000e-05	-6.194839e-03	8.810158e+00
4.871000e-05	-1.235411e-02	8.925994e+00
4.872000e-05	-1.608811e-02	9.042342e+00
4.873000e-05	-1.297219e-02	9.178050e+00
4.874000e-05	-8.797812e-03	9.251187e+00
4.875000e-05	-1.256843e-02	9.314289e+00
4.876000e-05	-8.789392e-03	9.396527e+00
4.877000e-05	-1.221607e-02	9.451286e+00
4.878000e-05	-1.190756e-02	9.544899e+00
4.879000e-05	-1.505381e-02	9.607675e+00
4.880000e-05	-1.417495e-02	9.651336e+00
4.881000e-05	-1.579279e-02	9.724421e+00
4.882000e-05	-9.282510e-03	9.769033e+00
4.883000e-05	-5.391134e-03	9.909890e+00
4.884000e-05	-1.334589e-02	9.947000e+00
4.885000e-05	-1.976616e-02	9.997553e+00
4.886000e-05	-1.825253e-02	1.003910e+01
4.887000e-05	-9.432732e-03	1.007221e+01
4.888000e-05	-1.168796e-02	1.010227e+01
4.889000e-05	-1.504519e-02	1.012395e+01
4.890000e-05	-1.764407e-02	1.019505e+01
4.891000e-05	-1.416768e-02	1.020750e+01
4.892000e-05	-1.508329e-02	1.018958e+01
4.893000e-05	-1.636723e-02	1.024016e+01
4.894000e-05	-1.682422e-02	1.024923e+01
4.895000e-05	-1.606689e-02	1.029226e+01
4.896000e-05	-1.134472e-02	1.027271e+01
4.897000e-05	-1.716268e-02	1.030128e+01
4.898000e-05	-2.079255e-02	1.029077e+01
4.899000e-05	-2.220521e-02	1.027228e+01
4.900000e-05	-1.672050e-02	1.028173e+01
4.901000e-05	-1.486719e-02	1.025174e+01
4.902000e-05	-1.848665e-02	1.022071e+01
4.903000e-05	-2.094994e-02	1.026065e+01
4.904000e-05	-2.238283e-02	1.019953e+01
4.905000e-05	-2.033619e-02	1.016813e+01
4.906000e-05	-2.218972e-02	1.020697e+01
4.907000e-05	-2.117217e-02	1.014534e+01
4.908000e-05	-2.333276e-02	1.010376e+01
4.909000e-05	-2.247398e-02	1.006118e+01
4.910000e-05	-2.400356e-02	1.003116e+01
4.911000e-05	-2.586660e-02	9.968603e+00
4.912000e-05	-2.790761e-02	9.946368e+00
4.913000e-05	-2.628251e-02	9.862263e+00
4.914000e-05	-2.443919e-02	9.786577e+00
4.915000e-05	-2.713814e-02	9.694817e+00
4.916000e-05	-2.904057e-02	9.680136e+00
4.917000e-05	-3.087979e-02	9.606452e+00
4.918000e-05	-2.908709e-02	9.524843e+00
4.919000e-05	-2.949288e-02	9.451134e+00
4.920000e-05	-2.989423e-02	9.368049e+00
4.921000e-05	-2.948878e-02	9.283862e+00
4.922000e-05	-3.118464e-02	9.270083e+00
4.923000e-05	-3.014238e-02	9.176949e+00
4.924000e-05	-3.361924e-02	9.033784e+00
4.925000e-05	-3.133981e-02	8.965020e+00
4.926000e-05	-3.189221e-02	8.840606e+00
4.927000e-05	-3.072841e-02	8.706319e+00
4.928000e-05	-3.158180e-02	8.671185e+00
4.929000e-05	-3.209464e-02	8.566370e+00
4.930000e-05	-3.176299e-02	8.462611e+00
4.931000e-05	-3.235260e-02	8.388475e+00
4.932000e-05	-3.048960e-02	8.291263e+00
4.933000e-05	-3.142305e-02	8.132318e+00
4.934000e-05	-3.030797e-02	8.040645e+00
4.935000e-05	-3.020838e-02	7.873736e+00
4.936000e-05	-2.985169e-02	7.736866e+00
4.937000e-05	-3.049407e-02	7.650108e+00
4.938000e-05	-2.832674e-02	7.524162e+00
4.939000e-05	-2.851391e-02	7.315740e+00
4.940000e-05	-2.821397e-02	7.166948e+00
4.941000e-05	-2.742718e-02	7.030605e+00
4.942000e-05	-2.758717e-02	6.884710e+00
4.943000e-05	-2.674144e-02	6.770024e+00
4.944000e-05	-2.550160e-02	6.620522e+00
4.945000e-05	-2.263859e-02	6.462633e+00
4.946000e-05	-2.305599e-02	6.313265e+00
4.947000e-05	-2.162588e-02	6.196946e+00
4.948000e-05	-2.206128e-02	6.049607e+00
4.949000e-05	-2.085106e-02	5.915762e+00
4.950000e-05	-2.008420e-02	5.663686e+00
4.951000e-05	-1.909334e-02	5.515313e+00
4.952000e-05	-1.837456e-02	5.387420e+00
4.953000e-05	-1.643370e-02	5.209453e+00
4.954000e-05	-1.633744e-02	4.998429e+00
4.955000e-05	-1.593858e-02	4.807946e+00
4.956000e-05	-1.507124e-02	4.620529e+00
4.957000e-05	-1.322749e-02	4.463107e+00
4.958000e-05	-1.260198e-02	4.314238e+00
4.959000e-05	-1.212142e-02	4.083312e+00
4.960000e-05	-1.269521e-02	3.916742e+00
4.961000e-05	-1.260552e-02	3.776844e+00
4.962000e-05	-1.097090e-02	3.620050e+00
4.963000e-05	-9.876952e-03	3.423005e+00
4.964000e-05	-9.825541e-03	3.201050e+00
4.965000e-05	-9.567031e-03	3.032030e+00
4.966000e-05	-8.962076e-03	2.882184e+00
4.967000e-05	-8.967472e-03	2.687265e+00
4.968000e-05	-8.452659e-03	2.463686e+00
4.969000e-05	-8.614890e-03	2.283688e+00
4.970000e-05	-6.964258e-03	2.105736e+00
4.971000e-05	-6.397795e-03	1.948847e+00
4.972000e-05	-6.910177e-03	1.718498e+00
4.973000e-05	-7.859608e-03	1.558416e+00
4.974000e-05	-7.000090e-03	1.368420e+00
4.975000e-05	-6.647566e-03	1.177821e+00
4.976000e-05	-6.014621e-03	9.458121e-01
4.977000e-05	-5.980618e-03	7.358682e-01
4.978000e-05	-5.068689e-03	4.973659e-01
4.979000e-05	-5.152633e-03	3.699497e-01
4.980000e-05	-5.351486e-03	1.808962e-01
4.981000e-05	-1.753519e-03	-9.555073e-03
4.982000e-05	3.748789e-03	-1.784975e-01
4.983000e-05	-2.995055e-03	-3.594434e-01
4.984000e-05	1.700388e-03	-4.938406e-01
4.985000e-05	-3.645614e-03	-6.954458e-01
4.986000e-05	-4.799852e-04	-9.037369e-01
4.987000e-05	-3.696684e-03	-1.041703e+00
4.988000e-05	6.714713e-03	-1.189553e+00
4.989000e-05	4.447521e-02	-1.380205e+00
4.990000e-05	7.124788e-02	-1.632153e+00
4.991000e-05	-8.014784e-02	-1.891737e+00
4.992000e-05	-6.539752e-03	-2.085412e+00
4.993000e-05	-8.615686e-02	-2.358000e+00
4.994000e-05	-3.297397e-02	-2.482683e+00
4.995000e-05	1.872153e-01	-2.503819e+00
4.996000e-05	-1.137663e-01	-2.745843e+00
4.997000e-05	-1.128163e-02	-2.965470e+00
4.998000e-05	1.704870e-01	-3.130292e+00
4.999000e-05	-1.966262e-01	-3.304771e+00
